time,latitude,longitude,depth,mag,magType,nst,gap,dmin,rms,net,id,updated,place,type,horizontalError,depthError,magError,magNst,status,locationSource,magSource
2014-03-30T22:19:46.760Z,44.6586,-114.3387,5,2.5,ml,,35,1.075,0.82,us,usc000nx6m,2014-05-29T23:32:09.000Z,"19 km NNW of Challis, Idaho",earthquake,,2,0.056,58,reviewed,us,us
2014-03-30T21:50:27.840Z,23.1071,-80.7043,15.74,4.2,mb,,131,2.752,0.6,us,usb000pmht,2014-05-29T23:32:09.000Z,"18 km NW of Corralillo, Cuba",earthquake,,5.1,0.159,11,reviewed,us,us
2014-03-30T21:48:54.360Z,-15.2756,-74.5192,66.22,3.8,mb,,179,3.972,0.82,us,usb000pppj,2014-05-29T23:32:09.000Z,"19 km NNE of Acarí, Peru",earthquake,,33.7,0.509,1,reviewed,us,us
2014-03-30T21:35:02.290Z,40.188,-125.0973333,-0.109,2.58,md,23,290,0.636,0.29,nc,nc72191265,2017-02-03T12:32:08.132Z,"82 km WSW of Ferndale, California",earthquake,2.02,0.91,0.201,27,reviewed,nc,nc
2014-03-30T20:35:38.870Z,36.105,-118.0543333,-1.603,2.81,ml,35,69,0.162,0.15,ci,ci15483665,2022-07-26T11:28:05.658Z,"12km NW of Coso Junction, CA",earthquake,0.21,0.52,0.189,141,reviewed,ci,ci
2014-03-30T20:09:42.930Z,-26.2275,-177.7187,164.75,4.7,mb,,76,3.011,1.07,us,usc000nx3r,2025-12-22T16:53:55.571Z,"south of the Fiji Islands",earthquake,,3.1,0.114,25,reviewed,us,us
2014-03-30T19:35:54.000Z,18.1879,-67.8943,116,3,Md,12,201.6,0.44017449,0.2,pr,pr14089004,2014-05-29T23:32:09.000Z,"69 km SE of Punta Cana, Dominican Republic",earthquake,1.8,1,0,11,reviewed,pr,pr
2014-03-30T19:18:25.920Z,36.0148333,-117.5391667,1.39,2.87,ml,37,45,0.05922,0.15,ci,ci15483649,2022-07-26T11:27:09.332Z,"30km NNW of Searles Valley, CA",earthquake,0.21,0.5,0.146,155,reviewed,ci,ci
2014-03-30T19:14:10.610Z,-12.5391,166.9384,226.49,4.1,mb,,167,7.523,0.59,us,usb000pmhq,2014-05-29T23:32:09.000Z,"162 km NNW of Sola, Vanuatu",earthquake,,7.9,0.151,15,reviewed,us,us
2014-03-30T19:10:42.000Z,-24.147,-68.801,101.7,4,mb,,,,1.62,us,usc000nx26,2014-05-29T23:32:09.000Z,"149 km SSW of San Pedro de Atacama, Chile",earthquake,,6.2,0.232,7,reviewed,guc,us
2014-03-30T19:04:13.790Z,49.4771667,-116.5293333,-0.75,2.61,md,8,292,1.276,0.95,uw,uw60048808,2016-07-22T19:26:48.070Z,"42 km N of Creston, Canada",explosion,70.14,31.61,0.078,3,reviewed,uw,uw
2014-03-30T18:23:33.040Z,-3.6012,102.4349,105.3,4.1,mb,,170,0.915,0.86,us,usb000pmhm,2014-05-29T23:32:09.000Z,"17 km SSW of Curup, Indonesia",earthquake,,3.6,0.145,15,reviewed,us,us
2014-03-30T17:58:10.320Z,31.4096,86.4486,25.85,4.2,mb,,43,4.378,0.97,us,usc000nx1a,2014-05-29T23:32:09.000Z,"259 km NNE of Saga, China",earthquake,,2.9,0.136,16,reviewed,us,us
2014-03-30T17:39:24.440Z,44.764,-110.719,4.46,2.86,ml,20,80,0.03905,0.16,uu,uu60062202,2018-09-12T18:41:49.880Z,"23 km S of Mammoth, Wyoming",earthquake,0.39,0.55,0.429,5,reviewed,uu,uu
2014-03-30T17:37:31.530Z,44.777,-110.7135,5.08,2.69,ml,25,128,0.05098,0.19,uu,uu60062197,2018-09-12T18:41:46.700Z,"22 km S of Mammoth, Wyoming",earthquake,0.5,0.96,0.496,6,reviewed,uu,uu
2014-03-30T17:10:14.880Z,31.3961,86.4624,13.47,5.3,mb,,35,4.363,1.11,us,usc000nx0f,2022-05-03T16:46:32.039Z,"258 km NNE of Saga, China",earthquake,,3.6,0.052,129,reviewed,us,us
2014-03-30T16:55:53.560Z,-26.2958,179.6456,513.69,4.8,mb,,110,8.636,1.1,us,usb000pmhl,2014-05-29T23:32:09.000Z,"south of the Fiji Islands",earthquake,,9.9,0.105,29,reviewed,us,us
2014-03-30T16:50:58.730Z,36.2115,141.9803,31.05,4.4,mb,,157,3.061,0.25,us,usb000pmhk,2014-05-29T23:32:09.000Z,"116 km ENE of Hasaki, Japan",earthquake,,5.3,0.239,7,reviewed,us,us
2014-03-30T16:20:45.940Z,18.732,-81.5345,20.27,4.4,mb,,54,0.666,0.57,us,usb000pmhx,2014-05-29T23:32:09.000Z,"63 km SSW of George Town, Cayman Islands",earthquake,,5.4,0.241,5,reviewed,us,us
2014-03-30T16:05:00.750Z,33.9063333,-117.9521667,2.233,2.66,ml,75,36,0.04245,0.34,ci,ci15483577,2022-07-26T11:26:13.195Z,"3km S of La Habra, CA",earthquake,0.27,0.48,0.206,202,reviewed,ci,ci
2014-03-30T15:16:28.480Z,39.8919,-29.5552,18.1,4.6,mb,,110,1.221,0.93,us,usc000nwxv,2014-05-29T23:32:09.000Z,"143 km ENE of Santa Cruz das Flores, Portugal",earthquake,,4.1,0.122,22,reviewed,us,us
2014-03-30T15:15:43.590Z,55.051,-160.281,6.4,2.8,ml,,,,0.5,us,usc000p3qp,2019-05-14T02:46:58.134Z,"34 km SSE of Sand Point, Alaska",earthquake,,6.2,,21,reviewed,ak,ak
2014-03-30T15:12:24.330Z,44.7805,-110.7218333,3.48,3.66,ml,20,152,0.05552,0.18,uu,uu60003995,2018-09-12T18:40:58.570Z,"21 km S of Mammoth, Wyoming",earthquake,0.59,0.94,0.32,6,reviewed,uu,uu
2014-03-30T15:07:49.050Z,44.7883333,-110.7051667,5.12,3.36,ml,34,94,,0.19,uu,uu60062032,2018-09-12T18:40:50.710Z,"20 km S of Mammoth, Wyoming",earthquake,0.34,0.84,0.277,7,reviewed,uu,uu
2014-03-30T14:58:23.930Z,1.3227,126.6153,58.44,4.2,mb,,141,0.929,0.65,us,usc000nwxn,2014-05-29T23:32:09.000Z,"103 km NW of Ternate, Indonesia",earthquake,,10.5,0.136,16,reviewed,us,us
2014-03-30T14:51:42.670Z,14.4822,-91.9701,93.76,4.4,mb,,186,0.268,0.97,us,usc000nzcw,2014-05-29T23:32:09.000Z,"20 km SW of Flores Costa Cuca, Guatemala",earthquake,,7.4,0.143,15,reviewed,us,us
2014-03-30T14:47:03.240Z,1.9232,126.4449,43.07,4.3,mb,,133,1.468,0.6,us,usc000nwxh,2014-05-29T23:32:09.000Z,"163 km NW of Ternate, Indonesia",earthquake,,9.6,0.142,16,reviewed,us,us
2014-03-30T14:21:03.830Z,44.7766667,-110.6836667,4.18,2.61,ml,11,193,0.05215,0.15,uu,uu60003920,2018-09-12T18:40:40.930Z,"22 km S of Mammoth, Wyoming",earthquake,0.76,1.1,0.48,6,reviewed,uu,uu
2014-03-30T14:09:59.400Z,36.1255,-97.6398,3.903,4.1,mwr,,69,,1.01,us,usc000nww4,2022-08-06T22:56:31.422Z,"3 km SSW of Marshall, Oklahoma",earthquake,,5.2,0.041,56,reviewed,tul,us
2014-03-30T13:56:41.020Z,44.761,-110.7151667,3.88,2.93,ml,25,86,0.03545,0.13,uu,uu60061952,2018-09-12T18:40:21.160Z,"23 km S of Mammoth, Wyoming",earthquake,0.33,0.41,0.386,6,reviewed,uu,uu
2014-03-30T13:35:01.260Z,-6.2481,146.9637,10,4.6,mb,,98,3.142,0.63,us,usb000pmhe,2014-05-29T23:32:09.000Z,"52 km N of Lae, Papua New Guinea",earthquake,,1.9,0.119,22,reviewed,us,us
2014-03-30T13:30:52.090Z,44.7696667,-110.688,4.39,3.55,ml,30,76,0.04459,0.18,uu,uu60061907,2018-09-12T18:39:56.980Z,"Wyoming",earthquake,0.31,0.51,0.363,6,reviewed,uu,uu
2014-03-30T13:28:15.850Z,44.7958333,-110.665,3.75,2.64,ml,11,208,0.07461,0.22,uu,uu60061902,2021-03-10T00:12:04.259Z,"20 km S of Mammoth, Wyoming",earthquake,1.82,1.16,0.341,5,reviewed,uu,uu
2014-03-30T13:23:56.190Z,44.7621667,-110.688,3.97,2.65,ml,21,91,0.03738,0.21,uu,uu60061892,2018-09-12T18:39:47.310Z,"23 km S of Mammoth, Wyoming",earthquake,0.48,0.65,0.415,6,reviewed,uu,uu
2014-03-30T13:07:54.500Z,44.5795,-114.3016,8,2.8,mc,26,86.399993088001,0.695296,0.21,mb,mb14459897,2014-04-07T23:43:37.443Z,"10 km NNW of Challis, Idaho",earthquake,1,1.5,0.5,3,automatic,mb,mb
2014-03-30T12:49:42.000Z,36.13,-97.6359,5,3.4,ml,,155,,0.65,us,usc000nwu7,2014-05-29T23:32:09.000Z,"2 km SSW of Marshall, Oklahoma",earthquake,,7.6,,,reviewed,tul,tul
2014-03-30T12:46:08.820Z,-2.2223,139.2655,52.42,4.6,mb,,56,7.043,1.11,us,usc000nwua,2014-05-29T23:32:09.000Z,"157 km WNW of Abepura, Indonesia",earthquake,,5.9,0.087,43,reviewed,us,us
2014-03-30T12:34:39.160Z,44.7721667,-110.6846667,5.62,4.83,mw,35,63,0.04763,0.25,uu,uu60061837,2022-08-06T22:55:40.562Z,"22 km S of Mammoth, Wyoming",earthquake,0.41,0.79,,0,reviewed,uu,uu
2014-03-30T12:18:58.490Z,44.767,-110.6825,3.59,2.5,ml,22,148,0.04322,0.17,uu,uu60061822,2018-09-12T18:39:17.430Z,"23 km S of Mammoth, Wyoming",earthquake,0.37,0.54,0.37,6,reviewed,uu,uu
2014-03-30T11:27:36.210Z,44.6298,-114.2857,5,3.1,ml,,35,1.043,0.86,us,usc000nwsv,2014-05-29T23:32:09.000Z,"14 km NNW of Challis, Idaho",earthquake,,2,0.043,90,reviewed,us,us
2014-03-30T11:11:59.920Z,37.1556,142.1876,38.54,4.8,mb,,59,3.249,0.98,us,usc000nwss,2014-05-29T23:32:09.000Z,"111 km ESE of Namie, Japan",earthquake,,5.5,0.042,196,reviewed,us,us
2014-03-30T10:38:45.590Z,-33.4643,-179.1803,75.73,4.1,mb,,161,4.573,1.2,us,usb000pmhb,2014-05-29T23:32:09.000Z,"south of the Kermadec Islands",earthquake,,10,0.213,6,reviewed,us,us
2014-03-30T10:36:25.970Z,44.7716667,-110.6838333,3.94,3.36,ml,24,76,0.04733,0.2,uu,uu60061787,2018-09-12T18:39:07.620Z,"22 km S of Mammoth, Wyoming",earthquake,0.39,0.61,0.344,6,reviewed,uu,uu
2014-03-30T10:34:01.470Z,-23.1407,-67.0527,240.16,4,mb,,109,1.792,1.04,us,usc000nwsh,2014-05-29T23:32:09.000Z,"120 km ESE of San Pedro de Atacama, Chile",earthquake,,20.4,0.26,4,reviewed,us,us
2014-03-30T10:31:42.600Z,18.896,-64.3308,23,2.6,Md,3,345.6,0.80039892,0.23,pr,pr14089002,2014-05-29T23:32:09.000Z,"79 km NE of Cruz Bay, U.S. Virgin Islands",earthquake,5.1,20.2,0,2,reviewed,pr,pr
2014-03-30T09:53:41.197Z,55.8891,-157.8078,40.8,2.5,ml,,,,0.58,ak,ak01443ci8iv,2023-07-20T18:32:05.910Z,"58 km SE of Chignik, Alaska",earthquake,,1.2,,,reviewed,ak,ak
2014-03-30T09:51:43.000Z,36.1214,-97.6422,2.596,2.6,ml,,116,,0.86,us,usc000nws4,2022-07-26T11:23:31.514Z,"3 km SSW of Marshall, Oklahoma",earthquake,,7.2,,,reviewed,tul,tul
2014-03-30T09:50:00.700Z,36.818,-121.5393333,4.561,2.65,md,78,33,0.03333,0.09,nc,nc72191020,2022-07-26T11:22:34.929Z,"3 km S of San Juan Bautista, California",earthquake,0.11,0.22,0.193,147,reviewed,nc,nc
2014-03-30T09:22:29.750Z,53.754,-165.662,56.1,3.5,mb,,,,1.26,us,usc000nwrh,2019-05-14T02:46:48.115Z,"42 km S of Akutan, Alaska",earthquake,,7.4,0.175,8,reviewed,ak,us
2014-03-30T09:06:48.500Z,36.1266,-97.6394,4.854,2.9,ml,,116,,0.98,us,usc000nwr8,2022-07-26T11:21:38.390Z,"3 km SSW of Marshall, Oklahoma",earthquake,,7.8,,,reviewed,tul,tul
2014-03-30T08:42:36.400Z,36.1352,-97.6257,2.483,3.9,mwr,,114,,0.33,us,usc000nwqj,2022-08-06T22:54:51.434Z,"2 km S of Marshall, Oklahoma",earthquake,,7.1,0.038,67,reviewed,tul,us
2014-03-30T08:36:58.770Z,6.7214,-72.9466,160.76,4.4,mb,,52,0.799,1.23,us,usc000nwqg,2014-05-29T23:32:09.000Z,"4 km SE of Cepitá, Colombia",earthquake,,5.4,0.066,69,reviewed,us,us
2014-03-30T08:24:19.000Z,54.978,-160.0246,14.3,2.6,ml,,,,0.66,us,usc000p3qm,2023-08-18T16:09:08.599Z,"50 km SE of Sand Point, Alaska",earthquake,,5.7,,,reviewed,ak,ak
2014-03-30T08:10:31.800Z,36.1317,-97.628,2.277,3.3,mwr,,114,,0.49,us,usc000nwq1,2022-07-26T11:20:41.873Z,"2 km S of Marshall, Oklahoma",earthquake,,7.9,0.069,20,reviewed,tul,us
2014-03-30T08:07:05.200Z,36.1371,-97.624,2.535,3.3,mwr,,114,,0.42,us,usc000nwpa,2014-05-29T23:32:10.000Z,"1 km S of Marshall, Oklahoma",earthquake,,7.8,,13,reviewed,tul,slm
2014-03-30T07:29:35.335Z,67.4985,-166.3544,14.6,2.6,ml,,,,0.82,ak,ak01443b67od,2023-07-20T18:31:41.162Z,"81 km WSW of Kivalina, Alaska",earthquake,,4.9,,,reviewed,ak,ak
2014-03-30T06:59:28.400Z,36.125,-97.644,5,3.3,ml,,,,0,us,usc000nwn9,2022-07-26T11:18:45.650Z,"3 km SSW of Marshall, Oklahoma",earthquake,,0,,,reviewed,tul,tul
2014-03-30T06:51:56.300Z,36.1309,-97.6291,4.831,4.2,mwr,,69,,0.37,us,usc000nwmq,2022-08-06T22:53:59.352Z,"2 km S of Marshall, Oklahoma",earthquake,,5.9,0.065,23,reviewed,tul,us
2014-03-30T06:41:51.200Z,36.1372,-97.6256,5,2.5,ml,,114,,0.27,us,usc000nxmh,2014-05-29T23:32:09.000Z,"1 km S of Marshall, Oklahoma",earthquake,,1,,,reviewed,tul,tul
2014-03-30T06:37:43.700Z,36.1288,-97.6404,4.656,3.3,ml,,69,,0.32,us,usc000nwm8,2022-08-06T22:53:00.133Z,"3 km SSW of Marshall, Oklahoma",earthquake,,6.8,,,reviewed,tul,tul
2014-03-30T06:32:29.250Z,-20.0778,-70.9059,10,4,mb,,167,0.878,0.69,us,usc000nwm5,2014-05-29T23:32:09.000Z,"80 km W of Iquique, Chile",earthquake,,2,0.367,4,reviewed,us,us
2014-03-30T06:31:50.060Z,33.9093333,-117.9411667,1.362,2.82,ml,98,16,0.03878,0.41,ci,ci15483401,2022-07-26T11:17:48.550Z,"3km S of La Habra, CA",earthquake,0.25,0.56,0.18,215,reviewed,ci,ci
2014-03-30T06:23:48.500Z,44.7871667,-110.676,4.07,2.97,ml,23,143,0.06379,0.19,uu,uu60061702,2018-09-12T18:38:56.550Z,"21 km S of Mammoth, Wyoming",earthquake,0.43,0.72,0.243,5,reviewed,uu,uu
2014-03-30T06:17:31.470Z,33.908,-117.9475,1.663,3.12,ml,114,22,0.04175,0.38,ci,ci15483393,2022-08-06T22:52:06.092Z,"3km S of La Habra, CA",earthquake,0.25,0.5,0.183,243,reviewed,ci,ci
2014-03-30T06:09:12.780Z,17.7967,-81.5806,24.43,4.3,mb,,81,1.554,1.2,us,usb000pmh9,2014-05-29T23:32:09.000Z,"166 km S of George Town, Cayman Islands",earthquake,,8.4,0.2,7,reviewed,us,us
2014-03-30T06:02:35.900Z,-40.8835,-91.5058,10,4.6,mb,,82,15.359,0.93,us,usc000nwlp,2014-05-29T23:32:09.000Z,"West Chile Rise",earthquake,,1.9,0.084,46,reviewed,us,us
2014-03-30T05:51:22.790Z,33.903,-117.9495,1.703,3.3,ml,131,17,0.03845,0.3,ci,ci15483377,2022-08-06T22:51:12.691Z,"3km NW of Fullerton, CA",earthquake,0.21,0.43,0.202,247,reviewed,ci,ci
2014-03-30T05:49:29.400Z,35.4911,-97.2465,7.509,3,ml,,71,,0.3,us,usc000nwl5,2022-07-26T11:15:54.364Z,"2 km ESE of Choctaw, Oklahoma",earthquake,,3.3,,,reviewed,tul,tul
2014-03-30T05:42:41.700Z,35.4959,-97.2488,6.825,2.6,ml,,69,,0.31,us,usc000nx0c,2014-05-29T23:32:08.000Z,"1 km E of Choctaw, Oklahoma",earthquake,,4.3,,,reviewed,tul,tul
2014-03-30T05:10:50.060Z,-14.8618,-172.23,33.1,4.7,mb,,69,1.043,0.85,us,usb000pmh8,2014-05-29T23:32:08.000Z,"105 km SSW of Lotofag?, Samoa",earthquake,,5.2,0.126,21,reviewed,us,us
2014-03-30T05:06:33.650Z,33.9006667,-117.9546667,2.299,2.53,ml,79,34,0.03937,0.39,ci,ci15483313,2022-07-26T11:14:58.374Z,"3km NW of Fullerton, CA",earthquake,0.32,0.57,0.173,203,reviewed,ci,ci
2014-03-30T04:35:12.610Z,-19.9462,-70.9603,12.67,4.2,mwr,,144,0.861,1.08,us,usc000nwje,2014-05-29T23:32:09.000Z,"89 km WNW of Iquique, Chile",earthquake,,4.3,0.048,42,reviewed,us,us
2014-03-30T03:55:33.500Z,36.1288,-97.6438,5,3.5,mwr,,69,,0.61,us,usc000nwi0,2022-08-06T22:50:21.929Z,"3 km SSW of Marshall, Oklahoma",earthquake,,2,0.047,43,reviewed,tul,us
2014-03-30T03:53:50.830Z,14.4812,39.73,16.48,4.6,mb,,139,4.222,0.67,us,usb000pmh7,2014-05-29T23:32:08.000Z,"36 km NE of ?d?grat, Ethiopia",earthquake,,5.3,0.133,19,reviewed,us,us
2014-03-30T03:48:20.870Z,33.9118333,-117.9258333,1.613,2.59,ml,91,20,0.03352,0.38,ci,ci15483265,2022-07-26T11:12:55.832Z,"2km WSW of Brea, CA",earthquake,0.24,0.47,0.187,211,reviewed,ci,ci
2014-03-30T03:23:35.230Z,35.7148,140.1161,62.37,4.5,mb,,108,1.75,0.52,us,usc000nwhf,2022-07-26T11:12:03.384Z,"8 km NNW of Yotsukaid?, Japan",earthquake,,6.3,0.121,31,reviewed,us,us
2014-03-30T03:08:30.800Z,35.4923,-97.2471,7.403,3.4,mwr,,56,,0.4,us,usc000nwgf,2022-08-06T22:49:32.905Z,"2 km ESE of Choctaw, Oklahoma",earthquake,,5.9,0.053,34,reviewed,tul,us
2014-03-30T02:57:07.000Z,51.2337,-179.9242,56.9,2.8,ml,,,,0.33,us,usc000p3qk,2023-07-20T18:31:21.499Z,"239 km WSW of Adak, Alaska",earthquake,,10.1,,,reviewed,ak,ak
2014-03-30T02:44:48.400Z,-6.723,129.6055,152.47,4,mb,,92,2.094,0.71,us,usc000nwfx,2014-05-29T23:32:08.000Z,"Banda Sea",earthquake,,8.9,0.298,3,reviewed,us,us
2014-03-30T02:44:45.340Z,-19.9932,-71.027,11.39,4.6,mwr,,95,0.938,1.22,us,usc000nwfv,2014-05-29T23:32:09.000Z,"94 km WNW of Iquique, Chile",earthquake,,0.9,0.055,32,reviewed,us,us
2014-03-30T02:20:04.000Z,53.073,-161.6007,20,3.2,ml,,,,0.46,us,usc000p3qj,2023-07-20T18:31:18.931Z,"226 km SSE of King Cove, Alaska",earthquake,,2,,,reviewed,ak,ak
2014-03-30T02:13:24.700Z,19.2035,-67.1047,26,2.7,Md,5,316.8,0.73212696,0.2,pr,pr14089000,2014-05-29T23:32:08.000Z,"78 km N of Isabela, Puerto Rico",earthquake,1.5,13.9,0,5,reviewed,pr,pr
2014-03-30T01:32:54.497Z,62.2194,-151.2219,82.3,5,mw,,,,0.87,ak,ak014437mao9,2025-12-22T16:53:54.736Z,"27 km NNE of Skwentna, Alaska",earthquake,,0.3,,,reviewed,ak,ak
2014-03-30T01:11:23.090Z,-14.0589,-75.8618,10.2,4.6,mb,,152,2.269,0.83,us,usc000nweq,2022-07-26T11:11:07.748Z,"near the coast of central Peru",earthquake,,3,0.164,17,reviewed,us,us
2014-03-30T00:28:33.200Z,-15.3374,-172.7092,41.82,4.2,mb,,112,1.682,0.3,us,usb000pmh5,2014-05-29T23:32:08.000Z,"135 km ENE of Hihifo, Tonga",earthquake,,12,0.216,6,reviewed,us,us
2014-03-30T00:20:29.230Z,-19.7129,-70.8285,21.94,4.5,mwr,,75,0.674,0.6,us,usc000nwdl,2014-05-29T23:32:09.000Z,"90 km NW of Iquique, Chile",earthquake,,2.3,0.049,40,reviewed,us,us
2014-03-29T23:35:50.690Z,19.3861667,-155.2781667,1.438,2.58,ml,40,44,,0.12,hv,hv60664226,2020-07-06T20:39:17.400Z,"7 km SW of Volcano, Hawaii",earthquake,0.16,0.16,0.181,26,reviewed,hv,hv
2014-03-29T21:50:48.040Z,35.6001,22.8764,42.8,4.1,mb,,189,1.673,1.15,us,usb000pmgy,2014-05-29T23:32:08.000Z,"61 km S of Kýthira, Greece",earthquake,,10,0.197,9,reviewed,us,us
2014-03-29T21:34:19.200Z,35.494,-97.249,6.6,2.7,ml,,,,0.23,us,usc000nwaf,2022-07-26T11:16:50.541Z,"1 km ESE of Choctaw, Oklahoma",earthquake,,2.6,,,reviewed,tul,tul
2014-03-29T21:32:45.930Z,33.9613333,-117.8923333,9.294,4.14,mw,185,13,0.03055,0.33,ci,ci15483001,2025-05-20T01:20:35.035Z,"2km SE of Rowland Heights, CA",earthquake,0.18,0.34,,6,reviewed,ci,ci
2014-03-29T21:25:25.330Z,-43.5733,172.7088,6.699,4.1,ml,,,,0.88,us,usc000nw9u,2014-05-29T23:32:08.000Z,"7 km SE of Christchurch, New Zealand",earthquake,,8,,,reviewed,wel,wel
2014-03-29T21:11:57.610Z,-8.7046,67.6202,10,4.4,mb,,126,4.954,0.8,us,usb000pmgx,2014-05-29T23:32:08.000Z,"Mid-Indian Ridge",earthquake,,1.7,0.189,10,reviewed,us,us
2014-03-29T21:07:29.160Z,-20.3921,-177.515,478.46,4.3,mb,,123,4.949,0.77,us,usb000pmgv,2014-05-29T23:32:08.000Z,"254 km WNW of Haveluloto, Tonga",earthquake,,8.1,0.074,54,reviewed,us,us
2014-03-29T20:47:10.080Z,-0.4828,132.8246,48.64,4.7,mb,,73,1.605,0.55,us,usc000nw8m,2022-05-03T16:46:30.577Z,"144 km WNW of Manokwari, Indonesia",earthquake,,5.7,0.066,74,reviewed,us,us
2014-03-29T20:42:40.650Z,-19.7603,-70.4724,12.93,4,mb,,159,0.367,1,us,usc000nw8h,2014-05-29T23:32:08.000Z,"60 km NW of Iquique, Chile",earthquake,,3.4,0.299,3,reviewed,us,us
2014-03-29T19:34:56.610Z,-21.5968,-177.7692,383.09,4.6,mb,,82,5.493,1.19,us,usc000nw6w,2014-05-29T23:32:08.000Z,"269 km W of Haveluloto, Tonga",earthquake,,5.5,0.056,99,reviewed,us,us
2014-03-29T19:27:02.810Z,4.6817,127.0915,83.12,4.1,mb,,117,2.809,0.69,us,usc000nw6r,2014-05-29T23:32:08.000Z,"197 km ESE of Sarangani, Philippines",earthquake,,9.6,0.124,20,reviewed,us,us
2014-03-29T19:18:04.100Z,45.5782,26.4271,135.7,4.7,mb,,115,0.2,0.77,us,usc000nw6b,2022-07-26T11:06:00.201Z,"10 km N of Gura Teghii, Romania",earthquake,,3.3,0.052,115,reviewed,buc,us
2014-03-29T19:17:05.600Z,18.3925,-65.9489,122,3.1,Md,15,172.8,0.1527136,0.17,pr,pr14088005,2014-05-29T23:32:08.000Z,"1 km NE of Carolina, Puerto Rico",earthquake,1.3,0.7,0,13,reviewed,pr,pr
2014-03-29T18:46:07.900Z,-61.9064,161.7112,14.84,4.8,mb,,108,7.57,0.71,us,usc000nw5i,2014-05-29T23:32:08.000Z,"Balleny Islands region",earthquake,,4.4,0.1,32,reviewed,us,us
2014-03-29T18:19:54.640Z,-24.7662,-176.8672,10.31,4.2,mb,,198,8.439,0.25,us,usb000pmh0,2014-05-29T23:32:08.000Z,"south of the Fiji Islands",earthquake,,8.6,0.265,4,reviewed,us,us
2014-03-29T18:12:31.640Z,43.8187,-105.2197,0,3.5,ml,,26,0.906,0.7,us,usc000nw46,2014-05-29T23:32:08.000Z,"23 km ENE of Wright, Wyoming",mining explosion,,1.9,0.051,69,reviewed,us,us
2014-03-29T17:19:55.100Z,42.1688,-106.9976,13.1,2.5,mc,12,82.799993376001,0.5039549,0.23,mb,mb14933746,2014-04-07T23:43:33.385Z,"44 km NNE of Sinclair, Wyoming",earthquake,1.7,2.6,0.5,3,automatic,mb,mb
2014-03-29T17:11:41.400Z,35.4931,-97.2465,7.049,2.7,ml,,70,,0.59,us,usc000nx4p,2014-05-29T23:32:08.000Z,"2 km ESE of Choctaw, Oklahoma",earthquake,,5.3,,,reviewed,tul,tul
2014-03-29T16:56:18.700Z,35.4918,-97.246,5.32,2.7,ml,,67,,0.54,us,usc000nwkx,2014-05-29T23:32:08.000Z,"2 km ESE of Choctaw, Oklahoma",earthquake,,3,,,reviewed,tul,tul
2014-03-29T16:42:26.100Z,48.126,154.6092,62.4,4.4,mb,,136,5.361,0.87,us,usc000nw2c,2014-05-29T23:32:08.000Z,"Kuril Islands",earthquake,,7.7,0.11,30,reviewed,us,us
2014-03-29T16:24:46.940Z,30.8369,110.7867,19.71,5.1,mb,,57,1.247,0.66,us,usc000nw1j,2022-05-03T16:46:24.665Z,"49 km WNW of Yichang, China",earthquake,,0.9,0.059,98,reviewed,us,us
2014-03-29T16:02:06.050Z,33.9038333,-117.9551667,3.753,3.42,ml,139,17,0.04201,0.32,ci,ci15482817,2022-08-06T22:47:42.396Z,"3km SSW of La Habra, CA",earthquake,0.21,0.56,0.185,242,reviewed,ci,ci
2014-03-29T15:11:01.000Z,52.4636,-174.5551,225.1,2.6,ml,,,,0.25,us,usc000nw4b,2023-07-20T18:30:12.608Z,"38 km NW of Atka, Alaska",earthquake,,8.6,,,reviewed,ak,ak
2014-03-29T13:46:33.713Z,56.2139,-156.4196,62.5,3,ml,,,,0.65,ak,ak01441rb3uz,2023-07-20T18:30:07.838Z,"123 km E of Chignik, Alaska",earthquake,,1.1,,,reviewed,ak,ak
2014-03-29T13:36:08.020Z,-30.5427,-177.6591,33.13,4.2,mb,,218,1.314,1.28,us,usb000pmgt,2014-05-29T23:32:08.000Z,"Kermadec Islands, New Zealand",earthquake,,70.4,0.187,9,reviewed,us,us
2014-03-29T12:36:47.700Z,35.4924,-97.243,5.576,2.9,ml,,71,,0.37,us,usc000nvy7,2022-08-06T22:46:50.294Z,"2 km ESE of Choctaw, Oklahoma",earthquake,,1.2,,,reviewed,tul,tul
2014-03-29T12:07:39.550Z,-19.7262,-177.5305,533.84,4.1,mb,,123,4.626,0.41,us,usb000pmgn,2014-05-29T23:32:08.000Z,"288 km WNW of Haveluloto, Tonga",earthquake,,7.5,0.099,29,reviewed,us,us
2014-03-29T12:04:27.510Z,33.9301667,-117.9181667,4.495,2.51,ml,64,32,0.01587,0.2,ci,ci15482617,2022-07-26T11:02:52.962Z,"2km NW of Brea, CA",earthquake,0.31,0.6,0.197,203,reviewed,ci,ci
2014-03-29T11:35:17.060Z,0.9722,132.9252,16.3,4.5,mb,,79,2.469,0.57,us,usc000nvwp,2014-05-29T23:32:08.000Z,"239 km NNW of Manokwari, Indonesia",earthquake,,3.7,0.11,24,reviewed,us,us
2014-03-29T11:18:17.600Z,18.7119,-65.0726,73,2.5,Md,4,273.6,0.37459747,0.09,pr,pr14088002,2014-05-29T23:32:08.000Z,"43 km NNW of Charlotte Amalie, U.S. Virgin Islands",earthquake,8.2,5.1,0,2,reviewed,pr,pr
2014-03-29T10:57:53.800Z,19.0345,-67.6354,26,3.1,Md,14,226.8,0.75099158,0.15,pr,pr14088001,2014-05-29T23:32:08.000Z,"82 km NW of San Antonio, Puerto Rico",earthquake,0.7,7.9,0,13,reviewed,pr,pr
2014-03-29T10:31:51.760Z,33.912,-117.9488333,2.359,2.76,ml,81,31,0.03931,0.21,ci,ci15482473,2022-07-26T11:01:54.841Z,"2km S of La Habra, CA",earthquake,0.22,0.45,0.167,229,reviewed,ci,ci
2014-03-29T10:08:44.400Z,35.494,-97.246,5,2.6,ml,,,,0.27,us,usc000nx58,2014-05-29T23:32:08.000Z,"2 km E of Choctaw, Oklahoma",earthquake,,1.9,,,reviewed,tul,tul
2014-03-29T10:02:46.370Z,-20.0257,-70.8378,10,3.9,mwr,,168,0.796,0.82,us,usc000nvui,2014-05-29T23:32:09.000Z,"74 km WNW of Iquique, Chile",earthquake,,1.9,0.048,41,reviewed,us,us
2014-03-29T09:49:41.080Z,33.9056667,-117.9543333,3.293,2.59,ml,101,21,0.043,0.32,ci,ci15482417,2022-07-26T10:59:56.132Z,"3km SSW of La Habra, CA",earthquake,0.25,0.66,0.156,204,reviewed,ci,ci
2014-03-29T09:02:18.700Z,32.639,49.995,10,4.3,mb,,,,0.58,us,usb000pmgm,2014-05-29T23:32:08.000Z,"35 km SSW of Fereyd?nshahr, Iran",earthquake,,1.7,0.217,6,reviewed,teh,us
2014-03-29T08:56:12.900Z,44.5753,-114.3085,8.6,2.5,mc,23,86.399993088001,0.697991,0.28,mb,mb14402333,2014-04-05T17:24:58.480Z,"9 km NW of Challis, Idaho",earthquake,1.4,2.1,0.5,3,automatic,mb,mb
2014-03-29T08:55:40.700Z,-19.6084,-70.8039,16.34,3.9,mb,,162,0.642,1.27,us,usb000pmgk,2014-05-29T23:32:08.000Z,"95 km NW of Iquique, Chile",earthquake,,5.2,0.361,2,reviewed,us,us
2014-03-29T08:35:32.000Z,53.3826,-163.2589,26.3,2.7,ml,,,,0.16,us,usc000nzv8,2023-07-20T18:29:27.932Z,"164 km S of False Pass, Alaska",earthquake,,10,,12,reviewed,ak,ak
2014-03-29T08:16:19.550Z,-22.8517,-175.8653,35,4.3,mb,,169,6.631,0.92,us,usb000pmgi,2014-05-29T23:32:08.000Z,"192 km SSW of ‘Ohonua, Tonga",earthquake,,2,0.153,13,reviewed,us,us
2014-03-29T07:50:13.650Z,-0.8314,-21.8772,10,4.8,mb,,101,10.289,0.77,us,usb000pmgg,2014-05-29T23:32:08.000Z,"central Mid-Atlantic Ridge",earthquake,,1.9,0.139,17,reviewed,us,us
2014-03-29T07:47:12.410Z,40.9632,143.4953,19.84,4.4,mb,,96,1.081,1.35,us,usb000pmgh,2014-05-29T23:32:08.000Z,"176 km ENE of Hachinohe, Japan",earthquake,,5.6,0.19,11,reviewed,us,us
2014-03-29T07:46:50.190Z,-0.848,-21.9196,12,5.9,mww,,50,10.308,0.82,us,usc000nvs8,2022-05-03T16:46:23.496Z,"central Mid-Atlantic Ridge",earthquake,,1.3,,,reviewed,us,us
2014-03-29T07:39:46.640Z,40.9611,143.4325,21.7,4.9,mb,,121,1.073,1.29,us,usc000nvs0,2014-05-29T23:32:07.000Z,"171 km ENE of Hachinohe, Japan",earthquake,,4.1,0.047,152,reviewed,us,us
2014-03-29T07:19:35.000Z,53.8723,-166.4625,91.2,3.5,mb,,,,0.92,us,usc000nzva,2023-07-20T18:29:14.265Z,"4 km E of Unalaska, Alaska",earthquake,,4.9,0.187,7,reviewed,ak,us
2014-03-29T06:45:58.200Z,35.5579,-97.2283,5,2.5,ml,,61,,0.53,us,usc000nvr7,2014-05-29T23:32:07.000Z,"5 km E of Jones, Oklahoma",earthquake,,4.5,,,reviewed,tul,tul
2014-03-29T06:11:18.900Z,35.4906,-97.2415,7.049,3.1,ml,,56,,0.75,us,usc000nvq5,2022-07-26T10:58:57.844Z,"2 km ESE of Choctaw, Oklahoma",earthquake,,5.5,,,reviewed,tul,tul
2014-03-29T05:55:58.860Z,37.6784,143.6084,36.62,4.6,mb,,129,4.345,1.19,us,usb000pmgd,2014-05-29T23:32:07.000Z,"218 km ESE of Ishinomaki, Japan",earthquake,,7.7,0.272,5,reviewed,us,us
2014-03-29T05:45:34.760Z,35.019,22.503,30.1,4.2,mb,,,,1.34,us,usc000nvpk,2014-05-29T23:32:07.000Z,"110 km WSW of Palaióchora, Greece",earthquake,,4.9,0.128,18,reviewed,ath,us
2014-03-29T05:37:14.080Z,33.9225,-117.9003333,4.125,3.08,ml,80,21,0.02999,0.21,ci,ci15481969,2022-08-06T22:46:01.805Z,"1km N of Brea, CA",earthquake,0.22,0.62,0.207,240,reviewed,ci,ci
2014-03-29T05:30:53.040Z,14.0754,-90.683,109.06,4.4,mb,,109,0.947,1.12,us,usc000nvpc,2014-05-29T23:32:07.000Z,"15 km N of Iztapa, Guatemala",earthquake,,6.1,0.06,83,reviewed,us,us
2014-03-29T05:05:31.470Z,33.9376667,-117.9128333,3.435,2.64,ml,78,31,0.01189,0.18,ci,ci15481921,2016-03-11T14:58:31.204Z,"3km NNW of Brea, CA",earthquake,0.2,0.47,0.167,221,reviewed,ci,ci
2014-03-29T04:53:57.300Z,33.9403333,-117.9068333,2.499,2.65,ml,55,18,0.01492,0.21,ci,ci15481889,2016-03-11T11:19:32.870Z,"3km NNW of Brea, CA",earthquake,0.25,0.53,0.21,223,reviewed,ci,ci
2014-03-29T04:53:46.700Z,36.2597,141.9949,33.35,4.4,mb,,118,3.067,0.94,us,usc000nvnr,2014-05-29T23:32:07.000Z,"119 km ENE of Hasaki, Japan",earthquake,,2.3,0.162,14,reviewed,us,us
2014-03-29T04:47:12.670Z,33.9248333,-117.925,3.859,2.82,ml,83,44,0.02053,0.2,ci,ci15481865,2022-07-26T10:57:04.969Z,"2km ESE of La Habra, CA",earthquake,0.23,0.52,0.178,231,reviewed,ci,ci
2014-03-29T04:45:37.310Z,33.9383333,-117.898,1.212,2.63,ml,70,28,0.02251,0.35,ci,ci15481857,2016-03-11T13:06:59.976Z,"2km N of Brea, CA",earthquake,0.26,0.64,0.225,215,reviewed,ci,ci
2014-03-29T04:35:16.600Z,6.8081,-73.0066,161.2,4.6,mb,,32,0.877,0.8,us,usc000nvmq,2014-05-29T23:32:07.000Z,"6 km NNW of Cepitá, Colombia",earthquake,,5.9,0.051,125,reviewed,us,us
2014-03-29T04:30:51.990Z,33.9161667,-117.9313333,4.005,3.64,ml,141,16,0.00755,0.33,ci,ci15481777,2022-08-06T22:44:59.230Z,"2km SE of La Habra, CA",earthquake,0.2,0.41,0.181,253,reviewed,ci,ci
2014-03-29T04:26:51.320Z,-6.4255,154.9332,107.83,4.8,mb,,33,3.54,0.89,us,usc000nvm6,2014-05-29T23:32:07.000Z,"62 km W of Panguna, Papua New Guinea",earthquake,,5.9,0.065,84,reviewed,us,us
2014-03-29T04:12:18.480Z,33.9553333,-117.8911667,1.595,2.5,ml,18,191,0.02882,0.27,ci,ci37183333,2016-03-11T09:35:34.135Z,"3km SSE of Rowland Heights, CA",earthquake,0.55,0.64,0.181,5,reviewed,ci,ci
2014-03-29T04:11:53.750Z,33.92,-117.9316667,2.039,3.2,ml,65,27,0.02617,0.2,ci,ci15481681,2025-09-07T00:31:12.038Z,"2km SE of La Habra, CA",earthquake,0.22,0.48,0.123,2,reviewed,ci,ci
2014-03-29T04:11:39.940Z,36.2047,142.1014,10,4.3,mb,,181,3.159,0.49,us,usb000pmg6,2014-05-29T23:32:07.000Z,"125 km ENE of Hasaki, Japan",earthquake,,1.9,0.307,5,reviewed,us,us
2014-03-29T04:09:49.127Z,56.2173,-157.6316,55.5,2.5,ml,,,,0.52,ak,ak01441lqb40,2023-07-20T18:28:56.605Z,"48 km E of Chignik, Alaska",earthquake,,0.7,,,reviewed,ak,ak
2014-03-29T04:09:42.170Z,33.9325,-117.9158333,5.09,5.1,mw,321,9,0.01443,0.24,ci,ci15481673,2026-04-29T18:35:32.447Z,"2km NW of Brea, CA",earthquake,0.1,0.21,,6,reviewed,ci,ci
2014-03-29T04:06:33.380Z,41.6896,71.2167,40.78,4,mb,,62,1.486,1.06,us,usb000pmga,2014-05-29T23:32:07.000Z,"50 km WNW of Kerben, Kyrgyzstan",earthquake,,2.8,0.517,2,reviewed,us,us
2014-03-29T03:03:46.930Z,-20.037,-70.7992,5.26,4.1,mb,,120,0.772,0.72,us,usc000nvk6,2014-05-29T23:32:07.000Z,"70 km WNW of Iquique, Chile",earthquake,,5.2,0.303,3,reviewed,us,us
2014-03-29T03:03:39.790Z,33.9253333,-117.9341667,7.349,3.57,ml,147,18,0.01688,0.29,ci,ci15481633,2025-03-03T06:38:24.699Z,"1km ESE of La Habra, CA",earthquake,0.18,0.48,0.197,253,reviewed,ci,ci
2014-03-29T01:55:16.040Z,45.35,26.2472,147.1,4.1,mb,,18,0.25,0.55,us,usc000nvjh,2014-05-29T23:32:07.000Z,"3 km N of Corbu, Romania",earthquake,,4.8,0.523,3,reviewed,buc,us
2014-03-29T01:53:57.700Z,36.3215,141.8379,20,5.4,mwb,,46,2.934,0.84,us,usc000nvji,2022-05-03T17:10:19.157Z,"109 km ESE of Takahagi, Japan",earthquake,,1.8,0.039,64,reviewed,us,us
2014-03-29T01:29:49.500Z,19.698,-64.3626,38,2.8,Md,4,327.6,1.45077918,0.21,pr,pr14088000,2014-05-29T23:32:07.000Z,"157 km NNE of Cruz Bay, U.S. Virgin Islands",earthquake,2.4,16.4,0,4,reviewed,pr,pr
2014-03-29T01:20:33.990Z,40.6741667,-125.164,25.781,2.87,md,20,304,0.6595,0.15,nc,nc72190330,2017-02-03T12:17:21.143Z,"76 km W of Ferndale, California",earthquake,1.61,12.59,0.184,23,reviewed,nc,nc
2014-03-29T01:15:56.400Z,-17.7763,-178.6273,538.14,4.2,mb,,119,3.163,0.8,us,usc000nvj0,2014-05-29T23:32:07.000Z,"220 km E of Levuka, Fiji",earthquake,,6.9,0.082,52,reviewed,us,us
2014-03-29T00:58:02.040Z,52.486,-170.559,23.2,4.1,mb,,,,1.84,us,usc000nvik,2023-07-20T18:28:34.794Z,"125 km WSW of Nikolski, Alaska",earthquake,,4.6,0.055,106,reviewed,ak,us
2014-03-29T00:18:22.400Z,-30.4583,-177.7612,18.25,4.6,mb,,133,1.218,0.88,us,usc000nvky,2014-05-29T23:32:07.000Z,"Kermadec Islands, New Zealand",earthquake,,4.3,0.105,28,reviewed,us,us
2014-03-29T00:07:16.560Z,-19.7215,-70.8398,23.64,4.2,mwr,,110,0.686,0.87,us,usc000nvhs,2014-05-29T23:32:08.000Z,"90 km NW of Iquique, Chile",earthquake,,4.8,0.047,43,reviewed,us,us
2014-03-28T23:48:21.940Z,-5.5029,102.3248,21.95,4,mb,,178,1.297,0.93,us,usc000p5ek,2014-05-29T23:32:07.000Z,"188 km S of Bengkulu, Indonesia",earthquake,,7.6,0.197,8,reviewed,us,us
2014-03-28T23:47:29.980Z,40.3018333,-124.4773333,10.071,2.84,md,10,270,0.1486,0.05,nc,nc72190295,2022-07-26T10:56:07.857Z,"35 km SSW of Ferndale, California",earthquake,0.61,0.46,0.302,18,reviewed,nc,nc
2014-03-28T23:26:53.900Z,44.5102,-105.3831,0,3.2,ml,,63,1.042,0.77,us,usc000nvgt,2014-05-29T23:32:07.000Z,"26 km NNE of Gillette, Wyoming",mining explosion,,2,0.05,70,reviewed,us,us
2014-03-28T23:16:24.300Z,36.1673,-96.9819,6.983,3.2,ml,,62,,0.61,us,usc000nvgm,2022-08-06T22:42:22.660Z,"8 km SW of Glencoe, Oklahoma",earthquake,,7.3,,,reviewed,tul,tul
2014-03-28T23:16:03.710Z,12.5331,-87.7072,77.72,4.6,mb,,76,0.463,0.77,us,usc000nvgq,2014-05-29T23:32:07.000Z,"36 km SW of Jiquilillo, Nicaragua",earthquake,,5.4,0.042,186,reviewed,us,us
2014-03-28T23:04:02.670Z,-22.5238,-174.0446,34.4,4.3,mb,,154,5.157,1.08,us,usc000p5ei,2014-05-29T23:32:07.000Z,"161 km SE of ‘Ohonua, Tonga",earthquake,,3.6,0.126,19,reviewed,us,us
2014-03-28T22:57:01.150Z,-24.1501,-178.5754,531.47,4.1,mb,,126,5.107,0.91,us,usc000p5ed,2014-05-29T23:32:07.000Z,"south of the Fiji Islands",earthquake,,14.7,0.185,11,reviewed,us,us
2014-03-28T22:23:40.250Z,45.1762,-106.8815,0,2.8,ml,,65,1.58,1.4,us,usc000nvf6,2014-05-29T23:32:07.000Z,"33 km WSW of Birney, Montana",mining explosion,,2,0.057,60,reviewed,us,us
2014-03-28T21:06:01.400Z,19.0601,-65.8305,36,2.7,Md,8,255.6,0.78422924,0.15,pr,pr14087004,2014-05-29T23:32:07.000Z,"69 km N of Suárez, Puerto Rico",earthquake,1.4,6.9,0,8,reviewed,pr,pr
2014-03-28T20:52:23.880Z,18.7951,144.8247,8.89,4.2,mb,,156,23.758,0.69,us,usc000p5ea,2014-05-29T23:32:07.000Z,"Pagan region, Northern Mariana Islands",earthquake,,4.5,0.263,5,reviewed,us,us
2014-03-28T20:48:01.530Z,29.9594,-42.5433,9.53,5,mb,,72,21.442,0.89,us,usc000nvb5,2025-12-22T16:53:54.100Z,"northern Mid-Atlantic Ridge",earthquake,,4.4,0.048,156,reviewed,us,us
2014-03-28T20:33:05.000Z,52.8356,-171.386,176.3,2.7,ml,,,,0.84,us,usc000p26q,2023-07-20T18:28:21.205Z,"170 km W of Nikolski, Alaska",earthquake,,9.2,,,reviewed,ak,ak
2014-03-28T20:04:22.520Z,-19.7448,-177.6022,570.26,4.3,mb,,94,4.572,0.7,us,usc000p5e9,2014-05-29T23:32:07.000Z,"293 km WNW of Haveluloto, Tonga",earthquake,,12.8,0.101,30,reviewed,us,us
2014-03-28T19:53:00.600Z,19.297,-67.0406,27,2.8,Md,6,280.8,0.82645006,0.14,pr,pr14087003,2014-05-29T23:32:07.000Z,"88 km N of Isabela, Puerto Rico",earthquake,1.1,10.3,0,5,reviewed,pr,pr
2014-03-28T18:56:38.900Z,36.1349,-97.6313,5,2.8,ml,,86,,0.68,us,usc000nv3m,2022-07-26T10:55:09.095Z,"2 km SSW of Marshall, Oklahoma",earthquake,,2,,,reviewed,tul,tul
2014-03-28T18:43:12.370Z,-13.6282,167.5629,10.26,4.2,mb,,293,8.464,0.12,us,usc000p5eu,2014-05-29T23:32:07.000Z,"27 km N of Sola, Vanuatu",earthquake,,13.2,0.215,6,reviewed,us,us
2014-03-28T18:39:44.190Z,32.8656667,-116.221,4.509,2.84,ml,70,51,0.05649,0.19,ci,ci15481473,2022-07-26T10:54:12.598Z,"26km NW of Ocotillo, CA",earthquake,0.19,0.76,0.165,153,reviewed,ci,ci
2014-03-28T18:37:45.300Z,15.207,-95.035,16.1,4,md,,,,1.35,us,usc000nzca,2014-05-29T23:32:07.000Z,"102 km SSE of El Carrizal, Mexico",earthquake,,8.6,,9,reviewed,unm,unm
2014-03-28T17:56:11.200Z,36.1257,-97.6329,0.393,3.1,ml,,69,,0.83,us,usc000nv0d,2014-05-29T23:32:07.000Z,"3 km SSW of Marshall, Oklahoma",earthquake,,6.6,,,reviewed,tul,tul
2014-03-28T17:22:18.270Z,54.452,-160.921,12.7,2.8,ml,,,,0.54,us,usc000nv19,2023-07-20T18:27:48.395Z,"102 km SSW of Sand Point, Alaska",earthquake,,6.2,,13,reviewed,ak,ak
2014-03-28T16:43:21.170Z,-5.6582,153.2348,10,4.3,mb,,221,1.806,0.9,us,usc000p5e5,2014-05-29T23:32:07.000Z,"180 km SE of Kokopo, Papua New Guinea",earthquake,,2,0.267,5,reviewed,us,us
2014-03-28T16:14:57.070Z,-5.5943,153.0244,10,5.1,mb,,79,1.636,1.16,us,usc000nutq,2025-12-22T16:54:01.245Z,"161 km SSE of Kokopo, Papua New Guinea",earthquake,,1.8,0.081,52,reviewed,us,us
2014-03-28T15:32:42.920Z,-17.8539,-178.568,569.17,4.4,mb,,120,3.221,0.84,us,usc000nuqj,2014-05-29T23:32:07.000Z,"225 km E of Levuka, Fiji",earthquake,,7.9,0.062,83,reviewed,us,us
2014-03-28T15:08:29.114Z,58.1213,-153.5711,57.5,2.5,ml,,,,0.35,ak,ak014404qh0f,2023-07-20T18:27:31.144Z,"39 km W of Aleneva, Alaska",earthquake,,0.7,,,reviewed,ak,ak
2014-03-28T14:54:42.720Z,-17.31,-176.802,10,5.22,mw,,,,,iscgem,iscgem604401076,2025-12-22T16:54:03.447Z,"Fiji region",earthquake,,28.3,0.1,,reviewed,iscgem,iscgem
2014-03-28T14:53:21.730Z,51.588,-178.393,8.7,2.6,ml,,,,1.11,us,usc000nuuv,2023-07-20T18:27:30.184Z,"125 km WSW of Adak, Alaska",earthquake,,4.5,,19,reviewed,ak,ak
2014-03-28T14:37:18.100Z,19.312,-67.2089,24,3,Md,8,302.4,0.84441637,0.14,pr,pr14087002,2014-05-29T23:32:06.000Z,"91 km N of San Antonio, Puerto Rico",earthquake,0.9,11.9,0,7,reviewed,pr,pr
2014-03-28T14:37:12.750Z,-17.0544,-176.7788,10,5.5,mww,,72,4.982,1.42,us,usc000nunk,2022-05-03T16:46:16.503Z,"Fiji region",earthquake,,1.7,,,reviewed,us,us
2014-03-28T14:36:08.080Z,11.6487,-86.5532,46,5.6,mww,,58,1.387,1.48,us,usc000numx,2022-07-26T10:53:15.134Z,"15 km SSW of Masachapa, Nicaragua",earthquake,,1.9,,,reviewed,us,us
2014-03-28T14:06:43.200Z,36.1361,-97.6281,4.766,2.5,ml,,87,,0.38,us,usc000nutr,2014-05-29T23:32:06.000Z,"1 km S of Marshall, Oklahoma",earthquake,,7.4,,,reviewed,tul,tul
2014-03-28T12:19:51.400Z,19.0699,-67.1502,102,3.2,Md,8,226.8,0.8111787,0.41,pr,pr14087001,2014-05-29T23:32:06.000Z,"64 km N of San Antonio, Puerto Rico",earthquake,4.4,5.7,0,6,reviewed,pr,pr
2014-03-28T11:45:20.770Z,60.6009,145.2075,13.92,4.5,mb,,53,2.97,0.5,us,usc000nui8,2014-05-29T23:32:06.000Z,"177 km NE of Okhotsk, Russia",earthquake,,4.4,0.091,40,reviewed,us,us
2014-03-28T11:39:08.860Z,58.6095,-142.7608,22.31,4.2,mb,,125,1.484,0.74,us,usc000nui2,2023-07-20T18:27:03.726Z,"202 km WSW of Yakutat, Alaska",earthquake,,4.8,0.152,12,reviewed,us,us
2014-03-28T11:23:26.540Z,37.345,-98.0654,3.9,2.8,mb_lg,,39,0.209,0.79,us,usc000nuhq,2014-05-29T23:32:06.000Z,"7 km NNW of Harper, Kansas",earthquake,,6.9,0.089,34,reviewed,us,us
2014-03-28T10:26:44.000Z,51.8446,178.4117,50.1,3,ml,,,,0.34,us,usc000p26n,2023-07-20T18:26:52.614Z,"Rat Islands, Aleutian Islands, Alaska",earthquake,,10.1,,,reviewed,ak,ak
2014-03-28T10:24:12.500Z,37.2444,71.2425,101.07,5.2,mb,,26,3.235,0.9,us,usc000nugd,2014-05-29T23:32:06.000Z,"38 km SW of Khorugh, Tajikistan",earthquake,,4.8,0.04,220,reviewed,us,us
2014-03-28T10:09:06.840Z,-15.2915,-177.3834,10,4.2,mb,,109,5.598,0.75,us,usc000p5ds,2014-05-29T23:32:06.000Z,"133 km SE of Alo, Wallis and Futuna",earthquake,,1.7,0.264,4,reviewed,us,us
2014-03-28T10:07:17.150Z,35.499,-97.309,6.88,2.7,ml,,,,0.35,us,usc000nula,2022-07-26T10:52:11.307Z,"1 km NE of Nicoma Park, Oklahoma",earthquake,,1,,,reviewed,tul,tul
2014-03-28T10:05:57.270Z,-18.9474,-173.0698,10,4.8,mb,,124,5.16,1.4,us,usc000nufx,2014-05-29T23:32:06.000Z,"101 km ESE of Neiafu, Tonga",earthquake,,1.8,0.055,119,reviewed,us,us
2014-03-28T09:37:31.250Z,-5.9159,105.0046,91.94,4,mb,,93,2.559,0.83,us,usc000p5dr,2014-05-29T23:32:06.000Z,"60 km SSW of Bandar Lampung, Indonesia",earthquake,,8.6,0.163,11,reviewed,us,us
2014-03-28T09:01:46.620Z,51.575,-177.016,56.5,2.6,ml,,,,0.31,us,usc000nutw,2023-07-20T18:26:41.368Z,"42 km SW of Adak, Alaska",earthquake,,7.4,,23,reviewed,ak,ak
2014-03-28T08:32:50.010Z,39.6743,142.7555,35,4.4,mb,,150,2.358,0.96,us,usc000p5dq,2014-05-29T23:32:06.000Z,"69 km E of Miyako, Japan",earthquake,,1.9,0.189,10,reviewed,us,us
2014-03-28T08:08:55.610Z,12.6173,143.4545,128.8,4.2,mb,,138,1.682,0.99,us,usc000p5eq,2014-05-29T23:32:06.000Z,"150 km WSW of Merizo Village, Guam",earthquake,,9.1,0.152,13,reviewed,us,us
2014-03-28T08:01:11.100Z,36.2917,-96.9722,7.823,2.7,ml,,106,,0.88,us,usc000nunm,2014-05-29T23:32:06.000Z,"3 km E of Morrison, Oklahoma",earthquake,,7.7,,,reviewed,tul,tul
2014-03-28T07:50:40.000Z,-32.916,-70.54,98.7,4.3,mb,,,,1.67,us,usc000nucp,2014-05-29T23:32:06.000Z,"10 km SSE of Los Andes, Chile",earthquake,,4.8,0.202,8,reviewed,guc,us
2014-03-28T07:07:46.120Z,-3.7239,151.2112,10,4.9,mb,,64,1.057,0.82,us,usc000nubg,2014-05-29T23:32:06.000Z,"118 km WNW of Rabaul, Papua New Guinea",earthquake,,0.7,0.07,67,reviewed,us,us
2014-03-28T06:20:36.190Z,-19.207,169.0668,171.85,4.6,mb,,92,3.762,0.81,us,usc000nua9,2014-05-29T23:32:06.000Z,"43 km NNW of Isangel, Vanuatu",earthquake,,6.7,0.095,35,reviewed,us,us
2014-03-28T06:10:35.230Z,33.18,-115.6016667,0.468,2.71,ml,45,86,0.01199,0.18,ci,ci15481217,2016-03-11T20:47:02.308Z,"10km NW of Calipatria, CA",earthquake,0.21,0.39,0.176,123,reviewed,ci,ci
2014-03-28T06:08:29.610Z,33.1781667,-115.6041667,2.498,2.71,ml,45,79,0.009647,0.17,ci,ci15481209,2016-03-12T04:14:08.816Z,"10km NW of Calipatria, CA",earthquake,0.22,0.2,0.149,113,reviewed,ci,ci
2014-03-28T05:28:36.500Z,-15.9222,-72.3115,92.93,4.1,mb,,142,3.279,0.57,us,usc000p0cu,2014-05-29T23:32:06.000Z,"24 km SSE of Uñon, Peru",earthquake,,17.8,0.369,2,reviewed,us,us
2014-03-28T04:45:19.100Z,45.84,-111.8001,7.8,2.5,mc,39,75.599993952,0.05479723,0.2,mb,mb14876346,2014-04-04T22:56:40.052Z,"12 km E of Cardwell, Montana",earthquake,0.5,0.8,0.5,3,automatic,mb,mb
2014-03-28T04:42:18.400Z,33.176,-115.6028333,1.774,2.52,ml,38,86,0.01084,0.17,ci,ci15481137,2016-03-12T02:22:22.728Z,"10km NW of Calipatria, CA",earthquake,0.19,0.23,0.151,97,reviewed,ci,ci
2014-03-28T04:15:29.800Z,33.1796667,-115.6001667,0.728,3.44,ml,56,79,0.01316,0.22,ci,ci15481105,2022-08-06T22:41:34.817Z,"10km NW of Calipatria, CA",earthquake,0.22,0.45,0.142,136,reviewed,ci,ci
2014-03-28T03:54:54.200Z,19.2548,-67.1845,24,3.4,Md,19,234,0.78602587,0.36,pr,pr14087000,2014-05-29T23:32:06.000Z,"84 km N of San Antonio, Puerto Rico",earthquake,1.2,22.6,0,13,reviewed,pr,pr
2014-03-28T03:52:45.760Z,51.431,-179.224,39.8,3.1,ml,,,,0.54,us,usc000nu7f,2023-07-20T18:25:47.284Z,"185 km WSW of Adak, Alaska",earthquake,,10.1,,21,reviewed,ak,ak
2014-03-28T03:43:39.000Z,-23.861,-67.496,213.4,4,ml,,,,0.85,us,usc000nu6u,2014-05-29T23:32:06.000Z,"126 km WNW of San Antonio de los Cobres, Argentina",earthquake,,9.2,,,reviewed,guc,guc
2014-03-28T03:11:50.560Z,62.071,-140.932,10,2.8,ml,,,,1.1,us,usc000nu6f,2023-07-20T18:25:44.905Z,"68 km S of Alcan Border, Alaska",earthquake,,1.9,,,reviewed,pgc,pgc
2014-03-28T03:09:53.690Z,26.4089,95.8483,97.33,4.1,mb,,114,3.689,0.83,us,usc000nu6m,2014-05-29T23:32:06.000Z,"72 km SSE of Khonsa, India",earthquake,,7.5,0.157,20,reviewed,us,us
2014-03-28T02:43:52.460Z,36.781,144.2728,32.24,4.2,mb,,136,4.88,1.4,us,usc000p5dp,2014-05-29T23:32:06.000Z,"off the east coast of Honshu, Japan",earthquake,,5.5,0.304,5,reviewed,us,us
2014-03-28T02:32:55.000Z,40.4381667,-125.8856667,18.732,2.83,ml,39,278,1.181,0.15,nc,nc72189875,2017-02-03T12:09:37.156Z,"138 km W of Ferndale, California",earthquake,2.39,6.22,0.178,6,reviewed,nc,nc
2014-03-28T01:44:16.330Z,40.6963333,-125.2338333,24.119,2.81,md,28,273,0.7171,0.24,nc,nc72189870,2017-02-03T12:09:31.215Z,"83 km W of Ferndale, California",earthquake,1.04,17.51,0.186,38,reviewed,nc,nc
2014-03-28T01:17:13.000Z,52.196,-174.356,191.1,2.6,ml,,,,0.66,us,usc000p26j,2023-07-20T18:25:30.405Z,"10 km W of Atka, Alaska",earthquake,,4.9,,,reviewed,ak,ak
2014-03-28T00:10:40.410Z,-29.1902,-68.8042,27.61,5.2,mb,,53,1.669,1,us,usc000nu3f,2022-05-03T16:46:14.098Z,"75 km SW of Vinchina, Argentina",earthquake,,3.8,0.031,375,reviewed,us,us
2014-03-27T23:57:01.179Z,60.4591,-151.592,76.7,3.3,ml,,,,0.64,ak,ak0143ym91ad,2023-07-20T18:25:10.346Z,"17 km WNW of Kalifornsky, Alaska",earthquake,,0.3,,,reviewed,ak,ak
2014-03-27T23:50:52.190Z,-29.1646,-68.7459,10,5.7,mww,,24,1.717,0.71,us,usc000nu2x,2022-07-26T10:51:14.034Z,"69 km SW of Vinchina, Argentina",earthquake,,1.7,,,reviewed,us,us
2014-03-27T22:39:58.990Z,0.6302,123.313,294.39,4.1,mb,,104,1.746,0.84,us,usc000p5bg,2014-05-29T23:32:06.000Z,"29 km ENE of Gorontalo, Indonesia",earthquake,,8.8,0.165,11,reviewed,us,us
2014-03-27T22:19:03.330Z,13.742,-91.3662,53.33,4.4,mb,,182,0.838,1.02,us,usc000nzc6,2014-05-29T23:32:06.000Z,"50 km SW of La Gomera, Guatemala",earthquake,,10.1,0.139,15,reviewed,us,us
2014-03-27T21:30:01.630Z,-5.2835,152.4079,57.29,4.1,mb,,195,1.112,0.59,us,usc000p5be,2014-05-29T23:32:06.000Z,"105 km S of Kokopo, Papua New Guinea",earthquake,,8.6,0.112,23,reviewed,us,us
2014-03-27T21:21:41.008Z,63.2703,-150.5191,124.7,2.5,ml,,,,0.46,ak,ak0143ykujdg,2023-07-20T18:24:49.960Z,"67 km ESE of Denali National Park, Alaska",earthquake,,0.2,,,reviewed,ak,ak
2014-03-27T21:01:43.123Z,60.3891,-152.5102,107.6,3,ml,,,,0.66,ak,ak0143ykq97s,2023-07-20T18:24:37.397Z,"60 km NW of Ninilchik, Alaska",earthquake,,0.3,,,reviewed,ak,ak
2014-03-27T20:36:12.000Z,12.8633,-88.832,55.1,4.7,mb,,,,1.21,us,usc000ntt2,2014-05-29T23:32:06.000Z,"55 km SSW of Puerto El Triunfo, El Salvador",earthquake,,5.2,0.039,207,reviewed,snet,us
2014-03-27T20:17:11.780Z,-21.6843,-175.4393,46.37,4.4,mb,,158,5.784,0.6,us,usc000p5bd,2014-05-29T23:32:06.000Z,"60 km SSW of Vaini, Tonga",earthquake,,17.4,0.162,12,reviewed,us,us
2014-03-27T20:05:16.600Z,35.897,-97.286,4.6,3.2,ml,,,,0.78,us,usc000ntpw,2022-07-26T10:48:08.793Z,"6 km SSW of Langston, Oklahoma",earthquake,,7.8,,,reviewed,tul,tul
2014-03-27T19:49:17.700Z,41.0736667,-125.1816667,23.204,2.82,md,34,268,0.8766,0.27,nc,nc72189730,2017-02-03T12:06:56.711Z,"87 km W of Trinidad, California",earthquake,3.7,17.46,0.2,41,reviewed,nc,nc
2014-03-27T19:45:01.880Z,44.1825,-121.8436667,-1.385,2.78,ml,7,286,0.3891,0.46,uw,uw60731026,2022-07-26T10:50:08.441Z,"26 km WSW of Sisters, Oregon",explosion,4.39,31.61,0.152,5,reviewed,uw,uw
2014-03-27T19:19:34.190Z,52.08,-171.535,25.7,3,ml,,,,1,us,usc000ntnz,2023-08-18T16:08:52.009Z,"182 km E of Atka, Alaska",earthquake,,9.7,,22,reviewed,ak,ak
2014-03-27T18:46:05.220Z,38.3916,142.2325,51.1,4.3,mb,,150,3.687,0.25,us,usc000ntl7,2014-05-29T23:32:06.000Z,"81 km E of Ishinomaki, Japan",earthquake,,10.5,0.217,7,reviewed,us,us
2014-03-27T18:20:20.510Z,-24.2592,-179.8181,498.44,4.8,mb,,104,5.245,0.67,us,usc000ntfh,2014-05-29T23:32:06.000Z,"south of the Fiji Islands",earthquake,,6.8,0.06,88,reviewed,us,us
2014-03-27T18:17:53.180Z,42.7825,142.757,33.11,4.2,mb,,121,0.822,1.25,us,usc000ntfn,2014-05-29T23:32:06.000Z,"39 km WSW of Obihiro, Japan",earthquake,,7.8,0.186,9,reviewed,us,us
2014-03-27T17:59:12.070Z,-8.6631,-74.3297,141.95,4.9,mb,,43,4.126,0.87,us,usc000ntdj,2014-05-29T23:32:06.000Z,"37 km SE of San Fernando, Peru",earthquake,,4.3,0.043,180,reviewed,us,us
2014-03-27T16:44:44.850Z,-2.8469,128.2284,56.19,4.2,mb,,46,3.616,0.77,us,usc000nt8y,2014-05-29T23:32:06.000Z,"94 km N of Ambon, Indonesia",earthquake,,8.5,0.112,24,reviewed,us,us
2014-03-27T16:30:54.140Z,-17.7651,-178.1621,552.85,4.5,mb,,79,3.607,0.81,us,usc000p5b8,2014-05-29T23:32:06.000Z,"269 km E of Levuka, Fiji",earthquake,,8.7,0.079,50,reviewed,us,us
2014-03-27T15:32:27.970Z,-5.7437,153.071,15.59,4.9,mb,,31,1.787,0.73,us,usc000nt4s,2014-05-29T23:32:06.000Z,"178 km SSE of Kokopo, Papua New Guinea",earthquake,,2.7,0.057,99,reviewed,us,us
2014-03-27T15:14:05.770Z,50.283,-176.356,25.6,2.9,ml,,,,0.34,us,usc000nt8g,2023-07-20T18:24:05.358Z,"178 km S of Adak, Alaska",earthquake,,9.7,,17,reviewed,ak,ak
2014-03-27T12:33:27.690Z,51.78,-178.666,11,2.7,ml,,,,1.12,us,usc000ny2b,2019-05-14T02:44:43.493Z,"140 km W of Adak, Alaska",earthquake,,3.3,,15,reviewed,ak,ak
2014-03-27T11:52:38.220Z,-5.039,151.4234,137.57,4.7,mb,,30,1.119,0.76,us,usc000nsyt,2014-05-29T23:32:06.000Z,"121 km SW of Kokopo, Papua New Guinea",earthquake,,5.3,0.056,102,reviewed,us,us
2014-03-27T11:51:58.480Z,17.088,-101.0297,23.53,4,md,,195,0.662,0.79,us,usc000nzc3,2014-05-29T23:32:06.000Z,"24 km SW of San Luis de La Loma, Mexico",earthquake,,8.6,,28,reviewed,us,unm
2014-03-27T11:12:04.870Z,34.5415,24.8228,21.57,4.2,mb,,113,0.746,1.12,us,usc000nsxn,2014-05-29T23:32:06.000Z,"56 km S of Moíres, Greece",earthquake,,6.7,0.215,8,reviewed,us,us
2014-03-27T10:21:16.590Z,3.976,-71.4168,26.34,4.7,mb,,46,2.547,0.96,us,usc000nsv0,2014-05-29T23:32:06.000Z,"82 km ESE of Puerto Gaitán, Colombia",earthquake,,4.3,0.086,43,reviewed,us,us
2014-03-27T09:20:52.860Z,56.9813,-157.4691,96.4,3.2,ml,,,,0.67,ak,ak0143ydp5ba,2023-07-20T17:39:27.550Z,"59 km S of Ugashik, Alaska",earthquake,,0.4,,,reviewed,ak,ak
2014-03-27T09:12:04.130Z,52.816,-173.472,171.1,2.8,ml,,,,0.46,us,usc000nt75,2023-07-20T17:39:26.299Z,"84 km NE of Atka, Alaska",earthquake,,9.1,,23,reviewed,ak,ak
2014-03-27T09:11:59.200Z,18.8815,-67.111,28,2.7,Md,5,327.6,0.41053008,0.27,pr,pr14086003,2014-03-27T12:56:17.066Z,"43 km N of San Antonio, Puerto Rico",earthquake,2,5.7,0,5,reviewed,pr,pr
2014-03-27T08:53:12.700Z,17.277,-101.278,7.1,4.1,md,,,,1.24,us,usc000nzc2,2014-05-29T23:32:06.000Z,"25 km WSW of Papanoa, Mexico",earthquake,,6.9,,27,reviewed,unm,unm
2014-03-27T08:30:34.320Z,-3.4737,128.8447,40.67,4.3,mb,,44,3.443,0.79,us,usc000nsnz,2014-05-29T23:32:06.000Z,"16 km SSW of Amahai, Indonesia",earthquake,,8.3,0.116,24,reviewed,us,us
2014-03-27T08:09:10.690Z,-56.104,-124.71,10,5.08,mw,,,,,iscgem,iscgem604401075,2025-12-22T16:54:02.711Z,"southern East Pacific Rise",earthquake,,25,0.1,,reviewed,iscgem,iscgem
2014-03-27T07:45:56.400Z,40.5763333,-123.734,22.282,2.62,md,28,60,0.1568,0.06,nc,nc72189495,2017-02-03T12:03:12.710Z,"23 km NW of Mad River, California",earthquake,0.23,0.32,0.174,37,reviewed,nc,nc
2014-03-27T07:39:28.990Z,34.7251,73.6564,23.8,4.7,mb,,73,1.118,1.18,us,usc000nsmp,2014-05-29T23:32:06.000Z,"42 km NNE of Muzaffar?b?d, Pakistan",earthquake,,5.2,0.08,50,reviewed,us,us
2014-03-27T07:28:31.924Z,68.0197,-163.4785,14.5,4.1,ml,,,,1.23,ak,ak0143ycjy7s,2023-07-20T17:39:05.871Z,"25 km W of Red Dog Mine, Alaska",earthquake,,1,,,reviewed,ak,ak
2014-03-27T06:39:55.470Z,44.545,148.2014,66.92,4.3,mb,,137,4.042,0.47,us,usc000p5ax,2014-05-29T23:32:05.000Z,"79 km SSE of Kuril’sk, Russia",earthquake,,4.8,0.142,15,reviewed,us,us
2014-03-27T04:41:41.000Z,53.0038,-174.2818,136.1,2.5,ml,,,,0.26,us,usc000ny1f,2023-07-20T17:38:41.931Z,"90 km N of Atka, Alaska",earthquake,,9.9,,,reviewed,ak,ak
2014-03-27T04:00:15.540Z,4.1909,86.7252,12.96,5.4,mb,,90,10.239,1.04,us,usc000nsgu,2025-12-22T16:53:53.376Z,"North Indian Ocean",earthquake,,4.5,0.083,50,reviewed,us,us
2014-03-27T03:50:16.000Z,18.1492,-67.2185,15,2.6,Md,17,234,0.09701805,0.09,pr,pr14086000,2014-05-29T23:32:05.000Z,"8 km NNW of Puerto Real, Puerto Rico",earthquake,0.5,0.5,0,14,reviewed,pr,pr
2014-03-27T03:49:42.710Z,-12.0989,166.5894,98,6,mww,,28,7.04,0.73,us,usc000nsgk,2022-05-03T16:46:12.824Z,"174 km SSE of Lata, Solomon Islands",earthquake,,1.8,,,reviewed,us,us
2014-03-27T02:37:23.320Z,-16.9522,168.4948,108.72,4,mb,,173,5.447,0.48,us,usc000p5au,2014-05-29T23:32:05.000Z,"88 km NNE of Port-Vila, Vanuatu",earthquake,,17.4,0.259,4,reviewed,us,us
2014-03-27T01:04:54.300Z,8.3659,-82.7724,21.83,4,ml,,146,2.095,0.52,us,usc000pjb5,2014-05-29T23:32:05.000Z,"4 km SSE of La Esperanza, Panama",earthquake,,15.7,,,reviewed,us,ucr
2014-03-27T00:24:32.700Z,-2.9706,139.6822,35,4.4,mb,,135,11.449,1.21,us,usc000p5bj,2014-05-29T23:32:05.000Z,"113 km WSW of Abepura, Indonesia",earthquake,,2,0.154,13,reviewed,us,us
2014-03-26T23:59:00.890Z,44.8006667,-110.7776667,4.52,3.53,ml,22,99,0.0533,0.17,uu,uu60061297,2018-09-12T18:38:19.040Z,"20 km SSW of Mammoth, Wyoming",earthquake,0.37,0.6,0.236,6,reviewed,uu,uu
2014-03-26T23:55:17.430Z,-55.89,-27.834,111.26,4.2,mb,,104,5.225,0.58,us,usc000p5an,2014-05-29T23:32:05.000Z,"South Sandwich Islands region",earthquake,,8.2,0.199,7,reviewed,us,us
2014-03-26T23:50:53.140Z,36.016,-117.5386667,1.86,3.15,ml,32,70,0.0581,0.18,ci,ci15480609,2022-08-06T22:40:46.169Z,"30km NNW of Searles Valley, CA",earthquake,0.28,0.81,0.118,161,reviewed,ci,ci
2014-03-26T23:33:34.290Z,-20.0539,-70.9302,9.84,4.2,mwr,,128,0.885,1.46,us,usc000ns80,2014-05-29T23:32:06.000Z,"83 km WNW of Iquique, Chile",earthquake,,3.2,0.05,39,reviewed,us,us
2014-03-26T22:56:45.170Z,52.407,-131.7895,10.28,4.4,mb,,,,1.33,us,usc000ns6r,2014-05-29T23:32:05.000Z,"233 km SSW of Prince Rupert, Canada",earthquake,,1.8,0.078,62,reviewed,pgc,us
2014-03-26T21:01:58.080Z,43.751,-105.3514,0,3.2,ml,,50,1.019,0.53,us,usc000ns0h,2014-05-29T23:32:05.000Z,"11 km E of Wright, Wyoming",mining explosion,,1.5,0.051,66,reviewed,us,us
2014-03-26T20:47:51.220Z,1.7542,127.5146,146.84,5.4,mww,,22,0.986,0.72,us,usc000nrzc,2022-07-26T10:41:13.744Z,"55 km W of Tobelo, Indonesia",earthquake,,3.9,,,reviewed,us,us
2014-03-26T20:35:36.590Z,55.953,162.6638,43.78,4.3,mb,,94,3.754,0.75,us,usc000p5aa,2014-05-29T23:32:05.000Z,"32 km SSE of Ust’-Kamchatsk Staryy, Russia",earthquake,,6.5,0.099,32,reviewed,us,us
2014-03-26T20:34:12.760Z,43.702,-105.0761,0,3.1,ml,,79,0.86,0.45,us,usc000nrxi,2014-05-29T23:32:05.000Z,"33 km E of Wright, Wyoming",mining explosion,,2,0.06,46,reviewed,us,us
2014-03-26T19:52:09.250Z,33.2857,73.4733,5.32,4,mb,,251,0.402,0.7,us,usc000nrug,2014-05-29T23:32:05.000Z,"2 km SSW of Nazir Town, Pakistan",earthquake,,2.4,0.195,8,reviewed,us,us
2014-03-26T19:46:29.010Z,45.6409,26.5562,132.7,4.6,mb,,71,0.22,0.84,us,usc000nrts,2014-05-29T23:32:05.000Z,"13 km WSW of Nereju Mic, Romania",earthquake,,4,0.107,29,reviewed,buc,us
2014-03-26T19:33:04.160Z,31.8161667,-116.2286667,10.628,2.55,ml,7,140,0.3039,0.11,ci,ci15480569,2016-03-11T20:46:55.232Z,"34km ENE of Maneadero, B.C., MX",earthquake,0.63,1.87,0.094,28,reviewed,ci,ci
2014-03-26T19:14:36.760Z,44.8045,-110.7725,6.37,3,ml,27,99,0.05784,0.2,uu,uu60061217,2018-09-12T18:38:13.200Z,"19 km SSW of Mammoth, Wyoming",earthquake,0.46,1.06,0.355,6,reviewed,uu,uu
2014-03-26T19:08:20.090Z,45.9001667,-117.013,-0.551,2.77,md,5,223,2.08,8.46,uw,uw60730011,2016-07-22T19:26:40.310Z,"48 km SW of Winchester, Idaho",explosion,48.44,31.61,0.186,4,reviewed,uw,uw
2014-03-26T18:31:44.199Z,51.8558,-177.8899,213,2.5,ml,,,,0.5,ak,ak0143wvl1gz,2023-07-20T17:37:52.512Z,"86 km W of Adak, Alaska",earthquake,,0.7,,,reviewed,ak,ak
2014-03-26T18:16:01.260Z,-6.7521,105.1495,10.9,4.6,mb,,76,2.763,0.75,us,usc000nrjl,2014-05-29T23:32:05.000Z,"85 km WSW of Labuan, Indonesia",earthquake,,4.1,0.109,28,reviewed,us,us
2014-03-26T17:58:16.860Z,4.1631,126.8807,56.83,4,mb,,113,3.403,0.52,us,usc000p5a8,2014-05-29T23:32:05.000Z,"208 km SE of Sarangani, Philippines",earthquake,,10.7,0.164,10,reviewed,us,us
2014-03-26T17:34:24.170Z,-26.4376,179.3113,492.66,4.4,mb,,159,11.933,0.7,us,usc000p5a7,2014-05-29T23:32:05.000Z,"south of the Fiji Islands",earthquake,,10.5,0.123,19,reviewed,us,us
2014-03-26T17:30:02.000Z,52.3848,-170.2525,20.1,2.9,ml,,,,2.02,us,usc000nrgw,2023-07-20T17:37:47.777Z,"112 km SW of Nikolski, Alaska",earthquake,,10,,,reviewed,ak,ak
2014-03-26T16:39:39.480Z,-7.6331,130.2523,31.91,4.3,mb,,124,1.093,0.25,us,usc000p5a2,2014-05-29T23:32:05.000Z,"Pulau Pulau Tanimbar, Indonesia",earthquake,,10.6,0.53,1,reviewed,us,us
2014-03-26T16:23:09.660Z,37.6237,-105.4879,3.4,2.7,ml,,78,0.122,0.51,us,usc000nrbr,2014-05-29T23:32:05.000Z,"20 km N of Blanca, Colorado",earthquake,,7.7,0.055,45,reviewed,us,us
2014-03-26T16:21:48.910Z,-6.7534,103.3637,34.66,4.5,mb,,164,2.411,1.4,us,usc000p5a1,2014-05-29T23:32:05.000Z,"256 km SW of Bandar Lampung, Indonesia",earthquake,,7.3,0.243,7,reviewed,us,us
2014-03-26T16:20:06.650Z,30.8922,110.729,16.1,4.8,mb,,53,1.229,0.63,us,usc000nrbv,2014-05-29T23:32:05.000Z,"56 km WNW of Yichang, China",earthquake,,4.4,0.066,73,reviewed,us,us
2014-03-26T16:10:08.141Z,54.4368,-161.4182,13.2,2.5,ml,,,,0.41,ak,ak0143wu9lfy,2023-07-20T17:37:40.171Z,"90 km SE of King Cove, Alaska",earthquake,,0.5,,,reviewed,ak,ak
2014-03-26T16:02:12.850Z,53.966,-163.083,19.2,2.7,ml,,,,0.6,us,usc000nrdk,2023-08-18T16:08:48.092Z,"101 km SSE of False Pass, Alaska",earthquake,,7.5,,19,reviewed,ak,ak
2014-03-26T15:59:38.000Z,51.1543,179.2435,26.8,4.1,mb,,,,1.25,us,usc000nr9q,2023-07-20T17:37:32.358Z,"297 km WSW of Adak, Alaska",earthquake,,5.2,0.082,45,reviewed,ak,us
2014-03-26T15:51:40.550Z,-22.2767,178.8023,576.59,4.3,mb,,170,4.563,0.86,us,usc000p5aq,2014-05-29T23:32:05.000Z,"south of the Fiji Islands",earthquake,,18.5,0.147,14,reviewed,us,us
2014-03-26T15:48:30.828Z,52.5652,-172.6241,159.7,2.7,ml,,,,0.74,ak,ak0143wtwcsq,2023-07-20T17:37:31.401Z,"114 km ENE of Atka, Alaska",earthquake,,0.7,,,reviewed,ak,ak
2014-03-26T15:48:27.330Z,51.1216,-172.0541,17.16,2.7,ml,,234,1.718,1.27,us,usc000nre3,2014-05-29T23:32:05.000Z,"190 km SE of Atka, Alaska",earthquake,,17.1,,20,reviewed,us,ak
2014-03-26T15:32:07.420Z,50.7183,-139.0551,15.14,4.4,mwr,,207,4.758,1.52,us,usb000qc10,2014-05-29T23:32:05.000Z,"west of Vancouver Island",earthquake,,8.5,,,reviewed,us,pgc
2014-03-26T15:21:54.090Z,32.8643333,-116.4898333,12.281,2.53,ml,61,30,0.06317,0.23,ci,ci15480473,2022-07-26T10:40:15.682Z,"6km NE of Pine Valley, CA",earthquake,0.22,0.54,0.147,92,reviewed,ci,ci
2014-03-26T14:31:25.890Z,25.9277,96.7983,50.45,4.1,mb,,121,6.273,1,us,usc000p5a5,2014-05-29T23:32:05.000Z,"30 km S of Sarupathar, India",earthquake,,5.8,0.198,9,reviewed,us,us
2014-03-26T14:24:20.700Z,35.8941,-97.2911,5,2.7,ml,,74,,0.25,us,usc000nr63,2014-05-29T23:32:05.000Z,"6 km SSW of Langston, Oklahoma",earthquake,,6.3,,,reviewed,tul,tul
2014-03-26T14:16:11.600Z,18.1466,-67.2356,18,2.5,Md,8,176.4,0.18415463,0.25,pr,pr14085002,2014-05-29T23:32:05.000Z,"9 km NNW of Puerto Real, Puerto Rico",earthquake,1.1,1.1,0,6,reviewed,pr,pr
2014-03-26T14:03:13.930Z,36.6916,71.0936,246.45,4.5,mb,,78,2.385,0.48,us,usc000p5at,2014-05-29T23:32:05.000Z,"30 km SE of Jurm, Afghanistan",earthquake,,10.8,0.384,3,reviewed,us,us
2014-03-26T14:00:16.900Z,38.1,38.63,10,4.4,mb,,,,1.28,us,usc000p59z,2014-05-29T23:32:05.000Z,"7 km NNE of Sincik, Turkey",earthquake,,5.1,0.241,5,reviewed,isk,us
2014-03-26T13:46:45.580Z,2.0137,93.6371,32.32,4.6,mb,,162,3.999,0.79,us,usc000nr3p,2014-05-29T23:32:05.000Z,"off the west coast of northern Sumatra",earthquake,,4.8,0.092,38,reviewed,us,us
2014-03-26T13:30:56.380Z,-6.1903,130.1196,127.62,4.2,mb,,89,2.13,0.28,us,usc000nr3e,2014-05-29T23:32:05.000Z,"298 km WSW of Tual, Indonesia",earthquake,,10,0.127,18,reviewed,us,us
2014-03-26T12:23:56.980Z,23.2769,121.4463,16.47,4.3,mb,,166,0.178,0.67,us,usb000q541,2014-05-29T23:32:05.000Z,"79 km SSW of Hualien City, Taiwan",earthquake,,4.8,0.307,3,reviewed,us,us
2014-03-26T12:21:37.840Z,-0.0051,125.0729,32.99,4.3,mb,,37,2.42,0.77,us,usc000nr1p,2014-05-29T23:32:05.000Z,"146 km S of Tondano, Indonesia",earthquake,,4.2,0.119,22,reviewed,us,us
2014-03-26T12:21:36.265Z,60.8278,-149.2612,14,2.5,ml,,,,0.67,ak,ak0143wrya2i,2023-08-18T16:08:45.813Z,"11 km SE of Sunrise, Alaska",earthquake,,0.3,,,reviewed,ak,ak
2014-03-26T11:34:34.610Z,34.7543,25.9335,29.04,4.3,mb,,58,1.008,0.93,us,usc000nr0l,2014-05-29T23:32:05.000Z,"33 km SSE of Ierápetra, Greece",earthquake,,6.1,0.137,16,reviewed,us,us
2014-03-26T11:22:25.840Z,51.25,-178.8,21.4,2.7,ml,,,,0.71,us,usc000nrf6,2023-07-20T17:36:49.254Z,"165 km WSW of Adak, Alaska",earthquake,,9.5,,20,reviewed,ak,ak
2014-03-26T11:11:14.800Z,1.5197,126.2975,35,5,mb,,47,1.301,0.8,us,usc000nr01,2014-05-29T23:32:05.000Z,"145 km WNW of Ternate, Indonesia",earthquake,,1.1,0.054,112,reviewed,us,us
2014-03-26T10:26:04.000Z,51.2539,-178.7548,20.1,4.8,mb,,,,1.25,us,usc000nqzc,2023-07-20T17:36:36.704Z,"162 km WSW of Adak, Alaska",earthquake,,4.1,0.036,265,reviewed,ak,us
2014-03-26T09:49:00.950Z,-19.826,-70.899,21.85,4.2,mb,,142,0.765,1.23,us,usc000p59v,2014-05-29T23:32:05.000Z,"89 km WNW of Iquique, Chile",earthquake,,5.4,0.198,7,reviewed,us,us
2014-03-26T09:33:22.690Z,28.1678,131.504,35.1,4.8,mb,,69,3.162,0.63,us,usc000nqyl,2014-05-29T23:32:05.000Z,"199 km E of Naze, Japan",earthquake,,5.3,0.082,48,reviewed,us,us
2014-03-26T09:16:07.520Z,-5.8758,-75.6601,80.33,4.3,mb,,77,2.991,0.77,us,usc000p59u,2014-05-29T23:32:05.000Z,"51 km E of Yurimaguas, Peru",earthquake,,6.9,0.109,27,reviewed,us,us
2014-03-26T08:49:41.910Z,28.19,131.5108,10,5.5,mww,,29,3.176,0.71,us,usc000nqxt,2025-12-22T16:53:51.818Z,"199 km E of Naze, Japan",earthquake,,1.7,,,reviewed,us,us
2014-03-26T08:42:08.490Z,40.383,-124.7461667,16.511,2.62,md,33,252,0.3252,0.25,nc,nc72189095,2022-07-26T10:39:19.870Z,"46 km WSW of Ferndale, California",earthquake,0.77,0.74,0.179,36,reviewed,nc,nc
2014-03-26T08:34:40.070Z,13.8067,92.8859,32.1,4.6,mb,,124,7.433,0.79,us,usc000p59t,2014-05-29T23:32:04.000Z,"233 km N of Bamboo Flat, India",earthquake,,4,0.157,14,reviewed,us,us
2014-03-26T06:14:56.711Z,38.2447,-115.9237,14.1,2.9,ml,10,128.8,0.285,0.1089,nn,nn00441964,2018-06-29T23:05:47.903Z,"68 km NNW of Rachel, Nevada",earthquake,,9.8,0.18,7,reviewed,nn,nn
2014-03-26T06:05:32.790Z,19.4593333,-155.897,12.355,2.53,md,26,154,,0.14,hv,hv60662301,2022-07-26T10:37:26.895Z,"3 km W of Honaunau-Napoopoo, Hawaii",earthquake,0.46,0.41,0.038,13,reviewed,hv,hv
2014-03-26T06:01:44.620Z,38.8075,-122.8123333,2.193,2.57,md,80,24,0.01351,0.04,nc,nc72189040,2017-02-03T11:56:07.520Z,"7 km WSW of Cobb, California",earthquake,0.09,0.16,0.181,72,reviewed,nc,nc
2014-03-26T05:48:37.020Z,50.453,-174.712,11.6,2.5,ml,,,,0.38,us,usc000nvhj,2023-07-20T17:35:48.368Z,"197 km S of Atka, Alaska",earthquake,,9.3,,20,reviewed,ak,ak
2014-03-26T05:21:55.400Z,29.9667,-113.9478,10,3.3,md,,,,1.05,us,usc000nzbn,2014-05-29T23:32:04.000Z,"121 km W of La Libertad, Mexico",earthquake,,2,,,reviewed,ecx,ecx
2014-03-26T04:44:59.680Z,-26.1703,179.5179,505.9,4.1,mb,,100,3.808,0.33,us,usc000p59g,2014-05-29T23:32:04.000Z,"south of the Fiji Islands",earthquake,,12.9,0.145,13,reviewed,us,us
2014-03-26T04:42:28.600Z,16.1729,-95.745,63.4,4.3,mb,,,,1.06,us,usc000nqs8,2014-05-29T23:32:04.000Z,"12 km ENE of Santa María Zapotitlán, Mexico",earthquake,,7.8,0.082,42,reviewed,unm,us
2014-03-26T04:38:45.480Z,-11.3816,114.7562,49.46,4.3,mb,,121,2.953,0.53,us,usc000p59p,2014-05-29T23:32:04.000Z,"289 km S of Jimbaran, Indonesia",earthquake,,10.5,0.265,5,reviewed,us,us
2014-03-26T04:27:12.430Z,13.0365,145.8963,10,4.3,mb,,202,1.141,0.45,us,usc000p59i,2014-05-29T23:32:04.000Z,"122 km ESE of Yigo Village, Guam",earthquake,,1.9,0.308,6,reviewed,us,us
2014-03-26T04:23:12.410Z,-26.0806,179.4691,495.88,4.9,mb,,51,3.906,0.75,us,usc000nqri,2022-05-03T16:46:53.156Z,"south of the Fiji Islands",earthquake,,5.7,0.038,245,reviewed,us,us
2014-03-26T04:01:40.270Z,-27.8918,-66.7205,165.02,4,mb,,111,3.128,0.78,us,usc000nqqu,2014-05-29T23:32:04.000Z,"45 km ESE of Londres, Argentina",earthquake,,6.4,0.233,6,reviewed,us,us
2014-03-26T03:54:42.690Z,40.8453333,-122.4913333,15.987,2.51,md,35,44,0.1892,0.13,nc,nc72189010,2022-07-26T10:36:31.991Z,"11 km SW of Lakehead, California",earthquake,0.22,0.59,0.157,50,reviewed,nc,nc
2014-03-26T03:49:54.610Z,-26.1694,179.409,500.63,4.7,mb,,87,3.867,0.68,us,usc000nqqk,2014-05-29T23:32:04.000Z,"south of the Fiji Islands",earthquake,,4,0.079,58,reviewed,us,us
2014-03-26T03:29:35.720Z,-26.1692,179.2877,495,6.3,mww,,22,3.933,0.64,us,usc000nqnq,2022-05-03T18:09:11.151Z,"south of the Fiji Islands",earthquake,,1.8,,,reviewed,us,us
2014-03-26T02:59:03.170Z,-18.4919,-172.9064,37.09,4.6,mb,,98,2.881,0.7,us,usc000p59e,2014-05-29T23:32:03.000Z,"115 km E of Neiafu, Tonga",earthquake,,7.9,0.173,10,reviewed,us,us
2014-03-26T02:38:46.980Z,-48.9513,124.3436,12.1,4.7,mb,,57,16.871,0.6,us,usc000nqmn,2025-12-22T16:51:29.967Z,"western Indian-Antarctic Ridge",earthquake,,1.2,0.123,23,reviewed,us,us
2014-03-26T02:24:36.120Z,19.6008,-109.3619,10,4,mb,,110,1.687,0.74,us,usc000nqm4,2014-05-29T23:32:03.000Z,"Revilla Gigedo Islands region",earthquake,,1.9,0.095,38,reviewed,us,us
2014-03-26T02:07:32.180Z,32.4288333,-115.5011667,15.468,2.54,ml,18,129,0.1662,0.27,ci,ci15480305,2016-03-12T04:13:55.413Z,"18km SSE of Progreso, B.C., MX",earthquake,0.6,2.95,0.22,64,reviewed,ci,ci
2014-03-26T02:07:17.320Z,40.5543333,-125.2306667,7.279,2.74,md,28,296,0.6847,0.27,nc,nc72188960,2017-02-03T11:54:38.878Z,"81 km W of Ferndale, California",earthquake,6.22,5.8,0.144,29,reviewed,nc,nc
2014-03-26T02:01:45.800Z,19.0548,-64.8184,5,2.7,Md,5,291.6,0.66295668,0.15,pr,pr14085000,2014-05-29T23:32:03.000Z,"79 km N of Charlotte Amalie, U.S. Virgin Islands",earthquake,2.2,2.2,0,5,reviewed,pr,pr
2014-03-26T01:47:03.080Z,-19.6129,-70.8298,23.17,4,mwr,,162,0.666,0.62,us,usc000nql0,2014-05-29T23:32:04.000Z,"97 km NW of Iquique, Chile",earthquake,,5,0.05,38,reviewed,us,us
2014-03-26T01:26:01.770Z,32.9143333,-115.5068333,9.191,2.57,ml,31,73,0.07932,0.23,ci,ci15480289,2022-07-26T10:34:36.407Z,"8km SSE of Brawley, CA",earthquake,0.3,0.79,0.185,85,reviewed,ci,ci
2014-03-26T00:16:57.498Z,63.286,-151.1406,9.8,4.3,mb,,,,0.51,ak,ak0143wks1v9,2023-07-20T17:35:11.902Z,"Central Alaska",earthquake,,0.7,,,reviewed,ak,ak
2014-03-25T23:38:34.550Z,39.7734,143.5351,23.98,4.1,mb,,156,2.257,1.39,us,usc000p4qa,2014-05-24T00:54:46.000Z,"137 km E of Miyako, Japan",earthquake,,8.6,0.371,4,reviewed,us,us
2014-03-25T23:36:47.600Z,51.6248,-179.3057,99.99,4.3,mb,,139,0.38,0.8,us,usc000nqhn,2023-08-18T16:08:38.167Z,"186 km W of Adak, Alaska",earthquake,,6.1,0.097,50,reviewed,us,us
2014-03-25T22:26:19.397Z,66.267,-149.8412,15.7,3.6,ml,,,,0.72,ak,ak0143vaeawj,2023-07-20T17:34:55.143Z,"44 km NW of Stevens Village, Alaska",earthquake,,0.2,,,reviewed,ak,ak
2014-03-25T22:08:49.000Z,-26.444,-71.052,55.1,3.5,ml,,,,1.06,us,usc000p4qe,2014-05-24T00:54:46.000Z,"100 km W of Diego de Almagro, Chile",earthquake,,8.7,,,reviewed,guc,guc
2014-03-25T22:05:04.330Z,-22.1382,-176.078,75.77,4.7,mb,,117,6.516,1.1,us,usc000nqd6,2014-05-24T00:54:45.000Z,"140 km SW of Vaini, Tonga",earthquake,,6.3,0.099,33,reviewed,us,us
2014-03-25T21:58:50.300Z,-19.7296,-70.8137,20.62,4.3,mb,,161,0.664,1.03,us,usc000nqc5,2014-05-24T00:54:45.000Z,"87 km NW of Iquique, Chile",earthquake,,5.5,0.308,4,reviewed,us,us
2014-03-25T21:27:08.130Z,-26.4492,-71.0072,27.04,4.2,mwr,,143,1.332,1.2,us,usc000nq9b,2014-05-24T00:54:46.000Z,"95 km W of Diego de Almagro, Chile",earthquake,,4.3,0.066,22,reviewed,us,us
2014-03-25T21:21:04.630Z,-20.7478,169.854,99.39,4.2,mb,,99,3.439,0.93,us,usc000p4q0,2014-05-24T00:54:45.000Z,"146 km SSE of Isangel, Vanuatu",earthquake,,9.9,0.216,9,reviewed,us,us
2014-03-25T21:00:00.090Z,44.6208,-114.279,5,2.5,ml,,56,1.04,0.59,us,usc000nq8e,2014-05-24T00:54:45.000Z,"13 km NNW of Challis, Idaho",earthquake,,2,0.062,50,reviewed,us,us
2014-03-25T20:52:17.000Z,34.8375,-96.0955,5,2.6,ml,,259,,1.35,us,usc000nq8x,2014-05-24T00:54:45.000Z,"7 km S of Stuart, Oklahoma",earthquake,,2,,,reviewed,tul,tul
2014-03-25T20:48:57.020Z,7.9903,94.674,9.16,4.3,mb,,170,3.553,0.68,us,usc000p4py,2014-05-24T00:54:45.000Z,"242 km NNW of Sabang, Indonesia",earthquake,,4,0.189,9,reviewed,us,us
2014-03-25T20:46:58.550Z,7.7455,94.5529,10.21,4.6,mb,,76,3.451,1.12,us,usc000nq8d,2014-05-24T00:54:45.000Z,"221 km NNW of Sabang, Indonesia",earthquake,,2.4,0.105,30,reviewed,us,us
2014-03-25T20:39:10.960Z,14.6097,144.4665,26.64,4.4,mb,,71,1.086,0.4,us,usc000p4pz,2014-05-24T00:54:45.000Z,"127 km NNW of Yigo Village, Guam",earthquake,,6.5,0.156,14,reviewed,us,us
2014-03-25T20:28:05.310Z,-7.0805,155.2196,59.19,4.1,mb,,88,4.181,1.37,us,usc000p4pw,2014-05-24T00:54:45.000Z,"89 km SSW of Panguna, Papua New Guinea",earthquake,,8.4,0.157,12,reviewed,us,us
2014-03-25T19:59:27.490Z,44.6793,-114.3042,5,2.8,ml,,35,1.047,1.11,us,usc000nq6a,2014-05-24T00:54:45.000Z,"20 km NNW of Challis, Idaho",earthquake,,2,0.045,94,reviewed,us,us
2014-03-25T19:56:14.150Z,-6.087,154.9116,181.64,5.1,mb,,18,3.322,0.77,us,usc000nq6f,2014-05-24T00:54:45.000Z,"68 km WNW of Panguna, Papua New Guinea",earthquake,,4.4,0.058,99,reviewed,us,us
2014-03-25T19:54:55.030Z,-2.7566,140.4392,37.55,4.6,mb,,47,6.957,1.19,us,usc000nq69,2022-07-26T10:33:40.708Z,"27 km SW of Abepura, Indonesia",earthquake,,6.1,0.091,39,reviewed,us,us
2014-03-25T19:54:00.960Z,37.0905,141.4079,54.5,4.5,mb,,106,2.624,0.85,us,usc000nq6i,2014-05-24T00:54:45.000Z,"46 km E of Iwaki, Japan",earthquake,,4,0.081,50,reviewed,us,us
2014-03-25T19:38:13.550Z,-32.4608,-178.7295,7,4.6,mb,,193,5.64,0.98,us,usc000p4q4,2014-05-24T00:54:45.000Z,"south of the Kermadec Islands",earthquake,,8.1,0.165,12,reviewed,us,us
2014-03-25T19:26:09.430Z,31.9749,137.9378,370.92,4,mb,,88,1.931,0.83,us,usc000p4pt,2014-05-24T00:54:45.000Z,"267 km SE of Shing?, Japan",earthquake,,7.3,0.095,31,reviewed,us,us
2014-03-25T18:50:29.600Z,19.103,-66.7865,58,2.8,Md,6,291.6,0.75278821,0.1,pr,pr14084007,2014-05-24T00:54:45.000Z,"68 km N of Hatillo, Puerto Rico",earthquake,1.5,3.5,0,6,reviewed,pr,pr
2014-03-25T17:37:48.470Z,52.5754,-177.1562,210.82,5.2,mb,,25,0.646,0.93,us,usc000npyv,2025-12-22T16:49:13.212Z,"85 km NNW of Adak, Alaska",earthquake,,3.9,0.026,534,reviewed,us,us
2014-03-25T17:24:27.960Z,44.694,-114.3064,5,3.2,ml,,35,1.047,1.04,us,usc000npy5,2022-08-06T22:39:48.262Z,"21 km NNW of Challis, Idaho",earthquake,,2,0.042,110,reviewed,us,us
2014-03-25T17:08:04.410Z,-26.4209,-70.8956,31.73,4.3,mwr,,102,1.308,1.37,us,usc000npxc,2014-05-24T00:54:46.000Z,"84 km W of Diego de Almagro, Chile",earthquake,,3.2,0.068,21,reviewed,us,us
2014-03-25T16:57:30.500Z,-16.7202,-175.9315,392.24,4.3,mb,,130,4.886,0.58,us,usc000p4pn,2014-05-24T00:54:45.000Z,"243 km WSW of Hihifo, Tonga",earthquake,,8.5,0.154,13,reviewed,us,us
2014-03-25T16:55:35.770Z,44.6532,-114.3092,5,3.7,mwr,,27,1.055,0.71,us,usc000npyb,2022-08-06T22:39:00.759Z,"17 km NNW of Challis, Idaho",earthquake,,2,0.038,66,reviewed,us,us
2014-03-25T16:40:20.600Z,18.5725,-65.092,45,2.5,Md,8,219.6,0.25601986,0.11,pr,pr14084005,2014-05-24T00:54:45.000Z,"30 km NNW of Charlotte Amalie, U.S. Virgin Islands",earthquake,10.1,6.8,0,7,reviewed,pr,pr
2014-03-25T16:40:15.110Z,-23.2911,-179.9132,538.71,4.8,mb,,31,5.837,0.86,us,usc000npvt,2025-12-22T16:54:00.440Z,"south of the Fiji Islands",earthquake,,5.1,0.053,120,reviewed,us,us
2014-03-25T16:17:22.330Z,19.391,-155.2761667,1.787,2.86,ml,48,42,,0.09,hv,hv60661931,2020-07-06T20:40:28.310Z,"7 km SW of Volcano, Hawaii",earthquake,0.14,0.13,0.176,31,reviewed,hv,hv
2014-03-25T15:20:32.010Z,1.7155,126.3749,62.32,4.1,mb,,150,1.364,0.74,us,usc000p4pl,2014-05-24T00:54:45.000Z,"151 km NW of Ternate, Indonesia",earthquake,,13.1,0.151,13,reviewed,us,us
2014-03-25T15:18:16.780Z,29.205,141.1654,96.6,4.9,mb,,28,2.286,0.64,us,usc000nprp,2014-05-24T00:54:45.000Z,"Izu Islands, Japan region",earthquake,,4.7,0.04,202,reviewed,us,us
2014-03-25T15:11:42.840Z,-2.1922,-78.9896,31.54,4.1,mb,,149,4.009,0.58,us,usc000p4pm,2014-05-24T00:54:45.000Z,"15 km W of Alausí, Ecuador",earthquake,,7.6,0.175,10,reviewed,us,us
2014-03-25T15:07:08.600Z,18.9528,-65.2051,33,2.9,Md,7,270,0.64229543,0.11,pr,pr14084006,2014-05-24T00:54:45.000Z,"72 km N of Culebra, Puerto Rico",earthquake,1.9,7,0,4,reviewed,pr,pr
2014-03-25T14:53:14.560Z,-16.0985,-174.8999,302.95,4.4,mb,,66,3.72,0.71,us,usc000npqx,2014-05-24T00:54:45.000Z,"119 km W of Hihifo, Tonga",earthquake,,6.3,0.06,94,reviewed,us,us
2014-03-25T14:53:13.071Z,60.0409,-151.9888,59.6,2.8,ml,,,,0.61,ak,ak0143v5slwr,2023-07-20T17:34:13.047Z,"17 km NW of Happy Valley, Alaska",earthquake,,0.3,,,reviewed,ak,ak
2014-03-25T14:38:24.860Z,-17.5268,-70.4584,85.07,5.1,mb,,97,1.088,0.65,us,usc000npq2,2022-07-26T10:31:42.238Z,"13 km SSE of Ilabaya, Peru",earthquake,,4.8,0.069,72,reviewed,us,us
2014-03-25T14:01:19.100Z,35.7427,-97.5558,6.016,3,mwr,,92,,0.61,us,usc000nppd,2022-08-06T22:38:05.693Z,"12 km NW of Edmond, Oklahoma",earthquake,,6.6,,3,reviewed,tul,slm
2014-03-25T13:10:18.350Z,35.9468333,-117.7025,2.533,2.6,ml,31,40,0.08255,0.15,ci,ci15480049,2022-07-26T10:29:41.695Z,"18km E of Little Lake, CA",earthquake,0.21,0.65,0.192,92,reviewed,ci,ci
2014-03-25T13:04:21.010Z,44.6547,-114.3176,5,2.5,ml,,106,1.061,0.71,us,usc000npng,2014-05-24T00:54:45.000Z,"18 km NNW of Challis, Idaho",earthquake,,2,0.062,46,reviewed,us,us
2014-03-25T12:09:48.740Z,25.8965,64.1566,19.96,4.4,mb,,125,5.683,1.1,us,usc000npm9,2014-05-24T00:54:45.000Z,"90 km NNW of Ormara, Pakistan",earthquake,,4.4,0.117,23,reviewed,us,us
2014-03-25T11:37:35.220Z,36.5071,70.2755,209.88,4.2,mb,,69,2.204,1.1,us,usc000npl8,2014-05-24T00:54:45.000Z,"38 km E of Farkh?r, Afghanistan",earthquake,,6.8,0.118,21,reviewed,us,us
2014-03-25T11:26:48.150Z,36.498,28.041,62,4.1,mb,,,,1.45,us,usc000p4ph,2014-05-24T00:54:45.000Z,"12 km NW of Kremastí, Greece",earthquake,,6.8,0.235,6,reviewed,isk,us
2014-03-25T11:08:45.200Z,26.932,54.892,19,4.2,mb,,,,0.72,us,usc000p4pi,2014-05-24T00:54:45.000Z,"41 km N of Bandar-e Lengeh, Iran",earthquake,,3.7,0.146,14,reviewed,teh,us
2014-03-25T10:51:12.400Z,19.2513,-67.8937,16,2.6,Md,5,266.4,0.86597593,0.15,pr,pr14084004,2014-05-24T00:54:45.000Z,"91 km NE of Punta Cana, Dominican Republic",earthquake,2.5,4.5,0,4,reviewed,pr,pr
2014-03-25T10:49:27.400Z,19.1469,-67.8779,8,2.9,Md,7,255.6,0.78961913,0.4,pr,pr14084003,2014-05-24T00:54:45.000Z,"83 km NE of Punta Cana, Dominican Republic",earthquake,4.8,6.2,0,7,reviewed,pr,pr
2014-03-25T10:36:19.430Z,-28.1149,74.0687,10,4.9,mb,,69,42.049,0.82,us,usc000npjs,2025-12-22T16:49:12.599Z,"Mid-Indian Ridge",earthquake,,1.8,0.093,41,reviewed,us,us
2014-03-25T10:36:00.470Z,-2.1292,-79.1392,35,4.3,mb,,151,5.027,1.11,us,usc000p4pf,2014-05-24T00:54:45.000Z,"near the coast of Ecuador",earthquake,,2,0.122,19,reviewed,us,us
2014-03-25T10:08:34.150Z,-2.1181,-79.1696,35,4.2,mb,,157,5.043,0.93,us,usc000p4qk,2014-05-24T00:54:45.000Z,"30 km ENE of Coronel Marcelino Maridueña, Ecuador",earthquake,,2,0.265,4,reviewed,us,us
2014-03-25T09:56:31.080Z,-2.2524,-79.2803,35,5.3,mb,,45,4.93,1.1,us,usc000npis,2022-07-26T10:28:45.435Z,"17 km ESE of Coronel Marcelino Maridueña, Ecuador",earthquake,,1.9,0.028,444,reviewed,us,us
2014-03-25T09:24:04.180Z,19.6969,-109.4571,10,4.2,mb,,108,1.656,1.22,us,usc000npi0,2014-05-24T00:54:45.000Z,"Revilla Gigedo Islands region",earthquake,,1.9,0.052,122,reviewed,us,us
2014-03-25T09:11:57.720Z,7.4787,136.7219,10,4.7,mb,,40,10.048,1.06,us,usc000nphv,2014-05-24T00:54:45.000Z,"230 km E of Ulimang, Palau",earthquake,,1.8,0.077,55,reviewed,us,us
2014-03-25T08:51:48.740Z,-6.3054,147.5824,74.65,4.8,mb,,29,3.107,0.69,us,usc000nph1,2014-05-24T00:54:45.000Z,"40 km NW of Finschhafen, Papua New Guinea",earthquake,,2.9,0.089,40,reviewed,us,us
2014-03-25T08:18:04.600Z,17.9372,-68.3405,63,3.2,Md,5,270,0.57492178,0.11,pr,pr14084002,2014-05-24T00:54:45.000Z,"56 km SSE of Boca de Yuma, Dominican Republic",earthquake,1.9,2.6,0,5,reviewed,pr,pr
2014-03-25T08:00:27.420Z,-23.8427,179.9004,546.52,4.2,mb,,122,6.308,0.86,us,usc000npfz,2014-05-24T00:54:44.000Z,"south of the Fiji Islands",earthquake,,6.6,0.147,14,reviewed,us,us
2014-03-25T07:51:21.670Z,36.9266,-97.662,4.05,2.6,ml,,74,0.137,0.39,us,usc000npwc,2014-05-24T00:54:44.000Z,"0 km WNW of Renfrow, Oklahoma",earthquake,,6.7,,,reviewed,us,tul
2014-03-25T07:41:20.800Z,14.224,-92.878,9.6,4.2,mb,,,,1.24,us,usc000npfg,2014-05-24T00:54:44.000Z,"73 km SW of Puerto Madero, Mexico",earthquake,,4.3,0.112,26,reviewed,unm,us
2014-03-25T07:26:34.280Z,37.5236667,-118.8233333,4.807,2.71,md,42,46,0.06667,0.04,nc,nc72188495,2017-02-03T11:48:33.690Z,"10 km WSW of Aspen Springs, California",earthquake,0.21,0.6,0.189,62,reviewed,nc,nc
2014-03-25T07:21:29.000Z,-5.57,-81,36,4.1,mb,,,,0.89,us,usb000ptt2,2014-05-24T00:54:44.000Z,"19 km W of Sechura, Peru",earthquake,,7.3,0.198,8,reviewed,lim,us
2014-03-25T07:01:28.500Z,-23.7051,-179.6922,510.7,4.5,mb,,122,6.294,0.87,us,usc000p4p9,2014-05-24T00:54:44.000Z,"south of the Fiji Islands",earthquake,,7.7,0.118,22,reviewed,us,us
2014-03-25T06:52:25.280Z,-17.3758,-71.13,65.04,4.3,ml,,138,1.448,0.68,us,usc000npe7,2014-05-24T00:54:44.000Z,"27 km SW of San Antonio, Peru",earthquake,,35.5,,,reviewed,us,lim
2014-03-25T06:35:24.900Z,17.4609,-90.944,24.3,4,md,,,,2.18,us,usc000nzbb,2014-05-24T00:54:44.000Z,"20 km SE of Apatzingán, Mexico",earthquake,,8.1,,19,reviewed,unm,unm
2014-03-25T06:31:23.700Z,-19.653,-70.8029,24,4.3,mwr,,107,0.643,1.1,us,usc000npdx,2014-05-24T00:54:45.000Z,"92 km NW of Iquique, Chile",earthquake,,1.8,0.049,40,reviewed,us,us
2014-03-25T06:04:09.700Z,19.3036,-67.2885,25,2.9,Md,11,298.8,0.84800963,0.25,pr,pr14084000,2014-05-24T00:54:44.000Z,"92 km NNW of San Antonio, Puerto Rico",earthquake,1.2,17.4,0,10,reviewed,pr,pr
2014-03-25T05:54:10.390Z,-18.1674,176.7113,42.08,4.3,mb,,168,1.344,0.83,us,usc000p4p8,2014-05-24T00:54:44.000Z,"84 km WSW of Nadi, Fiji",earthquake,,12.1,0.217,9,reviewed,us,us
2014-03-25T05:27:35.980Z,31.4738,-114.0643,15.35,4.3,md,,119,1.17,0.68,us,usc000nzba,2014-05-24T00:54:44.000Z,"47 km ESE of Golfo de Santa Clara, Mexico",earthquake,,7.7,,12,reviewed,us,unm
2014-03-25T04:19:32.700Z,19.1205,-67.8305,81,3.1,Md,6,327.6,1.27830265,0.17,pr,pr14084001,2014-05-24T00:54:44.000Z,"84 km NE of Punta Cana, Dominican Republic",earthquake,3.5,7.6,0,6,reviewed,pr,pr
2014-03-25T04:10:17.760Z,-17.8414,-178.5174,580.41,4.3,mb,,80,3.269,0.52,us,usc000npcd,2014-05-24T00:54:44.000Z,"230 km E of Levuka, Fiji",earthquake,,8.6,0.083,44,reviewed,us,us
2014-03-25T02:29:06.130Z,52.402,-172.724,162.9,2.9,ml,,,,0.36,us,usc000npbi,2023-07-20T17:32:37.127Z,"103 km ENE of Atka, Alaska",earthquake,,6.1,,17,reviewed,ak,ak
2014-03-25T02:13:42.300Z,-19.516,-70.8896,23,4.2,mwr,,147,0.727,0.76,us,usc000npb3,2014-05-24T00:54:45.000Z,"109 km NW of Iquique, Chile",earthquake,,1.9,0.048,42,reviewed,us,us
2014-03-25T01:05:52.230Z,1.3106,126.7875,74.22,4,mb,,165,0.788,0.45,us,usc000p4qd,2014-05-24T00:54:44.000Z,"87 km NW of Ternate, Indonesia",earthquake,,10.5,0.183,9,reviewed,us,us
2014-03-25T00:33:13.340Z,55.9982,161.1934,117.64,4.1,mb,,135,3.329,0.6,us,usc000p4p1,2014-05-24T00:54:44.000Z,"41 km SSE of Klyuchi, Russia",earthquake,,7.1,0.124,20,reviewed,us,us
2014-03-25T00:20:10.990Z,36.931,-3.6912,10,3.8,mb,,84,2.243,1.04,us,usc000nquf,2022-07-26T10:38:23.491Z,"5 km W of Albuñuelas, Spain",earthquake,,2,0.51,2,reviewed,us,us
2014-03-25T00:19:23.510Z,-19.8838,-70.912,21.72,4.5,mb,,143,0.796,1.36,us,usc000p4p3,2014-05-24T00:54:44.000Z,"87 km WNW of Iquique, Chile",earthquake,,5.9,0.27,7,reviewed,us,us
2014-03-25T00:15:12.710Z,-19.7936,-70.8261,15.39,5.2,mww,,96,0.69,1.21,us,usc000np7n,2025-12-22T16:49:11.925Z,"84 km WNW of Iquique, Chile",earthquake,,3,,,reviewed,us,us
2014-03-25T00:12:47.410Z,36.9391,5.6063,10,4.2,mb,,79,3.25,1.22,us,usc000np9b,2014-05-24T00:54:44.000Z,"19 km NW of Jijel, Algeria",earthquake,,1.9,0.263,5,reviewed,us,us
2014-03-24T23:35:50.430Z,-19.5963,-70.7791,24.73,4.6,mwr,,110,0.618,1.15,us,usc000np5t,2014-05-24T00:54:45.000Z,"94 km NW of Iquique, Chile",earthquake,,2.4,0.048,42,reviewed,us,us
2014-03-24T23:32:46.700Z,35.7693,-96.6517,5.761,3,ml,,67,,0.63,us,usc000np5g,2022-07-26T10:27:44.346Z,"2 km NNE of Stroud, Oklahoma",earthquake,,7.5,,,reviewed,tul,tul
2014-03-24T23:19:28.870Z,3.8764,-71.1903,15.14,4,mb,,72,2.77,1.33,us,usc000p35h,2014-05-24T00:54:44.000Z,"102 km S of Orocué, Colombia",earthquake,,5.7,0.367,2,reviewed,us,us
2014-03-24T22:48:56.800Z,35.8859,-97.288,5,2.6,ml,,,,0.67,us,usc000nptu,2014-05-24T00:54:44.000Z,"6 km NW of Meridian, Oklahoma",earthquake,,1.9,,,reviewed,tul,tul
2014-03-24T22:40:32.980Z,34.271,22.4923,10,4.1,mb,,225,2.219,1.46,us,usc000p35g,2014-05-24T00:54:44.000Z,"152 km SW of Palaióchora, Greece",earthquake,,2,0.261,6,reviewed,us,us
2014-03-24T22:18:26.840Z,-11.4753,116.725,23.34,4.6,mb,,50,3.916,1.34,us,usc000nnnn,2014-05-24T00:54:44.000Z,"South of Lombok, Indonesia",earthquake,,3.9,0.098,34,reviewed,us,us
2014-03-24T22:05:51.750Z,33.8008333,-118.1095,9.709,2.73,ml,63,77,0.01782,0.32,ci,ci15479793,2022-08-06T22:36:28.509Z,"3km NW of Rossmoor, CA",earthquake,0.36,0.41,0.16,207,reviewed,ci,ci
2014-03-24T21:39:20.030Z,-6.3573,128.2473,373.36,4.1,mb,,69,3.431,0.86,us,usc000nnm5,2014-05-24T00:54:44.000Z,"276 km NNE of Lospalos, Timor Leste",earthquake,,11.3,0.198,7,reviewed,us,us
2014-03-24T21:08:33.010Z,-19.6115,-70.7566,30.06,4,mwr,,161,0.597,1.37,us,usc000nnkq,2014-05-24T00:54:45.000Z,"92 km NW of Iquique, Chile",earthquake,,3.1,0.049,40,reviewed,us,us
2014-03-24T21:03:14.670Z,-19.6285,-70.7494,23.2,4.1,mb,,164,0.591,1.37,us,usc000p359,2014-05-24T00:54:44.000Z,"90 km NW of Iquique, Chile",earthquake,,6.3,0.521,3,reviewed,us,us
2014-03-24T20:51:17.208Z,60.6029,-150.3263,48.3,2.5,ml,,,,0.61,ak,ak0143tltfxk,2023-07-20T17:31:30.621Z,"25 km ENE of Sterling, Alaska",earthquake,,0.3,,,reviewed,ak,ak
2014-03-24T20:28:33.150Z,8.2733,-74.452,76.71,4.5,mb,,36,2.299,0.94,us,usc000nnhr,2014-05-24T00:54:44.000Z,"3 km SE of Montecristo, Colombia",earthquake,,6.1,0.089,41,reviewed,us,us
2014-03-24T20:18:55.170Z,-27.8937,-71.2189,14.84,4.8,mb,,114,0.922,0.64,us,usc000nnhf,2014-05-24T00:54:44.000Z,"88 km NNW of Vallenar, Chile",earthquake,,3.7,0.089,44,reviewed,us,us
2014-03-24T20:05:17.140Z,43.8296,-105.2217,0,3.4,ml,,52,0.904,0.6,us,usc000nngd,2014-05-24T00:54:44.000Z,"23 km ENE of Wright, Wyoming",mining explosion,,2,0.057,62,reviewed,us,us
2014-03-24T19:59:43.290Z,-19.5709,-70.8318,16.81,3.8,mwr,,161,0.668,1.38,us,usc000nnid,2014-05-24T00:54:45.000Z,"100 km NW of Iquique, Chile",earthquake,,5.1,0.075,17,reviewed,us,us
2014-03-24T19:22:47.400Z,-19.6223,-70.7233,28,4.1,mwr,,149,0.566,1.18,us,usc000nndl,2014-05-24T00:54:45.000Z,"88 km NW of Iquique, Chile",earthquake,,1.9,0.055,32,reviewed,us,us
2014-03-24T19:18:26.320Z,44.6513,-114.3138,5,3.3,ml,,35,1.058,0.74,us,usc000nndb,2022-08-06T22:37:16.143Z,"17 km NNW of Challis, Idaho",earthquake,,2,0.043,106,reviewed,us,us
2014-03-24T19:15:54.640Z,18.7302,145.3172,572.05,4.5,mb,,71,5.129,0.93,us,usc000p355,2014-05-24T00:54:44.000Z,"Pagan region, Northern Mariana Islands",earthquake,,11.5,0.18,10,reviewed,us,us
2014-03-24T18:57:58.350Z,44.6995,-114.3053,2.16,3.1,ml,,35,1.045,0.85,us,usc000nncj,2014-05-24T00:54:44.000Z,"22 km NNW of Challis, Idaho",earthquake,,8,0.044,98,reviewed,us,us
2014-03-24T18:43:33.340Z,44.6637,-114.3237,5,3.3,ml,,35,1.063,0.57,us,usc000nnc5,2014-05-24T00:54:44.000Z,"19 km NNW of Challis, Idaho",earthquake,,2,0.044,100,reviewed,us,us
2014-03-24T18:43:12.230Z,-19.6058,-70.7419,21.87,5,mww,,82,0.583,1.22,us,usc000nnc9,2025-12-22T16:49:11.306Z,"91 km NW of Iquique, Chile",earthquake,,3.7,,,reviewed,us,us
2014-03-24T18:29:54.880Z,7.0553,124.3107,485.15,4,mb,,102,6.945,0.76,us,usc000p351,2014-05-24T00:54:44.000Z,"1 km WSW of Dadus, Philippines",earthquake,,9.3,0.163,11,reviewed,us,us
2014-03-24T18:19:27.430Z,-19.604,-70.8722,19.92,4.6,mb,,166,0.706,1.22,us,usc000nnaz,2014-05-24T00:54:44.000Z,"101 km NW of Iquique, Chile",earthquake,,4.2,0.387,3,reviewed,us,us
2014-03-24T17:36:29.270Z,-5.7892,151.8421,37.05,4.2,mb,,211,1.619,0.83,us,usc000p350,2014-05-24T00:54:44.000Z,"166 km SSW of Kokopo, Papua New Guinea",earthquake,,23.3,0.236,6,reviewed,us,us
2014-03-24T17:30:45.060Z,-19.6183,-70.7818,27,4.2,mwr,,146,0.621,1.02,us,usc000nn98,2014-05-24T00:54:44.000Z,"93 km NW of Iquique, Chile",earthquake,,1.9,0.052,35,reviewed,us,us
2014-03-24T17:19:51.120Z,-19.6583,-70.8727,15.79,4,mwr,,150,0.709,1.36,us,usc000nn8r,2014-05-24T00:54:44.000Z,"97 km NW of Iquique, Chile",earthquake,,5.1,0.056,31,reviewed,us,us
2014-03-24T17:07:55.670Z,-19.0609,169.5415,288.36,4.2,mb,,83,4.17,1.32,us,usc000p34y,2014-05-24T00:54:43.000Z,"59 km NNE of Isangel, Vanuatu",earthquake,,8,0.091,35,reviewed,us,us
2014-03-24T16:44:06.189Z,61.7273,-150.7602,53.2,2.5,ml,,,,0.56,ak,ak0143tje6ne,2023-07-20T17:31:06.998Z,"24 km NNW of Susitna, Alaska",earthquake,,0.5,,,reviewed,ak,ak
2014-03-24T16:22:34.050Z,-19.6254,-70.8526,10,4.8,mb,,165,0.688,0.91,us,usc000p34v,2014-05-24T00:54:43.000Z,"98 km NW of Iquique, Chile",earthquake,,1.9,0.556,2,reviewed,us,us
2014-03-24T16:22:03.299Z,38.2878,-115.9205,17.3,2.5,ml,5,142.06,0.27,0.1082,nn,nn00441761,2018-06-29T23:05:45.486Z,"73 km NNW of Rachel, Nevada",earthquake,,8.8,0.1,3,reviewed,nn,nn
2014-03-24T15:51:30.080Z,40.5451667,-125.2315,19.029,2.7,md,23,289,0.6847,0.18,nc,nc72188085,2017-02-03T11:42:28.061Z,"82 km W of Ferndale, California",earthquake,4.42,6.94,0.251,26,reviewed,nc,nc
2014-03-24T15:46:41.980Z,-19.6091,-70.7054,29.71,4.8,mb,,136,0.549,0.73,us,usc000p35t,2014-05-24T00:54:43.000Z,"88 km NW of Iquique, Chile",earthquake,,4.1,0.555,3,reviewed,us,us
2014-03-24T15:46:32.610Z,-3.3815,104.0142,292.74,4.7,mb,,25,0.833,1.24,us,usc000nn3j,2014-05-24T00:54:43.000Z,"24 km WNW of Prabumulih, Indonesia",earthquake,,4.1,0.058,96,reviewed,us,us
2014-03-24T15:45:31.140Z,-19.5932,-70.8207,17.05,5.7,mww,,80,0.657,1.05,us,usc000nn3h,2022-07-26T10:25:46.239Z,"98 km NW of Iquique, Chile",earthquake,,2.6,,,reviewed,us,us
2014-03-24T15:39:59.800Z,36.8104,-97.6124,5,2.7,ml,,71,,0.4,us,usc000nn3s,2014-05-24T00:54:43.000Z,"8 km W of Deer Creek, Oklahoma",earthquake,,2,,,reviewed,tul,tul
2014-03-24T15:33:53.810Z,-25.1686,-70.6941,40.55,5,mb,,117,0.602,0.61,us,usc000nn2v,2014-05-24T00:54:43.000Z,"33 km NW of Taltal, Chile",earthquake,,4.8,0.086,47,reviewed,us,us
2014-03-24T15:14:48.210Z,-8.3221,127.7243,140.83,4,mb,,146,3.699,1.37,us,usc000p35s,2014-05-24T00:54:43.000Z,"82 km ENE of Lospalos, Timor Leste",earthquake,,21,0.259,5,reviewed,us,us
2014-03-24T15:11:44.260Z,-19.5898,-70.8002,21.71,4,mwr,,113,0.638,0.87,us,usc000nn2f,2014-05-24T00:54:44.000Z,"96 km NW of Iquique, Chile",earthquake,,3.8,0.05,38,reviewed,us,us
2014-03-24T15:04:01.050Z,0.9251,124.2123,214.94,4.2,mb,,141,2.427,0.78,us,usc000p34t,2014-05-24T00:54:43.000Z,"78 km WSW of Tomohon, Indonesia",earthquake,,12.6,0.187,9,reviewed,us,us
2014-03-24T13:19:57.250Z,-6.8658,130.5107,132.89,4.2,mb,,121,1.357,0.07,us,usc000nmzn,2014-05-24T00:54:43.000Z,"283 km WSW of Tual, Indonesia",earthquake,,20.3,0.304,3,reviewed,us,us
2014-03-24T13:12:43.500Z,-19.7803,-70.8131,16.34,4.1,mwr,,143,0.675,1.09,us,usc000nmzg,2014-05-24T00:54:44.000Z,"84 km NW of Iquique, Chile",earthquake,,4.2,0.052,36,reviewed,us,us
2014-03-24T13:12:09.880Z,17.4075,119.4771,47.16,4.4,mb,,114,0.944,0.9,us,usc000p34s,2014-05-24T00:54:43.000Z,"95 km WSW of Cabittaogan, Philippines",earthquake,,7,0.121,23,reviewed,us,us
2014-03-24T12:48:04.150Z,-19.9317,-70.8908,14.57,4.4,mwr,,128,0.796,0.83,us,usc000nmyh,2014-05-24T00:54:44.000Z,"83 km WNW of Iquique, Chile",earthquake,,3.1,0.049,40,reviewed,us,us
2014-03-24T12:39:18.560Z,40.4933333,-124.7706667,21.019,2.56,md,23,263,0.3306,0.15,nc,nc72187995,2017-02-03T11:41:13.660Z,"43 km WSW of Ferndale, California",earthquake,0.71,0.77,0.23,25,reviewed,nc,nc
2014-03-24T12:32:50.410Z,-19.7882,-70.808,17.85,5,mww,,96,0.672,0.68,us,usc000nmy0,2025-12-22T17:19:47.673Z,"83 km NW of Iquique, Chile",earthquake,,3.2,,,reviewed,us,us
2014-03-24T12:31:05.440Z,51.725,-176.991,79.6,4,mb,,,,1.01,us,usc000ny0l,2019-05-14T02:42:43.634Z,"29 km SW of Adak, Alaska",earthquake,,5.2,0.11,24,reviewed,ak,us
2014-03-24T12:26:59.390Z,-25.143,69.8626,10,4.6,mb,,181,13.578,0.78,us,usc000p34r,2014-05-24T00:54:43.000Z,"Indian Ocean Triple Junction",earthquake,,1.9,0.206,7,reviewed,us,us
2014-03-24T12:22:21.940Z,-19.6816,-71.0911,19.63,4.1,mb,,149,0.916,0.7,us,usc000nmxd,2014-05-24T00:54:43.000Z,"114 km WNW of Iquique, Chile",earthquake,,5.3,0.302,5,reviewed,us,us
2014-03-24T12:09:32.760Z,-19.2796,-177.5643,562.6,4,mb,,133,4.43,0.66,us,usc000p34q,2014-05-24T00:54:43.000Z,"Fiji region",earthquake,,9.4,0.119,19,reviewed,us,us
2014-03-24T11:53:01.210Z,-19.7073,-70.7796,21.64,4.5,mb,,112,0.628,0.94,us,usc000p34p,2014-05-24T00:54:43.000Z,"86 km NW of Iquique, Chile",earthquake,,4.8,0.181,15,reviewed,us,us
2014-03-24T11:46:23.670Z,-5.5211,147.2898,200.31,4.3,mb,,81,3.455,0.65,us,usc000nmxy,2014-05-24T00:54:43.000Z,"130 km NNW of Finschhafen, Papua New Guinea",earthquake,,5.3,0.109,25,reviewed,us,us
2014-03-24T11:40:43.470Z,-19.8288,-70.8824,15.19,5.6,mww,,80,0.751,0.63,us,usc000nmwm,2022-05-03T16:45:56.446Z,"87 km WNW of Iquique, Chile",earthquake,,2.9,,,reviewed,us,us
2014-03-24T11:35:35.700Z,-19.5622,-70.7769,20.36,4.7,mb,,142,0.617,0.74,us,usc000p362,2014-05-24T00:54:43.000Z,"97 km NW of Iquique, Chile",earthquake,,5.4,0.183,13,reviewed,us,us
2014-03-24T11:32:15.000Z,-19.7866,-70.8069,17.81,5.2,mww,,80,0.671,0.72,us,usc000nmwf,2025-12-22T16:49:10.614Z,"Near the coast of Tarapaca, Chile",earthquake,,2.9,,,reviewed,us,us
2014-03-24T11:26:39.400Z,-19.8239,-70.7651,22,5.7,mww,,82,0.645,0.7,us,usc000nmvq,2022-05-03T16:45:55.243Z,"77 km NW of Iquique, Chile",earthquake,,1.7,,,reviewed,us,us
2014-03-24T11:24:42.420Z,11.6918,-86.8922,58.45,4.5,mb,,125,1.433,0.6,us,usc000nmvs,2014-05-24T00:54:43.000Z,"42 km WSW of Masachapa, Nicaragua",earthquake,,9.2,0.053,123,reviewed,us,us
2014-03-24T11:19:00.500Z,-3.1631,142.1699,35,4.8,mb,,27,5.308,0.53,us,usc000nmvp,2014-05-24T00:54:43.000Z,"20 km W of Aitape, Papua New Guinea",earthquake,,1.9,0.067,71,reviewed,us,us
2014-03-24T10:21:33.440Z,-3.2949,128.2712,67.85,4.1,mb,,80,3.842,0.73,us,usc000nmug,2014-05-24T00:54:43.000Z,"45 km NNE of Ambon, Indonesia",earthquake,,13.2,0.197,8,reviewed,us,us
2014-03-24T09:53:00.190Z,7.5982,94.1602,10,4.2,mb,,196,3.634,1.13,us,usc000p34m,2014-05-24T00:54:43.000Z,"Nicobar Islands, India region",earthquake,,1.9,0.236,5,reviewed,us,us
2014-03-24T09:14:54.040Z,37.4079,71.1112,93.2,4.3,mb,,116,3.316,1.19,us,usc000p34l,2014-05-24T00:54:43.000Z,"40 km WSW of Khorugh, Tajikistan",earthquake,,9.7,0.143,15,reviewed,us,us
2014-03-24T09:03:09.120Z,-19.8941,-70.9289,19.02,4.1,mb,,162,0.814,0.73,us,usc000p35w,2014-05-24T00:54:43.000Z,"88 km WNW of Iquique, Chile",earthquake,,6.3,0.524,2,reviewed,us,us
2014-03-24T09:00:19.530Z,-14.9175,167.4316,142.88,4.4,mb,,187,7.177,0.61,us,usc000p34k,2014-05-24T00:54:43.000Z,"40 km ENE of Port-Olry, Vanuatu",earthquake,,13.9,0.162,12,reviewed,us,us
2014-03-24T08:46:51.900Z,17.326,-94.66,147.1,4.2,mb,,,,1.2,us,usc000nzau,2014-05-24T00:54:43.000Z,"9 km NNW of Hermanos Cedillo, Mexico",earthquake,,8.1,0.076,49,reviewed,unm,us
2014-03-24T08:41:27.954Z,60.6021,-152.3562,95,2.8,ml,,,,0.61,ak,ak0143tem4cb,2023-07-20T17:30:06.256Z,"56 km W of Salamatof, Alaska",earthquake,,0.3,,,reviewed,ak,ak
2014-03-24T08:06:33.370Z,-19.6723,-70.7097,23.06,4.5,mb,,161,0.558,0.97,us,usc000nmqw,2014-05-24T00:54:43.000Z,"83 km NW of Iquique, Chile",earthquake,,5.4,0.314,6,reviewed,us,us
2014-03-24T07:38:11.400Z,32.283,-115.2918333,15.549,2.85,ml,14,218,0.1366,0.3,ci,ci15479569,2016-03-12T04:13:47.926Z,"12km SW of Delta, B.C., MX",earthquake,2,3.94,0.092,11,reviewed,ci,ci
2014-03-24T07:29:58.749Z,63.5035,-147.5405,72.9,3.6,ml,,,,0.76,ak,ak0143tdy6iq,2023-07-20T17:29:58.602Z,"71 km E of Cantwell, Alaska",earthquake,,0.3,,,reviewed,ak,ak
2014-03-24T07:13:53.040Z,-19.9845,-70.8204,18.2,4.3,mb,,199,0.761,0.94,us,usc000p35x,2014-05-24T00:54:43.000Z,"Near the coast of Tarapaca, Chile",earthquake,,5.5,0.376,3,reviewed,us,us
2014-03-24T07:08:29.800Z,-19.8002,-70.8466,10,4.1,mb,,169,0.711,1.09,us,usc000nmq0,2014-05-24T00:54:43.000Z,"86 km WNW of Iquique, Chile",earthquake,,1.9,0.37,3,reviewed,us,us
2014-03-24T06:39:42.980Z,-23.5418,69.9116,10,4.3,mb,,151,58.166,0.7,us,usc000p34i,2014-05-24T00:54:43.000Z,"Mid-Indian Ridge",earthquake,,1.9,0.188,9,reviewed,us,us
2014-03-24T05:35:37.100Z,51.7057,143.3966,10,4.1,mb,,126,4.769,0.93,us,usc000p34g,2014-05-24T00:54:42.000Z,"20 km ESE of Nogliki, Russia",earthquake,,1.8,0.15,14,reviewed,us,us
2014-03-24T05:27:24.730Z,58.4516,-155.6337,155,2.9,ml,,,,0.85,ak,ak0143tcqt95,2023-07-20T17:29:44.232Z,"65 km ESE of King Salmon, Alaska",earthquake,,0.3,,,reviewed,ak,ak
2014-03-24T05:22:40.760Z,-19.7203,-70.8554,10,4,mb,,161,0.701,1.3,us,usc000p34d,2014-05-24T00:54:42.000Z,"91 km NW of Iquique, Chile",earthquake,,1.8,0.519,4,reviewed,us,us
2014-03-24T05:19:45.500Z,35.8944,-97.2898,5.158,2.5,ml,,74,,0.47,us,usc000nmxg,2014-05-24T00:54:42.000Z,"6 km SSW of Langston, Oklahoma",earthquake,,1.3,,,reviewed,tul,tul
2014-03-24T05:16:17.240Z,-19.7528,169.9432,245.98,4,mb,,123,4.003,0.27,us,usc000p349,2014-05-24T00:54:42.000Z,"73 km ESE of Isangel, Vanuatu",earthquake,,12,0.3,3,reviewed,us,us
2014-03-24T04:17:15.852Z,60.0771,-152.6791,101.9,2.8,ml,,,,0.66,ak,ak0143tc37sx,2023-07-20T17:29:29.253Z,"54 km WNW of Happy Valley, Alaska",earthquake,,0.3,,,reviewed,ak,ak
2014-03-24T04:08:37.000Z,-23.024,-66.461,243,4.2,mb,,,,0.79,us,usc000nml7,2014-05-24T00:54:42.000Z,"82 km WNW of El Aguilar, Argentina",earthquake,,8.5,0.264,5,reviewed,sja,us
2014-03-24T03:11:33.290Z,-57.2603,-25.7568,35,4,mb,,109,6.748,0.93,us,usc000p35m,2014-05-24T00:54:42.000Z,"South Sandwich Islands region",earthquake,,2,0.212,8,reviewed,us,us
2014-03-24T01:50:58.060Z,-3.0524,136.5394,48.91,4.2,mb,,186,4.286,1.38,us,usc000p34f,2014-05-24T00:54:42.000Z,"120 km ENE of Nabire, Indonesia",earthquake,,12.6,0.199,9,reviewed,us,us
2014-03-24T01:32:54.720Z,3.9185,95.8938,44.23,4.8,mb,,93,1.672,1.38,us,usc000nmj1,2014-05-24T00:54:42.000Z,"35 km SW of Meulaboh, Indonesia",earthquake,,6.3,0.081,51,reviewed,us,us
2014-03-24T00:21:01.560Z,-1.1031,122.7178,31.08,4.3,mb,,53,0.081,0.86,us,usc000p34c,2014-05-24T00:54:42.000Z,"18 km SSW of Luwuk, Indonesia",earthquake,,6.1,0.133,19,reviewed,us,us
2014-03-23T23:56:43.100Z,-4.1454,102.4994,41.69,4.4,mb,,74,0.502,0.76,us,usc000nmhu,2014-05-24T00:54:42.000Z,"46 km SE of Bengkulu, Indonesia",earthquake,,6,0.123,19,reviewed,us,us
2014-03-23T23:55:48.040Z,-19.9621,-70.7959,21,4.4,mwr,,197,0.73,0.89,us,usc000nmhs,2014-05-24T00:54:43.000Z,"73 km WNW of Iquique, Chile",earthquake,,2,0.058,29,reviewed,us,us
2014-03-23T23:43:45.240Z,-55.433,-125.595,10,5.09,mw,,,,,iscgem,iscgem604370884,2025-12-22T16:53:52.544Z,"southern East Pacific Rise",earthquake,,25,0.1,,reviewed,iscgem,iscgem
2014-03-23T23:28:20.770Z,-5.5625,153.6393,10,4.4,mb,,84,2.004,1.1,us,usc000p0ss,2014-05-24T00:54:42.000Z,"203 km SE of Kokopo, Papua New Guinea",earthquake,,1.9,0.17,13,reviewed,us,us
2014-03-23T23:12:09.650Z,52.122,-179.029,39.4,2.6,ml,,,,0.72,us,usc000nnab,2023-07-20T17:28:50.774Z,"166 km W of Adak, Alaska",earthquake,,10,,11,reviewed,ak,ak
2014-03-23T22:44:04.130Z,-57.0311,-24.963,46.67,4.3,mb,,79,17.346,0.67,us,usc000p0sq,2014-05-24T00:54:42.000Z,"South Sandwich Islands region",earthquake,,5.3,0.187,9,reviewed,us,us
2014-03-23T22:40:28.120Z,-19.7727,-70.9693,17.39,4,mb,,160,0.816,0.96,us,usc000p0sr,2014-05-24T00:54:42.000Z,"98 km WNW of Iquique, Chile",earthquake,,5,0.3,5,reviewed,us,us
2014-03-23T22:25:44.680Z,53.157,-163.293,62.1,2.7,ml,,,,0.41,us,usc000ns7n,2023-07-20T17:28:46.291Z,"189 km S of False Pass, Alaska",earthquake,,10.1,,,reviewed,ak,ak
2014-03-23T22:22:50.320Z,12.5452,-87.6335,77,4.1,mb,,176,0.434,0.64,us,usc000nmf7,2014-05-24T00:54:42.000Z,"29 km SW of Jiquilillo, Nicaragua",earthquake,,6.1,0.185,10,reviewed,us,us
2014-03-23T22:04:26.320Z,-19.8192,-70.7906,23.26,5.1,mww,,80,0.666,0.81,us,usc000nmet,2025-12-22T17:19:46.432Z,"79 km WNW of Iquique, Chile",earthquake,,3.5,,,reviewed,us,us
2014-03-23T21:17:27.300Z,-19.7142,-70.7122,28,4.6,mwr,,82,0.567,0.83,us,usc000nmdu,2014-05-24T00:54:43.000Z,"80 km NW of Iquique, Chile",earthquake,,1.8,0.054,33,reviewed,us,us
2014-03-23T21:16:56.490Z,-19.7398,-71.0286,10,4,mb,,151,0.865,0.92,us,usc000nmdq,2014-05-24T00:54:42.000Z,"105 km WNW of Iquique, Chile",earthquake,,1.9,0.3,7,reviewed,us,us
2014-03-23T21:10:49.350Z,-57.0498,-25.0331,40.55,4,mb,,123,17.344,0.73,us,usc000p0sx,2014-05-24T00:54:42.000Z,"South Sandwich Islands region",earthquake,,8.7,0.258,6,reviewed,us,us
2014-03-23T20:25:26.800Z,18.7171,-65.222,52,2.8,Md,3,295.2,0.41053008,0.07,pr,pr14082007,2014-03-24T01:39:17.656Z,"46 km N of Culebra, Puerto Rico",earthquake,3.4,3.2,0,1,reviewed,pr,pr
2014-03-23T20:23:03.290Z,-19.8774,-70.8631,16.56,5.1,mww,,99,0.75,1.47,us,usc000nmcf,2025-12-22T16:49:09.802Z,"83 km WNW of Iquique, Chile",earthquake,,3.6,,,reviewed,us,us
2014-03-23T20:12:46.880Z,-19.7515,-70.7441,21.35,4.1,mwr,,99,0.605,1.06,us,usc000nmc5,2014-05-24T00:54:43.000Z,"80 km NW of Iquique, Chile",earthquake,,4.5,0.063,24,reviewed,us,us
2014-03-23T20:07:12.390Z,-19.7197,-70.9207,17.51,4.4,mwr,,133,0.761,1.44,us,usc000nmc0,2014-05-24T00:54:43.000Z,"97 km NW of Iquique, Chile",earthquake,,4.2,0.052,35,reviewed,us,us
2014-03-23T19:52:09.620Z,-57.0168,-24.8015,10,4.6,mb,,69,7.157,0.88,us,usc000p0sm,2014-05-24T00:54:42.000Z,"South Sandwich Islands region",earthquake,,1.7,0.141,16,reviewed,us,us
2014-03-23T19:50:52.613Z,71.0669,-135.3626,20.8,3.1,ml,,,,0.87,ak,ak0143rxoiul,2023-07-20T17:28:36.911Z,"Beaufort Sea",earthquake,,20.9,,,reviewed,ak,ak
2014-03-23T19:46:52.500Z,36.8433,-97.8753,5,2.5,ml,,94,,0.88,us,usc000nn2l,2014-05-24T00:54:42.000Z,"6 km SE of Wakita, Oklahoma",earthquake,,2,,,reviewed,tul,tul
2014-03-23T18:51:08.930Z,-19.8414,-70.8864,20.57,4,mb,,176,0.759,1.34,us,usc000p0sp,2014-05-24T00:54:42.000Z,"87 km WNW of Iquique, Chile",earthquake,,6.7,0.299,5,reviewed,us,us
2014-03-23T18:20:01.930Z,-19.6899,-70.8538,21,6.3,mww,,82,0.695,0.85,us,usc000nm96,2022-08-06T22:35:37.042Z,"93 km NW of Iquique, Chile",earthquake,,1.8,,,reviewed,us,us
2014-03-23T18:02:41.330Z,43.7953,-105.2522,0,3.2,ml,,113,0.936,0.73,us,usc000nm8v,2014-05-24T00:54:42.000Z,"19 km ENE of Wright, Wyoming",mining explosion,,2,0.066,34,reviewed,us,us
2014-03-23T18:00:43.160Z,-5.1337,152.6279,39.28,4.6,mb,,47,1.044,0.98,us,usc000nm93,2014-05-24T00:54:42.000Z,"96 km SSE of Kokopo, Papua New Guinea",earthquake,,7.1,0.116,23,reviewed,us,us
2014-03-23T17:49:01.790Z,-16.8601,-173.5544,10,4.4,mb,,81,3.397,1.06,us,usc000p0sd,2014-05-24T00:54:42.000Z,"103 km SSE of Hihifo, Tonga",earthquake,,1.9,0.179,11,reviewed,us,us
2014-03-23T17:46:17.100Z,36.483,70.4065,213.33,4.3,mb,,71,2.234,1.2,us,usc000nm8l,2014-05-24T00:54:42.000Z,"50 km ESE of Farkh?r, Afghanistan",earthquake,,6.2,0.08,50,reviewed,us,us
2014-03-23T16:45:14.110Z,-19.6971,-71.0838,12.41,4,mwr,,144,0.911,0.8,us,usc000nm75,2014-05-24T00:54:43.000Z,"113 km WNW of Iquique, Chile",earthquake,,4.2,0.056,31,reviewed,us,us
2014-03-23T16:37:47.730Z,40.7281667,-125.256,22.352,2.84,md,56,253,0.7432,0.26,nc,nc72187350,2017-02-03T11:32:20.920Z,"85 km W of Ferndale, California",earthquake,2.24,7.87,0.19,44,reviewed,nc,nc
2014-03-23T15:59:59.400Z,-5.0791,152.4946,58.07,4.9,mb,,29,0.941,0.76,us,usc000nm5s,2014-05-24T00:54:42.000Z,"85 km SSE of Kokopo, Papua New Guinea",earthquake,,5.6,0.062,83,reviewed,us,us
2014-03-23T15:08:59.640Z,71.5334,-134.6379,10,4.6,mwr,,18,3.266,0.93,us,usc000nm4c,2023-07-20T17:28:24.728Z,"Beaufort Sea",earthquake,,1.8,,,reviewed,us,pgc
2014-03-23T14:58:04.090Z,10.6177,-73.207,57.88,4.6,mb,,38,1.607,0.91,us,usc000nm48,2014-05-24T00:54:42.000Z,"17 km NNE of Valledupar, Colombia",earthquake,,5.6,0.057,106,reviewed,us,us
2014-03-23T14:12:02.500Z,35.9463333,-117.7031667,2.653,2.55,ml,31,40,0.08302,0.13,ci,ci15479265,2022-07-26T10:23:46.695Z,"18km E of Little Lake, CA",earthquake,0.2,0.64,0.159,95,reviewed,ci,ci
2014-03-23T13:55:37.150Z,-56.7432,-25.7036,58.02,4.4,mb,,105,6.602,0.37,us,usc000p0sv,2014-05-24T00:54:42.000Z,"South Sandwich Islands region",earthquake,,7.9,0.269,5,reviewed,us,us
2014-03-23T13:47:40.120Z,36.4254,71.1439,207.24,4.5,mb,,73,2.544,0.78,us,usc000nm30,2014-05-24T00:54:42.000Z,"45 km SW of Ashk?sham, Afghanistan",earthquake,,7.1,0.088,42,reviewed,us,us
2014-03-23T13:41:50.150Z,38.8259,143.6095,27.49,4.4,mb,,192,3.204,1.3,us,usc000p0s6,2014-05-24T00:54:42.000Z,"158 km ESE of Kamaishi, Japan",earthquake,,8.7,0.239,6,reviewed,us,us
2014-03-23T12:48:05.520Z,-19.7584,-71.0144,16.84,4.3,mwr,,96,0.855,1.01,us,usc000nm1q,2014-05-24T00:54:43.000Z,"103 km WNW of Iquique, Chile",earthquake,,1.1,0.052,36,reviewed,us,us
2014-03-23T12:37:47.600Z,18.8598,-64.6378,69,2.8,Md,4,324,0.5874982,0,pr,pr14082006,2014-05-24T00:54:42.000Z,"60 km NNE of Cruz Bay, U.S. Virgin Islands",earthquake,3.6,2.4,0,2,reviewed,pr,pr
2014-03-23T12:30:34.700Z,18.947,-67.5385,28,2.8,Md,8,298.8,0.56144705,0.07,pr,pr14082005,2014-05-24T00:54:42.000Z,"68 km NW of San Antonio, Puerto Rico",earthquake,0.6,4,0,8,reviewed,pr,pr
2014-03-23T11:51:20.800Z,15.467,-95.614,17.8,4,md,,,,0.97,us,usc000nzaf,2014-05-24T00:54:42.000Z,"53 km SSE of El Coyul, Mexico",earthquake,,8.1,,13,reviewed,unm,unm
2014-03-23T11:12:25.060Z,33.9342,25.6036,36.85,4.4,mb,,62,1.473,1.3,us,usc000nm02,2014-05-24T00:54:42.000Z,"119 km S of Néa Anatolí, Greece",earthquake,,6.6,0.083,46,reviewed,us,us
2014-03-23T10:48:20.060Z,-21.6131,-176.3956,137.89,4.7,mb,,99,6.572,1.06,us,usc000nlzk,2014-05-24T00:54:41.000Z,"132 km WSW of Haveluloto, Tonga",earthquake,,5.4,0.084,45,reviewed,us,us
2014-03-23T10:27:16.770Z,57.397,-155.0379,60.4,2.7,ml,,,,0.64,ak,ak0143rs6m65,2023-07-20T17:28:07.417Z,"39 km WSW of Karluk, Alaska",earthquake,,1.2,,,reviewed,ak,ak
2014-03-23T10:23:05.700Z,-19.7569,-70.8267,20.75,4.3,mwr,,129,0.681,0.94,us,usc000nlyq,2014-05-24T00:54:42.000Z,"86 km NW of Iquique, Chile",earthquake,,4.2,0.053,34,reviewed,us,us
2014-03-23T10:10:52.810Z,-20.101,-68.718,116.92,4.1,mwr,,57,0.621,1.46,us,usc000nlyh,2014-05-24T00:54:42.000Z,"150 km E of Iquique, Chile",earthquake,,4.8,0.086,13,reviewed,us,us
2014-03-23T09:42:32.280Z,-8.6687,157.6951,14.25,4.4,mb,,58,2.352,0.98,us,usc000p0s4,2014-05-24T00:54:41.000Z,"112 km ESE of Gizo, Solomon Islands",earthquake,,4.3,0.118,22,reviewed,us,us
2014-03-23T08:47:47.500Z,19.527,-67.8442,41,3,Md,5,342,1.26033634,0.27,pr,pr14082004,2014-05-24T00:54:41.000Z,"120 km NNE of Punta Cana, Dominican Republic",earthquake,4.6,17.2,0,5,reviewed,pr,pr
2014-03-23T07:18:55.170Z,2.7922,128.6484,219,4.2,mb,,134,2.38,0.4,us,usc000nlvn,2014-05-24T00:54:41.000Z,"137 km NNE of Tobelo, Indonesia",earthquake,,9.8,0.127,21,reviewed,us,us
2014-03-23T07:02:38.890Z,-5.6314,153.0516,51.45,4.2,mb,,114,1.682,0.88,us,usc000p0s2,2014-05-24T00:54:41.000Z,"166 km SSE of Kokopo, Papua New Guinea",earthquake,,6.2,0.147,15,reviewed,us,us
2014-03-23T06:18:36.890Z,37.2106,-97.8982,7.34,2.7,mb_lg,,108,0.02,0.42,us,usc000nlu3,2022-07-26T10:22:51.086Z,"3 km WNW of Freeport, Kansas",earthquake,,4.9,0.075,47,reviewed,us,us
2014-03-23T06:18:27.680Z,6.7552,-72.959,157.73,4.2,mb,,121,0.83,0.81,us,usc000nlua,2014-05-24T00:54:41.000Z,"1 km E of Cepitá, Colombia",earthquake,,5.5,0.118,23,reviewed,us,us
2014-03-23T05:38:47.184Z,66.3195,-157.3867,12.4,2.8,ml,,,,0.79,ak,ak0143rp9vda,2023-07-20T17:27:49.603Z,"64 km S of Shungnak, Alaska",earthquake,,1.3,,,reviewed,ak,ak
2014-03-23T05:19:50.670Z,-20.6627,-178.8474,619.24,4.6,mb,,46,4.123,0.65,us,usc000nlsz,2014-05-24T00:54:41.000Z,"Fiji region",earthquake,,6.1,0.038,236,reviewed,us,us
2014-03-23T04:45:59.530Z,-20.6463,-178.7804,620.5,4.8,mb,,45,4.157,0.77,us,usc000nlr9,2014-05-24T00:54:41.000Z,"Fiji region",earthquake,,5.5,0.036,262,reviewed,us,us
2014-03-23T04:31:28.480Z,-20.6659,-178.7822,622.37,5.4,mb,,27,8.481,0.91,us,usc000p0su,2022-05-03T16:45:57.585Z,"Fiji region",earthquake,,5.3,0.061,111,reviewed,us,us
2014-03-23T04:31:01.620Z,-20.6741,-178.8113,606.87,5.9,mwb,,18,4.155,0.76,us,usc000nlq5,2022-05-03T16:46:52.003Z,"Fiji region",earthquake,,4.2,0.06,27,reviewed,us,us
2014-03-23T04:21:36.670Z,34.8743333,-116.8138333,7.095,2.53,ml,44,39,0.1505,0.13,ci,ci15479113,2016-03-12T04:13:41.076Z,"19km E of Barstow, CA",earthquake,0.21,0.73,0.145,155,reviewed,ci,ci
2014-03-23T04:04:51.500Z,19.5096,120.2978,27.93,4.3,mb,,131,1.952,0.58,us,usc000p0rx,2014-05-24T00:54:41.000Z,"116 km NNW of Pagudpud, Philippines",earthquake,,5.4,0.188,10,reviewed,us,us
2014-03-23T03:37:23.790Z,36.642,-97.66,5,2.7,ml,,,,0.57,us,usc000nlnx,2014-05-24T00:54:41.000Z,"8 km N of Hunter, Oklahoma",earthquake,,2,,,reviewed,tul,tul
2014-03-23T03:29:37.700Z,18.7325,-64.6675,6,2.5,Md,5,277.2,0.31800361,0.1,pr,pr14082001,2014-05-24T00:54:41.000Z,"46 km NNE of Cruz Bay, U.S. Virgin Islands",earthquake,1.9,1.9,0,4,reviewed,pr,pr
2014-03-23T02:46:20.500Z,16.565,-98.411,23.9,4,md,,,,1.74,us,usc000nza7,2014-05-24T00:54:41.000Z,"8 km NW of San Juan Bautista Lo de Soto, Mexico",earthquake,,9.8,,19,reviewed,unm,unm
2014-03-23T02:20:51.350Z,-7.015,155.9287,95.38,4.3,mb,,94,4.649,0.65,us,usc000nlmz,2014-05-24T00:54:41.000Z,"91 km SSE of Panguna, Papua New Guinea",earthquake,,6.1,0.16,14,reviewed,us,us
2014-03-23T01:18:03.380Z,7.2057,125.1176,43.65,4.5,mb,,79,0.477,0.95,us,usc000nllc,2014-05-24T00:54:41.000Z,"8 km NE of President Roxas, Philippines",earthquake,,8.5,0.144,22,reviewed,us,us
2014-03-23T01:15:32.640Z,-20.799,-178.6052,596.82,4.2,mb,,125,4.381,0.65,us,usc000p0rv,2014-05-24T00:54:41.000Z,"Fiji region",earthquake,,8.1,0.187,14,reviewed,us,us
2014-03-23T00:56:15.930Z,-19.701,-71.0953,16.3,4,mb,,159,0.922,0.98,us,usc000p0ru,2014-05-24T00:54:41.000Z,"114 km WNW of Iquique, Chile",earthquake,,6.5,0.259,6,reviewed,us,us
2014-03-23T00:46:38.990Z,31.0733,140.0113,144.65,4.2,mb,,132,2.042,0.64,us,usc000nlkm,2014-05-24T00:54:41.000Z,"Izu Islands, Japan region",earthquake,,7.3,0.132,18,reviewed,us,us
2014-03-23T00:44:26.660Z,-5.619,130.9956,129.25,4.1,mb,,125,2.367,1.17,us,usc000p0rq,2014-05-24T00:54:41.000Z,"194 km W of Tual, Indonesia",earthquake,,14.6,0.233,5,reviewed,us,us
2014-03-23T00:31:55.930Z,-17.8261,-178.6575,600.94,4.4,mb,,170,3.135,0.69,us,usc000p0rp,2014-05-24T00:54:41.000Z,"216 km E of Levuka, Fiji",earthquake,,8.2,0.12,21,reviewed,us,us
2014-03-23T00:20:59.300Z,18.0002,-68.091,98,3,Md,4,241.2,0.57941336,0.23,pr,pr14082000,2014-05-24T00:54:41.000Z,"68 km SE of Boca de Yuma, Dominican Republic",earthquake,3.5,2.2,0,4,reviewed,pr,pr
2014-03-23T00:16:15.340Z,-4.8123,151.9791,157.88,4.1,mb,,120,0.643,0.53,us,usc000p0rr,2014-05-24T00:54:41.000Z,"61 km SSW of Kokopo, Papua New Guinea",earthquake,,7.6,0.139,15,reviewed,us,us
2014-03-23T00:09:36.130Z,-7.8028,105.9853,21.85,4.4,mb,,84,1.83,1.21,us,usc000p0rt,2014-05-24T00:54:41.000Z,"109 km SW of Pelabuhanratu, Indonesia",earthquake,,5.3,0.117,23,reviewed,us,us
2014-03-23T00:03:18.150Z,36.8221,-12.359,10,4.2,mb,,180,2.845,0.81,us,usc000nnp5,2014-05-24T00:54:41.000Z,"Azores-Cape St. Vincent Ridge",earthquake,,2,0.303,3,reviewed,us,us
2014-03-22T22:51:16.940Z,-19.735,-70.9979,19.21,4,mwr,,168,0.835,0.8,us,usc000nli0,2014-05-24T00:54:42.000Z,"103 km WNW of Iquique, Chile",earthquake,,7.5,0.05,38,reviewed,us,us
2014-03-22T22:18:07.493Z,61.4331,-149.9032,36.5,2.6,ml,,,,0.62,ak,ak0143qbqirx,2023-07-20T17:27:14.360Z,"9 km NNE of Point MacKenzie, Alaska",earthquake,,0.4,,,reviewed,ak,ak
2014-03-22T22:14:58.050Z,-19.6953,-71.0063,21,5,mwr,,132,0.838,0.91,us,usc000nlhg,2025-12-22T16:49:09.003Z,"106 km WNW of Iquique, Chile",earthquake,,1.8,0.048,42,reviewed,us,us
2014-03-22T22:02:09.600Z,6.9466,94.6976,10,4.1,mb,,118,2.813,1.31,us,usc000nyv2,2014-05-24T00:54:41.000Z,"135 km NNW of Sabang, Indonesia",earthquake,,1.9,0.175,10,reviewed,us,us
2014-03-22T21:52:59.310Z,56.1563,163.4051,31.62,4,mb,,84,4.183,0.59,us,usc000nyum,2014-05-24T00:54:41.000Z,"58 km E of Ust’-Kamchatsk Staryy, Russia",earthquake,,4.8,0.091,32,reviewed,us,us
2014-03-22T21:41:22.510Z,5.284,94.5391,65.81,4.6,mb,,127,2.398,0.85,us,usc000nlh0,2014-05-24T00:54:41.000Z,"92 km WSW of Banda Aceh, Indonesia",earthquake,,6.2,0.069,66,reviewed,us,us
2014-03-22T21:32:40.820Z,7.4604,94.2899,10,4.2,mb,,159,3.448,1.13,us,usc000nyuj,2014-05-24T00:54:41.000Z,"207 km NNW of Sabang, Indonesia",earthquake,,1.9,0.152,14,reviewed,us,us
2014-03-22T21:30:27.790Z,-33.5823,-177.3995,35.66,4.8,mb,,116,4.347,0.88,us,usc000nlgk,2025-12-22T16:28:24.301Z,"south of the Kermadec Islands",earthquake,,3,0.075,57,reviewed,us,us
2014-03-22T20:51:20.350Z,3.5481,127.1283,56.35,4.1,mb,,108,2.768,0.92,us,usc000nyv3,2014-05-24T00:54:41.000Z,"223 km NNW of Tobelo, Indonesia",earthquake,,11,0.151,13,reviewed,us,us
2014-03-22T20:48:52.000Z,6.7449,-72.9595,162.11,4.4,mb,,34,0.82,0.79,us,usc000nlfn,2014-05-24T00:54:41.000Z,"1 km ESE of Cepitá, Colombia",earthquake,,5.6,0.056,100,reviewed,us,us
2014-03-22T20:46:50.930Z,3.5582,127.0666,53.43,5.2,mb,,47,2.784,0.63,us,usc000nlfl,2022-05-03T16:45:52.506Z,"227 km NNW of Tobelo, Indonesia",earthquake,,5.5,0.045,165,reviewed,us,us
2014-03-22T19:49:11.850Z,21.1592,-106.2015,10,4.8,mb,,103,1.572,0.74,us,usc000nle0,2022-07-26T10:21:55.336Z,"83 km WNW of Corral del Risco (Punta de Mita), Mexico",earthquake,,1.8,0.038,228,reviewed,us,us
2014-03-22T19:42:12.210Z,36.8124,-97.5915,4.1,3.3,ml,,83,0.256,0.3,us,usc000nldm,2014-05-24T00:54:41.000Z,"6 km W of Deer Creek, Oklahoma",earthquake,,6.7,,,reviewed,us,tul
2014-03-22T19:30:11.700Z,36.6995,-97.7096,5,2.8,ml,,101,,0.58,us,usc000nld4,2014-05-24T00:54:41.000Z,"Oklahoma",earthquake,,2,,,reviewed,tul,tul
2014-03-22T19:15:54.400Z,36.638,-97.661,5,3,ml,,,,0.4,us,usc000nlcq,2014-05-24T00:54:40.000Z,"8 km N of Hunter, Oklahoma",earthquake,,2,,,reviewed,tul,tul
2014-03-22T19:03:01.990Z,-19.8013,-70.8847,18.5,4,mwr,,146,0.745,0.78,us,usc000nyue,2014-05-24T00:54:41.000Z,"89 km WNW of Iquique, Chile",earthquake,,4.3,0.059,28,reviewed,us,us
2014-03-22T18:51:02.510Z,-22.0893,-173.6328,34.98,4.7,mb,,195,4.586,1.13,us,usc000nyuc,2014-05-24T00:54:40.000Z,"159 km ESE of ‘Ohonua, Tonga",earthquake,,4.1,0.166,12,reviewed,us,us
2014-03-22T18:40:44.800Z,35.8795,-97.2891,5,2.5,ml,,73,,1.04,us,usc000nlc2,2014-05-24T00:54:40.000Z,"5 km NW of Meridian, Oklahoma",earthquake,,1.8,,,reviewed,tul,tul
2014-03-22T18:08:49.480Z,-19.7807,-70.8494,17.51,4,mwr,,116,0.708,1.01,us,usc000nyub,2014-05-24T00:54:41.000Z,"87 km WNW of Iquique, Chile",earthquake,,4.2,0.057,30,reviewed,us,us
2014-03-22T18:08:41.690Z,-24.4914,179.9188,516.79,4.6,mb,,62,6.935,0.92,us,usc000nyui,2014-05-24T00:54:40.000Z,"south of the Fiji Islands",earthquake,,8.2,0.111,24,reviewed,us,us
2014-03-22T18:06:48.250Z,-19.7121,-71.0356,11.47,4.1,mb,,162,0.867,0.82,us,usc000nyv4,2014-05-24T00:54:40.000Z,"108 km WNW of Iquique, Chile",earthquake,,4.3,0.3,3,reviewed,us,us
2014-03-22T17:43:55.600Z,36.1445,-96.9657,5,2.8,ml,,91,,0.81,us,usc000nl9e,2022-07-26T10:20:54.689Z,"8 km ENE of Stillwater, Oklahoma",earthquake,,2,,,reviewed,tul,tul
2014-03-22T17:35:24.320Z,-19.7272,-70.9669,16.55,4.1,mwr,,131,0.805,1.25,us,usc000nl9a,2014-05-24T00:54:41.000Z,"101 km WNW of Iquique, Chile",earthquake,,1.7,0.05,39,reviewed,us,us
2014-03-22T17:27:20.980Z,-19.7864,-70.974,16.4,3.9,mwr,,162,0.823,1.39,us,usc000nl8h,2014-05-24T00:54:41.000Z,"98 km WNW of Iquique, Chile",earthquake,,4.1,0.053,34,reviewed,us,us
2014-03-22T17:08:03.320Z,-19.7786,-70.8771,22.13,3.9,mwr,,162,0.733,1.21,us,usc000nyu9,2014-05-24T00:54:41.000Z,"90 km WNW of Iquique, Chile",earthquake,,4.5,0.051,37,reviewed,us,us
2014-03-22T16:57:29.380Z,38.1503,144.8666,19.49,4.4,mb,,144,4.076,1.38,us,usc000nyug,2014-05-24T00:54:40.000Z,"289 km ESE of Kamaishi, Japan",earthquake,,5.8,0.269,6,reviewed,us,us
2014-03-22T16:22:30.920Z,51.259,-176.345,19.7,3.9,mb,,,,0.92,us,usc000nqbm,2023-07-20T17:26:18.950Z,"71 km SSE of Adak, Alaska",earthquake,,3.9,0.297,3,reviewed,ak,us
2014-03-22T16:16:10.400Z,-4.1942,142.3962,106.01,4.2,mb,,66,7.011,1.02,us,usc000nyu4,2014-05-24T00:54:40.000Z,"46 km W of Ambunti, Papua New Guinea",earthquake,,8.3,0.141,15,reviewed,us,us
2014-03-22T16:15:39.510Z,35.9056,-97.257,7.39,2.5,ml,,75,0.194,0.37,us,usc000nl5l,2014-05-24T00:54:40.000Z,"4 km S of Langston, Oklahoma",earthquake,,5.5,0.074,24,reviewed,us,us
2014-03-22T15:58:26.260Z,-19.6804,-71.0321,14.52,4.8,mb,,131,0.86,1.39,us,usc000nyu3,2014-05-24T00:54:40.000Z,"109 km WNW of Iquique, Chile",earthquake,,4.5,0.185,12,reviewed,us,us
2014-03-22T15:58:20.200Z,35.8909,-97.2809,4.445,2.8,ml,,74,,0.44,us,usc000nl52,2014-05-24T00:54:40.000Z,"6 km NNW of Meridian, Oklahoma",earthquake,,7.3,,,reviewed,tul,tul
2014-03-22T15:52:29.150Z,-19.7541,-70.9862,16.15,4.4,mwr,,113,0.828,1.15,us,usc000nl4q,2014-05-24T00:54:41.000Z,"101 km WNW of Iquique, Chile",earthquake,,4.3,0.05,39,reviewed,us,us
2014-03-22T15:47:54.400Z,-2.7245,-79.4977,62.77,4.2,mb,,166,4.517,1.2,us,usc000nyu2,2014-05-24T00:54:40.000Z,"14 km ESE of Naranjal, Ecuador",earthquake,,8.8,0.175,10,reviewed,us,us
2014-03-22T15:36:08.900Z,1.6911,128.6808,55.3,4.5,mb,,121,1.6,1.07,us,usc000nl4f,2014-05-24T00:54:40.000Z,"74 km E of Tobelo, Indonesia",earthquake,,10.3,0.113,26,reviewed,us,us
2014-03-22T15:14:40.010Z,-19.9464,-71.2871,10,4,mb,,213,1.15,0.97,us,usc000nyu1,2014-05-24T00:54:40.000Z,"122 km WNW of Iquique, Chile",earthquake,,2,0.365,2,reviewed,us,us
2014-03-22T15:11:59.070Z,-19.7477,169.5612,131.95,4.2,mb,,176,3.72,1.11,us,usc000nytz,2014-05-24T00:54:40.000Z,"37 km SE of Isangel, Vanuatu",earthquake,,12.8,0.167,11,reviewed,us,us
2014-03-22T15:09:45.580Z,-20.1562,-70.9432,27.95,4.6,mb,,157,0.951,1.02,us,usc000nl3g,2014-05-24T00:54:40.000Z,"83 km W of Iquique, Chile",earthquake,,7.7,0.274,4,reviewed,us,us
2014-03-22T14:59:47.720Z,54.192,-162.568,23.5,2.6,ml,,,,0.51,us,usc000nqbu,2023-07-20T17:25:53.345Z,"91 km SE of False Pass, Alaska",earthquake,,8.4,,11,reviewed,ak,ak
2014-03-22T14:37:46.690Z,-19.7943,-70.8185,22.46,4.6,mb,,133,0.684,1.47,us,usc000nytx,2014-05-24T00:54:40.000Z,"83 km WNW of Iquique, Chile",earthquake,,4.9,0.273,6,reviewed,us,us
2014-03-22T14:29:08.180Z,54.23,-162.664,34.6,2.8,ml,,,,0.7,us,usc000nqbl,2023-07-20T17:25:48.661Z,"84 km SE of False Pass, Alaska",earthquake,,3.7,,29,reviewed,ak,ak
2014-03-22T14:18:47.630Z,29.2673,139.3732,420.29,5.4,mb,,40,3.292,0.9,us,usc000nl2d,2022-05-03T16:45:51.271Z,"Izu Islands, Japan region",earthquake,,5.5,0.033,331,reviewed,us,us
2014-03-22T14:15:37.810Z,-19.8173,-70.8924,17.17,4.6,mwr,,146,0.757,1.07,us,usc000nl2c,2014-05-24T00:54:41.000Z,"89 km WNW of Iquique, Chile",earthquake,,4,0.05,38,reviewed,us,us
2014-03-22T13:57:21.290Z,-9.9161,123.9172,61.86,4.5,mb,,77,0.38,1,us,usc000nl1x,2014-05-24T00:54:40.000Z,"38 km SSE of Naisano Dua, Indonesia",earthquake,,5.4,0.15,14,reviewed,us,us
2014-03-22T13:57:04.770Z,-19.7805,-70.9668,10,4,mb,,185,0.815,0.97,us,usc000nl1z,2014-05-24T00:54:40.000Z,"97 km WNW of Iquique, Chile",earthquake,,1.9,0.368,3,reviewed,us,us
2014-03-22T13:44:12.140Z,-19.7945,-70.918,10,4.9,mb,,131,0.774,1.45,us,usc000nyu6,2014-05-24T00:54:40.000Z,"92 km WNW of Iquique, Chile",earthquake,,1.9,0.155,16,reviewed,us,us
2014-03-22T13:38:46.150Z,36.3864,142.5402,32.13,4.7,mb,,120,3.494,0.8,us,usc000nl1q,2014-05-24T00:54:40.000Z,"165 km ESE of Iwaki, Japan",earthquake,,2.4,0.13,22,reviewed,us,us
2014-03-22T13:29:58.410Z,-19.7163,-70.9515,17,5.6,mww,,80,0.789,1.43,us,usc000nl19,2022-05-03T16:45:49.979Z,"100 km WNW of Iquique, Chile",earthquake,,1.7,,,reviewed,us,us
2014-03-22T13:22:47.000Z,-19.808,-71.01,41.7,4.5,mb,,,,1.6,us,usc000nl23,2014-05-24T00:54:40.000Z,"100 km WNW of Iquique, Chile",earthquake,,8.5,0.205,7,reviewed,guc,us
2014-03-22T13:20:55.010Z,-19.8971,-70.8408,10,4.6,mb,,147,0.739,1.23,us,usc000nyud,2014-05-24T00:54:40.000Z,"80 km WNW of Iquique, Chile",earthquake,,1.9,0.546,2,reviewed,us,us
2014-03-22T13:14:58.400Z,-19.7701,-70.8804,24,5.2,mww,,96,0.734,1.37,us,usc000nl0z,2014-05-24T00:54:41.000Z,"90 km WNW of Iquique, Chile",earthquake,,1.8,,,reviewed,us,us
2014-03-22T12:59:59.150Z,-19.7625,-70.874,20,6.2,mww,,82,0.726,0.81,us,usc000nl0m,2022-08-06T22:34:43.058Z,"90 km WNW of Iquique, Chile",earthquake,,1.7,,,reviewed,us,us
2014-03-22T12:58:16.830Z,35.8478,82.3019,10,5.1,mb,,45,7.751,0.53,us,usc000nl0l,2022-05-03T16:45:43.141Z,"253 km SE of Hotan, China",earthquake,,1.8,0.049,139,reviewed,us,us
2014-03-22T12:22:26.650Z,7.2573,94.2625,10,4.2,mb,,144,3.344,0.52,us,usc000nyua,2014-05-24T00:54:40.000Z,"190 km NW of Sabang, Indonesia",earthquake,,1.8,0.125,20,reviewed,us,us
2014-03-22T11:58:35.000Z,-22.15,-68.982,122,4.1,mb,,,,0.77,us,usc000nkzk,2014-05-24T00:54:40.000Z,"34 km N of Calama, Chile",earthquake,,4.3,0.234,6,reviewed,guc,us
2014-03-22T11:31:43.050Z,53.606,-163.942,28.7,2.8,ml,,,,0.24,us,usc000nqbk,2023-07-20T17:25:39.301Z,"134 km ESE of Akutan, Alaska",earthquake,,8.9,,30,reviewed,ak,ak
2014-03-22T11:24:21.110Z,-5.9815,112.4215,528.85,4.2,mb,,68,2.235,0.65,us,usc000nyuv,2014-05-24T00:54:40.000Z,"99 km N of Paciran, Indonesia",earthquake,,10.6,0.107,24,reviewed,us,us
2014-03-22T11:05:39.270Z,33.6617,131.8645,85.66,4.6,mb,,52,0.984,1.05,us,usc000nkyw,2022-07-26T10:18:57.667Z,"33 km SSW of Hikari, Japan",earthquake,,6.4,0.063,81,reviewed,us,us
2014-03-22T10:24:25.680Z,37.0752,-97.8436,6.54,3,mb_lg,,37,0.103,0.41,us,usc000nkxu,2022-07-26T10:17:59.157Z,"2 km E of Bluff City, Kansas",earthquake,,2.9,0.067,71,reviewed,us,us
2014-03-22T10:21:57.470Z,37.0813,-97.8456,8.27,2.8,mb_lg,,42,0.099,0.52,us,usc000nkxs,2014-05-24T00:54:40.000Z,"2 km ENE of Bluff City, Kansas",earthquake,,7.2,0.067,64,reviewed,us,us
2014-03-22T08:35:34.160Z,22.9777,94.2498,86.24,4.5,mb,,61,2.424,0.64,us,usc000nkwj,2014-05-24T00:54:40.000Z,"59 km E of Falam, Myanmar",earthquake,,6.4,0.083,46,reviewed,us,us
2014-03-22T08:29:27.180Z,-24.5581,179.9322,541.06,4.3,mb,,142,7.002,0.77,us,usc000nytt,2014-05-24T00:54:40.000Z,"south of the Fiji Islands",earthquake,,9.9,0.116,22,reviewed,us,us
2014-03-22T07:24:51.420Z,31.2552,130.2798,157.41,4.6,mb,,68,1.931,0.91,us,usc000nkvh,2014-05-24T00:54:39.000Z,"3 km WSW of Makurazaki, Japan",earthquake,,2.1,0.061,82,reviewed,us,us
2014-03-22T06:37:27.200Z,44.7771,-112.3338,14.2,2.5,mc,46,50.399995968,0.1886462,0.18,mb,mb14197668,2014-03-31T21:56:27.900Z,"25 km NE of Lima, Montana",earthquake,0.3,0.6,0.5,3,automatic,mb,mb
2014-03-22T06:27:31.930Z,-20.6914,-173.8102,10,4.5,mb,,106,3.991,1.25,us,usc000nytp,2014-05-24T00:54:39.000Z,"112 km SSE of Pangai, Tonga",earthquake,,1.9,0.145,15,reviewed,us,us
2014-03-22T06:23:47.430Z,33.3051,141.2003,7.89,4.6,mb,,153,1.177,0.63,us,usc000nyuz,2014-05-24T00:54:39.000Z,"219 km SSE of Katsuura, Japan",earthquake,,7.1,0.315,4,reviewed,us,us
2014-03-22T06:18:03.560Z,-18.093,-173.8424,26.74,4.5,mb,,75,3.84,1.01,us,usc000nytn,2014-05-24T00:54:39.000Z,"63 km NNE of Neiafu, Tonga",earthquake,,3.5,0.121,22,reviewed,us,us
2014-03-22T05:56:06.000Z,-18.096,-69.606,124.1,4.6,mb,,,,1.06,us,usc000nkty,2014-05-24T00:54:39.000Z,"51 km SE of Palca, Peru",earthquake,,4.2,0.077,53,reviewed,guc,us
2014-03-22T04:47:31.200Z,30.4109,-114.1672,10,4,md,,149,1.282,0.78,us,usc000nza1,2014-05-24T00:54:39.000Z,"93 km SE of San Felipe, Mexico",earthquake,,2,,8,reviewed,us,unm
2014-03-22T04:00:45.320Z,-20.6123,168.9162,22.86,4.3,mb,,189,2.724,0.54,us,usc000nytl,2014-05-24T00:54:39.000Z,"124 km SSW of Isangel, Vanuatu",earthquake,,12.9,0.267,5,reviewed,us,us
2014-03-22T03:49:40.330Z,30.4305,-114.1759,10,4.1,md,,148,1.266,0.8,us,usc000nza0,2014-05-24T00:54:39.000Z,"Baja California, Mexico",earthquake,,2,,7,reviewed,us,unm
2014-03-22T03:34:21.780Z,-5.5309,152.6006,41.77,4.1,mb,,201,1.4,0.71,us,usc000nytk,2014-05-24T00:54:39.000Z,"136 km SSE of Kokopo, Papua New Guinea",earthquake,,9,0.234,7,reviewed,us,us
2014-03-22T03:05:58.310Z,35.888,-97.299,4.5,3.9,mwr,,,,0.76,us,usc000nkq4,2022-08-06T22:33:49.752Z,"6 km NW of Meridian, Oklahoma",earthquake,,5.2,0.046,45,reviewed,tul,us
2014-03-22T03:02:35.480Z,35.888,-97.29,4.5,3.1,ml,,,,0.74,us,usc000nkth,2014-05-24T00:54:39.000Z,"6 km NW of Meridian, Oklahoma",earthquake,,5.6,,,reviewed,tul,tul
2014-03-22T03:01:32.160Z,35.892,-97.279,5,3,ml,,,,0.7,us,usc000nkpw,2014-05-24T00:54:39.000Z,"6 km NNW of Meridian, Oklahoma",earthquake,,1.9,,,reviewed,tul,tul
2014-03-22T02:45:45.600Z,19.0874,-64.708,8,2.6,Md,5,280.8,0.67283815,0.15,pr,pr14081000,2014-05-24T00:54:39.000Z,"84 km N of Cruz Bay, U.S. Virgin Islands",earthquake,3.5,4.6,0,4,reviewed,pr,pr
2014-03-22T02:37:52.260Z,58.0721,-153.2499,46.9,2.6,ml,,,,0.44,ak,ak0143pzy0qi,2023-07-20T17:24:46.037Z,"20 km W of Aleneva, Alaska",earthquake,,0.4,,,reviewed,ak,ak
2014-03-22T02:35:01.840Z,35.889,-97.279,6,2.8,ml,,,,0.75,us,usc000nknz,2014-05-24T00:54:39.000Z,"5 km NNW of Meridian, Oklahoma",earthquake,,6.6,,,reviewed,tul,tul
2014-03-22T02:34:07.330Z,35.889,-97.276,5.9,2.6,ml,,,,0.57,us,usc000nksc,2014-05-24T00:54:39.000Z,"5 km NNW of Meridian, Oklahoma",earthquake,,6.4,,,reviewed,tul,tul
2014-03-22T02:30:33.900Z,35.896,-97.27,4.5,3.1,ml,,,,0,us,usc000nkq2,2014-05-24T00:54:39.000Z,"5 km SSW of Langston, Oklahoma",earthquake,,0,,,reviewed,tul,tul
2014-03-22T02:17:56.830Z,7.5016,94.4955,10,4.3,mb,,101,3.321,0.98,us,usc000nyts,2014-05-24T00:54:39.000Z,"200 km NNW of Sabang, Indonesia",earthquake,,1.7,0.177,17,reviewed,us,us
2014-03-22T02:14:51.480Z,32.8595,-116.4895,12.181,2.67,ml,71,30,0.06518,0.24,ci,ci15478649,2022-07-26T10:13:11.592Z,"6km NE of Pine Valley, CA",earthquake,0.22,0.59,0.136,129,reviewed,ci,ci
2014-03-22T01:31:12.430Z,-59.2546,-24.5851,27.99,4.6,mb,,127,15.24,0.36,us,usc000nyv1,2014-05-24T00:54:39.000Z,"South Sandwich Islands region",earthquake,,4.3,0.224,7,reviewed,us,us
2014-03-22T01:11:40.430Z,18.6188,-73.6244,9.51,4.6,mb,,71,0.972,0.95,us,usc000nklf,2014-05-24T00:54:39.000Z,"15 km N of Baradères, Haiti",earthquake,,4,0.132,22,reviewed,us,us
2014-03-22T01:07:44.880Z,7.3978,94.3733,10,4.3,mb,,128,3.344,0.69,us,usc000nytg,2014-05-24T00:54:39.000Z,"196 km NNW of Sabang, Indonesia",earthquake,,1.9,0.169,17,reviewed,us,us
2014-03-22T00:58:09.440Z,30.44,-114.0633,12.5,5.3,mwr,,,,2.53,us,usc000nkku,2025-12-22T16:49:08.362Z,"98 km SE of San Felipe, Mexico",earthquake,,3.4,0.033,87,reviewed,ecx,us
2014-03-22T00:48:52.620Z,67.4493,-136.1631,23.1,3.1,ml,,,,0.57,ak,ak0143pytifi,2023-07-20T17:24:32.185Z,"54 km W of Fort McPherson, Canada",earthquake,,2.4,,,reviewed,ak,ak
2014-03-22T00:38:45.000Z,-5.43,-80.83,37,4.9,mb,,,,0.81,us,usc000nkkl,2014-05-24T00:54:38.000Z,"5 km WSW of Vice, Peru",earthquake,,3.8,0.027,468,reviewed,lim,us
2014-03-22T00:10:26.200Z,7.4064,94.3283,17.37,4.7,mb,,53,3.384,0.8,us,usc000nkka,2014-05-24T00:54:38.000Z,"200 km NNW of Sabang, Indonesia",earthquake,,3.7,0.075,59,reviewed,us,us
2014-03-21T23:50:10.040Z,7.372,94.2528,7.53,4.6,mb,,81,3.421,0.74,us,usc000nkk0,2014-05-24T00:54:38.000Z,"201 km NW of Sabang, Indonesia",earthquake,,4.1,0.102,37,reviewed,us,us
2014-03-21T23:29:25.700Z,17.332,-94.472,158.6,4,md,,,,1.4,us,usc000nz9x,2014-05-24T00:54:38.000Z,"6 km NNW of Poblado 10, Mexico",earthquake,,3.8,,21,reviewed,unm,unm
2014-03-21T23:19:28.330Z,7.444,94.2374,16.31,4,mb,,183,3.478,0.63,us,usc000nuz7,2014-05-24T00:54:38.000Z,"209 km NW of Sabang, Indonesia",earthquake,,5.5,0.258,5,reviewed,us,us
2014-03-21T22:57:14.460Z,7.4554,94.3406,10,4.4,mb,,86,3.406,0.99,us,usc000nkiw,2014-05-24T00:54:38.000Z,"204 km NNW of Sabang, Indonesia",earthquake,,1.9,0.123,23,reviewed,us,us
2014-03-21T22:43:10.160Z,52.338,-173.296,223,3.8,mb,,,,2.99,us,usc000nkj8,2023-07-20T17:24:00.419Z,"63 km ENE of Atka, Alaska",earthquake,,7.3,0.108,22,reviewed,ak,us
2014-03-21T22:41:07.900Z,35.489,-97.258,6.7,2.6,ml,,,,0.53,us,usc000nkid,2022-07-26T10:17:03.404Z,"1 km SE of Choctaw, Oklahoma",earthquake,,4.2,,,reviewed,tul,tul
2014-03-21T22:40:28.580Z,7.4737,94.2181,10,4.4,mb,,113,3.511,0.61,us,usc000nkih,2014-05-24T00:54:38.000Z,"213 km NW of Sabang, Indonesia",earthquake,,1.9,0.118,28,reviewed,us,us
2014-03-21T22:27:56.218Z,63.5608,-147.3568,2.6,2.6,ml,,,,0.71,ak,ak0143oo97hh,2023-07-20T17:23:59.130Z,"79 km ESE of McKinley Park, Alaska",earthquake,,0.2,,,reviewed,ak,ak
2014-03-21T22:14:56.850Z,-18.1184,-177.8712,611.89,4.3,mb,,125,3.898,0.54,us,usc000nuz5,2014-05-24T00:54:38.000Z,"297 km E of Levuka, Fiji",earthquake,,8.1,0.096,34,reviewed,us,us
2014-03-21T21:31:42.310Z,-5.1211,152.6711,53.96,4.6,mb,,67,1.053,0.77,us,usc000nkfm,2014-05-24T00:54:38.000Z,"96 km SSE of Kokopo, Papua New Guinea",earthquake,,5.3,0.069,70,reviewed,us,us
2014-03-21T21:18:08.230Z,45.5392,151.0288,71.26,4.3,mb,,69,5.907,0.64,us,usc000nkf5,2014-05-24T00:54:38.000Z,"249 km E of Kuril’sk, Russia",earthquake,,5.9,0.07,58,reviewed,us,us
2014-03-21T21:12:09.870Z,6.9736,94.8312,7.32,4.4,mb,,141,2.726,0.71,us,usc000nuzk,2014-05-24T00:54:38.000Z,"131 km NNW of Sabang, Indonesia",earthquake,,6.6,0.24,6,reviewed,us,us
2014-03-21T21:12:07.658Z,61.1457,-151.2174,73.2,2.9,ml,,,,0.64,ak,ak0143onkge5,2023-07-20T17:23:32.470Z,"7 km W of Beluga, Alaska",earthquake,,0.3,,,reviewed,ak,ak
2014-03-21T21:11:04.600Z,7.7544,94.71,10.03,4.6,mb,,108,3.352,1.01,us,usc000nkeq,2014-05-24T00:54:38.000Z,"216 km NNW of Sabang, Indonesia",earthquake,,2.7,0.116,31,reviewed,us,us
2014-03-21T21:10:49.200Z,16.68,-94.549,121.5,4,md,,,,0.89,us,usc000nz9u,2014-05-24T00:54:38.000Z,"14 km NNE of Niltepec, Mexico",earthquake,,5.5,,19,reviewed,unm,unm
2014-03-21T21:03:41.620Z,7.4454,94.2965,9.96,5.2,mb,,25,3.433,0.97,us,usc000nkdy,2022-05-03T16:45:41.726Z,"205 km NNW of Sabang, Indonesia",earthquake,,2.3,0.048,151,reviewed,us,us
2014-03-21T20:38:11.590Z,-5.6304,133.4266,45.16,4,mb,,153,2.938,1.01,us,usc000nuz9,2014-05-24T00:54:38.000Z,"74 km E of Tual, Indonesia",earthquake,,13.3,0.259,5,reviewed,us,us
2014-03-21T20:34:37.110Z,-28.5621,62.3019,10,4.5,mb,,113,58.651,0.48,us,usc000nuz1,2014-05-24T00:54:38.000Z,"Southwest Indian Ridge",earthquake,,1.9,0.311,5,reviewed,us,us
2014-03-21T20:26:23.090Z,7.4915,94.2223,11.64,4.4,mb,,87,3.519,1.1,us,usc000nkbt,2014-05-24T00:54:38.000Z,"214 km NW of Sabang, Indonesia",earthquake,,4.7,0.123,22,reviewed,us,us
2014-03-21T20:26:09.500Z,7.1072,125.5889,51.84,4.3,mb,,120,0.038,0.77,us,usc000nuz0,2014-05-24T00:54:38.000Z,"4 km NW of Davao, Philippines",earthquake,,6.8,0.188,8,reviewed,us,us
2014-03-21T20:13:37.280Z,52.4927,174.0275,59.86,4.1,mb,,165,0.242,0.69,us,usc000nuyy,2014-05-24T00:54:38.000Z,"69 km SE of Attu Station, Alaska",earthquake,,7.2,0.184,9,reviewed,us,us
2014-03-21T19:59:40.000Z,35.8896,-97.2822,5,2.6,ml,,74,,0.94,us,usc000nkag,2014-05-24T00:54:38.000Z,"6 km NNW of Meridian, Oklahoma",earthquake,,6.2,,,reviewed,tul,tul
2014-03-21T19:43:46.730Z,36.2151,82.8769,11.77,4.6,mb,,100,8.294,1.03,us,usc000nk84,2014-05-24T00:54:38.000Z,"280 km ESE of Hotan, China",earthquake,,4,0.091,41,reviewed,us,us
2014-03-21T19:42:09.500Z,18.912,-68.652,46,3.2,Md,10,313.2,0.47161552,0.52,pr,pr14080000,2014-05-24T00:54:38.000Z,"29 km N of Otra Banda, Dominican Republic",earthquake,5.9,6.3,0,9,reviewed,pr,pr
2014-03-21T19:40:51.400Z,27.05,143.578,26.14,4.9,mb,,88,1.243,1.13,us,usc000nuyw,2014-05-24T00:54:38.000Z,"Bonin Islands, Japan region",earthquake,,5.1,0.086,46,reviewed,us,us
2014-03-21T19:11:45.500Z,36.1941,-96.7244,7.338,2.7,ml,,86,,1.02,us,usc000nk6e,2014-05-24T00:54:38.000Z,"4 km NNW of Quay, Oklahoma",earthquake,,7.9,,,reviewed,tul,tul
2014-03-21T18:50:37.850Z,7.3223,94.2004,10.93,4.6,mb,,161,3.432,0.92,us,usc000nuys,2014-05-24T00:54:38.000Z,"200 km NW of Sabang, Indonesia",earthquake,,5.3,0.136,17,reviewed,us,us
2014-03-21T18:50:26.470Z,48.119,-124.6428333,31.638,2.59,ml,19,173,,0.27,uw,uw60725606,2025-04-07T03:46:52.590Z,"26 km NW of Forks, Washington",earthquake,0.77,1.15,0.188,12,reviewed,uw,uw
2014-03-21T18:46:59.280Z,0.6412,99.8453,155.55,4.3,mb,,117,1.234,0.88,us,usc000nk5g,2014-05-24T00:54:38.000Z,"103 km SE of Padangsidempuan, Indonesia",earthquake,,6.1,0.102,29,reviewed,us,us
2014-03-21T18:35:50.700Z,38.4212,22.4503,6.1,3.9,mwr,,,,1.19,us,usc000nk4m,2014-05-24T00:54:39.000Z,"1 km SSE of Kírra, Greece",earthquake,,4.4,0.069,20,reviewed,the,us
2014-03-21T18:29:45.890Z,7.4885,94.3334,11.51,4.3,mb,,195,3.433,1.73,us,usc000nuzc,2014-05-24T00:54:38.000Z,"207 km NNW of Sabang, Indonesia",earthquake,,7.3,0.265,5,reviewed,us,us
2014-03-21T18:26:50.000Z,52.7556,-174.5766,190.1,2.7,ml,,,,0.4,us,usc000nrui,2023-07-20T17:23:03.630Z,"67 km NNW of Atka, Alaska",earthquake,,9.3,,,reviewed,ak,ak
2014-03-21T18:17:00.960Z,36.1691667,-120.7336667,8.718,3.14,ml,125,28,0.07207,0.07,nc,nc72186040,2022-08-06T22:32:59.940Z,"22 km NE of San Ardo, California",earthquake,0.13,0.31,0.153,26,reviewed,nc,nc
2014-03-21T18:15:39.940Z,-4.5223,125.1776,464.56,4.3,mb,,34,4.21,0.97,us,usc000nk3u,2014-05-24T00:54:37.000Z,"298 km E of Katabu, Indonesia",earthquake,,5.8,0.094,35,reviewed,us,us
2014-03-21T18:08:25.380Z,7.6486,94.2715,9.08,4.4,mb,,66,3.584,0.98,us,usc000nk2m,2014-05-24T00:54:37.000Z,"226 km NNW of Sabang, Indonesia",earthquake,,4.1,0.11,29,reviewed,us,us
2014-03-21T17:50:13.400Z,30.419,-114.062,14.71,4.6,mwr,,65,1.358,1.43,us,usc000nk1q,2025-12-22T16:49:07.655Z,"100 km SE of San Felipe, Mexico",earthquake,,4,0.065,23,reviewed,us,us
2014-03-21T17:37:13.140Z,30.4075,-114.0828,10.29,4.9,mwr,,95,1.348,1.46,us,usc000nk0p,2025-12-22T16:49:07.054Z,"99 km SE of San Felipe, Mexico",earthquake,,1.6,0.055,32,reviewed,us,us
2014-03-21T17:33:38.040Z,-2.0914,140.7884,34.95,4,mb,,172,8.57,1.04,us,usc000nuyl,2014-05-24T00:54:37.000Z,"49 km N of Jayapura, Indonesia",earthquake,,9,0.156,12,reviewed,us,us
2014-03-21T17:32:04.210Z,40.2933,63.1096,9.5,4.8,mb,,37,4.36,1.05,us,usc000nk0a,2014-05-24T00:54:37.000Z,"34 km WNW of Gazli, Uzbekistan",earthquake,,3.6,0.051,122,reviewed,us,us
2014-03-21T17:30:16.730Z,37.0895,-97.8455,10.95,3,mb_lg,,63,0.027,0.61,us,usc000nk01,2022-07-26T10:11:13.255Z,"3 km ENE of Bluff City, Kansas",earthquake,,4.3,0.056,89,reviewed,us,us
2014-03-21T17:13:59.440Z,7.4663,94.3322,13.43,4.3,mb,,103,3.419,1.28,us,usc000nuyj,2014-05-24T00:54:37.000Z,"205 km NNW of Sabang, Indonesia",earthquake,,5.1,0.168,12,reviewed,us,us
2014-03-21T17:05:20.750Z,7.5485,94.4759,11.72,4.5,mb,,85,3.367,1.48,us,usc000nuyi,2014-05-24T00:54:37.000Z,"205 km NNW of Sabang, Indonesia",earthquake,,4.4,0.145,16,reviewed,us,us
2014-03-21T16:55:40.530Z,7.4318,94.2777,10,4.4,mb,,103,3.439,0.79,us,usc000nuyh,2014-05-24T00:54:37.000Z,"205 km NW of Sabang, Indonesia",earthquake,,1.9,0.219,8,reviewed,us,us
2014-03-21T16:47:39.130Z,7.5043,94.037,10,4.3,mb,,98,3.67,1.07,us,usc000njyf,2014-05-24T00:54:37.000Z,"227 km NW of Sabang, Indonesia",earthquake,,1.9,0.188,12,reviewed,us,us
2014-03-21T16:47:10.590Z,46.3958,151.2328,115.5,4.4,mb,,158,6.505,0.51,us,usc000nuyf,2014-05-24T00:54:37.000Z,"291 km ENE of Kuril’sk, Russia",earthquake,,10.2,0.219,7,reviewed,us,us
2014-03-21T16:34:01.160Z,7.4581,94.2868,10,4.3,mb,,102,3.449,0.93,us,usc000nuzm,2014-05-24T00:54:37.000Z,"207 km NNW of Sabang, Indonesia",earthquake,,1.9,0.201,9,reviewed,us,us
2014-03-21T16:33:03.760Z,7.3119,94.0369,10,4.2,mb,,105,3.556,1.47,us,usc000njxn,2014-05-24T00:54:37.000Z,"211 km NW of Sabang, Indonesia",earthquake,,1.9,0.187,11,reviewed,us,us
2014-03-21T15:48:25.060Z,7.7739,94.2368,10,4.7,mb,,61,3.693,0.92,us,usc000njvr,2014-05-24T00:54:37.000Z,"240 km NNW of Sabang, Indonesia",earthquake,,1.8,0.134,22,reviewed,us,us
2014-03-21T15:46:06.070Z,7.0487,94.1184,10,4.3,mb,,170,3.343,1.1,us,usc000nuyb,2014-05-24T00:54:37.000Z,"184 km NW of Sabang, Indonesia",earthquake,,1.9,0.16,14,reviewed,us,us
2014-03-21T15:43:25.460Z,7.5373,94.0987,10,4.6,mb,,53,3.643,0.89,us,usc000njvf,2014-05-24T00:54:37.000Z,"226 km NW of Sabang, Indonesia",earthquake,,1.8,0.122,25,reviewed,us,us
2014-03-21T15:34:21.990Z,7.7994,93.6917,10,4.3,mb,,182,11.249,0.69,us,usc000nuyc,2014-05-24T00:54:37.000Z,"277 km NW of Sabang, Indonesia",earthquake,,1.9,0.189,11,reviewed,us,us
2014-03-21T15:32:05.380Z,7.4534,94.0691,10,4.2,mb,,184,6.762,0.96,us,usc000nuy8,2014-05-24T00:54:37.000Z,"221 km NW of Sabang, Indonesia",earthquake,,1.9,0.215,9,reviewed,us,us
2014-03-21T15:26:04.540Z,1.976,128.3622,158.5,4,mb,,137,4.051,1.02,us,usc000nuy7,2014-05-24T00:54:37.000Z,"47 km NE of Tobelo, Indonesia",earthquake,,3.6,0.133,17,reviewed,us,us
2014-03-21T15:24:33.090Z,7.5591,94.4991,10,4.5,mb,,147,3.358,1.07,us,usc000nuya,2014-05-24T00:54:37.000Z,"205 km NNW of Sabang, Indonesia",earthquake,,1.9,0.171,13,reviewed,us,us
2014-03-21T15:23:00.070Z,7.5228,94.2437,10,4.7,mb,,147,3.523,1.12,us,usc000nuy9,2014-05-24T00:54:37.000Z,"216 km NNW of Sabang, Indonesia",earthquake,,1.9,0.194,10,reviewed,us,us
2014-03-21T15:10:21.060Z,7.3518,94.1824,10,4.6,mb,,173,3.464,0.96,us,usc000nuy4,2014-05-24T00:54:37.000Z,"Nicobar Islands, India region",earthquake,,1.7,0.151,16,reviewed,us,us
2014-03-21T15:09:07.690Z,7.7145,94.5986,10,4.5,mb,,83,3.397,1.35,us,usc000nuy6,2014-05-24T00:54:37.000Z,"216 km NNW of Sabang, Indonesia",earthquake,,1.9,0.18,12,reviewed,us,us
2014-03-21T15:08:36.380Z,7.5034,94.2624,10,4.7,mb,,159,3.496,0.83,us,usc000nuy3,2014-05-24T00:54:37.000Z,"213 km NNW of Sabang, Indonesia",earthquake,,1.9,0.174,12,reviewed,us,us
2014-03-21T15:00:30.020Z,-5.5863,152.2388,59.19,4.3,mb,,84,1.388,0.74,us,usc000nuy2,2014-05-24T00:54:37.000Z,"137 km S of Kokopo, Papua New Guinea",earthquake,,10,0.137,16,reviewed,us,us
2014-03-21T14:53:03.830Z,7.3821,94.207,10,4.5,mb,,103,3.463,0.71,us,usc000nuym,2014-05-24T00:54:37.000Z,"205 km NW of Sabang, Indonesia",earthquake,,1.9,0.145,16,reviewed,us,us
2014-03-21T14:49:59.250Z,7.7877,94.2322,10,4.8,mb,,63,3.706,1.41,us,usc000njtm,2014-05-24T00:54:37.000Z,"241 km NNW of Sabang, Indonesia",earthquake,,1.7,0.168,14,reviewed,us,us
2014-03-21T14:47:39.210Z,7.4628,94.3969,10,4.7,mb,,70,3.369,1.43,us,usc000nuyz,2014-05-24T00:54:37.000Z,"201 km NNW of Sabang, Indonesia",earthquake,,1.9,0.208,13,reviewed,us,us
2014-03-21T14:45:51.850Z,7.5875,94.3114,9.99,5.1,mb,,83,3.514,0.58,us,usc000njtg,2014-05-24T00:54:37.000Z,"218 km NNW of Sabang, Indonesia",earthquake,,2.8,0.134,20,reviewed,us,us
2014-03-21T14:42:06.390Z,7.6063,94.6042,10,4.5,mb,,140,3.316,1.48,us,usc000nuy0,2014-05-24T00:54:37.000Z,"205 km NNW of Sabang, Indonesia",earthquake,,1.9,0.18,11,reviewed,us,us
2014-03-21T14:40:56.630Z,7.5617,94.4701,10,4.4,mb,,185,3.381,0.98,us,usc000nuy5,2014-05-24T00:54:37.000Z,"207 km NNW of Sabang, Indonesia",earthquake,,1.9,0.269,6,reviewed,us,us
2014-03-21T14:37:36.360Z,40.665,-125.3393333,21.039,3.79,ml,79,256,0.7856,0.18,nc,nc72185850,2022-08-06T22:32:11.550Z,"91 km W of Ferndale, California",earthquake,1.76,3.9,0.219,34,reviewed,nc,nc
2014-03-21T14:36:05.030Z,7.5096,94.4587,10,4.7,mb,,61,3.354,1.06,us,usc000njt1,2014-05-24T00:54:37.000Z,"202 km NNW of Sabang, Indonesia",earthquake,,1.8,0.12,24,reviewed,us,us
2014-03-21T14:28:04.460Z,7.3823,94.0303,10,4.8,mb,,141,11.248,1.16,us,usc000nuzn,2014-05-24T00:54:37.000Z,"217 km NW of Sabang, Indonesia",earthquake,,1.9,0.249,7,reviewed,us,us
2014-03-21T14:26:44.060Z,7.3212,94.3079,10,4.8,mb,,135,6.501,0.81,us,usc000nuyq,2014-05-24T00:54:37.000Z,"193 km NW of Sabang, Indonesia",earthquake,,1.9,0.167,13,reviewed,us,us
2014-03-21T14:25:08.910Z,7.5037,94.1847,10,5.2,mb,,37,3.556,1.08,us,usc000njsl,2022-05-03T17:16:37.385Z,"217 km NW of Sabang, Indonesia",earthquake,,1.8,0.071,71,reviewed,us,us
2014-03-21T14:24:23.560Z,7.7396,93.6332,10,4.7,mb,,87,11.332,1.2,us,usc000nuyp,2014-05-24T00:54:37.000Z,"276 km NW of Sabang, Indonesia",earthquake,,1.9,0.138,19,reviewed,us,us
2014-03-21T14:23:58.440Z,7.3819,94.1667,10,4.4,mb,,161,3.494,0.9,us,usc000nuzd,2014-05-24T00:54:37.000Z,"208 km NW of Sabang, Indonesia",earthquake,,1.9,0.239,8,reviewed,us,us
2014-03-21T14:18:03.630Z,7.5569,94.3223,10,4.8,mb,,48,3.486,0.94,us,usc000nuxy,2014-05-24T00:54:37.000Z,"214 km NNW of Sabang, Indonesia",earthquake,,1.2,0.115,28,reviewed,us,us
2014-03-21T14:17:11.710Z,7.483,94.233,14.93,4.6,mb,,66,6.667,0.98,us,usc000nuyx,2014-05-24T00:54:37.000Z,"213 km NW of Sabang, Indonesia",earthquake,,4.5,0.192,10,reviewed,us,us
2014-03-21T14:16:21.080Z,7.7902,94.2711,10,4.8,mb,,158,3.68,1.1,us,usc000nuzi,2014-05-24T00:54:37.000Z,"239 km NNW of Sabang, Indonesia",earthquake,,1.9,0.176,12,reviewed,us,us
2014-03-21T14:13:29.110Z,7.3232,94.1739,10,5.1,mb,,68,3.453,1,us,usc000nuyk,2014-05-24T00:54:37.000Z,"202 km NW of Sabang, Indonesia",earthquake,,1.8,0.142,19,reviewed,us,us
2014-03-21T14:11:13.890Z,7.5417,94.2698,10,5.5,mb,,37,3.515,1.1,us,usc000njsg,2022-05-03T17:16:31.434Z,"216 km NNW of Sabang, Indonesia",earthquake,,1.7,0.061,95,reviewed,us,us
2014-03-21T14:10:21.080Z,7.5784,94.0572,10,4.4,mb,,200,3.7,0.52,us,usc000nuyt,2014-05-24T00:54:37.000Z,"232 km NW of Sabang, Indonesia",earthquake,,2,0.268,4,reviewed,us,us
2014-03-21T14:09:15.630Z,-6.4822,149.1257,59.43,4.4,mb,,82,3.496,0.67,us,usc000nuxu,2014-05-24T00:54:37.000Z,"55 km WSW of Kandrian, Papua New Guinea",earthquake,,9.9,0.162,12,reviewed,us,us
2014-03-21T14:05:07.740Z,7.2328,94.1691,10,4.6,mb,,178,6.539,0.65,us,usc000nuzg,2014-05-24T00:54:37.000Z,"Nicobar Islands, India region",earthquake,,2,0.385,2,reviewed,us,us
2014-03-21T14:03:51.560Z,7.9977,94.4797,10,4.7,mb,,154,6.692,1.1,us,usc000nuxx,2014-05-24T00:54:37.000Z,"250 km NNW of Sabang, Indonesia",earthquake,,1.9,0.275,6,reviewed,us,us
2014-03-21T13:59:25.760Z,7.4264,94.082,10,4.6,mb,,161,3.588,0.76,us,usc000nuyu,2014-05-24T00:54:37.000Z,"217 km NW of Sabang, Indonesia",earthquake,,1.9,0.316,4,reviewed,us,us
2014-03-21T13:56:40.310Z,7.2829,94.2061,10,4.8,mb,,95,3.404,1.34,us,usc000nuxv,2014-05-24T00:54:36.000Z,"197 km NW of Sabang, Indonesia",earthquake,,1.9,0.196,11,reviewed,us,us
2014-03-21T13:54:33.830Z,7.7692,94.7052,10,4.9,mb,,98,6.398,1.27,us,usc000nuxw,2014-05-24T00:54:36.000Z,"218 km NNW of Sabang, Indonesia",earthquake,,1.9,0.28,7,reviewed,us,us
2014-03-21T13:53:08.670Z,7.0379,94.447,10,4.6,mb,,171,11.423,1.09,us,usc000nuxt,2014-05-24T00:54:36.000Z,"159 km NW of Sabang, Indonesia",earthquake,,2,0.173,12,reviewed,us,us
2014-03-21T13:52:20.150Z,7.6135,94.4067,10,4.8,mb,,79,6.641,1.16,us,usc000nuyg,2014-05-24T00:54:36.000Z,"Nicobar Islands, India region",earthquake,,1.5,0.168,14,reviewed,us,us
2014-03-21T13:50:32.440Z,7.5409,94.3108,10,4.7,mb,,118,6.653,1.15,us,usc000nuxr,2014-05-24T00:54:36.000Z,"213 km NNW of Sabang, Indonesia",earthquake,,1.9,0.175,11,reviewed,us,us
2014-03-21T13:41:09.480Z,7.7448,94.3342,21.54,6.4,mww,,35,3.604,1.14,us,usc000njrq,2022-05-03T18:09:07.758Z,"232 km NNW of Sabang, Indonesia",earthquake,,3.3,,,reviewed,us,us
2014-03-21T12:39:54.180Z,24.1764,94.2542,60.59,4,mb,,159,6.171,0.46,us,usc000njr9,2014-05-24T00:54:36.000Z,"45 km SE of Kakching, India",earthquake,,9.2,0.134,16,reviewed,us,us
2014-03-21T12:34:14.020Z,54.529,-161.766,25.6,2.5,ml,,,,0.71,us,usc000nruh,2019-05-14T02:40:51.806Z,"69 km SSE of King Cove, Alaska",earthquake,,7.9,,9,reviewed,ak,ak
2014-03-21T12:18:16.300Z,1.2422,125.9932,10,4.1,mb,,140,1.45,0.38,us,usc000nuxp,2014-05-24T00:54:36.000Z,"116 km ESE of Laikit, Laikit II (Dimembe), Indonesia",earthquake,,1.9,0.139,15,reviewed,us,us
2014-03-21T12:11:41.600Z,-9.0429,109.9709,51.61,4.1,mb,,71,1.248,1.22,us,usc000nuxn,2014-05-24T00:54:36.000Z,"125 km SSW of Bambanglipuro, Indonesia",earthquake,,3.9,0.146,13,reviewed,us,us
2014-03-21T12:01:39.880Z,54.445,-161.727,25.6,2.6,ml,,,,0.69,us,usc000nruf,2019-05-14T02:40:51.032Z,"78 km SSE of King Cove, Alaska",earthquake,,7.6,,9,reviewed,ak,ak
2014-03-21T11:24:33.030Z,47.2298333,-122.4788333,26.133,2.87,ml,61,29,0.02092,0.26,uw,uw60725416,2022-07-26T10:10:17.203Z,"3 km ESE of Fircrest, Washington",earthquake,0.27,0.59,0.215,121,reviewed,uw,uw
2014-03-21T11:20:53.900Z,35.9496,-97.4062,4.165,2.8,ml,,76,,0.61,us,usc000njqa,2014-05-24T00:54:36.000Z,"8 km NNE of Guthrie, Oklahoma",earthquake,,7.2,,,reviewed,tul,tul
2014-03-21T11:16:38.160Z,-40.3843,174.6537,96.758,4.5,mb,,,,1.04,us,usc000njpa,2014-05-24T00:54:36.000Z,"54 km W of Foxton, New Zealand",earthquake,,4.7,0.14,15,reviewed,wel,us
2014-03-21T10:59:55.000Z,34.456,26.27,30.7,4.4,mb,,,,1.34,us,usc000njnv,2014-05-24T00:54:36.000Z,"78 km SE of Ierápetra, Greece",earthquake,,4.4,0.093,37,reviewed,ath,us
2014-03-21T10:58:31.670Z,40.6208333,-125.3771667,19.449,2.88,md,40,266,0.8045,0.3,nc,nc72185795,2017-02-03T11:09:24.875Z,"94 km W of Ferndale, California",earthquake,5.5,10.99,0.162,30,reviewed,nc,nc
2014-03-21T10:52:10.910Z,-8.3901,107.7523,43.39,4.2,mb,,85,0.831,1.48,us,usc000njnk,2014-05-24T00:54:36.000Z,"121 km SSW of Singaparna, Indonesia",earthquake,,6,0.095,34,reviewed,us,us
2014-03-21T10:41:12.200Z,13.6961,57.0254,10,4.6,mb,,133,3.182,1.3,us,usc000nuxl,2014-05-24T00:54:36.000Z,"Owen Fracture Zone region",earthquake,,1.9,0.316,4,reviewed,us,us
2014-03-21T09:48:00.253Z,54.4664,-161.6293,17.6,2.5,ml,,,,0.52,ak,ak0143ogmyc9,2019-05-14T02:40:48.981Z,"79 km SSE of King Cove, Alaska",earthquake,,0.3,,,reviewed,ak,ak
2014-03-21T09:45:07.066Z,60.0366,-153.4483,147.4,2.6,ml,,,,0.63,ak,ak0143ogmbpu,2023-07-20T17:22:07.196Z,"46 km NE of Pedro Bay, Alaska",earthquake,,0.4,,,reviewed,ak,ak
2014-03-21T09:08:06.000Z,36.0763,-97.5527,4.212,2.7,ml,,84,,0.78,us,usc000njt5,2014-05-24T00:54:36.000Z,"10 km SE of Marshall, Oklahoma",earthquake,,7.6,,,reviewed,tul,tul
2014-03-21T09:05:46.100Z,36.0796,-97.5493,4.296,3,ml,,84,,0.49,us,usc000njk6,2014-05-24T00:54:36.000Z,"10 km SE of Marshall, Oklahoma",earthquake,,6.6,,,reviewed,tul,tul
2014-03-21T09:04:43.310Z,-3.5471,135.49,39.5,4.1,mb,,180,3.295,1.48,us,usc000nuxk,2014-05-24T00:54:36.000Z,"20 km S of Nabire, Indonesia",earthquake,,13.1,0.197,8,reviewed,us,us
2014-03-21T08:17:07.200Z,54.486,-161.605,23.9,2.6,ml,,,,0.55,us,usc000nkd4,2023-07-20T17:22:02.193Z,"78 km SE of King Cove, Alaska",earthquake,,7.8,,11,reviewed,ak,ak
2014-03-21T07:38:33.060Z,-5.4479,151.6959,96.27,4.1,mb,,120,1.332,0.48,us,usc000nuxm,2014-05-24T00:54:36.000Z,"137 km SSW of Kokopo, Papua New Guinea",earthquake,,14.5,0.184,9,reviewed,us,us
2014-03-21T07:32:43.740Z,-5.2033,152.8877,60.74,4.4,mb,,119,1.237,1.13,us,usc000nuxg,2014-05-24T00:54:36.000Z,"117 km SE of Kokopo, Papua New Guinea",earthquake,,7.2,0.162,12,reviewed,us,us
2014-03-21T07:31:45.140Z,8.3881,125.849,64.4,4.7,mb,,75,1.336,0.7,us,usc000njj3,2014-05-24T00:54:36.000Z,"6 km S of Causwagan, Philippines",earthquake,,6.5,0.101,32,reviewed,us,us
2014-03-21T07:14:04.570Z,-32.8953,-177.8015,35,4.8,mb,,110,6.768,1.32,us,usc000nuxd,2014-05-24T00:54:36.000Z,"south of the Kermadec Islands",earthquake,,1.8,0.227,7,reviewed,us,us
2014-03-21T06:52:58.530Z,-6.5923,128.7429,35.43,4.4,mb,,56,2.887,1.08,us,usc000njic,2014-05-24T00:54:36.000Z,"287 km NE of Lospalos, Timor Leste",earthquake,,8,0.123,20,reviewed,us,us
2014-03-21T06:43:13.000Z,36.6844,-98.288,9.72,2.8,ml,,198,,1.21,us,usc000nji8,2014-05-24T00:54:36.000Z,"9 km WNW of Jet, Oklahoma",earthquake,,6.5,,,reviewed,tul,tul
2014-03-21T06:25:04.900Z,24.8398,121.8373,100.83,4,mb,,90,0.336,0.71,us,usc000p0bl,2014-05-24T00:54:36.000Z,"12 km NE of Yilan, Taiwan",earthquake,,4.6,0.299,3,reviewed,us,us
2014-03-21T06:23:28.470Z,26.7291,128.2917,32.9,4.4,mb,,140,0.107,0.75,us,usc000nji5,2014-05-24T00:54:36.000Z,"33 km ENE of Nago, Japan",earthquake,,6.3,0.107,27,reviewed,us,us
2014-03-21T06:01:32.200Z,36.078,-97.5505,4.349,2.8,ml,,84,,0.94,us,usc000njup,2014-05-24T00:54:36.000Z,"10 km SE of Marshall, Oklahoma",earthquake,,6.8,,,reviewed,tul,tul
2014-03-21T05:46:59.300Z,35.5418,-96.7607,5,2.5,ml,,128,,0.51,us,usc000njk1,2014-05-24T00:54:36.000Z,"9 km SE of Sparks, Oklahoma",earthquake,,5.7,,,reviewed,tul,tul
2014-03-21T05:39:43.000Z,-21.953,-70.388,28.9,3.7,mwr,,,,0.69,us,usc000njhm,2014-05-24T00:54:37.000Z,"24 km NW of Tocopilla, Chile",earthquake,,5.1,0.054,33,reviewed,guc,us
2014-03-21T04:39:24.020Z,-49.66,69.727,10,4.7,mb,,115,0.441,0.71,us,usc000nuxa,2014-05-24T00:54:36.000Z,"49 km SW of Port-aux-Français, French Southern Territories",earthquake,,1.9,0.245,10,reviewed,us,us
2014-03-21T04:14:55.570Z,-5.1557,153.0205,39.31,4.3,mb,,101,1.283,0.97,us,usc000njh3,2014-05-24T00:54:36.000Z,"122 km SE of Kokopo, Papua New Guinea",earthquake,,7.8,0.217,12,reviewed,us,us
2014-03-21T02:56:43.710Z,19.3471667,-155.0553333,8.222,3.41,ml,42,179,,0.1,hv,hv60659866,2022-07-26T10:06:25.521Z,"15 km SSE of Fern Forest, Hawaii",earthquake,0.44,0.57,0.176,44,reviewed,hv,hv
2014-03-21T02:49:06.250Z,53.932,-165.563,61.7,3.1,ml,,,,0.28,us,usc000nrue,2019-05-14T02:40:42.250Z,"26 km SSE of Akutan, Alaska",earthquake,,7.8,,20,reviewed,ak,ak
2014-03-21T02:39:57.740Z,-5.3771,153.0977,10,4.4,mb,,173,1.501,0.68,us,usc000nuxf,2014-05-24T00:54:36.000Z,"146 km SE of Kokopo, Papua New Guinea",earthquake,,1.9,0.24,9,reviewed,us,us
2014-03-21T02:17:40.220Z,34.1275,-118.4855,7.86,2.63,ml,73,59,0.03302,0.19,ci,ci15478321,2022-08-06T22:31:22.553Z,"4km SSE of Encino, CA",earthquake,0.29,0.5,0.169,199,reviewed,ci,ci
2014-03-21T01:01:50.560Z,36.826,-97.61,1.9,2.5,ml,,,,0.59,us,usc000njg6,2014-05-24T00:54:36.000Z,"8 km WNW of Deer Creek, Oklahoma",earthquake,,7.9,,,reviewed,tul,tul
2014-03-20T23:53:53.300Z,-38.128,-73.2643,32.06,4.6,mb,,149,2.017,0.8,us,usc000njem,2014-05-24T00:54:36.000Z,"38 km SSE of Cañete, Chile",earthquake,,5.9,0.125,19,reviewed,us,us
2014-03-20T23:27:35.470Z,35.8883,-0.3949,13.96,4.2,mb,,53,0.199,1.14,us,usc000njdz,2022-07-26T10:09:19.977Z,"12 km NW of Aïn el Bya, Algeria",earthquake,,5.2,0.526,3,reviewed,us,us
2014-03-20T23:26:29.570Z,-4.8702,153.9392,103.07,4.4,mb,,158,1.894,0.76,us,usc000nje5,2014-05-24T00:54:36.000Z,"194 km ESE of Kokopo, Papua New Guinea",earthquake,,6.4,0.13,19,reviewed,us,us
2014-03-20T23:17:26.650Z,54.2,-162.617,20,2.6,ml,,,,0.78,us,usc000np6u,2023-07-20T17:21:02.145Z,"89 km SE of False Pass, Alaska",earthquake,,2,,11,reviewed,ak,ak
2014-03-20T22:42:32.200Z,36.5675,-97.8247,3.66,3.3,ml,,92,,0.72,us,usc000njca,2022-07-26T10:05:30.125Z,"2 km NNE of Kremlin, Oklahoma",earthquake,,6.8,,,reviewed,tul,tul
2014-03-20T22:42:31.700Z,3.6309,128.1684,123.35,4,mb,,121,2.95,0.52,us,usc000nusq,2014-05-24T00:54:36.000Z,"211 km N of Tobelo, Indonesia",earthquake,,10,0.232,6,reviewed,us,us
2014-03-20T22:41:47.160Z,-23.2398,-177.3493,132.18,4.4,mb,,120,6.003,0.95,us,usc000nusm,2014-05-24T00:54:36.000Z,"south of the Fiji Islands",earthquake,,2.4,0.095,33,reviewed,us,us
2014-03-20T22:35:22.540Z,-11.3903,118.1656,36.85,4,mb,,75,4.855,0.82,us,usc000nusl,2014-05-24T00:54:36.000Z,"299 km SW of Waingapu, Indonesia",earthquake,,9.8,0.143,15,reviewed,us,us
2014-03-20T22:01:14.300Z,19.0972,-66.8133,38,2.6,Md,9,270,0.67283815,0.23,pr,pr14079004,2014-05-24T00:54:35.000Z,"67 km N of Hatillo, Puerto Rico",earthquake,1.3,5.8,0,9,reviewed,pr,pr
2014-03-20T21:58:13.480Z,-4.7372,153.6903,119.25,4,mb,,132,1.615,0.54,us,usc000nusj,2014-05-24T00:54:35.000Z,"163 km ESE of Kokopo, Papua New Guinea",earthquake,,8.7,0.184,9,reviewed,us,us
2014-03-20T21:49:10.190Z,-9.702,114.2729,72.87,4,mb,,89,1.229,0.61,us,usc000nusi,2014-05-24T00:54:35.000Z,"140 km SW of Jimbaran, Indonesia",earthquake,,9,0.144,14,reviewed,us,us
2014-03-20T21:37:32.400Z,-10.0292,114.4948,46.28,4.2,mb,,92,1.585,0.57,us,usc000nuss,2014-05-24T00:54:35.000Z,"155 km SSW of Jimbaran, Indonesia",earthquake,,10.6,0.198,8,reviewed,us,us
2014-03-20T21:33:00.060Z,-9.653,114.2783,51.41,5,mb,,35,1.181,1.35,us,usc000nj9d,2025-12-22T16:49:06.300Z,"135 km S of Muncar, Indonesia",earthquake,,4.5,0.065,80,reviewed,us,us
2014-03-20T21:26:21.900Z,36.0802,-97.545,4.834,2.7,ml,,98,,1.21,us,usc000njg8,2014-05-24T00:54:35.000Z,"10 km SE of Marshall, Oklahoma",earthquake,,7.1,,,reviewed,tul,tul
2014-03-20T21:15:10.670Z,-5.1882,152.8343,27,5.8,mww,,25,1.194,0.78,us,usc000nj7v,2022-05-03T16:46:50.837Z,"112 km SE of Kokopo, Papua New Guinea",earthquake,,1.8,,,reviewed,us,us
2014-03-20T21:07:16.000Z,31.6,49.63,19,4.2,mb,,,,1.2,us,usc000nj70,2014-05-24T00:54:35.000Z,"35 km N of R?mhormoz, Iran",earthquake,,2.1,0.083,42,reviewed,teh,us
2014-03-20T20:44:38.400Z,-14.1256,167.2966,218.53,4.4,mb,,162,7.944,0.77,us,usc000nusg,2014-05-24T00:54:35.000Z,"39 km SW of Sola, Vanuatu",earthquake,,10.5,0.19,9,reviewed,us,us
2014-03-20T20:31:20.340Z,9.5674,-40.483,10,4.6,mb,,138,21.932,1.07,us,usc000nut2,2014-05-24T00:54:35.000Z,"central Mid-Atlantic Ridge",earthquake,,1.9,0.222,7,reviewed,us,us
2014-03-20T20:27:32.410Z,-29.3362,-70.0557,101.15,4.4,mb,,119,1.055,0.33,us,usc000nuse,2014-05-24T00:54:35.000Z,"100 km NE of Vicuña, Chile",earthquake,,4.4,0.309,3,reviewed,us,us
2014-03-20T19:37:01.200Z,36.8372,71.107,80.58,4.2,mb,,114,2.841,0.64,us,usc000nusc,2014-05-24T00:54:35.000Z,"24 km E of Jurm, Afghanistan",earthquake,,11,0.176,9,reviewed,us,us
2014-03-20T19:09:54.530Z,43.5036,-105.1676,0,3.4,ml,,84,1.025,1.42,us,usc000nusd,2014-05-24T00:54:35.000Z,"37 km SE of Wright, Wyoming",mining explosion,,2,0.056,56,reviewed,us,us
2014-03-20T18:58:23.570Z,0.0422,123.2102,154.13,4.4,mb,,83,1.162,0.54,us,usc000nusp,2014-05-24T00:54:35.000Z,"57 km SSE of Gorontalo, Indonesia",earthquake,,8.1,0.139,16,reviewed,us,us
2014-03-20T18:44:14.570Z,-5.251,152.7899,26.15,5.6,mww,,13,1.223,0.74,us,usc000nitp,2022-05-03T16:46:49.668Z,"115 km SSE of Kokopo, Papua New Guinea",earthquake,,2.8,,,reviewed,us,us
2014-03-20T18:42:48.600Z,35.6644,140.8812,36.82,4.5,mb,,125,2.334,0.7,us,usc000nusb,2014-05-24T00:54:35.000Z,"8 km SSE of Hasaki, Japan",earthquake,,10.8,0.242,6,reviewed,us,us
2014-03-20T18:41:34.420Z,40.3086667,-124.4801667,8.531,2.58,md,26,241,0.1505,0.16,nc,nc72185210,2017-02-03T11:04:01.458Z,"34 km SSW of Ferndale, California",earthquake,0.91,0.42,0.177,44,reviewed,nc,nc
2014-03-20T18:41:31.790Z,-24.0271,-69.0615,93.22,5.1,mww,,32,0.897,1.15,us,usc000nit6,2025-12-22T16:49:05.603Z,"142 km ESE of Antofagasta, Chile",earthquake,,2.9,,,reviewed,us,us
2014-03-20T18:19:19.380Z,27.1778,143.4485,28.75,4.4,mb,,232,1.129,0.47,us,usc000nusa,2014-05-24T00:54:35.000Z,"Bonin Islands, Japan region",earthquake,,9.5,0.309,3,reviewed,us,us
2014-03-20T17:58:09.620Z,11.2527,-87.513,15.09,4.6,mb,,142,1.713,1.3,us,usc000nus9,2014-05-24T00:54:35.000Z,"123 km WSW of Masachapa, Nicaragua",earthquake,,6.5,0.141,16,reviewed,us,us
2014-03-20T17:55:52.310Z,11.5482,-87.1395,47.11,5,mb,,53,1.477,1.1,us,usc000niqv,2025-12-22T16:49:04.790Z,"73 km WSW of Masachapa, Nicaragua",earthquake,,4.7,0.033,312,reviewed,us,us
2014-03-20T17:40:29.550Z,-6.4633,129.0586,196.71,4.1,mb,,77,2.686,0.72,us,usc000nus8,2014-05-24T00:54:35.000Z,"Banda Sea",earthquake,,11.5,0.303,4,reviewed,us,us
2014-03-20T17:16:20.520Z,54.202,-163.414,52.9,2.6,ml,,,,0.48,us,usc000np6y,2023-07-20T17:19:59.053Z,"72 km S of False Pass, Alaska",earthquake,,10.1,,18,reviewed,ak,ak
2014-03-20T17:12:48.000Z,13.387,-89.922,55.5,4.2,mb,,,,1.09,us,usc000nina,2014-05-24T00:54:35.000Z,"24 km SSW of Acajutla, El Salvador",earthquake,,5.5,0.166,11,reviewed,snet,us
2014-03-20T17:07:49.260Z,-5.1767,152.7119,59.52,4.5,mb,,156,1.121,0.62,us,usc000nus4,2014-05-24T00:54:35.000Z,"104 km SSE of Kokopo, Papua New Guinea",earthquake,,7.5,0.131,18,reviewed,us,us
2014-03-20T17:07:20.840Z,40.2978333,-124.4998333,3.813,3.22,ml,27,230,0.1667,0.11,nc,nc72188626,2017-02-03T11:03:11.390Z,"36 km SSW of Ferndale, California",earthquake,0.22,0.53,0.161,20,reviewed,nc,nc
2014-03-20T17:07:15.880Z,40.3143333,-124.4725,6.851,2.59,ml,23,249,0.1441,0.06,nc,nc71081449,2017-02-03T11:03:00.154Z,"34 km SSW of Ferndale, California",earthquake,0.76,0.31,0.28,4,reviewed,nc,nc
2014-03-20T17:04:47.000Z,13.267,-89.931,29.7,4.8,mb,,,,2.61,us,usc000nimh,2025-12-22T16:49:04.073Z,"37 km SSW of Acajutla, El Salvador",earthquake,,4.6,0.058,94,reviewed,snet,us
2014-03-20T17:01:21.690Z,-5.1671,152.8114,35,5.4,mww,,15,1.164,0.73,us,usc000nima,2022-05-03T16:46:48.370Z,"109 km SSE of Kokopo, Papua New Guinea",earthquake,,1.8,,,reviewed,us,us
2014-03-20T16:52:19.740Z,3.4915,126.2286,78.83,4.3,mb,,100,2.931,0.95,us,usc000nus5,2014-05-24T00:54:35.000Z,"227 km SSE of Sarangani, Philippines",earthquake,,10.2,0.137,16,reviewed,us,us
2014-03-20T16:48:49.200Z,35.8947,-97.275,4.35,2.8,ml,,59,,0.7,us,usc000nin1,2014-05-24T00:54:35.000Z,"5 km SSW of Langston, Oklahoma",earthquake,,5.7,,,reviewed,tul,tul
2014-03-20T16:47:23.800Z,23.2,120.96,11.7,4.2,ml,,,,1.08,us,usb000q5v5,2014-05-24T00:54:35.000Z,"51 km E of Yujing, Taiwan",earthquake,,7.3,,,reviewed,tap,tap
2014-03-20T16:46:54.400Z,35.8937,-97.2725,4.216,2.6,ml,,74,,0.53,us,usc000nim4,2014-05-24T00:54:35.000Z,"5 km SSW of Langston, Oklahoma",earthquake,,7.6,,,reviewed,tul,tul
2014-03-20T16:21:08.794Z,59.3395,-136.5749,6.8,3,ml,,,,0.66,ak,ak0143mx3ven,2023-07-20T17:19:47.022Z,"32 km WSW of Covenant Life, Alaska",earthquake,,0.4,,,reviewed,ak,ak
2014-03-20T15:54:18.440Z,40.3075,-124.4838333,7.651,2.63,md,26,241,0.1532,0.16,nc,nc72188586,2017-02-03T11:02:50.290Z,"35 km SSW of Ferndale, California",earthquake,0.57,0.51,0.145,40,reviewed,nc,nc
2014-03-20T15:42:19.570Z,36.8139,70.5873,92.8,4.3,mb,,172,0.311,1.33,us,usc000nus1,2014-05-24T00:54:35.000Z,"22 km WSW of Jurm, Afghanistan",earthquake,,8.5,0.378,2,reviewed,us,us
2014-03-20T15:41:09.100Z,-6.5677,129.7944,150.98,4.2,mb,,86,2.05,1.32,us,usc000nut0,2014-05-24T00:54:35.000Z,"Banda Sea",earthquake,,11.6,0.146,13,reviewed,us,us
2014-03-20T15:32:38.270Z,-7.5378,128.3406,166.58,4.2,mb,,58,2.964,1.49,us,usc000nigx,2014-05-24T00:54:35.000Z,"183 km NE of Lospalos, Timor Leste",earthquake,,9.5,0.152,14,reviewed,us,us
2014-03-20T14:57:48.140Z,-4.9014,153.7988,125.5,4.3,mb,,174,1.776,0.88,us,usc000nifu,2014-05-24T00:54:35.000Z,"180 km ESE of Kokopo, Papua New Guinea",earthquake,,6.7,0.142,16,reviewed,us,us
2014-03-20T14:39:17.800Z,35.891,-97.275,5,3.3,ml,,,,0.41,us,usc000nief,2022-07-26T10:02:30.294Z,"5 km NNW of Meridian, Oklahoma",earthquake,,1,,,reviewed,tul,tul
2014-03-20T14:20:37.250Z,1.1264,128.0234,18.7,4.3,mb,,121,0.745,0.85,us,usc000nus0,2014-05-24T00:54:35.000Z,"Halmahera, Indonesia",earthquake,,6.2,0.177,11,reviewed,us,us
2014-03-20T14:14:25.900Z,31.565,73.8172,46.03,4.3,mb,,116,2.13,0.8,us,usc000nidv,2022-07-26T10:08:19.094Z,"2 km NNW of Chak Five Hundred Seventy-five, Pakistan",earthquake,,6.4,0.148,16,reviewed,us,us
2014-03-20T13:41:19.630Z,40.678,-125.2803333,23.662,2.83,md,28,276,0.745,0.26,nc,nc72188531,2017-02-03T11:01:58.585Z,"86 km W of Ferndale, California",earthquake,2.21,16.9,0.163,35,reviewed,nc,nc
2014-03-20T13:25:24.800Z,18.3043,-67.963,101,2.9,Md,9,187.2,0.44825933,0.12,pr,pr14079003,2014-05-24T00:54:35.000Z,"55 km ESE of Punta Cana, Dominican Republic",earthquake,1.4,0.8,0,8,reviewed,pr,pr
2014-03-20T12:59:23.000Z,54.5371,-163.1058,11.6,2.5,ml,,,,0.18,us,usc000np6t,2023-07-20T17:19:00.796Z,"40 km SSE of False Pass, Alaska",earthquake,,6.6,,,reviewed,ak,ak
2014-03-20T12:57:27.000Z,-34.744,-72.417,30.2,4.1,ml,,,,1.11,us,usc000nurw,2014-05-24T00:54:35.000Z,"65 km N of Constitución, Chile",earthquake,,6.9,,,reviewed,guc,guc
2014-03-20T12:43:49.080Z,-4.1372,151.8371,160.34,4.2,mb,,121,0.33,0.4,us,usc000nurv,2014-05-24T00:54:35.000Z,"36 km W of Rabaul, Papua New Guinea",earthquake,,13.8,0.176,10,reviewed,us,us
2014-03-20T12:13:41.300Z,18.065,-68.6613,156,3.6,Md,18,295.2,0.51832792,0.34,pr,pr14079001,2014-05-24T00:54:35.000Z,"35 km S of Boca de Yuma, Dominican Republic",earthquake,3.5,1.3,0,15,reviewed,pr,pr
2014-03-20T12:12:38.090Z,-7.147,129.4951,128.31,4.5,mb,,84,1.971,1.42,us,usc000nuru,2014-05-24T00:54:35.000Z,"Kepulauan Babar, Indonesia",earthquake,,6.3,0.135,17,reviewed,us,us
2014-03-20T10:30:05.370Z,-4.7446,153.8113,122.34,4.1,mb,,199,1.732,1.13,us,usc000nurp,2014-05-24T00:54:35.000Z,"176 km ESE of Kokopo, Papua New Guinea",earthquake,,25.1,0.213,6,reviewed,us,us
2014-03-20T10:24:03.200Z,30.4733,-114.0544,17.9,4,ml,,,,1.43,us,usc000ni8g,2014-05-24T00:54:35.000Z,"96 km SE of San Felipe, Mexico",earthquake,,6.2,,,reviewed,ecx,ecx
2014-03-20T09:33:33.990Z,30.8615,-105.5986,14.51,2.6,ml,,99,0.854,1.16,us,usc000ni74,2014-05-24T00:54:35.000Z,"41 km SSW of Sierra Blanca, Texas",earthquake,,6,0.091,24,reviewed,us,us
2014-03-20T09:18:25.130Z,38.5551,142.1105,59.7,4.2,mb,,136,3.547,0.76,us,usc000nurm,2014-05-24T00:54:35.000Z,"66 km SSE of ?funato, Japan",earthquake,,8.9,0.235,5,reviewed,us,us
2014-03-20T09:15:23.980Z,-4.8481,153.6875,119.1,4.5,mb,,159,1.653,0.8,us,usc000ni6m,2014-05-24T00:54:35.000Z,"167 km ESE of Kokopo, Papua New Guinea",earthquake,,7.4,0.135,18,reviewed,us,us
2014-03-20T09:06:13.000Z,51.4505,-179.934,5.3,4.2,mb,,,,0.9,us,usc000ni67,2023-07-20T17:18:17.619Z,"233 km WSW of Adak, Alaska",earthquake,,4.5,0.067,69,reviewed,ak,us
2014-03-20T08:18:10.620Z,51.428,-178.801,14.8,2.8,ml,,,,0.65,us,usc000np70,2019-05-14T02:39:54.963Z,"157 km WSW of Adak, Alaska",earthquake,,7,,15,reviewed,ak,ak
2014-03-20T08:16:12.750Z,37.5389,142.0257,37.67,4.1,mb,,121,3.211,1.11,us,usc000nurx,2014-05-24T00:54:34.000Z,"off the east coast of Honshu, Japan",earthquake,,7.4,0.184,10,reviewed,us,us
2014-03-20T08:04:04.407Z,62.3554,-148.1452,37.2,2.5,ml,,,,0.47,ak,ak0143ms8r20,2023-07-20T17:18:06.485Z,"64 km NNE of Chickaloon, Alaska",earthquake,,0.3,,,reviewed,ak,ak
2014-03-20T07:42:14.960Z,-8.71,148.0871,122.07,4.6,mb,,102,1.146,0.86,us,usc000ni41,2014-05-24T00:54:34.000Z,"17 km WNW of Popondetta, Papua New Guinea",earthquake,,6,0.091,38,reviewed,us,us
2014-03-20T07:35:55.878Z,54.0705,-164.4633,90.2,2.5,ml,,,,0.61,ak,ak0143mru2mb,2023-07-20T17:18:05.231Z,"86 km E of Akutan, Alaska",earthquake,,2.1,,,reviewed,ak,ak
2014-03-20T07:31:16.180Z,53.895,-164.338,59.1,2.6,ml,,,,0.33,us,usc000np6z,2019-05-14T02:39:53.987Z,"97 km ESE of Akutan, Alaska",earthquake,,9.7,,22,reviewed,ak,ak
2014-03-20T07:07:53.690Z,-15.7781,-75.2878,32.05,4.6,mb,,148,4.059,0.83,us,usc000ni34,2014-05-24T00:54:34.000Z,"47 km SSW of San Juan, Peru",earthquake,,5.9,0.098,34,reviewed,us,us
2014-03-20T06:56:42.080Z,-5.1791,147.3195,157.73,4.3,mb,,169,3.115,0.4,us,usc000nurj,2014-05-24T00:54:34.000Z,"163 km NNW of Finschhafen, Papua New Guinea",earthquake,,13.4,0.161,12,reviewed,us,us
2014-03-20T05:47:17.050Z,51.5487,16.0424,10,4,mb,,32,1.918,0.78,us,usc000ni17,2014-05-24T00:54:34.000Z,"5 km NNW of Polkowice, Poland",earthquake,,1.9,0.3,10,reviewed,us,us
2014-03-20T05:40:36.830Z,36.1997,82.8994,13.78,4.4,mb,,108,8.275,0.7,us,usc000ni11,2014-05-24T00:54:34.000Z,"283 km ESE of Hotan, China",earthquake,,4.8,0.124,26,reviewed,us,us
2014-03-20T05:38:20.780Z,-7.0802,129.7041,133.05,4.6,mb,,87,1.817,1.24,us,usc000ni0x,2014-05-24T00:54:34.000Z,"Kepulauan Babar, Indonesia",earthquake,,5.7,0.116,25,reviewed,us,us
2014-03-20T05:12:23.800Z,36.6376,-97.6716,6.715,3.1,ml,,98,,0.92,us,usc000ni0f,2014-05-24T00:54:34.000Z,"8 km N of Hunter, Oklahoma",earthquake,,7.9,,,reviewed,tul,tul
2014-03-20T05:11:19.564Z,51.9906,-175.3701,89.4,2.5,ml,,,,0.3,ak,ak0143mqhzf8,2019-05-14T02:39:51.805Z,"83 km WSW of Atka, Alaska",earthquake,,0.4,,,reviewed,ak,ak
2014-03-20T05:08:48.700Z,36.6372,-97.6628,5,2.8,ml,,98,,0.41,us,usc000ni0e,2014-05-24T00:54:34.000Z,"8 km N of Hunter, Oklahoma",earthquake,,2,,,reviewed,tul,tul
2014-03-20T04:44:39.800Z,30.849,-105.669,15.17,3.2,ml,,77,0.881,0.42,us,usc000nz9k,2014-05-24T00:54:34.000Z,"46 km SW of Sierra Blanca, Texas",earthquake,,5.8,0.091,22,reviewed,us,us
2014-03-20T04:00:21.220Z,23.362,94.4366,71.15,4.5,mb,,37,2.662,0.83,us,usc000nhzd,2014-05-24T00:54:34.000Z,"31 km S of Mawlaik, Myanmar",earthquake,,6.4,0.096,37,reviewed,us,us
2014-03-20T03:40:43.150Z,35.5248,-97.4074,7.42,2.5,ml,,,,0.28,us,usc000nidh,2014-05-24T00:54:34.000Z,"2 km W of Spencer, Oklahoma",earthquake,,4.1,,,reviewed,tul,tul
2014-03-20T03:38:43.290Z,-19.8854,-70.833,21.27,4,mwr,,162,0.727,0.64,us,usc000nhyz,2014-05-24T00:54:35.000Z,"80 km WNW of Iquique, Chile",earthquake,,5.5,0.048,41,reviewed,us,us
2014-03-20T03:14:10.420Z,51.628,179.87,30.3,2.7,ml,,,,0.78,us,usc000np6p,2023-07-20T17:17:29.973Z,"242 km W of Adak, Alaska",earthquake,,10.1,,13,reviewed,ak,ak
2014-03-20T02:21:29.000Z,-33.149,-70.332,108.1,4.3,mb,,,,0.58,us,usc000njh0,2022-07-26T14:04:26.201Z,"33 km ENE of Chicureo Abajo, Chile",earthquake,,5.1,0.217,8,reviewed,guc,us
2014-03-20T02:19:02.993Z,58.9934,-152.5426,75.6,2.6,ml,,,,0.57,ak,ak0143mord23,2023-07-20T17:17:22.551Z,"53 km SW of Nanwalek, Alaska",earthquake,,0.4,,,reviewed,ak,ak
2014-03-20T02:10:04.960Z,-7.7677,117.2518,306.36,4.2,mb,,70,3.147,0.69,us,usc000nhwy,2014-05-24T00:54:34.000Z,"75 km NNW of Pototano, Indonesia",earthquake,,5.4,0.128,19,reviewed,us,us
2014-03-20T01:19:59.450Z,40.306,-124.4893333,7.471,2.87,md,28,241,0.1577,0.17,nc,nc72188301,2022-07-26T10:00:36.182Z,"35 km SSW of Ferndale, California",earthquake,0.47,0.35,0.232,56,reviewed,nc,nc
2014-03-20T00:44:11.570Z,53.453,-163.588,39.6,2.8,ml,,,,0.35,us,usc000np6l,2023-07-20T17:17:15.790Z,"156 km S of False Pass, Alaska",earthquake,,10.1,,21,reviewed,ak,ak
2014-03-20T00:10:44.270Z,-5.8088,128.7903,293.7,4,mb,,133,3.296,1.22,us,usc000nur8,2014-05-24T00:54:34.000Z,"243 km SSE of Ambon, Indonesia",earthquake,,15.4,0.299,4,reviewed,us,us
2014-03-19T23:45:30.000Z,52.9547,-173.48,189.4,2.8,ml,,,,0.31,us,usc000nnas,2023-07-20T17:17:08.516Z,"97 km NNE of Atka, Alaska",earthquake,,9.8,,,reviewed,ak,ak
2014-03-19T23:41:35.000Z,51.4567,179.9761,20,2.6,ml,,,,0.7,us,usc000nnau,2023-07-20T17:17:07.358Z,"239 km WSW of Adak, Alaska",earthquake,,2,,,reviewed,ak,ak
2014-03-19T23:23:34.300Z,18.5869,-65.6331,84,2.9,Md,6,201.6,0.43298797,0.12,pr,pr14078004,2014-05-24T00:54:34.000Z,"Puerto Rico region",earthquake,1.8,1.4,0,6,reviewed,pr,pr
2014-03-19T23:09:16.640Z,51.403,-178.065,36.3,2.8,ml,,,,0.74,us,usc000nnat,2023-07-20T17:17:05.145Z,"112 km WSW of Adak, Alaska",earthquake,,10.1,,22,reviewed,ak,ak
2014-03-19T22:44:30.630Z,-5.5106,153.2845,35,4.2,mb,,179,1.722,0.92,us,usc000nuk1,2014-05-24T00:54:34.000Z,"171 km SE of Kokopo, Papua New Guinea",earthquake,,2,0.199,8,reviewed,us,us
2014-03-19T22:38:03.330Z,32.9978333,-80.1778333,6.91,3,mlg,15,57,0.08998,0.37,se,se610620,2016-04-07T18:15:25.450Z,"0 km WNW of Centerville, South Carolina",earthquake,0.5,0.8,0.432,8,reviewed,se,se
2014-03-19T21:58:02.520Z,-35.0096,-111.3963,10,4.6,mb,,100,18.951,1.07,us,usc000nuk0,2014-05-24T00:54:34.000Z,"southern East Pacific Rise",earthquake,,1.8,0.086,51,reviewed,us,us
2014-03-19T21:34:40.960Z,1.1928,128.1291,9.41,4.6,mb,,56,0.869,1.09,us,usc000nhlt,2014-05-24T00:54:34.000Z,"60 km SSE of Tobelo, Indonesia",earthquake,,5.3,0.094,37,reviewed,us,us
2014-03-19T21:08:33.220Z,20.0286667,-155.3861667,14.568,2.68,ml,19,179,,0.14,hv,hv60659031,2022-07-26T09:59:40.594Z,"2 km SW of Pa‘auilo, Hawaii",earthquake,0.61,1.14,0.183,31,reviewed,hv,hv
2014-03-19T20:57:57.770Z,46.7536,-27.4992,10,4.8,mb,,74,16.857,1.16,us,usc000nujz,2014-05-24T00:54:34.000Z,"northern Mid-Atlantic Ridge",earthquake,,1.9,0.138,21,reviewed,us,us
2014-03-19T20:51:33.740Z,-8.4828,108.3156,87.06,4.9,mb,,29,1.045,0.86,us,usc000nhhm,2014-05-24T00:54:34.000Z,"122 km SSW of Sidareja, Indonesia",earthquake,,4.2,0.063,86,reviewed,us,us
2014-03-19T20:41:56.150Z,20.7205,146.1135,32.77,4.2,mb,,113,7.292,1.04,us,usc000nuk3,2014-05-24T00:54:34.000Z,"Mariana Islands region",earthquake,,5.6,0.373,2,reviewed,us,us
2014-03-19T20:23:00.270Z,34.0468,142.1181,33.29,4.9,mb,,105,2.136,0.54,us,usc000nhey,2014-05-24T00:54:34.000Z,"205 km SE of Katsuura, Japan",earthquake,,4.1,0.055,115,reviewed,us,us
2014-03-19T20:22:42.300Z,35.953,-96.925,2.3,2.9,ml,,,,0.73,us,usc000nhr1,2014-05-24T00:54:34.000Z,"7 km SSW of Ripley, Oklahoma",earthquake,,7.6,,,reviewed,tul,tul
2014-03-19T20:17:43.540Z,-60.731,-25.3287,10,5.5,mww,,43,8.813,1.1,us,usc000nhe7,2025-12-22T16:53:59.678Z,"South Sandwich Islands region",earthquake,,1.6,,,reviewed,us,us
2014-03-19T20:15:32.000Z,35.949,-96.918,1.6,3.4,mwr,,,,0.74,us,usc000nhcy,2022-08-06T22:30:30.952Z,"7 km NW of Agra, Oklahoma",earthquake,,6.7,0.073,18,reviewed,tul,us
2014-03-19T19:59:44.500Z,-49.4362,117.2913,10,4.7,mb,,77,16.495,0.58,us,usc000nujy,2014-05-24T00:54:34.000Z,"western Indian-Antarctic Ridge",earthquake,,1.4,0.118,23,reviewed,us,us
2014-03-19T19:45:38.650Z,-22.8711,-178.6406,526.5,4.6,mb,,162,13.814,0.64,us,usc000nujv,2014-05-24T00:54:34.000Z,"south of the Fiji Islands",earthquake,,16.1,0.122,21,reviewed,us,us
2014-03-19T19:14:20.460Z,-23.7703,-175.7089,46.48,4.3,mb,,197,7.128,0.27,us,usc000nuju,2014-05-24T00:54:34.000Z,"280 km SSW of ‘Ohonua, Tonga",earthquake,,10.9,0.178,10,reviewed,us,us
2014-03-19T19:03:13.530Z,43.7491,-105.3002,0,3.1,ml,,71,0.986,0.52,us,usc000nh7j,2014-05-24T00:54:34.000Z,"15 km E of Wright, Wyoming",mining explosion,,2,0.056,54,reviewed,us,us
2014-03-19T18:56:44.040Z,45.3986,141.9708,290,4,mb,,105,1.358,0.62,us,usc000nujt,2014-05-24T00:54:34.000Z,"12 km ENE of Makubetsu, Japan",earthquake,,7.9,0.094,32,reviewed,us,us
2014-03-19T18:52:34.880Z,-17.531,-172.8299,8.45,4.8,mb,,61,8.695,0.86,us,usc000nh7i,2014-05-24T00:54:34.000Z,"174 km NE of Neiafu, Tonga",earthquake,,2.5,0.105,31,reviewed,us,us
2014-03-19T18:08:01.110Z,-6.1977,154.7037,85.11,4.4,mb,,150,3.22,0.67,us,usc000nujs,2014-05-24T00:54:34.000Z,"87 km W of Panguna, Papua New Guinea",earthquake,,9.5,0.179,10,reviewed,us,us
2014-03-19T17:52:29.800Z,36.061,-96.909,2.8,2.5,ml,,,,0.69,us,usc000nh4q,2014-05-24T00:54:34.000Z,"4 km N of Ripley, Oklahoma",earthquake,,4.2,,,reviewed,tul,tul
2014-03-19T17:31:22.000Z,12.534,-89.514,20.4,4.6,mb,,,,1.11,us,usc000nh33,2014-05-24T00:54:34.000Z,"107 km S of La Libertad, El Salvador",earthquake,,3,0.067,66,reviewed,snet,us
2014-03-19T17:06:44.490Z,34.0587,142.1867,33.02,4.7,mb,,133,2.192,0.68,us,usc000nh1x,2014-05-24T00:54:34.000Z,"209 km SE of Katsuura, Japan",earthquake,,4.7,0.073,63,reviewed,us,us
2014-03-19T16:58:16.760Z,53.099,-168.222,56.1,2.6,ml,,,,0.65,us,usc000nnpa,2019-05-14T02:39:28.833Z,"46 km ENE of Nikolski, Alaska",earthquake,,9.1,,20,reviewed,ak,ak
2014-03-19T16:34:28.560Z,-8.9095,110.5538,93.16,4.5,mb,,130,0.991,0.81,us,usc000nh0g,2014-05-24T00:54:33.000Z,"108 km SSE of Pundong, Indonesia",earthquake,,5.8,0.106,30,reviewed,us,us
2014-03-19T16:08:38.900Z,54.193,-162.857,46,2.6,ml,,,,0.73,us,usc000nnay,2023-07-20T17:16:28.788Z,"81 km SSE of False Pass, Alaska",earthquake,,10.1,,14,reviewed,ak,ak
2014-03-19T16:00:23.160Z,-27.8839,-177.1289,30.73,5.8,mww,,27,1.527,0.81,us,usc000ngya,2022-05-03T16:45:29.991Z,"Kermadec Islands region",earthquake,,3,,,reviewed,us,us
2014-03-19T15:49:39.780Z,44.4981,148.2106,68.3,4.3,mb,,144,4.54,0.37,us,usc000nuk5,2014-05-24T00:54:33.000Z,"85 km SSE of Kuril’sk, Russia",earthquake,,8.7,0.153,13,reviewed,us,us
2014-03-19T15:48:40.090Z,39.7206,141.8085,84.68,4.5,mb,,142,4.256,0.68,us,usc000ngy8,2014-05-24T00:54:33.000Z,"13 km NW of Miyako, Japan",earthquake,,7.2,0.131,20,reviewed,us,us
2014-03-19T15:31:16.050Z,5.8582,123.7204,553.19,4,mb,,152,7.468,0.5,us,usc000nujp,2014-05-24T00:54:33.000Z,"64 km SW of Palimbang, Philippines",earthquake,,14.3,0.183,9,reviewed,us,us
2014-03-19T14:56:49.410Z,4.1265,126.7911,58.67,4.7,mb,,58,3.162,0.97,us,usc000ngwg,2014-05-24T00:54:33.000Z,"204 km SE of Sarangani, Philippines",earthquake,,7.2,0.084,47,reviewed,us,us
2014-03-19T14:55:26.880Z,-56.1826,-27.4878,99.26,4.8,mb,,87,5.49,0.44,us,usc000nh2s,2014-05-24T00:54:33.000Z,"South Sandwich Islands region",earthquake,,5.9,0.118,23,reviewed,us,us
2014-03-19T14:38:09.660Z,-6.0475,130.6421,124.34,5.2,mb,,17,2.029,0.96,us,usc000ngvz,2025-12-22T16:28:23.169Z,"238 km W of Tual, Indonesia",earthquake,,3.9,0.053,123,reviewed,us,us
2014-03-19T14:27:51.950Z,36.2994,137.3799,275.51,4,mb,,101,0.708,0.44,us,usc000nujx,2014-05-24T00:54:33.000Z,"21 km NNE of Takayama, Japan",earthquake,,8.8,0.3,5,reviewed,us,us
2014-03-19T14:15:44.680Z,36.4491,70.6838,206.57,4.7,mb,,44,3.505,0.67,us,usc000ngvh,2014-05-24T00:54:33.000Z,"48 km SSW of Jurm, Afghanistan",earthquake,,5.1,0.045,154,reviewed,us,us
2014-03-19T14:11:09.360Z,-6.4905,129.9641,151.09,4.4,mb,,88,1.987,0.51,us,usc000nujq,2014-05-24T00:54:33.000Z,"Banda Sea",earthquake,,11.4,0.311,6,reviewed,us,us
2014-03-19T14:02:13.300Z,13.9102,94.0153,34.2,4.4,mb,,194,6.281,0.69,us,usc000nujm,2014-05-24T00:54:33.000Z,"282 km NNE of Bamboo Flat, India",earthquake,,6.7,0.24,6,reviewed,us,us
2014-03-19T13:53:43.870Z,-6.9214,155.4163,7.68,4.2,mb,,92,4.223,0.68,us,usc000nujl,2014-05-24T00:54:33.000Z,"67 km S of Panguna, Papua New Guinea",earthquake,,5.3,0.216,8,reviewed,us,us
2014-03-19T13:28:50.500Z,-19.3012,-177.5168,558.06,4.6,mb,,123,4.479,0.68,us,usc000nujk,2014-05-24T00:54:33.000Z,"Fiji region",earthquake,,7.5,0.098,33,reviewed,us,us
2014-03-19T12:50:45.650Z,53.304,-163.896,26.4,3.3,mb,,,,0.59,us,usc000nh8j,2023-07-20T17:16:10.195Z,"154 km SE of Akutan, Alaska",earthquake,,3.4,0.486,1,reviewed,ak,us
2014-03-19T12:19:26.020Z,24.109,122.2613,20,5.8,mww,,14,0.612,0.91,us,usc000ngte,2022-07-26T09:57:44.869Z,"68 km ENE of Hualien City, Taiwan",earthquake,,1.7,,,reviewed,us,us
2014-03-19T12:05:26.900Z,15.542,-95.6979,16.5,4,md,,,,1.33,us,usc000nz9h,2014-05-24T00:54:33.000Z,"42 km SSE of El Coyul, Mexico",earthquake,,6.4,,12,reviewed,unm,unm
2014-03-19T11:56:54.490Z,52.86,-163.689,67.4,2.7,ml,,,,0.66,us,usc000nnal,2023-07-20T17:16:02.796Z,"198 km SE of Akutan, Alaska",earthquake,,10.1,,20,reviewed,ak,ak
2014-03-19T11:55:53.360Z,18.7528,-81.3643,10,4.1,mb,,71,0.582,1.17,us,usc000ngt0,2022-07-26T09:56:38.679Z,"59 km S of George Town, Cayman Islands",earthquake,,1.9,0.198,7,reviewed,us,us
2014-03-19T11:34:22.100Z,19.0326,-64.2232,47,2.6,Md,3,334.8,0.7168556,0.05,pr,pr14078002,2014-05-24T00:54:33.000Z,"98 km NE of Cruz Bay, U.S. Virgin Islands",earthquake,5.2,7.8,0,2,reviewed,pr,pr
2014-03-19T11:34:10.591Z,58.1664,-152.9171,55.3,3.8,ml,,,,0.75,ak,ak0143l6o5c3,2023-07-20T17:16:00.258Z,"Kodiak Island region, Alaska",earthquake,,0.6,,,reviewed,ak,ak
2014-03-19T11:23:14.200Z,36.079,-97.5501,3.7,3.1,ml,,,,0.5,us,usc000ngsg,2014-05-24T00:54:33.000Z,"10 km SE of Marshall, Oklahoma",earthquake,,7.6,,,reviewed,tul,tul
2014-03-19T10:47:55.960Z,-8.7053,157.8098,10,4.7,mb,,81,2.233,0.42,us,usc000nujh,2014-05-24T00:54:33.000Z,"125 km ESE of Gizo, Solomon Islands",earthquake,,1.8,0.11,25,reviewed,us,us
2014-03-19T09:57:08.020Z,40.3068333,-124.5126667,6.939,3.95,mw,30,243,0.173,0.19,nc,nc72187866,2022-08-06T22:29:41.131Z,"36 km SW of Ferndale, California",earthquake,0.53,0.48,,6,reviewed,nc,nc
2014-03-19T09:44:03.680Z,40.307,-124.4788333,7.561,3.32,ml,26,251,0.1495,0.13,nc,nc72187851,2017-02-03T10:51:25.106Z,"35 km SSW of Ferndale, California",earthquake,0.91,0.36,0.224,23,reviewed,nc,nc
2014-03-19T09:33:56.540Z,-17.8803,-175.1768,216.04,4.1,mb,,140,5.126,0.09,us,usc000nujf,2014-05-24T00:54:33.000Z,"152 km NW of Neiafu, Tonga",earthquake,,10.2,0.151,13,reviewed,us,us
2014-03-19T09:27:32.300Z,14.215,-92.115,18.6,4,md,,,,1.38,us,usc000nz9g,2014-05-24T00:54:33.000Z,"23 km WSW of Champerico, Guatemala",earthquake,,7.5,,16,reviewed,unm,unm
2014-03-19T09:05:54.220Z,40.307,-124.4968333,7.421,2.76,md,25,253,0.1631,0.18,nc,nc72187831,2017-02-03T10:50:59.910Z,"35 km SSW of Ferndale, California",earthquake,0.86,0.52,0.186,43,reviewed,nc,nc
2014-03-19T08:54:30.000Z,36.0765,-97.5495,4.258,3.1,ml,,76,,0.58,us,usc000ngmx,2014-05-24T00:54:33.000Z,"10 km SE of Marshall, Oklahoma",earthquake,,6.5,,,reviewed,tul,tul
2014-03-19T08:28:31.130Z,36.6079,-97.652,5,3.1,mb_lg,,71,0.286,0.78,us,usc000ngly,2014-05-24T00:54:33.000Z,"4 km N of Hunter, Oklahoma",earthquake,,2,0.068,72,reviewed,us,us
2014-03-19T08:18:16.100Z,18.6891,-64.2634,42,2.8,Md,6,327.6,0.43119134,0.2,pr,pr14078000,2014-05-24T00:54:33.000Z,"68 km NE of Cruz Bay, U.S. Virgin Islands",earthquake,8.3,4.8,0,5,reviewed,pr,pr
2014-03-19T08:11:20.690Z,40.3336667,-124.5891667,21.685,2.5,md,25,237,0.2333,0.12,nc,nc72187796,2017-02-03T10:50:16.675Z,"38 km SW of Ferndale, California",earthquake,0.93,0.5,0.197,23,reviewed,nc,nc
2014-03-19T07:36:06.710Z,1.7289,97.1137,48.81,4.6,mb,,183,2.046,0.57,us,usc000ngku,2014-05-24T00:54:33.000Z,"97 km SW of Singkil, Indonesia",earthquake,,9,0.182,10,reviewed,us,us
2014-03-19T07:26:04.400Z,18.7957,-67.255,11,2.7,Md,9,302.4,0.35393622,0.3,pr,pr14078001,2014-03-19T11:56:02.470Z,"37 km NNW of San Antonio, Puerto Rico",earthquake,1.5,0.9,0,7,reviewed,pr,pr
2014-03-19T06:44:57.300Z,-6.5759,128.5282,256.17,4.2,mb,,153,5.19,1.18,us,usc000nujc,2014-05-24T00:54:33.000Z,"273 km NE of Lospalos, Timor Leste",earthquake,,25.8,0.304,3,reviewed,us,us
2014-03-19T06:42:14.330Z,-20.1499,-70.7901,10,4.2,mb,,147,0.834,1.49,us,usc000nuja,2014-05-24T00:54:33.000Z,"67 km W of Iquique, Chile",earthquake,,1.9,0.305,7,reviewed,us,us
2014-03-19T06:40:16.400Z,36.3175,-96.9975,7.528,2.7,ml,,110,,1.24,us,usc000nh19,2014-05-24T00:54:33.000Z,"2 km NNE of Morrison, Oklahoma",earthquake,,5,,,reviewed,tul,tul
2014-03-19T06:32:55.330Z,-20.0998,-70.835,12.89,3.9,mwr,,146,0.836,0.92,us,usc000ngj7,2014-05-24T00:54:34.000Z,"72 km W of Iquique, Chile",earthquake,,4.4,0.08,15,reviewed,us,us
2014-03-19T06:25:06.470Z,0.1782,129.9324,49.91,4.9,mb,,76,1.691,1.06,us,usc000ngj4,2022-05-03T16:45:23.661Z,"188 km NW of Sorong, Indonesia",earthquake,,6,0.079,54,reviewed,us,us
2014-03-19T06:13:36.230Z,-56.4779,-27.591,118.91,4.5,mb,,125,5.528,1.27,us,usc000nuk7,2014-05-24T00:54:33.000Z,"South Sandwich Islands region",earthquake,,9.4,0.15,14,reviewed,us,us
2014-03-19T05:23:52.730Z,51.582,-176.687,51.8,2.7,ml,,,,0.24,us,usc000nnp9,2019-05-14T02:39:16.976Z,"32 km S of Adak, Alaska",earthquake,,9.8,,18,reviewed,ak,ak
2014-03-19T04:35:48.380Z,36.1965,-89.4231667,6.99,2.6,md,18,57,0.03371,0.03,nm,nm610315,2016-04-07T17:41:32.760Z,"9 km SE of Ridgely, Tennessee",earthquake,0.3,0.9,0.074,8,reviewed,nm,nm
2014-03-19T04:33:58.530Z,9.9908,125.2394,72.05,4.5,mb,,80,2.921,0.61,us,usc000nghl,2014-05-24T00:54:33.000Z,"11 km SE of San Francisco, Philippines",earthquake,,6.3,0.099,33,reviewed,us,us
2014-03-19T04:13:58.070Z,-5.3307,153.0283,43.41,4.2,mb,,173,1.422,0.72,us,usc000nuj4,2014-05-24T00:54:33.000Z,"New Ireland region, Papua New Guinea",earthquake,,8.6,0.237,6,reviewed,us,us
2014-03-19T03:28:23.000Z,53.2496,-163.9358,20,2.5,ml,,,,0.46,us,usc000nnaq,2023-07-20T17:15:23.442Z,"156 km SE of Akutan, Alaska",earthquake,,2,,,reviewed,ak,ak
2014-03-19T02:56:59.110Z,40.3101667,-124.4965,6.875,2.53,md,21,241,0.1622,0.07,nc,nc72187681,2017-02-03T10:48:01.773Z,"35 km SSW of Ferndale, California",earthquake,0.44,0.27,0.195,28,reviewed,nc,nc
2014-03-19T02:32:46.380Z,40.3071667,-124.5278333,6.665,3.3,ml,28,240,0.1865,0.16,nc,nc72187661,2017-02-03T10:47:46.905Z,"37 km SW of Ferndale, California",earthquake,0.76,0.55,0.135,20,reviewed,nc,nc
2014-03-19T01:42:52.690Z,36.4762,71.0874,135.06,4.5,mb,,59,0.767,0.61,us,usc000ngdh,2014-05-24T00:54:33.000Z,"46 km WSW of Ashk?sham, Afghanistan",earthquake,,4.8,0.084,46,reviewed,us,us
2014-03-19T01:31:46.430Z,41.2142,72.5503,16.84,4.1,mb,,106,0.336,0.9,us,usc000ngd6,2014-05-24T00:54:33.000Z,"20 km NNE of Kochkor-Ata, Kyrgyzstan",earthquake,,5.2,0.175,11,reviewed,us,us
2014-03-19T01:17:56.170Z,36.079,-97.553,3.8,2.6,ml,,,,0.75,us,usc000nh70,2014-05-24T00:54:33.000Z,"10 km SE of Marshall, Oklahoma",earthquake,,3.9,,,reviewed,tul,tul
2014-03-19T00:54:20.100Z,40.3058333,-124.5038333,6.295,3.04,ml,26,232,0.1685,0.09,nc,nc72187616,2017-02-03T10:46:48.620Z,"36 km SW of Ferndale, California",earthquake,0.58,0.4,0.179,13,reviewed,nc,nc
2014-03-19T00:34:15.830Z,-5.298,152.9064,20,5.8,mww,,16,1.325,0.67,us,usc000ngbm,2022-05-03T16:46:47.259Z,"127 km SE of Kokopo, Papua New Guinea",earthquake,,1.7,,,reviewed,us,us
2014-03-19T00:23:16.807Z,63.1843,-149.3077,88.6,2.7,ml,,,,0.54,ak,ak0143l021a8,2023-07-20T17:14:43.605Z,"29 km SW of Cantwell, Alaska",earthquake,,0.3,,,reviewed,ak,ak
2014-03-19T00:21:13.820Z,63.4764,-146.0556,10,2.8,ml,,,,1.04,ak,ak0143l01lme,2023-07-20T17:14:42.211Z,"48 km NNW of Paxson, Alaska",earthquake,,0,,,reviewed,ak,ak
2014-03-18T23:41:58.100Z,25.463,-99.58,1,4.1,mwr,,,,1.24,us,usc000ngag,2022-07-26T09:55:41.493Z,"18 km E of Pueblo Nuevo, Mexico",earthquake,,7.4,,6,reviewed,unm,slm
2014-03-18T23:27:41.510Z,54.687,-163.594,4.8,2.6,ml,,,,1.02,us,usc000njf8,2023-07-20T17:14:24.559Z,"22 km SSW of False Pass, Alaska",earthquake,,6.3,,33,reviewed,ak,ak
2014-03-18T22:23:16.310Z,36.8027,141.3978,40.74,4.4,mb,,62,2.576,1.01,us,usc000nswf,2014-05-16T21:51:49.000Z,"53 km ESE of Iwaki, Japan",earthquake,,7.2,0.218,9,reviewed,us,us
2014-03-18T22:01:55.510Z,53.321,-163.978,9.7,2.6,ml,,,,0.43,us,usc000njf7,2023-07-20T17:14:19.592Z,"149 km SE of Akutan, Alaska",earthquake,,8.2,,26,reviewed,ak,ak
2014-03-18T21:55:38.770Z,-20.0112,-70.9216,7.24,4.7,mb,,99,1.217,0.83,us,usc000nswe,2014-05-16T21:51:49.000Z,"83 km WNW of Iquique, Chile",earthquake,,4,0.095,41,reviewed,us,us
2014-03-18T21:54:53.010Z,-20.0588,-70.6897,10,4.1,mb,,129,1.017,0.99,us,usc000nswj,2014-05-16T21:51:49.000Z,"58 km WNW of Iquique, Chile",earthquake,,1.6,0.303,6,reviewed,us,us
2014-03-18T21:33:06.350Z,-19.9829,-70.9143,9.14,5.1,mb,,64,1.204,1.08,us,usc000ng53,2014-05-16T21:51:49.000Z,"83 km WNW of Iquique, Chile",earthquake,,3.4,0.065,96,reviewed,us,us
2014-03-18T21:31:54.990Z,-19.8887,-70.6772,10,4,mb,,157,0.97,0.86,us,usc000nswi,2014-05-16T21:51:49.000Z,"65 km WNW of Iquique, Chile",earthquake,,1.9,0.518,2,reviewed,us,us
2014-03-18T21:26:45.400Z,-19.9262,-70.7961,3.32,5.8,mww,,80,1.086,1.2,us,usc000ng3t,2022-07-26T09:54:40.694Z,"74 km WNW of Iquique, Chile",earthquake,,2.5,,,reviewed,us,us
2014-03-18T21:00:38.530Z,31.4006,131.1078,68.92,4.2,mb,,101,1.73,0.64,us,usc000ng46,2014-05-16T21:51:48.000Z,"8 km S of Shibushi, Japan",earthquake,,7.9,0.237,8,reviewed,us,us
2014-03-18T20:53:27.480Z,53.349,-163.975,41.4,3.2,ml,,,,1.3,us,usc000ng5c,2023-07-20T17:14:18.291Z,"147 km SE of Akutan, Alaska",earthquake,,7.8,,37,reviewed,ak,ak
2014-03-18T20:49:22.060Z,53.298,-163.905,25.9,3.1,ml,,,,0.33,us,usc000ng4m,2023-07-20T17:14:17.002Z,"154 km SE of Akutan, Alaska",earthquake,,8.1,,32,reviewed,ak,ak
2014-03-18T20:43:24.930Z,-5.5757,147.1683,204.09,4.5,mb,,105,3.514,0.63,us,usc000nswb,2014-05-16T21:51:48.000Z,"128 km N of Lae, Papua New Guinea",earthquake,,13.3,0.171,11,reviewed,us,us
2014-03-18T20:04:32.300Z,-20.063,-70.874,23.32,4.3,mwr,,162,1.185,0.82,us,usc000nsw7,2014-05-16T21:51:49.000Z,"77 km WNW of Iquique, Chile",earthquake,,4.3,0.083,14,reviewed,us,us
2014-03-18T19:24:27.500Z,24.8445,124.0219,85,4.5,mwr,,54,0.993,0.86,us,usc000nfve,2014-05-16T21:51:49.000Z,"57 km NNW of Ishigaki, Japan",earthquake,,4.7,0.083,14,reviewed,us,us
2014-03-18T19:20:45.220Z,22.9114,95.9723,22.09,4.4,mb,,71,3.987,0.91,us,usc000nfvi,2014-05-16T21:51:48.000Z,"47 km NE of Shwebo, Myanmar",earthquake,,5.4,0.096,33,reviewed,us,us
2014-03-18T19:01:30.480Z,27.7816,52.6935,8.31,4.7,mb,,44,1.636,0.92,us,usc000nftr,2014-05-16T21:51:48.000Z,"31 km NW of Mohr, Iran",earthquake,,3.8,0.049,131,reviewed,us,us
2014-03-18T18:54:10.220Z,-23.6455,-175.8732,10,4.7,mb,,128,7.166,1.37,us,usc000nsw5,2014-05-16T21:51:48.000Z,"273 km SSW of ‘Ohonua, Tonga",earthquake,,1.9,0.142,16,reviewed,us,us
2014-03-18T18:45:42.351Z,65.1404,-170.3284,6.9,3.6,ml,,,,0.74,ak,ak0143jnd9ej,2023-07-20T17:14:06.788Z,"59 km SSE of Lavrentiya, Russia",earthquake,,7.2,,,reviewed,ak,ak
2014-03-18T18:27:35.200Z,53.322,-163.941,14.6,2.6,ml,,,,0.37,us,usc000nfyx,2023-07-20T17:13:58.198Z,"151 km SE of Akutan, Alaska",earthquake,,8.1,,30,reviewed,ak,ak
2014-03-18T18:12:53.520Z,-32.754,-178.4623,35,4.7,mb,,174,5.478,0.73,us,usc000nsw2,2014-05-16T21:51:48.000Z,"south of the Kermadec Islands",earthquake,,2,0.194,9,reviewed,us,us
2014-03-18T17:24:42.360Z,35.7043,140.2107,61.52,4.6,mb,,120,1.823,0.85,us,usc000nfp6,2014-05-16T21:51:48.000Z,"2 km SW of Sakura, Japan",earthquake,,6.7,0.077,52,reviewed,us,us
2014-03-18T15:58:55.400Z,36.644,-97.68,5,2.5,ml,,,,0.27,us,usc000nfu0,2014-05-16T21:51:48.000Z,"9 km N of Hunter, Oklahoma",earthquake,,2,,,reviewed,tul,tul
2014-03-18T15:51:53.975Z,59.7987,-151.6004,70.4,2.9,ml,,,,0.65,ak,ak0143jlm9s5,2023-07-20T17:13:41.386Z,"1 km SSE of Nikolaevsk, Alaska",earthquake,,0.3,,,reviewed,ak,ak
2014-03-18T15:34:12.800Z,-21.3754,-177.7919,374.7,4.4,mb,,223,14.669,0.92,us,usc000nsw3,2014-05-16T21:51:48.000Z,"268 km W of Haveluloto, Tonga",earthquake,,13.3,0.218,7,reviewed,us,us
2014-03-18T15:29:33.590Z,28.3454,139.727,455.86,4.3,mb,,48,2.509,0.54,us,usc000nfjl,2014-05-16T21:51:48.000Z,"Bonin Islands, Japan region",earthquake,,5.9,0.065,72,reviewed,us,us
2014-03-18T15:26:29.370Z,-19.7422,-70.9768,18.71,4.6,mb,,151,1.244,0.7,us,usc000nsw1,2014-05-16T21:51:48.000Z,"101 km WNW of Iquique, Chile",earthquake,,4.2,0.316,4,reviewed,us,us
2014-03-18T15:20:37.270Z,-10.8248,161.3716,36.96,4.6,mb,,106,1.965,0.56,us,usc000nsw4,2014-05-16T21:51:48.000Z,"72 km SW of Kirakira, Solomon Islands",earthquake,,9.5,0.272,8,reviewed,us,us
2014-03-18T15:09:55.190Z,22.5882,-12.0203,15.01,4.1,mb,,202,6.945,0.51,us,usc000nsw0,2014-05-16T21:51:48.000Z,"49 km ESE of Zouerate, Mauritania",earthquake,,7.3,0.301,4,reviewed,us,us
2014-03-18T14:59:10.200Z,36.7043,-98.0422,3.803,2.7,ml,,97,,0.9,us,usc000nfit,2014-05-16T21:51:48.000Z,"4 km N of Nash, Oklahoma",earthquake,,7.5,,,reviewed,tul,tul
2014-03-18T14:58:43.360Z,-19.4744,-71.0651,14.06,4.3,mwr,,109,1.358,1.17,us,usc000nfii,2014-05-16T21:51:49.000Z,"125 km NW of Iquique, Chile",earthquake,,4.3,0.075,17,reviewed,us,us
2014-03-18T14:35:56.850Z,-20.1927,-70.7942,14,5,mwr,,96,1.153,0.94,us,usc000nfi1,2025-12-22T16:49:02.009Z,"67 km W of Iquique, Chile",earthquake,,1.7,0.068,21,reviewed,us,us
2014-03-18T14:18:34.490Z,-20.1588,-70.843,9,4.9,mwr,,96,1.184,1.01,us,usc000nfgx,2014-05-16T21:51:49.000Z,"72 km W of Iquique, Chile",earthquake,,1.7,0.071,19,reviewed,us,us
2014-03-18T14:04:28.420Z,53.303,-163.932,28.8,2.7,ml,,,,0.42,us,usc000nfrp,2023-07-20T17:13:27.062Z,"152 km SE of Akutan, Alaska",earthquake,,7.9,,31,reviewed,ak,ak
2014-03-18T14:00:07.960Z,3.9972,123.4024,504.82,4.8,mb,,69,3.742,0.77,us,usc000nfgj,2014-05-16T21:51:48.000Z,"256 km SSW of Maitum, Philippines",earthquake,,7.5,0.077,55,reviewed,us,us
2014-03-18T13:35:28.290Z,-19.8002,-70.9671,16.96,4.5,mb,,112,1.235,0.86,us,usc000nsvv,2014-05-16T21:51:48.000Z,"96 km WNW of Iquique, Chile",earthquake,,4.3,0.27,7,reviewed,us,us
2014-03-18T13:22:16.300Z,35.7941,-96.9822,4.737,2.5,ml,,77,,0.4,us,usc000nfgq,2014-05-16T21:51:48.000Z,"3 km ESE of Carney, Oklahoma",earthquake,,7.7,,,reviewed,tul,tul
2014-03-18T13:19:03.170Z,-20.228,-70.9105,19.67,4.2,mb,,162,1.268,0.81,us,usc000nsvu,2014-05-16T21:51:48.000Z,"79 km W of Iquique, Chile",earthquake,,6.4,0.305,5,reviewed,us,us
2014-03-18T12:48:43.290Z,12.8824,95.5253,35,4.2,mb,,107,6.418,0.82,us,usc000nswq,2014-05-16T21:51:48.000Z,"Andaman Islands, India region",earthquake,,2,0.236,6,reviewed,us,us
2014-03-18T12:27:41.480Z,-59.3168,-25.0552,35,4.5,mb,,126,8.045,0.6,us,usc000nswr,2014-05-16T21:51:48.000Z,"South Sandwich Islands region",earthquake,,2,0.204,8,reviewed,us,us
2014-03-18T12:08:53.320Z,53.317,-163.948,4.7,4.7,mb,,,,1.1,us,usc000nfdv,2023-07-20T17:13:10.994Z,"151 km SE of Akutan, Alaska",earthquake,,4.1,0.061,87,reviewed,ak,us
2014-03-18T11:41:01.580Z,-17.6966,-178.4996,547.58,4.4,mb,,79,3.286,1.01,us,usc000nsvt,2014-05-16T21:51:48.000Z,"235 km E of Levuka, Fiji",earthquake,,6.4,0.088,39,reviewed,us,us
2014-03-18T11:32:46.040Z,40.8903333,-124.8683333,24.067,2.83,md,29,256,0.5793,0.25,nc,nc72187371,2017-02-03T10:42:58.428Z,"58 km W of Samoa, California",earthquake,1.63,16.66,0.161,35,reviewed,nc,nc
2014-03-18T11:08:20.940Z,-30.3769,-177.9793,10,4.6,mb,,129,1.128,1.19,us,usc000nsvs,2014-05-16T21:51:48.000Z,"Kermadec Islands, New Zealand",earthquake,,1.8,0.108,27,reviewed,us,us
2014-03-18T10:56:22.460Z,38.32,20.412,15.7,4.2,mb,,,,1.21,us,usc000nfcg,2014-05-16T21:51:48.000Z,"13 km N of Lixoúri, Greece",earthquake,,4.3,0.186,9,reviewed,ath,us
2014-03-18T10:43:01.950Z,37.705,21.391,24.3,4.4,mb,,,,1.19,us,usc000nfc8,2014-05-16T21:51:47.000Z,"5 km NW of Pýrgos, Greece",earthquake,,4.9,0.102,30,reviewed,ath,us
2014-03-18T10:33:59.280Z,40.6863333,-125.3328333,22.999,4.41,mw,29,271,0.7865,0.17,nc,nc72187346,2022-08-06T22:28:52.124Z,"91 km W of Ferndale, California",earthquake,2.35,8.92,,9,reviewed,nc,nc
2014-03-18T10:24:43.167Z,55.9656,-159.2272,80.6,2.7,ml,,,,0.21,ak,ak0143jihal8,2023-07-20T17:12:55.487Z,"7 km NW of Perryville, Alaska",earthquake,,0.7,,,reviewed,ak,ak
2014-03-18T10:15:57.650Z,1.1724,97.181,41.24,4.2,mb,,198,2.305,0.72,us,usc000nfbr,2014-05-16T21:51:47.000Z,"140 km SSW of Singkil, Indonesia",earthquake,,9.8,0.176,10,reviewed,us,us
2014-03-18T10:11:25.140Z,37.2959,71.7153,131.75,4.2,mb,,59,0.925,1.19,us,usc000nfbj,2014-05-16T21:51:47.000Z,"25 km SSE of Khorugh, Tajikistan",earthquake,,7.6,0.096,32,reviewed,us,us
2014-03-18T09:48:00.680Z,9.9648,126.2669,43.69,4.7,mb,,91,2.955,1.03,us,usc000nfb6,2014-05-16T21:51:47.000Z,"21 km ENE of Pilar, Philippines",earthquake,,6.4,0.068,70,reviewed,us,us
2014-03-18T09:30:26.780Z,-20.0742,-70.715,14.32,4.6,mwr,,64,1.044,0.88,us,usc000nfau,2014-05-16T21:51:48.000Z,"61 km WNW of Iquique, Chile",earthquake,,3.2,0.068,21,reviewed,us,us
2014-03-18T09:28:46.440Z,38.872,43.55,5,4.1,mb,,,,1.39,us,usc000nfaq,2014-05-16T21:51:47.000Z,"23 km SE of Erci?, Turkey",earthquake,,5,0.135,16,reviewed,isk,us
2014-03-18T09:24:37.530Z,-5.366,152.9783,35.26,4.7,mb,,204,1.421,1.41,us,usc000nsvp,2014-05-16T21:51:47.000Z,"137 km SE of Kokopo, Papua New Guinea",earthquake,,5.7,0.209,7,reviewed,us,us
2014-03-18T08:50:36.890Z,-20.3826,-178.1081,527.07,4.2,mb,,123,4.479,0.72,us,usc000nfa2,2014-05-16T21:51:47.000Z,"Fiji region",earthquake,,7.4,0.072,56,reviewed,us,us
2014-03-18T08:40:15.950Z,54.032,-164.21,70,2.6,ml,,,,0.63,us,usc000nfqc,2023-07-20T17:12:39.681Z,"103 km E of Akutan, Alaska",earthquake,,9.6,,32,reviewed,ak,ak
2014-03-18T07:43:22.388Z,59.9858,-153.4561,143,3.3,ml,,,,0.64,ak,ak0143jgt0ry,2023-07-20T17:12:29.969Z,"42 km ENE of Pedro Bay, Alaska",earthquake,,0.3,,,reviewed,ak,ak
2014-03-18T07:11:40.940Z,0.7484,-28.8011,10,4.8,mb,,74,9.639,0.71,us,usc000nsvl,2025-12-22T16:49:01.115Z,"central Mid-Atlantic Ridge",earthquake,,1.9,0.089,42,reviewed,us,us
2014-03-18T05:56:40.860Z,31.6785,-115.8886667,4.209,2.9,ml,6,157,0.3292,0.17,ci,ci15477353,2016-03-11T04:08:35.039Z,"64km E of Maneadero, B.C., MX",earthquake,0.56,3.64,0.179,54,reviewed,ci,ci
2014-03-18T05:50:20.800Z,19.1583,-66.7738,34,2.6,Md,11,280.8,0.71505897,0.27,pr,pr14077002,2014-03-18T07:42:05.491Z,"74 km N of Hatillo, Puerto Rico",earthquake,1.6,8,0,11,reviewed,pr,pr
2014-03-18T05:43:23.000Z,51.6725,-171.4159,25.7,2.8,ml,,,,0.3,us,usc000njfb,2023-07-20T17:12:21.027Z,"200 km ESE of Atka, Alaska",earthquake,,9.6,,,reviewed,ak,ak
2014-03-18T05:31:42.400Z,19.1046,-66.8675,46,2.7,Md,6,291.6,0.67373646,0.28,pr,pr14077003,2014-03-18T07:41:20.290Z,"68 km N of Hatillo, Puerto Rico",earthquake,2,5.3,0,5,reviewed,pr,pr
2014-03-18T05:13:33.380Z,20.3051,122.3549,10,4.1,mb,,140,2.767,1.09,us,usc000nsvc,2014-05-16T21:51:47.000Z,"43 km ESE of Basco, Philippines",earthquake,,1.9,0.37,2,reviewed,us,us
2014-03-18T05:06:21.790Z,-5.3299,152.9066,34.98,5,mb,,53,1.352,0.66,us,usc000nf5l,2025-12-22T16:49:00.404Z,"130 km SSE of Kokopo, Papua New Guinea",earthquake,,3.2,0.079,53,reviewed,us,us
2014-03-18T04:55:46.430Z,-17.6861,-178.8414,539.11,4.6,mb,,117,2.96,0.76,us,usc000nf5c,2014-05-16T21:51:47.000Z,"199 km ENE of Levuka, Fiji",earthquake,,5.8,0.082,46,reviewed,us,us
2014-03-18T04:31:44.130Z,35.891,-97.282,5,2.9,ml,,,,0.85,us,usc000nf5r,2014-05-16T21:51:47.000Z,"6 km NNW of Meridian, Oklahoma",earthquake,,6.3,,,reviewed,tul,tul
2014-03-18T03:54:35.480Z,-17.1505,-74.364,32.41,4.5,mb,,155,5.168,0.53,us,usc000nsvk,2014-05-16T21:51:47.000Z,"130 km SW of Atico, Peru",earthquake,,6.5,0.313,3,reviewed,us,us
2014-03-18T03:12:34.170Z,-45.5326,-76.9988,10,4.7,mb,,156,6.525,0.62,us,usc000nf4c,2014-05-16T21:51:47.000Z,"Off the coast of Aisen, Chile",earthquake,,1.9,0.12,21,reviewed,us,us
2014-03-18T03:04:53.050Z,-31.0401,-178.169,35,4.7,mb,,133,1.801,0.79,us,usc000nsvn,2014-05-16T21:51:47.000Z,"Kermadec Islands region",earthquake,,2,0.194,9,reviewed,us,us
2014-03-18T02:27:03.080Z,-31.102,-178.2698,40.3,4.2,mb,,171,1.874,0.82,us,usc000nsva,2014-05-16T21:51:47.000Z,"Kermadec Islands region",earthquake,,10.8,0.263,5,reviewed,us,us
2014-03-18T02:26:08.160Z,-54.726,-124.826,10,5.12,mw,,,,,iscgem,iscgem604179935,2025-12-22T16:49:03.463Z,"southern East Pacific Rise",earthquake,,25,0.1,,reviewed,iscgem,iscgem
2014-03-18T02:02:26.000Z,52.7823,-174.919,232,2.8,ml,,,,0.33,us,usc000njfa,2023-07-20T17:11:51.363Z,"81 km NW of Atka, Alaska",earthquake,,10,,,reviewed,ak,ak
2014-03-18T00:58:25.000Z,18.7486,-67.195,17,2.7,Md,6,316.8,0.29105415,0.17,pr,pr14077000,2014-05-16T21:51:47.000Z,"30 km NNW of San Antonio, Puerto Rico",earthquake,1.7,0.8,0,6,reviewed,pr,pr
2014-03-18T00:26:15.770Z,-16.8872,167.286,34.92,4.7,mb,,125,5.218,0.99,us,usc000nf11,2014-05-16T21:51:47.000Z,"88 km S of Lakatoro, Vanuatu",earthquake,,5.2,0.112,26,reviewed,us,us
2014-03-18T00:12:42.950Z,-19.9411,-70.849,12.95,4.4,mb,,143,1.137,0.84,us,usc000nsvd,2014-05-16T21:51:47.000Z,"79 km WNW of Iquique, Chile",earthquake,,3.8,0.268,5,reviewed,us,us
2014-03-17T23:38:19.100Z,36.0799,-97.5474,4.023,3,ml,,84,,0.61,us,usc000nezl,2014-05-16T21:51:47.000Z,"10 km SE of Marshall, Oklahoma",earthquake,,5.3,,,reviewed,tul,tul
2014-03-17T23:37:01.200Z,18.937,-64.3693,61,3.1,Md,14,306,0.56773526,0.18,pr,pr14076004,2014-05-16T21:51:47.000Z,"80 km NE of Cruz Bay, U.S. Virgin Islands",earthquake,3.3,3.6,0,11,reviewed,pr,pr
2014-03-17T23:10:25.200Z,36.0821,-97.5431,3.989,2.5,ml,,85,,0.63,us,usc000nfik,2014-05-16T21:51:47.000Z,"10 km SE of Marshall, Oklahoma",earthquake,,4.6,,,reviewed,tul,tul
2014-03-17T23:03:12.370Z,53.889,-163.853,33,2.8,ml,,,,0.25,us,usc000nhmg,2023-08-18T16:07:44.414Z,"111 km SSW of False Pass, Alaska",earthquake,,7.1,,26,reviewed,ak,ak
2014-03-17T23:02:55.660Z,-28.8587,-66.9988,135.25,4.6,mb,,84,3.121,1.3,us,usc000neya,2014-05-16T21:51:47.000Z,"36 km SSW of Arauco, Argentina",earthquake,,6.4,0.116,23,reviewed,us,us
2014-03-17T22:52:09.170Z,51.225,179.622,23.6,3.1,ml,,,,0.4,us,usc000nhnc,2023-07-20T17:11:12.202Z,"269 km WSW of Adak, Alaska",earthquake,,9.7,,15,reviewed,ak,ak
2014-03-17T22:38:09.420Z,12.3209,-90.3199,24.88,4.6,mb,,179,1.722,1.35,us,usc000nex7,2014-05-16T21:51:47.000Z,"150 km SSW of Acajutla, El Salvador",earthquake,,6.6,0.066,73,reviewed,us,us
2014-03-17T22:00:06.580Z,40.2813333,-121.423,1.595,2.5,mh,7,273,0.1153,0.06,nc,nc72187116,2017-02-03T10:38:16.343Z,"16 km ESE of Mineral, California",earthquake,2.72,6.81,,0,reviewed,nc,nc
2014-03-17T20:30:23.280Z,35.503,-97.304,7.2,2.6,ml,,,,0.39,us,usc000nes0,2022-07-26T09:50:43.068Z,"2 km NE of Nicoma Park, Oklahoma",earthquake,,5.2,,,reviewed,tul,tul
2014-03-17T20:26:14.000Z,51.6228,-178.4253,6.3,2.5,ml,,230,,1.4,us,usc000nhmb,2023-07-20T17:10:42.036Z,"126 km WSW of Adak, Alaska",earthquake,,10.1,,,reviewed,ak,ak
2014-03-17T20:10:27.210Z,-19.9177,-71.0287,10.51,4.4,mb,,168,1.301,0.83,us,usc000nst8,2014-05-16T21:51:47.000Z,"97 km WNW of Iquique, Chile",earthquake,,7.5,0.539,1,reviewed,us,us
2014-03-17T19:47:20.300Z,-10.7415,161.6429,35,4.2,mb,,253,2.112,0.44,us,usc000nst6,2014-05-16T21:51:47.000Z,"43 km SW of Kirakira, Solomon Islands",earthquake,,2,0.303,5,reviewed,us,us
2014-03-17T19:05:26.800Z,-20.0169,-70.7557,8,4.8,mwr,,96,1.066,0.98,us,usc000nejs,2014-05-16T21:51:48.000Z,"66 km WNW of Iquique, Chile",earthquake,,1.7,0.071,19,reviewed,us,us
2014-03-17T18:45:55.260Z,35.893,-97.275,5.1,3.1,ml,,,,0.3,us,usc000nein,2022-07-26T09:49:47.036Z,"6 km SSW of Langston, Oklahoma",earthquake,,1.7,,,reviewed,tul,tul
2014-03-17T18:18:42.570Z,46.3407,150.98,155.43,4.1,mb,,102,5.693,0.29,us,usc000nst3,2014-05-16T21:51:47.000Z,"271 km ENE of Kuril’sk, Russia",earthquake,,6.9,0.262,5,reviewed,us,us
2014-03-17T18:01:46.010Z,-19.9756,-71.0196,10,4,mb,,162,1.301,0.79,us,usc000nstn,2014-05-16T21:51:47.000Z,"94 km WNW of Iquique, Chile",earthquake,,1.9,0.52,1,reviewed,us,us
2014-03-17T17:53:02.880Z,-20.0627,-70.8772,12.3,4.4,mb,,96,1.187,1,us,usc000nst2,2014-05-16T21:51:47.000Z,"77 km WNW of Iquique, Chile",earthquake,,3.7,0.379,5,reviewed,us,us
2014-03-17T16:54:34.910Z,-20.0514,-70.7818,15.15,4.4,mb,,116,1.098,1.17,us,usc000nec2,2014-05-16T21:51:47.000Z,"68 km WNW of Iquique, Chile",earthquake,,4.1,0.311,4,reviewed,us,us
2014-03-17T16:35:00.140Z,40.7333,78.4274,41.25,4.7,mb,,76,3.506,0.65,us,usc000neab,2014-05-16T21:51:47.000Z,"146 km W of Aykol, China",earthquake,,7.4,0.12,25,reviewed,us,us
2014-03-17T15:07:54.350Z,-3.0087,130.224,50.4,4.3,mb,,61,2.024,0.89,us,usc000ne7g,2014-05-16T21:51:47.000Z,"149 km ENE of Amahai, Indonesia",earthquake,,8.9,0.126,20,reviewed,us,us
2014-03-17T14:58:13.960Z,28.1645,139.3151,419.69,4.4,mb,,107,2.759,0.61,us,usc000nssx,2014-05-16T21:51:47.000Z,"Bonin Islands, Japan region",earthquake,,13.3,0.19,9,reviewed,us,us
2014-03-17T14:43:16.800Z,25.6279,99.5717,10,4.2,mb,,121,2.909,0.9,us,usc000nsts,2014-05-16T21:51:47.000Z,"64 km W of Dali, China",earthquake,,1.9,0.216,7,reviewed,us,us
2014-03-17T14:42:32.080Z,-20.0082,-70.8659,9.04,4,mb,,145,1.165,1.15,us,usc000nssw,2014-05-16T21:51:46.000Z,"78 km WNW of Iquique, Chile",earthquake,,4.8,0.519,5,reviewed,us,us
2014-03-17T14:23:39.620Z,34.1255,-118.4896667,8.333,2.62,ml,76,41,0.03459,0.23,ci,ci15477001,2022-07-26T09:47:58.325Z,"4km SSE of Encino, CA",earthquake,0.27,0.47,0.168,177,reviewed,ci,ci
2014-03-17T13:35:31.520Z,16.2298,-98.5764,10,4.5,mb,,256,1.325,1.32,us,usc000nz8y,2014-05-16T21:51:46.000Z,"18 km SW of Santiago Tepextla, Mexico",earthquake,,2,0.157,12,reviewed,us,us
2014-03-17T13:35:10.830Z,-19.9948,-70.9567,13.43,4.5,mb,,167,1.246,1.29,us,usc000nssz,2014-05-16T21:51:46.000Z,"87 km WNW of Iquique, Chile",earthquake,,6,0.384,2,reviewed,us,us
2014-03-17T13:25:36.870Z,34.134,-118.4861667,9.245,4.39,mw,208,40,0.0379,0.28,ci,ci15476961,2024-07-31T19:27:27.002Z,"3km SSE of Encino, CA",earthquake,0.18,0.31,,6,reviewed,ci,ci
2014-03-17T13:24:48.910Z,-53.1677,-32.3157,5.96,5.8,mwb,,24,2.719,0.82,us,usc000ne4m,2022-05-03T16:45:17.134Z,"South Georgia Island region",earthquake,,2.9,0.078,16,reviewed,us,us
2014-03-17T13:17:22.000Z,54.1749,-164.1759,62.9,2.5,ml,,197,,0.28,us,usc000nhmv,2023-08-18T16:07:38.127Z,"90 km SSW of False Pass, Alaska",earthquake,,10.1,,,reviewed,ak,ak
2014-03-17T13:12:55.120Z,24.1057,122.4217,22.4,5.4,mb,,36,0.647,0.71,us,usc000ne4a,2025-12-22T16:48:59.691Z,"71 km SW of Yonakuni, Japan",earthquake,,3.7,0.043,186,reviewed,us,us
2014-03-17T12:55:01.100Z,19.2346,-68.1435,41,3.2,Md,15,270,0.75009326,0.4,pr,pr14076002,2014-05-16T21:51:46.000Z,"77 km NNE of Punta Cana, Dominican Republic",earthquake,3.6,12.6,0,13,reviewed,pr,pr
2014-03-17T12:26:03.140Z,5.0338,126.6395,74.79,4.8,mb,,75,2.28,0.62,us,usc000ne3a,2025-12-22T16:48:58.899Z,"136 km ESE of Sarangani, Philippines",earthquake,,5.9,0.057,99,reviewed,us,us
2014-03-17T12:00:40.650Z,-24.3518,-179.9103,522.98,4.5,mb,,98,6.843,0.45,us,usc000nssu,2014-05-16T21:51:46.000Z,"south of the Fiji Islands",earthquake,,10.1,0.135,17,reviewed,us,us
2014-03-17T11:46:38.200Z,-19.9012,-70.8897,19.71,4.3,mb,,143,1.17,0.4,us,usc000nsss,2014-05-16T21:51:46.000Z,"84 km WNW of Iquique, Chile",earthquake,,5.6,0.217,9,reviewed,us,us
2014-03-17T11:36:15.240Z,-19.946,-70.9067,13.52,4.1,mb,,209,1.191,1.11,us,usc000nst0,2014-05-16T21:51:46.000Z,"84 km WNW of Iquique, Chile",earthquake,,9.1,0.261,4,reviewed,us,us
2014-03-17T11:29:33.500Z,-20.1288,-70.9544,16.68,4.4,mwr,,112,1.275,1.04,us,usc000ne1x,2014-05-16T21:51:47.000Z,"84 km W of Iquique, Chile",earthquake,,1.3,0.068,21,reviewed,us,us
2014-03-17T11:16:32.760Z,-19.934,-71.0213,10,4.2,mb,,171,1.296,0.8,us,usc000nsty,2014-05-16T21:51:46.000Z,"96 km WNW of Iquique, Chile",earthquake,,2,0.305,4,reviewed,us,us
2014-03-17T11:15:15.240Z,3.755,126.1941,110.71,4.4,mb,,145,3.186,0.29,us,usc000nssp,2014-05-16T21:51:46.000Z,"199 km SSE of Sarangani, Philippines",earthquake,,10.4,0.127,19,reviewed,us,us
2014-03-17T11:12:14.270Z,-19.9374,-70.9142,12.61,4.9,mwr,,96,1.197,0.81,us,usc000ne11,2025-12-22T16:48:58.057Z,"85 km WNW of Iquique, Chile",earthquake,,3.3,0.068,21,reviewed,us,us
2014-03-17T10:21:58.030Z,32.2345,-115.2638333,18.245,2.85,ml,10,225,0.1877,0.38,ci,ci15476929,2016-03-12T06:04:30.471Z,"9km W of Alberto Oviedo Mota, B.C., MX",earthquake,1.48,2.42,0.189,23,reviewed,ci,ci
2014-03-17T09:36:24.000Z,53.7627,-164.2668,41.6,2.5,ml,,248,,0.69,us,usc000nhmt,2023-07-20T17:08:50.084Z,"107 km ESE of Akutan, Alaska",earthquake,,10.1,,,reviewed,ak,ak
2014-03-17T09:12:58.540Z,-20.0181,-70.8468,14,4.1,mwr,,115,1.149,0.76,us,usc000ndzb,2014-05-16T21:51:47.000Z,"75 km WNW of Iquique, Chile",earthquake,,1.6,0.068,21,reviewed,us,us
2014-03-17T09:02:52.850Z,36.9353,141.4718,30.24,5,mb,,120,1.875,1.37,us,usc000ndz3,2014-05-16T21:51:46.000Z,"53 km ESE of Iwaki, Japan",earthquake,,4.9,0.044,190,reviewed,us,us
2014-03-17T08:51:04.350Z,-19.9878,-70.7677,12.51,4.7,mwr,,96,1.07,1,us,usc000ndz0,2014-05-16T21:51:47.000Z,"69 km WNW of Iquique, Chile",earthquake,,3,0.068,21,reviewed,us,us
2014-03-17T08:32:35.840Z,-19.9851,-70.7581,8,5.2,mww,,91,1.061,0.96,us,usc000ndym,2025-12-22T16:28:21.952Z,"68 km WNW of Iquique, Chile",earthquake,,1.7,,,reviewed,us,us
2014-03-17T08:22:57.940Z,36.5431,144.1737,36.59,4.5,mb,,128,4.802,1.15,us,usc000nssc,2014-05-16T21:51:46.000Z,"298 km ESE of Iwaki, Japan",earthquake,,5.9,0.089,39,reviewed,us,us
2014-03-17T08:17:56.290Z,52.117,-172.204,43,2.9,ml,,,,0.56,us,usc000nhmr,2023-07-20T17:08:34.406Z,"136 km E of Atka, Alaska",earthquake,,10.1,,13,reviewed,ak,ak
2014-03-17T08:15:04.390Z,51.311,-177.821,37.8,2.9,ml,,,,0.37,us,usc000nhn1,2023-07-20T17:08:32.039Z,"103 km SW of Adak, Alaska",earthquake,,10,,16,reviewed,ak,ak
2014-03-17T08:13:38.040Z,35.496,-97.307,7.01,3.4,ml,,,,0.41,us,usc000ndy6,2022-08-06T22:27:00.255Z,"1 km ENE of Nicoma Park, Oklahoma",earthquake,,4.1,,,reviewed,tul,tul
2014-03-17T08:10:26.000Z,-31.711,-69.773,109,4.5,mb,,,,0.74,us,usc000nssb,2014-05-16T21:51:46.000Z,"53 km SW of Calingasta, Argentina",earthquake,,4.6,0.087,42,reviewed,sja,us
2014-03-17T07:54:59.250Z,-20.0535,-70.7521,15.15,4.3,mwr,,113,1.071,0.98,us,usc000ndy4,2014-05-16T21:51:47.000Z,"65 km WNW of Iquique, Chile",earthquake,,3.5,0.065,23,reviewed,us,us
2014-03-17T07:39:11.630Z,33.7159,141.6497,28.16,4.3,mb,,145,1.648,0.9,us,usc000nssv,2014-05-16T21:51:46.000Z,"200 km SE of Katsuura, Japan",earthquake,,6.2,0.133,18,reviewed,us,us
2014-03-17T07:18:24.230Z,-19.9724,-70.8782,18.02,4.5,mb,,113,1.169,0.88,us,usc000nssj,2014-05-16T21:51:46.000Z,"80 km WNW of Iquique, Chile",earthquake,,4.4,0.222,9,reviewed,us,us
2014-03-17T07:12:20.320Z,-3.4604,131.5695,43.2,4.8,mb,,34,0.865,1.04,us,usc000ndxu,2014-05-16T21:51:46.000Z,"273 km NNW of Tual, Indonesia",earthquake,,4.8,0.08,51,reviewed,us,us
2014-03-17T06:47:16.000Z,-19.9927,-70.8923,10,4.1,mb,,145,1.186,1.31,us,usc000nss6,2014-05-16T21:51:46.000Z,"81 km WNW of Iquique, Chile",earthquake,,1.9,0.214,10,reviewed,us,us
2014-03-17T06:41:01.830Z,15.9273,-98.4314,11.13,4,mb,,215,1.631,1.24,us,usc000nz8s,2014-05-16T21:51:46.000Z,"43 km SW of Corralero, Mexico",earthquake,,12,0.231,5,reviewed,us,us
2014-03-17T06:39:26.810Z,-11.2745,111.7336,14.38,4.1,mb,,97,3.547,1.37,us,usc000nss8,2014-05-16T21:51:46.000Z,"south of Java, Indonesia",earthquake,,4.7,0.165,11,reviewed,us,us
2014-03-17T06:29:05.490Z,31.6886667,-115.8983333,3.209,2.83,ml,7,156,0.318,0.15,ci,ci15476889,2016-03-11T02:18:39.487Z,"63km E of Maneadero, B.C., MX",earthquake,0.47,2.46,0.163,38,reviewed,ci,ci
2014-03-17T06:27:18.240Z,11.1869,-87.5688,40.87,4.5,mb,,182,1.778,1.08,us,usc000nss5,2014-05-16T21:51:46.000Z,"132 km WSW of Masachapa, Nicaragua",earthquake,,10.8,0.131,18,reviewed,us,us
2014-03-17T06:17:00.800Z,-20.1181,-70.8192,10,4,mb,,96,1.15,1.03,us,usc000nss2,2014-05-16T21:51:46.000Z,"70 km W of Iquique, Chile",earthquake,,1.8,0.212,12,reviewed,us,us
2014-03-17T06:13:38.870Z,-20.0009,-70.9994,10,4.1,mb,,142,1.286,0.92,us,usc000nss1,2014-05-16T21:51:46.000Z,"91 km WNW of Iquique, Chile",earthquake,,1.9,0.369,3,reviewed,us,us
2014-03-17T06:10:25.260Z,-19.7983,-70.9175,10,4,mb,,142,1.188,1.37,us,usc000nsu4,2014-05-16T21:51:46.000Z,"92 km WNW of Iquique, Chile",earthquake,,1.9,0.366,2,reviewed,us,us
2014-03-17T05:47:57.170Z,-20.0115,-70.884,24.48,4.1,mb,,129,1.182,0.91,us,usc000nsrw,2014-05-16T21:51:46.000Z,"79 km WNW of Iquique, Chile",earthquake,,4.4,0.302,6,reviewed,us,us
2014-03-17T05:46:09.310Z,-19.9707,-70.7234,28.65,4.8,mb,,99,1.026,0.82,us,usc000nsrv,2014-05-16T21:51:46.000Z,"65 km WNW of Iquique, Chile",earthquake,,4.6,0.079,63,reviewed,us,us
2014-03-17T05:44:33.200Z,-19.9559,-70.9643,23.89,4.7,mb,,99,1.246,1.04,us,usc000ndws,2014-05-16T21:51:46.000Z,"89 km WNW of Iquique, Chile",earthquake,,4.2,0.08,62,reviewed,us,us
2014-03-17T05:43:20.570Z,-19.9169,-70.8948,10,4.4,mb,,99,1.176,1.47,us,usc000nsry,2014-05-16T21:51:46.000Z,"84 km WNW of Iquique, Chile",earthquake,,1.6,0.19,10,reviewed,us,us
2014-03-17T05:31:26.400Z,19.2147,-66.6856,34,3,Md,12,273.6,0.74829663,0.17,pr,pr14076001,2014-05-16T21:51:46.000Z,"81 km N of Carrizales, Puerto Rico",earthquake,0.9,5.9,0,12,reviewed,pr,pr
2014-03-17T05:30:10.420Z,9.5948,125.3498,50.15,5.1,mb,,38,2.519,1.01,us,usc000ndwk,2022-07-26T09:44:01.870Z,"14 km NW of Cantapoy, Philippines",earthquake,,6.1,0.055,113,reviewed,us,us
2014-03-17T05:24:08.290Z,-20.0387,-70.8155,10,4.6,mb,,143,1.125,0.9,us,usc000nssl,2014-05-16T21:51:46.000Z,"72 km WNW of Iquique, Chile",earthquake,,1.5,0.194,11,reviewed,us,us
2014-03-17T05:21:36.890Z,-19.9828,-70.7943,10,5.1,mb,,91,1.094,1.03,us,usc000nsru,2014-05-16T21:51:46.000Z,"72 km WNW of Iquique, Chile",earthquake,,1.4,0.079,67,reviewed,us,us
2014-03-17T05:19:34.290Z,-19.9635,-70.8478,10,5,mb,,80,1.14,1.04,us,usc000ndwe,2014-05-16T21:51:46.000Z,"78 km WNW of Iquique, Chile",earthquake,,1.7,0.055,128,reviewed,us,us
2014-03-17T05:11:34.860Z,-20.0168,-70.8837,21,6.4,mww,,24,1.183,1.09,us,usc000ndw9,2022-05-03T16:45:15.965Z,"79 km WNW of Iquique, Chile",earthquake,,1.7,,,reviewed,us,us
2014-03-17T05:09:30.270Z,-19.9206,-70.8776,11.81,4.4,mb,,145,2.495,1.32,us,usc000nsrr,2014-05-16T21:51:46.000Z,"82 km WNW of Iquique, Chile",earthquake,,5.2,0.189,12,reviewed,us,us
2014-03-17T04:59:19.740Z,-20.0104,-70.7952,11.17,4.3,mb,,150,1.1,0.93,us,usc000ne42,2014-05-16T21:51:46.000Z,"71 km WNW of Iquique, Chile",earthquake,,2.8,0.266,6,reviewed,us,us
2014-03-17T04:51:00.070Z,-19.9529,-176.0795,204.7,4.8,mb,,45,5.868,1.1,us,usc000ndw1,2014-05-16T21:51:46.000Z,"160 km NW of Nuku‘alofa, Tonga",earthquake,,5.6,0.089,40,reviewed,us,us
2014-03-17T04:36:40.300Z,36.4817,-97.7623,5,2.5,ml,,87,,0.53,us,usc000ndvy,2014-05-16T21:51:45.000Z,"5 km NNW of Breckinridge, Oklahoma",earthquake,,7.8,,,reviewed,tul,tul
2014-03-17T04:32:43.100Z,15.92,-98.408,4.2,4,md,,,,1.31,us,usc000nz8r,2014-05-16T21:51:45.000Z,"42 km SSW of Corralero, Mexico",earthquake,,7.2,,18,reviewed,unm,unm
2014-03-17T04:16:58.060Z,-19.3423,-70.9344,15.9,4.1,mb,,200,1.275,0.36,us,usc000nsrq,2014-05-16T21:51:45.000Z,"117 km SW of Arica, Chile",earthquake,,9,0.521,1,reviewed,us,us
2014-03-17T04:14:50.920Z,-17.9559,-70.4942,84.36,4.6,mb,,131,1.963,1.27,us,usc000ndvl,2014-05-16T21:51:45.000Z,"12 km SE of Las Yaras, Peru",earthquake,,8.1,0.086,48,reviewed,us,us
2014-03-17T03:52:10.000Z,-31.228,-67.859,10,4.1,mb,,,,1.72,us,usc000ne3z,2014-05-16T21:51:45.000Z,"61 km NE of Caucete, Argentina",earthquake,,1.8,0.213,9,reviewed,sja,us
2014-03-17T03:28:21.840Z,-20.0463,-70.6429,11,4.2,mwr,,137,0.971,1.19,us,usc000ndv7,2014-05-16T21:51:46.000Z,"54 km WNW of Iquique, Chile",earthquake,,1.7,0.068,21,reviewed,us,us
2014-03-17T03:22:14.240Z,-3.0232,137.2394,62.61,4.4,mb,,143,4.985,1.32,us,usc000ndv2,2014-05-16T21:51:45.000Z,"196 km E of Nabire, Indonesia",earthquake,,9.3,0.17,16,reviewed,us,us
2014-03-17T03:20:32.480Z,-33.5529,-178.491,25.07,4.5,mb,,166,4.321,1.41,us,usc000nssd,2014-05-16T21:51:45.000Z,"south of the Kermadec Islands",earthquake,,6.6,0.241,8,reviewed,us,us
2014-03-17T03:09:25.300Z,15.899,-98.415,8.1,3.9,mb,,,,2.44,us,usc000ndv4,2014-05-16T21:51:45.000Z,"44 km SSW of Corralero, Mexico",earthquake,,4.7,0.361,3,reviewed,unm,us
2014-03-17T02:52:21.810Z,37.8305,144.0959,34.97,4.6,mb,,103,4.241,1.03,us,usc000nduv,2014-05-16T21:51:45.000Z,"249 km SE of ?funato, Japan",earthquake,,7,0.111,29,reviewed,us,us
2014-03-17T02:41:50.370Z,-19.4602,-71.0267,10,4.7,mwr,,147,1.326,1.36,us,usc000nduh,2014-05-16T21:51:46.000Z,"124 km NW of Iquique, Chile",earthquake,,1.9,0.069,20,reviewed,us,us
2014-03-17T02:32:49.400Z,-55.9657,-27.8891,140.65,4.1,mb,,105,5.214,0.57,us,usc000nssa,2014-05-16T21:51:45.000Z,"South Sandwich Islands region",earthquake,,13.7,0.262,4,reviewed,us,us
2014-03-17T02:10:32.001Z,58.8706,-152.3076,55,3.4,ml,,,,0.67,ak,ak0143hq3gdc,2023-07-20T17:07:28.204Z,"58 km SSW of Nanwalek, Alaska",earthquake,,0.6,,,reviewed,ak,ak
2014-03-17T02:05:56.660Z,-19.9712,-70.9999,15,4.2,mwr,,147,1.282,1.35,us,usc000ndtz,2014-05-16T21:51:46.000Z,"92 km WNW of Iquique, Chile",earthquake,,1.9,0.066,22,reviewed,us,us
2014-03-17T01:55:23.470Z,-20.087,-70.7707,17.16,4.5,mb,,138,1.098,1.25,us,usc000ne3t,2014-05-16T21:51:45.000Z,"66 km WNW of Iquique, Chile",earthquake,,2.2,0.181,12,reviewed,us,us
2014-03-17T01:34:55.330Z,-19.9556,-70.8595,10,5.2,mww,,80,1.149,1.14,us,usc000ndtr,2025-12-22T16:48:57.326Z,"79 km WNW of Iquique, Chile",earthquake,,1.7,,,reviewed,us,us
2014-03-17T01:27:44.290Z,12.3357,144.6615,35,4,mb,,108,1.262,1.27,us,usc000nsti,2014-05-16T21:51:45.000Z,"102 km S of Merizo Village, Guam",earthquake,,2,0.517,2,reviewed,us,us
2014-03-17T01:07:30.600Z,36.2853,-97.1177,9.263,2.6,ml,,110,,0.61,us,usc000ndtb,2014-05-16T21:51:45.000Z,"9 km W of Morrison, Oklahoma",earthquake,,6.4,,,reviewed,tul,tul
2014-03-17T00:55:03.980Z,-20.0156,-70.7768,9,4.2,mwr,,141,1.085,1.23,us,usc000ndt5,2014-05-16T21:51:46.000Z,"69 km WNW of Iquique, Chile",earthquake,,1.9,0.086,13,reviewed,us,us
2014-03-17T00:52:56.500Z,18.9972,-66.3895,53,2.5,Md,4,331.2,0.53359928,0.28,pr,pr14076000,2014-05-16T21:51:45.000Z,"58 km N of Brenas, Puerto Rico",earthquake,3.7,4.5,0,4,reviewed,pr,pr
2014-03-17T00:49:21.900Z,46.56,-113.225,14.5,2.8,mc,36,60,0.1976294,0.13,mb,mb30158,2021-05-13T21:59:21.580Z,"10 km N of Maxville, Montana",earthquake,0.6,0.7,0.5,3,manual,mb,mb
2014-03-17T00:41:51.820Z,36.4949,70.657,200.44,4.2,mb,,118,0.632,0.58,us,usc000nstf,2014-05-16T21:51:45.000Z,"43 km SSW of Jurm, Afghanistan",earthquake,,4.4,0.216,6,reviewed,us,us
2014-03-17T00:41:37.440Z,5.7084,-78.4933,27.19,4.2,mb,,122,2.976,1.38,us,usc000ndsq,2014-05-16T21:51:45.000Z,"133 km WSW of Bahía Solano, Colombia",earthquake,,6.5,0.167,10,reviewed,us,us
2014-03-17T00:35:26.500Z,-4.0976,100.3974,11.4,4.9,mb,,35,2.564,0.95,us,usc000ndsp,2014-05-16T21:51:45.000Z,"210 km W of Bengkulu, Indonesia",earthquake,,3.3,0.073,65,reviewed,us,us
2014-03-17T00:20:11.865Z,65.5296,-134.6571,18.4,2.6,ml,,,,0.95,ak,ak0143hoyorm,2023-07-20T17:07:20.826Z,"213 km S of Fort McPherson, Canada",earthquake,,3.3,,,reviewed,ak,ak
2014-03-17T00:12:09.620Z,-20.0275,-70.6827,10,5.1,mb,,52,1.002,0.81,us,usc000ndsf,2014-05-16T21:51:45.000Z,"59 km WNW of Iquique, Chile",earthquake,,1.7,0.033,325,reviewed,us,us
2014-03-16T23:46:13.690Z,-19.4019,-176.2527,310.09,4.4,mb,,111,9.917,0.56,us,usc000npuz,2014-05-16T21:51:45.000Z,"204 km WNW of Pangai, Tonga",earthquake,,10.3,0.154,12,reviewed,us,us
2014-03-16T23:34:39.760Z,-20.2885,-70.6436,21.13,4,mb,,143,1.066,1.32,us,usc000npuy,2014-05-16T21:51:45.000Z,"52 km W of Iquique, Chile",earthquake,,2.2,0.26,5,reviewed,us,us
2014-03-16T23:33:05.510Z,-18.6473,168.232,83.88,4.3,mb,,112,3.797,0.49,us,usc000npvd,2014-05-16T21:51:45.000Z,"101 km S of Port-Vila, Vanuatu",earthquake,,10.1,0.154,13,reviewed,us,us
2014-03-16T23:08:12.110Z,-20.1303,-70.7277,10,4.5,mwr,,129,1.073,0.83,us,usc000nds7,2014-05-16T21:51:46.000Z,"61 km W of Iquique, Chile",earthquake,,1.8,0.071,19,reviewed,us,us
2014-03-16T22:54:04.850Z,-19.8348,-70.8214,10.43,4.8,mb,,136,1.1,0.7,us,usc000ndru,2014-05-16T21:51:45.000Z,"81 km WNW of Iquique, Chile",earthquake,,1.5,0.109,36,reviewed,us,us
2014-03-16T22:37:21.040Z,52.484,-169.874,52.6,3.5,ml,,,,0.93,us,usc000nh0r,2023-07-20T17:07:07.761Z,"85 km SW of Nikolski, Alaska",earthquake,,9.5,,33,reviewed,ak,ak
2014-03-16T22:36:59.290Z,-20.0703,-70.6431,10,4.7,mb,,94,0.978,0.92,us,usc000ndrj,2014-05-16T21:51:45.000Z,"53 km WNW of Iquique, Chile",earthquake,,1.8,0.078,67,reviewed,us,us
2014-03-16T22:35:24.490Z,40.9261667,-122.462,16.546,2.6,md,43,38,0.1901,0.14,nc,nc72186511,2022-07-26T09:43:03.153Z,"7 km WNW of Lakehead, California",earthquake,0.21,0.79,0.188,38,reviewed,nc,nc
2014-03-16T22:29:34.540Z,-19.8938,-70.8789,7.28,4.9,mb,,109,1.159,0.54,us,usc000ndr9,2014-05-16T21:51:45.000Z,"84 km WNW of Iquique, Chile",earthquake,,3.2,0.059,109,reviewed,us,us
2014-03-16T22:03:42.120Z,-20.0153,-70.5932,10,4.1,mb,,213,0.917,0.6,us,usc000npvc,2014-05-16T21:51:45.000Z,"51 km WNW of Iquique, Chile",earthquake,,2,0.524,1,reviewed,us,us
2014-03-16T22:01:59.290Z,-16.1998,-175.3478,330.37,4.1,mb,,138,4.133,0.23,us,usc000nput,2014-05-16T21:51:45.000Z,"168 km W of Hihifo, Tonga",earthquake,,12.3,0.158,11,reviewed,us,us
2014-03-16T21:59:02.520Z,-19.9174,-70.7157,10,4.6,mb,,112,1.009,0.88,us,usc000ndqn,2014-05-16T21:51:45.000Z,"67 km WNW of Iquique, Chile",earthquake,,1.5,0.172,12,reviewed,us,us
2014-03-16T21:56:26.000Z,-19.918,-70.738,10,4.4,mb,,96,1.03,0.76,us,usc000npur,2014-05-16T21:51:45.000Z,"69 km WNW of Iquique, Chile",earthquake,,1.5,0.155,20,reviewed,us,us
2014-03-16T21:55:33.390Z,32.8751667,-116.2348333,3.364,3.47,ml,81,49,0.04309,0.21,ci,ci15476793,2022-08-06T22:26:11.623Z,"27km NW of Ocotillo, CA",earthquake,0.17,0.68,0.155,214,reviewed,ci,ci
2014-03-16T21:52:38.670Z,-19.8326,-70.7354,28.37,4.1,mb,,143,1.019,0.77,us,usc000npuu,2014-05-16T21:51:45.000Z,"74 km NW of Iquique, Chile",earthquake,,3.5,0.524,3,reviewed,us,us
2014-03-16T21:46:41.790Z,-20.0012,-70.6656,10,4.5,mb,,173,0.98,0.76,us,usc000npvl,2014-05-16T21:51:45.000Z,"58 km WNW of Iquique, Chile",earthquake,,1.9,0.542,5,reviewed,us,us
2014-03-16T21:44:09.090Z,-20.0348,-70.6957,10,4.6,mb,,184,1.015,0.76,us,usc000nds6,2014-05-16T21:51:45.000Z,"60 km WNW of Iquique, Chile",earthquake,,1.9,0.245,8,reviewed,us,us
2014-03-16T21:42:31.010Z,-20.0811,-70.6424,10,4.8,mb,,141,0.981,0.86,us,usc000npum,2014-05-16T21:51:45.000Z,"53 km WNW of Iquique, Chile",earthquake,,1.9,0.226,8,reviewed,us,us
2014-03-16T21:40:00.014Z,62.1237,-149.3883,41.5,2.6,ml,,,,0.55,ak,ak0143ge1pdt,2023-07-20T17:06:59.171Z,"24 km E of Susitna North, Alaska",earthquake,,0.3,,,reviewed,ak,ak
2014-03-16T21:35:30.380Z,-19.8558,-70.6919,10,4.7,mb,,96,0.98,0.74,us,usc000npul,2014-05-16T21:51:45.000Z,"69 km NW of Iquique, Chile",earthquake,,1.8,0.147,20,reviewed,us,us
2014-03-16T21:32:47.700Z,-19.8221,-70.8496,10,4.1,mb,,162,1.125,0.55,us,usc000npun,2014-05-16T21:51:45.000Z,"85 km WNW of Iquique, Chile",earthquake,,1.5,0.368,3,reviewed,us,us
2014-03-16T21:27:13.520Z,-20.0566,-70.7378,10,4.5,mb,,141,1.059,0.81,us,usc000npvi,2014-05-16T21:51:45.000Z,"63 km WNW of Iquique, Chile",earthquake,,1.9,,,reviewed,us,us
2014-03-16T21:26:42.000Z,-19.961,-70.709,27.3,4.9,mb,,,,0.63,us,usc000npvf,2014-05-16T21:51:45.000Z,"64 km WNW of Iquique, Chile",earthquake,,4.5,0.119,23,reviewed,guc,us
2014-03-16T21:26:24.250Z,-19.9273,-70.7667,19.37,5,mb,,96,1.058,0.84,us,usc000ndnz,2014-05-16T21:51:45.000Z,"71 km WNW of Iquique, Chile",earthquake,,1.5,0.09,52,reviewed,us,us
2014-03-16T21:24:19.220Z,-19.8563,-70.7373,10,4.5,mb,,149,1.022,0.64,us,usc000npuq,2014-05-16T21:51:45.000Z,"73 km WNW of Iquique, Chile",earthquake,,1.8,0.541,2,reviewed,us,us
2014-03-16T21:16:29.600Z,-19.9807,-70.7022,20,6.7,mww,,44,1.008,0.83,us,usc000ndnj,2024-03-06T23:46:20.310Z,"63 km WNW of Iquique, Chile",earthquake,,1.2,,,reviewed,us,us
2014-03-16T21:15:20.710Z,-27.8261,-71.254,22.83,4.6,mb,,143,0.932,0.97,us,usc000npv2,2014-05-16T21:51:44.000Z,"96 km NNW of Vallenar, Chile",earthquake,,4.9,0.315,3,reviewed,us,us
2014-03-16T20:44:36.300Z,36.1755,-120.2816667,10.789,2.82,md,75,117,0.08919,0.08,nc,nc72186436,2022-07-26T09:42:07.461Z,"8 km ENE of Coalinga, California",earthquake,0.18,0.31,0.165,148,reviewed,nc,nc
2014-03-16T20:15:53.480Z,12.4263,-87.771,73.55,4.2,mb,,84,0.584,1.27,us,usc000ndmp,2014-05-16T21:51:44.000Z,"49 km SW of Jiquilillo, Nicaragua",earthquake,,3.1,0.121,22,reviewed,us,us
2014-03-16T19:27:27.140Z,43.5933,-105.2104,0,3.2,ml,,79,1,0.58,us,usc000ndll,2014-05-16T21:51:44.000Z,"28 km SE of Wright, Wyoming",mining explosion,,2,0.069,30,reviewed,us,us
2014-03-16T19:02:21.640Z,43.7956,-105.2196,0,3.3,ml,,71,0.914,0.72,us,usc000ndl3,2014-05-16T21:51:44.000Z,"22 km ENE of Wright, Wyoming",mining explosion,,2,0.057,52,reviewed,us,us
2014-03-16T19:00:25.094Z,59.4616,-152.7554,78.8,2.5,ml,,,,0.54,ak,ak0143gcmbgt,2023-07-20T17:06:36.486Z,"48 km WNW of Nanwalek, Alaska",earthquake,,0.4,,,reviewed,ak,ak
2014-03-16T18:29:42.810Z,-59.9059,-25.9762,10,4.3,mb,,112,14.989,0.94,us,usc000npug,2014-05-16T21:51:44.000Z,"South Sandwich Islands region",earthquake,,1.9,0.201,8,reviewed,us,us
2014-03-16T16:53:18.880Z,-61.3194,156.7455,14.94,4.6,mb,,143,16.364,0.84,us,usc000npuc,2026-02-04T20:29:30.278Z,"Balleny Islands region",earthquake,,3.9,0.193,9,reviewed,us,us
2014-03-16T16:42:44.880Z,-2.8877,129.5547,45.06,4.2,mb,,72,2.635,0.79,us,usc000npud,2014-05-16T21:51:44.000Z,"86 km NE of Amahai, Indonesia",earthquake,,10.4,0.167,11,reviewed,us,us
2014-03-16T16:30:40.650Z,53.6855,-35.3365,11.89,4.6,mb,,122,18.36,0.79,us,usc000npub,2014-05-16T21:51:43.000Z,"Reykjanes Ridge",earthquake,,4.4,0.193,10,reviewed,us,us
2014-03-16T15:56:30.440Z,-8.5227,128.8203,29.12,4.3,mb,,52,2.511,1.23,us,usc000npui,2014-05-16T21:51:43.000Z,"200 km E of Lospalos, Timor Leste",earthquake,,6.7,0.265,4,reviewed,us,us
2014-03-16T15:52:41.950Z,21.2576,121.3198,56.66,4.2,mb,,145,1.568,0.96,us,usc000npu9,2014-05-16T21:51:43.000Z,"101 km SE of Hengchun, Taiwan",earthquake,,6.6,0.216,8,reviewed,us,us
2014-03-16T15:45:19.000Z,19.0706,-66.5541,55,2.9,Md,12,270,0.58929483,0.2,pr,pr14075006,2014-05-16T21:51:43.000Z,"67 km N of Tierras Nuevas Poniente, Puerto Rico",earthquake,1.3,2.6,0,8,reviewed,pr,pr
2014-03-16T15:33:58.810Z,-23.1015,-66.3534,214.25,4.6,mb,,91,2.408,1.09,us,usc000npv6,2014-05-16T21:51:43.000Z,"70 km W of El Aguilar, Argentina",earthquake,,9,0.273,5,reviewed,us,us
2014-03-16T15:25:14.000Z,-5.69,-81,28,4.5,mb,,,,0.77,us,usc000ndjj,2014-05-16T21:51:43.000Z,"24 km SW of Sechura, Peru",earthquake,,2.8,0.145,18,reviewed,lim,us
2014-03-16T15:09:47.810Z,12.0315,-43.7305,10,4.7,mb,,109,11.18,0.8,us,usc000npu8,2014-05-16T21:51:43.000Z,"northern Mid-Atlantic Ridge",earthquake,,1.9,0.174,13,reviewed,us,us
2014-03-16T14:53:57.030Z,-8.614,111.0827,75.49,4.9,mb,,36,0.89,0.77,us,usc000ndh3,2014-05-16T21:51:43.000Z,"80 km S of Jatiroto, Indonesia",earthquake,,4.2,0.071,66,reviewed,us,us
2014-03-16T14:34:40.460Z,28.1882,57.6362,10,4.5,mb,,52,3.474,0.76,us,usc000ndgq,2014-05-16T21:51:43.000Z,"123 km SW of Bam, Iran",earthquake,,1.9,0.091,40,reviewed,us,us
2014-03-16T14:25:13.160Z,-19.4345,-177.5675,364.45,4.5,mb,,123,7.807,1.18,us,usc000npu5,2014-05-16T21:51:43.000Z,"Fiji region",earthquake,,7.8,0.145,16,reviewed,us,us
2014-03-16T14:21:07.530Z,7.7826,-38.0141,10,4.4,mb,,81,13.683,0.83,us,usc000npu6,2014-05-16T21:51:43.000Z,"central Mid-Atlantic Ridge",earthquake,,1.9,0.268,8,reviewed,us,us
2014-03-16T14:09:38.540Z,30.3183,140.3703,10,4.8,mb,,45,2.828,1.19,us,usc000npu4,2014-05-16T21:51:43.000Z,"Izu Islands, Japan region",earthquake,,1.8,0.154,14,reviewed,us,us
2014-03-16T14:03:25.640Z,30.5866,140.1979,5.18,4.7,mb,,118,6.171,1.1,us,usc000npuj,2014-05-16T21:51:43.000Z,"Izu Islands, Japan region",earthquake,,4.9,0.142,17,reviewed,us,us
2014-03-16T13:52:31.150Z,-4.4623,153.5551,123.19,4.5,mb,,178,8.024,0.82,us,usc000npu3,2014-05-16T21:51:43.000Z,"143 km E of Kokopo, Papua New Guinea",earthquake,,13.1,0.221,7,reviewed,us,us
2014-03-16T13:26:46.440Z,21.5984,143.0888,291.31,4.5,mb,,44,5.534,0.75,us,usc000npu2,2014-05-16T21:51:43.000Z,"Mariana Islands region",earthquake,,6.6,0.072,59,reviewed,us,us
2014-03-16T13:21:05.730Z,14.0786,-92.8878,43.51,4.4,mb,,166,1.021,1.02,us,usc000ndem,2014-05-16T21:51:43.000Z,"87 km SW of Puerto Madero, Mexico",earthquake,,5.5,0.062,78,reviewed,us,us
2014-03-16T13:17:17.190Z,41.6564,144.2794,30.78,4.3,mb,,66,0.912,0.56,us,usc000npuh,2014-05-16T21:51:43.000Z,"146 km S of Kushiro, Japan",earthquake,,5.9,0.133,19,reviewed,us,us
2014-03-16T12:26:07.570Z,-19.9218,-178.7164,558.97,4.1,mb,,181,3.748,0.43,us,usc000npu1,2014-05-16T21:51:43.000Z,"291 km SE of Levuka, Fiji",earthquake,,12.4,0.184,9,reviewed,us,us
2014-03-16T11:33:47.530Z,-56.0422,-27.3782,96.96,4.3,mb,,126,5.511,0.71,us,usc000npv5,2014-05-16T21:51:43.000Z,"South Sandwich Islands region",earthquake,,8.2,0.202,8,reviewed,us,us
2014-03-16T11:15:23.840Z,-15.7369,-179.4873,10,4.8,mb,,121,3.088,1.42,us,usc000ndcy,2022-05-03T16:45:13.196Z,"145 km ENE of Labasa, Fiji",earthquake,,1.8,0.066,83,reviewed,us,us
2014-03-16T10:06:23.340Z,-15.7207,-173.7892,52.59,4.6,mb,,133,2.651,0.72,us,usc000nptz,2014-05-16T21:51:43.000Z,"25 km N of Hihifo, Tonga",earthquake,,10.2,0.165,12,reviewed,us,us
2014-03-16T09:25:49.980Z,13.4731,120.9135,220.82,4.1,mb,,130,0.625,0.42,us,usc000npty,2014-05-16T21:51:43.000Z,"3 km SSW of Balatero, Philippines",earthquake,,6.9,0.14,14,reviewed,us,us
2014-03-16T08:46:20.180Z,37.1918,-97.8992,3.08,3.7,mwr,,47,0.689,0.39,us,usc000nd9r,2022-08-06T22:25:21.216Z,"3 km WSW of Freeport, Kansas",earthquake,,5.7,0.054,33,reviewed,us,us
2014-03-16T08:24:54.933Z,66.4186,-153.3804,8.3,2.5,ml,,,,0.72,ak,ak0143g67rat,2023-07-20T17:05:13.976Z,"33 km WSW of Alatna, Alaska",earthquake,,1.7,,,reviewed,ak,ak
2014-03-16T07:56:21.300Z,-19.4489,-71.0937,17.11,4,mb,,140,1.39,0.61,us,usc000nptw,2014-05-16T21:51:43.000Z,"130 km NW of Iquique, Chile",earthquake,,5.6,0.299,6,reviewed,us,us
2014-03-16T07:36:47.250Z,0.5897,126.7373,61,4.1,mb,,106,0.654,0.74,us,usc000nptx,2014-05-16T21:51:43.000Z,"75 km WSW of Ternate, Indonesia",earthquake,,8.5,0.152,13,reviewed,us,us
2014-03-16T06:32:24.350Z,51.6344,16.1055,5,4.1,mb,,34,1.968,0.97,us,usc000nd72,2014-05-16T21:51:43.000Z,"3 km SSE of G?ogów, Poland",earthquake,,1.9,0.174,12,reviewed,us,us
2014-03-16T05:34:40.060Z,-21.9405,-177.8202,336,4.8,mb,,97,5.701,0.79,us,usc000nd65,2014-05-16T21:51:43.000Z,"283 km WSW of Haveluloto, Tonga",earthquake,,5.1,0.045,171,reviewed,us,us
2014-03-16T05:33:33.400Z,18.7061,-65.0158,2,2.7,Md,8,288,0.35663117,0.36,pr,pr14075002,2014-05-16T21:51:43.000Z,"41 km NNW of Charlotte Amalie, U.S. Virgin Islands",earthquake,2.3,1.6,0,8,reviewed,pr,pr
2014-03-16T05:32:13.760Z,42.4158,78.0695,24.28,4.3,mb,,68,1.577,0.98,us,usc000nd5z,2014-05-16T21:51:43.000Z,"9 km NNE of Kyzyl-Suu, Kyrgyzstan",earthquake,,5.8,0.218,9,reviewed,us,us
2014-03-16T05:26:29.500Z,19.5676,-64.2498,43,3.3,Md,10,309.6,1.19565764,0.18,pr,pr14075001,2014-05-16T21:51:43.000Z,"148 km NNE of Cruz Bay, U.S. Virgin Islands",earthquake,2.9,12.9,0,9,reviewed,pr,pr
2014-03-16T04:18:43.079Z,55.4748,-159.359,6.5,3.1,ml,,,,0.73,ak,ak0143g3spo3,2023-07-20T17:04:36.689Z,"48 km S of Ivanof Bay, Alaska",earthquake,,0.8,,,reviewed,ak,ak
2014-03-16T03:46:09.720Z,40.8585,-125.0218333,24.12,4.01,mw,38,257,0.6459,0.17,nc,nc72186031,2022-08-06T22:24:31.211Z,"69 km WNW of Indianola, California",earthquake,0.99,12.48,,10,reviewed,nc,nc
2014-03-16T03:24:51.000Z,-17.414,124.438,10,3.8,mb,,,,1.29,us,usc000npv7,2014-05-16T21:51:43.000Z,"86 km E of Derby, Australia",earthquake,,2,0.506,2,reviewed,aust,us
2014-03-16T03:17:38.000Z,35.865,-97.335,5.2,2.7,ml,,,,0.52,us,usc000nd4e,2014-05-16T21:51:43.000Z,"8 km E of Guthrie, Oklahoma",earthquake,,5.5,,,reviewed,tul,tul
2014-03-16T02:24:49.000Z,53.8865,-165.2371,63.4,4.1,mb,,,,0.61,us,usc000nd3l,2023-07-20T17:01:54.742Z,"44 km SE of Akutan, Alaska",earthquake,,5.7,0.198,9,reviewed,ak,us
2014-03-16T02:08:20.920Z,-16.8038,-179.246,529.55,4,mb,,254,2.745,0.68,us,usc000nptk,2014-05-16T21:51:43.000Z,"153 km ESE of Labasa, Fiji",earthquake,,18.1,0.367,3,reviewed,us,us
2014-03-16T01:00:14.800Z,-7.4475,126.0264,423.72,5,mb,,24,2.878,0.68,us,usc000nd2z,2014-05-16T21:51:43.000Z,"117 km N of Manatutu, Timor Leste",earthquake,,4.7,0.064,88,reviewed,us,us
2014-03-16T00:14:34.210Z,-9.6696,114.2271,63.17,4.3,mb,,142,1.194,1.1,us,usc000npts,2014-05-16T21:51:43.000Z,"137 km S of Muncar, Indonesia",earthquake,,7.6,0.133,20,reviewed,us,us
2014-03-16T00:08:19.130Z,48.1513,152.4698,153.88,4.6,mb,,163,5.973,1.49,us,usc000nd1k,2014-05-16T21:51:43.000Z,"Kuril Islands",earthquake,,5.4,0.051,125,reviewed,us,us
2014-03-16T00:05:28.910Z,35.7253,140.8487,40.27,4.8,mb,,119,2.286,0.73,us,usc000nptt,2014-05-16T21:51:43.000Z,"1 km ESE of Hasaki, Japan",earthquake,,7.7,0.197,11,reviewed,us,us
2014-03-16T00:04:27.390Z,40.7838333,-125.1606667,23.054,2.97,ml,55,257,0.6982,0.17,nc,nc72185946,2017-02-03T10:21:26.713Z,"79 km W of Indianola, California",earthquake,1.57,7.04,0.175,12,reviewed,nc,nc
2014-03-15T23:51:32.970Z,-5.5745,-80.9709,29,6.3,mww,,48,2.993,1.22,us,usc000nd0c,2022-07-26T09:40:12.093Z,"16 km W of Sechura, Peru",earthquake,,1.5,,,reviewed,us,us
2014-03-15T23:27:03.910Z,40.5811667,-124.0863333,17.931,2.84,md,30,122,0.1604,0.1,nc,nc72185936,2022-07-26T09:39:09.422Z,"3 km NNE of Hydesville, California",earthquake,0.22,0.34,0.199,64,reviewed,nc,nc
2014-03-15T23:26:05.000Z,13.152,-89.815,27.2,4.4,mb,,,,1.08,us,usc000nczj,2014-05-16T21:51:43.000Z,"48 km S of Acajutla, El Salvador",earthquake,,7.8,0.066,68,reviewed,snet,us
2014-03-15T23:22:10.620Z,-14.1885,66.1336,10,4.9,mb,,58,9.156,0.7,us,usc000ncz8,2014-05-16T21:51:43.000Z,"Mid-Indian Ridge",earthquake,,1.6,0.061,89,reviewed,us,us
2014-03-15T23:20:49.000Z,12.7442,-87.6901,72.92,4.2,mb,,170,0.263,1.15,us,usc000nnzp,2014-05-16T21:51:43.000Z,"25 km W of Jiquilillo, Nicaragua",earthquake,,5.6,0.216,6,reviewed,us,us
2014-03-15T22:55:30.000Z,-23.984,-70.102,52,4.7,mb,,,,0.89,us,usc000ncy2,2014-05-16T21:51:43.000Z,"47 km SE of Antofagasta, Chile",earthquake,,4.3,0.06,97,reviewed,guc,us
2014-03-15T22:53:44.610Z,-49.4531,69.5768,15.1,4.5,mb,,113,0.426,0.77,us,usc000nnzm,2014-05-16T21:51:43.000Z,"48 km WSW of Port-aux-Français, French Southern Territories",earthquake,,2.1,0.191,8,reviewed,us,us
2014-03-15T22:13:28.920Z,51.6569,-175.146,26.3,3.1,ml,,,,0.48,us,usc000ncy7,2023-07-20T17:01:24.986Z,"88 km SW of Atka, Alaska",earthquake,,7.7,,15,reviewed,ak,ak
2014-03-15T21:43:41.310Z,-55.378,-25.7647,10,4.3,mb,,80,6.293,0.52,us,usc000np06,2014-05-16T21:51:42.000Z,"South Sandwich Islands region",earthquake,,1.6,0.188,8,reviewed,us,us
2014-03-15T21:04:08.530Z,32.3383333,-115.4128333,8.989,2.63,ml,17,186,0.122,0.2,ci,ci15476513,2016-03-11T07:45:51.998Z,"21km W of Delta, B.C., MX",earthquake,0.64,1.36,0.184,63,reviewed,ci,ci
2014-03-15T20:51:45.650Z,56.4964,-156.0756,68.6,3.6,ml,,,,0.52,ak,ak0143epzdol,2023-07-20T17:01:21.071Z,"126 km WSW of Akhiok, Alaska",earthquake,,1,,,reviewed,ak,ak
2014-03-15T20:47:11.170Z,-23.0294,-175.4396,10,4.6,mb,,124,9.712,1.01,us,usc000nnzl,2014-05-16T21:51:42.000Z,"Tonga region",earthquake,,1.8,0.117,25,reviewed,us,us
2014-03-15T20:45:06.380Z,51.588,-175.127,25.8,4.6,mb,,,,1.04,us,usc000ncta,2023-07-20T17:01:19.742Z,"92 km SW of Atka, Alaska",earthquake,,4.3,0.047,149,reviewed,ak,us
2014-03-15T20:18:49.870Z,-19.4636,-71.0418,27.92,4.2,mb,,141,1.339,0.78,us,usc000nnzy,2014-05-16T21:51:42.000Z,"124 km NW of Iquique, Chile",earthquake,,4.9,0.215,9,reviewed,us,us
2014-03-15T20:18:04.970Z,-19.3778,-71.1315,18.6,4.4,mb,,136,1.442,1.04,us,usc000nnzr,2014-05-16T21:51:42.000Z,"133 km SW of Arica, Chile",earthquake,,4.4,0.179,12,reviewed,us,us
2014-03-15T20:14:23.700Z,-19.3985,-71.0629,5.32,4.7,mwr,,99,1.375,0.99,us,usc000ncsg,2014-05-16T21:51:43.000Z,"130 km SW of Arica, Chile",earthquake,,3.3,0.073,18,reviewed,us,us
2014-03-15T20:04:36.400Z,22.1621,121.424,21.41,4.9,mwr,,80,0.725,0.75,us,usc000ncrv,2022-05-03T17:09:03.738Z,"72 km ENE of Hengchun, Taiwan",earthquake,,4.3,0.066,22,reviewed,us,us
2014-03-15T20:03:10.100Z,31.7485,-115.025,-1.081,2.9,ml,4,187,0.71,0.48,ci,ci15476505,2016-03-11T16:49:45.876Z,"50km S of Estacion Coahuila, B.C., MX",earthquake,1.78,4.23,0.148,19,reviewed,ci,ci
2014-03-15T20:01:13.050Z,-5.0774,153.9824,127.66,4.6,mb,,74,7.333,0.72,us,usc000nnzs,2014-05-16T21:51:42.000Z,"206 km ESE of Kokopo, Papua New Guinea",earthquake,,3.6,0.109,26,reviewed,us,us
2014-03-15T19:51:41.100Z,19.1537,-66.9162,12,2.7,Md,10,291.6,0.70607581,0.37,pr,pr14074010,2014-05-16T21:51:42.000Z,"73 km N of Isabela, Puerto Rico",earthquake,7.6,10.1,0,9,reviewed,pr,pr
2014-03-15T19:27:46.520Z,-14.3346,65.9924,10,4.7,mb,,124,11.896,0.42,us,usc000nnzn,2014-05-16T21:51:42.000Z,"Mid-Indian Ridge",earthquake,,1.8,0.11,29,reviewed,us,us
2014-03-15T19:27:16.740Z,-17.2586,-174.3509,91.36,4.3,mb,,92,4.151,0.4,us,usc000nnzi,2014-05-16T21:51:42.000Z,"155 km SSW of Hihifo, Tonga",earthquake,,10,0.238,5,reviewed,us,us
2014-03-15T19:27:05.160Z,36.632,-97.669,5,3,ml,,,,0.66,us,usc000nd3w,2014-05-16T21:51:42.000Z,"7 km N of Hunter, Oklahoma",earthquake,,6.8,,,reviewed,tul,tul
2014-03-15T19:19:38.550Z,51.2849,-178.744,26.6,3.2,ml,,,,0.83,us,usc000ncx6,2023-07-20T17:01:16.186Z,"160 km WSW of Adak, Alaska",earthquake,,8,,16,reviewed,ak,ak
2014-03-15T19:15:01.430Z,36.636,-97.679,6.7,2.9,ml,,,,0.74,us,usc000ncvg,2014-05-16T21:51:42.000Z,"8 km N of Hunter, Oklahoma",earthquake,,7.2,,,reviewed,tul,tul
2014-03-15T19:12:13.200Z,36.637,-97.669,4.8,2.8,ml,,,,0.81,us,usc000ncv8,2014-05-16T21:51:42.000Z,"8 km N of Hunter, Oklahoma",earthquake,,7.5,,,reviewed,tul,tul
2014-03-15T19:05:51.000Z,51.3391,-177.78,21.8,2.5,ml,,,,0.66,us,usc000ncx4,2023-07-20T17:01:15.091Z,"99 km SW of Adak, Alaska",earthquake,,10.1,,,reviewed,ak,ak
2014-03-15T18:48:38.800Z,36.6313,-97.6687,5,2.9,ml,,97,,0.94,us,usc000ncmx,2014-05-16T21:51:42.000Z,"7 km N of Hunter, Oklahoma",earthquake,,3.7,,,reviewed,tul,tul
2014-03-15T17:34:27.170Z,-24.1572,-66.6401,186.76,4,mb,,80,2.591,1.27,us,usc000nnzh,2014-05-16T21:51:42.000Z,"33 km WNW of San Antonio de los Cobres, Argentina",earthquake,,5.7,0.367,2,reviewed,us,us
2014-03-15T17:10:08.600Z,19.1035,-66.4645,23,2.8,Md,9,270,0.62522744,0.1,pr,pr14074009,2014-05-16T21:51:42.000Z,"71 km N of Tierras Nuevas Poniente, Puerto Rico",earthquake,0.6,8.1,0,6,reviewed,pr,pr
2014-03-15T16:05:47.300Z,54.743,-159.923,34,2.7,ml,,,,0.43,us,usc000nhtr,2023-07-20T17:01:00.001Z,"75 km SSE of Sand Point, Alaska",earthquake,,8.2,,8,reviewed,ak,ak
2014-03-15T15:54:14.900Z,35.95,24,48,4,mb,,,,0,us,usc000ncj9,2014-05-16T21:51:42.000Z,"47 km NNW of Mouzourás, Greece",earthquake,,0,0.3,3,reviewed,the,us
2014-03-15T15:48:08.920Z,-48.9698,69.6937,10,4.4,mb,,158,0.51,1.45,us,usc000np03,2014-05-16T21:51:42.000Z,"57 km NW of Port-aux-Français, French Southern Territories",earthquake,,1.9,0.179,10,reviewed,us,us
2014-03-15T15:42:47.450Z,-49.3983,69.5804,10,4.3,mb,,148,0.414,0.63,us,usc000nnz9,2014-05-16T21:51:42.000Z,"46 km W of Port-aux-Français, French Southern Territories",earthquake,,1.9,0.201,9,reviewed,us,us
2014-03-15T15:20:27.097Z,53.5669,-163.4652,40.2,2.5,ml,,,,0.43,ak,ak0143emtj11,2023-07-20T17:00:51.277Z,"143 km S of False Pass, Alaska",earthquake,,1.5,,,reviewed,ak,ak
2014-03-15T15:19:25.000Z,53.5564,-163.4685,37.7,2.6,ml,,,,0.82,us,usc000nhts,2023-07-20T17:00:50.220Z,"144 km S of False Pass, Alaska",earthquake,,10.1,,,reviewed,ak,ak
2014-03-15T15:12:19.860Z,34.6138333,-118.6311667,7.898,3.92,ml,125,15,0.07616,0.36,ci,ci15476409,2022-08-06T22:23:42.653Z,"14km N of Castaic, CA",earthquake,0.23,0.54,0.176,251,reviewed,ci,ci
2014-03-15T15:07:04.240Z,-27.1407,173.4117,22.22,4.4,mb,,118,8.102,1.43,us,usc000nnz8,2014-05-16T21:51:42.000Z,"north of New Zealand",earthquake,,5,0.203,8,reviewed,us,us
2014-03-15T14:57:01.110Z,-49.2247,69.5787,15.94,4.7,mb,,104,0.432,1.08,us,usc000nnzj,2025-12-22T16:54:27.863Z,"48 km WNW of Port-aux-Français, French Southern Territories",earthquake,,5.4,0.166,12,reviewed,us,us
2014-03-15T14:46:28.000Z,-34.742,-71.784,44.6,5.1,mww,,,,1.07,us,usc000nchd,2022-07-26T09:38:10.871Z,"39 km WSW of Santa Cruz, Chile",earthquake,,4,,,reviewed,guc,us
2014-03-15T14:20:59.520Z,-49.3459,69.4532,10,4.6,mb,,59,0.495,0.89,us,usc000ncgx,2022-05-03T16:45:10.650Z,"55 km W of Port-aux-Français, French Southern Territories",earthquake,,1.8,0.146,16,reviewed,us,us
2014-03-15T14:00:24.800Z,18.8997,-67.5615,6,3.1,Md,11,226.8,0.51832792,0.1,pr,pr14074008,2014-05-16T21:51:42.000Z,"66 km NW of San Antonio, Puerto Rico",earthquake,0.4,0.6,0,8,reviewed,pr,pr
2014-03-15T14:00:13.150Z,-49.1699,69.5104,10,4.3,mb,,180,0.493,1.23,us,usc000nnz2,2014-05-16T21:51:42.000Z,"55 km WNW of Port-aux-Français, French Southern Territories",earthquake,,1.9,0.265,5,reviewed,us,us
2014-03-15T13:33:00.773Z,64.1606,-150.0395,15.3,3.1,ml,,,,0.8,ak,ak0143elpe3h,2023-08-18T16:07:15.360Z,"42 km WSW of Clear, Alaska, Alaska",earthquake,,0.1,,,reviewed,ak,ak
2014-03-15T13:20:58.500Z,19.0673,-66.466,31,2.7,Md,13,244.8,0.58929483,0.14,pr,pr14074005,2014-05-16T21:51:42.000Z,"67 km N of Tierras Nuevas Poniente, Puerto Rico",earthquake,0.7,4.4,0,10,reviewed,pr,pr
2014-03-15T13:13:24.000Z,19.1156,-66.4462,25,2.6,Md,6,284.4,0.63870217,0.12,pr,pr14074007,2014-05-16T21:51:42.000Z,"72 km N of Tierras Nuevas Poniente, Puerto Rico",earthquake,0.9,8.3,0,6,reviewed,pr,pr
2014-03-15T13:08:58.770Z,62.4335,-150.891,69.5,3.9,ml,,,,0.59,ak,ak0143elk5o5,2023-07-20T17:00:35.375Z,"9 km SW of Petersville, Alaska",earthquake,,0.4,,,reviewed,ak,ak
2014-03-15T13:04:19.900Z,19.0814,-66.459,42,2.5,Md,6,280.8,0.60456619,0.18,pr,pr14074006,2014-05-16T21:51:42.000Z,"68 km N of Tierras Nuevas Poniente, Puerto Rico",earthquake,1.7,4.1,0,4,reviewed,pr,pr
2014-03-15T12:59:24.357Z,59.7975,-153.2914,130.9,2.6,ml,,,,0.66,ak,ak0143el9kxf,2023-07-20T17:00:34.296Z,"45 km E of Pedro Bay, Alaska",earthquake,,0.5,,,reviewed,ak,ak
2014-03-15T12:49:47.500Z,19.003,-66.4264,44,2.7,Md,15,241.2,0.53180265,0.11,pr,pr14074004,2014-05-16T21:51:42.000Z,"59 km N of Brenas, Puerto Rico",earthquake,0.7,2,0,12,reviewed,pr,pr
2014-03-15T12:31:20.640Z,40.751,-125.2363333,22.982,2.87,md,28,274,0.7369,0.22,nc,nc72185641,2017-02-03T10:16:48.834Z,"84 km WNW of Ferndale, California",earthquake,4,14.68,0.197,38,reviewed,nc,nc
2014-03-15T12:26:23.630Z,12.0323,-43.7746,10,4.6,mb,,74,11.146,0.49,us,usc000nnyz,2014-05-16T21:51:42.000Z,"northern Mid-Atlantic Ridge",earthquake,,1.8,0.098,34,reviewed,us,us
2014-03-15T12:19:44.460Z,-13.7598,66.5534,10,4.4,mb,,127,12.675,0.86,us,usc000nnzz,2014-05-16T21:51:42.000Z,"Mid-Indian Ridge",earthquake,,1.7,0.19,10,reviewed,us,us
2014-03-15T11:57:48.300Z,27.4077,34.6904,13.85,4,mb,,209,2.265,0.8,us,usc000nnze,2014-05-16T21:51:42.000Z,"66 km SSE of Sharm el-Sheikh, Egypt",earthquake,,7.7,0.183,10,reviewed,us,us
2014-03-15T11:19:22.700Z,19.0862,-66.4525,19,2.6,Md,14,255.6,0.60995608,0.11,pr,pr14074003,2014-05-16T21:51:42.000Z,"69 km N of Tierras Nuevas Poniente, Puerto Rico",earthquake,1.5,3.2,0,7,reviewed,pr,pr
2014-03-15T11:06:45.200Z,-33.6671,-178.569,35,4.2,mb,,264,5.767,0.43,us,usc000nnz1,2014-05-16T21:51:42.000Z,"south of the Kermadec Islands",earthquake,,2,0.237,5,reviewed,us,us
2014-03-15T10:59:19.740Z,40.7646667,-125.1091667,23.694,2.56,md,31,266,0.6541,0.22,nc,nc72185591,2017-02-03T10:15:57.061Z,"74 km WNW of Ferndale, California",earthquake,1.76,13.78,0.315,32,reviewed,nc,nc
2014-03-15T10:58:46.160Z,2.8381,99.0717,171.61,5.4,mwc,,18,0.204,0.89,us,usc000ncdc,2025-12-22T16:48:56.666Z,"13 km S of Pematangsiantar, Indonesia",earthquake,,3.7,,,reviewed,us,gcmt
2014-03-15T10:55:11.730Z,10.5751,126.6994,10,5.3,mb,,64,3.654,0.72,us,usc000ncdb,2025-12-22T16:48:55.947Z,"94 km NE of Santa Monica, Philippines",earthquake,,1.7,0.048,148,reviewed,us,us
2014-03-15T10:30:35.320Z,-6.1746,130.2962,142.02,4.2,mb,,120,2.053,0.78,us,usc000ncd4,2014-05-16T21:51:42.000Z,"278 km WSW of Tual, Indonesia",earthquake,,9.7,0.141,15,reviewed,us,us
2014-03-15T10:09:41.180Z,37.2194,-97.8773,2.23,2.7,mb_lg,,110,0.718,0.41,us,usc000nccz,2022-07-26T09:37:10.507Z,"2 km NW of Freeport, Kansas",earthquake,,7.9,0.085,38,reviewed,us,us
2014-03-15T10:06:13.780Z,-53.5454,25.0754,10,4.3,mb,,118,21.377,0.78,us,usc000nnyw,2014-05-16T21:51:41.000Z,"south of Africa",earthquake,,1.9,0.238,6,reviewed,us,us
2014-03-15T09:54:26.910Z,38.9521667,-111.3831667,3.11,2.72,ml,21,73,0.1686,0.13,uu,uu60059512,2018-09-12T18:19:37.730Z,"12 km WNW of Emery, Utah",earthquake,0.3,1.34,0.116,16,reviewed,uu,uu
2014-03-15T09:48:46.000Z,-21.32,-69.891,53.6,4.9,mb,,,,1.06,us,usc000nnyv,2014-05-16T21:51:41.000Z,"91 km NNE of Tocopilla, Chile",earthquake,,4.8,0.087,45,reviewed,guc,us
2014-03-15T09:43:22.990Z,-4.13,100.3688,14.23,4.8,mb,,182,2.59,0.7,us,usc000ncck,2014-05-16T21:51:41.000Z,"213 km W of Bengkulu, Indonesia",earthquake,,4.2,0.092,44,reviewed,us,us
2014-03-15T09:43:05.400Z,18.9804,-66.4626,46,2.5,Md,10,248.4,0.50485319,0.17,pr,pr14074002,2014-05-16T21:51:41.000Z,"57 km N of Tierras Nuevas Poniente, Puerto Rico",earthquake,0.9,2.5,0,10,reviewed,pr,pr
2014-03-15T09:37:27.740Z,-3.9902,100.4282,13.96,5.3,mb,,35,2.547,0.74,us,usc000ncc8,2025-12-22T16:48:55.220Z,"205 km W of Bengkulu, Indonesia",earthquake,,3,0.057,107,reviewed,us,us
2014-03-15T09:31:21.540Z,-19.4412,-71.058,30.54,4.2,mb,,182,1.359,1.19,us,usc000nnys,2014-05-16T21:51:41.000Z,"127 km NW of Iquique, Chile",earthquake,,10.5,0.526,1,reviewed,us,us
2014-03-15T09:09:04.930Z,-15.3811,-72.2329,105.69,4.7,mb,,123,4.5,0.8,us,usc000nnyt,2014-05-16T21:51:41.000Z,"17 km SE of Orcopampa, Peru",earthquake,,6.6,0.13,18,reviewed,us,us
2014-03-15T09:03:09.500Z,34.8577,25.3107,44.7,4,mb,,,,1.47,us,usc000ncbn,2014-05-16T21:51:41.000Z,"21 km SE of Pýrgos, Greece",earthquake,,5.3,0.172,16,reviewed,the,us
2014-03-15T08:59:40.730Z,12.0358,-43.8653,10,4.4,mb,,115,11.078,0.78,us,usc000nnyr,2014-05-16T21:51:41.000Z,"northern Mid-Atlantic Ridge",earthquake,,1.9,0.144,14,reviewed,us,us
2014-03-15T08:59:21.860Z,-14.0848,-76.3113,20,6.1,mww,,71,2.147,1.04,us,usc000ncbl,2022-07-26T09:36:14.825Z,"24 km SSW of Paracas, Peru",earthquake,,1.7,,,reviewed,us,us
2014-03-15T08:55:16.050Z,52.549,-171.738,42.1,2.6,ml,,,,0.64,us,usc000nnp2,2014-05-16T21:51:41.000Z,"172 km ENE of Atka, Alaska",earthquake,,10.1,,9,reviewed,ak,ak
2014-03-15T08:50:38.740Z,52.351,-171.744,41.5,2.8,ml,,,,1.09,us,usc000nhtv,2023-07-20T17:00:16.098Z,"168 km E of Atka, Alaska",earthquake,,9.4,,9,reviewed,ak,ak
2014-03-15T08:40:18.300Z,19.0116,-66.278,58,2.8,Md,3,338.4,0.5821083,0.05,pr,pr14074011,2014-05-16T21:51:41.000Z,"60 km N of Brenas, Puerto Rico",earthquake,1.5,1.3,0,2,reviewed,pr,pr
2014-03-15T08:34:27.380Z,27.109,144.5591,37.42,4.6,mb,,148,10.84,0.53,us,usc000np04,2014-05-16T21:51:41.000Z,"Bonin Islands, Japan region",earthquake,,7.2,0.243,6,reviewed,us,us
2014-03-15T08:07:28.310Z,40.7721667,-125.1416667,24.484,2.86,md,29,270,0.6802,0.23,nc,nc72185526,2017-02-03T10:14:53.583Z,"77 km W of Indianola, California",earthquake,1.09,17.86,0.26,37,reviewed,nc,nc
2014-03-15T07:43:58.150Z,40.7018333,-124.9921667,23.444,2.83,md,33,274,0.5468,0.12,nc,nc72185491,2017-02-03T10:14:33.171Z,"63 km WNW of Ferndale, California",earthquake,1.74,10.31,0.169,34,reviewed,nc,nc
2014-03-15T07:15:32.990Z,-21.0607,-178.7441,570.18,4.1,mb,,136,4.474,0.59,us,usc000nnyp,2014-05-16T21:51:41.000Z,"Fiji region",earthquake,,10.7,0.185,9,reviewed,us,us
2014-03-15T06:55:41.050Z,3.9281,-71.3627,14.39,3.7,mwr,,58,2.618,0.85,us,usc000nnyn,2014-05-16T21:51:41.000Z,"90 km ESE of Puerto Gaitán, Colombia",earthquake,,4.7,,,reviewed,us,rsnc
2014-03-15T06:30:45.020Z,7.5909,94.1754,10,4.8,mb,,64,3.618,0.91,us,usc000nc9s,2014-05-16T21:51:41.000Z,"226 km NW of Sabang, Indonesia",earthquake,,1.7,0.072,66,reviewed,us,us
2014-03-15T06:05:48.380Z,-13.8996,-75.7989,41.1,4.8,mb,,102,2.155,1.03,us,usc000nc9c,2014-05-16T21:51:41.000Z,"13 km NNW of Subtanjalla, Peru",earthquake,,6.7,0.105,37,reviewed,us,us
2014-03-15T05:29:34.050Z,37.5558,25.6367,27.9,4.4,mb,,,,1.2,us,usc000nc8s,2014-05-16T21:51:41.000Z,"24 km ENE of Áno Merá, Greece",earthquake,,5.2,0.134,20,reviewed,ath,us
2014-03-15T05:09:12.070Z,23.8952,93.8661,63.44,4.3,mb,,115,2.377,1.07,us,usc000nnyl,2014-05-16T21:51:41.000Z,"52 km SSE of Chur?ch?ndpur, India",earthquake,,8.5,0.217,8,reviewed,us,us
2014-03-15T04:09:42.400Z,0.6209,98.1881,52.23,4.2,mb,,195,2.186,0.71,us,usc000nnzu,2014-05-16T21:51:41.000Z,"140 km SSW of Sibolga, Indonesia",earthquake,,11,0.371,4,reviewed,us,us
2014-03-15T04:05:14.980Z,13.6934,57.0652,10,4,mb,,137,3.217,1.21,us,usc000nnyi,2014-05-16T21:51:41.000Z,"Owen Fracture Zone region",earthquake,,1.9,0.519,4,reviewed,us,us
2014-03-15T03:50:48.350Z,36.631,-97.679,5.3,2.9,ml,,,,1.11,us,usc000nc8a,2014-05-16T21:51:41.000Z,"7 km NNW of Hunter, Oklahoma",earthquake,,4.9,,,reviewed,tul,tul
2014-03-15T03:11:15.710Z,51.639,-175.257,37.1,4.1,mb,,,,1.03,us,usc000ncjq,2023-07-20T16:59:56.258Z,"95 km SW of Atka, Alaska",earthquake,,5.9,0.26,9,reviewed,ak,us
2014-03-15T02:59:28.890Z,13.7669,57.1116,10,5.2,mb,,49,3.286,0.68,us,usc000nc7i,2025-12-22T16:48:52.891Z,"Owen Fracture Zone region",earthquake,,1.6,0.048,158,reviewed,us,us
2014-03-15T02:20:56.800Z,39.2276,49.1078,39.46,4,mb,,186,3.492,0.93,us,usc000nc77,2014-05-16T21:51:41.000Z,"15 km SW of Sovetabad, Azerbaijan",earthquake,,8.3,0.183,13,reviewed,us,us
2014-03-15T02:01:32.110Z,16.2456,-98.4525,14.19,4.5,mb,,171,1.314,0.61,us,usc000nc6y,2014-05-16T21:51:41.000Z,"10 km S of Santiago Tepextla, Mexico",earthquake,,6.1,0.037,232,reviewed,us,us
2014-03-15T01:57:15.390Z,51.522,-178.191,24.3,3,ml,,,,0.42,us,usc000ncjk,2023-07-20T16:59:55.214Z,"114 km WSW of Adak, Alaska",earthquake,,8.1,,16,reviewed,ak,ak
2014-03-15T01:52:45.690Z,37.6261667,-119.357,11.112,2.56,md,50,62,0.2198,0.05,nc,nc72185336,2017-02-03T10:11:47.320Z,"23 km ESE of Yosemite Valley, California",earthquake,0.28,0.84,0.233,72,reviewed,nc,nc
2014-03-15T01:19:58.520Z,19.0725,145.7148,146.61,4.2,mb,,133,5.512,0.75,us,usc000nnyd,2014-05-16T21:51:41.000Z,"Maug Islands region, Northern Mariana Islands",earthquake,,6,0.372,6,reviewed,us,us
2014-03-15T01:12:05.060Z,19.4938333,-155.7938333,8.898,2.52,ml,38,70,,0.13,hv,hv60656216,2020-07-06T20:39:56.620Z,"8 km ENE of Honaunau-Napoopoo, Hawaii",earthquake,0.34,0.35,0.159,17,reviewed,hv,hv
2014-03-15T00:58:24.660Z,41.8501,49.1136,40.48,4,mb,,54,3.273,0.76,us,usc000nc5u,2014-05-16T21:51:41.000Z,"43 km NE of Xudat, Azerbaijan",earthquake,,7,0.096,31,reviewed,us,us
2014-03-15T00:53:07.000Z,-36.191,-73.574,32.9,4.1,mb,,,,2.25,us,usc000nnyc,2014-05-16T21:51:41.000Z,"72 km NW of Talcahuano, Chile",earthquake,,6,0.262,4,reviewed,guc,us
2014-03-15T00:37:47.100Z,36.6377,-97.6706,2.769,2.9,ml,,98,,0.78,us,usc000nc51,2014-05-16T21:51:41.000Z,"8 km N of Hunter, Oklahoma",earthquake,,7.5,,,reviewed,tul,tul
2014-03-15T00:17:17.000Z,18.2331,-67.1122,121,2.9,Md,9,180,0.06198375,0.27,pr,pr14074000,2014-05-16T21:51:41.000Z,"4 km NE of Mayagüez, Puerto Rico",earthquake,2.4,1.4,0,8,reviewed,pr,pr
2014-03-15T00:14:43.610Z,-4.5063,153.4034,75.12,4.3,mb,,118,21.555,0.63,us,usc000nnyb,2014-05-16T21:51:41.000Z,"127 km E of Kokopo, Papua New Guinea",earthquake,,6.4,0.169,12,reviewed,us,us
2014-03-15T00:10:37.980Z,19.4871667,-155.1268333,11.899,2.54,ml,47,95,,0.1,hv,hv60656191,2020-07-06T20:39:49.570Z,"2 km W of Eden Roc, Hawaii",earthquake,0.34,0.26,0.169,26,reviewed,hv,hv
2014-03-15T00:06:31.990Z,13.6488,120.7079,107.79,4.3,mb,,132,0.502,0.53,us,usc000nnya,2014-05-16T21:51:41.000Z,"17 km W of Tingloy, Philippines",earthquake,,6.6,0.104,29,reviewed,us,us
2014-03-14T23:48:11.490Z,36.9569,-104.8055,5,2.7,ml,,83,0.364,1.08,us,usc000nc3v,2014-04-15T00:28:41.000Z,"19 km SSW of Segundo, Colorado",earthquake,,2,0.045,66,reviewed,us,us
2014-03-14T23:38:39.220Z,53.0167,170.8828,29.6,4.4,mb,,117,1.972,0.57,us,usc000nc3r,2014-05-16T21:51:41.000Z,"156 km W of Attu Station, Alaska",earthquake,,5.5,0.064,75,reviewed,us,us
2014-03-14T23:26:36.140Z,10.2809,-72.8876,127.79,4.7,mb,,24,1.663,0.87,us,usc000nc2t,2025-12-22T16:48:51.998Z,"20 km SE of Manaure Balcón del Cesar, Colombia",earthquake,,5.1,0.033,282,reviewed,us,us
2014-03-14T23:10:36.750Z,-55.9699,-27.4316,87.88,4.5,mb,,60,5.464,0.79,us,usc000nny0,2014-05-16T21:51:41.000Z,"South Sandwich Islands region",earthquake,,6.1,0.108,26,reviewed,us,us
2014-03-14T22:49:56.340Z,-23.3067,-175.1823,10,4.9,mb,,46,6.406,0.89,us,usc000nc1r,2025-12-22T17:20:49.899Z,"219 km S of ‘Ohonua, Tonga",earthquake,,1.7,0.052,135,reviewed,us,us
2014-03-14T21:50:56.150Z,33.8008,-4.1299,18.26,4.2,mb,,126,1.061,1.06,us,usc000nnp4,2014-05-16T21:51:41.000Z,"15 km SW of Tmourghout, Morocco",earthquake,,6.4,0.152,12,reviewed,us,us
2014-03-14T21:48:44.460Z,-6.3797,154.858,99.63,4.1,mb,,93,5.886,0.38,us,usc000nnxz,2014-05-16T21:51:41.000Z,"69 km W of Panguna, Papua New Guinea",earthquake,,7.7,0.151,12,reviewed,us,us
2014-03-14T21:42:27.000Z,-37.237,-72.787,40.5,4.3,mb,,,,0.99,us,usc000nny2,2014-05-16T21:51:41.000Z,"8 km NW of Laja, Chile",earthquake,,6,0.217,7,reviewed,guc,us
2014-03-14T21:06:42.500Z,36.161,-96.983,6.3,2.8,ml,,,,0.71,us,usc000nbyc,2022-08-06T22:22:49.076Z,"8 km NE of Stillwater, Oklahoma",earthquake,,6.8,,,reviewed,tul,tul
2014-03-14T21:05:47.120Z,12.6173,-90.5422,17.82,4.2,mb,,205,1.661,0.77,us,usc000nnxx,2014-05-16T21:51:41.000Z,"132 km SW of Acajutla, El Salvador",earthquake,,9,0.237,5,reviewed,us,us
2014-03-14T20:53:53.710Z,-2.0488,-79.6126,96.28,4.9,mb,,42,2.55,0.9,us,usc000nbua,2022-07-26T09:34:17.489Z,"9 km NNW of Milagro, Ecuador",earthquake,,4.5,0.031,352,reviewed,us,us
2014-03-14T20:43:36.780Z,47.5141667,-122.7773333,21.543,2.56,ml,40,42,0.01306,0.2,uw,uw60718901,2022-07-26T09:33:18.426Z,"5 km WSW of Gorst, Washington",earthquake,0.33,0.44,0.2,73,reviewed,uw,uw
2014-03-14T20:32:09.630Z,-53.5105,25.2378,11.29,5.5,mwb,,33,18.459,0.69,us,usc000nbsx,2022-05-03T16:45:07.067Z,"south of Africa",earthquake,,3,0.098,10,reviewed,us,us
2014-03-14T20:26:19.000Z,52.881,-169.562,4.8,2.8,ml,,,,0.69,us,usc000nnp8,2019-05-14T02:36:01.567Z,"47 km W of Nikolski, Alaska",earthquake,,4.3,,14,reviewed,ak,ak
2014-03-14T20:14:23.800Z,19.0762,-66.4636,32,3.1,Md,18,237.6,0.59827798,0.2,pr,pr14073019,2014-05-16T21:51:40.000Z,"68 km N of Tierras Nuevas Poniente, Puerto Rico",earthquake,0.9,5.3,0,14,reviewed,pr,pr
2014-03-14T20:08:50.900Z,18.9584,-66.4505,44,2.5,Md,4,273.6,0.48419194,0.17,pr,pr14073020,2014-05-16T21:51:40.000Z,"55 km N of Tierras Nuevas Poniente, Puerto Rico",earthquake,2.2,3.3,0,4,reviewed,pr,pr
2014-03-14T19:24:40.610Z,13.0613,-88.4488,82.5,4.6,mb,,121,0.871,1.33,us,usc000nbvl,2014-05-16T21:51:40.000Z,"26 km SSE of Puerto El Triunfo, El Salvador",earthquake,,8.1,0.206,8,reviewed,us,us
2014-03-14T19:20:49.470Z,11.0384,-86.2229,67.41,4.3,mb,,179,1.453,1.36,us,usc000nnxu,2014-05-16T21:51:40.000Z,"45 km WSW of San Juan del Sur, Nicaragua",earthquake,,10.6,0.147,13,reviewed,us,us
2014-03-14T18:49:31.200Z,0.6177,126.5568,41.33,4.6,mb,,58,0.824,1.21,us,usc000nbl1,2014-05-16T21:51:40.000Z,"94 km WSW of Ternate, Indonesia",earthquake,,6.7,0.085,45,reviewed,us,us
2014-03-14T18:27:57.160Z,-56.1932,-25.9759,9.83,4.8,mb,,71,6.31,0.82,us,usc000nnxs,2014-05-16T21:51:40.000Z,"South Sandwich Islands region",earthquake,,4.6,0.131,20,reviewed,us,us
2014-03-14T17:51:55.090Z,-15.7954,-178.9501,546.99,4.6,mb,,160,3.464,0.54,us,usc000nnxq,2014-05-16T21:51:40.000Z,"186 km SSW of Leava, Wallis and Futuna",earthquake,,17.7,0.193,8,reviewed,us,us
2014-03-14T17:49:22.050Z,-0.0344,67.2136,13.45,5,mb,,50,5.804,1.09,us,usc000nbjm,2025-12-22T16:28:20.809Z,"Carlsberg Ridge",earthquake,,3.2,0.048,149,reviewed,us,us
2014-03-14T17:43:28.040Z,-41.245,-91.1608,14.93,4.7,mb,,86,26.362,0.58,us,usc000nny6,2014-05-16T21:51:40.000Z,"southeast of Easter Island",earthquake,,4.3,0.208,7,reviewed,us,us
2014-03-14T17:34:38.500Z,-41.1295,-90.9583,16.01,5,mb,,32,14.94,0.92,us,usc000nbfu,2025-12-22T16:48:51.210Z,"southeast of Easter Island",earthquake,,3.6,0.04,229,reviewed,us,us
2014-03-14T17:05:01.400Z,19.0459,-66.4815,30,2.8,Md,8,259.2,0.56773526,0.14,pr,pr14073017,2014-05-16T21:51:40.000Z,"64 km N of Tierras Nuevas Poniente, Puerto Rico",earthquake,1.1,5.3,0,6,reviewed,pr,pr
2014-03-14T16:32:35.210Z,40.3481667,-124.6103333,19.005,4,mw,49,229,0.2441,0.14,nc,nc72185141,2022-08-06T22:22:01.043Z,"38 km SW of Ferndale, California",earthquake,0.65,0.4,,13,reviewed,nc,nc
2014-03-14T16:28:57.920Z,25.1131,141.6108,513.05,4.9,mb,,31,2.04,0.82,us,usc000nbda,2014-05-16T21:51:40.000Z,"Volcano Islands, Japan region",earthquake,,6,0.034,296,reviewed,us,us
2014-03-14T16:23:46.800Z,-22.0893,-175.0349,19.56,4.6,mb,,124,8.705,0.72,us,usc000nnxl,2014-05-16T21:51:40.000Z,"84 km S of ‘Ohonua, Tonga",earthquake,,4.6,0.172,11,reviewed,us,us
2014-03-14T16:16:33.810Z,40.714,-125.3471667,28.109,2.73,md,22,304,0.8045,0.24,nc,nc72185126,2017-02-03T10:08:18.494Z,"92 km W of Ferndale, California",earthquake,1.65,16.36,0.193,27,reviewed,nc,nc
2014-03-14T16:07:51.810Z,52.1449,174.9806,37.51,4.1,mb,,197,0.795,0.75,us,usc000nnxk,2014-05-16T21:51:40.000Z,"144 km ESE of Attu Station, Alaska",earthquake,,10.1,0.214,6,reviewed,us,us
2014-03-14T16:03:51.170Z,40.5611667,-111.2688333,14.02,3.2,ml,40,61,0.07849,0.16,uu,uu60059347,2022-08-06T22:21:11.129Z,"4 km WSW of Woodland, Utah",earthquake,0.32,0.28,0.157,21,reviewed,uu,uu
2014-03-14T15:31:18.000Z,-19.486,-69.482,95.6,4.5,mb,,,,1.37,us,usc000nbbj,2014-05-16T21:51:40.000Z,"106 km NE of Iquique, Chile",earthquake,,2,0.14,22,reviewed,guc,us
2014-03-14T14:59:43.600Z,35.547,-96.7504,5,2.8,ml,,128,,0.3,us,usc000nc8e,2014-05-16T21:51:40.000Z,"8 km NW of Prague, Oklahoma",earthquake,,4.4,,,reviewed,tul,tul
2014-03-14T14:28:37.350Z,-6.2083,154.4635,48.29,4.3,mb,,69,3.043,0.72,us,usc000nnxf,2014-05-16T21:51:40.000Z,"113 km W of Panguna, Papua New Guinea",earthquake,,5.4,0.177,11,reviewed,us,us
2014-03-14T14:21:50.000Z,51.2299,-177.6418,14.5,2.5,ml,,,,1.13,us,usc000nbff,2023-08-18T16:07:11.723Z,"100 km SW of Adak, Alaska",earthquake,,9.7,,,reviewed,ak,ak
2014-03-14T14:10:55.300Z,19.0104,-66.481,43,2.7,Md,10,266.4,0.53180265,0.37,pr,pr14073016,2014-05-16T21:51:40.000Z,"60 km N of Tierras Nuevas Poniente, Puerto Rico",earthquake,2,5.2,0,9,reviewed,pr,pr
2014-03-14T13:38:06.200Z,7.7631,94.3128,10,5.5,mww,,62,3.631,0.95,us,usc000nb99,2022-05-03T16:45:04.684Z,"235 km NNW of Sabang, Indonesia",earthquake,,1.7,,,reviewed,us,us
2014-03-14T12:54:49.200Z,19.236,-64.8358,13,2.6,Md,3,334.8,0.88573887,0.31,pr,pr14073018,2014-05-16T21:51:40.000Z,"99 km N of Charlotte Amalie, U.S. Virgin Islands",earthquake,15.3,21.8,0,3,reviewed,pr,pr
2014-03-14T12:37:42.500Z,19.0638,-66.4513,27,2.7,Md,11,259.2,0.58839651,0.11,pr,pr14073013,2014-05-16T21:51:40.000Z,"66 km N of Tierras Nuevas Poniente, Puerto Rico",earthquake,0.7,5.4,0,8,reviewed,pr,pr
2014-03-14T12:22:34.000Z,-32.077,-71.549,72.4,4.6,mb,,,,0.83,us,usc000nb7x,2022-07-26T09:32:21.127Z,"51 km NW of La Ligua, Chile",earthquake,,4.6,0.067,81,reviewed,guc,us
2014-03-14T12:03:32.430Z,-29.9933,-178.0548,11.12,4,mb,,176,0.753,0.22,us,usc000nnxe,2014-05-16T21:51:40.000Z,"Kermadec Islands, New Zealand",earthquake,,13,0.212,7,reviewed,us,us
2014-03-14T11:00:40.520Z,14.2898,-93.2188,10,4,mb,,183,1.108,1.06,us,usc000nnxd,2014-05-16T21:51:40.000Z,"98 km WSW of Puerto Madero, Mexico",earthquake,,2,0.368,3,reviewed,us,us
2014-03-14T10:53:34.410Z,45.071,147.0707,165.79,4.5,mb,,131,3.333,0.68,us,usc000nb63,2014-05-16T21:51:40.000Z,"65 km WSW of Kuril’sk, Russia",earthquake,,6.8,0.038,229,reviewed,us,us
2014-03-14T10:40:53.500Z,19.0611,-66.4544,43,2.6,Md,7,266.4,0.58390493,0.5,pr,pr14073012,2014-05-16T21:51:40.000Z,"66 km N of Tierras Nuevas Poniente, Puerto Rico",earthquake,2.7,8.1,0,7,reviewed,pr,pr
2014-03-14T10:28:01.559Z,63.0614,-151.5208,13,2.5,ml,,,,0.74,ak,ak0143cwco9n,2023-07-20T16:57:44.788Z,"54 km S of Denali National Park, Alaska",earthquake,,0.3,,,reviewed,ak,ak
2014-03-14T10:23:09.300Z,19.0461,-66.4619,43,2.7,Md,5,284.4,0.56953189,0.2,pr,pr14073007,2014-05-16T21:51:40.000Z,"64 km N of Tierras Nuevas Poniente, Puerto Rico",earthquake,1.6,3.5,0,5,reviewed,pr,pr
2014-03-14T10:18:37.540Z,1.2385,126.9649,69.89,4,mb,,171,0.613,0.71,us,usc000nnxc,2014-05-16T21:51:40.000Z,"68 km NW of Ternate, Indonesia",earthquake,,11.1,0.195,8,reviewed,us,us
2014-03-14T10:04:28.400Z,19.0662,-66.46,38,2.7,Md,7,284.4,0.58839651,0.37,pr,pr14073011,2014-05-16T21:51:40.000Z,"66 km N of Tierras Nuevas Poniente, Puerto Rico",earthquake,3,8.5,0,5,reviewed,pr,pr
2014-03-14T10:02:53.800Z,19.1068,-66.4568,17,2.9,Md,3,288,0.6288207,0.14,pr,pr14073010,2014-05-16T21:51:40.000Z,"71 km N of Tierras Nuevas Poniente, Puerto Rico",earthquake,3.5,7.5,0,3,reviewed,pr,pr
2014-03-14T10:00:47.600Z,19.0611,-66.489,17,2.7,Md,3,284.4,0.75368652,0.21,pr,pr14073009,2014-05-16T21:51:40.000Z,"66 km N of Tierras Nuevas Poniente, Puerto Rico",earthquake,7.2,13.2,0,2,reviewed,pr,pr
2014-03-14T09:54:35.100Z,19.1193,-66.4675,28,2.8,Md,14,252,0.64139711,0.27,pr,pr14073006,2014-05-16T21:51:40.000Z,"72 km N of Tierras Nuevas Poniente, Puerto Rico",earthquake,1.1,9.3,0,14,reviewed,pr,pr
2014-03-14T09:42:14.270Z,36.1121667,-118.0551667,-0.133,2.55,ml,32,78,0.1623,0.14,ci,ci15475953,2016-03-12T04:13:07.558Z,"12km NW of Coso Junction, CA",earthquake,0.22,0.72,0.128,81,reviewed,ci,ci
2014-03-14T09:36:58.500Z,19.1103,-66.4674,28,2.8,Md,10,262.8,0.63241396,0.18,pr,pr14073005,2014-05-16T21:51:40.000Z,"71 km N of Tierras Nuevas Poniente, Puerto Rico",earthquake,1,7.8,0,9,reviewed,pr,pr
2014-03-14T09:35:33.875Z,59.491,-152.4685,87.8,2.8,ml,,,,0.54,ak,ak0143cvst63,2023-07-20T16:57:41.066Z,"34 km WNW of Nanwalek, Alaska",earthquake,,0.3,,,reviewed,ak,ak
2014-03-14T09:31:39.500Z,16.074,-94.127,99.7,4.3,mb,,,,1.2,us,usc000nb48,2014-05-16T21:51:40.000Z,"8 km SSW of La Gloria, Mexico",earthquake,,5,0.051,117,reviewed,unm,us
2014-03-14T08:44:30.504Z,60.0078,-153.2881,158,2.6,ml,,,,0.7,ak,ak0143cv9aqy,2023-07-20T16:57:31.048Z,"51 km ENE of Pedro Bay, Alaska",earthquake,,0.3,,,reviewed,ak,ak
2014-03-14T08:21:54.630Z,52.3202,159.5989,60.98,4.2,mb,,132,0.911,1.1,us,usc000nnxa,2014-05-16T21:51:40.000Z,"102 km SE of Petropavlovsk-Kamchatsky, Russia",earthquake,,4.1,0.215,8,reviewed,us,us
2014-03-14T08:15:11.710Z,39.3697,72.612,53.87,4.6,mb,,48,1.544,1,us,usc000nb2n,2014-05-16T21:51:40.000Z,"36 km SE of Kyzyl-Eshme, Kyrgyzstan",earthquake,,5.8,0.105,31,reviewed,us,us
2014-03-14T06:56:03.920Z,-14.2016,-73.9728,75.87,4.7,mb,,88,3.557,0.79,us,usc000nb1n,2014-05-16T21:51:40.000Z,"9 km WSW of Huacaña, Peru",earthquake,,5.6,0.051,142,reviewed,us,us
2014-03-14T06:52:09.800Z,-34.0258,-178.608,35,4.5,mb,,197,4.328,1.32,us,usc000nny8,2014-05-16T21:51:40.000Z,"south of the Kermadec Islands",earthquake,,2,0.204,8,reviewed,us,us
2014-03-14T05:54:17.850Z,55.0046,160.3662,147.24,4.2,mb,,86,2.228,0.78,us,usc000nnx9,2014-05-16T21:51:40.000Z,"81 km SE of Atlasovo, Russia",earthquake,,7.2,0.082,49,reviewed,us,us
2014-03-14T05:47:52.200Z,18.2003,-66.4432,86,2.6,Md,8,154.8,0.22008724,0.31,pr,pr14073002,2014-05-16T21:51:40.000Z,"6 km WSW of Orocovis, Puerto Rico",earthquake,2.6,1.7,0,8,reviewed,pr,pr
2014-03-14T05:46:37.900Z,-3.0687,129.9345,45.67,4.1,mb,,60,2.316,1.07,us,usc000nb0y,2014-05-16T21:51:40.000Z,"116 km ENE of Amahai, Indonesia",earthquake,,9.3,0.175,11,reviewed,us,us
2014-03-14T05:07:16.110Z,63.0687,-151.522,11.7,2.5,ml,,,,0.79,ak,ak0143ct91bv,2023-08-18T16:07:08.127Z,"53 km S of Denali National Park, Alaska",earthquake,,0.2,,,reviewed,ak,ak
2014-03-14T04:55:37.031Z,63.0591,-151.5412,13.9,2.5,ml,,,,0.68,ak,ak0143csxxpj,2023-07-20T16:56:30.784Z,"54 km S of Denali National Park, Alaska",earthquake,,0.2,,,reviewed,ak,ak
2014-03-14T04:51:24.000Z,3.0819,127.0612,35.57,4.5,mb,,136,2.314,0.83,us,usc000nb03,2014-05-16T21:51:39.000Z,"183 km NW of Tobelo, Indonesia",earthquake,,7.8,0.171,14,reviewed,us,us
2014-03-14T04:39:06.600Z,2.7828,128.1199,145.42,4.5,mb,,114,2.134,0.75,us,usc000nazw,2014-05-16T21:51:39.000Z,"117 km N of Tobelo, Indonesia",earthquake,,4.6,0.113,29,reviewed,us,us
2014-03-14T04:19:24.260Z,35.951,-97.395,3.6,2.6,ml,,,,0.44,us,usc000nc7e,2014-05-16T21:51:39.000Z,"8 km NNE of Guthrie, Oklahoma",earthquake,,4.7,,,reviewed,tul,tul
2014-03-14T03:29:01.280Z,-2.9935,129.9469,34.56,4.2,mb,,89,2.3,0.62,us,usc000nny4,2014-05-16T21:51:39.000Z,"120 km ENE of Amahai, Indonesia",earthquake,,7.6,0.374,5,reviewed,us,us
2014-03-14T03:25:52.930Z,50.833,-179.475,85.8,2.5,ml,,,,0.87,us,usc000nkj6,2023-07-20T16:56:14.507Z,"229 km WSW of Adak, Alaska",earthquake,,10.1,,10,reviewed,ak,ak
2014-03-14T03:22:34.170Z,-2.9945,129.73,27.32,5.1,mb,,26,2.516,0.65,us,usc000naz2,2022-05-03T16:45:03.479Z,"97 km ENE of Amahai, Indonesia",earthquake,,3.5,0.058,103,reviewed,us,us
2014-03-14T03:19:14.120Z,-2.9977,129.7917,35,4.2,mb,,98,2.455,0.27,us,usc000nnx5,2014-05-16T21:51:39.000Z,"104 km ENE of Amahai, Indonesia",earthquake,,2,0.215,7,reviewed,us,us
2014-03-14T02:52:42.070Z,62.175,-151.1373,75.3,2.8,ml,,,,0.42,ak,ak0143crqfqn,2023-07-20T16:56:11.935Z,"24 km NNE of Skwentna, Alaska",earthquake,,0.4,,,reviewed,ak,ak
2014-03-14T02:22:14.440Z,36.02,-97.11,4.4,3.1,ml,,,,0.51,us,usc000naye,2022-07-26T09:31:24.209Z,"8 km NW of Perkins, Oklahoma",earthquake,,0.8,,,reviewed,tul,tul
2014-03-14T02:18:07.200Z,18.1599,-67.7356,6,2.9,Md,8,316.8,0.61444765,0.2,pr,pr14073000,2014-05-16T21:51:39.000Z,"54 km WSW of Stella, Puerto Rico",earthquake,2,1.8,0,4,reviewed,pr,pr
2014-03-14T02:16:16.480Z,-23.8824,-175.0207,10,4.1,mb,,122,8.9,1.25,us,usc000nnx3,2014-05-16T21:51:39.000Z,"282 km S of ‘Ohonua, Tonga",earthquake,,1.9,0.521,3,reviewed,us,us
2014-03-14T02:05:50.930Z,3.3395,-82.947,9.68,4.4,mb,,164,5.448,1.49,us,usc000naya,2014-05-16T21:51:39.000Z,"south of Panama",earthquake,,2.6,0.219,9,reviewed,us,us
2014-03-14T01:14:36.915Z,63.8179,-148.9288,116.6,3.3,ml,,,,0.46,ak,ak0143cqwuiz,2023-07-20T16:55:55.226Z,"4 km SSE of Healy, Alaska",earthquake,,0.2,,,reviewed,ak,ak
2014-03-14T00:43:02.820Z,-10.8609,164.8051,57.63,4.4,mb,,178,4.986,0.57,us,usc000nnx2,2014-05-16T21:51:39.000Z,"109 km W of Lata, Solomon Islands",earthquake,,11.6,0.138,16,reviewed,us,us
2014-03-13T23:51:34.647Z,61.035,-152.3753,111.8,2.5,ml,,,,0.51,ak,ak0143bgoyns,2023-07-20T16:55:46.774Z,"66 km W of Tyonek, Alaska",earthquake,,0.3,,,reviewed,ak,ak
2014-03-13T23:47:26.610Z,-13.2102,167.4435,35,4.5,mb,,75,8.25,1.03,us,usc000nnwp,2014-05-16T21:51:39.000Z,"74 km N of Sola, Vanuatu",earthquake,,3.1,0.163,11,reviewed,us,us
2014-03-13T23:43:07.820Z,-23.5519,-176.7392,113.2,4.5,mb,,123,7.559,0.9,us,usc000naw1,2014-05-16T21:51:39.000Z,"south of the Fiji Islands",earthquake,,7.2,0.064,81,reviewed,us,us
2014-03-13T23:27:46.290Z,40.5415,-125.3041667,22.142,2.9,mh,44,296,0.7396,0.32,nc,nc72184591,2017-02-03T09:58:26.278Z,"88 km W of Ferndale, California",earthquake,8.01,19.69,,0,reviewed,nc,nc
2014-03-13T23:25:27.870Z,19.9873333,-155.8758333,9.842,3.51,ml,52,134,,0.11,hv,hv60655561,2022-07-26T09:30:28.960Z,"4 km WNW of Puako, Hawaii",earthquake,0.84,0.47,0.205,42,reviewed,hv,hv
2014-03-13T23:13:47.900Z,19.1884,-66.8506,11,3.2,Md,15,288,0.7581781,0.28,pr,pr14072004,2014-05-16T21:51:39.000Z,"77 km N of Hatillo, Puerto Rico",earthquake,6.3,9,0,13,reviewed,pr,pr
2014-03-13T23:12:55.490Z,26.8934,140.1225,521.36,4.8,mb,,30,1.85,0.88,us,usc000nav7,2014-05-16T21:51:39.000Z,"Bonin Islands, Japan region",earthquake,,5.3,0.037,233,reviewed,us,us
2014-03-13T22:32:09.440Z,-17.7905,-178.5786,553.24,4.5,mb,,80,3.21,0.81,us,usc000natm,2014-05-16T21:51:39.000Z,"Fiji region",earthquake,,6.4,0.037,244,reviewed,us,us
2014-03-13T22:09:53.130Z,53.1342,159.9963,72.5,4.2,mb,,87,0.819,0.8,us,usc000nnwq,2014-05-16T21:51:39.000Z,"90 km E of Petropavlovsk-Kamchatsky, Russia",earthquake,,7.9,0.11,26,reviewed,us,us
2014-03-13T21:18:45.410Z,-14.3659,-75.8071,52.02,4.2,ml,,168,2.57,1.14,us,usc000nnwl,2014-05-16T21:51:39.000Z,"22 km SSW of Santiago, Peru",earthquake,,13.4,,,reviewed,us,lim
2014-03-13T20:48:42.676Z,59.922,-152.7889,91.6,2.5,ml,,,,0.6,ak,ak0143bew1bf,2023-07-20T16:55:40.713Z,"56 km WNW of Anchor Point, Alaska",earthquake,,0.1,,,reviewed,ak,ak
2014-03-13T20:16:00.800Z,17.9962,-67.1484,17,2.5,Md,13,216,0.03862756,0.25,pr,pr14072003,2014-05-16T21:51:39.000Z,"4 km SSE of Boquerón, Puerto Rico",earthquake,1,0.4,0,10,reviewed,pr,pr
2014-03-13T19:17:24.210Z,-7.6415,112.2543,184.19,4.5,mb,,31,1.736,0.88,us,usc000nahz,2014-05-16T21:51:39.000Z,"4 km N of Ngoro, Indonesia",earthquake,,5.2,0.078,54,reviewed,us,us
2014-03-13T19:13:16.650Z,41.846,-126.88,10.16,4.6,mb,,88,2.01,1.02,us,usc000nnwk,2014-05-16T21:51:39.000Z,"211 km WSW of Pistol River, Oregon",earthquake,,4.2,0.097,36,reviewed,us,us
2014-03-13T19:11:34.640Z,41.9039,-126.8982,10,5.5,mww,,63,2.013,1.14,us,usc000nah5,2025-12-22T16:48:50.591Z,"211 km WSW of Pistol River, Oregon",earthquake,,1.8,,,reviewed,us,us
2014-03-13T18:56:47.910Z,-20.0786,-177.893,477.31,4.4,mb,,160,7.576,0.95,us,usc000nagu,2014-05-16T21:51:39.000Z,"Fiji region",earthquake,,9.4,0.072,63,reviewed,us,us
2014-03-13T18:49:54.190Z,-16.6376,167.1833,25.71,4.6,mb,,140,5.45,1.46,us,usc000nnwj,2014-05-16T21:51:39.000Z,"64 km SSW of Lakatoro, Vanuatu",earthquake,,5.7,0.165,12,reviewed,us,us
2014-03-13T18:47:36.020Z,40.3333333,-124.5996667,20.065,2.57,md,34,232,0.2414,0.15,nc,nc72184436,2017-02-03T09:55:37.420Z,"39 km SW of Ferndale, California",earthquake,1.13,0.35,0.124,35,reviewed,nc,nc
2014-03-13T18:45:11.970Z,12.5783,143.8523,63.79,4.7,mb,,107,1.41,0.64,us,usc000nagb,2014-05-16T21:51:39.000Z,"116 km SW of Merizo Village, Guam",earthquake,,8.1,0.091,39,reviewed,us,us
2014-03-13T18:06:41.910Z,43.775,-105.2574,0,3.2,ml,,51,0.947,0.99,us,usc000nnwg,2014-05-16T21:51:39.000Z,"19 km E of Wright, Wyoming",mining explosion,,2,0.056,59,reviewed,us,us
2014-03-13T17:31:59.000Z,45.75,14.85,2,4.4,mb,,39,0.79,0.95,us,usc000nacg,2014-05-16T21:51:39.000Z,"9 km E of Ribnica, Slovenia",earthquake,,3.6,0.112,27,reviewed,zamg,us
2014-03-13T17:12:32.460Z,-60.7641,-19.6945,10,5.3,mb,,86,11.098,0.9,us,usc000nac6,2022-05-03T16:45:02.317Z,"east of the South Sandwich Islands",earthquake,,1.7,0.095,42,reviewed,us,us
2014-03-13T17:06:50.770Z,33.6842,131.8249,79,6.3,mww,,12,0.969,1.28,us,usc000nabv,2022-07-26T09:28:34.691Z,"32 km SSW of Hikari, Japan",earthquake,,1.8,,,reviewed,us,us
2014-03-13T16:12:32.300Z,36.8809,-97.9838,5,2.5,ml,,239,,0.89,us,usc000nabb,2014-05-16T21:51:39.000Z,"5 km W of Wakita, Oklahoma",earthquake,,2,,,reviewed,tul,tul
2014-03-13T15:41:40.640Z,2.5542,128.9333,23.24,4.4,mb,,112,2.363,0.8,us,usc000nnwf,2014-05-16T21:51:39.000Z,"137 km NE of Tobelo, Indonesia",earthquake,,6.2,0.123,21,reviewed,us,us
2014-03-13T15:07:12.200Z,18.582,-64.9994,23,2.5,Md,5,244.8,0.23356197,0.15,pr,pr14072002,2014-05-16T21:51:39.000Z,"27 km NNW of Charlotte Amalie, U.S. Virgin Islands",earthquake,3,4.1,0,3,reviewed,pr,pr
2014-03-13T14:17:45.190Z,-2.5236,140.0842,41.76,4.2,mb,,86,7.291,0.73,us,usc000na8f,2014-05-16T21:51:39.000Z,"61 km W of Abepura, Indonesia",earthquake,,8.4,0.14,15,reviewed,us,us
2014-03-13T14:08:46.150Z,-19.3036,-177.4241,585.4,4.4,mb,,104,4.562,0.94,us,usc000na89,2014-05-16T21:51:39.000Z,"Fiji region",earthquake,,13.2,0.107,26,reviewed,us,us
2014-03-13T13:24:55.610Z,51.367,-176.649,43.1,3.1,ml,,,,0.42,us,usc000nf19,2023-07-20T16:55:19.466Z,"56 km S of Adak, Alaska",earthquake,,9.3,,18,reviewed,ak,ak
2014-03-13T13:20:59.000Z,51.2085,-179.109,25.8,5.4,mww,,,,1.33,us,usc000na69,2023-07-20T16:55:18.250Z,"186 km WSW of Adak, Alaska",earthquake,,3.5,,,reviewed,ak,us
2014-03-13T13:10:29.850Z,-22.8751,-174.1494,10,4.7,mb,,139,5.463,1.49,us,usc000nnwc,2014-05-16T21:51:39.000Z,"189 km SSE of ‘Ohonua, Tonga",earthquake,,1.8,0.207,8,reviewed,us,us
2014-03-13T12:36:44.200Z,40.4085,-125.3858333,14.612,2.83,md,28,279,0.8018,0.3,nc,nc72184276,2017-02-03T09:53:34.867Z,"96 km WSW of Ferndale, California",earthquake,7.78,9.43,0.128,42,reviewed,nc,nc
2014-03-13T10:48:48.720Z,51.738,-171.869,35.5,2.5,ml,,,,0.69,us,usc000nf1a,2023-07-20T16:55:15.779Z,"168 km ESE of Atka, Alaska",earthquake,,10.1,,11,reviewed,ak,ak
2014-03-13T10:19:03.720Z,51.3579,-178.696,36.6,2.5,ml,,,,0.57,us,usc000nnp0,2019-05-14T02:35:20.965Z,"153 km WSW of Adak, Alaska",earthquake,,10.1,,21,reviewed,ak,ak
2014-03-13T09:23:59.910Z,-48.8824,123.7932,10,4.5,mb,,142,16.682,0.67,us,usc000nnw6,2014-05-16T21:51:39.000Z,"western Indian-Antarctic Ridge",earthquake,,1.9,0.205,7,reviewed,us,us
2014-03-13T09:19:17.000Z,53.8615,-164.1475,26.4,3.8,mb,,,,0.95,us,usc000na3e,2023-07-20T16:55:08.293Z,"111 km ESE of Akutan, Alaska",earthquake,,5.3,0.161,11,reviewed,ak,us
2014-03-13T08:22:17.470Z,13.4953,-90.456,54.7,4.3,mb,,115,1.205,1.49,us,usc000na2f,2014-05-16T21:51:39.000Z,"55 km SSE of Iztapa, Guatemala",earthquake,,7.3,0.057,89,reviewed,us,us
2014-03-13T08:22:04.580Z,-23.3017,-174.9678,10,4.6,mb,,96,6.307,0.67,us,usc000nnw5,2014-05-16T21:51:39.000Z,"217 km S of ‘Ohonua, Tonga",earthquake,,1.9,0.165,12,reviewed,us,us
2014-03-13T08:07:24.990Z,35.049,-97.028,19.4,2.5,ml,,,,0.45,us,usc000na9d,2014-05-16T21:51:39.000Z,"Oklahoma",earthquake,,4.5,,,reviewed,tul,tul
2014-03-13T07:55:42.630Z,-45.6173,-77.2628,14.23,4.4,mb,,162,3.594,0.87,us,usc000nnw4,2014-05-16T21:51:39.000Z,"Off the coast of Aisen, Chile",earthquake,,5.4,0.18,9,reviewed,us,us
2014-03-13T07:34:13.600Z,-23.2888,-175.1579,10,4.6,mb,,130,6.432,1.36,us,usc000nnwb,2014-05-16T21:51:39.000Z,"217 km S of ‘Ohonua, Tonga",earthquake,,1.9,0.172,11,reviewed,us,us
2014-03-13T06:36:25.400Z,18.974,-65.3544,42,2.8,Md,18,234,0.66565163,0.23,pr,pr14072000,2014-05-16T21:51:39.000Z,"74 km N of Culebra, Puerto Rico",earthquake,1.6,4.9,0,13,reviewed,pr,pr
2014-03-13T06:09:22.280Z,-23.2818,-175.307,10,5.1,mb,,123,6.387,0.81,us,usc000na1d,2025-12-22T16:53:58.982Z,"218 km S of ‘Ohonua, Tonga",earthquake,,1.8,0.08,61,reviewed,us,us
2014-03-13T05:45:22.270Z,12.6315,-87.7074,80.63,4.6,mb,,132,0.372,0.97,us,usc000na10,2014-05-16T21:51:39.000Z,"30 km WSW of Jiquilillo, Nicaragua",earthquake,,4.4,0.037,244,reviewed,us,us
2014-03-13T05:30:12.080Z,-22.2096,-177.5258,332.63,4.4,mb,,107,6.083,1.45,us,usc000nnvy,2014-05-16T21:51:39.000Z,"266 km WSW of Haveluloto, Tonga",earthquake,,8.4,0.106,26,reviewed,us,us
2014-03-13T05:12:42.890Z,33.9388333,-120.204,1.738,2.7,ml,14,170,0.1575,0.17,ci,ci15475489,2022-07-26T09:29:31.141Z,"9km W of Santa Rosa Is., CA",earthquake,0.63,1.63,0.114,56,reviewed,ci,ci
2014-03-13T05:05:45.300Z,18.7716,-64.911,33,2.5,Md,11,237.6,0.41951324,0.27,pr,pr14072001,2014-05-16T21:51:39.000Z,"47 km N of Charlotte Amalie, U.S. Virgin Islands",earthquake,2.4,5.7,0,11,reviewed,pr,pr
2014-03-13T04:52:54.640Z,44.2654,-129.0971,10,3.6,mb,,224,4.161,0.74,us,usc000nnw3,2014-05-16T21:51:38.000Z,"off the coast of Oregon",earthquake,,2,0.223,5,reviewed,us,us
2014-03-13T02:48:28.400Z,36.29,-97.124,10.1,2.7,ml,,,,0.39,us,usc000naqn,2014-05-16T21:51:38.000Z,"10 km W of Morrison, Oklahoma",earthquake,,0.7,,,reviewed,tul,tul
2014-03-13T02:48:27.150Z,-38.0548,175.8311,311.61,3.7,mb,,106,0.893,0.84,us,usc000n9xu,2014-05-16T21:51:38.000Z,"North Island of New Zealand",earthquake,,8.3,0.168,9,reviewed,us,us
2014-03-13T02:47:54.900Z,15.838,-98.6889,5.6,4.1,mb,,,,0.94,us,usc000nnvw,2014-05-16T21:51:38.000Z,"61 km SSW of Santiago Tepextla, Mexico",earthquake,,6.8,0.234,7,reviewed,unm,us
2014-03-13T02:42:03.530Z,35.738,-97.165,4.83,2.5,ml,,,,0.58,us,usc000napx,2014-05-16T21:51:38.000Z,"4 km WSW of Fallis, Oklahoma",earthquake,,2.4,,,reviewed,tul,tul
2014-03-13T02:28:10.800Z,1.9374,96.6002,27.91,4.5,mb,,191,2.44,0.55,us,usc000n9xn,2014-05-16T21:51:38.000Z,"64 km SSE of Sinabang, Indonesia",earthquake,,6.7,0.164,14,reviewed,us,us
2014-03-13T02:26:29.530Z,36.1096667,-118.055,-0.803,2.95,ml,36,72,0.1623,0.16,ci,ci15475385,2016-03-11T05:58:26.098Z,"12km NW of Coso Junction, CA",earthquake,0.23,0.74,0.135,137,reviewed,ci,ci
2014-03-13T02:14:18.780Z,36.1166667,-118.0521667,-0.373,2.61,ml,28,77,0.1598,0.13,ci,ci15475345,2016-03-12T02:21:01.724Z,"12km NW of Coso Junction, CA",earthquake,0.24,0.81,0.137,17,reviewed,ci,ci
2014-03-13T02:11:04.030Z,36.1116667,-118.055,-1.316,4.39,mw,42,70,0.1351,0.15,ci,ci15475329,2022-08-06T22:19:30.404Z,"12km NW of Coso Junction, CA",earthquake,0.2,0.49,,6,reviewed,ci,ci
2014-03-13T02:02:47.550Z,34.677,-120.8893333,12.656,2.82,ml,15,233,0.3424,0.26,ci,ci15475321,2016-03-11T07:45:29.949Z,"35km WSW of Vandenberg Air Force Base, CA",earthquake,1.1,1.74,0.153,50,reviewed,ci,ci
2014-03-13T01:21:03.700Z,15.909,-98.668,19.8,4.9,mb,,,,0.63,us,usc000n9w3,2022-07-26T09:27:29.222Z,"53 km SSW of Santiago Tepextla, Mexico",earthquake,,4.2,0.039,231,reviewed,unm,us
2014-03-13T01:20:37.850Z,-17.0879,-173.9827,35,4.5,mb,,69,3.808,0.57,us,usc000n9we,2014-05-16T21:51:38.000Z,"127 km S of Hihifo, Tonga",earthquake,,1.9,0.09,45,reviewed,us,us
2014-03-13T01:13:37.490Z,-23.2964,-174.8104,10,4.7,mb,,153,6.195,0.91,us,usc000nnvz,2025-12-22T16:53:58.330Z,"217 km S of ‘Ohonua, Tonga",earthquake,,1.9,0.129,19,reviewed,us,us
2014-03-13T01:04:18.070Z,-22.694,-174.9662,10,4.8,mb,,107,5.928,0.68,us,usc000nnvu,2014-05-16T21:51:38.000Z,"150 km S of ‘Ohonua, Tonga",earthquake,,1.8,0.116,24,reviewed,us,us
2014-03-13T00:22:18.820Z,52.13,-171.125,41.5,3.1,ml,,,,0.45,us,usc000nac4,2023-07-20T16:54:24.865Z,"Fox Islands, Aleutian Islands, Alaska",earthquake,,10.1,,15,reviewed,ak,ak
2014-03-13T00:16:54.200Z,37.2231,-97.8679,5,2.7,mb_lg,,46,0.723,1.08,us,usc000n9v7,2014-05-16T21:51:38.000Z,"2 km NNW of Freeport, Kansas",earthquake,,1.4,0.085,38,reviewed,us,us
2014-03-12T23:06:53.240Z,51.21,-178.672,31.3,3.2,ml,,,,1.03,us,usc000n9uw,2023-07-20T16:54:21.049Z,"159 km WSW of Adak, Alaska",earthquake,,7.8,,19,reviewed,ak,ak
2014-03-12T22:40:05.600Z,18.9813,-67.5022,10,2.8,Md,6,331.2,0.63151564,0.37,pr,pr14071010,2014-05-16T21:51:38.000Z,"68 km NW of San Antonio, Puerto Rico",earthquake,3.7,5.8,0,1,reviewed,pr,pr
2014-03-12T22:35:54.640Z,31.0351,131.4596,50.75,4.6,mb,,131,2.141,0.96,us,usc000n9ty,2014-05-16T21:51:38.000Z,"54 km SSE of Kushima, Japan",earthquake,,7,0.098,34,reviewed,us,us
2014-03-12T22:27:44.860Z,16.0949,147.8909,10,4.2,mb,,103,3.84,0.86,us,usc000nnvj,2014-05-16T21:51:38.000Z,"Mariana Islands region",earthquake,,1.9,0.526,5,reviewed,us,us
2014-03-12T20:43:32.660Z,-12.2278,44.2996,10,4.8,mb,,66,6.893,1.01,us,usc000n9m9,2021-10-20T17:41:50.322Z,"1 km WNW of Maraharé, Comoros",earthquake,,1.8,0.118,27,reviewed,us,us
2014-03-12T20:21:59.200Z,28.336,57.069,10,4.3,mb,,,,1.5,us,usc000n9kl,2014-05-16T21:51:38.000Z,"107 km SSE of K?h Sef?d, Iran",earthquake,,5.7,0.106,26,reviewed,teh,us
2014-03-12T20:10:31.690Z,-23.1387,-175.2842,10,5,mb,,124,8.233,0.84,us,usc000nnvd,2025-12-22T16:48:49.972Z,"202 km S of ‘Ohonua, Tonga",earthquake,,1.8,0.071,71,reviewed,us,us
2014-03-12T19:35:26.460Z,37.1783,-97.8728,5,3.2,mb_lg,,61,0.678,0.54,us,usc000n9ha,2022-07-26T09:26:28.588Z,"2 km SSW of Freeport, Kansas",earthquake,,2,0.053,102,reviewed,us,us
2014-03-12T19:29:25.530Z,-23.8521,-175.1378,10,4.8,mb,,218,8.8,0.88,us,usc000nnvn,2014-05-16T21:51:38.000Z,"279 km S of ‘Ohonua, Tonga",earthquake,,1.9,0.125,21,reviewed,us,us
2014-03-12T19:25:41.560Z,-23.5928,-175.0857,14.88,5.6,mww,,77,8.664,1.31,us,usc000n9h2,2022-05-03T16:44:54.450Z,"250 km S of ‘Ohonua, Tonga",earthquake,,3.5,,,reviewed,us,us
2014-03-12T19:19:18.300Z,29.3727,67.4259,17.73,4,mb,,151,5.332,0.65,us,usc000nnva,2014-05-16T21:51:38.000Z,"24 km WSW of Dadhar, Pakistan",earthquake,,6.6,0.299,3,reviewed,us,us
2014-03-12T19:13:31.180Z,37.0673,144.454,43.17,4.7,mb,,71,5.038,0.74,us,usc000n9gm,2014-05-16T21:51:38.000Z,"off the east coast of Honshu, Japan",earthquake,,5.6,0.046,166,reviewed,us,us
2014-03-12T18:18:41.070Z,52.1421,153.0928,422.76,4.8,mb,,100,2.969,0.67,us,usc000n9c7,2025-12-22T16:48:49.269Z,"245 km WNW of Ozernovskiy, Russia",earthquake,,6,0.028,434,reviewed,us,us
2014-03-12T18:15:11.360Z,-49.32,69.5469,19.64,4.9,mb,,53,0.435,0.77,us,usc000n9cg,2014-05-16T21:51:38.000Z,"48 km W of Port-aux-Français, French Southern Territories",earthquake,,2.8,0.126,23,reviewed,us,us
2014-03-12T18:12:37.610Z,1.8255,126.732,62.79,4.1,mb,,181,1.223,0.43,us,usc000nnv9,2014-05-16T21:51:38.000Z,"135 km NNW of Ternate, Indonesia",earthquake,,13.7,0.185,8,reviewed,us,us
2014-03-12T18:09:38.570Z,36.634,-97.678,5,2.5,ml,,,,0.63,us,usc000n9d2,2014-05-16T21:51:38.000Z,"7 km N of Hunter, Oklahoma",earthquake,,7,,,reviewed,tul,tul
2014-03-12T18:09:32.680Z,43.7387,-105.278,0,3.5,ml,,24,0.975,0.48,us,usc000n9bw,2014-05-16T21:51:38.000Z,"17 km E of Wright, Wyoming",mining explosion,,1.9,0.059,58,reviewed,us,us
2014-03-12T18:04:03.000Z,50.4172,-175.1123,25.6,2.5,ml,,291,,0.47,us,usc000nc55,2023-07-20T16:53:51.703Z,"193 km SSE of Adak, Alaska",earthquake,,10.1,,,reviewed,ak,ak
2014-03-12T18:00:04.570Z,37.1945,-97.8674,5,2.9,mb_lg,,73,0.694,0.36,us,usc000n9fa,2014-05-16T21:51:38.000Z,"1 km WSW of Freeport, Kansas",earthquake,,2,0.068,63,reviewed,us,us
2014-03-12T17:55:43.370Z,35.7863,82.3465,10,4.5,mb,,93,7.344,0.92,us,usc000n9b3,2014-05-16T21:51:38.000Z,"261 km SE of Hotan, China",earthquake,,1.9,0.118,24,reviewed,us,us
2014-03-12T17:54:03.140Z,-49.2975,69.6212,19.39,4.5,mb,,88,0.389,1.06,us,usc000nnv8,2014-05-16T21:51:38.000Z,"43 km W of Port-aux-Français, French Southern Territories",earthquake,,4.6,0.204,8,reviewed,us,us
2014-03-12T17:48:20.311Z,64.2067,-150.9972,10.2,2.5,ml,,,,0.67,ak,ak01439pkca7,2023-07-20T16:53:50.569Z,"73 km ENE of Lake Minchumina, Alaska",earthquake,,0.2,,,reviewed,ak,ak
2014-03-12T17:45:51.400Z,19.2185,-66.9496,3,3,Md,5,277.2,0.76177136,0.43,pr,pr14071009,2014-05-16T21:51:38.000Z,"79 km N of Isabela, Puerto Rico",earthquake,5.2,5,0,5,reviewed,pr,pr
2014-03-12T17:36:10.310Z,-28.7507,-71.4221,10,4.6,mb,,114,0.684,1.36,us,usc000nnvk,2014-05-16T21:51:38.000Z,"67 km WSW of Vallenar, Chile",earthquake,,1.6,0.315,5,reviewed,us,us
2014-03-12T17:26:48.720Z,36.284,-97.125,5,2.5,ml,,,,0.86,us,usc000n99t,2014-05-16T21:51:38.000Z,"10 km W of Morrison, Oklahoma",earthquake,,1.6,,,reviewed,tul,tul
2014-03-12T17:13:29.660Z,13.3958,-90.9787,49.62,4.3,mb,,181,1.318,1.15,us,usc000n98k,2014-05-16T21:51:38.000Z,"61 km SSW of Puerto San José, Guatemala",earthquake,,9.7,0.188,9,reviewed,us,us
2014-03-12T17:00:40.930Z,-18.0728,-66.9227,276.35,4.5,mb,,113,2.117,0.71,us,usc000nnv6,2014-05-16T21:51:38.000Z,"15 km NE of Machacamarca, Bolivia",earthquake,,4.7,0.54,2,reviewed,us,us
2014-03-12T16:42:13.400Z,18.4775,-66.6179,87,2.6,Md,12,180,0.08354332,0.18,pr,pr14071006,2014-05-16T21:51:38.000Z,"3 km NNE of Animas, Puerto Rico",earthquake,1,0.6,0,8,reviewed,pr,pr
2014-03-12T16:29:27.000Z,36.2914,-97.1196,5,2.5,ml,,111,,0.37,us,usc000n999,2014-05-16T21:51:38.000Z,"10 km W of Morrison, Oklahoma",earthquake,,2,,,reviewed,tul,tul
2014-03-12T16:22:04.599Z,60.4201,-147.3942,7.8,2.5,ml,,,,0.71,ak,ak01439otauj,2023-07-20T16:53:41.112Z,"52 km NE of Chenega, Alaska",earthquake,,0.7,,,reviewed,ak,ak
2014-03-12T16:03:54.800Z,18.8155,-67.4998,8,2.6,Md,8,216,0.42849639,0.37,pr,pr14071007,2014-05-16T21:51:38.000Z,"55 km NW of San Antonio, Puerto Rico",earthquake,1.3,1,0,8,reviewed,pr,pr
2014-03-12T16:00:01.420Z,-4.9533,137.0251,70.63,4.1,mb,,122,5.175,1.19,us,usc000nnvg,2014-05-16T21:51:38.000Z,"244 km SE of Nabire, Indonesia",earthquake,,11.2,0.234,5,reviewed,us,us
2014-03-12T15:34:20.420Z,52.575,-166.858,16.6,2.5,ml,,,,0.25,us,usc000n9i7,2023-07-20T16:53:29.783Z,"141 km ESE of Nikolski, Alaska",earthquake,,7.8,,16,reviewed,ak,ak
2014-03-12T15:30:48.400Z,37.2535,71.9923,170.05,4,mb,,128,2.188,0.74,us,usc000n956,2014-05-16T21:51:38.000Z,"44 km NW of Khand?d, Afghanistan",earthquake,,15.9,0.3,3,reviewed,us,us
2014-03-12T15:25:58.870Z,-5.1467,152.863,48.3,4.3,mb,,195,1.177,1.22,us,usc000nnv4,2014-05-16T21:51:38.000Z,"110 km SE of Kokopo, Papua New Guinea",earthquake,,8.9,0.239,5,reviewed,us,us
2014-03-12T15:09:38.533Z,56.8308,-152.945,1.2,3.1,ml,,,,0.7,ak,ak01439o55jx,2023-07-20T16:53:27.578Z,"46 km SSE of Old Harbor, Alaska",earthquake,,0.4,,,reviewed,ak,ak
2014-03-12T14:35:19.700Z,35.8125,-96.9392,4.267,2.8,ml,,105,,0.35,us,usc000n93u,2022-07-26T09:24:39.866Z,"6 km E of Carney, Oklahoma",earthquake,,7.8,,,reviewed,tul,tul
2014-03-12T14:10:34.280Z,-26.0272,179.4258,487,4.6,mb,,138,8.34,0.93,us,usc000nnv3,2014-05-16T21:51:38.000Z,"south of the Fiji Islands",earthquake,,9.1,0.114,25,reviewed,us,us
2014-03-12T13:52:13.190Z,17.234,119.4297,7.76,4.7,mb,,114,1.028,0.82,us,usc000nnv2,2014-05-16T21:51:38.000Z,"104 km NNW of Binabalian, Philippines",earthquake,,5.5,0.108,27,reviewed,us,us
2014-03-12T13:21:13.320Z,79.1014,2.9071,10,4.6,mb,,90,1.741,0.75,us,usc000nnv1,2014-05-16T21:51:38.000Z,"295 km WNW of Longyearbyen, Svalbard and Jan Mayen",earthquake,,1.9,0.194,9,reviewed,us,us
2014-03-12T13:14:36.430Z,1.8914,124.1136,324.71,4.5,mb,,76,3.207,0.89,us,usc000nnv5,2014-05-16T21:51:38.000Z,"93 km WNW of Manado, Indonesia",earthquake,,10.6,0.122,23,reviewed,us,us
2014-03-12T12:57:54.090Z,37.2051,-97.8908,6.63,2.6,mb_lg,,132,0.703,0.36,us,usc000n91j,2014-05-16T21:51:38.000Z,"3 km WNW of Freeport, Kansas",earthquake,,4.3,0.086,37,reviewed,us,us
2014-03-12T12:30:45.680Z,36.6088,-97.6624,2.31,2.7,mb_lg,,96,0.278,0.68,us,usc000n90u,2022-07-26T09:23:39.686Z,"5 km N of Hunter, Oklahoma",earthquake,,6.5,0.102,27,reviewed,us,us
2014-03-12T12:09:24.800Z,13.733,-91.491,72.9,4.2,mb,,,,1.44,us,usc000n90d,2014-05-16T21:51:38.000Z,"55 km SSW of Nueva Concepción, Guatemala",earthquake,,8,0.152,14,reviewed,unm,us
2014-03-12T11:54:43.170Z,37.6188333,-119.3593333,11.843,2.62,md,43,108,0.2225,0.06,nc,nc72183466,2022-07-26T09:22:44.214Z,"23 km SE of Yosemite Valley, California",earthquake,0.76,0.82,0.218,40,reviewed,nc,nc
2014-03-12T11:50:45.400Z,19.3932,-67.0682,28,4.3,Md,24,288,0.92077317,0.46,pr,pr14071004,2014-05-16T21:51:39.000Z,"98 km N of Isabela, Puerto Rico",earthquake,1.6,23.8,0,12,reviewed,pr,pr
2014-03-12T11:02:05.500Z,-5.9962,152.0925,10,4.5,mb,,121,1.794,0.99,us,usc000nnuz,2014-05-16T21:51:38.000Z,"183 km S of Kokopo, Papua New Guinea",earthquake,,1.9,0.144,16,reviewed,us,us
2014-03-12T11:01:49.350Z,17.1651,119.4469,34.36,4.6,mb,,110,1.036,0.67,us,usc000n8z7,2014-05-16T21:51:37.000Z,"97 km NNW of Binabalian, Philippines",earthquake,,5.9,0.095,37,reviewed,us,us
2014-03-12T10:45:11.000Z,18.8001,-64.1904,39,2.9,Md,7,324,0.55426053,0.2,pr,pr14071003,2014-05-16T21:51:37.000Z,"82 km NE of Cruz Bay, U.S. Virgin Islands",earthquake,7,6.7,0,7,reviewed,pr,pr
2014-03-12T10:36:55.220Z,-15.2018,-173.0655,10,4.7,mb,,87,1.79,0.75,us,usc000n8vj,2025-12-22T16:28:19.657Z,"114 km NE of Hihifo, Tonga",earthquake,,1.8,0.068,89,reviewed,us,us
2014-03-12T10:01:10.200Z,18.9153,-64.306,6,2.5,Md,5,327.6,0.5758201,0.15,pr,pr14071002,2014-05-16T21:51:37.000Z,"82 km NE of Cruz Bay, U.S. Virgin Islands",earthquake,5.7,4.7,0,4,reviewed,pr,pr
2014-03-12T09:50:25.100Z,37.1966,-97.8858,3.1,3.3,mb_lg,,84,0.695,0.24,us,usc000n8tq,2022-07-26T09:21:49.399Z,"2 km W of Freeport, Kansas",earthquake,,2.1,0.047,127,reviewed,us,us
2014-03-12T09:47:03.960Z,-7.1072,-74.3585,143.79,4.4,mb,,63,4.005,0.94,us,usc000nnuy,2014-05-16T21:51:37.000Z,"76 km ENE of Contamana, Peru",earthquake,,7.6,0.117,23,reviewed,us,us
2014-03-12T09:44:37.130Z,37.637,-118.9138333,5.852,2.72,md,36,42,0.01441,0.03,nc,nc72183436,2017-02-03T09:40:16.180Z,"5 km ESE of Mammoth Lakes, California",earthquake,0.23,0.28,0.209,57,reviewed,nc,nc
2014-03-12T09:35:10.340Z,36.1992,141.5674,35.06,4.2,mb,,144,2.731,0.71,us,usc000nnuw,2014-05-16T21:51:37.000Z,"84 km NE of Hasaki, Japan",earthquake,,10.7,0.152,13,reviewed,us,us
2014-03-12T09:08:07.980Z,40.7465,-125.1916667,17.734,2.99,ml,57,252,0.7036,0.16,nc,nc72183401,2017-02-03T09:39:33.008Z,"80 km WNW of Ferndale, California",earthquake,1.25,2.8,0.107,16,reviewed,nc,nc
2014-03-12T08:51:09.410Z,25.5661,128.623,20.74,4,mb,,139,1.303,0.9,us,usc000nnuv,2014-05-16T21:51:37.000Z,"113 km SE of Katsuren-haebaru, Japan",earthquake,,7.1,0.232,7,reviewed,us,us
2014-03-12T08:43:35.697Z,59.2884,-153.1693,85.9,4.6,ml,,,,0.84,ak,ak01439k6eg1,2023-07-20T16:52:46.040Z,"71 km W of Nanwalek, Alaska",earthquake,,0.4,,,reviewed,ak,ak
2014-03-12T08:35:07.210Z,52.4099,-168.448,12.7,2.9,ml,,,,0.56,us,usc000n9hk,2023-07-20T16:52:43.921Z,"65 km SSE of Nikolski, Alaska",earthquake,,6.5,,20,reviewed,ak,ak
2014-03-12T08:28:47.690Z,37.2108,-97.9049,10.21,2.8,mb_lg,,132,0.707,0.56,us,usc000n8sf,2014-05-16T21:51:37.000Z,"4 km WNW of Freeport, Kansas",earthquake,,0.9,0.085,48,reviewed,us,us
2014-03-12T08:04:04.530Z,-25.4002,178.4321,609.13,4.6,mb,,86,5.014,1.16,us,usc000n8ql,2014-05-16T21:51:37.000Z,"south of the Fiji Islands",earthquake,,9.9,0.112,24,reviewed,us,us
2014-03-12T07:49:38.100Z,40.6535,-125.2478333,23.627,2.91,md,37,298,0.7153,0.19,nc,nc72183356,2017-02-03T09:38:39.795Z,"83 km W of Ferndale, California",earthquake,1.69,12.8,0.136,31,reviewed,nc,nc
2014-03-12T07:38:45.000Z,53.2322,-165.622,37.8,3.5,ml,,,,0.58,us,usc000nc59,2023-07-20T16:52:41.796Z,"93 km SE of Unalaska, Alaska",earthquake,,7.3,,41,reviewed,ak,ak
2014-03-12T07:14:35.140Z,55.216,-160.265,13.3,4,mb,,,,1.15,us,usc000n8p7,2023-07-20T16:52:40.701Z,"20 km SE of Sand Point, Alaska",earthquake,,5.1,0.231,7,reviewed,ak,us
2014-03-12T06:47:10.600Z,18.882,-65.1697,54,3.1,Md,14,230.4,0.56593863,0.3,pr,pr14071000,2014-05-16T21:51:37.000Z,"64 km NNW of Charlotte Amalie, U.S. Virgin Islands",earthquake,2.3,4.1,0,14,reviewed,pr,pr
2014-03-12T06:37:01.410Z,19.0837,146.1492,59.9,4.4,mb,,112,18.742,0.77,us,usc000nnup,2014-05-16T21:51:37.000Z,"Mariana Islands region",earthquake,,7.9,0.203,10,reviewed,us,us
2014-03-12T05:42:08.000Z,53.1625,171.0807,23.47,3.6,ml,,173,1.879,0.55,us,usc000nnun,2014-05-16T21:51:37.000Z,"145 km WNW of Attu Station, Alaska",earthquake,,4.4,0.256,2,reviewed,us,us
2014-03-12T05:30:00.260Z,44.9558333,-126.8966667,4.962,2.57,md,21,265,2.252,6.65,uw,uw60717056,2016-07-22T19:25:59.640Z,"224 km W of Depoe Bay, Oregon",earthquake,47.24,31.61,,1,reviewed,uw,uw
2014-03-12T05:29:28.810Z,44.2169,-129.3943,10,4,mb,,244,3.916,1.14,us,usc000n8m8,2014-05-16T21:51:37.000Z,"off the coast of Oregon",earthquake,,2,0.211,6,reviewed,us,us
2014-03-12T05:29:04.620Z,-6.5615,146.1876,125.34,4.9,mb,,62,2.984,0.99,us,usc000n8m9,2014-05-16T21:51:37.000Z,"46 km SE of Kainantu, Papua New Guinea",earthquake,,4.2,0.064,79,reviewed,us,us
2014-03-12T05:06:48.420Z,-60.855,-20.1336,11.86,4.4,mb,,133,12.821,0.24,us,usc000nnuk,2014-05-16T21:51:37.000Z,"east of the South Sandwich Islands",earthquake,,5.4,0.267,5,reviewed,us,us
2014-03-12T04:24:26.540Z,37.6181667,-119.3593333,11.782,2.5,md,43,115,0.2225,0.05,nc,nc72183216,2017-02-03T09:36:41.740Z,"23 km SE of Yosemite Valley, California",earthquake,0.33,0.74,0.193,54,reviewed,nc,nc
2014-03-12T04:12:07.770Z,40.591,-125.339,23.852,2.97,md,26,271,0.7712,0.25,nc,nc72183201,2022-07-26T10:14:07.463Z,"91 km W of Ferndale, California",earthquake,2.22,18.8,0.107,31,reviewed,nc,nc
2014-03-12T03:42:27.460Z,19.1988333,-155.3281667,42.871,3.34,ml,53,171,,0.12,hv,hv60654236,2022-07-26T09:18:59.359Z,"15 km E of P?hala, Hawaii",earthquake,0.48,0.62,0.165,47,reviewed,hv,hv
2014-03-12T03:41:52.300Z,32.493,48.466,13.2,4.1,mb,,,,0.91,us,usc000n8kw,2014-05-16T21:51:37.000Z,"15 km N of Shahrak-e K?l?r?, Iran",earthquake,,5.3,0.166,12,reviewed,teh,us
2014-03-12T03:39:58.150Z,38.7936667,-122.452,9.151,2.87,ml,92,78,0.01261,0.12,nc,nc72183176,2022-07-26T09:18:02.733Z,"9 km E of Hidden Valley Lake, California",earthquake,0.11,0.27,0.248,40,reviewed,nc,nc
2014-03-12T02:54:56.000Z,61.5171,-140.8051,8.8,2.5,ml,,,,0.85,us,usc000n8kb,2023-07-20T16:52:29.783Z,"Southern Yukon Territory, Canada",earthquake,,3.5,,,reviewed,ak,pgc
2014-03-12T02:36:17.050Z,36.542,-97.061,5,2.7,ml,,,,0.55,us,usc000n951,2022-07-26T13:25:58.460Z,"8 km ESE of Marland, Oklahoma",earthquake,,1,,,reviewed,tul,tul
2014-03-12T02:28:41.280Z,35.494,-97.252,6.5,2.5,ml,,,,0.48,us,usc000n8k3,2022-07-26T09:17:04.502Z,"1 km ESE of Choctaw, Oklahoma",earthquake,,2.2,,,reviewed,tul,tul
2014-03-12T01:56:20.440Z,35.8845,-97.285,4.6,2.5,ml,,,,0.58,us,usc000n8jp,2014-05-16T21:51:37.000Z,"5 km NW of Meridian, Oklahoma",earthquake,,5.9,,,reviewed,tul,tul
2014-03-12T01:45:24.890Z,55.851,-161.226,167.2,3.1,ml,,,,0.22,us,usc000nc4v,2023-07-20T16:52:25.463Z,"Alaska Peninsula",earthquake,,5.4,,20,reviewed,ak,ak
2014-03-12T00:31:44.470Z,44.3113,-129.0809,10,5.1,mb,,119,3.736,0.54,us,usc000n8ii,2025-12-22T16:48:48.504Z,"off the coast of Oregon",earthquake,,1.8,0.032,321,reviewed,us,us
2014-03-12T00:03:57.290Z,-19.3111,-175.7525,174.83,4.6,mb,,69,5.51,0.58,us,usc000n8i8,2014-05-16T21:51:37.000Z,"156 km WNW of Pangai, Tonga",earthquake,,3.5,0.129,30,reviewed,us,us
2014-03-11T23:57:02.000Z,-25.153,-70.236,47.8,4.4,mb,,,,0.94,us,usc000n8i3,2014-05-15T02:24:31.000Z,"37 km NE of Taltal, Chile",earthquake,,4.8,0.179,15,reviewed,guc,us
2014-03-11T23:53:25.280Z,-3.2505,148.8409,14.54,4,mb,,187,1.899,0.44,us,usc000nnu2,2014-05-15T02:24:31.000Z,"220 km SE of Lorengau, Papua New Guinea",earthquake,,6.8,0.365,4,reviewed,us,us
2014-03-11T23:36:20.965Z,61.1455,-150.5674,62,3.2,ml,,,,0.65,ak,ak014385j0vk,2023-07-20T16:52:09.199Z,"25 km NNE of Point Possession, Alaska",earthquake,,0.3,,,reviewed,ak,ak
2014-03-11T23:14:26.890Z,40.5281667,-125.2616667,23.446,2.83,md,21,285,0.7063,0.21,nc,nc72183066,2017-02-03T09:33:19.439Z,"84 km W of Ferndale, California",earthquake,3.17,16,0.18,32,reviewed,nc,nc
2014-03-11T23:06:55.786Z,59.7955,-153.2804,129,3.7,ml,,,,0.7,ak,ak014385co2y,2023-07-20T16:52:06.740Z,"46 km E of Pedro Bay, Alaska",earthquake,,0.3,,,reviewed,ak,ak
2014-03-11T22:23:41.730Z,51.6019,-178.1,3.9,3,ml,,,,1.27,us,usc000n8h0,2023-07-20T16:52:04.154Z,"105 km WSW of Adak, Alaska",earthquake,,7.1,,20,reviewed,ak,ak
2014-03-11T22:03:09.810Z,-3.0856,148.5531,7,6.1,mww,,17,1.574,1.22,us,usc000n8ez,2022-05-03T16:44:53.332Z,"183 km SE of Lorengau, Papua New Guinea",earthquake,,1.7,,,reviewed,us,us
2014-03-11T21:10:15.720Z,44.292,-129.0967,10,3.2,ml,,263,3.739,1.24,us,usc000nntw,2014-05-15T02:24:30.000Z,"off the coast of Oregon",earthquake,,2,0.085,20,reviewed,us,us
2014-03-11T20:23:47.000Z,52.989,-165.887,23.7,2.7,ml,,,,0.3,us,usc000naxl,2023-07-20T16:51:54.266Z,"107 km SSE of Unalaska, Alaska",earthquake,,9.3,,28,reviewed,ak,ak
2014-03-11T20:22:57.880Z,51.3489,-178.236,27.2,2.7,ml,,,,0.19,us,usc000n89w,2023-07-20T16:51:53.191Z,"125 km WSW of Adak, Alaska",earthquake,,8.3,,18,reviewed,ak,ak
2014-03-11T20:12:44.070Z,38.3261,92.7956,14.66,4.6,mb,,70,6.695,1.03,us,usc000n87j,2014-05-15T02:24:29.000Z,"northern Qinghai, China",earthquake,,3.9,0.069,65,reviewed,us,us
2014-03-11T20:04:31.360Z,35.7225,140.1604,58.52,5,mb,,78,1.778,1.05,us,usc000n86p,2022-07-26T09:15:10.780Z,"6 km W of Sakura, Japan",earthquake,,5.9,0.052,122,reviewed,us,us
2014-03-11T19:57:41.150Z,4.2458,123.9551,460.33,4.2,mb,,127,4.849,0.92,us,usc000nntv,2014-05-15T02:24:29.000Z,"205 km SSW of Tambilil, Philippines",earthquake,,10.1,0.128,18,reviewed,us,us
2014-03-11T19:21:41.420Z,40.6455,-125.3065,23.182,3.14,ml,47,255,0.7568,0.22,nc,nc72183006,2017-02-03T09:32:15.079Z,"88 km W of Ferndale, California",earthquake,1.81,10.93,0.116,14,reviewed,nc,nc
2014-03-11T19:07:47.710Z,43.6418,-105.1861,0,3.4,ml,,33,0.959,0.94,us,usc000n81r,2014-05-15T02:24:28.000Z,"27 km ESE of Wright, Wyoming",mining explosion,,2,0.056,62,reviewed,us,us
2014-03-11T18:45:27.970Z,-22.7695,-68.5534,118.14,4.6,mb,,105,0.365,1.01,us,usc000nnua,2014-05-15T02:24:28.000Z,"39 km WNW of San Pedro de Atacama, Chile",earthquake,,2.3,0.206,8,reviewed,us,us
2014-03-11T18:10:23.570Z,52.794,-163.78,36.1,3,ml,,,,0.23,us,usc000naxc,2023-07-20T16:51:46.022Z,"199 km SE of Akutan, Alaska",earthquake,,10.1,,26,reviewed,ak,ak
2014-03-11T17:49:21.460Z,35.952,-97.4,3.7,2.9,ml,,,,1.09,us,usc000n7xy,2022-07-26T09:14:08.922Z,"8 km NNE of Guthrie, Oklahoma",earthquake,,6.7,,,reviewed,tul,tul
2014-03-11T17:42:01.070Z,0.5904,-27.0177,12.94,5.1,mb,,42,10.923,0.96,us,usc000n7y8,2025-12-22T16:48:47.834Z,"central Mid-Atlantic Ridge",earthquake,,2.2,0.064,89,reviewed,us,us
2014-03-11T16:14:53.300Z,18.9055,-65.193,53,2.9,Md,5,252,0.59558303,0.27,pr,pr14070004,2014-05-15T02:24:27.000Z,"67 km N of Culebra, Puerto Rico",earthquake,12.2,17.8,0,3,reviewed,pr,pr
2014-03-11T16:14:21.440Z,19.0023,-65.1968,18,2.9,ml,,,,0.86,us,usc000n7sr,2014-05-15T02:24:27.000Z,"78 km N of Culebra, Puerto Rico",earthquake,,8.1,0.07,27,reviewed,pr,us
2014-03-11T16:13:53.930Z,-20.7398,-178.5745,585.42,4.7,mb,,100,4.361,0.8,us,usc000nntp,2014-05-15T02:24:27.000Z,"Fiji region",earthquake,,8.6,0.08,48,reviewed,us,us
2014-03-11T15:55:42.950Z,22.7396,-11.94,14.79,4,mb,,223,14.554,0.48,us,usc000nntn,2014-05-15T02:24:27.000Z,"54 km E of Zouerate, Mauritania",earthquake,,8.8,0.367,3,reviewed,us,us
2014-03-11T15:27:01.290Z,54.468,-161.515,16.3,2.5,ml,,,,0.43,us,usc000naxg,2023-07-20T16:51:41.375Z,"83 km SE of King Cove, Alaska",earthquake,,7.6,,12,reviewed,ak,ak
2014-03-11T15:20:50.170Z,-4.27,133.6413,10,4.1,mb,,178,1.931,1.27,us,usc000nntm,2014-05-15T02:24:27.000Z,"179 km NNE of Tual, Indonesia",earthquake,,2,0.261,6,reviewed,us,us
2014-03-11T15:11:28.286Z,58.9733,-134.5025,0.8,2.8,ml,,,,0.49,ak,ak014380m7p8,2023-07-20T16:51:38.965Z,"54 km ESE of Mud Bay, Alaska",earthquake,,0.4,,,reviewed,ak,ak
2014-03-11T14:53:05.874Z,56.8431,-153.1777,14.9,2.9,ml,,,,0.58,ak,ak0143809qfv,2023-07-20T16:51:31.211Z,"40 km S of Old Harbor, Alaska",earthquake,,2.6,,,reviewed,ak,ak
2014-03-11T14:36:41.440Z,43.7214,-105.2776,0,3.3,ml,,51,0.982,0.3,us,usc000n7pn,2014-05-15T02:24:26.000Z,"17 km E of Wright, Wyoming",mining explosion,,2,0.056,60,reviewed,us,us
2014-03-11T13:57:03.020Z,5.2485,-72.7971,10,4.7,mb,,56,0.728,0.96,us,usc000n7p5,2022-07-26T09:13:11.493Z,"4 km WNW of Recetor, Colombia",earthquake,,1.8,0.148,17,reviewed,us,us
2014-03-11T12:55:27.710Z,35.89,-97.282,4.89,3.4,mwr,,,,0.56,us,usc000n7mi,2022-08-06T22:18:38.176Z,"6 km NNW of Meridian, Oklahoma",earthquake,,6.8,0.065,23,reviewed,tul,us
2014-03-11T12:52:34.180Z,36.132,-97.433,2.97,2.5,ml,,,,0.59,us,usc000n7tb,2014-05-15T02:24:25.000Z,"5 km WSW of Orlando, Oklahoma",earthquake,,6.6,,,reviewed,tul,tul
2014-03-11T12:50:39.160Z,16.5825,145.0658,423.35,3.9,mb,,137,2.981,0.88,us,usc000nnuc,2014-05-15T02:24:25.000Z,"168 km NNW of Saipan, Northern Mariana Islands",earthquake,,8,0.172,10,reviewed,us,us
2014-03-11T12:40:11.010Z,-20.7353,-178.1551,535.53,4.3,mb,,113,4.656,0.61,us,usc000nntj,2014-05-15T02:24:25.000Z,"Fiji region",earthquake,,12.7,0.142,15,reviewed,us,us
2014-03-11T12:27:05.040Z,34.2111,-4.9098,10.04,4.6,mb,,76,1.412,0.88,us,usc000n7mb,2014-05-15T02:24:25.000Z,"16 km NNE of Fès al Bali, Morocco",earthquake,,1.9,0.064,76,reviewed,us,us
2014-03-11T12:03:06.960Z,14.1959,-93.3912,15.29,4,mb,,200,1.299,1.14,us,usc000n7m5,2014-05-15T02:24:25.000Z,"119 km WSW of Puerto Madero, Mexico",earthquake,,6.4,0.232,5,reviewed,us,us
2014-03-11T11:23:54.090Z,13.6975,92.9178,35,4.8,mb,,56,2.036,1.08,us,usc000n7lq,2014-05-15T02:24:25.000Z,"222 km N of Bamboo Flat, India",earthquake,,1.9,0.071,67,reviewed,us,us
2014-03-11T11:16:27.970Z,-15.3018,168.507,10,4.4,mb,,57,7.011,0.98,us,usc000nntq,2014-05-15T02:24:24.000Z,"145 km NE of Norsup, Vanuatu",earthquake,,1.9,0.155,13,reviewed,us,us
2014-03-11T11:01:13.780Z,-9.227,155.3943,23.42,4.2,mb,,208,16.57,0.36,us,usc000nnth,2014-05-15T02:24:24.000Z,"202 km SW of Gizo, Solomon Islands",earthquake,,8.1,0.167,13,reviewed,us,us
2014-03-11T10:52:55.760Z,14.4725,-93.2983,6.16,4.2,mb,,237,1.089,0.96,us,usc000nntg,2014-05-15T02:24:24.000Z,"98 km WSW of Puerto Madero, Mexico",earthquake,,6,0.305,5,reviewed,us,us
2014-03-11T10:41:21.510Z,13.0273,-89.9215,65.63,4.2,mb,,192,0.938,0.85,us,usc000n7ky,2014-05-15T02:24:24.000Z,"63 km S of Acajutla, El Salvador",earthquake,,5.2,0.098,30,reviewed,us,us
2014-03-11T10:23:33.530Z,38.3944,31.8096,21.88,4.2,mb,,61,1.163,0.67,us,usc000n7k9,2014-05-15T02:24:24.000Z,"15 km NW of Ilg?n, Turkey",earthquake,,7.8,0.214,7,reviewed,us,us
2014-03-11T10:22:01.010Z,54.443,-160.726,4.5,2.7,ml,,,,0.31,us,usc000nax8,2023-07-20T16:51:07.350Z,"100 km S of Sand Point, Alaska",earthquake,,2.5,,13,reviewed,ak,ak
2014-03-11T10:03:08.580Z,35.4768333,-118.2806667,4.26,2.62,ml,41,26,0.1291,0.12,ci,ci15474825,2022-07-26T09:11:13.321Z,"23km ESE of Bodfish, CA",earthquake,0.2,1.98,0.153,123,reviewed,ci,ci
2014-03-11T09:47:02.480Z,40.5721667,-125.2805,17.467,2.83,md,23,295,0.7243,0.2,nc,nc72182791,2017-02-03T09:29:52.502Z,"86 km W of Ferndale, California",earthquake,5.22,6.73,0.162,36,reviewed,nc,nc
2014-03-11T09:25:55.830Z,6.1466,-77.6642,13.97,4.5,mb,,113,2.106,1.02,us,usc000n7iz,2014-05-15T02:24:23.000Z,"near the west coast of Colombia",earthquake,,2.2,0.068,79,reviewed,us,us
2014-03-11T08:47:03.960Z,2.2026,124.5459,277.21,4.1,mb,,94,3.157,0.66,us,usc000nntc,2014-05-15T02:24:23.000Z,"86 km NNW of Manado, Indonesia",earthquake,,10.3,0.127,19,reviewed,us,us
2014-03-11T08:44:38.740Z,16.5584,-99.0276,25.78,4,mb,,135,0.88,0.9,us,usc000n7ia,2014-05-15T02:24:23.000Z,"7 km SW of Copala, Mexico",earthquake,,6.5,0.084,39,reviewed,us,us
2014-03-11T08:37:17.580Z,32.2235,-115.2391667,18.593,2.69,ml,14,229,0.2032,0.24,ci,ci15474817,2016-03-12T06:04:13.840Z,"6km W of Alberto Oviedo Mota, B.C., MX",earthquake,1.1,1.61,0.187,76,reviewed,ci,ci
2014-03-11T08:34:19.698Z,63.288,-151.1823,13.8,2.6,ml,,,,0.68,ak,ak01437wl39t,2023-08-18T16:06:59.010Z,"39 km SE of Denali National Park, Alaska",earthquake,,0.1,,,reviewed,ak,ak
2014-03-11T08:10:38.370Z,58.983,-136.6353,1,2.5,ml,,,,0.94,us,usc000nxci,2014-05-15T02:24:22.000Z,"59 km SW of Covenant Life, Alaska",earthquake,,1.9,,,reviewed,pgc,pgc
2014-03-11T08:08:44.590Z,-15.867,-74.1443,51.14,4.7,mb,,104,4.661,0.88,us,usc000n7hp,2014-05-15T02:24:22.000Z,"20 km WSW of Achanizo, Peru",earthquake,,5.8,0.075,61,reviewed,us,us
2014-03-11T08:05:10.970Z,40.6903333,-125.1853333,10.884,2.9,md,38,280,0.6802,0.21,nc,nc72182771,2017-02-03T09:29:31.976Z,"78 km W of Ferndale, California",earthquake,5.46,6.27,0.156,35,reviewed,nc,nc
2014-03-11T07:22:40.300Z,32.2883,-40.4164,10,4.5,mb,,170,19.578,0.55,us,usc000nnta,2014-05-15T02:24:22.000Z,"northern Mid-Atlantic Ridge",earthquake,,2,0.163,12,reviewed,us,us
2014-03-11T07:05:19.630Z,-11.4101,-12.9728,10,4.6,mb,,92,3.716,0.58,us,usc000nnt9,2014-05-15T02:24:21.000Z,"Ascension Island region",earthquake,,1.9,0.165,13,reviewed,us,us
2014-03-11T06:39:53.930Z,11.6028,-87.1499,50.36,4.6,mb,,83,1.422,1.04,us,usc000n7g1,2014-05-15T02:24:21.000Z,"72 km WSW of Masachapa, Nicaragua",earthquake,,6.9,0.053,113,reviewed,us,us
2014-03-11T06:33:06.120Z,53.315,-166.427,39.8,2.6,ml,,,,0.35,us,usc000n803,2023-07-20T16:50:37.720Z,"62 km S of Unalaska, Alaska",earthquake,,9.6,,28,reviewed,ak,ak
2014-03-11T06:25:14.000Z,3.3775,-82.9178,25.54,4.3,mb,,165,5.445,1.14,us,usc000n7fm,2014-05-15T02:24:21.000Z,"south of Panama",earthquake,,6.1,0.267,4,reviewed,us,us
2014-03-11T06:09:03.200Z,19.1445,-66.591,42,2.7,Md,4,331.2,0.80848376,0.1,pr,pr14070001,2014-03-11T07:29:18.772Z,"75 km N of Arecibo, Puerto Rico",earthquake,1.7,5.8,0,4,reviewed,pr,pr
2014-03-11T05:25:39.790Z,74.4932,-72.6882,10,4.7,mb,,37,2.273,1,us,usc000n7ei,2014-05-15T02:24:21.000Z,"Baffin Bay",earthquake,,1.9,0.066,73,reviewed,us,us
2014-03-11T05:14:23.400Z,11.4495,-87.1838,35,4.3,mb,,183,1.561,1.43,us,usc000n7e7,2014-05-15T02:24:21.000Z,"82 km WSW of Masachapa, Nicaragua",earthquake,,2,0.097,31,reviewed,us,us
2014-03-11T05:00:56.000Z,54.135,-164.1821,25.6,2.5,ml,,226,,0.82,us,usc000nax7,2023-07-20T16:50:28.836Z,"94 km SSW of False Pass, Alaska",earthquake,,7.1,,,reviewed,ak,ak
2014-03-11T03:52:11.146Z,59.9299,-151.7232,50.6,2.8,ml,,,,0.63,ak,ak01437tprh6,2023-08-18T16:06:56.318Z,"1 km SSE of Happy Valley, Alaska",earthquake,,0.2,,,reviewed,ak,ak
2014-03-11T03:46:32.540Z,40.8236667,-125.1023333,24.474,2.88,md,26,270,0.6775,0.26,nc,nc72182691,2017-02-03T09:27:34.217Z,"74 km WNW of Indianola, California",earthquake,1.07,20.66,0.22,45,reviewed,nc,nc
2014-03-11T03:26:40.530Z,-32.9244,-178.0667,10,4.4,mb,,138,6.614,0.59,us,usc000nnt1,2014-05-15T02:24:20.000Z,"south of the Kermadec Islands",earthquake,,2,0.22,9,reviewed,us,us
2014-03-11T03:16:23.680Z,17.0142,147.3179,48.79,4.3,mb,,146,4.144,0.59,us,usc000nnt7,2014-05-15T02:24:20.000Z,"260 km NE of Saipan, Northern Mariana Islands",earthquake,,7.3,0.188,10,reviewed,us,us
2014-03-11T03:01:54.340Z,34.0215,-106.8035,8.16,3.3,ml,,57,0.11,0.87,us,usc000n8mw,2022-07-26T09:20:53.237Z,"8 km ENE of Luis Lopez, New Mexico",earthquake,,5.5,0.064,32,reviewed,us,us
2014-03-11T02:44:05.830Z,-60.8623,-19.9775,10,6.4,mww,,48,10.949,0.82,us,usc000n7bm,2022-05-03T16:44:52.171Z,"east of the South Sandwich Islands",earthquake,,1.7,,,reviewed,us,us
2014-03-11T02:21:01.928Z,59.3525,-152.898,78.1,2.9,ml,,,,0.56,ak,ak01437sxnyo,2023-07-20T16:49:56.510Z,"55 km W of Nanwalek, Alaska",earthquake,,0.4,,,reviewed,ak,ak
2014-03-11T01:55:55.640Z,40.6721667,-125.3588333,24.289,2.81,md,24,263,0.8018,0.21,nc,nc72182671,2017-02-03T09:27:09.721Z,"93 km W of Ferndale, California",earthquake,1.56,31.61,0.218,34,reviewed,nc,nc
2014-03-11T01:55:03.610Z,40.6376667,-125.1258333,13.184,2.52,md,23,301,0.6216,0.15,nc,nc72182666,2017-02-03T09:27:04.537Z,"73 km W of Ferndale, California",earthquake,7.79,9.28,0.247,29,reviewed,nc,nc
2014-03-11T01:52:49.040Z,45.9409,151.5918,54.41,4.6,mb,,56,6.187,0.66,us,usc000n7b2,2014-05-15T02:24:19.000Z,"Kuril Islands",earthquake,,3.2,0.077,60,reviewed,us,us
2014-03-11T01:20:57.430Z,13.8023,-92.6162,33.78,4,md,,275,1.144,0.66,us,usc000nz7q,2014-05-15T02:24:19.000Z,"90 km SSW of Ocós, Guatemala",earthquake,,22.9,,18,reviewed,us,unm
2014-03-11T00:58:05.000Z,-15.47,-73.59,74,4.2,ml,,,,1.71,us,usb000pm2p,2014-05-15T02:24:19.000Z,"12 km WNW of Cahuacho, Peru",earthquake,,10.1,,,reviewed,lim,lim
2014-03-11T00:43:41.000Z,19.5328,-67.7966,84,3.4,Md,4,342,1.53701745,0.18,pr,pr14070000,2014-05-15T02:24:19.000Z,"123 km NNE of Punta Cana, Dominican Republic",earthquake,4.1,10.5,0,4,reviewed,pr,pr
2014-03-11T00:38:19.000Z,-31.248,-69.143,104,4.4,mb,,,,1.06,us,usc000n79v,2014-05-15T02:24:18.000Z,"28 km ENE of Calingasta, Argentina",earthquake,,4.3,0.155,15,reviewed,sja,us
2014-03-11T00:14:29.450Z,40.5466667,-125.2965,17.752,2.78,md,24,303,0.7342,0.17,nc,nc72182661,2017-02-03T09:26:58.787Z,"87 km W of Ferndale, California",earthquake,5.64,7.85,0.185,35,reviewed,nc,nc
2014-03-11T00:13:08.410Z,40.7936667,-125.1561667,23.364,2.91,md,40,242,0.6991,0.28,nc,nc72182656,2022-07-26T09:09:19.286Z,"78 km W of Indianola, California",earthquake,1.71,11.69,0.156,32,reviewed,nc,nc
2014-03-10T23:27:48.750Z,38.2097,20.3092,15.9,4.5,mb,,,,1.08,us,usc000n78e,2014-05-15T02:24:18.000Z,"11 km W of Lixoúri, Greece",earthquake,,4.4,0.101,35,reviewed,ath,us
2014-03-10T23:10:50.290Z,31.514,-115.6673333,3.503,2.55,ml,3,176,0.4982,0.15,ci,ci15474689,2016-03-11T04:07:51.598Z,"88km ESE of Maneadero, B.C., MX",earthquake,1.92,31.61,0.185,42,reviewed,ci,ci
2014-03-10T22:30:43.130Z,-27.7838,-177.9014,121.84,4.7,mb,,106,10.259,1.13,us,usc000n76x,2014-05-15T02:24:17.000Z,"Kermadec Islands region",earthquake,,5.3,0.06,94,reviewed,us,us
2014-03-10T21:41:50.562Z,61.166,-145.8352,10.1,2.5,ml,,,,0.67,ak,ak01436gty1c,2023-07-20T16:49:26.164Z,"27 km E of Valdez, Alaska",earthquake,,0.2,,,reviewed,ak,ak
2014-03-10T21:07:44.680Z,16.3657,146.0556,152.71,3.8,mb,,166,2.989,0.62,us,usc000nnsp,2014-05-15T02:24:17.000Z,"131 km NNE of Saipan, Northern Mariana Islands",earthquake,,10.7,0.295,5,reviewed,us,us
2014-03-10T20:54:58.300Z,40.506,-125.2348333,4.604,2.73,md,17,310,0.6847,0.26,nc,nc72182586,2017-02-03T09:25:50.735Z,"82 km W of Ferndale, California",earthquake,12.82,10.97,0.196,18,reviewed,nc,nc
2014-03-10T20:23:31.200Z,55.112,-159.618,8.9,2.5,ml,,,,0.71,us,usc000nabs,2023-07-20T16:49:21.151Z,"61 km ESE of Sand Point, Alaska",earthquake,,5.4,,11,reviewed,ak,ak
2014-03-10T19:44:56.050Z,40.5921667,-125.3665,23.569,2.91,md,24,279,0.7919,0.25,nc,nc72182551,2017-02-03T09:25:25.572Z,"93 km W of Ferndale, California",earthquake,3.2,15.54,0.165,36,reviewed,nc,nc
2014-03-10T19:26:17.960Z,54.6962,162.7141,48.99,4.9,mb,,107,2.932,1.13,us,usc000n6vt,2025-12-22T16:48:47.250Z,"171 km S of Ust’-Kamchatsk Staryy, Russia",earthquake,,6.6,0.047,157,reviewed,us,us
2014-03-10T18:59:48.110Z,40.5818333,-125.3621667,22.392,2.9,md,24,287,0.7874,0.21,nc,nc72182546,2017-02-03T09:25:19.552Z,"92 km W of Ferndale, California",earthquake,5.22,13.85,0.161,27,reviewed,nc,nc
2014-03-10T18:03:58.400Z,-46.0641,34.9273,10,4.8,mb,,96,19.014,0.98,us,usc000n6sw,2014-05-15T02:24:16.000Z,"Prince Edward Islands region",earthquake,,1.3,0.149,16,reviewed,us,us
2014-03-10T18:01:00.000Z,10.037,-85.035,45,4.5,mb,,,,1.09,us,usc000n6ry,2022-07-26T09:08:22.645Z,"18 km E of Nandayure, Costa Rica",earthquake,,4.7,0.085,46,reviewed,ucr,us
2014-03-10T17:45:38.730Z,-31.6759,-177.7291,254.11,4.5,mb,,250,6.719,0.69,us,usc000nnsl,2014-05-15T02:24:16.000Z,"Kermadec Islands region",earthquake,,19,0.14,16,reviewed,us,us
2014-03-10T17:33:29.000Z,-5.4804,147.9554,260,5.9,mww,,11,3.464,0.88,us,usc000n6px,2022-05-03T16:44:50.900Z,"119 km N of Finschhafen, Papua New Guinea",earthquake,,1.6,,,reviewed,us,us
2014-03-10T17:31:31.880Z,-6.9663,129.8413,120.63,5,mb,,60,1.763,0.73,us,usc000n6pi,2014-05-15T02:24:15.000Z,"Banda Sea",earthquake,,5.4,0.081,51,reviewed,us,us
2014-03-10T17:04:46.469Z,56.5318,-156.435,57.8,3.5,ml,,,,0.75,ak,ak01436e89t2,2023-07-20T16:48:59.913Z,"123 km SSE of Ugashik, Alaska",earthquake,,1.2,,,reviewed,ak,ak
2014-03-10T16:46:59.570Z,45.4271,147.9375,115.45,4.4,mb,,174,3.908,0.41,us,usc000nnsu,2014-05-15T02:24:15.000Z,"22 km NNE of Kuril’sk, Russia",earthquake,,6.5,0.219,7,reviewed,us,us
2014-03-10T16:44:45.690Z,40.753,-125.189,24.314,2.84,md,26,256,0.7045,0.23,nc,nc72182511,2017-02-03T09:24:43.040Z,"80 km WNW of Ferndale, California",earthquake,1.07,17.07,0.235,31,reviewed,nc,nc
2014-03-10T15:47:13.600Z,19.6077,-67.896,10,3.6,Md,13,270,1.17948797,0.46,pr,pr14069001,2014-05-15T02:24:14.000Z,"125 km NNE of Punta Cana, Dominican Republic",earthquake,2,31.6,0,11,reviewed,pr,pr
2014-03-10T15:44:03.620Z,40.6586667,-125.3021667,23.372,2.94,md,14,300,0.7568,0.19,nc,nc72182466,2017-02-03T09:23:46.946Z,"88 km W of Ferndale, California",earthquake,3.42,15.8,0.164,24,reviewed,nc,nc
2014-03-10T15:26:40.660Z,13.5861,-91.2438,46.77,4.5,mb,,198,1.028,0.93,us,usc000nz7m,2014-05-15T02:24:14.000Z,"58 km SSW of La Gomera, Guatemala",earthquake,,16.1,0.191,10,reviewed,us,us
2014-03-10T15:16:29.320Z,40.4483333,-124.8753333,7.434,3.65,mw,79,244,0.4108,0.26,nc,nc72182456,2022-08-06T22:17:47.428Z,"53 km WSW of Ferndale, California",earthquake,0.59,0.96,,4,reviewed,nc,nc
2014-03-10T15:00:14.800Z,40.4866667,-125.154,-0.366,2.98,md,42,279,0.6225,0.17,nc,nc72182446,2017-02-03T09:23:17.906Z,"76 km W of Ferndale, California",earthquake,1.18,0.69,0.171,32,reviewed,nc,nc
2014-03-10T14:43:20.251Z,63.1197,-150.3956,109.2,2.8,ml,,,,0.6,ak,ak01436co9w9,2023-07-20T16:48:37.546Z,"71 km NNE of Petersville, Alaska",earthquake,,0.3,,,reviewed,ak,ak
2014-03-10T14:42:56.290Z,40.6568333,-125.3245,22.802,2.98,ml,44,265,0.773,0.19,nc,nc72182421,2017-02-03T09:22:55.432Z,"90 km W of Ferndale, California",earthquake,2.66,10.06,0.195,11,reviewed,nc,nc
2014-03-10T14:40:57.620Z,32.2023333,-115.2326667,18.448,2.56,ml,10,232,0.225,0.2,ci,ci15474593,2016-03-12T02:20:47.879Z,"7km WSW of Alberto Oviedo Mota, B.C., MX",earthquake,1.3,0.93,0.214,16,reviewed,ci,ci
2014-03-10T14:32:51.380Z,52.2899,157.5224,137.8,4.8,mb,,96,0.826,0.72,us,usc000n6dp,2014-05-15T02:24:12.000Z,"89 km SSW of Paratunka, Russia",earthquake,,0.9,0.033,303,reviewed,us,us
2014-03-10T14:15:28.340Z,19.0683333,-155.369,34.939,2.75,ml,47,207,,0.1,hv,hv60652946,2020-07-06T20:40:21.260Z,"18 km SE of P?hala, Hawaii",earthquake,0.64,0.92,0.115,27,reviewed,hv,hv
2014-03-10T14:13:27.760Z,29.2711,130.456,35.13,4.7,mb,,122,3.099,0.79,us,usc000n6e2,2014-05-15T02:24:12.000Z,"106 km S of Yudomari, Japan",earthquake,,7.2,0.124,23,reviewed,us,us
2014-03-10T14:11:20.200Z,36.1251,-96.9075,4.334,3.5,ml,,134,,0.58,us,usc000n6d7,2022-08-06T22:16:58.954Z,"11 km S of Glencoe, Oklahoma",earthquake,,7.7,,,reviewed,tul,tul
2014-03-10T14:07:20.260Z,38.0352,-118.007,15,2.6,ml,12,90.2,0.414,0.1492,nn,nn00440643,2018-06-29T23:05:17.472Z,"40 km SSE of Mina, Nevada",earthquake,,4.9,0,1,reviewed,nn,nn
2014-03-10T13:58:40.700Z,40.6855,-125.2918333,22.152,3.28,ml,44,247,0.7559,0.24,nc,nc72182391,2017-02-03T09:22:07.404Z,"87 km W of Ferndale, California",earthquake,1.94,6.08,0.114,14,reviewed,nc,nc
2014-03-10T13:51:05.620Z,6.5042,-71.6523,54.99,4.6,mb,,44,1.526,0.67,us,usc000n6cv,2014-05-15T02:24:11.000Z,"10 km ENE of Tame, Colombia",earthquake,,5.6,0.053,120,reviewed,us,us
2014-03-10T13:47:19.540Z,-22.2215,-178.2431,301.84,4.9,mb,,74,6.999,0.86,us,usc000n6cu,2014-05-15T02:24:11.000Z,"south of the Fiji Islands",earthquake,,5.3,0.047,149,reviewed,us,us
2014-03-10T13:28:21.760Z,-14.4761,167.4345,196.03,5.1,mb,,29,7.612,0.62,us,usc000n6cj,2025-12-22T16:53:57.662Z,"67 km S of Sola, Vanuatu",earthquake,,2,0.037,258,reviewed,us,us
2014-03-10T13:25:25.260Z,-20.0774,-178.5529,584.34,4.7,mb,,79,8.193,1.1,us,usc000n6ch,2014-05-15T02:24:10.000Z,"Fiji region",earthquake,,10.2,0.08,55,reviewed,us,us
2014-03-10T13:21:13.690Z,-15.2854,-178.4035,446.28,4.5,mb,,122,4.187,0.62,us,usc000nnsj,2014-05-15T02:24:10.000Z,"112 km SSW of Alo, Wallis and Futuna",earthquake,,3.6,0.094,34,reviewed,us,us
2014-03-10T13:15:00.370Z,-8.2962,109.1977,88.65,4.7,mb,,100,1.366,1.47,us,usc000nnst,2014-05-15T02:24:10.000Z,"73 km S of Kroya, Indonesia",earthquake,,9.7,0.552,3,reviewed,us,us
2014-03-10T13:06:52.670Z,40.543,-125.081,4.543,2.61,md,27,268,0.6468,0.21,nc,nc72182366,2017-02-03T09:21:45.745Z,"69 km W of Ferndale, California",earthquake,1.34,0.95,0.147,33,reviewed,nc,nc
2014-03-10T12:41:35.510Z,40.6186667,-125.388,24.656,2.8,md,19,280,0.8919,0.23,nc,nc71080754,2017-02-03T09:21:22.563Z,"95 km W of Ferndale, California",earthquake,3.8,18.48,0.087,12,reviewed,nc,nc
2014-03-10T12:41:01.110Z,40.6013333,-125.3248333,23.842,3.05,ml,40,264,0.8414,0.34,nc,nc72182356,2017-02-03T09:21:17.434Z,"89 km W of Ferndale, California",earthquake,2.36,19.61,0.153,10,reviewed,nc,nc
2014-03-10T12:11:28.690Z,52.1904,-175.8162,152.22,4.2,mb,,118,0.179,0.62,us,usc000n6c7,2023-07-20T16:47:55.636Z,"66 km ENE of Adak, Alaska",earthquake,,5.1,0.063,77,reviewed,us,us
2014-03-10T11:20:24.520Z,3.9074,96.9584,108.86,4.2,mb,,153,1.312,0.74,us,usc000nnsh,2014-05-15T02:24:09.000Z,"95 km ESE of Meulaboh, Indonesia",earthquake,,7.6,0.125,19,reviewed,us,us
2014-03-10T10:46:22.570Z,40.6611667,-125.298,21.532,3.46,mw,73,238,0.8441,0.14,nc,nc72182311,2017-02-03T09:20:21.240Z,"88 km W of Ferndale, California",earthquake,1.09,3.87,,3,reviewed,nc,nc
2014-03-10T10:29:40.400Z,17.848,-101.477,42.1,4,md,,,,0.58,us,usc000nz7k,2014-05-15T02:24:09.000Z,"18 km WSW of Vallecitos de Zaragoza, Mexico",earthquake,,9.9,,29,reviewed,unm,unm
2014-03-10T10:28:18.520Z,40.7778333,-125.1915,18.883,4.47,mw,89,231,0.8279,0.21,nc,nc72182306,2022-08-06T22:16:09.013Z,"81 km WNW of Ferndale, California",earthquake,0.97,2.71,,4,reviewed,nc,nc
2014-03-10T10:18:07.740Z,40.7191667,-125.2101667,23.945,3.24,ml,50,245,0.8099,0.29,nc,nc72182296,2017-02-03T09:19:44.526Z,"81 km W of Ferndale, California",earthquake,1.07,14.78,0.203,14,reviewed,nc,nc
2014-03-10T09:57:24.270Z,40.7375,-125.3043333,22.116,2.95,md,45,248,0.8811,0.25,nc,nc72182291,2017-02-03T09:19:37.771Z,"89 km W of Ferndale, California",earthquake,2.14,10.3,0.129,34,reviewed,nc,nc
2014-03-10T09:56:23.800Z,40.5201667,-125.0406667,1.813,2.65,md,29,289,0.6099,0.24,nc,nc72182286,2017-02-03T09:19:30.320Z,"66 km W of Ferndale, California",earthquake,1.74,0.96,0.156,23,reviewed,nc,nc
2014-03-10T09:54:26.110Z,40.8261667,-125.1218333,21.033,3.71,mw,65,240,0.782,0.14,nc,nc72182276,2022-08-06T22:15:20.876Z,"76 km WNW of Indianola, California",earthquake,0.82,2.92,,3,reviewed,nc,nc
2014-03-10T09:42:42.800Z,40.7638333,-125.21,24.055,3.64,mw,70,234,0.8324,0.17,nc,nc72182266,2017-02-03T09:18:57.310Z,"82 km WNW of Ferndale, California",earthquake,0.95,8.6,,3,reviewed,nc,nc
2014-03-10T09:41:51.220Z,40.6563333,-125.015,3.654,2.51,md,30,291,0.6495,0.17,nc,nc72182271,2017-02-03T09:18:35.591Z,"64 km W of Ferndale, California",earthquake,1.2,1.16,0.213,25,reviewed,nc,nc
2014-03-10T09:36:18.970Z,40.6291667,-125.3566667,24.736,2.69,md,20,287,0.873,0.22,nc,nc72182261,2017-02-03T09:18:30.524Z,"92 km W of Ferndale, California",earthquake,1.95,17.25,0.171,14,reviewed,nc,nc
2014-03-10T09:10:52.680Z,40.7295,-125.1543333,24.344,2.62,md,23,273,0.7784,0.13,nc,nc72182246,2017-02-03T09:18:10.976Z,"77 km WNW of Ferndale, California",earthquake,0.9,12.6,0.117,16,reviewed,nc,nc
2014-03-10T08:47:33.160Z,40.5825,-125.3051667,23.652,2.84,md,20,285,0.8207,0.23,nc,nc72182221,2017-02-03T09:17:45.664Z,"88 km W of Ferndale, California",earthquake,2.53,18.53,0.162,22,reviewed,nc,nc
2014-03-10T08:43:24.490Z,10.7478,-86.1496,56.93,4.1,mb,,171,1.261,0.84,us,usc000nnsd,2014-05-15T02:24:07.000Z,"60 km WNW of Sardinal, Costa Rica",earthquake,,10.2,0.073,53,reviewed,us,us
2014-03-10T08:35:54.000Z,21.5163,142.9416,289.69,4,mb,,91,8.094,0.69,us,usc000nnse,2014-05-15T02:24:07.000Z,"Mariana Islands region",earthquake,,4.6,0.15,13,reviewed,us,us
2014-03-10T08:35:51.740Z,40.7358333,-125.1996667,15.195,2.5,md,14,299,0.8108,0.27,nc,nc72182211,2017-02-03T09:17:34.524Z,"81 km WNW of Ferndale, California",earthquake,10.31,14.32,0.108,17,reviewed,nc,nc
2014-03-10T07:49:00.780Z,40.7281667,-125.2223333,23.445,3,ml,56,245,0.8216,0.27,nc,nc72182201,2017-02-03T09:17:18.727Z,"82 km WNW of Ferndale, California",earthquake,1.14,10.88,0.139,13,reviewed,nc,nc
2014-03-10T07:44:05.070Z,40.5388333,-125.0658333,0.223,2.72,md,11,330,0.6342,0.12,nc,nc72182191,2017-02-03T09:17:13.090Z,"68 km W of Ferndale, California",earthquake,2.26,0.79,0.14,28,reviewed,nc,nc
2014-03-10T07:37:05.600Z,40.4388333,-125.2541667,4.431,2.91,md,14,322,0.7495,0.16,nc,nc72182186,2017-02-03T09:17:02.462Z,"85 km W of Ferndale, California",earthquake,11.38,9.79,0.119,17,reviewed,nc,nc
2014-03-10T07:33:54.570Z,36.449,-97.076,5,2.6,ml,,,,0.63,us,usc000n6kk,2014-05-15T02:24:07.000Z,"9 km E of Red Rock, Oklahoma",earthquake,,2,,,reviewed,tul,tul
2014-03-10T07:22:42.679Z,60.0649,-149.1816,16.8,2.5,ml,,,,1.06,ak,ak014368dscr,2023-07-20T16:47:07.255Z,"14 km E of Lowell Point, Alaska",earthquake,,0.2,,,reviewed,ak,ak
2014-03-10T07:21:12.410Z,-14.8342,-177.5785,344.21,4.2,mb,,99,5.696,0.69,us,usc000nnpe,2014-05-15T02:24:07.000Z,"81 km SE of Alo, Wallis and Futuna",earthquake,,7.8,0.095,31,reviewed,us,us
2014-03-10T07:17:52.000Z,54.845,-160.65,23.7,2.5,ml,,,,0.68,us,usc000nabm,2023-07-20T16:47:05.110Z,"55 km S of Sand Point, Alaska",earthquake,,7.7,,10,reviewed,ak,ak
2014-03-10T07:15:36.100Z,40.6836667,-125.1208333,9.104,2.99,md,26,283,0.7333,0.19,nc,nc72182176,2022-07-26T09:03:36.300Z,"73 km W of Ferndale, California",earthquake,3.92,3.7,0.181,36,reviewed,nc,nc
2014-03-10T07:11:47.660Z,46.6423,152.1399,85.77,4.4,mb,,59,6.447,0.98,us,usc000n69x,2014-05-15T02:24:06.000Z,"Kuril Islands",earthquake,,4.1,0.083,44,reviewed,us,us
2014-03-10T06:58:44.410Z,40.5678333,-125.0586667,-0.357,2.68,md,30,306,0.6396,0.12,nc,nc72182171,2017-02-03T09:16:41.720Z,"67 km W of Ferndale, California",earthquake,1.5,0.64,0.186,26,reviewed,nc,nc
2014-03-10T06:53:08.870Z,38.6991,142.2489,54.1,4.5,mb,,134,3.384,0.76,us,usc000n69h,2014-05-15T02:24:06.000Z,"61 km SE of ?funato, Japan",earthquake,,6.8,0.082,49,reviewed,us,us
2014-03-10T06:51:19.940Z,40.56,-125.437,19.466,2.93,md,15,296,0.9108,0.19,nc,nc72182166,2017-02-03T09:16:36.606Z,"99 km W of Ferndale, California",earthquake,6.64,10.84,0.178,28,reviewed,nc,nc
2014-03-10T06:47:17.650Z,40.521,-125.2426667,20.535,3.03,ml,17,290,0.7577,0.15,nc,nc72182161,2017-02-03T09:16:31.560Z,"83 km W of Ferndale, California",earthquake,6.23,8.42,0.2,7,reviewed,nc,nc
2014-03-10T06:41:49.380Z,40.5011667,-125.1023333,0.093,2.78,md,28,278,0.6495,0.18,nc,nc72182156,2017-02-03T09:16:26.313Z,"71 km W of Ferndale, California",earthquake,1.13,0.53,0.176,29,reviewed,nc,nc
2014-03-10T06:39:10.120Z,40.7295,-124.8723333,4.394,2.5,md,28,301,0.6063,0.14,nc,nc72182151,2017-02-03T09:16:20.955Z,"54 km WNW of Ferndale, California",earthquake,1.09,1.05,0.163,21,reviewed,nc,nc
2014-03-10T06:30:03.510Z,40.5523333,-125.1645,10.764,2.55,md,22,320,0.7099,0.27,nc,nc72182146,2017-02-03T09:16:15.468Z,"76 km W of Ferndale, California",earthquake,12.21,12.96,0.239,19,reviewed,nc,nc
2014-03-10T06:26:29.850Z,40.5126667,-125.019,-0.121,2.63,md,27,299,0.5919,0.19,nc,nc72182141,2017-02-03T09:16:00.549Z,"64 km W of Ferndale, California",earthquake,1.11,0.81,0.209,18,reviewed,nc,nc
2014-03-10T06:22:45.880Z,40.7188333,-124.9371667,3.154,3.33,ml,23,277,0.6369,0.25,nc,nc72182136,2017-02-03T09:15:54.610Z,"59 km WNW of Ferndale, California",earthquake,1.6,1.35,0.137,11,reviewed,nc,nc
2014-03-10T06:21:15.850Z,40.571,-125.3666667,9.532,3.22,ml,33,251,0.8622,0.25,nc,nc72182131,2017-02-03T09:15:49.065Z,"93 km W of Ferndale, California",earthquake,2.89,31.61,0.167,13,reviewed,nc,nc
2014-03-10T06:13:07.730Z,40.5936667,-125.33,17.532,2.61,md,14,303,0.8423,0.26,nc,nc72182126,2017-02-03T09:15:43.637Z,"90 km W of Ferndale, California",earthquake,1.45,31.61,0.202,19,reviewed,nc,nc
2014-03-10T06:12:23.000Z,40.7231667,-125.2291667,23.695,2.76,ml,28,261,0.8243,0.18,nc,nc72182121,2017-02-03T09:15:38.620Z,"83 km W of Ferndale, California",earthquake,1.15,12.5,0.104,6,reviewed,nc,nc
2014-03-10T05:59:56.029Z,59.7961,-153.3673,127.5,3.1,ml,,,,0.69,ak,ak014367evo2,2023-07-20T16:46:41.606Z,"41 km E of Pedro Bay, Alaska",earthquake,,0.2,,,reviewed,ak,ak
2014-03-10T05:59:01.590Z,-5.4231,104.4873,122.45,4.2,mb,,73,1.855,1.33,us,usc000nnsb,2014-05-15T02:24:05.000Z,"79 km SSW of Kotabumi, Indonesia",earthquake,,6.8,0.2,8,reviewed,us,us
2014-03-10T05:57:30.460Z,40.8336667,-125.068,21.587,2.82,md,33,238,0.7865,0.23,nc,nc72182116,2017-02-03T09:15:33.272Z,"72 km WNW of Indianola, California",earthquake,1.92,6.27,0.281,24,reviewed,nc,nc
2014-03-10T05:51:10.900Z,40.6211667,-125.3605,18.726,4.35,ml,73,241,0.873,0.15,nc,nc72182106,2022-08-06T22:14:33.129Z,"92 km W of Ferndale, California",earthquake,0.99,3.08,0.168,60,reviewed,nc,nc
2014-03-10T05:43:26.270Z,40.4813333,-125.1076667,1.104,2.93,ml,27,292,0.6477,0.15,nc,nc72182101,2017-02-03T09:15:05.954Z,"72 km W of Ferndale, California",earthquake,0.82,0.55,0.113,11,reviewed,nc,nc
2014-03-10T05:41:47.900Z,40.7441667,-125.2091667,24.165,3.03,ml,38,244,0.8216,0.28,nc,nc72182091,2017-02-03T09:15:00.244Z,"82 km WNW of Ferndale, California",earthquake,1.71,17.36,0.125,16,reviewed,nc,nc
2014-03-10T05:38:07.630Z,53.579,-165.896,53.2,3.4,ml,,,,1.22,us,usc000nabk,2023-07-20T16:46:34.271Z,"53 km SE of Unalaska, Alaska",earthquake,,8,,31,reviewed,ak,ak
2014-03-10T05:36:39.520Z,40.574,-125.3506667,17.236,3.79,ml,22,272,0.8514,0.29,nc,nc72182086,2017-02-03T09:14:54.048Z,"92 km W of Ferndale, California",earthquake,5.66,7.27,0.194,40,reviewed,nc,nc
2014-03-10T05:32:14.180Z,40.6521667,-125.405,10.696,3.39,ml,38,253,0.9153,0.24,nc,nc72182081,2022-08-06T22:13:44.609Z,"96 km W of Ferndale, California",earthquake,2.9,21.36,0.179,19,reviewed,nc,nc
2014-03-10T05:27:40.690Z,40.6583,-125.201,10,4.3,ml,,231,0.904,1.24,us,usc000n68h,2014-05-15T02:24:03.000Z,"79 km W of Ferndale, California",earthquake,,2,0.053,48,reviewed,us,us
2014-03-10T05:18:13.430Z,40.8286667,-125.1338333,16.441,6.8,mw,112,229,0.6568,0.15,nc,nc72182046,2022-09-24T19:42:07.982Z,"77 km WNW of Indianola, California",earthquake,0.64,1.88,,5,reviewed,nc,nc
2014-03-10T05:06:03.500Z,19.3816667,-155.2363333,0.616,2.8,ml,33,44,,0.11,hv,hv60652846,2020-07-06T20:40:21.050Z,"6 km S of Volcano, Hawaii",earthquake,0.18,0.14,0.152,17,reviewed,hv,hv
2014-03-10T05:04:12.520Z,40.8141667,-125.1115,22.687,3.07,ml,59,230,0.8,0.15,nc,nc72182031,2017-02-03T09:13:35.360Z,"75 km W of Indianola, California",earthquake,1.02,4.88,0.145,17,reviewed,nc,nc
2014-03-10T04:17:53.950Z,40.2403333,-123.4285,31.791,2.65,md,31,45,0.1,0.09,nc,nc72182001,2017-02-03T09:13:06.090Z,"9 km WSW of Ruth, California",earthquake,0.23,0.64,0.139,57,reviewed,nc,nc
2014-03-10T04:12:51.300Z,17.2198,-68.0589,29,3.1,Md,10,324,1.19565764,0.28,pr,pr14069000,2014-05-15T02:24:02.000Z,"124 km SW of Pole Ojea, Puerto Rico",earthquake,1.9,17.5,0,10,reviewed,pr,pr
2014-03-10T03:52:04.140Z,-25.3549,179.646,481.61,4.6,mb,,51,4.434,0.99,us,usc000n67h,2014-05-15T02:24:02.000Z,"south of the Fiji Islands",earthquake,,7.9,0.083,51,reviewed,us,us
2014-03-10T03:26:16.290Z,51.899,-173.954,43.3,2.5,ml,,,,0.82,us,usc000nabl,2023-07-20T16:46:13.046Z,"37 km SSE of Atka, Alaska",earthquake,,9.7,,10,reviewed,ak,ak
2014-03-10T02:50:00.150Z,4.1693,124.487,316.91,4.8,mb,,54,3.079,0.99,us,usc000n672,2014-05-15T02:24:01.000Z,"174 km SW of Sarangani, Philippines",earthquake,,5.6,0.06,92,reviewed,us,us
2014-03-10T02:29:52.540Z,-17.2898,-173.7157,161.18,4.1,mb,,131,3.845,0.48,us,usc000nns7,2014-05-15T02:24:01.000Z,"Tonga",earthquake,,11.4,0.261,4,reviewed,us,us
2014-03-10T02:26:59.670Z,51.2372,157.9383,82.39,4.2,mb,,187,1.841,0.85,us,usc000n66y,2014-05-15T02:24:01.000Z,"104 km ESE of Ozernovskiy, Russia",earthquake,,9.5,0.102,27,reviewed,us,us
2014-03-10T00:49:02.950Z,-6.5181,129.9871,159.84,4.4,mb,,88,1.952,1.42,us,usc000nns5,2014-05-15T02:24:01.000Z,"Banda Sea",earthquake,,9.8,0.169,12,reviewed,us,us
2014-03-10T00:38:15.100Z,16.0414,-98.3358,8.41,5.8,mww,,82,1.528,0.7,us,usc000n65q,2022-08-06T22:11:48.741Z,"26 km SW of Corralero, Mexico",earthquake,,3.1,,,reviewed,us,us
2014-03-09T23:53:34.030Z,29.1631,67.7279,9.99,4.2,mb,,97,5.477,1.12,us,usc000n651,2014-05-15T02:24:00.000Z,"16 km NW of Bhag, Pakistan",earthquake,,1.8,0.136,19,reviewed,us,us
2014-03-09T23:31:39.900Z,19.6823,-67.8988,32,3.1,Md,7,295.2,1.24686161,0.31,pr,pr14068007,2014-05-15T02:24:00.000Z,"132 km NNE of Punta Cana, Dominican Republic",earthquake,2.4,22.9,0,4,reviewed,pr,pr
2014-03-09T23:01:13.630Z,12.4854,93.2534,68.68,4.1,mb,,98,0.963,0.58,us,usc000nnrt,2014-05-15T02:24:00.000Z,"104 km NE of Bamboo Flat, India",earthquake,,7.5,0.261,7,reviewed,us,us
2014-03-09T22:13:30.410Z,56.5765,121.1054,9.2,4,mb,,79,1.596,0.69,us,usc000nnrs,2014-05-15T02:24:00.000Z,"174 km E of Novaya Chara, Russia",earthquake,,5,0.195,7,reviewed,us,us
2014-03-09T22:02:40.900Z,19.5287,-68.0692,75,3.5,Md,18,273.6,1.05102888,0.68,pr,pr14068006,2014-05-15T02:23:59.000Z,"110 km NNE of Punta Cana, Dominican Republic",earthquake,7.4,15.6,0,10,reviewed,pr,pr
2014-03-09T21:40:25.640Z,35.8891,-97.2844,4.32,2.8,ml,,,,0.63,us,usc000n63m,2022-07-26T09:00:44.789Z,"6 km NNW of Meridian, Oklahoma",earthquake,,7.1,,,reviewed,tul,tul
2014-03-09T20:44:07.680Z,19.3876667,-155.2465,1.689,3.61,ml,55,44,,0.08,hv,hv60652561,2022-07-26T08:58:46.265Z,"6 km SSW of Volcano, Hawaii",earthquake,0.17,0.19,0.191,39,reviewed,hv,hv
2014-03-09T20:29:52.590Z,1.6575,-79.3537,6,5.6,mww,,62,1.674,0.84,us,usc000n62j,2022-07-26T08:59:44.963Z,"61 km NW of Valdez, Ecuador",earthquake,,1.1,,,reviewed,us,us
2014-03-09T20:06:41.580Z,43.823,-105.2409,0,3.4,ml,,52,0.919,0.48,us,usc000n623,2014-05-15T02:23:59.000Z,"21 km ENE of Wright, Wyoming",mining explosion,,2,0.062,40,reviewed,us,us
2014-03-09T19:46:26.300Z,18.7266,-64.9961,31,2.5,Md,9,226.8,0.37459747,0.15,pr,pr14068004,2014-05-15T02:23:58.000Z,"43 km N of Charlotte Amalie, U.S. Virgin Islands",earthquake,1.6,3.6,0,8,reviewed,pr,pr
2014-03-09T19:32:32.540Z,13.5584,-88.3302,221.41,4.3,mb,,121,0.885,1.08,us,usc000n61p,2014-05-15T02:23:58.000Z,"2 km ENE of Lolotique, El Salvador",earthquake,,7.2,0.106,28,reviewed,us,us
2014-03-09T19:13:45.930Z,40.5833333,-124.0861667,18.331,2.5,md,24,123,0.1631,0.11,nc,nc72181796,2017-02-03T09:10:13.430Z,"4 km NNE of Hydesville, California",earthquake,0.24,0.47,0.165,25,reviewed,nc,nc
2014-03-09T19:11:14.800Z,9.1845,-61.3464,55.56,4.3,mb,,91,2.247,1.47,us,usc000n61c,2014-05-15T02:23:58.000Z,"78 km E of Tucupita, Venezuela",earthquake,,10.1,0.217,6,reviewed,us,us
2014-03-09T18:59:48.510Z,36.1045,-117.8448333,1.898,3.13,ml,35,73,0.0155,0.14,ci,ci15474201,2016-03-11T07:45:18.507Z,"11km NE of Coso Junction, CA",earthquake,0.25,0.55,0.128,161,reviewed,ci,ci
2014-03-09T18:58:33.700Z,19.065,-66.8375,48,2.7,Md,11,252,0.64768532,0.31,pr,pr14068003,2014-05-15T02:23:58.000Z,"Puerto Rico region",earthquake,2.1,4.5,0,11,reviewed,pr,pr
2014-03-09T18:26:19.000Z,-15.97,-73.09,37,4.2,mb,,,,1.65,us,usc000nbm8,2014-05-15T02:23:57.000Z,"5 km SE of Iquipi, Peru",earthquake,,9.6,0.374,3,reviewed,lim,us
2014-03-09T18:15:02.170Z,44.6465,-27.9218,10,4.3,mb,,151,18.419,0.67,us,usc000nnrm,2014-05-15T02:23:57.000Z,"northern Mid-Atlantic Ridge",earthquake,,1.9,0.217,9,reviewed,us,us
2014-03-09T17:24:12.100Z,-4.422,102.1406,58.72,4.7,mb,,88,0.815,0.79,us,usc000n603,2014-05-15T02:23:57.000Z,"70 km SSW of Bengkulu, Indonesia",earthquake,,5.7,0.11,30,reviewed,us,us
2014-03-09T17:22:28.870Z,-27.9268,-66.3688,163.39,4.4,mb,,97,3.441,1.07,us,usc000n5zw,2014-05-15T02:23:57.000Z,"38 km S of Andalgalá, Argentina",earthquake,,5.5,0.131,20,reviewed,us,us
2014-03-09T17:05:54.000Z,35.4919,-97.2474,7.29,3,ml,,,,0.42,us,usc000n5zh,2022-08-06T22:10:53.273Z,"2 km ESE of Choctaw, Oklahoma",earthquake,,5.7,,,reviewed,tul,tul
2014-03-09T17:02:15.130Z,63.0946,-150.9321,123.2,3.1,ml,,,,0.57,ak,ak01434qofgp,2023-07-20T16:44:52.061Z,"63 km SE of Denali National Park, Alaska",earthquake,,0.2,,,reviewed,ak,ak
2014-03-09T17:01:02.000Z,18.9223,-64.22,33,2.7,Md,10,316.8,0.62792238,0.14,pr,pr14068002,2014-05-15T02:23:56.000Z,"89 km NE of Cruz Bay, U.S. Virgin Islands",earthquake,2.2,6.7,0,8,reviewed,pr,pr
2014-03-09T16:12:15.430Z,-15.2035,-175.6551,332.03,5.1,mb,,47,3.969,0.59,us,usc000n5yv,2025-12-22T16:48:45.748Z,"216 km WNW of Hihifo, Tonga",earthquake,,5.2,0.032,346,reviewed,us,us
2014-03-09T16:11:24.171Z,61.0303,-150.6864,55.3,3.7,ml,,,,0.8,ak,ak01434q4y01,2023-07-20T16:44:39.450Z,"11 km N of Point Possession, Alaska",earthquake,,0.3,,,reviewed,ak,ak
2014-03-09T16:11:15.600Z,-20.6005,-177.7495,515.41,4.8,mb,,85,4.879,0.64,us,usc000nnri,2014-05-15T02:23:56.000Z,"Fiji region",earthquake,,8.6,0.111,28,reviewed,us,us
2014-03-09T16:10:22.900Z,14.121,-93.261,10,4.3,mb,,169,1.241,1.27,us,usc000n5yp,2014-05-15T02:23:55.000Z,"112 km SW of Puerto Madero, Mexico",earthquake,,1.9,0.097,33,reviewed,us,us
2014-03-09T16:02:59.690Z,19.1942,95.7207,24.93,5.1,mb,,33,2.122,0.58,us,usc000n5yd,2022-05-03T16:44:47.304Z,"56 km ESE of Myaydo, Myanmar",earthquake,,3.6,0.054,118,reviewed,us,us
2014-03-09T15:48:43.000Z,-32.243,-71.587,25.4,4.5,mwr,,,,0.76,us,usc000n5y6,2014-05-15T02:23:56.000Z,"40 km NW of La Ligua, Chile",earthquake,,3.6,0.078,16,reviewed,guc,us
2014-03-09T15:32:57.630Z,-22.0195,172.4895,68.48,4.6,mb,,107,5.608,0.52,us,usc000nnrh,2014-05-15T02:23:55.000Z,"southeast of the Loyalty Islands",earthquake,,7.6,0.206,8,reviewed,us,us
2014-03-09T15:15:48.690Z,-37.4077,177.1271,152.54,4.5,mb,,116,0.85,0.22,us,usc000n5xw,2014-05-15T02:23:55.000Z,"62 km NNE of Whakatane, New Zealand",earthquake,,4.4,0.204,8,reviewed,us,us
2014-03-09T15:13:22.320Z,43.3362,145.8604,97.23,4.9,mb,,64,2.391,0.65,us,usc000n5xt,2014-05-15T02:23:54.000Z,"23 km E of Nemuro, Japan",earthquake,,4.4,0.03,372,reviewed,us,us
2014-03-09T14:52:49.990Z,19.0362,-118.0191,16.18,4,mb,,253,13.641,0.9,us,usc000n5xa,2014-05-15T02:23:54.000Z,"east central Pacific Ocean",earthquake,,8.5,0.079,54,reviewed,us,us
2014-03-09T13:59:07.949Z,65.6617,-164.824,6.4,2.9,ml,,,,1.59,ak,ak01434omway,2023-07-20T16:44:22.874Z,"84 km ENE of Teller, Alaska",earthquake,,4.9,,,reviewed,ak,ak
2014-03-09T13:53:21.710Z,-23.1115,-66.6755,218.57,4.4,mb,,119,2.121,0.73,us,usc000n5xi,2014-05-15T02:23:54.000Z,"102 km W of El Aguilar, Argentina",earthquake,,16.8,0.31,3,reviewed,us,us
2014-03-09T13:42:18.990Z,-8.8939,113.0771,78.97,5.3,mb,,21,1.143,0.72,us,usc000n5wc,2025-12-22T16:48:45.028Z,"74 km SSW of Kencong, Indonesia",earthquake,,3.6,0.056,111,reviewed,us,us
2014-03-09T12:46:09.440Z,36.6994,71.3327,179.89,4.1,mb,,70,0.74,1.24,us,usc000n5vs,2014-05-15T02:23:53.000Z,"18 km W of Ashk?sham, Afghanistan",earthquake,,6,0.145,16,reviewed,us,us
2014-03-09T12:33:44.130Z,19.7696667,-155.8341667,13.601,3.06,ml,30,77,,0.11,hv,hv60652406,2022-03-10T00:59:38.693Z,"16 km ENE of Kalaoa, Hawaii",earthquake,0.53,0.46,0.17,28,reviewed,hv,hv
2014-03-09T12:16:34.030Z,-5.5474,147.6307,243.89,5,mb,,15,3.49,1.13,us,usc000n5vf,2025-12-22T16:48:46.533Z,"114 km NNW of Finschhafen, Papua New Guinea",earthquake,,3.1,0.043,174,reviewed,us,us
2014-03-09T12:15:20.920Z,-9.1603,158.9857,5.93,4.7,mb,,139,0.988,0.5,us,usc000nnrk,2014-05-15T02:23:53.000Z,"99 km NW of Malango, Solomon Islands",earthquake,,5.8,0.123,20,reviewed,us,us
2014-03-09T11:59:12.030Z,37.5238,72.1914,187.39,4.1,mb,,66,1.347,0.84,us,usc000n5vb,2014-05-15T02:23:53.000Z,"56 km E of Khorugh, Tajikistan",earthquake,,5.1,0.151,14,reviewed,us,us
2014-03-09T11:57:51.160Z,51.688,-175.64,40.2,3.8,mb,,,,1.28,us,usc000n64v,2023-07-20T16:44:04.510Z,"71 km ESE of Adak, Alaska",earthquake,,7.3,0.109,22,reviewed,ak,us
2014-03-09T11:49:07.770Z,-11.4373,119.0839,21.29,4.7,mb,,49,4.17,1.12,us,usc000n5v2,2014-05-15T02:23:52.000Z,"235 km SSW of Waingapu, Indonesia",earthquake,,3.9,0.115,26,reviewed,us,us
2014-03-09T11:30:59.610Z,-0.4592,122.9184,92.06,4.2,mb,,50,0.597,1.21,us,usc000nnrd,2014-05-15T02:23:52.000Z,"56 km NNE of Luwuk, Indonesia",earthquake,,5.2,0.141,16,reviewed,us,us
2014-03-09T11:26:18.290Z,23.1573,-80.7795,10,4.7,mb,,26,2.698,1.06,us,usc000n5v0,2022-07-26T08:56:43.436Z,"27 km NNE of Martí, Cuba",earthquake,,1.7,0.032,316,reviewed,us,us
2014-03-09T11:13:48.180Z,8.4277,126.7049,89.59,4.3,mb,,135,1.75,0.89,us,usc000nnrc,2014-05-15T02:23:52.000Z,"41 km E of Hinatuan, Philippines",earthquake,,8.3,0.122,20,reviewed,us,us
2014-03-09T11:03:24.460Z,-19.1946,-177.6217,571.91,4.5,mb,,106,4.351,0.61,us,usc000n5uw,2014-05-15T02:23:52.000Z,"Fiji region",earthquake,,7.6,0.09,38,reviewed,us,us
2014-03-09T10:56:26.100Z,-7.5753,120.1344,406.64,4.2,mb,,112,2.333,1.13,us,usc000nnrb,2014-05-15T02:23:51.000Z,"105 km NNE of Labuan Bajo, Indonesia",earthquake,,12.4,0.175,10,reviewed,us,us
2014-03-09T10:38:51.080Z,-19.9701,-177.4258,526.11,4.2,mb,,142,4.819,0.49,us,usc000nns4,2014-05-15T02:23:51.000Z,"265 km WNW of Haveluloto, Tonga",earthquake,,16.4,0.142,15,reviewed,us,us
2014-03-09T09:46:50.280Z,11.1832,140.6024,59.56,4.3,mb,,119,4.805,0.51,us,usc000nnrg,2014-05-15T02:23:51.000Z,"157 km N of Fais, Micronesia",earthquake,,9.2,0.153,14,reviewed,us,us
2014-03-09T09:18:23.140Z,-17.7432,-178.6503,596.06,4.1,mb,,122,3.142,0.48,us,usc000nnra,2014-05-15T02:23:51.000Z,"218 km E of Levuka, Fiji",earthquake,,10.3,0.107,25,reviewed,us,us
2014-03-09T08:48:31.820Z,51.763,-177.559,71.9,2.5,ml,,,,0.38,us,usc000n64c,2023-07-20T16:43:33.922Z,"64 km WSW of Adak, Alaska",earthquake,,3.9,,22,reviewed,ak,ak
2014-03-09T08:45:48.900Z,14.059,-91.617,60.4,4.2,md,,,,1.37,us,usc000nz7c,2014-05-15T02:23:51.000Z,"37 km SW of Tiquisate, Guatemala",earthquake,,6.8,,10,reviewed,unm,unm
2014-03-09T06:34:10.300Z,38.09,46.392,16.7,3.5,mb_lg,,,,0.81,us,usc000pimt,2022-07-26T13:06:06.339Z,"8 km E of Tabriz, Iran",earthquake,,6,,,reviewed,teh,teh
2014-03-09T06:11:05.810Z,1.9179,127.6404,177.02,4.7,mb,,32,1.17,0.7,us,usc000n5sj,2014-05-15T02:23:50.000Z,"Halmahera, Indonesia",earthquake,,4.6,0.06,89,reviewed,us,us
2014-03-09T06:05:20.502Z,63.3175,-145.1696,4,2.8,ml,,,,0.77,ak,ak01434k5bde,2023-07-20T16:43:09.627Z,"33 km NE of Paxson, Alaska",earthquake,,0.2,,,reviewed,ak,ak
2014-03-09T05:46:02.630Z,17.3475,119.3075,39.72,4.8,mb,,59,1.114,0.81,us,usc000n5s4,2014-05-15T02:23:50.000Z,"114 km WSW of Cabittaogan, Philippines",earthquake,,5.2,0.056,105,reviewed,us,us
2014-03-09T05:43:35.350Z,17.2217,119.4185,42.26,4.5,mb,,75,1.042,0.78,us,usc000nnr8,2014-05-15T02:23:50.000Z,"103 km NNW of Binabalian, Philippines",earthquake,,7.6,0.086,45,reviewed,us,us
2014-03-09T04:38:38.790Z,50.525,-174.114,22.2,2.6,ml,,,,0.5,us,usc000n5su,2023-07-20T16:42:56.522Z,"186 km S of Atka, Alaska",earthquake,,9.8,,15,reviewed,ak,ak
2014-03-09T04:31:26.400Z,19.1781,-66.7575,36,2.9,Md,12,273.6,0.7285337,0.31,pr,pr14068001,2014-05-15T02:23:49.000Z,"76 km N of Hatillo, Puerto Rico",earthquake,1.5,7.2,0,10,reviewed,pr,pr
2014-03-09T04:25:40.640Z,38.8075,-122.7993333,2.566,2.75,ml,86,23,0.003604,0.05,nc,nc72181351,2022-07-26T08:54:53.063Z,"6 km WSW of Cobb, California",earthquake,0.09,0.14,0.196,34,reviewed,nc,nc
2014-03-09T03:31:29.000Z,54.9105,162.645,36.73,4.3,mb,,155,3.431,0.74,us,usc000nnr5,2014-05-15T02:23:49.000Z,"147 km S of Ust’-Kamchatsk Staryy, Russia",earthquake,,10.1,0.238,8,reviewed,us,us
2014-03-09T02:39:24.800Z,18.9137,-63.8086,45,2.8,Md,8,334.8,0.91179001,0.23,pr,pr14068000,2014-05-15T02:23:49.000Z,"109 km NW of Sandy Ground Village, Anguilla",earthquake,5.4,7.5,0,5,reviewed,pr,pr
2014-03-09T02:27:16.260Z,36.0495,-117.5736667,1.281,2.65,ml,32,37,0.06912,0.14,ci,ci15473937,2016-03-11T22:35:51.539Z,"32km ENE of Little Lake, CA",earthquake,0.22,0.67,0.158,84,reviewed,ci,ci
2014-03-09T02:24:48.180Z,-1.1443,133.8649,33.28,4.1,mb,,215,2.39,0.13,us,usc000nnrv,2014-05-15T02:23:48.000Z,"38 km SW of Manokwari, Indonesia",earthquake,,10.5,0.301,4,reviewed,us,us
2014-03-09T02:21:04.290Z,0.9698,124.1042,35.33,4.4,mb,,102,2.401,1,us,usc000n5qm,2014-05-15T02:23:48.000Z,"Minahasa, Sulawesi, Indonesia",earthquake,,8.7,0.143,21,reviewed,us,us
2014-03-09T02:10:58.150Z,0.3318,-77.6292,10,4.3,mb,,105,0.826,0.59,us,usc000n5qh,2014-05-15T02:23:48.000Z,"35 km E of Pimampiro, Ecuador",earthquake,,3.1,0.377,6,reviewed,us,us
2014-03-09T01:50:45.700Z,35.492,-97.252,7.4,2.8,ml,,,,0.83,us,usc000n5q0,2022-08-06T22:10:05.899Z,"1 km ESE of Choctaw, Oklahoma",earthquake,,5.2,,,reviewed,tul,tul
2014-03-09T01:49:07.000Z,-33.157,-71.93,16.6,4.1,mb,,,,0.96,us,usc000nnr4,2014-05-15T02:23:48.000Z,"31 km WSW of Valparaíso, Chile",earthquake,,3.3,0.524,9,reviewed,guc,us
2014-03-09T01:12:26.210Z,-2.5485,127.6124,19.37,4.2,mb,,97,4.014,0.73,us,usc000nnr3,2014-05-15T02:23:48.000Z,"141 km NNW of Ambon, Indonesia",earthquake,,6.5,0.186,9,reviewed,us,us
2014-03-09T00:49:57.220Z,-9.3083,115.2523,40.93,4.2,mb,,78,1.369,1.48,us,usc000n5pm,2014-05-15T02:23:47.000Z,"56 km S of Nusa Dua, Indonesia",earthquake,,7.4,0.11,25,reviewed,us,us
2014-03-09T00:05:22.300Z,35.495,-97.242,6.228,2.9,ml,,67,,0.46,us,usc000n5mx,2022-08-06T22:09:16.496Z,"2 km E of Choctaw, Oklahoma",earthquake,,6.2,,,reviewed,tul,tul
2014-03-08T23:42:47.010Z,-10.1577,118.8848,75,4.1,mb,,90,3.637,1.19,us,usc000nnpv,2014-05-15T02:23:47.000Z,"161 km WSW of Waingapu, Indonesia",earthquake,,10,0.157,13,reviewed,us,us
2014-03-08T22:27:47.000Z,-2.6638,126.7725,34.05,4.2,mb,,59,3.463,1.1,us,usc000nnqs,2014-05-15T02:23:47.000Z,"193 km NW of Ambon, Indonesia",earthquake,,7,0.132,18,reviewed,us,us
2014-03-08T22:18:29.300Z,-20.6489,-179.3795,561.08,4,mb,,135,20.313,1.27,us,usc000nnpg,2014-05-15T02:23:47.000Z,"Fiji region",earthquake,,15.3,0.164,11,reviewed,us,us
2014-03-08T21:50:55.000Z,35.796,-96.976,5,3.3,ml,,,,0.64,us,usc000n5jn,2022-07-26T08:53:57.325Z,"3 km ESE of Carney, Oklahoma",earthquake,,7.7,,,reviewed,tul,tul
2014-03-08T21:25:03.790Z,-60.8927,-19.5147,19.93,4.7,mb,,84,11.238,0.89,us,usc000nnqx,2014-05-15T02:23:47.000Z,"east of the South Sandwich Islands",earthquake,,4,0.174,11,reviewed,us,us
2014-03-08T21:07:33.700Z,36.1613,141.2104,46.13,4.5,mb,,136,2.452,0.68,us,usc000nnqu,2014-05-15T02:23:46.000Z,"55 km ENE of Kashima-shi, Japan",earthquake,,5.4,0.181,10,reviewed,us,us
2014-03-08T21:06:08.690Z,-23.8491,-179.6985,524.16,4.7,mb,,52,5.602,1.02,us,usc000n5it,2014-05-15T02:23:46.000Z,"south of the Fiji Islands",earthquake,,6.2,0.04,210,reviewed,us,us
2014-03-08T20:56:55.010Z,-10.274,161.3982,76.93,5.3,mb,,30,1.653,0.65,us,usc000n5ij,2022-05-03T16:44:46.127Z,"60 km WNW of Kirakira, Solomon Islands",earthquake,,4.7,0.042,192,reviewed,us,us
2014-03-08T20:54:44.900Z,13.861,-91.297,58.6,4.1,mb,,,,1.11,us,usc000nnqp,2014-05-15T02:23:46.000Z,"35 km SW of La Gomera, Guatemala",earthquake,,6.3,0.135,17,reviewed,unm,us
2014-03-08T20:51:53.940Z,40.4336667,-124.5645,21.334,2.59,md,33,235,0.1784,0.18,nc,nc72181141,2017-02-03T08:59:30.590Z,"29 km WSW of Ferndale, California",earthquake,0.75,0.43,0.17,46,reviewed,nc,nc
2014-03-08T20:19:45.260Z,13.8726,-90.4009,113.07,4.2,mb,,167,1.126,0.76,us,usc000n5hv,2014-05-15T02:23:46.000Z,"22 km S of Guazacapán, Guatemala",earthquake,,7.3,0.186,10,reviewed,us,us
2014-03-08T20:10:28.700Z,16.6717,123.0246,22.51,4,mb,,177,2.608,1.24,us,usc000nnpj,2014-05-15T02:23:45.000Z,"79 km SE of Dicabisagan, Philippines",earthquake,,6.6,0.196,8,reviewed,us,us
2014-03-08T20:07:25.940Z,40.2891667,-124.3961667,19.825,2.84,md,19,240,0.09189,0.09,nc,nc72181116,2017-02-03T08:58:38.569Z,"32 km SW of Scotia, California",earthquake,0.78,0.27,0.153,59,reviewed,nc,nc
2014-03-08T18:56:53.310Z,0.3099,126.2086,5.89,5.2,mb,,35,1.245,0.98,us,usc000n5gu,2025-12-22T16:48:44.284Z,"141 km WSW of Ternate, Indonesia",earthquake,,3.4,0.043,183,reviewed,us,us
2014-03-08T18:29:08.030Z,-60.6515,-19.056,9.16,5.4,mb,,49,11.325,1,us,usc000n5gj,2025-12-22T16:48:43.475Z,"east of the South Sandwich Islands",earthquake,,3.3,0.085,52,reviewed,us,us
2014-03-08T18:17:31.820Z,43.5531,-127.2445,10,3.1,ml,,245,2.233,0.89,us,usc000pe8e,2016-07-22T19:25:53.340Z,"234 km W of Bandon, Oregon",earthquake,,2,0.071,28,reviewed,us,us
2014-03-08T18:11:51.310Z,53.636,-165.874,53.8,2.7,ml,,,,0.28,us,usc000naka,2019-05-14T02:32:09.064Z,"50 km ESE of Unalaska, Alaska",earthquake,,9.9,,26,reviewed,ak,ak
2014-03-08T17:52:07.920Z,-40.6431,175.8569,29.316,4.3,mb,,,,0,us,usc000nnqf,2014-05-15T02:23:44.000Z,"38 km SSE of Palmerston North, New Zealand",earthquake,,0,0.217,8,reviewed,wel,us
2014-03-08T17:38:15.580Z,34.4194,138.7066,199.55,4.2,mb,,93,1.576,1.12,us,usc000nnqk,2014-05-15T02:23:44.000Z,"35 km SW of Shimoda, Japan",earthquake,,6.9,0.099,30,reviewed,us,us
2014-03-08T17:32:49.770Z,41.5297,19.5297,14.9,4.3,mb,,,,0.84,us,usc000n5ex,2014-05-15T02:23:44.000Z,"14 km WSW of Mamurras, Albania",earthquake,,4.5,0.16,13,reviewed,tir,us
2014-03-08T15:35:18.770Z,-21.8365,-175.8799,120.73,4.1,mb,,103,6.219,1.34,us,usc000nnqe,2014-05-15T02:23:44.000Z,"101 km SW of Vaini, Tonga",earthquake,,9.8,0.174,10,reviewed,us,us
2014-03-08T15:12:32.600Z,41.52,19.58,21,4.1,mwr,,,,1.08,us,usc000n5dt,2014-05-15T02:23:44.000Z,"11 km SW of Mamurras, Albania",earthquake,,5.7,0.062,25,reviewed,tir,us
2014-03-08T15:06:31.600Z,41.53,19.55,14,4,mwr,,,,0.93,us,usc000n5ds,2014-05-15T02:23:44.000Z,"12 km WSW of Mamurras, Albania",earthquake,,4.8,0.083,14,reviewed,tir,us
2014-03-08T14:54:22.538Z,55.5624,-135.0499,21,2.7,ml,,,,0.32,ak,ak014331nxyl,2023-07-20T16:41:10.083Z,"80 km SSW of Port Alexander, Alaska",earthquake,,3.2,,,reviewed,ak,ak
2014-03-08T14:54:12.750Z,-22.567,-176.9462,276.25,4.1,mb,,108,6.713,0.79,us,usc000nnqc,2014-05-15T02:23:43.000Z,"237 km SW of Vaini, Tonga",earthquake,,8.1,0.144,14,reviewed,us,us
2014-03-08T14:19:52.200Z,41.52,19.48,11,4.2,mb,,,,1.23,us,usc000n5dk,2014-05-15T02:23:42.000Z,"18 km WSW of Mamurras, Albania",earthquake,,4.5,0.265,5,reviewed,tir,us
2014-03-08T14:15:26.900Z,19.2339,-66.8647,39,2.8,Md,8,288,0.79590734,0.25,pr,pr14067012,2014-05-15T02:23:42.000Z,"82 km N of Hatillo, Puerto Rico",earthquake,1.8,7.9,0,8,reviewed,pr,pr
2014-03-08T13:49:35.260Z,-6.5033,129.9655,154.45,4.2,mb,,88,1.977,1.13,us,usc000n5da,2014-05-15T02:23:42.000Z,"Banda Sea",earthquake,,10.2,0.199,9,reviewed,us,us
2014-03-08T13:09:02.340Z,34.452,80.1638,36.09,4.4,mb,,133,5.779,1.18,us,usc000nnq9,2014-05-15T02:23:42.000Z,"239 km E of Leh, India",earthquake,,7.7,0.17,12,reviewed,us,us
2014-03-08T12:56:20.320Z,12.0478,144.1433,10,4.3,mb,,135,1.687,0.31,us,usc000nnqy,2022-07-26T12:54:33.672Z,"146 km SSW of Merizo Village, Guam",earthquake,,2,0.238,5,reviewed,us,us
2014-03-08T12:53:20.140Z,36.3975,-121.9211667,8.712,3.43,mw,125,194,0.2018,0.14,nc,nc72180946,2022-08-06T22:08:25.927Z,"17 km NW of Big Sur, California",earthquake,0.3,0.42,,5,reviewed,nc,nc
2014-03-08T12:33:29.700Z,0.6436,125.2568,84.87,4.3,mb,,64,2.113,0.96,us,usc000n5cz,2014-05-15T02:23:41.000Z,"82 km SSE of Tondano, Indonesia",earthquake,,8.5,0.123,20,reviewed,us,us
2014-03-08T12:21:41.750Z,12.1449,144.0561,41.37,4.3,mb,,107,1.639,0.74,us,usc000nnq3,2014-05-15T02:23:41.000Z,"140 km SSW of Merizo Village, Guam",earthquake,,7.9,0.114,25,reviewed,us,us
2014-03-08T11:45:19.090Z,45.9929,150.6663,118.48,4.3,mb,,137,5.546,0.62,us,usc000nnq2,2014-05-15T02:23:41.000Z,"233 km ENE of Kuril’sk, Russia",earthquake,,5.4,0.122,19,reviewed,us,us
2014-03-08T10:22:49.700Z,19.7558,-66.9763,41,3,Md,3,356.4,1.2872858,0.07,pr,pr14067011,2014-05-15T02:23:41.000Z,"139 km N of Isabela, Puerto Rico",earthquake,8.9,6.8,0,2,reviewed,pr,pr
2014-03-08T10:03:50.400Z,17.898,-66.7979,9,2.5,Md,8,234,0.10869615,0.15,pr,pr14067010,2014-03-08T11:12:34.083Z,"10 km SSE of Indios, Puerto Rico",earthquake,0.8,1.2,0,5,reviewed,pr,pr
2014-03-08T09:35:40.400Z,19.4691,-67.6877,64,3.4,Md,13,309.6,1.40676173,0.18,pr,pr14067009,2014-05-15T02:23:41.000Z,"123 km NE of Punta Cana, Dominican Republic",earthquake,2.1,7.2,0,13,reviewed,pr,pr
2014-03-08T08:50:55.330Z,-6.0063,102.5166,35.19,4.4,mb,,186,1.692,1.12,us,usc000nnpl,2014-05-15T02:23:41.000Z,"233 km SSW of Pagar Alam, Indonesia",earthquake,,4.6,0.203,8,reviewed,us,us
2014-03-08T08:04:24.700Z,18.1205,-68.2525,44,3,Md,12,244.8,0.40873345,0.18,pr,pr14067008,2014-05-15T02:23:41.000Z,"47 km SE of Boca de Yuma, Dominican Republic",earthquake,1.2,2.2,0,12,reviewed,pr,pr
2014-03-08T07:21:26.090Z,-32.3151,-177.9076,10,4.6,mb,,174,6.087,0.75,us,usc000nnpn,2014-05-15T02:23:40.000Z,"south of the Kermadec Islands",earthquake,,2,0.181,9,reviewed,us,us
2014-03-08T07:20:23.200Z,-32.3431,-178.0715,10,4.6,mb,,137,5.995,0.92,us,usc000nnq0,2014-05-15T02:23:40.000Z,"south of the Kermadec Islands",earthquake,,1.9,0.157,13,reviewed,us,us
2014-03-08T07:14:10.430Z,-53.1926,9.4637,12,5.4,mwb,,69,19.32,1.07,us,usc000n5bs,2025-12-22T16:28:18.461Z,"southwest of Africa",earthquake,,1.8,0.086,13,reviewed,us,us
2014-03-08T07:12:01.530Z,-32.2808,-178.1176,10,4.1,mb,,137,7.126,0.67,us,usc000nnpk,2014-05-15T02:23:40.000Z,"south of the Kermadec Islands",earthquake,,1.9,0.233,5,reviewed,us,us
2014-03-08T07:03:59.940Z,-19.2015,169.0943,164.5,4.7,mb,,51,3.783,0.83,us,usc000n5bl,2014-05-15T02:23:40.000Z,"42 km NNW of Isangel, Vanuatu",earthquake,,5.5,0.067,72,reviewed,us,us
2014-03-08T06:34:27.100Z,19.569,-67.8184,36,3.4,Md,14,313.2,1.28279423,0.25,pr,pr14067006,2014-05-15T02:23:39.000Z,"125 km NNE of Punta Cana, Dominican Republic",earthquake,1.7,16.3,0,14,reviewed,pr,pr
2014-03-08T06:07:38.710Z,-23.9584,-66.5737,200.43,4.2,mb,,53,2.532,0.98,us,usc000n5ba,2014-05-15T02:23:39.000Z,"Jujuy, Argentina",earthquake,,7.1,0.136,18,reviewed,us,us
2014-03-08T05:50:41.790Z,-7.4612,128.4641,162.16,4,mb,,61,2.856,1.18,us,usc000nnq8,2014-05-15T02:23:39.000Z,"199 km NE of Lospalos, Timor Leste",earthquake,,8,0.196,8,reviewed,us,us
2014-03-08T05:34:27.280Z,71.0465,-7.4503,10,4.2,mb,,86,0.35,0.86,us,usc000nnqm,2014-05-15T02:23:39.000Z,"48 km ENE of Olonkinbyen, Svalbard and Jan Mayen",earthquake,,1.9,0.175,12,reviewed,us,us
2014-03-08T05:18:10.550Z,2.265,128.215,161.02,4.5,mb,,70,1.708,0.84,us,usc000n5b3,2014-05-15T02:23:39.000Z,"63 km NNE of Tobelo, Indonesia",earthquake,,2.2,0.07,63,reviewed,us,us
2014-03-08T05:14:05.660Z,59.9993,-141.4621,15.9,3.3,ml,,,,0.71,ak,ak01432w2fkm,2023-07-20T16:40:00.392Z,"109 km WNW of Yakutat, Alaska",earthquake,,0.2,,,reviewed,ak,ak
2014-03-08T04:55:51.600Z,19.4916,-67.8974,36,2.8,Md,4,295.2,1.07348676,0.23,pr,pr14067007,2014-05-15T02:23:38.000Z,"113 km NNE of Punta Cana, Dominican Republic",earthquake,2.5,15.3,0,4,reviewed,pr,pr
2014-03-08T04:16:31.440Z,33.9698333,-118.4281667,9.703,3.13,ml,79,59,0.01021,0.24,ci,ci15473729,2022-08-06T22:07:35.495Z,"2km ESE of Marina del Rey, CA",earthquake,0.32,0.39,0.212,236,reviewed,ci,ci
2014-03-08T04:05:59.600Z,19.489,-67.9505,45,2.9,Md,9,280.8,1.05102888,0.23,pr,pr14067004,2014-05-15T02:23:38.000Z,"111 km NNE of Punta Cana, Dominican Republic",earthquake,2.5,9.6,0,9,reviewed,pr,pr
2014-03-08T03:50:22.700Z,19.5981,-67.8294,43,3.9,Md,21,262.8,1.19745427,0.25,pr,pr14067003,2014-05-15T02:23:38.000Z,"127 km NNE of Punta Cana, Dominican Republic",earthquake,1.6,9,0,21,reviewed,pr,pr
2014-03-08T03:49:34.910Z,-18.7489,167.8297,84.14,4.1,mb,,152,3.552,1.1,us,usc000nnpr,2014-05-15T02:23:37.000Z,"123 km SSW of Port-Vila, Vanuatu",earthquake,,12.1,0.522,3,reviewed,us,us
2014-03-08T03:40:19.130Z,47.3448,146.933,408.05,4,mb,,149,2.873,0.66,us,usc000nnq4,2014-05-15T02:23:37.000Z,"246 km NNW of Kuril’sk, Russia",earthquake,,11.6,0.516,5,reviewed,us,us
2014-03-08T03:39:50.330Z,-41.0346,-91.8018,10,4.7,mb,,100,16.077,0.75,us,usc000n5an,2014-05-15T02:23:37.000Z,"southeast of Easter Island",earthquake,,2.7,0.104,40,reviewed,us,us
2014-03-08T03:37:52.510Z,-4.2194,133.6963,9.96,5.2,mb,,39,1.937,0.73,us,usc000n5ak,2022-05-03T16:44:44.978Z,"187 km NE of Tual, Indonesia",earthquake,,2.5,0.062,91,reviewed,us,us
2014-03-08T02:50:24.020Z,48.7956,154.1765,80.19,4.4,mb,,107,4.858,0.65,us,usc000n5aj,2014-05-15T02:23:37.000Z,"251 km SSW of Severo-Kuril’sk, Russia",earthquake,,5.9,0.143,26,reviewed,us,us
2014-03-08T01:34:12.920Z,35.89,-97.281,5,3.1,ml,,,,1.3,us,usc000n59s,2022-07-26T08:50:11.541Z,"6 km NNW of Meridian, Oklahoma",earthquake,,5.7,,,reviewed,tul,tul
2014-03-08T01:29:04.480Z,35.889,-97.284,4.7,3,ml,,,,0.41,us,usc000n59k,2014-05-15T02:23:36.000Z,"6 km NNW of Meridian, Oklahoma",earthquake,,7.8,,,reviewed,tul,tul
2014-03-08T01:17:36.400Z,19.0429,-65.3427,44,3.3,Md,12,255.6,0.77973767,0.2,pr,pr14067002,2014-05-15T02:23:36.000Z,"82 km N of Culebra, Puerto Rico",earthquake,1.9,5.5,0,11,reviewed,pr,pr
2014-03-08T01:13:09.790Z,2.3862,128.1896,63.36,4.1,mb,,171,1.802,0.15,us,usc000nnpm,2014-05-15T02:23:36.000Z,"75 km NNE of Tobelo, Indonesia",earthquake,,17.9,0.302,4,reviewed,us,us
2014-03-08T00:55:19.200Z,19.6245,-67.879,12,3.3,Md,8,280.8,1.20194585,0.18,pr,pr14067001,2014-05-15T02:23:36.000Z,"127 km NNE of Punta Cana, Dominican Republic",earthquake,3.8,5.7,0,8,reviewed,pr,pr
2014-03-08T00:44:08.420Z,-39.0445,-91.8991,10,4.4,mb,,227,14.34,1.2,us,usc000nnpt,2014-05-15T02:23:36.000Z,"West Chile Rise",earthquake,,2,0.189,8,reviewed,us,us
2014-03-08T00:07:36.290Z,-24.3781,-67.0385,164.3,4.5,mb,,55,2.447,0.83,us,usc000n58z,2025-12-22T16:48:42.703Z,"75 km WSW of San Antonio de los Cobres, Argentina",earthquake,,5.6,0.056,110,reviewed,us,us
2014-03-08T00:01:09.500Z,18.8346,-65.3462,74,3,Md,7,248.4,0.52731107,0.25,pr,pr14067000,2014-05-15T02:23:35.000Z,"59 km N of Culebra, Puerto Rico",earthquake,2.7,3.3,0,6,reviewed,pr,pr
2014-03-07T23:52:18.600Z,-9.6744,108.4193,34.05,4.1,mb,,123,2.188,0.91,us,usc000nbj9,2014-05-15T02:23:35.000Z,"243 km SSW of Kroya, Indonesia",earthquake,,6.1,0.165,12,reviewed,us,us
2014-03-07T23:43:26.100Z,18.9193,-65.3746,60,3.2,Md,11,252,0.61444765,0.4,pr,pr14066017,2014-05-15T02:23:35.000Z,"68 km N of Culebra, Puerto Rico",earthquake,4,6.1,0,9,reviewed,pr,pr
2014-03-07T23:41:07.800Z,18.7425,-65.3328,90,3,Md,7,237.6,0.4347846,0.17,pr,pr14066016,2014-05-15T02:23:35.000Z,"48 km N of Culebra, Puerto Rico",earthquake,2.1,1.5,0,7,reviewed,pr,pr
2014-03-07T23:38:50.400Z,19.0631,-65.3526,34,3.7,Md,15,259.2,0.80219555,0.25,pr,pr14066014,2014-05-15T02:23:35.000Z,"84 km N of Culebra, Puerto Rico",earthquake,1.4,8.3,0,9,reviewed,pr,pr
2014-03-07T23:35:08.200Z,18.9615,-65.2918,77,3.1,Md,7,262.8,0.68631288,0.25,pr,pr14066013,2014-05-15T02:23:34.000Z,"72 km N of Culebra, Puerto Rico",earthquake,3.1,4,0,7,reviewed,pr,pr
2014-03-07T23:26:39.000Z,19.0209,-65.3069,56,3.1,Md,6,266.4,0.74470337,0.25,pr,pr14066015,2014-05-15T02:23:34.000Z,"79 km N of Culebra, Puerto Rico",earthquake,2.6,5.8,0,6,reviewed,pr,pr
2014-03-07T23:15:29.700Z,19.0837,-65.3253,45,3.4,Md,13,241.2,0.80848376,0.23,pr,pr14066011,2014-05-15T02:23:34.000Z,"86 km N of Culebra, Puerto Rico",earthquake,1.9,6,0,12,reviewed,pr,pr
2014-03-07T22:57:24.100Z,19.0475,-65.345,49,2.8,Md,7,266.4,0.78512756,0.3,pr,pr14066012,2014-03-07T23:33:50.103Z,"82 km N of Culebra, Puerto Rico",earthquake,4.2,8.9,0,7,reviewed,pr,pr
2014-03-07T22:50:07.140Z,-54.357,140.045,10.68,4.2,mb,,109,17.201,0.87,us,usc000nbj7,2014-05-15T02:23:34.000Z,"west of Macquarie Island",earthquake,,5.2,0.236,6,reviewed,us,us
2014-03-07T22:43:18.400Z,19.0002,-65.2949,66,3.1,Md,7,241.2,0.72134717,0.28,pr,pr14066009,2014-05-15T02:23:34.000Z,"77 km N of Culebra, Puerto Rico",earthquake,3,5,0,7,reviewed,pr,pr
2014-03-07T22:33:55.900Z,36.777,-98.332,5,2.5,ml,,,,0.75,us,usc000n58c,2014-05-15T02:23:33.000Z,"3 km NE of Cherokee, Oklahoma",earthquake,,2,,,reviewed,tul,tul
2014-03-07T22:28:20.900Z,18.9141,-65.3208,72,3.3,Md,11,234,0.6584651,0.31,pr,pr14066008,2014-05-15T02:23:33.000Z,"67 km N of Culebra, Puerto Rico",earthquake,3.1,3.7,0,10,reviewed,pr,pr
2014-03-07T21:42:57.000Z,52.3783,-169.4685,35.3,2.5,ml,,341,,0.6,us,usc000n9wx,2023-07-20T16:39:13.788Z,"74 km SSW of Nikolski, Alaska",earthquake,,10.1,,,reviewed,ak,ak
2014-03-07T21:38:23.640Z,37.6041667,-122.0146667,6.353,2.77,md,222,25,0.02162,0.19,nc,nc72180656,2022-07-26T08:49:15.294Z,"1 km NNE of Union City, California",earthquake,0.1,0.19,0.177,126,reviewed,nc,nc
2014-03-07T21:23:22.680Z,-6.2815,147.8283,43.35,5.1,mb,,16,3.172,0.95,us,usc000n55v,2022-05-03T16:44:43.843Z,"30 km N of Finschhafen, Papua New Guinea",earthquake,,4.2,0.046,158,reviewed,us,us
2014-03-07T20:36:06.410Z,-49.0178,123.3764,14.89,4.5,mb,,134,16.719,0.62,us,usc000nbj2,2014-05-15T02:23:32.000Z,"western Indian-Antarctic Ridge",earthquake,,5.1,0.243,5,reviewed,us,us
2014-03-07T20:34:59.450Z,-19.3368,-173.1695,4.68,4.9,mb,,109,3.074,1.04,us,usc000nbj3,2014-05-15T02:23:32.000Z,"114 km SE of Neiafu, Tonga",earthquake,,5.8,0.212,8,reviewed,us,us
2014-03-07T20:17:57.130Z,-6.0019,125.5838,555.08,4.7,mb,,44,3.95,1.01,us,usc000nbj1,2014-05-15T02:23:32.000Z,"280 km N of Metinaro, Timor Leste",earthquake,,9.5,0.09,39,reviewed,us,us
2014-03-07T19:59:17.200Z,43.8152,-105.1929,0,3.8,ml,,25,0.889,0.51,us,usc000n53i,2014-05-15T02:23:32.000Z,"25 km ENE of Wright, Wyoming",mining explosion,,1.9,0.053,68,reviewed,us,us
2014-03-07T19:36:35.110Z,-5.6858,134.0275,33.33,4,mb,,163,3.27,1.38,us,usc000nbiz,2014-05-15T02:23:32.000Z,"141 km E of Tual, Indonesia",earthquake,,4,0.211,7,reviewed,us,us
2014-03-07T19:11:05.100Z,19.1473,-67.1989,6,2.9,Md,13,244.8,0.68092299,0.31,pr,pr14066006,2014-05-15T02:23:32.000Z,"73 km N of San Antonio, Puerto Rico",earthquake,1.7,1.7,0,12,reviewed,pr,pr
2014-03-07T18:55:12.040Z,3.0715,96.8734,10,2.7,ml,,262,2.081,1.89,us,usc000nb9b,2021-11-06T13:00:15.890Z,"85 km NE of Sinabang, Indonesia",earthquake,,2,0.128,8,reviewed,us,us
2014-03-07T18:34:20.870Z,35.6111,140.5515,23.94,4.8,mb,,110,2.112,0.86,us,usc000n524,2014-05-15T02:23:31.000Z,"9 km S of Y?kaichiba, Japan",earthquake,,4.6,0.053,117,reviewed,us,us
2014-03-07T18:20:12.800Z,19.1429,-67.3251,35,3,Md,8,298.8,0.70068592,0.2,pr,pr14066007,2014-05-15T02:23:31.000Z,"75 km NNW of San Antonio, Puerto Rico",earthquake,1.3,6.2,0,8,reviewed,pr,pr
2014-03-07T18:09:09.370Z,-23.1428,-179.5605,555.76,4.5,mb,,191,5.817,0.85,us,usc000nbix,2014-05-15T02:23:31.000Z,"south of the Fiji Islands",earthquake,,14.4,0.121,21,reviewed,us,us
2014-03-07T17:58:31.540Z,35.9495,-117.3026667,6.147,3.13,ml,34,54,0.0605,0.13,ci,ci15473569,2016-03-11T13:05:32.297Z,"22km NNE of Trona, CA",earthquake,0.24,0.75,0.126,136,reviewed,ci,ci
2014-03-07T17:43:56.190Z,36.7809,21.6498,15.13,4.5,mb,,58,0.454,1.42,us,usc000n504,2014-05-15T02:23:30.000Z,"6 km SW of Methóni, Greece",earthquake,,1.5,0.074,56,reviewed,us,us
2014-03-07T17:31:41.200Z,12.27,-70,23.6,3,mwr,,,,0.79,us,usc000n5bb,2022-07-26T08:51:07.389Z,"67 km NNE of Punto Fijo, Venezuela",earthquake,,8.1,,,reviewed,car,car
2014-03-07T17:11:49.150Z,13.3847,145.9349,28.69,4.7,mb,,81,1.057,1.12,us,usc000nbiw,2014-05-15T02:23:30.000Z,"114 km E of Yigo Village, Guam",earthquake,,2.3,0.096,35,reviewed,us,us
2014-03-07T17:01:30.064Z,55.7397,-160.7014,82.9,2.5,ml,,,,0.6,ak,ak01431fljwu,2019-05-14T02:31:51.405Z,"42 km SE of Nelson Lagoon, Alaska",earthquake,,1.4,,,reviewed,ak,ak
2014-03-07T16:47:39.890Z,50.987,179.779,31.1,2.7,ml,,,,0.93,us,usc000n53h,2023-07-20T16:38:31.373Z,"Rat Islands, Aleutian Islands, Alaska",earthquake,,8.3,,14,reviewed,ak,ak
2014-03-07T16:20:10.700Z,36.7506,-97.5746,3.052,2.9,ml,,79,,0.68,us,usc000n4wh,2022-07-26T08:48:26.201Z,"6 km NNW of Lamont, Oklahoma",earthquake,,7.8,,,reviewed,tul,tul
2014-03-07T16:14:53.880Z,-4.556,103.8116,117.79,5.3,mwb,,42,0.875,1.01,us,usc000n4w6,2025-12-22T16:48:42.029Z,"61 km SW of Baturaja, Indonesia",earthquake,,3.2,0.061,26,reviewed,us,us
2014-03-07T16:09:56.360Z,52.583,-167.596,38.9,2.7,ml,,,,0.77,us,usc000n9xk,2019-05-14T02:31:34.284Z,"94 km ESE of Nikolski, Alaska",earthquake,,10.1,,21,reviewed,ak,ak
2014-03-07T16:00:07.270Z,-33.2551,-178.5274,101.69,4.9,mb,,162,4.03,0.69,us,usc000nbiu,2014-05-15T02:23:29.000Z,"south of the Kermadec Islands",earthquake,,9.9,0.17,12,reviewed,us,us
2014-03-07T15:18:25.870Z,43.9555,43.0896,6.32,4.1,mb,,55,0.266,1.26,us,usc000n4vr,2014-05-15T02:23:29.000Z,"5 km NE of Etoka, Russia",earthquake,,4.3,0.234,5,reviewed,us,us
2014-03-07T13:35:09.070Z,43.2966,-126.2403,10,3.1,ml,,256,1.459,1.26,us,usc000n4uu,2014-05-15T02:23:29.000Z,"150 km W of Bandon, Oregon",earthquake,,2,0.074,26,reviewed,us,us
2014-03-07T13:22:08.450Z,-27.9962,-176.7939,10,5,mb,,76,1.595,1.24,us,usc000n4um,2025-12-22T16:48:41.369Z,"Kermadec Islands region",earthquake,,1.8,0.097,36,reviewed,us,us
2014-03-07T13:11:09.040Z,-9.7005,151.6583,10,4.3,mb,,106,4.446,0.84,us,usc000nbit,2014-05-15T02:23:28.000Z,"148 km ENE of Alotau, Papua New Guinea",earthquake,,1.9,0.142,17,reviewed,us,us
2014-03-07T11:48:38.770Z,-22.8844,171.361,35,4,mb,,133,4.619,1.08,us,usc000nbir,2014-05-15T02:23:28.000Z,"southeast of the Loyalty Islands",earthquake,,2,0.259,5,reviewed,us,us
2014-03-07T11:26:46.880Z,0.2613,126.4955,59.88,4.4,mb,,59,1.008,0.65,us,usc000n4sr,2014-05-15T02:23:28.000Z,"114 km WSW of Ternate, Indonesia",earthquake,,8.1,0.105,28,reviewed,us,us
2014-03-07T11:25:52.450Z,40.2985,-124.6526667,23.094,2.7,md,25,270,0.282,0.09,nc,nc72180476,2017-02-03T08:47:42.838Z,"45 km SW of Ferndale, California",earthquake,0.55,0.68,0.149,28,reviewed,nc,nc
2014-03-07T11:07:27.610Z,-7.0814,128.9953,188.38,4.6,mb,,33,2.453,0.66,us,usc000n4sg,2014-05-15T02:23:28.000Z,"271 km NE of Lospalos, Timor Leste",earthquake,,5.3,0.085,42,reviewed,us,us
2014-03-07T10:20:24.770Z,-28.197,-177.0014,4.56,4.6,mb,,63,1.324,1.21,us,usc000n4s6,2014-05-15T02:23:27.000Z,"Kermadec Islands region",earthquake,,2.8,0.089,42,reviewed,us,us
2014-03-07T10:05:28.400Z,19.6996,-64.2823,24,3.3,Md,4,309.6,1.48311853,0.05,pr,pr14066003,2014-05-15T02:23:27.000Z,"Virgin Islands",earthquake,1.1,9.3,0,3,reviewed,pr,pr
2014-03-07T10:04:52.740Z,-28.152,-176.6437,27,5.7,mww,,44,1.568,1.37,us,usc000n4rt,2022-05-03T18:09:09.957Z,"Kermadec Islands region",earthquake,,1.7,,,reviewed,us,us
2014-03-07T08:54:30.700Z,38.9655,-111.4138333,-3.31,2.56,ml,31,41,0.1854,0.16,uu,uu60058522,2018-09-12T18:18:38.930Z,"15 km WNW of Emery, Utah",earthquake,0.32,4.23,0.116,15,reviewed,uu,uu
2014-03-07T08:45:08.990Z,2.4453,128.4933,237.08,4.3,mb,,99,2.007,0.95,us,usc000n4r2,2014-05-15T02:23:27.000Z,"95 km NE of Tobelo, Indonesia",earthquake,,6.3,0.084,43,reviewed,us,us
2014-03-07T08:41:57.120Z,31.6755,91.1309,15.49,4.7,mb,,53,1.966,0.98,us,usc000n4qy,2014-05-15T02:23:26.000Z,"90 km WNW of Nagqu, China",earthquake,,3.5,0.06,92,reviewed,us,us
2014-03-07T07:40:38.990Z,2.3446,66.8391,10,4.9,mb,,102,6.422,1.04,us,usc000n4qd,2025-12-22T16:48:40.712Z,"Carlsberg Ridge",earthquake,,1.7,0.075,61,reviewed,us,us
2014-03-07T06:27:56.080Z,-7.0334,129.2963,151.65,4.5,mb,,80,2.198,0.87,us,usc000nbim,2014-05-15T02:23:26.000Z,"Kepulauan Babar, Indonesia",earthquake,,10.2,0.163,12,reviewed,us,us
2014-03-07T06:19:39.210Z,-20.3405,-177.6097,529.4,4.2,mb,,99,4.847,0.75,us,usc000nbil,2014-05-15T02:23:26.000Z,"265 km WNW of Haveluloto, Tonga",earthquake,,9.9,0.136,16,reviewed,us,us
2014-03-07T06:16:21.800Z,19.5429,-67.9456,30,3.9,Md,24,266.4,1.10313117,0.36,pr,pr14066000,2014-05-15T02:23:26.000Z,"116 km NNE of Punta Cana, Dominican Republic",earthquake,2,22.2,0,13,reviewed,pr,pr
2014-03-07T05:57:50.100Z,-15.5697,-177.2789,11.7,5.4,mwc,,46,4.969,1.05,us,usc000n4np,2025-12-22T16:48:40.012Z,"165 km SSE of Alo, Wallis and Futuna",earthquake,,3.5,,,reviewed,us,gcmt
2014-03-07T05:28:06.260Z,30.9021,142.6237,31.71,4.8,mb,,60,3.25,0.76,us,usc000n4nh,2014-05-15T02:23:25.000Z,"Izu Islands, Japan region",earthquake,,3.9,0.05,127,reviewed,us,us
2014-03-07T05:24:24.820Z,-21.1015,-178.8097,588.22,4.5,mb,,75,4.462,1.11,us,usc000nbij,2014-05-15T02:23:25.000Z,"Fiji region",earthquake,,4.5,0.067,67,reviewed,us,us
2014-03-07T05:17:28.620Z,-6.2671,151.0521,31.35,5,mb,,47,2.34,1.25,us,usc000n4na,2014-05-15T02:23:25.000Z,"128 km SE of Kimbe, Papua New Guinea",earthquake,,4.2,0.073,69,reviewed,us,us
2014-03-07T05:07:33.971Z,65.5956,-144.78,11,2.6,ml,,,,0.63,ak,ak014318hn91,2023-07-20T16:37:17.091Z,"2 km NNE of Central, Alaska",earthquake,,0.2,,,reviewed,ak,ak
2014-03-07T05:03:49.060Z,32.0253,-40.0875,10,4.5,mb,,91,21.613,1.07,us,usc000nbii,2014-05-15T02:23:25.000Z,"northern Mid-Atlantic Ridge",earthquake,,1.9,0.191,12,reviewed,us,us
2014-03-07T04:54:07.700Z,19.4687,-67.9589,34,2.7,Md,5,295.2,1.02946932,0.25,pr,pr14066002,2014-05-15T02:23:24.000Z,"108 km NNE of Punta Cana, Dominican Republic",earthquake,2.4,16.6,0,4,reviewed,pr,pr
2014-03-07T04:51:19.500Z,19.5259,-67.9745,34,2.7,Md,6,291.6,1.07708003,0.28,pr,pr14066001,2014-05-15T02:23:24.000Z,"113 km NNE of Punta Cana, Dominican Republic",earthquake,2.5,18.5,0,5,reviewed,pr,pr
2014-03-07T03:14:00.533Z,61.377,-150.3434,54.9,2.5,ml,,,,0.63,ak,ak014317c7h1,2023-08-18T16:06:11.361Z,"19 km W of Point MacKenzie, Alaska",earthquake,,0.3,,,reviewed,ak,ak
2014-03-07T03:00:00.460Z,-11.9762,-73.0843,41.11,4.2,mb,,114,3.677,0.82,us,usc000nbif,2014-05-15T02:23:24.000Z,"18 km NNW of Pangoa, Peru",earthquake,,9.8,0.372,4,reviewed,us,us
2014-03-07T02:51:09.130Z,-23.8541,-179.9398,512.24,4.2,mb,,122,6.361,0.91,us,usc000n4m9,2014-05-15T02:23:24.000Z,"south of the Fiji Islands",earthquake,,9.6,0.264,10,reviewed,us,us
2014-03-07T01:46:17.770Z,11.6006,-87.0668,52.13,4.1,mb,,170,1.449,0.48,us,usc000nbie,2014-05-15T02:23:24.000Z,"63 km WSW of Masachapa, Nicaragua",earthquake,,13.1,0.302,3,reviewed,us,us
2014-03-07T01:46:11.300Z,50.0313,156.8916,89.9,4.2,mb,,213,3.122,0.68,us,usc000nbin,2014-05-15T02:23:23.000Z,"89 km SE of Severo-Kuril’sk, Russia",earthquake,,9.6,0.373,5,reviewed,us,us
2014-03-07T01:32:45.150Z,-60.6278,-26.693,22.71,4.7,mb,,107,14.536,0.37,us,usc000nbid,2014-05-15T02:23:23.000Z,"South Sandwich Islands region",earthquake,,4.9,0.194,13,reviewed,us,us
2014-03-07T01:20:35.150Z,53.428,-163.566,37.5,2.6,ml,,,,0.46,us,usc000n52j,2023-07-20T16:36:37.151Z,"159 km S of False Pass, Alaska",earthquake,,10.1,,15,reviewed,ak,ak
2014-03-07T00:58:35.840Z,32.8711667,-116.2341667,4.334,2.8,ml,69,50,0.04704,0.23,ci,ci15473361,2022-07-26T08:47:29.260Z,"27km NW of Ocotillo, CA",earthquake,0.21,0.76,0.154,127,reviewed,ci,ci
2014-03-07T00:10:37.570Z,-6.9161,154.8902,136.53,4.1,mb,,88,3.833,0.52,us,usc000nbic,2014-05-15T02:23:23.000Z,"93 km SW of Panguna, Papua New Guinea",earthquake,,6.5,0.135,16,reviewed,us,us
2014-03-06T23:51:51.830Z,-60.9418,-27.0453,13.98,4.6,mb,,111,17.136,1.16,us,usc000nbib,2014-05-15T02:23:23.000Z,"South Sandwich Islands region",earthquake,,6.2,0.183,10,reviewed,us,us
2014-03-06T23:47:01.630Z,-60.7149,-27.0384,10,5.1,mb,,54,8.206,1.43,us,usc000n4km,2014-05-15T02:23:22.000Z,"South Sandwich Islands region",earthquake,,1.8,0.097,38,reviewed,us,us
2014-03-06T23:31:41.720Z,-6.182,150.9666,40.23,4.2,mb,,149,2.309,0.62,us,usc000nbi4,2014-05-15T02:23:22.000Z,"115 km SE of Kimbe, Papua New Guinea",earthquake,,4.7,0.2,8,reviewed,us,us
2014-03-06T23:24:53.090Z,-6.2909,150.9913,41.1,4.8,mb,,47,2.39,0.89,us,usc000n4k1,2014-05-15T02:23:22.000Z,"125 km SE of Kimbe, Papua New Guinea",earthquake,,5.6,0.059,91,reviewed,us,us
2014-03-06T23:04:25.240Z,33.767,-120.2155,14.842,2.77,ml,6,277,0.5339,0.35,ci,ci15473329,2016-03-11T05:58:03.644Z,"22km SSW of Santa Rosa Is., CA",earthquake,3.19,31.61,0.073,14,reviewed,ci,ci
2014-03-06T23:01:43.640Z,-6.0044,153.9039,98.27,4.3,mb,,98,2.499,0.99,us,usc000nbi3,2014-05-15T02:23:22.000Z,"178 km W of Panguna, Papua New Guinea",earthquake,,6.2,0.148,14,reviewed,us,us
2014-03-06T22:22:27.310Z,-24.2038,-177.3422,168.35,4,mb,,148,17.288,0.48,us,usc000nbi2,2014-05-15T02:23:22.000Z,"south of the Fiji Islands",earthquake,,10.6,0.164,10,reviewed,us,us
2014-03-06T22:08:27.070Z,-6.3787,130.3585,147.37,4.4,mb,,78,1.846,1.27,us,usc000nbi1,2014-05-15T02:23:22.000Z,"277 km WSW of Tual, Indonesia",earthquake,,8.4,0.13,18,reviewed,us,us
2014-03-06T21:56:45.900Z,19.4685,-67.9251,52,4.6,Ml,19,262.8,1.04204573,0.43,pr,pr14065002,2022-07-26T08:46:31.257Z,"110 km NNE of Punta Cana, Dominican Republic",earthquake,3.2,12.2,0,16,reviewed,pr,pr
2014-03-06T21:45:04.900Z,36.294,-97.123,5,2.5,ml,,,,0.66,us,usc000n4ms,2014-05-15T02:23:21.000Z,"10 km W of Morrison, Oklahoma",earthquake,,1.8,,,reviewed,tul,tul
2014-03-06T19:50:32.540Z,52.5179,172.5046,39.54,4,mb,,203,0.997,0.88,us,usc000nbhz,2014-05-15T02:23:21.000Z,"58 km SW of Attu Station, Alaska",earthquake,,12.6,0.116,20,reviewed,us,us
2014-03-06T18:54:44.990Z,-5.8076,154.1436,59.13,4.4,mb,,126,2.543,0.55,us,usc000nbi0,2014-05-15T02:23:21.000Z,"158 km WNW of Panguna, Papua New Guinea",earthquake,,10.6,0.202,8,reviewed,us,us
2014-03-06T18:44:19.300Z,36.287,-97.126,5,2.5,ml,,,,0.68,us,usc000n4ja,2014-05-15T02:23:21.000Z,"10 km W of Morrison, Oklahoma",earthquake,,7.8,,,reviewed,tul,tul
2014-03-06T18:44:01.810Z,0.1756,126.2508,44.55,4.5,mb,,50,1.263,0.74,us,usc000n48y,2014-05-15T02:23:20.000Z,"143 km WSW of Ternate, Indonesia",earthquake,,6.2,0.108,27,reviewed,us,us
2014-03-06T17:37:34.820Z,-5.7487,153.9599,67.48,4.6,mb,,94,2.365,0.54,us,usc000nbhw,2014-05-15T02:23:20.000Z,"180 km WNW of Panguna, Papua New Guinea",earthquake,,7.7,0.133,19,reviewed,us,us
2014-03-06T17:33:17.310Z,51.388,-174.732,5.7,3.1,ml,,,,0.33,us,usc000naz9,2019-05-14T02:30:49.573Z,"97 km SSW of Atka, Alaska",earthquake,,5,,16,reviewed,ak,ak
2014-03-06T17:17:04.920Z,-23.9947,-66.8212,194.93,4.3,mb,,112,2.363,0.99,us,usc000nbhu,2014-05-15T02:23:20.000Z,"56 km WNW of San Antonio de los Cobres, Argentina",earthquake,,4.1,0.237,5,reviewed,us,us
2014-03-06T17:14:07.100Z,19.2252,-66.9515,27,2.8,Md,3,334.8,0.76805957,0.05,pr,pr14065001,2014-05-15T02:23:20.000Z,"80 km N of Isabela, Puerto Rico",earthquake,1.3,7,0,3,reviewed,pr,pr
2014-03-06T16:58:23.560Z,10.4519,126.426,19.38,4.6,mb,,127,14.313,1.11,us,usc000nbhr,2014-05-15T02:23:19.000Z,"63 km NE of Santa Monica, Philippines",earthquake,,2.3,0.141,16,reviewed,us,us
2014-03-06T16:22:11.690Z,-18.0723,-178.2979,536.22,4.4,mb,,142,3.489,0.53,us,usc000nbhp,2014-05-15T02:23:19.000Z,"252 km E of Levuka, Fiji",earthquake,,7.2,0.138,17,reviewed,us,us
2014-03-06T15:15:22.250Z,35.9908,31.2739,62.49,4.5,mb,,48,1.336,0.78,us,usc000n43d,2014-05-15T02:23:19.000Z,"82 km SSW of Okurcalar, Turkey",earthquake,,5.6,0.059,87,reviewed,us,us
2014-03-06T14:31:44.360Z,-21.4431,-178.8219,548.25,5,mb,,41,4.713,0.94,us,usc000n42q,2025-12-22T16:48:39.395Z,"Fiji region",earthquake,,5.8,0.048,140,reviewed,us,us
2014-03-06T14:04:18.305Z,53.6456,-164.7794,51.4,2.5,ml,,,,0.26,ak,ak0142zqaiue,2019-05-14T02:30:46.956Z,"85 km SE of Akutan, Alaska",earthquake,,3.5,,,reviewed,ak,ak
2014-03-06T13:51:38.704Z,61.5518,-159.7723,31.6,3.9,ml,,,,0.76,ak,ak0142zpz7gu,2023-07-20T16:35:49.033Z,"13 km WSW of Aniak, Alaska",earthquake,,8.5,,,reviewed,ak,ak
2014-03-06T13:11:37.900Z,16.226,-97.993,10.5,4.3,mb,,,,1.34,us,usc000n41m,2014-05-15T02:23:18.000Z,"4 km NNW of Collantes, Mexico",earthquake,,3.3,0.108,26,reviewed,unm,us
2014-03-06T11:43:14.400Z,36.8853,-97.6872,5,2.6,ml,,115,,0.72,us,usc000n40t,2014-05-15T02:23:18.000Z,"Oklahoma",earthquake,,2,,,reviewed,tul,tul
2014-03-06T11:17:20.130Z,85.8547,25.3721,13.52,4.5,mb,,56,7.163,1.17,us,usc000n40l,2014-05-15T02:23:18.000Z,"north of Svalbard",earthquake,,5.2,0.128,19,reviewed,us,us
2014-03-06T10:23:59.870Z,-7.6378,117.1287,299.24,5.1,mb,,32,3.061,0.83,us,usc000n403,2025-12-22T16:48:37.108Z,"94 km NNW of Pototano, Indonesia",earthquake,,3.7,0.056,108,reviewed,us,us
2014-03-06T10:20:19.339Z,67.4553,-142.2503,4.9,2.7,ml,,,,0.88,ak,ak0142zo07yl,2023-07-20T16:35:37.305Z,"109 km NE of Chalkyitsik, Alaska",earthquake,,1.2,,,reviewed,ak,ak
2014-03-06T09:35:23.800Z,35.5954,-97.3883,6.172,2.6,ml,,45,,0.38,us,usc000n3zh,2014-05-15T02:23:18.000Z,"8 km NE of Lake Aluma, Oklahoma",earthquake,,5.2,,,reviewed,tul,tul
2014-03-06T09:05:25.740Z,27.6974,-106.0392,19.4,3.6,ml,,132,0.828,1.47,us,usc000nz6v,2014-05-15T02:23:17.000Z,"35 km NW of Valle de Zaragoza, Mexico",earthquake,,5.6,0.115,10,reviewed,us,us
2014-03-06T08:29:37.040Z,35.6806667,-84.2606667,20.95,2.6,md,18,105,0.05226,0.1,se,se610616,2016-04-07T18:14:59.980Z,"0 km WSW of Tellico Village, Tennessee",earthquake,0.5,0.8,0.257,7,reviewed,se,se
2014-03-06T08:17:06.770Z,-20.3333,-177.7815,637.79,4.3,mb,,75,4.706,1.36,us,usc000nbhh,2014-05-15T02:23:17.000Z,"282 km WNW of Haveluloto, Tonga",earthquake,,9.9,0.109,25,reviewed,us,us
2014-03-06T07:59:57.040Z,-5.8741,154.4155,35,4.5,mb,,107,2.797,0.87,us,usc000nbhg,2014-05-15T02:23:17.000Z,"128 km WNW of Panguna, Papua New Guinea",earthquake,,2,0.15,14,reviewed,us,us
2014-03-06T07:25:51.200Z,32.1262,-40.1489,10,4.4,mb,,112,21.5,1.43,us,usc000nbhf,2014-05-15T02:23:17.000Z,"northern Mid-Atlantic Ridge",earthquake,,1.9,0.162,11,reviewed,us,us
2014-03-06T06:50:30.900Z,28.154,-112.452,3,3.9,mb,,,,2,us,usc000n3xw,2014-05-15T02:23:16.000Z,"89 km SW of Bahía de Kino, Mexico",earthquake,,8.2,0.295,3,reviewed,unm,us
2014-03-06T05:53:14.290Z,36.4244,141.0936,45.7,4.5,mb,,166,2.327,0.85,us,usc000nbhd,2014-05-15T02:23:16.000Z,"44 km ESE of Hitachi, Japan",earthquake,,11.2,0.221,7,reviewed,us,us
2014-03-06T05:42:37.810Z,18.5747,145.5627,209.96,5.3,mb,,16,5.001,0.84,us,usc000n3x6,2022-05-03T16:44:38.112Z,"Pagan region, Northern Mariana Islands",earthquake,,4.7,0.031,382,reviewed,us,us
2014-03-06T04:37:05.000Z,-33.333,-71.28,59.7,5.3,mb,,,,0.8,us,usc000n3w0,2022-07-26T08:44:35.404Z,"33 km SSE of Villa Alemana, Chile",earthquake,,3.7,0.033,332,reviewed,guc,us
2014-03-06T03:48:47.690Z,26.4336,-44.4627,10,4.6,mb,,144,21.622,0.86,us,usc000nbha,2014-05-15T02:23:15.000Z,"northern Mid-Atlantic Ridge",earthquake,,1.9,0.107,28,reviewed,us,us
2014-03-06T03:38:21.460Z,-24.0138,-177.057,119.96,4.5,mb,,227,5.268,0.58,us,usc000nbhi,2014-05-15T02:23:15.000Z,"south of the Fiji Islands",earthquake,,9.2,0.135,17,reviewed,us,us
2014-03-06T03:24:39.540Z,-57.6234,-23.5291,31.07,4.4,mb,,92,16.492,0.62,us,usc000nbh9,2014-05-15T02:23:15.000Z,"South Sandwich Islands region",earthquake,,5,0.169,11,reviewed,us,us
2014-03-06T03:24:19.350Z,51.8006,176.1379,43.75,5,mb,,68,1.559,0.72,us,usc000n3vc,2025-12-22T16:48:35.291Z,"232 km ESE of Attu Station, Alaska",earthquake,,4.7,0.03,383,reviewed,us,us
2014-03-06T02:40:01.910Z,29.1406,-97.7415,5,2.7,mb_lg,,128,0.29,0.57,us,usc000n3ug,2022-07-26T08:42:43.187Z,"14 km S of Nixon, Texas",earthquake,,2,0.12,19,reviewed,us,us
2014-03-06T02:31:21.000Z,-4.5,-79.74,65,3.6,mb,,,,0.56,us,usc000pjgn,2014-05-15T02:23:14.000Z,"11 km NE of Jilili, Peru",earthquake,,9.9,0.288,3,reviewed,lim,us
2014-03-06T01:15:14.970Z,-17.4686,-178.6996,554.49,4.4,mb,,122,3.109,0.67,us,usc000nbh8,2014-05-15T02:23:14.000Z,"220 km ENE of Levuka, Fiji",earthquake,,8,0.101,30,reviewed,us,us
2014-03-06T00:55:55.390Z,35.7091667,-121.063,9.286,3.13,ml,99,56,0.07117,0.08,nc,nc72179616,2022-08-06T22:06:40.841Z,"Near the coast of Central California",earthquake,0.11,0.32,0.121,25,reviewed,nc,nc
2014-03-06T00:39:47.270Z,53.624,-165.437,55.7,2.6,ml,,,,0.25,us,usc000naz8,2019-05-14T02:30:29.526Z,"60 km SSE of Akutan, Alaska",earthquake,,9.4,,26,reviewed,ak,ak
2014-03-06T00:35:33.694Z,65.2214,-170.5305,9.5,3.2,ml,,,,0.85,ak,ak0142zi54rd,2019-05-14T02:31:01.888Z,"46 km SSE of Lavrentiya, Russia",earthquake,,4.9,,,reviewed,ak,ak
2014-03-06T00:26:35.000Z,-22.451,-69.977,50.9,4.4,mb,,,,1.51,us,usc000n3sz,2022-07-26T08:43:39.511Z,"45 km SSE of Tocopilla, Chile",earthquake,,3.7,0.131,25,reviewed,guc,us
2014-03-06T00:23:19.290Z,-0.1817,122.9097,140.88,5.1,mb,,34,0.865,1.21,us,usc000n3sy,2014-05-15T02:23:13.000Z,"81 km SSW of Gorontalo, Indonesia",earthquake,,0.5,0.058,102,reviewed,us,us
2014-03-05T23:44:00.230Z,-60.785,-26.9637,10,4.4,mb,,123,14.469,1.41,us,usc000nbgx,2014-05-15T02:23:13.000Z,"South Sandwich Islands region",earthquake,,1.9,0.31,5,reviewed,us,us
2014-03-05T22:58:17.240Z,-60.7469,-26.8939,10,4.2,mb,,149,14.484,0.38,us,usc000nbgw,2014-05-15T02:23:13.000Z,"South Sandwich Islands region",earthquake,,1.9,0.305,4,reviewed,us,us
2014-03-05T22:35:50.700Z,-61.3252,-28.0957,13.37,4.4,mb,,142,14.303,1.05,us,usc000nbgv,2014-05-15T02:23:13.000Z,"South Sandwich Islands region",earthquake,,3.7,0.19,8,reviewed,us,us
2014-03-05T22:27:06.390Z,-5.7523,154.1211,33,5.6,mww,,17,2.491,1.48,us,usc000n3qp,2022-05-03T16:46:44.784Z,"Bougainville region, Papua New Guinea",earthquake,,1.8,,,reviewed,us,us
2014-03-05T21:58:02.370Z,35.95,-117.3035,4.157,2.58,ml,31,67,0.06116,0.16,ci,ci15472937,2016-03-11T04:07:32.560Z,"22km NNE of Trona, CA",earthquake,0.29,1.98,0.163,85,reviewed,ci,ci
2014-03-05T21:47:29.030Z,-25.2756,-175.7633,32.08,4.1,mb,,159,4.398,0.66,us,usc000nbgy,2014-05-15T02:23:13.000Z,"south of Tonga",earthquake,,5.9,0.235,5,reviewed,us,us
2014-03-05T21:29:58.900Z,35.9551667,-117.301,6.287,2.92,ml,29,68,0.06567,0.14,ci,ci15472905,2016-03-11T22:35:42.833Z,"22km NNE of Trona, CA",earthquake,0.31,0.89,0.171,154,reviewed,ci,ci
2014-03-05T21:15:53.280Z,10.0937,-85.3451,54.47,4.7,mb,,79,0.433,1.47,us,usc000n3lw,2022-07-26T08:41:47.527Z,"8 km ENE of Hojancha, Costa Rica",earthquake,,5.4,0.043,170,reviewed,us,us
2014-03-05T20:29:00.360Z,-21.1846,-68.402,129.82,4.5,mb,,107,1.023,0.82,us,usc000nbgt,2014-05-15T02:23:12.000Z,"150 km NNE of Calama, Chile",earthquake,,6.2,0.205,8,reviewed,us,us
2014-03-05T20:25:44.570Z,20.1792,120.2336,7.14,4.4,mb,,123,2.621,0.87,us,usc000n3k7,2014-05-15T02:23:12.000Z,"183 km W of Basco, Philippines",earthquake,,4.6,0.121,23,reviewed,us,us
2014-03-05T20:01:34.810Z,-57.6948,-25.983,60.2,4.5,mb,,129,16.968,0.78,us,usc000nbh3,2014-05-15T02:23:12.000Z,"South Sandwich Islands region",earthquake,,9.2,0.242,6,reviewed,us,us
2014-03-05T19:48:29.390Z,-17.4576,-178.6631,538.68,4.5,mb,,78,3.145,0.73,us,usc000n3lj,2014-05-15T02:23:12.000Z,"224 km ENE of Levuka, Fiji",earthquake,,5.5,0.15,13,reviewed,us,us
2014-03-05T19:41:52.680Z,20.2019,120.2853,14.96,4.5,mb,,114,2.64,0.8,us,usc000n3j0,2014-05-15T02:23:11.000Z,"178 km W of Basco, Philippines",earthquake,,4.5,0.081,46,reviewed,us,us
2014-03-05T18:40:12.000Z,42.4313333,-126.5541667,4.011,2.61,md,6,338,2.15,2.95,uw,uw60708227,2016-07-22T19:25:46.820Z,"172 km WSW of Port Orford, Oregon",earthquake,46.99,31.61,0.054,3,reviewed,uw,uw
2014-03-05T18:32:10.800Z,19.1053,-66.8503,24,2.6,Md,8,284.4,0.68092299,0.1,pr,pr14064004,2014-03-05T18:58:33.287Z,"68 km N of Hatillo, Puerto Rico",earthquake,0.7,7.4,0,7,reviewed,pr,pr
2014-03-05T18:25:48.000Z,13.754,-90.467,31.3,3.5,md,,,,2.88,us,usc000nz6q,2014-05-15T02:23:11.000Z,"32 km SE of Iztapa, Guatemala",earthquake,,8.4,,,reviewed,snet,snet
2014-03-05T18:25:28.560Z,42.2457,-126.7988,10,3.4,mb,,219,1.911,0.54,us,usc000nbgq,2016-07-22T19:25:46.590Z,"196 km W of Gold Beach, Oregon",earthquake,,2,0.245,7,reviewed,us,us
2014-03-05T17:58:25.510Z,-2.958,139.3064,54.19,4.4,mb,,136,8.299,0.74,us,usb000n1nv,2014-05-15T02:23:11.000Z,"152 km WSW of Abepura, Indonesia",earthquake,,10.8,0.156,14,reviewed,us,us
2014-03-05T17:51:10.050Z,28.1075,-112.1847,13.34,4.1,mb,,148,0.786,1.48,us,usc000nbgp,2014-05-15T02:23:11.000Z,"82 km SSW of Bahía de Kino, Mexico",earthquake,,8.3,0.145,15,reviewed,us,us
2014-03-05T17:45:40.320Z,-14.5601,169.9538,627.24,4.7,mb,,112,8.18,0.85,us,usc000nbgm,2014-05-15T02:23:11.000Z,"270 km ESE of Sola, Vanuatu",earthquake,,12.1,0.099,32,reviewed,us,us
2014-03-05T17:34:19.590Z,-14.7947,167.2548,109.6,5.6,mwb,,35,7.278,0.87,us,usb000n1mk,2022-05-03T16:46:43.517Z,"33 km NE of Port-Olry, Vanuatu",earthquake,,3.8,0.058,29,reviewed,us,us
2014-03-05T17:29:18.630Z,14.1918,-92.8728,20.83,4.2,mb,,206,0.923,1.2,us,usb000n1nd,2014-05-15T02:23:10.000Z,"76 km SW of Puerto Madero, Mexico",earthquake,,9.9,0.236,5,reviewed,us,us
2014-03-05T16:39:01.270Z,-25.8264,-177.6351,148.57,4.5,mb,,136,3.415,0.59,us,usc000nbgi,2014-05-15T02:23:10.000Z,"south of the Fiji Islands",earthquake,,5,0.171,11,reviewed,us,us
2014-03-05T16:20:27.670Z,20.1906,120.494,10,4.7,mb,,154,2.67,1.39,us,usc000nbgh,2014-05-15T02:23:10.000Z,"156 km W of Basco, Philippines",earthquake,,1.9,0.39,4,reviewed,us,us
2014-03-05T15:49:20.060Z,35.593,-97.381,6.2,2.7,ml,,,,0.56,us,usc000n3xf,2022-07-26T08:45:32.202Z,"7 km N of Spencer, Oklahoma",earthquake,,4,,,reviewed,tul,tul
2014-03-05T15:30:43.090Z,51.581,-175.263,25.6,2.6,ml,,,,0.37,us,usc000n8e7,2019-05-14T02:30:07.900Z,"100 km SW of Atka, Alaska",earthquake,,7.2,,16,reviewed,ak,ak
2014-03-05T15:27:16.980Z,-17.8294,-175.5753,325.84,4.1,mb,,181,15.433,0.71,us,usc000nbge,2014-05-15T02:23:09.000Z,"191 km WNW of Neiafu, Tonga",earthquake,,26.4,0.184,9,reviewed,us,us
2014-03-05T15:08:44.920Z,38.0612,20.2958,23.96,4.3,mb,,50,1.565,1.34,us,usb000n1jp,2014-05-15T02:23:09.000Z,"19 km SW of Lixoúri, Greece",earthquake,,5.1,0.16,20,reviewed,us,us
2014-03-05T15:02:45.550Z,31.3621,138.2167,384.49,4.7,mb,,35,2.198,0.55,us,usb000n1jm,2014-05-15T02:23:09.000Z,"Izu Islands, Japan region",earthquake,,4.6,0.032,325,reviewed,us,us
2014-03-05T14:40:31.000Z,25.5371,-99.2747,10,3.9,mwr,,80,0.659,0.85,us,usb000n1j2,2014-05-15T02:23:10.000Z,"18 km SSW of China, Mexico",earthquake,,2,,13,reviewed,us,slm
2014-03-05T14:21:35.900Z,-32.6086,-178.1259,10,4.7,mb,,137,3.357,0.33,us,usc000nbgs,2014-05-15T02:23:09.000Z,"south of the Kermadec Islands",earthquake,,1.8,0.195,9,reviewed,us,us
2014-03-05T14:17:06.390Z,35.593,-97.383,6.4,3.3,mwr,,,,0.72,us,usb000n1im,2022-08-06T22:05:48.955Z,"7 km N of Spencer, Oklahoma",earthquake,,4.7,0.08,15,reviewed,tul,us
2014-03-05T14:12:36.030Z,10.0649,126.3512,72.72,4.5,mb,,173,15.278,1.06,us,usc000nbgl,2014-05-15T02:23:08.000Z,"34 km E of Santa Monica, Philippines",earthquake,,8.4,0.271,4,reviewed,us,us
2014-03-05T14:05:35.660Z,-5.5215,147.2287,233.42,4.7,mb,,128,3.457,0.9,us,usc000nbgd,2014-05-15T02:23:08.000Z,"133 km NNW of Finschhafen, Papua New Guinea",earthquake,,8.3,0.143,17,reviewed,us,us
2014-03-05T13:57:22.340Z,38.9583333,-111.4008333,3.86,2.73,ml,30,50,0.179,0.17,uu,uu60058327,2018-09-12T18:18:21.370Z,"13 km WNW of Emery, Utah",earthquake,0.33,1.12,0.106,16,reviewed,uu,uu
2014-03-05T13:50:46.870Z,60.2541,-57.0412,17.61,4.2,mb,,130,5.779,1.08,us,usb000plsu,2014-05-15T02:23:08.000Z,"Davis Strait",earthquake,,6.2,0.104,26,reviewed,us,us
2014-03-05T12:49:21.200Z,38.1095,20.3518,11.6,4.9,mwr,,,,1.26,us,usb000n1hz,2014-05-15T02:23:08.000Z,"12 km SW of Lixoúri, Greece",earthquake,,3.5,0.083,14,reviewed,the,us
2014-03-05T12:28:26.200Z,18.7565,-67.5214,7,2.8,Md,11,208.8,0.48239531,0.34,pr,pr14064002,2014-05-15T02:23:07.000Z,"53 km NW of Aguadilla, Puerto Rico",earthquake,1.6,1.3,0,10,reviewed,pr,pr
2014-03-05T12:03:29.600Z,38.6662,43.1725,5,3.9,mb,,,,1.13,us,usb000n1hn,2014-05-15T02:23:07.000Z,"26 km NW of Van, Turkey",earthquake,,1.9,0.148,12,reviewed,isk,us
2014-03-05T11:30:43.500Z,-21.8467,-173.8369,10,4.8,mb,,156,4.586,0.95,us,usc000nbgc,2014-05-15T02:23:07.000Z,"128 km ESE of ‘Ohonua, Tonga",earthquake,,1.9,0.131,19,reviewed,us,us
2014-03-05T11:14:00.220Z,-19.3051,169.269,177.76,4.2,mb,,113,3.817,0.84,us,usc000nbgg,2014-05-15T02:23:07.000Z,"26 km N of Isangel, Vanuatu",earthquake,,8,0.176,9,reviewed,us,us
2014-03-05T10:35:47.300Z,18.8166,-64.6956,11,2.5,Md,7,270,0.40424188,0.23,pr,pr14064001,2014-05-15T02:23:07.000Z,"54 km N of Cruz Bay, U.S. Virgin Islands",earthquake,1.6,1.7,0,6,reviewed,pr,pr
2014-03-05T10:30:26.020Z,-14.7811,169.8074,653.8,4.7,mb,,52,7.922,0.79,us,usc000nbgf,2014-05-15T02:23:06.000Z,"263 km ESE of Sola, Vanuatu",earthquake,,8.8,0.097,32,reviewed,us,us
2014-03-05T10:21:54.700Z,-14.7784,169.8565,642.32,4.2,mb,,63,7.943,0.92,us,usc000nbg9,2014-05-15T02:23:06.000Z,"267 km ESE of Sola, Vanuatu",earthquake,,9.6,0.152,14,reviewed,us,us
2014-03-05T09:56:57.840Z,-14.7378,169.8234,638,6.3,mww,,19,7.967,0.89,us,usb000n1ex,2022-05-03T16:46:42.322Z,"262 km ESE of Sola, Vanuatu",earthquake,,1.9,,,reviewed,us,us
2014-03-05T09:17:01.800Z,33.9296667,-116.347,6.042,3.07,ml,83,33,0.05251,0.13,ci,ci15472609,2022-08-06T22:04:59.046Z,"13km NNE of Thousand Palms, CA",earthquake,0.14,0.44,0.188,203,reviewed,ci,ci
2014-03-05T07:35:31.000Z,-28.711,-65.857,15,3.9,md,,,,0.87,us,usc000nbg6,2014-05-15T02:23:05.000Z,"11 km E of Huillapima, Argentina",earthquake,,4.8,,,reviewed,sja,sja
2014-03-05T07:32:14.620Z,33.9278333,-116.346,5.242,2.69,ml,70,36,0.05373,0.11,ci,ci15472585,2016-03-11T20:45:22.164Z,"13km NNE of Thousand Palms, CA",earthquake,0.16,0.72,0.177,171,reviewed,ci,ci
2014-03-05T06:41:40.240Z,-56.881,-27.3222,113.95,4.2,mb,,125,18.016,0.48,us,usc000nbh1,2014-05-15T02:23:05.000Z,"South Sandwich Islands region",earthquake,,8,0.2,7,reviewed,us,us
2014-03-05T06:14:09.650Z,53.035,-163.128,25.9,2.8,ml,,,,0.61,us,usc000n8dn,2023-07-20T16:33:01.647Z,"203 km S of False Pass, Alaska",earthquake,,8.5,,19,reviewed,ak,ak
2014-03-05T05:41:05.750Z,32.7943333,-115.44,10.719,2.55,ml,30,100,0.01236,0.31,ci,ci15472553,2016-03-11T09:33:46.128Z,"6km WSW of Holtville, CA",earthquake,0.65,1.04,0.159,88,reviewed,ci,ci
2014-03-05T04:25:43.020Z,-3.9612,-76.3743,99.73,4.5,mb,,91,3.739,0.74,us,usb000n1c1,2014-05-15T02:23:05.000Z,"54 km S of Alianza Cristiana, Peru",earthquake,,6.1,0.122,20,reviewed,us,us
2014-03-05T03:15:08.570Z,-8.1975,128.4635,228.92,4,mb,,144,5.31,0.61,us,usc000nbgz,2014-05-15T02:23:04.000Z,"165 km ENE of Lospalos, Timor Leste",earthquake,,13,0.258,4,reviewed,us,us
2014-03-05T03:13:19.760Z,62.0812,-149.4579,38.4,4.4,ml,,,,0.75,ak,ak0142xw9c94,2023-08-18T16:06:03.684Z,"22 km ESE of Susitna North, Alaska",earthquake,,0.2,,,reviewed,ak,ak
2014-03-05T03:11:08.570Z,0.9112,98.6475,76.32,4.3,mb,,184,1.792,0.83,us,usb000n1bk,2014-05-15T02:23:04.000Z,"86 km SW of Padangsidempuan, Indonesia",earthquake,,5.6,0.218,6,reviewed,us,us
2014-03-05T02:40:23.690Z,53.731,-163.288,37,3,ml,,,,0.52,us,usc000n8e6,2019-05-14T02:29:52.001Z,"125 km S of False Pass, Alaska",earthquake,,10.1,,41,reviewed,ak,ak
2014-03-05T02:24:23.350Z,31.3228,-119.4094,7.2,4.6,mb,,176,1.921,0.67,us,usb000n1b3,2022-08-06T22:04:10.564Z,"246 km SSW of Avalon, California",earthquake,,5,0.051,117,reviewed,us,us
2014-03-05T02:11:40.540Z,-16.7928,-178.3323,104.38,4.1,mb,,173,6.942,0.4,us,usc000nbfx,2014-05-15T02:23:03.000Z,"248 km E of Labasa, Fiji",earthquake,,14.2,0.371,2,reviewed,us,us
2014-03-04T23:14:15.170Z,-33.0931,105.9573,10.09,4.6,mb,,65,7.024,0.64,us,usb000n195,2014-05-13T21:36:51.000Z,"west of Australia",earthquake,,1.9,0.095,39,reviewed,us,us
2014-03-04T22:51:03.070Z,35.9631667,-117.3003333,5.412,3.01,ml,27,89,0.07338,0.14,ci,ci15472225,2016-03-11T04:07:23.896Z,"23km NNE of Trona, CA",earthquake,0.3,1.1,0.117,50,reviewed,ci,ci
2014-03-04T22:49:32.790Z,35.961,-117.2976667,5.567,3.78,ml,31,59,0.07087,0.14,ci,ci15472217,2016-03-11T04:07:22.371Z,"23km NNE of Trona, CA",earthquake,0.34,0.98,0.11,207,reviewed,ci,ci
2014-03-04T22:42:55.600Z,35.9618333,-117.2996667,6.087,3.29,ml,32,55,0.07197,0.14,ci,ci15472201,2016-03-11T05:57:44.934Z,"23km NNE of Trona, CA",earthquake,0.31,0.84,0.137,198,reviewed,ci,ci
2014-03-04T21:33:57.700Z,16.603,-100.67,16.1,4.3,mb,,,,1.69,us,usb000n16u,2014-05-13T21:36:51.000Z,"58 km SSW of Hacienda de Cabañas, Mexico",earthquake,,5.3,0.056,106,reviewed,unm,us
2014-03-04T21:22:54.100Z,16.608,-100.663,16.1,4.3,mb,,,,1.62,us,usb000n16i,2014-05-13T21:36:51.000Z,"57 km SSW of Hacienda de Cabañas, Mexico",earthquake,,5.6,0.052,123,reviewed,unm,us
2014-03-04T21:21:34.160Z,-56.552,-26.5703,105.19,4.9,mb,,69,6.088,0.86,us,usb000n16n,2014-05-13T21:36:51.000Z,"South Sandwich Islands region",earthquake,,5.6,0.123,23,reviewed,us,us
2014-03-04T20:46:35.000Z,-19.877,-69.192,101.2,4,mb,,,,1.13,us,usc000nb6x,2014-05-13T21:36:51.000Z,"106 km ENE of Iquique, Chile",earthquake,,5.9,0.368,2,reviewed,guc,us
2014-03-04T20:27:45.660Z,45.0902,-106.8511,0,3.3,ml,,31,1.657,1.38,us,usb000n146,2014-05-13T21:36:51.000Z,"31 km NE of Ranchester, Wyoming",mining explosion,,2,0.057,65,reviewed,us,us
2014-03-04T18:31:42.000Z,53.2114,-164.7938,62.7,2.5,ml,,,,0.66,us,usb000n180,2023-07-20T16:31:21.720Z,"121 km SSE of Akutan, Alaska",earthquake,,10.1,,,reviewed,ak,ak
2014-03-04T18:17:36.050Z,36.5037,71.2045,204.32,4.2,mb,,101,2.589,0.43,us,usb000n0z9,2014-05-13T21:36:51.000Z,"35 km SW of Ashk?sham, Afghanistan",earthquake,,11.1,0.237,5,reviewed,us,us
2014-03-04T18:16:36.110Z,27.7266,-105.613,15.27,3.3,ml,,103,0.789,1.02,us,usc000nz6l,2014-05-13T21:36:51.000Z,"18 km SW of Naica, Mexico",earthquake,,5.3,0.115,10,reviewed,us,us
2014-03-04T17:44:10.900Z,35.7979,-96.9831,4.546,2.9,ml,,132,,0.59,us,usb000n1dg,2022-07-26T08:38:52.062Z,"2 km ESE of Carney, Oklahoma",earthquake,,7.9,,,reviewed,tul,tul
2014-03-04T17:41:55.180Z,53.589,-170.458,248.5,2.9,ml,,,,0.48,us,usc000n81d,2023-07-20T16:31:16.766Z,"128 km WNW of Nikolski, Alaska",earthquake,,9.5,,21,reviewed,ak,ak
2014-03-04T17:30:45.730Z,39.7475,142.2787,50.07,4.4,mb,,148,2.361,1.17,us,usc000nb6u,2014-05-13T21:36:51.000Z,"31 km ENE of Miyako, Japan",earthquake,,9.7,0.241,5,reviewed,us,us
2014-03-04T16:46:31.520Z,-23.0774,-66.5625,208.72,4.2,mb,,120,2.215,0.8,us,usc000nb6t,2014-05-13T21:36:51.000Z,"91 km W of El Aguilar, Argentina",earthquake,,10.3,0.372,2,reviewed,us,us
2014-03-04T16:39:38.200Z,35.7987,-96.9847,4.677,2.6,ml,,132,,0.48,us,usb000n0ww,2022-07-26T08:36:02.456Z,"2 km ESE of Carney, Oklahoma",earthquake,,7.7,,,reviewed,tul,tul
2014-03-04T16:31:19.387Z,53.987,-163.1975,47.6,2.5,ml,,,,0.36,ak,ak0142wgkhhe,2019-05-14T02:29:08.151Z,"97 km S of False Pass, Alaska",earthquake,,10,,,reviewed,ak,ak
2014-03-04T16:19:55.450Z,-32.0572,-69.5203,106.78,4.6,mb,,95,1.457,0.62,us,usc000nb72,2014-05-13T21:36:51.000Z,"80 km S of Calingasta, Argentina",earthquake,,7.6,0.206,7,reviewed,us,us
2014-03-04T12:42:44.350Z,51.065,-176.029,25.2,3.7,mb,,,,0.72,us,usc000n82l,2019-05-14T02:29:02.736Z,"99 km SSE of Adak, Alaska",earthquake,,3.6,0.103,24,reviewed,ak,us
2014-03-04T12:00:43.820Z,32.1828,-40.3893,10,4.1,mb,,178,21.344,0.6,us,usc000nb6m,2014-05-13T21:36:51.000Z,"northern Mid-Atlantic Ridge",earthquake,,2,0.525,2,reviewed,us,us
2014-03-04T11:40:00.000Z,-33.596,-71.954,31,4,mb,,,,0.82,us,usc000nb6q,2014-05-13T21:36:51.000Z,"32 km W of San Antonio, Chile",earthquake,,2,0.231,5,reviewed,guc,us
2014-03-04T11:24:19.000Z,-35.158,-71.996,54.9,4.9,mb,,,,0.84,us,usb000n0ne,2022-07-26T08:35:06.520Z,"42 km ENE of Constitución, Chile",earthquake,,4.5,0.064,81,reviewed,guc,us
2014-03-04T11:19:41.797Z,59.8585,-152.8789,104.4,3.5,ml,,,,0.82,ak,ak0142wdislf,2023-07-20T16:29:58.087Z,"59 km W of Anchor Point, Alaska",earthquake,,0.2,,,reviewed,ak,ak
2014-03-04T11:17:19.000Z,-33.615,-71.909,40.2,4.8,mb,,,,0.75,us,usb000n0nd,2014-05-13T21:36:51.000Z,"28 km W of San Antonio, Chile",earthquake,,4.7,0.06,98,reviewed,guc,us
2014-03-04T11:16:25.870Z,-33.7303,-71.9448,19.22,4.4,mb,,145,1.082,0.75,us,usc000nb6j,2014-05-13T21:36:51.000Z,"34 km WSW of San Antonio, Chile",earthquake,,3.9,0.134,16,reviewed,us,us
2014-03-04T11:03:54.900Z,25.512,-99.447,5,4,md,,,,1.38,us,usc000nz6j,2014-05-13T21:36:51.000Z,"27 km SE of Los Ramones, Mexico",earthquake,,7.1,,8,reviewed,unm,unm
2014-03-04T10:56:34.000Z,-33.63,-71.895,18.5,5.1,mb,,,,1.26,us,usc000pe7p,2014-05-13T21:36:51.000Z,"26 km W of San Antonio, Chile",earthquake,,4.1,0.116,25,reviewed,guc,us
2014-03-04T10:54:00.780Z,52.273,-175.867,230.6,2.6,ml,,,,0.37,us,usc000n82k,2019-05-14T02:29:00.062Z,"68 km NE of Adak, Alaska",earthquake,,8.8,,21,reviewed,ak,ak
2014-03-04T10:51:19.500Z,19.2548,-64.6542,33,2.9,Md,3,338.4,0.94233273,0.21,pr,pr14063003,2014-05-13T21:36:51.000Z,"103 km N of Cruz Bay, U.S. Virgin Islands",earthquake,4.3,18.6,0,3,reviewed,pr,pr
2014-03-04T10:51:15.570Z,-33.6046,-71.957,20,5.7,mww,,41,1.007,0.82,us,usb000n0mp,2022-08-06T22:03:15.600Z,"32 km W of San Antonio, Chile",earthquake,,1.7,,,reviewed,us,us
2014-03-04T10:03:31.900Z,19.2346,-67.3096,61,2.5,Md,4,273.6,0.78602587,0.46,pr,pr14063002,2014-05-13T21:36:51.000Z,"85 km NNW of San Antonio, Puerto Rico",earthquake,5.2,10.8,0,4,reviewed,pr,pr
2014-03-04T09:49:05.000Z,-33.031,-72.064,26.9,4,mb,,,,0.85,us,usc000nb6r,2014-05-13T21:36:51.000Z,"40 km W of Valparaíso, Chile",earthquake,,2.4,0.517,1,reviewed,guc,us
2014-03-04T09:41:07.000Z,-31.594,-68.683,112,4.2,mb,,,,1.41,us,usc000nb6n,2014-05-13T21:36:51.000Z,"6 km SE of Villa Basilio Nievas, Argentina",earthquake,,4.1,0.306,4,reviewed,sja,us
2014-03-04T09:33:24.500Z,19.1355,-67.4685,79,3.4,Md,16,230.4,1.02048616,0.28,pr,pr14063001,2014-05-13T21:36:51.000Z,"81 km NNW of San Antonio, Puerto Rico",earthquake,2.2,3.9,0,15,reviewed,pr,pr
2014-03-04T09:21:19.540Z,-6.1315,150.7979,58.56,4.2,mb,,162,2.359,0.77,us,usb000n0m2,2014-05-13T21:36:51.000Z,"97 km SE of Kimbe, Papua New Guinea",earthquake,,10.5,0.176,9,reviewed,us,us
2014-03-04T08:54:23.500Z,35.954,-97.396,3.762,2.5,ml,,,,0.47,us,usb000n0lf,2014-05-13T21:36:51.000Z,"8 km NNE of Guthrie, Oklahoma",earthquake,,7.3,,,reviewed,tul,tul
2014-03-04T08:45:01.120Z,53.756,-161.757,20,2.8,ml,,,,0.49,us,usc000n81b,2023-07-20T16:29:24.523Z,"149 km SSE of King Cove, Alaska",earthquake,,5.4,,13,reviewed,ak,ak
2014-03-04T08:36:37.000Z,17.9796,-68.2677,104,3.3,Md,13,334.8,1.10133454,0.28,pr,pr14063000,2014-05-13T21:36:51.000Z,"57 km SE of Boca de Yuma, Dominican Republic",earthquake,2.9,1.8,0,13,reviewed,pr,pr
2014-03-04T07:58:57.720Z,13.4479,-91.3465,19.54,4,md,,201,1.12,0.7,us,usc000nz6h,2014-05-13T21:36:51.000Z,"76 km SSW of La Gomera, Guatemala",earthquake,,10.5,,18,reviewed,us,unm
2014-03-04T07:44:07.540Z,-30.4224,-178.4551,42.49,4.2,mb,,114,1.259,0.65,us,usc000nb75,2014-05-13T21:36:51.000Z,"Kermadec Islands, New Zealand",earthquake,,14,0.175,9,reviewed,us,us
2014-03-04T07:05:25.870Z,-24.2766,-67.0367,160.88,4,mb,,55,2.388,1.02,us,usb000n0kk,2014-05-13T21:36:51.000Z,"73 km W of San Antonio de los Cobres, Argentina",earthquake,,7.1,0.164,10,reviewed,us,us
2014-03-04T06:48:00.870Z,34.1161667,-117.4156667,4.146,2.58,ml,30,37,0.02532,0.12,ci,ci15471937,2022-07-26T08:34:04.405Z,"4km WNW of Rialto, CA",earthquake,0.24,0.42,0.171,193,reviewed,ci,ci
2014-03-04T06:44:48.990Z,-15.326,167.5197,120.6,4.7,mb,,54,0.328,0.78,us,usb000n0k8,2014-05-13T21:36:51.000Z,"43 km ENE of Luganville, Vanuatu",earthquake,,3.7,0.085,42,reviewed,us,us
2014-03-04T06:24:39.840Z,50.9829,-176.027,25.6,3.1,ml,,,,0.54,us,usc000n82j,2019-05-14T02:28:55.358Z,"107 km SSE of Adak, Alaska",earthquake,,8.2,,18,reviewed,ak,ak
2014-03-04T06:18:18.000Z,51.2432,-176.421,25.6,2.5,ml,,,,0.41,us,usb000n15x,2023-07-20T16:28:47.099Z,"71 km SSE of Adak, Alaska",earthquake,,9.6,,,reviewed,ak,ak
2014-03-04T05:59:46.210Z,34.1138333,-117.4123333,4.126,2.65,ml,72,23,0.02614,0.17,ci,ci15471921,2022-07-26T08:33:07.975Z,"4km WNW of Rialto, CA",earthquake,0.19,0.43,0.162,202,reviewed,ci,ci
2014-03-04T05:49:06.430Z,30.8282,141.0478,54.55,5,mb,,42,2.509,1.07,us,usb000n0jz,2025-12-22T16:48:34.542Z,"Izu Islands, Japan region",earthquake,,3.7,0.048,143,reviewed,us,us
2014-03-04T05:15:23.010Z,-4.007,129.0679,79.55,4.2,mb,,70,3.354,1.31,us,usc000nb6g,2014-05-13T21:36:50.000Z,"75 km SSE of Amahai, Indonesia",earthquake,,9.4,0.216,6,reviewed,us,us
2014-03-04T05:12:20.150Z,40.6618333,-124.9758333,23.154,2.57,md,12,288,0.5207,0.19,nc,nc72178681,2017-02-03T08:20:12.324Z,"60 km W of Ferndale, California",earthquake,3.62,14.19,0.189,24,reviewed,nc,nc
2014-03-04T05:08:28.210Z,51.713,-172.862,25.5,3.5,ml,,,,0.9,us,usb000n120,2023-07-20T16:28:37.071Z,"106 km ESE of Atka, Alaska",earthquake,,8.9,,24,reviewed,ak,ak
2014-03-04T05:02:37.731Z,63.0053,-150.7248,121.7,3.6,ml,,,,0.88,ak,ak0142w9ujh9,2023-07-20T16:28:29.676Z,"56 km N of Petersville, Alaska",earthquake,,0.3,,,reviewed,ak,ak
2014-03-04T04:33:52.380Z,52.345,-175.543,228.2,2.6,ml,,,,0.22,us,usb000n10e,2023-07-20T16:28:25.928Z,"91 km NE of Adak, Alaska",earthquake,,9.9,,16,reviewed,ak,ak
2014-03-04T03:57:27.200Z,53.348,-167.408,13.2,2.6,ml,,,,0.72,us,usc000n82h,2019-05-14T02:28:51.233Z,"82 km SW of Unalaska, Alaska",earthquake,,6.2,,32,reviewed,ak,ak
2014-03-04T03:04:15.560Z,53.9025,158.4923,166.69,4.3,mb,,86,0.885,0.53,us,usc000nb6b,2014-05-13T21:36:50.000Z,"79 km N of Yelizovo, Russia",earthquake,,6.5,0.154,12,reviewed,us,us
2014-03-04T02:59:35.200Z,71.239,-9.0259,10,4.9,mb,,42,0.305,0.57,us,usb000n0il,2022-05-03T16:44:34.359Z,"37 km NNW of Olonkinbyen, Svalbard and Jan Mayen",earthquake,,1.8,0.035,282,reviewed,us,us
2014-03-04T02:49:46.000Z,-27.939,-71.141,57,4.4,mb,,,,0.71,us,usb000n0ik,2014-05-13T21:36:50.000Z,"79 km NNW of Vallenar, Chile",earthquake,,5.9,0.169,11,reviewed,guc,us
2014-03-04T02:44:39.920Z,32.0515,-40.3361,14.84,4.7,mb,,92,21.479,0.28,us,usc000nb6a,2014-05-13T21:36:50.000Z,"northern Mid-Atlantic Ridge",earthquake,,4.7,0.112,28,reviewed,us,us
2014-03-04T02:39:10.000Z,51.0033,-176.0034,25.6,2.5,ml,,,,0.13,us,usb000n103,2023-07-20T16:27:40.861Z,"106 km SSE of Adak, Alaska",earthquake,,10,,,reviewed,ak,ak
2014-03-04T02:11:18.710Z,-7.1122,129.6767,128.54,4.6,mb,,67,1.826,0.74,us,usb000n0i6,2014-05-13T21:36:50.000Z,"Kepulauan Babar, Indonesia",earthquake,,6.8,0.097,32,reviewed,us,us
2014-03-04T02:07:45.030Z,8.8226,-71.2616,31.63,3.2,ml,,128,0.623,0.62,us,usb000n0jc,2014-05-13T21:36:50.000Z,"28 km NNW of Mérida, Venezuela",earthquake,,10.8,0.181,4,reviewed,us,us
2014-03-04T01:30:31.420Z,51.185,-176.375,28.3,2.9,ml,,,,0.48,us,usc000n82g,2019-05-14T02:28:45.860Z,"78 km SSE of Adak, Alaska",earthquake,,5.7,,19,reviewed,ak,ak
2014-03-04T00:50:05.900Z,14.102,-93.056,7.3,4.2,mb,,,,1.34,us,usc000nb66,2014-05-13T21:36:50.000Z,"96 km SW of Puerto Madero, Mexico",earthquake,,6,0.374,2,reviewed,unm,us
2014-03-03T23:21:35.180Z,-20.4345,-177.5654,497.81,4.4,mb,,94,4.931,1.06,us,usb000n0en,2014-05-13T21:36:50.000Z,"257 km WNW of Haveluloto, Tonga",earthquake,,6.6,0.083,46,reviewed,us,us
2014-03-03T22:03:45.200Z,51.488,-176.595,54.9,2.6,ml,,,,0.38,us,usc000n7bb,2019-05-14T02:28:23.207Z,"43 km S of Adak, Alaska",earthquake,,9.3,,14,reviewed,ak,ak
2014-03-03T21:09:47.620Z,52.201,176.365,41.6,4.2,mb,,,,1.39,us,usb000n0ex,2023-07-20T16:26:56.577Z,"227 km ESE of Attu Station, Alaska",earthquake,,6.5,0.159,11,reviewed,ak,us
2014-03-03T20:39:21.750Z,14.3248,-92.9044,50.23,4.4,mb,,123,0.847,0.99,us,usb000n070,2014-05-13T21:36:50.000Z,"68 km SW of Puerto Madero, Mexico",earthquake,,6.5,0.057,102,reviewed,us,us
2014-03-03T20:34:01.900Z,11.6477,-86.9529,59.38,4.5,mb,,190,1.553,0.94,us,usb000n078,2014-05-13T21:36:50.000Z,"50 km WSW of Masachapa, Nicaragua",earthquake,,15.3,0.135,17,reviewed,us,us
2014-03-03T20:28:16.000Z,40.9023,141.2243,104.66,4.6,mb,,134,1.829,0.45,us,usb000n06r,2014-05-13T21:36:50.000Z,"27 km NNW of Misawa, Japan",earthquake,,6.3,0.114,23,reviewed,us,us
2014-03-03T19:09:11.740Z,43.8119,-105.214,0,3.5,ml,,52,0.905,0.68,us,usb000n04f,2014-05-13T21:36:50.000Z,"23 km ENE of Wright, Wyoming",mining explosion,,1.9,0.055,57,reviewed,us,us
2014-03-03T19:08:47.150Z,59.8014,-55.789,10,4.5,mb,,64,7.223,1.15,us,usb000n04k,2014-05-13T21:36:50.000Z,"Labrador Sea",earthquake,,1.9,0.065,71,reviewed,us,us
2014-03-03T18:41:42.720Z,51.006,-176.036,25.6,2.8,ml,,,,0.45,us,usb000n0dp,2023-07-20T16:26:43.615Z,"105 km SSE of Adak, Alaska",earthquake,,9.3,,18,reviewed,ak,ak
2014-03-03T18:34:02.470Z,36.4278,137.9904,224.63,4.3,mb,,127,0.208,0.82,us,usc000nadq,2014-05-13T21:36:50.000Z,"13 km SE of ?machi, Japan",earthquake,,7.1,0.178,9,reviewed,us,us
2014-03-03T18:29:43.450Z,-6.0695,148.9816,100,4.1,mb,,177,3.677,0.97,us,usc000nadp,2014-05-13T21:36:50.000Z,"64 km WNW of Kandrian, Papua New Guinea",earthquake,,12.4,0.214,6,reviewed,us,us
2014-03-03T17:48:25.280Z,41.7132,-110.7133,0,2.7,ml,,38,0.647,1.1,us,usc000nadm,2014-05-13T21:36:50.000Z,"16 km WSW of Oakley, Wyoming",mining explosion,,2,0.054,90,reviewed,us,us
2014-03-03T17:19:24.860Z,46.7464,-27.3252,10,4.9,mb,,68,17.384,0.52,us,usb000n02n,2014-05-13T21:36:50.000Z,"northern Mid-Atlantic Ridge",earthquake,,1.8,0.048,154,reviewed,us,us
2014-03-03T17:10:19.080Z,46.7249,-27.2874,10,4.6,mb,,148,27.391,0.77,us,usc000nads,2014-05-13T21:36:50.000Z,"northern Mid-Atlantic Ridge",earthquake,,1.9,0.095,38,reviewed,us,us
2014-03-03T16:23:38.001Z,61.069,-151.0064,67.5,2.6,ml,,,,0.63,ak,ak0142uszgp4,2023-07-20T16:26:34.909Z,"7 km E of Tyonek, Alaska",earthquake,,0.3,,,reviewed,ak,ak
2014-03-03T16:22:21.050Z,-16.8928,-173.1947,10,4.9,mb,,74,3.266,1.17,us,usc000nadl,2014-05-13T21:36:50.000Z,"122 km SSE of Hihifo, Tonga",earthquake,,1.9,0.136,17,reviewed,us,us
2014-03-03T16:10:41.770Z,-17.8087,-178.6694,565.35,5.1,mb,,45,3.123,0.64,us,usb000n00l,2025-12-22T16:48:33.659Z,"215 km E of Levuka, Fiji",earthquake,,5.3,0.033,331,reviewed,us,us
2014-03-03T16:05:30.744Z,59.7294,-153.4386,127.9,2.7,ml,,,,0.64,ak,ak0142usvl8y,2023-07-20T16:26:22.602Z,"38 km E of Pedro Bay, Alaska",earthquake,,0.4,,,reviewed,ak,ak
2014-03-03T15:17:49.170Z,52.4003,161.1211,17.68,4.1,mb,,154,1.627,0.87,us,usc000nadj,2014-05-13T21:36:50.000Z,"181 km ESE of Petropavlovsk-Kamchatsky, Russia",earthquake,,8,0.214,6,reviewed,us,us
2014-03-03T15:15:33.220Z,-9.5905,117.6359,58.3,4.4,mb,,103,5.007,1.06,us,usc000nady,2014-05-13T21:36:50.000Z,"123 km S of Sumbawa Besar, Indonesia",earthquake,,7.9,0.13,17,reviewed,us,us
2014-03-03T15:14:22.420Z,-9.4487,117.6954,69.16,4.4,mb,,70,3.633,0.69,us,usb000mzzj,2014-05-13T21:36:50.000Z,"109 km SSE of Sumbawa Besar, Indonesia",earthquake,,5.8,0.092,34,reviewed,us,us
2014-03-03T15:12:17.000Z,-33.708,-70.411,96.3,4.6,mb,,,,1.66,us,usc000nadk,2022-07-26T10:24:45.680Z,"18 km SE of Puente Alto, Chile",earthquake,,5.1,0.165,12,reviewed,guc,us
2014-03-03T14:13:31.270Z,31.8883,-40.4649,15.37,4.3,mb,,194,21.19,0.46,us,usc000nadx,2014-05-13T21:36:50.000Z,"northern Mid-Atlantic Ridge",earthquake,,6.9,0.265,9,reviewed,us,us
2014-03-03T13:49:52.920Z,14.0893,-93.0645,20.98,4.1,mb,,240,1.123,0.84,us,usc000nadh,2014-05-13T21:36:50.000Z,"98 km SW of Puerto Madero, Mexico",earthquake,,9.5,0.524,1,reviewed,us,us
2014-03-03T13:20:50.150Z,1.1749,127.2042,150.83,4.8,mb,,84,0.432,0.54,us,usb000mzyu,2014-05-13T21:36:50.000Z,"46 km NNW of Ternate, Indonesia",earthquake,,5.8,0.095,34,reviewed,us,us
2014-03-03T13:15:22.260Z,66.8863,145.4917,14.9,4.4,mb,,106,4.933,0.53,us,usc000nadf,2014-05-13T21:36:50.000Z,"186 km S of Belaya Gora, Russia",earthquake,,5.7,0.123,19,reviewed,us,us
2014-03-03T13:00:50.470Z,33.546,141.8087,25.54,4.6,mb,,134,1.724,0.58,us,usc000nade,2014-05-13T21:36:50.000Z,"224 km SE of Katsuura, Japan",earthquake,,7.1,0.223,7,reviewed,us,us
2014-03-03T12:40:34.600Z,19.0435,-66.7593,42,2.8,Md,11,262.8,0.60276956,0.56,pr,pr14062004,2014-05-13T21:36:50.000Z,"62 km N of Hatillo, Puerto Rico",earthquake,2.5,7.7,0,10,reviewed,pr,pr
2014-03-03T12:32:50.640Z,-1.2139,127.5063,21.59,4.7,mb,,96,1.977,0.44,us,usb000mzyk,2014-05-13T21:36:50.000Z,"215 km S of Sofifi, Indonesia",earthquake,,6.6,0.1,30,reviewed,us,us
2014-03-03T11:56:18.200Z,19.1434,-66.9613,23,2.9,Md,13,284.4,0.68721119,0.28,pr,pr14062003,2014-05-13T21:36:50.000Z,"71 km N of Isabela, Puerto Rico",earthquake,1.2,18.5,0,13,reviewed,pr,pr
2014-03-03T11:46:11.600Z,19.2761,-64.8034,11,3,Md,10,280.8,0.87226414,0.28,pr,pr14062002,2014-05-13T21:36:50.000Z,"104 km N of Charlotte Amalie, U.S. Virgin Islands",earthquake,5.2,7.6,0,5,reviewed,pr,pr
2014-03-03T11:40:00.120Z,-17.5111,-173.758,70.21,4.2,mb,,130,3.958,0.94,us,usc000nadd,2014-05-13T21:36:49.000Z,"128 km N of Neiafu, Tonga",earthquake,,13,0.2,7,reviewed,us,us
2014-03-03T10:17:48.230Z,-4.1515,102.6219,104.38,4.3,mb,,205,0.392,0.49,us,usc000nadb,2014-05-13T21:36:49.000Z,"55 km SE of Bengkulu, Indonesia",earthquake,,6.6,0.237,5,reviewed,us,us
2014-03-03T10:13:07.210Z,40.7032,19.6938,3,4,ml,,,,0,us,usb000mzws,2014-05-13T21:36:49.000Z,"3 km S of Roskovec, Albania",earthquake,,0,,,reviewed,tir,tir
2014-03-03T08:58:03.580Z,13.2604,50.8624,10,4.3,mb,,110,3.135,1.09,us,usc000nada,2014-05-13T21:36:49.000Z,"143 km N of Caluula, Somalia",earthquake,,1.9,0.154,12,reviewed,us,us
2014-03-03T08:55:43.230Z,14.1874,-93.0314,22.84,4,mb,,215,1.031,1.06,us,usc000nadw,2014-05-13T21:36:49.000Z,"88 km SW of Puerto Madero, Mexico",earthquake,,6.9,0.519,1,reviewed,us,us
2014-03-03T08:50:24.490Z,-55.888,-26.0613,35,4.6,mb,,98,6.2,0.49,us,usc000nad7,2014-05-13T21:36:49.000Z,"South Sandwich Islands region",earthquake,,1.9,0.151,13,reviewed,us,us
2014-03-03T07:39:13.340Z,-15.0376,170.7714,655.16,4.5,mb,,64,3.468,0.67,us,usb000mzvl,2014-05-13T21:36:49.000Z,"Vanuatu region",earthquake,,6.9,0.096,32,reviewed,us,us
2014-03-03T07:33:53.680Z,36.291,-97.132,5,2.8,ml,,,,0.79,us,usc000pe4b,2014-05-13T21:36:49.000Z,"11 km W of Morrison, Oklahoma",earthquake,,7.8,,,reviewed,tul,tul
2014-03-03T07:28:43.220Z,-17.2814,-172.0095,35,4.1,mb,,98,2.665,1.28,us,usc000nadv,2014-05-13T21:36:49.000Z,"240 km SE of Hihifo, Tonga",earthquake,,1.9,0.302,3,reviewed,us,us
2014-03-03T06:46:46.020Z,13.1785,50.8576,10,4.1,mb,,99,3.121,1.44,us,usc000nad4,2014-05-13T21:36:49.000Z,"134 km N of Caluula, Somalia",earthquake,,1.8,0.197,7,reviewed,us,us
2014-03-03T06:46:34.010Z,54.3642,164.3147,28.16,4.4,mb,,138,3.625,0.76,us,usc000nad5,2014-05-13T21:36:49.000Z,"238 km SSE of Ust’-Kamchatsk Staryy, Russia",earthquake,,5.8,0.12,21,reviewed,us,us
2014-03-03T06:38:25.900Z,14.155,-93.048,40,4,md,,,,1.47,us,usc000nz6c,2014-05-13T21:36:49.000Z,"92 km SW of Puerto Madero, Mexico",earthquake,,10.1,,18,reviewed,unm,unm
2014-03-03T06:27:18.810Z,14.5453,-93.0609,21.7,4,md,,219,0.85,0.79,us,usc000nad3,2014-05-13T21:36:49.000Z,"71 km WSW of Puerto Madero, Mexico",earthquake,,9.3,,18,reviewed,us,unm
2014-03-03T06:10:08.810Z,14.3163,-93.0197,22.32,4.6,mb,,169,0.937,1.08,us,usb000mzup,2014-05-13T21:36:49.000Z,"78 km SW of Puerto Madero, Mexico",earthquake,,4.7,0.053,121,reviewed,us,us
2014-03-03T03:29:55.300Z,14.07,-93.105,17.6,4.3,mb,,,,1.52,us,usb000mzu2,2014-05-13T21:36:49.000Z,"103 km SW of Puerto Madero, Mexico",earthquake,,4.7,0.07,63,reviewed,unm,us
2014-03-03T03:17:47.000Z,-33.056,-71.94,31.7,5.1,mwr,,,,1.5,us,usb000mztz,2022-07-26T08:30:26.298Z,"29 km W of Valparaíso, Chile",earthquake,,1.9,0.089,12,reviewed,guc,us
2014-03-03T02:54:04.800Z,35.7798,-97.471,5,2.8,ml,,108,,0.84,us,usb000n0hq,2022-07-26T08:32:17.833Z,"11 km SSW of Guthrie, Oklahoma",earthquake,,4.6,,,reviewed,tul,tul
2014-03-03T02:27:30.970Z,26.2886,127.3545,58.48,5.2,mb,,74,0.986,1.32,us,usb000mztm,2022-07-26T08:28:30.937Z,"33 km WNW of Naha, Japan",earthquake,,5,0.039,220,reviewed,us,us
2014-03-03T02:05:14.940Z,-14.9909,26.949,10,4.1,mb,,73,1.23,1.04,us,usc000nae1,2014-05-13T21:36:49.000Z,"12 km W of Mumbwa, Zambia",earthquake,,2,0.262,4,reviewed,us,us
2014-03-03T01:54:22.800Z,36.167,-96.982,7.2,2.8,ml,,,,1.08,us,usb000mzt9,2022-07-26T08:27:31.392Z,"8 km SW of Glencoe, Oklahoma",earthquake,,5.3,,,reviewed,tul,tul
2014-03-03T00:32:03.200Z,14.042,-93.221,16.1,4.9,mb,,,,1.79,us,usb000mzsm,2025-12-22T16:48:32.105Z,"114 km SW of Puerto Madero, Mexico",earthquake,,3.2,0.028,447,reviewed,unm,us
2014-03-03T00:25:06.200Z,19.3805,-68.6398,90,3.4,Md,6,338.4,1.70769736,0.27,pr,pr14062001,2014-05-13T21:36:49.000Z,"61 km NE of Miches, Dominican Republic",earthquake,3.9,7.2,0,6,reviewed,pr,pr
2014-03-03T00:18:57.910Z,14.6115,-92.9466,20.84,4.3,mb,,174,1.214,1.14,us,usb000mzs8,2014-05-13T21:36:49.000Z,"57 km WSW of Puerto Madero, Mexico",earthquake,,3.1,0.099,33,reviewed,us,us
2014-03-03T00:12:09.500Z,34.2918333,-118.541,7.413,2.74,ml,55,48,0.04584,0.22,ci,ci15471641,2022-07-26T08:26:32.789Z,"4km WNW of Granada Hills, CA",earthquake,0.29,0.74,0.132,198,reviewed,ci,ci
2014-03-03T00:03:49.480Z,14.0299,145.0946,119.81,4.6,mb,,76,0.49,0.62,us,usc000nacx,2014-05-13T21:36:49.000Z,"Rota region, Northern Mariana Islands",earthquake,,3.1,0.132,17,reviewed,us,us
2014-03-02T23:56:31.280Z,14.2079,-93.1055,27.64,4.2,mb,,245,1.401,0.77,us,usc000na7y,2014-05-13T21:36:49.000Z,"93 km SW of Puerto Madero, Mexico",earthquake,,8.7,0.264,4,reviewed,us,us
2014-03-02T23:53:37.100Z,44.0411,-107.8228,0.2,2.9,Md,16,82.8,1.49210169,0.35,mb,mb14602248,2014-03-06T00:59:00.262Z,"9 km SE of Washakie Ten, Wyoming",earthquake,2,5.5,0.5,3,automatic,mb,mb
2014-03-02T23:53:15.450Z,40.5621667,-122.8783333,51.248,2.67,md,57,31,0.2459,0.25,nc,nc72178146,2017-02-03T08:10:57.610Z,"11 km SSE of Douglas City, California",earthquake,0.45,0.79,0.196,49,reviewed,nc,nc
2014-03-02T22:44:53.100Z,14.021,-93.0909,17.8,3.9,mb,,,,1.04,us,usb000mzqw,2014-05-13T21:36:49.000Z,"105 km SW of Puerto Madero, Mexico",earthquake,,5.2,0.194,7,reviewed,unm,us
2014-03-02T22:30:44.950Z,14.2493,-93.0725,13.36,4,mb,,182,1.019,0.68,us,usc000na7x,2014-05-13T21:36:49.000Z,"87 km SW of Puerto Madero, Mexico",earthquake,,6.1,0.232,5,reviewed,us,us
2014-03-02T22:26:07.000Z,14.18,-93.23,10,5.1,mb,,,,0.96,us,usb000mzqq,2025-12-22T16:48:31.133Z,"105 km SW of Puerto Madero, Mexico",earthquake,,3.1,0.036,281,reviewed,unm,us
2014-03-02T22:17:14.400Z,14.1833,-93.1535,18.47,6,mww,,62,1.121,0.91,us,usb000mzqn,2022-07-26T08:25:40.259Z,"98 km SW of Puerto Madero, Mexico",earthquake,,2.6,,,reviewed,us,us
2014-03-02T21:37:25.560Z,30.8603,142.4238,31.55,4.8,mb,,56,3.178,0.64,us,usc000na7v,2014-05-13T21:36:49.000Z,"Izu Islands, Japan region",earthquake,,4.2,0.074,57,reviewed,us,us
2014-03-02T21:16:45.850Z,51.909,-171.632,33,2.9,ml,,,,0.57,us,usc000n4lj,2023-07-20T16:10:12.171Z,"179 km ESE of Atka, Alaska",earthquake,,9.1,,15,reviewed,ak,ak
2014-03-02T21:11:06.780Z,35.9557,-96.9185,2.28,2.7,ml,,,,0.67,us,usc000p9ur,2014-05-13T21:36:49.000Z,"6 km S of Ripley, Oklahoma",earthquake,,6.8,,,reviewed,tul,tul
2014-03-02T20:55:14.000Z,-19.166,-69.328,110.5,4.5,mb,,,,1.09,us,usc000n6vz,2014-05-13T21:36:49.000Z,"127 km SE of Arica, Chile",earthquake,,4,0.221,7,reviewed,guc,us
2014-03-02T20:11:23.430Z,27.4312,127.3674,119,6.5,mww,,17,1.001,0.97,us,usb000mzmn,2022-07-26T08:24:32.938Z,"109 km NW of Nago, Japan",earthquake,,1.8,,,reviewed,us,us
2014-03-02T19:48:07.260Z,-21.1647,-67.2585,175.06,4.4,mb,,117,2.084,1.08,us,usc000na7r,2014-05-13T21:36:49.000Z,"90 km SSW of Uyuni, Bolivia",earthquake,,8,0.268,4,reviewed,us,us
2014-03-02T19:38:56.370Z,-6.2859,154.8444,45,5.8,mww,,16,3.384,1.06,us,usb000mzlz,2022-05-03T16:44:19.897Z,"70 km W of Panguna, Papua New Guinea",earthquake,,1.5,,,reviewed,us,us
2014-03-02T19:25:57.420Z,53.725,-165.051,56.8,2.8,ml,,,,0.31,us,usc000n4lq,2019-05-14T02:27:10.863Z,"65 km SE of Akutan, Alaska",earthquake,,9.6,,25,reviewed,ak,ak
2014-03-02T19:22:23.610Z,-14.6207,-76.273,91.89,4.5,mb,,178,2.675,0.88,us,usc000n6w8,2014-05-13T21:36:49.000Z,"77 km SW of Santiago, Peru",earthquake,,13.6,0.191,8,reviewed,us,us
2014-03-02T18:59:54.000Z,40.473,-124.7421667,22.294,2.62,md,38,240,0.3081,0.24,nc,nc72177996,2017-02-03T08:08:50.808Z,"42 km WSW of Ferndale, California",earthquake,0.74,1.82,0.126,29,reviewed,nc,nc
2014-03-02T18:58:46.360Z,-10.3311,161.2788,74.4,4.1,mb,,92,1.583,1.11,us,usc000na7q,2014-05-13T21:36:49.000Z,"71 km W of Kirakira, Solomon Islands",earthquake,,6.4,0.158,11,reviewed,us,us
2014-03-02T17:48:05.000Z,52.492,-169.4821,14,2.5,ml,,,,0.77,us,usc000n4lh,2023-07-20T16:08:57.817Z,"65 km SW of Nikolski, Alaska",earthquake,,8.1,,,reviewed,ak,ak
2014-03-02T17:30:16.060Z,25.6034,-99.3466,8.42,4,mwr,,193,2.331,0.76,us,usb000mzk2,2014-05-13T21:36:50.000Z,"15 km SW of China, Mexico",earthquake,,10.7,,13,reviewed,us,slm
2014-03-02T17:22:45.400Z,18.9797,-65.4046,6,2.6,Md,3,320.4,0.67822804,0.12,pr,pr14061004,2014-03-02T20:13:42.262Z,"74 km NNE of Luquillo, Puerto Rico",earthquake,8.6,8.2,0,3,reviewed,pr,pr
2014-03-02T17:11:24.160Z,20.23,120.3344,9.98,4.9,mb,,102,2.666,1.13,us,usb000mzju,2014-05-13T21:36:49.000Z,"172 km W of Basco, Philippines",earthquake,,2.7,0.067,69,reviewed,us,us
2014-03-02T17:03:41.700Z,-45.7209,-76.609,10,5.4,mwc,,79,3.352,0.89,us,usb000mzjs,2025-12-22T16:48:30.146Z,"297 km W of Puerto Chacabuco, Chile",earthquake,,1.8,,,reviewed,us,gcmt
2014-03-02T16:51:22.800Z,36.767,-98.6908,3,2.9,ml,,131,,0.39,us,usb000mzj9,2022-07-26T08:23:42.851Z,"4 km SSW of Alva, Oklahoma",earthquake,,2,,,reviewed,tul,tul
2014-03-02T16:33:12.670Z,51.009,-176.019,25.5,3,ml,,,,0.27,us,usb000mzlh,2023-07-20T16:08:42.187Z,"105 km SSE of Adak, Alaska",earthquake,,9.3,,16,reviewed,ak,ak
2014-03-02T16:30:50.350Z,35.5948333,-85.388,18.4,2.5,md,14,103,0.2627,0.13,se,se610613,2016-04-07T18:14:40.920Z,"18 km W of Pikeville, Tennessee",earthquake,0.9,2.2,0.136,6,reviewed,se,se
2014-03-02T16:28:18.790Z,-18.9695,-66.9232,239.3,4.5,mb,,39,2.254,0.98,us,usb000mzip,2014-05-13T21:36:48.000Z,"17 km WSW of Challapata, Bolivia",earthquake,,5.3,0.051,128,reviewed,us,us
2014-03-02T16:26:21.310Z,51.008,-176.039,20,4,mb,,,,0.46,us,usc000n4li,2023-07-20T16:08:40.906Z,"104 km SSE of Adak, Alaska",earthquake,,5.1,0.101,26,reviewed,ak,us
2014-03-02T16:18:28.280Z,-45.8292,-76.6762,10,5.1,mb,,74,3.466,0.88,us,usb000mzih,2025-12-22T16:48:28.932Z,"Off the coast of Aisen, Chile",earthquake,,1.8,0.08,55,reviewed,us,us
2014-03-02T16:11:54.430Z,35.3061667,-118.4851667,7.094,2.87,ml,38,43,0.05471,0.14,ci,ci15471521,2016-03-12T06:03:37.387Z,"20km N of Tehachapi, CA",earthquake,0.26,0.55,0.147,169,reviewed,ci,ci
2014-03-02T16:10:26.870Z,51.026,-176.044,40.7,4,mb,,,,0.65,us,usb000mzld,2023-07-20T16:08:30.860Z,"102 km SSE of Adak, Alaska",earthquake,,5.7,0.111,23,reviewed,ak,us
2014-03-02T15:58:20.010Z,51.039,-176.047,43.2,3.1,ml,,,,0.69,us,usb000mzl6,2023-07-20T16:08:22.058Z,"101 km SSE of Adak, Alaska",earthquake,,8,,19,reviewed,ak,ak
2014-03-02T15:45:05.430Z,-1.1968,120.3531,55.48,4.6,mb,,186,2.423,0.16,us,usc000na80,2014-05-13T21:36:48.000Z,"49 km WNW of Poso, Indonesia",earthquake,,13.9,0.274,4,reviewed,us,us
2014-03-02T15:42:01.930Z,-21.2629,-174.0783,10,5.3,mb,,29,4.465,1.45,us,usb000mzhr,2025-12-22T16:28:16.001Z,"90 km E of ‘Ohonua, Tonga",earthquake,,1.6,0.058,101,reviewed,us,us
2014-03-02T15:36:56.200Z,10.1179,-85.4569,50.27,4.5,mb,,48,0.525,0.8,us,usb000mzhn,2014-05-13T21:36:48.000Z,"3 km S of Nicoya, Costa Rica",earthquake,,5.9,0.048,134,reviewed,us,us
2014-03-02T14:55:46.900Z,36.5442,-97.0499,3,3,ml,,158,,0.97,us,usb000mzgp,2022-07-26T08:22:47.459Z,"9 km ESE of Marland, Oklahoma",earthquake,,2,,,reviewed,tul,tul
2014-03-02T14:44:45.600Z,36.5418,-97.0677,5,2.8,ml,,163,,1.12,us,usb000mzgh,2014-05-13T21:36:48.000Z,"7 km ESE of Marland, Oklahoma",earthquake,,2,,,reviewed,tul,tul
2014-03-02T14:44:14.620Z,32.1266,-40.3293,15.08,4.7,mb,,70,21.419,0.6,us,usb000mzgm,2014-05-13T21:36:48.000Z,"northern Mid-Atlantic Ridge",earthquake,,4.2,0.051,137,reviewed,us,us
2014-03-02T14:08:45.900Z,18.4803,-63.6623,58,3,Md,12,345.6,0.90729844,0.18,pr,pr14061003,2014-05-13T21:36:48.000Z,"67 km WNW of Sandy Ground Village, Anguilla",earthquake,4.4,2.4,0,9,reviewed,pr,pr
2014-03-02T13:46:27.040Z,-6.555,127.5381,394.8,4.2,mb,,47,3.991,0.35,us,usb000mzg6,2014-05-13T21:36:48.000Z,"225 km NNE of Lospalos, Timor Leste",earthquake,,9.6,0.137,15,reviewed,us,us
2014-03-02T13:30:02.140Z,-2.8656,128.2066,38.9,4.5,mb,,37,3.644,1.18,us,usb000mzg4,2014-05-13T21:36:48.000Z,"91 km N of Ambon, Indonesia",earthquake,,7.9,0.113,23,reviewed,us,us
2014-03-02T12:35:53.150Z,4.6702,95.0955,60.22,4.6,mb,,82,1.926,0.81,us,usb000mzfw,2014-05-13T21:36:48.000Z,"99 km SSW of Banda Aceh, Indonesia",earthquake,,2.7,0.078,49,reviewed,us,us
2014-03-02T11:33:04.360Z,23.3636,122.494,24.71,4.4,mb,,108,1.1,1.18,us,usb000mzfi,2014-05-13T21:36:48.000Z,"113 km SE of Hualien City, Taiwan",earthquake,,5.7,0.091,35,reviewed,us,us
2014-03-02T11:14:39.680Z,-45.7672,-76.5984,10,5.3,mb,,51,3.383,0.76,us,usb000mzfd,2025-12-22T16:48:27.816Z,"296 km W of Puerto Chacabuco, Chile",earthquake,,1.7,0.04,223,reviewed,us,us
2014-03-02T11:05:04.270Z,53.229,-163.848,21.3,3,ml,,,,0.35,us,usb000mzkz,2023-07-20T16:06:50.792Z,"162 km SE of Akutan, Alaska",earthquake,,8,,21,reviewed,ak,ak
2014-03-02T10:55:11.750Z,0.8107,127.1656,16.04,4.1,mb,,161,0.204,0.45,us,usc000na7g,2014-05-13T21:36:48.000Z,"24 km W of Ternate, Indonesia",earthquake,,7.4,0.234,5,reviewed,us,us
2014-03-02T10:46:52.470Z,1.4021,120.765,54.55,4.4,mb,,95,3.149,1.31,us,usb000n1dy,2014-05-13T21:36:48.000Z,"273 km WNW of Gorontalo, Indonesia",earthquake,,7.9,0.127,18,reviewed,us,us
2014-03-02T10:42:24.750Z,-19.449,-174.7344,10.06,4.9,mb,,80,4.556,1.39,us,usb000mzf6,2014-05-13T21:36:48.000Z,"56 km NW of Pangai, Tonga",earthquake,,3.4,0.08,54,reviewed,us,us
2014-03-02T10:29:16.630Z,12.536,-87.7235,70.87,4.3,mb,,84,0.466,0.85,us,usb000mzf0,2022-07-26T08:19:58.889Z,"37 km SW of Jiquilillo, Nicaragua",earthquake,,6.2,0.049,129,reviewed,us,us
2014-03-02T10:12:37.060Z,51.837,177.963,21.5,3.3,ml,,,,0.38,us,usc000n4la,2023-07-20T16:06:44.734Z,"Rat Islands, Aleutian Islands, Alaska",earthquake,,7.6,,16,reviewed,ak,ak
2014-03-02T10:12:24.150Z,30.5281,141.8492,18.78,4.1,mb,,83,3.432,0.44,us,usc000na7f,2014-05-13T21:36:48.000Z,"Izu Islands, Japan region",earthquake,,5,0.166,10,reviewed,us,us
2014-03-02T10:12:21.950Z,-45.6934,-76.547,10,5.2,mb,,51,3.303,0.9,us,usb000mzeu,2025-12-22T16:48:26.578Z,"292 km W of Puerto Chacabuco, Chile",earthquake,,1.8,0.067,78,reviewed,us,us
2014-03-02T10:07:48.380Z,-45.708,-76.6504,10,4.6,mb,,84,3.361,1.36,us,usc000na7e,2014-05-13T21:36:48.000Z,"Off the coast of Aisen, Chile",earthquake,,1.8,0.141,15,reviewed,us,us
2014-03-02T09:41:23.630Z,12.4187,-87.815,71.82,5,mb,,72,0.608,1.33,us,usb000n1dt,2014-05-13T21:36:48.000Z,"53 km SW of Jiquilillo, Nicaragua",earthquake,,6.5,0.066,75,reviewed,us,us
2014-03-02T09:37:54.840Z,12.5559,-87.6879,60,6.2,mww,,38,0.436,1.43,us,usb000mzef,2022-08-06T22:02:19.976Z,"33 km SW of Jiquilillo, Nicaragua",earthquake,,1.8,,,reviewed,us,us
2014-03-02T09:26:25.480Z,53.718,-164.72,57.5,3,ml,,,,0.43,us,usc000n4lp,2019-05-14T02:27:28.589Z,"83 km SE of Akutan, AK",earthquake,,10,,26,reviewed,ak,ak
2014-03-02T09:24:30.210Z,53.143,-163.277,20,3.7,mb,,,,0.85,us,usc000n4lm,2019-05-14T02:26:50.745Z,"190 km S of False Pass, Alaska",earthquake,,5.7,0.153,11,reviewed,ak,us
2014-03-02T08:52:14.580Z,-42.9453,-82.906,10,4.9,mb,,75,6.775,1.08,us,usb000mze0,2025-12-22T16:48:32.861Z,"West Chile Rise",earthquake,,1.8,0.055,122,reviewed,us,us
2014-03-02T08:50:33.580Z,52.124,179.938,173.3,3,ml,,,,0.24,us,usc000n4lb,2023-08-18T16:05:42.696Z,"237 km W of Adak, Alaska",earthquake,,9.5,,15,reviewed,ak,ak
2014-03-02T08:50:02.720Z,0.2282,126.2677,26.3,5,mb,,54,1.224,0.66,us,usb000mzdx,2025-12-22T16:48:25.406Z,"138 km WSW of Ternate, Indonesia",earthquake,,4.7,0.062,84,reviewed,us,us
2014-03-02T08:20:56.900Z,36.9173333,-121.6641667,10.465,2.54,md,94,44,0.04234,0.09,nc,nc72177791,2022-07-26T08:18:57.968Z,"3 km NNW of Aromas, California",earthquake,0.13,0.24,0.167,126,reviewed,nc,nc
2014-03-02T07:56:03.725Z,55.1763,-157.8253,35.4,3.5,ml,,,,0.54,ak,ak0142t0a7qs,2023-07-20T16:06:03.422Z,"116 km SE of Perryville, Alaska",earthquake,,2.2,,,reviewed,ak,ak
2014-03-02T07:17:01.020Z,0.4464,126.3115,50.31,4.1,mb,,48,1.103,0.92,us,usc000na7a,2014-05-13T21:36:47.000Z,"125 km WSW of Ternate, Indonesia",earthquake,,6.3,0.157,11,reviewed,us,us
2014-03-02T06:44:17.540Z,-25.1543,179.8236,482.34,4.6,mb,,122,7.554,0.62,us,usc000na75,2014-05-13T21:36:47.000Z,"south of the Fiji Islands",earthquake,,8.8,0.098,34,reviewed,us,us
2014-03-02T06:38:55.000Z,-21.764,-68.632,128.5,4.1,mb,,,,1.31,us,usc000na7d,2014-05-13T21:36:47.000Z,"82 km NNE of Calama, Chile",earthquake,,6.1,0.233,5,reviewed,guc,us
2014-03-02T06:33:29.060Z,51.04,-176.051,20,2.9,ml,,,,0.47,us,usb000mzkr,2023-07-20T16:05:56.989Z,"101 km SSE of Adak, Alaska",earthquake,,8.5,,17,reviewed,ak,ak
2014-03-02T06:13:46.030Z,-17.1826,-174.8173,188.75,4.3,mb,,141,4.378,0.47,us,usc000na74,2014-05-13T21:36:47.000Z,"174 km SW of Hihifo, Tonga",earthquake,,8.7,0.16,11,reviewed,us,us
2014-03-02T05:59:05.800Z,18.7642,-66.5605,37,2.6,Md,13,219.6,0.28566426,0.25,pr,pr14061002,2014-05-13T21:36:47.000Z,"34 km NNW of Tierras Nuevas Poniente, Puerto Rico",earthquake,0.9,1.7,0,12,reviewed,pr,pr
2014-03-02T05:56:16.800Z,14.263,-93.107,12.8,3.8,mb,,,,1.56,us,usc000na72,2014-05-13T21:36:47.000Z,"89 km SW of Puerto Madero, Mexico",earthquake,,6.4,0.36,2,reviewed,unm,us
2014-03-02T05:27:15.980Z,26.3336,124.8294,204.38,4.3,mb,,71,2.481,0.63,us,usb000mzck,2014-05-13T21:36:47.000Z,"176 km NNW of Hirara, Japan",earthquake,,6.4,0.055,94,reviewed,us,us
2014-03-02T04:30:11.190Z,39.1858,142.5805,59.67,4.2,mb,,135,2.86,0.76,us,usc000na78,2014-05-13T21:36:47.000Z,"62 km ESE of ?tsuchi, Japan",earthquake,,8,0.263,9,reviewed,us,us
2014-03-02T04:25:57.870Z,36.785,35.175,6.7,4.1,mb,,,,1.23,us,usb000mzbv,2014-05-13T21:36:47.000Z,"26 km SSW of Adana, Turkey",earthquake,,5.6,0.15,12,reviewed,isk,us
2014-03-02T04:21:46.100Z,35.636,-97.041,4.4,3.5,ml,,,,1.08,us,usb000mzbr,2022-08-06T22:01:22.445Z,"6 km SSW of Warwick, Oklahoma",earthquake,,3.8,,,reviewed,tul,tul
2014-03-02T03:57:39.900Z,19.0662,-66.6839,42,2.7,Md,10,273.6,0.60276956,0.57,pr,pr14061000,2014-05-13T21:36:47.000Z,"65 km N of Carrizales, Puerto Rico",earthquake,3.1,8.9,0,10,reviewed,pr,pr
2014-03-02T03:45:26.080Z,57.878,-132.035,1,3.3,ml,,,,0.56,us,usc000n4ln,2019-05-14T02:26:42.691Z,"91 km ENE of Hobart Bay, Alaska",earthquake,,5.2,,,reviewed,pgc,pgc
2014-03-02T03:38:02.970Z,-2.8193,129.525,44.95,4.4,mb,,50,2.603,0.44,us,usb000mzbh,2014-05-13T21:36:47.000Z,"88 km NE of Amahai, Indonesia",earthquake,,4.6,0.11,28,reviewed,us,us
2014-03-02T03:34:27.410Z,44.3132,34.3938,9.87,4.1,ml,,82,0.666,0.92,us,usb000mzbf,2014-05-13T21:36:47.000Z,"25 km SSE of Nikita, Ukraine",earthquake,,1.5,,,reviewed,us,isk
2014-03-02T03:01:25.420Z,40.31,-124.4926667,6.535,2.96,ml,27,241,0.1595,0.18,nc,nc72177626,2017-02-03T08:02:03.948Z,"35 km SSW of Ferndale, California",earthquake,0.6,0.36,0.148,16,reviewed,nc,nc
2014-03-02T02:56:37.050Z,40.3068333,-124.4995,6.105,2.81,md,23,242,0.1649,0.11,nc,nc72177611,2017-02-03T08:01:46.763Z,"35 km SSW of Ferndale, California",earthquake,0.43,0.47,0.216,26,reviewed,nc,nc
2014-03-02T01:59:09.770Z,51.975,178.633,24.1,3,ml,,,,0.31,us,usc000n4l7,2023-07-20T16:05:12.969Z,"Rat Islands, Aleutian Islands, Alaska",earthquake,,9.4,,11,reviewed,ak,ak
2014-03-02T01:44:12.240Z,-7.5839,127.744,135.31,4.1,mb,,102,4.058,1.01,us,usb000mzay,2014-05-13T21:36:47.000Z,"132 km NE of Lospalos, Timor Leste",earthquake,,8,0.301,3,reviewed,us,us
2014-03-02T01:18:59.010Z,53.325,-35.1201,10.04,4.4,mb,,98,18.589,0.92,us,usc000na76,2014-05-13T21:36:47.000Z,"Reykjanes Ridge",earthquake,,2.6,0.19,16,reviewed,us,us
2014-03-02T00:29:09.019Z,59.7795,-152.2174,66.1,3,ml,,,,0.84,ak,ak0142svyel1,2023-07-20T16:04:57.298Z,"21 km W of Anchor Point, Alaska",earthquake,,0.3,,,reviewed,ak,ak
2014-03-01T23:12:54.000Z,54.5034,-161.5826,17.9,2.5,ml,,,,1.35,us,usc000n3uq,2023-07-20T16:04:46.116Z,"78 km SE of King Cove, Alaska",earthquake,,7.5,,,reviewed,ak,ak
2014-03-01T22:19:15.450Z,54.03,-164.073,59.1,2.5,ml,,,,1.02,us,usc000n3un,2023-07-20T16:04:28.612Z,"101 km SSW of False Pass, Alaska",earthquake,,9.9,,9,reviewed,ak,ak
2014-03-01T21:07:47.120Z,-5.0081,151.5237,143.55,4,mb,,119,6.149,0.71,us,usc000n8y8,2014-05-13T21:36:47.000Z,"110 km SW of Kokopo, Papua New Guinea",earthquake,,10.1,0.196,8,reviewed,us,us
2014-03-01T21:04:08.310Z,-27.9762,-66.5084,140.68,4.3,mb,,124,3.323,1.03,us,usb000mz6l,2014-05-13T21:36:47.000Z,"47 km SSW of Andalgalá, Argentina",earthquake,,7.6,0.237,6,reviewed,us,us
2014-03-01T20:22:20.780Z,55.612,-161.793,163.1,3.2,ml,,,,1,us,usc000n3v5,2019-05-14T02:26:20.606Z,"56 km SW of Nelson Lagoon, Alaska",earthquake,,4.9,,23,reviewed,ak,ak
2014-03-01T20:16:32.000Z,-18.407,-69.739,142.8,3.9,mb,,,,0.59,us,usc000n8y7,2014-05-13T21:36:47.000Z,"59 km E of Arica, Chile",earthquake,,6,0.257,5,reviewed,guc,us
2014-03-01T19:41:19.350Z,53.004,-174.493,229.2,2.7,ml,,,,0.55,us,usc000n3ul,2023-07-20T16:04:10.856Z,"92 km NNW of Atka, Alaska",earthquake,,10.1,,8,reviewed,ak,ak
2014-03-01T18:56:48.907Z,69.159,-144.5272,16.8,2.7,ml,,,,1.02,ak,ak0142rjaqe2,2023-07-20T16:04:05.173Z,"114 km SSW of Kaktovik, Alaska",earthquake,,2.1,,,reviewed,ak,ak
2014-03-01T18:44:40.470Z,44.7363333,-110.777,10.24,2.88,ml,24,64,0.05316,0.29,uu,uu60057887,2018-09-12T18:34:53.920Z,"27 km ENE of West Yellowstone, Montana",earthquake,0.48,0.79,0.263,6,reviewed,uu,uu
2014-03-01T18:10:18.000Z,54.0355,-164.4158,77.6,2.6,ml,,,,0.84,us,usb000mz62,2023-07-20T16:04:01.223Z,"89 km E of Akutan, Alaska",earthquake,,10.1,,,reviewed,ak,ak
2014-03-01T17:05:14.210Z,-23.3183,-179.9222,527.47,4.4,mb,,183,5.86,0.46,us,usc000n8y2,2014-05-13T21:36:47.000Z,"south of the Fiji Islands",earthquake,,6.3,0.161,11,reviewed,us,us
2014-03-01T16:50:40.310Z,6.2726,95.6039,218.78,4.2,mb,,173,1.691,1.29,us,usb000mz2i,2014-05-13T21:36:47.000Z,"52 km NE of Sabang, Indonesia",earthquake,,9.7,0.146,13,reviewed,us,us
2014-03-01T16:07:45.380Z,53.087,-169.899,40,2.5,ml,,,,0.67,us,usc000n3um,2023-07-20T16:03:28.249Z,"71 km WNW of Nikolski, Alaska",earthquake,,10.1,,9,reviewed,ak,ak
2014-03-01T15:40:22.310Z,-56.0435,-28.0833,143.95,4.7,mb,,107,5.131,0.63,us,usc000n8y6,2014-05-13T21:36:47.000Z,"South Sandwich Islands region",earthquake,,3.1,0.142,15,reviewed,us,us
2014-03-01T14:57:58.100Z,39.7651,142.4167,50.74,4.2,mb,,122,2.316,1.33,us,usb000mz1e,2014-05-13T21:36:47.000Z,"42 km ENE of Miyako, Japan",earthquake,,7.9,0.153,12,reviewed,us,us
2014-03-01T14:17:20.170Z,37.3034,71.5282,131.95,4.1,mb,,121,0.78,1.05,us,usc000n8y4,2014-05-13T21:36:47.000Z,"20 km S of Khorugh, Tajikistan",earthquake,,6.3,0.174,9,reviewed,us,us
2014-03-01T14:07:27.300Z,17.4248,-66.4114,28,2.8,Md,5,288,0.61085439,0.1,pr,pr14060009,2014-05-13T21:36:47.000Z,"59 km S of Santa Isabel, Puerto Rico",earthquake,1.1,6,0,5,reviewed,pr,pr
2014-03-01T13:19:09.400Z,18.8873,-64.6669,32,2.7,Md,3,345.6,0.82016185,0.07,pr,pr14060008,2014-05-13T21:36:47.000Z,"62 km NNE of Cruz Bay, U.S. Virgin Islands",earthquake,3.1,7.3,0,3,reviewed,pr,pr
2014-03-01T13:18:10.700Z,13.975,-93.121,4.7,3.9,mb,,,,1.46,us,usb000mz0e,2014-05-13T21:36:46.000Z,"111 km SW of Puerto Madero, Mexico",earthquake,,4,0.297,3,reviewed,unm,us
2014-03-01T13:15:36.040Z,-30.4972,-177.4837,10,4.3,mb,,226,1.306,1.3,us,usc000n8y0,2014-05-13T21:36:46.000Z,"Kermadec Islands, New Zealand",earthquake,,2,0.217,6,reviewed,us,us
2014-03-01T12:55:29.460Z,-2.8254,129.4874,39.31,4.3,mb,,50,2.633,0.74,us,usb000mz0b,2014-05-13T21:36:46.000Z,"84 km NE of Amahai, Indonesia",earthquake,,6,0.097,30,reviewed,us,us
2014-03-01T12:15:07.698Z,56.0428,-156.749,70.4,2.5,ml,,,,0.55,ak,ak0142rfh981,2023-07-20T16:02:58.811Z,"106 km ESE of Chignik, Alaska",earthquake,,1.8,,,reviewed,ak,ak
2014-03-01T12:00:38.340Z,-25.0776,-174.809,11.62,4.4,mb,,103,4.995,0.78,us,usc000n8y5,2014-05-13T21:36:46.000Z,"south of Tonga",earthquake,,4.7,0.178,12,reviewed,us,us
2014-03-01T11:55:41.800Z,18.8712,-64.2881,29,3.1,Md,8,324,0.54797232,0.07,pr,pr14060007,2014-05-13T21:36:46.000Z,"80 km NE of Cruz Bay, U.S. Virgin Islands",earthquake,2.2,7,0,6,reviewed,pr,pr
2014-03-01T11:08:38.120Z,52.566,-167.505,14.8,2.5,ml,,,,0.9,us,usb000mz5q,2023-07-20T16:02:49.918Z,"100 km ESE of Nikolski, Alaska",earthquake,,8.9,,,reviewed,ak,ak
2014-03-01T10:52:33.000Z,-13.5046,-76.2338,57.96,4.7,mb,,164,1.62,0.89,us,usc000n8xy,2014-05-13T21:36:46.000Z,"15 km SW of Chincha Alta, Peru",earthquake,,9.8,0.319,3,reviewed,us,us
2014-03-01T10:03:20.830Z,51.79,-175.665,59.3,3.2,ml,,,,0.24,us,usc000n3v4,2019-05-14T02:26:00.722Z,"67 km E of Adak, Alaska",earthquake,,8.1,,18,reviewed,ak,ak
2014-03-01T08:54:58.860Z,36.6025,70.4919,242.91,4.2,mb,,38,0.526,1.16,us,usb000myy6,2014-05-13T21:36:46.000Z,"42 km SW of Jurm, Afghanistan",earthquake,,4.5,0.083,40,reviewed,us,us
2014-03-01T07:25:01.300Z,19.1713,-66.8172,34,2.9,Md,11,277.2,0.74111011,0.31,pr,pr14060005,2014-05-13T21:36:46.000Z,"75 km N of Hatillo, Puerto Rico",earthquake,1.7,9.6,0,10,reviewed,pr,pr
2014-03-01T06:58:36.000Z,-11.0034,164.3852,52.93,4.4,mb,,184,4.636,1.18,us,usc000n8yl,2014-05-13T21:36:46.000Z,"157 km W of Lata, Solomon Islands",earthquake,,12.2,0.269,4,reviewed,us,us
2014-03-01T06:46:26.190Z,0.7045,121.706,100.73,4.5,mb,,159,2.035,0.93,us,usc000n8yk,2014-05-13T21:36:46.000Z,"152 km W of Gorontalo, Indonesia",earthquake,,8,0.171,10,reviewed,us,us
2014-03-01T06:06:28.310Z,11.0427,91.8594,29.74,4.6,mb,,232,1.06,1.2,us,usc000n8xu,2014-05-13T21:36:46.000Z,"118 km SW of Bamboo Flat, India",earthquake,,10.4,0.222,6,reviewed,us,us
2014-03-01T06:03:41.320Z,44.6793,141.9609,244.62,4.6,mb,,49,0.726,0.82,us,usb000mywr,2014-05-13T21:36:46.000Z,"53 km NW of Nayoro, Japan",earthquake,,4.4,0.036,235,reviewed,us,us
2014-03-01T05:22:30.050Z,4.3067,125.9641,147.45,4.8,mb,,82,2.771,1.25,us,usb000mywh,2014-05-13T21:36:46.000Z,"133 km SSE of Sarangani, Philippines",earthquake,,5.2,0.051,121,reviewed,us,us
2014-03-01T04:13:50.700Z,18.934,-67.4875,12,2.5,Md,5,244.8,0.58390493,0.31,pr,pr14060002,2014-05-13T21:36:46.000Z,"63 km NW of San Antonio, Puerto Rico",earthquake,3.2,3.9,0,5,reviewed,pr,pr
2014-03-01T03:39:31.430Z,52.467,-168.928,24.8,2.5,ml,,,,1.29,us,usc000n3uj,2023-07-20T16:02:00.416Z,"52 km S of Nikolski, Alaska",earthquake,,9,,8,reviewed,ak,ak
2014-03-01T03:33:49.060Z,32.2695,-40.3178,10,4.7,mb,,99,23.242,0.8,us,usb000mywa,2014-05-13T21:36:46.000Z,"northern Mid-Atlantic Ridge",earthquake,,1.9,0.089,49,reviewed,us,us
2014-03-01T03:32:11.590Z,-31.2945,179.9913,378.13,4.6,mb,,66,2.722,0.76,us,usb000myv7,2014-05-13T21:36:46.000Z,"Kermadec Islands region",earthquake,,4.7,0.081,45,reviewed,us,us
2014-03-01T03:26:15.640Z,51.582,-175.347,25.8,3,ml,,,,0.52,us,usb000myx8,2023-07-20T16:01:56.302Z,"94 km ESE of Adak, Alaska",earthquake,,8,,18,reviewed,ak,ak
2014-03-01T03:22:06.930Z,25.3458,96.5402,49.69,4.1,mb,,121,4.24,0.34,us,usc000n8xs,2014-05-13T21:36:46.000Z,"86 km W of Myitkyina, Myanmar",earthquake,,6.4,0.262,4,reviewed,us,us
2014-03-01T02:57:22.200Z,19.0883,-65.8078,12,2.9,Md,8,259.2,0.91448496,0.23,pr,pr14060001,2014-05-13T21:36:46.000Z,"73 km N of Suárez, Puerto Rico",earthquake,2,3.2,0,7,reviewed,pr,pr
2014-03-01T02:33:46.600Z,-35.608,179.764,33,4.1,ml,,,,0.53,us,usc000n8xq,2014-05-13T21:36:46.000Z,"off the east coast of the North Island of New Zealand",earthquake,,2,,,reviewed,wel,wel
2014-03-01T02:16:38.860Z,32.1843,-40.2552,10,5.2,mb,,38,20.882,0.58,us,usb000myuk,2025-12-22T16:48:24.265Z,"northern Mid-Atlantic Ridge",earthquake,,1.8,0.03,387,reviewed,us,us
2014-03-01T02:14:11.600Z,18.9761,-69.5544,108.45,4.1,md,,119,0.615,1.08,us,usb000myuy,2014-05-13T21:36:46.000Z,"18 km W of El Valle, Dominican Republic",earthquake,,12.8,,26,reviewed,us,pr
2014-03-01T02:08:25.000Z,-20.6216,169.9601,41.74,4.4,mb,,91,3.252,0.59,us,usc000n8xn,2014-05-13T21:36:46.000Z,"139 km SSE of Isangel, Vanuatu",earthquake,,8,0.268,7,reviewed,us,us
2014-03-01T01:55:06.670Z,5.452,123.6821,566.6,4.4,mb,,68,2.477,0.65,us,usb000myua,2014-05-13T21:36:46.000Z,"100 km SW of Palimbang, Philippines",earthquake,,6.8,0.08,47,reviewed,us,us
2014-03-01T00:59:37.122Z,56.8792,-154.4153,1.4,3.5,ml,,,,0.89,ak,ak0142r8ljqo,2023-07-20T16:01:42.852Z,"16 km WSW of Akhiok, Alaska",earthquake,,0.4,,,reviewed,ak,ak
2014-03-01T00:56:46.480Z,-3.5079,131.078,34.74,4.6,mb,,44,1.307,1.14,us,usb000mytt,2014-05-13T21:36:46.000Z,"240 km E of Amahai, Indonesia",earthquake,,2.8,0.081,46,reviewed,us,us
2014-03-01T00:09:06.740Z,-56.7764,-24.9492,10,4.6,mb,,91,7.009,0.5,us,usc000n8yn,2014-05-13T21:36:46.000Z,"South Sandwich Islands region",earthquake,,1.9,0.165,11,reviewed,us,us
2014-03-01T00:07:39.030Z,-5.4178,30.0156,13.2,4.4,mb,,126,4.837,0.83,us,usc000n8xr,2014-05-13T21:36:46.000Z,"54 km SW of Uvinza, Tanzania",earthquake,,5.9,0.268,4,reviewed,us,us
