time,latitude,longitude,depth,mag,magType,nst,gap,dmin,rms,net,id,updated,place,type,horizontalError,depthError,magError,magNst,status,locationSource,magSource
2018-09-29T23:21:24.360Z,20.3118,-65.6207,10,4.4,mb,,54,2.016,0.62,us,us1000h4gs,2018-12-01T16:43:33.040Z,"209 km N of Suárez, Puerto Rico",earthquake,6,1.9,0.069,61,reviewed,us,us
2018-09-29T23:15:51.319Z,54.4665,-160.9517,25.2,2.6,ml,,,,0.74,aacse,aacse018ci7yoxn,2021-02-22T17:17:58.571Z,"101 km SSW of Sand Point, Alaska",earthquake,,0.4,,,reviewed,aacse,aacse
2018-09-29T21:49:21.350Z,18.7618,-67.402,50,2.77,md,3,332,0.81,0.03,pr,pr2018272007,2018-09-30T01:09:24.150Z,"43 km NW of San Antonio, Puerto Rico",earthquake,3.37,7.46,0.08,3,reviewed,pr,pr
2018-09-29T21:42:26.990Z,-0.55,119.9146,10,4,mb,,77,1.864,1.06,us,us1000h7i1,2018-12-01T16:44:42.040Z,"39 km N of Palu, Indonesia",earthquake,6.5,1.9,0.232,5,reviewed,us,us
2018-09-29T21:34:38.655Z,61.534,-150.5725,54.4,2.8,ml,,,,0.69,ak,ak018ci6vvcp,2023-08-16T19:24:56.713Z,"3 km WSW of Susitna, Alaska",earthquake,,0.3,,,reviewed,ak,ak
2018-09-29T21:23:45.265Z,55.8686,-149.652,12.8,2.8,ml,,,,0.52,aacse,aacse018ci6tizi,2021-02-22T17:17:59.246Z,"252 km SE of Chiniak, Alaska",earthquake,,25,,,reviewed,aacse,aacse
2018-09-29T21:09:44.390Z,-47.2787,-11.8608,10,4.6,mb,,158,17.021,0.69,us,us1000h7i2,2018-12-01T16:44:42.040Z,"southern Mid-Atlantic Ridge",earthquake,15.9,1.9,0.164,11,reviewed,us,us
2018-09-29T19:25:35.800Z,37.1792,-97.4578,6.29,2.8,ml,,191,0.135,0.35,us,us1000h4dn,2018-12-01T16:43:31.040Z,"11 km SE of Mayfield, Kansas",earthquake,2,4.2,0.139,14,reviewed,ismp,ismp
2018-09-29T19:24:37.170Z,19.425,-155.6145,-1.7,2.66,ml,49,77,0.02536,0.16,hv,hv70620932,2018-12-01T16:43:31.040Z,"26 km E of Honaunau-Napoopoo, Hawaii",earthquake,0.26,0.44,0.103,38,reviewed,hv,hv
2018-09-29T19:15:39.370Z,-1.5148,120.1245,10,4.4,mb,,91,2.687,0.61,us,us1000h4dg,2018-12-01T16:43:31.040Z,"71 km W of Poso, Indonesia",earthquake,6.2,1.9,0.105,26,reviewed,us,us
2018-09-29T19:06:04.730Z,51.7452,-172.3801,58.56,3.8,mb,,193,1.187,0.9,us,us1000h7hs,2023-08-16T19:24:30.580Z,"134 km ESE of Atka, Alaska",earthquake,6.7,8.4,0.12,18,reviewed,us,us
2018-09-29T18:52:20.750Z,-17.3119,-178.1037,553.55,4.1,mb,,138,3.692,1.03,us,us1000h7hz,2018-12-01T16:44:41.040Z,"286 km ENE of Levuka, Fiji",earthquake,15.8,9.8,0.175,10,reviewed,us,us
2018-09-29T18:52:08.139Z,65.4693,-161.8944,5,2.6,ml,,,,0.64,ak,ak018ci57d2l,2023-08-16T19:24:26.706Z,"66 km SSW of Buckland, Alaska",earthquake,,0.2,,,reviewed,ak,ak
2018-09-29T18:46:33.190Z,18.3443,-67.3265,19,2.57,md,6,271,0.2218,0.36,pr,pr2018272005,2018-09-29T20:37:57.246Z,"8 km W of Rincón, Puerto Rico",earthquake,2.09,1.06,0.18,5,reviewed,pr,pr
2018-09-29T18:34:40.120Z,-15.6296,168.2007,10,4.8,mww,,56,6.148,0.92,us,us1000h4cy,2022-05-03T19:32:54.597Z,"98 km ENE of Norsup, Vanuatu",earthquake,7.6,1.8,0.075,17,reviewed,us,us
2018-09-29T18:27:07.220Z,-12.8425,45.4475,10,4.5,mb,,80,5.936,0.99,us,us1000h7hx,2018-12-01T16:44:41.040Z,"18 km ESE of Pamandzi, Mayotte",earthquake,12.1,1.9,0.242,5,reviewed,us,us
2018-09-29T18:11:59.771Z,65.485,-161.9387,5.2,3.1,ml,,,,0.64,ak,ak018ci4yop5,2023-08-16T19:24:07.270Z,"66 km SSW of Buckland, Alaska",earthquake,,0.3,,,reviewed,ak,ak
2018-09-29T18:07:36.720Z,37.1798,-97.455,6.26,2.8,ml,,193,0.138,0.37,us,us1000h4cr,2018-12-01T16:43:29.040Z,"11 km SE of Mayfield, Kansas",earthquake,1.2,2.1,0.164,14,reviewed,ismp,ismp
2018-09-29T17:53:26.500Z,5.0692,127.1014,90.43,4.5,mb,,65,2.498,0.59,us,us1000h4cn,2018-12-01T16:43:29.040Z,"175 km SE of Pondaguitan, Philippines",earthquake,8.1,8.9,0.113,26,reviewed,us,us
2018-09-29T17:52:43.760Z,51.5075,-172.8965,35,2.8,ml,,312,1.07,1.16,us,us1000h96t,2023-08-16T19:24:05.113Z,"118 km SE of Atka, Alaska",earthquake,7.6,2,,,reviewed,us,ak
2018-09-29T17:19:38.142Z,69.4287,-143.8647,5.1,2.5,ml,,,,0.81,ak,ak018ci4ex5i,2023-08-16T19:23:55.258Z,"79 km S of Kaktovik, Alaska",earthquake,,0.4,,,reviewed,ak,ak
2018-09-29T17:03:00.160Z,19.5125,-155.6598333,5.48,2.79,ml,52,41,0.03219,0.13,hv,hv70620662,2018-12-01T16:43:28.040Z,"22 km ENE of Honaunau-Napoopoo, Hawaii",earthquake,0.27,0.35,0.158,41,reviewed,hv,hv
2018-09-29T16:43:26.780Z,51.3993,178.0421,35,2.5,ml,,296,0.625,0.48,us,us1000h4er,2023-08-16T19:23:45.163Z,"Rat Islands, Aleutian Islands, Alaska",earthquake,5.1,2,,,reviewed,us,ak
2018-09-29T16:34:56.360Z,-27.9768,-71.4292,27.8,4.2,mb,,191,0.387,0.82,us,us1000h4by,2018-12-01T16:41:31.040Z,"93 km NW of Vallenar, Chile",earthquake,5.5,8.3,0.372,2,reviewed,us,us
2018-09-29T15:49:03.344Z,55.749,-149.715,12,2.6,ml,,,,0.66,aacse,aacse018ci3eeqm,2021-02-22T17:17:59.563Z,"260 km SE of Chiniak, Alaska",earthquake,,25,,,reviewed,aacse,aacse
2018-09-29T15:05:19.190Z,36.4811,71.2024,237.3,4.2,mb,,74,0.816,0.62,us,us1000h4am,2018-12-01T16:43:27.040Z,"37 km SW of Ashk?sham, Afghanistan",earthquake,6.9,8.2,0.159,11,reviewed,us,us
2018-09-29T15:01:42.240Z,-15.9755,-75.5862,10,4.4,mb,,163,4.147,1.23,us,us1000h7ia,2018-12-01T16:44:42.040Z,"81 km SW of San Juan, Peru",earthquake,6.7,1.9,0.24,5,reviewed,us,us
2018-09-29T14:39:37.470Z,55.4404,165.1978,10,4.3,mb,,174,4.976,0.76,us,us1000h7hp,2018-12-01T16:44:40.040Z,"191 km ESE of Ust’-Kamchatsk Staryy, Russia",earthquake,11,2,0.13,17,reviewed,us,us
2018-09-29T14:26:34.780Z,-18.9673,-69.6017,99.46,4.3,mwr,,109,0.796,1.44,us,us1000h4a5,2018-12-01T16:43:27.040Z,"91 km SE of Arica, Chile",earthquake,7.7,6.4,,,reviewed,us,guc
2018-09-29T14:26:19.770Z,-1.5691,120.1743,10,4.4,mb,,128,2.649,1.04,us,us1000h7ht,2018-12-01T16:44:41.040Z,"67 km WSW of Poso, Indonesia",earthquake,8,1.9,0.154,12,reviewed,us,us
2018-09-29T13:51:35.340Z,69.4902,-144.5067,11.5,3.1,ml,,,,0.6,ak,ak018ci281fi,2023-08-16T19:23:21.951Z,"79 km SSW of Kaktovik, Alaska",earthquake,,0.3,,,reviewed,ak,ak
2018-09-29T13:42:41.240Z,40.2565,65.3235,10,4.1,mb,,52,3.268,0.65,us,us1000h49v,2018-12-01T16:43:26.040Z,"19 km NNW of Navoiy, Uzbekistan",earthquake,6.8,2,0.158,11,reviewed,us,us
2018-09-29T13:34:20.700Z,36.1974,-98.9253,5,2.7,mb_lg,,107,0.316,0.2,us,us1000h49t,2018-12-01T16:43:26.040Z,"2 km S of Chester, Oklahoma",earthquake,1.5,1.7,0.076,45,reviewed,us,us
2018-09-29T13:32:55.610Z,44.1695,-66.2656,22.76,2.5,ml,,192,1.009,0.64,us,us1000h4jd,2018-12-01T16:43:35.040Z,"39 km NNW of Yarmouth, Canada",earthquake,4.8,8.8,0.181,4,reviewed,us,us
2018-09-29T13:26:53.480Z,-8.2736,123.8324,175.97,4.1,mb,,161,1.533,0.4,us,us1000h7hl,2018-12-01T16:44:39.040Z,"119 km NNW of Pante Makasar, Timor Leste",earthquake,11.1,8.3,0.158,11,reviewed,us,us
2018-09-29T13:11:02.120Z,36.2072,-98.9187,6.61,2.8,ml,,87,0.104,0.38,us,us1000h49d,2018-12-01T16:43:25.040Z,"1 km S of Chester, Oklahoma",earthquake,1.5,4.7,,,reviewed,ok,ok
2018-09-29T12:45:47.400Z,36.1793,-97.4823,5.48,3.4,mwr,,26,,0.21,us,us1000h490,2018-12-01T16:41:39.040Z,"9 km WNW of Orlando, Oklahoma",earthquake,0.8,3.7,,16,reviewed,ok,slm
2018-09-29T12:38:38.600Z,-26.5256,67.6537,10,4.6,mb,,114,7.805,0.98,us,us1000h7hh,2018-12-01T16:44:39.040Z,"Indian Ocean Triple Junction",earthquake,14.5,1.9,0.158,12,reviewed,us,us
2018-09-29T12:38:30.930Z,-18.1201,167.6626,10,4.6,mb,,123,4.001,0.46,us,us1000h7hj,2025-12-22T17:47:34.515Z,"80 km WSW of Port-Vila, Vanuatu",earthquake,7,1.8,0.142,15,reviewed,us,us
2018-09-29T12:04:25.050Z,1.608,99.5519,178.52,4.4,mb,,63,1.248,0.82,us,us1000h48p,2018-12-01T16:43:25.040Z,"40 km NE of Padangsidempuan, Indonesia",earthquake,6.8,7.4,0.11,24,reviewed,us,us
2018-09-29T11:36:31.630Z,-17.0872,-173.5442,60.98,4.5,mb,,124,3.589,0.48,us,us1000h7he,2018-12-01T16:44:38.040Z,"128 km SSE of Hihifo, Tonga",earthquake,9.8,11.8,0.156,12,reviewed,us,us
2018-09-29T11:31:33.521Z,65.4736,-161.924,1,3.5,ml,,,,0.68,ak,ak018ci0wvrc,2023-08-16T19:22:55.370Z,"67 km SSW of Buckland, Alaska",earthquake,,0.3,,,reviewed,ak,ak
2018-09-29T11:06:23.400Z,-0.6685,119.909,10,4.4,mb,,80,1.971,1.04,us,us1000h7hd,2018-12-01T16:44:38.040Z,"26 km N of Palu, Indonesia",earthquake,6.8,1.9,0.135,16,reviewed,us,us
2018-09-29T11:03:15.060Z,29.6529,51.4102,10,4,mb,,87,6.337,1.09,us,us1000h480,2018-12-01T16:43:24.040Z,"23 km W of K?zer?n, Iran",earthquake,6.6,2,0.134,15,reviewed,us,us
2018-09-29T10:40:20.900Z,-4.3164,152.5384,120.99,4.5,mb,,88,0.393,0.34,us,us1000h7hc,2018-12-01T16:44:38.040Z,"30 km E of Kokopo, Papua New Guinea",earthquake,6.2,5.6,0.103,28,reviewed,us,us
2018-09-29T10:35:22.822Z,63.215,-150.4245,120.1,2.8,ml,,,,0.55,ak,ak018ci0ca6y,2023-08-16T19:22:32.819Z,"74 km ESE of Denali National Park, Alaska",earthquake,,0.3,,,reviewed,ak,ak
2018-09-29T10:30:18.270Z,-1.4592,120.2145,10,5.1,mww,,48,2.589,0.51,us,us1000h47j,2022-05-03T19:32:59.814Z,"60 km W of Poso, Indonesia",earthquake,6,1.8,0.062,25,reviewed,us,us
2018-09-29T10:14:28.860Z,-24.2107,-178.7365,499.38,4.2,mb,,177,9.868,0.76,us,us1000h7ha,2018-12-01T16:44:37.040Z,"south of the Fiji Islands",earthquake,15.5,10.4,0.124,18,reviewed,us,us
2018-09-29T10:09:31.726Z,68.7363,-147.287,14.2,2.5,ml,,,,0.63,ak,ak018ci06q9g,2023-08-16T19:22:24.021Z,"98 km NW of Arctic Village, Alaska",earthquake,,0.2,,,reviewed,ak,ak
2018-09-29T10:04:54.692Z,65.4679,-161.9147,5.7,2.8,ml,,,,0.68,ak,ak018ci05pgd,2023-08-16T19:22:18.129Z,"67 km SSW of Buckland, Alaska",earthquake,,0.2,,,reviewed,ak,ak
2018-09-29T09:54:26.750Z,-0.1015,119.9477,10,4.3,mb,,101,1.465,1.17,us,us1000h7h9,2018-12-01T16:44:37.040Z,"89 km N of Palu, Indonesia",earthquake,6.4,1.9,0.147,13,reviewed,us,us
2018-09-29T09:41:51.404Z,55.2758,-153.7909,1.5,2.5,ml,,,,0.8,aacse,aacse018chzs738,2021-02-22T17:17:59.875Z,"187 km S of Akhiok, Alaska",earthquake,,0.6,,,reviewed,aacse,aacse
2018-09-29T09:37:01.100Z,51.8627,178.0622,152.31,2.8,ml,,307,0.3,0.34,us,us1000h96u,2023-08-16T19:22:17.028Z,"Rat Islands, Aleutian Islands, Alaska",earthquake,11.5,5.5,,,reviewed,us,ak
2018-09-29T09:25:54.910Z,42.7652,141.9494,35,4.5,mb,,75,1.167,0.4,us,us1000h479,2018-12-01T16:43:21.040Z,"25 km ESE of Chitose, Japan",earthquake,5.8,2,0.082,44,reviewed,us,us
2018-09-29T09:24:54.570Z,56.4482,-147.9813,16.92,3.4,ml,,226,2.844,0.49,us,us1000h96s,2023-08-16T19:22:12.285Z,"291 km ESE of Chiniak, Alaska",earthquake,8.9,8.5,0.097,14,reviewed,us,us
2018-09-29T09:06:48.960Z,54.7481,58.0138,10,4.4,mb,,51,1.657,0.81,us,us1000h472,2018-12-01T16:43:20.040Z,"11 km W of Katav-Ivanovsk, Russia",earthquake,4.7,2,0.088,37,reviewed,us,us
2018-09-29T09:06:00.460Z,-56.0982,-26.7388,35,4.4,mb,,105,10.506,0.55,us,us1000h7hn,2018-12-01T16:44:40.040Z,"South Sandwich Islands region",earthquake,10.2,2,0.13,17,reviewed,us,us
2018-09-29T09:00:26.400Z,35.6726,-97.3901,6.056,2.6,ml,,34,,0.14,us,us1000h470,2018-12-01T16:43:20.040Z,"5 km W of Arcadia, Oklahoma",earthquake,1.1,1.2,,,reviewed,ok,ok
2018-09-29T08:37:06.890Z,-0.0525,119.9191,10,4.4,mb,,132,1.442,0.98,us,us1000h7h7,2018-12-01T16:44:36.040Z,"94 km N of Palu, Indonesia",earthquake,6.1,1.7,0.143,14,reviewed,us,us
2018-09-29T08:18:00.730Z,10.4733,91.652,10,4.1,mb,,125,1.59,0.78,us,us1000h7h5,2018-12-01T16:44:36.040Z,"178 km SW of Port Blair, India",earthquake,4.8,1.9,0.157,11,reviewed,us,us
2018-09-29T08:15:06.835Z,58.7704,-154.859,132.6,2.8,ml,,,,0.61,ak,ak018chz13ff,2023-08-16T19:21:59.324Z,"74 km S of Kokhanok, Alaska",earthquake,,0.4,,,reviewed,ak,ak
2018-09-29T07:40:11.650Z,-1.5105,120.1827,10,5.1,mww,,56,2.629,0.44,us,us1000h46e,2022-05-03T19:33:05.210Z,"64 km WSW of Poso, Indonesia",earthquake,4.5,1.9,0.093,11,reviewed,us,us
2018-09-29T06:36:12.600Z,-1.2676,120.6355,10,4.8,mb,,79,2.147,0.84,us,us1000h463,2018-12-01T16:43:18.040Z,"19 km NW of Poso, Indonesia",earthquake,6,1.9,0.098,32,reviewed,us,us
2018-09-29T06:13:35.270Z,-32.5212,-71.8051,21.4,4,mb,,182,0.43,0.49,us,us1000h45y,2018-12-01T16:41:36.040Z,"54 km W of La Ligua, Chile",earthquake,4.2,7.8,0.26,4,reviewed,us,us
2018-09-29T05:44:19.720Z,53.4476,-163.5038,10,2.6,ml,,251,1.209,0.51,us,us1000h96n,2023-08-16T19:21:19.096Z,"156 km S of False Pass, Alaska",earthquake,3.4,2,,,reviewed,us,ak
2018-09-29T05:38:51.280Z,-18.3598,-69.3185,135.45,4.2,mwr,,67,0.781,0.95,us,us1000h45r,2018-12-01T16:43:18.040Z,"93 km SE of Palca, Peru",earthquake,7.6,7.5,,,reviewed,us,guc
2018-09-29T05:24:02.060Z,-1.3695,120.0546,10,4.1,mb,,130,2.569,1.04,us,us1000h7h2,2018-12-01T16:44:36.040Z,"54 km SSE of Palu, Indonesia",earthquake,7.8,1.9,0.165,10,reviewed,us,us
2018-09-29T04:56:57.175Z,69.0419,-146.3932,12.5,3,ml,,,,0.55,ak,ak018chww991,2023-08-16T19:21:14.689Z,"107 km NNW of Arctic Village, Alaska",earthquake,,0.3,,,reviewed,ak,ak
2018-09-29T04:48:40.703Z,61.4906,-149.9089,40.3,2.8,ml,,,,0.61,ak,ak018chwui92,2023-08-16T19:21:12.347Z,"4 km SE of Big Lake, Alaska",earthquake,,0.3,,,reviewed,ak,ak
2018-09-29T04:40:33.980Z,47.1412,152.6567,83.57,4.9,mb,,56,6.765,0.83,us,us1000h45a,2018-12-01T16:43:17.040Z,"Kuril Islands",earthquake,10.4,5,0.03,336,reviewed,us,us
2018-09-29T04:26:29.766Z,55.8201,-149.5634,13,2.8,ml,,,,1,aacse,aacse018chwprnk,2021-02-22T17:18:00.562Z,"259 km SE of Chiniak, Alaska",earthquake,,25,,,reviewed,aacse,aacse
2018-09-29T02:32:50.820Z,-1.5697,120.0451,10,4.8,mb,,55,2.762,0.59,us,us1000h44u,2018-12-01T16:43:16.040Z,"75 km SSE of Palu, Indonesia",earthquake,6.1,1.9,0.078,51,reviewed,us,us
2018-09-29T02:17:46.720Z,32.3476667,-115.184,28.67,4.41,mw,34,172,0.1018,0.29,ci,ci37373442,2018-12-01T16:43:15.040Z,"1km SE of Delta, B.C., MX",earthquake,0.74,0.41,,6,reviewed,ci,ci
2018-09-29T02:03:08.092Z,40.9931,-116.3849,0.5,2.5,ml,8,87.93,0.006,0.1797,nn,nn00658675,2018-09-29T17:22:31.832Z,"39 km NW of Carlin, Nevada",explosion,,1.1,0.8,5,reviewed,nn,nn
2018-09-29T01:18:35.610Z,-1.3161,120.1027,10,4.4,mb,,88,2.504,0.89,us,us1000h486,2018-12-01T16:43:24.040Z,"51 km SSE of Palu, Indonesia",earthquake,4.9,1.9,0.139,15,reviewed,us,us
2018-09-29T01:02:57.588Z,69.5493,-144.7445,13.7,2.5,ml,,,,0.56,ak,ak018chusdsu,2023-08-16T19:20:26.246Z,"77 km SSW of Kaktovik, Alaska",earthquake,,0.3,,,reviewed,ak,ak
2018-09-29T00:27:21.430Z,-1.2178,120.1201,10,4.1,mb,,86,2.406,0.15,us,us1000h7gt,2018-12-01T16:44:35.040Z,"44 km SE of Palu, Indonesia",earthquake,7.1,1.9,0.234,5,reviewed,us,us
2018-09-29T00:23:19.840Z,54.8838,-142.4118,15.05,3.3,ml,,199,4.538,0.91,us,us1000h4e6,2023-08-16T19:20:22.702Z,"south of Alaska",earthquake,10.5,8.2,0.081,20,reviewed,us,us
2018-09-29T00:18:59.600Z,-0.6711,119.945,10,4.2,mb,,84,1.958,1.27,us,us1000h7h0,2018-12-01T16:44:35.040Z,"27 km NNE of Palu, Indonesia",earthquake,4.8,2,0.216,6,reviewed,us,us
2018-09-29T00:03:14.922Z,28.886,-98.136,4.0815,2.8,ml,13,75,0.1,0.4,tx,tx2018tbdl,2025-07-02T19:50:58.250Z,"15 km SW of Falls City, Texas",earthquake,2.2104872425348,1.5379935832251,0.1,13,reviewed,tx,tx
2018-09-28T23:44:36.030Z,-16.1549,-176.2352,391.14,4,mb,,165,4.851,0.61,us,us1000h753,2018-12-01T16:44:31.040Z,"261 km W of Hihifo, Tonga",earthquake,15.4,19.6,0.157,11,reviewed,us,us
2018-09-28T23:29:35.260Z,-1.2579,120.1503,10,4.4,mb,,70,2.436,0.63,us,us1000h751,2018-12-01T16:44:30.040Z,"49 km SE of Palu, Indonesia",earthquake,3.9,1.9,0.108,25,reviewed,us,us
2018-09-28T22:50:25.221Z,58.5132,-153.1234,71,2.6,ml,,,,0.71,ak,ak018cgk1cvu,2023-08-16T19:20:03.216Z,"52 km NNW of Aleneva, Alaska",earthquake,,0.5,,,reviewed,ak,ak
2018-09-28T22:37:10.700Z,-2.5571,126.8469,39.45,4.3,mb,,100,4.342,0.25,us,us1000h74x,2018-12-01T16:44:30.040Z,"194 km NW of Ambon, Indonesia",earthquake,11.9,11,0.142,14,reviewed,us,us
2018-09-28T22:24:58.800Z,36.2048,-98.9249,6.479,2.9,ml,,157,,0.86,us,us1000h43k,2018-12-01T16:43:14.040Z,"1 km SSW of Chester, Oklahoma",earthquake,1.5,5.2,,,reviewed,ok,ok
2018-09-28T22:17:50.670Z,-1.8124,120.2139,10,4.5,mb,,35,2.669,0.67,us,us1000h43j,2018-12-01T16:43:13.040Z,"75 km SW of Poso, Indonesia",earthquake,5.9,1.8,0.085,41,reviewed,us,us
2018-09-28T22:02:56.840Z,-29.9968,-71.7688,23.12,4.1,mwr,,176,0.466,1.02,us,us1000h437,2018-12-01T16:43:13.040Z,"41 km W of Coquimbo, Chile",earthquake,4.4,5.3,0.037,71,reviewed,us,us
2018-09-28T21:57:27.780Z,52.3984,-169.5485,30.12,2.6,ml,,208,0.403,0.43,us,us1000h91h,2023-08-16T19:19:55.099Z,"76 km SW of Nikolski, Alaska",earthquake,5.5,10.7,,,reviewed,us,ak
2018-09-28T21:48:08.120Z,-5.9209,127.7717,397.32,4.3,mb,,52,4.056,0.35,us,us1000h74u,2018-12-01T16:44:30.040Z,"250 km S of Ambon, Indonesia",earthquake,8.8,11.9,0.187,8,reviewed,us,us
2018-09-28T21:24:01.980Z,-1.5863,120.1808,10,5,mww,,33,2.646,0.66,us,us1000h42g,2022-05-03T19:32:51.337Z,"67 km WSW of Poso, Indonesia",earthquake,5.8,1.8,0.117,7,reviewed,us,us
2018-09-28T21:17:05.360Z,-1.3541,119.5184,10,4.4,mb,,92,2.624,0.86,us,us1000h74t,2018-12-01T16:44:29.040Z,"62 km SW of Palu, Indonesia",earthquake,6.7,1.9,0.109,24,reviewed,us,us
2018-09-28T21:12:51.960Z,-26.9385,67.329,10,4.5,mb,,79,8.02,0.7,us,us1000h74s,2018-12-01T16:44:29.040Z,"Indian Ocean Triple Junction",earthquake,8.2,1.9,0.136,16,reviewed,us,us
2018-09-28T21:09:10.930Z,-14.0571,41.7436,10,4,mb,,149,6.888,0.83,us,us1000h756,2018-12-01T16:44:31.040Z,"127 km ENE of Nacala, Mozambique",earthquake,6.2,2,0.232,5,reviewed,us,us
2018-09-28T21:08:07.140Z,51.6139,-170.8426,35,2.9,ml,,229,1.361,1.33,us,us1000h91f,2023-08-16T19:19:49.541Z,"200 km SW of Nikolski, Alaska",earthquake,3.8,2,,,reviewed,us,ak
2018-09-28T21:03:59.950Z,-1.7216,120.2505,10,4.4,mb,,84,2.609,0.79,us,us1000h74q,2018-12-01T16:44:28.040Z,"66 km WSW of Poso, Indonesia",earthquake,6.5,1.9,0.104,27,reviewed,us,us
2018-09-28T21:02:41.530Z,-1.4858,119.748,10,4.2,mb,,98,2.779,1.27,us,us1000h74r,2018-12-01T16:44:28.040Z,"65 km SSW of Palu, Indonesia",earthquake,4.6,2,0.215,6,reviewed,us,us
2018-09-28T20:44:09.320Z,-0.2188,119.8464,10,4.3,mb,,72,1.618,1.13,us,us1000h74m,2018-12-01T16:44:27.040Z,"76 km N of Palu, Indonesia",earthquake,6.6,1.9,0.201,9,reviewed,us,us
2018-09-28T20:41:01.530Z,-1.4165,120.1982,10,4.5,mb,,88,2.577,0.64,us,us1000h74n,2018-12-01T16:44:27.040Z,"61 km W of Poso, Indonesia",earthquake,6,1.3,0.113,23,reviewed,us,us
2018-09-28T20:39:09.510Z,3.928,-82.6691,10,4.3,mb,,171,4.5,1.39,us,us1000h74p,2018-12-01T16:44:28.040Z,"south of Panama",earthquake,3.2,2,0.126,18,reviewed,us,us
2018-09-28T20:34:51.030Z,-1.3717,120.1956,10,4.4,mb,,88,2.534,0.53,us,us1000h41b,2018-12-01T16:43:12.040Z,"62 km W of Poso, Indonesia",earthquake,6.9,1.9,0.139,15,reviewed,us,us
2018-09-28T20:30:38.250Z,12.6556,57.8501,10,4.4,mb,,131,12.324,0.73,us,us1000h74k,2018-12-01T16:44:26.040Z,"Owen Fracture Zone region",earthquake,14.9,1.9,0.12,23,reviewed,us,us
2018-09-28T20:25:27.610Z,-1.7,120.2097,10,4.2,mb,,92,2.643,0.8,us,us1000h74i,2018-12-01T16:44:26.040Z,"69 km WSW of Poso, Indonesia",earthquake,5.5,1.8,0.199,8,reviewed,us,us
2018-09-28T20:04:54.980Z,51.0469,179.3427,35,4.2,mb,,126,0.331,0.68,us,us1000h405,2023-08-16T19:19:44.051Z,"294 km WSW of Adak, Alaska",earthquake,6.7,2,0.075,57,reviewed,us,us
2018-09-28T20:02:52.840Z,-1.4191,120.4059,10,4.3,mb,,80,2.394,1.43,us,us1000h74h,2018-12-01T16:44:25.040Z,"38 km W of Poso, Indonesia",earthquake,4.3,1.9,0.138,17,reviewed,us,us
2018-09-28T19:38:06.420Z,-18.6981,179.6129,655.81,4.5,mb,,97,1.76,0.86,us,us1000h74e,2018-12-01T16:44:25.040Z,"76 km SSE of Levuka, Fiji",earthquake,13.9,8.1,0.083,42,reviewed,us,us
2018-09-28T19:21:24.710Z,-1.5339,120.2729,10,4.1,mb,,89,2.545,0.94,us,us1000h74d,2018-12-01T16:44:24.040Z,"55 km WSW of Poso, Indonesia",earthquake,3.2,1.9,0.197,7,reviewed,us,us
2018-09-28T19:04:52.690Z,-0.0496,119.7298,10,4.2,mb,,70,1.56,1,us,us1000h74c,2018-12-01T16:44:24.040Z,"96 km N of Palu, Indonesia",earthquake,4.3,1.7,0.159,14,reviewed,us,us
2018-09-28T18:54:53.430Z,-40.9175,-16.7666,10,4.5,mb,,86,30.111,0.75,us,us1000h74b,2018-12-01T16:44:24.040Z,"southern Mid-Atlantic Ridge",earthquake,13.6,1.9,0.14,15,reviewed,us,us
2018-09-28T18:18:43.500Z,-1.215,136.2765,31.91,4,mb,,189,4.366,0.56,us,us1000h749,2018-12-01T16:44:23.040Z,"22 km E of Biak, Indonesia",earthquake,9.9,8.8,0.173,11,reviewed,us,us
2018-09-28T17:34:11.890Z,-0.075,119.6549,10,4.1,mb,,71,1.63,0.93,us,us1000h745,2018-12-01T16:44:22.040Z,"95 km NNW of Palu, Indonesia",earthquake,6,1.9,0.174,10,reviewed,us,us
2018-09-28T17:16:21.030Z,-0.1422,119.8348,13.96,4.3,mb,,71,1.564,0.9,us,us1000h74l,2018-12-01T16:44:26.040Z,"84 km N of Palu, Indonesia",earthquake,3.3,5.8,0.133,18,reviewed,us,us
2018-09-28T17:14:39.640Z,51.0433,-179.4135,22.07,2.5,ml,,225,0.814,0.62,us,us1000h91e,2023-08-16T19:19:28.469Z,"214 km WSW of Adak, Alaska",earthquake,1.9,10.5,,,reviewed,us,ak
2018-09-28T17:10:45.210Z,-0.4167,119.8577,10,4.4,mb,,133,1.776,0.27,us,us1000h742,2018-12-01T16:44:21.040Z,"54 km N of Palu, Indonesia",earthquake,6.6,1.7,0.169,10,reviewed,us,us
2018-09-28T17:05:45.660Z,-1.4151,120.1963,10,4.6,mb,,57,2.576,1.14,us,us1000h3xi,2018-12-01T16:43:11.040Z,"61 km W of Poso, Indonesia",earthquake,3.2,1.9,0.103,29,reviewed,us,us
2018-09-28T17:02:07.760Z,-0.7171,119.7762,10,4.2,mb,,82,2.075,0.68,us,us1000h741,2018-12-01T16:44:21.040Z,"23 km NNW of Palu, Indonesia",earthquake,5.9,1.9,0.158,14,reviewed,us,us
2018-09-28T16:47:26.230Z,-5.6316,151.9788,54.28,4.7,mb,,122,1.442,1.15,us,us1000h3ww,2018-12-01T16:43:11.040Z,"146 km SSW of Kokopo, Papua New Guinea",earthquake,8.1,8.2,0.102,29,reviewed,us,us
2018-09-28T16:40:04.340Z,-0.2384,119.7171,10,4.3,mb,,110,1.711,0.76,us,us1000h740,2018-12-01T16:44:21.040Z,"76 km NNW of Palu, Indonesia",earthquake,9.2,1.3,0.187,8,reviewed,us,us
2018-09-28T16:21:36.340Z,-2.7722,119.9419,10,4.4,mb,,173,2.235,0.98,us,us1000h73x,2018-12-01T16:44:20.040Z,"22 km NNE of Rantepao, Indonesia",earthquake,11.8,2,0.218,6,reviewed,us,us
2018-09-28T16:12:30.980Z,53.8209,-164.1626,31.53,3.1,ml,,217,0.698,0.24,us,us1000h91c,2023-08-16T19:19:20.454Z,"111 km ESE of Akutan, Alaska",earthquake,2.9,10.9,0.148,6,reviewed,us,us
2018-09-28T15:58:20.370Z,0.0212,119.6616,10,4.4,mb,,68,1.557,0.99,us,us1000h47w,2018-12-01T16:43:24.040Z,"105 km NNW of Palu, Indonesia",earthquake,5.9,1.9,0.131,17,reviewed,us,us
2018-09-28T15:50:36.090Z,-16.9831,-174.1866,10,4.8,mb,,135,3.838,0.86,us,us1000h73u,2018-12-01T16:44:19.040Z,"121 km SSW of Hihifo, Tonga",earthquake,13.6,1.9,0.148,14,reviewed,us,us
2018-09-28T15:35:42.380Z,-1.3217,119.7951,10,5,mb,,87,2.61,1.09,us,us1000h3v4,2018-12-01T16:43:04.040Z,"46 km S of Palu, Indonesia",earthquake,3.2,1.9,0.097,34,reviewed,us,us
2018-09-28T15:28:13.330Z,-0.699,119.934,10,4.9,mb,,72,1.987,0.95,us,us1000h3uz,2018-12-01T16:43:03.040Z,"24 km NNE of Palu, Indonesia",earthquake,6.1,1.9,0.089,40,reviewed,us,us
2018-09-28T15:21:41.070Z,-0.0711,119.7571,10,4.4,mb,,94,1.558,1.03,us,us1000h75r,2018-12-01T16:44:33.040Z,"93 km N of Palu, Indonesia",earthquake,10.6,2,0.179,9,reviewed,us,us
2018-09-28T15:13:57.000Z,35.7771667,-118.2445,8.87,3.18,ml,41,55,0.08138,0.13,ci,ci37372850,2022-08-08T08:44:03.852Z,"16km E of Kernville, CA",earthquake,0.14,0.36,0.157,255,reviewed,ci,ci
2018-09-28T14:56:09.580Z,1.1207,95.75,10,4.5,mb,,139,1.834,0.78,us,us1000h73n,2018-12-01T16:44:18.040Z,"165 km SSW of Sinabang, Indonesia",earthquake,10.7,1.9,0.131,17,reviewed,us,us
2018-09-28T14:44:27.880Z,-1.4238,120.3392,10,4.4,mb,,123,2.461,0.49,us,us1000h73m,2018-12-01T16:44:17.040Z,"46 km W of Poso, Indonesia",earthquake,5.8,1.7,0.155,12,reviewed,us,us
2018-09-28T14:44:23.090Z,-10.9275,164.6303,10,4.6,mb,,149,4.841,0.95,us,us1000h73l,2018-12-01T16:44:17.040Z,"129 km W of Lata, Solomon Islands",earthquake,10.5,1.9,0.157,12,reviewed,us,us
2018-09-28T14:39:25.570Z,-43.0585,42.3064,10,4.8,mb,,58,15.861,0.74,us,us1000h73k,2018-12-01T16:44:16.040Z,"Prince Edward Islands region",earthquake,9.1,1.8,0.121,21,reviewed,us,us
2018-09-28T14:26:00.960Z,0.0819,119.549,10,5.4,mb,,35,1.601,1.08,us,us1000h3t2,2018-12-01T16:43:03.040Z,"115 km NNW of Palu, Indonesia",earthquake,6.3,1.8,0.057,106,reviewed,us,us
2018-09-28T14:24:40.150Z,-0.7277,120.1456,10,4.6,mb,,72,1.934,1.08,us,us1000h73i,2018-12-01T16:44:16.040Z,"36 km ENE of Palu, Indonesia",earthquake,4.9,1.9,0.122,20,reviewed,us,us
2018-09-28T14:16:04.200Z,-1.4336,120.1255,10,4.5,mb,,90,2.611,1.25,us,us1000h47t,2018-12-01T16:43:23.040Z,"64 km SSE of Palu, Indonesia",earthquake,5.3,1.9,0.116,22,reviewed,us,us
2018-09-28T14:10:49.570Z,-0.7567,120.5045,10,4.6,mb,,53,1.876,1.03,us,us1000h744,2018-12-01T16:44:22.040Z,"72 km ENE of Palu, Indonesia",earthquake,6.3,1.9,0.103,28,reviewed,us,us
2018-09-28T14:10:08.400Z,-0.0571,119.7788,10,4.7,mb,,93,1.533,0.82,us,us1000h3sv,2018-12-01T16:43:02.040Z,"94 km N of Palu, Indonesia",earthquake,3.7,1.9,0.106,27,reviewed,us,us
2018-09-28T13:56:50.420Z,0.0382,119.5964,10,4.6,mb,,87,1.594,1.11,us,us1000h3sr,2018-12-01T16:43:02.040Z,"109 km NNW of Palu, Indonesia",earthquake,7.2,1.9,0.105,27,reviewed,us,us
2018-09-28T13:49:53.120Z,-30.2309,-71.5087,42.05,4.6,mb,,131,0.389,0.81,us,us1000h3si,2018-12-01T16:41:31.040Z,"34 km SSW of Coquimbo, Chile",earthquake,7.2,11.2,0.314,3,reviewed,us,us
2018-09-28T13:39:44.430Z,-1.4136,119.9655,10,5.2,mb,,40,2.637,1.23,us,us1000h3sh,2018-12-01T16:43:01.040Z,"56 km S of Palu, Indonesia",earthquake,4.5,1.8,0.07,68,reviewed,us,us
2018-09-28T13:35:30.630Z,0.0587,119.6831,10,5.7,mb,,21,1.516,0.82,us,us1000h3sd,2022-05-03T19:32:34.535Z,"108 km N of Palu, Indonesia",earthquake,6.1,1.7,0.052,134,reviewed,us,us
2018-09-28T13:28:51.680Z,-1.1697,120.0054,10,4.5,mb,,87,2.394,1.17,us,us1000h74a,2018-12-01T16:44:23.040Z,"32 km SSE of Palu, Indonesia",earthquake,6.2,1.3,0.121,20,reviewed,us,us
2018-09-28T13:23:43.940Z,-0.724,119.7784,10,4.3,mb,,125,2.08,1.15,us,us1000h73a,2018-12-01T16:44:15.040Z,"22 km NNW of Palu, Indonesia",earthquake,8.6,1.9,0.161,11,reviewed,us,us
2018-09-28T13:10:26.800Z,-0.0491,119.8111,10,4.9,mb,,63,1.506,0.93,us,us1000h3s8,2018-12-01T16:43:00.040Z,"95 km N of Palu, Indonesia",earthquake,3.8,1.9,0.087,41,reviewed,us,us
2018-09-28T12:39:33.890Z,-1.0791,120.2577,10,4.7,mb,,82,2.237,0.81,us,us1000h3s9,2018-12-01T16:43:01.040Z,"47 km ESE of Palu, Indonesia",earthquake,6.2,1.9,0.085,42,reviewed,us,us
2018-09-28T12:36:38.870Z,-0.0946,119.841,10,4.2,mb,,149,1.523,0.76,us,us1000h737,2018-12-01T16:44:15.040Z,"90 km N of Palu, Indonesia",earthquake,8.4,1.9,0.186,8,reviewed,us,us
2018-09-28T12:32:43.570Z,15.1157,-60.3912,27.44,5.4,mb,,29,0.578,0.83,us,us1000h3s0,2022-05-03T19:32:33.563Z,"74 km ENE of Sainte-Marie, Martinique",earthquake,5.1,3.4,0.021,774,reviewed,us,us
2018-09-28T12:31:23.760Z,52.8553,158.8581,79.8,4.3,mb,,96,0.745,0.63,us,us1000h746,2018-12-01T16:44:22.040Z,"25 km SSE of Petropavlovsk-Kamchatsky, Russia",earthquake,5.5,7.9,0.069,59,reviewed,us,us
2018-09-28T12:27:33.390Z,-0.4574,119.8805,10,5.2,mb,,28,1.8,0.92,us,us1000h3rz,2018-12-01T16:42:59.040Z,"49 km N of Palu, Indonesia",earthquake,6.3,1.8,0.056,104,reviewed,us,us
2018-09-28T12:23:04.100Z,1.9228,99.3777,158.36,4.2,mb,,89,0.89,0.82,us,us1000h75q,2018-12-01T16:44:33.040Z,"43 km WSW of Bandar, Indonesia",earthquake,9.8,8.3,0.166,10,reviewed,us,us
2018-09-28T12:20:24.290Z,-1.3949,119.7767,10,4.2,mb,,95,2.684,0.85,us,us1000h75j,2018-12-01T16:44:32.040Z,"54 km S of Palu, Indonesia",earthquake,7,1.9,0.16,11,reviewed,us,us
2018-09-28T12:05:04.070Z,-0.4158,120.0577,10,4.7,mb,,74,1.68,0.72,us,us1000h3ry,2018-12-01T16:42:59.040Z,"58 km NNE of Palu, Indonesia",earthquake,6.3,1.9,0.076,52,reviewed,us,us
2018-09-28T11:43:52.380Z,-0.1663,119.5507,10,4.3,mb,,106,1.767,1.05,us,us1000h72w,2018-12-01T16:44:13.040Z,"89 km NNW of Palu, Indonesia",earthquake,9.9,2,0.238,5,reviewed,us,us
2018-09-28T11:42:47.080Z,-1.0331,119.9206,10,4.4,mb,,86,2.297,1.1,us,us1000h72x,2018-12-01T16:44:13.040Z,"14 km SSE of Palu, Indonesia",earthquake,6.7,1.9,0.148,14,reviewed,us,us
2018-09-28T11:39:12.150Z,-0.7109,119.9014,10,4.4,mb,,71,2.012,0.36,us,us1000h731,2018-12-01T16:44:14.040Z,"22 km N of Palu, Indonesia",earthquake,5.6,1.9,0.144,14,reviewed,us,us
2018-09-28T11:36:27.010Z,-0.514,119.6889,10,4.6,mb,,135,1.949,0.73,us,us1000h72y,2018-12-01T16:44:13.040Z,"48 km NNW of Palu, Indonesia",earthquake,5.2,2,0.182,9,reviewed,us,us
2018-09-28T11:31:51.840Z,4.757,95.8082,10,4.6,mb,,81,1.227,1.13,us,us1000h72u,2018-12-01T16:44:12.040Z,"71 km SSW of Sigli, Indonesia",earthquake,4.9,1.9,0.109,25,reviewed,us,us
2018-09-28T11:27:54.860Z,51.648,179.0826,86.36,2.8,ml,,159,0.303,0.25,us,us1000h919,2023-08-16T19:18:13.395Z,"296 km W of Adak, Alaska",earthquake,12,8.4,,,reviewed,us,ak
2018-09-28T11:06:50.790Z,-1.5037,120.0576,10,5.2,mb,,30,2.696,1.02,us,us1000h3ra,2018-12-01T16:42:58.040Z,"69 km SSE of Palu, Indonesia",earthquake,5,1.6,0.057,102,reviewed,us,us
2018-09-28T11:03:00.890Z,-1.1019,120.3888,10,4.3,mb,,134,2.233,1.1,us,us1000h72p,2018-12-01T16:44:12.040Z,"51 km NW of Poso, Indonesia",earthquake,6.3,1.9,0.177,10,reviewed,us,us
2018-09-28T11:01:28.700Z,-26.6119,67.7252,10,5.1,mb,,53,7.912,0.91,us,us1000h73y,2018-12-01T16:44:20.040Z,"Indian Ocean Triple Junction",earthquake,4.1,1.8,0.066,74,reviewed,us,us
2018-09-28T10:57:59.751Z,39.6103,-118.0681,6.6,2.6,ml,7,266.55,0.303,0.127,nn,nn00659476,2018-12-01T16:44:04.040Z,"59 km ENE of Fallon Station, Nevada",earthquake,,2.4,0.52,3,reviewed,nn,nn
2018-09-28T10:57:11.220Z,-36.1511,178.4713,259.57,4.1,mb,,144,1.414,1.09,us,us1000h73e,2018-12-01T16:44:15.040Z,"231 km NNE of Opotiki, New Zealand",earthquake,12,9.4,0.234,5,reviewed,us,us
2018-09-28T10:54:33.470Z,-19.5685,-64.5909,10,4.3,mb,,99,4.69,1.15,us,us1000h75x,2018-12-01T16:44:34.040Z,"41 km SW of Padilla, Bolivia",earthquake,6.5,2,0.266,4,reviewed,us,us
2018-09-28T10:50:25.030Z,-0.7806,119.9147,10,5.6,mb,,17,2.069,1,us,us1000h3r6,2022-05-03T19:32:32.233Z,"14 km NNE of Palu, Indonesia",earthquake,5.8,1.7,0.049,145,reviewed,us,us
2018-09-28T10:49:04.030Z,-1.5194,120.2872,10,4.9,mb,,43,2.659,1.05,us,us1000h73w,2018-12-01T16:44:19.040Z,"53 km WSW of Poso, Indonesia",earthquake,6.8,1.8,0.078,52,reviewed,us,us
2018-09-28T10:47:44.240Z,-0.5499,119.8689,10,5.2,mb,,63,1.885,0.72,us,us1000h3r7,2018-12-01T16:42:57.040Z,"39 km N of Palu, Indonesia",earthquake,4.3,1.8,0.06,91,reviewed,us,us
2018-09-28T10:39:03.190Z,-0.6847,119.8697,10,5.4,mb,,29,2.003,0.95,us,us1000h3r4,2018-12-01T16:42:56.040Z,"24 km N of Palu, Indonesia",earthquake,6,1.7,0.053,120,reviewed,us,us
2018-09-28T10:38:28.810Z,-1.597,119.3741,10,4.6,mb,,113,3.036,1.14,us,us1000h73f,2018-12-01T16:44:16.040Z,"94 km SW of Palu, Indonesia",earthquake,6.1,1.9,0.194,8,reviewed,us,us
2018-09-28T10:37:10.540Z,-1.4992,120.531,10,4.6,mb,,84,2.285,1.04,us,us1000h72k,2018-12-01T16:44:11.040Z,"27 km WSW of Poso, Indonesia",earthquake,5,1.9,0.129,18,reviewed,us,us
2018-09-28T10:35:14.570Z,-0.2715,120.0594,10,4.2,mb,,160,1.551,0.94,us,us1000h73s,2018-12-01T16:44:18.040Z,"73 km NNE of Palu, Indonesia",earthquake,9,1.9,0.236,5,reviewed,us,us
2018-09-28T10:26:11.120Z,-1.1072,119.4677,10,5.3,mb,,85,2.565,0.71,us,us1000h73r,2018-12-01T16:44:18.040Z,"49 km WSW of Palu, Indonesia",earthquake,8.5,1.9,0.113,26,reviewed,us,us
2018-09-28T10:25:04.730Z,-1.0465,119.9346,10,5.8,mb,,16,2.304,1.27,us,us1000h3pn,2022-05-03T19:53:32.624Z,"16 km SSE of Palu, Indonesia",earthquake,5.7,1.7,0.049,153,reviewed,us,us
2018-09-28T10:24:45.600Z,-0.3521,120.7322,10,4.6,mb,,94,1.454,0.42,us,us1000h72n,2018-12-01T16:44:12.040Z,"113 km ENE of Palu, Indonesia",earthquake,5.3,1.9,0.193,8,reviewed,us,us
2018-09-28T10:24:06.870Z,-0.4903,120.0401,10,4.3,mb,,113,1.755,0.67,us,us1000h73t,2018-12-01T16:44:19.040Z,"49 km NNE of Palu, Indonesia",earthquake,5.7,2,0.239,5,reviewed,us,us
2018-09-28T10:16:48.730Z,-0.8748,120.0342,10,5.7,mb,,24,2.109,0.82,us,us1000h3rc,2022-08-08T08:42:33.777Z,"Minahasa, Sulawesi, Indonesia",earthquake,6,1.7,0.052,133,reviewed,us,us
2018-09-28T10:14:20.120Z,-0.0175,119.7549,10,5.8,mb,,20,1.52,1.07,us,us1000h3p8,2022-08-08T08:41:47.830Z,"99 km N of Palu, Indonesia",earthquake,5.8,1.7,0.048,157,reviewed,us,us
2018-09-28T10:05:05.430Z,20.1385,-155.7918333,21.93,3.95,ml,80,108,,0.15,hv,hv70617722,2022-11-01T12:27:55.660Z,"10 km S of Kapaau, Hawaii",earthquake,0.44,0.62,0.171,60,reviewed,hv,hv
2018-09-28T10:02:45.250Z,-0.2559,119.8462,20,7.5,mww,,13,1.649,1,us,us1000h3p4,2026-06-08T04:53:31.212Z,"72 km N of Palu, Indonesia",earthquake,5.8,1.8,0.05,39,reviewed,us,us
2018-09-28T09:57:37.550Z,-0.3165,119.9473,10,4.7,mb,,68,1.645,1.02,us,us1000h3q6,2018-12-01T16:42:56.040Z,"65 km N of Palu, Indonesia",earthquake,5.2,1.3,0.082,45,reviewed,us,us
2018-09-28T09:22:48.620Z,-0.306,119.8209,10,4.4,mb,,109,1.704,0.43,us,us1000h72e,2018-12-01T16:44:10.040Z,"66 km N of Palu, Indonesia",earthquake,6.4,1.9,0.218,6,reviewed,us,us
2018-09-28T09:20:38.900Z,0.8774,97.0156,35,4.6,mb,,142,0.702,0.81,us,us1000h3nt,2018-12-01T16:42:53.040Z,"178 km SSW of Singkil, Indonesia",earthquake,8.7,2,0.089,38,reviewed,us,us
2018-09-28T09:20:33.770Z,-0.2441,119.8815,10,4.5,mb,,142,1.619,1.11,us,us1000h72f,2018-12-01T16:44:11.040Z,"73 km N of Palu, Indonesia",earthquake,7.9,1.9,0.14,15,reviewed,us,us
2018-09-28T09:13:38.760Z,51.3659,-172.5368,14.59,2.9,ml,,212,1.329,0.96,us,us1000h918,2023-08-16T19:18:09.701Z,"147 km SE of Atka, Alaska",earthquake,4.8,13.2,,,reviewed,us,ak
2018-09-28T09:11:13.550Z,-0.404,119.8705,10,4.3,mb,,103,1.759,0.34,us,us1000h72c,2018-12-01T16:44:10.040Z,"55 km N of Palu, Indonesia",earthquake,6.2,1.9,0.177,9,reviewed,us,us
2018-09-28T08:45:07.650Z,55.7378,-149.3658,7.45,3.2,ml,,232,2.635,0.58,us,us1000h3ws,2023-08-16T19:17:53.166Z,"274 km SE of Chiniak, Alaska",earthquake,8.7,8,0.077,22,reviewed,us,us
2018-09-28T08:24:58.490Z,-0.3464,119.8682,10,5.1,mb,,61,1.711,0.66,us,us1000h3nd,2022-05-03T19:32:04.626Z,"Minahasa, Sulawesi, Indonesia",earthquake,4.7,1.8,0.076,56,reviewed,us,us
2018-09-28T08:06:01.886Z,55.9929,-148.3248,10.8,2.9,ml,,,,1.03,aacse,aacse018cgbft3w,2021-02-22T17:17:52.923Z,"Gulf of Alaska",earthquake,,10.2,,,reviewed,aacse,aacse
2018-09-28T08:03:16.719Z,54.7896,-156.2027,33.2,2.7,ml,,,,1.11,aacse,aacse018cgbf73r,2021-02-22T17:18:02.511Z,"217 km SE of Chignik, Alaska",earthquake,,0.5,,,reviewed,aacse,aacse
2018-09-28T08:00:28.030Z,-0.3928,119.8282,10,4.7,mb,,133,1.772,0.88,us,us1000h729,2018-12-01T16:44:10.040Z,"57 km N of Palu, Indonesia",earthquake,5.9,1.9,0.153,13,reviewed,us,us
2018-09-28T07:50:43.190Z,-0.2606,119.9617,10,4.5,mb,,111,1.59,0.7,us,us1000h727,2018-12-01T16:44:09.040Z,"72 km N of Palu, Indonesia",earthquake,5.4,2,0.145,14,reviewed,us,us
2018-09-28T07:44:30.410Z,10.8557,-43.3381,10,4.7,mb,,145,10.838,0.53,us,us1000h75e,2018-12-01T16:44:31.040Z,"northern Mid-Atlantic Ridge",earthquake,12.1,2,0.123,20,reviewed,us,us
2018-09-28T07:35:55.360Z,55.978,-149.7717,9.87,3.3,ml,,189,2.31,0.61,us,us1000h3wq,2023-08-16T19:17:29.611Z,"237 km SE of Chiniak, Alaska",earthquake,8,7.8,0.057,40,reviewed,us,us
2018-09-28T07:28:37.550Z,-0.3749,119.925,10,4.9,mb,,74,1.706,0.88,us,us1000h3mz,2018-12-01T16:42:52.040Z,"59 km N of Palu, Indonesia",earthquake,6.1,1.8,0.088,41,reviewed,us,us
2018-09-28T07:19:46.060Z,54.5491,161.5132,35,5,mb,,100,2.682,0.87,us,us1000h3ms,2018-12-01T16:42:51.040Z,"167 km SE of Atlasovo, Russia",earthquake,8.3,1.9,0.05,126,reviewed,us,us
2018-09-28T07:17:12.090Z,-0.219,119.9529,10,4.7,mb,,74,1.559,1.16,us,us1000h726,2018-12-01T16:44:09.040Z,"76 km N of Palu, Indonesia",earthquake,4.1,1.9,0.126,19,reviewed,us,us
2018-09-28T07:13:00.370Z,-59.8426,-25.2456,10,4.8,mb,,99,14.869,0.9,us,us1000h75i,2018-12-01T16:44:32.040Z,"South Sandwich Islands region",earthquake,15.3,1.9,0.139,20,reviewed,us,us
2018-09-28T07:07:08.700Z,35.0418,-97.5829,6.989,3,ml,,35,,0.41,us,us1000h3mg,2018-12-01T16:42:51.040Z,"4 km ENE of Dibble, Oklahoma",earthquake,1.2,5.3,,,reviewed,ok,ok
2018-09-28T07:06:39.880Z,-26.5126,67.6195,10,5.7,mww,,41,7.778,0.69,us,us1000h3ml,2022-05-03T19:32:03.206Z,"Indian Ocean Triple Junction",earthquake,9,1.8,0.071,19,reviewed,us,us
2018-09-28T07:03:18.350Z,-0.2102,120.0175,10,5.4,mb,,72,1.518,0.78,us,us1000h3n0,2018-12-01T16:42:52.040Z,"78 km NNE of Palu, Indonesia",earthquake,6.4,1.9,0.11,28,reviewed,us,us
2018-09-28T06:59:59.740Z,-0.4009,119.7705,4.99,6.1,mww,,33,1.81,0.95,us,us1000h3mf,2022-05-03T19:53:31.176Z,"57 km NNW of Palu, Indonesia",earthquake,5.8,3.5,0.071,19,reviewed,us,us
2018-09-28T06:59:30.800Z,-0.3355,119.8879,10,4.2,mb,,72,1.692,0.76,us,us1000h733,2018-12-01T16:44:14.040Z,"63 km N of Palu, Indonesia",earthquake,6.8,1.9,0.176,9,reviewed,us,us
2018-09-28T06:34:17.470Z,-26.5943,67.5654,10,4.5,mb,,62,14.006,0.61,us,us1000h75l,2018-12-01T16:44:33.040Z,"Indian Ocean Triple Junction",earthquake,8.2,1.9,0.151,13,reviewed,us,us
2018-09-28T06:24:22.930Z,43.5291,-127.5753,10,3.1,ml,,268,2.569,0.69,us,us1000h3lv,2018-12-01T16:42:49.040Z,"260 km W of Bandon, Oregon",earthquake,4.8,2,0.048,56,reviewed,us,us
2018-09-28T06:22:55.640Z,3.3497,-79.1988,10,4.1,mb,,143,3.18,1.05,us,us1000h725,2018-12-01T16:44:08.040Z,"124 km NW of Mosquera, Colombia",earthquake,7,2,0.184,8,reviewed,us,us
2018-09-28T06:21:54.900Z,-26.4932,67.5888,10,5.6,mww,,41,7.748,0.96,us,us1000h3lz,2022-05-03T19:32:01.582Z,"Indian Ocean Triple Junction",earthquake,9.2,1.8,0.054,33,reviewed,us,us
2018-09-28T06:16:04.060Z,6.9211,126.9185,134.79,4.3,mb,,180,1.337,0.63,us,us1000h723,2018-12-01T16:44:08.040Z,"52 km ESE of San Ignacio, Philippines",earthquake,10.6,8.7,0.13,17,reviewed,us,us
2018-09-28T05:56:10.160Z,-26.5675,67.5949,10,4.9,mb,,50,14.013,0.73,us,us1000h3nn,2018-12-01T16:42:53.040Z,"Indian Ocean Triple Junction",earthquake,11.7,1.8,0.08,49,reviewed,us,us
2018-09-28T05:37:32.330Z,-18.3097,-178.1944,523.05,4.2,mb,,87,3.614,1.21,us,us1000h3lp,2018-12-01T16:42:49.040Z,"264 km E of Levuka, Fiji",earthquake,14.1,7.7,0.095,31,reviewed,us,us
2018-09-28T05:36:55.680Z,-15.6173,-175.74,339.63,4.4,mb,,113,2.644,1,us,us1000h72m,2018-12-01T16:44:11.040Z,"211 km W of Hihifo, Tonga",earthquake,13.2,9,0.068,62,reviewed,us,us
2018-09-28T05:24:30.970Z,38.4457,15.7312,10,4.4,mb,,54,0.225,0.92,us,us1000h3li,2018-12-01T16:42:48.040Z,"14 km NW of Palmi, Italy",earthquake,4.1,1.5,0.155,12,reviewed,us,us
2018-09-28T05:22:53.150Z,19.0565,-67.0743,15,3.05,md,7,313,0.5902,0.37,pr,pr2018271002,2018-09-28T08:43:55.323Z,"61 km N of Isabela, Puerto Rico",earthquake,12.36,25.25,0.13,7,reviewed,pr,pr
2018-09-28T04:47:26.610Z,19.0128,-67.0171,11,2.96,md,5,311,0.8399,0.23,pr,pr2018271001,2018-09-28T08:43:40.419Z,"56 km N of Isabela, Puerto Rico",earthquake,9.97,14.61,0.02,3,reviewed,pr,pr
2018-09-28T02:44:09.020Z,-44.5085,-80.2846,10,4.5,mb,,209,4.989,0.72,us,us1000h3l2,2018-12-01T16:42:48.040Z,"Off the coast of Aisen, Chile",earthquake,11.5,1.9,0.205,7,reviewed,us,us
2018-09-28T02:37:53.530Z,56.2506,-148.3813,10,3.3,ml,,221,2.763,0.51,us,us1000h3wp,2023-08-16T19:16:55.504Z,"281 km SE of Chiniak, Alaska",earthquake,9.3,2,0.049,54,reviewed,us,us
2018-09-28T02:01:48.810Z,19.0545,-67.3445,15,2.55,md,9,321,0.6317,0.24,pr,pr2018271006,2018-09-28T10:50:44.583Z,"67 km NNW of San Antonio, Puerto Rico",earthquake,8.21,16.43,0.32,5,reviewed,pr,pr
2018-09-28T01:44:54.280Z,-18.1453,-178.2221,542.75,4.2,mb,,123,3.568,0.61,us,us1000h71w,2018-12-01T16:44:08.040Z,"260 km E of Levuka, Fiji",earthquake,12.1,11.5,0.16,11,reviewed,us,us
2018-09-28T01:40:37.926Z,69.6133,-144.9839,11.5,3.4,ml,,,,0.7,ak,ak018cg7h500,2023-08-16T19:16:52.883Z,"77 km SW of Kaktovik, Alaska",earthquake,,0.3,,,reviewed,ak,ak
2018-09-28T01:06:11.410Z,52.9539,160.8558,16.09,4.7,mb,,147,1.335,1.4,us,us1000h3ki,2018-12-01T16:42:46.040Z,"148 km E of Petropavlovsk-Kamchatsky, Russia",earthquake,10.2,5.8,0.087,40,reviewed,us,us
2018-09-28T00:45:57.400Z,-24.3257,-175.0519,10,4.7,mb,,115,7.069,1.38,us,us1000h71s,2018-12-01T16:44:07.040Z,"south of Tonga",earthquake,10.3,1.9,0.13,18,reviewed,us,us
2018-09-28T00:42:04.940Z,18.7891,-67.464,9,2.65,md,13,216,0.4049,0.45,pr,pr2018271000,2018-12-01T16:42:09.040Z,"50 km NW of San Antonio, Puerto Rico",earthquake,1.56,1.32,0.43,11,reviewed,pr,pr
2018-09-28T00:26:30.640Z,37.0585,30.5049,110.89,4.1,mb,,95,0.569,0.84,us,us1000h3jv,2018-12-01T16:42:45.040Z,"23 km NW of Antalya, Turkey",earthquake,5.6,7.4,0.108,23,reviewed,us,us
2018-09-28T00:03:06.810Z,17.8411,120.7668,10,4.3,mb,,141,4.96,1.3,us,us1000h71u,2018-12-01T16:44:07.040Z,"19 km SE of Espiritu, Philippines",earthquake,8.5,1.9,0.177,9,reviewed,us,us
2018-09-27T23:38:37.150Z,51.186,151.1336,500.23,4.1,mb,,92,4.478,0.84,us,us1000h6ed,2018-12-01T16:44:03.040Z,"Sea of Okhotsk",earthquake,10.7,14,0.089,35,reviewed,us,us
2018-09-27T23:36:51.320Z,-7.4392,128.5016,154.1,4.5,mb,,65,2.824,1.06,us,us1000h3jr,2018-12-01T16:42:45.040Z,"204 km NE of Lospalos, Timor Leste",earthquake,4.4,8,0.093,34,reviewed,us,us
2018-09-27T22:25:44.490Z,-18.1398,-178.1962,545.77,5.4,mwc,,29,3.592,0.94,us,us1000h3iv,2025-12-22T17:51:16.628Z,"263 km E of Levuka, Fiji",earthquake,9.2,5.9,,8,reviewed,us,gcmt
2018-09-27T22:13:17.310Z,-26.9981,-178.128,239.36,4.3,mb,,101,2.245,0.89,us,us1000h6e9,2018-12-01T16:44:03.040Z,"south of the Fiji Islands",earthquake,9.9,8.8,0.116,21,reviewed,us,us
2018-09-27T22:00:08.740Z,-11.375,-77.8742,65.21,4.7,mb,,149,1.18,0.66,us,us1000h3i7,2018-12-01T16:42:44.040Z,"41 km SW of Caleta de Carquín, Peru",earthquake,8.2,6.6,0.043,165,reviewed,us,us
2018-09-27T21:45:13.880Z,56.4266,-148.4423,22.25,3.4,ml,,194,2.636,0.7,us,us1000h3j7,2023-08-16T19:15:57.127Z,"267 km ESE of Chiniak, Alaska",earthquake,7.9,10,0.043,72,reviewed,us,us
2018-09-27T21:41:22.290Z,-18.9033,-177.1523,608.26,4.4,mb,,68,4.663,0.53,us,us1000h6e7,2018-12-01T16:44:02.040Z,"Fiji region",earthquake,15.1,10.1,0.092,34,reviewed,us,us
2018-09-27T21:13:19.900Z,34.2169,80.6903,10,5,mww,,29,6.194,0.66,us,us1000h3gn,2022-05-03T19:32:00.059Z,"286 km E of Leh, India",earthquake,6.9,1.8,0.11,8,reviewed,us,us
2018-09-27T20:59:02.580Z,-7.5732,127.656,165.56,4.2,mb,,57,3.632,0.53,us,us1000h3gg,2018-12-01T16:42:42.040Z,"127 km NE of Lospalos, Timor Leste",earthquake,6.9,9.4,0.128,17,reviewed,us,us
2018-09-27T20:39:54.880Z,56.3344,-148.8801,10,3,ml,,205,2.49,0.83,us,us1000h3j0,2023-08-16T19:15:33.969Z,"250 km SE of Chiniak, Alaska",earthquake,4.3,2,0.056,42,reviewed,us,us
2018-09-27T20:34:28.256Z,69.4328,-143.9923,12.1,2.7,ml,,,,0.6,ak,ak018cev7pyh,2023-08-16T19:15:32.906Z,"79 km S of Kaktovik, Alaska",earthquake,,0.1,,,reviewed,ak,ak
2018-09-27T19:32:25.390Z,37.148,141.0743,49.03,4.5,mb,,166,0.754,0.81,us,us1000h6eg,2018-12-01T16:44:04.040Z,"20 km ENE of Iwaki, Japan",earthquake,2.9,8.2,0.15,21,reviewed,us,us
2018-09-27T18:59:06.780Z,-17.3474,-174.2805,145.9,4.3,mb,,140,4.183,0.42,us,us1000h6e8,2018-12-01T16:44:02.040Z,"147 km NNW of Neiafu, Tonga",earthquake,8.3,10.1,0.137,15,reviewed,us,us
2018-09-27T18:55:13.460Z,-21.5986,-68.2586,114.6,4.6,mb,,61,0.935,0.65,us,us1000h3ea,2018-12-01T16:41:30.040Z,"117 km NE of Calama, Chile",earthquake,8.2,7,0.056,96,reviewed,us,us
2018-09-27T18:42:38.910Z,-55.9689,-27.5247,99.86,4.3,mb,,95,5.413,0.71,us,us1000h6ef,2018-12-01T16:44:04.040Z,"South Sandwich Islands region",earthquake,10.7,8.7,0.177,9,reviewed,us,us
2018-09-27T17:54:52.748Z,59.717,-136.1766,2.8,2.5,ml,,,,0.77,ak,ak018cetjrcq,2023-08-16T19:14:47.360Z,"21 km NNW of Mosquito Lake, Alaska",earthquake,,0.1,,,reviewed,ak,ak
2018-09-27T17:32:11.750Z,14.5696,-92.6378,64.63,4.5,mb,,134,0.492,1.26,us,us1000h3d9,2022-08-08T08:40:16.452Z,"28 km SW of Puerto Madero, Mexico",earthquake,4,8.5,0.038,197,reviewed,us,us
2018-09-27T17:14:35.060Z,51.5231,-178.3638,10.56,2.9,ml,,193,0.348,0.28,us,us1000h7sx,2023-08-16T19:14:42.251Z,"125 km WSW of Adak, Alaska",earthquake,1.9,11.5,,,reviewed,us,ak
2018-09-27T17:12:59.210Z,50.9095,179.4909,10,2.9,ml,,264,0.483,0.42,us,us1000h3du,2023-08-16T19:14:34.764Z,"290 km WSW of Adak, Alaska",earthquake,2.3,2,,,reviewed,us,ak
2018-09-27T17:09:53.700Z,53.875,-162.6754,10,3,ml,,198,1.046,0.3,us,us1000h7sv,2023-08-16T19:14:32.301Z,"119 km SSE of False Pass, Alaska",earthquake,2.9,1.9,0.128,8,reviewed,us,us
2018-09-27T16:48:00.030Z,-20.7908,-69.0703,122.53,4.3,mb,,44,0.463,1.28,us,us1000h3bt,2018-12-01T16:41:29.040Z,"129 km ESE of Iquique, Chile",earthquake,5.5,7,0.178,10,reviewed,us,us
2018-09-27T16:38:04.410Z,55.5587,-149.183,11.59,3.5,ml,,187,2.826,0.9,us,us1000h3ds,2023-08-16T19:14:20.823Z,"297 km SE of Chiniak, Alaska",earthquake,8.6,7.7,0.052,48,reviewed,us,us
2018-09-27T16:35:04.140Z,19.6659,-71.3499,10,3.3,ml,,100,0.682,1,us,us1000h3h0,2022-08-08T08:41:00.595Z,"8 km WSW of Villa Elisa, Dominican Republic",earthquake,3.3,1.8,0.097,14,reviewed,us,us
2018-09-27T16:23:20.470Z,-22.5545,170.1852,10,4.9,mb,,103,2.531,1.02,us,us1000h3bk,2018-12-01T16:42:40.040Z,"262 km ESE of Tadine, New Caledonia",earthquake,5.6,1.8,0.061,84,reviewed,us,us
2018-09-27T15:59:41.490Z,55.8192,-161.6476,169.85,2.6,ml,,111,0.261,0.49,us,us1000h7st,2023-08-16T19:14:09.618Z,"34 km SW of Nelson Lagoon, Alaska",earthquake,7.3,4.9,0.091,16,reviewed,us,us
2018-09-27T15:53:32.820Z,-5.9277,154.7515,168.3,5.2,mww,,13,3.101,0.71,us,us1000h3a7,2025-12-22T18:14:24.285Z,"91 km WNW of Panguna, Papua New Guinea",earthquake,7.8,3.9,0.061,26,reviewed,us,us
2018-09-27T15:19:00.300Z,56.1974,-149.2437,10,3.5,ml,,177,2.422,0.77,us,us1000h7sq,2023-08-16T19:14:04.975Z,"242 km SE of Chiniak, Alaska",earthquake,7.1,2,0.044,68,reviewed,us,us
2018-09-27T15:14:40.540Z,17.3171,-84.071,10,4.2,mb,,102,4.473,0.73,us,us1000h39i,2018-12-01T16:42:40.040Z,"169 km N of Barra Patuca, Honduras",earthquake,5,2,0.08,44,reviewed,us,us
2018-09-27T15:07:12.683Z,69.0901,-147.1593,1,3.2,ml,,,,0.66,ak,ak018ces2qec,2023-08-16T19:13:57.424Z,"126 km NNW of Arctic Village, Alaska",earthquake,,0.2,,,reviewed,ak,ak
2018-09-27T14:32:00.450Z,19.5538,-68.1551,31,3.34,md,18,272,1.0642,0.32,pr,pr2018270007,2018-12-01T16:41:47.040Z,"110 km NNE of Punta Cana, Dominican Republic",earthquake,2.04,20.65,0.34,13,reviewed,pr,pr
2018-09-27T14:26:07.220Z,19.44,-68.201,43,3.2,md,8,293,0.9435,0.22,pr,pr2018270009,2018-12-01T16:41:50.040Z,"Dominican Republic region",earthquake,2.72,10.4,0.21,7,reviewed,pr,pr
2018-09-27T13:58:35.140Z,-26.6117,67.7191,10,4.6,mb,,155,54.094,0.59,us,us1000h6dx,2018-12-01T16:44:01.040Z,"Indian Ocean Triple Junction",earthquake,15.6,1.8,0.152,13,reviewed,us,us
2018-09-27T13:50:17.230Z,34.9731667,-120.6993333,1.37,2.6,md,54,192,0.1916,0.17,nc,nc73090516,2018-10-23T16:31:04.301Z,"12km W of Guadalupe, CA",earthquake,0.32,0.84,0.175,28,reviewed,nc,nc
2018-09-27T13:35:47.410Z,25.777,95.0062,80.14,4.2,mb,,116,1.668,0.65,us,us1000h6dw,2018-12-01T16:44:01.040Z,"52 km ENE of Phek, India",earthquake,11.3,5.4,0.264,4,reviewed,us,us
2018-09-27T13:17:15.540Z,19.4718,-68.215,31,3.03,md,12,294,0.9722,0.46,pr,pr2018270010,2018-12-01T16:42:00.040Z,"100 km NNE of Punta Cana, Dominican Republic",earthquake,3.65,28.42,0.35,7,reviewed,pr,pr
2018-09-27T13:12:29.980Z,19.5633,-68.1806,36,3.2,md,4,300,1.0684,0.41,pr,pr2018270011,2018-12-01T16:41:51.040Z,"111 km NNE of Punta Cana, Dominican Republic",earthquake,5.37,26.51,0.17,4,reviewed,pr,pr
2018-09-27T13:04:22.570Z,19.219,-67.9706,127,3.28,md,3,345,1.4872,0.16,pr,pr2018270008,2018-12-01T16:41:48.040Z,"84 km NNE of Punta Cana, Dominican Republic",earthquake,9.45,11.73,0.08,3,reviewed,pr,pr
2018-09-27T12:30:22.071Z,69.071,-146.4288,8.7,2.8,ml,,,,0.5,ak,ak018ceqfdrz,2023-08-16T19:13:16.234Z,"111 km NNW of Arctic Village, Alaska",earthquake,,0.3,,,reviewed,ak,ak
2018-09-27T11:58:48.411Z,69.0581,-146.3456,16,2.9,ml,,,,0.72,ak,ak018ceq0095,2023-08-16T19:13:14.070Z,"108 km NNW of Arctic Village, Alaska",earthquake,,0.1,,,reviewed,ak,ak
2018-09-27T11:48:25.505Z,68.8711,-146.7065,15,2.9,ml,,,,0.59,ak,ak018cepxtbq,2023-08-16T19:13:07.475Z,"95 km NNW of Arctic Village, Alaska",earthquake,,0.1,,,reviewed,ak,ak
2018-09-27T11:45:52.930Z,26.7884,129.7,10,4.6,mb,,82,1.276,0.9,us,us1000h382,2018-12-01T16:42:37.040Z,"171 km E of Nago, Japan",earthquake,4.3,1.9,0.129,18,reviewed,us,us
2018-09-27T11:21:08.020Z,-53.9727,159.0252,10,4.4,mb,,134,0.528,0.92,us,us1000h6e2,2018-12-01T16:44:02.040Z,"Macquarie Island region",earthquake,3.7,2,0.219,7,reviewed,us,us
2018-09-27T11:17:45.280Z,33.2859,138.2087,289.55,4,mb,,88,1.33,1.12,us,us1000h6ds,2018-12-01T16:44:01.040Z,"146 km S of ?yama, Japan",earthquake,9.2,8.3,0.089,34,reviewed,us,us
2018-09-27T11:16:11.381Z,68.8176,-146.4953,10.7,2.6,ml,,,,0.42,ak,ak018cepqxbm,2023-08-16T19:13:00.639Z,"86 km NNW of Arctic Village, Alaska",earthquake,,0,,,reviewed,ak,ak
2018-09-27T10:49:15.307Z,69.0442,-146.4123,16.9,2.9,ml,,,,0.59,ak,ak018cepckne,2023-08-16T19:12:56.063Z,"108 km NNW of Arctic Village, Alaska",earthquake,,0.1,,,reviewed,ak,ak
2018-09-27T10:40:27.860Z,36.5168,70.6982,182.8,4.2,mb,,83,0.615,0.84,us,us1000h6dr,2018-12-01T16:44:00.040Z,"40 km SSW of Jurm, Afghanistan",earthquake,6.5,10.6,0.236,5,reviewed,us,us
2018-09-27T10:32:15.360Z,47.6007,154.0345,39.98,4.8,mb,,136,5.991,0.69,us,us1000h375,2018-12-01T16:42:35.040Z,"Kuril Islands",earthquake,10.1,7.6,0.076,53,reviewed,us,us
2018-09-27T10:25:47.500Z,-58.1849,-9.5902,10,5.8,mww,,41,13.825,0.79,us,us1000h36v,2022-05-03T19:31:51.453Z,"east of the South Sandwich Islands",earthquake,10.4,1.8,0.073,18,reviewed,us,us
2018-09-27T10:21:49.480Z,36.8055,21.4351,10,5.4,mww,,49,3.176,1.12,us,us1000h36s,2022-05-03T19:31:49.751Z,"24 km W of Methóni, Greece",earthquake,5.8,1.9,0.054,33,reviewed,us,us
2018-09-27T10:08:46.490Z,19.7458,-67.6841,74,3.03,md,3,345,1.6802,0.26,pr,pr2018270006,2018-12-01T16:41:59.040Z,"149 km NNE of Punta Cana, Dominican Republic",earthquake,6.31,18.97,0.09,3,reviewed,pr,pr
2018-09-27T09:56:35.755Z,56.0294,-148.9502,10,2.7,ml,,,,1.9,aacse,aacse018ceosomv,2021-02-22T17:17:53.237Z,"269 km SE of Chiniak, Alaska",earthquake,,0,,,reviewed,aacse,aacse
2018-09-27T09:55:36.003Z,59.9304,-140.9648,12.3,2.5,ml,,,,0.73,ak,ak018ceosgxs,2023-08-16T19:12:49.070Z,"81 km WNW of Yakutat, Alaska",earthquake,,0.1,,,reviewed,ak,ak
2018-09-27T09:25:40.070Z,36.4206,53.0485,10,4.1,mb,,107,6.098,0.44,us,us1000h36e,2018-12-01T16:42:33.040Z,"15 km S of Sari, Iran",earthquake,8.2,1.9,0.151,12,reviewed,us,us
2018-09-27T08:32:14.098Z,63.1903,-150.3929,108,2.5,ml,,,,0.4,ak,ak018ceo2269,2023-08-16T19:12:11.065Z,"75 km WSW of Cantwell, Alaska",earthquake,,0.2,,,reviewed,ak,ak
2018-09-27T08:18:27.810Z,18.8525,-67.7553,139,2.79,md,4,328,0.9519,0.53,pr,pr2018270004,2018-12-01T16:42:06.040Z,"74 km ENE of Punta Cana, Dominican Republic",earthquake,11,9.29,0.31,4,reviewed,pr,pr
2018-09-27T08:02:44.230Z,19.1055,-68.3843,89,3.08,md,6,268,0.5916,0.37,pr,pr2018270003,2018-12-01T16:41:54.040Z,"58 km N of Punta Cana, Dominican Republic",earthquake,11.75,9.13,0.32,5,reviewed,pr,pr
2018-09-27T07:53:02.060Z,-58.4297,-25.2542,10,4.9,mb,,127,7.493,0.85,us,us1000h35m,2018-12-01T16:42:32.040Z,"South Sandwich Islands region",earthquake,4.9,1.8,0.083,46,reviewed,us,us
2018-09-27T07:34:17.110Z,56.2103,-148.6568,20.72,2.5,ml,,254,2.664,0.41,us,us1000h7s6,2023-08-16T19:11:42.154Z,"270 km SE of Chiniak, Alaska",earthquake,8.5,11.7,0.077,22,reviewed,us,us
2018-09-27T07:27:09.790Z,10.431,126.0346,45.62,4.7,mb,,137,3.37,0.49,us,us1000h6dh,2018-12-01T16:44:00.040Z,"45 km N of Santa Monica, Philippines",earthquake,11.4,8.1,0.087,40,reviewed,us,us
2018-09-27T07:18:05.880Z,51.5977,-178.3805,18.18,3.1,ml,,188,0.294,0.35,us,us1000h7s4,2023-08-16T19:11:38.345Z,"124 km WSW of Adak, Alaska",earthquake,3.6,5.3,,,reviewed,us,ak
2018-09-27T07:12:38.500Z,56.4141,-149.221,22.93,3.2,ml,,191,2.291,0.63,us,us1000h7s3,2023-08-16T19:11:35.784Z,"228 km SE of Chiniak, Alaska",earthquake,6.2,8.9,0.048,58,reviewed,us,us
2018-09-27T07:01:10.910Z,-28.0444,-68.8827,92.87,4,mb,,61,1.278,0.73,us,us1000h35e,2018-12-01T16:41:33.040Z,"103 km NW of Vinchina, Argentina",earthquake,7.9,9.2,0.195,7,reviewed,us,us
2018-09-27T06:54:56.900Z,35.9622,-97.2367,5.492,2.6,ml,,21,,0.22,us,us1000h35c,2018-12-01T16:42:32.040Z,"0 km NNW of Coyle, Oklahoma",earthquake,1,2.2,,,reviewed,ok,ok
2018-09-27T06:54:01.410Z,56.1939,-148.6272,21.06,2.8,ml,,224,2.687,0.41,us,us1000h7s2,2023-08-16T19:11:30.986Z,"272 km SE of Chiniak, Alaska",earthquake,7.3,10.8,0.062,34,reviewed,us,us
2018-09-27T06:34:24.886Z,69.5452,-144.4833,18.1,3,ml,,,,0.51,ak,ak018cemvn88,2023-08-16T19:11:28.530Z,"73 km SSW of Kaktovik, Alaska",earthquake,,0.1,,,reviewed,ak,ak
2018-09-27T05:57:00.640Z,51.574,-178.3795,17.61,2.9,ml,,188,0.308,0.52,us,us1000h7ry,2023-08-16T19:11:04.713Z,"125 km WSW of Adak, Alaska",earthquake,2.5,5.6,,,reviewed,us,ak
2018-09-27T05:55:10.500Z,51.6025,-178.4108,10,4.8,mb,,125,0.275,0.6,us,us1000h34x,2023-08-16T19:10:58.430Z,"126 km WSW of Adak, Alaska",earthquake,5.2,1.9,0.033,279,reviewed,us,us
2018-09-27T05:29:00.800Z,-6.8619,131.1123,48.18,5.1,mb,,60,1.128,0.75,us,us1000h34s,2018-12-01T16:42:31.040Z,"227 km SW of Tual, Indonesia",earthquake,7.2,5.2,0.064,79,reviewed,us,us
2018-09-27T05:22:29.890Z,10.4181,126.2608,35,4.5,mb,,116,3.394,0.56,us,us1000h6de,2018-12-01T16:43:59.040Z,"50 km NNE of Santa Monica, Philippines",earthquake,11.6,2,0.087,39,reviewed,us,us
2018-09-27T05:03:53.950Z,-8.3587,121.9568,198.42,4.3,mb,,74,0.391,0.86,us,us1000h34l,2019-01-08T03:19:21.630Z,"40 km NW of Maumere, Indonesia",earthquake,8,6.3,0.114,22,reviewed,us,us
2018-09-27T04:44:32.000Z,10.39,126.1536,42.71,5,mb,,104,3.347,0.84,us,us1000h34j,2025-12-22T17:51:29.323Z,"42 km NNE of Santa Monica, Philippines",earthquake,10,6.6,0.052,118,reviewed,us,us
2018-09-27T04:43:38.590Z,10.4997,126.0807,57.1,4.7,mb,,106,3.444,0.56,us,us1000h34i,2018-12-01T16:42:30.040Z,"53 km N of Santa Monica, Philippines",earthquake,10.3,7.5,0.062,79,reviewed,us,us
2018-09-27T04:21:49.860Z,36.535,70.4068,211.97,4.2,mb,,70,0.604,0.58,us,us1000h348,2018-12-01T16:42:30.040Z,"49 km E of Farkh?r, Afghanistan",earthquake,7.5,5.5,0.089,35,reviewed,us,us
2018-09-27T03:46:11.000Z,35.9603,-97.2337,6.707,3.3,ml,,21,,0.18,us,us1000h33v,2018-12-01T16:42:29.040Z,"0 km N of Coyle, Oklahoma",earthquake,1,3,,,reviewed,ok,ok
2018-09-27T03:42:24.240Z,20.0655,-155.8513333,12.25,3.11,ml,52,152,0.09146,0.11,hv,hv70615022,2018-12-01T16:42:29.040Z,"10 km N of Puako, Hawaii",earthquake,0.5,0.49,0.154,55,reviewed,hv,hv
2018-09-27T02:44:35.750Z,18.9033,-66.3771,31,2.75,md,15,267,0.4526,0.27,pr,pr2018270001,2018-09-27T06:26:34.850Z,"48 km N of Brenas, Puerto Rico",earthquake,1.11,4.28,0.33,14,reviewed,pr,pr
2018-09-27T02:37:01.110Z,-17.8689,168.4813,120.43,4.7,mb,,109,4.599,0.56,us,us1000h33k,2018-12-01T16:42:28.040Z,"23 km SE of Port-Vila, Vanuatu",earthquake,11.2,7,0.067,67,reviewed,us,us
2018-09-27T02:22:40.189Z,59.366,-152.5087,66.2,3,ml,,,,0.86,ak,ak018cekfdea,2023-08-16T19:10:13.365Z,"33 km W of Nanwalek, Alaska",earthquake,,0.2,,,reviewed,ak,ak
2018-09-27T02:11:40.040Z,55.6494,-149.235,9.79,3.1,ml,,221,2.747,0.5,us,us1000h7rv,2023-08-16T19:10:09.138Z,"287 km SE of Chiniak, Alaska",earthquake,8.6,8.2,0.062,34,reviewed,us,us
2018-09-27T01:59:21.960Z,-7.516,127.7334,162.65,4.3,mb,,70,3.563,0.87,us,us1000h6db,2018-12-01T16:43:59.040Z,"137 km NE of Lospalos, Timor Leste",earthquake,7.5,7.9,0.122,19,reviewed,us,us
2018-09-27T01:56:03.650Z,55.9601,-149.8497,10,2.8,ml,,236,2.284,0.55,us,us1000h7rt,2023-08-16T19:10:01.466Z,"236 km SE of Chiniak, Alaska",earthquake,7.4,2,0.062,34,reviewed,us,us
2018-09-27T01:55:52.600Z,36.2051,-98.921,6.133,3,ml,,45,,0.3,us,us1000h335,2018-12-01T16:42:27.040Z,"1 km S of Chester, Oklahoma",earthquake,1.1,4.5,,,reviewed,ok,ok
2018-09-27T01:43:57.820Z,56.1284,-149.6107,20.35,2.7,ml,,226,2.306,0.42,us,us1000h7rs,2023-08-16T19:09:52.722Z,"231 km SE of Chiniak, Alaska",earthquake,7,9.2,0.064,32,reviewed,us,us
2018-09-27T01:32:07.030Z,30.1946,138.6198,435.49,4,mb,,90,4.398,0.79,us,us1000h6dc,2018-12-01T16:43:59.040Z,"Izu Islands, Japan region",earthquake,5.3,9.9,0.093,31,reviewed,us,us
2018-09-27T01:03:48.430Z,33.116,-116.2665,9.55,2.56,ml,92,38,0.0772,0.19,ci,ci37370778,2018-10-23T16:27:10.620Z,"13km WSW of Ocotillo Wells, CA",earthquake,0.12,0.42,0.169,117,reviewed,ci,ci
2018-09-27T00:41:53.380Z,35.7296667,-121.0846667,7.11,2.89,md,67,105,0.09743,0.06,nc,nc73090296,2018-09-28T03:27:35.901Z,"14km NE of San Simeon, CA",earthquake,0.17,0.42,0.125,62,reviewed,nc,nc
2018-09-27T00:20:23.984Z,69.1824,-146.8103,2.7,2.5,ml,,,,0.77,ak,ak018cej81i6,2023-08-16T19:09:35.275Z,"128 km NNW of Arctic Village, Alaska",earthquake,,0.3,,,reviewed,ak,ak
2018-09-27T00:14:08.420Z,27.0518,57.4244,10,4.1,mb,,127,2.367,0.82,us,us1000h327,2018-12-01T16:42:27.040Z,"34 km ESE of M?n?b, Iran",earthquake,6.6,1.9,0.136,15,reviewed,us,us
2018-09-26T23:43:38.247Z,69.5832,-144.7319,12.5,2.6,ml,,,,0.44,ak,ak018cd9imhs,2023-08-16T19:09:27.184Z,"74 km SW of Kaktovik, Alaska",earthquake,,0.3,,,reviewed,ak,ak
2018-09-26T23:36:40.720Z,-23.645,-179.9445,537.52,4.4,mb,,99,5.862,0.75,us,us1000h5s0,2018-12-01T16:43:57.040Z,"south of the Fiji Islands",earthquake,12.9,7.4,0.089,36,reviewed,us,us
2018-09-26T23:18:48.830Z,39.2473,142.8161,38.04,4.4,mb,,157,2.044,0.6,us,us1000h5rx,2018-12-01T16:43:57.040Z,"78 km ESE of Yamada, Japan",earthquake,8.5,9.5,0.13,17,reviewed,us,us
2018-09-26T22:53:08.575Z,69.1845,-146.7827,15.3,2.6,ml,,,,0.59,ak,ak018cd8z9rd,2023-08-16T19:09:22.714Z,"128 km NNW of Arctic Village, Alaska",earthquake,,0.3,,,reviewed,ak,ak
2018-09-26T22:40:28.000Z,6.4155,125.8377,141.06,4.4,mb,,107,0.698,0.65,us,us1000h30j,2018-12-01T16:42:25.040Z,"23 km ENE of Lais, Philippines",earthquake,9.5,6,0.073,54,reviewed,us,us
2018-09-26T21:53:15.490Z,-17.8127,-178.1543,498.97,4.9,mb,,28,3.485,0.7,us,us1000h303,2025-12-22T17:51:05.268Z,"269 km E of Levuka, Fiji",earthquake,10.4,5.7,0.05,125,reviewed,us,us
2018-09-26T21:47:49.000Z,34.0505,-97.4332,6.384,3,ml,,63,,0.76,us,us1000h300,2018-12-01T16:42:24.040Z,"12 km S of Wilson, Oklahoma",earthquake,1.3,5.9,,,reviewed,ok,ok
2018-09-26T21:36:42.500Z,-34.9547,-107.8533,10,4.8,mb,,63,27.656,0.65,us,us1000h301,2025-12-22T17:51:06.216Z,"southern East Pacific Rise",earthquake,14.2,1.8,0.065,74,reviewed,us,us
2018-09-26T21:27:22.780Z,54.3928,-161.5034,34.94,2.6,ml,,206,0.954,0.48,us,us1000h30n,2023-08-16T19:09:04.498Z,"91 km SE of King Cove, Alaska",earthquake,5.8,14.7,0.128,8,reviewed,us,us
2018-09-26T21:23:55.910Z,53.3254,170.6163,35,3.8,mb,,169,2.186,1.03,us,us1000h5rs,2018-12-01T16:43:57.040Z,"180 km WNW of Attu Station, Alaska",earthquake,11.6,2,0.154,11,reviewed,us,us
2018-09-26T20:23:11.580Z,43.9656,147.412,35,4.2,mb,,159,3.478,0.55,us,us1000h5s2,2018-12-01T16:43:58.040Z,"58 km ENE of Shikotan, Russia",earthquake,12.8,2,0.079,45,reviewed,us,us
2018-09-26T20:03:54.330Z,43.7883,-105.2729,0,3.4,ml,,82,0.953,0.94,us,us1000h2xf,2018-12-01T16:42:23.040Z,"18 km ENE of Wright, Wyoming",mining explosion,2.7,1.8,0.046,62,reviewed,us,us
2018-09-26T19:22:43.010Z,45.1476,149.2177,85.29,4.6,mb,,176,4.838,0.39,us,us1000h2wr,2018-12-01T16:42:23.040Z,"105 km E of Kuril’sk, Russia",earthquake,12.2,12.2,0.056,93,reviewed,us,us
2018-09-26T19:13:01.940Z,-29.6187,-70.575,96.89,4.4,mb,,122,0.55,0.82,us,us1000h2w1,2018-12-01T16:41:32.040Z,"48 km NNE of Vicuña, Chile",earthquake,4.1,7.1,0.381,2,reviewed,us,us
2018-09-26T18:53:30.134Z,67.6959,-156.9782,12.2,2.5,ml,,,,0.54,ak,ak018cd6ll05,2023-08-16T19:08:41.686Z,"77 km NNE of Ambler, Alaska",earthquake,,0.2,,,reviewed,ak,ak
2018-09-26T18:13:27.960Z,0.8679,123.8284,270.8,4.1,mb,,122,2.171,0.93,us,us1000h5rr,2018-12-01T16:43:56.040Z,"92 km ENE of Gorontalo, Indonesia",earthquake,8.6,7.9,0.151,12,reviewed,us,us
2018-09-26T18:07:48.410Z,19.422,-155.2756667,0.03,2.71,ml,38,56,0.003287,0.12,hv,hv70614292,2018-12-01T16:42:22.040Z,"4 km WSW of Volcano, Hawaii",earthquake,0.13,0.1,0.145,19,reviewed,hv,hv
2018-09-26T17:51:41.320Z,4.5478,97.8129,10,5.1,mww,,31,1.096,1.25,us,us1000h2u2,2022-08-08T08:37:53.116Z,"19 km WNW of Langsa, Indonesia",earthquake,5.2,1.8,0.06,27,reviewed,us,us
2018-09-26T17:41:37.850Z,51.6915,178.7809,77.34,2.7,ml,,197,0.275,0.32,us,us1000h6se,2023-08-16T19:08:07.071Z,"Rat Islands, Aleutian Islands, Alaska",earthquake,4.4,5.6,,,reviewed,us,ak
2018-09-26T17:33:35.770Z,-34.9411,-107.6082,10,5.7,mww,,113,27.477,1.02,us,us1000h2tp,2022-05-03T19:31:40.728Z,"southern East Pacific Rise",earthquake,13.6,1.9,0.057,30,reviewed,us,us
2018-09-26T17:28:54.090Z,-35.4751,-108.0347,10,4.4,mb,,172,40.329,1.34,us,us1000h5rj,2018-12-01T16:43:55.040Z,"southern East Pacific Rise",earthquake,12.1,1.8,0.115,22,reviewed,us,us
2018-09-26T16:50:34.170Z,-19.6042,169.3082,151.36,4.5,mb,,103,3.461,0.71,us,us1000h5ri,2018-12-01T16:43:55.040Z,"7 km SSE of Isangel, Vanuatu",earthquake,7.5,8.9,0.127,18,reviewed,us,us
2018-09-26T15:48:42.530Z,-7.2637,127.0589,312.49,4.2,mb,,126,3.708,0.56,us,us1000h5rn,2018-12-01T16:43:56.040Z,"139 km N of Lospalos, Timor Leste",earthquake,10.1,11.4,0.186,8,reviewed,us,us
2018-09-26T15:42:54.940Z,-21.5013,-68.3927,115.21,4.5,mwr,,44,0.842,1.15,us,us2000hk75,2018-12-01T16:45:29.040Z,"119 km NNE of Calama, Chile",earthquake,4.8,5.1,0.075,17,reviewed,us,us
2018-09-26T15:26:23.280Z,56.3008,-149.502,21.94,2.9,ml,,208,2.245,0.83,us,us1000h2zb,2023-08-16T19:07:46.419Z,"223 km SE of Chiniak, Alaska",earthquake,7.9,11.1,0.057,40,reviewed,us,us
2018-09-26T14:46:07.920Z,-17.7342,-71.3309,56.55,4,mb,,158,1.134,1.05,us,us2000hk6q,2018-12-01T16:45:29.040Z,"9 km S of Pacocha, Peru",earthquake,8.5,17,0.183,8,reviewed,us,us
2018-09-26T14:43:43.650Z,56.2372,-149.4046,22.77,3.4,ml,,185,2.329,0.59,us,us2000hk6p,2023-08-16T19:07:38.420Z,"232 km SE of Chiniak, Alaska",earthquake,8.1,9.5,0.048,56,reviewed,us,us
2018-09-26T14:31:32.770Z,-55.0642,-31.3753,10,4.4,mb,,196,3.07,0.83,us,us1000h5rl,2018-12-01T16:43:55.040Z,"South Georgia Island region",earthquake,7.8,1.9,0.219,6,reviewed,us,us
2018-09-26T14:18:56.630Z,17.6333,-61.6705,35,4,mb,,228,0.115,0.8,us,us2000hk6l,2018-12-01T16:45:28.040Z,"17 km E of Codrington, Antigua and Barbuda",earthquake,7.8,2,0.298,3,reviewed,us,us
2018-09-26T13:55:52.610Z,54.0375,-165.1204,75.04,2.6,ml,,201,0.348,0.3,us,us1000h6sd,2023-08-16T19:07:30.386Z,"44 km ESE of Akutan, Alaska",earthquake,8.7,6.9,,,reviewed,us,ak
2018-09-26T11:07:31.059Z,69.5404,-144.6103,9.4,3.4,ml,,,,0.6,ak,ak018cd25owh,2023-08-16T19:06:51.680Z,"76 km SSW of Kaktovik, Alaska",earthquake,,0.2,,,reviewed,ak,ak
2018-09-26T10:57:56.922Z,63.2529,-151.0313,6.2,2.8,ml,,,,0.67,ak,ak018cd1v13g,2023-08-16T19:06:42.442Z,"47 km SE of Denali National Park, Alaska",earthquake,,0.2,,,reviewed,ak,ak
2018-09-26T10:21:06.960Z,-20.9903,-68.4424,114.59,4.4,mb,,62,1.094,0.7,us,us2000hk5w,2018-12-01T16:41:29.040Z,"169 km NNE of Calama, Chile",earthquake,6.7,9.1,0.13,17,reviewed,us,us
2018-09-26T10:15:47.750Z,-19.8462,-177.4483,514.04,4.3,mb,,74,4.746,0.6,us,us1000h5rc,2018-12-01T16:43:54.040Z,"274 km WNW of Haveluloto, Tonga",earthquake,8,9.3,0.094,32,reviewed,us,us
2018-09-26T10:06:11.490Z,52.1712,177.2329,10,2.9,ml,,327,0.816,0.28,us,us1000h6sb,2023-08-16T19:06:34.969Z,"284 km ESE of Attu Station, Alaska",earthquake,4.6,2,,,reviewed,us,ak
2018-09-26T09:56:40.350Z,69.4678,-144.2421,5.9,3.1,ml,,,,0.65,ak,ak018cd19chv,2023-08-16T19:06:33.842Z,"77 km SSW of Kaktovik, Alaska",earthquake,,0.3,,,reviewed,ak,ak
2018-09-26T09:32:25.380Z,19.6895,-64.5848,44,3.42,md,12,314,1.9981,0.44,pr,pr2018269006,2018-12-01T16:41:43.040Z,"151 km N of Cruz Bay, U.S. Virgin Islands",earthquake,4.38,32.32,0.42,10,reviewed,pr,pr
2018-09-26T09:27:42.010Z,-0.7257,133.371,32.33,5.2,mww,,52,2.45,0.58,us,us2000hk57,2022-05-03T19:31:38.938Z,"78 km W of Manokwari, Indonesia",earthquake,7.9,4.4,0.075,17,reviewed,us,us
2018-09-26T09:05:10.260Z,56.2654,-149.2469,20.26,3.8,ml,,189,2.375,0.64,us,us2000hk51,2023-08-16T19:06:20.297Z,"237 km SE of Chiniak, Alaska",earthquake,7,9.8,0.041,78,reviewed,us,us
2018-09-26T08:21:03.727Z,41.2765,-116.8851,5.6,2.8,ml,22,141.54,0.457,0.2438,nn,nn00658213,2018-12-01T16:45:26.040Z,"57 km NNE of Valmy, Nevada",earthquake,,1.8,0.26,16,reviewed,nn,nn
2018-09-26T07:50:46.780Z,44.2377,83.6351,10,4.7,mb,,61,2.725,0.85,us,us2000hk4a,2018-12-01T16:45:26.040Z,"95 km NNE of Xinyuan, China",earthquake,7,1,0.101,30,reviewed,us,us
2018-09-26T07:37:17.300Z,36.1555,-98.2908,5.106,3,ml,,34,,0.18,us,us2000hk42,2018-12-01T16:45:25.040Z,"4 km NNE of Okeene, Oklahoma",earthquake,1.5,4.9,,,reviewed,ok,ok
2018-09-26T07:27:24.430Z,51.9217,-170.7533,44.52,2.6,ml,,220,1.072,1.01,us,us1000h6s8,2023-08-16T19:05:33.217Z,"171 km SW of Nikolski, Alaska",earthquake,6.2,18.7,,,reviewed,us,ak
2018-09-26T06:00:29.760Z,27.4408,142.0848,72.44,4.6,mb,,171,0.355,0.45,us,us1000h5r8,2018-12-01T16:43:54.040Z,"Bonin Islands, Japan region",earthquake,13.1,9.1,0.165,11,reviewed,us,us
2018-09-26T05:35:32.150Z,-20.3628,-177.5564,472.19,4.4,mb,,59,4.901,0.88,us,us2000hk3h,2018-12-01T16:45:25.040Z,"259 km WNW of Haveluloto, Tonga",earthquake,12.5,7.8,0.072,56,reviewed,us,us
2018-09-26T05:28:46.130Z,-55.3485,-31.3375,10,4.5,mb,,142,3.165,0.86,us,us1000h5r7,2018-12-01T16:43:54.040Z,"South Georgia Island region",earthquake,12.8,1.9,0.144,14,reviewed,us,us
2018-09-26T04:59:38.640Z,56.5618,-148.7032,22.61,3.1,ml,,221,2.442,0.61,us,us1000h6s6,2023-08-16T19:05:02.719Z,"246 km ESE of Chiniak, Alaska",earthquake,8.2,10.4,0.042,74,reviewed,us,us
2018-09-26T04:55:09.830Z,-19.3654,169.1112,106.53,4.5,mb,,121,3.586,0.7,us,us1000h5r6,2018-12-01T16:43:53.040Z,"26 km NW of Isangel, Vanuatu",earthquake,11.4,8.1,0.082,44,reviewed,us,us
2018-09-26T04:33:31.520Z,44.7214,149.8563,49.35,4.6,mb,,137,5.237,0.39,us,us2000hk2z,2018-12-01T16:45:25.040Z,"165 km ESE of Kuril’sk, Russia",earthquake,12.3,5.2,0.049,127,reviewed,us,us
2018-09-26T04:24:04.740Z,-15.8051,168.3494,158.78,4.3,mb,,159,6.098,0.54,us,us1000h5r5,2018-12-01T16:43:53.040Z,"105 km ENE of Lakatoro, Vanuatu",earthquake,8.4,9.1,0.137,16,reviewed,us,us
2018-09-26T04:12:51.867Z,69.0566,-146.3663,14.5,2.9,ml,,,,0.69,ak,ak018ccy0ruq,2023-08-16T19:04:56.445Z,"109 km NNW of Arctic Village, Alaska",earthquake,,0.3,,,reviewed,ak,ak
2018-09-26T04:10:55.582Z,69.5518,-144.5064,17.8,3.4,ml,,,,0.61,ak,ak018ccy0cpi,2023-08-16T19:04:55.042Z,"73 km SSW of Kaktovik, Alaska",earthquake,,0.3,,,reviewed,ak,ak
2018-09-26T04:10:34.701Z,69.0312,-146.403,9.9,2.8,ml,,,,0.56,ak,ak018ccy0b3i,2023-08-16T19:04:53.920Z,"106 km NNW of Arctic Village, Alaska",earthquake,,0.3,,,reviewed,ak,ak
2018-09-26T04:08:37.810Z,-24.7682,-175.3257,10,4.6,mb,,98,7.561,0.65,us,us1000h5r4,2018-12-01T16:43:52.040Z,"south of Tonga",earthquake,11,1.9,0.133,18,reviewed,us,us
2018-09-26T03:55:52.990Z,50.2149,178.3561,10,2.6,ml,,301,1.308,0.44,us,us1000h6s3,2023-08-16T19:04:52.599Z,"Rat Islands, Aleutian Islands, Alaska",earthquake,7.7,2,,,reviewed,us,ak
2018-09-26T03:53:00.750Z,-6.8364,126.9047,403.79,4.2,mb,,92,3.901,0.66,us,us1000h5r3,2018-12-01T16:43:52.040Z,"186 km N of Lospalos, Timor Leste",earthquake,10.8,7.2,0.132,16,reviewed,us,us
2018-09-26T03:26:41.300Z,35.6888,-97.3042,5.669,2.5,ml,,29,,0.27,us,us2000hk2j,2018-12-01T16:45:23.040Z,"3 km NE of Arcadia, Oklahoma",earthquake,1.3,5.4,,,reviewed,ok,ok
2018-09-26T03:24:53.780Z,18.7425,-64.4906,96,3.44,md,3,352,1.485,0.14,pr,pr2018269004,2018-09-26T07:17:22.231Z,"Virgin Islands",earthquake,8.61,6.18,0.14,2,reviewed,pr,pr
2018-09-26T02:54:21.580Z,-30.074,-178.6906,232.66,4.3,mb,,94,1.059,1.32,us,us1000h5r2,2018-12-01T16:43:52.040Z,"Kermadec Islands, New Zealand",earthquake,9.7,8.1,0.133,16,reviewed,us,us
2018-09-26T02:52:17.970Z,35.3997,26.5057,62.81,4.4,mb,,62,0.554,1.06,us,us2000hk2d,2018-12-01T16:45:23.040Z,"32 km NE of Palekastro, Greece",earthquake,5.6,6.2,0.073,54,reviewed,us,us
2018-09-26T02:43:27.760Z,56.4674,-148.7471,21.67,2.9,ml,,203,2.472,0.67,us,us1000h6s1,2023-08-16T19:04:40.549Z,"249 km ESE of Chiniak, Alaska",earthquake,4.9,9.3,0.053,46,reviewed,us,us
2018-09-26T02:16:48.920Z,19.253,-68.2063,38,3.19,md,3,293,0.7596,0.19,pr,pr2018269002,2018-12-01T16:41:52.040Z,"77 km NNE of Punta Cana, Dominican Republic",earthquake,3.47,15.98,0.03,3,reviewed,pr,pr
2018-09-26T01:27:34.010Z,18.8016,-67.8196,52,2.65,md,13,226,0.5384,0.44,pr,pr2018269001,2018-12-01T16:42:11.040Z,"66 km ENE of Punta Cana, Dominican Republic",earthquake,2.99,3.84,0.38,9,reviewed,pr,pr
2018-09-26T01:15:15.290Z,19.2736,-67.9683,108,3.4,md,5,343,0.8647,0.38,pr,pr2018269000,2018-12-01T16:41:42.040Z,"89 km NNE of Punta Cana, Dominican Republic",earthquake,9.35,14.72,0.33,5,reviewed,pr,pr
2018-09-26T01:08:08.740Z,8.2543,126.8722,10,4.7,mb,,76,1.74,1.13,us,us2000hk1y,2018-12-01T16:45:22.040Z,"49 km ENE of Barcelona, Philippines",earthquake,9.3,1.8,0.068,65,reviewed,us,us
2018-09-26T01:04:09.600Z,-8.2114,-74.3219,150.37,4.2,mb,,68,1.671,0.68,us,us2000hk1s,2018-12-01T16:45:22.040Z,"31 km NE of San Fernando, Peru",earthquake,7.5,6.2,0.108,24,reviewed,us,us
2018-09-26T00:51:10.120Z,-15.1991,167.5002,115.3,4.9,mb,,61,6.139,1.02,us,us2000hk1k,2018-12-01T16:45:22.040Z,"49 km ESE of Port-Olry, Vanuatu",earthquake,9.3,5.7,0.056,99,reviewed,us,us
2018-09-26T00:37:34.340Z,-17.9807,-178.0855,582.37,5.8,mww,,32,3.652,0.95,us,us2000hk13,2022-05-03T19:46:59.959Z,"275 km E of Levuka, Fiji",earthquake,9.5,3.4,0.052,35,reviewed,us,us
2018-09-26T00:30:05.180Z,-7.5397,128.3149,141.05,4.1,mb,,70,2.989,1.16,us,us2000hk0z,2018-12-01T16:45:21.040Z,"181 km NE of Lospalos, Timor Leste",earthquake,7.7,7,0.145,13,reviewed,us,us
2018-09-26T00:06:06.510Z,52.7176,-174.4354,218.4,2.8,ml,,,,0.68,us,us2000hk71,2023-08-16T19:04:10.235Z,"60 km NNW of Atka, Alaska",earthquake,14.7,8.3,,,reviewed,ak,ak
2018-09-26T00:00:29.270Z,-4.4617,153.9356,275.87,4.4,mb,,48,1.787,0.59,us,us2000hk0s,2018-12-01T16:45:20.040Z,"185 km E of Kokopo, Papua New Guinea",earthquake,12.1,5.3,0.07,58,reviewed,us,us
2018-09-25T23:27:01.410Z,54.5328,-163.288,18.63,3.6,mb,,166,0.313,0.61,us,us1000h54t,2023-08-16T19:03:50.453Z,"36 km SSE of False Pass, Alaska",earthquake,4.5,4.9,0.204,6,reviewed,us,us
2018-09-25T23:14:50.770Z,19.1588,-68.4968,81,3.38,md,4,310,0.6551,0.16,pr,pr2018268005,2018-12-01T16:41:42.040Z,"58 km NNE of Otra Banda, Dominican Republic",earthquake,7.78,6.39,0.18,4,reviewed,pr,pr
2018-09-25T23:04:54.550Z,-25.2159,-69.1707,93.74,4.3,mb,,59,0.384,0.89,us,us2000hjzn,2018-12-01T16:41:30.040Z,"134 km E of Taltal, Chile",earthquake,3.7,4.7,0.147,13,reviewed,us,us
2018-09-25T22:56:47.690Z,-15.3405,-74.8969,53.18,5.2,mww,,101,3.831,0.82,us,us2000hjzl,2025-12-22T17:51:04.464Z,"26 km ESE of Minas de Marcona, Peru",earthquake,7.5,4.4,0.05,38,reviewed,us,us
2018-09-25T22:46:47.590Z,56.129,-149.271,21.51,2.8,ml,,245,2.457,0.54,us,us1000h76i,2023-08-16T19:03:32.902Z,"246 km SE of Chiniak, Alaska",earthquake,11,11.8,0.074,24,reviewed,us,us
2018-09-25T22:32:31.281Z,69.4882,-144.4286,1.5,3.4,ml,,,,0.84,ak,ak018cblbgzc,2023-08-16T19:03:29.359Z,"78 km SSW of Kaktovik, Alaska",earthquake,,0.3,,,reviewed,ak,ak
2018-09-25T22:29:51.100Z,52.1991,-170.3365,35,2.8,ml,,203,0.697,1.35,us,us1000h76g,2023-08-16T19:03:23.123Z,"129 km SW of Nikolski, Alaska",earthquake,9,2,,,reviewed,us,ak
2018-09-25T21:55:31.340Z,-6.3764,129.5077,186.75,4.1,mb,,93,2.388,0.82,us,us1000h54w,2018-12-01T16:43:50.040Z,"Banda Sea",earthquake,8.8,13,0.262,4,reviewed,us,us
2018-09-25T21:16:51.560Z,-4.8634,102.9795,63.84,4.8,mb,,163,0.5,0.64,us,us2000hjy5,2018-12-01T16:45:19.040Z,"97 km SSW of Pagar Alam, Indonesia",earthquake,6.6,6.1,0.068,66,reviewed,us,us
2018-09-25T20:51:04.790Z,24.2458,93.913,57.72,4.2,mb,,112,0.353,0.55,us,us1000h54v,2018-12-01T16:43:50.040Z,"26 km ESE of Chur?ch?ndpur, India",earthquake,5.9,5.7,0.215,6,reviewed,us,us
2018-09-25T20:37:26.985Z,69.5027,-144.4839,11.3,3.6,ml,,,,0.81,ak,ak018cbk5o0q,2023-08-16T19:02:50.611Z,"77 km SSW of Kaktovik, Alaska",earthquake,,0.2,,,reviewed,ak,ak
2018-09-25T20:08:12.070Z,-18.542,178.7346,543.01,4.3,mb,,193,1.024,1.27,us,us1000h54z,2018-12-01T16:43:51.040Z,"54 km SE of Suva, Fiji",earthquake,25.1,14.7,0.177,10,reviewed,us,us
2018-09-25T20:08:09.140Z,13.0693,143.3546,201.75,4.4,mb,,72,1.561,0.54,us,us2000hjxi,2018-12-01T16:45:17.040Z,"144 km W of Umatac Village, Guam",earthquake,7.4,6.5,0.049,119,reviewed,us,us
2018-09-25T20:00:11.980Z,56.2986,-149.4743,10,2.7,ml,,188,2.258,1.05,us,us1000h76d,2023-08-16T19:02:34.717Z,"224 km SE of Chiniak, Alaska",earthquake,4.2,2,0.06,38,reviewed,us,us
2018-09-25T19:44:48.580Z,-7.5608,126.767,233.82,4.2,mb,,46,3.295,0.76,us,us2000hjwg,2018-12-01T16:45:17.040Z,"106 km NNE of Baukau, Timor Leste",earthquake,7.1,9.5,0.104,27,reviewed,us,us
2018-09-25T19:44:23.932Z,59.8094,-150.952,39.9,2.6,ml,,,,0.78,ak,ak018cbjlq6x,2023-08-16T19:02:32.299Z,"5 km S of Fox River, Alaska",earthquake,,0.2,,,reviewed,ak,ak
2018-09-25T19:41:27.040Z,-33.113,-179.1313,10,5,mb,,88,3.991,0.92,us,us2000hjwi,2025-12-22T18:04:41.840Z,"south of the Kermadec Islands",earthquake,8.8,1.2,0.113,25,reviewed,us,us
2018-09-25T18:40:40.455Z,64.6286,-147.9883,30.6,3.1,ml,,,,0.86,ak,ak018cbizgzx,2023-08-16T19:02:21.267Z,"Central Alaska",earthquake,,0.2,,,reviewed,ak,ak
2018-09-25T18:29:46.060Z,-5.5794,142.0553,35,4.9,mb,,75,6.357,0.83,us,us2000hjuy,2018-12-01T16:45:15.040Z,"103 km WNW of Tari, Papua New Guinea",earthquake,11.4,2,0.087,46,reviewed,us,us
2018-09-25T18:18:01.880Z,43.6041,-105.4453,0,3.4,ml,,38,1.143,1.07,us,us2000hjup,2018-12-01T16:45:15.040Z,"16 km SSE of Wright, Wyoming",mining explosion,4.1,1.7,0.045,66,reviewed,us,us
2018-09-25T18:09:55.260Z,10.3605,126.1654,31.3,4.6,mb,,93,3.32,1.03,us,us1000h54k,2018-12-01T16:43:49.040Z,"40 km NNE of Santa Monica, Philippines",earthquake,7.8,5.1,0.062,87,reviewed,us,us
2018-09-25T17:56:40.390Z,51.7697,-174.7671,23.46,3.8,mb,,197,0.652,1.37,us,us1000h54l,2023-08-16T19:02:12.244Z,"61 km SW of Atka, Alaska",earthquake,6.6,13.2,0.127,16,reviewed,us,us
2018-09-25T17:50:33.210Z,-22.9187,-179.4034,552.66,4.6,mb,,68,5.673,0.79,us,us2000hju6,2018-12-01T16:45:14.040Z,"south of the Fiji Islands",earthquake,10.1,7.1,0.052,112,reviewed,us,us
2018-09-25T17:24:40.600Z,19.334,-155.1896667,7.41,2.68,ml,47,84,0.04649,0.07,hv,hv70612357,2018-12-01T16:45:14.040Z,"12 km SSE of Volcano, Hawaii",earthquake,0.33,0.44,0.183,43,reviewed,hv,hv
2018-09-25T16:40:20.170Z,-6.5727,154.9415,80.15,4,mb,,101,3.639,0.22,us,us1000h54q,2018-12-01T16:43:50.040Z,"66 km WSW of Panguna, Papua New Guinea",earthquake,7.9,12.1,0.183,10,reviewed,us,us
2018-09-25T16:28:10.840Z,7.4492,-73.0569,155.27,4.4,mb,,90,2.79,0.4,us,us1000h54i,2018-12-01T16:43:48.040Z,"12 km NW of Suratá, Colombia",earthquake,11.6,12.5,0.161,11,reviewed,us,us
2018-09-25T16:06:02.650Z,13.1491,-81.1419,10,4.5,mb,,56,3.225,0.94,us,us2000hjsk,2018-12-01T16:45:13.040Z,"34 km SE of Mountain, Colombia",earthquake,6.6,1.9,0.069,61,reviewed,us,us
2018-09-25T15:37:14.720Z,13.1504,-81.1488,6.54,4.7,mb,,46,0.306,0.72,us,us2000hjs8,2018-12-01T16:45:13.040Z,"33 km SE of Mountain, Colombia",earthquake,4.7,4.9,0.038,213,reviewed,us,us
2018-09-25T14:47:23.780Z,-24.5049,-178.0413,217.29,4.2,mb,,123,4.722,0.77,us,us1000h54f,2018-12-01T16:43:48.040Z,"south of the Fiji Islands",earthquake,7.7,9,0.121,19,reviewed,us,us
2018-09-25T14:18:25.680Z,2.0491,128.3451,90.67,4.2,mb,,121,1.602,0.39,us,us1000h54e,2018-12-01T16:43:48.040Z,"51 km NE of Tobelo, Indonesia",earthquake,11.6,9.5,0.136,15,reviewed,us,us
2018-09-25T13:54:30.770Z,-29.0432,-178.6438,8.05,4.4,mb,,194,0.656,1.2,us,us1000h54d,2018-12-01T16:43:47.040Z,"Kermadec Islands, New Zealand",earthquake,12.3,14.4,0.22,6,reviewed,us,us
2018-09-25T13:52:19.100Z,69.4721,-144.5031,7.1,3,ml,,,,0.85,ak,ak018cbg2tx2,2023-08-16T19:01:39.094Z,"81 km SSW of Kaktovik, Alaska",earthquake,,0.3,,,reviewed,ak,ak
2018-09-25T13:18:50.110Z,45.6766667,-122.8965,22.71,2.56,ml,43,38,0.1266,0.11,uw,uw61422757,2018-12-01T16:45:12.040Z,"8 km S of Scappoose, Oregon",earthquake,0.18,0.41,0.101,23,reviewed,uw,uw
2018-09-25T12:46:23.160Z,-18.0979,-177.9211,620.17,4.1,mb,,164,3.773,0.69,us,us1000h54m,2018-12-01T16:43:49.040Z,"292 km E of Levuka, Fiji",earthquake,13.7,10.3,0.124,18,reviewed,us,us
2018-09-25T11:37:53.457Z,68.4794,-148.3268,13.1,2.5,ml,,,,0.58,ak,ak018cbestm9,2023-08-16T19:01:06.536Z,"121 km WNW of Arctic Village, Alaska",earthquake,,0.2,,,reviewed,ak,ak
2018-09-25T10:50:37.280Z,56.2163,-149.9103,10,2.8,ml,,221,2.117,0.64,us,us1000h76a,2023-08-16T19:00:51.481Z,"212 km SE of Chiniak, Alaska",earthquake,7.8,2,0.064,32,reviewed,us,us
2018-09-25T10:20:20.570Z,-48.7994,31.4794,10,4.5,mb,,79,15.972,0.46,us,us1000h54b,2018-12-01T16:43:47.040Z,"south of Africa",earthquake,14,1.9,0.132,17,reviewed,us,us
2018-09-25T09:48:45.640Z,52.1887,175.0907,57.1,4.4,mb,,159,0.813,0.93,us,us1000h54g,2023-08-16T19:00:32.761Z,"148 km ESE of Attu Station, Alaska",earthquake,8.3,9.2,0.155,12,reviewed,us,us
2018-09-25T09:28:11.350Z,-18.7593,65.1525,10,4.8,mb,,65,1.953,0.73,us,us1000h549,2018-12-01T16:43:46.040Z,"209 km ENE of Port Mathurin, Mauritius",earthquake,6.3,1.8,0.084,44,reviewed,us,us
2018-09-25T09:22:08.170Z,-18.5624,65.1087,10,4.5,mb,,76,2.027,0.76,us,us1000h54x,2025-12-22T18:18:59.193Z,"216 km NE of Port Mathurin, Mauritius",earthquake,10.1,1.9,0.124,19,reviewed,us,us
2018-09-25T09:20:58.580Z,-18.6915,65.1713,10,4.8,mb,,42,2.004,1.07,us,us2000hjne,2018-12-01T16:45:11.040Z,"214 km ENE of Port Mathurin, Mauritius",earthquake,8.7,1.8,0.068,67,reviewed,us,us
2018-09-25T09:18:02.680Z,-18.6734,65.0859,10,4.4,mb,,109,1.946,0.65,us,us1000h54a,2018-12-01T16:43:47.040Z,"208 km ENE of Port Mathurin, Mauritius",earthquake,10,1.9,0.204,7,reviewed,us,us
2018-09-25T08:56:19.570Z,-7.6083,121.1147,331.45,4,mb,,90,1.509,0.95,us,us1000h548,2018-12-01T16:43:46.040Z,"132 km NNE of Ruteng, Indonesia",earthquake,11.2,8.1,0.212,6,reviewed,us,us
2018-09-25T08:54:18.980Z,33.4951667,-116.802,2.72,2.73,ml,111,27,0.01122,0.22,ci,ci37367658,2022-08-08T08:34:38.862Z,"8km NE of Aguanga, CA",earthquake,0.12,0.26,0.155,221,reviewed,ci,ci
2018-09-25T08:53:40.080Z,48.1944,155.0938,35,5.1,mb,,82,5.191,1.09,us,us2000hjmx,2025-12-22T17:47:31.338Z,"285 km SSW of Severo-Kuril’sk, Russia",earthquake,8.8,1.9,0.037,243,reviewed,us,us
2018-09-25T08:20:58.860Z,-21.4401,-67.344,198.07,4.3,mb,,96,1.691,1.18,us,us2000hjmf,2018-12-01T16:45:10.040Z,"121 km SSW of Uyuni, Bolivia",earthquake,9.4,10.7,0.168,10,reviewed,us,us
2018-09-25T08:03:29.730Z,56.2767,-149.8248,21.55,2.7,ml,,264,2.129,0.66,us,us1000h765,2023-08-16T19:00:01.215Z,"210 km SE of Chiniak, Alaska",earthquake,9.7,11.7,0.077,22,reviewed,us,us
2018-09-25T07:59:50.820Z,18.9341,-65.3815,17,2.74,md,14,315,0.9195,0.32,pr,pr2018268003,2018-12-01T16:42:10.040Z,"70 km N of Culebra, Puerto Rico",earthquake,9.51,18.97,0.41,12,reviewed,pr,pr
2018-09-25T07:43:53.517Z,68.5065,-148.2578,12.1,3.2,ml,,,,0.63,ak,ak018cbcgdhz,2023-08-16T18:59:57.352Z,"119 km WNW of Arctic Village, Alaska",earthquake,,0.2,,,reviewed,ak,ak
2018-09-25T06:49:53.740Z,56.9657,-148.6043,10,2.8,ml,,,,0.45,ak,ak018cbbw87i,2023-08-16T18:59:52.382Z,"233 km ESE of Chiniak, Alaska",earthquake,,0,,,reviewed,ak,ak
2018-09-25T05:44:41.843Z,55.8249,-149.4526,12,2.6,ml,,,,0.86,aacse,aacse018cbb9p3s,2021-02-22T17:18:08.709Z,"263 km SE of Chiniak, Alaska",earthquake,,3.2,,,reviewed,aacse,aacse
2018-09-25T04:51:01.500Z,-17.9218,-172.7983,10,4.7,mb,,74,2.956,0.78,us,us2000hjll,2018-12-01T16:45:09.040Z,"149 km ENE of Neiafu, Tonga",earthquake,10.3,1.9,0.099,31,reviewed,us,us
2018-09-25T04:12:56.040Z,9.9195,126.3509,35,4.6,mb,,92,2.932,0.8,us,us1000h552,2018-12-01T16:43:51.040Z,"28 km ENE of Pilar, Philippines",earthquake,6.9,2,0.114,23,reviewed,us,us
2018-09-25T04:12:04.540Z,9.8706,126.2067,27.09,4.5,mb,,169,2.851,0.67,us,us2000hjxm,2022-08-08T08:36:18.060Z,"11 km E of Pilar, Philippines",earthquake,12.5,6,0.104,27,reviewed,us,us
2018-09-25T04:08:13.460Z,-14.7322,165.6785,10,4.6,mb,,155,7.336,0.89,us,us1000h544,2018-12-01T16:43:46.040Z,"153 km WNW of Port-Olry, Vanuatu",earthquake,13.8,1.9,0.129,18,reviewed,us,us
2018-09-25T03:50:12.340Z,41.9449,141.1385,104.3,4.5,mb,,96,1.155,0.8,us,us1000h53y,2018-12-01T16:43:44.040Z,"37 km E of Honch?, Japan",earthquake,6.8,3.5,0.064,73,reviewed,us,us
2018-09-25T03:48:46.930Z,53.9266,-164.5788,57.12,2.8,ml,,180,0.546,0.36,us,us1000h760,2023-08-16T18:59:23.136Z,"81 km ESE of Akutan, Alaska",earthquake,6.6,18.8,0.148,6,reviewed,us,us
2018-09-25T03:47:30.020Z,26.0547,90.8859,10,4.4,mb,,89,1,0.74,us,us2000hjlb,2022-08-08T08:35:27.325Z,"29 km ESE of Go?lp?ra, India",earthquake,4.8,1.9,0.117,21,reviewed,us,us
2018-09-25T03:31:01.350Z,38.7343,142.2432,35,4.4,mwr,,135,1.433,0.88,us,us2000hjkw,2018-12-01T16:45:08.040Z,"59 km SE of ?funato, Japan",earthquake,7.3,2,0.073,18,reviewed,us,us
2018-09-25T03:18:50.540Z,19.231,-67.3203,35,3.14,md,16,252,0.7916,0.51,pr,pr2018268001,2018-12-01T16:41:56.040Z,"85 km NNW of San Antonio, Puerto Rico",earthquake,3.27,19.13,0.41,15,reviewed,pr,pr
2018-09-25T03:17:15.940Z,16.4642,-99.0472,13.89,4.3,mb,,146,0.282,0.99,us,us2000hjks,2018-12-01T16:41:28.040Z,"17 km SSW of Copala, Mexico",earthquake,6.2,5,0.043,155,reviewed,us,us
2018-09-25T02:27:49.600Z,18.697,-66.8021,20,2.68,md,20,234,0.2344,0.24,pr,pr2018268000,2018-12-01T16:42:09.040Z,"23 km N of Hatillo, Puerto Rico",earthquake,1.08,3.54,0.47,18,reviewed,pr,pr
2018-09-25T02:22:17.020Z,16.5079,-99.0131,8.24,4.5,mb,,167,0.253,0.96,us,us2000hjkn,2018-12-01T16:41:27.040Z,"11 km SSW of Copala, Mexico",earthquake,4.2,4.7,0.04,181,reviewed,us,us
2018-09-25T02:16:27.370Z,10.3745,126.112,58.13,5,mb,,107,3.325,0.53,us,us2000hjkk,2018-12-01T16:45:07.040Z,"40 km NNE of Santa Monica, Philippines",earthquake,10,5.8,0.062,83,reviewed,us,us
2018-09-25T01:44:27.690Z,-18.1871,-178.0579,593.31,4.3,mb,,157,3.727,0.66,us,us1000h540,2018-12-01T16:43:45.040Z,"278 km E of Levuka, Fiji",earthquake,15.6,9.8,0.122,19,reviewed,us,us
2018-09-25T00:37:56.458Z,67.6484,-162.4515,5.2,3.3,ml,,,,0.69,ak,ak018cb89271,2023-08-16T18:59:04.342Z,"23 km ENE of Noatak, Alaska",earthquake,,0.2,,,reviewed,ak,ak
2018-09-25T00:26:07.270Z,-18.1389,-178.0231,559.58,4.3,mb,,199,3.756,0.65,us,us1000h53z,2018-12-01T16:43:45.040Z,"281 km E of Levuka, Fiji",earthquake,13.9,14.6,0.142,14,reviewed,us,us
2018-09-24T23:59:11.020Z,10.3301,126.1444,35,4.6,mb,,120,3.287,1.17,us,us1000h3w5,2018-12-01T16:43:11.040Z,"36 km NNE of Santa Monica, Philippines",earthquake,11.9,2,0.094,34,reviewed,us,us
2018-09-24T23:50:29.680Z,-24.3777,-175.4071,10,4.8,mb,,78,7.332,1.26,us,us2000hjk4,2025-12-22T17:51:03.300Z,"south of Tonga",earthquake,9.5,1.8,0.059,90,reviewed,us,us
2018-09-24T23:37:30.617Z,60.9227,-146.4878,14.9,2.6,ml,,,,0.66,ak,ak018c9yemmd,2023-08-16T18:58:56.666Z,"12 km ENE of Tatitlek, Alaska",earthquake,,0.1,,,reviewed,ak,ak
2018-09-24T23:37:01.920Z,12.7209,144.8327,65.45,4.6,mb,,265,0.863,0.52,us,us1000h3w3,2018-12-01T16:43:10.040Z,"61 km S of Inarajan Village, Guam",earthquake,7.1,9.3,0.194,8,reviewed,us,us
2018-09-24T23:34:24.530Z,10.4399,126.1264,46.82,4.5,mb,,100,3.392,0.45,us,us1000h3w2,2018-12-01T16:43:10.040Z,"47 km NNE of Santa Monica, Philippines",earthquake,10.3,7.1,0.091,35,reviewed,us,us
2018-09-24T23:33:39.308Z,62.935,-150.7426,100,2.5,ml,,,,0.48,ak,ak018c9ydsfe,2023-08-16T18:58:55.388Z,"48 km N of Petersville, Alaska",earthquake,,0.4,,,reviewed,ak,ak
2018-09-24T23:29:18.760Z,-5.4819,146.3117,126.24,4.2,mb,,151,3.574,1.04,us,us1000h3w1,2018-12-01T16:43:09.040Z,"64 km ESE of Madang, Papua New Guinea",earthquake,9.5,24.2,0.176,9,reviewed,us,us
2018-09-24T22:58:31.364Z,69.4953,-144.5055,1.9,2.6,ml,,,,0.74,ak,ak018c9xxp40,2023-08-16T18:58:49.359Z,"78 km SSW of Kaktovik, Alaska",earthquake,,0.4,,,reviewed,ak,ak
2018-09-24T22:39:10.710Z,9.6717,57.9001,10,4.4,mb,,127,13.51,0.84,us,us2000hjjb,2018-12-01T16:45:04.040Z,"Carlsberg Ridge",earthquake,13.2,1.9,0.103,28,reviewed,us,us
2018-09-24T22:22:42.160Z,19.0875,-65.8133,28,2.6,md,7,312,0.9461,0.16,pr,pr2018267009,2018-09-24T23:47:12.693Z,"72 km N of Suárez, Puerto Rico",earthquake,1.11,10.92,0.53,7,reviewed,pr,pr
2018-09-24T20:26:03.350Z,53.3595,-172.4017,212.93,2.6,ml,,157,1.497,0.72,us,us1000h617,2023-08-16T18:58:28.413Z,"177 km NE of Atka, Alaska",earthquake,15.9,19.4,,,reviewed,us,ak
2018-09-24T19:46:05.700Z,35.9609,-97.2376,6.085,3.1,ml,,21,,0.29,us,us2000hjef,2018-12-01T16:45:04.040Z,"0 km NNW of Coyle, Oklahoma",earthquake,1.1,2.1,,,reviewed,ok,ok
2018-09-24T18:51:56.060Z,12.3191,-89.4837,10,4.4,mb,,202,1.381,0.76,us,us1000h3vx,2018-12-01T16:43:09.040Z,"130 km S of La Libertad, El Salvador",earthquake,7.2,2,0.09,36,reviewed,us,us
2018-09-24T18:38:50.258Z,69.5023,-144.6273,13,3.8,ml,,,,0.99,ak,ak018c9vfptt,2023-08-16T18:57:52.706Z,"80 km SSW of Kaktovik, Alaska",earthquake,,0.3,,,reviewed,ak,ak
2018-09-24T17:53:42.770Z,-6.1108,107.0581,254.37,4.2,mb,,95,3.487,1.12,us,us2000hjdb,2025-08-20T13:17:28.872Z,"15 km NNE of Bekasi, Indonesia",earthquake,8.6,7.5,0.132,18,reviewed,us,us
2018-09-24T17:13:10.730Z,-60.6299,-25.702,10,5.3,mww,,43,8.609,0.96,us,us2000hjd3,2025-12-22T17:51:02.435Z,"South Sandwich Islands region",earthquake,8.3,1.7,0.073,18,reviewed,us,us
2018-09-24T17:06:32.550Z,18.1008,-64.9538,25,2.83,md,7,344,0.896,0.78,pr,pr2018267010,2018-12-01T16:42:07.040Z,"26 km S of Charlotte Amalie, U.S. Virgin Islands",earthquake,11.79,31.61,0.46,5,reviewed,pr,pr
2018-09-24T17:00:41.700Z,-30.321,-177.7633,30.78,4.9,mb,,113,1.081,0.8,us,us1000h3vs,2018-12-01T16:43:08.040Z,"Kermadec Islands, New Zealand",earthquake,11.4,6,0.114,24,reviewed,us,us
2018-09-24T15:55:03.370Z,-5.979,148.4629,50.66,4.5,mb,,75,3.64,0.49,us,us1000h3vz,2018-12-01T16:43:09.040Z,"93 km NE of Finschhafen, Papua New Guinea",earthquake,8.3,7.2,0.094,33,reviewed,us,us
2018-09-24T15:44:05.540Z,10.3327,126.2304,24.03,4.5,mb,,199,3.305,0.65,us,us1000h3vr,2018-12-01T16:43:07.040Z,"40 km NNE of Santa Monica, Philippines",earthquake,15.2,8.9,0.145,14,reviewed,us,us
2018-09-24T15:40:01.147Z,55.7172,-150.4751,12.1,2.5,ml,,,,0.58,aacse,aacse018c9tnqnm,2021-02-22T17:17:53.874Z,"238 km SSE of Chiniak, Alaska",earthquake,,25,,,reviewed,aacse,aacse
2018-09-24T15:14:00.430Z,52.3754,-168.8663,35,3.2,ml,,214,0.597,0.52,us,us1000h615,2023-08-16T18:57:19.788Z,"62 km S of Nikolski, Alaska",earthquake,3.3,2,0.148,6,reviewed,us,us
2018-09-24T15:05:24.165Z,58.246,-151.1211,7.2,2.5,ml,,,,0.68,ak,ak018c9tgadc,2023-08-16T18:57:17.288Z,"89 km ENE of Ouzinkie, Alaska",earthquake,,1,,,reviewed,ak,ak
2018-09-24T15:04:17.010Z,-17.8007,-178.1618,608.64,4.5,mb,,157,3.607,0.76,us,us1000h3vq,2018-12-01T16:43:07.040Z,"268 km E of Levuka, Fiji",earthquake,19.3,13.7,0.094,33,reviewed,us,us
2018-09-24T14:59:34.050Z,-24.5038,-67.9319,151.46,4.2,mb,,127,1.561,0.76,us,us1000h3vy,2018-12-01T16:41:32.040Z,"166 km W of San Antonio de los Cobres, Argentina",earthquake,6.7,12.4,0.373,2,reviewed,us,us
2018-09-24T14:25:21.060Z,25.0248,125.6729,57.04,4.7,mb,,116,2.482,0.48,us,us2000hjc4,2018-12-01T16:45:02.040Z,"44 km ENE of Hirara, Japan",earthquake,9.5,9.3,0.084,43,reviewed,us,us
2018-09-24T13:46:38.800Z,-6.5521,129.979,126.47,4.3,mb,,68,1.932,1.17,us,us1000h3vv,2018-12-01T16:43:08.040Z,"Banda Sea",earthquake,7.5,15.1,0.237,5,reviewed,us,us
2018-09-24T13:41:41.100Z,-20.8867,-172.8089,10,4.3,mb,,153,3.254,0.77,us,us1000h3vn,2018-12-01T16:43:07.040Z,"200 km SE of Pangai, Tonga",earthquake,11.9,2,0.218,9,reviewed,us,us
2018-09-24T13:23:38.520Z,-3.8017,139.3911,55.06,4.6,mb,,57,7.183,1.07,us,us2000hjbb,2018-12-01T16:45:02.040Z,"191 km SW of Abepura, Indonesia",earthquake,9.9,8.4,0.095,33,reviewed,us,us
2018-09-24T12:34:09.920Z,36.6026667,-121.2076667,6.24,2.73,md,61,60,0.03112,0.07,nc,nc73089051,2018-09-25T19:08:02.971Z,"10km NW of Pinnacles, CA",earthquake,0.12,0.29,0.185,91,reviewed,nc,nc
2018-09-24T12:33:58.760Z,42.2232,141.271,121.84,4.3,mb,,87,1.418,1.15,us,us1000h3vt,2018-12-01T16:43:08.040Z,"25 km ESE of Muroran, Japan",earthquake,6.6,8.2,0.119,20,reviewed,us,us
2018-09-24T10:29:17.559Z,58.2952,-151.1959,7,2.7,ml,,,,0.79,ak,ak018c9qm90r,2023-08-16T18:56:10.612Z,"87 km ENE of Ouzinkie, Alaska",earthquake,,0.7,,,reviewed,ak,ak
2018-09-24T09:41:22.130Z,17.8413,-68.0556,76,3.04,md,7,254,0.7473,0.43,pr,pr2018267006,2018-12-01T16:42:00.040Z,"83 km SE of Boca de Yuma, Dominican Republic",earthquake,6.61,9.16,0.3,5,reviewed,pr,pr
2018-09-24T09:17:06.890Z,42.6173,142.0274,49.9,4.4,mb,,74,1.031,0.59,us,us2000hja7,2022-08-08T08:32:43.574Z,"34 km E of Tomakomai, Japan",earthquake,5.4,9.2,0.127,18,reviewed,us,us
2018-09-24T09:15:22.870Z,29.2238,68.3549,10,4,mb,,148,5.333,1.2,us,us2000hja3,2018-12-01T16:45:00.040Z,"55 km ENE of Bhag, Pakistan",earthquake,5.3,2,0.211,6,reviewed,us,us
2018-09-24T08:43:01.900Z,30.9497,51.1867,10,4.2,mb,,73,6.191,1.11,us,us2000hj9r,2018-12-01T16:45:00.040Z,"49 km NW of Yasuj, Iran",earthquake,7.8,1.9,0.088,36,reviewed,us,us
2018-09-24T08:27:12.800Z,18.0581,-68.5588,29,2.64,md,10,252,0.4891,0.35,pr,pr2018267004,2018-12-01T16:42:15.040Z,"35 km S of Boca de Yuma, Dominican Republic",earthquake,3.58,13.23,0.48,8,reviewed,pr,pr
2018-09-24T08:05:45.630Z,18.9388,-67.0311,11,2.95,md,10,242,0.4781,0.34,pr,pr2018267003,2018-09-24T12:38:34.418Z,"48 km N of Isabela, Puerto Rico",earthquake,1.17,2.39,0.22,9,reviewed,pr,pr
2018-09-24T07:51:30.810Z,19.5148,-67.4736,36,3,md,8,276,1.3512,0.21,pr,pr2018267007,2018-12-01T16:42:01.040Z,"119 km NNW of San Antonio, Puerto Rico",earthquake,2.16,16.35,0.29,6,reviewed,pr,pr
2018-09-24T07:51:04.190Z,-15.7493,-175.2803,10,4.9,mb,,56,3.849,0.85,us,us2000hj9d,2022-05-03T19:31:37.504Z,"Tonga",earthquake,8.5,1.4,0.042,181,reviewed,us,us
2018-09-24T07:42:15.980Z,54.3669,-161.7021,26.68,2.8,ml,,219,0.959,0.74,us,us1000h614,2023-08-16T18:55:30.953Z,"86 km SSE of King Cove, Alaska",earthquake,8.2,18.6,0.148,6,reviewed,us,us
2018-09-24T07:33:16.500Z,-32.0281,-179.2095,90.3,4.5,mb,,157,2.985,0.47,us,us1000h3vi,2018-12-01T16:43:06.040Z,"south of the Kermadec Islands",earthquake,12.9,3.5,0.15,13,reviewed,us,us
2018-09-24T07:04:48.680Z,-17.8972,-173.0909,43.51,4.5,mb,,115,3.223,0.85,us,us1000h3vh,2018-12-01T16:43:06.040Z,"125 km NE of Neiafu, Tonga",earthquake,10.9,8.9,0.145,14,reviewed,us,us
2018-09-24T06:52:26.620Z,36.644,71.1104,86.23,4.4,mb,,71,0.643,1.01,us,us2000hj94,2018-12-01T16:44:59.040Z,"34 km SE of Jurm, Afghanistan",earthquake,3.9,6.9,0.143,14,reviewed,us,us
2018-09-24T06:09:21.610Z,56.2239,-149.9159,10,3,ml,,180,2.11,0.92,us,us1000h611,2023-08-16T18:55:13.444Z,"211 km SE of Chiniak, Alaska",earthquake,6.4,2,0.059,38,reviewed,us,us
2018-09-24T05:30:59.537Z,65.0233,-147.9704,18.4,2.6,ml,,,,0.74,ak,ak018c9nndy9,2023-08-16T18:55:02.029Z,"18 km WNW of Fox, Alaska",earthquake,,0.1,,,reviewed,ak,ak
2018-09-24T05:14:47.390Z,24.9512,-45.5769,10,4.6,mb,,142,16.842,0.82,us,us2000hj89,2018-12-01T16:44:58.040Z,"northern Mid-Atlantic Ridge",earthquake,8.7,1.9,0.088,39,reviewed,us,us
2018-09-24T04:53:56.450Z,45.2656,143.3645,257.08,4,mb,,102,1.271,0.76,us,us2000hj80,2018-12-01T16:44:58.040Z,"101 km N of Mombetsu, Japan",earthquake,9,5.6,0.071,53,reviewed,us,us
2018-09-24T04:17:22.460Z,18.2143,-67.0683,96,2.54,md,10,147,0.0424,0.35,pr,pr2018267002,2018-09-24T07:00:19.513Z,"7 km E of Mayagüez, Puerto Rico",earthquake,2.27,1.63,0.3,8,reviewed,pr,pr
2018-09-24T04:14:19.170Z,54.4907,-162.6614,95.2,2.7,ml,,178,0.572,0.54,us,us1000h610,2023-08-16T18:54:58.254Z,"63 km SE of False Pass, Alaska",earthquake,9.1,12.4,0.148,6,reviewed,us,us
2018-09-24T03:51:40.790Z,18.6217,145.4964,179.07,4.2,mb,,100,3.373,0.81,us,us1000h3vd,2018-12-01T16:43:05.040Z,"Pagan region, Northern Mariana Islands",earthquake,15,7,0.141,15,reviewed,us,us
2018-09-24T03:50:23.310Z,46.8951,-112.4767,11.05,2.7,ml,,121,0.136,0.56,us,us2000hj7e,2018-12-01T16:42:03.040Z,"16 km ESE of Lincoln, Montana",earthquake,4,7.3,0.059,38,reviewed,us,us
2018-09-24T03:42:21.200Z,-6.3066,145.7786,117.48,5,mb,,26,3.368,1.15,us,us2000hj7b,2025-12-22T17:51:01.773Z,"9 km WSW of Kainantu, Papua New Guinea",earthquake,8.4,5,0.042,180,reviewed,us,us
2018-09-24T02:48:04.640Z,-17.9849,-178.3037,510.43,4.5,mb,,91,3.478,1.01,us,us1000h3vb,2018-12-01T16:43:05.040Z,"252 km E of Levuka, Fiji",earthquake,16,11.2,0.132,17,reviewed,us,us
2018-09-24T01:59:52.570Z,19.4476,-63.7496,123,3.59,md,14,258,2.4721,0.44,pr,pr2018267001,2018-12-01T16:41:39.040Z,"154 km NNW of Sandy Ground Village, Anguilla",earthquake,6.85,14.22,0.41,12,reviewed,pr,pr
2018-09-24T01:48:43.599Z,69.0363,-146.4251,10.3,2.5,ml,,,,0.67,ak,ak018c9ldh6v,2023-08-16T18:54:33.253Z,"107 km NNW of Arctic Village, Alaska",earthquake,,0.3,,,reviewed,ak,ak
2018-09-24T00:49:46.550Z,-4.4601,151.4731,40.16,4.5,mb,,73,0.738,1.07,us,us1000h3va,2018-12-01T16:43:05.040Z,"81 km WSW of Rabaul, Papua New Guinea",earthquake,8.4,8.5,0.089,37,reviewed,us,us
2018-09-24T00:39:55.210Z,11.2015,-86.8409,10,4.8,mwr,,80,1.298,0.84,us,us2000hj64,2018-12-01T16:44:56.040Z,"73 km SSW of Masachapa, Nicaragua",earthquake,6,1.7,0.083,14,reviewed,us,us
2018-09-24T00:11:39.060Z,20.8187,122.0525,23.14,4.3,mb,,151,2.184,0.82,us,us2000hj5x,2018-12-01T16:44:56.040Z,"41 km NNE of Basco, Philippines",earthquake,10.5,7.2,0.133,16,reviewed,us,us
2018-09-24T00:00:20.750Z,-58.7518,-25.1633,10,4.6,mb,,127,7.695,1.14,us,us1000h3v9,2018-12-01T16:43:04.040Z,"South Sandwich Islands region",earthquake,11.6,1.9,0.129,18,reviewed,us,us
2018-09-23T23:30:21.840Z,-8.3329,116.7305,10,4.2,mb,,77,2.554,0.73,us,us1000h3ue,2018-11-27T15:51:56.040Z,"19 km NNE of Labuan Lombok, Indonesia",earthquake,8.8,2,0.187,8,reviewed,us,us
2018-09-23T23:10:53.240Z,81.496,-4.4926,10,4.2,mb,,84,3.804,1.25,us,us1000h3uc,2018-11-27T15:51:56.040Z,"north of Svalbard",earthquake,10,1.9,0.136,15,reviewed,us,us
2018-09-23T23:08:52.186Z,56.4673,-149.0322,10,2.7,ml,,,,0.9,aacse,aacse018c8ap40y,2021-02-22T17:17:54.490Z,"234 km SE of Chiniak, Alaska",earthquake,,0,,,reviewed,aacse,aacse
2018-09-23T22:57:40.000Z,55.2976,161.8398,48.21,4.4,mb,,111,2.951,0.6,us,us1000h3ub,2018-11-27T15:51:56.040Z,"111 km SSW of Ust’-Kamchatsk Staryy, Russia",earthquake,9.4,7.2,0.082,43,reviewed,us,us
2018-09-23T22:41:09.850Z,43.7368,-105.3055,0,3.4,ml,,39,0.994,0.91,us,us2000hj5c,2018-11-27T15:52:04.040Z,"15 km E of Wright, Wyoming",mining explosion,5.4,1.8,0.044,67,reviewed,us,us
2018-09-23T22:22:01.730Z,58.4715,163.2997,71.83,4,mb,,136,6.233,0.9,us,us1000h3ua,2018-11-27T15:51:56.040Z,"87 km S of Ossora, Russia",earthquake,11.6,6.5,0.075,48,reviewed,us,us
2018-09-23T22:17:54.700Z,32.9813,45.989,10,4.2,mb,,79,2.678,0.79,us,us2000hj50,2018-11-27T15:52:04.040Z,"22 km SW of Mehr?n, Iran",earthquake,7.9,1.9,0.101,27,reviewed,us,us
2018-09-23T22:08:57.000Z,35.9902,-96.8145,3.167,2.9,ml,,44,,0.57,us,us2000hj4s,2018-11-27T15:52:04.040Z,"4 km W of Cushing, Oklahoma",earthquake,1.3,6.2,,,reviewed,ok,ok
2018-09-23T22:06:54.320Z,-16.6595,-173.7647,108.39,4.5,mb,,98,3.339,0.63,us,us2000hj4x,2018-11-27T15:52:04.040Z,"78 km S of Hihifo, Tonga",earthquake,9.7,7.2,0.055,99,reviewed,us,us
2018-09-23T21:51:54.300Z,18.934,-64.9776,29,2.53,md,8,341,1.1774,0.44,pr,pr2018266011,2018-11-27T15:52:04.040Z,"65 km N of Charlotte Amalie, U.S. Virgin Islands",earthquake,4.28,28.79,0.22,7,reviewed,pr,pr
2018-09-23T21:49:26.600Z,18.9885,-64.917,22,3.5,md,15,238,1.2588,0.46,pr,pr2018266010,2018-11-27T15:52:04.040Z,"71 km N of Charlotte Amalie, U.S. Virgin Islands",earthquake,2.73,33.12,0.36,12,reviewed,pr,pr
2018-09-23T21:33:42.240Z,33.839,136.6885,377.3,4,mb,,85,1.494,0.69,us,us2000hj4d,2018-11-27T15:52:04.040Z,"51 km ESE of Owase, Japan",earthquake,8.9,8.3,0.093,31,reviewed,us,us
2018-09-23T20:51:02.762Z,63.1273,-144.3683,1.2,2.8,ml,,,,0.78,ak,ak018c895x6s,2023-08-16T18:53:19.820Z,"38 km NW of Mentasta Lake, Alaska",earthquake,,0.3,,,reviewed,ak,ak
2018-09-23T20:50:20.667Z,62.9756,-151.2495,131.7,2.7,ml,,,,0.44,ak,ak018c895quq,2023-08-16T18:53:18.477Z,"58 km NNW of Petersville, Alaska",earthquake,,0.5,,,reviewed,ak,ak
2018-09-23T20:00:04.750Z,45.94,152.9642,10,4.7,mb,,160,7.57,0.86,us,us1000h3u7,2018-11-27T15:51:56.040Z,"east of the Kuril Islands",earthquake,7.6,1.9,0.143,15,reviewed,us,us
2018-09-23T19:54:31.860Z,-17.6884,-179.8393,608.28,4.6,mb,,57,2.009,1.05,us,us2000hj34,2018-11-27T15:52:04.040Z,"98 km ENE of Levuka, Fiji",earthquake,12.2,7,0.044,152,reviewed,us,us
2018-09-23T19:26:54.100Z,-56.0343,-27.0162,35,4.7,mb,,118,5.706,1.4,us,us1000h3uj,2018-11-27T15:51:56.040Z,"South Sandwich Islands region",earthquake,12,2,0.115,23,reviewed,us,us
2018-09-23T19:11:47.100Z,44.4542,-105.4756,0,3,ml,,120,1.086,1.09,us,us2000hj2q,2018-11-27T15:52:03.040Z,"18 km N of Gillette, Wyoming",mining explosion,5.7,1.8,0.071,26,reviewed,us,us
2018-09-23T19:06:29.690Z,-21.1209,-68.874,123.64,4.5,mwr,,53,0.578,1.15,us,us2000hj2n,2022-08-08T08:31:29.293Z,"147 km N of Calama, Chile",earthquake,6.7,6.4,,,reviewed,us,guc
2018-09-23T18:33:08.260Z,-6.198,127.6244,404.03,4.2,mb,,98,4.852,0.31,us,us1000h3uf,2018-11-27T15:51:56.040Z,"266 km NNE of Lospalos, Timor Leste",earthquake,11.6,13.4,0.141,14,reviewed,us,us
2018-09-23T17:35:17.180Z,18.2085,-67.645,50,2.65,md,19,182,0.2418,0.36,pr,pr2018266009,2018-11-27T15:52:04.040Z,"43 km WSW of Stella, Puerto Rico",earthquake,1.18,1.38,0.4,10,reviewed,pr,pr
2018-09-23T17:05:27.190Z,-21.9444,-176.4135,142.56,4.6,mb,,106,6.715,0.79,us,us2000hj1t,2018-11-27T15:52:03.040Z,"152 km SW of Haveluloto, Tonga",earthquake,14.9,8.6,0.085,41,reviewed,us,us
2018-09-23T16:26:53.500Z,54.7483,-160.0137,30.58,2.8,ml,,200,0.259,0.42,us,us1000h3dk,2023-08-16T18:51:47.095Z,"72 km SSE of Sand Point, Alaska",earthquake,7.2,8,0.071,26,reviewed,us,us
2018-09-23T16:23:27.981Z,69.509,-144.7679,6.4,2.7,ml,,,,0.82,ak,ak018c86m8ny,2023-08-16T18:51:45.898Z,"82 km SSW of Kaktovik, Alaska",earthquake,,0.4,,,reviewed,ak,ak
2018-09-23T15:43:26.500Z,-23.5046,179.3381,540.93,4.7,mb,,61,5.855,0.89,us,us1000h3tz,2018-11-27T15:51:56.040Z,"south of the Fiji Islands",earthquake,12.4,9.8,0.088,39,reviewed,us,us
2018-09-23T15:32:43.960Z,52.2699,-169.3073,35,4,mb,,207,0.576,0.93,us,us1000h3dn,2023-08-16T18:51:20.288Z,"80 km SSW of Nikolski, Alaska",earthquake,5.5,2,0.173,9,reviewed,us,us
2018-09-23T15:05:34.540Z,36.4966,140.6655,53.8,4.6,mb,,137,1.373,0.9,us,us2000hj04,2018-11-27T15:52:03.040Z,"9 km ENE of Funaishikawa, Japan",earthquake,6.9,6.8,0.086,41,reviewed,us,us
2018-09-23T15:05:06.600Z,37.4186,72.2617,204.88,4.6,mb,,82,0.491,0.95,us,us2000hj03,2018-11-27T15:52:03.040Z,"52 km N of Khand?d, Afghanistan",earthquake,7.8,6.5,0.314,4,reviewed,us,us
2018-09-23T15:02:23.690Z,55.8698,-149.3482,7.4,2.8,ml,,243,2.568,0.59,us,us1000h3dm,2023-08-16T18:51:09.068Z,"264 km SE of Chiniak, Alaska",earthquake,9.5,9,0.071,26,reviewed,us,us
2018-09-23T14:59:52.440Z,-24.1709,-175.5201,10,5.1,mb,,112,5.493,1.42,us,us2000hj0l,2018-11-27T15:52:03.040Z,"south of Tonga",earthquake,7.9,1.8,0.093,37,reviewed,us,us
2018-09-23T14:24:56.030Z,19.396,-67.7453,28,2.96,md,7,328,1.0459,0.22,pr,pr2018266008,2018-11-27T15:52:03.040Z,"113 km NE of Punta Cana, Dominican Republic",earthquake,1.98,16.66,0.26,7,reviewed,pr,pr
2018-09-23T13:48:29.998Z,58.7588,-158.4758,4.8,3,ml,,,,0.76,ak,ak018c84zawn,2023-08-16T18:50:57.393Z,"9 km SSE of Clarks Point, Alaska",earthquake,,0.2,,,reviewed,ak,ak
2018-09-23T13:29:50.500Z,35.2249,141.1966,26.58,4.8,mb,,137,2.396,0.65,us,us2000hizb,2018-11-27T15:52:03.040Z,"65 km SSE of Hasaki, Japan",earthquake,6.8,5.7,0.116,23,reviewed,us,us
2018-09-23T13:26:04.230Z,19.146,-65.2153,46,2.81,md,14,329,1.1871,0.3,pr,pr2018266007,2018-11-27T15:52:03.040Z,"93 km N of Culebra, Puerto Rico",earthquake,2.5,10.88,0.38,13,reviewed,pr,pr
2018-09-23T13:22:04.170Z,42.4393,123.5732,10,4.7,mb,,85,4.888,1.34,us,us1000h3ty,2018-11-27T15:51:56.040Z,"27 km NW of Tieling, China",earthquake,9.3,1.9,0.195,11,reviewed,us,us
2018-09-23T11:54:04.620Z,-14.5477,167.5441,121,4.3,mb,,220,6.729,0.61,us,us1000h3tv,2018-11-27T15:51:56.040Z,"74 km S of Sola, Vanuatu",earthquake,11.4,9.6,0.148,15,reviewed,us,us
2018-09-23T11:19:13.250Z,52.1856,-169.1952,35,3.4,ml,,207,0.683,0.45,us,us1000h3dl,2023-08-16T18:50:28.152Z,"86 km SSW of Nikolski, Alaska",earthquake,3.1,2,0.148,6,reviewed,us,us
2018-09-23T10:57:31.970Z,0.849,98.6214,65.24,4.6,mb,,113,1.139,0.94,us,us2000hiye,2018-11-27T15:52:03.040Z,"93 km SW of Padangsidempuan, Indonesia",earthquake,7.3,7.7,0.085,41,reviewed,us,us
2018-09-23T10:55:23.290Z,-55.9299,-27.6759,109.5,4.5,mb,,79,5.321,0.64,us,us1000h3u0,2018-11-27T15:51:56.040Z,"South Sandwich Islands region",earthquake,14.5,8.2,0.14,15,reviewed,us,us
2018-09-23T09:55:01.160Z,-64.7952,176.2479,10,4.5,mb,,67,13.433,0.59,us,us1000h3tx,2025-12-22T17:51:20.435Z,"Balleny Islands region",earthquake,9.8,1.9,0.163,11,reviewed,us,us
2018-09-23T09:44:42.970Z,-16.7739,-174.2907,10,4.6,mb,,79,3.74,0.34,us,us1000h3ts,2018-11-27T15:51:56.040Z,"104 km SSW of Hihifo, Tonga",earthquake,6.8,1.9,0.157,12,reviewed,us,us
2018-09-23T09:41:37.910Z,-9.9248,-75.4571,27.76,4.5,mb,,113,2.46,0.38,us,us1000h3tt,2018-11-27T15:51:56.040Z,"62 km WSW of Yuyapichis, Peru",earthquake,7,7.1,0.163,11,reviewed,us,us
2018-09-23T09:15:17.965Z,56.1346,-149.315,13.6,2.8,ml,,,,0.82,aacse,aacse018c82egxg,2021-02-22T17:18:11.640Z,"244 km SE of Chiniak, Alaska",earthquake,,16.9,,,reviewed,aacse,aacse
2018-09-23T07:32:49.900Z,-25.274,-177.7451,191.15,4.6,mb,,100,3.958,0.42,us,us2000hixi,2018-11-27T15:52:03.040Z,"south of the Fiji Islands",earthquake,8.5,5.3,0.082,44,reviewed,us,us
2018-09-23T07:23:09.940Z,19.7088,-71.3233,10,4.4,mb,,46,0.723,0.97,us,us2000hixc,2018-11-27T15:52:03.040Z,"6 km WNW of Villa Elisa, Dominican Republic",earthquake,5,1.9,0.076,50,reviewed,us,us
2018-09-23T06:54:26.260Z,29.3967,51.9179,10,4.2,mb,,88,5.85,0.62,us,us2000hixe,2018-11-27T15:52:03.040Z,"35 km SE of K?zer?n, Iran",earthquake,6.7,2,0.095,31,reviewed,us,us
2018-09-23T06:54:18.550Z,18.7563,-68.1718,78,3.13,md,3,216,0.3204,0.15,pr,pr2018266004,2018-11-27T15:52:03.040Z,"31 km NE of Punta Cana, Dominican Republic",earthquake,3.8,2.14,0.21,3,reviewed,pr,pr
2018-09-23T06:32:59.840Z,52.3289,-174.5568,201.57,2.8,ml,,160,0.217,0.23,us,us1000h3di,2023-08-16T18:49:45.777Z,"28 km WNW of Atka, Alaska",earthquake,15.9,5.1,,,reviewed,us,ak
2018-09-23T06:14:36.260Z,18.6986,145.2299,179.13,4,mb,,118,3.48,0.6,us,us1000h3tl,2018-11-27T15:51:56.040Z,"Pagan region, Northern Mariana Islands",earthquake,13.7,9.1,0.074,50,reviewed,us,us
2018-09-23T06:08:44.250Z,-24.3487,-70.148,54.24,4.4,mb,,140,0.361,0.63,us,us2000hiwj,2018-11-27T15:52:03.040Z,"81 km SSE of Antofagasta, Chile",earthquake,7.8,9.3,0.267,4,reviewed,us,us
2018-09-23T05:52:15.160Z,12.2222,146.2385,32,5.8,mww,,9,1.905,0.9,us,us2000hiwb,2022-05-03T19:31:35.943Z,"199 km SE of Inarajan Village, Guam",earthquake,7.4,1.8,0.066,22,reviewed,us,us
2018-09-23T05:45:50.950Z,19.6495,-71.2739,19.82,5.2,mww,,36,0.56,0.9,us,us2000hiw5,2022-05-03T19:31:30.712Z,"4 km S of Villa Elisa, Dominican Republic",earthquake,4.6,3.8,0.071,19,reviewed,us,us
2018-09-23T05:45:32.000Z,30.9898,74.2076,10,3.7,mb,,149,2.769,0.78,us,us2000hiwa,2022-08-08T08:29:32.255Z,"21 km E of Chunian, Pakistan",earthquake,5.9,2,0.178,8,reviewed,us,us
2018-09-23T05:44:10.810Z,-24.3472,-70.0513,60.63,4.1,mb,,128,0.424,0.98,us,us2000hiw4,2018-11-27T15:52:03.040Z,"84 km SSE of Antofagasta, Chile",earthquake,5.3,8.1,0.158,11,reviewed,us,us
2018-09-23T05:39:57.610Z,-49.2214,120.664,10,5.1,mb,,134,15.103,0.42,us,us2000hiw3,2025-12-22T17:51:01.122Z,"western Indian-Antarctic Ridge",earthquake,7.6,1.8,0.078,54,reviewed,us,us
2018-09-23T05:32:11.460Z,-24.3507,-70.041,61.2,5.3,mww,,93,0.429,0.85,us,us2000hivv,2022-08-08T08:28:45.116Z,"85 km SSE of Antofagasta, Chile",earthquake,4.9,4.9,0.057,30,reviewed,us,us
2018-09-23T05:22:58.800Z,29.4763,52.0421,10,4.7,mb,,68,5.839,0.73,us,us2000hivr,2018-11-27T15:52:03.040Z,"40 km ESE of K?zer?n, Iran",earthquake,5.7,1.9,0.068,66,reviewed,us,us
2018-09-23T04:37:46.130Z,13.1048,-81.1478,10,4.6,mb,,46,0.341,1.18,us,us2000hive,2018-11-27T15:52:03.040Z,"37 km SE of Mountain, Colombia",earthquake,7.5,1.9,0.047,135,reviewed,us,us
2018-09-23T03:33:01.579Z,55.8046,-148.897,11.8,2.5,ml,,,,1.28,aacse,aacse018c7yxox9,2021-02-22T17:17:54.820Z,"288 km SE of Chiniak, Alaska",earthquake,,5,,,reviewed,aacse,aacse
2018-09-23T03:17:55.730Z,35.5751667,-92.6833333,8.66,2.51,md,13,90,0.2563,0.24,nm,nm60064823,2018-11-27T15:52:03.040Z,"20 km W of Clinton, Arkansas",earthquake,0.81,1.56,0.169,11,reviewed,nm,nm
2018-09-23T03:14:15.950Z,18.6528,-64.3858,47,3.25,md,7,347,1.5495,0.42,pr,pr2018266003,2018-11-27T15:52:03.040Z,"55 km NE of Cruz Bay, U.S. Virgin Islands",earthquake,7.67,24.42,0.18,4,reviewed,pr,pr
2018-09-23T03:09:35.340Z,0.4441,126.3196,10,5.3,mww,,34,1.096,1.02,us,us2000hiv7,2025-12-22T17:51:00.393Z,"124 km WSW of Ternate, Indonesia",earthquake,5.9,1.7,0.062,25,reviewed,us,us
2018-09-23T03:06:20.450Z,18.7853,-64.4995,58,3.24,md,3,348,1.4948,0.24,pr,pr2018266002,2018-11-27T15:52:03.040Z,"59 km NNE of Cruz Bay, U.S. Virgin Islands",earthquake,6.57,14.14,0.07,3,reviewed,pr,pr
2018-09-23T02:48:51.700Z,18.9058,-64.543,30,3.06,md,11,343,1.5127,0.21,pr,pr2018266001,2018-11-27T15:52:03.040Z,"68 km NNE of Cruz Bay, U.S. Virgin Islands",earthquake,2.59,16.64,0.43,10,reviewed,pr,pr
2018-09-23T02:45:31.820Z,-11.4229,116.1718,10,4.2,mb,,94,3.545,1.14,us,us1000h3tp,2018-11-27T15:51:56.040Z,"298 km S of Lembar, Indonesia",earthquake,7.7,1.9,0.146,13,reviewed,us,us
2018-09-23T01:01:45.190Z,42.2928,-107.5828,9.64,3.1,ml,,121,0.861,0.75,us,us2000hiud,2018-11-27T15:52:02.040Z,"5 km NNW of Bairoil, Wyoming",earthquake,2.9,8.5,0.051,50,reviewed,us,us
2018-09-23T00:55:12.450Z,-15.3917,-73.2825,113.26,4.1,mb,,134,4.252,0.88,us,us1000h3tf,2018-11-27T15:51:56.040Z,"6 km SW of Tauria, Peru",earthquake,8.7,14.1,0.174,9,reviewed,us,us
2018-09-22T23:49:37.129Z,69.2637,-146.4583,11.7,2.9,ml,,,,0.61,ak,ak018c6neiq8,2023-08-16T18:48:53.998Z,"132 km NNW of Arctic Village, Alaska",earthquake,,0.3,,,reviewed,ak,ak
2018-09-22T23:35:12.321Z,61.2973,-146.8886,14.1,2.6,ml,,,,0.37,ak,ak018c6nbgsg,2023-08-16T18:48:52.862Z,"34 km WNW of Valdez, Alaska",earthquake,,0.8,,,reviewed,ak,ak
2018-09-22T23:25:55.430Z,19.0705,-64.5608,59,3.16,md,5,345,1.5877,0.45,pr,pr2018265012,2018-11-27T15:52:03.040Z,"85 km NNE of Cruz Bay, U.S. Virgin Islands",earthquake,9.7,25.63,0.39,5,reviewed,pr,pr
2018-09-22T22:45:11.310Z,-9.09,158.1839,10,4.7,mb,,52,1.775,0.52,us,us2000hits,2018-11-27T15:52:02.040Z,"181 km WNW of Malango, Solomon Islands",earthquake,9.5,1.9,0.092,36,reviewed,us,us
2018-09-22T22:34:44.020Z,36.7451,53.0728,10,4.7,mb,,62,6.248,0.85,us,us2000hiti,2018-11-27T15:52:02.040Z,"18 km NE of J?yb?r, Iran",earthquake,8.1,1.9,0.072,59,reviewed,us,us
2018-09-22T22:21:19.360Z,18.654,-65.2546,65,3.18,md,4,334,0.7843,0.09,pr,pr2018265011,2018-09-23T00:08:26.313Z,"39 km N of Culebra, Puerto Rico",earthquake,3.27,3.62,0.2,2,reviewed,pr,pr
2018-09-22T22:20:32.300Z,-17.145,168.4331,212.34,4.4,mb,,186,5.247,0.65,us,us1000h3qx,2018-11-27T15:51:56.040Z,"66 km N of Port-Vila, Vanuatu",earthquake,14.5,9.9,0.179,9,reviewed,us,us
2018-09-22T22:15:08.260Z,26.6278,129.6264,10,4.2,mb,,93,1.228,0.99,us,us1000h3qw,2018-11-27T15:51:56.040Z,"163 km E of Nago, Japan",earthquake,3.7,1.9,0.236,5,reviewed,us,us
2018-09-22T22:05:19.882Z,51.3128,-174.8748,25.5,2.5,ml,,,,0.35,ak,ak018c6mjmac,2019-12-02T22:59:43.075Z,"108 km SSW of Atka, Alaska",earthquake,,3.5,,,reviewed,ak,ak
2018-09-22T22:05:17.850Z,18.8063,-67.2635,8,2.65,md,4,329,0.6551,0.07,pr,pr2018265010,2018-09-23T00:08:17.122Z,"38 km NNW of San Antonio, Puerto Rico",earthquake,1.49,1.92,0.13,3,reviewed,pr,pr
2018-09-22T21:57:41.940Z,51.7276,-178.4236,14.79,3.9,mb,,176,0.799,0.87,us,us1000h3qv,2019-12-02T22:59:42.603Z,"124 km W of Adak, Alaska",earthquake,7.5,3.5,0.132,15,reviewed,us,us
2018-09-22T20:20:35.500Z,56.8201,-148.6218,8.5,2.6,ml,,,,1.31,aacse,aacse018c6lg00u,2021-02-22T17:18:13.000Z,"238 km ESE of Chiniak, Alaska",earthquake,,5.2,,,reviewed,aacse,aacse
2018-09-22T20:01:48.939Z,61.3254,-149.5794,39.2,3,ml,,,,0.57,ak,ak018c6lbygd,2023-08-16T18:48:41.362Z,"0 km NW of Eagle River, Alaska",earthquake,,0.3,,,reviewed,ak,ak
2018-09-22T19:16:52.970Z,-6.698,130.4784,80.08,5,mb,,40,1.513,0.86,us,us2000hirs,2018-11-27T15:52:02.040Z,"278 km WSW of Tual, Indonesia",earthquake,6.7,3.7,0.069,67,reviewed,us,us
2018-09-22T19:09:50.741Z,51.1796,-178.1756,35.3,2.5,ml,,,,0.56,ak,ak018c6ks8pu,2019-12-02T22:59:36.231Z,"131 km SW of Adak, Alaska",earthquake,,2.1,,,reviewed,ak,ak
2018-09-22T18:35:36.490Z,-21.3341,-173.9239,10,5.1,mb,,80,4.374,1.17,us,us2000hirf,2018-11-27T15:52:02.040Z,"106 km E of ‘Ohonua, Tonga",earthquake,8.1,1.7,0.045,160,reviewed,us,us
2018-09-22T18:34:45.809Z,69.467,-144.4747,1.6,2.5,ml,,,,0.71,ak,ak018c6kc5ms,2023-08-16T18:48:35.171Z,"81 km SSW of Kaktovik, Alaska",earthquake,,0.6,,,reviewed,ak,ak
2018-09-22T18:25:54.840Z,42.2384,143.1533,67.04,4,mb,,146,0.223,0.45,us,us1000h3qp,2018-11-27T15:51:56.040Z,"65 km E of Shizunai-furukawach?, Japan",earthquake,8.5,4.9,0.197,8,reviewed,us,us
2018-09-22T18:16:52.550Z,-23.9151,-179.9421,572.53,4.2,mb,,263,11.667,0.49,us,us1000h3qz,2018-11-27T15:51:56.040Z,"south of the Fiji Islands",earthquake,27.3,24.6,0.141,15,reviewed,us,us
2018-09-22T17:57:26.673Z,52.9825,-163.1475,20,2.5,ml,,,,0.45,ak,ak018c6jvm0r,2019-12-02T22:59:59.773Z,"209 km S of False Pass, Alaska",earthquake,,0,,,reviewed,ak,ak
2018-09-22T17:43:22.570Z,-8.3132,116.7731,10,4.1,mb,,129,2.598,0.8,us,us1000h3qm,2018-11-27T15:51:56.040Z,"23 km NNE of Labuan Lombok, Indonesia",earthquake,9.8,2,0.213,6,reviewed,us,us
2018-09-22T17:30:22.310Z,36.5303,-98.9667,6.23,2.5,ml,,98,0.041,0.95,us,us2000i82i,2018-11-27T15:52:04.040Z,"9 km SW of Waynoka, Oklahoma",earthquake,1.6,2.4,0.143,16,reviewed,ok,ok
2018-09-22T17:00:00.310Z,16.9236,-94.6158,120.35,4.2,mb,,100,1.437,1.29,us,us1000h8r3,2018-11-27T15:51:56.040Z,"7 km ENE of Santa María Chimalapa, Mexico",earthquake,5.5,9.2,0.108,24,reviewed,us,us
2018-09-22T16:40:18.390Z,-25.5166,-177.0619,104.73,4.3,mb,,133,3.793,1,us,us1000h3qk,2018-11-27T15:51:56.040Z,"south of the Fiji Islands",earthquake,12,12.3,0.169,10,reviewed,us,us
2018-09-22T16:22:41.460Z,18.7233,-67.2863,9,2.72,md,7,320,0.31,0.31,pr,pr2018265008,2018-09-22T21:51:08.261Z,"32 km NW of San Antonio, Puerto Rico",earthquake,1.79,1.16,0.23,4,reviewed,pr,pr
2018-09-22T16:04:02.060Z,1.9933,98.9647,128.49,4.3,mb,,87,0.697,1.33,us,us1000h3qi,2018-11-27T15:51:56.040Z,"34 km NE of Sibolga, Indonesia",earthquake,6.2,8,0.147,13,reviewed,us,us
2018-09-22T16:01:45.980Z,-23.9893,179.9552,523.15,4.3,mb,,99,5.566,0.84,us,us1000h3qh,2018-11-27T15:51:56.040Z,"south of the Fiji Islands",earthquake,14.5,9.6,0.113,22,reviewed,us,us
2018-09-22T16:00:56.854Z,68.8733,-147.7382,14.1,2.5,ml,,,,0.62,ak,ak018c6iy0xh,2023-08-16T18:47:50.461Z,"122 km NW of Arctic Village, Alaska",earthquake,,0.2,,,reviewed,ak,ak
2018-09-22T15:51:52.070Z,15.7782,-98.0499,10,4.1,mb,,211,1.176,1.03,us,us1000h3qj,2018-11-27T15:51:56.040Z,"44 km SSW of Santa María Chico Ometepec, Mexico",earthquake,2.8,1.9,0.107,24,reviewed,us,us
2018-09-22T14:52:07.950Z,-24.4019,-115.3439,10,4.5,mb,,95,5.993,1.11,us,us1000h3qg,2018-11-27T15:51:56.040Z,"southern East Pacific Rise",earthquake,14.1,1.9,0.124,19,reviewed,us,us
2018-09-22T14:27:44.980Z,-18.8917,169.1592,197.43,4.4,mb,,156,4.034,0.56,us,us2000hipa,2018-11-27T15:52:02.040Z,"73 km N of Isangel, Vanuatu",earthquake,9.8,8.2,0.112,24,reviewed,us,us
2018-09-22T14:04:45.990Z,11.4936,145.6337,10,4.7,mb,,106,2.213,1.41,us,us1000h3qe,2018-11-27T15:51:56.040Z,"219 km SSE of Inarajan Village, Guam",earthquake,13.4,2,0.159,12,reviewed,us,us
2018-09-22T13:13:59.240Z,-25.8996,-70.9383,28.41,5.4,mww,,113,0.393,1.05,us,us2000hin5,2022-05-03T19:31:20.719Z,"71 km SW of Taltal, Chile",earthquake,5.5,3.6,0.055,32,reviewed,us,us
2018-09-22T12:53:10.330Z,-17.9429,-178.018,647.82,4.2,mb,,145,3.747,0.32,us,us1000h3qc,2018-11-27T15:51:56.040Z,"282 km E of Levuka, Fiji",earthquake,14.5,14,0.122,19,reviewed,us,us
2018-09-22T12:28:47.220Z,33.622,140.1325,115.2,4.4,mb,,124,0.571,0.82,us,us1000h3qb,2018-11-27T15:51:56.040Z,"152 km S of Tateyama, Japan",earthquake,8.6,0.9,0.12,20,reviewed,us,us
2018-09-22T12:21:11.500Z,-23.6873,-179.7898,522.83,4.4,mb,,114,6.247,0.99,us,us1000h3qa,2018-11-27T15:51:56.040Z,"south of the Fiji Islands",earthquake,14.3,15.6,0.112,23,reviewed,us,us
2018-09-22T12:09:51.000Z,36.2777,-98.2313,5.701,2.5,ml,,68,,0.45,us,us2000himg,2018-11-27T15:52:02.040Z,"5 km NW of Ames, Oklahoma",earthquake,1.5,4,,,reviewed,ok,ok
2018-09-22T12:09:32.787Z,68.5737,-147.3321,13.1,2.5,ml,,,,0.44,ak,ak018c6gm63i,2023-08-16T18:46:49.099Z,"89 km WNW of Arctic Village, Alaska",earthquake,,0.2,,,reviewed,ak,ak
2018-09-22T12:08:16.890Z,-0.9417,119.7522,10,4.6,mb,,87,2.284,1.2,us,us2000himm,2018-11-27T15:52:02.040Z,"13 km WSW of Palu, Indonesia",earthquake,6.6,1.9,0.102,29,reviewed,us,us
2018-09-22T11:35:31.390Z,-22.6941,170.7674,10,4.8,mb,,124,3.068,1.49,us,us1000h3q8,2018-11-27T15:51:56.040Z,"southeast of the Loyalty Islands",earthquake,11.1,1.9,0.119,22,reviewed,us,us
2018-09-22T11:29:41.643Z,63.0848,-150.388,105.6,2.6,ml,,,,0.46,ak,ak018c6g51hw,2023-08-16T18:46:31.350Z,"68 km NNE of Petersville, Alaska",earthquake,,0.2,,,reviewed,ak,ak
2018-09-22T11:21:23.760Z,38.0886667,-121.9416667,22.67,2.71,md,91,79,0.08511,0.26,nc,nc73088126,2018-09-28T21:01:25.966Z,"7km NNE of Bay Point, CA",earthquake,0.18,0.2,0.122,82,reviewed,nc,nc
2018-09-22T10:58:01.710Z,26.6637,129.6566,10,5.4,mww,,36,1.249,0.75,us,us2000him5,2022-05-03T19:31:26.975Z,"166 km E of Nago, Japan",earthquake,7.1,1.8,0.05,39,reviewed,us,us
2018-09-22T10:57:19.020Z,28.867,-98.1948,5,2.5,mb_lg,,108,0.339,0.24,us,us2000him3,2018-11-27T15:52:02.040Z,"21 km SW of Falls City, Texas",earthquake,2.7,1.9,0.128,16,reviewed,us,us
2018-09-22T10:42:51.360Z,26.6843,129.6373,10,4.4,mb,,78,1.229,1.01,us,us1000h3q5,2018-11-27T15:51:56.040Z,"164 km E of Nago, Japan",earthquake,4.3,1.9,0.179,9,reviewed,us,us
2018-09-22T10:16:01.753Z,55.7918,-158.5799,63,3.3,ml,,,,0.51,aacse,aacse018c6fgqi7,2021-02-22T17:18:13.947Z,"37 km ESE of Perryville, Alaska",earthquake,,1.2,,,reviewed,aacse,aacse
2018-09-22T10:04:40.705Z,55.672,-149.2255,14.1,2.8,ml,,,,0.84,aacse,aacse018c6fe8x2,2021-02-22T17:18:14.252Z,"285 km SE of Chiniak, Alaska",earthquake,,25,,,reviewed,aacse,aacse
2018-09-22T09:58:24.850Z,-4.4522,138.5514,154.73,4.5,mb,,58,6.471,0.54,us,us2000hilu,2018-11-27T15:52:02.040Z,"Papua, Indonesia",earthquake,10.1,8,0.07,60,reviewed,us,us
2018-09-22T08:48:36.931Z,56.1481,-149.788,10.1,2.7,ml,,,,0.45,ak,ak018c6egsx9,2021-02-22T17:18:50.528Z,"222 km SE of Chiniak, Alaska",earthquake,,14.7,,,reviewed,ak,ak
2018-09-22T08:42:31.790Z,-7.0476,-12.8247,10,5,mb,,34,1.758,0.98,us,us2000hilf,2025-12-22T17:47:30.638Z,"200 km ENE of Georgetown, Saint Helena",earthquake,3.7,1.9,0.081,49,reviewed,us,us
2018-09-22T08:42:07.410Z,45.2211,150.5307,45.14,4.6,mb,,196,5.677,0.73,us,us2000hilm,2018-11-27T15:52:02.040Z,"208 km E of Kuril’sk, Russia",earthquake,4.7,12.1,0.125,19,reviewed,us,us
2018-09-22T08:36:33.020Z,55.4565,-149.1465,12,2.6,ml,,,,0.74,aacse,aacse018c6ee812,2021-02-22T17:18:12.676Z,"Gulf of Alaska",earthquake,,25,,,reviewed,aacse,aacse
2018-09-22T08:35:13.420Z,45.1727,150.5472,33.11,5,mb,,135,5.705,0.62,us,us2000hila,2025-12-22T17:50:58.854Z,"209 km E of Kuril’sk, Russia",earthquake,9.3,5.3,0.053,115,reviewed,us,us
2018-09-22T08:19:13.860Z,37.4776667,-118.7895,2.2,2.85,md,35,76,0.09628,0.05,nc,nc73088041,2018-09-27T21:09:03.747Z,"13km SW of Toms Place, CA",earthquake,0.2,0.95,0.185,33,reviewed,nc,nc
2018-09-22T07:12:48.300Z,-16.8689,-177.2091,415.96,4.2,mb,,71,4.609,0.74,us,us2000hiks,2018-11-27T15:52:02.040Z,"299 km SSE of Alo, Wallis and Futuna",earthquake,13.9,8.9,0.087,37,reviewed,us,us
2018-09-22T06:55:13.504Z,55.2947,-151.806,10,2.6,ml,,,,0.64,ak,ak018c6dbdx2,2021-02-22T17:18:51.197Z,"231 km SSE of Old Harbor, Alaska",earthquake,,0,,,reviewed,ak,ak
2018-09-22T06:35:07.750Z,19.2916,-65.9223,25,3.13,md,16,301,0.9957,0.28,pr,pr2018265003,2018-11-27T15:52:02.040Z,"93 km NNE of San Juan, Puerto Rico",earthquake,1.15,20.8,0.25,15,reviewed,pr,pr
2018-09-22T06:33:10.610Z,-8.0876,130.3109,29.84,4.9,mb,,57,0.983,0.79,us,us2000hikd,2018-11-27T15:52:02.040Z,"Pulau Pulau Tanimbar, Indonesia",earthquake,7.4,6.3,0.085,43,reviewed,us,us
2018-09-22T05:47:04.447Z,60.1253,-153.1057,120.9,3.2,ml,,,,0.65,ak,ak018c6co7vw,2023-08-16T18:45:46.532Z,"67 km ENE of Pedro Bay, Alaska",earthquake,,0.3,,,reviewed,ak,ak
2018-09-22T05:32:25.850Z,-7.5172,125.0791,356.3,4.3,mb,,48,2.364,0.88,us,us2000hik1,2018-11-27T15:52:02.040Z,"121 km NNW of Likisá, Timor Leste",earthquake,5.6,7.1,0.111,23,reviewed,us,us
2018-09-22T04:19:09.500Z,19.0786,-65.2891,97,2.99,md,7,327,1.091,0.38,pr,pr2018265002,2018-11-27T15:52:02.040Z,"85 km N of Culebra, Puerto Rico",earthquake,7.39,10.73,0.34,6,reviewed,pr,pr
2018-09-22T03:57:41.750Z,-7.3295,-12.6552,10,4.8,mb,,97,1.793,0.79,us,us1000h3pw,2018-11-27T15:51:56.040Z,"204 km ENE of Georgetown, Saint Helena",earthquake,8.4,1.7,0.107,27,reviewed,us,us
2018-09-22T03:11:56.430Z,51.6536,-177.217,55.71,4.5,mb,,121,0.202,0.73,us,us2000hij6,2023-08-16T18:45:33.559Z,"47 km WSW of Adak, Alaska",earthquake,6.6,5.9,0.052,109,reviewed,us,us
2018-09-22T02:04:59.280Z,45.612,26.5193,129.4,4.1,mwr,,36,0.242,0.64,us,us2000hiiq,2018-11-27T15:52:02.040Z,"15 km NNW of Lop?tari, Romania",earthquake,3.9,3.5,0.41,22,reviewed,us,buc
2018-09-22T01:51:06.196Z,69.2006,-146.5467,14,2.6,ml,,,,0.74,ak,ak018c6abcgr,2023-08-16T18:45:27.438Z,"126 km NNW of Arctic Village, Alaska",earthquake,,0.2,,,reviewed,ak,ak
2018-09-22T01:45:25.379Z,55.8504,-149.2189,11.8,3,ml,,,,0.73,ak,ak018c6aa3nd,2021-02-22T17:18:51.943Z,"271 km SE of Chiniak, Alaska",earthquake,,4.6,,,reviewed,ak,ak
2018-09-22T00:15:57.930Z,19.1108,-67.1135,7,3.06,md,8,307,0.6433,0.34,pr,pr2018265000,2018-09-22T04:48:50.170Z,"68 km S of Isabela, Puerto Rico",earthquake,4.59,4.48,0.16,7,reviewed,pr,pr
2018-09-22T00:02:05.910Z,-20.0747,-68.2176,160.68,4.3,mb,,55,1.004,0.94,us,us2000hihk,2018-11-27T15:52:02.040Z,"136 km W of Colchani, Bolivia",earthquake,7.1,8,0.093,33,reviewed,us,us
2018-09-22T00:00:30.700Z,14.7849,146.2926,64.03,4.6,mb,,105,0.665,1.07,us,us2000hihl,2018-11-27T15:52:02.040Z,"74 km SE of Saipan, Northern Mariana Islands",earthquake,10.1,7.5,0.093,34,reviewed,us,us
2018-09-21T23:20:34.330Z,-0.9069,119.7338,27.94,4.8,mwr,,56,2.262,0.87,us,us2000hih9,2018-11-27T15:52:02.040Z,"15 km W of Palu, Indonesia",earthquake,5.8,5.4,0.098,10,reviewed,us,us
2018-09-21T22:39:51.365Z,68.534,-147.0515,16.3,2.5,ml,,,,0.43,ak,ak018c4z7mkg,2023-08-16T18:44:58.197Z,"77 km NW of Arctic Village, Alaska",earthquake,,0.2,,,reviewed,ak,ak
2018-09-21T22:35:41.300Z,18.706,-66.8055,17,2.58,md,19,235,0.244,0.26,pr,pr2018264008,2018-11-27T15:52:02.040Z,"24 km N of Hatillo, Puerto Rico",earthquake,1.02,0.8,0.39,17,reviewed,pr,pr
2018-09-21T22:11:29.830Z,-43.7515,-75.6548,10,4,mb,,173,1.583,0.94,us,us2000higp,2018-11-27T15:52:02.040Z,"179 km WSW of Quellón, Chile",earthquake,5.8,2,0.231,5,reviewed,us,us
2018-09-21T20:41:55.680Z,43.4754,-105.2314,0,3.3,ml,,51,1.079,0.72,us,us2000hifh,2018-11-27T15:52:01.040Z,"37 km SE of Wright, Wyoming",mining explosion,5.5,1.8,0.049,54,reviewed,us,us
2018-09-21T20:28:49.860Z,-17.0676,-175.0209,267.01,4,mb,,142,4.431,0.36,us,us1000h3ct,2018-11-27T15:51:55.040Z,"179 km SW of Hihifo, Tonga",earthquake,6.6,15,0.183,8,reviewed,us,us
2018-09-21T20:24:33.860Z,-18.2181,-178.621,605.64,4.3,mb,,199,3.2,0.52,us,us1000h3cv,2018-11-27T15:51:55.040Z,"218 km E of Levuka, Fiji",earthquake,18.5,14.3,0.133,16,reviewed,us,us
2018-09-21T20:15:27.380Z,-19.314,175.7586,10,4.4,mb,,153,2.678,1.09,us,us1000h3cu,2018-11-27T15:51:55.040Z,"242 km SW of Nadi, Fiji",earthquake,15.2,1.9,0.162,11,reviewed,us,us
2018-09-21T19:07:55.120Z,-55.0491,-33.4245,10,4.5,mb,,118,1.937,1.26,us,us1000h3cz,2018-11-27T15:51:56.040Z,"South Georgia Island region",earthquake,11.4,1.4,0.124,19,reviewed,us,us
2018-09-21T17:41:41.980Z,19.2656,-66.002,38,2.81,md,6,313,0.9486,0.13,pr,pr2018264009,2018-09-21T23:16:56.720Z,"89 km N of San Juan, Puerto Rico",earthquake,1.44,9.61,0.11,4,reviewed,pr,pr
2018-09-21T17:18:27.820Z,43.2108,146.386,66.78,4.4,mb,,150,2.666,0.79,us,us2000hic7,2018-11-27T15:52:01.040Z,"67 km E of Nemuro, Japan",earthquake,9,8.4,0.073,54,reviewed,us,us
2018-09-21T16:38:15.010Z,17.5725,-102.7687,10,4.6,mb,,184,0.899,1.44,us,us1000h3cq,2018-11-27T15:51:55.040Z,"63 km SW of Playa Azul, Mexico",earthquake,3.3,2,0.165,11,reviewed,us,us
2018-09-21T16:07:04.990Z,-25.9941,-177.4873,10,4.8,mb,,125,3.262,1.39,us,us2000hib7,2026-02-04T20:34:37.435Z,"south of the Fiji Islands",earthquake,8.7,1.8,0.103,30,reviewed,us,us
2018-09-21T15:47:21.990Z,-26.5906,-177.4548,102.32,4.6,mb,,157,2.677,1.31,us,us1000h3cl,2018-11-27T15:51:55.040Z,"south of the Fiji Islands",earthquake,16,9.4,0.114,23,reviewed,us,us
2018-09-21T15:35:41.420Z,2.1469,128.381,239.95,4.3,mb,,101,1.701,1.01,us,us1000h3ck,2018-11-27T15:51:55.040Z,"62 km NE of Tobelo, Indonesia",earthquake,11.5,9.2,0.138,15,reviewed,us,us
2018-09-21T15:21:21.530Z,24.0359,122.5399,44.19,4.4,mb,,109,0.607,1.23,us,us1000h3cj,2018-11-27T15:51:55.040Z,"66 km SW of Yonakuni, Japan",earthquake,4.6,8.3,0.149,13,reviewed,us,us
2018-09-21T14:37:34.299Z,56.1382,-149.6209,10.1,2.8,ml,,,,1.07,ak,ak018c4ufoz9,2021-02-22T17:18:52.671Z,"230 km SE of Chiniak, Alaska",earthquake,,3.2,,,reviewed,ak,ak
2018-09-21T14:33:20.360Z,19.018,-67.105,11,2.63,md,6,301,0.5505,0.23,pr,pr2018264006,2018-09-21T16:06:32.704Z,"57 km N of Isabela, Puerto Rico",earthquake,2.04,3.5,0.09,4,reviewed,pr,pr
2018-09-21T13:34:51.160Z,42.4308333,-111.5076667,11.02,3.21,ml,21,117,0.3743,0.17,uu,uu60297227,2018-11-27T15:52:01.040Z,"12 km WSW of Georgetown, Idaho",earthquake,0.43,0.66,0.107,24,reviewed,uu,uu
2018-09-21T13:17:15.980Z,-0.089,123.5233,141.63,4.1,mb,,152,1.208,1.07,us,us1000h3ci,2018-11-27T15:51:55.040Z,"86 km SE of Gorontalo, Indonesia",earthquake,12,8.4,0.157,11,reviewed,us,us
2018-09-21T13:03:10.700Z,36.4742,-97.7361,5,2.6,ml,,35,,0.29,us,us2000hi4b,2018-11-27T15:52:01.040Z,"4 km N of Breckinridge, Oklahoma",earthquake,1,2,,,reviewed,ok,ok
2018-09-21T12:49:28.430Z,2.4191,-95.449,10,5.6,mww,,62,6.007,0.77,us,us2000hi48,2022-05-03T19:31:19.301Z,"Galapagos Islands, Ecuador region",earthquake,10.2,1.8,0.046,45,reviewed,us,us
2018-09-21T12:30:12.560Z,-7.1473,-12.8129,10,4.6,mb,,101,1.721,0.43,us,us1000h3cf,2025-12-22T17:50:59.640Z,"196 km ENE of Georgetown, Saint Helena",earthquake,8.1,1.9,0.224,6,reviewed,us,us
2018-09-21T11:56:42.620Z,19.3381667,-155.1086667,6.48,3.69,ml,67,143,0.04613,0.11,hv,hv70603737,2018-11-27T15:52:01.040Z,"14 km SSE of Fern Forest, Hawaii",earthquake,0.3,0.23,0.174,57,reviewed,hv,hv
2018-09-21T11:48:17.990Z,19.3313333,-155.1385,5.97,2.74,ml,46,109,0.0461,0.1,hv,hv70603712,2018-11-27T15:52:01.040Z,"14 km S of Fern Forest, Hawaii",earthquake,0.36,0.55,0.224,49,reviewed,hv,hv
2018-09-21T11:16:14.810Z,27.9865,139.95,395.72,4.2,mb,,80,2.173,0.81,us,us1000h3cp,2018-11-27T15:51:55.040Z,"Bonin Islands, Japan region",earthquake,11.9,7.4,0.081,42,reviewed,us,us
2018-09-21T11:11:08.300Z,-24.4249,-175.1151,10,4.8,mb,,92,7.18,0.42,us,us1000h3ce,2018-11-27T15:51:55.040Z,"south of Tonga",earthquake,11.5,1.9,0.127,19,reviewed,us,us
2018-09-21T10:36:52.130Z,1.4417,126.5487,10,4.1,mb,,107,1.054,0.35,us,us1000h3cd,2018-11-27T15:51:55.040Z,"117 km NW of Ternate, Indonesia",earthquake,7.5,1.8,0.184,8,reviewed,us,us
2018-09-21T10:19:39.994Z,69.5572,-144.8686,14.9,2.8,ml,,,,0.68,ak,ak018c4ry43z,2023-08-16T18:43:13.798Z,"80 km SW of Kaktovik, Alaska",earthquake,,0.2,,,reviewed,ak,ak
2018-09-21T10:10:21.360Z,-22.9838,-179.6569,580.67,4,mb,,138,5.637,0.78,us,us1000h3ch,2018-11-27T15:51:55.040Z,"south of the Fiji Islands",earthquake,12.5,8.2,0.138,14,reviewed,us,us
2018-09-21T09:32:15.590Z,11.0681,-86.8555,40.09,4.3,mb,,191,1.431,0.8,us,us2000hi2k,2018-11-27T15:52:01.040Z,"87 km SSW of Masachapa, Nicaragua",earthquake,8.2,9.4,0.063,71,reviewed,us,us
2018-09-21T08:39:38.360Z,42.4528333,-111.5408333,8.11,2.6,ml,19,122,0.3808,0.2,uu,uu60016484,2018-11-27T15:52:01.040Z,"14 km WSW of Georgetown, Idaho",earthquake,0.71,1.04,0.102,14,reviewed,uu,uu
2018-09-21T08:23:49.900Z,-37.7562,-71.5951,108.83,4.3,mb,,98,1.12,0.93,us,us2000hi23,2018-11-27T15:52:01.040Z,"57 km E of Mulchén, Chile",earthquake,7,8.2,0.154,12,reviewed,us,us
2018-09-21T06:49:21.980Z,-17.9956,-178.2588,523.83,4.2,mb,,101,3.521,0.88,us,us2000hi1d,2018-11-27T15:52:01.040Z,"256 km E of Levuka, Fiji",earthquake,15.3,6.9,0.086,37,reviewed,us,us
2018-09-21T05:16:51.591Z,55.8933,-149.6383,12.2,2.6,ml,,,,0.79,aacse,aacse018c4oybtz,2021-02-22T17:18:15.544Z,"250 km SE of Chiniak, Alaska",earthquake,,25,,,reviewed,aacse,aacse
2018-09-21T04:48:53.850Z,-6.6641,-107.1091,10,4.5,mb,,160,27.702,0.67,us,us1000h3cb,2018-11-27T15:51:55.040Z,"central East Pacific Rise",earthquake,10.2,1.9,0.092,34,reviewed,us,us
2018-09-21T04:28:25.026Z,69.4929,-144.1065,6.2,3.7,ml,,,,0.75,ak,ak018c4oferq,2023-08-16T18:42:25.156Z,"73 km SSW of Kaktovik, Alaska",earthquake,,0.3,,,reviewed,ak,ak
2018-09-21T03:59:34.500Z,18.9108,-68.5563,59,2.63,md,5,305,0.4337,0.31,pr,pr2018264003,2018-11-27T15:52:01.040Z,"30 km NNE of Otra Banda, Dominican Republic",earthquake,5.19,4.65,0.62,5,reviewed,pr,pr
2018-09-21T03:41:41.530Z,-17.8343,-179.88,638.64,5.7,mwb,,37,1.971,1.18,us,us2000hhzr,2018-11-27T15:52:01.040Z,"88 km ENE of Levuka, Fiji",earthquake,9.6,6.1,0.056,31,reviewed,us,us
2018-09-21T03:40:40.550Z,-17.9071,-179.9776,652.35,5.9,mww,,19,1.883,0.99,us,us2000hhzn,2022-05-03T19:43:28.882Z,"76 km ENE of Levuka, Fiji",earthquake,10,3.6,0.089,12,reviewed,us,us
2018-09-21T03:31:57.570Z,50.7665,155.6549,148.38,4.3,mb,,120,2.664,0.75,us,us1000h3c5,2018-11-27T15:51:55.040Z,"34 km WNW of Severo-Kuril’sk, Russia",earthquake,11,7.3,0.074,51,reviewed,us,us
2018-09-21T03:31:49.182Z,62.0302,-149.8273,42.7,3.4,ml,,,,0.74,ak,ak018c4nuo6e,2023-08-16T18:42:21.429Z,"14 km S of Susitna North, Alaska",earthquake,,0.2,,,reviewed,ak,ak
2018-09-21T03:27:45.780Z,15.566,-95.0745,22,4.3,mb,,160,1.527,1.48,us,us2000hhzl,2018-11-27T15:52:01.040Z,"64 km SSE of El Carrizal, Mexico",earthquake,4.4,7.3,0.054,96,reviewed,us,us
2018-09-21T03:09:39.290Z,19.4275,-155.6221667,0.29,2.97,ml,15,141,0.03036,0.11,hv,hv70603127,2018-11-27T15:52:01.040Z,"25 km E of Honaunau-Napoopoo, Hawaii",earthquake,0.52,1.19,0.159,48,reviewed,hv,hv
2018-09-21T02:30:42.610Z,-14.6698,-76.377,3.64,4.2,mb,,184,2.704,0.35,us,us1000h3c1,2018-11-27T15:51:55.040Z,"89 km SW of Santiago, Peru",earthquake,11.1,7.5,0.306,3,reviewed,us,us
2018-09-21T02:19:37.371Z,69.5208,-144.2077,11.5,2.9,ml,,,,0.68,ak,ak018c4n6n2h,2023-08-16T18:42:17.775Z,"71 km SSW of Kaktovik, Alaska",earthquake,,0.6,,,reviewed,ak,ak
2018-09-21T02:08:57.100Z,19.0746,-65.4771,47,2.64,md,3,332,1.0038,0.22,pr,pr2018264001,2018-09-21T04:30:29.974Z,"81 km NNE of Vieques, Puerto Rico",earthquake,3.62,12.34,0.55,3,reviewed,pr,pr
2018-09-21T02:07:28.320Z,13.0831,-81.086,10,4.6,mb,,54,3.259,1.08,us,us2000hhz5,2018-11-27T15:52:01.040Z,"43 km SE of Mountain, Colombia",earthquake,4.1,1.9,0.057,93,reviewed,us,us
2018-09-21T02:04:06.700Z,-22.0165,169.5222,10,4.6,mb,,254,2.011,0.92,us,us1000h3c9,2018-11-27T15:51:55.040Z,"177 km ESE of Tadine, New Caledonia",earthquake,13.3,2,0.172,11,reviewed,us,us
2018-09-21T01:51:58.380Z,29.365,104.4998,10,4.5,mb,,173,4.433,0.69,us,us1000h3c0,2018-11-27T15:51:55.040Z,"27 km W of Zigong, China",earthquake,7.8,2,0.121,20,reviewed,us,us
2018-09-21T01:34:12.640Z,18.2733,-67.3931,90,2.87,md,6,190,0.1406,0.13,pr,pr2018264000,2018-09-21T04:30:18.678Z,"16 km WSW of Stella, Puerto Rico",earthquake,0.95,0.8,0.14,6,reviewed,pr,pr
2018-09-21T00:43:24.187Z,71.9362,-135.3686,40,2.7,ml,,,,1.64,ak,ak018c4m4w0y,2019-12-02T22:57:30.753Z,"Beaufort Sea",earthquake,,0,,,reviewed,ak,ak
2018-09-21T00:25:39.840Z,-16.0628,168.1287,31.25,4.9,mb,,61,5.765,0.93,us,us2000hhyc,2018-11-27T15:52:01.040Z,"76 km E of Lakatoro, Vanuatu",earthquake,6.4,5.2,0.034,277,reviewed,us,us
2018-09-20T23:56:51.890Z,26.7189,129.6426,10,4.4,mb,,95,1.23,1.34,us,us1000h3av,2018-11-27T15:51:55.040Z,"165 km E of Nago, Japan",earthquake,4.3,1.9,0.139,15,reviewed,us,us
2018-09-20T23:56:11.620Z,-22.0785,169.637,10,4.4,mb,,71,2.096,0.63,us,us2000hhy0,2018-11-27T15:52:01.040Z,"190 km ESE of Tadine, New Caledonia",earthquake,10.3,1.9,0.115,22,reviewed,us,us
2018-09-20T23:06:02.840Z,26.7341,129.6486,10,4.6,mb,,82,1.234,0.65,us,us2000hhxa,2018-11-27T15:52:01.040Z,"166 km E of Nago, Japan",earthquake,5.5,1.3,0.098,31,reviewed,us,us
2018-09-20T22:56:09.100Z,42.6886,142.0376,33.61,4.2,mb,,89,1.068,0.46,us,us2000hhx3,2018-11-27T15:52:01.040Z,"34 km ESE of Chitose, Japan",earthquake,6.6,3,0.159,11,reviewed,us,us
2018-09-20T22:45:19.600Z,-1.896,-77.1672,155.44,4.3,mb,,145,2.326,1.24,us,us1000h3aw,2018-11-27T15:51:55.040Z,"91 km ESE of Palora, Ecuador",earthquake,9.4,6.5,0.099,29,reviewed,us,us
2018-09-20T22:30:09.910Z,14.5974,-93.8631,10,4.6,mb,,143,1.264,0.83,us,us2000hhw1,2018-11-27T15:52:01.040Z,"120 km SW of La Esperanza (El Zapotal), Mexico",earthquake,4.1,1.9,0.028,372,reviewed,us,us
2018-09-20T22:14:24.290Z,-5.7771,152.0272,10,4.3,mb,,136,1.581,0.97,us,us1000h3au,2018-11-27T15:51:55.040Z,"160 km S of Kokopo, Papua New Guinea",earthquake,10.6,2,0.147,13,reviewed,us,us
2018-09-20T22:04:09.560Z,13.0376,-81.1616,10,4.3,mb,,49,3.176,0.89,us,us1000h3as,2018-11-27T15:51:55.040Z,"42 km SSE of Mountain, Colombia",earthquake,6.7,2,0.082,42,reviewed,us,us
2018-09-20T21:35:09.767Z,56.3712,-149.1172,11.5,2.6,ml,,,,0.68,ak,ak018c3b1we8,2021-02-22T17:19:23.236Z,"236 km SE of Chiniak, Alaska",earthquake,,8.3,,,reviewed,ak,ak
2018-09-20T20:51:12.910Z,14.4914,-93.8842,10,4.1,mb,,210,1.366,0.72,us,us1000h3aq,2018-11-27T15:51:55.040Z,"131 km SW of La Esperanza (El Zapotal), Mexico",earthquake,3.3,2,0.14,14,reviewed,us,us
2018-09-20T20:51:05.180Z,53.2923,160.659,20.73,4.2,mb,,144,1.239,0.64,us,us2000hhu4,2018-11-27T15:52:01.040Z,"137 km E of Petropavlovsk-Kamchatsky, Russia",earthquake,11.2,6.8,0.07,57,reviewed,us,us
2018-09-20T20:32:51.993Z,55.4233,-148.9939,9.6,2.6,ml,,,,0.84,aacse,aacse018c3afwwf,2021-02-22T17:18:58.532Z,"Gulf of Alaska",earthquake,,4.2,,,reviewed,aacse,aacse
2018-09-20T19:55:36.320Z,18.4496,-66.0586,83,2.73,md,9,232,0.3722,0.27,pr,pr2018263013,2018-09-21T01:29:50.270Z,"5 km ESE of San Juan, Puerto Rico",earthquake,2.3,1.28,0.19,7,reviewed,pr,pr
2018-09-20T19:35:46.320Z,-24.8924,-177.2494,120.87,4.6,mb,,138,33.991,0.62,us,us1000h3ap,2018-11-27T15:51:55.040Z,"south of the Fiji Islands",earthquake,13.3,8.4,0.126,19,reviewed,us,us
2018-09-20T19:06:22.450Z,26.7185,129.6893,10,4.4,mb,,91,1.272,0.74,us,us1000h3am,2018-11-27T15:51:55.040Z,"169 km E of Nago, Japan",earthquake,6.1,1.9,0.169,10,reviewed,us,us
2018-09-20T18:42:46.088Z,63.3409,-149.6221,100.8,3.7,ml,,,,0.61,ak,ak018c39b6e8,2023-08-16T18:41:23.180Z,"34 km W of Cantwell, Alaska",earthquake,,0.3,,,reviewed,ak,ak
2018-09-20T17:54:46.370Z,-0.8033,-79.13,83.86,4.3,mb,,173,1.032,0.36,us,us1000h3ay,2018-11-27T15:51:55.040Z,"18 km NE of La Maná, Ecuador",earthquake,12,12.6,0.16,11,reviewed,us,us
2018-09-20T17:16:43.820Z,60.2844,-152.3813,95.6,2.8,ml,,,,0.73,ak,ak018c38k5zy,2023-08-16T18:41:05.410Z,"47 km WNW of Ninilchik, Alaska",earthquake,,0.2,,,reviewed,ak,ak
2018-09-20T17:01:06.050Z,-10.8785,123.9835,10,4.4,mb,,95,1.15,1.14,us,us2000hhpg,2018-11-27T15:52:00.040Z,"88 km SSE of Kupang, Indonesia",earthquake,6.8,1.9,0.149,13,reviewed,us,us
2018-09-20T16:53:15.740Z,18.9213,-65.4286,66,2.83,md,5,322,0.8853,0.27,pr,pr2018263012,2018-11-27T15:52:00.040Z,"68 km SSW of Luquillo, Puerto Rico",earthquake,4.96,8.9,0.21,5,reviewed,pr,pr
2018-09-20T16:47:50.280Z,-3.3143,144.7981,10,4.3,mb,,189,2.859,0.7,us,us1000h3al,2018-11-27T15:51:55.040Z,"116 km NE of Angoram, Papua New Guinea",earthquake,7.8,1.9,0.16,13,reviewed,us,us
2018-09-20T16:36:52.560Z,-5.8107,132.0952,46.13,4.2,mb,,124,2.298,1.22,us,us2000hhnz,2018-11-27T15:52:00.040Z,"75 km WSW of Tual, Indonesia",earthquake,5.5,14.1,0.263,4,reviewed,us,us
2018-09-20T15:55:42.820Z,-18.0478,-178.3701,600.66,4.2,mb,,115,3.419,0.8,us,us1000h3aj,2018-11-27T15:51:55.040Z,"244 km E of Levuka, Fiji",earthquake,13.7,8.3,0.063,70,reviewed,us,us
2018-09-20T15:50:08.380Z,-18.1867,-178.3401,589.88,4.2,mb,,115,3.461,1.03,us,us2000hhmf,2018-11-27T15:52:00.040Z,"248 km E of Levuka, Fiji",earthquake,17.5,8,0.046,130,reviewed,us,us
2018-09-20T15:26:19.620Z,-18.0832,-177.9763,587.06,4.3,mb,,103,3.795,0.99,us,us1000h3ai,2018-11-27T15:51:55.040Z,"286 km E of Levuka, Fiji",earthquake,13.9,8.2,0.075,50,reviewed,us,us
2018-09-20T15:24:57.130Z,-50.3407,112.7021,10,4.6,mb,,166,21.397,0.97,us,us1000h3ah,2018-11-27T15:51:55.040Z,"southeast Indian Ridge",earthquake,7.3,1.9,0.181,11,reviewed,us,us
2018-09-20T15:23:36.690Z,-7.7706,154.6263,10,4.7,mb,,81,4.317,1.09,us,us2000hhmn,2018-11-27T15:52:00.040Z,"186 km SSW of Panguna, Papua New Guinea",earthquake,9.4,1.9,0.081,47,reviewed,us,us
2018-09-20T15:10:43.548Z,54.2051,-156.1717,12,2.7,ml,,,,1.16,ak,ak018c37c0gy,2021-02-22T17:19:23.579Z,"268 km SE of Perryville, Alaska",earthquake,,3.7,,,reviewed,ak,ak
2018-09-20T15:02:50.940Z,19.3951,-68.3118,37,3.12,md,6,300,0.8839,0.19,pr,pr2018263011,2018-11-27T15:52:00.040Z,"89 km ENE of Miches, Dominican Republic",earthquake,2.78,12.84,0.2,6,reviewed,pr,pr
2018-09-20T14:57:26.760Z,26.6747,129.6597,10,4.7,mb,,88,1.25,1.23,us,us2000hhlf,2018-11-27T15:52:00.040Z,"166 km E of Nago, Japan",earthquake,5,1.9,0.147,14,reviewed,us,us
2018-09-20T14:57:13.840Z,18.7926,-64.8273,132,3.36,md,6,340,1.2111,0.11,pr,pr2018263009,2018-11-27T15:52:00.040Z,"51 km NNE of Charlotte Amalie, U.S. Virgin Islands",earthquake,3.89,3.44,0.16,6,reviewed,pr,pr
2018-09-20T14:06:53.450Z,51.6794,-175.3359,33.85,3.8,mb,,202,0.611,1.04,us,us1000h3ag,2019-12-02T22:57:22.314Z,"92 km ESE of Adak, Alaska",earthquake,10,5.7,0.111,21,reviewed,us,us
2018-09-20T14:04:37.460Z,-34.7271,-16.0394,10,5.1,mww,,59,3.82,0.92,us,us2000hhjz,2025-12-22T17:50:58.138Z,"southern Mid-Atlantic Ridge",earthquake,11.2,1.8,0.117,7,reviewed,us,us
2018-09-20T14:01:33.120Z,19.4306,-68.2745,56,3.24,md,7,292,0.9229,0.27,pr,pr2018263010,2018-11-27T15:52:00.040Z,"94 km N of Punta Cana, Dominican Republic",earthquake,2.51,10,0.23,6,reviewed,pr,pr
2018-09-20T13:55:51.619Z,69.1654,-146.642,13.1,2.9,ml,,,,0.68,ak,ak018c36et3t,2023-08-16T18:40:35.734Z,"124 km NNW of Arctic Village, Alaska",earthquake,,0.2,,,reviewed,ak,ak
2018-09-20T13:44:20.860Z,-34.3734,-179.1246,10,4.7,mb,,115,3.803,0.73,us,us2000hhjs,2018-11-27T15:52:00.040Z,"south of the Kermadec Islands",earthquake,10.2,1.7,0.133,18,reviewed,us,us
2018-09-20T13:39:51.840Z,-1.1518,98.0018,30.69,4.4,mb,,161,2.476,1.12,us,us1000h3af,2018-11-27T15:51:55.040Z,"243 km WSW of Pariaman, Indonesia",earthquake,9.8,6.2,0.112,23,reviewed,us,us
2018-09-20T13:23:24.050Z,-18.2823,-177.9297,603.86,4,mb,,163,3.86,0.77,us,us1000h3ae,2018-11-27T15:51:55.040Z,"292 km E of Levuka, Fiji",earthquake,11.1,11.5,0.119,19,reviewed,us,us
2018-09-20T13:05:15.870Z,18.1225,-68.4461,105,3.31,md,15,273,0.3967,0.4,pr,pr2018263004,2018-11-27T15:52:00.040Z,"33 km NNW of Boca de Yuma, Dominican Republic",earthquake,3.66,1.86,0.14,11,reviewed,pr,pr
2018-09-20T12:44:34.520Z,34.1016667,-117.31,15.89,3.43,ml,172,13,0.01049,0.19,ci,ci37361730,2018-11-27T15:52:00.040Z,"3km N of Colton, CA",earthquake,0.1,0.22,0.145,337,reviewed,ci,ci
2018-09-20T12:09:26.431Z,69.1486,-146.5182,11.9,2.6,ml,,,,0.53,ak,ak018c35jgmb,2023-08-16T18:40:12.878Z,"120 km NNW of Arctic Village, Alaska",earthquake,,0.2,,,reviewed,ak,ak
2018-09-20T12:08:43.320Z,-20.6192,-173.7441,10,4.5,mb,,87,3.906,1.12,us,us2000hhjk,2018-11-27T15:52:00.040Z,"109 km SE of Pangai, Tonga",earthquake,6.3,1.8,0.14,19,reviewed,us,us
2018-09-20T12:05:30.230Z,18.9621,-67.2905,9,2.53,md,6,331,0.5261,0.14,pr,pr2018263006,2018-09-20T16:44:17.991Z,"55 km NNW of San Antonio, Puerto Rico",earthquake,1.47,0.73,0.04,3,reviewed,pr,pr
2018-09-20T11:56:13.279Z,58.4041,-153.8624,69.6,2.5,ml,,,,0.42,ak,ak018c3582nj,2023-08-16T18:40:11.470Z,"67 km NW of Aleneva, Alaska",earthquake,,0.4,,,reviewed,ak,ak
2018-09-20T11:38:14.210Z,37.2375,-104.5215,5.54,2.5,mb_lg,,96,0.238,0.3,us,us2000hhwn,2019-02-07T21:43:19.251Z,"5 km WNW of El Moro, Colorado",earthquake,1.3,3.1,0.114,25,reviewed,us,us
2018-09-20T10:42:43.690Z,19.1136,-65.857,30,2.53,md,10,320,0.9259,0.24,pr,pr2018263001,2018-11-27T15:52:00.040Z,"75 km N of Loíza, Puerto Rico",earthquake,1.48,12.06,0.51,9,reviewed,pr,pr
2018-09-20T09:57:43.840Z,14.6031,-93.8654,23.79,4.4,mb,,169,1.26,1.08,us,us2000hhhu,2018-11-27T15:52:00.040Z,"120 km SW of La Esperanza (El Zapotal), Mexico",earthquake,4.6,6.9,0.05,114,reviewed,us,us
2018-09-20T09:57:17.000Z,18.9441,-65.787,14,2.61,md,3,344,1.1366,0.04,pr,pr2018263000,2018-09-20T11:58:44.472Z,"57 km N of Suárez, Puerto Rico",earthquake,4,8.119,0.26,3,reviewed,pr,pr
2018-09-20T09:27:58.734Z,69.508,-144.3525,11.4,3.9,ml,,,,1.01,ak,ak018c33v36p,2023-08-16T18:39:39.480Z,"75 km SSW of Kaktovik, Alaska",earthquake,,0.3,,,reviewed,ak,ak
2018-09-20T09:21:18.080Z,14.6858,-93.7899,9,5.4,mww,,67,1.153,1.21,us,us2000hhh4,2022-05-03T19:31:15.963Z,"107 km SW of La Esperanza (El Zapotal), Mexico",earthquake,5.4,1.8,0.039,63,reviewed,us,us
2018-09-20T09:09:10.012Z,55.9573,-149.2008,11.9,2.8,ml,,,,0.64,ak,ak018c33r4jd,2021-02-22T17:19:26.027Z,"263 km SE of Chiniak, Alaska",earthquake,,5.1,,,reviewed,ak,ak
2018-09-20T08:45:17.460Z,-14.9026,-75.8026,15.69,4.5,mb,,147,3.069,0.73,us,us2000hhgs,2018-11-27T15:52:00.040Z,"67 km WSW of Changuillo, Peru",earthquake,4.6,4.9,0.082,44,reviewed,us,us
2018-09-20T08:08:09.530Z,39.8131,143.2002,23.68,4.4,mb,,165,1.902,0.94,us,us2000hhgj,2018-11-27T15:52:00.040Z,"109 km E of Miyako, Japan",earthquake,8,7.6,0.127,18,reviewed,us,us
2018-09-20T08:03:12.750Z,9.5351,-85.557,11.87,4.2,mb,,167,0.958,0.55,us,us1000h3ab,2018-11-27T15:51:55.040Z,"38 km S of Sámara, Costa Rica",earthquake,5,6.7,0.159,11,reviewed,us,us
2018-09-20T07:52:58.620Z,19.29,-68.2356,62,3.07,md,10,262,0.7897,0.53,pr,pr2018263003,2018-11-27T15:52:00.040Z,"80 km NNE of Punta Cana, Dominican Republic",earthquake,5.89,10.91,0.21,7,reviewed,pr,pr
2018-09-20T07:44:26.370Z,39.8823,143.1136,36.43,4.7,mb,,129,1.809,0.63,us,us2000hhga,2018-11-27T15:52:00.040Z,"103 km ENE of Miyako, Japan",earthquake,7.3,7.5,0.066,69,reviewed,us,us
2018-09-20T07:41:30.720Z,-34.8326,-178.4971,10,4.4,mb,,175,3.755,0.42,us,us1000h3a9,2018-11-27T15:51:55.040Z,"south of the Kermadec Islands",earthquake,9.6,2,0.203,7,reviewed,us,us
2018-09-20T07:38:14.640Z,6.736,-73.0257,161.11,4.3,mb,,66,2.278,0.64,us,us1000h3aa,2018-11-27T15:51:55.040Z,"4 km N of Aratoca, Colombia",earthquake,8.3,8.8,0.137,15,reviewed,us,us
2018-09-20T07:14:19.670Z,-34.7799,-179.0813,10,4.3,mb,,124,4.966,0.49,us,us1000h3a8,2018-11-27T15:51:55.040Z,"south of the Kermadec Islands",earthquake,6.1,2,0.177,9,reviewed,us,us
2018-09-20T07:05:26.730Z,-6.5071,152.6784,10,5,mww,,47,2.357,0.45,us,us2000hhg1,2025-12-22T17:50:57.321Z,"243 km S of Kokopo, Papua New Guinea",earthquake,8.7,1.9,0.078,16,reviewed,us,us
2018-09-20T06:45:00.840Z,-9.0125,158.1962,10,5.1,mb,,49,1.78,0.72,us,us2000hhfx,2022-05-03T19:31:10.123Z,"179 km SE of Gizo, Solomon Islands",earthquake,5.1,1.8,0.053,116,reviewed,us,us
2018-09-20T06:13:58.870Z,-9.0376,158.1774,10,4.8,mb,,75,1.792,0.56,us,us2000hhfs,2018-11-27T15:52:00.040Z,"179 km SE of Gizo, Solomon Islands",earthquake,6.1,1.9,0.079,49,reviewed,us,us
2018-09-20T05:47:37.740Z,-9.0888,158.3112,15,5.6,mww,,32,1.652,0.69,us,us2000hhfi,2022-05-03T19:57:06.499Z,"168 km WNW of Malango, Solomon Islands",earthquake,7.3,1.8,0.063,24,reviewed,us,us
2018-09-20T04:56:28.241Z,62.6861,-169.1406,34.2,3.1,ml,,,,0.58,ak,ak018c3122ko,2019-12-02T22:57:14.412Z,"131 km SSE of Savoonga, Alaska",earthquake,,9,,,reviewed,ak,ak
2018-09-20T04:55:34.000Z,16.9691,145.592,219.45,5.2,mww,,24,1.728,0.97,us,us2000hheu,2025-12-22T17:51:09.303Z,"195 km N of Saipan, Northern Mariana Islands",earthquake,8.6,4.6,0.073,18,reviewed,us,us
2018-09-20T04:48:25.470Z,-2.6091,139.365,10,4.5,mb,,133,7.114,0.92,us,us1000h3a4,2018-11-27T15:51:55.040Z,"140 km W of Abepura, Indonesia",earthquake,8,1.9,0.113,23,reviewed,us,us
2018-09-20T04:10:02.540Z,11.1577,56.7069,10,4.6,mb,,67,13.722,0.95,us,us2000hheh,2018-11-27T15:52:00.040Z,"Socotra region",earthquake,7.7,1.9,0.09,37,reviewed,us,us
2018-09-20T03:44:55.300Z,-17.7792,-178.3427,571.71,4.2,mb,,61,3.435,0.62,us,us1000h39z,2018-11-27T15:51:55.040Z,"250 km E of Levuka, Fiji",earthquake,15.5,10.2,0.103,26,reviewed,us,us
2018-09-20T03:03:54.700Z,3.7607,126.1761,92.92,4.2,mb,,131,3.198,0.88,us,us1000h3a3,2018-11-27T15:51:55.040Z,"198 km SSE of Sarangani, Philippines",earthquake,6.3,9.1,0.136,15,reviewed,us,us
2018-09-20T02:36:41.640Z,4.4612,127.7858,120.32,5.1,mb,,61,3.396,0.83,us,us2000hhe6,2018-11-27T15:52:00.040Z,"275 km SE of Pondaguitan, Philippines",earthquake,8.1,5,0.038,224,reviewed,us,us
2018-09-20T02:36:25.944Z,55.6793,-149.259,10,2.8,ml,,,,0.48,ak,ak018c2zqwv6,2021-02-22T17:19:24.564Z,"283 km SE of Chiniak, Alaska",earthquake,,0,,,reviewed,ak,ak
2018-09-20T01:54:46.610Z,34.9468,23.1374,10,4.5,mb,,56,1.476,0.96,us,us2000hhe0,2018-11-27T15:52:00.040Z,"58 km WSW of Palaióchora, Greece",earthquake,3,1.9,0.111,24,reviewed,us,us
2018-09-20T01:54:16.160Z,18.3484,145.5256,470.11,4,mb,,118,3.1,0.46,us,us1000h3a5,2018-11-27T15:51:55.040Z,"Pagan region, Northern Mariana Islands",earthquake,15.7,10.3,0.172,9,reviewed,us,us
2018-09-20T01:12:58.280Z,-5.783,128.2655,371.61,4.5,mb,,66,3.72,0.61,us,us2000hhde,2018-11-27T15:52:00.040Z,"230 km S of Ambon, Indonesia",earthquake,9.1,7.6,0.062,76,reviewed,us,us
2018-09-20T01:03:45.808Z,69.4712,-144.3442,2,2.5,ml,,,,0.88,ak,ak018c2yyg5w,2023-08-16T18:38:10.332Z,"78 km SSW of Kaktovik, Alaska",earthquake,,0.4,,,reviewed,ak,ak
2018-09-20T00:48:52.860Z,-0.3079,123.0693,86.38,4.2,mb,,107,0.787,1.2,us,us1000h3a1,2018-11-27T15:51:55.040Z,"77 km NNE of Luwuk, Indonesia",earthquake,8,7.7,0.176,9,reviewed,us,us
2018-09-20T00:08:44.070Z,49.6535,-28.4717,10,4.3,mb,,158,14.224,0.81,us,us1000h3a0,2018-11-27T15:51:55.040Z,"northern Mid-Atlantic Ridge",earthquake,11.8,2,0.125,18,reviewed,us,us
2018-09-19T23:40:46.800Z,5.7219,126.8144,88.99,4.2,mb,,174,1.816,0.76,us,us1000h2ta,2018-11-27T15:51:55.040Z,"99 km SE of Pondaguitan, Philippines",earthquake,9.9,11.9,0.186,8,reviewed,us,us
2018-09-19T22:57:47.680Z,40.6413,48.9918,10,4,mb,,74,3.283,0.97,us,us2000hhcj,2018-11-27T15:52:00.040Z,"13 km NNE of Qobustan, Azerbaijan",earthquake,4,2,0.104,25,reviewed,us,us
2018-09-19T22:12:42.851Z,69.4964,-144.2946,9.3,4,ml,,,,0.94,ak,ak018c1nz4l9,2023-08-16T18:37:59.148Z,"75 km SSW of Kaktovik, Alaska",earthquake,,0.3,,,reviewed,ak,ak
2018-09-19T21:47:12.950Z,-58.0152,-25.4309,35,4.4,mb,,127,16.551,0.33,us,us1000h2tc,2018-11-27T15:51:55.040Z,"South Sandwich Islands region",earthquake,11,2,0.169,10,reviewed,us,us
2018-09-19T21:30:55.754Z,56.0002,-149.8765,10.2,2.9,ml,,,,0.66,ak,ak018c1nhkvb,2021-02-22T17:19:30.234Z,"231 km SE of Chiniak, Alaska",earthquake,,5.8,,,reviewed,ak,ak
2018-09-19T21:24:27.190Z,40.9429,141.6718,64.83,4.2,mb,,147,0.485,0.93,us,us1000h2t5,2018-11-27T15:51:55.040Z,"37 km NE of Misawa, Japan",earthquake,6.3,7.4,0.236,5,reviewed,us,us
2018-09-19T20:42:34.960Z,-17.8293,-177.255,584.15,4,mb,,144,4.471,0.33,us,us1000h2t3,2018-11-27T15:51:55.040Z,"Fiji region",earthquake,29.2,23.8,0.15,13,reviewed,us,us
2018-09-19T20:35:24.550Z,-4.4199,145.4382,35,4.2,mb,,122,3.046,0.96,us,us1000h2sz,2018-11-27T15:51:55.040Z,"96 km NNW of Madang, Papua New Guinea",earthquake,8.9,2,0.128,17,reviewed,us,us
2018-09-19T20:09:37.503Z,69.4633,-144.2475,7.6,3,ml,,,,0.62,ak,ak018c1mrlti,2023-08-16T18:37:48.831Z,"78 km SSW of Kaktovik, Alaska",earthquake,,0.3,,,reviewed,ak,ak
2018-09-19T20:07:47.670Z,-34.658,-178.8719,10,4.4,mb,,255,42.333,0.88,us,us1000h2sy,2018-11-27T15:51:55.040Z,"south of the Kermadec Islands",earthquake,14.8,2,0.162,11,reviewed,us,us
2018-09-19T19:53:56.930Z,1.6914,127.3597,125.04,4.6,mb,,67,0.913,0.69,us,us2000hha4,2018-11-27T15:51:59.040Z,"72 km W of Tobelo, Indonesia",earthquake,9.2,1.9,0.073,56,reviewed,us,us
2018-09-19T19:32:35.300Z,36.3722,-97.7095,5.588,2.5,ml,,36,,0.73,us,us2000hh9g,2018-11-27T15:51:59.040Z,"1 km N of Fairmont, Oklahoma",earthquake,1.1,3.8,,,reviewed,ok,ok
2018-09-19T19:29:20.180Z,33.6162,45.7234,10,4.6,mb,,49,1.497,0.67,us,us2000hh9h,2018-11-27T15:51:59.040Z,"21 km SE of Mandal?, Iraq",earthquake,6.9,1.8,0.054,102,reviewed,us,us
2018-09-19T19:15:15.950Z,-20.0323,168.3409,11.42,4.6,mb,,98,1.27,0.94,us,us1000h2sx,2018-11-27T15:51:55.040Z,"112 km WSW of Isangel, Vanuatu",earthquake,5.3,5.7,0.123,20,reviewed,us,us
2018-09-19T19:06:37.190Z,-18.0618,-177.9517,615.53,4.1,mb,,81,3.817,0.48,us,us1000h2sw,2018-11-27T15:51:55.040Z,"289 km E of Levuka, Fiji",earthquake,15.1,11.2,0.135,15,reviewed,us,us
2018-09-19T18:54:59.690Z,36.5654,71.2504,107.77,4.3,mb,,112,0.778,0.8,us,us2000hh8w,2018-11-27T15:51:59.040Z,"28 km WSW of Ashk?sham, Afghanistan",earthquake,6.5,3.8,0.189,8,reviewed,us,us
2018-09-19T18:42:21.450Z,-19.5404,-70.3888,62.58,5,mww,,97,0.765,0.68,us,us2000hh8t,2025-12-22T17:50:56.434Z,"78 km NNW of Iquique, Chile",earthquake,4.6,4.3,0.089,12,reviewed,us,us
2018-09-19T17:47:27.980Z,38.2985,-121.875,19.81,2.62,md,69,68,0.07769,0.2,nc,nc73087176,2018-09-19T22:17:02.556Z,"6km SSE of Elmira, CA",earthquake,0.3,0.27,0.239,69,reviewed,nc,nc
2018-09-19T17:42:50.460Z,-18.1581,-177.9086,603.05,4.1,mb,,117,3.866,0.36,us,us1000h2su,2018-11-27T15:51:55.040Z,"293 km E of Levuka, Fiji",earthquake,16.9,9.2,0.105,25,reviewed,us,us
2018-09-19T17:13:38.520Z,-5.8217,147.0034,111.6,4.4,mb,,188,3.563,0.89,us,us1000h2st,2018-11-27T15:51:55.040Z,"99 km N of Lae, Papua New Guinea",earthquake,9.7,12.9,0.139,15,reviewed,us,us
2018-09-19T16:17:42.840Z,34.0115,-118.9523333,15.65,2.92,ml,63,56,0.05766,0.2,ci,ci37360530,2018-10-23T16:14:11.434Z,"13km W of Malibu, CA",earthquake,0.22,0.29,0.148,167,reviewed,ci,ci
2018-09-19T15:40:48.772Z,69.6118,-145.2749,19.1,3,ml,,,,0.55,ak,ak018c1jz3v1,2023-08-16T18:37:20.701Z,"85 km SW of Kaktovik, Alaska",earthquake,,0.3,,,reviewed,ak,ak
2018-09-19T15:19:40.563Z,53.3554,-163.4654,34.9,2.5,ml,,,,0.5,ak,ak018c1jul6w,2019-12-02T22:55:21.795Z,"166 km S of False Pass, Alaska",earthquake,,1.6,,,reviewed,ak,ak
2018-09-19T14:54:59.720Z,-14.7455,167.3006,173.94,4.6,mb,,68,6.448,0.93,us,us1000h2sp,2018-11-27T15:51:55.040Z,"40 km NE of Port-Olry, Vanuatu",earthquake,4.5,7.2,0.087,40,reviewed,us,us
2018-09-19T14:48:16.080Z,-10.6512,124.4356,10,4.5,mb,,115,0.905,1.11,us,us1000h2sn,2018-11-27T15:51:54.040Z,"89 km S of Soe, Indonesia",earthquake,7.2,1.9,0.192,8,reviewed,us,us
2018-09-19T14:02:18.790Z,-22.3833,-66.0503,266.6,4.5,mb,,47,2.045,0.91,us,us2000hh3i,2018-11-27T15:51:59.040Z,"52 km NW of Abra Pampa, Argentina",earthquake,8.7,9.2,0.145,14,reviewed,us,us
2018-09-19T13:45:46.690Z,19.3955,-155.2573333,1.52,2.59,ml,46,43,0.008652,0.11,hv,hv70600212,2018-11-27T15:51:59.040Z,"5 km SSW of Volcano, Hawaii",earthquake,0.16,0.12,0.217,26,reviewed,hv,hv
2018-09-19T13:42:02.840Z,-21.0784,-68.5651,136.39,4.3,mwr,,83,0.952,0.89,us,us2000hh3b,2018-11-27T15:51:59.040Z,"157 km NNE of Calama, Chile",earthquake,6.3,7.7,,,reviewed,us,guc
2018-09-19T12:41:05.020Z,33.5858,48.8338,10,4.3,mb,,56,2.994,1.09,us,us1000h2sk,2018-11-27T15:51:54.040Z,"9 km WSW of Azn?, Iran",earthquake,7.1,1.9,0.133,16,reviewed,us,us
2018-09-19T12:31:55.580Z,56.4731,-149.4755,4.3,2.7,ml,,,,0.48,ak,ak018c1i4w4m,2021-02-22T17:19:30.787Z,"212 km SE of Chiniak, Alaska",earthquake,,2.8,,,reviewed,ak,ak
2018-09-19T11:56:10.800Z,18.8716,-66.7933,65,2.84,md,6,269,0.5264,0.34,pr,pr2018262003,2018-09-19T15:52:27.998Z,"42 km N of Hatillo, Puerto Rico",earthquake,2.59,4.18,0.2,5,reviewed,pr,pr
2018-09-19T11:28:06.940Z,-39.722,-73.0065,60.84,4.1,mwr,,77,0.359,1.1,us,us2000hh2h,2022-08-08T08:24:10.548Z,"20 km ENE of Las Animas, Chile",earthquake,6.9,6.1,0.063,24,reviewed,us,us
2018-09-19T11:20:26.680Z,50.5972,-177.6511,10,3.6,mb,,210,1.295,0.88,us,us1000h2sh,2019-12-02T22:55:10.504Z,"158 km SSW of Adak, Alaska",earthquake,7.5,2,0.096,27,reviewed,us,us
2018-09-19T11:14:42.460Z,2.0635,99.4672,169.62,4.2,mb,,97,0.828,0.72,us,us2000hh2d,2018-11-27T15:51:59.040Z,"31 km W of Bandar, Indonesia",earthquake,8.1,7.4,0.113,22,reviewed,us,us
2018-09-19T10:44:59.357Z,69.0299,-147.1606,11,2.5,ml,,,,0.63,ak,ak018c1h0tin,2023-08-16T18:36:02.554Z,"120 km NW of Arctic Village, Alaska",earthquake,,0.2,,,reviewed,ak,ak
2018-09-19T10:32:43.637Z,69.5499,-144.7931,12.3,2.5,ml,,,,0.71,ak,ak018c1gy7pn,2023-08-16T18:35:59.211Z,"78 km SW of Kaktovik, Alaska",earthquake,,0.3,,,reviewed,ak,ak
2018-09-19T10:19:04.640Z,-21.4376,169.4588,10,4,mb,,248,2.173,0.5,us,us1000h2sf,2018-11-27T15:51:54.040Z,"164 km E of Tadine, New Caledonia",earthquake,5.7,2,0.173,9,reviewed,us,us
2018-09-19T09:47:56.944Z,51.3021,-174.2776,26,2.6,ml,,,,0.57,ak,ak018c1gg0vi,2019-12-02T22:55:50.579Z,"99 km S of Atka, Alaska",earthquake,,2,,,reviewed,ak,ak
2018-09-19T09:14:53.570Z,13.2669,50.6616,10,4.4,mb,,110,7.827,0.82,us,us2000hh1a,2018-11-27T15:51:59.040Z,"144 km N of Caluula, Somalia",earthquake,8,1.9,0.095,32,reviewed,us,us
2018-09-19T08:53:14.170Z,10.3768,56.9238,10,5.2,mww,,70,12.895,1.32,us,us2000hh11,2025-12-22T17:50:55.543Z,"Carlsberg Ridge",earthquake,9.5,1.8,0.093,11,reviewed,us,us
2018-09-19T08:20:28.461Z,55.7627,-149.2239,10,2.6,ml,,,,0.55,ak,ak018c1foqqm,2021-02-22T17:19:28.369Z,"Gulf of Alaska",earthquake,,0,,,reviewed,ak,ak
2018-09-19T07:42:01.430Z,53.917,160.3651,82.12,4.2,mb,,149,1.361,0.54,us,us2000hh0f,2018-11-27T15:51:59.040Z,"142 km SE of Mil’kovo, Russia",earthquake,14.4,13.3,0.073,53,reviewed,us,us
2018-09-19T07:32:14.110Z,-17.6145,-178.2092,520.56,4.4,mb,,58,3.566,0.81,us,us1000h2sd,2018-11-27T15:51:54.040Z,"266 km E of Levuka, Fiji",earthquake,8.5,7.7,0.098,30,reviewed,us,us
2018-09-19T07:28:24.880Z,40.5963333,-124.07,18.06,2.67,md,23,96,0.05825,0.13,nc,nc73087041,2018-09-19T18:02:03.389Z,"6km NNE of Hydesville, CA",earthquake,0.3,0.42,0.166,48,reviewed,nc,nc
2018-09-19T07:03:35.713Z,68.8687,-147.6111,9.3,2.7,ml,,,,0.74,ak,ak018c1ezoir,2023-08-16T18:35:36.854Z,"118 km NW of Arctic Village, Alaska",earthquake,,0.4,,,reviewed,ak,ak
2018-09-19T07:02:29.822Z,68.7489,-148.3079,14.4,2.5,ml,,,,0.6,ak,ak018c1ezgcm,2023-08-16T18:35:35.629Z,"133 km WNW of Arctic Village, Alaska",earthquake,,0.2,,,reviewed,ak,ak
2018-09-19T06:26:16.560Z,59.8299,-136.6266,10,2.8,ml,,77,0.337,1.11,us,us2000hgzr,2023-08-16T18:35:33.292Z,"45 km NW of Mosquito Lake, Alaska",earthquake,2.1,1.9,0.043,71,reviewed,us,us
2018-09-19T05:47:39.170Z,-45.0383,167.5438,70.99,4.3,mb,,87,0.522,1.06,us,us2000hgzl,2018-11-27T15:51:59.040Z,"44 km NNW of Te Anau, New Zealand",earthquake,8.2,11,0.202,7,reviewed,us,us
2018-09-19T05:42:58.210Z,-1.1697,120.2749,10,4,mb,,157,2.321,1.46,us,us1000h2sb,2018-11-27T15:51:54.040Z,"53 km ESE of Palu, Indonesia",earthquake,6.2,2,0.197,7,reviewed,us,us
2018-09-19T05:15:16.000Z,35.8444,-97.3384,4.48,3,ml,,17,,0.14,us,us2000hgzj,2018-11-27T15:51:59.040Z,"8 km W of Meridian, Oklahoma",earthquake,0.9,5.3,,,reviewed,ok,ok
2018-09-19T03:54:13.760Z,-14.6459,170.1906,630.71,4.2,mb,,67,8.134,0.54,us,us1000h2s8,2018-11-27T15:51:54.040Z,"297 km ESE of Sola, Vanuatu",earthquake,11,8.3,0.095,31,reviewed,us,us
2018-09-19T03:50:40.061Z,68.754,-148.2808,12.8,2.6,ml,,,,0.47,ak,ak018c1cw13a,2023-08-16T18:35:01.743Z,"132 km WNW of Arctic Village, Alaska",earthquake,,0.2,,,reviewed,ak,ak
2018-09-19T03:04:32.030Z,46.215,154.7178,10,4.3,mb,,143,7.165,0.54,us,us1000h2s6,2018-11-27T15:51:54.040Z,"east of the Kuril Islands",earthquake,11.9,1.9,0.113,22,reviewed,us,us
2018-09-19T01:24:13.092Z,61.6721,-146.6537,12.1,2.6,ml,,,,0.65,ak,ak018c1bjj6l,2023-08-16T18:34:48.136Z,"36 km S of Nelchina, Alaska",earthquake,,0.3,,,reviewed,ak,ak
2018-09-19T00:59:28.710Z,12.4686,-87.0439,134.62,4.5,mb,,63,0.226,0.8,us,us2000hgxx,2018-11-27T15:51:59.040Z,"10 km SW of Posoltega, Nicaragua",earthquake,5.4,4.1,0.047,132,reviewed,us,us
2018-09-19T00:40:52.980Z,56.1635,-149.1698,21.86,4,ml,,174,2.475,1.14,us,us2000hgxn,2023-08-16T18:34:43.406Z,"248 km SE of Chiniak, Alaska",earthquake,7.3,9.7,0.045,66,reviewed,us,us
2018-09-19T00:38:47.222Z,56.3269,-149.1047,11.4,2.9,ml,,,,0.67,ak,ak018c1b168i,2021-02-22T17:19:32.256Z,"240 km SE of Chiniak, Alaska",earthquake,,9,,,reviewed,ak,ak
2018-09-19T00:17:38.750Z,-6.4912,130.0066,162.52,4.3,mb,,89,1.959,0.91,us,us2000hgwu,2018-11-27T15:51:59.040Z,"Banda Sea",earthquake,9.2,6.7,0.113,22,reviewed,us,us
2018-09-19T00:01:36.540Z,36.6738,141.0425,44.42,3.9,mwr,,146,1.21,1.35,us,us2000hgwp,2018-11-27T15:51:59.040Z,"29 km ESE of Kitaibaraki, Japan",earthquake,6,6.7,0.073,18,reviewed,us,us
2018-09-18T23:50:10.440Z,-30.8887,-71.3891,46.93,3.9,mwr,,71,0.301,0.75,us,us2000hgwb,2018-11-27T15:51:59.040Z,"36 km SSW of Ovalle, Chile",earthquake,5.4,5,0.047,44,reviewed,us,us
2018-09-18T23:44:11.070Z,-18.2396,-178.2697,566.63,4.3,mb,,79,3.534,1.04,us,us2000hgwg,2018-11-27T15:51:59.040Z,"256 km E of Levuka, Fiji",earthquake,12.4,7.4,0.076,49,reviewed,us,us
2018-09-18T23:44:09.260Z,-56.3191,-27.3804,104.44,4.8,mb,,82,5.588,0.76,us,us2000hgwf,2018-11-27T15:51:59.040Z,"South Sandwich Islands region",earthquake,11.7,5.8,0.09,38,reviewed,us,us
2018-09-18T23:37:09.180Z,-12.7764,45.4453,10,4.6,mb,,57,6,1.3,us,us2000hgw5,2018-11-27T15:51:59.040Z,"18 km E of Pamandzi, Mayotte",earthquake,8.8,1.8,0.096,32,reviewed,us,us
2018-09-18T23:13:48.445Z,59.422,-152.2874,63.7,2.5,ml,,,,0.69,ak,ak018c011fuk,2023-08-16T18:34:29.500Z,"22 km WNW of Nanwalek, Alaska",earthquake,,0.1,,,reviewed,ak,ak
2018-09-18T23:10:13.033Z,69.4729,-144.2512,6.4,2.8,ml,,,,0.63,ak,ak018c010pyv,2023-08-16T18:34:28.340Z,"77 km SSW of Kaktovik, Alaska",earthquake,,0.4,,,reviewed,ak,ak
2018-09-18T22:11:25.130Z,-39.6698,174.0571,202.68,4.2,mb,,82,1.311,1.01,us,us2000hgu9,2018-11-27T15:51:59.040Z,"21 km WSW of Hawera, New Zealand",earthquake,7.4,5.2,0.176,9,reviewed,us,us
2018-09-18T21:36:43.110Z,40.7951,14.1448,10,2.5,md,,212,0.397,0.77,us,us2000hh0s,2018-11-27T15:51:59.040Z,"2 km SW of Bagnoli, Italy",earthquake,4.4,2,,,reviewed,us,rom
2018-09-18T21:18:26.586Z,56.1853,-149.3984,5.3,2.6,ml,,,,0.45,ak,ak018bzzvlj6,2021-02-22T17:19:38.718Z,"236 km SE of Chiniak, Alaska",earthquake,,3.6,,,reviewed,ak,ak
2018-09-18T21:00:02.660Z,36.8861,-104.8365,6.32,2.5,mb_lg,,68,0.086,0.22,us,us2000hiu0,2018-11-27T15:52:02.040Z,"27 km S of Weston, Colorado",earthquake,1.9,3.8,0.128,26,reviewed,us,us
2018-09-18T20:58:35.483Z,51.5185,-179.6616,72,2.8,ml,,,,0.54,ak,ak018bzzir98,2019-12-02T22:53:58.174Z,"213 km WSW of Adak, Alaska",earthquake,,0.4,,,reviewed,ak,ak
2018-09-18T20:58:23.070Z,-27.9491,-176.7957,32,5,mb,,63,1.631,0.97,us,us2000hgsw,2025-12-22T17:51:15.945Z,"Kermadec Islands region",earthquake,10.4,4.4,0.065,74,reviewed,us,us
2018-09-18T20:14:14.340Z,18.1113,-68.0088,70,3.03,md,6,221,0.5486,0.34,pr,pr2018261025,2018-09-18T23:43:01.261Z,"66 km SE of Punta Cana, Dominican Republic",earthquake,4.12,2.76,0.14,6,reviewed,pr,pr
2018-09-18T19:30:14.960Z,-18.2286,-177.7879,587.48,4.3,mb,,105,3.987,0.69,us,us2000hjtb,2018-11-27T15:52:04.040Z,"Fiji region",earthquake,10.9,7.7,0.089,38,reviewed,us,us
2018-09-18T19:07:12.060Z,51.4735,174.2755,10,4.5,mb,,103,1.262,0.65,us,us2000hghe,2019-12-02T22:54:29.338Z,"169 km SSE of Attu Station, Alaska",earthquake,9.9,1.9,0.037,215,reviewed,us,us
2018-09-18T18:45:05.750Z,-8.4363,116.0396,10,4.3,mb,,55,1.867,1.01,us,us2000hhbv,2018-11-27T15:51:59.040Z,"Lombok region, Indonesia",earthquake,5.4,1.9,0.142,15,reviewed,us,us
2018-09-18T18:21:46.090Z,18.681,-67.2095,35,2.64,md,4,316,0.5651,0.42,pr,pr2018261023,2018-09-18T22:54:11.329Z,"23 km NNW of San Antonio, Puerto Rico",earthquake,3.83,12.22,0.07,3,reviewed,pr,pr
2018-09-18T18:09:13.680Z,-26.4967,27.3971,5,4.5,mb,,73,2.193,0.71,us,us2000hjta,2020-07-10T17:18:21.369Z,"9 km W of Fochville, South Africa",earthquake,4.6,1.9,0.191,8,reviewed,us,us
2018-09-18T17:18:57.590Z,19.06,-66.3813,33,2.59,md,4,296,0.6014,0.38,pr,pr2018261018,2018-09-18T23:06:39.640Z,"65 km N of Brenas, Puerto Rico",earthquake,2.55,10.17,0.13,3,reviewed,pr,pr
2018-09-18T17:01:55.970Z,18.9831,-66.459,15,2.78,md,3,319,0.9161,0.32,pr,pr2018261019,2018-09-18T22:52:26.394Z,"57 km N of Tierras Nuevas Poniente, Puerto Rico",earthquake,11.36,22.47,0.12,3,reviewed,pr,pr
2018-09-18T16:54:28.660Z,35.7288,141.9027,8.38,4.7,mb,,141,2.315,0.54,us,us2000hgfj,2018-11-27T15:51:59.040Z,"96 km E of Hasaki, Japan",earthquake,7.6,5.2,0.101,30,reviewed,us,us
2018-09-18T16:47:46.870Z,19.097,-66.4111,27,2.61,md,10,294,0.6311,0.27,pr,pr2018261017,2018-09-18T22:51:04.362Z,"70 km N of Brenas, Puerto Rico",earthquake,1.31,10.59,0.38,9,reviewed,pr,pr
2018-09-18T16:38:43.310Z,-4.8987,102.84,38.89,4.4,mb,,199,11.782,0.47,us,us2000hjt8,2018-11-27T15:52:04.040Z,"106 km SSW of Pagar Alam, Indonesia",earthquake,16.2,9.1,0.12,20,reviewed,us,us
2018-09-18T16:31:17.870Z,19.0835,-66.416,20,2.74,md,10,282,0.6169,0.39,pr,pr2018261021,2018-09-18T22:54:59.881Z,"68 km N of Brenas, Puerto Rico",earthquake,1.84,28.12,0.31,10,reviewed,pr,pr
2018-09-18T16:26:24.540Z,19.0738,-66.3901,14,2.73,md,8,306,0.6128,0.22,pr,pr2018261022,2018-09-18T23:19:02.719Z,"67 km N of Brenas, Puerto Rico",earthquake,1.02,1.7,0.26,7,reviewed,pr,pr
2018-09-18T16:21:49.100Z,38.4621,141.5577,56.52,5.1,mww,,108,0.846,0.71,us,us2000hgf5,2022-05-03T19:57:01.010Z,"23 km ENE of Ishinomaki, Japan",earthquake,5.8,5.4,0.057,30,reviewed,us,us
2018-09-18T16:18:26.100Z,19.0475,-64.8246,67,3.39,md,11,332,1.367,0.46,pr,pr2018261024,2018-11-27T15:51:59.040Z,"78 km N of Charlotte Amalie, U.S. Virgin Islands",earthquake,4.82,11.79,0.33,9,reviewed,pr,pr
2018-09-18T15:47:36.766Z,69.4664,-144.0793,6.4,2.6,ml,,,,0.71,ak,ak018bzwh8gc,2023-08-16T18:33:26.643Z,"76 km SSW of Kaktovik, Alaska",earthquake,,0.5,,,reviewed,ak,ak
2018-09-18T15:36:02.120Z,19.4858,-66.2641,39,2.71,md,3,342,1.24,0.22,pr,pr2018261016,2018-09-18T21:27:42.546Z,"113 km N of Brenas, Puerto Rico",earthquake,4.18,17.11,0,3,reviewed,pr,pr
2018-09-18T15:33:26.300Z,40.7538,48.805,10,4.1,mb,,82,3.159,0.77,us,us2000hjte,2018-11-27T15:52:04.040Z,"15 km SW of Alt?a?ac, Azerbaijan",earthquake,10.8,2,0.13,16,reviewed,us,us
2018-09-18T15:27:24.630Z,19.509,-155.1403333,22.59,2.82,ml,54,58,0.119,0.1,hv,hv70598287,2018-11-27T15:51:58.040Z,"4 km WNW of Eden Roc, Hawaii",earthquake,0.29,0.63,0.185,44,reviewed,hv,hv
2018-09-18T14:49:08.770Z,56.2235,-149.3849,10,3.8,ml,,190,2.346,0.45,us,us2000hge4,2021-02-22T17:19:39.972Z,"234 km SE of Chiniak, Alaska",earthquake,6,2,0.045,66,reviewed,us,us
2018-09-18T14:16:21.100Z,2.1748,126.0214,10,4,mb,,133,1.936,0.39,us,us2000hjt6,2018-11-27T15:52:04.040Z,"139 km ENE of Laikit, Laikit II (Dimembe), Indonesia",earthquake,7.3,2,0.183,8,reviewed,us,us
2018-09-18T13:52:35.333Z,69.4598,-144.1295,4.9,2.5,ml,,,,0.66,ak,ak018bzvbfpp,2023-08-16T18:33:14.502Z,"77 km SSW of Kaktovik, Alaska",earthquake,,0.3,,,reviewed,ak,ak
2018-09-18T13:30:36.811Z,69.4461,-144.1106,5.1,2.9,ml,,,,0.92,ak,ak018bzv6q2p,2023-08-16T18:33:08.181Z,"78 km SSW of Kaktovik, Alaska",earthquake,,0.4,,,reviewed,ak,ak
2018-09-18T13:14:17.330Z,19.1681,-67.6526,29,2.98,md,6,314,0.8026,0.28,pr,pr2018261015,2018-09-18T18:46:53.146Z,"94 km NW of San Antonio, Puerto Rico",earthquake,2.13,17.83,0.05,4,reviewed,pr,pr
2018-09-18T12:49:29.080Z,-37.6772,50.0198,10,4.8,mb,,66,8.852,0.81,us,us2000hjt9,2018-11-27T15:52:04.040Z,"Southwest Indian Ridge",earthquake,10.7,1.9,0.103,29,reviewed,us,us
2018-09-18T12:40:59.595Z,69.5534,-144.8504,5.3,4.8,ml,,,,0.62,ak,ak018bzunhdz,2019-12-02T22:54:22.825Z,"79 km SW of Kaktovik, Alaska",earthquake,,0.7,,,reviewed,ak,ak
2018-09-18T12:40:56.800Z,69.5676,-144.1607,16.5,5.1,mw,,,,0.87,ak,ak018bzunh68,2023-08-16T18:32:57.036Z,"66 km SSW of Kaktovik, Alaska",earthquake,,0.4,,,reviewed,ak,ak
2018-09-18T12:38:35.600Z,-20.517,-178.1882,516.25,5.5,mww,,45,4.497,0.93,us,us2000hgcm,2022-05-03T19:56:59.442Z,"Fiji region",earthquake,9.9,4.8,0.083,14,reviewed,us,us
2018-09-18T11:57:53.060Z,-8.3108,157.1926,17,5.9,mww,,18,2.944,0.79,us,us2000hgcc,2022-05-03T19:52:58.557Z,"44 km ESE of Gizo, Solomon Islands",earthquake,5.6,1.5,0.068,21,reviewed,us,us
2018-09-18T10:57:50.650Z,-37.8823,49.9683,10,5,mb,,44,13.117,1.25,us,us2000hgc3,2018-11-27T15:51:58.040Z,"Southwest Indian Ridge",earthquake,11.1,1.7,0.08,50,reviewed,us,us
2018-09-18T10:35:19.830Z,26.7882,129.7743,10,4.6,mb,,83,1.343,0.81,us,us2000hjt7,2018-11-27T15:52:04.040Z,"177 km S of Naze, Japan",earthquake,5.7,1.9,0.095,33,reviewed,us,us
2018-09-18T10:04:13.180Z,18.2145,145.9177,99.22,4.4,mb,,128,2.959,0.5,us,us2000hjt3,2018-11-27T15:52:04.040Z,"Pagan region, Northern Mariana Islands",earthquake,11.5,8.2,0.054,101,reviewed,us,us
2018-09-18T09:54:41.470Z,19.0355,-67.2458,11,2.88,md,6,291,0.5837,0.61,pr,pr2018261012,2018-09-18T12:57:40.993Z,"62 km NNW of San Antonio, Puerto Rico",earthquake,5.21,8.7,0.18,5,reviewed,pr,pr
2018-09-18T09:25:29.210Z,-7.4061,125.8215,10,5.2,mb,,38,2.794,0.98,us,us2000hgb0,2022-05-03T19:31:01.093Z,"124 km N of Manatutu, Timor Leste",earthquake,7.6,1.8,0.056,103,reviewed,us,us
2018-09-18T09:24:17.120Z,-30.0414,-177.7312,67.02,5.2,mb,,83,0.812,0.88,us,us2000hgax,2025-12-22T17:50:54.762Z,"Kermadec Islands, New Zealand",earthquake,10.2,4.7,0.052,124,reviewed,us,us
2018-09-18T09:22:31.190Z,42.5869,-111.1523,6.23,3.3,ml,,53,0.182,0.61,us,us2000hgat,2018-11-27T15:51:58.040Z,"17 km SW of Fairview, Wyoming",earthquake,1.6,6.3,0.036,104,reviewed,us,us
2018-09-18T09:07:15.317Z,68.698,-147.6628,15.2,2.7,ml,,,,0.55,ak,ak018bzso0iz,2023-08-16T18:32:20.963Z,"108 km NW of Arctic Village, Alaska",earthquake,,0.2,,,reviewed,ak,ak
2018-09-18T08:21:40.850Z,19.2826,-65.2315,99,3.07,md,3,349,1.7871,0.22,pr,pr2018261010,2018-11-27T15:51:58.040Z,"108 km N of Culebra, Puerto Rico",earthquake,6.89,10.24,0.05,3,reviewed,pr,pr
2018-09-18T08:11:11.290Z,36.0211,139.7672,83.53,4.6,mb,,115,1.367,0.85,us,us2000hgaa,2018-11-27T15:51:58.040Z,"3 km ESE of Sugito, Japan",earthquake,4.2,6.6,0.054,104,reviewed,us,us
2018-09-18T07:33:41.950Z,5.341,96.3888,47.1,4.7,mb,,83,0.567,0.58,us,us2000hg9g,2018-11-27T15:51:58.040Z,"18 km NE of Reuleuet, Indonesia",earthquake,5.1,7.9,0.127,19,reviewed,us,us
2018-09-18T07:28:08.140Z,-24.637,-175.0735,10,4.7,mb,,98,5.249,1.34,us,us2000hg9e,2018-11-27T15:51:58.040Z,"south of Tonga",earthquake,6.2,2,0.153,13,reviewed,us,us
2018-09-18T07:27:41.320Z,-37.8135,49.7765,10,6,mww,,22,8.748,1.05,us,us2000hg93,2022-05-03T19:30:49.892Z,"Southwest Indian Ridge",earthquake,8.7,1.7,0.047,43,reviewed,us,us
2018-09-18T07:27:16.260Z,-8.2649,116.2794,10,4.7,mb,,68,2.114,1.28,us,us2000hg94,2018-11-27T15:51:58.040Z,"24 km ENE of Gili Air, Indonesia",earthquake,5.4,1.9,0.12,21,reviewed,us,us
2018-09-18T07:24:41.060Z,-24.4279,-175.2542,10,5.1,mb,,92,5.359,0.89,us,us2000hg99,2018-11-27T15:51:58.040Z,"south of Tonga",earthquake,9.3,1.9,0.142,16,reviewed,us,us
2018-09-18T06:57:52.340Z,-7.009,129.28,109.82,4.1,mb,,83,2.223,1.42,us,us2000hjt0,2018-11-27T15:52:04.040Z,"Kepulauan Babar, Indonesia",earthquake,8,14.6,0.214,6,reviewed,us,us
2018-09-18T06:25:54.310Z,26.6887,129.6347,10,4.6,mb,,94,1.226,0.78,us,us2000hjsz,2018-11-27T15:52:04.040Z,"164 km E of Nago, Japan",earthquake,6.7,1.9,0.146,14,reviewed,us,us
2018-09-18T05:41:24.220Z,18.117,-67.8268,64,2.84,md,10,206,0.4386,0.41,pr,pr2018261009,2018-09-18T08:29:09.841Z,"65 km WSW of Stella, Puerto Rico",earthquake,2.67,2.6,0.25,6,reviewed,pr,pr
2018-09-18T05:33:23.880Z,19.0991,-67.895,48,2.96,md,12,256,0.7609,0.77,pr,pr2018261008,2018-11-27T15:51:58.040Z,"78 km NE of Punta Cana, Dominican Republic",earthquake,5.39,14.79,0.26,10,reviewed,pr,pr
2018-09-18T05:22:56.832Z,57.1003,-148.0874,12,2.5,ml,,,,0.43,ak,ak018bzqdl1v,2021-02-22T17:19:36.216Z,"258 km ESE of Chiniak, Alaska",earthquake,,4.6,,,reviewed,ak,ak
2018-09-18T05:04:17.890Z,34.5258,24.5587,10,4.5,mb,,114,0.807,1,us,us2000hg83,2018-11-27T15:51:58.040Z,"55 km SE of Kastrí, Greece",earthquake,6.3,1.9,0.102,28,reviewed,us,us
2018-09-18T05:00:24.020Z,34.6527,24.5868,10,4.4,mb,,114,0.681,1.31,us,us2000hg82,2018-11-27T15:51:58.040Z,"49 km SSW of Tympáki, Greece",earthquake,3.7,1.9,0.101,28,reviewed,us,us
2018-09-18T04:54:58.389Z,69.4676,-144.3012,4,2.5,ml,,,,0.66,ak,ak018bzpz0ha,2023-08-16T18:31:27.909Z,"78 km SSW of Kaktovik, Alaska",earthquake,,0.3,,,reviewed,ak,ak
2018-09-18T04:12:41.540Z,18.8503,-64.4976,59,3.36,md,10,343,1.5255,0.33,pr,pr2018261007,2018-11-27T15:51:58.040Z,"65 km NNE of Cruz Bay, U.S. Virgin Islands",earthquake,4.6,11.83,0.08,4,reviewed,pr,pr
2018-09-18T04:05:27.230Z,32.2646667,-115.2536667,19.84,2.57,ml,21,89,0.1552,0.18,ci,ci38064207,2018-09-18T19:43:32.243Z,"9km WNW of Alberto Oviedo Mota, B.C., MX",earthquake,0.3,0.43,0.184,40,reviewed,ci,ci
2018-09-18T04:04:41.810Z,59.9809,-139.3987,11.3,3,ml,,,,0.65,ak,ak018bzpo9ed,2023-08-16T18:31:13.515Z,"51 km NNE of Yakutat, Alaska",earthquake,,0.1,,,reviewed,ak,ak
2018-09-18T03:48:07.890Z,-18.0843,-178.267,556.21,4.4,mb,,122,3.52,0.79,us,us2000hg7v,2018-11-27T15:51:58.040Z,"255 km E of Levuka, Fiji",earthquake,14.8,7,0.036,223,reviewed,us,us
2018-09-18T03:06:16.564Z,56.0982,-149.7827,11.7,3.3,ml,,,,0.81,ak,ak018bzp37a0,2021-02-22T17:19:37.334Z,"227 km SE of Chiniak, Alaska",earthquake,,6.1,,,reviewed,ak,ak
2018-09-18T03:03:23.720Z,-18.2236,-178.2341,533.41,4.2,mb,,137,3.565,0.51,us,us2000hjsu,2018-11-27T15:52:04.040Z,"259 km E of Levuka, Fiji",earthquake,12.7,10,0.124,18,reviewed,us,us
2018-09-18T02:48:43.920Z,38.1651,21.5396,8.55,4.2,mb,,44,1.058,0.94,us,us2000hg7a,2018-11-27T15:51:58.040Z,"1 km NNW of Káto Acha?a, Greece",earthquake,5.3,5.8,0.115,21,reviewed,us,us
2018-09-18T02:03:55.860Z,-6.3689,147.6946,43.62,5,mb,,32,3.062,0.98,us,us2000hg6v,2022-05-03T19:30:55.477Z,"26 km NW of Finschhafen, Papua New Guinea",earthquake,7.1,6.4,0.072,61,reviewed,us,us
2018-09-18T01:52:26.450Z,-10.7435,123.3824,10,4.4,mb,,118,1.312,0.85,us,us2000hjst,2018-11-27T15:52:04.040Z,"67 km SSW of Kupang, Indonesia",earthquake,3.9,1.9,0.17,10,reviewed,us,us
2018-09-18T01:43:17.910Z,19.0565,-67.5795,29,2.86,md,6,338,0.7525,0.29,pr,pr2018261004,2018-09-18T06:37:23.155Z,"80 km NW of San Antonio, Puerto Rico",earthquake,3.21,18.83,0.06,5,reviewed,pr,pr
2018-09-18T01:36:22.280Z,-38.1788,176.3205,158.27,4.8,mb,,55,0.677,0.8,us,us2000hg6g,2025-12-22T17:50:53.952Z,"7 km SE of Rotorua, New Zealand",earthquake,6.6,5.8,0.1,31,reviewed,us,us
2018-09-18T01:14:05.200Z,40.3746667,-125.0788333,1.16,3.27,ml,29,268,0.5748,0.2,nc,nc73086796,2018-11-27T15:51:58.040Z,"68km W of Petrolia, CA",earthquake,1.01,1.21,0.228,26,reviewed,nc,nc
2018-09-18T01:07:37.340Z,18.7701,-67.2928,4,2.74,md,3,238,0.7854,0.06,pr,pr2018261001,2018-09-18T05:13:12.270Z,"36 km NNW of San Antonio, Puerto Rico",earthquake,1.22,1.02,0.06,3,reviewed,pr,pr
2018-09-18T01:07:03.500Z,32.3201667,-115.2208333,25.99,3.08,ml,26,193,0.122,0.35,ci,ci38064031,2022-08-08T08:22:15.009Z,"5km SW of Delta, B.C., MX",earthquake,0.91,1.22,0.165,152,reviewed,ci,ci
2018-09-18T01:06:36.810Z,32.3281667,-115.2208333,26.54,2.64,ml,20,142,0.1156,0.26,ci,ci38064023,2018-10-23T15:57:33.964Z,"4km SW of Delta, B.C., MX",earthquake,0.77,1.35,0.188,15,reviewed,ci,ci
2018-09-18T00:52:46.370Z,-24.1087,-66.895,193.6,4.5,mwr,,40,1.647,0.9,us,us2000hg5w,2018-11-27T15:51:58.040Z,"59 km WNW of San Antonio de los Cobres, Argentina",earthquake,6.8,5.6,,,reviewed,us,guc
2018-09-18T00:41:24.810Z,32.4066667,-115.251,3.44,2.81,ml,29,113,0.04743,0.36,ci,ci38064007,2018-10-23T16:20:05.070Z,"8km NW of Delta, B.C., MX",earthquake,0.67,0.49,0.149,78,reviewed,ci,ci
2018-09-18T00:41:14.560Z,7.881,126.5789,95.9,4.4,mb,,61,1.277,0.64,us,us2000hjsq,2018-11-27T15:52:04.040Z,"17 km NE of Cateel, Philippines",earthquake,7.3,6.7,0.096,31,reviewed,us,us
2018-09-17T23:41:10.752Z,69.5147,-144.5908,11.5,3,ml,,,,0.75,ak,ak018bydo0hv,2019-12-02T22:52:45.111Z,"78 km SSW of Kaktovik, Alaska",earthquake,,0.5,,,reviewed,ak,ak
2018-09-17T23:00:34.870Z,-2.9019,138.8049,10,4.7,mb,,97,6.547,0.62,us,us2000hg4n,2018-11-27T15:51:58.040Z,"205 km W of Abepura, Indonesia",earthquake,10,1.9,0.046,147,reviewed,us,us
2018-09-17T20:44:39.390Z,-2.8454,-77.542,104.36,4.6,mb,,76,2.415,0.8,us,us2000hg2x,2018-11-27T15:51:58.040Z,"Peru-Ecuador border region",earthquake,7.7,5.5,0.055,97,reviewed,us,us
2018-09-17T20:26:36.200Z,36.4551,-98.7674,8.163,2.7,ml,,40,,0.65,us,us2000hg29,2018-11-27T15:51:58.040Z,"17 km SE of Waynoka, Oklahoma",earthquake,1.6,8.1,,,reviewed,ok,ok
2018-09-17T20:24:56.684Z,56.2419,-149.0822,7.6,2.6,ml,,,,0.76,aacse,aacse018bybs61w,2021-02-22T17:19:07.995Z,"247 km SE of Chiniak, Alaska",earthquake,,4.2,,,reviewed,aacse,aacse
2018-09-17T20:11:16.450Z,-7.0651,129.6649,145.44,4.3,mb,,87,1.858,0.9,us,us2000hg25,2018-11-27T15:51:57.040Z,"Kepulauan Babar, Indonesia",earthquake,7.7,11.7,0.16,11,reviewed,us,us
2018-09-17T20:10:35.230Z,43.894,-105.3789,0,3.1,ml,,88,0.995,0.78,us,us2000hjr0,2018-11-27T15:52:04.040Z,"18 km NNE of Wright, Wyoming",mining explosion,6.1,1.7,0.051,50,reviewed,us,us
2018-09-17T20:08:17.950Z,24.0249,120.9994,11.84,4.4,mb,,80,0.239,0.93,us,us2000hg3z,2022-08-08T08:21:28.762Z,"7 km NNE of Puli, Taiwan",earthquake,1.5,4,0.134,16,reviewed,us,us
2018-09-17T19:51:56.360Z,19.5163,-67.7676,49,3.29,md,5,334,1.2373,0.28,pr,pr2018260009,2018-11-27T15:51:58.040Z,"123 km NNE of Punta Cana, Dominican Republic",earthquake,3.25,17.69,0.04,4,reviewed,pr,pr
2018-09-17T19:14:08.145Z,69.4907,-144.3981,5.3,2.5,ml,,,,0.63,ak,ak018byb4hji,2019-12-02T22:52:30.967Z,"77 km SSW of Kaktovik, Alaska",earthquake,,0.4,,,reviewed,ak,ak
2018-09-17T19:00:22.560Z,38.4785,70.5652,10,4.9,mb,,42,0.556,0.85,us,us2000hg0m,2022-08-08T08:19:08.030Z,"62 km NE of M?’minobod, Tajikistan",earthquake,4.2,1.9,0.042,177,reviewed,us,us
2018-09-17T18:42:08.938Z,53.9447,-163.0345,14.5,2.6,ml,,,,0.6,ak,ak018byap21p,2019-12-02T22:52:30.068Z,"104 km SSE of False Pass, Alaska",earthquake,,0.4,,,reviewed,ak,ak
2018-09-17T17:35:47.560Z,-2.8253,134.2345,39.69,4.1,mb,,75,1.985,0.72,us,us2000hjqx,2018-11-27T15:52:04.040Z,"152 km WNW of Nabire, Indonesia",earthquake,6.1,9.1,0.146,13,reviewed,us,us
2018-09-17T17:15:48.470Z,1.7966,127.2887,110.19,4.1,mb,,131,1.02,0.71,us,us2000hjqw,2018-11-27T15:52:04.040Z,"80 km W of Tobelo, Indonesia",earthquake,11,9.6,0.131,16,reviewed,us,us
2018-09-17T16:29:16.920Z,-22.7645,-68.8136,117.97,4.5,mb,,81,0.175,0.64,us,us2000hfxa,2018-11-27T15:51:57.040Z,"35 km SSE of Calama, Chile",earthquake,4.4,8.8,0.384,2,reviewed,us,us
2018-09-17T16:05:25.110Z,44.0152,-105.3225,0,3.1,ml,,106,0.933,0.55,us,us2000hfxh,2018-11-27T15:51:57.040Z,"26 km SSE of Antelope Valley-Crestview, Wyoming",mining explosion,3.9,1.8,0.066,30,reviewed,us,us
2018-09-17T16:01:00.200Z,61.1572,-140.512,10,2.8,ml,,106,0.411,0.4,us,us2000hfwn,2023-08-16T18:30:00.702Z,"132 km ESE of McCarthy, Alaska",earthquake,3.5,2,0.034,114,reviewed,us,us
2018-09-17T15:40:18.580Z,-2.619,102.3618,147.45,4.2,mb,,129,3.21,0.59,us,us2000hjqu,2018-11-27T15:52:04.040Z,"93 km NW of Lubuklinggau, Indonesia",earthquake,6.4,9.3,0.147,13,reviewed,us,us
2018-09-17T15:33:53.050Z,7.2424,-79.992,10,4.3,mb,,188,1.917,1.11,us,us2000hfwa,2018-11-27T15:51:57.040Z,"32 km S of Pedasí, Panama",earthquake,8.7,2,0.16,11,reviewed,us,us
2018-09-17T15:29:07.640Z,-10.4959,123.9199,10,4.6,mb,,81,0.811,0.59,us,us2000hjqt,2018-11-27T15:52:04.040Z,"49 km SE of Kupang, Indonesia",earthquake,4.7,1.9,0.173,10,reviewed,us,us
2018-09-17T15:24:00.730Z,69.1652,-146.5829,9.5,2.5,ml,,,,0.61,ak,ak018by8svpl,2019-12-02T22:52:21.940Z,"123 km NNW of Arctic Village, Alaska",earthquake,,0.3,,,reviewed,ak,ak
2018-09-17T14:14:09.020Z,-24.3163,-66.9615,220.53,4.2,ml,,214,1.758,0.39,us,us2000hful,2018-11-27T15:51:57.040Z,"66 km W of San Antonio de los Cobres, Argentina",earthquake,14.2,20.1,,,reviewed,us,guc
2018-09-17T14:10:32.487Z,69.4947,-144.3463,4.6,2.5,ml,,,,0.59,ak,ak018by84ij4,2023-08-16T18:29:52.378Z,"76 km SSW of Kaktovik, Alaska",earthquake,,0.3,,,reviewed,ak,ak
2018-09-17T14:10:07.460Z,37.6556667,-118.9411667,1.63,2.69,md,36,48,0.01042,0.06,nc,nc73085320,2018-09-18T05:30:32.593Z,"4km ENE of Mammoth Lakes, CA",earthquake,0.2,0.32,0.151,31,reviewed,nc,nc
2018-09-17T13:57:13.307Z,51.7804,-171.7425,25.6,2.9,ml,,,,0.6,ak,ak018by7t43m,2019-12-02T22:52:18.023Z,"175 km ESE of Atka, Alaska",earthquake,,1.4,,,reviewed,ak,ak
2018-09-17T13:34:36.470Z,19.1176,-66.827,38,2.96,md,5,316,0.7062,0.15,pr,pr2018260008,2018-09-17T14:34:44.947Z,"69 km N of Hatillo, Puerto Rico",earthquake,1.67,5.95,0.23,5,reviewed,pr,pr
2018-09-17T13:30:51.341Z,50.2654,179.5381,31.9,2.5,ml,,,,0.42,ak,ak018by7nepa,2019-12-02T22:52:57.183Z,"Rat Islands, Aleutian Islands, Alaska",earthquake,,2.8,,,reviewed,ak,ak
2018-09-17T12:35:09.838Z,59.7079,-153.2136,104.8,3.9,ml,,,,0.64,ak,ak018by72yh3,2023-08-16T18:29:48.696Z,"50 km E of Pedro Bay, Alaska",earthquake,,0.2,,,reviewed,ak,ak
2018-09-17T12:01:51.980Z,18.6321,-65.2305,58,2.85,md,17,325,0.789,0.28,pr,pr2018260006,2018-11-27T15:51:57.040Z,"37 km NNE of Culebra, Puerto Rico",earthquake,2.23,3.74,0.43,15,reviewed,pr,pr
2018-09-17T11:48:35.002Z,53.9083,-163.0697,14.3,2.8,ml,,,,0.52,ak,ak018by6kd4c,2019-12-02T22:52:11.189Z,"107 km SSE of False Pass, Alaska",earthquake,,2.8,,,reviewed,ak,ak
2018-09-17T11:35:51.491Z,51.3236,-179.1367,18.4,2.6,ml,,,,0.77,ak,ak018by6hm31,2019-12-02T22:52:54.959Z,"183 km WSW of Adak, Alaska",earthquake,,0.6,,,reviewed,ak,ak
2018-09-17T11:28:27.450Z,-17.9381,-178.4693,556.92,4.4,mb,,114,3.318,0.86,us,us2000hftj,2018-11-27T15:51:57.040Z,"234 km E of Levuka, Fiji",earthquake,8.6,9,0.072,56,reviewed,us,us
2018-09-17T11:03:31.750Z,-17.6717,-178.1079,543.87,4.4,mb,,89,3.66,0.72,us,us2000hjqk,2018-11-27T15:52:04.040Z,"276 km E of Levuka, Fiji",earthquake,12.3,7.3,0.091,35,reviewed,us,us
2018-09-17T10:44:56.428Z,53.8636,-166.8572,3.8,2.6,ml,,,,0.68,ak,ak018by5y4ay,2019-12-02T22:52:07.090Z,"20 km W of Dutch Harbor, Alaska",earthquake,,0.1,,,reviewed,ak,ak
2018-09-17T09:32:40.550Z,-25.2665,178.3098,568.94,5,mb,,29,5.187,1.23,us,us2000hfru,2025-12-22T18:04:39.341Z,"south of the Fiji Islands",earthquake,6.3,5.4,0.028,396,reviewed,us,us
2018-09-17T08:58:36.300Z,52.9367,-167.138,31.34,3.7,mb,,103,0.986,1.23,us,us2000hfrd,2019-12-02T22:51:58.804Z,"111 km SSW of Unalaska, Alaska",earthquake,8,5,0.063,65,reviewed,us,us
2018-09-17T08:43:49.850Z,-17.706,-179.0218,509.08,4,mb,,72,7.928,0.79,us,us2000hjqe,2018-11-27T15:52:04.040Z,"180 km ENE of Levuka, Fiji",earthquake,11.4,7.3,0.102,26,reviewed,us,us
2018-09-17T08:39:40.640Z,34.4346,26.625,10,4.3,mb,,122,1.194,0.7,us,us2000hjqr,2018-11-27T15:52:04.040Z,"91 km SSE of Palekastro, Greece",earthquake,8,1.9,0.094,32,reviewed,us,us
2018-09-17T08:24:42.640Z,18.9888,-67.8508,63,2.91,md,6,337,1.1164,0.18,pr,pr2018260005,2018-11-27T15:51:57.040Z,"73 km NE of Punta Cana, Dominican Republic",earthquake,3.12,7.95,0.21,6,reviewed,pr,pr
2018-09-17T08:19:40.880Z,-9.329,123.6116,89.63,4.7,mb,,76,0.773,0.56,us,us2000hfr7,2018-11-27T15:51:57.040Z,"34 km NNW of Naisano Dua, Indonesia",earthquake,7.1,6.9,0.093,35,reviewed,us,us
2018-09-17T07:47:10.670Z,-21.786,-68.7819,108.48,4.2,mb,,42,0.427,1.03,us,us2000hfr0,2018-11-27T15:51:57.040Z,"75 km N of Calama, Chile",earthquake,3.2,8.2,0.2,7,reviewed,us,us
2018-09-17T07:27:55.410Z,-25.2418,178.5614,596.52,4.5,mb,,111,7.475,0.86,us,us2000hjqm,2018-11-27T15:52:04.040Z,"south of the Fiji Islands",earthquake,13.3,3.2,0.1,29,reviewed,us,us
2018-09-17T07:27:54.190Z,8.7469,-83.3094,10,4.3,mwr,,124,0.334,1.19,us,us2000hfqx,2018-11-27T15:51:57.040Z,"26 km NW of Golfito, Costa Rica",earthquake,5.6,1.8,0.093,11,reviewed,us,us
2018-09-17T06:55:02.250Z,-18.3069,-178.074,590.98,4.2,mb,,178,3.727,1.07,us,us2000hjqa,2018-11-27T15:52:04.040Z,"277 km E of Levuka, Fiji",earthquake,15.6,8,0.132,16,reviewed,us,us
2018-09-17T06:38:29.560Z,55.9181,-149.9322,9.25,3.6,ml,,187,2.271,0.93,us,us2000hfqq,2023-08-16T18:29:22.819Z,"236 km SE of Chiniak, Alaska",earthquake,7,6.1,0.047,60,reviewed,us,us
2018-09-17T06:02:03.660Z,-10.7327,161.1305,10,4.4,mb,,199,1.735,0.2,us,us2000hjq9,2018-11-27T15:52:04.040Z,"91 km WSW of Kirakira, Solomon Islands",earthquake,13,2,0.22,6,reviewed,us,us
2018-09-17T06:01:55.550Z,40.5593333,-126.7608333,7.15,2.92,md,19,300,1.849,0.25,nc,nc73085205,2018-09-29T02:04:02.653Z,"211km W of Ferndale, CA",earthquake,10.85,9.74,0.078,13,reviewed,nc,nc
2018-09-17T05:47:43.300Z,-7.2374,117.4865,531.51,4.5,mb,,27,3.154,1.12,us,us2000hfq4,2018-11-27T15:51:57.040Z,"129 km N of Pototano, Indonesia",earthquake,9,4,0.064,71,reviewed,us,us
2018-09-17T05:27:02.340Z,18.9898,-66.78,28,2.88,md,7,297,0.6185,0.32,pr,pr2018260002,2018-09-17T07:34:04.953Z,"55 km N of Hatillo, Puerto Rico",earthquake,1.77,10.64,0.12,7,reviewed,pr,pr
2018-09-17T05:07:08.310Z,-15.2526,-173.2419,10,4.3,mb,,96,1.947,0.45,us,us2000hjq7,2018-11-27T15:52:04.040Z,"97 km NE of Hihifo, Tonga",earthquake,7.5,2,0.216,6,reviewed,us,us
2018-09-17T04:53:16.300Z,47.2515,150.955,172.35,4.5,mb,,58,5.602,0.71,us,us2000hfps,2018-11-27T15:51:57.040Z,"Kuril Islands",earthquake,10.1,4.9,0.033,262,reviewed,us,us
2018-09-17T03:49:04.080Z,-22.0562,-179.4954,580.8,4.4,mb,,61,4.87,0.74,us,us2000hfph,2018-11-27T15:51:57.040Z,"south of the Fiji Islands",earthquake,12.5,7,0.049,121,reviewed,us,us
2018-09-17T03:20:57.020Z,7.4141,126.9348,28,4.3,mb,,101,1.387,0.6,us,us2000hjq4,2018-11-27T15:52:04.040Z,"38 km E of Baculin, Philippines",earthquake,8.7,4.6,0.119,21,reviewed,us,us
2018-09-17T02:35:18.265Z,69.5272,-144.2519,10.9,2.5,ml,,,,0.72,ak,ak018by14n2q,2023-08-16T18:28:52.196Z,"71 km SSW of Kaktovik, Alaska",earthquake,,0.2,,,reviewed,ak,ak
2018-09-17T02:32:09.890Z,26.7095,129.7013,10,5,mb,,71,1.283,0.84,us,us2000hfp0,2018-11-27T15:51:57.040Z,"Ryukyu Islands, Japan",earthquake,6.1,1.8,0.043,171,reviewed,us,us
2018-09-17T02:26:26.640Z,26.7196,129.7067,10,4.4,mb,,72,1.287,1.01,us,us2000hjqc,2018-11-27T15:52:04.040Z,"171 km E of Nago, Japan",earthquake,5.4,1.8,0.144,15,reviewed,us,us
2018-09-17T02:22:06.370Z,59.7538,-136.5785,10,3.1,ml,,84,0.601,1.1,us,us2000hfnq,2023-08-16T18:28:51.000Z,"37 km NW of Mosquito Lake, Alaska",earthquake,2.6,2,0.039,86,reviewed,us,us
2018-09-17T02:06:57.570Z,55.9976,163.1645,10,4.6,mb,,58,3.975,0.85,us,us2000hfnl,2018-11-27T15:51:57.040Z,"49 km ESE of Ust’-Kamchatsk Staryy, Russia",earthquake,9.4,1.8,0.054,100,reviewed,us,us
2018-09-17T02:01:39.080Z,-24.4957,-175.4785,10,5.1,mb,,77,5.211,1.33,us,us2000hfnm,2025-12-22T17:50:53.214Z,"south of Tonga",earthquake,10,1.8,0.057,102,reviewed,us,us
2018-09-17T01:48:45.060Z,-24.0257,-66.8732,206.43,4.1,mb,,40,1.606,0.92,us,us2000hfn7,2018-11-27T15:51:57.040Z,"60 km WNW of San Antonio de los Cobres, Argentina",earthquake,4.3,7.6,0.151,12,reviewed,us,us
2018-09-17T01:36:02.689Z,61.8149,-149.8221,40.2,3,ml,,,,0.61,ak,ak018by0jdzg,2023-08-16T18:28:48.611Z,"13 km ENE of Willow, Alaska",earthquake,,0.2,,,reviewed,ak,ak
2018-09-17T01:21:01.566Z,56.142,-149.1303,13.9,2.7,ml,,,,0.93,aacse,aacse018by0g65o,2021-02-22T17:19:09.374Z,"252 km SE of Chiniak, Alaska",earthquake,,12.2,,,reviewed,aacse,aacse
2018-09-17T01:03:34.760Z,-19.5966,167.8884,10,4.6,mb,,117,1.322,0.97,us,us2000hjq0,2018-11-27T15:52:04.040Z,"146 km W of Isangel, Vanuatu",earthquake,6.8,1.9,0.136,17,reviewed,us,us
2018-09-17T00:24:14.010Z,-15.3926,167.4971,117.29,5.3,mww,,53,5.361,0.99,us,us2000hfmc,2025-12-22T17:47:29.958Z,"38 km ENE of Luganville, Vanuatu",earthquake,7.6,4.3,0.065,23,reviewed,us,us
2018-09-17T00:24:10.560Z,34.4635,26.4893,23.24,4.9,mww,,42,1.213,0.62,us,us2000hfm5,2025-12-22T17:50:52.483Z,"84 km SSE of Palekastro, Greece",earthquake,6.1,5,0.103,9,reviewed,us,us
2018-09-17T00:22:33.070Z,36.704,71.1295,247.04,4.1,mb,,65,0.611,0.82,us,us2000hfme,2018-11-27T15:51:57.040Z,"31 km SE of Jurm, Afghanistan",earthquake,6.4,5.1,0.053,97,reviewed,us,us
2018-09-17T00:21:05.140Z,37.1999,137.7938,227.08,4.1,mb,,66,0.731,0.86,us,us2000hfm0,2018-11-27T15:51:57.040Z,"19 km NNW of Itoigawa, Japan",earthquake,6.8,5.2,0.052,103,reviewed,us,us
2018-09-17T00:13:42.100Z,14.6992,146.3941,49.35,4.4,mb,,92,0.794,0.72,us,us2000hjpz,2018-11-27T15:52:04.040Z,"88 km ESE of San Jose Village, Northern Mariana Islands",earthquake,9.3,11.8,0.105,26,reviewed,us,us
2018-09-17T00:08:26.690Z,45.1358333,-122.9721667,40.89,2.83,ml,45,30,0.1447,0.24,uw,uw61419862,2018-11-27T15:51:56.040Z,"6 km WNW of Gervais, Oregon",earthquake,0.31,0.38,0.183,25,reviewed,uw,uw
2018-09-17T00:08:23.270Z,-25.322,178.5306,581.29,4.7,mb,,65,5.019,1.18,us,us2000hflr,2018-11-27T15:51:56.040Z,"south of the Fiji Islands",earthquake,11.9,7.3,0.052,111,reviewed,us,us
2018-09-17T00:01:46.770Z,19.0013,-65.4171,30,2.83,md,6,322,0.9609,0.25,pr,pr2018260000,2018-09-17T04:27:12.114Z,"76 km NNE of Luquillo, Puerto Rico",earthquake,2.48,16.93,0.19,4,reviewed,pr,pr
2018-09-16T23:03:05.301Z,69.4624,-144.1298,3.8,2.6,ml,,,,0.79,ak,ak018bwpwide,2023-08-16T18:28:40.253Z,"77 km SSW of Kaktovik, Alaska",earthquake,,0.2,,,reviewed,ak,ak
2018-09-16T22:47:42.990Z,19.662,-65.2903,40,3.43,md,11,310,1.5684,0.45,pr,pr2018259004,2018-11-21T18:19:07.040Z,"148 km NNE of Vieques, Puerto Rico",earthquake,3.94,32.27,0.28,6,reviewed,pr,pr
2018-09-16T22:41:37.640Z,40.3393333,-124.6913333,25.38,2.61,md,42,229,0.3025,0.23,nc,nc73085095,2018-09-18T02:32:01.975Z,"34km W of Petrolia, CA",earthquake,0.71,2.93,0.168,32,reviewed,nc,nc
2018-09-16T22:31:03.610Z,31.3166,-103.0986,2.03,2.6,mb_lg,,46,0.289,0.4,us,us2000hflc,2018-11-21T18:19:13.040Z,"8 km NNW of Coyanosa, Texas",earthquake,1.3,6.7,0.114,20,reviewed,us,us
2018-09-16T22:04:11.430Z,36.8373333,-121.571,6.2,2.5,md,60,37,0.02636,0.11,nc,nc73085075,2018-09-17T23:25:03.617Z,"3km WSW of San Juan Bautista, CA",earthquake,0.15,0.33,0.143,92,reviewed,nc,nc
2018-09-16T22:00:56.572Z,56.359,-148.8373,11,2.8,ml,,,,0.48,ak,ak018bwpajkp,2021-02-22T17:19:44.374Z,"251 km SE of Chiniak, Alaska",earthquake,,9.4,,,reviewed,ak,ak
2018-09-16T21:54:47.632Z,51.1777,-177.8438,25.7,3,ml,,,,0.47,ak,ak018bwp0ny3,2019-12-02T22:51:34.083Z,"114 km SW of Adak, Alaska",earthquake,,2.5,,,reviewed,ak,ak
2018-09-16T21:54:03.270Z,-19.5106,-177.7151,367.83,4.5,mb,,138,4.38,0.95,us,us2000hics,2018-11-21T18:19:17.040Z,"Fiji region",earthquake,16.2,9.7,0.127,18,reviewed,us,us
2018-09-16T21:30:25.700Z,56.2771,-148.9602,20.13,4.9,mb,,143,2.49,0.76,us,us2000hfk6,2023-08-16T18:28:35.656Z,"250 km SE of Chiniak, Alaska",earthquake,6.6,5.8,0.129,19,reviewed,us,us
2018-09-16T21:30:23.500Z,-25.4607,178.501,613.32,4.7,mb,,90,4.928,0.74,us,us2000hicm,2018-11-21T18:19:17.040Z,"south of the Fiji Islands",earthquake,13,8.2,0.079,48,reviewed,us,us
2018-09-16T21:11:48.820Z,-25.415,178.1991,576,6.5,mww,,18,5.139,0.75,us,us2000hfjk,2022-08-08T08:15:05.063Z,"south of the Fiji Islands",earthquake,9.3,1.9,0.06,27,reviewed,us,us
2018-09-16T21:03:54.640Z,56.2732,-148.4757,20.33,3.5,ml,,175,2.707,0.61,us,us2000hfjg,2021-02-22T17:19:48.517Z,"275 km SE of Chiniak, Alaska",earthquake,8.3,10.1,0.042,76,reviewed,us,us
2018-09-16T20:42:59.480Z,40.5085,-124.8653333,23.56,2.62,md,34,267,0.4039,0.23,nc,nc73085050,2018-09-21T07:21:03.444Z,"51km W of Ferndale, CA",earthquake,2.75,15.9,0.283,27,reviewed,nc,nc
2018-09-16T20:20:55.010Z,6.5737,130.1448,10,4.9,mb,,120,4.56,0.93,us,us2000hfj7,2025-12-22T17:50:51.530Z,"267 km WNW of Sonsorol Village, Palau",earthquake,9.3,1.9,0.072,61,reviewed,us,us
2018-09-16T20:01:23.140Z,-34.7836,-179.3425,10,4.6,mb,,176,3.362,1.35,us,us2000hick,2018-11-21T18:19:17.040Z,"south of the Kermadec Islands",earthquake,11.1,1.9,0.137,16,reviewed,us,us
2018-09-16T19:33:48.603Z,63.3597,-151.812,15.2,2.9,ml,,,,0.88,ak,ak018bwnparw,2023-08-16T18:28:25.680Z,"20 km SSW of Denali National Park, Alaska",earthquake,,0.2,,,reviewed,ak,ak
2018-09-16T19:11:54.565Z,65.1562,-151.3493,15.5,3.9,ml,,,,0.98,ak,ak018bwnklhc,2023-08-16T18:28:24.388Z,"34 km E of Tanana, Alaska",earthquake,,0.2,,,reviewed,ak,ak
2018-09-16T18:46:55.820Z,18.2103,-76.9167,10,3.3,mb_lg,,90,0.587,0.62,us,us2000hfin,2018-11-21T18:19:13.040Z,"5 km SSW of Richmond, Jamaica",earthquake,3.2,2,0.208,6,reviewed,us,us
2018-09-16T18:45:25.270Z,10.8851,144.7139,10,4.5,mb,,176,2.692,0.67,us,us2000hici,2018-11-21T18:19:17.040Z,"263 km S of Merizo Village, Guam",earthquake,13.2,2,0.15,13,reviewed,us,us
2018-09-16T18:12:44.010Z,-24.8817,-176.3236,35,4.6,mb,,220,15.481,0.97,us,us2000hicp,2018-11-21T18:19:17.040Z,"south of the Fiji Islands",earthquake,11.6,2,0.125,19,reviewed,us,us
2018-09-16T17:51:42.900Z,18.9978,-67.4601,51,2.85,md,19,295,0.6136,0.66,pr,pr2018259003,2018-11-21T18:19:07.040Z,"67 km NW of San Antonio, Puerto Rico",earthquake,3.44,8.15,0.3,19,reviewed,pr,pr
2018-09-16T17:51:29.210Z,42.6789,141.8707,13.88,4.8,mb,,70,1.161,0.72,us,us2000hfi7,2018-11-21T18:19:13.040Z,"22 km ENE of Tomakomai, Japan",earthquake,7.2,4.7,0.07,63,reviewed,us,us
2018-09-16T17:43:41.550Z,6.7762,-72.9383,167.86,4.2,mb,,65,2.36,0.78,us,us2000hfi3,2022-08-08T08:14:20.644Z,"4 km ENE of Cepitá, Colombia",earthquake,9.5,7.1,0.077,47,reviewed,us,us
2018-09-16T17:37:36.000Z,35.9606,-97.2316,5.466,2.6,ml,,20,,0.16,us,us2000hfhx,2018-11-21T18:19:13.040Z,"0 km NNE of Coyle, Oklahoma",earthquake,0.9,2.9,,,reviewed,ok,ok
2018-09-16T17:35:57.040Z,26.655,129.6809,10,4.5,mb,,83,1.272,0.65,us,us2000hich,2018-11-21T18:19:17.040Z,"168 km E of Nago, Japan",earthquake,6.5,1.8,0.163,11,reviewed,us,us
2018-09-16T17:28:31.130Z,54.4994,167.2484,10,4,mb,,187,5.311,0.93,us,us2000hicg,2018-11-21T18:19:17.040Z,"Komandorskiye Ostrova, Russia region",earthquake,13.9,2,0.078,44,reviewed,us,us
2018-09-16T17:03:10.610Z,-55.6396,-28.4678,42.57,4.4,mb,,81,4.817,0.83,us,us2000hicn,2018-11-21T18:19:17.040Z,"South Sandwich Islands region",earthquake,8.4,9,0.144,14,reviewed,us,us
2018-09-16T16:56:32.930Z,32.8688,-100.9073,5,2.8,mb_lg,,40,0.021,0.21,us,us2000hfht,2018-11-21T18:19:13.040Z,"16 km N of Snyder, Texas",earthquake,3.2,2,0.074,72,reviewed,us,us
2018-09-16T16:26:24.025Z,55.9563,-150.0777,11.7,2.9,ml,,,,0.77,ak,ak018bwlvg1u,2021-02-22T17:19:45.656Z,"228 km SE of Chiniak, Alaska",earthquake,,3.9,,,reviewed,ak,ak
2018-09-16T16:25:58.440Z,-34.1212,-178.8328,10,4.4,mb,,116,4.145,0.25,us,us2000hice,2018-11-21T18:19:17.040Z,"south of the Kermadec Islands",earthquake,15.4,2,0.17,10,reviewed,us,us
2018-09-16T16:04:27.530Z,5.7873,126.3024,132.35,4.5,mb,,108,1.462,0.78,us,us2000hicf,2018-11-21T18:19:17.040Z,"64 km SSE of Pondaguitan, Philippines",earthquake,9.8,7.1,0.088,38,reviewed,us,us
2018-09-16T15:53:08.120Z,-6.5768,155.1654,54.18,4.4,mb,,143,3.814,0.35,us,us2000hicl,2018-11-21T18:19:17.040Z,"45 km SW of Panguna, Papua New Guinea",earthquake,9.8,9.3,0.178,9,reviewed,us,us
2018-09-16T15:34:22.770Z,44.4278,-114.1085,5,2.8,ml,,81,0.892,0.75,us,us2000hfhg,2022-08-08T08:13:31.034Z,"13 km SE of Challis, Idaho",earthquake,3,2,0.049,54,reviewed,us,us
2018-09-16T15:08:49.210Z,-37.3118,179.8753,2.47,4.2,mb,,283,1.273,0.46,us,us2000hicb,2018-11-21T18:19:17.040Z,"221 km NE of Gisborne, New Zealand",earthquake,4.8,8.5,0.176,9,reviewed,us,us
2018-09-16T15:00:30.800Z,-14.6103,166.8169,35,5.3,mww,,109,6.146,0.71,us,us2000hfhb,2022-05-03T19:46:25.505Z,"55 km NNW of Port-Olry, Vanuatu",earthquake,9.4,1.9,0.059,28,reviewed,us,us
2018-09-16T14:09:20.120Z,40.458,-124.5231667,22.7,2.56,md,27,243,0.1427,0.1,nc,nc73085005,2018-09-21T06:44:03.242Z,"25km NW of Petrolia, CA",earthquake,0.83,0.66,0.315,29,reviewed,nc,nc
2018-09-16T13:58:39.150Z,24.1515,143.464,10,4.5,mb,,166,18.781,0.67,us,us2000hic8,2018-11-21T18:19:17.040Z,"Volcano Islands, Japan region",earthquake,9.7,2,0.27,7,reviewed,us,us
2018-09-16T13:51:35.900Z,-8.6222,109.7753,85.49,4.2,mb,,83,1.022,0.56,us,us2000hic5,2018-11-21T18:19:17.040Z,"91 km SW of Srandakan, Indonesia",earthquake,9,4.4,0.176,9,reviewed,us,us
2018-09-16T13:47:36.460Z,-17.9357,-177.6762,560.68,4.2,mb,,319,4.072,0.29,us,us2000hic4,2018-11-21T18:19:17.040Z,"Fiji region",earthquake,28.9,6.5,0.128,17,reviewed,us,us
2018-09-16T13:32:25.820Z,-20.3534,-70.0281,46.05,4.4,mb,,96,0.127,0.65,us,us2000hfgv,2022-08-08T08:12:46.123Z,"20 km SE of Iquique, Chile",earthquake,6.3,4.7,0.135,27,reviewed,us,us
2018-09-16T13:25:21.410Z,-15.1407,-174.202,153.03,4.3,mb,,111,2.648,0.31,us,us2000hic3,2018-11-21T18:19:17.040Z,"100 km NNW of Hihifo, Tonga",earthquake,16.5,12.6,0.177,9,reviewed,us,us
2018-09-16T13:20:16.000Z,55.4294,-162.2342,161.2,2.9,ml,,,,0.77,aacse,aacse0183b1kieik,2021-02-22T17:19:10.318Z,"41 km NE of Cold Bay, Alaska",earthquake,,1.5,,,reviewed,aacse,aacse
2018-09-16T13:15:53.550Z,40.4203333,-125.4225,5.83,2.69,md,15,302,0.8299,0.31,nc,nc73084985,2018-09-18T02:17:03.654Z,"97km W of Petrolia, CA",earthquake,14.43,13.69,0.18,27,reviewed,nc,nc
2018-09-16T13:11:42.810Z,52.007,-174.2373,55.9,2.8,ml,,,,0.49,us,us2000hfja,2023-08-16T18:27:40.625Z,"21 km S of Atka, Alaska",earthquake,9.5,7.5,,,reviewed,ak,ak
2018-09-16T13:10:48.390Z,-18.0824,-177.9614,550.28,5.4,mww,,45,3.809,1.33,us,us2000hfgl,2025-12-22T18:04:38.077Z,"288 km E of Levuka, Fiji",earthquake,9.3,5.1,0.089,12,reviewed,us,us
2018-09-16T13:05:40.329Z,69.454,-144.1166,9.9,2.9,ml,,,,0.84,ak,ak018bwjyogg,2023-08-16T18:27:39.374Z,"77 km SSW of Kaktovik, Alaska",earthquake,,0.3,,,reviewed,ak,ak
2018-09-16T12:55:59.250Z,56.6637,-169.3087,21.7,3,ml,,,,0.39,ak,ak018bwjo045,2019-12-02T22:51:28.195Z,"16 km ENE of Saint George, Alaska",earthquake,,1.6,,,reviewed,ak,ak
2018-09-16T12:14:40.440Z,-12.9222,168.6163,557.27,4.3,mb,,68,7.921,0.75,us,us2000hfg9,2018-11-21T18:19:12.040Z,"156 km NE of Sola, Vanuatu",earthquake,14.5,11.1,0.077,47,reviewed,us,us
2018-09-16T11:37:30.730Z,33.2591667,-116.7586667,13.52,2.98,ml,136,13,0.02312,0.21,ci,ci38061959,2019-03-04T18:51:10.563Z,"2km NNE of Lake Henshaw, CA",earthquake,0.11,0.3,0.143,207,reviewed,ci,ci
2018-09-16T11:16:38.450Z,-10.3942,161.2292,79.54,4.6,mb,,103,1.58,0.61,us,us2000hffy,2018-11-21T18:19:12.040Z,"75 km W of Kirakira, Solomon Islands",earthquake,7.7,6.6,0.092,35,reviewed,us,us
2018-09-16T11:10:05.060Z,56.2194,-149.3506,10.6,3,ml,,,,0.83,ak,ak018bwist3u,2021-02-22T17:19:49.852Z,"236 km SE of Chiniak, Alaska",earthquake,,5.1,,,reviewed,ak,ak
2018-09-16T10:52:37.540Z,26.7024,129.5769,10,4.8,mb,,87,1.173,0.61,us,us2000hicd,2018-11-21T18:19:17.040Z,"158 km E of Nago, Japan",earthquake,2.5,1.9,0.097,33,reviewed,us,us
2018-09-16T10:39:06.555Z,51.0373,-176.6677,14.6,2.7,ml,,,,0.61,ak,ak018bwidldr,2019-12-02T22:50:46.275Z,"93 km S of Adak, Alaska",earthquake,,0.7,,,reviewed,ak,ak
2018-09-16T10:30:57.920Z,-4.1675,129.8778,67.81,4.3,mb,,74,2.671,0.91,us,us2000hffh,2018-11-21T18:19:12.040Z,"140 km SE of Amahai, Indonesia",earthquake,8,5.9,0.109,24,reviewed,us,us
2018-09-16T09:58:36.280Z,18.2578,-68.6451,85,3.05,md,4,249,1.5559,0.15,pr,pr2018259002,2022-08-08T08:12:00.123Z,"13 km SSW of Boca de Yuma, Dominican Republic",earthquake,6.06,2.39,0.18,4,reviewed,pr,pr
2018-09-16T09:50:24.590Z,-7.4627,128.3836,149.94,4.1,mb,,118,5.931,0.48,us,us2000hibz,2018-11-21T18:19:17.040Z,"192 km NE of Lospalos, Timor Leste",earthquake,14.4,11.5,0.198,7,reviewed,us,us
2018-09-16T09:45:03.240Z,-18.0285,-178.4817,557.76,4.5,mb,,193,3.312,0.7,us,us2000hiby,2018-11-21T18:19:17.040Z,"233 km E of Levuka, Fiji",earthquake,15.2,8.4,0.104,27,reviewed,us,us
2018-09-16T09:39:35.900Z,35.4905,-118.3456667,3.14,2.7,ml,48,44,0.1737,0.14,ci,ci38061911,2018-10-23T16:14:55.759Z,"17km SE of Bodfish, CA",earthquake,0.13,0.51,0.135,142,reviewed,ci,ci
2018-09-16T08:57:41.170Z,56.3985,8.0287,10,3.8,mb,,109,3.365,0.96,us,us2000hibw,2023-03-18T07:47:48.409Z,"23 km NW of Ulfborg, Denmark",earthquake,4.1,2,0.361,2,reviewed,us,us
2018-09-16T08:34:01.960Z,-33.7557,-178.9002,10,4.6,mb,,249,4.426,0.36,us,us2000hic6,2018-11-21T18:19:17.040Z,"south of the Kermadec Islands",earthquake,13.8,2,0.151,13,reviewed,us,us
2018-09-16T07:47:29.610Z,-17.676,179.9691,626.66,4.4,mb,,60,1.827,0.96,us,us2000hfdu,2018-11-21T18:19:12.040Z,"81 km ENE of Levuka, Fiji",earthquake,12,6.9,0.038,200,reviewed,us,us
2018-09-16T07:44:17.061Z,69.5381,-144.5258,7.3,3,ml,,,,0.84,ak,ak018bwgmdyi,2023-08-16T18:26:58.555Z,"74 km SSW of Kaktovik, Alaska",earthquake,,0.4,,,reviewed,ak,ak
2018-09-16T07:30:52.510Z,-34.2657,-178.534,10,4.1,mb,,240,4.17,0.31,us,us2000hibq,2018-11-21T18:19:16.040Z,"south of the Kermadec Islands",earthquake,15.9,2,0.175,9,reviewed,us,us
2018-09-16T07:28:06.170Z,0.5009,126.9552,56.99,4.4,mb,,101,0.491,0.62,us,us2000hibs,2018-11-21T18:19:17.040Z,"57 km SW of Ternate, Indonesia",earthquake,7.3,10.4,0.123,19,reviewed,us,us
2018-09-16T07:22:15.361Z,56.7088,-148.5576,10.2,2.9,ml,,,,0.57,ak,ak018bwgho2o,2023-08-16T18:26:54.859Z,"246 km ESE of Chiniak, Alaska",earthquake,,4.5,,,reviewed,ak,ak
2018-09-16T07:19:26.544Z,56.2408,-149.3669,8.3,2.7,ml,,,,0.49,ak,ak018bwgh1se,2021-02-22T17:19:46.287Z,"234 km SE of Chiniak, Alaska",earthquake,,9.5,,,reviewed,ak,ak
2018-09-16T07:16:11.836Z,56.2878,-149.3406,11.2,2.8,ml,,,,0.64,ak,ak018bwggdi7,2021-02-22T17:19:46.661Z,"231 km SE of Chiniak, Alaska",earthquake,,6.7,,,reviewed,ak,ak
2018-09-16T07:12:18.810Z,-18.7322,-175.4421,149.08,4.1,mb,,118,5.232,0.46,us,us2000hibr,2018-11-21T18:19:17.040Z,"154 km W of Neiafu, Tonga",earthquake,8.6,12.7,0.14,14,reviewed,us,us
2018-09-16T07:01:12.130Z,-18.7638,-69.8781,86.34,4.1,mb,,123,0.588,0.89,us,us2000hfde,2018-11-21T18:19:06.040Z,"54 km SE of Arica, Chile",earthquake,5.4,6.9,0.14,14,reviewed,us,us
2018-09-16T06:54:33.160Z,-4.9123,102.9571,50.13,5,mb,,65,2.647,0.79,us,us2000hfdd,2018-11-21T18:19:12.040Z,"103 km SSW of Pagar Alam, Indonesia",earthquake,7.3,2.4,0.06,89,reviewed,us,us
2018-09-16T06:54:28.110Z,56.15,-149.3332,23.09,3.4,ml,,184,2.418,0.6,us,us2000hfdc,2021-02-22T17:19:51.307Z,"242 km SE of Chiniak, Alaska",earthquake,8.3,10.1,0.046,62,reviewed,us,us
2018-09-16T06:47:09.872Z,56.369,-149.336,9.3,2.6,ml,,,,0.73,ak,ak018bwg1ky3,2021-02-22T17:19:47.077Z,"226 km SE of Chiniak, Alaska",earthquake,,7.4,,,reviewed,ak,ak
2018-09-16T06:26:01.476Z,56.3512,-149.3719,10.5,2.5,ml,,,,0.7,ak,ak018bwfx29f,2021-02-22T17:19:47.441Z,"225 km SE of Chiniak, Alaska",earthquake,,8.6,,,reviewed,ak,ak
2018-09-16T05:19:30.222Z,56.3665,-149.3738,3.9,2.7,ml,,,,0.48,ak,ak018bwfa6v2,2021-02-22T17:19:51.914Z,"224 km SE of Chiniak, Alaska",earthquake,,3.1,,,reviewed,ak,ak
2018-09-16T04:56:25.520Z,-34.3146,116.759,10,5.3,mww,,42,1.44,1.39,us,us2000hfcw,2022-05-03T19:30:43.798Z,"57 km E of Manjimup, Australia",earthquake,8.8,1.7,0.083,14,reviewed,us,us
2018-09-16T04:30:14.200Z,16.2384,-98.4345,10,4.7,mb,,159,0.332,0.84,us,us2000hfck,2018-11-21T18:19:06.040Z,"11 km S of Santiago Tepextla, Mexico",earthquake,3.4,1.9,0.028,380,reviewed,us,us
2018-09-16T04:15:28.801Z,56.1962,-149.3848,12,2.6,ml,,,,0.57,ak,ak018bwenwa8,2021-02-22T17:19:48.154Z,"236 km SE of Chiniak, Alaska",earthquake,,11.1,,,reviewed,ak,ak
2018-09-16T04:13:11.345Z,56.105,-149.1082,14.2,2.6,ml,,,,1.14,aacse,aacse018bwenfi6,2021-02-22T17:19:11.904Z,"256 km SE of Chiniak, Alaska",earthquake,,13.8,,,reviewed,aacse,aacse
2018-09-16T03:42:53.600Z,0.8179,122.548,72.49,4.3,mb,,76,1.79,0.93,us,us2000hibl,2018-11-21T18:19:16.040Z,"65 km WNW of Gorontalo, Indonesia",earthquake,9.6,7.4,0.147,13,reviewed,us,us
2018-09-16T03:30:15.620Z,-18.1341,-178.3681,574.52,4.3,mb,,75,3.429,1.11,us,us2000hibk,2018-11-21T18:19:16.040Z,"245 km E of Levuka, Fiji",earthquake,13.5,5.6,0.084,40,reviewed,us,us
2018-09-16T03:09:03.250Z,56.256,-149.4373,21.74,4.2,mb,,142,2.302,0.94,us,us2000hfc8,2021-02-22T17:19:12.219Z,"229 km SE of Chiniak, Alaska",earthquake,6.8,8.3,0.263,4,reviewed,us,us
2018-09-16T02:52:42.630Z,-35.8277,-102.6337,10,4.7,mb,,59,10.405,0.62,us,us2000hict,2018-11-21T18:19:17.040Z,"southeast of Easter Island",earthquake,11.5,1.9,0.08,47,reviewed,us,us
2018-09-16T02:50:36.110Z,42.5732,143.6683,71.44,4.4,mb,,151,0.674,0.89,us,us2000hibh,2018-11-21T18:19:16.040Z,"53 km SE of Obihiro, Japan",earthquake,8.5,8.7,0.268,4,reviewed,us,us
2018-09-16T02:11:45.600Z,-57.9914,-25.7374,51.04,4.4,mb,,83,7.061,0.72,us,us2000hibf,2018-11-21T18:19:16.040Z,"South Sandwich Islands region",earthquake,8.5,7.2,0.098,30,reviewed,us,us
2018-09-16T02:04:12.530Z,26.8565,53.1913,10,4,mb,,122,3.314,0.77,us,us2000hibg,2018-11-21T18:19:16.040Z,"83 km SSE of Mohr, Iran",earthquake,5.7,1.9,0.134,15,reviewed,us,us
2018-09-16T01:58:58.200Z,36.4602,-96.8763,3.443,2.6,ml,,54,,0.45,us,us2000hfbv,2018-11-21T18:19:12.040Z,"13 km WSW of Ralston, Oklahoma",earthquake,1.8,2.4,,,reviewed,ok,ok
2018-09-16T01:49:50.460Z,-32.242,-179.166,90.9,4.3,mb,,151,3.171,1.08,us,us2000hibd,2018-11-21T18:19:16.040Z,"south of the Kermadec Islands",earthquake,4.2,11.1,0.154,12,reviewed,us,us
2018-09-16T01:24:10.400Z,36.1365,-97.6177,5,2.8,ml,,26,,0.33,us,us2000hfbh,2018-11-21T18:19:12.040Z,"2 km SSE of Marshall, Oklahoma",earthquake,1.1,4.8,,,reviewed,ok,ok
2018-09-16T00:55:18.311Z,56.489,-149.0429,11.9,3,ml,,,,0.64,ak,ak018bwcipp3,2021-02-22T17:19:52.334Z,"232 km SE of Chiniak, Alaska",earthquake,,3.4,,,reviewed,ak,ak
2018-09-16T00:36:06.490Z,-48.3746,107.2171,10,4.8,mb,,62,18.038,0.72,us,us2000hfbd,2025-12-22T17:50:50.826Z,"southeast Indian Ridge",earthquake,12.7,1.8,0.119,22,reviewed,us,us
2018-09-16T00:11:54.670Z,69.5016,-144.3276,3.1,2.6,ml,,,,0.96,ak,ak018bwc9czv,2023-08-16T18:26:04.673Z,"75 km SSW of Kaktovik, Alaska",earthquake,,0.5,,,reviewed,ak,ak
2018-09-16T00:03:26.210Z,6.3515,126.1814,144.27,4.7,mb,,92,0.931,0.78,us,us2000hfah,2018-11-21T18:19:12.040Z,"1 km SSE of Pondaguitan, Philippines",earthquake,8.1,5.6,0.067,68,reviewed,us,us
2018-09-16T00:01:22.400Z,-34.724,-178.3949,10,4.7,mb,,195,3.891,1.23,us,us2000hfai,2018-11-21T18:19:12.040Z,"south of the Kermadec Islands",earthquake,7.1,1.9,0.175,10,reviewed,us,us
2018-09-15T23:10:02.750Z,-17.858,-178.1632,495.97,4.9,mb,,30,3.606,0.68,us,us2000hfa8,2025-12-22T17:51:14.278Z,"267 km E of Levuka, Fiji",earthquake,10.4,5.8,0.049,129,reviewed,us,us
2018-09-15T23:05:35.632Z,50.1011,-178.4469,36.8,2.5,ml,,,,0.67,ak,ak018bv2dnnf,2019-12-02T22:50:22.744Z,"234 km SSW of Adak, Alaska",earthquake,,13.1,,,reviewed,ak,ak
2018-09-15T22:49:11.010Z,-22.376,170.0131,10,4.3,mb,,119,2.385,0.94,us,us2000hiaq,2018-11-21T18:19:16.040Z,"238 km ESE of Tadine, New Caledonia",earthquake,7.6,1.9,0.201,7,reviewed,us,us
2018-09-15T22:25:37.950Z,-41.0839,-90.6956,10,4.3,mb,,210,15.753,1.19,us,us2000hiat,2018-11-21T18:19:16.040Z,"southeast of Easter Island",earthquake,9.5,2,0.133,16,reviewed,us,us
2018-09-15T21:53:20.110Z,-30.2162,-177.8946,45.1,4.3,mb,,182,0.968,0.59,us,us2000hiap,2018-11-21T18:19:16.040Z,"Kermadec Islands, New Zealand",earthquake,13,11,0.177,9,reviewed,us,us
2018-09-15T21:46:48.590Z,18.2356,-67.906,92,3.05,md,5,325,0.8279,0.32,pr,pr2018258012,2018-11-21T18:19:07.040Z,"65 km SE of Punta Cana, Dominican Republic",earthquake,3.43,4.19,0.11,3,reviewed,pr,pr
2018-09-15T21:33:41.060Z,-27.9162,74.3995,10,4.6,mb,,101,44.526,0.63,us,us2000hian,2025-12-22T17:51:06.936Z,"Mid-Indian Ridge",earthquake,15.8,1.9,0.114,23,reviewed,us,us
2018-09-15T20:55:12.403Z,56.4065,-148.605,12,2.6,ml,,,,0.79,ak,ak018bv0w0ug,2021-02-22T17:19:52.886Z,"260 km ESE of Chiniak, Alaska",earthquake,,3.5,,,reviewed,ak,ak
2018-09-15T19:59:44.590Z,54.6996,-156.7254,25,4.1,mb,,,,0.82,ak,ak018bv0bil7,2021-02-22T17:19:12.700Z,"204 km SE of Perryville, Alaska",earthquake,,1.6,,,reviewed,ak,ak
2018-09-15T19:54:22.510Z,26.5939,129.5427,10,4.4,mb,,82,1.161,0.85,us,us2000hias,2018-11-21T18:19:16.040Z,"155 km E of Nago, Japan",earthquake,5.2,1.9,0.134,16,reviewed,us,us
2018-09-15T19:19:14.300Z,6.2195,120.3065,10,4.7,mb,,125,5.096,0.47,us,us2000hf8k,2018-11-21T18:19:12.040Z,"28 km W of Pandan Niog, Philippines",earthquake,11.1,1.9,0.09,37,reviewed,us,us
2018-09-15T19:16:29.890Z,43.5495,-105.3593,0,3.3,ml,,103,1.115,0.67,us,us2000hf8a,2018-11-21T18:19:12.040Z,"24 km SSE of Wright, Wyoming",mining explosion,8.3,1.7,0.085,34,reviewed,us,us
2018-09-15T18:39:07.430Z,35.3801,141.2864,29.41,4.5,mww,,123,0.798,0.94,us,us2000hf7s,2018-11-21T18:19:12.040Z,"56 km SE of Hasaki, Japan",earthquake,5.8,5,0.127,6,reviewed,us,us
2018-09-15T18:34:35.370Z,26.7178,129.5933,10,4.6,mb,,91,1.186,0.66,us,us2000hiag,2018-11-21T18:19:16.040Z,"160 km E of Nago, Japan",earthquake,7,1.7,0.207,8,reviewed,us,us
2018-09-15T16:46:14.580Z,26.6213,129.7791,10,4.6,mb,,86,1.364,1.32,us,us2000hiad,2018-11-21T18:19:16.040Z,"178 km E of Nago, Japan",earthquake,5.6,1.9,0.157,12,reviewed,us,us
2018-09-15T16:37:36.090Z,40.5538333,-125.1841667,5.99,2.6,md,25,283,0.6502,0.23,nc,nc73084660,2018-09-18T02:02:02.578Z,"78km W of Ferndale, CA",earthquake,3.64,3.12,0.158,32,reviewed,nc,nc
2018-09-15T16:35:15.950Z,51.564,16.1679,5,4.7,mb,,34,1.992,1.17,us,us2000hf7a,2020-07-10T17:17:46.306Z,"3 km S of Gr?bocice, Poland",earthquake,5.1,1.9,0.06,85,reviewed,us,us
2018-09-15T16:33:21.190Z,26.4878,129.5875,10,4.6,mb,,87,1.226,1.07,us,us2000hiac,2018-11-21T18:19:16.040Z,"160 km E of Nago, Japan",earthquake,4.9,1.9,0.173,10,reviewed,us,us
2018-09-15T16:25:51.020Z,19.1183,-67.8993,25,3.11,md,9,260,0.7731,0.45,pr,pr2018258011,2018-11-21T18:19:07.040Z,"79 km NE of Punta Cana, Dominican Republic",earthquake,2.64,33.42,0.12,6,reviewed,pr,pr
2018-09-15T16:24:34.810Z,26.5742,129.5279,10.2,5.6,mww,,31,1.152,0.69,us,us2000hf73,2022-05-03T20:04:10.193Z,"153 km E of Nago, Japan",earthquake,7.2,3.2,0.046,46,reviewed,us,us
2018-09-15T16:17:52.810Z,19.4168333,-154.9316667,4.67,2.7,ml,20,187,0.04065,0.11,hv,hv70594767,2018-11-21T18:19:12.040Z,"6 km SSW of Leilani Estates, Hawaii",earthquake,0.62,1.69,0.208,42,reviewed,hv,hv
2018-09-15T15:40:15.070Z,49.8508,156.1699,49.28,5.4,mww,,53,3.399,0.65,us,us2000hf6l,2025-12-22T17:50:50.024Z,"91 km S of Severo-Kuril’sk, Russia",earthquake,8.3,4.2,0.075,17,reviewed,us,us
2018-09-15T15:37:59.560Z,26.6904,129.6387,10.15,5.2,mww,,69,1.23,0.79,us,us2000hf6h,2025-12-22T17:50:47.827Z,"164 km E of Nago, Japan",earthquake,7.4,3.6,0.063,24,reviewed,us,us
2018-09-15T15:35:01.890Z,-34.097,-179.257,10,4.5,mb,,243,3.984,0.82,us,us2000hiab,2018-11-21T18:19:16.040Z,"south of the Kermadec Islands",earthquake,13.4,2,0.156,12,reviewed,us,us
2018-09-15T15:24:08.828Z,69.4507,-144.519,0.5,2.8,ml,,,,0.8,ak,ak018buxq7ci,2023-08-16T18:25:02.792Z,"83 km SSW of Kaktovik, Alaska",earthquake,,0.2,,,reviewed,ak,ak
2018-09-15T15:18:11.164Z,65.2564,-166.6914,7.6,2.6,ml,,,,0.7,ak,ak018buxox8c,2023-08-16T18:25:01.394Z,"7 km E of Port Clarence, Alaska",earthquake,,0.4,,,reviewed,ak,ak
2018-09-15T15:15:45.040Z,19.1301,145.8692,106.91,4.5,mb,,104,3.868,0.57,us,us2000hf6e,2018-11-21T18:19:12.040Z,"Maug Islands region, Northern Mariana Islands",earthquake,7.2,8.4,0.081,45,reviewed,us,us
2018-09-15T15:13:17.890Z,-9.8063,-78.4724,66.21,4.9,mb,,77,2.655,0.74,us,us2000hf65,2018-11-21T18:19:12.040Z,"39 km SSW of Puerto Casma, Peru",earthquake,8.5,5.9,0.037,229,reviewed,us,us
2018-09-15T14:09:01.900Z,26.6617,129.8195,10,4.7,mb,,81,1.394,1.24,us,us2000hiaf,2018-11-21T18:19:16.040Z,"182 km E of Nago, Japan",earthquake,6.3,1.9,0.142,15,reviewed,us,us
2018-09-15T14:03:21.253Z,51.1202,-179.0117,25.6,2.9,ml,,,,0.74,ak,ak018bux0anx,2019-12-02T22:50:17.883Z,"Andreanof Islands, Aleutian Islands, Alaska",earthquake,,0.8,,,reviewed,ak,ak
2018-09-15T14:02:05.373Z,65.2651,-166.6824,10,2.9,ml,,,,0.7,ak,ak018bux01q1,2023-08-16T18:24:56.613Z,"7 km E of Port Clarence, Alaska",earthquake,,0.2,,,reviewed,ak,ak
2018-09-15T13:53:38.730Z,26.7462,129.7372,10,4.9,mww,,73,1.312,0.79,us,us2000hf5n,2025-12-22T17:50:49.355Z,"174 km E of Nago, Japan",earthquake,5.1,1.8,0.089,12,reviewed,us,us
2018-09-15T13:34:02.330Z,26.6846,129.5989,10,4.6,mb,,89,1.195,1.11,us,us2000hiah,2018-11-21T18:19:16.040Z,"160 km E of Nago, Japan",earthquake,6.5,1.9,0.133,17,reviewed,us,us
2018-09-15T13:27:58.810Z,37.3761667,-112.3953333,9.13,2.51,ml,17,108,0.09529,0.2,uu,uu60296662,2018-11-21T18:19:13.040Z,"10 km SE of Alton, Utah",earthquake,0.48,0.7,0.072,6,reviewed,uu,uu
2018-09-15T12:42:17.830Z,-55.0614,-129.0396,10,5,mb,,132,30.708,0.44,us,us2000hf50,2025-12-22T17:50:48.649Z,"Pacific-Antarctic Ridge",earthquake,16.8,1.9,0.092,38,reviewed,us,us
2018-09-15T12:09:23.684Z,54.7459,-163.4005,94.4,2.8,ml,,,,0.42,ak,ak018buvupxs,2019-12-02T22:49:47.031Z,"12 km S of False Pass, Alaska",earthquake,,0.4,,,reviewed,ak,ak
2018-09-15T10:55:24.890Z,20.3826667,-156.9008333,8.37,3.66,ml,44,172,,0.23,hv,hv70594542,2018-11-21T18:19:12.040Z,"49 km S of Lanai City, Hawaii",earthquake,0.43,0.88,0.135,55,reviewed,hv,hv
2018-09-15T10:45:32.290Z,18.1465,147.2364,10,5.1,mww,,71,3.205,0.75,us,us2000hf42,2025-12-22T17:47:29.222Z,"Mariana Islands region",earthquake,6.7,1.7,0.098,10,reviewed,us,us
2018-09-15T10:40:40.280Z,-4.943,153.4549,35,4,mb,,219,1.488,0.68,us,us2000hia5,2018-11-21T18:19:16.040Z,"147 km ESE of Kokopo, Papua New Guinea",earthquake,12.6,2,0.149,12,reviewed,us,us
2018-09-15T10:13:01.530Z,18.5086,-66.4018,103,2.71,md,9,216,0.3756,0.21,pr,pr2018258009,2018-11-21T18:19:07.040Z,"6 km NW of Sabana, Puerto Rico",earthquake,1.87,1.09,0.14,7,reviewed,pr,pr
2018-09-15T10:05:11.940Z,26.7233,129.5576,10,4.3,mb,,101,1.154,0.47,us,us2000hia3,2018-11-21T18:19:16.040Z,"156 km E of Nago, Japan",earthquake,4.7,1.9,0.188,8,reviewed,us,us
2018-09-15T09:55:11.410Z,-19.487,-177.654,430.16,4.1,mb,,114,4.424,0.42,us,us2000hia2,2018-11-21T18:19:16.040Z,"Fiji region",earthquake,9.3,12.2,0.111,22,reviewed,us,us
2018-09-15T09:48:39.820Z,26.695,129.288,10,4.2,mb,,80,0.918,0.67,us,us2000hia0,2018-11-21T18:19:16.040Z,"129 km E of Nago, Japan",earthquake,5.3,1.9,0.141,14,reviewed,us,us
2018-09-15T09:47:38.760Z,26.6589,129.5925,10,4.1,mb,,85,1.193,1.02,us,us2000hi9z,2018-11-21T18:19:16.040Z,"160 km E of Nago, Japan",earthquake,6.7,1.9,0.165,10,reviewed,us,us
2018-09-15T09:32:11.330Z,54.3126,-160.713,13.8,3.5,mb,,171,0.835,0.87,us,us2000hf32,2021-02-22T17:19:54.621Z,"114 km S of Sand Point, Alaska",earthquake,5.1,7,0.165,9,reviewed,us,us
2018-09-15T09:31:05.170Z,-7.1126,155.4021,10,4.1,mb,,168,4.336,0.17,us,us2000hiaa,2018-11-21T18:19:16.040Z,"88 km S of Panguna, Papua New Guinea",earthquake,8.6,2,0.166,10,reviewed,us,us
2018-09-15T09:21:35.770Z,18.9955,-67.7755,86,2.5,md,5,329,0.8486,0.15,pr,pr2018258010,2018-11-21T18:19:07.040Z,"80 km NE of Punta Cana, Dominican Republic",earthquake,2.6,4.68,0.41,2,reviewed,pr,pr
2018-09-15T08:38:51.920Z,26.6666,129.5559,10,4.6,mb,,81,1.16,0.67,us,us2000hi9w,2018-11-21T18:19:16.040Z,"156 km E of Nago, Japan",earthquake,4.5,1.9,0.129,18,reviewed,us,us
2018-09-15T08:32:21.490Z,26.5998,129.5599,10,5,mww,,71,1.175,0.75,us,us2000hf2g,2018-11-21T18:19:12.040Z,"156 km E of Nago, Japan",earthquake,6.2,1.8,0.117,7,reviewed,us,us
2018-09-15T08:26:02.230Z,26.6136,129.6001,10,4.4,mb,,85,1.207,1.18,us,us2000hi9v,2018-11-21T18:19:16.040Z,"160 km E of Nago, Japan",earthquake,6.5,1.9,0.124,19,reviewed,us,us
2018-09-15T08:19:18.470Z,26.6092,129.5737,10,4.9,mb,,72,1.185,0.72,us,us2000hf2c,2018-11-21T18:19:12.040Z,"158 km E of Nago, Japan",earthquake,5.4,1.4,0.069,67,reviewed,us,us
2018-09-15T08:12:48.104Z,69.5274,-144.3151,12,3.6,ml,,,,0.76,ak,ak018buthoju,2023-08-16T18:24:06.994Z,"72 km SSW of Kaktovik, Alaska",earthquake,,0.3,,,reviewed,ak,ak
2018-09-15T08:11:30.370Z,26.6318,129.6883,10,4.7,mb,,77,1.282,1.24,us,us2000hi9u,2018-11-21T18:19:16.040Z,"169 km E of Nago, Japan",earthquake,5.4,1.9,0.12,21,reviewed,us,us
2018-09-15T08:05:29.100Z,26.6827,129.6017,10,5.7,mww,,35,1.198,0.54,us,us2000hf24,2022-05-03T19:53:29.776Z,"161 km E of Nago, Japan",earthquake,7.3,1.8,0.047,44,reviewed,us,us
2018-09-15T08:05:12.710Z,26.7366,129.4978,10,5.1,mb,,68,1.099,0.58,us,us2000hiax,2018-11-21T18:19:16.040Z,"151 km E of Nago, Japan",earthquake,3.3,1.9,0.104,30,reviewed,us,us
2018-09-15T07:35:10.638Z,69.5231,-144.4019,9.6,2.8,ml,,,,0.56,ak,ak018but13iv,2023-08-16T18:24:03.359Z,"74 km SSW of Kaktovik, Alaska",earthquake,,0.4,,,reviewed,ak,ak
2018-09-15T07:32:50.890Z,26.7446,129.6099,10,4.4,mb,,126,1.198,0.63,us,us2000hi9q,2018-11-21T18:19:16.040Z,"162 km E of Nago, Japan",earthquake,9,1.9,0.155,12,reviewed,us,us
2018-09-15T07:27:00.840Z,26.6989,129.6192,10,4.4,mb,,126,1.211,0.72,us,us2000hi9r,2018-11-21T18:19:16.040Z,"162 km E of Nago, Japan",earthquake,7.6,1.7,0.126,18,reviewed,us,us
2018-09-15T06:15:34.090Z,19.5481,-65.3138,79,3.37,md,3,340,1.5044,0.21,pr,pr2018258007,2018-11-21T18:19:07.040Z,"135 km NNE of Vieques, Puerto Rico",earthquake,5.63,12.97,0.04,3,reviewed,pr,pr
2018-09-15T05:38:38.210Z,26.774,129.6812,10,4.7,mb,,89,1.26,0.64,us,us2000hf10,2018-11-21T18:19:12.040Z,"169 km E of Nago, Japan",earthquake,6.1,1.9,0.073,57,reviewed,us,us
2018-09-15T05:31:49.890Z,-4.5018,152.2086,115.42,4.3,mb,,113,0.311,0.89,us,us2000hia6,2018-11-21T18:19:16.040Z,"18 km SSW of Kokopo, Papua New Guinea",earthquake,12.5,6,0.113,22,reviewed,us,us
2018-09-15T05:07:44.280Z,26.5723,129.8862,10,4.8,mb,,95,1.416,0.82,us,us2000hiaw,2018-11-21T18:19:16.040Z,"189 km E of Nago, Japan",earthquake,6.7,1.9,0.134,17,reviewed,us,us
2018-09-15T05:07:20.310Z,26.707,129.5875,10,4.6,mb,,93,1.182,0.43,us,us2000hia4,2018-11-21T18:19:16.040Z,"159 km E of Nago, Japan",earthquake,6.5,1.8,0.146,14,reviewed,us,us
2018-09-15T04:54:38.150Z,26.6796,129.6362,10,4.9,mb,,74,1.229,0.63,us,us2000hf0m,2018-11-21T18:19:12.040Z,"164 km E of Nago, Japan",earthquake,8,1.8,0.047,143,reviewed,us,us
2018-09-15T04:52:47.910Z,26.6176,129.6998,10,4.9,mb,,69,1.294,0.66,us,us2000hf0x,2018-11-21T18:19:12.040Z,"170 km E of Nago, Japan",earthquake,8.1,1.8,0.052,117,reviewed,us,us
2018-09-15T04:48:04.590Z,-24.2417,-67.1785,161.67,4.2,mb,,42,1.578,1.22,us,us2000hf03,2018-11-21T18:19:06.040Z,"87 km W of San Antonio de los Cobres, Argentina",earthquake,4.6,9.3,0.159,11,reviewed,us,us
2018-09-15T04:46:15.230Z,18.8435,-68.4796,68,2.87,md,10,242,0.3439,0.51,pr,pr2018258005,2018-11-21T18:19:07.040Z,"28 km NE of Otra Banda, Dominican Republic",earthquake,7.97,5.49,0.41,6,reviewed,pr,pr
2018-09-15T04:40:19.690Z,26.6974,129.5594,10,5.4,mww,,55,1.158,0.6,us,us2000hf01,2022-05-03T19:30:26.854Z,"156 km E of Nago, Japan",earthquake,8,1.7,0.053,34,reviewed,us,us
2018-09-15T04:29:49.000Z,-1.3464,-15.6717,10,4.7,mb,,70,13.415,0.72,us,us2000hezz,2018-11-21T18:19:12.040Z,"north of Ascension Island",earthquake,12.5,1.9,0.097,32,reviewed,us,us
2018-09-15T04:16:25.330Z,68.9832,-146.7611,9.9,2.5,ml,,,,0.64,ak,ak018bur4r8l,2023-08-16T18:23:14.501Z,"107 km NNW of Arctic Village, Alaska",earthquake,,0.4,,,reviewed,ak,ak
2018-09-15T04:14:35.200Z,26.6969,129.6547,10,4.9,mb,,70,1.243,0.6,us,us2000hezn,2025-12-22T17:50:47.142Z,"166 km E of Nago, Japan",earthquake,8,1.8,0.04,198,reviewed,us,us
2018-09-15T04:13:09.440Z,26.6407,129.6146,10,4.4,mb,,88,1.215,0.98,us,us2000hi9g,2018-11-21T18:19:16.040Z,"162 km E of Nago, Japan",earthquake,5.8,1.9,0.155,13,reviewed,us,us
2018-09-15T03:51:16.800Z,26.6719,129.5944,10,4.6,mb,,92,1.193,0.92,us,us2000hi9p,2018-11-21T18:19:16.040Z,"160 km E of Nago, Japan",earthquake,5.3,1.9,0.128,18,reviewed,us,us
2018-09-15T03:47:55.040Z,37.1672,71.8104,167.24,4.5,mb,,66,0.381,0.81,us,us2000hez5,2018-11-21T18:19:11.040Z,"42 km SSE of Khorugh, Tajikistan",earthquake,6.9,3.6,0.093,34,reviewed,us,us
2018-09-15T03:32:46.380Z,-52.2376,15.6097,10,4.5,mb,,98,20.204,1.34,us,us2000hi9f,2018-11-21T18:19:16.040Z,"southwest of Africa",earthquake,14.7,1.9,0.14,15,reviewed,us,us
2018-09-15T03:24:12.410Z,19.123,-67.7681,40,2.78,md,4,268,0.8644,0.36,pr,pr2018258001,2018-11-21T18:19:07.040Z,"89 km NE of Punta Cana, Dominican Republic",earthquake,6.61,23.39,0.1,4,reviewed,pr,pr
2018-09-15T03:09:14.130Z,43.7767,15.7401,10,4.2,mb,,33,1.892,0.79,us,us2000hg34,2018-11-21T18:19:13.040Z,"2 km N of Tribunj, Croatia",earthquake,5.6,2,0.215,6,reviewed,us,us
2018-09-15T02:58:19.990Z,44.408,149.2402,35,4.5,mb,,176,4.783,0.49,us,us2000heyc,2018-11-21T18:19:11.040Z,"141 km SE of Kuril’sk, Russia",earthquake,6.3,2,0.086,40,reviewed,us,us
2018-09-15T02:50:33.280Z,-52.3046,15.6742,10,4.8,mb,,52,20.261,1.03,us,us2000hi9c,2018-11-21T18:19:16.040Z,"southwest of Africa",earthquake,13,1.8,0.113,24,reviewed,us,us
2018-09-15T02:46:00.120Z,51.8467,-174.1244,74.54,4.1,mb,,98,0.428,0.61,us,us2000hf90,2023-08-16T18:23:01.357Z,"39 km S of Atka, Alaska",earthquake,8.1,9.2,0.105,25,reviewed,us,us
2018-09-15T02:39:18.460Z,68.8789,-146.6658,7.6,2.5,ml,,,,0.78,ak,ak018buq2syu,2019-12-02T22:49:20.523Z,"95 km NNW of Arctic Village, Alaska",earthquake,,0.3,,,reviewed,ak,ak
2018-09-15T02:36:04.280Z,34.6337,136.6997,335.09,4,mb,,138,1.106,0.67,us,us2000hi9b,2018-11-21T18:19:16.040Z,"16 km N of Ise, Japan",earthquake,11.9,6.6,0.15,13,reviewed,us,us
2018-09-15T01:48:29.130Z,26.7476,129.5933,10,4.8,mb,,78,1.183,0.49,us,us2000hexr,2018-11-21T18:19:11.040Z,"160 km E of Nago, Japan",earthquake,6,1.8,0.079,50,reviewed,us,us
2018-09-15T01:42:48.100Z,26.7243,129.6,10,4.4,mb,,112,1.191,0.28,us,us2000hi9n,2018-11-21T18:19:16.040Z,"161 km E of Nago, Japan",earthquake,5.4,1.9,0.22,7,reviewed,us,us
2018-09-15T01:41:55.490Z,26.7059,129.6128,10,4.6,mb,,94,1.205,0.5,us,us2000hi9k,2018-11-21T18:19:16.040Z,"162 km E of Nago, Japan",earthquake,5.5,1.9,0.151,14,reviewed,us,us
2018-09-15T01:13:13.060Z,45.292,124.6564,10,4.4,mb,,54,3.569,0.66,us,us2000hi96,2018-11-21T18:19:16.040Z,"17 km NW of Fuyu, China",earthquake,8.1,1.9,0.102,28,reviewed,us,us
2018-09-15T01:06:28.970Z,19.3848,-67.77,109,3.38,md,3,343,1.5284,0.09,pr,pr2018258000,2018-11-21T18:19:07.040Z,"111 km NE of Punta Cana, Dominican Republic",earthquake,5.72,9.38,0.04,3,reviewed,pr,pr
2018-09-15T00:42:05.060Z,-8.4187,111.4993,118.12,4.2,mb,,75,1.089,0.63,us,us2000hi95,2018-11-21T18:19:16.040Z,"44 km SSW of Trenggalek, Indonesia",earthquake,8.1,8.1,0.128,17,reviewed,us,us
2018-09-15T00:40:56.910Z,-23.0461,171.2976,10,5.2,mww,,96,3.579,1.16,us,us2000hex2,2025-12-22T17:50:46.253Z,"southeast of the Loyalty Islands",earthquake,6.6,1.7,0.103,9,reviewed,us,us
2018-09-15T00:28:34.770Z,14.5201,-92.7695,35,4.4,mb,,155,0.621,0.85,us,us2000hewy,2018-11-21T18:19:06.040Z,"43 km WSW of Puerto Madero, Mexico",earthquake,5.7,2,0.038,201,reviewed,us,us
2018-09-15T00:08:21.430Z,26.7302,129.6429,9.32,5.7,mww,,24,1.229,0.67,us,us2000hewm,2022-05-03T19:30:25.538Z,"165 km E of Nago, Japan",earthquake,4.8,2.7,0.051,37,reviewed,us,us
2018-09-15T00:01:11.650Z,19.41,-155.2841667,0.02,2.88,ml,44,25,0.007622,0.11,hv,hv70593842,2018-11-21T18:19:11.040Z,"6 km SW of Volcano, Hawaii",earthquake,0.11,0.13,0.196,47,reviewed,hv,hv
2018-09-14T23:12:06.290Z,33.1896667,-115.9488333,4.15,2.78,ml,79,44,0.09538,0.22,ci,ci38060799,2018-10-23T16:37:18.922Z,"12km S of Salton City, CA",earthquake,0.15,0.69,0.135,119,reviewed,ci,ci
2018-09-14T23:02:51.055Z,52.9363,-160.7803,29.3,2.5,ml,,,,1.14,aacse,aacse018btetp75,2021-02-22T17:18:56.575Z,"257 km SSE of King Cove, Alaska",earthquake,,3.6,,,reviewed,aacse,aacse
2018-09-14T22:48:19.910Z,45.005,-106.9227,0,2.5,ml,,101,1.665,1.4,us,us2000hi8s,2018-11-21T18:19:16.040Z,"21 km ENE of Ranchester, Wyoming",mining explosion,3.8,1.9,0.062,34,reviewed,us,us
2018-09-14T22:42:12.080Z,-28.2974,26.8055,5,4.3,mb,,105,1.4,0.91,us,us2000hi8e,2018-11-21T18:19:15.040Z,"16 km NE of Theunissen, South Africa",earthquake,5.6,2,0.377,2,reviewed,us,us
2018-09-14T22:18:52.540Z,69.5263,-144.7624,13.3,3.4,ml,,,,0.7,ak,ak018btebp5y,2023-08-16T18:22:30.333Z,"80 km SSW of Kaktovik, Alaska",earthquake,,0.2,,,reviewed,ak,ak
2018-09-14T22:15:05.270Z,41.9386,77.2122,19.96,4.2,mwr,,76,0.489,0.71,us,us2000hev4,2022-08-08T08:10:27.931Z,"22 km S of Kadzhi-Say, Kyrgyzstan",earthquake,3.5,5,0.083,14,reviewed,us,us
2018-09-14T22:07:10.810Z,-3.3081,126.1518,35.43,4.2,mb,,107,4.058,0.97,us,us2000hi8i,2018-11-21T18:19:15.040Z,"229 km W of Ambon, Indonesia",earthquake,8.6,12.4,0.186,8,reviewed,us,us
2018-09-14T21:51:47.260Z,-32.3666,150.801,10,3.9,mb,,186,2.067,0.39,us,us2000hg1x,2022-08-08T08:20:40.602Z,"10 km ENE of Denman, Australia",earthquake,10.1,2,0.258,4,reviewed,us,us
2018-09-14T21:51:35.450Z,-12.8295,45.4218,10,4.4,mb,,80,5.956,0.69,us,us2000hi8c,2018-11-21T18:19:15.040Z,"15 km ESE of Pamandzi, Mayotte",earthquake,11.4,2,0.241,5,reviewed,us,us
2018-09-14T21:24:26.510Z,18.3488,-67.533,11,2.65,md,6,285,0.0646,0.11,pr,pr2018257007,2018-09-15T01:57:57.956Z,"29 km W of Rincón, Puerto Rico",earthquake,1.85,0.76,0.26,6,reviewed,pr,pr
2018-09-14T20:55:04.490Z,-8.2517,116.5078,10,4.4,mb,,126,2.341,1.42,us,us2000hi8b,2018-11-21T18:19:15.040Z,"32 km NNW of Labuan Lombok, Indonesia",earthquake,5.6,1.9,0.148,13,reviewed,us,us
2018-09-14T20:42:31.470Z,10.9416,-86.9979,10,4.4,mb,,158,1.576,0.94,us,us2000hi88,2018-11-21T18:19:15.040Z,"107 km SSW of Masachapa, Nicaragua",earthquake,4.6,1.9,0.11,25,reviewed,us,us
2018-09-14T20:01:21.430Z,43.8029,-105.1944,0,2.9,ml,,116,0.895,1.49,us,us2000hi8r,2018-11-21T18:19:16.040Z,"24 km ENE of Wright, Wyoming",mining explosion,8.4,1.5,0.057,40,reviewed,us,us
2018-09-14T18:56:35.873Z,54.3895,-161.4103,25.5,2.8,ml,,,,0.57,ak,ak018btc62o3,2021-02-22T17:19:57.612Z,"94 km SE of King Cove, Alaska",earthquake,,1.2,,,reviewed,ak,ak
2018-09-14T18:46:51.520Z,-32.5629,-71.607,21.25,4.1,mb,,168,0.261,0.98,us,us2000herf,2018-11-21T18:19:06.040Z,"37 km WSW of La Ligua, Chile",earthquake,2.5,9,0.52,1,reviewed,us,us
2018-09-14T18:42:38.990Z,-20.359,-177.5249,523.92,4.2,mb,,239,4.924,0.39,us,us2000hi8d,2018-11-21T18:19:15.040Z,"256 km WNW of Haveluloto, Tonga",earthquake,20,20.9,0.152,13,reviewed,us,us
2018-09-14T18:15:11.750Z,-32.5454,-71.6043,32.47,4.5,mwr,,68,0.259,0.98,us,us2000heqr,2018-11-21T18:19:11.040Z,"36 km WSW of La Ligua, Chile",earthquake,4.7,4.4,0.039,63,reviewed,us,us
2018-09-14T17:55:40.820Z,41.9475,-125.8916667,23.38,3.07,ml,16,289,1.268,0.2,nc,nc73084380,2018-11-21T18:19:11.040Z,"132km WSW of Gold Beach, OR",earthquake,1.75,14.16,0.247,10,reviewed,nc,nc
2018-09-14T17:49:48.580Z,-32.2609,-178.8851,10,4.4,mb,,239,5.769,1.01,us,us2000hi83,2018-11-21T18:19:15.040Z,"south of the Kermadec Islands",earthquake,15.6,2,0.202,7,reviewed,us,us
2018-09-14T17:41:25.649Z,51.62,179.4213,69,2.9,ml,,,,0.49,ak,ak018btbhej8,2019-12-02T22:48:44.896Z,"273 km W of Adak, Alaska",earthquake,,0.4,,,reviewed,ak,ak
2018-09-14T17:29:28.057Z,58.5539,-150.4812,31.3,4.2,ml,,,,0.96,ak,ak018btbeu4l,2023-08-16T18:21:20.596Z,"Gulf of Alaska",earthquake,,0.5,,,reviewed,ak,ak
2018-09-14T17:28:21.640Z,-5.3744,147.1442,235.84,4.3,mb,,93,4.004,1.42,us,us2000hi82,2018-11-21T18:19:15.040Z,"150 km N of Lae, Papua New Guinea",earthquake,11.8,10.8,0.148,13,reviewed,us,us
2018-09-14T16:13:02.700Z,43.8776,-105.5534,0,3.3,ml,,60,1.121,1.13,us,us2000hepk,2018-11-21T18:19:11.040Z,"14 km NNW of Wright, Wyoming",mining explosion,6.6,1.9,0.059,52,reviewed,us,us
2018-09-14T16:00:19.970Z,-34.9568,-179.1765,10,4.7,mb,,241,3.301,1.15,us,us2000hi7y,2018-11-21T18:19:15.040Z,"south of the Kermadec Islands",earthquake,12.6,2,0.159,12,reviewed,us,us
2018-09-14T15:50:17.820Z,-2.7371,138.7747,48,5.8,mww,,20,6.52,0.91,us,us2000hep2,2022-05-03T19:30:14.584Z,"207 km W of Abepura, Indonesia",earthquake,7.5,1.9,0.053,34,reviewed,us,us
2018-09-14T14:28:51.040Z,52.1761,-33.8899,10,4.3,mb,,226,11.951,0.81,us,us2000hi7w,2018-11-21T18:19:15.040Z,"Reykjanes Ridge",earthquake,12.6,2,0.154,12,reviewed,us,us
2018-09-14T14:06:03.631Z,62.148,-148.5542,19.8,3.2,ml,,,,0.69,ak,ak018bt9hjyj,2023-08-16T18:20:31.711Z,"39 km N of Chickaloon, Alaska",earthquake,,0.7,,,reviewed,ak,ak
2018-09-14T13:59:28.658Z,53.5865,-166.585,82.8,3.4,ml,,,,1.04,ak,ak018bt97j8h,2019-12-02T22:48:30.440Z,"Fox Islands, Aleutian Islands, Alaska",earthquake,,0.5,,,reviewed,ak,ak
2018-09-14T12:54:35.330Z,-22.9137,-66.0812,226.07,4.4,mb,,86,1.934,0.85,us,us2000helu,2018-11-21T18:19:11.040Z,"44 km WSW of Abra Pampa, Argentina",earthquake,9.2,6.2,0.143,14,reviewed,us,us
2018-09-14T12:40:22.786Z,52.8588,-163.0401,2.3,2.8,ml,,,,0.53,ak,ak018bt8i0km,2019-12-02T22:49:14.194Z,"223 km S of False Pass, Alaska",earthquake,,3.4,,,reviewed,ak,ak
2018-09-14T12:25:09.790Z,58.8418,158.8203,10,4.2,mb,,76,4.203,0.84,us,us2000hi7t,2018-11-21T18:19:15.040Z,"70 km WSW of Palana, Russia",earthquake,5.1,1.8,0.045,137,reviewed,us,us
2018-09-14T12:24:47.230Z,-23.6839,-179.321,493.83,4.1,mb,,81,6.399,0.97,us,us2000hi8p,2018-11-21T18:19:15.040Z,"south of the Fiji Islands",earthquake,10.9,8.7,0.124,18,reviewed,us,us
2018-09-14T12:20:16.840Z,-24.1196,-175.4686,10,4.6,mb,,98,5.558,0.69,us,us2000hi7s,2018-11-21T18:19:15.040Z,"south of Tonga",earthquake,6.7,1.9,0.137,16,reviewed,us,us
2018-09-14T11:41:58.710Z,-29.8327,-175.985,10,4.6,mb,,135,1.792,0.77,us,us2000hi7q,2018-11-21T18:19:15.040Z,"Kermadec Islands region",earthquake,6.9,1.9,0.141,15,reviewed,us,us
2018-09-14T11:40:12.421Z,56.2589,-149.3438,12,2.8,ml,,,,0.63,ak,ak018bt7wk62,2021-02-22T17:19:59.710Z,"233 km SE of Chiniak, Alaska",earthquake,,2.4,,,reviewed,ak,ak
2018-09-14T11:20:03.310Z,-15.9944,-71.4369,129.55,5.4,mww,,39,2.455,1.14,us,us2000hekx,2022-05-03T19:30:08.231Z,"2 km ESE of Pucara, Peru",earthquake,7.6,4.3,0.05,39,reviewed,us,us
2018-09-14T10:50:37.900Z,-19.2439,-69.19,100.53,4.6,mb,,88,0.422,0.95,us,us2000hekj,2018-11-21T18:19:06.040Z,"144 km SE of Arica, Chile",earthquake,4.5,5.7,0.056,96,reviewed,us,us
2018-09-14T10:40:15.520Z,64.5167,-17.8029,10,4.5,mb,,110,1.535,1.18,us,us2000hi7p,2018-11-21T18:19:15.040Z,"128 km WNW of Höfn, Iceland",earthquake,8.6,1.9,0.089,37,reviewed,us,us
2018-09-14T10:38:52.880Z,18.8275,-67.3416,6,2.81,md,10,277,0.4274,0.21,pr,pr2018257002,2018-09-14T15:20:17.878Z,"45 km NW of San Antonio, Puerto Rico",earthquake,1.6,1.73,0.26,5,reviewed,pr,pr
2018-09-14T10:33:07.420Z,34.562,24.6405,10,4,mb,,174,0.752,0.77,us,us2000hi7m,2018-11-21T18:19:15.040Z,"57 km SSW of Tympáki, Greece",earthquake,5.2,1.6,0.164,10,reviewed,us,us
2018-09-14T10:16:23.490Z,-57.7732,-25.7917,41.22,4.6,mb,,111,6.938,1.02,us,us2000hi8q,2018-11-21T18:19:15.040Z,"South Sandwich Islands region",earthquake,10.3,5.1,0.122,20,reviewed,us,us
2018-09-14T09:25:32.761Z,62.3306,-149.5977,54.5,3.9,ml,,,,0.77,ak,ak018bt6misc,2023-08-16T18:19:29.465Z,"23 km NE of Susitna North, Alaska",earthquake,,0.3,,,reviewed,ak,ak
2018-09-14T09:08:08.180Z,-16.5207,-71.8162,50.45,4.6,mb,,113,2.316,1.16,us,us2000hejh,2018-11-21T18:19:11.040Z,"4 km SE of El Triunfo ( El Cruce), Peru",earthquake,7.8,7.4,0.065,70,reviewed,us,us
2018-09-14T09:01:14.760Z,13.9142,-91.9951,35,4.1,mb,,168,0.673,0.99,us,us2000hi7j,2018-11-21T18:19:15.040Z,"42 km SSW of Champerico, Guatemala",earthquake,8,2,0.12,19,reviewed,us,us
2018-09-14T08:55:48.170Z,43.7278,147.2398,91.95,4.1,mb,,181,3.379,0.65,us,us2000hi7k,2018-11-21T18:19:15.040Z,"42 km E of Shikotan, Russia",earthquake,11.6,7.7,0.127,17,reviewed,us,us
2018-09-14T08:32:35.463Z,69.5217,-144.7919,12,2.8,ml,,,,0.51,ak,ak018bt62lei,2023-08-16T18:19:19.272Z,"81 km SSW of Kaktovik, Alaska",earthquake,,0.3,,,reviewed,ak,ak
2018-09-14T08:31:41.980Z,42.5971,141.9972,35,4.3,mb,,81,1.038,0.74,us,us2000hej5,2018-11-21T18:19:11.040Z,"32 km E of Tomakomai, Japan",earthquake,4.2,2,0.085,39,reviewed,us,us
2018-09-14T08:30:47.240Z,31.34,-103.4947,2.31,2.6,mb_lg,,60,0.319,0.33,us,us2000hejd,2018-11-21T18:19:11.040Z,"5 km SE of Lindsay, Texas",earthquake,3.4,6.2,0.114,26,reviewed,us,us
2018-09-14T08:26:49.970Z,36.7863,140.7036,10,4.4,mb,,138,1.083,0.89,us,us2000hej1,2018-11-21T18:19:11.040Z,"4 km W of Kitaibaraki, Japan",earthquake,2.7,1.9,0.144,14,reviewed,us,us
2018-09-14T08:00:01.920Z,56.299,-149.4146,19.67,3.3,ml,,194,2.283,0.52,us,us2000heip,2021-02-22T17:20:00.491Z,"227 km SE of Chiniak, Alaska",earthquake,8.7,8.9,0.043,70,reviewed,us,us
2018-09-14T07:59:10.412Z,56.1615,-149.1973,15.6,2.9,ml,,,,0.97,aacse,aacse018bt5mw75,2021-02-22T17:19:16.629Z,"247 km SE of Chiniak, Alaska",earthquake,,5.9,,,reviewed,aacse,aacse
2018-09-14T07:58:18.860Z,-25.0377,179.9592,488.84,4.8,mb,,52,4.593,0.96,us,us2000heis,2018-11-21T18:19:11.040Z,"south of the Fiji Islands",earthquake,11.1,8.5,0.069,65,reviewed,us,us
2018-09-14T07:53:01.430Z,19.588,-68.1508,67,3.14,md,5,339,1.7687,0.19,pr,pr2018257001,2018-11-21T18:19:07.040Z,"114 km NNE of Punta Cana, Dominican Republic",earthquake,3.81,13.97,0.18,3,reviewed,pr,pr
2018-09-14T07:51:24.640Z,7.0619,94.1798,75.76,5.1,mww,,57,3.299,0.73,us,us2000heil,2025-12-22T17:50:44.628Z,"180 km NW of Sabang, Indonesia",earthquake,7.8,6.2,0.103,9,reviewed,us,us
2018-09-14T07:13:20.990Z,35.0343,92.2708,10,4.2,mb,,55,5.403,0.96,us,us2000hei6,2018-11-21T18:19:11.040Z,"Southern Qinghai, China",earthquake,9.1,1.9,0.11,25,reviewed,us,us
2018-09-14T07:01:01.950Z,-33.9092,-178.6889,10,4.4,mb,,67,4.388,1.05,us,us2000hi7l,2018-11-21T18:19:15.040Z,"south of the Kermadec Islands",earthquake,11.1,1.9,0.191,8,reviewed,us,us
2018-09-14T06:58:16.200Z,-33.2907,-68.9207,10,4.3,mb,,58,0.93,0.95,us,us2000hehy,2022-08-08T08:18:21.177Z,"45 km S of Mendoza, Argentina",earthquake,3.6,1.9,0.265,4,reviewed,us,us
2018-09-14T06:55:47.310Z,-6.7718,129.4748,181.19,4.3,mb,,110,2.172,0.55,us,us2000hi7r,2018-11-21T18:19:15.040Z,"Banda Sea",earthquake,14.2,7.4,0.177,9,reviewed,us,us
2018-09-14T06:42:54.820Z,-8.4395,-74.2755,165.75,4.1,mb,,72,1.707,1.16,us,us2000hehr,2018-11-21T18:19:11.040Z,"29 km E of San Fernando, Peru",earthquake,7.5,5.2,0.107,24,reviewed,us,us
2018-09-14T05:47:41.663Z,69.0467,-147.0526,10.7,2.5,ml,,,,0.64,ak,ak018bt4dit2,2023-08-16T18:18:49.130Z,"119 km NNW of Arctic Village, Alaska",earthquake,,0.3,,,reviewed,ak,ak
2018-09-14T05:45:42.530Z,36.803,140.624,10,4.3,mb,,149,1.072,0.89,us,us2000hi7e,2018-11-21T18:19:15.040Z,"11 km W of Kitaibaraki, Japan",earthquake,5.2,1.9,0.147,13,reviewed,us,us
2018-09-14T05:35:24.470Z,36.8176,140.6565,7.87,4.6,mwr,,133,1.054,1.17,us,us2000hegx,2018-11-21T18:19:11.040Z,"8 km WNW of Kitaibaraki, Japan",earthquake,5.4,4.4,0.069,20,reviewed,us,us
2018-09-14T05:02:15.517Z,69.0588,-147.0422,14.6,4,ml,,,,0.99,ak,ak018bt43tkf,2023-08-16T18:18:42.008Z,"120 km NNW of Arctic Village, Alaska",earthquake,,0.2,,,reviewed,ak,ak
2018-09-14T04:57:07.270Z,-8.1667,116.443,10,4.4,mb,,74,2.287,1.26,us,us2000hi7c,2018-11-21T18:19:15.040Z,"44 km NNW of Labuan Lombok, Indonesia",earthquake,9.5,1.9,0.134,16,reviewed,us,us
2018-09-14T04:12:36.440Z,-7.7289,-74.6465,139.68,5.1,mww,,53,1.924,0.9,us,us2000hefr,2025-12-22T17:51:13.433Z,"59 km SE of Contamana, Peru",earthquake,7,4.4,0.065,23,reviewed,us,us
2018-09-14T04:07:34.536Z,56.282,-149.2822,6.9,2.7,ml,,,,0.84,ak,ak018bt3ji0d,2021-02-22T17:20:01.663Z,"234 km SE of Chiniak, Alaska",earthquake,,2.1,,,reviewed,ak,ak
2018-09-14T03:32:42.681Z,51.6496,-178.2584,75.4,2.8,ml,,,,0.47,ak,ak018bt33fxo,2019-12-02T22:48:00.814Z,"114 km WSW of Adak, Alaska",earthquake,,0.5,,,reviewed,ak,ak
2018-09-14T03:15:51.060Z,-18.1649,-178.1133,558.46,4.4,mb,,75,3.673,0.88,us,us2000hefh,2018-11-21T18:19:11.040Z,"Fiji region",earthquake,12.3,7,0.042,164,reviewed,us,us
2018-09-14T03:15:20.300Z,36.4748333,-89.467,4.71,2.64,md,44,49,0.05907,0.1,nm,nm60240516,2018-11-21T18:19:11.040Z,"10 km N of Tiptonville, Tennessee",earthquake,0.16,0.23,0.06,34,reviewed,nm,nm
2018-09-14T02:31:50.780Z,18.6795,-67.4818,39,2.68,md,3,335,0.6408,0.06,pr,pr2018257000,2018-09-14T03:13:31.128Z,"44 km NW of Aguadilla, Puerto Rico",earthquake,1.74,4.14,0.14,3,reviewed,pr,pr
2018-09-14T02:16:06.290Z,-24.0139,-179.5093,510.49,4.4,mb,,145,5.398,0.89,us,us2000hi78,2018-11-21T18:19:15.040Z,"south of the Fiji Islands",earthquake,14.3,11.9,0.11,24,reviewed,us,us
2018-09-14T02:14:17.560Z,52.7552,-176.0753,203.67,3.9,mb,,132,0.663,1.14,us,us2000hi7h,2019-12-02T22:49:04.424Z,"105 km NNE of Adak, Alaska",earthquake,14,12.4,0.133,15,reviewed,us,us
2018-09-14T02:00:57.210Z,-2.9465,138.1018,65.34,4.7,mb,,103,5.845,0.99,us,us2000hef0,2018-11-21T18:19:11.040Z,"284 km W of Abepura, Indonesia",earthquake,5,8,0.1,30,reviewed,us,us
2018-09-14T01:55:01.960Z,36.475,-89.4661667,4.82,2.74,md,46,35,0.05917,0.1,nm,nm60240506,2018-11-21T18:19:11.040Z,"10 km N of Tiptonville, Tennessee",earthquake,0.19,0.27,0.124,50,reviewed,nm,nm
2018-09-14T01:54:07.540Z,37.1278,141.0001,73.78,4.4,mb,,139,0.758,0.99,us,us2000hi7g,2018-11-21T18:19:15.040Z,"13 km NE of Iwaki, Japan",earthquake,7.4,2.9,0.144,14,reviewed,us,us
2018-09-14T01:36:00.570Z,8.6921,-83.2541,19.12,4.5,mwr,,109,0.286,0.55,us,us2000heeg,2022-08-08T08:07:58.634Z,"18 km WNW of Golfito, Costa Rica",earthquake,5.6,4.3,0.065,23,reviewed,us,us
2018-09-14T01:28:25.868Z,69.5238,-144.4018,10.6,2.6,ml,,,,0.48,ak,ak018bt1voka,2023-08-16T18:18:09.388Z,"74 km SSW of Kaktovik, Alaska",earthquake,,0.4,,,reviewed,ak,ak
2018-09-14T01:22:04.720Z,37.9334,22.0367,29.97,4.5,mb,,84,1.111,1.16,us,us2000heea,2018-11-21T18:19:11.040Z,"12 km SSW of Kalávryta, Greece",earthquake,7,7.7,0.156,12,reviewed,us,us
2018-09-14T00:48:33.120Z,42.862,141.942,35,4.4,mb,,79,1.235,0.67,us,us2000hee6,2018-11-21T18:19:11.040Z,"24 km E of Chitose, Japan",earthquake,5.2,1.9,0.058,85,reviewed,us,us
2018-09-14T00:14:14.328Z,67.6697,-156.4773,14.8,2.8,ml,,,,0.52,ak,ak018bt1781k,2023-08-16T18:18:03.661Z,"86 km NNE of Kobuk, Alaska",earthquake,,0.1,,,reviewed,ak,ak
2018-09-13T23:52:47.830Z,0.6273,29.9281,10,4.5,mb,,92,1.465,0.86,us,us2000hi5x,2018-11-21T18:19:15.040Z,"17 km WSW of Bundibugyo, Uganda",earthquake,9.3,2,0.313,3,reviewed,us,us
2018-09-13T23:49:04.000Z,30.818,57.2739,10,4.3,mb,,72,5.499,0.79,us,us2000hed2,2018-11-21T18:19:10.040Z,"62 km NNE of Kerman, Iran",earthquake,7.4,1.9,0.078,47,reviewed,us,us
2018-09-13T23:44:43.720Z,-55.4668,-29.224,10,4.3,mb,,198,4.36,1.01,us,us2000hi5w,2018-11-21T18:19:15.040Z,"South Sandwich Islands region",earthquake,14.4,1.9,0.142,14,reviewed,us,us
2018-09-13T23:30:14.540Z,0.8876,96.8883,10,4.2,mb,,181,0.802,0.73,us,us2000hi5s,2018-11-21T18:19:15.040Z,"184 km SSW of Singkil, Indonesia",earthquake,11.5,1.9,0.127,17,reviewed,us,us
2018-09-13T23:26:46.609Z,69.1254,-146.5219,10.6,3.3,ml,,,,0.81,ak,ak018brrfhjo,2023-08-16T18:17:56.271Z,"118 km NNW of Arctic Village, Alaska",earthquake,,0.1,,,reviewed,ak,ak
2018-09-13T22:39:42.435Z,62.0263,-147.5965,33.8,3.2,ml,,,,0.58,ak,ak018brqwtxf,2023-08-16T18:17:49.732Z,"24 km WNW of Eureka Roadhouse, Alaska",earthquake,,0.1,,,reviewed,ak,ak
2018-09-13T22:33:45.490Z,-0.2219,124.6401,63.38,4.3,mb,,43,2.038,1.16,us,us2000hi5r,2018-11-21T18:19:15.040Z,"171 km S of Tomohon, Indonesia",earthquake,6,7.7,0.116,22,reviewed,us,us
2018-09-13T21:54:22.380Z,42.7494,141.934,26.62,4.5,mwr,,71,1.166,0.7,us,us2000he9l,2018-11-21T18:19:10.040Z,"24 km ESE of Chitose, Japan",earthquake,6,4.3,0.086,13,reviewed,us,us
2018-09-13T21:35:49.200Z,36.9856,-97.4963,5.913,2.6,ml,,66,,0.34,us,us2000he85,2022-08-08T08:06:17.991Z,"8 km WSW of Hunnewell, Kansas",earthquake,2,5.5,,,reviewed,ok,ok
2018-09-13T21:31:09.450Z,36.5216,71.2044,230.14,4.5,mb,,36,0.785,0.6,us,us2000he7w,2025-12-22T17:50:43.909Z,"34 km WSW of Ashk?sham, Afghanistan",earthquake,6.8,5.9,0.032,285,reviewed,us,us
2018-09-13T21:15:08.810Z,-17.9775,-177.8886,610.39,4.2,mb,,81,3.872,0.45,us,us2000hi5u,2018-11-21T18:19:15.040Z,"296 km E of Levuka, Fiji",earthquake,9.2,10.8,0.14,14,reviewed,us,us
2018-09-13T21:14:52.300Z,36.9778,-97.4956,5.015,2.7,ml,,89,,0.51,us,us2000he6r,2018-11-21T18:19:07.040Z,"8 km WSW of Hunnewell, Kansas",earthquake,0.9,2.3,,,reviewed,ok,ok
2018-09-13T21:11:46.460Z,-42.7683,42.3044,10,4.4,mb,,76,15.705,0.55,us,us2000hi5v,2018-11-21T18:19:15.040Z,"Prince Edward Islands region",earthquake,13.7,1.9,0.135,16,reviewed,us,us
2018-09-13T21:07:56.600Z,36.2195,-98.9256,3.219,2.5,ml,,64,,0.69,us,us2000he6j,2018-11-21T18:19:10.040Z,"0 km NW of Chester, Oklahoma",earthquake,2.5,6,,,reviewed,ok,ok
2018-09-13T21:07:44.880Z,-18.2289,-178.1997,569.14,4,mb,,135,3.598,0.57,us,us2000hi5q,2018-11-21T18:19:15.040Z,"263 km E of Levuka, Fiji",earthquake,15.1,9,0.139,14,reviewed,us,us
2018-09-13T20:43:10.910Z,44.9825,-106.7733,0,3,ml,,100,1.749,0.49,us,us2000he5k,2018-11-21T18:19:10.040Z,"25 km NE of Sheridan, Wyoming",mining explosion,2.9,1.6,0.062,34,reviewed,us,us
2018-09-13T20:34:34.580Z,53.8365,-157.5355,30.1,2.8,ml,,,,0.42,ak,ak018brpovj6,2021-02-22T17:20:03.281Z,"252 km SSE of Perryville, Alaska",earthquake,,3.4,,,reviewed,ak,ak
2018-09-13T20:01:30.692Z,68.7311,-147.315,13.5,2.5,ml,,,,0.54,ak,ak018brphslp,2023-08-16T18:17:29.298Z,"99 km NW of Arctic Village, Alaska",earthquake,,0.1,,,reviewed,ak,ak
2018-09-13T19:44:58.989Z,55.7505,-149.3206,11.1,2.8,ml,,,,0.85,ak,ak018brp5myy,2021-02-22T17:20:06.219Z,"275 km SE of Chiniak, Alaska",earthquake,,5.9,,,reviewed,ak,ak
2018-09-13T19:16:31.160Z,36.5665,-121.159,2.89,2.87,md,64,44,0.02188,0.07,nc,nc73084010,2022-08-08T08:05:08.523Z,"4km NNW of Pinnacles, CA",earthquake,0.11,0.23,0.225,86,reviewed,nc,nc
2018-09-13T19:14:36.577Z,55.7643,-149.193,9,3,ml,,,,0.68,ak,ak018broz5rd,2021-02-22T17:20:06.630Z,"279 km SE of Chiniak, Alaska",earthquake,,4.4,,,reviewed,ak,ak
2018-09-13T18:45:21.710Z,-17.1992,-179.3195,618.63,4.3,mb,,157,7.97,0.47,us,us2000hi5y,2018-11-21T18:19:15.040Z,"163 km ESE of Labasa, Fiji",earthquake,11.8,23.7,0.114,22,reviewed,us,us
2018-09-13T18:38:23.930Z,-15.6334,-175.1608,246.72,4.5,mb,,62,3.694,0.79,us,us2000hi5p,2018-11-21T18:19:15.040Z,"150 km WNW of Hihifo, Tonga",earthquake,10.7,6.5,0.081,45,reviewed,us,us
2018-09-13T18:30:50.000Z,36.8261,-98.4513,3.145,3,ml,,97,,0.16,us,us2000he3c,2018-11-21T18:19:10.040Z,"8 km SSW of Burlington, Oklahoma",earthquake,1.5,1.9,,,reviewed,ok,ok
2018-09-13T18:30:46.448Z,60.3983,-150.6665,43.6,2.5,ml,,,,0.61,ak,ak018broh6dg,2023-08-16T18:17:20.841Z,"12 km SSE of Funny River, Alaska",earthquake,,0.1,,,reviewed,ak,ak
2018-09-13T17:34:12.390Z,-34.8245,-179.3472,20.09,5.3,mww,,115,3.326,0.71,us,us2000he2j,2025-12-22T17:51:15.101Z,"south of the Kermadec Islands",earthquake,8.7,3.8,0.059,28,reviewed,us,us
2018-09-13T17:29:30.770Z,38.3391,-96.8383,5,2.6,mb_lg,,156,0.781,0.42,us,us2000he2a,2018-11-21T18:19:10.040Z,"8 km N of Cedar Point, Kansas",earthquake,2.3,2,0.104,24,reviewed,us,us
2018-09-13T17:05:12.850Z,34.6984,45.9766,10,4.1,mb,,112,0.467,0.86,us,us2000he22,2018-11-21T18:19:10.040Z,"28 km NNE of Sarpol-e Z?ah?b, Iran",earthquake,6.7,2,0.103,26,reviewed,us,us
2018-09-13T16:49:17.170Z,3.1711,128.1218,140.58,5,mb,,112,2.499,0.68,us,us2000he1s,2018-11-21T18:19:10.040Z,"160 km N of Tobelo, Indonesia",earthquake,9.4,7.7,0.041,191,reviewed,us,us
2018-09-13T16:27:10.743Z,68.8472,-146.6344,9.5,2.6,ml,,,,0.59,ak,ak018brn9l9e,2023-08-16T18:17:09.672Z,"92 km NNW of Arctic Village, Alaska",earthquake,,0.1,,,reviewed,ak,ak
2018-09-13T15:54:22.188Z,69.5209,-144.6512,9.2,3.2,ml,,,,0.66,ak,ak018brmtyve,2019-12-02T22:47:02.026Z,"78 km SSW of Kaktovik, Alaska",earthquake,,0.4,,,reviewed,ak,ak
2018-09-13T15:41:40.620Z,18.8726,-68.4221,65,3.17,md,4,350,1.507,0.11,pr,pr2018256013,2018-11-21T18:19:07.040Z,"32 km N of Punta Cana, Dominican Republic",earthquake,3.48,7.75,0.17,4,reviewed,pr,pr
2018-09-13T15:21:05.170Z,-19.2115,-177.1892,554.01,4.1,mb,,163,4.745,1.09,us,us2000hi5i,2018-11-21T18:19:15.040Z,"297 km NW of Nuku‘alofa, Tonga",earthquake,32.4,30.6,0.174,10,reviewed,us,us
2018-09-13T14:16:11.930Z,19.3565,-67.9716,6,3.14,md,6,288,0.9369,0.59,pr,pr2018256012,2018-11-21T18:19:07.040Z,"97 km NNE of Punta Cana, Dominican Republic",earthquake,14.36,12.47,0.15,5,reviewed,pr,pr
2018-09-13T14:10:46.460Z,19.381,-154.9096667,7.92,2.66,ml,31,272,0.35,0.13,hv,hv70592172,2018-10-14T13:42:14.040Z,"9 km S of Leilani Estates, Hawaii",earthquake,0.68,0.39,0.126,18,reviewed,hv,hv
2018-09-13T13:59:21.864Z,60.0408,-151.7205,62,3,ml,,,,1.08,ak,ak018brlo67u,2023-08-16T18:16:46.424Z,"3 km WSW of Ninilchik, Alaska",earthquake,,0.2,,,reviewed,ak,ak
2018-09-13T12:14:11.060Z,-21.3922,-70.2474,54.3,3.9,mb,,181,0.824,1.28,us,us2000hdyj,2018-11-21T18:19:06.040Z,"77 km N of Tocopilla, Chile",earthquake,5.9,13.3,0.23,5,reviewed,us,us
2018-09-13T12:03:20.030Z,-15.5678,-70.1596,217.41,4.5,mb,,114,2.079,1.21,us,us2000hdyf,2018-11-21T18:19:10.040Z,"6 km W of Caracoto, Peru",earthquake,9.4,10.2,0.089,37,reviewed,us,us
2018-09-13T11:58:51.002Z,69.4697,-144.2151,1.1,2.8,ml,,,,0.99,ak,ak018brkh5jg,2023-08-16T18:16:10.761Z,"77 km SSW of Kaktovik, Alaska",earthquake,,0.2,,,reviewed,ak,ak
2018-09-13T11:50:52.520Z,18.2113,-66.1563,82,2.52,md,3,328,0.4443,0.11,pr,pr2018256010,2018-09-13T18:12:04.508Z,"3 km WSW of Sumidero, Puerto Rico",earthquake,2.04,1.19,0.18,3,reviewed,pr,pr
2018-09-13T11:38:04.760Z,-55.8773,-123.2114,10,5.5,mww,,50,27.914,1.21,us,us2000hdy6,2025-12-22T17:50:43.112Z,"southern East Pacific Rise",earthquake,13.3,1.8,0.075,17,reviewed,us,us
2018-09-13T09:54:30.280Z,18.32,-64.384,29,3.13,md,10,347,1.4755,0.21,pr,pr2018256008,2018-11-21T18:19:07.040Z,"43 km E of Cruz Bay, U.S. Virgin Islands",earthquake,3.7,15.58,0.38,7,reviewed,pr,pr
2018-09-13T08:49:24.132Z,69.5373,-144.4372,6.8,2.7,ml,,,,0.68,ak,ak018brimv7h,2023-08-16T18:15:40.678Z,"73 km SSW of Kaktovik, Alaska",earthquake,,0.3,,,reviewed,ak,ak
2018-09-13T08:27:07.220Z,-14.2118,-13.715,10,4.9,mb,,58,7.89,0.83,us,us2000hdvq,2018-11-21T18:19:10.040Z,"southern Mid-Atlantic Ridge",earthquake,5.3,1.9,0.079,50,reviewed,us,us
2018-09-13T08:20:49.810Z,-1.4061,-78.351,10,3.1,ml,,318,0.92,0.79,us,us2000heem,2022-08-08T08:07:07.670Z,"8 km E of Baños, Ecuador",earthquake,6.4,2,0.128,8,reviewed,us,us
2018-09-13T08:17:50.450Z,-34.8167,-178.9989,10,4.4,mb,,155,3.5,0.52,us,us2000hi5e,2018-11-21T18:19:15.040Z,"south of the Kermadec Islands",earthquake,14,1.9,0.179,9,reviewed,us,us
2018-09-13T07:58:50.870Z,-17.5459,179.706,612.06,4.1,mb,,89,1.588,1.02,us,us2000hi53,2018-11-21T18:19:15.040Z,"70 km NE of Levuka, Fiji",earthquake,15.4,10.1,0.12,19,reviewed,us,us
2018-09-13T07:43:31.750Z,37.3406,-97.9786,5.3,3.1,mb_lg,,78,0.045,0.27,us,us2000hdv1,2022-08-08T08:04:21.505Z,"7 km NE of Harper, Kansas",earthquake,1.9,2.3,0.046,122,reviewed,us,us
2018-09-13T07:30:35.140Z,19.2768,-64.7515,61,2.74,md,9,338,1.5785,0.3,pr,pr2018256009,2018-11-21T18:19:07.040Z,"104 km N of Cruz Bay, U.S. Virgin Islands",earthquake,4.52,16.62,0.1,6,reviewed,pr,pr
2018-09-13T07:30:06.650Z,-11.9273,166.1463,10,4.4,mb,,239,6.575,0.63,us,us2000hi52,2018-11-21T18:19:15.040Z,"138 km SSE of Lata, Solomon Islands",earthquake,10.3,2,0.202,7,reviewed,us,us
2018-09-13T06:46:03.990Z,18.3386,-68.8791,110,3.13,md,23,177,0.5277,0.28,pr,pr2018256002,2018-11-21T18:19:07.040Z,"13 km SE of La Romana, Dominican Republic",earthquake,4.95,1.6,0.45,23,reviewed,pr,pr
2018-09-13T06:27:40.520Z,33.9026667,-82.2683333,0.08,2.57,md,19,52,0.3281,0.13,se,se60064123,2018-12-12T09:46:19.303Z,"2 km ESE of McCormick, South Carolina",earthquake,0.36,1.74,0.063,12,reviewed,se,se
2018-09-13T06:27:00.440Z,-35.044,-179.2389,10,4.8,mb,,87,3.2,0.85,us,us2000hdu8,2025-12-22T18:18:57.972Z,"east of the North Island of New Zealand",earthquake,6.4,1.8,0.102,30,reviewed,us,us
2018-09-13T06:22:59.330Z,-18.0846,-177.8963,599.47,4.1,mb,,117,3.871,0.36,us,us2000hi57,2018-11-21T18:19:15.040Z,"295 km E of Levuka, Fiji",earthquake,14.4,11.1,0.12,19,reviewed,us,us
2018-09-13T06:06:29.400Z,42.6855,141.9709,35,4.3,mb,,87,1.105,0.69,us,us2000hi50,2018-11-21T18:19:15.040Z,"30 km ESE of Chitose, Japan",earthquake,6.1,2,0.109,24,reviewed,us,us
2018-09-13T05:00:40.251Z,69.4276,-144.1616,5.8,2.9,ml,,,,0.88,ak,ak018brgk3jt,2023-08-16T18:15:02.117Z,"81 km SSW of Kaktovik, Alaska",earthquake,,0.3,,,reviewed,ak,ak
2018-09-13T04:38:14.890Z,14.4067,55.3668,10,4.5,mb,,120,12.533,0.8,us,us2000hi4z,2018-11-21T18:19:15.040Z,"243 km NE of Hadibu, Yemen",earthquake,9.3,2,0.15,13,reviewed,us,us
2018-09-13T04:11:52.020Z,-17.8957,-177.948,613.55,4.4,mb,,171,3.812,0.5,us,us2000hi4y,2018-11-21T18:19:15.040Z,"290 km E of Levuka, Fiji",earthquake,15.5,8.8,0.117,21,reviewed,us,us
2018-09-13T04:03:12.110Z,-17.8332,-178.563,561.2,4.1,mb,,77,3.225,0.54,us,us2000hi4x,2018-11-21T18:19:15.040Z,"226 km E of Levuka, Fiji",earthquake,11.5,8.6,0.107,24,reviewed,us,us
2018-09-13T03:36:38.782Z,56.0455,-149.8318,11.6,2.5,ml,,,,0.68,ak,ak018brfky06,2021-02-22T17:20:05.142Z,"229 km SE of Chiniak, Alaska",earthquake,,6.6,,,reviewed,ak,ak
2018-09-13T03:32:45.530Z,-61.7776,154.5983,10,4.6,mb,,119,7.653,0.85,us,us2000hi4w,2025-12-22T17:50:45.358Z,"Balleny Islands region",earthquake,13.4,1.9,0.129,19,reviewed,us,us
2018-09-13T02:38:47.520Z,-34.4106,-178.4734,10,4.3,mb,,146,4.087,0.55,us,us2000hi4u,2018-11-21T18:19:15.040Z,"south of the Kermadec Islands",earthquake,6.8,1.9,0.201,7,reviewed,us,us
2018-09-13T02:23:19.660Z,13.449,144.6188,94.99,4.5,mb,,54,0.28,0.64,us,us2000hdt0,2018-11-21T18:19:10.040Z,"7 km NNW of Agat Village, Guam",earthquake,11.5,2.5,0.066,68,reviewed,us,us
2018-09-13T02:06:57.260Z,3.4486,122.7655,461.03,4.3,mb,,104,19.909,0.75,us,us2000hi62,2018-11-21T18:19:15.040Z,"Celebes Sea",earthquake,10.4,11.9,0.137,16,reviewed,us,us
2018-09-13T02:00:06.610Z,19.5365,-67.828,58,3.27,md,7,335,1.55,0.44,pr,pr2018256006,2018-11-21T18:19:07.040Z,"121 km NNE of Punta Cana, Dominican Republic",earthquake,6.46,26.97,0.02,4,reviewed,pr,pr
2018-09-13T01:49:24.830Z,-34.4184,-178.6375,10,4.3,mb,,211,3.997,0.26,us,us2000hi4t,2018-11-21T18:19:15.040Z,"south of the Kermadec Islands",earthquake,8.7,2,0.217,7,reviewed,us,us
2018-09-13T01:27:52.220Z,-33.8541,-179.4762,47.27,4.5,mb,,221,4.116,0.51,us,us2000hi4s,2018-11-21T18:19:15.040Z,"south of the Kermadec Islands",earthquake,14.2,9.5,0.163,11,reviewed,us,us
2018-09-13T01:25:58.291Z,51.9086,179.594,139.6,2.6,ml,,,,0.4,ak,ak018brebrf9,2019-12-02T22:47:31.228Z,"259 km W of Adak, Alaska",earthquake,,0.5,,,reviewed,ak,ak
2018-09-13T00:31:35.610Z,32.4663333,-115.565,15.32,2.84,ml,31,105,0.1936,0.25,ci,ci38058223,2018-10-23T16:20:11.367Z,"13km S of Progreso, B.C., MX",earthquake,0.38,0.79,0.215,73,reviewed,ci,ci
2018-09-13T00:30:57.589Z,60.0483,-151.7628,54.7,2.5,ml,,,,0.49,ak,ak018brdrece,2023-08-16T18:14:32.702Z,"5 km W of Ninilchik, Alaska",earthquake,,0.3,,,reviewed,ak,ak
2018-09-13T00:29:12.240Z,18.9471,-64.9248,49,3.23,md,8,336,1.2255,0.27,pr,pr2018256001,2018-11-21T18:19:07.040Z,"66 km N of Charlotte Amalie, U.S. Virgin Islands",earthquake,3.76,12.76,0.32,7,reviewed,pr,pr
2018-09-13T00:18:28.240Z,-18.3018,-178.3981,532.41,4.3,mb,,83,3.422,1.3,us,us2000hi4p,2018-11-21T18:19:15.040Z,"243 km E of Levuka, Fiji",earthquake,15.4,7.3,0.119,20,reviewed,us,us
2018-09-13T00:09:18.000Z,18.9346,-66.3,46,2.84,md,6,291,0.5118,0.24,pr,pr2018256000,2018-09-13T08:55:17.685Z,"51 km N of Brenas, Puerto Rico",earthquake,2.06,3.42,0.09,5,reviewed,pr,pr
2018-09-12T23:41:40.100Z,35.9611,-97.236,5.766,2.6,ml,,21,,0.21,us,us2000hdrs,2018-11-21T18:19:10.040Z,"0 km NNW of Coyle, Oklahoma",earthquake,0.6,3.6,,,reviewed,ok,ok
2018-09-12T23:14:52.373Z,60.9269,-150.8642,55.8,3.3,ml,,,,0.91,ak,ak018bq3tkwl,2023-08-16T18:14:30.268Z,"9 km W of Point Possession, Alaska",earthquake,,0.2,,,reviewed,ak,ak
2018-09-12T23:05:12.680Z,4.0903,96.4174,24.67,4.2,mb,,102,1.248,0.89,us,us2000hdrj,2018-11-21T18:19:10.040Z,"32 km E of Meulaboh, Indonesia",earthquake,5.4,7,0.14,14,reviewed,us,us
2018-09-12T22:51:04.860Z,-39.8928,44.4516,10,5.1,mb,,49,15.026,0.77,us,us2000hdqn,2018-11-21T18:19:10.040Z,"Southwest Indian Ridge",earthquake,10.2,1.6,0.056,106,reviewed,us,us
2018-09-12T22:48:25.299Z,57.9529,-137.8052,20,2.9,ml,,,,0.5,ak,ak018bq3fdk1,2023-08-16T18:14:16.789Z,"90 km WSW of Elfin Cove, Alaska",earthquake,,0.9,,,reviewed,ak,ak
2018-09-12T22:32:39.260Z,-3.8139,151.6166,10,5.1,mww,,50,0.662,0.54,us,us2000hdqb,2022-05-03T19:30:03.055Z,"74 km NW of Rabaul, Papua New Guinea",earthquake,6.7,1.8,0.071,19,reviewed,us,us
2018-09-12T21:08:13.132Z,68.8287,-147.9893,13.4,2.7,ml,,,,0.61,ak,ak018bq2lcdd,2023-08-16T18:13:56.870Z,"127 km NW of Arctic Village, Alaska",earthquake,,0.2,,,reviewed,ak,ak
2018-09-12T21:03:17.421Z,68.8057,-148.0002,8.7,2.5,ml,,,,0.65,ak,ak018bq2ka4e,2023-08-16T18:13:55.788Z,"126 km NW of Arctic Village, Alaska",earthquake,,0.3,,,reviewed,ak,ak
2018-09-12T20:47:11.290Z,-21.1016,-67.6116,186.62,4.2,mb,,95,1.668,0.5,us,us2000hdmx,2022-08-08T08:02:52.959Z,"108 km SW of Uyuni, Bolivia",earthquake,8.5,15,0.216,6,reviewed,us,us
2018-09-12T20:38:15.961Z,58.5197,-156.439,190.6,2.9,ml,,,,0.74,ak,ak018bq26cgs,2023-08-16T18:13:53.596Z,"22 km SE of King Salmon, Alaska",earthquake,,0.2,,,reviewed,ak,ak
2018-09-12T20:32:25.400Z,33.4896667,-116.8025,2.83,2.53,ml,100,15,0.02271,0.22,ci,ci38057983,2022-08-08T08:02:07.735Z,"8km NE of Aguanga, CA",earthquake,0.13,0.42,0.213,25,reviewed,ci,ci
2018-09-12T20:25:48.750Z,-22.7281,-70.6558,37.18,3.9,mb,,192,0.611,1.36,us,us2000hdmc,2018-11-21T18:19:06.040Z,"84 km SW of Tocopilla, Chile",earthquake,6.2,29.8,0.363,2,reviewed,us,us
2018-09-12T20:11:34.470Z,19.348,-155.2161667,6.84,3.1,ml,51,61,0.02566,0.08,hv,hv70590712,2018-11-21T18:19:10.040Z,"10 km S of Volcano, Hawaii",earthquake,0.25,0.32,0.158,45,reviewed,hv,hv
2018-09-12T19:34:29.569Z,55.9411,-149.3473,11.8,2.8,ml,,,,0.72,ak,ak018bq1k31o,2023-08-16T18:13:48.020Z,"258 km SE of Chiniak, Alaska",earthquake,,4.7,,,reviewed,ak,ak
2018-09-12T19:31:14.150Z,-31.529,-72.008,34.56,4,ml,,196,0.91,0.6,us,us2000hdlc,2018-11-21T18:19:10.040Z,"80 km W of Illapel, Chile",earthquake,4.5,16.6,,,reviewed,us,guc
2018-09-12T19:15:51.036Z,68.8217,-148.0483,14.8,2.9,ml,,,,0.57,ak,ak018bq1g23j,2023-08-16T18:13:43.533Z,"128 km NW of Arctic Village, Alaska",earthquake,,0.2,,,reviewed,ak,ak
2018-09-12T19:12:48.579Z,55.8688,-149.1552,11.9,2.6,ml,,,,0.85,aacse,aacse018bq1ferd,2021-02-22T17:19:19.174Z,"272 km SE of Chiniak, Alaska",earthquake,,2.9,,,reviewed,aacse,aacse
2018-09-12T19:05:38.996Z,68.8098,-148.0466,14,2.5,ml,,,,0.63,ak,ak018bq1dw0b,2023-08-16T18:13:39.902Z,"127 km NW of Arctic Village, Alaska",earthquake,,0.2,,,reviewed,ak,ak
2018-09-12T18:59:48.666Z,55.8361,-149.1723,20.8,2.7,ml,,,,0.97,aacse,aacse018bq141te,2021-02-22T17:19:19.520Z,"274 km SE of Chiniak, Alaska",earthquake,,6.4,,,reviewed,aacse,aacse
2018-09-12T18:50:57.310Z,-18.0609,-178.275,542.76,4.4,mb,,122,3.51,0.69,us,us2000hdkw,2018-11-21T18:19:09.040Z,"254 km E of Levuka, Fiji",earthquake,14.2,7.8,0.047,133,reviewed,us,us
2018-09-12T18:37:23.950Z,-18.2754,-178.2684,557.78,4.2,mb,,110,3.54,0.57,us,us2000hhkz,2018-11-21T18:19:15.040Z,"256 km E of Levuka, Fiji",earthquake,13.1,9.5,0.14,14,reviewed,us,us
2018-09-12T18:13:28.210Z,36.3469,28.8658,10,4.1,mb,,103,0.93,0.79,us,us2000hdjz,2018-11-21T18:19:09.040Z,"34 km SW of Ölüdeniz, Turkey",earthquake,4.9,2,0.185,8,reviewed,us,us
2018-09-12T18:10:42.894Z,57.4292,-155.317,77.3,2.8,ml,,,,0.72,ak,ak018bq0tja9,2023-08-16T18:13:32.986Z,"53 km WSW of Karluk, Alaska",earthquake,,0.2,,,reviewed,ak,ak
2018-09-12T18:07:50.570Z,0.0791,123.6919,120.82,4.7,mb,,47,1.444,1.1,us,us2000hdjw,2018-11-21T18:19:09.040Z,"86 km SE of Gorontalo, Indonesia",earthquake,8.1,7.7,0.068,65,reviewed,us,us
2018-09-12T18:07:37.575Z,58.9071,-137.1313,1.4,3.4,ml,,,,0.82,ak,ak018bq0svq5,2023-08-16T18:13:31.894Z,"85 km SW of Covenant Life, Alaska",earthquake,,0.3,,,reviewed,ak,ak
2018-09-12T18:00:35.640Z,-17.9217,-177.9666,573.66,4.4,mb,,73,3.795,0.87,us,us2000hdjg,2018-11-21T18:19:09.040Z,"288 km E of Levuka, Fiji",earthquake,13.7,7.9,0.046,134,reviewed,us,us
2018-09-12T17:57:42.330Z,51.3995,-177.7297,41.91,4,mb,,188,0.578,1.1,us,us2000hdj9,2019-12-02T22:45:50.275Z,"92 km SW of Adak, Alaska",earthquake,11.1,13,0.076,46,reviewed,us,us
2018-09-12T17:35:05.762Z,53.848,-162.3703,25.4,2.7,ml,,,,0.64,ak,ak018bq0ddps,2021-02-22T17:20:11.580Z,"130 km SSE of False Pass, Alaska",earthquake,,2,,,reviewed,ak,ak
2018-09-12T17:32:37.160Z,-5.6506,147.3076,123.16,4.5,mb,,92,3.732,0.85,us,us2000hhl3,2018-11-21T18:19:15.040Z,"116 km NNW of Finschhafen, Papua New Guinea",earthquake,9.5,7.2,0.1,29,reviewed,us,us
2018-09-12T16:33:59.120Z,42.634,142.0047,22.41,4.5,mb,,83,1.055,1.04,us,us2000hdhg,2018-11-21T18:19:09.040Z,"32 km E of Tomakomai, Japan",earthquake,5.4,6.2,0.1,29,reviewed,us,us
2018-09-12T16:33:08.200Z,-12.6854,167.0091,257.53,4.2,mb,,119,16.927,0.67,us,us2000hhky,2018-11-21T18:19:15.040Z,"144 km NNW of Sola, Vanuatu",earthquake,13.1,8.2,0.094,32,reviewed,us,us
2018-09-12T15:58:47.520Z,56.5372,-148.6359,10,2.9,ml,,210,2.486,0.6,us,us2000hdrk,2023-08-16T18:13:14.513Z,"251 km ESE of Chiniak, Alaska",earthquake,8.7,2,0.046,62,reviewed,us,us
2018-09-12T15:35:16.080Z,13.2268,-87.83,10,4.7,mb,,129,0.925,0.89,us,us2000hdfj,2018-11-21T18:19:09.040Z,"9 km SSE of Conchagua, El Salvador",earthquake,5.8,1.9,0.041,184,reviewed,us,us
2018-09-12T15:13:09.140Z,31.5816667,-114.401,8.65,3.45,ml,10,125,0.6652,0.11,ci,ci38057687,2018-11-21T18:19:09.040Z,"89km SE of Estacion Coahuila, B.C., MX",earthquake,0.47,2.21,0.162,30,reviewed,ci,ci
2018-09-12T15:11:02.604Z,53.1935,-160.3612,12,3.2,ml,,,,0.58,ak,ak018bpz1d2s,2021-02-22T17:20:11.950Z,"238 km S of Sand Point, Alaska",earthquake,,2.1,,,reviewed,ak,ak
2018-09-12T13:52:51.080Z,50.7863,-178.3187,10,3.7,mb,,229,1.293,0.97,us,us2000hhl0,2019-12-02T22:45:40.480Z,"168 km SW of Adak, Alaska",earthquake,8.3,2,0.122,17,reviewed,us,us
2018-09-12T13:27:21.610Z,19.1145,-68.7283,70,2.53,md,4,320,0.6936,0.57,pr,pr2018255013,2018-11-21T18:19:07.040Z,"36 km ENE of Miches, Dominican Republic",earthquake,13.93,13.74,0.75,2,reviewed,pr,pr
2018-09-12T13:17:02.989Z,63.1522,-150.5677,116.7,2.9,ml,,,,0.49,ak,ak018bpxvs6y,2023-08-16T18:12:54.883Z,"72 km SE of Denali National Park, Alaska",earthquake,,0.2,,,reviewed,ak,ak
2018-09-12T11:56:52.540Z,20.2154,120.981,10,4.3,mb,,141,2.591,1.25,us,us2000hhkq,2018-11-21T18:19:14.040Z,"106 km WSW of Basco, Philippines",earthquake,14.9,2,0.189,8,reviewed,us,us
2018-09-12T11:42:35.845Z,55.2657,-148.7855,15.2,2.7,ml,,,,1.25,aacse,aacse018bpwucf4,2021-02-22T17:19:18.558Z,"Gulf of Alaska",earthquake,,25,,,reviewed,aacse,aacse
2018-09-12T11:06:34.230Z,32.7234,105.6616,10,5,mww,,19,4.082,0.6,us,us2000hddm,2022-05-03T19:54:40.959Z,"34 km NNW of Guangyuan, China",earthquake,7.9,1.9,0.062,25,reviewed,us,us
2018-09-12T10:59:25.694Z,53.1845,-166.664,25.5,2.7,ml,,,,0.2,ak,ak018bpwcj7d,2019-12-02T22:45:34.795Z,"77 km S of Unalaska, Alaska",earthquake,,2.1,,,reviewed,ak,ak
2018-09-12T10:48:33.980Z,19.3973,-67.985,29,3.11,md,8,287,0.9682,0.28,pr,pr2018255012,2018-11-21T18:19:07.040Z,"100 km NNE of Punta Cana, Dominican Republic",earthquake,2.08,19.58,0.18,5,reviewed,pr,pr
2018-09-12T10:25:10.370Z,56.3342,-148.802,20.43,2.9,ml,,233,2.525,0.32,us,us2000hdpf,2023-08-16T18:12:42.337Z,"254 km SE of Chiniak, Alaska",earthquake,9.9,10.8,0.053,46,reviewed,us,us
2018-09-12T10:14:00.530Z,19.1527,121.1689,35,4.5,mb,,120,3.647,0.92,us,us2000hhku,2018-11-21T18:19:14.040Z,"59 km N of Namuac, Philippines",earthquake,9.3,2,0.073,55,reviewed,us,us
2018-09-12T10:12:29.530Z,13.1233,-87.8515,24.56,4.3,mb,,136,0.889,0.83,us,us2000hdd3,2018-11-21T18:19:09.040Z,"20 km S of Conchagua, El Salvador",earthquake,7.1,9.5,0.049,121,reviewed,us,us
2018-09-12T09:55:25.040Z,2.9066,127.0393,63.62,4.1,mb,,171,2.145,0.32,us,us2000hhkp,2018-11-21T18:19:14.040Z,"169 km NW of Tobelo, Indonesia",earthquake,12.9,8,0.15,12,reviewed,us,us
2018-09-12T09:24:51.610Z,42.6901,141.9471,27.83,4.4,mb,,73,1.122,0.52,us,us2000hdck,2022-08-08T08:01:21.748Z,"28 km ESE of Chitose, Japan",earthquake,5.7,5.6,0.075,52,reviewed,us,us
2018-09-12T08:27:11.850Z,18.7012,120.9459,31.02,4.3,mb,,122,4.097,0.93,us,us2000hhkl,2018-11-21T18:19:14.040Z,"17 km NW of Claveria, Philippines",earthquake,11.4,7.8,0.168,10,reviewed,us,us
2018-09-12T07:27:50.190Z,-5.2755,102.3876,42.9,5.1,mb,,67,1.07,1.02,us,us2000hdbf,2022-05-03T19:30:01.403Z,"163 km S of Bengkulu, Indonesia",earthquake,7.1,5.6,0.063,82,reviewed,us,us
2018-09-12T06:29:53.150Z,12.1932,-86.7841,103,5.4,mww,,27,0.316,1.31,us,us2000hdas,2025-12-22T17:50:41.686Z,"20 km SW of La Paz Centro, Nicaragua",earthquake,6.9,1.9,0.042,54,reviewed,us,us
2018-09-12T06:21:48.440Z,36.185,31.0563,50.02,5.3,mww,,51,1.082,1.37,us,us2000hdam,2025-12-22T17:50:42.311Z,"59 km SE of Tekirova, Turkey",earthquake,6,4.8,0.053,34,reviewed,us,us
2018-09-12T05:54:45.810Z,19.4413,-68.03,83,3.25,md,10,337,0.9917,0.52,pr,pr2018255010,2018-11-21T18:19:07.040Z,"102 km NNE of Punta Cana, Dominican Republic",earthquake,5.82,17.11,0.28,10,reviewed,pr,pr
2018-09-12T05:49:59.770Z,54.6773,142.761,10,4.7,mb,,93,6.564,1.05,us,us2000hda3,2018-11-21T18:19:09.040Z,"121 km N of Okha, Russia",earthquake,10.6,1.9,0.064,73,reviewed,us,us
2018-09-12T05:49:22.400Z,51.8931,-173.262,24.1,2.7,ml,,,,0.6,ak,ak018bptb7rk,2019-12-02T22:46:11.299Z,"72 km ESE of Atka, Alaska",earthquake,,19.6,,,reviewed,ak,ak
2018-09-12T05:48:38.300Z,19.4936,-68.3568,29,3.05,md,5,307,0.98,0.44,pr,pr2018255009,2018-11-21T18:19:07.040Z,"91 km NE of Miches, Dominican Republic",earthquake,4.35,35.58,0.12,4,reviewed,pr,pr
2018-09-12T05:39:38.990Z,-24.0984,-175.3685,10,4.7,mb,,98,7.113,0.69,us,us2000hhkh,2018-11-21T18:19:14.040Z,"south of Tonga",earthquake,6.6,1.9,0.147,20,reviewed,us,us
2018-09-12T05:35:10.940Z,-23.9618,-66.8963,236.29,4.2,mb,,57,1.548,0.56,us,us2000hd9w,2018-11-21T18:19:06.040Z,"65 km WNW of San Antonio de los Cobres, Argentina",earthquake,9.8,17.5,0.306,3,reviewed,us,us
2018-09-12T05:34:26.620Z,38.7653333,-112.7343333,-0.02,3.82,ml,34,47,0.2645,0.26,uu,uu60296322,2021-05-05T21:05:33.560Z,"26 km W of Kanosh, Utah",earthquake,0.44,2.34,0.179,29,reviewed,uu,uu
2018-09-12T05:02:44.438Z,62.1429,-151.0002,74.5,2.8,ml,,,,0.54,ak,ak018bpt16t7,2023-08-16T18:12:19.049Z,"26 km NE of Skwentna, Alaska",earthquake,,0.2,,,reviewed,ak,ak
2018-09-12T04:50:46.570Z,26.3711,90.1611,10,5.3,mww,,18,1.723,0.64,us,us2000hd8v,2022-05-03T19:29:55.826Z,"5 km NE of Sapatgr?m, India",earthquake,6.3,1.7,0.078,16,reviewed,us,us
2018-09-12T04:49:50.930Z,-3.1982,129.7902,35,4.8,mb,,54,2.47,0.92,us,us2000hhl9,2018-11-21T18:19:15.040Z,"98 km E of Amahai, Indonesia",earthquake,5.8,1.8,0.101,30,reviewed,us,us
2018-09-12T04:35:06.180Z,31.8921,-94.3874,5,2.5,mb_lg,,94,0.267,0.63,us,us2000hd8u,2018-11-21T18:19:09.040Z,"1 km SSE of Timpson, Texas",earthquake,2.9,2,0.361,2,reviewed,us,us
2018-09-12T04:18:03.560Z,18.8375,-64.8495,19,3.78,md,26,201,1.2175,0.38,pr,pr2018255001,2018-11-21T18:19:07.040Z,"55 km N of Charlotte Amalie, U.S. Virgin Islands",earthquake,2.11,3.4,0.36,25,reviewed,pr,pr
2018-09-12T04:09:50.460Z,19.3293333,-155.1901667,6.43,2.69,ml,55,89,0.05027,0.09,hv,hv70589362,2018-11-21T18:19:09.040Z,"13 km SSE of Volcano, Hawaii",earthquake,0.29,0.39,0.171,42,reviewed,hv,hv
2018-09-12T03:30:22.340Z,17.4115,-65.555,22,2.89,md,8,313,0.7657,0.28,pr,pr2018255005,2018-09-12T09:22:24.184Z,"73 km SSE of Emajagua, Puerto Rico",earthquake,2,21.37,0.35,5,reviewed,pr,pr
2018-09-12T02:35:26.690Z,14.8462,-94.0518,23.95,4.8,mb,,159,1.172,1.39,us,us2000hd7p,2018-11-21T18:19:06.040Z,"115 km SW of El Palmarcito, Mexico",earthquake,4.2,4.7,0.029,381,reviewed,us,us
2018-09-12T02:10:56.130Z,18.1516,-67.2391,18,2.66,md,19,177,0.1148,0.22,pr,pr2018255000,2018-11-21T18:19:07.040Z,"10 km NNW of Puerto Real, Puerto Rico",earthquake,0.67,0.48,0.38,18,reviewed,pr,pr
2018-09-12T01:56:30.110Z,-34.8318,-179.0815,10,4.5,mb,,192,3.447,0.93,us,us2000hhkd,2025-12-22T18:04:36.874Z,"south of the Kermadec Islands",earthquake,13,1.9,0.145,14,reviewed,us,us
2018-09-12T01:40:43.900Z,19.5363,-67.9613,40,2.83,md,8,337,1.1053,0.42,pr,pr2018255006,2018-09-12T08:37:44.352Z,"115 km NNE of Punta Cana, Dominican Republic",earthquake,4.09,33.23,0.43,8,reviewed,pr,pr
2018-09-12T01:15:47.430Z,19.1043,-68.104,53,3.14,md,5,277,0.6523,0.22,pr,pr2018255004,2018-09-12T08:36:53.480Z,"65 km NNE of Punta Cana, Dominican Republic",earthquake,3.99,8.4,0.04,5,reviewed,pr,pr
2018-09-12T00:45:25.830Z,24.1454,123.6824,23.57,4.6,mb,,95,0.691,0.73,us,us2000hhkc,2018-11-21T18:19:14.040Z,"53 km WSW of Ishigaki, Japan",earthquake,6.9,5.6,0.11,25,reviewed,us,us
2018-09-12T00:28:09.050Z,45.6083,150.0151,80.69,5.1,mb,,101,5.207,1.2,us,us2000hd70,2018-11-21T18:19:09.040Z,"172 km ENE of Kuril’sk, Russia",earthquake,5.5,5.6,0.023,608,reviewed,us,us
2018-09-12T00:21:39.470Z,19.486,-68.1633,31,3.24,md,12,288,0.9962,0.75,pr,pr2018255003,2018-11-21T18:19:07.040Z,"103 km NNE of Punta Cana, Dominican Republic",earthquake,5.97,48.08,0.26,10,reviewed,pr,pr
2018-09-11T23:55:47.057Z,51.9677,-175.4848,74,3.2,ml,,,,0.3,ak,ak018bogj0cx,2019-12-02T22:45:10.417Z,"79 km E of Adak, Alaska",earthquake,,0.5,,,reviewed,ak,ak
2018-09-11T23:45:09.170Z,36.3435,76.2811,79.41,4.4,mb,,98,3.651,0.89,us,us2000hd6d,2018-11-21T18:19:09.040Z,"129 km NNE of Skardu, Pakistan",earthquake,5.8,7.2,0.07,59,reviewed,us,us
2018-09-11T23:43:39.750Z,19.348,-154.9663333,1.81,2.77,ml,43,209,0.09245,0.11,hv,hv70588987,2018-11-21T18:19:09.040Z,"14 km SSW of Leilani Estates, Hawaii",earthquake,0.7,0.64,0.131,44,reviewed,hv,hv
2018-09-11T23:24:02.950Z,51.8956,-169.4974,26.92,2.5,ml,,304,0.903,0.56,us,us2000hd6i,2023-08-16T18:11:33.443Z,"123 km SSW of Nikolski, Alaska",earthquake,10,18.7,,,reviewed,us,ak
2018-09-11T23:19:50.200Z,-31.7328,-179.2813,120.31,4.3,mb,,153,2.74,0.57,us,us2000hh6s,2018-11-21T18:19:14.040Z,"Kermadec Islands region",earthquake,7.5,8.1,0.148,14,reviewed,us,us
2018-09-11T23:11:50.700Z,19.5401,-68.0988,39,2.82,md,9,291,1.0644,0.5,pr,pr2018254014,2018-11-21T18:19:07.040Z,"110 km NNE of Punta Cana, Dominican Republic",earthquake,4.36,30.38,0.5,8,reviewed,pr,pr
2018-09-11T23:09:59.360Z,31.5213333,-115.5978333,10.84,2.71,ml,10,105,0.2052,0.07,ci,ci38057191,2018-10-23T16:11:18.191Z,"88km SSW of Alberto Oviedo Mota, B.C., MX",earthquake,0.46,1.01,0.135,39,reviewed,ci,ci
2018-09-11T22:30:14.649Z,69.0327,-146.5862,15.4,2.5,ml,,,,0.65,ak,ak018bofs5co,2019-12-02T22:45:08.290Z,"109 km NNW of Arctic Village, Alaska",earthquake,,0.2,,,reviewed,ak,ak
2018-09-11T22:28:13.066Z,55.9522,-153.2678,32.9,2.7,ml,,,,0.69,ak,ak018bofrpsq,2023-08-16T18:11:27.468Z,"123 km SSE of Akhiok, Alaska",earthquake,,3.1,,,reviewed,ak,ak
2018-09-11T22:23:38.112Z,55.9575,-153.2618,32.9,3,ml,,,,0.55,ak,ak018bofqp5f,2023-08-16T18:11:26.118Z,"123 km SSE of Akhiok, Alaska",earthquake,,3.3,,,reviewed,ak,ak
2018-09-11T22:16:04.980Z,18.9,-67.6093,4,2.68,md,13,229,0.5317,0.53,pr,pr2018254013,2018-09-12T00:10:27.528Z,"70 km NW of San Antonio, Puerto Rico",earthquake,1.9,1.99,0.33,9,reviewed,pr,pr
2018-09-11T21:54:09.070Z,-18.7826,168.6551,143.56,4.5,mb,,187,2.39,0.72,us,us2000hh6r,2018-11-21T18:19:14.040Z,"106 km NW of Isangel, Vanuatu",earthquake,12.4,8.3,0.171,10,reviewed,us,us
2018-09-11T21:20:15.130Z,24.0437,122.2556,45.89,4.4,mb,,102,0.617,0.68,us,us2000hh6p,2018-11-21T18:19:14.040Z,"66 km E of Hualien City, Taiwan",earthquake,4.2,8.1,0.13,17,reviewed,us,us
2018-09-11T21:18:14.799Z,51.0194,-179.7667,12.3,2.5,ml,,,,0.42,ak,ak018bof455z,2019-12-02T22:44:33.577Z,"237 km WSW of Adak, Alaska",earthquake,,0.9,,,reviewed,ak,ak
2018-09-11T19:59:10.105Z,69.468,-144.505,6.5,2.7,ml,,,,0.5,ak,ak018boe61ya,2023-08-16T18:11:17.518Z,"81 km SSW of Kaktovik, Alaska",earthquake,,0.4,,,reviewed,ak,ak
2018-09-11T19:52:09.130Z,-18.0825,-178.1725,558.56,4.2,mb,,202,3.609,0.5,us,us2000hh6m,2018-11-21T18:19:14.040Z,"265 km E of Levuka, Fiji",earthquake,19.8,14.8,0.176,11,reviewed,us,us
2018-09-11T19:49:39.570Z,51.8445,178.4913,109.8,2.5,ml,,,,0.54,ak,ak018boe3z2d,2019-12-02T22:44:30.143Z,"Rat Islands, Aleutian Islands, Alaska",earthquake,,0.8,,,reviewed,ak,ak
2018-09-11T19:07:26.410Z,1.5492,127.3138,157.23,4.5,mb,,62,0.774,0.74,us,us2000hd0a,2018-11-21T18:19:09.040Z,"79 km WSW of Tobelo, Indonesia",earthquake,8,5.6,0.049,120,reviewed,us,us
2018-09-11T18:54:09.200Z,19.7553333,-155.566,17.19,3.34,ml,38,70,,0.15,hv,hv70588612,2019-04-04T21:01:44.340Z,"31 km SE of Waikoloa, Hawaii",earthquake,0.39,0.68,0.187,53,reviewed,hv,hv
2018-09-11T18:26:00.180Z,12.1933,-87.5356,62.16,4.4,mb,,157,0.689,0.88,us,us2000hcy7,2018-11-21T18:19:09.040Z,"50 km SW of Corinto, Nicaragua",earthquake,6,7.7,0.054,101,reviewed,us,us
2018-09-11T18:25:34.610Z,19.373,-68.2803,33,3.1,md,10,297,0.865,0.25,pr,pr2018254011,2018-11-21T18:19:07.040Z,"88 km N of Punta Cana, Dominican Republic",earthquake,2.69,15.81,0.35,10,reviewed,pr,pr
2018-09-11T18:12:31.254Z,69.1836,-146.591,6.3,3.2,ml,,,,0.61,ak,ak018bodalbp,2023-08-16T18:11:12.479Z,"125 km NNW of Arctic Village, Alaska",earthquake,,0.4,,,reviewed,ak,ak
2018-09-11T17:33:24.760Z,2.8327,126.8242,63.42,4.2,mb,,193,2.117,0.48,us,us2000hh6i,2018-11-21T18:19:14.040Z,"179 km NW of Tobelo, Indonesia",earthquake,13.7,12.8,0.167,10,reviewed,us,us
2018-09-11T17:30:13.861Z,63.0079,-150.8696,122.6,3,ml,,,,0.53,ak,ak018bocsz9m,2023-08-16T18:11:03.728Z,"57 km N of Petersville, Alaska",earthquake,,0.2,,,reviewed,ak,ak
2018-09-11T16:34:47.840Z,36.503,71.0343,161.49,4.6,mb,,74,0.722,0.96,us,us2000hcsx,2018-11-21T18:19:09.040Z,"43 km SSE of Jurm, Afghanistan",earthquake,7.3,5.9,0.098,31,reviewed,us,us
2018-09-11T16:11:29.400Z,36.2153,-97.5688,6.708,3.3,ml,,23,,0.12,us,us2000hcrq,2022-08-08T08:00:29.338Z,"Oklahoma",earthquake,1.2,5.9,,,reviewed,ok,ok
2018-09-11T16:10:58.300Z,36.2159,-97.5703,6.105,2.6,ml,,28,,0.16,us,us2000hcrm,2018-11-21T18:19:09.040Z,"8 km NE of Marshall, Oklahoma",earthquake,1.3,0.6,,,reviewed,ok,ok
2018-09-11T15:49:12.750Z,-28.6589,-176.073,10,4.5,mb,,162,1.728,0.96,us,us2000hh6e,2018-11-21T18:19:14.040Z,"Kermadec Islands region",earthquake,10.8,1.9,0.145,14,reviewed,us,us
2018-09-11T15:33:49.450Z,-10.6495,121.6211,10,4.3,mb,,172,2.091,0.64,us,us2000hh6k,2018-11-21T18:19:14.040Z,"184 km SE of Waingapu, Indonesia",earthquake,7.5,2,0.187,8,reviewed,us,us
2018-09-11T15:30:36.000Z,16.6606,-93.8598,143.09,4.2,mb,,101,0.716,1.1,us,us1000h8qq,2018-11-21T18:19:06.040Z,"7 km N of Pomposo Castellanos, Mexico",earthquake,5.6,7.4,0.528,1,reviewed,us,us
2018-09-11T15:14:08.930Z,-54.1983,-146.6924,10,5.4,mww,,47,28.788,0.81,us,us2000hcpc,2025-12-22T18:18:56.731Z,"Pacific-Antarctic Ridge",earthquake,12.9,1.8,0.103,9,reviewed,us,us
2018-09-11T15:09:27.250Z,-54.2289,-146.6434,10,5.3,mww,,45,28.768,0.78,us,us2000hcpd,2025-12-22T17:47:28.439Z,"Pacific-Antarctic Ridge",earthquake,12.8,1.8,0.11,8,reviewed,us,us
2018-09-11T15:08:49.030Z,30.4041,131.0237,35,4.8,mb,,108,2.715,0.79,us,us2000hcnz,2022-05-03T19:29:54.275Z,"36 km E of Koseda, Japan",earthquake,7.7,2,0.064,74,reviewed,us,us
2018-09-11T15:05:47.130Z,-8.9381,124.4588,77.58,4.4,mb,,192,0.833,0.92,us,us2000hh6x,2018-11-21T18:19:14.040Z,"30 km NNE of Pante Makasar, Timor Leste",earthquake,10.4,4.6,0.31,3,reviewed,us,us
2018-09-11T14:50:22.518Z,55.461,-161.8552,24.8,2.5,ml,,,,0.19,ak,ak018bob4zfv,2021-02-22T17:20:16.252Z,"53 km NNE of King Cove, Alaska",earthquake,,0.7,,,reviewed,ak,ak
2018-09-11T14:26:15.550Z,-22.5742,-176.8773,159.38,4.5,mb,,117,6.764,0.69,us,us2000hh6c,2018-11-21T18:19:14.040Z,"232 km SW of Vaini, Tonga",earthquake,13.6,5.5,0.096,32,reviewed,us,us
2018-09-11T14:18:17.060Z,30.3898,131.0138,35,4.6,mb,,132,2.729,0.7,us,us2000hcmp,2018-11-21T18:19:09.040Z,"35 km E of Koseda, Japan",earthquake,7.6,2,0.103,28,reviewed,us,us
2018-09-11T13:57:31.220Z,56.8685,-149.2069,11.9,2.7,ml,,,,0.6,ak,ak018boal2iq,2021-02-22T17:20:16.874Z,"203 km ESE of Chiniak, Alaska",earthquake,,6.4,,,reviewed,ak,ak
2018-09-11T13:49:10.060Z,-7.216,155.6554,10,4.4,mb,,154,4.593,0.14,us,us2000hh6b,2018-11-21T18:19:14.040Z,"101 km S of Panguna, Papua New Guinea",earthquake,17.9,1.9,0.179,12,reviewed,us,us
2018-09-11T13:30:53.520Z,44.8608333,-110.4288333,10.65,2.85,ml,30,81,0.1196,0.21,uu,uu60296242,2018-11-21T18:19:09.040Z,"25 km ESE of Mammoth, Wyoming",earthquake,0.47,0.65,0.411,7,reviewed,uu,uu
2018-09-11T13:25:58.380Z,41.2526,142.3943,45.26,4.9,mww,,124,0.952,0.71,us,us2000hclq,2025-12-22T18:42:45.912Z,"98 km E of Mutsu, Japan",earthquake,6.3,4.9,0.089,12,reviewed,us,us
2018-09-11T13:20:52.510Z,39.6445,132.1629,510.33,4.5,mb,,80,3.978,0.79,us,us2000hcln,2018-11-21T18:19:09.040Z,"282 km ESE of Kilju, North Korea",earthquake,5.8,5,0.045,144,reviewed,us,us
2018-09-11T13:02:14.706Z,69.4255,-144.3459,0.9,2.5,ml,,,,0.71,ak,ak018boa98v2,2023-08-16T18:10:55.134Z,"83 km SSW of Kaktovik, Alaska",earthquake,,0.2,,,reviewed,ak,ak
2018-09-11T12:52:35.180Z,-4.5489,102.163,49.87,4.6,mb,,105,6.519,0.85,us,us2000hh69,2018-11-21T18:19:14.040Z,"83 km S of Bengkulu, Indonesia",earthquake,4.7,8.1,0.083,43,reviewed,us,us
2018-09-11T12:38:05.515Z,69.5922,-145.2525,14.3,2.6,ml,,,,0.7,ak,ak018bo9vibr,2023-08-16T18:10:51.555Z,"86 km SW of Kaktovik, Alaska",earthquake,,0.3,,,reviewed,ak,ak
2018-09-11T12:14:57.810Z,30.4666,130.2796,35,4.6,mb,,124,2.698,0.94,us,us2000hh6h,2018-11-21T18:19:14.040Z,"16 km WNW of Nagata, Japan",earthquake,8.4,2,0.193,8,reviewed,us,us
2018-09-11T12:05:41.830Z,33.6364,76.2087,35,4.4,mb,,95,2.452,0.95,us,us2000hckv,2018-11-21T18:19:09.040Z,"54 km NE of Kishtw?r, India",earthquake,9.5,2,0.085,40,reviewed,us,us
2018-09-11T12:04:30.150Z,2.7265,126.46,35,4.5,mb,,125,2.142,0.68,us,us2000hh65,2018-11-21T18:19:14.040Z,"204 km WNW of Tobelo, Indonesia",earthquake,11.7,2,0.128,18,reviewed,us,us
2018-09-11T12:04:17.380Z,54.6608,167.8866,10,4,mb,,142,4.168,0.68,us,us2000hh66,2018-11-21T18:19:14.040Z,"Komandorskiye Ostrova, Russia region",earthquake,6.7,2,0.07,55,reviewed,us,us
2018-09-11T11:43:04.107Z,53.1442,-166.6694,27.7,2.7,ml,,,,0.43,ak,ak018bo9b56y,2019-12-02T22:44:13.818Z,"81 km S of Unalaska, Alaska",earthquake,,17.6,,,reviewed,ak,ak
2018-09-11T11:35:27.497Z,68.7884,-148.2724,14.3,2.9,ml,,,,0.57,ak,ak018bo99h9p,2023-08-16T18:10:43.962Z,"134 km WNW of Arctic Village, Alaska",earthquake,,0.1,,,reviewed,ak,ak
2018-09-11T11:28:08.230Z,54.7722,164.2482,10,4.2,mb,,117,3.746,0.9,us,us2000hh64,2018-11-21T18:19:14.040Z,"196 km SE of Ust’-Kamchatsk Staryy, Russia",earthquake,9.7,1.9,0.049,115,reviewed,us,us
2018-09-11T11:12:22.110Z,-31.9605,-179.4162,129.78,4.8,mb,,107,2.995,1,us,us2000hh6g,2018-11-21T18:19:14.040Z,"Kermadec Islands region",earthquake,14.2,6.2,0.107,27,reviewed,us,us
2018-09-11T10:29:00.710Z,2.2924,128.7859,10,4.4,mb,,104,2.072,0.77,us,us2000hh62,2018-11-21T18:19:14.040Z,"106 km NE of Tobelo, Indonesia",earthquake,12.5,2,0.155,12,reviewed,us,us
2018-09-11T10:07:33.710Z,42.8582,142.0309,35,4.4,mb,,76,1.185,0.63,us,us2000hcj9,2018-11-21T18:19:08.040Z,"31 km E of Chitose, Japan",earthquake,6.3,2,0.053,104,reviewed,us,us
2018-09-11T09:25:48.380Z,-17.7979,179.9378,616.95,4.5,mb,,74,1.797,1.15,us,us2000hciw,2018-11-21T18:19:08.040Z,"72 km ENE of Levuka, Fiji",earthquake,11.7,7.6,0.03,319,reviewed,us,us
2018-09-11T09:10:32.360Z,-5.6293,147.5077,197.69,4.4,mb,,82,3.565,0.89,us,us2000hh60,2018-11-21T18:19:14.040Z,"109 km NNW of Finschhafen, Papua New Guinea",earthquake,7.9,8,0.091,35,reviewed,us,us
2018-09-11T09:01:49.820Z,18.2121,-67.9646,98,2.83,md,20,194,0.5146,0.33,pr,pr2018254005,2018-11-21T18:19:07.040Z,"61 km SE of Punta Cana, Dominican Republic",earthquake,2.78,1.43,0.36,20,reviewed,pr,pr
2018-09-11T08:18:12.600Z,-18.1675,-178.1258,552.02,4.2,mb,,162,3.661,0.58,us,us2000hcig,2018-11-21T18:19:08.040Z,"270 km E of Levuka, Fiji",earthquake,18.6,10.4,0.076,48,reviewed,us,us
2018-09-11T08:15:58.670Z,-7.2302,129.4214,160.24,4.2,mb,,79,2.005,0.44,us,us2000hh63,2018-11-21T18:19:14.040Z,"Kepulauan Babar, Indonesia",earthquake,6.5,11.3,0.215,6,reviewed,us,us
2018-09-11T07:54:43.310Z,-4.9117,151.4947,131.45,4.2,mb,,122,0.978,0.31,us,us2000hh67,2018-11-21T18:19:14.040Z,"106 km SW of Kokopo, Papua New Guinea",earthquake,13,8.6,0.124,18,reviewed,us,us
2018-09-11T07:51:09.680Z,-36.0947,-97.4877,10,4.4,mb,,235,19.685,0.87,us,us2000hh68,2018-11-21T18:19:14.040Z,"West Chile Rise",earthquake,10,2,0.123,19,reviewed,us,us
2018-09-11T07:22:05.570Z,60.5865,-149.3509,10,2.6,ml,,,,1.1,ak,ak018bo6swul,2023-08-16T18:10:06.684Z,"11 km N of Moose Pass, Alaska",earthquake,,0.2,,,reviewed,ak,ak
2018-09-11T06:56:43.730Z,-23.0674,-178.0853,326.56,4.5,mb,,116,6.415,1.44,us,us2000hcgf,2018-11-21T18:19:08.040Z,"south of the Fiji Islands",earthquake,10.9,8.3,0.06,82,reviewed,us,us
2018-09-11T06:42:57.190Z,-0.8176,121.9479,30.95,4.7,mb,,71,0.853,0.81,us,us2000hcga,2018-11-21T18:19:08.040Z,"94 km W of Luwuk, Indonesia",earthquake,6.6,7.1,0.117,22,reviewed,us,us
2018-09-11T06:42:40.560Z,18.652,-67.7326,151,3.27,md,4,340,0.8032,0.07,pr,pr2018254004,2018-09-11T09:19:21.730Z,"61 km NW of Rincón, Puerto Rico",earthquake,5.56,1.94,0,3,reviewed,pr,pr
2018-09-11T06:20:26.040Z,6.7218,-72.9768,150.58,4.1,mb,,67,2.294,1.1,us,us2000hcfu,2022-08-08T09:02:21.909Z,"3 km S of Cepitá, Colombia",earthquake,9,11.4,0.184,8,reviewed,us,us
2018-09-11T06:08:33.640Z,1.2493,-77.3936,10,3.2,ml,,161,0.659,0.18,us,us2000hd3f,2018-11-21T18:19:09.040Z,"5 km SSE of La Florida, Colombia",earthquake,5.5,1.1,0.128,8,reviewed,us,us
2018-09-11T05:36:39.452Z,56.1474,-149.1609,11.9,2.5,ml,,,,0.7,ak,ak018bo5p4a1,2021-02-22T17:20:21.134Z,"250 km SE of Chiniak, Alaska",earthquake,,2.8,,,reviewed,ak,ak
2018-09-11T05:29:52.123Z,69.3478,-143.471,3.6,2.6,ml,,,,0.68,ak,ak018bo5nn8s,2023-08-16T18:09:58.178Z,"87 km S of Kaktovik, Alaska",earthquake,,0.2,,,reviewed,ak,ak
2018-09-11T05:25:20.428Z,69.4575,-144.3728,8.9,2.6,ml,,,,0.8,ak,ak018bo5mpxm,2023-08-16T18:09:50.756Z,"80 km SSW of Kaktovik, Alaska",earthquake,,0.2,,,reviewed,ak,ak
2018-09-11T05:00:01.338Z,49.955,-178.7558,11.9,2.6,ml,,,,0.64,ak,ak018bo5hbk5,2019-12-02T22:44:49.928Z,"260 km SW of Adak, Alaska",earthquake,,2.5,,,reviewed,ak,ak
2018-09-11T04:50:07.940Z,19.4496,-67.7613,97,3.34,md,11,334,1.1225,0.37,pr,pr2018254003,2018-11-21T18:19:07.040Z,"117 km NE of Punta Cana, Dominican Republic",earthquake,5.6,9.91,0.13,8,reviewed,pr,pr
2018-09-11T04:43:26.240Z,23.8406,121.5416,6.74,4.1,mwr,,98,0.335,0.5,us,us2000hcel,2018-11-21T18:19:08.040Z,"16 km SSW of Hualien City, Taiwan",earthquake,1.2,4.2,0.071,19,reviewed,us,us
2018-09-11T04:40:22.070Z,-5.7073,152.2441,10,4.6,mb,,149,1.508,0.79,us,us2000hcei,2018-11-21T18:19:08.040Z,"150 km S of Kokopo, Papua New Guinea",earthquake,4.4,1.9,0.074,55,reviewed,us,us
2018-09-11T04:35:02.049Z,53.7598,-164.1709,29.7,2.7,ml,,,,0.56,ak,ak018bo53e2k,2019-12-02T22:43:53.052Z,"113 km ESE of Akutan, Alaska",earthquake,,1.7,,,reviewed,ak,ak
2018-09-11T03:54:51.730Z,42.7117,141.9971,35,4.3,mb,,77,1.106,0.68,us,us2000hce4,2018-11-21T18:19:08.040Z,"30 km ESE of Chitose, Japan",earthquake,4.9,1.9,0.093,33,reviewed,us,us
2018-09-11T03:47:19.980Z,-22.732,172.9406,10,4.5,mb,,121,5.075,0.82,us,us2000hh5s,2018-11-21T18:19:14.040Z,"southeast of the Loyalty Islands",earthquake,12.2,1.9,0.15,14,reviewed,us,us
2018-09-11T03:41:59.080Z,-33.5949,-178.6359,10,4.7,mb,,171,4.378,0.51,us,us2000hh5u,2018-11-21T18:19:14.040Z,"south of the Kermadec Islands",earthquake,7.5,1.9,0.142,15,reviewed,us,us
2018-09-11T03:25:25.318Z,69.3915,-143.4528,6.4,3.1,ml,,,,0.74,ak,ak018bo4fv3n,2019-12-02T22:44:47.720Z,"82 km S of Kaktovik, Alaska",earthquake,,0,,,reviewed,ak,ak
2018-09-11T03:07:42.589Z,69.3859,-143.4767,5,2.8,ml,,,,0.61,ak,ak018bo4c1jm,2019-12-02T22:44:46.785Z,"83 km S of Kaktovik, Alaska",earthquake,,0,,,reviewed,ak,ak
2018-09-11T02:53:51.560Z,-55.8845,-27.1185,36.27,4.3,mb,,127,5.615,0.92,us,us2000hh5p,2018-11-21T18:19:14.040Z,"South Sandwich Islands region",earthquake,15.9,6.4,0.161,11,reviewed,us,us
2018-09-11T02:36:03.435Z,69.1364,-146.5023,13.1,2.5,ml,,,,0.72,ak,ak018bo3wqon,2019-12-02T22:44:45.294Z,"119 km NNW of Arctic Village, Alaska",earthquake,,0,,,reviewed,ak,ak
2018-09-11T02:35:46.940Z,3.8699,122.6077,583.48,4.4,mb,,118,3.291,0.87,us,us2000hh5n,2018-11-21T18:19:14.040Z,"251 km SSE of Tabiauan, Philippines",earthquake,12.2,12.7,0.134,16,reviewed,us,us
2018-09-11T02:33:29.372Z,61.2108,-139.3507,10.5,2.5,ml,,,,0.92,ak,ak018bo3w5jd,2019-12-02T22:44:44.384Z,"111 km WNW of Haines Junction, Canada",earthquake,,0,,,reviewed,ak,ak
2018-09-11T02:03:35.050Z,-30.0486,-177.6238,10,4.6,mb,,112,0.843,0.25,us,us2000hh5m,2018-11-21T18:19:14.040Z,"Kermadec Islands, New Zealand",earthquake,5.7,1.9,0.152,13,reviewed,us,us
2018-09-11T01:56:07.620Z,69.5138,-144.7373,11,2.7,ml,,,,0.87,ak,ak018bo3flq2,2023-08-16T18:09:27.479Z,"81 km SSW of Kaktovik, Alaska",earthquake,,0.2,,,reviewed,ak,ak
2018-09-11T01:51:05.290Z,12.3205,143.6679,51.68,4.5,mb,,61,1.72,0.9,us,us2000hh5l,2018-11-21T18:19:14.040Z,"150 km SW of Merizo Village, Guam",earthquake,8.2,8.5,0.1,29,reviewed,us,us
2018-09-11T01:30:32.450Z,18.5371,-66.3198,38,2.54,md,10,237,0.2181,0.47,pr,pr2018254000,2018-09-11T05:13:01.217Z,"8 km NNE of Brenas, Puerto Rico",earthquake,2.35,2.85,0.13,6,reviewed,pr,pr
2018-09-11T01:29:14.057Z,69.1731,-146.4557,8,2.6,ml,,,,0.88,ak,ak018bo39tvx,2023-08-16T18:09:23.937Z,"122 km NNW of Arctic Village, Alaska",earthquake,,0.1,,,reviewed,ak,ak
2018-09-11T01:16:50.170Z,69.5504,-144.8035,13.5,2.5,ml,,,,0.9,ak,ak018bo374d5,2023-08-16T18:09:19.088Z,"79 km SW of Kaktovik, Alaska",earthquake,,0.1,,,reviewed,ak,ak
2018-09-11T01:11:04.630Z,18.1503,-68.1343,126,3.42,md,5,229,0.4396,0.37,pr,pr2018254001,2018-09-11T09:18:50.689Z,"55 km SSE of Punta Cana, Dominican Republic",earthquake,6.69,2.86,0.01,3,reviewed,pr,pr
2018-09-11T00:59:48.570Z,39.7796,51.1698,35.22,4,mb,,80,4.953,1.23,us,us2000hh5i,2018-11-21T18:19:14.040Z,"99 km SE of Zyrya, Azerbaijan",earthquake,3.9,7.6,0.099,27,reviewed,us,us
2018-09-11T00:58:49.270Z,-7.1668,-13.0568,10,4.7,mb,,55,1.499,0.78,us,us2000hh5g,2018-11-21T18:19:14.040Z,"171 km ENE of Georgetown, Saint Helena",earthquake,8.7,1.6,0.084,43,reviewed,us,us
2018-09-11T00:49:48.070Z,-45.6398,-77.3983,10,4.4,mb,,188,3.045,0.73,us,us2000hc9s,2018-11-21T18:19:08.040Z,"Off the coast of Aisen, Chile",earthquake,8.9,2,0.127,18,reviewed,us,us
2018-09-11T00:37:50.390Z,-24.9065,179.8801,485.79,4.3,mb,,96,4.742,0.59,us,us2000hh5j,2018-11-21T18:19:14.040Z,"south of the Fiji Islands",earthquake,8.9,10.8,0.122,19,reviewed,us,us
2018-09-11T00:35:31.345Z,55.7422,-163.8939,272.3,3,ml,,,,0.74,ak,ak018bo2ppwu,2019-12-02T22:43:46.893Z,"96 km NW of Cold Bay, Alaska",earthquake,,0.5,,,reviewed,ak,ak
2018-09-10T23:37:08.103Z,69.4675,-144.4261,9.5,3.9,mw,,,,1.04,ak,ak018bmsvpyy,2023-08-16T18:08:56.898Z,"80 km SSW of Kaktovik, Alaska",earthquake,,0.1,,,reviewed,ak,ak
2018-09-10T23:25:54.470Z,46.9057,152.1171,68.63,4.3,mb,,145,7.173,1.25,us,us2000hgs7,2018-11-21T18:19:14.040Z,"Kuril Islands",earthquake,8.8,9.3,0.129,17,reviewed,us,us
2018-09-10T23:24:34.940Z,2.8082,125.804,10,4.3,mb,,107,2.555,0.98,us,us2000hgs6,2018-11-21T18:19:14.040Z,"172 km NNE of Laikit, Laikit II (Dimembe), Indonesia",earthquake,8.1,1.9,0.129,17,reviewed,us,us
2018-09-10T23:23:20.173Z,52.4654,-174.7401,237.7,3,ml,,,,0.59,ak,ak018bmssqvl,2019-12-02T22:43:44.998Z,"47 km NW of Atka, Alaska",earthquake,,1,,,reviewed,ak,ak
2018-09-10T23:20:44.980Z,-19.8094,-177.8681,422.4,4.2,mb,,114,13.977,0.8,us,us2000hgs5,2018-11-21T18:19:14.040Z,"Fiji region",earthquake,13.1,7.6,0.077,47,reviewed,us,us
2018-09-10T23:14:10.923Z,69.1508,-146.5319,12.3,3.2,ml,,,,0.76,ak,ak018bmsqspw,2019-12-02T22:43:45.411Z,"121 km NNW of Arctic Village, Alaska",earthquake,,0,,,reviewed,ak,ak
2018-09-10T23:13:41.563Z,60.3168,-152.1548,90.5,2.5,ml,,,,0.42,ak,ak018bmsqnd8,2019-12-02T22:43:45.915Z,"40 km NW of Ninilchik, Alaska",earthquake,,0.8,,,reviewed,ak,ak
2018-09-10T23:02:56.060Z,37.2304,30.6131,108.14,5.1,mwr,,25,0.617,0.62,us,us2000hc6y,2018-11-21T18:19:08.040Z,"14 km SW of Kocaaliler, Turkey",earthquake,5.2,3.7,0.066,22,reviewed,us,us
2018-09-10T22:38:18.210Z,-6.6987,148.1257,35,4.3,mb,,96,2.853,1.13,us,us2000hgs4,2018-11-21T18:19:14.040Z,"34 km ESE of Finschhafen, Papua New Guinea",earthquake,6.1,1.9,0.129,17,reviewed,us,us
2018-09-10T21:55:19.750Z,-12.8312,122.6771,10,4.5,mb,,73,3.431,1.03,us,us2000hc5a,2018-11-21T18:19:08.040Z,"south of Timor",earthquake,7.3,1.9,0.156,12,reviewed,us,us
2018-09-10T21:33:49.586Z,51.3034,-178.3392,39.1,2.5,ml,,,,0.51,ak,ak018bmro33i,2019-12-02T22:43:40.879Z,"134 km WSW of Adak, Alaska",earthquake,,2.7,,,reviewed,ak,ak
2018-09-10T21:28:10.960Z,2.0186,96.636,28.07,4.4,mb,,74,1.177,0.9,us,us2000hc4v,2018-11-21T18:19:08.040Z,"58 km SSE of Sinabang, Indonesia",earthquake,7.4,2.8,0.088,37,reviewed,us,us
2018-09-10T21:05:47.690Z,-21.7882,-176.3109,167.57,4.5,mb,,113,6.565,0.64,us,us2000hgs2,2018-11-21T18:19:14.040Z,"133 km WSW of Haveluloto, Tonga",earthquake,15.4,10,0.115,22,reviewed,us,us
2018-09-10T20:47:26.570Z,-22.4935,169.892,10,4.5,mb,,120,2.263,0.81,us,us2000hgs1,2018-11-21T18:19:14.040Z,"232 km ESE of Tadine, New Caledonia",earthquake,12.9,1.9,0.272,4,reviewed,us,us
2018-09-10T20:41:23.880Z,-22.089,169.8181,10,4.8,mb,,99,2.256,1.23,us,us2000hc3t,2018-11-21T18:19:08.040Z,"209 km ESE of Tadine, New Caledonia",earthquake,9.5,1.9,0.105,28,reviewed,us,us
2018-09-10T20:39:13.540Z,43.5514,-105.1563,0,3.3,ml,,178,1.346,0.91,us,us2000hgse,2018-11-21T18:19:14.040Z,"35 km SE of Wright, Wyoming",mining explosion,2.2,1.9,0.055,62,reviewed,us,us
2018-09-10T20:24:41.060Z,-17.8993,-178.0013,576.96,5.1,mb,,31,3.762,1.02,us,us2000hc33,2022-05-03T19:53:28.408Z,"284 km E of Levuka, Fiji",earthquake,11.1,5.2,0.027,457,reviewed,us,us
2018-09-10T20:22:24.280Z,-8.1902,116.5118,10,5,mww,,49,2.351,0.9,us,us2000hc2z,2018-11-21T18:19:08.040Z,"38 km NNW of Labuan Lombok, Indonesia",earthquake,7.2,1.8,0.089,12,reviewed,us,us
2018-09-10T20:06:34.590Z,43.7001,-105.3725,0,3.5,ml,,128,1.053,0.76,us,us2000hc2p,2018-11-21T18:19:08.040Z,"11 km ESE of Wright, Wyoming",mining explosion,8.7,1.7,0.048,80,reviewed,us,us
2018-09-10T19:58:45.730Z,42.6802,141.9843,35,4.6,mb,,72,1.094,0.8,us,us2000hc2j,2018-11-21T18:19:08.040Z,"31 km ESE of Chitose, Japan",earthquake,6.6,2,0.048,131,reviewed,us,us
2018-09-10T19:42:24.250Z,-22.1428,169.7829,10,4.6,mb,,123,2.212,1.1,us,us2000hgs0,2018-11-21T18:19:14.040Z,"207 km ESE of Tadine, New Caledonia",earthquake,9.1,2,0.172,13,reviewed,us,us
2018-09-10T19:31:37.420Z,-21.988,170.1584,12,6.3,mww,,29,2.587,1.02,us,us2000hc1x,2022-05-03T19:40:23.272Z,"240 km ESE of Tadine, New Caledonia",earthquake,8.7,1.6,0.036,74,reviewed,us,us
2018-09-10T19:27:29.940Z,37.796,141.0925,65.42,4.3,mb,,147,0.25,1.18,us,us2000hc24,2018-11-21T18:19:08.040Z,"near the east coast of Honshu, Japan",earthquake,7.3,3.8,0.084,40,reviewed,us,us
2018-09-10T18:22:34.810Z,71.4664,-3.9464,10,4.2,mb,,98,8.467,0.93,us,us2000hgrx,2018-11-21T18:19:14.040Z,"182 km ENE of Olonkinbyen, Svalbard and Jan Mayen",earthquake,10.1,2,0.175,9,reviewed,us,us
2018-09-10T18:17:53.970Z,36.8472,-97.6957,7.6,2.5,ml,,74,0.131,0.36,us,us1000hrdl,2018-11-21T18:19:07.040Z,"5 km NE of Medford, Oklahoma",earthquake,1.1,3.1,0.239,25,reviewed,ok,ok
2018-09-10T18:03:30.833Z,56.4301,-149.5412,5.1,2.8,ml,,,,0.88,ak,ak018bmppbcr,2021-02-22T17:20:42.902Z,"212 km SE of Chiniak, Alaska",earthquake,,1.8,,,reviewed,ak,ak
2018-09-10T17:48:07.050Z,-33.8907,-179.0387,10,4.5,mb,,203,4.252,0.45,us,us2000hgrw,2018-11-21T18:19:13.040Z,"south of the Kermadec Islands",earthquake,9.9,1.9,0.171,10,reviewed,us,us
2018-09-10T17:15:47.970Z,16.0263,-98.28,3.64,4.9,mww,,99,1.085,0.96,us,us2000hbzi,2022-05-03T19:40:22.041Z,"Guerrero-Oaxaca border region, Mexico",earthquake,5.4,4.1,0.052,35,reviewed,us,us
2018-09-10T17:07:03.812Z,69.4384,-144.1221,8.6,2.6,ml,,,,0.74,ak,ak018bmp4oj1,2023-08-16T18:08:06.917Z,"79 km SSW of Kaktovik, Alaska",earthquake,,0.2,,,reviewed,ak,ak
2018-09-10T17:03:59.766Z,69.1202,-146.5294,7.8,2.9,ml,,,,0.83,ak,ak018bmp3xzc,2023-08-16T18:08:05.669Z,"117 km NNW of Arctic Village, Alaska",earthquake,,0.2,,,reviewed,ak,ak
2018-09-10T16:57:40.410Z,23.1619,94.6759,100.51,4.4,mb,,70,1.117,0.75,us,us2000hbyy,2018-11-21T18:19:08.040Z,"60 km SSE of Mawlaik, Myanmar",earthquake,4,7.4,0.095,32,reviewed,us,us
2018-09-10T16:43:32.350Z,-20.8036,170.0159,117.62,4.6,mb,,187,2.597,0.72,us,us2000hgru,2018-11-21T18:19:13.040Z,"159 km SSE of Isangel, Vanuatu",earthquake,14.7,10,0.122,20,reviewed,us,us
2018-09-10T16:43:01.240Z,18.995,-68.9625,109,3.03,md,12,313,0.7544,0.38,pr,pr2018253005,2018-11-21T18:19:07.040Z,"9 km E of Miches, Dominican Republic",earthquake,6.93,2.74,0.64,10,reviewed,pr,pr
2018-09-10T16:14:44.220Z,33.272,26.3199,6.77,4.5,mb,,180,2.333,0.53,us,us2000hgrt,2018-11-21T18:19:13.040Z,"200 km SSE of Ierápetra, Greece",earthquake,8.4,6.4,0.131,17,reviewed,us,us
2018-09-10T15:59:57.290Z,-59.6095,-25.1381,10,4.7,mb,,88,8.178,0.99,us,us2000hgs3,2018-11-21T18:19:14.040Z,"South Sandwich Islands region",earthquake,11.7,1.4,0.084,43,reviewed,us,us
2018-09-10T15:46:48.470Z,-24.3423,-67.1978,179.38,4.4,mb,,90,1.65,0.56,us,us2000hbxe,2018-11-21T18:19:08.040Z,"90 km W of San Antonio de los Cobres, Argentina",earthquake,4.6,10,0.24,5,reviewed,us,us
2018-09-10T15:09:25.500Z,-6.2702,130.236,10,4.4,mb,,116,2.001,0.76,us,us2000hgrs,2018-11-21T18:19:13.040Z,"287 km WSW of Tual, Indonesia",earthquake,6.2,1.9,0.203,7,reviewed,us,us
2018-09-10T15:07:10.590Z,36.9155,27.7168,10,4.4,mwr,,44,1.437,0.65,us,us2000hbx6,2018-11-21T18:19:08.040Z,"19 km N of Datça, Turkey",earthquake,5.5,1.9,0.068,21,reviewed,us,us
2018-09-10T14:58:39.090Z,34.9969,140.2387,28.35,4.6,mb,,139,0.316,0.81,us,us2000hbx4,2018-11-21T18:19:08.040Z,"16 km SE of Kamogawa, Japan",earthquake,6.5,5.5,0.063,74,reviewed,us,us
2018-09-10T14:21:42.580Z,6.4876,123.694,607.4,4.5,mb,,115,5.33,0.86,us,us2000hbwf,2018-11-21T18:19:08.040Z,"Moro Gulf, Mindanao, Philippines",earthquake,12.9,11.6,0.099,30,reviewed,us,us
2018-09-10T13:14:19.602Z,69.513,-144.4605,8.5,3,ml,,,,0.7,ak,ak018bmmshc8,2023-08-16T18:07:04.090Z,"76 km SSW of Kaktovik, Alaska",earthquake,,0.2,,,reviewed,ak,ak
2018-09-10T13:10:54.940Z,-32.5327,-177.0576,10,4.7,mb,,228,6.294,0.48,us,us2000hgrp,2018-11-21T18:19:13.040Z,"south of the Kermadec Islands",earthquake,6.4,2,0.165,15,reviewed,us,us
2018-09-10T13:10:24.775Z,56.0493,-149.2474,9.7,3,ml,,,,0.73,ak,ak018bmmrmvh,2021-02-22T17:20:41.712Z,"254 km SE of Chiniak, Alaska",earthquake,,7.2,,,reviewed,ak,ak
2018-09-10T12:49:08.740Z,17.976,-68.3855,65,3.19,md,6,334,0.9941,0.43,pr,pr2018253003,2018-11-21T18:19:07.040Z,"50 km SSE of Boca de Yuma, Dominican Republic",earthquake,6.91,10.46,0.04,4,reviewed,pr,pr
2018-09-10T12:39:17.210Z,14.4378,-93.0418,35,4.6,mb,,129,0.885,1.01,us,us2000hbvx,2018-11-21T18:19:06.040Z,"73 km WSW of Puerto Madero, Mexico",earthquake,5.4,2,0.048,128,reviewed,us,us
2018-09-10T11:58:05.072Z,69.5841,-145.1678,12.1,2.6,ml,,,,0.57,ak,ak018bmlv0ij,2023-08-16T18:06:47.899Z,"northern Alaska",earthquake,,0.2,,,reviewed,ak,ak
2018-09-10T11:57:03.810Z,10.7348,126.1358,10,5.3,mww,,82,3.683,0.84,us,us2000hbvq,2022-05-03T19:29:52.596Z,"40 km ESE of Sulangan, Philippines",earthquake,8.4,1.8,0.078,16,reviewed,us,us
2018-09-10T11:45:31.370Z,36.3196,70.7783,95.99,4.2,mb,,105,0.82,0.65,us,us2000hbvl,2018-11-21T18:19:08.040Z,"60 km S of Jurm, Afghanistan",earthquake,3.5,10.9,0.263,4,reviewed,us,us
2018-09-10T11:20:02.230Z,-24.2086,-70.6462,35.99,3.8,ml,,182,0.47,1.04,us,us2000hbvd,2022-08-08T07:59:43.667Z,"66 km SSW of Antofagasta, Chile",earthquake,6.5,12.4,,,reviewed,us,guc
2018-09-10T10:38:40.080Z,51.8582,178.3898,115.09,4.4,mb,,153,0.149,1.07,us,us2000hbva,2023-08-16T18:06:36.459Z,"Rat Islands, Aleutian Islands, Alaska",earthquake,9.8,4.8,0.035,236,reviewed,us,us
2018-09-10T08:49:15.830Z,-8.1685,116.5351,14.01,4.7,mb,,40,2.377,1.13,us,us2000hbu5,2018-11-21T18:19:08.040Z,"39 km NNW of Labuan Lombok, Indonesia",earthquake,7.2,5,0.085,42,reviewed,us,us
2018-09-10T08:29:55.970Z,-31.4183,-178.8401,10,4.4,mb,,88,2.304,0.9,us,us2000hgri,2018-11-21T18:19:13.040Z,"Kermadec Islands region",earthquake,6.8,1.9,0.144,14,reviewed,us,us
2018-09-10T08:24:15.180Z,-28.7391,-71.6956,35,5.3,mww,,73,0.763,1.34,us,us2000hbtu,2022-08-08T07:58:12.874Z,"93 km W of Vallenar, Chile",earthquake,4.1,1.8,0.086,13,reviewed,us,us
2018-09-10T08:15:38.009Z,56.2377,-149.2286,11.9,2.7,ml,,,,0.62,ak,ak018bmjtkg8,2021-02-22T17:20:43.781Z,"240 km SE of Chiniak, Alaska",earthquake,,3.9,,,reviewed,ak,ak
2018-09-10T07:57:44.190Z,-19.5199,-175.2655,206.98,4.4,mb,,49,5.061,1.14,us,us2000hgrg,2018-11-21T18:19:13.040Z,"100 km WNW of Pangai, Tonga",earthquake,9.9,5,0.054,100,reviewed,us,us
2018-09-10T07:51:01.900Z,35.0709,-95.6841,2.44,2.7,ml,,46,,0.99,us,us2000hbt5,2022-08-08T07:57:25.129Z,"6 km SSW of Crowder, Oklahoma",earthquake,2.2,5.5,,,reviewed,ok,ok
2018-09-10T07:38:10.790Z,55.9878,-149.2543,10,2.9,ml,,194,2.55,0.84,us,us2000hbv0,2023-08-16T18:06:30.097Z,"258 km SE of Chiniak, Alaska",earthquake,8.3,2,0.05,52,reviewed,us,us
2018-09-10T07:34:50.470Z,19.2635,-66.4845,72,2.95,md,5,336,0.9555,0.31,pr,pr2018253001,2018-09-10T13:17:03.529Z,"88 km N of Tierras Nuevas Poniente, Puerto Rico",earthquake,7.51,13.28,0.11,3,reviewed,pr,pr
2018-09-10T07:12:25.200Z,10.5946,126.1184,10,4.6,mb,,64,9.268,0.63,us,us2000hgrf,2018-11-21T18:19:13.040Z,"49 km SE of Sulangan, Philippines",earthquake,10.3,1.9,0.08,47,reviewed,us,us
2018-09-10T07:11:11.330Z,-22.4137,171.4352,77.95,4.4,mb,,127,3.693,0.89,us,us2000hgrc,2018-11-21T18:19:13.040Z,"southeast of the Loyalty Islands",earthquake,14.4,8.9,0.135,16,reviewed,us,us
2018-09-10T07:05:29.510Z,10.5541,126.3332,10,4.6,mb,,85,3.541,1.13,us,us2000hgre,2018-11-21T18:19:13.040Z,"67 km NNE of Santa Monica, Philippines",earthquake,9.1,1.9,0.058,88,reviewed,us,us
2018-09-10T06:59:56.950Z,10.5116,126.2976,10,4.4,mb,,145,3.492,0.59,us,us2000hgrd,2018-11-21T18:19:13.040Z,"61 km NNE of Santa Monica, Philippines",earthquake,11,1.7,0.19,8,reviewed,us,us
2018-09-10T06:31:31.430Z,-31.9873,-179.3013,10,4.8,mb,,119,2.978,1.01,us,us2000hbsc,2018-11-21T18:19:08.040Z,"Kermadec Islands region",earthquake,8.7,1.9,0.101,30,reviewed,us,us
2018-09-10T06:27:17.310Z,-40.9794,175.5267,33.32,4.3,mb,,62,0.321,0.71,us,us2000hbs8,2018-11-21T18:19:08.040Z,"11 km W of Masterton, New Zealand",earthquake,2.5,7.5,0.216,6,reviewed,us,us
2018-09-10T06:23:17.240Z,-31.3823,-178.994,35,4.5,mb,,110,2.32,1.05,us,us2000hgrb,2018-11-21T18:19:13.040Z,"Kermadec Islands region",earthquake,11.6,2,0.15,13,reviewed,us,us
2018-09-10T06:20:30.500Z,-26.6139,-176.6619,49.86,4.1,mb,,106,2.85,1.27,us,us2000hgra,2018-11-21T18:19:13.040Z,"south of the Fiji Islands",earthquake,8.3,5.9,0.158,11,reviewed,us,us
2018-09-10T05:54:01.750Z,-31.8612,-179.3284,10,4.5,mb,,64,2.873,1.18,us,us2000hgrl,2018-11-21T18:19:13.040Z,"Kermadec Islands region",earthquake,4.8,1.8,0.128,18,reviewed,us,us
2018-09-10T05:48:09.097Z,69.5252,-144.4835,14.1,2.5,ml,,,,0.6,ak,ak018bmi8a19,2023-08-16T18:06:21.074Z,"75 km SSW of Kaktovik, Alaska",earthquake,,0.2,,,reviewed,ak,ak
2018-09-10T05:30:31.423Z,50.6741,-170.7226,11.9,2.8,ml,,,,0.46,ak,ak018bmi4gva,2019-12-02T22:43:25.646Z,"282 km SSW of Nikolski, Alaska",earthquake,,13,,,reviewed,ak,ak
2018-09-10T05:06:09.300Z,-31.9582,-179.2331,89.79,4.8,mb,,70,2.928,0.63,us,us2000hgrh,2018-11-21T18:19:13.040Z,"Kermadec Islands region",earthquake,11,6,0.088,40,reviewed,us,us
2018-09-10T04:56:18.040Z,-32.046,-179.2654,96.66,4.9,mb,,111,3.02,0.64,us,us2000hbvr,2018-11-21T18:19:08.040Z,"south of the Kermadec Islands",earthquake,14.3,7.3,0.136,17,reviewed,us,us
2018-09-10T04:33:13.200Z,-31.82,-179.1962,99.86,4.6,mb,,106,2.789,0.63,us,us2000hgr3,2018-11-21T18:19:13.040Z,"Kermadec Islands region",earthquake,14.7,7,0.114,23,reviewed,us,us
2018-09-10T04:19:02.630Z,-31.7447,-179.3728,115,6.9,mww,,18,2.785,0.97,us,us2000hbpv,2022-05-03T19:46:20.198Z,"Kermadec Islands region",earthquake,8.7,1.8,0.034,83,reviewed,us,us
2018-09-10T04:04:01.100Z,-17.8445,-179.9885,619.17,4.4,mb,,74,1.868,0.93,us,us2000hbqb,2018-11-21T18:19:07.040Z,"77 km ENE of Levuka, Fiji",earthquake,9.8,6.8,0.053,102,reviewed,us,us
2018-09-10T03:52:56.104Z,69.5,-144.517,8.5,2.7,ml,,,,0.67,ak,ak018bmh2dbe,2023-08-16T18:06:04.776Z,"78 km SSW of Kaktovik, Alaska",earthquake,,0.2,,,reviewed,ak,ak
2018-09-10T03:50:15.560Z,-8.1224,116.5828,10,5,mb,,48,2.43,0.71,us,us2000hbph,2018-11-21T18:19:07.040Z,"42 km NNW of Labuan Lombok, Indonesia",earthquake,7.1,1.8,0.085,44,reviewed,us,us
2018-09-10T03:34:09.600Z,10.4126,-61.5883,10,3.6,mb,,136,3.363,0.96,us,us2000hc3i,2022-08-08T07:58:59.584Z,"13 km W of Couva, Trinidad and Tobago",earthquake,9.1,2,0.354,2,reviewed,us,us
2018-09-10T02:49:56.120Z,-6.0099,103.661,35,4.9,mb,,156,1.782,1.35,us,us2000hbp6,2018-11-21T18:19:07.040Z,"188 km SW of Kotabumi, Indonesia",earthquake,6.3,2,0.089,39,reviewed,us,us
2018-09-10T02:47:28.020Z,18.3486,-67.8413,169,3.26,md,13,172,0.5648,0.6,pr,pr2018253000,2018-11-21T18:19:07.040Z,"62 km W of Rincón, Puerto Rico",earthquake,8.01,2.86,0.26,11,reviewed,pr,pr
2018-09-10T02:43:18.923Z,56.3002,-148.324,8.3,2.5,ml,,,,1.16,aacse,aacse018bmgexec,2021-02-22T17:20:21.563Z,"281 km ESE of Chiniak, Alaska",earthquake,,3.9,,,reviewed,aacse,aacse
2018-09-10T02:43:02.570Z,10.5695,126.1692,10,4.8,mb,,87,3.526,0.84,us,us2000hbp5,2022-05-03T19:29:46.335Z,"55 km SE of Sulangan, Philippines",earthquake,9.6,1.9,0.042,175,reviewed,us,us
2018-09-10T02:20:05.310Z,60.0576,-152.6012,102.6,3.5,ml,,,,0.74,ak,ak018bmg9yvn,2023-08-16T18:05:58.229Z,"50 km WNW of Happy Valley, Alaska",earthquake,,0.2,,,reviewed,ak,ak
2018-09-10T02:08:56.760Z,52.4533,-172.828,2.3,3.3,ml,,,,0.61,ak,ak018bmg7i98,2019-12-02T22:42:14.065Z,"97 km ENE of Atka, Alaska",earthquake,,0.2,,,reviewed,ak,ak
2018-09-10T02:00:48.990Z,-18.1272,-178.5639,535,4.3,mb,,113,3.243,0.58,us,us2000hgsa,2018-11-21T18:19:14.040Z,"224 km E of Levuka, Fiji",earthquake,15.7,7.9,0.133,16,reviewed,us,us
2018-09-10T01:52:56.450Z,-17.9162,-70.1926,129.34,4.2,mb,,145,0.474,0.95,us,us2000hbnr,2018-11-21T18:19:07.040Z,"2 km NNW of Calana, Peru",earthquake,5,6.3,0.167,10,reviewed,us,us
2018-09-10T01:01:42.369Z,69.077,-143.3411,1.6,3.2,ml,,,,0.87,ak,ak018bmfkjj0,2023-08-16T18:05:36.925Z,"118 km S of Kaktovik, Alaska",earthquake,,0.1,,,reviewed,ak,ak
2018-09-10T00:58:05.880Z,28.8193,76.8395,10,3.6,mb,,217,5.704,0.89,us,us2000hbnn,2018-11-21T18:19:07.040Z,"7 km NE of Kheri S?mpla, India",earthquake,13.1,2,0.166,9,reviewed,us,us
2018-09-10T00:31:40.250Z,55.5952,-149.254,9.48,3.3,ml,,183,2.772,0.73,us,us2000hbpx,2023-08-16T18:05:35.864Z,"291 km SE of Chiniak, Alaska",earthquake,9.1,8,0.052,48,reviewed,us,us
2018-09-10T00:22:34.700Z,13.4292,-91.1283,35,4.3,mb,,163,1.219,0.87,us,us2000hbn7,2022-08-08T07:56:40.178Z,"64 km SSW of Puerto San José, Guatemala",earthquake,6.4,1.9,0.044,147,reviewed,us,us
2018-09-10T00:21:57.180Z,-21.075,-178.6909,575.46,4.4,mb,,164,4.518,0.71,us,us2000hgqz,2018-11-21T18:19:13.040Z,"Fiji region",earthquake,14.5,8.1,0.126,18,reviewed,us,us
2018-09-10T00:02:22.570Z,-6.6245,131.352,101.46,4,mb,,109,1.35,0.69,us,us2000hgr5,2018-11-21T18:19:13.040Z,"190 km SW of Tual, Indonesia",earthquake,7,13.9,0.232,5,reviewed,us,us
2018-09-09T23:53:55.410Z,34.3659,45.8045,10,4.3,mb,,72,1.292,0.64,us,us2000hbmw,2018-11-14T17:40:20.040Z,"11 km SSW of Sarpol-e Z?ah?b, Iran",earthquake,7.8,1.9,0.066,65,reviewed,us,us
2018-09-09T23:40:52.980Z,-23.7393,-66.9819,231.11,4.4,mb,,57,1.35,0.74,us,us2000hbmq,2018-11-14T17:40:20.040Z,"85 km NW of San Antonio de los Cobres, Argentina",earthquake,11.8,13,0.22,6,reviewed,us,us
2018-09-09T23:34:15.510Z,-22.3669,170.3089,10,5,mb,,48,2.658,0.9,us,us2000hbmp,2025-12-22T17:50:40.861Z,"266 km ESE of Tadine, New Caledonia",earthquake,8.3,1.8,0.065,74,reviewed,us,us
2018-09-09T23:31:54.749Z,55.6062,-149.2506,9.9,2.7,ml,,,,0.62,ak,ak018bl5b6s2,2021-02-22T17:20:45.871Z,"290 km SE of Chiniak, Alaska",earthquake,,18,,,reviewed,ak,ak
2018-09-09T23:07:27.900Z,35.0811,-95.6826,4.061,2.6,ml,,46,,1.06,us,us2000hbmk,2018-11-09T21:54:55.040Z,"4 km SSW of Crowder, Oklahoma",earthquake,1.3,4.8,,,reviewed,ok,ok
2018-09-09T22:48:32.910Z,51.7208,-174.1186,8.8,2.8,ml,,,,0.56,ak,ak018bl4tcnv,2019-12-02T22:42:03.705Z,"53 km S of Atka, Alaska",earthquake,,14.7,,,reviewed,ak,ak
2018-09-09T21:46:24.390Z,-53.4096,23.8802,10,4.6,mb,,89,20.724,0.88,us,us2000hgqm,2018-11-14T17:40:20.040Z,"south of Africa",earthquake,14.8,1.9,0.158,12,reviewed,us,us
2018-09-09T20:35:48.311Z,51.0774,-176.1313,15.9,2.6,ml,,,,0.28,ak,ak018bl3jqbz,2019-12-02T22:42:00.505Z,"95 km SSE of Adak, Alaska",earthquake,,0.4,,,reviewed,ak,ak
2018-09-09T20:28:48.210Z,52.247,157.1187,145.09,4.9,mb,,117,0.932,0.79,us,us2000hbls,2018-11-14T17:40:20.040Z,"93 km NNE of Ozernovskiy, Russia",earthquake,10,3.6,0.027,419,reviewed,us,us
2018-09-09T20:04:47.580Z,-36.3958,-178.8369,10,4.6,mb,,261,2.566,0.99,us,us2000hgqj,2018-11-14T17:40:19.040Z,"east of the North Island of New Zealand",earthquake,9.1,2,0.164,11,reviewed,us,us
2018-09-09T19:51:14.967Z,60.1872,-151.0348,65.6,2.6,ml,,,,0.72,ak,ak018bl31nm0,2019-12-02T22:41:41.299Z,"20 km ESE of Clam Gulch, Alaska",earthquake,,0.2,,,reviewed,ak,ak
2018-09-09T19:31:35.090Z,-10.0207,161.5025,68,6.5,mww,,25,1.638,0.97,us,us2000hbk9,2022-05-03T19:29:44.314Z,"66 km NW of Kirakira, Solomon Islands",earthquake,7.5,1.9,0.035,77,reviewed,us,us
2018-09-09T19:06:36.126Z,50.4567,-172.8382,10.3,2.7,ml,,,,0.47,ak,ak018bl2s20s,2019-12-02T22:41:59.723Z,"215 km SSE of Atka, Alaska",earthquake,,8,,,reviewed,ak,ak
2018-09-09T18:32:08.858Z,64.3079,-172.8391,31.3,2.8,ml,,,,0.78,ak,ak018bl2c4xh,2019-12-02T22:41:58.939Z,"22 km SE of Provideniya, Russia",earthquake,,0.2,,,reviewed,ak,ak
2018-09-09T17:34:49.544Z,61.0324,-146.5794,15.3,2.7,ml,,,,0.6,ak,ak018bl1r7wa,2023-08-16T18:05:10.556Z,"16 km SW of Valdez, Alaska",earthquake,,0.2,,,reviewed,ak,ak
2018-09-09T17:11:40.800Z,19.4191667,-155.3196667,5.43,2.51,ml,31,85,0.02236,0.08,hv,hv70585232,2018-11-09T21:54:54.040Z,"9 km WSW of Volcano, Hawaii",earthquake,0.29,0.46,0.201,36,reviewed,hv,hv
2018-09-09T16:55:06.910Z,-24.094,-179.9031,533.07,4.4,mb,,117,6.599,0.58,us,us2000hgqf,2018-11-14T17:40:19.040Z,"south of the Fiji Islands",earthquake,8.9,9.6,0.123,19,reviewed,us,us
2018-09-09T16:40:25.050Z,64.2747,-173.3519,31.8,2.7,ml,,,,0.82,ak,ak018bl170p5,2019-12-02T22:41:58.158Z,"17 km SSW of Provideniya, Russia",earthquake,,0.3,,,reviewed,ak,ak
2018-09-09T16:37:44.550Z,36.5224,141.6764,35,4.3,mb,,189,1.519,0.75,us,us2000hbib,2018-11-14T17:40:19.040Z,"87 km ESE of Kitaibaraki, Japan",earthquake,8.4,2,0.086,38,reviewed,us,us
2018-09-09T16:35:04.560Z,36.4381,28.8703,9.57,4.1,mb,,97,0.627,1.08,us,us2000hgqe,2018-11-14T17:40:19.040Z,"28 km WSW of Ölüdeniz, Turkey",earthquake,4.9,6.3,0.37,2,reviewed,us,us
2018-09-09T16:22:08.390Z,64.3047,-171.3741,10,3.1,mb_lg,,288,2.615,0.52,us,us2000hbi4,2018-11-09T21:54:54.040Z,"61 km NNE of Gambell, Alaska",earthquake,13.6,2,0.154,11,reviewed,us,us
2018-09-09T16:21:53.333Z,64.4281,-173.6438,13.4,4,ml,,,,0.8,ak,ak018bl1309x,2019-12-02T22:41:27.789Z,"20 km W of Provideniya, Russia",earthquake,,1.7,,,reviewed,ak,ak
2018-09-09T16:10:23.270Z,-38.667,175.679,153.22,4.3,mb,,71,0.663,0.83,us,us2000hbhw,2022-08-08T07:55:50.677Z,"35 km W of Taupo, New Zealand",earthquake,3.7,5.7,0.16,11,reviewed,us,us
2018-09-09T16:09:55.750Z,-27.1123,-13.5049,10,4.5,mb,,141,33.995,1.36,us,us2000hgql,2018-11-14T17:40:19.040Z,"southern Mid-Atlantic Ridge",earthquake,15.2,2,0.172,10,reviewed,us,us
2018-09-09T15:29:55.746Z,54.7814,-162.4931,78.2,2.7,ml,,,,0.49,ak,ak018bl0jal2,2021-02-22T17:20:49.235Z,"33 km SSW of King Cove, Alaska",earthquake,,0.7,,,reviewed,ak,ak
2018-09-09T15:16:59.990Z,17.9496,-68.5243,102,3.16,md,9,285,0.5821,0.49,pr,pr2018252016,2018-11-09T21:53:55.040Z,"48 km S of Boca de Yuma, Dominican Republic",earthquake,6.78,5,0.33,5,reviewed,pr,pr
2018-09-09T15:10:14.765Z,51.5988,-176.0443,50.9,3.1,ml,,,,0.42,ak,ak018bl0f4tg,2019-12-02T22:41:21.399Z,"50 km SE of Adak, Alaska",earthquake,,1.9,,,reviewed,ak,ak
2018-09-09T15:06:29.190Z,-24.3439,-179.4803,497.61,4.3,mb,,136,6.958,0.99,us,us2000hgqc,2018-11-14T17:40:19.040Z,"south of the Fiji Islands",earthquake,13,9.4,0.108,24,reviewed,us,us
2018-09-09T14:57:11.586Z,50.9136,-177.4191,54.4,3,ml,,,,0.35,ak,ak018bl03rme,2019-12-02T22:41:20.580Z,"120 km SSW of Adak, Alaska",earthquake,,2.5,,,reviewed,ak,ak
2018-09-09T14:45:31.490Z,-5.9755,154.8375,169.75,4.3,mb,,110,3.199,0.73,us,us2000hgqd,2018-11-14T17:40:19.040Z,"80 km WNW of Panguna, Papua New Guinea",earthquake,11.8,8.2,0.09,35,reviewed,us,us
2018-09-09T14:34:44.043Z,56.4067,-148.5597,11.9,2.5,ml,,,,0.63,ak,ak018bkzywno,2021-02-22T17:20:46.218Z,"262 km ESE of Chiniak, Alaska",earthquake,,10.6,,,reviewed,ak,ak
2018-09-09T14:27:28.970Z,-24.6526,179.0321,587.22,4.3,mb,,158,5.317,1.19,us,us2000hgqb,2018-11-14T17:40:19.040Z,"south of the Fiji Islands",earthquake,16.9,6.1,0.133,16,reviewed,us,us
2018-09-09T13:55:11.960Z,42.785,141.9702,20.79,4.7,mww,,43,1.168,0.7,us,us2000hbh2,2018-11-14T17:40:19.040Z,"26 km E of Chitose, Japan",earthquake,6.1,3.9,0.086,13,reviewed,us,us
2018-09-09T13:31:47.982Z,68.6994,-146.0269,13.2,2.8,ml,,,,0.57,ak,ak018bkzcu7i,2023-08-16T18:03:51.965Z,"66 km NNW of Arctic Village, Alaska",earthquake,,0.2,,,reviewed,ak,ak
2018-09-09T13:21:20.790Z,31.2365,-115.6705,12.13,3.43,ml,5,202,0.1824,0.09,ci,ci38054071,2018-10-23T16:09:41.632Z,"100km ESE of Maneadero, B.C., MX",earthquake,0.85,0.46,0.158,174,reviewed,ci,ci
2018-09-09T13:16:34.470Z,23.8852,121.6433,34.85,4.4,mb,,86,0.29,0.56,us,us2000hgqa,2018-11-14T17:40:19.040Z,"10 km SSE of Hualien City, Taiwan",earthquake,3.6,3.6,0.095,32,reviewed,us,us
2018-09-09T12:55:44.500Z,48.275,-123.0391667,23.09,3.26,ml,48,45,0.2016,0.24,uw,uw61426956,2018-11-19T11:32:59.696Z,"16 km NNE of Jamestown, Washington",earthquake,0.31,0.94,0.217,34,reviewed,uw,uw
2018-09-09T12:35:08.798Z,51.713,-166.8243,18.7,2.5,ml,,,,0.3,ak,ak018bkys6fz,2019-12-02T22:41:13.508Z,"194 km SE of Nikolski, Alaska",earthquake,,2.9,,,reviewed,ak,ak
2018-09-09T11:57:24.840Z,-20.2451,-178.335,584.58,4.2,mb,,133,4.226,1.02,us,us2000hgq6,2018-11-14T17:40:19.040Z,"Fiji region",earthquake,14.4,7.4,0.093,32,reviewed,us,us
2018-09-09T11:54:17.570Z,18.9693,-67.602,5,2.7,md,9,236,0.5976,0.52,pr,pr2018252015,2018-09-09T18:59:27.786Z,"74 km NW of San Antonio, Puerto Rico",earthquake,3.65,2.34,0.37,9,reviewed,pr,pr
2018-09-09T11:52:01.850Z,19.5511,-64.8485,123,3.18,md,7,337,1.728,0.27,pr,pr2018252014,2018-11-09T21:53:55.040Z,"134 km N of Charlotte Amalie, U.S. Virgin Islands",earthquake,9.76,14.17,0.33,6,reviewed,pr,pr
2018-09-09T11:48:24.370Z,-11.8441,41.0171,10,4.6,mb,,64,9.311,0.98,us,us2000hgq7,2018-11-14T17:40:19.040Z,"93 km SE of Mocímboa, Mozambique",earthquake,10.2,1.9,0.151,13,reviewed,us,us
2018-09-09T11:37:54.170Z,39.022,141.0916,99.86,4.4,mb,,135,1.175,1.14,us,us2000hbg5,2018-11-14T17:40:19.040Z,"12 km NNW of Ichinoseki, Japan",earthquake,7.3,7.6,0.11,24,reviewed,us,us
2018-09-09T11:07:02.910Z,28.6531,76.8101,10,4.6,mb,,95,8.843,1.05,us,us2000hgq4,2020-07-10T17:18:09.647Z,"13 km WSW of Bah?durgarh, India",earthquake,6.5,1.9,0.182,9,reviewed,us,us
2018-09-09T11:05:00.290Z,9.3209,126.4907,10,4.5,mb,,175,2.411,0.86,us,us2000hgq5,2018-11-14T17:40:19.040Z,"33 km E of Cortes, Philippines",earthquake,12.3,2,0.18,9,reviewed,us,us
2018-09-09T10:58:14.510Z,-18.5179,-179.698,679.12,4.2,mb,,112,2.272,0.44,us,us2000hgq3,2018-11-14T17:40:19.040Z,"115 km ESE of Levuka, Fiji",earthquake,10.4,13.7,0.118,20,reviewed,us,us
2018-09-09T10:45:14.460Z,71.6219,-2.606,10,4.3,mb,,65,8.171,1,us,us2000hgq0,2018-11-14T17:40:19.040Z,"232 km ENE of Olonkinbyen, Svalbard and Jan Mayen",earthquake,8.7,1.9,0.086,38,reviewed,us,us
2018-09-09T10:22:07.574Z,61.6442,-150.1464,6.2,2.5,ml,,,,0.63,ak,ak018bkxiitx,2023-08-16T18:03:28.916Z,"12 km SSW of Willow, Alaska",earthquake,,0.2,,,reviewed,ak,ak
2018-09-09T09:52:20.458Z,52.2163,-175.9006,205.6,2.9,ml,,,,0.2,ak,ak018bkx3jp9,2019-12-02T22:41:54.161Z,"63 km NE of Adak, AK",earthquake,,0.3,,,reviewed,ak,ak
2018-09-09T09:36:48.900Z,-18.4387,178.8562,513.79,4.1,mb,,190,1.029,0.63,us,us2000hgpz,2018-11-14T17:40:19.040Z,"54 km SE of Suva, Fiji",earthquake,21.3,9.3,0.15,12,reviewed,us,us
2018-09-09T09:31:38.040Z,5.7342,123.8617,545.22,4.4,mb,,100,5.368,0.57,us,us2000hgpy,2018-11-14T17:40:19.040Z,"63 km SW of Palimbang, Philippines",earthquake,13.2,11.3,0.1,29,reviewed,us,us
2018-09-09T09:00:15.180Z,18.0753,-64.9453,27,2.53,md,5,342,0.906,0.35,pr,pr2018252012,2018-09-09T16:45:07.394Z,"29 km S of Charlotte Amalie, U.S. Virgin Islands",earthquake,4.9,23.47,0.41,4,reviewed,pr,pr
2018-09-09T08:54:20.320Z,18.6765,-66.7271,65,2.86,md,24,215,0.206,0.16,pr,pr2018252011,2018-11-09T21:54:01.040Z,"22 km NNE of Carrizales, Puerto Rico",earthquake,0.75,0.98,0.29,19,reviewed,pr,pr
2018-09-09T08:46:59.130Z,-52.9859,22.3274,10,4.6,mb,,125,20.625,0.48,us,us2000hgpx,2018-11-14T17:40:19.040Z,"south of Africa",earthquake,7.6,1.9,0.129,18,reviewed,us,us
2018-09-09T08:42:20.829Z,60.1864,-140.9315,14.2,2.6,ml,,,,0.55,ak,ak018bkwfyyq,2023-08-16T18:03:05.090Z,"98 km NW of Yakutat, Alaska",earthquake,,0.1,,,reviewed,ak,ak
2018-09-09T08:39:35.012Z,55.9459,-149.7359,11,2.6,ml,,,,0.74,ak,ak018bkwfcwt,2021-02-22T17:20:46.900Z,"242 km SE of Chiniak, Alaska",earthquake,,9,,,reviewed,ak,ak
2018-09-09T07:38:52.500Z,35.0798,-95.6806,3.663,2.5,ml,,123,,0.39,us,us2000hbeh,2018-11-09T21:54:52.040Z,"4 km S of Crowder, Oklahoma",earthquake,2.1,5.4,,,reviewed,ok,ok
2018-09-09T07:24:59.355Z,51.6378,178.4251,108.7,4.1,mb,,,,1.15,ak,ak018bkvqrfz,2019-12-02T22:40:56.336Z,"Rat Islands, Aleutian Islands, Alaska",earthquake,,2.7,,,reviewed,ak,ak
2018-09-09T07:24:46.380Z,51.5488,176.959,44.16,4.1,mb,,189,1.474,0.76,us,us2000hbeg,2018-11-09T21:54:52.040Z,"295 km ESE of Attu Station, Alaska",earthquake,14.5,15.4,0.045,138,reviewed,us,us
2018-09-09T06:43:28.330Z,-20.4011,68.253,10,4.1,mb,,78,40.029,0.67,us,us2000hgpu,2018-11-14T17:40:19.040Z,"Mid-Indian Ridge",earthquake,10.2,1.9,0.198,7,reviewed,us,us
2018-09-09T06:28:38.780Z,-19.937,67.7973,10,4.4,mb,,73,19.719,0.29,us,us2000hgpt,2018-11-14T17:40:19.040Z,"Mid-Indian Ridge",earthquake,14.3,1.9,0.144,14,reviewed,us,us
2018-09-09T06:25:03.120Z,19.3535,-155.1551667,4.36,2.95,ml,49,95,0.02905,0.18,hv,hv70584012,2018-11-09T21:54:51.040Z,"12 km S of Fern Forest, Hawaii",earthquake,0.44,0.59,0.188,45,reviewed,hv,hv
2018-09-09T05:35:07.570Z,-20.3054,68.1204,10,4.8,mb,,57,4.499,0.78,us,us2000hbex,2018-11-14T17:40:19.040Z,"Mid-Indian Ridge",earthquake,10.9,1.9,0.084,44,reviewed,us,us
2018-09-09T05:25:14.740Z,39.7259,20.4235,14.46,4,mwr,,77,0.484,0.99,us,us2000hbd8,2022-10-08T22:23:32.081Z,"16 km NE of Filiátes, Greece",earthquake,4.5,4.7,0.071,19,reviewed,us,us
2018-09-09T05:17:21.210Z,-37.1307,-96.208,10,4.5,mb,,162,19.008,0.67,us,us2000hbd7,2018-11-14T17:40:19.040Z,"southeast of Easter Island",earthquake,8.2,1.9,0.079,47,reviewed,us,us
2018-09-09T05:11:18.340Z,-2.3163,100.7438,55.8,4.3,mb,,178,2.641,0.75,us,us2000hgpr,2018-11-14T17:40:19.040Z,"77 km WSW of Sungai Penuh, Indonesia",earthquake,7.8,8.2,0.106,25,reviewed,us,us
2018-09-09T04:53:35.380Z,-8.2532,116.571,10,4.5,mb,,62,2.403,1.17,us,us2000hbcv,2018-11-14T17:40:19.040Z,"29 km NNW of Labuan Lombok, Indonesia",earthquake,8.1,1.9,0.121,20,reviewed,us,us
2018-09-09T04:27:02.180Z,-5.9159,146.6322,114.09,4.5,mb,,78,3.505,0.7,us,us2000hbcl,2018-11-14T17:40:19.040Z,"94 km ENE of Kainantu, Papua New Guinea",earthquake,9.9,8,0.085,41,reviewed,us,us
2018-09-09T04:12:06.200Z,19.1148,-66.4456,24,2.67,md,8,295,0.8277,0.24,pr,pr2018252007,2018-09-09T08:44:09.106Z,"72 km N of Tierras Nuevas Poniente, Puerto Rico",earthquake,1.42,17.85,0.29,7,reviewed,pr,pr
2018-09-09T04:00:02.740Z,19.0876,-66.5001,14,2.68,md,9,294,0.6112,0.48,pr,pr2018252006,2018-09-09T08:43:58.882Z,"69 km N of Tierras Nuevas Poniente, Puerto Rico",earthquake,1.94,3.63,0.32,9,reviewed,pr,pr
2018-09-09T03:42:46.090Z,42.6464,142.0214,35,4,mb,,95,1.052,1.1,us,us2000hgpw,2018-11-14T17:40:19.040Z,"34 km E of Tomakomai, Japan",earthquake,6.7,2,0.157,11,reviewed,us,us
2018-09-09T03:19:46.770Z,-4.0548,-75.9112,35,4.6,mb,,97,4.177,0.77,us,us2000hbc2,2018-11-14T17:40:19.040Z,"86 km SE of Alianza Cristiana, Peru",earthquake,7.8,1.7,0.07,60,reviewed,us,us
2018-09-09T03:19:36.370Z,-4.0608,-76.0558,41.71,4.6,mb,,97,4.034,1.1,us,us1000hd28,2018-11-14T17:40:19.040Z,"77 km SSE of Alianza Cristiana, Peru",earthquake,8.7,7.2,0.071,59,reviewed,us,us
2018-09-09T03:07:12.680Z,-20.8674,68.0044,10,4.6,mb,,174,49.464,0.86,us,us2000hgpp,2018-11-14T17:40:19.040Z,"Mid-Indian Ridge",earthquake,14.3,1.9,0.146,14,reviewed,us,us
2018-09-09T03:00:04.400Z,34.8306667,-85.2381667,9.95,2.64,md,16,86,0.1708,0.07,se,se60213427,2018-11-09T21:54:50.040Z,"6 km SE of Chickamauga, Georgia",earthquake,0.21,0.49,0.079,13,reviewed,se,se
2018-09-09T02:42:38.590Z,18.7233,-66.6663,48,2.72,md,5,315,0.6543,0.47,pr,pr2018252004,2018-09-09T06:04:47.190Z,"28 km N of Arecibo, Puerto Rico",earthquake,5.35,8.47,0.05,3,reviewed,pr,pr
2018-09-09T02:34:35.980Z,18.9448,-65.4713,45,2.72,md,6,324,0.8827,0.15,pr,pr2018252003,2018-09-09T06:04:34.563Z,"68 km NNE of Luquillo, Puerto Rico",earthquake,2.36,6.01,0.31,5,reviewed,pr,pr
2018-09-09T02:27:44.040Z,-18.0903,-179.3804,617.69,4.5,mb,,87,2.467,0.84,us,us2000hgpm,2018-11-14T17:40:19.040Z,"137 km E of Levuka, Fiji",earthquake,13.8,6.7,0.106,26,reviewed,us,us
2018-09-09T02:07:21.943Z,51.4425,-176.1841,25.6,2.5,ml,,,,0.37,ak,ak018bksnvcy,2019-12-02T22:40:38.370Z,"57 km SSE of Adak, Alaska",earthquake,,2.2,,,reviewed,ak,ak
2018-09-09T02:01:48.100Z,36.4929,-98.7245,7.635,2.9,ml,,50,,0.38,us,us2000hbbd,2018-11-09T21:54:50.040Z,"17 km SE of Waynoka, Oklahoma",earthquake,1.5,3.8,,,reviewed,ok,ok
2018-09-09T01:52:54.250Z,-32.3111,179.6312,321.68,4.5,mb,,95,3.707,1.04,us,us2000hgpl,2018-11-14T17:40:19.040Z,"south of the Kermadec Islands",earthquake,12.9,10.1,0.241,5,reviewed,us,us
2018-09-09T01:52:21.500Z,36.4902,-98.723,6.798,2.6,ml,,50,,0.49,us,us2000he1n,2018-11-09T21:54:56.040Z,"17 km SE of Waynoka, Oklahoma",earthquake,2.1,4.5,,,reviewed,ok,ok
2018-09-09T01:48:38.500Z,36.489,-98.7253,7.712,3.5,ml,,49,,0.34,us,us2000hbb0,2018-11-09T21:54:49.040Z,"17 km SE of Waynoka, Oklahoma",earthquake,1.3,5.3,,,reviewed,ok,ok
2018-09-09T01:38:50.310Z,36.5521,71.2454,232.94,4.3,mb,,73,0.784,0.69,us,us2000hbav,2018-11-14T17:40:19.040Z,"29 km WSW of Ashk?sham, Afghanistan",earthquake,8.1,5,0.238,5,reviewed,us,us
2018-09-09T01:36:47.760Z,18.8565,-65.3158,47,3.09,md,4,334,0.8914,0.14,pr,pr2018252002,2018-09-09T06:03:43.267Z,"61 km N of Culebra, Puerto Rico",earthquake,3.01,7.6,0.13,3,reviewed,pr,pr
2018-09-09T01:26:30.100Z,19.3401,-68.2698,24,2.99,md,5,298,0.8337,0.47,pr,pr2018252000,2018-11-09T21:53:59.040Z,"85 km N of Punta Cana, Dominican Republic",earthquake,3.57,38.87,0.08,3,reviewed,pr,pr
2018-09-09T01:11:48.030Z,-24.9668,179.9228,479.47,4.5,mb,,45,4.671,0.91,us,us2000hbam,2018-11-14T17:40:19.040Z,"south of the Fiji Islands",earthquake,10.4,6.4,0.036,225,reviewed,us,us
2018-09-09T00:42:16.770Z,29.8659,142.2818,10.85,4.7,mb,,117,2.761,0.75,us,us2000hbaa,2018-11-14T17:40:19.040Z,"Izu Islands, Japan region",earthquake,8.9,5,0.077,51,reviewed,us,us
2018-09-09T00:07:54.770Z,-7.5518,130.3484,11.05,4.5,mb,,92,1.034,0.38,us,us2000hgps,2018-11-14T17:40:19.040Z,"Pulau Pulau Tanimbar, Indonesia",earthquake,6.8,5.9,0.172,10,reviewed,us,us
2018-09-09T00:06:24.960Z,-24.9658,179.8707,489.11,5.5,mww,,15,4.691,0.79,us,us2000hb9n,2022-05-03T19:46:14.833Z,"south of the Fiji Islands",earthquake,9.2,4.4,0.073,18,reviewed,us,us
2018-09-09T00:01:06.500Z,35.0948,-95.6939,0.106,2.6,ml,,69,,0.28,us,us2000hb9l,2018-11-09T21:54:49.040Z,"3 km SW of Crowder, Oklahoma",earthquake,1.8,0.4,,,reviewed,ok,ok
2018-09-08T23:58:25.010Z,-7.7387,106.8208,56.9,4.2,mb,,108,2.958,1.2,us,us2000hgpc,2018-11-14T17:40:19.040Z,"88 km SSE of Pelabuhanratu, Indonesia",earthquake,5.9,10.6,0.159,11,reviewed,us,us
2018-09-08T23:10:32.680Z,36.5018333,-89.5551667,9.39,2.68,md,56,34,0.03858,0.11,nm,nm60213407,2018-11-09T21:54:49.040Z,"5 km ESE of Marston, Missouri",earthquake,0.16,0.34,0.213,43,reviewed,nm,nm
2018-09-08T23:04:11.420Z,19.5988,-67.8756,51,2.81,md,3,348,1.6275,0.39,pr,pr2018251021,2018-09-09T06:02:30.195Z,"125 km NNE of Punta Cana, Dominican Republic",earthquake,9.12,31.32,0.46,2,reviewed,pr,pr
2018-09-08T22:27:29.910Z,-24.2929,-175.7798,10,5.5,mww,,25,7.519,1.01,us,us2000hb83,2022-05-03T19:29:37.725Z,"south of Tonga",earthquake,4.5,1.6,0.065,23,reviewed,us,us
2018-09-08T22:24:49.660Z,40.9696,83.5241,10,4.1,mb,,64,4.371,0.85,us,us2000hb81,2018-11-14T17:40:19.040Z,"96 km SSE of Kuqa, China",earthquake,8.6,1.9,0.135,15,reviewed,us,us
2018-09-08T22:24:48.174Z,69.514,-144.344,7.8,3,ml,,,,0.64,ak,ak018bjh4w5t,2019-12-02T22:40:17.706Z,"74 km SSW of Kaktovik, Alaska",earthquake,,0.2,,,reviewed,ak,ak
2018-09-08T22:23:02.290Z,19.3453,-68.3918,9,2.88,md,4,307,0.8315,0.23,pr,pr2018251019,2018-11-09T21:54:01.040Z,"79 km ENE of Miches, Dominican Republic",earthquake,11.15,15.36,0.46,4,reviewed,pr,pr
2018-09-08T22:21:14.780Z,-45.6366,-77.6324,10,4.3,mb,,198,3.203,0.8,us,us2000hb7x,2018-11-14T17:40:19.040Z,"Off the coast of Aisen, Chile",earthquake,4,2,0.178,9,reviewed,us,us
2018-09-08T21:58:32.450Z,-15.3487,-173.8235,81.57,4.7,mb,,81,2.443,1.17,us,us2000hgpd,2018-11-14T17:40:19.040Z,"67 km N of Hihifo, Tonga",earthquake,8.3,7.3,0.127,19,reviewed,us,us
2018-09-08T21:22:23.560Z,42.6355,-111.4818,10.21,3,ml,,50,0.305,0.43,us,us2000hb70,2018-11-09T21:53:54.040Z,"10 km ESE of Soda Springs, Idaho",earthquake,2.1,11.2,0.046,62,reviewed,us,us
2018-09-08T21:04:53.800Z,36.7043,-97.6659,5.913,2.7,ml,,51,,0.27,us,us2000hb6s,2018-11-09T21:54:48.040Z,"9 km W of Lamont, Oklahoma",earthquake,1.1,4.2,,,reviewed,ok,ok
2018-09-08T20:46:32.102Z,69.1866,-146.5965,13,2.8,ml,,,,0.6,ak,ak018bjg2pgq,2023-08-16T18:01:49.299Z,"125 km NNW of Arctic Village, Alaska",earthquake,,0.2,,,reviewed,ak,ak
2018-09-08T20:20:42.960Z,19.5396,-68.0211,13,3.1,md,17,222,1.0871,0.55,pr,pr2018251020,2018-09-09T02:47:42.218Z,"113 km NNE of Punta Cana, Dominican Republic",earthquake,2.27,4.42,0.41,9,reviewed,pr,pr
2018-09-08T20:18:42.780Z,2.328,96.06,10,4.4,mb,,178,1.824,0.72,us,us2000hb6e,2018-11-14T17:40:19.040Z,"39 km WSW of Sinabang, Indonesia",earthquake,7.5,1.9,0.093,33,reviewed,us,us
2018-09-08T20:06:54.190Z,37.8046667,-122.2133333,5.18,2.82,md,93,30,0.0373,0.09,nc,nc73082525,2022-02-12T03:32:30.414Z,"2km NE of Oakland, CA",earthquake,0.09,0.2,0.179,100,reviewed,nc,nc
2018-09-08T19:57:08.810Z,1.7228,126.5293,10,4,mb,,170,1.262,0.55,us,us2000hgp9,2018-11-14T17:40:18.040Z,"140 km NW of Ternate, Indonesia",earthquake,6.6,1.9,0.164,10,reviewed,us,us
2018-09-08T19:42:53.243Z,51.728,-175.8267,47,2.8,ml,,,,0.36,ak,ak018bjfggmk,2019-12-02T22:40:10.976Z,"58 km ESE of Adak, Alaska",earthquake,,1.4,,,reviewed,ak,ak
2018-09-08T19:28:56.970Z,-59.4966,-25.1981,10,4.6,mb,,96,8.087,0.66,us,us2000hgp7,2018-11-14T17:40:18.040Z,"South Sandwich Islands region",earthquake,15.1,1.9,0.158,12,reviewed,us,us
2018-09-08T19:03:04.992Z,60.17,-153.2694,148.7,2.6,ml,,,,0.54,ak,ak018bjf7zz7,2023-08-16T18:01:33.233Z,"58 km E of Port Alsworth, Alaska",earthquake,,0.2,,,reviewed,ak,ak
2018-09-08T18:03:42.490Z,43.2636,-127.0032,10,3,ml,,253,2.203,0.54,us,us2000hb4q,2018-11-09T21:54:46.040Z,"off the coast of Oregon",earthquake,4.8,2,0.044,68,reviewed,us,us
2018-09-08T17:45:40.250Z,46.9441,83.0308,15.03,4.5,mb,,76,0.529,0.85,us,us2000hb4h,2018-11-14T17:40:18.040Z,"107 km E of Urzhar, Kazakhstan",earthquake,5.8,5,0.108,26,reviewed,us,us
2018-09-08T17:27:52.809Z,39.1329,-116.0958,1.2,3,ml,16,73.09,0.88,0.2138,nn,nn00655590,2018-11-09T21:54:46.040Z,"Nevada",earthquake,,2.9,0.35,5,reviewed,nn,nn
2018-09-08T16:41:53.990Z,18.7181,-67.9336,2,2.74,md,6,223,0.4922,0.59,pr,pr2018251017,2018-09-08T23:22:59.163Z,"51 km ENE of Punta Cana, Dominican Republic",earthquake,4.61,3.28,0.32,5,reviewed,pr,pr
2018-09-08T16:15:57.940Z,30.5852,131.1662,35,4.6,mb,,107,2.544,0.94,us,us2000hgp5,2018-11-14T17:40:18.040Z,"22 km SE of Nishinoomote, Japan",earthquake,7.4,2,0.105,30,reviewed,us,us
2018-09-08T15:59:37.810Z,18.8618,-68.4805,5,2.73,md,10,241,0.3617,0.5,pr,pr2018251014,2018-11-09T21:54:03.040Z,"30 km NE of Otra Banda, Dominican Republic",earthquake,1.86,31.61,0.51,6,reviewed,pr,pr
2018-09-08T15:31:04.040Z,-22.4712,170.343,10,4.5,mb,,182,2.681,1.02,us,us2000hgp3,2018-11-14T17:40:18.040Z,"274 km ESE of Tadine, New Caledonia",earthquake,13.1,1.9,0.164,12,reviewed,us,us
2018-09-08T15:25:47.110Z,-1.6437,149.6586,36.73,4.4,mb,,118,2.325,0.76,us,us2000hb3a,2018-11-14T17:40:18.040Z,"162 km NW of Kavieng, Papua New Guinea",earthquake,10.5,9.4,0.127,19,reviewed,us,us
2018-09-08T15:18:28.470Z,13.8599,-92.1297,10,4.1,mb,,185,0.783,1.09,us,us2000hb3m,2018-11-14T17:40:18.040Z,"53 km SSW of Champerico, Guatemala",earthquake,5.7,2,0.074,50,reviewed,us,us
2018-09-08T15:14:18.670Z,-22.1728,170.1814,10,4.4,mb,,255,2.568,0.7,us,us2000hgp4,2018-11-14T17:40:18.040Z,"247 km ESE of Tadine, New Caledonia",earthquake,16,2,0.189,10,reviewed,us,us
2018-09-08T14:49:11.350Z,-22.4362,170.192,10,4.9,mb,,32,2.544,1.22,us,us2000hb2s,2025-12-22T17:50:40.171Z,"southeast of the Loyalty Islands",earthquake,8.3,1.8,0.071,62,reviewed,us,us
2018-09-08T14:44:52.278Z,52.6839,-170.1707,149.3,2.5,ml,,,,0.46,ak,ak018bjchpyj,2019-12-02T22:39:59.790Z,"92 km WSW of Nikolski, Alaska",earthquake,,0.7,,,reviewed,ak,ak
2018-09-08T14:38:56.980Z,-4.3674,-81.5144,10,5.1,mww,,58,1.657,0.69,us,us2000hb2g,2022-05-03T19:29:39.123Z,"34 km WSW of El Alto, Peru",earthquake,6.8,1.7,0.075,17,reviewed,us,us
2018-09-08T14:36:33.400Z,36.4603,-98.7576,7.664,3.5,mwr,,34,,0.89,us,us2000hb2a,2022-08-08T07:54:11.897Z,"17 km SE of Waynoka, Oklahoma",earthquake,3,6.1,,16,reviewed,ok,slm
2018-09-08T14:32:54.510Z,19.0765,-66.8086,36,3.09,md,18,272,0.6612,0.35,pr,pr2018251012,2018-11-09T21:53:57.040Z,"65 km N of Hatillo, Puerto Rico",earthquake,1.38,6.28,0.23,15,reviewed,pr,pr
2018-09-08T14:29:58.710Z,-8.2619,116.8133,10,4.5,mb,,72,2.641,1,us,us2000hgp1,2018-11-14T17:40:18.040Z,"30 km NNE of Labuan Lombok, Indonesia",earthquake,8.9,1.9,0.157,12,reviewed,us,us
2018-09-08T14:17:50.380Z,42.2935,-124.6693333,21.05,2.76,ml,9,264,0.2409,0.12,uw,uw61426681,2018-11-09T21:54:45.040Z,"22 km W of Pistol River, Oregon",earthquake,0.88,0.33,0.265,9,reviewed,uw,uw
2018-09-08T14:12:37.930Z,-22.4796,170.2661,10,4.6,mb,,109,2.61,0.96,us,us2000hgp8,2018-11-14T17:40:18.040Z,"267 km ESE of Tadine, New Caledonia",earthquake,9.5,1.9,0.125,19,reviewed,us,us
2018-09-08T13:51:41.910Z,85.9565,31.1685,10,4.5,mb,,78,7.434,0.64,us,us2000hb1p,2018-11-14T17:40:18.040Z,"north of Svalbard",earthquake,9.3,1.9,0.041,177,reviewed,us,us
2018-09-08T13:38:01.998Z,55.8805,-149.8738,11.8,2.7,ml,,,,0.75,ak,ak018bjbuw6f,2023-08-16T18:01:13.555Z,"242 km SE of Chiniak, Alaska",earthquake,,3.9,,,reviewed,ak,ak
2018-09-08T13:30:18.262Z,69.1609,-146.6173,10.4,2.5,ml,,,,0.52,ak,ak018bjbt7pe,2023-08-16T18:01:07.235Z,"123 km NNW of Arctic Village, Alaska",earthquake,,0.3,,,reviewed,ak,ak
2018-09-08T13:24:56.160Z,31.8488333,-117.1963333,26.1,3.75,mw,24,271,0.453,0.24,ci,ci38052847,2018-11-09T21:54:44.040Z,"49km W of El Sauzal, B.C., MX",earthquake,0.96,0.43,,4,reviewed,ci,ci
2018-09-08T13:23:31.995Z,69.1194,-146.5071,1.7,2.5,ml,,,,0.71,ak,ak018bjbrqr3,2023-08-16T18:01:00.861Z,"117 km NNW of Arctic Village, Alaska",earthquake,,0.4,,,reviewed,ak,ak
2018-09-08T13:22:02.219Z,69.1815,-146.5969,13.8,2.7,ml,,,,0.64,ak,ak018bjbrgql,2023-08-16T18:00:59.611Z,"125 km NNW of Arctic Village, Alaska",earthquake,,0.2,,,reviewed,ak,ak
2018-09-08T13:21:33.540Z,41.3715,-100.1257,5,2.6,mb_lg,,61,0.031,0.86,us,us2000hb0r,2018-11-09T21:54:43.040Z,"8 km SE of Arnold, Nebraska",earthquake,1.5,2,0.065,61,reviewed,us,us
2018-09-08T12:57:43.988Z,69.4798,-144.4295,8.6,2.5,ml,,,,0.5,ak,ak018bjbdmf2,2023-08-16T18:00:44.525Z,"79 km SSW of Kaktovik, Alaska",earthquake,,0.4,,,reviewed,ak,ak
2018-09-08T12:54:59.642Z,67.6796,-156.9447,12.9,2.5,ml,,,,0.72,ak,ak018bjbd0h8,2023-08-16T18:00:43.225Z,"76 km NNE of Ambler, Alaska",earthquake,,0.1,,,reviewed,ak,ak
2018-09-08T12:49:37.600Z,36.4824,-97.7374,5.709,2.5,ml,,35,,0.44,us,us2000hb09,2018-11-09T21:54:43.040Z,"5 km N of Breckinridge, Oklahoma",earthquake,1.4,5.9,,,reviewed,ok,ok
2018-09-08T12:46:52.920Z,-22.3526,170.0639,10,4.6,mb,,157,2.434,0.93,us,us2000hgp0,2018-11-14T17:40:18.040Z,"242 km ESE of Tadine, New Caledonia",earthquake,8,2,0.137,16,reviewed,us,us
2018-09-08T12:32:12.180Z,-22.7595,170.1939,10,4.6,mb,,104,2.541,0.64,us,us2000hgnz,2018-11-14T17:40:18.040Z,"273 km ESE of Tadine, New Caledonia",earthquake,7.6,1.9,0.141,15,reviewed,us,us
2018-09-08T12:25:49.430Z,-22.361,170.1892,10,4.6,mb,,159,2.549,0.68,us,us2000hgnx,2018-11-14T17:40:18.040Z,"254 km ESE of Tadine, New Caledonia",earthquake,10,1.9,0.164,11,reviewed,us,us
2018-09-08T11:36:46.220Z,19.0589,95.7362,10,4.5,mb,,89,2.093,0.75,us,us2000hgnv,2018-11-14T17:40:18.040Z,"60 km ENE of Pyay, Myanmar",earthquake,6.1,1.8,0.089,37,reviewed,us,us
2018-09-08T11:29:58.400Z,19.3993,-65.0965,69,3.32,md,6,333,1.4651,0.25,pr,pr2018251013,2018-11-09T21:53:54.040Z,"118 km N of Charlotte Amalie, U.S. Virgin Islands",earthquake,4.6,13.68,0.05,3,reviewed,pr,pr
2018-09-08T11:23:40.380Z,-22.3414,170.2262,10,4.7,mb,,108,2.585,0.97,us,us2000hgp2,2018-11-14T17:40:18.040Z,"257 km ESE of Tadine, New Caledonia",earthquake,10.2,1.9,0.104,28,reviewed,us,us
2018-09-08T10:44:42.672Z,64.8013,-173.7029,20,2.5,ml,,,,1.07,ak,ak018bja3ysr,2019-12-02T22:40:28.161Z,"47 km NNW of Provideniya, Russia",earthquake,,0,,,reviewed,ak,ak
2018-09-08T10:44:01.200Z,-56.7754,147.237,10,4.8,mb,,89,7.015,0.48,us,us2000hazu,2025-12-22T17:50:39.508Z,"west of Macquarie Island",earthquake,7.1,1.9,0.096,33,reviewed,us,us
2018-09-08T10:36:37.700Z,29.7361,141.149,70.66,4.6,mb,,109,2.784,0.79,us,us2000hazq,2018-11-14T17:40:18.040Z,"Izu Islands, Japan region",earthquake,7.4,7.2,0.058,89,reviewed,us,us
2018-09-08T10:05:12.960Z,-22.0563,170.4873,10,4.4,mb,,216,2.869,0.5,us,us2000hgpi,2018-11-14T17:40:18.040Z,"southeast of the Loyalty Islands",earthquake,9.2,2,0.155,12,reviewed,us,us
2018-09-08T10:02:48.210Z,-22.2271,170.2029,9,5.8,mww,,31,2.579,0.93,us,us2000haz0,2022-05-03T19:56:57.800Z,"251 km ESE of Tadine, New Caledonia",earthquake,7.6,1.7,0.041,56,reviewed,us,us
2018-09-08T09:21:07.640Z,42.7365,141.9118,35.64,4.4,mb,,70,1.171,0.78,us,us2000hb06,2018-11-14T17:40:18.040Z,"23 km ESE of Chitose, Japan",earthquake,5.1,6,0.081,44,reviewed,us,us
2018-09-08T09:18:29.750Z,6.9858,126.3596,10,4.2,mb,,191,0.779,0.49,us,us2000hgns,2018-11-14T17:40:18.040Z,"3 km ESE of Mayo, Philippines",earthquake,6.8,2,0.132,16,reviewed,us,us
2018-09-08T08:58:39.480Z,19.4975,-64.7125,45,2.64,md,9,338,1.7687,0.24,pr,pr2018251009,2018-11-09T21:54:04.040Z,"129 km N of Cruz Bay, U.S. Virgin Islands",earthquake,3.02,17.24,0.09,7,reviewed,pr,pr
2018-09-08T08:45:54.260Z,-15.887,-177.4687,411.16,4.5,mb,,113,4.67,1.08,us,us2000hay8,2018-11-14T17:40:18.040Z,"187 km SSE of Alo, Wallis and Futuna",earthquake,14.9,8.8,0.069,61,reviewed,us,us
2018-09-08T08:45:48.837Z,55.9234,-149.2198,10,2.8,ml,,,,0.61,ak,ak018bj8xbs3,2021-02-22T17:20:53.070Z,"265 km SE of Chiniak, Alaska",earthquake,,0,,,reviewed,ak,ak
2018-09-08T08:40:05.100Z,35.0783,-95.6837,3.547,2.5,ml,,55,,0.45,us,us2000hay7,2018-11-09T21:54:42.040Z,"5 km SSW of Crowder, Oklahoma",earthquake,2.6,6.1,,,reviewed,ok,ok
2018-09-08T08:28:09.470Z,-10.6593,-78.4426,52.84,4.3,mb,,143,2.05,0.82,us,us2000hay6,2018-11-14T17:40:18.040Z,"66 km W of Paramonga, Peru",earthquake,9,9.1,0.148,13,reviewed,us,us
2018-09-08T08:00:40.050Z,36.1525,-120.0641667,9.46,2.82,md,100,41,0.09843,0.14,nc,nc73082280,2018-09-11T00:40:03.419Z,"7km SSE of Huron, CA",earthquake,0.24,0.32,0.132,71,reviewed,nc,nc
2018-09-08T07:40:59.240Z,19.0023,-67.1965,60,2.94,md,7,315,0.791,0.16,pr,pr2018251007,2018-09-08T12:52:47.227Z,"57 km N of San Antonio, Puerto Rico",earthquake,2.36,5.72,0.08,7,reviewed,pr,pr
2018-09-08T07:37:59.840Z,37.201,-97.772,6.27,2.8,ml,,119,0.049,0.24,us,us2000haxq,2018-11-09T21:54:42.040Z,"7 km S of Argonia, Kansas",earthquake,1.4,3.3,0.133,12,reviewed,ismp,ismp
2018-09-08T07:16:49.620Z,7.2377,126.4779,10,6.2,mww,,30,0.907,0.92,us,us2000haxi,2025-05-05T20:24:08.559Z,"7 km WNW of Manay, Philippines",earthquake,6.1,1.8,0.043,52,reviewed,us,us
2018-09-08T06:50:39.100Z,24.2739,121.7148,22.54,4.5,mb,,68,0.148,0.49,us,us2000hgnp,2018-11-14T17:40:18.040Z,"34 km NNE of Hualien City, Taiwan",earthquake,2.5,6.2,0.113,23,reviewed,us,us
2018-09-08T06:23:24.870Z,37.1983,-97.7742,6.46,3.7,mb,,117,0.046,0.2,us,us2000haw4,2018-11-09T21:53:50.040Z,"7 km E of Freeport, Kansas",earthquake,1.1,1.6,0.226,5,reviewed,ismp,us
2018-09-08T06:02:14.200Z,35.3747,-98.1213,7.903,2.8,ml,,54,,0.48,us,us2000haup,2018-11-09T21:54:42.040Z,"16 km W of Union City, Oklahoma",earthquake,1.7,5.2,,,reviewed,ok,ok
2018-09-08T05:39:35.140Z,34.4358333,-116.899,2.5,3,ml,99,29,0.05767,0.13,ci,ci38052575,2019-01-30T03:07:23.280Z,"6km E of Lucerne Valley, CA",earthquake,0.08,0.44,0.157,203,reviewed,ci,ci
2018-09-08T05:28:21.430Z,47.2811,-113.1663,22.11,2.5,ml,,51,0.245,0.81,us,us2000hb1s,2018-11-09T21:54:02.040Z,"26 km ENE of Seeley Lake, Montana",earthquake,4.6,2.4,0.074,24,reviewed,us,us
2018-09-08T05:17:38.050Z,19.309,-68.0998,24,2.83,md,5,289,0.8435,0.4,pr,pr2018251006,2018-09-08T10:09:30.427Z,"86 km NNE of Punta Cana, Dominican Republic",earthquake,2.91,33.98,0.4,4,reviewed,pr,pr
2018-09-08T05:11:58.770Z,19.316,-64.8225,34,2.82,md,11,337,1.5593,0.27,pr,pr2018251005,2018-11-09T21:54:02.040Z,"108 km N of Charlotte Amalie, U.S. Virgin Islands",earthquake,2.94,21.37,0.27,9,reviewed,pr,pr
2018-09-08T04:57:22.630Z,18.9666,-65.3843,45,2.81,md,7,324,0.9464,0.4,pr,pr2018251004,2018-09-08T10:06:11.131Z,"73 km N of Culebra, Puerto Rico",earthquake,4.59,15.12,0.19,3,reviewed,pr,pr
2018-09-08T04:39:33.809Z,56.4754,-148.7684,10,3,ml,,,,0.58,ak,ak018bj6i9wk,2021-02-22T17:20:53.886Z,"247 km ESE of Chiniak, Alaska",earthquake,,0,,,reviewed,ak,ak
2018-09-08T04:21:57.650Z,19.033,-68.1525,95,2.85,md,4,344,1.3685,0.02,pr,pr2018251003,2018-11-09T21:54:01.040Z,"56 km NNE of Punta Cana, Dominican Republic",earthquake,4.13,4.54,0.54,2,reviewed,pr,pr
2018-09-08T03:57:33.210Z,19.6136,-67.9466,54,2.88,md,10,337,1.1825,0.38,pr,pr2018251002,2018-11-09T21:54:00.040Z,"123 km NNE of Punta Cana, Dominican Republic",earthquake,4.8,23.56,0.28,6,reviewed,pr,pr
2018-09-08T03:12:06.120Z,52.4293,-169.5331,35,3.5,ml,,217,0.376,1.27,us,us2000hb4w,2023-08-16T17:58:55.939Z,"72 km SW of Nikolski, Alaska",earthquake,3.3,2,0.148,6,reviewed,us,us
2018-09-08T02:59:56.080Z,19.4983,-67.895,90,3.15,md,4,344,1.5505,0.18,pr,pr2018251001,2018-09-08T10:01:57.187Z,"114 km NNE of Punta Cana, Dominican Republic",earthquake,5.4,12.28,0.03,3,reviewed,pr,pr
2018-09-08T02:36:00.040Z,23.2765,101.5399,10,4.6,mb,,107,2.68,0.55,us,us2000hgni,2018-11-14T17:40:18.040Z,"115 km SSE of Jianshui, China",earthquake,10.2,1.9,0.181,9,reviewed,us,us
2018-09-08T02:31:30.740Z,23.3322,101.5779,8,5.7,mww,,19,2.745,0.49,us,us2000hat7,2022-05-03T19:29:33.478Z,"110 km SSE of Jianshui, China",earthquake,4.5,1.8,0.062,25,reviewed,us,us
2018-09-08T02:13:43.720Z,52.4143,-169.6819,35,3.6,ml,,214,0.373,0.71,us,us2000hb4t,2023-08-16T17:58:46.079Z,"80 km SW of Nikolski, Alaska",earthquake,3,2,0.148,6,reviewed,us,us
2018-09-08T01:58:37.300Z,-35.2716,-179.959,65.94,4.9,mb,,170,2.68,0.92,us,us2000hasz,2018-11-14T17:40:18.040Z,"east of the North Island of New Zealand",earthquake,11,7.9,0.114,24,reviewed,us,us
2018-09-08T01:57:29.570Z,-18.3117,-178.3586,561.54,4.2,mb,,193,3.46,0.73,us,us2000hgnh,2018-11-14T17:40:18.040Z,"247 km W of Levuka, Fiji",earthquake,11.5,10,0.118,20,reviewed,us,us
2018-09-08T01:02:51.880Z,52.8854,-163.9759,10,3.8,mb,,174,1.772,0.94,us,us2000hasq,2019-12-02T22:39:10.640Z,"183 km SE of Akutan, Alaska",earthquake,3,1.9,0.12,18,reviewed,us,us
2018-09-08T00:28:33.510Z,-3.0829,146.6682,10,4.7,mb,,69,1.246,0.8,us,us2000hasi,2018-11-14T17:40:18.040Z,"133 km SSW of Lorengau, Papua New Guinea",earthquake,6.6,1.9,0.117,22,reviewed,us,us
2018-09-08T00:20:38.393Z,69.5485,-144.7704,9.5,2.5,ml,,,,0.65,ak,ak018bj40h8f,2023-08-16T17:58:18.100Z,"78 km SSW of Kaktovik, Alaska",earthquake,,0.3,,,reviewed,ak,ak
2018-09-08T00:03:57.070Z,18.766,-65.9716,44,2.72,md,3,344,0.9202,0.17,pr,pr2018251000,2018-09-08T05:57:58.259Z,"Puerto Rico region",earthquake,3.9,3.96,0,1,reviewed,pr,pr
2018-09-07T23:47:41.150Z,52.3917,-169.7326,35,4.1,mb,,170,0.443,0.84,us,us2000has0,2019-12-02T22:38:47.107Z,"84 km SW of Nikolski, Alaska",earthquake,2.5,2,0.052,101,reviewed,us,us
2018-09-07T23:34:26.573Z,56.3954,-148.375,8.6,2.6,ml,,,,0.51,ak,ak018bhu92rl,2021-02-22T17:20:54.750Z,"273 km ESE of Chiniak, Alaska",earthquake,,3,,,reviewed,ak,ak
2018-09-07T23:12:47.770Z,-30.5214,-69.7273,107.26,4.7,mwr,,27,0.628,1.16,us,us2000harp,2018-11-14T17:40:18.040Z,"94 km NNW of Calingasta, Argentina",earthquake,4.7,4.4,0.038,67,reviewed,us,us
2018-09-07T22:38:29.810Z,-6.8219,129.7425,97.09,4.3,mb,,94,1.926,0.61,us,us2000hgnb,2018-11-14T17:40:18.040Z,"Banda Sea",earthquake,6.3,16.6,0.189,8,reviewed,us,us
2018-09-07T22:34:57.350Z,-9.7356,-76.2242,108.94,4.4,mb,,133,2.318,0.95,us,us2000hare,2018-11-14T17:40:18.040Z,"13 km NW of Churubamba, Peru",earthquake,7.2,14.4,0.148,13,reviewed,us,us
2018-09-07T22:34:35.830Z,38.8585,26.4139,10,3.3,ml,,68,2.043,0.85,us,us2000hard,2018-11-14T17:40:18.040Z,"13 km SSE of Plomári, Greece",earthquake,4.1,2,0.076,23,reviewed,us,us
2018-09-07T22:21:04.420Z,41.3373,-100.0684,8.44,2.5,mb_lg,,63,0.023,0.52,us,us2000hb5u,2018-11-09T21:54:47.040Z,"13 km WNW of Callaway, Nebraska",earthquake,3.1,8.4,0.124,17,reviewed,us,us
2018-09-07T22:14:03.630Z,-61.0442,160.5332,10,5,mb,,38,6.618,0.88,us,us2000har6,2025-12-22T17:50:38.810Z,"Balleny Islands region",earthquake,10.7,1.7,0.082,48,reviewed,us,us
2018-09-07T22:09:50.930Z,-58.3742,-25.0832,10,4.6,mb,,75,7.546,1.01,us,us2000hgn7,2018-11-14T17:40:18.040Z,"South Sandwich Islands region",earthquake,12.1,1.9,0.107,26,reviewed,us,us
2018-09-07T21:56:42.580Z,-18.3443,167.8609,10,4.5,mb,,101,2.489,1.07,us,us2000hgn8,2018-11-14T17:40:18.040Z,"82 km SW of Port-Vila, Vanuatu",earthquake,8.9,1.9,0.124,19,reviewed,us,us
2018-09-07T20:54:57.610Z,-45.5959,-77.4739,14.06,4.3,mb,,213,3.109,0.71,us,us2000hap5,2018-11-14T17:40:18.040Z,"Off the coast of Aisen, Chile",earthquake,11.4,7.5,0.177,9,reviewed,us,us
2018-09-07T20:44:09.210Z,2.7499,124.9021,189,5.4,mww,,15,3.151,1.26,us,us2000hanw,2025-12-22T17:50:37.877Z,"139 km N of Laikit, Laikit II (Dimembe), Indonesia",earthquake,5.9,1.8,0.065,23,reviewed,us,us
2018-09-07T20:35:05.340Z,43.4875,17.1967,10,4.1,mb,,24,1.847,0.8,us,us2000hang,2018-11-14T17:40:18.040Z,"0 km SSW of Grabovci, Croatia",earthquake,4.7,2,0.174,11,reviewed,us,us
2018-09-07T20:34:48.983Z,56.1708,-149.184,10,2.8,ml,,,,0.58,ak,ak018bhsgtoi,2021-02-22T17:20:56.574Z,"247 km SE of Chiniak, Alaska",earthquake,,0,,,reviewed,ak,ak
2018-09-07T20:06:42.010Z,-24.0198,-67.1178,243.04,4.1,mb,,70,1.441,1.14,us,us2000han4,2018-11-14T17:40:18.040Z,"84 km WNW of San Antonio de los Cobres, Argentina",earthquake,5.9,11.7,0.185,9,reviewed,us,us
2018-09-07T19:35:50.950Z,37.3784,-98.0295,5,2.6,mb_lg,,138,0.084,0.89,us,us2000ham7,2018-11-09T21:54:05.040Z,"10 km N of Harper, Kansas",earthquake,1.7,1.6,0.295,5,reviewed,us,us
2018-09-07T19:09:58.560Z,-7.1201,155.6814,35,4.7,mb,,97,4.551,0.67,us,us2000hgn5,2018-11-14T17:40:18.040Z,"91 km SSE of Panguna, Papua New Guinea",earthquake,6.2,2,0.174,12,reviewed,us,us
2018-09-07T18:57:56.710Z,-56.2508,-26.9185,75.34,4.4,mb,,81,5.815,0.31,us,us2000hgnc,2018-11-14T17:40:18.040Z,"South Sandwich Islands region",earthquake,10.7,10.7,0.148,14,reviewed,us,us
2018-09-07T18:56:44.170Z,-7.946,129.3449,10,4.2,mb,,140,1.935,0.69,us,us2000hgnf,2018-11-14T17:40:18.040Z,"266 km ENE of Lospalos, Timor Leste",earthquake,4.8,2,0.237,5,reviewed,us,us
2018-09-07T18:47:12.219Z,53.312,-159.4926,16.1,2.7,ml,,,,0.88,aacse,aacse018bhrcnxx,2021-02-22T17:20:25.195Z,"234 km SSE of Sand Point, Alaska",earthquake,,0.7,,,reviewed,aacse,aacse
2018-09-07T17:26:01.760Z,-8.3025,116.7244,5.71,4.1,mb,,77,2.55,1.09,us,us2000hgn3,2018-11-14T17:40:17.040Z,"22 km NNE of Labuan Lombok, Indonesia",earthquake,5.9,6.3,0.158,11,reviewed,us,us
2018-09-07T17:14:38.080Z,-8.3774,116.6363,26.4,5,mb,,48,2.459,0.96,us,us2000hahx,2018-11-14T17:40:17.040Z,"13 km NNW of Labuan Lombok, Indonesia",earthquake,6.2,4.3,0.059,91,reviewed,us,us
2018-09-07T17:07:10.609Z,56.217,-149.8536,10,2.8,ml,,,,0.55,ak,ak018bhqinkk,2021-02-22T17:20:56.990Z,"214 km SE of Chiniak, Alaska",earthquake,,0,,,reviewed,ak,ak
2018-09-07T16:56:32.000Z,56.1543,-149.8246,20.31,3.3,ml,,210,2.19,0.58,us,us2000hah9,2021-02-22T17:20:57.461Z,"220 km SE of Chiniak, Alaska",earthquake,7.6,11.2,0.056,42,reviewed,us,us
2018-09-07T16:51:07.965Z,54.9366,-159.8286,21.5,2.5,ml,,,,0.3,ak,ak018bhq6n9o,2021-02-22T17:20:57.987Z,"61 km SE of Sand Point, Alaska",earthquake,,0.4,,,reviewed,ak,ak
2018-09-07T15:30:47.290Z,37.4713333,-121.821,6.96,2.8,md,98,31,0.02456,0.08,nc,nc73082050,2018-09-10T18:03:34.407Z,"9km ENE of Milpitas, CA",earthquake,0.08,0.18,0.135,113,reviewed,nc,nc
2018-09-07T14:46:53.860Z,-3.0064,146.8342,10,4,mb,,148,1.094,0.96,us,us2000hgmy,2018-11-14T17:40:17.040Z,"118 km SSW of Lorengau, Papua New Guinea",earthquake,7.5,1.9,0.163,10,reviewed,us,us
2018-09-07T14:38:01.494Z,51.5855,176.4812,20.1,2.8,ml,,,,0.67,ak,ak018bhowz91,2019-12-02T22:38:23.541Z,"265 km ESE of Attu Station, Alaska",earthquake,,20.4,,,reviewed,ak,ak
2018-09-07T14:23:45.210Z,19.2471,-67.891,10,2.98,md,8,276,0.8821,0.44,pr,pr2018250014,2018-09-07T20:48:32.756Z,"91 km NE of Punta Cana, Dominican Republic",earthquake,3.08,31.61,0.2,6,reviewed,pr,pr
2018-09-07T13:43:46.670Z,42.7949,141.9855,39.67,4.6,mb,,76,1.166,0.63,us,us2000habc,2018-11-14T17:40:17.040Z,"27 km E of Chitose, Japan",earthquake,4.9,6.6,0.049,122,reviewed,us,us
2018-09-07T13:36:52.080Z,-18.3146,-179.2814,593.27,4.1,mb,,119,2.599,0.93,us,us2000hgn4,2018-11-14T17:40:17.040Z,"150 km E of Levuka, Fiji",earthquake,17,10.3,0.095,30,reviewed,us,us
2018-09-07T13:30:00.460Z,-31.6744,-67.9961,103.8,4.3,mb,,86,0.601,0.97,us,us2000haay,2018-11-14T17:40:17.040Z,"27 km E of Caucete, Argentina",earthquake,8.5,3.2,0.266,4,reviewed,us,us
2018-09-07T13:10:00.530Z,-3.1236,146.3808,10,4.5,mb,,87,1.456,1.11,us,us2000hgmw,2018-11-14T17:40:17.040Z,"155 km SW of Lorengau, Papua New Guinea",earthquake,10.8,1.9,0.156,12,reviewed,us,us
2018-09-07T13:07:15.320Z,-3.2682,146.5701,10,5.4,mww,,50,1.453,1.21,us,us2000haar,2025-12-22T17:50:36.320Z,"157 km SSW of Lorengau, Papua New Guinea",earthquake,5.8,1.7,0.075,17,reviewed,us,us
2018-09-07T13:01:23.350Z,69.5569,-144.2967,14.4,2.8,ml,,,,0.63,ak,ak018bho3nu7,2023-08-16T17:56:24.776Z,"69 km SSW of Kaktovik, Alaska",earthquake,,0.2,,,reviewed,ak,ak
2018-09-07T12:53:18.400Z,-17.8184,-178.1971,597.73,4,mb,,120,3.573,0.91,us,us2000hgmv,2018-11-14T17:40:17.040Z,"264 km E of Levuka, Fiji",earthquake,15.6,9.8,0.063,68,reviewed,us,us
2018-09-07T12:44:59.080Z,52.2183,-174.1295,8.3,2.6,ml,,,,0.51,ak,ak018bhnris4,2019-12-02T22:38:18.521Z,"5 km ENE of Atka, Alaska",earthquake,,0.8,,,reviewed,ak,ak
2018-09-07T12:08:23.128Z,62.4352,-149.2111,49,3,ml,,,,0.77,ak,ak018bhnjq88,2023-08-16T17:56:12.252Z,"45 km NE of Susitna North, Alaska",earthquake,,0.4,,,reviewed,ak,ak
2018-09-07T11:10:32.590Z,-18.0912,-177.5352,585.26,4.2,mb,,103,4.214,1.11,us,us2000hgmu,2018-11-14T17:40:17.040Z,"Fiji region",earthquake,15.6,8,0.09,35,reviewed,us,us
2018-09-07T10:55:29.090Z,69.5338,-144.6253,10.7,2.6,ml,,,,0.57,ak,ak018bhmmy4t,2023-08-16T17:55:56.750Z,"77 km SSW of Kaktovik, Alaska",earthquake,,0.1,,,reviewed,ak,ak
2018-09-07T10:51:21.270Z,33.4806667,-116.7993333,2.08,2.6,ml,113,21,0.0254,0.22,ci,ci38050951,2018-10-23T16:03:08.866Z,"7km NE of Aguanga, CA",earthquake,0.11,0.23,0.134,141,reviewed,ci,ci
2018-09-07T10:50:35.120Z,52.9238,171.0088,35,4,mb,,172,5.334,0.98,us,us2000hgmt,2018-11-09T21:54:57.040Z,"146 km W of Attu Station, Alaska",earthquake,12.4,2,0.072,51,reviewed,us,us
2018-09-07T10:45:38.640Z,33.4828333,-116.8026667,1.94,3.21,ml,133,21,0.02256,0.23,ci,ci38050879,2018-11-09T21:54:37.040Z,"7km NE of Aguanga, CA",earthquake,0.1,0.23,0.136,290,reviewed,ci,ci
2018-09-07T09:58:11.550Z,18.2276,-67.2653,102,2.63,md,18,162,0.1209,0.12,pr,pr2018250006,2018-11-09T21:54:03.040Z,"10 km SW of La Playa, Puerto Rico",earthquake,0.96,0.64,0.32,17,reviewed,pr,pr
2018-09-07T09:25:11.660Z,-58.0484,-24.4832,10,4.7,mb,,99,7.687,0.6,us,us2000hgmx,2018-11-14T17:40:17.040Z,"South Sandwich Islands region",earthquake,12.2,1.9,0.096,33,reviewed,us,us
2018-09-07T09:11:03.029Z,56.0202,-149.6741,11.8,2.8,ml,,,,0.75,ak,ak018bhls10e,2023-08-16T17:55:34.041Z,"238 km SE of Chiniak, Alaska",earthquake,,5,,,reviewed,ak,ak
2018-09-07T08:54:02.140Z,-23.5061,179.6601,538.88,4.4,mb,,131,5.926,0.89,us,us2000hgmn,2018-11-14T17:40:17.040Z,"south of the Fiji Islands",earthquake,13.3,11.4,0.104,27,reviewed,us,us
2018-09-07T08:47:27.050Z,-18.0468,-179.5799,640.83,4.3,mb,,118,2.274,0.59,us,us2000hgml,2018-11-14T17:40:17.040Z,"116 km E of Levuka, Fiji",earthquake,12.3,7.8,0.099,29,reviewed,us,us
2018-09-07T08:37:45.383Z,68.7496,-148.2645,15.9,2.5,ml,,,,0.53,ak,ak018bhlc9ai,2023-08-16T17:55:27.944Z,"131 km WNW of Arctic Village, Alaska",earthquake,,0.1,,,reviewed,ak,ak
2018-09-07T08:23:18.080Z,34.1413,136.6853,370.01,4,mb,,49,1.238,0.65,us,us2000ha6w,2018-11-14T17:40:17.040Z,"37 km S of Ise, Japan",earthquake,8.7,7.2,0.089,34,reviewed,us,us
2018-09-07T07:37:52.540Z,-17.7074,179.7205,603.82,4.4,mb,,86,1.589,0.71,us,us2000ha6c,2018-11-14T17:40:17.040Z,"58 km NE of Levuka, Fiji",earthquake,12.1,6,0.095,32,reviewed,us,us
2018-09-07T07:30:17.130Z,51.9619,-171.3179,50.55,4.3,mb,,176,1.226,1.08,us,us2000ha64,2023-08-16T17:55:13.886Z,"199 km SW of Nikolski, Alaska",earthquake,3.3,7.4,0.059,82,reviewed,us,us
2018-09-07T06:58:55.210Z,40.3866667,-124.9291667,9.97,2.53,md,34,256,0.4603,0.19,nc,nc73081860,2018-09-08T01:34:07.935Z,"55km W of Petrolia, CA",earthquake,0.94,1.45,0.191,28,reviewed,nc,nc
2018-09-07T06:38:41.600Z,28.1691,59.4499,10,4.3,mb,,105,4.33,0.71,us,us2000hgmr,2018-11-14T17:40:17.040Z,"148 km SE of Bam, Iran",earthquake,7.2,1.9,0.133,16,reviewed,us,us
2018-09-07T06:23:57.420Z,18.1945,-68.204,123,2.88,md,5,210,1.1104,0.43,pr,pr2018250005,2018-11-09T21:54:00.040Z,"47 km ESE of Boca de Yuma, Dominican Republic",earthquake,8.25,3.21,0.27,4,reviewed,pr,pr
2018-09-07T06:23:38.660Z,28.3261,59.3199,10,5.6,mww,,49,4.371,0.84,us,us2000ha5b,2022-05-03T19:29:32.178Z,"127 km SE of Bam, Iran",earthquake,5.6,1.8,0.117,7,reviewed,us,us
2018-09-07T06:09:31.470Z,36.5325,70.8128,197.61,4.3,mb,,72,0.621,1.09,us,us2000ha5a,2018-11-14T17:40:17.040Z,"36 km S of Jurm, Afghanistan",earthquake,5.9,8.5,0.126,18,reviewed,us,us
2018-09-07T05:44:53.090Z,43.0372,13.5258,10,2.6,ml,,175,0.142,0.31,us,us2000haag,2018-11-14T17:40:17.040Z,"1 km SSW of Monteleone di Fermo, Italy",earthquake,2,2,,,reviewed,us,rom
2018-09-07T05:42:14.940Z,38.687,71.3899,7.96,4.3,mb,,41,0.858,1.19,us,us2000ha4x,2018-11-14T17:40:17.040Z,"62 km S of Karakenja, Tajikistan",earthquake,4.6,4.6,0.148,13,reviewed,us,us
2018-09-07T05:24:25.540Z,-18.0501,-177.8741,570.26,4.1,mb,,117,3.89,0.55,us,us2000hgmc,2018-11-14T17:40:17.040Z,"297 km E of Levuka, Fiji",earthquake,12,10.7,0.12,19,reviewed,us,us
2018-09-07T05:10:14.160Z,-18.1345,-178.0127,603.21,5.3,mb,,47,3.765,0.97,us,us2000ha4e,2022-05-03T19:29:36.386Z,"282 km E of Levuka, Fiji",earthquake,10.7,7.6,0.045,166,reviewed,us,us
2018-09-07T05:08:54.770Z,-16.7715,-173.6647,95.37,4.5,mb,,104,3.378,1.24,us,us2000hgma,2018-11-14T17:40:17.040Z,"91 km S of Hihifo, Tonga",earthquake,9.5,9.2,0.163,11,reviewed,us,us
2018-09-07T04:52:01.170Z,2.153,127.9536,39.14,4.3,mb,,116,1.492,0.67,us,us2000hgmb,2018-11-14T17:40:17.040Z,"47 km N of Tobelo, Indonesia",earthquake,9.4,6.1,0.161,11,reviewed,us,us
2018-09-07T04:35:20.190Z,12.5423,48.6795,10,4.5,mb,,106,5.794,1.11,us,us2000hgms,2018-11-14T17:40:17.040Z,"149 km NNW of Bosaso, Somalia",earthquake,7.5,2,0.118,21,reviewed,us,us
2018-09-07T04:25:25.480Z,42.7397,141.9312,42.72,4.7,mb,,73,1.161,0.66,us,us2000ha3y,2018-11-14T17:40:17.040Z,"24 km ESE of Chitose, Japan",earthquake,3,7.5,0.031,320,reviewed,us,us
2018-09-07T04:15:43.260Z,18.7406,145.453,172.94,4.4,mb,,124,3.495,0.72,us,us2000hgmp,2018-11-09T21:54:57.040Z,"Pagan region, Northern Mariana Islands",earthquake,13.6,8.7,0.114,22,reviewed,us,us
2018-09-07T03:56:33.851Z,56.4167,-149.2212,10,2.6,ml,,,,0.61,ak,ak018bhih4zd,2021-02-22T17:20:59.129Z,"228 km SE of Chiniak, Alaska",earthquake,,0,,,reviewed,ak,ak
2018-09-07T03:56:05.340Z,-30.1363,-178.0038,35,5,mb,,86,0.89,0.8,us,us2000ha3q,2018-11-14T17:40:17.040Z,"Kermadec Islands, New Zealand",earthquake,8.5,1.9,0.113,25,reviewed,us,us
2018-09-07T03:37:49.716Z,55.5957,-148.9917,17.4,2.6,ml,,,,0.72,aacse,aacse018bhid3ln,2021-02-22T17:20:26.156Z,"Gulf of Alaska",earthquake,,25.3,,,reviewed,aacse,aacse
2018-09-07T03:08:42.940Z,-18.0187,-179.4392,640.32,4.3,mb,,157,2.403,0.5,us,us2000hgm8,2018-11-14T17:40:17.040Z,"131 km E of Levuka, Fiji",earthquake,14.2,10.3,0.099,29,reviewed,us,us
2018-09-07T02:39:17.950Z,-28.8696,-69.9459,93.13,5.8,mww,,23,0.289,0.97,us,us2000ha1k,2022-05-03T19:46:13.396Z,"85 km ESE of Vallenar, Chile",earthquake,5.8,3.4,0.045,48,reviewed,us,us
2018-09-07T02:12:06.280Z,-2.2532,-78.7903,110.5,6.2,mww,,26,1.541,0.95,us,us2000ha13,2022-05-03T20:03:40.275Z,"8 km SE of Alausí, Ecuador",earthquake,6.7,1.8,0.043,51,reviewed,us,us
2018-09-07T02:01:44.010Z,-17.8938,-178.1315,544.98,4.2,mb,,115,3.637,1.03,us,us2000ha10,2018-11-14T17:40:16.040Z,"270 km E of Levuka, Fiji",earthquake,15.1,7.9,0.055,93,reviewed,us,us
2018-09-07T01:51:27.840Z,12.5856,142.4405,130.04,4.9,mb,,42,2.567,0.61,us,us2000ha0u,2018-11-14T17:40:16.040Z,"253 km WSW of Merizo Village, Guam",earthquake,9.2,7.3,0.037,236,reviewed,us,us
2018-09-07T01:47:23.170Z,8.0543,-77.6026,10,5.4,mww,,24,2.47,0.66,us,us2000ha0n,2022-05-03T19:29:30.841Z,"3 km NNW of Boca de Cupé, Panama",earthquake,6.1,1.7,0.103,9,reviewed,us,us
2018-09-07T01:28:29.710Z,-5.2835,152.4719,36.49,4.7,mb,,107,1.127,0.44,us,us2000hgm7,2018-11-14T17:40:16.040Z,"106 km SSE of Kokopo, Papua New Guinea",earthquake,10.1,9.1,0.06,85,reviewed,us,us
2018-09-07T01:25:20.710Z,19.0836,-67.2523,97,2.93,md,4,335,0.923,0.36,pr,pr2018250001,2018-09-07T05:30:44.731Z,"67 km NNW of San Antonio, Puerto Rico",earthquake,9.99,12.64,0.07,4,reviewed,pr,pr
2018-09-07T00:50:25.750Z,-35.1944,-179.9163,46.04,4.6,mb,,210,2.764,0.86,us,us2000hgm6,2018-11-14T17:40:16.040Z,"east of the North Island of New Zealand",earthquake,13.3,12,0.136,16,reviewed,us,us
2018-09-07T00:45:38.910Z,-17.6797,-179.5749,659.87,4.4,mb,,90,2.262,0.65,us,us2000hgm5,2018-11-14T17:40:16.040Z,"125 km ENE of Levuka, Fiji",earthquake,9.2,10.9,0.11,24,reviewed,us,us
2018-09-07T00:20:19.090Z,-30.5768,-179.5537,374.88,4.4,mb,,99,1.936,1.2,us,us2000hgm4,2018-11-14T17:40:16.040Z,"Kermadec Islands region",earthquake,15.7,5.9,0.13,17,reviewed,us,us
2018-09-06T23:55:40.980Z,-17.9326,-179.8154,637.52,4.5,mb,,40,2.039,1,us,us2000h9xr,2018-11-14T17:40:16.040Z,"93 km E of Levuka, Fiji",earthquake,11.1,7.2,0.029,356,reviewed,us,us
2018-09-06T23:53:35.080Z,38.8844,26.3833,10,4.1,mb,,43,2.014,1.07,us,us2000h9xj,2018-11-14T17:40:16.040Z,"10 km S of Plomári, Greece",earthquake,5.2,1.9,0.157,11,reviewed,us,us
2018-09-06T23:48:27.930Z,-17.9096,167.9795,21.56,4.9,mb,,128,4.367,1.16,us,us2000hglj,2018-11-14T17:40:16.040Z,"40 km WSW of Port-Vila, Vanuatu",earthquake,11.3,2.1,0.119,22,reviewed,us,us
2018-09-06T23:40:14.440Z,-18.1943,179.2006,638.91,4.5,mb,,71,1.18,1,us,us2000hglm,2018-11-14T17:40:16.040Z,"18 km SW of Levuka, Fiji",earthquake,12.2,7.2,0.043,156,reviewed,us,us
2018-09-06T23:39:26.920Z,-17.6472,179.6729,594.13,4.3,mb,,70,1.547,0.96,us,us2000h9xd,2018-11-14T17:40:16.040Z,"59 km NE of Levuka, Fiji",earthquake,11.7,8,0.047,125,reviewed,us,us
2018-09-06T23:34:05.530Z,69.5218,-144.7654,9.7,2.9,ml,,,,0.85,ak,ak018bg6pond,2019-12-02T22:37:19.947Z,"81 km SSW of Kaktovik, Alaska",earthquake,,0.4,,,reviewed,ak,ak
2018-09-06T23:32:09.860Z,7.7248,124.6104,378.13,4.3,mb,,134,1.16,0.96,us,us2000hglh,2018-11-14T17:40:16.040Z,"7 km NW of Wao, Philippines",earthquake,11.6,7.7,0.109,24,reviewed,us,us
2018-09-06T22:48:58.320Z,-18.0633,-179.7689,619.87,4.2,mb,,75,2.098,1.28,us,us2000hglg,2018-11-14T17:40:16.040Z,"96 km E of Levuka, Fiji",earthquake,9.8,12.5,0.146,13,reviewed,us,us
2018-09-06T22:48:46.680Z,69.5828,-145.0725,10,2.5,ml,,155,0.479,0.61,us,us2000h9wd,2019-12-02T22:37:15.594Z,"82 km SW of Kaktovik, Alaska",earthquake,5.6,2,0.035,108,reviewed,us,us
2018-09-06T22:38:02.940Z,-23.4805,-179.8786,535.31,4.6,mb,,41,6.001,0.77,us,us2000h9w9,2018-11-14T17:40:16.040Z,"south of the Fiji Islands",earthquake,10.7,5.9,0.034,267,reviewed,us,us
2018-09-06T22:29:18.290Z,-17.7927,179.3313,675.49,4.2,mb,,100,1.219,0.54,us,us2000hgle,2018-11-14T17:40:15.040Z,"30 km N of Levuka, Fiji",earthquake,12.1,9.8,0.094,31,reviewed,us,us
2018-09-06T22:10:06.940Z,42.6323,141.9526,35,4.1,mwr,,66,1.085,0.86,us,us2000h9vt,2018-11-14T17:40:15.040Z,"28 km E of Tomakomai, Japan",earthquake,5.7,1.9,0.098,10,reviewed,us,us
2018-09-06T22:08:58.720Z,19.5096,-65.3728,69,3.05,md,10,334,1.3952,0.33,pr,pr2018249012,2018-11-09T21:53:57.040Z,"129 km NNE of Vieques, Puerto Rico",earthquake,3.36,10.06,0.5,8,reviewed,pr,pr
2018-09-06T21:40:55.204Z,52.0324,-175.629,177.9,2.7,ml,,,,0.32,ak,ak018bg5k7kg,2019-12-02T22:37:11.688Z,"71 km ENE of Adak, Alaska",earthquake,,0.4,,,reviewed,ak,ak
2018-09-06T21:21:50.310Z,55.6264,-148.926,16,2.6,ml,,,,1.14,aacse,aacse018bg5g4l3,2021-02-22T17:20:27.479Z,"Gulf of Alaska",earthquake,,15.7,,,reviewed,aacse,aacse
2018-09-06T21:14:56.140Z,18.945,-63.9136,34,3.28,md,15,236,1.2264,0.24,pr,pr2018249011,2018-11-09T21:53:53.040Z,"Leeward Islands",earthquake,2.33,15.05,0.47,14,reviewed,pr,pr
2018-09-06T21:03:49.810Z,69.5657,-145.2364,9.6,2.8,ml,,,,1.13,us,us2000h9tt,2023-08-16T17:54:10.124Z,"88 km SW of Kaktovik, Alaska",earthquake,4.2,6.5,,,reviewed,ak,ak
2018-09-06T20:03:34.870Z,43.7741,-105.3675,0,3.3,ml,,93,1.022,1.04,us,us2000h9ry,2018-11-09T21:54:35.040Z,"10 km ENE of Wright, Wyoming",mining explosion,5.8,1.8,0.05,80,reviewed,us,us
2018-09-06T19:48:13.560Z,42.5675,141.9876,35,4.4,mb,,70,1.028,1.01,us,us2000h9rz,2018-11-14T17:40:15.040Z,"32 km ESE of Tomakomai, Japan",earthquake,5,2,0.127,18,reviewed,us,us
2018-09-06T19:28:32.550Z,-3.8976,102.4097,81.03,4.2,mb,,197,2.49,0.7,us,us2000hgl0,2018-11-14T17:40:15.040Z,"19 km SE of Bengkulu, Indonesia",earthquake,13.5,9.5,0.199,7,reviewed,us,us
2018-09-06T19:18:36.023Z,69.4761,-144.4379,7.9,2.9,ml,,,,0.64,ak,ak018bg48l4i,2019-12-02T22:37:05.019Z,"79 km SSW of Kaktovik, Alaska",earthquake,,0.5,,,reviewed,ak,ak
2018-09-06T19:00:40.100Z,56.0453,-149.7934,10,2.9,ml,,,,0.61,ak,ak018bg44qju,2021-02-22T17:21:02.753Z,"231 km SE of Chiniak, Alaska",earthquake,,0,,,reviewed,ak,ak
2018-09-06T18:59:39.100Z,43.3415,-127.5282,10,3.1,ml,,286,2.562,0.35,us,us2000h9qt,2018-11-09T21:54:34.040Z,"254 km W of Bandon, Oregon",earthquake,10.8,2,0.048,58,reviewed,us,us
2018-09-06T18:42:06.360Z,-17.9251,-179.4293,614.22,4.1,mb,,94,2.405,1.08,us,us2000hgkx,2018-11-14T17:40:15.040Z,"133 km E of Levuka, Fiji",earthquake,15.7,6.2,0.086,37,reviewed,us,us
2018-09-06T18:22:23.820Z,-19.0661,179.5335,657.4,4.6,mb,,81,1.924,1.1,us,us2000h9q2,2018-11-14T17:40:15.040Z,"112 km SSE of Levuka, Fiji",earthquake,11.4,7.1,0.035,241,reviewed,us,us
2018-09-06T18:13:49.410Z,-18.0149,179.0186,648.63,4.6,mb,,55,0.958,1.1,us,us2000h9ps,2018-11-14T17:40:15.040Z,"32 km W of Levuka, Fiji",earthquake,12.3,5.9,0.031,307,reviewed,us,us
2018-09-06T17:59:14.930Z,-18.0233,-178.0244,528.2,4.6,mb,,60,3.745,0.8,us,us2000h9pm,2018-11-14T17:40:15.040Z,"281 km E of Levuka, Fiji",earthquake,11.3,5.6,0.051,113,reviewed,us,us
2018-09-06T17:54:11.940Z,-18.0113,-179.2847,638.58,4.1,mb,,162,2.549,0.44,us,us2000hgkt,2018-11-14T17:40:15.040Z,"148 km E of Levuka, Fiji",earthquake,15.3,12.9,0.131,16,reviewed,us,us
2018-09-06T17:47:49.100Z,-17.6123,179.8242,626.26,4.3,mb,,141,1.693,0.81,us,us2000hgku,2018-11-14T17:40:15.040Z,"73 km NE of Levuka, Fiji",earthquake,12.5,8.3,0.086,38,reviewed,us,us
2018-09-06T17:31:50.410Z,-16.0238,-178.4043,650.65,4.7,mb,,144,3.799,1.19,us,us2000h9p0,2018-11-14T17:40:15.040Z,"192 km S of Alo, Wallis and Futuna",earthquake,16.6,7,0.083,44,reviewed,us,us
2018-09-06T17:28:28.471Z,69.4628,-144.5717,7.1,2.6,ml,,,,0.79,ak,ak018bg33uhr,2023-08-16T17:53:19.687Z,"83 km SSW of Kaktovik, Alaska",earthquake,,0.3,,,reviewed,ak,ak
2018-09-06T17:23:35.440Z,-18.127,-179.5756,626.36,4.5,mb,,118,2.289,0.96,us,us2000hgkp,2018-11-14T17:40:15.040Z,"117 km E of Levuka, Fiji",earthquake,9.7,10.2,0.089,37,reviewed,us,us
2018-09-06T17:12:31.660Z,-17.9852,-179.9089,632.33,4.4,mb,,68,1.955,0.73,us,us2000h9n7,2018-11-14T17:40:15.040Z,"82 km E of Levuka, Fiji",earthquake,13.2,7.5,0.057,88,reviewed,us,us
2018-09-06T17:03:53.660Z,-17.9297,-179.6282,651.56,4.5,mb,,112,2.216,0.97,us,us2000hgkn,2018-11-14T17:40:15.040Z,"112 km E of Levuka, Fiji",earthquake,16,7.7,0.088,38,reviewed,us,us
2018-09-06T16:52:05.390Z,-13.9458,170.885,653.17,4.5,mb,,193,7.863,0.54,us,us2000hgld,2018-11-14T17:40:15.040Z,"Vanuatu region",earthquake,21.5,22.9,0.15,13,reviewed,us,us
2018-09-06T16:47:50.870Z,-17.8787,-179.9696,642.1,4.7,mb,,90,1.888,0.81,us,us2000hglx,2018-11-14T17:40:15.040Z,"78 km ENE of Levuka, Fiji",earthquake,13.5,10.9,0.08,48,reviewed,us,us
2018-09-06T16:43:18.850Z,-17.7853,-179.6329,619.17,4.8,mb,,86,2.205,0.94,us,us2000h9n4,2018-11-14T17:40:15.040Z,"115 km ENE of Levuka, Fiji",earthquake,8.5,7.5,0.066,70,reviewed,us,us
2018-09-06T16:38:56.560Z,-18.0046,-179.7424,634.4,4.8,mb,,117,2.115,1,us,us2000hgl9,2018-11-14T17:40:15.040Z,"99 km E of Levuka, Fiji",earthquake,13.4,9,0.058,91,reviewed,us,us
2018-09-06T16:35:24.610Z,-18.1222,-179.2629,625.33,4.8,mb,,75,2.582,0.89,us,us2000hgkm,2018-11-14T17:40:15.040Z,"150 km E of Levuka, Fiji",earthquake,10.7,7.6,0.053,111,reviewed,us,us
2018-09-06T16:32:19.990Z,36.7751,135.392,359.9,4.2,mb,,39,1.971,1.08,us,us2000h9j0,2018-11-14T17:40:15.040Z,"92 km NW of Mikuni, Japan",earthquake,5.5,9.7,0.071,55,reviewed,us,us
2018-09-06T16:31:32.040Z,-18.1105,-179.7806,623.81,5.4,mb,,26,2.094,1.18,us,us2000h9j1,2022-05-03T20:01:04.955Z,"95 km E of Levuka, Fiji",earthquake,9.6,5.5,0.024,578,reviewed,us,us
2018-09-06T16:29:44.950Z,-4.0823,138.3467,94.41,4.7,mb,,176,10.223,0.87,us,us2000hglp,2018-11-14T17:40:15.040Z,"Papua, Indonesia",earthquake,13.6,12.1,0.174,12,reviewed,us,us
2018-09-06T16:28:02.830Z,-16.4186,-178.961,479.4,4.4,mb,,169,3.145,0.72,us,us2000hglq,2018-11-14T17:40:15.040Z,"178 km E of Labasa, Fiji",earthquake,23,9.5,0.203,9,reviewed,us,us
2018-09-06T16:23:03.560Z,-17.9182,-179.8137,625.76,5.1,mb,,47,2.039,1.11,us,us2000hgkk,2018-11-14T17:40:15.040Z,"93 km E of Levuka, Fiji",earthquake,9.7,6.5,0.055,105,reviewed,us,us
2018-09-06T16:19:11.930Z,-18.0899,-179.6261,643.19,4.5,mb,,303,2.236,0.48,us,us2000hgl5,2018-11-14T17:40:15.040Z,"111 km E of Levuka, Fiji",earthquake,32.8,27.4,0.14,18,reviewed,us,us
2018-09-06T16:15:09.050Z,-18.2682,179.7821,599.19,4.9,mb,,111,1.726,0.61,us,us2000hgly,2018-11-14T17:40:15.040Z,"54 km ESE of Levuka, Fiji",earthquake,12.7,14.2,0.177,10,reviewed,us,us
2018-09-06T16:10:59.950Z,-17.8555,179.9952,631.62,5.1,mb,,77,1.853,0.9,us,us2000hgkl,2018-11-14T17:40:15.040Z,"75 km ENE of Levuka, Fiji",earthquake,11.1,7.4,0.05,130,reviewed,us,us
2018-09-06T16:10:12.310Z,-18.5074,-179.6512,646.47,5,mb,,80,2.311,0.83,us,us2000hgl7,2018-11-14T17:40:15.040Z,"119 km ESE of Levuka, Fiji",earthquake,11.7,7.1,0.062,88,reviewed,us,us
2018-09-06T16:09:03.960Z,-16.8582,-179.3705,369.68,4.7,mb,,155,2.614,1.25,us,us2000hgm1,2018-11-14T17:40:15.040Z,"142 km ESE of Labasa, Fiji",earthquake,16.5,11.3,0.115,27,reviewed,us,us
2018-09-06T16:08:59.780Z,-17.9328,-179.8566,633.22,5.2,mb,,89,2,0.61,us,us2000hgkj,2018-11-14T17:40:15.040Z,"88 km E of Levuka, Fiji",earthquake,10.6,8.2,0.071,65,reviewed,us,us
2018-09-06T16:08:21.610Z,-17.9933,-179.6692,660.43,5.1,mb,,135,2.183,0.82,us,us2000hglz,2018-11-14T17:40:15.040Z,"107 km E of Levuka, Fiji",earthquake,10.8,7.8,0.075,57,reviewed,us,us
2018-09-06T16:08:07.478Z,63.2613,-151.7237,12.4,2.7,ml,,,,1.2,ak,ak018bg2e2y3,2023-08-16T17:53:17.116Z,"Central Alaska",earthquake,,0.4,,,reviewed,ak,ak
2018-09-06T16:07:34.340Z,-17.1449,-178.8214,630.44,5,mb,,126,3.042,1.33,us,us2000hgm0,2018-11-14T17:40:15.040Z,"208 km ESE of Labasa, Fiji",earthquake,14.5,8.6,0.116,27,reviewed,us,us
2018-09-06T16:02:50.590Z,-18.0651,-179.526,630.29,5.3,mb,,51,2.327,0.94,us,us2000hgki,2018-11-14T17:40:15.040Z,"122 km E of Levuka, Fiji",earthquake,11.7,7.4,0.053,125,reviewed,us,us
2018-09-06T16:01:45.400Z,-13.9331,170.8245,643.62,5.2,mb,,63,7.92,0.72,us,us2000hgl1,2018-11-14T17:40:15.040Z,"Vanuatu region",earthquake,12.7,9.7,0.063,93,reviewed,us,us
2018-09-06T15:58:27.980Z,-18.1864,-179.238,623.83,5.1,mb,,138,2.615,0.53,us,us2000hglt,2018-11-14T17:40:15.040Z,"153 km E of Levuka, Fiji",earthquake,16,9.3,0.119,27,reviewed,us,us
2018-09-06T15:57:24.780Z,-17.6096,-178.9073,658.41,5.4,mb,,153,2.901,1.44,us,us2000hglu,2018-11-14T17:40:15.040Z,"194 km ENE of Levuka, Fiji",earthquake,15.4,11.6,0.142,20,reviewed,us,us
2018-09-06T15:56:41.110Z,-18.2769,179.3142,656.35,5.7,mb,,51,1.311,1.01,us,us2000hgln,2022-05-03T19:31:17.656Z,"23 km S of Levuka, Fiji",earthquake,11.4,7.4,0.062,97,reviewed,us,us
2018-09-06T15:49:18.710Z,-18.4743,179.3502,670.81,7.9,mww,,12,1.431,1.07,us,us2000h9e2,2022-05-03T19:33:29.496Z,"45 km S of Levuka, Fiji",earthquake,9.5,2.8,0.025,157,reviewed,us,us
2018-09-06T15:39:55.960Z,-29.2147,-177.9179,81.9,4.4,mb,,169,0.031,0.75,us,us2000hgkh,2018-11-14T17:40:15.040Z,"Kermadec Islands, New Zealand",earthquake,18.4,4.4,0.203,8,reviewed,us,us
2018-09-06T15:30:20.610Z,39.0388,-96.8323,1.49,2.7,mb_lg,,121,0.184,0.36,us,us2000h9dk,2018-11-09T21:54:33.040Z,"1 km N of Junction City, Kansas",earthquake,2,7.3,0.061,69,reviewed,us,us
2018-09-06T15:20:31.119Z,69.5005,-144.2104,10,3.4,ml,,,,0.73,ak,ak018bg1v9rb,2023-08-16T17:53:04.958Z,"73 km SSW of Kaktovik, Alaska",earthquake,,0.1,,,reviewed,ak,ak
2018-09-06T14:48:56.430Z,-14.9734,-172.9128,10,4.9,mb,,116,1.526,1.23,us,us2000h9d5,2018-11-14T17:40:15.040Z,"144 km NE of Hihifo, Tonga",earthquake,13.6,1.9,0.037,230,reviewed,us,us
2018-09-06T14:43:48.700Z,42.7233,142.0853,35,4.5,mb,,84,1.063,0.89,us,us2000h9cw,2018-11-14T17:40:15.040Z,"37 km ESE of Chitose, Japan",earthquake,7,2,0.054,100,reviewed,us,us
2018-09-06T13:45:45.910Z,52.3132,-169.0298,45.92,3.8,mb,,103,0.735,0.63,us,us2000h9c5,2019-12-02T22:36:45.283Z,"70 km S of Nikolski, Alaska",earthquake,10,11.2,0.073,49,reviewed,us,us
2018-09-06T13:21:41.260Z,-31.7585,-72.2401,11.37,4.6,mwr,,143,1.131,0.74,us,us2000h9bp,2018-11-14T17:40:15.040Z,"102 km W of Illapel, Chile",earthquake,3.7,4.3,0.033,87,reviewed,us,us
2018-09-06T12:06:56.130Z,-17.9646,-177.8374,548.51,4.8,mb,,73,3.92,0.86,us,us2000h9b3,2018-11-14T17:40:15.040Z,"Fiji region",earthquake,11,8.1,0.074,56,reviewed,us,us
2018-09-06T11:31:22.410Z,-25.8718,-177.2556,189.17,4.2,mb,,134,3.412,0.24,us,us2000hgkd,2018-11-14T17:40:15.040Z,"south of the Fiji Islands",earthquake,8.2,9.9,0.136,15,reviewed,us,us
2018-09-06T11:06:05.330Z,19.3391,-67.054,47,3.01,md,4,316,0.8735,0.17,pr,pr2018249008,2018-09-06T17:49:22.348Z,"92 km N of Isabela, Puerto Rico",earthquake,2.18,6.62,0.07,3,reviewed,pr,pr
2018-09-06T11:02:46.350Z,-12.6102,167.2501,198.11,4.4,mb,,176,7.83,0.64,us,us2000hgkc,2018-11-14T17:40:15.040Z,"143 km NNW of Sola, Vanuatu",earthquake,8.2,9.3,0.088,37,reviewed,us,us
2018-09-06T10:50:05.710Z,33.4845,-116.8006667,2.14,2.6,ml,82,35,0.02142,0.21,ci,ci38049511,2018-10-23T16:34:53.330Z,"8km NE of Aguanga, CA",earthquake,0.17,0.33,0.164,26,reviewed,ci,ci
2018-09-06T10:39:32.770Z,56.1139,-149.7275,10,2.5,ml,,,,0.81,ak,ak018bfz06gt,2023-08-16T17:52:20.855Z,"228 km SE of Chiniak, Alaska",earthquake,,0,,,reviewed,ak,ak
2018-09-06T10:14:33.500Z,33.4826667,-116.8013333,1.83,2.88,ml,123,15,0.023,0.21,ci,ci38049335,2018-10-23T16:06:11.853Z,"7km NE of Aguanga, CA",earthquake,0.12,0.28,0.15,27,reviewed,ci,ci
2018-09-06T10:01:47.980Z,-59.6317,-26.1147,35,4.9,mb,,50,7.797,0.99,us,us2000h987,2018-11-14T17:40:15.040Z,"South Sandwich Islands region",earthquake,11.5,1.9,0.099,66,reviewed,us,us
2018-09-06T09:59:17.980Z,33.483,-116.8005,1.45,2.91,ml,135,16,0.02288,0.23,ci,ci38049239,2018-10-23T16:34:17.186Z,"8km NE of Aguanga, CA",earthquake,0.11,0.22,0.134,263,reviewed,ci,ci
2018-09-06T09:58:08.949Z,55.8191,-150.0899,11.8,2.7,ml,,,,0.81,ak,ak018bfyirmm,2023-08-16T17:52:18.109Z,"240 km SSE of Chiniak, Alaska",earthquake,,5.3,,,reviewed,ak,ak
2018-09-06T09:52:08.090Z,-0.1024,122.0878,267.7,4.3,mb,,144,1.156,0.58,us,us2000hgkb,2018-11-14T17:40:15.040Z,"121 km NW of Luwuk, Indonesia",earthquake,9,8.3,0.138,15,reviewed,us,us
2018-09-06T09:27:23.756Z,56.3523,-150.1289,10,2.5,ml,,,,1.37,ak,ak018bfyc5kn,2021-02-22T17:21:01.382Z,"191 km SE of Chiniak, Alaska",earthquake,,0,,,reviewed,ak,ak
2018-09-06T09:05:22.030Z,17.8401,-68.5356,130,3.11,md,6,336,1.1884,0.3,pr,pr2018249007,2018-11-09T21:53:56.040Z,"60 km S of Boca de Yuma, Dominican Republic",earthquake,4.64,4.03,0.33,6,reviewed,pr,pr
2018-09-06T08:57:42.800Z,-22.1344,170.3758,10,4.5,mb,,143,2.752,1.12,us,us2000hgkf,2018-11-14T17:40:14.040Z,"266 km ESE of Tadine, New Caledonia",earthquake,13.6,2,0.163,11,reviewed,us,us
2018-09-06T08:30:04.470Z,17.7263,-63.9293,45,2.55,md,6,178,0.6948,0.37,pr,pr2018249006,2022-08-08T07:52:42.080Z,"73 km W of The Bottom, Bonaire, Saint Eustatius and Saba ",earthquake,3.96,7.71,0.29,3,reviewed,pr,pr
2018-09-06T08:17:56.600Z,35.9593,-97.2271,5.432,2.7,ml,,20,,0.25,us,us2000h974,2018-11-09T21:54:32.040Z,"0 km ENE of Coyle, Oklahoma",earthquake,1.5,1.5,,,reviewed,ok,ok
2018-09-06T07:53:25.720Z,42.6451,142.0563,43.53,4.4,mb,,75,1.031,0.86,us,us2000h96y,2018-11-14T17:40:14.040Z,"37 km E of Tomakomai, Japan",earthquake,5.1,7.7,0.084,41,reviewed,us,us
2018-09-06T07:24:16.470Z,56.465,-148.625,11.1,2.5,ml,,,,0.51,ak,ak018bfx4mnj,2021-02-22T17:21:05.121Z,"256 km ESE of Chiniak, Alaska",earthquake,,4,,,reviewed,ak,ak
2018-09-06T07:23:24.900Z,64.3057,-173.461,29.1,2.8,ml,,,,0.92,ak,ak018bfx4fl6,2019-12-02T22:37:25.756Z,"17 km SW of Provideniya, Russia",earthquake,,18.6,,,reviewed,ak,ak
2018-09-06T07:22:58.712Z,56.2333,-148.3954,11.8,2.5,ml,,,,0.73,aacse,aacse018bfx4ahb,2021-02-22T17:20:28.813Z,"281 km SE of Chiniak, Alaska",earthquake,,4.9,,,reviewed,aacse,aacse
2018-09-06T06:43:09.070Z,-8.3429,116.9679,10,5,mb,,62,2.788,0.58,us,us2000h965,2018-11-14T17:40:14.040Z,"37 km ENE of Labuan Lombok, Indonesia",earthquake,6.1,1.8,0.085,44,reviewed,us,us
2018-09-06T06:40:54.300Z,36.441,-96.9714,4.468,2.8,ml,,39,,0.14,us,us2000h961,2018-11-09T21:54:31.040Z,"16 km NNE of Morrison, Oklahoma",earthquake,1.1,2.4,,,reviewed,ok,ok
2018-09-06T05:41:06.030Z,19.2913,-64.1933,88,3.07,md,12,345,2.0153,0.43,pr,pr2018249002,2018-11-09T21:53:56.040Z,"123 km NNE of Cruz Bay, U.S. Virgin Islands",earthquake,9.27,23.41,0.22,6,reviewed,pr,pr
2018-09-06T05:39:46.150Z,42.8355,141.9989,35,4.3,mb,,82,1.186,0.39,us,us2000hgk9,2018-11-14T17:40:14.040Z,"28 km E of Chitose, Japan",earthquake,4.9,1.7,0.177,9,reviewed,us,us
2018-09-06T05:23:48.970Z,-18.0395,-178.4548,551.06,4.2,mb,,184,3.338,0.59,us,us2000hgk3,2018-11-14T17:40:14.040Z,"235 km E of Levuka, Fiji",earthquake,11.7,19.4,0.128,17,reviewed,us,us
2018-09-06T05:13:38.840Z,-17.9849,-178.5242,528.03,5.5,mww,,30,3.268,1.14,us,us2000h94x,2022-05-03T19:33:24.369Z,"228 km E of Levuka, Fiji",earthquake,9.9,4.8,0.069,20,reviewed,us,us
2018-09-06T05:08:04.560Z,10.6568,-62.882,113.23,4.2,mb,,82,4.084,0.69,us,us2000hgk1,2018-11-14T17:40:14.040Z,"near the coast of Venezuela",earthquake,7.3,10.8,0.167,10,reviewed,us,us
2018-09-06T05:07:19.130Z,12.9106,-90.2493,10,4.3,mb,,180,1.255,1.09,us,us2000h94l,2018-11-14T17:40:14.040Z,"88 km SSW of Acajutla, El Salvador",earthquake,7.7,2,0.056,90,reviewed,us,us
2018-09-06T05:03:59.070Z,42.5891,141.9937,35,4.4,mb,,72,1.036,0.78,us,us2000h94q,2018-11-14T17:40:14.040Z,"32 km E of Tomakomai, Japan",earthquake,4.1,2,0.078,47,reviewed,us,us
2018-09-06T04:58:32.800Z,18.9866,-65,57,2.8,md,13,333,1.1974,0.47,pr,pr2018249004,2018-11-09T21:54:02.040Z,"71 km N of Charlotte Amalie, U.S. Virgin Islands",earthquake,6.38,16.309,0.14,8,reviewed,pr,pr
2018-09-06T04:52:49.400Z,56.1872,-149.295,10.3,2.5,ml,,,,0.82,ak,ak018bfviefg,2023-08-16T17:51:16.957Z,"241 km SE of Chiniak, Alaska",earthquake,,6.7,,,reviewed,ak,ak
2018-09-06T04:50:02.000Z,-56.0535,-27.656,100.11,4.4,mb,,126,5.364,0.65,us,us2000hgk0,2018-11-14T17:40:14.040Z,"South Sandwich Islands region",earthquake,5.6,7.1,0.144,14,reviewed,us,us
2018-09-06T04:48:20.283Z,69.4999,-144.31,9.9,3.1,ml,,,,0.75,ak,ak018bfvhhbg,2023-08-16T17:51:14.417Z,"75 km SSW of Kaktovik, Alaska",earthquake,,0.3,,,reviewed,ak,ak
2018-09-06T04:34:29.740Z,2.6809,128.2422,139.41,4.4,mb,,120,2.088,0.77,us,us2000hgjz,2018-11-14T17:40:14.040Z,"108 km NNE of Tobelo, Indonesia",earthquake,7.9,9.3,0.138,17,reviewed,us,us
2018-09-06T04:05:11.212Z,69.6233,-145.3775,17.3,4,mw,,,,1.22,ak,ak018bfv88tt,2023-08-16T17:51:09.754Z,"88 km SW of Kaktovik, Alaska",earthquake,,0.1,,,reviewed,ak,ak
2018-09-06T04:00:44.840Z,19.3245,-155.1888333,4.61,2.52,ml,34,95,0.05474,0.11,hv,hv70579247,2018-11-09T21:54:30.040Z,"13 km SSE of Volcano, Hawaii",earthquake,0.33,1.51,0.137,39,reviewed,hv,hv
2018-09-06T03:29:43.970Z,11.0321,144.5413,10,4.7,mb,,127,2.561,0.56,us,us2000h93r,2018-11-14T17:40:14.040Z,"247 km S of Merizo Village, Guam",earthquake,11.6,1.9,0.056,97,reviewed,us,us
2018-09-06T02:35:59.830Z,2.0116,-101.6524,10,4.4,mb,,223,18.809,0.64,us,us2000hgk8,2018-11-14T17:40:14.040Z,"Galapagos Triple Junction region",earthquake,14.9,2,0.1,29,reviewed,us,us
2018-09-06T02:22:15.410Z,-31.7956,-178.7924,80,4.7,mb,,125,2.649,0.34,us,us2000hgjw,2018-11-14T17:40:14.040Z,"Kermadec Islands region",earthquake,8.6,9.3,0.133,18,reviewed,us,us
2018-09-06T01:29:34.408Z,51.5234,178.7247,47.6,2.5,ml,,,,0.33,ak,ak018bftl4zk,2019-12-02T22:36:11.676Z,"Rat Islands, Aleutian Islands, Alaska",earthquake,,0.5,,,reviewed,ak,ak
2018-09-06T01:26:13.498Z,53.5907,-165.7733,56,3,ml,,,,0.51,ak,ak018bftkg85,2019-12-02T22:36:11.218Z,"59 km ESE of Unalaska, Alaska",earthquake,,1.4,,,reviewed,ak,ak
2018-09-06T00:45:53.150Z,-6.3927,143.411,10,4.6,mb,,102,4.769,0.56,us,us2000h92c,2018-11-14T17:40:14.040Z,"38 km SW of Mendi, Papua New Guinea",earthquake,11.6,1.9,0.141,15,reviewed,us,us
2018-09-06T00:16:56.550Z,42.7093,141.9861,41.16,4.4,mb,,91,1.111,0.39,us,us2000hgju,2018-11-14T17:40:14.040Z,"29 km ESE of Chitose, Japan",earthquake,4.8,10.3,0.179,9,reviewed,us,us
2018-09-06T00:13:50.110Z,0.821,96.8947,10,5.4,mb,,42,0.832,0.6,us,us2000h922,2022-05-03T19:29:19.312Z,"190 km SSW of Singkil, Indonesia",earthquake,6,1.8,0.045,169,reviewed,us,us
2018-09-06T00:13:27.372Z,69.1668,-146.5258,13.5,2.8,ml,,,,0.65,ak,ak018bfsw9dt,2023-08-16T17:50:35.538Z,"122 km NNW of Arctic Village, Alaska",earthquake,,0.2,,,reviewed,ak,ak
2018-09-05T23:42:30.860Z,42.5672,141.9882,35,4.4,mb,,106,1.028,0.61,us,us2000hgjp,2018-11-14T17:40:14.040Z,"32 km ESE of Tomakomai, Japan",earthquake,3.8,2,0.19,8,reviewed,us,us
2018-09-05T23:20:23.020Z,37.1053,-32.41,10,4.7,mb,,100,5.519,0.49,us,us2000h91h,2018-11-14T17:40:14.040Z,"274 km SSW of Lajes das Flores, Portugal",earthquake,11.7,1.9,0.063,77,reviewed,us,us
2018-09-05T23:19:12.973Z,57.6796,-156.5104,132.2,3.1,ml,,,,0.51,ak,ak018bej34zl,2023-08-16T17:50:27.823Z,"56 km ENE of Ugashik, Alaska",earthquake,,0.2,,,reviewed,ak,ak
2018-09-05T23:10:26.090Z,-18.379,-178.2289,561.48,4.3,mb,,70,3.593,0.67,us,us2000h919,2018-11-14T17:40:14.040Z,"261 km E of Levuka, Fiji",earthquake,14,7.6,0.102,27,reviewed,us,us
2018-09-05T22:45:52.020Z,42.8126,141.934,43.51,4.3,mb,,91,1.206,0.48,us,us2000hgjj,2018-11-14T17:40:14.040Z,"23 km E of Chitose, Japan",earthquake,3,9.6,0.153,12,reviewed,us,us
2018-09-05T22:08:19.940Z,42.6739,141.9468,35,4.3,mb,,92,1.113,1.1,us,us2000hgj5,2018-11-14T17:40:14.040Z,"28 km E of Tomakomai, Japan",earthquake,4.8,2,0.178,9,reviewed,us,us
2018-09-05T21:57:33.370Z,42.6596,141.9745,44.29,4.3,mb,,92,1.088,0.45,us,us2000hgj6,2018-11-14T17:40:14.040Z,"30 km E of Tomakomai, Japan",earthquake,5.7,9.6,0.217,6,reviewed,us,us
2018-09-05T21:53:23.120Z,42.6312,141.9989,40.12,4.4,mb,,88,1.056,0.46,us,us2000hgjf,2018-11-14T17:40:14.040Z,"32 km E of Tomakomai, Japan",earthquake,4.8,8.5,0.117,21,reviewed,us,us
2018-09-05T21:35:25.475Z,51.5854,-178.0491,5.6,3.8,ml,,,,0.48,ak,ak018behzq77,2019-12-02T22:36:05.903Z,"102 km WSW of Adak, Alaska",earthquake,,0.4,,,reviewed,ak,ak
2018-09-05T21:32:32.730Z,42.7449,142.0828,41.48,4.5,mb,,98,1.079,0.55,us,us2000hgje,2018-11-14T17:40:14.040Z,"36 km ESE of Chitose, Japan",earthquake,5,9.6,0.172,10,reviewed,us,us
2018-09-05T21:32:11.790Z,42.5968,141.9206,35,4.3,mb,,97,1.086,0.54,us,us2000hgjl,2018-11-14T17:40:14.040Z,"26 km E of Tomakomai, Japan",earthquake,4.6,1.9,0.177,9,reviewed,us,us
2018-09-05T21:11:28.920Z,42.6827,142.0003,29.28,5.3,mww,,40,1.086,0.77,us,us2000h8ze,2022-05-03T20:04:19.337Z,"32 km ESE of Chitose, Japan",earthquake,4.5,3.1,0.089,12,reviewed,us,us
2018-09-05T21:06:39.800Z,42.6593,142.0023,35,4.3,mb,,86,1.071,1.38,us,us2000hgjq,2018-11-14T17:40:14.040Z,"32 km E of Tomakomai, Japan",earthquake,5,2,0.188,8,reviewed,us,us
2018-09-05T21:04:32.830Z,42.681,142.0247,43.7,4.7,mb,,73,1.071,0.45,us,us2000h8z8,2018-11-14T17:40:14.040Z,"34 km ESE of Chitose, Japan",earthquake,4.8,6.6,0.064,73,reviewed,us,us
2018-09-05T20:21:14.560Z,-20.6721,-178.5331,547.74,4.7,mb,,128,4.345,0.32,us,us2000hgjb,2018-11-14T17:40:14.040Z,"Fiji region",earthquake,19,11.2,0.091,37,reviewed,us,us
2018-09-05T20:20:47.710Z,42.553,141.9809,35,4.3,mb,,79,1.025,0.78,us,us2000h8yf,2018-11-14T17:40:14.040Z,"32 km ESE of Tomakomai, Japan",earthquake,4.4,2,0.097,30,reviewed,us,us
2018-09-05T20:16:41.390Z,-34.4405,-70.5143,113.14,5.1,mwr,,45,0.414,0.63,us,us2000h8y2,2018-11-14T17:40:14.040Z,"31 km SSE of Machalí, Chile",earthquake,5.2,4.4,,,reviewed,us,guc
2018-09-05T20:16:23.480Z,43.887,-105.2716,0,3.3,ml,,88,0.922,0.97,us,us2000h8y1,2018-11-09T21:54:29.040Z,"23 km NE of Wright, Wyoming",mining explosion,3.6,1.7,0.05,76,reviewed,us,us
2018-09-05T20:08:26.786Z,55.9944,-149.78,4.7,2.9,ml,,,,0.65,ak,ak018beh8id2,2021-02-22T17:21:08.557Z,"236 km SE of Chiniak, Alaska",earthquake,,1.7,,,reviewed,ak,ak
2018-09-05T20:00:29.990Z,43.5872,-105.172,0,3.4,ml,,81,0.98,0.96,us,us2000hgji,2018-11-09T21:54:56.040Z,"31 km SE of Wright, Wyoming",mining explosion,4.9,1.2,0.05,72,reviewed,us,us
2018-09-05T19:56:39.490Z,-8.2805,116.9885,10,4.3,mb,,76,2.812,0.98,us,us2000hgjg,2018-11-14T17:40:14.040Z,"42 km NE of Labuan Lombok, Indonesia",earthquake,5.5,1.9,0.143,14,reviewed,us,us
2018-09-05T19:54:52.311Z,69.4918,-144.4256,10,2.5,ml,,,,0.69,ak,ak018begwznz,2023-08-16T17:49:53.923Z,"77 km SSW of Kaktovik, Alaska",earthquake,,0.1,,,reviewed,ak,ak
2018-09-05T19:10:47.840Z,42.7136,141.9663,34.47,4.8,mb,,63,1.125,0.86,us,us2000h8wb,2018-11-14T17:40:14.040Z,"28 km ESE of Chitose, Japan",earthquake,5.5,5.5,0.036,237,reviewed,us,us
2018-09-05T18:56:26.050Z,42.679,141.9049,35,4.3,mb,,106,1.141,0.55,us,us2000hgj1,2018-11-14T17:40:14.040Z,"25 km E of Tomakomai, Japan",earthquake,4.3,2,0.238,5,reviewed,us,us
2018-09-05T18:49:49.675Z,69.4557,-144.1771,6.3,2.5,ml,,,,0.64,ak,ak018begah9z,2023-08-16T17:49:38.196Z,"78 km SSW of Kaktovik, Alaska",earthquake,,0.1,,,reviewed,ak,ak
2018-09-05T18:32:51.670Z,42.7504,142.1164,35,4.6,mb,,70,1.065,0.73,us,us2000hgjc,2018-11-14T17:40:14.040Z,"38 km ESE of Chitose, Japan",earthquake,5.5,1.9,0.069,62,reviewed,us,us
2018-09-05T18:25:35.400Z,42.6446,141.9026,35,4.4,mb,,98,1.123,0.96,us,us2000hgj0,2018-11-14T17:40:14.040Z,"24 km E of Tomakomai, Japan",earthquake,6.7,2,0.126,18,reviewed,us,us
2018-09-05T18:23:48.820Z,42.7676,141.9347,33.03,4.9,mb,,71,1.177,0.88,us,us2000hgjd,2018-11-14T17:40:14.040Z,"23 km ESE of Chitose, Japan",earthquake,7.1,5.4,0.049,135,reviewed,us,us
2018-09-05T18:20:23.991Z,69.457,-144.1448,10.1,3.5,ml,,,,0.62,ak,ak018beg47j3,2019-12-02T22:36:03.945Z,"77 km SSW of Kaktovik, Alaska",earthquake,,0,,,reviewed,ak,ak
2018-09-05T18:20:11.460Z,42.59,142.0468,35,5.2,mb,,42,1.004,1.16,us,us2000h8uh,2018-11-14T17:40:14.040Z,"36 km E of Tomakomai, Japan",earthquake,6.5,1.9,0.037,237,reviewed,us,us
2018-09-05T18:17:10.470Z,42.6389,142.001,35,5.3,mb,,59,1.06,0.94,us,us2000hgj3,2018-11-14T17:40:14.040Z,"32 km E of Tomakomai, Japan",earthquake,7,1.9,0.051,129,reviewed,us,us
2018-09-05T18:08:32.223Z,52.7455,-169.4785,12.3,2.6,ml,,,,0.54,ak,ak018beg1nkm,2019-12-02T22:36:03.538Z,"46 km WSW of Nikolski, Alaska",earthquake,,1.4,,,reviewed,ak,ak
2018-09-05T18:07:59.150Z,42.6861,141.9294,35,6.6,mww,,32,1.13,0.74,us,us2000h8ty,2025-04-09T04:09:29.051Z,"27 km ESE of Chitose, Japan",earthquake,6.5,1.9,0.062,25,reviewed,us,us
2018-09-05T17:56:32.530Z,-60.0974,-26.7156,18.85,4.9,mb,,122,15.002,0.65,us,us2000hgiz,2018-11-14T17:40:14.040Z,"South Sandwich Islands region",earthquake,14.3,5.9,0.091,38,reviewed,us,us
2018-09-05T17:12:30.260Z,58.7327,158.7709,10,4.6,mb,,93,4.205,0.53,us,us2000h8t2,2018-11-14T17:40:14.040Z,"78 km WSW of Palana, Russia",earthquake,9,1.9,0.034,256,reviewed,us,us
2018-09-05T16:05:46.550Z,-24.0947,-174.8928,10,5.5,mb,,38,5.803,0.95,us,us2000h8ry,2025-12-22T18:04:34.536Z,"south of Tonga",earthquake,9.3,1.8,0.028,455,reviewed,us,us
2018-09-05T15:30:53.470Z,19.3526667,-155.084,6.95,3.3,ml,57,155,0.03535,0.1,hv,hv70578777,2022-08-08T07:51:52.280Z,"13 km SSE of Fern Forest, Hawaii",earthquake,0.38,0.27,0.137,54,reviewed,hv,hv
2018-09-05T15:25:05.020Z,-33.6142,-179.9875,94.98,4.3,mb,,184,4.177,0.46,us,us2000hgiw,2018-11-14T17:40:14.040Z,"south of the Kermadec Islands",earthquake,13.1,8.4,0.143,15,reviewed,us,us
2018-09-05T14:49:48.070Z,-33.2785,-179.2315,10,4.6,mb,,113,4.172,1.2,us,us2000hgis,2018-11-14T17:40:13.040Z,"south of the Kermadec Islands",earthquake,10.8,1.9,0.141,15,reviewed,us,us
2018-09-05T14:41:27.710Z,-21.769,-68.5651,125.36,4.3,mb,,38,0.629,1.43,us,us2000h8p6,2018-11-14T17:40:13.040Z,"84 km NNE of Calama, Chile",earthquake,7.4,8.3,0.168,10,reviewed,us,us
2018-09-05T13:35:08.470Z,18.2495,-68.5801,131,3.37,md,6,295,0.3307,0.54,pr,pr2018248003,2018-11-09T21:53:52.040Z,"14 km SSE of Boca de Yuma, Dominican Republic",earthquake,10.52,3.38,0.04,3,reviewed,pr,pr
2018-09-05T12:02:18.830Z,-29.935,-177.5229,57.39,4.3,mb,,207,0.773,0.17,us,us2000hgiq,2018-11-14T17:40:13.040Z,"Kermadec Islands, New Zealand",earthquake,12.5,18.3,0.147,13,reviewed,us,us
2018-09-05T12:02:17.470Z,42.1429,-125.7132,10,2.8,ml,,250,1.009,0.7,us,us2000h8nh,2018-11-09T21:53:58.040Z,"109 km W of Pistol River, Oregon",earthquake,4.4,2,0.045,64,reviewed,us,us
2018-09-05T11:45:28.467Z,69.4837,-144.2492,18.7,3.1,ml,,,,0.7,ak,ak018bec3jji,2023-08-16T17:48:18.471Z,"76 km SSW of Kaktovik, Alaska",earthquake,,0.1,,,reviewed,ak,ak
2018-09-05T11:00:55.350Z,-18.4367,169.7188,223.84,4,mb,,267,3.298,0.43,us,us2000hgix,2018-11-14T17:40:13.040Z,"130 km NNE of Isangel, Vanuatu",earthquake,15,10.5,0.129,16,reviewed,us,us
2018-09-05T10:32:02.642Z,69.4948,-144.3238,7.4,3.4,ml,,,,0.74,ak,ak018bebf9mw,2023-08-16T17:48:12.319Z,"76 km SSW of Kaktovik, Alaska",earthquake,,0,,,reviewed,ak,ak
2018-09-05T09:54:02.670Z,-29.1143,74.1846,10,4.5,mb,,78,42.604,0.42,us,us2000hgih,2018-11-14T17:40:13.040Z,"Mid-Indian Ridge",earthquake,13,1.9,0.156,12,reviewed,us,us
2018-09-05T08:47:35.270Z,0.9433,118.7014,10,4.3,mb,,143,2.086,0.62,us,us2000hgif,2018-11-14T17:40:13.040Z,"162 km ENE of Bontang, Indonesia",earthquake,6.3,1.7,0.142,14,reviewed,us,us
2018-09-05T08:17:54.230Z,-18.0275,-177.9342,564.77,4.8,mb,,98,3.831,1.03,us,us2000h8lp,2018-11-14T17:40:13.040Z,"Fiji region",earthquake,13.3,6.9,0.113,24,reviewed,us,us
2018-09-05T08:01:41.247Z,69.5309,-144.2411,10.5,2.9,ml,,,,0.68,ak,ak018bea1u7g,2023-08-16T17:47:45.064Z,"71 km SSW of Kaktovik, Alaska",earthquake,,0.1,,,reviewed,ak,ak
2018-09-05T07:27:16.630Z,54.6923,58.0189,10,4.2,mb,,65,1.768,1.36,us,us2000h8l7,2018-11-14T17:40:13.040Z,"13 km WSW of Katav-Ivanovsk, Russia",earthquake,4.9,2,0.1,28,reviewed,us,us
2018-09-05T05:24:42.920Z,-4.5792,143.9922,111.53,4.1,mb,,224,5.732,0.48,us,us2000hgi9,2018-11-14T17:40:13.040Z,"57 km S of Angoram, Papua New Guinea",earthquake,14.1,21.6,0.14,14,reviewed,us,us
2018-09-05T05:10:25.040Z,-58.2493,-24.9508,35,4.9,mb,,52,7.55,0.8,us,us2000hgjn,2025-12-22T17:53:55.183Z,"South Sandwich Islands region",earthquake,10.7,1.9,0.15,54,reviewed,us,us
2018-09-05T05:09:42.550Z,-58.3693,-24.8898,35,5.3,mb,,51,7.634,0.97,us,us2000h8ju,2018-11-14T17:40:13.040Z,"South Sandwich Islands region",earthquake,11.9,1.9,0.065,79,reviewed,us,us
2018-09-05T05:05:52.610Z,19.4968,-64.641,54,3.5,md,10,340,1.8149,0.33,pr,pr2018248002,2018-11-09T21:53:51.040Z,"130 km N of Cruz Bay, U.S. Virgin Islands",earthquake,5.43,23.45,0.08,5,reviewed,pr,pr
2018-09-05T05:00:04.390Z,-38.9266,-73.5718,30.88,4.4,mb,,200,0.192,1.37,us,us2000h8js,2018-11-14T17:40:13.040Z,"42 km WSW of Carahue, Chile",earthquake,8,9.5,0.379,2,reviewed,us,us
2018-09-05T04:26:54.180Z,19.5063,-65.2648,33,3.28,md,14,320,1.4505,0.38,pr,pr2018248001,2018-11-09T21:53:53.040Z,"133 km N of Culebra, Puerto Rico",earthquake,2.4,24.9,0.4,11,reviewed,pr,pr
2018-09-05T04:23:32.743Z,69.4788,-144.2879,2.8,2.9,ml,,,,0.71,ak,ak018be7ssvu,2023-08-16T17:47:08.218Z,"77 km SSW of Kaktovik, Alaska",earthquake,,0,,,reviewed,ak,ak
2018-09-05T04:03:50.324Z,69.5177,-144.3273,10.6,4.1,mw,,,,0.76,ak,ak018be7ojx4,2023-08-16T17:47:01.991Z,"73 km SSW of Kaktovik, Alaska",earthquake,,0,,,reviewed,ak,ak
2018-09-05T03:56:55.190Z,-58.3511,-25.049,37.49,4.4,mb,,127,16.16,0.97,us,us2000hgig,2018-11-14T17:40:13.040Z,"South Sandwich Islands region",earthquake,9.1,8.8,0.112,23,reviewed,us,us
2018-09-05T03:33:14.930Z,-58.27,-25.0898,20.69,5.4,mww,,50,7.494,0.54,us,us2000h8j4,2025-12-22T18:04:33.370Z,"South Sandwich Islands region",earthquake,6.4,3.3,0.057,30,reviewed,us,us
2018-09-05T02:49:38.750Z,19.6946,-68.0463,34,3.38,md,13,290,1.2273,0.44,pr,pr2018248000,2018-11-09T21:53:52.040Z,"128 km NNE of Punta Cana, Dominican Republic",earthquake,3.51,31.28,0.21,8,reviewed,pr,pr
2018-09-05T02:47:50.900Z,-18.229,-178.1689,524.72,4.1,mb,,83,3.627,1.05,us,us2000hgi7,2018-11-14T17:40:13.040Z,"266 km E of Levuka, Fiji",earthquake,13.5,5.5,0.111,22,reviewed,us,us
2018-09-05T02:40:29.055Z,51.7827,-175.6215,33.2,2.9,ml,,,,0.42,ak,ak018be6pkk9,2019-12-02T22:35:55.917Z,"70 km E of Adak, Alaska",earthquake,,0.7,,,reviewed,ak,ak
2018-09-05T02:25:56.620Z,18.2882,120.8284,37.35,4.3,mb,,153,4.512,0.69,us,us2000hgi6,2018-11-14T17:40:13.040Z,"17 km NE of Piddig, Philippines",earthquake,14.7,3.4,0.137,15,reviewed,us,us
2018-09-05T01:26:49.420Z,43.3596,146.2066,59.49,4.6,mb,,126,2.619,0.74,us,us2000h8hq,2018-11-14T17:40:13.040Z,"51 km E of Nemuro, Japan",earthquake,8.6,6.3,0.038,209,reviewed,us,us
2018-09-05T01:13:56.170Z,-58.2428,-24.7712,10,4.6,mb,,128,16.195,0.65,us,us2000hgib,2018-11-14T17:40:13.040Z,"South Sandwich Islands region",earthquake,15.6,1.9,0.122,20,reviewed,us,us
2018-09-05T01:08:50.010Z,56.3893,-148.7204,12,2.6,ml,,,,0.55,ak,ak018be5xbnt,2021-02-22T17:21:07.290Z,"255 km ESE of Chiniak, Alaska",earthquake,,7.5,,,reviewed,ak,ak
2018-09-05T01:02:54.310Z,-22.2967,169.647,10,4.9,mb,,113,2.059,1.15,us,us2000h8hm,2018-11-14T17:40:13.040Z,"200 km ESE of Tadine, New Caledonia",earthquake,8.9,1.9,0.114,24,reviewed,us,us
2018-09-05T00:50:13.880Z,-58.3196,-24.8271,10,4.7,mb,,99,16.138,0.93,us,us2000h8hf,2018-11-14T17:40:13.040Z,"South Sandwich Islands region",earthquake,14.4,1.9,0.093,35,reviewed,us,us
2018-09-05T00:43:12.050Z,-58.3307,-24.9306,10,5,mb,,128,16.151,0.81,us,us2000h8h8,2018-11-14T17:40:13.040Z,"South Sandwich Islands region",earthquake,14.4,1.9,0.093,37,reviewed,us,us
2018-09-05T00:36:23.160Z,-58.3179,-24.9323,10,5.6,mww,,43,7.59,0.96,us,us2000h8h6,2022-05-03T19:29:16.149Z,"South Sandwich Islands region",earthquake,9.8,1.7,0.053,34,reviewed,us,us
2018-09-05T00:06:08.640Z,-19.6774,-178.1763,591.98,4.3,mb,,125,4.058,0.63,us,us2000hgi8,2018-11-14T17:40:13.040Z,"Fiji region",earthquake,11.7,8.8,0.094,32,reviewed,us,us
2018-09-05T00:02:24.780Z,56.0516,-149.2398,7,2.5,ml,,,,0.73,ak,ak018be5ajta,2021-02-22T17:21:08.209Z,"254 km SE of Chiniak, Alaska",earthquake,,8,,,reviewed,ak,ak
2018-09-04T23:29:28.060Z,-22.4274,170.0577,10,4.5,mb,,130,2.421,1.13,us,us2000hdh0,2018-11-14T17:40:13.040Z,"245 km ESE of Tadine, New Caledonia",earthquake,9.2,1.9,0.14,16,reviewed,us,us
2018-09-04T23:28:14.480Z,18.0186,-65.1311,24,2.87,md,8,339,0.7283,0.31,pr,pr2018247008,2018-09-18T14:32:14.354Z,"36 km ESE of Isabel Segunda, Puerto Rico",earthquake,3.27,19.81,0.19,5,reviewed,pr,pr
2018-09-04T23:22:54.090Z,-28.9276,74.4996,10,5.4,mww,,64,25.944,1.31,us,us2000h8gm,2025-12-22T17:50:34.896Z,"Mid-Indian Ridge",earthquake,10.7,1.7,0.054,33,reviewed,us,us
2018-09-04T23:13:33.310Z,19.4495,-65.1788,34,3.43,md,9,333,1.4691,0.33,pr,pr2018247007,2018-11-09T21:53:52.040Z,"125 km NNW of Charlotte Amalie, U.S. Virgin Islands",earthquake,3.43,27.22,0.1,5,reviewed,pr,pr
2018-09-04T22:58:19.650Z,54.8078,57.9778,10,5,mww,,19,1.658,0.56,us,us2000h8g8,2022-08-08T07:51:07.729Z,"15 km WNW of Katav-Ivanovsk, Russia",earthquake,5.1,1.7,0.075,17,reviewed,us,us
2018-09-04T22:26:52.020Z,18.6719,145.5624,238.94,4.4,mb,,100,3.418,0.64,us,us2000h8fy,2018-11-09T21:54:24.040Z,"Pagan region, Northern Mariana Islands",earthquake,9.9,7.6,0.064,70,reviewed,us,us
2018-09-04T22:05:36.240Z,-22.3603,169.7075,10,4.3,mb,,117,2.106,0.41,us,us2000hdgy,2018-11-14T17:40:13.040Z,"209 km ESE of Tadine, New Caledonia",earthquake,6.6,1.9,0.202,7,reviewed,us,us
2018-09-04T20:45:35.110Z,-57.8791,-25.2522,35,4.3,mb,,101,7.244,0.75,us,us2000hdgx,2018-11-14T17:40:13.040Z,"South Sandwich Islands region",earthquake,15.3,2,0.177,9,reviewed,us,us
2018-09-04T20:20:39.276Z,52.8343,-169.4794,3.6,2.7,ml,,,,0.45,ak,ak018bctrrfb,2019-12-02T22:34:38.200Z,"43 km WSW of Nikolski, Alaska",earthquake,,0.1,,,reviewed,ak,ak
2018-09-04T20:11:19.570Z,36.4802,141.392,39.53,5.4,mww,,17,1.467,0.89,us,us2000h8dj,2025-12-22T18:18:55.604Z,"65 km ESE of Takahagi, Japan",earthquake,5.6,4.1,0.066,22,reviewed,us,us
2018-09-04T20:10:28.930Z,-19.3921,-69.2312,122.86,4.3,mb,,90,0.277,1.15,us,us2000h8df,2018-11-14T17:40:13.040Z,"132 km NE of Iquique, Chile",earthquake,6.5,4.3,0.142,14,reviewed,us,us
2018-09-04T20:09:00.850Z,45.1557,-106.9688,0,2.7,ml,,86,1.619,1.35,us,us2000hdh2,2018-11-09T21:54:55.040Z,"31 km NNE of Ranchester, Wyoming",mining explosion,4.6,1.8,0.057,40,reviewed,us,us
2018-09-04T19:53:02.060Z,21.5982,143.3209,261.86,4,mb,,164,5.57,0.52,us,us2000hdgu,2018-11-14T17:40:13.040Z,"Mariana Islands region",earthquake,16.5,12.4,0.173,10,reviewed,us,us
2018-09-04T19:46:58.750Z,-17.6764,-73.2216,10,4.5,mb,,153,2.825,1.49,us,us2000h8cu,2018-11-14T17:40:13.040Z,"128 km SSW of Camaná, Peru",earthquake,8,1.9,0.204,8,reviewed,us,us
2018-09-04T19:44:40.640Z,-6.8735,155.4239,61.4,4.6,mb,,100,4.198,0.82,us,us2000hdgr,2018-11-14T17:40:13.040Z,"61 km S of Panguna, Papua New Guinea",earthquake,9.8,9.3,0.122,25,reviewed,us,us
2018-09-04T19:29:36.910Z,69.6124,-145.0983,22.1,3.7,ml,,,,0.5,ak,ak018bct892z,2023-08-16T17:46:10.260Z,"81 km SW of Kaktovik, Alaska",earthquake,,0.2,,,reviewed,ak,ak
2018-09-04T19:22:51.068Z,56.1023,-149.7369,11.7,2.6,ml,,,,0.62,ak,ak018bct6s5u,2021-02-22T17:21:09.745Z,"228 km SE of Chiniak, Alaska",earthquake,,3.6,,,reviewed,ak,ak
2018-09-04T18:48:57.245Z,52.0802,-178.554,185.5,2.8,ml,,,,0.21,ak,ak018bcsqxng,2019-12-02T22:34:52.132Z,"Andreanof Islands, Aleutian Islands, Alaska",earthquake,,0.6,,,reviewed,ak,ak
2018-09-04T18:38:02.390Z,-58.2744,-24.8291,10,5.1,mb,,52,7.619,0.7,us,us2000h8bu,2025-12-22T17:50:34.158Z,"South Sandwich Islands region",earthquake,10.9,1.8,0.083,47,reviewed,us,us
2018-09-04T18:17:12.940Z,-24.6509,-177.0457,100.98,4.4,mb,,129,4.643,0.58,us,us2000hdgq,2018-11-14T17:40:13.040Z,"south of the Fiji Islands",earthquake,11.3,8.3,0.149,16,reviewed,us,us
2018-09-04T18:02:50.210Z,43.7666,-105.4375,0,3.4,ml,,92,1.072,0.91,us,us2000h8b7,2018-11-09T21:54:23.040Z,"Wyoming",mining explosion,5.2,1.8,0.037,94,reviewed,us,us
2018-09-04T17:34:20.620Z,-18.1152,-178.1499,520.06,4.3,mb,,85,3.633,1,us,us2000hdgm,2018-11-14T17:40:13.040Z,"268 km E of Levuka, Fiji",earthquake,11.8,7.3,0.108,24,reviewed,us,us
2018-09-04T17:29:27.785Z,69.4272,-144.1786,12.4,3.7,ml,,,,0.84,ak,ak018bcs1d62,2023-08-16T17:45:45.121Z,"81 km SSW of Kaktovik, Alaska",earthquake,,0.1,,,reviewed,ak,ak
2018-09-04T17:03:29.034Z,36.7173,-116.0686,6.4,2.6,ml,59,29.38,0.031,0.2181,nn,nn00654658,2018-11-09T21:54:22.040Z,"39 km WNW of Indian Springs, Nevada",earthquake,,0.5,0.26,33,reviewed,nn,nn
2018-09-04T15:58:40.260Z,-19.1154,-68.3321,171.05,4,ml,,174,0.982,0.41,us,us2000h89g,2018-11-14T17:40:13.040Z,"138 km S of Curahuara de Carangas, Bolivia",earthquake,8.2,15.9,,,reviewed,us,guc
2018-09-04T15:54:46.020Z,34.6052,140.2968,54.84,4.2,mb,,148,1.539,0.31,us,us2000hdgk,2018-11-14T17:40:13.040Z,"57 km SSE of Kamogawa, Japan",earthquake,8.2,9.8,0.167,10,reviewed,us,us
2018-09-04T15:49:25.556Z,59.6449,-153.0779,101.1,2.5,ml,,,,0.43,ak,ak018bcqys3v,2023-08-16T17:45:29.942Z,"59 km ESE of Pedro Bay, Alaska",earthquake,,0.2,,,reviewed,ak,ak
2018-09-04T15:37:37.702Z,69.5295,-144.7474,10.8,2.9,ml,,,,0.65,ak,ak018bcqw8ga,2023-08-16T17:45:27.375Z,"79 km SSW of Kaktovik, Alaska",earthquake,,0.2,,,reviewed,ak,ak
2018-09-04T15:06:46.490Z,31.9613,-94.4343,5,3.5,mwr,,73,1.168,0.29,us,us2000h85v,2020-03-20T02:24:25.532Z,"7 km NNW of Timpson, Texas",earthquake,2.3,2,,13,reviewed,us,slm
2018-09-04T14:37:48.920Z,-57.9016,-25.4629,35,5.2,mb,,44,16.661,0.79,us,us2000h85g,2018-11-14T17:40:13.040Z,"South Sandwich Islands region",earthquake,6.4,1.9,0.075,59,reviewed,us,us
2018-09-04T14:33:25.917Z,55.6866,-149.1041,7.7,2.8,ml,,,,0.56,ak,ak018bcq9x2n,2021-02-22T17:21:10.113Z,"289 km SE of Chiniak, Alaska",earthquake,,7.1,,,reviewed,ak,ak
2018-09-04T14:15:08.930Z,17.3068,-65.8886,23,3.02,md,11,300,0.6938,0.21,pr,pr2018247004,2018-11-09T21:53:59.040Z,"75 km SSE of Arroyo, Puerto Rico",earthquake,1.03,15.62,0.38,9,reviewed,pr,pr
2018-09-04T14:04:34.590Z,27.7264,139.8442,486.07,4.3,mb,,50,2.173,0.46,us,us2000hdgi,2018-11-14T17:40:13.040Z,"Bonin Islands, Japan region",earthquake,11.5,8.4,0.058,85,reviewed,us,us
2018-09-04T13:55:38.270Z,-22.1129,170.442,10,4.8,mb,,181,2.817,0.61,us,us2000hdgh,2018-11-14T17:40:13.040Z,"272 km ESE of Tadine, New Caledonia",earthquake,12.5,1.9,0.161,12,reviewed,us,us
2018-09-04T13:32:29.510Z,-57.906,-25.3537,35,5,mb,,51,7.206,0.78,us,us2000h84n,2018-11-14T17:40:13.040Z,"South Sandwich Islands region",earthquake,8.2,1.9,0.107,28,reviewed,us,us
2018-09-04T13:27:08.263Z,69.5658,-144.8612,5.7,2.5,ml,,,,0.68,ak,ak018bcpn5t6,2019-12-02T22:34:50.720Z,"79 km SW of Kaktovik, Alaska",earthquake,,0.1,,,reviewed,ak,ak
2018-09-04T13:26:55.020Z,69.5096,-144.5164,4.1,2.5,ml,,,,0.39,ak,ak018bcpn1pa,2023-08-16T17:45:11.947Z,"77 km SSW of Kaktovik, Alaska",earthquake,,0.1,,,reviewed,ak,ak
2018-09-04T12:19:40.730Z,-17.2749,-177.659,529.5,4.1,mb,,126,4.118,0.2,us,us2000hdgg,2018-11-14T17:40:13.040Z,"Fiji region",earthquake,9.8,12.3,0.151,12,reviewed,us,us
2018-09-04T12:16:26.190Z,-19.7043,-175.85,10,4.9,mb,,74,5.625,0.81,us,us2000h843,2025-12-22T17:50:33.260Z,"157 km W of Pangai, Tonga",earthquake,9.6,1.8,0.04,195,reviewed,us,us
2018-09-04T11:24:56.670Z,-8.4286,116.8898,10,4.4,mb,,73,2.708,1.15,us,us2000hdgf,2018-11-14T17:40:13.040Z,"25 km ENE of Labuan Lombok, Indonesia",earthquake,8.3,1.9,0.138,15,reviewed,us,us
2018-09-04T10:25:22.055Z,56.1709,-149.9154,11.7,2.5,ml,,,,0.76,ak,ak018bcnugml,2021-02-22T17:21:10.459Z,"215 km SE of Chiniak, Alaska",earthquake,,9.2,,,reviewed,ak,ak
2018-09-04T09:49:11.000Z,37.1305,-121.532,6.86,2.52,md,78,58,0.07552,0.06,nc,nc73080410,2018-09-04T22:08:03.016Z,"9km NE of San Martin, CA",earthquake,0.12,0.4,0.174,98,reviewed,nc,nc
2018-09-04T09:39:48.090Z,16.4922,121.641,10,4.3,mb,,126,7.642,0.79,us,us2000hdgd,2018-11-14T17:40:13.040Z,"9 km SW of Jones, Philippines",earthquake,14.9,1.9,0.148,13,reviewed,us,us
2018-09-04T09:14:22.010Z,-18.9741,169.3408,255.3,4.2,mb,,158,4.03,0.82,us,us2000hdgc,2018-11-14T17:40:13.040Z,"63 km N of Isangel, Vanuatu",earthquake,12.7,9.7,0.124,18,reviewed,us,us
2018-09-04T08:58:04.309Z,69.5143,-144.7293,11.2,2.6,ml,,,,0.52,ak,ak018bcmumoe,2023-08-16T17:44:37.408Z,"80 km SSW of Kaktovik, Alaska",earthquake,,0.1,,,reviewed,ak,ak
2018-09-04T08:45:19.620Z,51.3601,-176.339,35,3.3,ml,,220,0.66,0.85,us,us2000h8b5,2023-08-16T17:44:33.966Z,"60 km SSE of Adak, Alaska",earthquake,3,2,,,reviewed,us,ak
2018-09-04T07:52:05.736Z,51.2502,-177.9486,41.5,3.3,ml,,,,0.24,ak,ak018bcm7wvx,2019-12-02T22:34:03.445Z,"114 km SW of Adak, Alaska",earthquake,,1.8,,,reviewed,ak,ak
2018-09-04T06:12:55.630Z,40.1556,-10.53,10,4.8,mb,,49,1.623,0.63,us,us2000h81q,2018-11-14T17:40:13.040Z,"132 km NW of Peniche, Portugal",earthquake,7.4,1.9,0.038,216,reviewed,us,us
2018-09-04T06:12:07.700Z,18.0456,-68.3191,61,3.13,md,20,233,0.4724,0.53,pr,pr2018247001,2018-11-09T21:53:56.040Z,"47 km SE of Boca de Yuma, Dominican Republic",earthquake,3.94,4.47,0.37,18,reviewed,pr,pr
2018-09-04T05:56:45.330Z,5.5649,127.0178,103.78,4.5,mb,,94,2.068,0.62,us,us2000hdgb,2018-11-14T17:40:13.040Z,"128 km SE of Pondaguitan, Philippines",earthquake,9.2,8.7,0.096,32,reviewed,us,us
2018-09-04T05:01:22.507Z,60.3368,-152.4131,88.3,3,ml,,,,0.76,ak,ak018bckq5ga,2023-08-16T17:44:17.698Z,"52 km NW of Ninilchik, Alaska",earthquake,,0.1,,,reviewed,ak,ak
2018-09-04T04:55:08.980Z,55.9105,-149.2466,8.8,2.9,ml,,195,2.594,0.71,us,us2000h8av,2023-08-16T17:44:14.468Z,"265 km SE of Chiniak, Alaska",earthquake,5.1,8,0.059,38,reviewed,us,us
2018-09-04T04:50:35.222Z,55.8852,-149.1934,3.7,2.6,ml,,,,0.81,ak,ak018bckf8wy,2021-02-22T17:21:11.422Z,"269 km SE of Chiniak, Alaska",earthquake,,2.4,,,reviewed,ak,ak
2018-09-04T04:46:55.940Z,-5.4555,147.0796,201.65,4.4,mb,,82,3.401,0.82,us,us2000h81b,2018-11-14T17:40:13.040Z,"140 km N of Lae, Papua New Guinea",earthquake,6.7,8,0.077,49,reviewed,us,us
2018-09-04T04:40:35.857Z,55.9315,-149.4112,0.6,2.5,ml,,,,0.56,ak,ak018bckd3sx,2021-02-22T17:21:11.769Z,"256 km SE of Chiniak, Alaska",earthquake,,6.8,,,reviewed,ak,ak
2018-09-04T04:25:44.694Z,52.1021,-171.0765,38.8,2.5,ml,,,,0.45,ak,ak018bck9wqt,2019-12-02T22:34:45.199Z,"Fox Islands, Aleutian Islands, Alaska",earthquake,,3.4,,,reviewed,ak,ak
2018-09-04T04:07:37.420Z,-8.2884,116.3477,10,4.3,mb,,79,2.179,0.63,us,us2000hdg9,2018-11-14T17:40:13.040Z,"29 km ENE of Pemenang, Indonesia",earthquake,7.8,1.9,0.154,12,reviewed,us,us
2018-09-04T03:48:22.274Z,69.0598,-147.632,16.3,2.9,ml,,,,0.6,ak,ak018bcjtcvn,2023-08-16T17:44:07.374Z,"134 km NW of Arctic Village, Alaska",earthquake,,0,,,reviewed,ak,ak
2018-09-04T03:46:21.707Z,55.8748,-149.3045,4.8,2.6,ml,,,,0.74,ak,ak018bcjsxei,2021-02-22T17:21:12.090Z,"265 km SE of Chiniak, Alaska",earthquake,,5,,,reviewed,ak,ak
2018-09-04T03:03:19.590Z,18.0356,-64.1051,56,2.87,md,13,197,0.9572,0.45,pr,pr2018247000,2018-11-09T21:54:00.040Z,"76 km ENE of Saint Croix, U.S. Virgin Islands",earthquake,7.18,6.72,0.27,8,reviewed,pr,pr
2018-09-04T02:51:27.900Z,39.587,76.7137,22.62,4.6,mb,,71,1.918,0.91,us,us2000h80h,2018-11-14T17:40:13.040Z,"63 km ENE of Kashgar, China",earthquake,7.7,6.7,0.105,27,reviewed,us,us
2018-09-04T02:45:56.000Z,-8.7098,116.7778,10,4.1,mb,,205,2.607,0.54,us,us2000hdg8,2018-11-14T17:40:13.040Z,"26 km SSE of Labuan Lombok, Indonesia",earthquake,6.8,2,0.197,7,reviewed,us,us
2018-09-04T02:32:29.110Z,-9.8596,118.6034,35,4.1,mb,,58,3.788,0.98,us,us2000hdg7,2018-11-14T17:40:13.040Z,"147 km S of Dompu, Indonesia",earthquake,8.1,2,0.174,9,reviewed,us,us
2018-09-04T02:06:16.505Z,56.1837,-148.6294,5.2,2.7,ml,,,,0.38,ak,ak018bciywr6,2021-02-22T17:21:12.739Z,"273 km SE of Chiniak, Alaska",earthquake,,3.6,,,reviewed,ak,ak
2018-09-04T01:22:03.250Z,15.2972,144.6258,174.05,4.4,mb,,96,1.124,0.72,us,us2000hdgz,2018-11-14T17:40:13.040Z,"112 km WNW of San Jose Village, Northern Mariana Islands",earthquake,13,7.5,0.143,15,reviewed,us,us
2018-09-04T01:11:05.940Z,1.4078,-85.247,10,4.3,mb,,111,5.446,0.61,us,us2000hdg6,2018-11-14T17:40:13.040Z,"off the coast of Ecuador",earthquake,8.8,2,0.134,16,reviewed,us,us
2018-09-04T01:08:44.470Z,-18.0801,-178.0068,593.99,4.2,mb,,105,3.766,0.71,us,us2000hdg5,2018-11-14T17:40:13.040Z,"283 km E of Levuka, Fiji",earthquake,15.7,7.3,0.058,82,reviewed,us,us
2018-09-04T01:00:47.910Z,55.8826,-149.2973,7.62,3.6,ml,,196,2.585,0.51,us,us2000h7uh,2021-02-22T17:21:14.888Z,"265 km SE of Chiniak, Alaska",earthquake,8.6,8,0.049,54,reviewed,us,us
2018-09-04T00:42:40.851Z,56.9613,-153.0172,9.9,2.9,ml,,,,0.6,ak,ak018bchzt79,2023-08-16T17:43:56.598Z,"32 km SSE of Old Harbor, Alaska",earthquake,,0.2,,,reviewed,ak,ak
2018-09-04T00:30:24.970Z,-18.1752,-178.24,562.28,4.2,mb,,91,3.554,0.92,us,us2000h7n8,2018-11-14T17:40:13.040Z,"258 km E of Levuka, Fiji",earthquake,14.5,10,0.058,82,reviewed,us,us
2018-09-04T00:20:08.150Z,-39.8053,-71.655,140.01,4.7,mwr,,46,0.262,0.91,us,us2000h7gj,2018-11-14T17:40:13.040Z,"46 km NNW of San Martín de los Andes, Argentina",earthquake,6,3.8,,,reviewed,us,guc
2018-09-04T00:19:35.590Z,-18.3603,-178.2259,594.29,4.2,mb,,85,3.592,0.49,us,us2000hdg3,2018-11-14T17:40:13.040Z,"261 km E of Levuka, Fiji",earthquake,11.2,11.2,0.132,16,reviewed,us,us
2018-09-04T00:18:06.020Z,-0.3427,125.1731,53.56,4.6,mb,,65,2.457,0.36,us,us2000hdg4,2018-11-14T17:40:13.040Z,"184 km S of Tondano, Indonesia",earthquake,7,10.7,0.158,12,reviewed,us,us
2018-09-04T00:02:44.490Z,-17.9725,-177.9472,575.73,4.4,mb,,81,3.816,0.68,us,us2000hdg2,2018-11-14T17:40:12.040Z,"289 km E of Levuka, Fiji",earthquake,12.9,8.2,0.097,31,reviewed,us,us
2018-09-03T23:50:18.380Z,31.1244,-103.2168,5,2.6,mb_lg,,52,0.223,0.32,us,us2000h7eg,2018-11-09T21:54:18.040Z,"19 km SW of Coyanosa, Texas",earthquake,1.1,1.8,0.161,11,reviewed,us,us
2018-09-03T23:48:18.460Z,31.1359,-103.2309,5,2.9,mb_lg,,53,0.229,0.36,us,us2000h7ef,2018-11-09T21:54:18.040Z,"19 km SW of Coyanosa, Texas",earthquake,1.4,1.8,0.295,4,reviewed,us,us
2018-09-03T23:46:49.930Z,31.1396,-103.2517,5,3,mb_lg,,53,0.227,0.64,us,us2000h7e7,2018-11-09T21:54:17.040Z,"21 km WSW of Coyanosa, Texas",earthquake,1.2,1.8,0.07,67,reviewed,us,us
2018-09-03T23:37:17.590Z,1.4387,-85.2615,10,5.9,mww,,70,5.444,0.64,us,us2000h7e0,2022-05-03T19:29:07.324Z,"off the coast of Ecuador",earthquake,4.6,1.7,0.038,65,reviewed,us,us
2018-09-03T23:35:45.820Z,17.6329,145.889,185.7,4.7,mb,,48,2.38,0.83,us,us2000h7dz,2018-11-09T21:54:17.040Z,"268 km N of Saipan, Northern Mariana Islands",earthquake,8.7,6.9,0.038,204,reviewed,us,us
2018-09-03T22:42:28.352Z,69.4573,-144.1495,10.5,2.9,ml,,,,0.74,ak,ak018bb7jz1v,2023-08-16T17:43:41.935Z,"77 km SSW of Kaktovik, Alaska",earthquake,,0.2,,,reviewed,ak,ak
2018-09-03T22:25:04.470Z,10.3441,124.8204,35,4.4,mb,,156,3.338,0.68,us,us2000hcw0,2018-11-14T17:40:12.040Z,"2 km ESE of Tabonoc, Philippines",earthquake,15.5,2,0.103,27,reviewed,us,us
2018-09-03T21:52:56.260Z,39.3941,76.8783,10,5.5,mww,,85,2.141,0.93,us,us2000h7ci,2022-05-03T19:29:05.929Z,"76 km E of Kashgar, China",earthquake,6.5,1.8,0.071,19,reviewed,us,us
2018-09-03T21:51:45.040Z,39.4095,76.8745,10,4.6,mb,,85,2.125,0.79,us,us2000h7br,2018-11-14T17:40:12.040Z,"76 km E of Kashgar, China",earthquake,2.7,1.8,0.062,78,reviewed,us,us
2018-09-03T20:48:00.470Z,-58.0204,-25.4573,44.56,4.7,mb,,82,7.207,1,us,us2000h7au,2018-11-14T17:40:12.040Z,"South Sandwich Islands region",earthquake,12.8,7.1,0.101,30,reviewed,us,us
2018-09-03T20:35:50.170Z,-58.0118,-25.2632,29.37,5.6,mww,,32,7.296,0.98,us,us2000h7aj,2022-05-03T19:29:04.122Z,"South Sandwich Islands region",earthquake,10.2,3.5,0.069,20,reviewed,us,us
2018-09-03T20:32:00.740Z,19.2541,-64.8276,91,3.35,md,3,338,1.5098,0.2,pr,pr2018246004,2018-11-09T21:53:51.040Z,"101 km N of Charlotte Amalie, U.S. Virgin Islands",earthquake,7.19,12.2,0.13,3,reviewed,pr,pr
2018-09-03T20:04:59.333Z,69.5042,-144.3656,13.6,3.2,ml,,,,0.65,ak,ak018bb6510t,2023-08-16T17:43:09.158Z,"75 km SSW of Kaktovik, Alaska",earthquake,,0.2,,,reviewed,ak,ak
2018-09-03T19:37:58.550Z,52.9675,156.7151,237.83,4.7,mb,,113,0.61,0.84,us,us2000h79m,2018-11-14T17:40:12.040Z,"103 km W of Paratunka, Russia",earthquake,10.5,5.4,0.025,471,reviewed,us,us
2018-09-03T19:33:30.540Z,-19.4208,169.5981,254.02,4.8,mb,,95,2.594,1.02,us,us2000h79f,2025-12-22T17:50:32.446Z,"35 km ENE of Isangel, Vanuatu",earthquake,10.7,6.1,0.046,150,reviewed,us,us
2018-09-03T19:31:23.900Z,47.3109,152.4938,81.43,4.3,mb,,154,6.65,0.7,us,us2000hcvv,2018-11-14T17:40:12.040Z,"Kuril Islands",earthquake,11.4,6,0.079,46,reviewed,us,us
2018-09-03T19:24:21.440Z,-13.9663,-76.0839,35.29,4.4,mb,,158,2.101,0.82,us,us2000h79a,2018-11-14T17:40:12.040Z,"22 km ESE of Paracas, Peru",earthquake,8.8,8.9,0.117,21,reviewed,us,us
2018-09-03T18:54:27.520Z,49.149,151.0969,296.27,4,mb,,166,5.742,0.52,us,us2000h79d,2018-11-14T17:40:12.040Z,"northwest of the Kuril Islands",earthquake,7.5,15.7,0.073,51,reviewed,us,us
2018-09-03T18:28:46.910Z,-7.3256,156.2145,41.21,4.6,mb,,69,4.248,0.67,us,us2000h78u,2018-11-14T17:40:12.040Z,"110 km NW of Gizo, Solomon Islands",earthquake,8.4,7.2,0.102,29,reviewed,us,us
2018-09-03T18:13:27.190Z,52.4724,-165.417,10,3.9,mb,,175,1.731,0.84,us,us2000h78p,2019-12-02T22:32:50.983Z,"172 km SSE of Unalaska, Alaska",earthquake,9.8,2,0.077,44,reviewed,us,us
2018-09-03T18:11:34.460Z,15.0661,-91.5483,179.11,4.6,mb,,96,0.254,1.23,us,us2000h78f,2018-11-14T17:40:12.040Z,"9 km N of San Carlos Sija, Guatemala",earthquake,10.1,6.7,0.042,172,reviewed,us,us
2018-09-03T17:33:59.090Z,17.6203,147.5563,10,4.3,mb,,168,2.911,0.62,us,us2000hcvt,2018-11-14T17:40:12.040Z,"Mariana Islands region",earthquake,13.7,2,0.147,13,reviewed,us,us
2018-09-03T16:35:43.070Z,51.3525,-177.798,35,2.9,ml,,221,0.505,0.7,us,us2000h7zz,2023-08-16T17:42:46.332Z,"99 km SW of Adak, Alaska",earthquake,3.3,2,,,reviewed,us,ak
2018-09-03T16:24:36.917Z,69.5213,-144.3569,16.1,3.2,ml,,,,0.7,ak,ak018bb3vj6z,2023-08-16T17:42:45.057Z,"73 km SSW of Kaktovik, Alaska",earthquake,,0.1,,,reviewed,ak,ak
2018-09-03T16:13:31.740Z,59.768,-136.3614,5,3.2,ml,,82,0.608,0.96,us,us2000h76t,2023-08-16T17:42:43.671Z,"30 km NNW of Mosquito Lake, Alaska",earthquake,2.3,2,0.04,81,reviewed,us,us
2018-09-03T16:10:17.976Z,56.1051,-135.3708,28.3,3.4,ml,,,,1.1,ak,ak018bb3shph,2023-08-16T17:42:42.453Z,"47 km WSW of Port Alexander, Alaska",earthquake,,2.6,,,reviewed,ak,ak
2018-09-03T15:44:03.776Z,69.473,-144.4333,7.4,2.6,ml,,,,0.58,ak,ak018bb3ebcp,2023-08-16T17:42:33.632Z,"79 km SSW of Kaktovik, Alaska",earthquake,,0.3,,,reviewed,ak,ak
2018-09-03T15:18:27.279Z,52.2163,-170.7488,45.5,3.2,ml,,,,0.67,ak,ak018bb38sjr,2019-12-02T22:32:43.775Z,"151 km WSW of Nikolski, Alaska",earthquake,,1.8,,,reviewed,ak,ak
2018-09-03T14:36:39.144Z,51.7771,-179.0236,11.3,3.8,ml,,,,0.66,ak,ak018bb2r8qy,2019-12-02T22:32:42.546Z,"165 km W of Adak, Alaska",earthquake,,0.2,,,reviewed,ak,ak
2018-09-03T14:35:03.710Z,18.0387,-79.6552,10,4.7,mb,,45,2.025,0.82,us,us2000h762,2018-11-14T17:40:12.040Z,"140 km W of Negril, Jamaica",earthquake,6.5,1.9,0.043,166,reviewed,us,us
2018-09-03T13:50:03.280Z,39.6071,71.3681,9.19,4.9,mb,,55,0.359,0.94,us,us2000h75n,2018-11-14T17:40:12.040Z,"37 km S of Aydarken, Kyrgyzstan",earthquake,6.7,4.2,0.117,23,reviewed,us,us
2018-09-03T11:47:36.190Z,22.8244,144.0464,35,4.6,mb,,150,4.576,0.71,us,us2000hcvl,2018-11-14T17:40:12.040Z,"Volcano Islands, Japan region",earthquake,10,2,0.092,35,reviewed,us,us
2018-09-03T11:34:32.065Z,69.4748,-144.574,9.7,2.6,ml,,,,0.74,ak,ak018bb0yhye,2023-08-16T17:41:59.535Z,"81 km SSW of Kaktovik, Alaska",earthquake,,0.1,,,reviewed,ak,ak
2018-09-03T11:28:39.544Z,55.8951,-150.0179,10,2.9,ml,,,,0.86,ak,ak018bb0x88i,2021-02-22T17:21:19.857Z,"235 km SE of Chiniak, Alaska",earthquake,,0,,,reviewed,ak,ak
2018-09-03T10:36:51.266Z,55.8557,-149.961,10.5,2.5,ml,,,,0.79,ak,ak018bb0dj9i,2021-02-22T17:21:17.214Z,"241 km SE of Chiniak, Alaska",earthquake,,19.6,,,reviewed,ak,ak
2018-09-03T10:12:13.654Z,59.8799,-152.4495,78.5,3.5,ml,,,,0.74,ak,ak018bb08b6d,2023-08-16T17:41:45.349Z,"36 km WNW of Anchor Point, Alaska",earthquake,,0.2,,,reviewed,ak,ak
2018-09-03T09:11:54.550Z,-18.0299,-178.1384,576.67,4.1,mb,,183,3.638,0.28,us,us2000hcvi,2018-11-14T17:40:12.040Z,"269 km E of Levuka, Fiji",earthquake,17.3,13.5,0.105,25,reviewed,us,us
2018-09-03T08:56:36.570Z,-18.4094,-177.7196,621.38,4.1,mb,,76,4.075,0.59,us,us2000hcvg,2018-11-14T17:40:12.040Z,"Fiji region",earthquake,14.6,7.4,0.06,75,reviewed,us,us
2018-09-03T08:45:09.520Z,34.2335,-116.917,7.94,2.66,ml,108,33,0.0289,0.13,ci,ci38045719,2018-10-23T16:03:39.087Z,"1km SSW of Big Bear Lake, CA",earthquake,0.1,0.33,0.166,24,reviewed,ci,ci
2018-09-03T08:45:01.530Z,-20.6813,-69.1856,113.97,4.3,mb,,53,0.771,1.11,us,us2000h737,2018-11-14T17:40:12.040Z,"113 km ESE of Iquique, Chile",earthquake,6.3,5.3,0.067,64,reviewed,us,us
2018-09-03T08:25:21.120Z,34.4606,45.4909,10,4.4,mb,,57,0.681,1.12,us,us2000hcvn,2018-11-14T17:40:12.040Z,"34 km W of Sarpol-e Z?ah?b, Iran",earthquake,5.4,1.8,0.083,42,reviewed,us,us
2018-09-03T07:20:57.353Z,69.5555,-144.4135,2.1,2.5,ml,,,,0.69,ak,ak018bayhtgn,2023-08-16T17:41:28.542Z,"71 km SSW of Kaktovik, Alaska",earthquake,,0.4,,,reviewed,ak,ak
2018-09-03T07:15:29.650Z,-3.8179,150.1769,10,5.6,mww,,24,2.016,0.72,us,us2000h72b,2022-05-03T19:28:45.327Z,"153 km SSW of Kavieng, Papua New Guinea",earthquake,6.7,1.7,0.057,30,reviewed,us,us
2018-09-03T07:08:05.013Z,69.5218,-144.5187,13.2,3.8,ml,,,,0.72,ak,ak018bayf4tx,2023-08-16T17:41:27.277Z,"76 km SSW of Kaktovik, Alaska",earthquake,,0.1,,,reviewed,ak,ak
2018-09-03T07:04:30.133Z,69.534,-144.2586,8,3,ml,,,,0.67,ak,ak018bayebwl,2023-08-16T17:41:25.994Z,"71 km SSW of Kaktovik, Alaska",earthquake,,0.2,,,reviewed,ak,ak
2018-09-03T06:50:34.766Z,69.5815,-145.1712,0.4,2.6,ml,,,,0.71,ak,ak018bay2rlg,2023-08-16T17:41:20.874Z,"85 km SW of Kaktovik, Alaska",earthquake,,0.3,,,reviewed,ak,ak
2018-09-03T06:31:37.240Z,-3.1621,-77.5981,111.01,4.4,mb,,70,2.494,1.18,us,us2000h720,2018-11-14T17:40:12.040Z,"100 km SE of Sucúa, Ecuador",earthquake,5.2,7.3,0.045,141,reviewed,us,us
2018-09-03T06:31:22.194Z,69.4847,-144.1795,4.4,3.1,ml,,,,0.67,ak,ak018baxyo0r,2023-08-16T17:41:17.132Z,"75 km SSW of Kaktovik, Alaska",earthquake,,0.3,,,reviewed,ak,ak
2018-09-03T06:23:41.900Z,-19.7512,-177.4092,532.85,4.1,mb,,110,4.74,0.78,us,us2000hcv9,2018-11-14T17:40:12.040Z,"276 km NW of Haveluloto, Tonga",earthquake,14.4,18.5,0.14,14,reviewed,us,us
2018-09-03T06:02:44.913Z,69.4985,-144.5067,10.3,3,ml,,,,0.68,ak,ak018baxsi0b,2023-08-16T17:41:15.836Z,"78 km SSW of Kaktovik, Alaska",earthquake,,0.3,,,reviewed,ak,ak
2018-09-03T05:59:47.350Z,24.0431,121.5803,10,4.5,mb,,52,0.13,0.62,us,us2000hcv2,2018-11-14T17:40:12.040Z,"7 km NNW of Hualien City, Taiwan",earthquake,2.6,1.6,0.065,69,reviewed,us,us
2018-09-03T05:29:30.520Z,-17.624,-13.355,10,4.8,mb,,98,7.473,0.97,us,us2000hcvk,2018-11-14T17:40:12.040Z,"southern Mid-Atlantic Ridge",earthquake,7.8,1.9,0.124,20,reviewed,us,us
2018-09-03T05:10:48.832Z,56.3441,-149.2566,10,2.5,ml,,,,0.59,ak,ak018bax8sfn,2021-02-22T17:21:18.181Z,"231 km SE of Chiniak, Alaska",earthquake,,0,,,reviewed,ak,ak
2018-09-03T04:16:51.738Z,56.5106,-148.8363,10,2.6,ml,,,,0.46,ak,ak018bawoncl,2021-02-22T17:21:18.515Z,"242 km ESE of Chiniak, Alaska",earthquake,,0,,,reviewed,ak,ak
2018-09-03T03:42:38.067Z,60.1422,-152.7172,106.5,2.8,ml,,,,0.56,ak,ak018baw8rb2,2023-08-16T17:41:02.955Z,"59 km WNW of Happy Valley, Alaska",earthquake,,0.2,,,reviewed,ak,ak
2018-09-03T03:30:41.167Z,69.5164,-144.4812,9.5,3,ml,,,,0.65,ak,ak018baw66yc,2023-08-16T17:40:55.384Z,"76 km SSW of Kaktovik, Alaska",earthquake,,0.3,,,reviewed,ak,ak
2018-09-03T02:58:25.220Z,35.221,28.5023,10,4,mb,,175,1.143,0.95,us,us2000hcuw,2018-11-14T17:40:12.040Z,"106 km SSE of Lárdos, Greece",earthquake,3.6,1.9,0.116,20,reviewed,us,us
2018-09-03T02:16:19.780Z,-3.8856,150.2748,10,5.5,mww,,38,1.908,0.77,us,us2000h70q,2022-05-03T19:28:50.744Z,"156 km SSW of Kavieng, Papua New Guinea",earthquake,7.2,1.8,0.057,30,reviewed,us,us
2018-09-03T02:10:12.290Z,37.4673333,-121.8196667,7.79,3.4,mw,129,32,0.02155,0.12,nc,nc73079795,2020-08-18T16:45:30.114Z,"9km ENE of Milpitas, CA",earthquake,0.09,0.25,,4,reviewed,nc,nc
2018-09-03T02:05:05.590Z,-1.6778,138.3357,10,4.4,mb,,188,6.205,0.93,us,us2000hcv4,2018-11-14T17:40:12.040Z,"256 km ESE of Biak, Indonesia",earthquake,15.8,1.7,0.13,18,reviewed,us,us
2018-09-03T01:43:03.380Z,50.3131,-50.1387,10,4.3,mb,,77,4.887,0.48,us,us2000h70f,2018-11-14T17:40:12.040Z,"284 km NE of Bonavista, Canada",earthquake,11.5,1.9,0.082,42,reviewed,us,us
2018-09-03T01:39:01.671Z,69.5115,-144.4331,6.7,2.7,ml,,,,0.55,ak,ak018bav1653,2023-08-16T17:40:51.503Z,"75 km SSW of Kaktovik, Alaska",earthquake,,0.3,,,reviewed,ak,ak
2018-09-03T01:35:58.849Z,55.918,-148.9272,12.4,2.6,ml,,,,0.76,aacse,aacse018bav0fos,2021-02-22T17:20:37.333Z,"278 km SE of Chiniak, Alaska",earthquake,,25,,,reviewed,aacse,aacse
2018-09-03T00:59:22.050Z,69.4048,-144.1186,12.5,3.3,ml,,,,1.22,ak,ak018bauk2fh,2023-08-16T17:40:46.457Z,"83 km SSW of Kaktovik, Alaska",earthquake,,0.1,,,reviewed,ak,ak
2018-09-03T00:58:42.700Z,17.5365,147.5052,25.9,5.1,mww,,45,2.815,0.65,us,us2000h706,2025-12-22T18:18:54.383Z,"Mariana Islands region",earthquake,8.3,4.3,0.103,9,reviewed,us,us
2018-09-03T00:52:56.770Z,69.5175,-144.1037,10,2.7,ml,,123,0.175,0.5,us,us2000h700,2019-12-02T22:31:59.647Z,"70 km SSW of Kaktovik, Alaska",earthquake,4,2,0.035,106,reviewed,us,us
2018-09-03T00:13:07.092Z,60.8819,-145.9239,20,2.6,ml,,,,0.59,ak,ak018baua6c5,2023-08-16T17:40:35.254Z,"36 km SE of Valdez, Alaska",earthquake,,0.3,,,reviewed,ak,ak
2018-09-02T23:55:52.490Z,-2.9974,29.4579,10,4.3,mb,,94,2.701,1.03,us,us2000hckj,2018-11-07T18:37:13.040Z,"11 km NE of Bubanza, Burundi",earthquake,6.5,1.9,0.239,6,reviewed,us,us
2018-09-02T23:39:02.830Z,54.1358,-167.1654,178.86,2.6,ml,,111,0.314,0.15,us,us2000h6zy,2023-08-16T17:40:25.420Z,"49 km WNW of Dutch Harbor, Alaska",earthquake,6,6.1,0.148,6,reviewed,us,us
2018-09-02T23:01:32.689Z,69.7485,-144.4979,23.1,2.5,ml,,,,1,ak,ak018b9kda50,2023-08-16T17:40:00.422Z,"northern Alaska",earthquake,,0.4,,,reviewed,ak,ak
2018-09-02T23:00:16.270Z,53.0755,-169.7913,173.17,3,ml,,133,0.26,0.33,us,us2000h704,2023-08-16T17:39:59.301Z,"64 km WNW of Nikolski, Alaska",earthquake,8.8,10,0.148,6,reviewed,us,us
2018-09-02T22:59:06.560Z,4.9293,125.6193,175.43,4.4,mb,,103,2.126,0.97,us,us2000hcki,2018-11-07T18:37:13.040Z,"55 km SSE of Sarangani, Philippines",earthquake,8.8,8.2,0.11,24,reviewed,us,us
2018-09-02T22:53:23.240Z,56.4325,-148.448,9.8,2.6,ml,,,,0.88,aacse,aacse018b9k2z1g,2021-02-22T17:20:37.665Z,"267 km ESE of Chiniak, Alaska",earthquake,,4.8,,,reviewed,aacse,aacse
2018-09-02T22:05:26.206Z,69.5118,-144.1364,17.3,3.3,ml,,,,0.84,ak,ak018b9jsowc,2023-08-16T17:39:43.126Z,"71 km SSW of Kaktovik, Alaska",earthquake,,0.3,,,reviewed,ak,ak
2018-09-02T21:47:50.490Z,34.5324,131.3736,21.28,4.5,mb,,86,1.463,0.66,us,us2000h6yi,2018-11-07T18:37:09.040Z,"15 km NNW of Hagi, Japan",earthquake,4.9,5.6,0.156,12,reviewed,us,us
2018-09-02T21:36:46.840Z,-18.1708,-177.9428,605.27,4.2,mb,,162,3.835,0.38,us,us2000hckf,2018-11-07T18:37:13.040Z,"290 km E of Levuka, Fiji",earthquake,14.7,8.5,0.101,27,reviewed,us,us
2018-09-02T21:35:36.410Z,16.5182,-95.1827,25.85,4.5,mb,,91,1.16,1.03,us,us2000h6yc,2018-11-07T18:37:09.040Z,"2 km NE of Magdalena Tlacotepec, Mexico",earthquake,4.7,5.9,0.044,153,reviewed,us,us
2018-09-02T21:09:12.010Z,38.8839,-107.3943,2.66,2.9,ml,,64,0.439,0.92,us,us2000h6y1,2018-11-07T18:37:09.040Z,"17 km E of Paonia, Colorado",rock burst,2.8,5.5,0.03,142,reviewed,us,us
2018-09-02T20:17:47.978Z,69.5031,-144.4898,3.1,2.9,ml,,,,0.77,ak,ak018b9iofyl,2023-08-16T17:39:32.907Z,"77 km SSW of Kaktovik, Alaska",earthquake,,0.5,,,reviewed,ak,ak
2018-09-02T20:05:00.940Z,18.236,-67.159,104,2.76,md,7,128,0.0948,0.2,pr,pr2018245010,2018-09-02T23:51:12.610Z,"4 km NNW of Mayagüez, Puerto Rico",earthquake,1.6,1.18,0.07,3,reviewed,pr,pr
2018-09-02T19:57:31.620Z,-20.1618,-178.1656,602.61,4.2,mb,,95,4.311,0.65,us,us2000hcka,2018-11-07T18:37:13.040Z,"Fiji region",earthquake,14,8.4,0.121,19,reviewed,us,us
2018-09-02T19:29:50.740Z,3.2327,123.9096,426.13,4.3,mb,,99,3.769,0.79,us,us2000h6xa,2018-11-07T18:37:09.040Z,"219 km NNW of Manado, Indonesia",earthquake,7.7,8.2,0.09,35,reviewed,us,us
2018-09-02T18:12:11.680Z,-28.2655,-70.708,95.92,4.5,mwr,,82,0.328,0.9,us,us2000h6wm,2018-11-07T18:37:09.040Z,"34 km N of Vallenar, Chile",earthquake,5.1,5.2,,,reviewed,us,guc
2018-09-02T17:56:43.770Z,-7.0189,155.3987,35,5.1,mww,,65,5.103,0.85,us,us2000h6wl,2022-05-03T19:46:07.988Z,"78 km S of Panguna, Papua New Guinea",earthquake,8.8,1.9,0.089,12,reviewed,us,us
2018-09-02T17:40:31.940Z,51.6783,-173.4322,35,2.6,ml,,206,0.725,0.56,us,us2000hgxi,2023-08-16T17:39:14.843Z,"78 km SE of Atka, Alaska",earthquake,4.4,2,,,reviewed,us,ak
2018-09-02T17:21:50.750Z,-56.717,-142.068,10,5.35,mw,,,,,iscgem,iscgem612678640,2025-12-22T17:50:31.653Z,"Pacific-Antarctic Ridge",earthquake,,25,0.1,,reviewed,iscgem,iscgem
2018-09-02T17:21:29.800Z,-54.1146,-143.0241,10,4.4,mb,,246,29.568,0.54,us,us2000hck7,2018-11-07T18:37:13.040Z,"Pacific-Antarctic Ridge",earthquake,13.8,2,0.24,5,reviewed,us,us
2018-09-02T15:51:46.130Z,38.8121667,-122.8263333,2.62,2.84,md,66,21,0.003974,0.06,nc,nc73079615,2022-08-08T07:50:19.766Z,"7km WNW of The Geysers, CA",earthquake,0.12,0.19,0.212,67,reviewed,nc,nc
2018-09-02T15:34:27.420Z,52.8406,-168.1485,35.68,2.5,ml,,222,0.447,0.49,us,us2000hgxh,2023-08-16T17:38:54.375Z,"49 km ESE of Nikolski, Alaska",earthquake,5.3,21.9,,,reviewed,us,ak
2018-09-02T15:10:13.640Z,18.1935,-67.4223,121,2.86,md,4,314,0.3369,0.35,pr,pr2018245008,2018-09-02T19:19:05.435Z,"23 km SW of Stella, Puerto Rico",earthquake,6.86,2.14,0.06,2,reviewed,pr,pr
2018-09-02T14:51:09.530Z,-57.2904,-25.3684,35,4.4,mb,,195,6.955,0.67,us,us2000hck9,2018-11-07T18:37:13.040Z,"South Sandwich Islands region",earthquake,9.5,2,0.19,8,reviewed,us,us
2018-09-02T14:26:18.190Z,-55.5266,-27.8521,10,5,mb,,114,5.136,0.65,us,us2000hck5,2018-11-07T18:37:13.040Z,"South Sandwich Islands region",earthquake,3.8,1.9,0.117,23,reviewed,us,us
2018-09-02T13:14:36.380Z,-6.1836,142.4007,23.09,4.6,mb,,74,5.698,0.81,us,us2000h6ux,2018-11-07T18:37:09.040Z,"71 km WSW of Tari, Papua New Guinea",earthquake,9.8,6.7,0.119,21,reviewed,us,us
2018-09-02T12:59:31.640Z,52.8933,-163.6319,10,2.5,ml,,224,1.68,0.47,us,us2000h6we,2023-08-16T17:38:03.427Z,"198 km SE of Akutan, Alaska",earthquake,6.7,2,0.148,6,reviewed,us,us
2018-09-02T12:54:43.760Z,56.2704,-149.477,10,3,ml,,189,2.276,0.69,us,us2000hgxe,2023-08-16T17:38:02.106Z,"226 km SE of Chiniak, Alaska",earthquake,5.4,2,0.048,56,reviewed,us,us
2018-09-02T11:40:35.510Z,36.6525,-121.266,2.09,2.51,md,54,70,0.05709,0.04,nc,nc73079465,2022-08-08T07:49:25.156Z,"16km SSE of Tres Pinos, CA",earthquake,0.11,0.69,0.157,73,reviewed,nc,nc
2018-09-02T11:38:26.150Z,51.0737,-179.0644,21.99,2.9,ml,,220,0.736,0.91,us,us2000hgxc,2023-08-16T17:37:39.490Z,"190 km WSW of Adak, Alaska",earthquake,4.3,7.7,,,reviewed,us,ak
2018-09-02T11:30:58.290Z,-2.6387,102.1355,150.57,4.2,mb,,131,1.896,0.52,us,us2000hck1,2018-11-07T18:37:12.040Z,"101 km NNW of Curup, Indonesia",earthquake,11,10.1,0.146,13,reviewed,us,us
2018-09-02T11:04:11.800Z,-29.3724,-71.3799,44.5,4.6,mwr,,91,0.558,0.9,us,us2000h6u9,2022-08-08T07:48:38.319Z,"60 km NNW of La Serena, Chile",earthquake,5.4,5.4,0.036,74,reviewed,us,us
2018-09-02T10:58:22.610Z,52.0181,-169.2944,25.24,2.8,ml,,211,0.813,0.47,us,us2000hgx9,2023-08-16T17:37:20.279Z,"106 km SSW of Nikolski, Alaska",earthquake,2.7,17.9,,,reviewed,us,ak
2018-09-02T10:12:08.230Z,50.8991,-177.4597,30.45,2.8,ml,,248,0.873,0.36,us,us2000h6wa,2023-08-16T17:37:07.671Z,"122 km SSW of Adak, Alaska",earthquake,3.9,9.6,,,reviewed,us,ak
2018-09-02T09:11:23.410Z,18.7963,-65.1575,57,2.58,md,15,325,0.9518,0.46,pr,pr2018245006,2018-11-07T18:37:09.040Z,"Puerto Rico region",earthquake,3.65,8.1,0.28,10,reviewed,pr,pr
2018-09-02T08:24:45.680Z,-6.5443,130.6074,143.03,4.5,mb,,130,1.585,1.16,us,us2000hck4,2018-11-07T18:37:13.040Z,"258 km WSW of Tual, Indonesia",earthquake,9.5,11.2,0.27,4,reviewed,us,us
2018-09-02T08:01:39.570Z,56.0019,-149.1939,10.77,3.1,ml,,218,2.572,0.61,us,us2000hgx7,2023-08-16T17:36:49.761Z,"260 km SE of Chiniak, Alaska",earthquake,6,8.8,0.057,40,reviewed,us,us
2018-09-02T07:43:39.880Z,27.8622,129.4503,36.06,4.3,mb,,110,1.463,0.43,us,us2000hcjt,2018-11-07T18:37:12.040Z,"56 km S of Naze, Japan",earthquake,5,9.4,0.178,9,reviewed,us,us
2018-09-02T06:56:13.150Z,-21.8327,-68.4886,129.11,4.4,mwr,,45,0.7,1.25,us,us2000h6ti,2018-11-07T18:37:09.040Z,"82 km NNE of Calama, Chile",earthquake,6.1,7,,,reviewed,us,guc
2018-09-02T06:51:42.203Z,69.4874,-144.1818,7.4,2.7,ml,,,,0.76,ak,ak018b9ajne4,2023-08-16T17:36:38.900Z,"75 km SSW of Kaktovik, Alaska",earthquake,,0.5,,,reviewed,ak,ak
2018-09-02T06:51:06.210Z,27.1405,126.7623,145,4,mb,,61,1.381,1.06,us,us2000hcjq,2018-11-07T18:37:12.040Z,"131 km NW of Ishikawa, Japan",earthquake,9.3,10.2,0.138,14,reviewed,us,us
2018-09-02T06:50:56.790Z,1.5874,-96.9832,10,4.3,mb,,228,16.407,1.11,us,us2000hcjp,2018-11-07T18:37:12.040Z,"west of the Galapagos Islands",earthquake,6.1,2,0.106,25,reviewed,us,us
2018-09-02T06:34:08.950Z,-31.3284,-178.5138,10,4.4,mb,,158,2.137,0.78,us,us2000hcjl,2018-11-07T18:37:12.040Z,"Kermadec Islands region",earthquake,10.9,1.9,0.12,20,reviewed,us,us
2018-09-02T06:08:19.180Z,19.1768,-68.3571,31,2.67,md,6,291,0.6633,0.46,pr,pr2018245005,2018-11-07T18:37:09.040Z,"66 km N of Punta Cana, Dominican Republic",earthquake,5.36,24.38,0.36,6,reviewed,pr,pr
2018-09-02T05:52:22.870Z,-0.5439,29.5004,10,3.8,mb,,195,1.239,0.26,us,us2000h6yb,2018-11-07T18:37:09.040Z,"41 km NNW of Ntungamo, Uganda",earthquake,13.8,1.9,0.508,1,reviewed,us,us
2018-09-02T05:12:22.600Z,36.5136,71.0734,97.11,4.1,mb,,111,0.729,0.66,us,us2000h6se,2018-11-07T18:37:09.040Z,"44 km SSE of Jurm, Afghanistan",earthquake,3.8,7.3,0.158,11,reviewed,us,us
2018-09-02T05:02:38.190Z,37.3509,-97.9782,5.11,2.7,mb_lg,,132,0.055,0.13,us,us2000h6sb,2022-08-08T07:47:50.524Z,"8 km NNE of Harper, Kansas",earthquake,1.4,2.9,0.051,101,reviewed,us,us
2018-09-02T04:11:49.210Z,-5.6647,131.0397,104.61,4.9,mb,,69,2.317,0.73,us,us2000h6rw,2018-11-07T18:37:09.040Z,"189 km W of Tual, Indonesia",earthquake,7.1,3,0.071,63,reviewed,us,us
2018-09-02T03:43:15.680Z,-2.5225,-79.3462,79.74,4.9,mb,,37,1.972,1.06,us,us2000h6rs,2022-08-08T07:46:54.955Z,"10 km S of La Troncal, Ecuador",earthquake,7.6,5,0.027,423,reviewed,us,us
2018-09-02T03:21:54.070Z,50.8653,-178.3036,34.17,3.6,mb,,226,0.959,0.59,us,us2000hgx0,2023-08-16T17:35:34.660Z,"161 km SW of Adak, Alaska",earthquake,6,10.5,0.177,8,reviewed,us,us
2018-09-02T03:14:55.430Z,56.0791,-149.4688,10,2.9,ml,,206,2.4,0.8,us,us2000hgwz,2023-08-16T17:35:28.420Z,"241 km SE of Chiniak, Alaska",earthquake,6,2,0.057,40,reviewed,us,us
2018-09-02T02:58:46.180Z,29.1934,130.5179,10,4.5,mb,,108,3.075,0.57,us,us2000hcjj,2018-11-07T18:37:12.040Z,"115 km S of Koshima, Japan",earthquake,8.1,1.9,0.151,13,reviewed,us,us
2018-09-02T02:35:30.450Z,-3.4465,127.364,62.97,4.3,mb,,77,4.19,0.61,us,us2000hcji,2018-11-07T18:37:12.040Z,"95 km WNW of Ambon, Indonesia",earthquake,9.1,8.1,0.134,16,reviewed,us,us
2018-09-02T02:20:36.440Z,10.6658,-62.8875,107.02,4.4,mb,,82,1.894,0.81,us,us2000hcjh,2018-11-07T18:37:12.040Z,"40 km E of Carúpano, Venezuela",earthquake,7.7,7.3,0.061,77,reviewed,us,us
2018-09-02T02:11:40.360Z,36.5621667,-121.0736667,6.78,2.51,md,48,52,0.03192,0.08,nc,nc73079270,2018-09-05T00:27:30.805Z,"7km ENE of Pinnacles, CA",earthquake,0.15,0.37,0.179,63,reviewed,nc,nc
2018-09-02T01:38:13.390Z,54.2599,-161.4824,23.3,2.6,ml,,229,1.087,0.5,us,us2000h6w5,2023-08-16T17:35:07.478Z,"104 km SSE of King Cove, Alaska",earthquake,4.2,12.5,0.115,10,reviewed,us,us
2018-09-02T01:19:32.790Z,2.5821,126.8538,35,4.8,mb,,65,1.869,0.78,us,us2000h6r6,2018-11-07T18:37:09.040Z,"159 km NW of Tobelo, Indonesia",earthquake,3.7,1.9,0.044,161,reviewed,us,us
2018-09-02T01:07:17.150Z,-7.3533,103.0594,10,4.8,mb,,69,2.975,0.83,us,us2000h6r0,2018-11-07T18:37:09.040Z,"southwest of Sumatra, Indonesia",earthquake,7.3,1.8,0.085,43,reviewed,us,us
2018-09-02T00:56:22.210Z,54.2862,-161.4566,16.06,2.6,ml,,205,1.065,0.39,us,us2000hgwv,2023-08-16T17:34:54.457Z,"102 km SSE of King Cove, Alaska",earthquake,4.7,11.3,0.115,10,reviewed,us,us
2018-09-02T00:56:10.859Z,61.8001,-149.4321,34.2,2.5,ml,,,,0.48,ak,ak018b9701x9,2023-08-16T17:34:53.176Z,"12 km WNW of Fishhook, Alaska",earthquake,,0.3,,,reviewed,ak,ak
2018-09-02T00:52:59.921Z,68.6954,-145.9821,8.4,2.5,ml,,,,0.81,ak,ak018b96zaug,2023-08-16T17:34:51.862Z,"65 km NNW of Arctic Village, Alaska",earthquake,,0.1,,,reviewed,ak,ak
2018-09-02T00:27:54.170Z,38.0713333,-122.2258333,8.04,3.29,mw,122,73,0.003552,0.17,nc,nc73079240,2022-12-17T18:24:49.141Z,"2km NNW of Crockett, CA",earthquake,0.13,0.18,,5,reviewed,nc,nc
2018-09-02T00:15:46.250Z,-8.1302,116.4089,16.06,5.3,mww,,24,2.258,1.02,us,us2000h6pp,2022-05-03T19:29:02.223Z,"43 km NE of Gili Air, Indonesia",earthquake,6.5,3.2,0.065,23,reviewed,us,us
2018-09-02T00:10:03.930Z,51.816,-177.6614,93.57,2.5,ml,,156,0.217,0.24,us,us2000hgws,2023-08-16T17:34:36.771Z,"71 km W of Adak, Alaska",earthquake,8.3,4.7,,,reviewed,us,ak
2018-09-01T23:22:25.430Z,-20.4569,-178.1077,554.42,4,mb,,189,4.522,0.53,us,us2000hagq,2018-11-07T18:37:12.040Z,"Fiji region",earthquake,19.3,10.3,0.138,14,reviewed,us,us
2018-09-01T22:33:25.160Z,52.7772,-169.579,19.51,2.5,ml,,196,0.087,0.71,us,us1000h5sc,2023-08-16T17:34:27.524Z,"51 km WSW of Nikolski, Alaska",earthquake,6.7,7.6,,,reviewed,us,ak
2018-09-01T22:33:00.280Z,-18.1931,-178.3487,527.28,4.2,mb,,207,3.454,0.57,us,us2000hagn,2018-11-07T18:37:12.040Z,"247 km E of Levuka, Fiji",earthquake,20.9,10.9,0.118,20,reviewed,us,us
2018-09-01T21:18:41.850Z,40.2886667,-121.5555,5,2.92,md,26,54,0.1441,0.1,nc,nc73079175,2018-09-04T03:59:03.232Z,"8km S of Mineral, CA",earthquake,0.23,0.78,0.175,68,reviewed,nc,nc
2018-09-01T20:51:38.050Z,-30.3123,-71.8146,28.49,4,mwr,,134,0.392,1.09,us,us2000h6lr,2018-11-07T18:37:08.040Z,"60 km SW of Coquimbo, Chile",earthquake,4.6,4,0.051,37,reviewed,us,us
2018-09-01T20:24:51.790Z,56.0843,-150.0283,27.94,2.7,ml,,257,2.13,0.58,us,us1000h5sa,2023-08-16T17:34:10.329Z,"218 km SE of Chiniak, Alaska",earthquake,13.6,21.6,0.077,22,reviewed,us,us
2018-09-01T20:21:24.541Z,69.5325,-144.5198,4.8,2.8,ml,,,,0.64,ak,ak018b7v5wiu,2023-08-16T17:34:09.052Z,"75 km SSW of Kaktovik, Alaska",earthquake,,0.4,,,reviewed,ak,ak
2018-09-01T19:54:44.990Z,52.5981,-168.7261,34.13,3,ml,,201,0.382,0.28,us,us2000h6lg,2023-08-16T17:34:00.135Z,"39 km SSE of Nikolski, Alaska",earthquake,5,11.9,,,reviewed,us,ak
2018-09-01T19:48:49.390Z,35.0679,25.9457,15.41,4.2,mb,,119,0.892,0.79,us,us2000h6l4,2018-11-07T18:37:08.040Z,"18 km ENE of Kentrí, Greece",earthquake,6.6,5.7,0.106,25,reviewed,us,us
2018-09-01T19:19:46.550Z,24.7558,95.3651,149.33,4.6,mb,,43,1.102,0.64,us,us2000h6kw,2018-11-07T18:37:08.040Z,"132 km E of W?ngjing, India",earthquake,7,5.4,0.059,85,reviewed,us,us
2018-09-01T19:15:38.690Z,6.9447,126.9672,56.16,4.5,mb,,111,1.383,1.01,us,us2000hagm,2018-11-07T18:37:12.040Z,"55 km ESE of Manay, Philippines",earthquake,8.4,8.7,0.103,28,reviewed,us,us
2018-09-01T18:43:53.650Z,29.4436,130.9673,35.65,4.7,mb,,39,3.522,1.13,us,us2000h6kl,2018-11-07T18:37:08.040Z,"97 km SSE of Koshima, Japan",earthquake,5.6,5.3,0.071,59,reviewed,us,us
2018-09-01T18:33:37.629Z,59.8354,-148.4727,15.9,2.8,ml,,,,0.55,ak,ak018b7u1mwy,2023-08-16T17:29:36.765Z,"36 km SW of Chenega, Alaska",earthquake,,0.5,,,reviewed,ak,ak
2018-09-01T18:09:55.250Z,23.4903,82.446,10,4.7,mb,,78,9.928,0.97,us,us2000h6kg,2022-08-08T07:46:06.472Z,"27 km NNW of Baikunthpur, India",earthquake,9.2,1.9,0.061,81,reviewed,us,us
2018-09-01T17:49:50.100Z,-18.3807,-177.6198,521.21,4.2,mb,,101,4.165,1.14,us,us2000hagh,2018-11-07T18:37:12.040Z,"Fiji region",earthquake,12.9,9.7,0.085,39,reviewed,us,us
2018-09-01T17:45:54.140Z,-31.3393,179.6352,443.46,4.1,mb,,201,7.578,0.61,us,us2000hagg,2018-11-07T18:37:12.040Z,"Kermadec Islands region",earthquake,14.8,14.4,0.151,12,reviewed,us,us
2018-09-01T17:21:08.750Z,-22.4632,-178.2752,330.15,4.5,mb,,104,8.505,0.87,us,us2000h6jw,2018-11-07T18:37:08.040Z,"south of the Fiji Islands",earthquake,12.8,6.7,0.06,82,reviewed,us,us
2018-09-01T17:20:19.830Z,-17.9256,167.7106,10,4.1,mb,,136,4.157,1.76,us,us2000hagi,2018-11-07T18:37:12.040Z,"67 km WSW of Port-Vila, Vanuatu",earthquake,10.9,2,0.214,7,reviewed,us,us
2018-09-01T16:54:35.840Z,-6.2523,128.6073,337.86,4.3,mb,,38,3.176,0.73,us,us2000h6jf,2018-11-07T18:37:08.040Z,"286 km S of Ambon, Indonesia",earthquake,3.9,8.3,0.074,52,reviewed,us,us
2018-09-01T16:53:33.660Z,52.8059,-169.558,19.47,2.8,ml,,191,0.102,0.35,us,us2000h6qi,2023-08-16T17:29:24.237Z,"49 km WSW of Nikolski, Alaska",earthquake,4,2.1,,,reviewed,us,ak
2018-09-01T16:50:29.340Z,33.4878333,-116.8065,2.28,3.13,ml,158,12,0.01709,0.23,ci,ci38043999,2018-11-07T18:37:08.040Z,"7km NE of Aguanga, CA",earthquake,0.09,0.24,0.151,294,reviewed,ci,ci
2018-09-01T16:49:44.290Z,52.6614,-169.4493,19.35,3.4,ml,,207,0.208,1.2,us,us1000h5s4,2023-08-16T17:29:23.073Z,"50 km SW of Nikolski, Alaska",earthquake,6.4,7.1,,,reviewed,us,ak
2018-09-01T16:45:47.410Z,54.3627,-161.4926,28.62,2.9,ml,,200,0.985,0.78,us,us1000h5s3,2023-08-16T17:29:20.727Z,"94 km SE of King Cove, Alaska",earthquake,3.4,10.8,0.105,12,reviewed,us,us
2018-09-01T16:40:11.040Z,14.7306,145.1528,119.37,3.8,mb,,132,0.797,0.99,us,us2000hagf,2018-11-07T18:37:12.040Z,"56 km WSW of San Jose Village, Northern Mariana Islands",earthquake,10.6,11.7,0.294,3,reviewed,us,us
2018-09-01T16:39:18.967Z,56.2625,-149.1075,9.2,2.6,ml,,,,0.8,aacse,aacse018b7sw0k8,2021-02-22T17:20:41.046Z,"244 km SE of Chiniak, Alaska",earthquake,,3.5,,,reviewed,aacse,aacse
2018-09-01T15:49:11.397Z,69.5229,-144.5617,7,2.7,ml,,,,0.69,ak,ak018b7scpj7,2023-08-16T17:29:15.876Z,"76 km SSW of Kaktovik, Alaska",earthquake,,0.3,,,reviewed,ak,ak
2018-09-01T15:48:57.150Z,51.2726,-177.6253,28.9,3.3,ml,,210,0.513,0.53,us,us2000h6qg,2023-08-16T17:29:09.675Z,"95 km SW of Adak, Alaska",earthquake,7.5,17.1,,,reviewed,us,ak
2018-09-01T15:45:06.620Z,38.8263333,-122.8115,1.59,3.76,mw,63,27,0.003138,0.06,nc,nc73078885,2018-11-07T18:37:08.040Z,"7km NW of The Geysers, CA",earthquake,0.1,0.16,,4,reviewed,nc,nc
2018-09-01T15:43:00.730Z,27.9555,139.9127,435,5.6,mww,,25,2.191,1.02,us,us2000h6i8,2022-05-03T19:28:42.574Z,"Bonin Islands, Japan region",earthquake,9.1,1.9,0.046,45,reviewed,us,us
2018-09-01T15:39:36.890Z,2.9585,126.415,10,4.1,mb,,148,2.371,0.41,us,us2000hage,2018-11-07T18:37:12.040Z,"223 km NW of Tobelo, Indonesia",earthquake,12.7,2,0.151,12,reviewed,us,us
2018-09-01T14:33:12.520Z,51.3362,-177.7078,35,3,ml,,207,0.516,0.99,us,us2000h6is,2023-08-16T17:28:55.134Z,"95 km SW of Adak, Alaska",earthquake,4.7,2,,,reviewed,us,ak
2018-09-01T14:23:23.950Z,51.3305,-177.6817,35,5.1,mww,,91,0.617,0.92,us,us2000h6hg,2023-08-16T17:28:52.573Z,"94 km SW of Adak, Alaska",earthquake,5.8,1.9,0.059,28,reviewed,us,us
2018-09-01T13:41:39.405Z,69.4768,-144.3162,3.4,2.8,ml,,,,0.73,ak,ak018b7r46r8,2023-08-16T17:28:49.227Z,"77 km SSW of Kaktovik, Alaska",earthquake,,0.3,,,reviewed,ak,ak
2018-09-01T13:37:34.260Z,36.0507,141.2251,20.92,4.5,mb,,143,1.848,0.74,us,us2000hagk,2018-11-07T18:37:12.040Z,"49 km NE of Hasaki, Japan",earthquake,7.5,7.2,0.163,11,reviewed,us,us
2018-09-01T13:27:49.866Z,67.4784,-155.5308,10,3.2,ml,,,,0.91,ak,ak018b7r17je,2023-08-16T17:28:48.092Z,"86 km NE of Kobuk, Alaska",earthquake,,0,,,reviewed,ak,ak
2018-09-01T13:27:12.844Z,67.4886,-155.5779,8.7,3.2,ml,,,,0.72,ak,ak018b7r14ok,2023-08-16T17:28:46.896Z,"85 km NE of Kobuk, Alaska",earthquake,,0.3,,,reviewed,ak,ak
2018-09-01T13:16:32.007Z,69.5055,-144.4966,10.7,2.6,ml,,,,0.67,ak,ak018b7qyta8,2023-08-16T17:28:45.760Z,"77 km SSW of Kaktovik, Alaska",earthquake,,0.4,,,reviewed,ak,ak
2018-09-01T13:10:00.640Z,-7.8996,119.9616,235.29,4.6,mb,,59,2.368,0.59,us,us2000h6gw,2018-11-07T18:37:08.040Z,"66 km N of Labuan Bajo, Indonesia",earthquake,8.3,4.6,0.113,23,reviewed,us,us
2018-09-01T13:08:16.463Z,68.8518,-146.5967,13.3,2.6,ml,,,,0.7,ak,ak018b7qx2cu,2023-08-16T17:28:44.659Z,"91 km NNW of Arctic Village, Alaska",earthquake,,0.2,,,reviewed,ak,ak
2018-09-01T12:55:24.080Z,55.9675,-149.133,7.44,3,ml,,209,2.619,1.01,us,us1000h5rb,2023-08-16T17:28:43.355Z,"265 km SE of Chiniak, Alaska",earthquake,7.9,8.5,0.057,40,reviewed,us,us
2018-09-01T12:49:40.490Z,-18.0207,-178.3176,591.46,4.1,mb,,296,3.467,0.33,us,us2000hagc,2018-11-07T18:37:12.040Z,"250 km E of Levuka, Fiji",earthquake,33.7,21.4,0.127,17,reviewed,us,us
2018-09-01T12:23:35.880Z,-22.1684,169.7847,10,4.6,mb,,96,2.208,0.5,us,us2000hagb,2018-11-07T18:37:12.040Z,"208 km ESE of Tadine, New Caledonia",earthquake,11.7,1.9,0.158,12,reviewed,us,us
2018-09-01T12:21:07.290Z,31.2496,74.046,10,3.9,mb,,184,2.482,0.9,us,us2000h6g5,2022-08-08T07:45:18.725Z,"10 km NNW of Kot Radha Kishan, Pakistan",earthquake,7.3,2,0.194,7,reviewed,us,us
2018-09-01T12:19:54.550Z,32.0881667,-115.023,20,3.99,mw,24,285,0.2188,0.32,ci,ci38043735,2018-11-07T18:37:08.040Z,"12km S of Estacion Coahuila, B.C., MX",earthquake,1.18,1.61,,4,reviewed,ci,ci
2018-09-01T12:13:46.990Z,69.5052,-144.3578,8.4,2.8,ml,,,,0.54,ak,ak018b7qcror,2023-08-16T17:28:38.707Z,"75 km SSW of Kaktovik, Alaska",earthquake,,0.4,,,reviewed,ak,ak
2018-09-01T12:10:05.180Z,-18.0124,-177.9903,600.4,4.4,mb,,123,3.777,0.7,us,us2000h6gj,2018-11-07T18:37:08.040Z,"285 km E of Levuka, Fiji",earthquake,13.8,8.2,0.072,56,reviewed,us,us
2018-09-01T11:12:38.350Z,44.3659,-28.2501,10,4.8,mb,,51,6.909,0.59,us,us2000h6fj,2025-12-22T17:50:30.921Z,"northern Mid-Atlantic Ridge",earthquake,4.8,1.8,0.045,152,reviewed,us,us
2018-09-01T10:46:01.739Z,63.2182,-151.818,7.8,2.6,ml,,,,0.74,ak,ak018b7pcvm5,2023-08-16T17:28:13.902Z,"36 km S of Denali National Park, Alaska",earthquake,,0.2,,,reviewed,ak,ak
2018-09-01T10:43:04.406Z,63.2353,-151.8616,15.1,2.9,ml,,,,0.65,ak,ak018b7pc8o8,2023-08-16T17:28:11.453Z,"34 km SSW of Denali National Park, Alaska",earthquake,,0.2,,,reviewed,ak,ak
2018-09-01T10:32:21.670Z,40.3858333,-124.6011667,24.53,2.51,md,28,248,0.2203,0.17,nc,nc73078815,2018-11-07T18:37:09.040Z,"28km WNW of Petrolia, CA",earthquake,0.68,1.09,0.252,26,reviewed,nc,nc
2018-09-01T10:12:25.310Z,19.4073333,-155.433,0.8,2.56,ml,33,55,0.08607,0.13,hv,hv70571747,2018-11-07T18:37:08.040Z,"21 km W of Volcano, Hawaii",earthquake,0.36,0.67,0.24,37,reviewed,hv,hv
2018-09-01T10:07:33.270Z,-10.8511,166.0376,58.12,4.1,mb,,241,6.158,0.25,us,us2000hag9,2018-11-07T18:37:12.040Z,"29 km ESE of Lata, Solomon Islands",earthquake,8.4,15.6,0.151,12,reviewed,us,us
2018-09-01T08:30:16.640Z,10.6588,-62.9105,98.69,4.2,mb,,65,4.105,0.86,us,us2000hag5,2018-11-07T18:37:12.040Z,"37 km E of Carúpano, Venezuela",earthquake,9.5,12.8,0.167,10,reviewed,us,us
2018-09-01T08:29:36.350Z,55.4994,-151.811,9.5,2.9,ml,,236,1.703,1.3,us,us1000h5qv,2023-08-16T17:27:57.910Z,"211 km SSE of Old Harbor, Alaska",earthquake,6,8.6,0.066,30,reviewed,us,us
2018-09-01T08:23:39.261Z,59.4881,-138.0166,13.3,2.5,ml,,,,0.73,ak,ak018b7o15ty,2023-08-16T17:27:56.600Z,"97 km E of Yakutat, Alaska",earthquake,,0.1,,,reviewed,ak,ak
2018-09-01T07:43:49.150Z,18.8196,-67.2461,10,2.64,md,18,219,0.3771,0.35,pr,pr2018244000,2018-11-07T18:37:08.040Z,"39 km NNW of San Antonio, Puerto Rico",earthquake,0.98,1.38,0.5,17,reviewed,pr,pr
2018-09-01T07:24:34.520Z,32.721,140.4162,126.83,4.4,mb,,135,0.641,0.81,us,us2000h6eb,2018-11-07T18:37:08.040Z,"256 km SSE of Tateyama, Japan",earthquake,7.6,5.4,0.123,19,reviewed,us,us
2018-09-01T07:23:11.937Z,54.6374,-155.0961,3.7,3.2,ml,,,,0.9,aacse,aacse018b7nfo55,2023-08-16T17:27:46.495Z,"263 km SSW of Akhiok, Alaska",earthquake,,0.3,,,reviewed,aacse,aacse
2018-09-01T07:11:51.930Z,18.5664,145.8614,182.73,4.5,mb,,130,3.307,0.67,us,us2000hag2,2018-11-07T18:37:12.040Z,"Pagan region, Northern Mariana Islands",earthquake,15,8.8,0.086,39,reviewed,us,us
2018-09-01T06:46:16.353Z,59.7242,-138.9032,8,2.9,ml,,,,0.69,ak,ak018b7mz6bn,2023-08-16T17:27:37.788Z,"50 km ENE of Yakutat, Alaska",earthquake,,0.1,,,reviewed,ak,ak
2018-09-01T06:41:19.711Z,69.5759,-144.9367,19.1,4.5,mw,,,,1.04,ak,ak018b7my403,2023-08-16T17:27:31.492Z,"79 km SW of Kaktovik, Alaska",earthquake,,0.2,,,reviewed,ak,ak
2018-09-01T06:19:21.980Z,43.7021,-127.4381,10,3.1,ml,,255,2.457,0.79,us,us2000h6dh,2018-11-07T18:37:08.040Z,"253 km WNW of Bandon, Oregon",earthquake,3.4,2,0.047,60,reviewed,us,us
2018-09-01T06:13:45.040Z,-28.9796,74.5586,10,5.5,mww,,51,18.721,1.07,us,us2000h6dj,2025-12-22T17:50:30.196Z,"Mid-Indian Ridge",earthquake,10.6,1.8,0.052,35,reviewed,us,us
2018-09-01T05:57:53.470Z,-28.9391,74.4527,10,4.9,mb,,92,13.616,0.65,us,us2000h6du,2018-11-07T18:37:08.040Z,"Mid-Indian Ridge",earthquake,11,1.8,0.09,39,reviewed,us,us
2018-09-01T05:55:24.100Z,39.2054,-114.9571,5,2.7,ml,11,92.17,0.193,0.2333,nn,nn00654231,2018-11-07T18:37:08.040Z,"7 km SW of Ely, Nevada",earthquake,,4.9,0.35,3,reviewed,nn,nn
2018-09-01T05:31:11.970Z,34.3868,45.7902,10,4.4,mb,,72,0.73,1.42,us,us2000h6d6,2018-11-07T18:37:08.040Z,"10 km SW of Sarpol-e Z?ah?b, Iran",earthquake,2.4,1.9,0.076,50,reviewed,us,us
2018-09-01T05:18:02.560Z,-29.0981,-71.5001,11.21,4,mb,,145,0.705,1.09,us,us2000h6d0,2018-11-07T18:37:08.040Z,"92 km SW of Vallenar, Chile",earthquake,7,7.1,0.26,4,reviewed,us,us
2018-09-01T05:16:39.871Z,55.117,-153.5752,5.8,2.5,ml,,,,0.64,aacse,aacse018b7m7d1v,2021-02-22T17:20:41.399Z,"206 km S of Akhiok, Alaska",earthquake,,1.6,,,reviewed,aacse,aacse
2018-09-01T04:03:08.220Z,-17.9718,-177.9245,585.62,4.4,mb,,103,3.837,0.81,us,us2000hafu,2018-11-07T18:37:12.040Z,"292 km E of Levuka, Fiji",earthquake,13,11,0.1,29,reviewed,us,us
2018-09-01T03:54:18.320Z,-15.6402,-174.6906,279.09,4.1,mb,,69,3.301,1.17,us,us2000h6cd,2018-11-07T18:37:08.040Z,"101 km WNW of Hihifo, Tonga",earthquake,11.4,6.9,0.158,11,reviewed,us,us
2018-09-01T03:27:24.550Z,51.0678,-176.1332,10,4,mb,,195,0.944,1.2,us,us2000h6bx,2023-08-16T17:27:03.612Z,"96 km SSE of Adak, Alaska",earthquake,5.3,1.9,0.09,33,reviewed,us,us
2018-09-01T03:20:25.500Z,35.3781,-98.1186,6.886,2.6,ml,,94,,0.66,us,us2000h6bu,2018-11-07T18:37:07.040Z,"16 km W of Union City, Oklahoma",earthquake,1.4,5,,,reviewed,ok,ok
2018-09-01T02:44:00.890Z,-6.6082,-122.1207,10,4.9,mb,,55,32.373,0.91,us,us2000h6bm,2018-11-07T18:37:07.040Z,"South Pacific Ocean",earthquake,13.8,1.8,0.052,115,reviewed,us,us
2018-09-01T02:35:03.776Z,69.5468,-144.5755,7.7,2.5,ml,,,,0.69,ak,ak018b7kj221,2023-08-16T17:26:49.279Z,"74 km SSW of Kaktovik, Alaska",earthquake,,0.4,,,reviewed,ak,ak
2018-09-01T02:27:55.698Z,69.5008,-144.2063,14.1,3.3,ml,,,,0.68,ak,ak018b7khgc1,2023-08-16T17:26:48.198Z,"73 km SSW of Kaktovik, Alaska",earthquake,,0.3,,,reviewed,ak,ak
2018-09-01T02:05:27.347Z,58.7382,-152.5876,56.7,2.5,ml,,,,0.52,ak,ak018b7kcoe6,2023-08-16T17:26:45.980Z,"77 km NNE of Aleneva, Alaska",earthquake,,0.3,,,reviewed,ak,ak
2018-09-01T01:50:16.740Z,38.8215,-122.7616667,1.79,2.5,md,56,59,0.01103,0.08,nc,nc73078705,2018-09-08T01:23:03.280Z,"3km W of Cobb, CA",earthquake,0.14,0.22,0.226,31,reviewed,nc,nc
2018-09-01T01:14:38.230Z,-30.483,-177.9279,43.9,4.3,mb,,165,1.233,0.87,us,us2000hafq,2018-11-07T18:37:12.040Z,"Kermadec Islands, New Zealand",earthquake,12.8,5.8,0.177,9,reviewed,us,us
2018-09-01T01:07:59.120Z,-10.7558,124.3621,10,4,mb,,112,0.998,1.23,us,us2000hafw,2018-11-07T18:37:12.040Z,"99 km S of Soe, Indonesia",earthquake,7.1,2,0.26,4,reviewed,us,us
2018-09-01T01:00:13.810Z,-5.5167,147.1735,217.56,4.6,mb,,119,3.455,0.71,us,us2000h6as,2018-11-07T18:37:07.040Z,"134 km N of Lae, Papua New Guinea",earthquake,9.1,8.7,0.112,24,reviewed,us,us
2018-09-01T00:27:11.440Z,46.8819,155.6566,10,4.3,mb,,94,6.37,1.21,us,us2000hafn,2018-11-07T18:37:12.040Z,"east of the Kuril Islands",earthquake,10.6,1.9,0.122,19,reviewed,us,us
2018-09-01T00:00:47.980Z,-55.7508,-28.3561,10,4.8,mb,,78,4.905,1.31,us,us2000h6aq,2018-11-07T18:37:07.040Z,"South Sandwich Islands region",earthquake,10.4,1.9,0.089,39,reviewed,us,us
