time,latitude,longitude,depth,mag,magType,nst,gap,dmin,rms,net,id,updated,place,type,horizontalError,depthError,magError,magNst,status,locationSource,magSource
1986-10-30T23:37:06.420Z,35.262,-118.578,5.196,2.84,ml,0,87.8,,0.065,ci,ci610019,2016-02-03T22:52:03.410Z,"19km NW of Tehachapi, CA",earthquake,,0.542,,9,reviewed,ci,ci
1986-10-30T22:58:00.780Z,38.823,-122.3813333,-0.72,2.6,md,13,100,0.05495,0.17,nc,nc86853,2016-12-06T11:15:56.180Z,"15 km E of Hidden Valley Lake, California",quarry blast,0.4,2.08,0.15,12,reviewed,nc,nc
1986-10-30T21:40:31.700Z,1.834,126.491,49.2,4.7,mb,,,,1.3,us,usp0002zhc,2014-11-07T00:39:13.118Z,"152 km NW of Ternate, Indonesia",earthquake,,16.4,,2,reviewed,us,us
1986-10-30T20:10:59.780Z,-5.158,152.675,49.5,4.6,mb,,,,1.2,us,usp0002zhb,2014-11-07T00:39:13.115Z,"100 km SSE of Kokopo, Papua New Guinea",earthquake,,8.8,,3,reviewed,us,us
1986-10-30T19:04:38.300Z,34.016,-118.819,8.033,2.59,mc,0,156.8,,0.106,ci,ci712061,2016-02-04T04:05:37.640Z,"2km NW of Malibu, CA",earthquake,,0.061,,41,reviewed,ci,ci
1986-10-30T18:22:45.130Z,-26.334,27.393,5,4,m,,,,1.4,us,usp0002zha,2014-11-07T00:39:13.113Z,"3 km N of Carletonville, South Africa",earthquake,,,,,reviewed,us,bul
1986-10-30T18:12:08.120Z,36.8341667,-121.5625,6.229,3.1,ml,68,39,0.01802,0.09,nc,nc10086971,2016-12-06T11:15:02.340Z,"2 km WSW of San Juan Bautista, California",earthquake,0.14,0.26,,4,reviewed,nc,nc
1986-10-30T17:40:31.510Z,-31.621,-69.6,126.4,4.7,mb,,,,1.4,us,usp0002zh8,2014-11-07T00:39:13.106Z,"36 km SSW of Calingasta, Argentina",earthquake,,5.5,,4,reviewed,us,us
1986-10-30T15:47:26.850Z,14.942,-60.365,33,2.7,ml,,,,0.1,us,usp0002zh7,2014-11-07T00:39:13.105Z,"67 km NE of Le Vauclin, Martinique",earthquake,,,,,reviewed,us,fdf
1986-10-30T15:36:39.840Z,34.738,-120.157,3.151,2.77,mc,0,83.7,,0.161,ci,ci609986,2016-02-04T03:26:55.050Z,"9km NNW of Los Olivos, CA",earthquake,,0.237,,34,reviewed,ci,ci
1986-10-30T15:11:23.190Z,34.369,-116.394,5.095,2.76,mc,0,64.5,,0.103,ci,ci712042,2016-02-04T02:09:03.600Z,"27km NNW of Joshua Tree, CA",earthquake,,,,58,reviewed,ci,ci
1986-10-30T12:55:07.090Z,16.116,119.737,33,4.5,mb,,,,1.3,us,usp0002zh6,2014-11-07T00:39:13.103Z,"5 km WSW of Aloleng, Philippines",earthquake,,,,4,reviewed,us,us
1986-10-30T12:14:18.440Z,-10.899,165.351,33,4.3,mb,,,,0.8,us,usp0002zh5,2014-11-07T00:39:13.101Z,"52 km WSW of Lata, Solomon Islands",earthquake,,,,2,reviewed,us,us
1986-10-30T11:57:42.660Z,-22.027,-176.535,194.5,4.5,mb,,,,0.7,us,usp0002zh4,2014-11-07T00:39:13.098Z,"167 km SW of Haveluloto, Tonga",earthquake,,18.6,,5,reviewed,us,us
1986-10-30T09:06:17.730Z,-23.524,-179.896,554.6,4.6,mb,,,,1.1,us,usp0002zh2,2014-11-07T00:39:13.091Z,"south of the Fiji Islands",earthquake,,12.4,,13,reviewed,us,us
1986-10-30T07:59:20.300Z,-5.401,146.476,154.7,5,mb,,,,1.1,us,usp0002zh0,2014-11-07T00:39:13.085Z,"78 km ESE of Madang, Papua New Guinea",earthquake,,6.4,,3,reviewed,us,us
1986-10-30T06:50:08.950Z,6.189,126.354,96.1,4.5,mb,,,,1.5,us,usp0002zgz,2014-11-07T00:39:13.082Z,"27 km SE of Pondaguitan, Philippines",earthquake,,26.5,,2,reviewed,us,us
1986-10-30T06:37:24.350Z,44.002,33.933,10,4.2,mb,,,,1.4,us,usp0002zgy,2014-11-07T00:39:13.079Z,"44 km SSE of Foros, Ukraine",earthquake,,,,4,reviewed,us,us
1986-10-30T05:56:33.890Z,8.459,-102.916,10,4.8,mb,,,,1.1,us,usp0002zgx,2014-11-07T00:39:13.072Z,"northern East Pacific Rise",earthquake,,,,15,reviewed,us,us
1986-10-30T04:03:59.740Z,38.1001667,-119.236,5.194,2.53,md,31,50,0.06486,0.09,nc,nc1144914,2016-12-06T11:13:03.600Z,"10 km NW of Mono City, California",earthquake,0.23,0.78,0.39,10,reviewed,nc,nc
1986-10-30T04:01:52.770Z,38.0965,-119.2408333,5.324,3.6,ml,64,45,0.06486,0.08,nc,nc86908,2016-12-06T11:12:54.240Z,"10 km NW of Mono City, California",earthquake,0.18,0.85,,6,reviewed,nc,nc
1986-10-30T03:46:46.710Z,39.761,28.761,10,4,mb,,,,0.9,us,usp0002zgv,2014-11-07T00:39:13.065Z,"12 km W of Yenice, Turkey",earthquake,,,,12,reviewed,us,us
1986-10-30T01:28:54.590Z,-21.702,-176.616,188.1,7.2,mw,,,,0.9,us,usp0002zgu,2022-04-27T22:04:25.831Z,"157 km WSW of Haveluloto, Tonga",earthquake,,,,,reviewed,us,hrv
1986-10-30T00:32:03.610Z,-27.868,-176.565,33,5.1,ms,,,,0.8,us,usp0002zgs,2014-11-07T00:39:12.991Z,"Kermadec Islands region",earthquake,,,,1,reviewed,us,us
1986-10-30T00:05:43.000Z,39.7446667,-110.9753333,4.66,3.12,md,14,194,0.6083,0.3,uu,uu50030465,2018-08-28T03:28:05.800Z,"12 km WNW of Helper, Utah",earthquake,1.95,8.35,,3,reviewed,uu,uu
1986-10-29T23:58:12.650Z,-49.22,164.693,33,5,mb,,,,1.1,us,usp0002zgr,2014-11-07T00:39:12.987Z,"Auckland Islands, New Zealand region",earthquake,,,,2,reviewed,us,us
1986-10-29T23:18:23.230Z,-19.057,168.673,170.8,4.7,mb,,,,1.4,us,usp0002zgq,2014-11-07T00:39:12.985Z,"83 km NW of Isangel, Vanuatu",earthquake,,13.3,,3,reviewed,us,us
1986-10-29T22:55:02.290Z,38.8121667,-122.3951667,-0.885,2.57,md,8,145,0.04144,0.02,nc,nc10086968,2016-12-06T11:12:15.032Z,"14 km E of Hidden Valley Lake, California",quarry blast,1.04,0.8,0.16,10,reviewed,nc,nc
1986-10-29T22:13:14.460Z,41.8203333,-112.3193333,3.32,3.57,ml,19,94,0.109,0.13,uu,uu50030440,2018-08-28T03:28:03.070Z,"10 km ENE of Howell, Utah",earthquake,0.38,0.96,,2,reviewed,uu,uu
1986-10-29T21:29:07.120Z,-5.875,127.801,413.5,4.7,mb,,,,1.1,us,usp0002zgk,2014-11-07T00:39:12.797Z,"244 km S of Ambon, Indonesia",earthquake,,8.9,,8,reviewed,us,us
1986-10-29T21:10:47.840Z,36.577,68.075,33,4.4,mb,,,,1.1,us,usp0002zgj,2014-11-07T00:39:12.688Z,"35 km N of A?bak, Afghanistan",earthquake,,,,4,reviewed,us,us
1986-10-29T20:11:39.730Z,5.722,125.331,71.6,5.6,mw,,,,1.1,us,usp0002zgh,2022-04-27T22:04:19.831Z,"6 km ENE of Pangyan, Philippines",earthquake,,6.7,,,reviewed,us,hrv
1986-10-29T19:48:06.630Z,41.918,19.557,10,3.2,md,,,,1,us,usp0002zgg,2014-11-07T00:39:12.646Z,"11 km NNW of Shëngjin, Albania",earthquake,,,,,reviewed,us,ttg
1986-10-29T19:14:26.010Z,63.148,-150.63,33,3,ml,,,,0.8,us,usp0002zgf,2014-11-07T00:39:12.623Z,"70 km SE of Denali National Park, Alaska",earthquake,,,,,reviewed,us,pmr
1986-10-29T17:45:06.930Z,41.959,19.634,10,2.7,ml,,,,0.8,us,usp0002zge,2014-11-07T00:39:12.523Z,"10 km SE of Vukatanë, Albania",earthquake,,,,,reviewed,us,ttg
1986-10-29T17:12:47.030Z,-16.753,-177.674,423.5,3.4,mb,,,,0.3,us,usp0002zgd,2014-11-07T00:39:12.520Z,"274 km S of Alo, Wallis and Futuna",earthquake,,14.9,,1,reviewed,us,us
1986-10-29T16:57:07.700Z,41.961,19.539,10,2.7,ml,,,,0.8,us,usp0002zgc,2014-11-07T00:39:12.519Z,"7 km S of Vukatanë, Albania",earthquake,,,,,reviewed,us,ttg
1986-10-29T16:35:21.680Z,52.491,-173.993,33,4.5,mb,,,,1.3,us,usp0002zgb,2014-11-07T00:39:12.464Z,"35 km NNE of Atka, Alaska",earthquake,,,,1,reviewed,us,us
1986-10-29T15:32:56.160Z,-5.832,154.019,49.4,4.8,mb,,,,1.2,us,usp0002zga,2014-11-07T00:39:12.460Z,"170 km WNW of Panguna, Papua New Guinea",earthquake,,9.5,,2,reviewed,us,us
1986-10-29T15:28:56.740Z,9.271,126.784,33,5.6,mw,,,,1.2,us,usp0002zg9,2022-04-27T22:04:12.455Z,"65 km E of Cortes, Philippines",earthquake,,,,,reviewed,us,hrv
1986-10-29T14:40:52.750Z,11.416,140.824,33,5,mb,,,,1.1,us,usp0002zg8,2014-11-07T00:39:12.440Z,"185 km N of Fais, Micronesia",earthquake,,,,12,reviewed,us,us
1986-10-29T13:59:41.580Z,35.593,-115.17,4.739,2.53,mh,0,264,,0.302,ci,ci711974,2016-02-04T04:44:28.700Z,"20km E of Primm, NV",quarry blast,,,,7,reviewed,ci,ci
1986-10-29T13:36:57.130Z,19.3983333,-155.2665,1.899,2.53,ml,28,73,,0.08,hv,hv225303,2020-03-31T21:56:49.400Z,"5 km SW of Volcano, Hawaii",earthquake,0.2,0.21,0.03,2,reviewed,hv,hv
1986-10-29T11:40:02.290Z,41.946,19.574,10,2.7,ml,,,,0.3,us,usp0002zg7,2014-11-07T00:39:12.438Z,"9 km SSE of Vukatanë, Albania",earthquake,,,,,reviewed,us,ttg
1986-10-29T11:12:08.810Z,43.642,10.156,10,3.3,md,,,,1.2,us,usp0002zg6,2014-11-07T00:39:12.434Z,"9 km WSW of Marina di Pisa, Italy",earthquake,,,,,reviewed,us,tri
1986-10-29T08:15:34.810Z,34.736,-120.15,4.541,3.27,ml,0,84,,0.14,ci,ci711966,2016-02-04T02:09:01.670Z,"8km NNW of Los Olivos, CA",earthquake,,19.713,,6,reviewed,ci,ci
1986-10-29T08:13:31.660Z,43.817,8.261,10,3,ml,,,,0.7,us,usp0002zg4,2014-11-07T00:39:12.431Z,"16 km SE of Cervo, Italy",earthquake,,,,,reviewed,us,ldg
1986-10-29T07:12:19.750Z,-6.849,145.946,142.3,3.7,mb,,,,0.8,us,usp0002zg3,2014-11-07T00:39:12.430Z,"62 km S of Kainantu, Papua New Guinea",earthquake,,13.1,,1,reviewed,us,us
1986-10-29T07:10:19.290Z,32.963,-117.803,5.622,3.01,ml,0,192.1,,0.262,ci,ci711964,2016-02-03T22:13:31.750Z,"47km WSW of Carlsbad, CA",earthquake,,,,6,reviewed,ci,ci
1986-10-29T05:41:16.120Z,40.1191667,-125.3566667,4.662,2.91,md,11,339,1.621,0.42,nc,nc10086967,2016-12-06T11:09:35.412Z,"105 km WSW of Ferndale, California",earthquake,25.2,21.16,0.18,4,reviewed,nc,nc
1986-10-29T05:03:41.300Z,38.44,-89.04,5,3,md,,,,,nm,nm602957,2016-04-14T17:25:08.610Z,"4 km S of Walnut Hill, Illinois",earthquake,,,,,reviewed,nm,nm
1986-10-29T04:14:52.940Z,32.648,-117.08,9.216,2.61,ml,0,188.4,,0.16,ci,ci711959,2016-02-04T00:49:32.220Z,"4km NW of Chula Vista, CA",earthquake,,0.745,,4,reviewed,ci,ci
1986-10-29T03:58:50.950Z,-17.577,-178.985,582.9,4.9,mb,,,,0.7,us,usp0002zfz,2014-11-07T00:39:12.422Z,"188 km ENE of Levuka, Fiji",earthquake,,9.6,,8,reviewed,us,us
1986-10-29T03:46:12.640Z,38.445,20.083,10,3.8,ml,,,,1.3,us,usp0002zfy,2014-11-07T00:39:12.421Z,"41 km NW of Lixoúri, Greece",earthquake,,,,,reviewed,us,ath
1986-10-29T03:15:10.600Z,37.408,26.966,33,4,ml,,,,1,us,usp0002zfx,2014-11-07T00:39:12.420Z,"5 km S of Megálo Chorió, Greece",earthquake,,,,,reviewed,us,ath
1986-10-29T02:38:15.280Z,32.604,-117.144,14.834,4.48,ml,0,149.4,,0.145,ci,ci711952,2016-02-03T22:52:00.860Z,"4km NW of Imperial Beach, CA",earthquake,,0.199,,9,reviewed,ci,ci
1986-10-29T02:15:17.880Z,47.175,154.097,33,5.1,mw,,,,0.9,us,usp0002zfv,2025-12-19T21:17:28.287Z,"Kuril Islands",earthquake,,,,,reviewed,us,hrv
1986-10-29T01:45:09.180Z,41.934,19.549,10,2.6,ml,,,,0.3,us,usp0002zfu,2014-11-07T00:39:12.401Z,"10 km S of Vukatanë, Albania",earthquake,,,,,reviewed,us,ttg
1986-10-29T01:25:57.960Z,15.326,-61.213,10,2.9,m,,,,0.8,us,usp0002zft,2014-11-07T00:39:12.399Z,"3 km E of La Plaine, Dominica",earthquake,,,,,reviewed,us,fdf
1986-10-29T01:16:21.150Z,15.203,-61.357,10,3,ml,,,,1,us,usp0002zfs,2014-11-07T00:39:12.397Z,"3 km S of Soufrière, Dominica",earthquake,,,,,reviewed,us,pag
1986-10-29T00:41:58.860Z,-4.021,144.843,33,3.6,mb,,,,1.5,us,usp0002zfr,2014-11-07T00:39:12.395Z,"86 km E of Angoram, Papua New Guinea",earthquake,,,,1,reviewed,us,us
1986-10-29T00:39:08.110Z,15.066,-94.285,33,4.4,mb,,,,1.1,us,usp0002zfq,2014-11-07T00:39:12.392Z,"110 km SW of Doctor Belisario Domínguez (La Barra), Mexico",earthquake,,,,2,reviewed,us,us
1986-10-29T00:16:39.530Z,-28.152,-176.727,33,4.6,mb,,,,0.6,us,usp0002zfp,2014-11-07T00:39:12.389Z,"Kermadec Islands region",earthquake,,,,2,reviewed,us,us
1986-10-28T23:33:31.560Z,40.822,142.851,33,4.3,mb,,,,1.5,us,usp0002zfn,2014-11-07T00:39:12.353Z,"119 km ENE of Hachinohe, Japan",earthquake,,,,1,reviewed,us,us
1986-10-28T23:30:20.920Z,-9.781,112.632,26.4,3.6,mb,,,,1.5,us,usp0002zfm,2014-11-07T00:39:12.351Z,"174 km S of Dampit, Indonesia",earthquake,,14.4,,1,reviewed,us,us
1986-10-28T23:21:29.850Z,34.311,26.116,10,3.8,mb,,,,1.3,us,usp0002zfk,2014-11-07T00:39:12.349Z,"84 km SSE of Ierápetra, Greece",earthquake,,,,2,reviewed,us,us
1986-10-28T21:29:00.070Z,38.82,-122.7823333,0.578,3.07,md,33,49,0.01532,0.1,nc,nc86713,2016-12-06T11:08:35.750Z,"5 km W of Cobb, California",earthquake,0.19,0.42,0.06,33,reviewed,nc,nc
1986-10-28T20:25:18.120Z,24.517,123.295,33,4.6,mb,,,,1.2,us,usp0002zff,2014-11-07T00:39:12.292Z,"30 km E of Yonakuni, Japan",earthquake,,,,2,reviewed,us,us
1986-10-28T19:19:42.080Z,63.552,-150.877,33,3.4,ml,,,,0.5,us,usp0002zfe,2014-11-07T00:39:12.290Z,"42 km E of Denali National Park, Alaska",earthquake,,,,,reviewed,us,pmr
1986-10-28T18:42:24.080Z,-2.567,-79.736,33,4.8,mb,,,,0.9,us,usp0002zfd,2014-11-07T00:39:12.287Z,"17 km NW of Naranjal, Ecuador",earthquake,,,,6,reviewed,us,us
1986-10-28T17:47:01.140Z,33.024,-117.797,5.622,2.77,ml,0,184.6,,0.272,ci,ci711930,2016-02-03T20:53:16.070Z,"44km WSW of Carlsbad, CA",earthquake,,,,4,reviewed,ci,ci
1986-10-28T17:18:17.950Z,-30.497,60.061,10,5.5,mw,,,,1.2,us,usp0002zfc,2022-04-27T22:04:11.322Z,"Southwest Indian Ridge",earthquake,,,,,reviewed,us,hrv
1986-10-28T15:54:54.440Z,-23.556,-68.447,100.8,5,mb,,,,1.3,us,usp0002zfb,2014-11-07T00:39:12.264Z,"75 km SSW of San Pedro de Atacama, Chile",earthquake,,,,15,reviewed,us,us
1986-10-28T15:30:51.730Z,45.974,-27.672,10,4.5,mb,,,,1,us,usp0002zfa,2014-11-07T00:39:12.261Z,"northern Mid-Atlantic Ridge",earthquake,,,,17,reviewed,us,us
1986-10-28T15:16:12.750Z,-30.598,60.021,10,5.4,mb,,,,1,us,usp0002zf9,2014-11-07T00:39:12.258Z,"Southwest Indian Ridge",earthquake,,,,6,reviewed,us,us
1986-10-28T15:11:23.300Z,-30.481,60.182,10,5.9,mw,,,,1,us,usp0002zf8,2022-04-27T22:04:06.195Z,"Southwest Indian Ridge",earthquake,,,,,reviewed,us,hrv
1986-10-28T15:04:21.380Z,-26.978,26.676,5,5.3,ms,,,,0.9,us,usp0002zf7,2022-04-27T22:03:58.979Z,"0 km NE of Orkney, South Africa",earthquake,,,,6,reviewed,us,us
1986-10-28T14:47:12.080Z,-29.62,-13.626,10,4.8,mb,,,,1.2,us,usp0002zf6,2014-11-07T00:39:12.222Z,"southern Mid-Atlantic Ridge",earthquake,,,,4,reviewed,us,us
1986-10-28T14:45:18.090Z,-16.825,178.786,10,3.8,mb,,,,0.5,us,usp0002zf5,2014-11-07T00:39:12.219Z,"75 km SW of Labasa, Fiji",earthquake,,,,1,reviewed,us,us
1986-10-28T14:24:13.150Z,-11.564,119.033,33,4.6,mb,,,,0.8,us,usp0002zf4,2014-11-07T00:39:12.217Z,"250 km SSW of Waingapu, Indonesia",earthquake,,,,3,reviewed,us,us
1986-10-28T13:41:29.120Z,-20.63,169.772,133.1,4.2,mb,,,,1.5,us,usp0002zf1,2014-11-07T00:39:12.210Z,"130 km SSE of Isangel, Vanuatu",earthquake,,13.1,,2,reviewed,us,us
1986-10-28T12:47:14.290Z,-16.122,177.9,33,3.7,mb,,,,0.4,us,usp0002zf0,2014-11-07T00:39:12.208Z,"158 km N of Ba, Fiji",earthquake,,,,1,reviewed,us,us
1986-10-28T11:50:44.670Z,34.757,26.228,10,4.8,mb,,,,0.4,us,usp0002zey,2014-11-07T00:39:12.205Z,"48 km S of Palekastro, Greece",earthquake,,,,1,reviewed,us,us
1986-10-28T11:47:23.490Z,37.5308333,-118.4501667,3.97,3.3,ml,46,51,0.01802,0.06,nc,nc86618,2016-12-06T11:06:55.540Z,"14 km NNE of Mesa, California",earthquake,0.18,0.44,,4,reviewed,nc,nc
1986-10-28T11:06:10.850Z,-28.03,-176.252,34.8,4.9,mb,,,,1.3,us,usp0002zew,2014-11-07T00:39:12.199Z,"Kermadec Islands region",earthquake,,,,5,reviewed,us,us
1986-10-28T11:02:51.670Z,-16.245,177.954,17.2,4.3,mb,,,,0.7,us,usp0002zev,2014-11-07T00:39:12.197Z,"145 km NNE of Ba, Fiji",earthquake,,7.4,,1,reviewed,us,us
1986-10-28T10:59:20.490Z,-16.249,177.951,33,4.4,mb,,,,1.1,us,usp0002zeu,2014-11-07T00:39:12.195Z,"145 km NNE of Ba, Fiji",earthquake,,,,1,reviewed,us,us
1986-10-28T09:41:49.540Z,-23.872,-179.689,562.1,4.7,mb,,,,1.2,us,usp0002zes,2014-11-07T00:39:12.191Z,"south of the Fiji Islands",earthquake,,36,,4,reviewed,us,us
1986-10-28T08:52:52.520Z,-23.9,-66.823,215.8,4.4,mb,,,,0.7,us,usp0002zeq,2014-11-07T00:39:12.187Z,"62 km NW of San Antonio de los Cobres, Argentina",earthquake,,12.7,,1,reviewed,us,us
1986-10-28T08:30:13.640Z,41.939,19.616,10,2.6,ml,,,,1,us,usp0002zep,2014-11-07T00:39:12.185Z,"11 km SSE of Vukatanë, Albania",earthquake,,,,,reviewed,us,ttg
1986-10-28T08:15:17.060Z,56.721,-153.698,33,3,ml,,,,0.8,us,usp0002zem,2014-11-07T00:39:12.179Z,"38 km SE of Akhiok, Alaska",earthquake,,,,,reviewed,us,pmr
1986-10-28T07:13:38.460Z,15.168,146.829,45.2,5,mb,,,,1.2,us,usp0002zek,2014-11-07T00:39:12.170Z,"115 km E of Saipan, Northern Mariana Islands",earthquake,,12.6,,13,reviewed,us,us
1986-10-28T07:02:27.500Z,41.937,19.402,33,2.6,ml,,,,1.6,us,usp0002zej,2014-11-07T00:39:12.167Z,"14 km E of Ulcinj, Montenegro",earthquake,,,,,reviewed,us,ttg
1986-10-28T06:48:10.390Z,40.002,-1.153,10,3.3,m,,,,1.2,us,usp0002zeh,2014-11-07T00:39:12.163Z,"5 km SSW of Puebla de San Miguel, Spain",earthquake,,,,,reviewed,us,mdd
1986-10-28T05:33:12.630Z,41.953,19.581,10,2.7,ml,,,,0.5,us,usp0002zeg,2014-11-07T00:39:12.162Z,"8 km SSE of Vukatanë, Albania",earthquake,,,,,reviewed,us,ttg
1986-10-28T05:28:36.990Z,41.943,19.633,10,2.7,ml,,,,1.1,us,usp0002zef,2014-11-07T00:39:12.160Z,"11 km SE of Vukatanë, Albania",earthquake,,,,,reviewed,us,ttg
1986-10-28T05:24:58.790Z,-5.178,132.341,80.5,3.9,mb,,,,1,us,usp0002zee,2014-11-07T00:39:12.158Z,"67 km NW of Tual, Indonesia",earthquake,,27.3,,2,reviewed,us,us
1986-10-28T04:02:43.870Z,-28.178,-176.587,33,4.9,mb,,,,1.6,us,usp0002zed,2014-11-07T00:39:12.154Z,"Kermadec Islands region",earthquake,,,,5,reviewed,us,us
1986-10-28T03:59:25.200Z,-6.306,147.703,87.4,3.8,mb,,,,1.1,us,usp0002zec,2014-11-07T00:39:12.152Z,"32 km NNW of Finschhafen, Papua New Guinea",earthquake,,13.5,,1,reviewed,us,us
1986-10-28T03:11:48.150Z,56.488,-154.113,33,3.3,ml,,,,1.7,us,usp0002zeb,2014-11-07T00:39:12.150Z,"51 km S of Akhiok, Alaska",earthquake,,,,,reviewed,us,pmr
1986-10-28T02:26:18.900Z,51.603,16.198,10,3.4,ml,,,,0.3,us,usp0002zea,2014-11-07T00:39:12.147Z,"2 km ENE of Gr?bocice, Poland",earthquake,,,,,reviewed,us,kba
1986-10-28T02:02:30.140Z,41.96,19.581,10,2.7,ml,,,,1,us,usp0002ze8,2014-11-07T00:39:12.144Z,"8 km SSE of Vukatanë, Albania",earthquake,,,,,reviewed,us,ttg
1986-10-28T01:56:01.350Z,11.473,125.986,33,4.5,mb,,,,1.5,us,usp0002ze7,2014-11-07T00:39:12.141Z,"43 km ENE of Hernani, Philippines",earthquake,,,,4,reviewed,us,us
1986-10-28T01:29:54.820Z,41.945,19.543,10,2.7,ml,,,,0.8,us,usp0002ze6,2014-11-07T00:39:12.139Z,"9 km S of Vukatanë, Albania",earthquake,,,,,reviewed,us,ttg
1986-10-28T01:21:10.940Z,41.975,19.554,10,2.5,ml,,,,1.1,us,usp0002ze5,2014-11-07T00:39:12.137Z,"5 km S of Vukatanë, Albania",earthquake,,,,,reviewed,us,ttg
1986-10-28T01:16:46.630Z,41.909,19.574,10,2.5,ml,,,,0.7,us,usp0002ze4,2014-11-07T00:39:12.136Z,"10 km N of Shëngjin, Albania",earthquake,,,,,reviewed,us,ttg
1986-10-28T00:51:15.110Z,41.928,19.599,10,2.5,ml,,,,0.8,us,usp0002ze3,2014-11-07T00:39:12.135Z,"11 km SSE of Vukatanë, Albania",earthquake,,,,,reviewed,us,ttg
1986-10-28T00:31:48.680Z,41.923,19.583,10,2.6,ml,,,,0.9,us,usp0002ze2,2014-11-07T00:39:12.133Z,"12 km SSE of Vukatanë, Albania",earthquake,,,,,reviewed,us,ttg
1986-10-27T23:50:35.420Z,-27.668,-176.375,33,5.2,mb,,,,0.5,us,usp0002ze0,2014-11-07T00:39:12.129Z,"Kermadec Islands region",earthquake,,,,1,reviewed,us,us
1986-10-27T22:45:22.960Z,41.948,19.429,14.3,3.7,mb,,,,1.1,us,usp0002zdx,2014-11-07T00:39:12.117Z,"13 km SW of Vukatanë, Albania",earthquake,,2.9,,2,reviewed,us,us
1986-10-27T22:43:43.700Z,32.989,-117.8,5.31,2.53,mc,0,199.5,,0.229,ci,ci711890,2016-02-03T20:53:15.560Z,"46km WSW of Carlsbad, CA",earthquake,,,,19,reviewed,ci,ci
1986-10-27T22:32:21.330Z,41.93,19.46,19.7,4.5,mb,,,,1.2,us,usp0002zdw,2014-11-07T00:39:12.103Z,"13 km SSW of Vukatanë, Albania",earthquake,,3.5,,6,reviewed,us,us
1986-10-27T21:52:44.380Z,20.68,119.8,10,4.7,mb,,,,0.9,us,usp0002zdv,2014-11-07T00:39:12.101Z,"176 km SSW of Hengchun, Taiwan",earthquake,,,,7,reviewed,us,us
1986-10-27T19:39:36.520Z,60.928,-149.464,39.3,3.6,ml,,,,,us,usp0002zdr,2014-11-07T00:39:12.092Z,"5 km NNW of Sunrise, Alaska",earthquake,,,,,reviewed,ags,pmr
1986-10-27T18:06:16.750Z,40.4686667,-125.0456667,4.368,2.69,md,5,304,1.685,0.22,nc,nc10086959,2016-12-06T11:04:23.577Z,"67 km W of Ferndale, California",earthquake,11.5,19.1,,1,reviewed,nc,nc
1986-10-27T17:52:04.440Z,37.5068333,-121.6893333,7.551,2.5,md,48,41,0.04144,0.02,nc,nc86561,2016-12-06T11:04:18.480Z,"17 km NE of East Foothills, California",earthquake,0.11,0.3,0.14,48,reviewed,nc,nc
1986-10-27T17:00:44.760Z,-11.538,165.704,33,4.1,mb,,,,1.4,us,usp0002zdp,2014-11-07T00:39:12.087Z,"90 km S of Lata, Solomon Islands",earthquake,,,,3,reviewed,us,us
1986-10-27T15:56:41.320Z,18.6585,-156.4211667,6.596,2.67,ml,38,323,,0.09,hv,hv225149,2020-03-31T21:56:47.000Z,"82 km WSW of Hawaiian Ocean View, Hawaii",earthquake,7.7,9.99,,1,reviewed,hv,hv
1986-10-27T15:27:15.020Z,52.06,-173.916,33,4.8,mb,,,,0.9,us,usp0002zdn,2014-11-07T00:39:12.085Z,"24 km SE of Atka, Alaska",earthquake,,,,4,reviewed,us,us
1986-10-27T14:48:56.210Z,-26.335,27.26,5,3.9,m,,,,0.8,us,usp0002zdm,2014-11-07T00:39:12.084Z,"14 km WNW of Carletonville, South Africa",earthquake,,,,,reviewed,us,bul
1986-10-27T14:11:58.320Z,7.517,-36.658,10,5.4,mw,,,,1.1,us,usp0002zdk,2025-12-19T21:17:27.460Z,"central Mid-Atlantic Ridge",earthquake,,,,,reviewed,us,hrv
1986-10-27T13:10:34.350Z,-2.947,130.601,33,4.3,mb,,,,1.4,us,usp0002zdj,2014-11-07T00:39:12.068Z,"191 km ENE of Amahai, Indonesia",earthquake,,,,4,reviewed,us,us
1986-10-27T12:15:31.890Z,42.725,145.597,44.7,4.9,mb,,,,1,us,usp0002zdh,2014-11-07T00:39:12.063Z,"66 km S of Nemuro, Japan",earthquake,,9,,17,reviewed,us,us
1986-10-27T10:17:59.630Z,-11.469,165.729,33,4.9,mb,,,,1.1,us,usp0002zdg,2014-11-07T00:39:12.058Z,"82 km S of Lata, Solomon Islands",earthquake,,,,9,reviewed,us,us
1986-10-27T08:17:56.200Z,-0.189,122.682,149.7,5,mb,,,,0.9,us,usp0002zdf,2014-11-07T00:39:12.056Z,"85 km N of Luwuk, Indonesia",earthquake,,27.4,,4,reviewed,us,us
1986-10-27T08:07:04.520Z,23.983,123.229,33,4.4,mb,,,,0.3,us,usp0002zde,2014-11-07T00:39:12.055Z,"58 km SSE of Yonakuni, Japan",earthquake,,,,2,reviewed,us,us
1986-10-27T08:02:52.390Z,-34.215,-78.937,10,5,mb,,,,1,us,usp0002zdd,2014-11-07T00:39:12.049Z,"Juan Fernandez Islands region",earthquake,,,,13,reviewed,us,us
1986-10-27T07:05:12.780Z,-5.398,129.362,241.2,4.5,mb,,,,0.9,us,usp0002zdc,2014-11-07T00:39:12.047Z,"229 km SE of Ambon, Indonesia",earthquake,,11.7,,3,reviewed,us,us
1986-10-27T06:39:04.450Z,-28.117,-176.645,33,4.7,mb,,,,1.4,us,usp0002zdb,2014-11-07T00:39:12.045Z,"Kermadec Islands region",earthquake,,,,2,reviewed,us,us
1986-10-27T06:07:39.340Z,-25.592,-177.156,33,4.8,mb,,,,1.6,us,usp0002zda,2014-11-07T00:39:12.043Z,"south of the Fiji Islands",earthquake,,,,3,reviewed,us,us
1986-10-27T06:04:18.330Z,20.249,-155.5683333,7.583,2.92,ml,50,291,,0.13,hv,hv225117,2020-03-31T21:56:46.660Z,"Hawaii region, Hawaii",earthquake,1.23,1.03,0.1,4,reviewed,hv,hv
1986-10-27T05:50:46.030Z,-4.284,152.964,63.3,5,mw,,,,0.9,us,usp0002zd9,2022-04-27T22:03:57.576Z,"77 km E of Kokopo, Papua New Guinea",earthquake,,5.7,,,reviewed,us,hrv
1986-10-27T04:46:55.260Z,37.873,-2.481,10,4.4,m,,,,1.2,us,usp0002zd8,2014-11-07T00:39:12.030Z,"8 km NE of Huéscar, Spain",earthquake,,,,,reviewed,us,mdd
1986-10-27T04:36:37.850Z,37.872,-2.505,10,4.1,m,,,,1.1,us,usp0002zd7,2014-11-07T00:39:12.027Z,"7 km NNE of Huéscar, Spain",earthquake,,,,,reviewed,us,mdd
1986-10-27T04:25:21.730Z,-38.705,175.717,136.2,5.3,mb,,,,1.2,us,usp0002zd6,2014-11-07T00:39:12.022Z,"31 km W of Taupo, New Zealand",earthquake,,5,,13,reviewed,us,us
1986-10-27T03:50:59.850Z,46.107,-27.637,10,4.5,mb,,,,1,us,usp0002zd5,2014-11-07T00:39:12.018Z,"northern Mid-Atlantic Ridge",earthquake,,,,18,reviewed,us,us
1986-10-27T03:33:01.190Z,-18.357,174.469,33,4.5,mb,,,,0.7,us,usp0002zd4,2014-11-07T00:39:12.016Z,"Fiji region",earthquake,,,,1,reviewed,us,us
1986-10-27T02:41:51.160Z,19.347,-155.029,7.818,2.91,ml,47,165,,0.11,hv,hv225105,2020-03-31T21:56:46.140Z,"17 km SE of Fern Forest, Hawaii",earthquake,0.51,0.39,0.06,2,reviewed,hv,hv
1986-10-27T02:06:45.410Z,37.1775,-121.5686667,6.721,3.6,ml,100,39,0.04685,0.07,nc,nc86584,2016-12-06T11:02:41.240Z,"9 km NE of Morgan Hill, California",earthquake,0.12,0.34,,6,reviewed,nc,nc
1986-10-27T00:47:56.790Z,32.964,-117.694,5.622,2.83,ml,0,185.1,,0.233,ci,ci711828,2016-02-03T22:51:59.370Z,"38km WSW of Encinitas, CA",earthquake,,,,3,reviewed,ci,ci
1986-10-27T00:09:31.910Z,46.009,-27.624,10,5.4,mw,,,,0.9,us,usp0002zd2,2025-12-19T21:17:26.646Z,"northern Mid-Atlantic Ridge",earthquake,,,,,reviewed,us,hrv
1986-10-26T23:04:13.670Z,46.101,-27.588,10,4.3,mb,,,,1.4,us,usp0002zd1,2014-11-07T00:39:11.974Z,"northern Mid-Atlantic Ridge",earthquake,,,,6,reviewed,us,us
1986-10-26T22:20:56.030Z,37.387,26.987,33,4,ml,,,,0.9,us,usp0002zcz,2014-11-07T00:39:11.968Z,"8 km S of Megálo Chorió, Greece",earthquake,,,,,reviewed,us,ath
1986-10-26T22:18:24.630Z,47.394,-1.122,10,2.9,ml,,,,1,us,usp0002zcx,2014-11-07T00:39:11.961Z,"1 km NW of Anetz, France",earthquake,,,,,reviewed,us,ldg
1986-10-26T21:56:34.940Z,42.001,2.836,10,2.9,ml,,,,1.3,us,usp0002zcw,2014-11-07T00:39:11.959Z,"1 km S of Sarrià de Ter, Spain",earthquake,,,,,reviewed,us,ldg
1986-10-26T21:08:32.770Z,46.34,-27.543,10,4.4,mb,,,,0.4,us,usp0002zcu,2014-11-07T00:39:11.953Z,"northern Mid-Atlantic Ridge",earthquake,,,,7,reviewed,us,us
1986-10-26T21:04:17.430Z,-33.056,-178.887,33,4.7,mb,,,,1.4,us,usp0002zct,2014-11-07T00:39:11.951Z,"south of the Kermadec Islands",earthquake,,,,3,reviewed,us,us
1986-10-26T20:56:44.130Z,25.771,102.848,33,4.5,mb,,,,1.3,us,usp0002zcs,2014-11-07T00:39:11.948Z,"82 km N of Kunming, China",earthquake,,,,10,reviewed,us,us
1986-10-26T20:46:59.610Z,45.743,-26.787,10,4.3,ms,,,,1.1,us,usp0002zcr,2014-11-07T00:39:11.946Z,"northern Mid-Atlantic Ridge",earthquake,,,,1,reviewed,us,us
1986-10-26T19:00:05.940Z,-10.892,165.265,33,4.4,mb,,,,0.9,us,usp0002zcq,2014-11-07T00:39:11.944Z,"61 km WSW of Lata, Solomon Islands",earthquake,,,,2,reviewed,us,us
1986-10-26T17:42:17.030Z,37.373,26.763,33,3.8,ml,,,,0.4,us,usp0002zcp,2014-11-07T00:39:11.942Z,"20 km ENE of Skála, Greece",earthquake,,,,,reviewed,us,ath
1986-10-26T17:16:53.050Z,-11.36,166.89,33,4.4,mb,,,,1,us,usp0002zcn,2014-11-07T00:39:11.940Z,"138 km ESE of Lata, Solomon Islands",earthquake,,,,4,reviewed,us,us
1986-10-26T14:31:56.510Z,41.8291667,-112.3248333,2.19,3.28,md,30,74,0.1001,0.31,uu,uu50030405,2018-08-28T03:27:58.360Z,"10 km ENE of Howell, Utah",earthquake,0.72,1.12,,3,reviewed,uu,uu
1986-10-26T14:30:55.320Z,-21.494,-68.431,128.8,4,mb,,,,1.2,us,usp0002zcj,2014-11-07T00:39:11.929Z,"118 km NNE of Calama, Chile",earthquake,,6.4,,3,reviewed,us,us
1986-10-26T13:12:39.140Z,33.446,140.623,80.8,4.8,mb,,,,0.8,us,usp0002zcg,2014-11-07T00:39:11.924Z,"184 km SSE of Tateyama, Japan",earthquake,,17.7,,2,reviewed,us,us
1986-10-26T12:38:57.600Z,41.8281667,-112.328,4.21,2.77,md,25,83,0.1011,0.27,uu,uu50030395,2018-08-28T03:27:56.990Z,"10 km ENE of Howell, Utah",earthquake,0.67,1.04,,5,reviewed,uu,uu
1986-10-26T11:56:57.070Z,61.903,2.735,10,2.6,md,,,,0.3,us,usp0002zcf,2014-11-07T00:39:11.921Z,"125 km W of Måløy, Norway",earthquake,,,,,reviewed,us,ber
1986-10-26T11:34:36.340Z,61.744,3.056,10,4.5,mb,,,,1.2,us,usp0002zce,2014-11-07T00:39:11.898Z,"105 km W of Florø, Norway",earthquake,,,,6,reviewed,us,us
1986-10-26T10:27:38.750Z,-5.877,132.514,33,4.5,mb,,,,1.3,us,usp0002zcd,2014-11-07T00:39:11.896Z,"38 km SW of Tual, Indonesia",earthquake,,,,2,reviewed,us,us
1986-10-26T10:20:13.730Z,37.4755,-118.3885,7.494,3.37,md,45,69,0.05586,0.07,nc,nc86502,2016-12-06T11:00:50.370Z,"California-Nevada border region",earthquake,0.2,0.56,0.17,45,reviewed,nc,nc
1986-10-26T08:13:23.590Z,-10.798,-74.845,16.1,4.6,mb,,,,1.3,us,usp0002zca,2014-11-07T00:39:11.887Z,"14 km NNE of Santa Rosa, Peru",earthquake,,7.4,,6,reviewed,us,us
1986-10-26T07:05:53.300Z,-41.37,-86.597,10,4.6,mb,,,,1.5,us,usp0002zc9,2014-11-07T00:39:11.884Z,"West Chile Rise",earthquake,,,,4,reviewed,us,us
1986-10-26T05:57:50.390Z,61.568,-146.357,34.3,3.5,ml,,,,,us,usp0002zc8,2014-11-07T00:39:11.880Z,"48 km N of Valdez, Alaska",earthquake,,,,,reviewed,ags,pmr
1986-10-26T05:19:23.410Z,44.076,-129.371,10,4.9,mb,,,,1.4,us,usp0002zc7,2014-11-07T00:39:11.878Z,"off the coast of Oregon",earthquake,,,,1,reviewed,us,us
1986-10-26T05:18:02.020Z,35.977,-117.802,4.712,2.95,mc,0,71.7,,1.294,ci,ci711776,2016-02-03T21:32:29.370Z,"10km ENE of Little Lake, CA",earthquake,,,,14,reviewed,ci,ci
1986-10-26T05:17:35.390Z,37.224,-116.448,5,3.1,ml,,,,0.3,us,usp0002zc6,2014-11-07T00:39:11.876Z,"44 km NE of Beatty, Nevada",earthquake,,,,,reviewed,us,pas
1986-10-26T04:49:31.790Z,40.751,28.994,31.5,4.1,ml,,,,1.1,us,usp0002zc5,2014-11-07T00:39:11.873Z,"13 km NNW of Kocadere, Turkey",earthquake,,7.1,,,reviewed,us,ath
1986-10-26T04:43:27.490Z,53.758,-170.049,213.6,5.7,mw,,,,0.9,us,usp0002zc3,2022-04-27T22:03:52.455Z,"120 km NW of Nikolski, Alaska",earthquake,,,,,reviewed,us,hrv
1986-10-26T03:34:05.850Z,53.524,-163.705,33,5.1,mb,,,,0.8,us,usp0002zc2,2014-11-07T00:39:11.834Z,"149 km S of False Pass, Alaska",earthquake,,,,31,reviewed,us,us
1986-10-26T03:33:51.690Z,53.521,-163.672,33,4.7,mb,,,,0.9,us,usp0002zc1,2014-11-07T00:39:11.827Z,"149 km S of False Pass, Alaska",earthquake,,,,12,reviewed,us,us
1986-10-26T03:16:38.730Z,-6.054,130.895,94.1,4.5,mb,,,,1.4,us,usp0002zc0,2014-11-07T00:39:11.809Z,"210 km WSW of Tual, Indonesia",earthquake,,13.8,,3,reviewed,us,us
1986-10-26T02:59:34.080Z,-27.719,-176.154,44.3,5.4,mw,,,,1.1,us,usp0002zbz,2025-12-19T21:17:25.892Z,"Kermadec Islands region",earthquake,,,,,reviewed,us,hrv
1986-10-26T02:53:08.990Z,37.3345,-121.7026667,7.023,2.55,md,85,27,0.07477,0.03,nc,nc86444,2016-12-06T10:58:44.970Z,"11 km ESE of East Foothills, California",earthquake,0.09,0.27,0.15,77,reviewed,nc,nc
1986-10-26T02:48:10.400Z,32.933,-117.721,5.622,2.64,mc,0,190.4,,0.34,ci,ci711772,2016-02-03T20:53:13.590Z,"42km WSW of Encinitas, CA",earthquake,,,,36,reviewed,ci,ci
1986-10-26T02:22:04.300Z,34.089,-117.319,16.44,2.53,mc,0,30.1,,0.048,ci,ci711771,2016-02-04T00:49:28.750Z,"2km NNW of Colton, CA",earthquake,,0.053,,63,reviewed,ci,ci
1986-10-26T01:11:46.680Z,37.604,-118.9131667,3.156,2.83,md,49,85,0.008108,0.07,nc,nc86440,2016-12-06T10:58:10.520Z,"7 km SE of Mammoth Lakes, California",earthquake,0.19,0.26,0.16,55,reviewed,nc,nc
1986-10-26T00:59:23.010Z,-5.68,154.051,49.1,5.6,mw,,,,1,us,usp0002zby,2022-04-27T22:03:51.309Z,"173 km WNW of Panguna, Papua New Guinea",earthquake,,,,,reviewed,us,hrv
1986-10-26T00:46:19.040Z,40.311,-119.725,5,2.5,ml,,,,1.1,us,usp0002zbx,2014-11-07T00:39:11.689Z,"39 km ENE of Herlong, California",earthquake,,,,,reviewed,us,brk
1986-10-25T20:47:01.800Z,-17.663,168.135,30.6,6.4,mw,,,,1.1,us,usp0002zbs,2022-04-27T22:03:50.190Z,"20 km WNW of Port-Vila, Vanuatu",earthquake,,,,,reviewed,us,nc
1986-10-25T20:41:29.770Z,-16.056,167.251,37.7,4.4,mb,,,,1.2,us,usp0002zbr,2014-11-07T00:39:11.646Z,"15 km W of Norsup, Vanuatu",earthquake,,12.1,,2,reviewed,us,us
1986-10-25T20:07:25.170Z,51.554,16.071,21.5,4.9,mb,,,,1.2,us,usp0002zbq,2020-08-28T20:45:16.599Z,"5 km N of Polkowice, Poland",earthquake,,4.4,,3,reviewed,us,us
1986-10-25T19:02:25.720Z,14.923,-60.546,33,2.9,ml,,,,0.1,us,usp0002zbn,2014-11-07T00:39:11.633Z,"49 km ENE of La Trinité, Martinique",earthquake,,,,,reviewed,us,fdf
1986-10-25T18:40:09.810Z,-6.218,149.5,43.3,4.3,mb,,,,1.4,us,usp0002zbm,2014-11-07T00:39:11.631Z,"5 km WSW of Kandrian, Papua New Guinea",earthquake,,13.7,,2,reviewed,us,us
1986-10-25T18:21:13.780Z,43.417,-71.571,5,2.6,md,,,,0.4,us,usp0002zbk,2014-11-07T00:39:11.628Z,"2 km SE of Northfield, New Hampshire",earthquake,,,,,reviewed,us,cam
1986-10-25T18:09:14.910Z,-15.07,167.288,145.3,4.5,mb,,,,1.2,us,usp0002zbj,2014-11-07T00:39:11.625Z,"23 km E of Port-Olry, Vanuatu",earthquake,,9.3,,5,reviewed,us,us
1986-10-25T17:16:38.440Z,43.399,-71.59,5,3.9,mblg,,,,0.6,us,usp0002zbg,2014-11-07T00:39:11.619Z,"3 km S of Northfield, New Hampshire",earthquake,,,,,reviewed,us,us
1986-10-25T17:03:45.060Z,1.832,127.464,112.6,5,mb,,,,1.1,us,usp0002zbf,2014-11-07T00:39:11.615Z,"61 km W of Tobelo, Indonesia",earthquake,,11.6,,12,reviewed,us,us
1986-10-25T16:45:58.970Z,2.679,126.85,33,4.2,mb,,,,0.7,us,usp0002zbe,2014-11-07T00:39:11.613Z,"166 km NW of Tobelo, Indonesia",earthquake,,,,2,reviewed,us,us
1986-10-25T16:40:28.460Z,36.094,-117.852,3.031,3.07,ml,0,82.1,,0.069,ci,ci711731,2016-02-04T05:22:42.250Z,"10km ENE of Coso Junction, CA",earthquake,,0.004,,4,reviewed,ci,ci
1986-10-25T16:17:02.170Z,-2.519,102.356,175.2,4.8,mb,,,,0.9,us,usp0002zbb,2014-11-07T00:39:11.605Z,"102 km NNW of Lubuklinggau, Indonesia",earthquake,,7.2,,11,reviewed,us,us
1986-10-25T15:01:26.690Z,-11.615,165.478,33,4.3,mb,,,,1.4,us,usp0002zba,2014-11-07T00:39:11.603Z,"104 km SSW of Lata, Solomon Islands",earthquake,,,,3,reviewed,us,us
1986-10-25T14:55:25.180Z,79.463,-97.519,10,4,mb,,,,1.5,us,usp0002zb9,2014-11-07T00:39:11.601Z,"Sverdrup Islands, Nunavut, Canada",earthquake,,,,1,reviewed,us,us
1986-10-25T14:38:09.580Z,34.634,-118.588,8.697,2.76,ml,0,55.5,,0.113,ci,ci711723,2016-02-03T19:34:22.200Z,"14km WSW of Lake Hughes, CA",earthquake,,0.015,,4,reviewed,ci,ci
1986-10-25T13:50:55.590Z,-26.944,-177.15,33,5.3,mb,,,,1,us,usp0002zb7,2014-11-07T00:39:11.596Z,"south of the Fiji Islands",earthquake,,,,3,reviewed,us,us
1986-10-25T12:58:14.230Z,36.382,140.762,66,4.5,mb,,,,0.7,us,usp0002zb6,2014-11-07T00:39:11.594Z,"17 km ENE of ?arai, Japan",earthquake,,4.8,,5,reviewed,us,us
1986-10-25T10:45:39.040Z,-10.129,159.574,164.7,4.1,mb,,,,0.6,us,usp0002zb4,2014-11-07T00:39:11.591Z,"50 km SSW of Malango, Solomon Islands",earthquake,,34.4,,2,reviewed,us,us
1986-10-25T10:40:48.540Z,64.194,-154.191,33,3.7,ml,,,,1.4,us,usp0002zb3,2014-11-07T00:39:11.590Z,"87 km SE of Ruby, Alaska",earthquake,,,,,reviewed,us,pmr
1986-10-25T10:03:25.020Z,41.8295,-112.3236667,4.2,2.92,md,26,74,0.09976,0.26,uu,uu50030385,2018-08-28T03:27:55.590Z,"10 km ENE of Howell, Utah",earthquake,0.57,0.93,,5,reviewed,uu,uu
1986-10-25T09:16:02.380Z,-5.804,150.098,146.2,3.8,mb,,,,1.1,us,usp0002zb2,2014-11-07T00:39:11.588Z,"28 km S of Kimbe, Papua New Guinea",earthquake,,14.8,,1,reviewed,us,us
1986-10-25T07:05:48.850Z,-27.883,-176.151,33,5.2,mb,,,,0.8,us,usp0002zb0,2014-11-07T00:39:11.565Z,"Kermadec Islands region",earthquake,,,,19,reviewed,us,us
1986-10-25T05:29:44.910Z,-11.132,164.96,33,4.8,mb,,,,1.1,us,usp0002zaz,2014-11-07T00:39:11.561Z,"101 km WSW of Lata, Solomon Islands",earthquake,,,,2,reviewed,us,us
1986-10-25T05:13:04.790Z,-17.573,-178.94,535.9,4.4,mb,,,,0.9,us,usp0002zay,2014-11-07T00:39:11.552Z,"192 km ENE of Levuka, Fiji",earthquake,,3.3,,8,reviewed,us,us
1986-10-25T04:35:53.130Z,-5.655,154.05,48.4,5.3,mw,,,,0.9,us,usp0002zax,2025-12-19T20:57:45.335Z,"174 km WNW of Panguna, Papua New Guinea",earthquake,,5.6,,,reviewed,us,hrv
1986-10-25T02:51:43.480Z,51.073,-175.908,33,4.7,mb,,,,1.3,us,usp0002zaw,2014-11-07T00:39:11.542Z,"102 km SSE of Adak, Alaska",earthquake,,,,8,reviewed,us,us
1986-10-25T01:56:03.740Z,46.742,-0.88,10,3,ml,,,,0.8,us,usp0002zav,2014-11-07T00:39:11.540Z,"2 km W of La Meilleraie-Tillay, France",earthquake,,,,,reviewed,us,ldg
1986-10-25T01:47:26.150Z,-27.301,-176.225,33,5.2,mb,,,,1,us,usp0002zau,2014-11-07T00:39:11.533Z,"Kermadec Islands region",earthquake,,,,13,reviewed,us,us
1986-10-25T01:07:15.210Z,-27.754,-176.216,33,5,mb,,,,1,us,usp0002zat,2014-11-07T00:39:11.531Z,"Kermadec Islands region",earthquake,,,,1,reviewed,us,us
1986-10-24T23:48:38.790Z,31.569,-115.61,5.823,2.69,mh,0,310.8,,0.623,ci,ci129067,2016-02-04T03:26:50.860Z,"84km SSW of Alberto Oviedo Mota, B.C., MX",earthquake,,,,4,reviewed,ci,ci
1986-10-24T23:33:54.600Z,47.902,7.449,10,2.6,ml,,,,0.2,us,usp0002zas,2014-11-07T00:39:11.529Z,"1 km SSE of Hirtzfelden, France",earthquake,,,,,reviewed,us,ldg
1986-10-24T22:35:35.650Z,-27.591,-176.121,43.6,5.1,mw,,,,1.1,us,usp0002zar,2025-12-19T21:17:25.190Z,"Kermadec Islands region",earthquake,,,,,reviewed,us,hrv
1986-10-24T21:58:05.220Z,38.835,-122.436,-0.903,2.5,md,12,107,0.03063,0.17,nc,nc86413,2016-12-06T10:53:19.634Z,"11 km ENE of Hidden Valley Lake, California",quarry blast,0.38,0.92,0.12,16,reviewed,nc,nc
1986-10-24T21:09:47.000Z,-5.731,153.929,49.6,4.1,mb,,,,1.3,us,usp0002zaq,2014-11-07T00:39:11.515Z,"184 km WNW of Panguna, Papua New Guinea",earthquake,,8.9,,3,reviewed,us,us
1986-10-24T20:28:10.710Z,38.396,25.07,10,3.2,ml,,,,1.3,us,usp0002zap,2014-11-07T00:39:11.514Z,"45 km WSW of Psará, Greece",earthquake,,,,,reviewed,us,ath
1986-10-24T20:13:35.650Z,38.168,142.31,33,4.1,mb,,,,0.8,us,usp0002zan,2014-11-07T00:39:11.513Z,"92 km ESE of Ishinomaki, Japan",earthquake,,,,1,reviewed,us,us
1986-10-24T20:10:00.230Z,50.99,15.665,10,2.8,ml,,,,0.3,us,usp0002zam,2014-11-07T00:39:11.511Z,"3 km SSW of Wle?, Poland",earthquake,,,,,reviewed,us,kba
1986-10-24T19:42:57.330Z,32.972,-117.816,5.622,3.18,ml,0,202.4,,0.264,ci,ci711672,2016-02-04T03:26:50.340Z,"48km WSW of Carlsbad, CA",earthquake,,,,8,reviewed,ci,ci
1986-10-24T19:10:30.150Z,51.184,20.05,10,2.7,ml,,,,1.4,us,usp0002zaj,2014-11-07T00:39:11.508Z,"6 km NW of Fa?ków, Poland",earthquake,,,,,reviewed,us,kba
1986-10-24T18:52:54.220Z,46.949,-1.822,10,3.1,ml,,,,1.2,us,usp0002zah,2014-11-07T00:39:11.505Z,"4 km S of Machecoul, France",earthquake,,,,,reviewed,us,ldg
1986-10-24T17:52:08.270Z,-10.644,166.763,33,4.6,mb,,,,1.1,us,usp0002zag,2014-11-07T00:39:11.503Z,"106 km E of Lata, Solomon Islands",earthquake,,,,3,reviewed,us,us
1986-10-24T17:48:02.430Z,-11.236,165.473,33,5.2,mb,,,,1.2,us,usp0002zaf,2014-11-07T00:39:11.499Z,"66 km SSW of Lata, Solomon Islands",earthquake,,,,7,reviewed,us,us
1986-10-24T16:28:51.570Z,-11.203,164.975,33,4.3,mb,,,,1.1,us,usp0002zae,2014-11-07T00:39:11.497Z,"104 km WSW of Lata, Solomon Islands",earthquake,,,,3,reviewed,us,us
1986-10-24T16:15:14.300Z,-11.507,165.079,33,4.3,mb,,,,1,us,usp0002zac,2014-11-07T00:39:11.493Z,"116 km SW of Lata, Solomon Islands",earthquake,,,,3,reviewed,us,us
1986-10-24T16:03:17.310Z,-27.859,-176.702,33,4.7,mb,,,,1,us,usp0002zab,2014-11-07T00:39:11.491Z,"Kermadec Islands region",earthquake,,,,2,reviewed,us,us
1986-10-24T15:13:58.750Z,-11.351,162.599,33,4.1,mb,,,,1.2,us,usp0002zaa,2014-11-07T00:39:11.489Z,"123 km SE of Kirakira, Solomon Islands",earthquake,,,,2,reviewed,us,us
1986-10-24T15:03:47.560Z,-10.985,165.096,33.2,4.9,mb,,,,1.2,us,usp0002za9,2014-11-07T00:39:11.485Z,"81 km WSW of Lata, Solomon Islands",earthquake,,13.2,,3,reviewed,us,us
1986-10-24T14:45:36.500Z,41.673,19.401,10,2.5,ml,,,,1.3,us,usp0002za8,2014-11-07T00:39:11.483Z,"22 km SW of Shëngjin, Albania",earthquake,,,,,reviewed,us,ttg
1986-10-24T13:59:08.140Z,38.317,20.459,10,4,ml,,,,1.5,us,usp0002za6,2014-11-07T00:39:11.477Z,"12 km N of Lixoúri, Greece",earthquake,,,,,reviewed,us,ath
1986-10-24T12:42:23.160Z,6.989,-73.295,158.5,5.1,mb,,,,1.6,us,usp0002za5,2014-11-07T00:39:11.475Z,"9 km N of Betulia, Colombia",earthquake,,8.7,,1,reviewed,us,us
1986-10-24T12:34:46.010Z,46.2005,-122.186,-1.334,2.5,md,15,58,0.009287,0.08,uw,uw10225018,2016-07-24T20:04:36.520Z,"38 km NNE of Amboy, Washington",earthquake,0.213,0.33,0.07,5,reviewed,uw,uw
1986-10-24T11:51:48.450Z,56.059,-153.198,33,4.3,mb,,,,1.8,us,usp0002za4,2014-11-07T00:39:11.474Z,"115 km SSE of Akhiok, Alaska",earthquake,,,,2,reviewed,us,us
1986-10-24T11:50:25.430Z,-11.015,165.226,33,4.4,mb,,,,1.2,us,usp0002za3,2014-11-07T00:39:11.472Z,"70 km WSW of Lata, Solomon Islands",earthquake,,,,3,reviewed,us,us
1986-10-24T11:17:20.360Z,-11.363,164.919,33,4.6,mb,,,,1.2,us,usp0002za2,2014-11-07T00:39:11.470Z,"119 km SW of Lata, Solomon Islands",earthquake,,,,3,reviewed,us,us
1986-10-24T11:07:26.020Z,51.229,15.667,10,3.8,ml,,,,1.3,us,usp0002za1,2014-11-07T00:39:11.466Z,"7 km ESE of Boles?awiec, Poland",earthquake,,,,,reviewed,us,vka
1986-10-24T11:04:18.190Z,-15.275,-173.449,33,4.7,mb,,,,1.1,us,usp0002za0,2014-11-07T00:39:11.464Z,"83 km NNE of Hihifo, Tonga",earthquake,,,,3,reviewed,us,us
1986-10-24T11:00:47.220Z,51.402,-176.859,33,5.2,mw,,,,1.2,us,usp0002z9z,2022-04-27T22:03:48.988Z,"54 km SSW of Adak, Alaska",earthquake,,,,,reviewed,us,hrv
1986-10-24T10:17:29.970Z,19.231,146.371,88.2,4.9,mb,,,,1,us,usp0002z9y,2014-11-07T00:39:11.449Z,"Mariana Islands region",earthquake,,12.1,,13,reviewed,us,us
1986-10-24T10:12:45.390Z,-28.056,-176.766,43.6,4.9,ms,,,,0.9,us,usp0002z9x,2014-11-07T00:39:11.444Z,"Kermadec Islands region",earthquake,,,,1,reviewed,us,us
1986-10-24T08:34:43.470Z,46.2003333,-122.1871667,-1.534,2.6,md,15,57,0.009306,0.13,uw,uw10224718,2016-07-24T20:04:32.740Z,"37 km NNE of Amboy, Washington",earthquake,0.028,0.07,0.07,7,reviewed,uw,uw
1986-10-24T08:14:54.920Z,-6.421,147.001,27.8,4.2,mb,,,,1.2,us,usp0002z9w,2014-11-07T00:39:11.442Z,"33 km N of Lae, Papua New Guinea",earthquake,,9.6,,2,reviewed,us,us
1986-10-24T07:37:29.980Z,-11.261,165.129,33,4.8,mb,,,,1.4,us,usp0002z9u,2014-11-07T00:39:11.437Z,"94 km SW of Lata, Solomon Islands",earthquake,,,,3,reviewed,us,us
1986-10-24T07:20:58.190Z,46.1998333,-122.1926667,-1.354,2.8,md,12,62,0.01005,0.06,uw,uw10224578,2016-07-24T20:04:31.270Z,"37 km NNE of Amboy, Washington",earthquake,0.177,0.37,0.07,5,reviewed,uw,uw
1986-10-24T07:07:38.030Z,-11.295,165.408,33,4.6,mb,,,,1.2,us,usp0002z9t,2014-11-07T00:39:11.434Z,"76 km SW of Lata, Solomon Islands",earthquake,,,,2,reviewed,us,us
1986-10-24T06:17:28.900Z,-11.275,165.174,33,4.7,mb,,,,1.3,us,usp0002z9s,2014-11-07T00:39:11.431Z,"91 km SW of Lata, Solomon Islands",earthquake,,,,3,reviewed,us,us
1986-10-24T06:02:11.630Z,-11.313,165.089,33,4.6,mb,,,,1.2,us,usp0002z9r,2014-11-07T00:39:11.430Z,"101 km SW of Lata, Solomon Islands",earthquake,,,,2,reviewed,us,us
1986-10-24T05:57:45.940Z,36.186,-89.687,10,2.6,md,,,,,nm,nm602954,2016-04-14T17:24:50.380Z,"2 km WSW of Caruthersville, Missouri",earthquake,,,,,reviewed,nm,nm
1986-10-24T05:53:17.800Z,-10.884,165.215,33,6.3,mw,,,,1,us,usp0002z9q,2022-04-27T22:03:47.903Z,"66 km WSW of Lata, Solomon Islands",earthquake,,,,,reviewed,us,hrv
1986-10-24T05:27:36.520Z,-10.991,164.987,47.3,6,mw,,,,1,us,usp0002z9p,2022-04-27T22:03:46.556Z,"93 km WSW of Lata, Solomon Islands",earthquake,,,,,reviewed,us,hrv
1986-10-24T04:54:47.700Z,46.303,-112.043,3.4,3.5,ml,,,,,us,usp0002z9n,2014-11-07T00:39:11.396Z,"8 km WNW of Elkhorn, Montana",earthquake,,,,,reviewed,but,us
1986-10-24T02:58:47.010Z,-5.629,153.875,52,6.4,mw,,,,1.2,us,usp0002z9m,2022-04-27T22:03:45.420Z,"193 km WNW of Panguna, Papua New Guinea",earthquake,,7.9,,,reviewed,us,hrv
1986-10-24T02:57:28.020Z,-5.792,153.951,47.2,4.7,mb,,,,1.2,us,usp0002z9k,2014-11-07T00:39:11.370Z,"179 km WNW of Panguna, Papua New Guinea",earthquake,,9.1,,4,reviewed,us,us
1986-10-24T02:42:51.600Z,-25.319,-70.176,50.5,5.5,mw,,,,1.1,us,usp0002z9j,2022-04-27T22:03:40.299Z,"32 km ENE of Taltal, Chile",earthquake,,,,,reviewed,us,hrv
1986-10-24T01:50:10.680Z,-20.751,-178.731,624.3,3.9,mb,,,,0.5,us,usp0002z9h,2014-11-07T00:39:11.315Z,"Fiji region",earthquake,,32.7,,1,reviewed,us,us
1986-10-24T01:01:08.500Z,-11.26,165.252,33,4.8,mb,,,,1.1,us,usp0002z9g,2014-11-07T00:39:11.312Z,"83 km SW of Lata, Solomon Islands",earthquake,,,,3,reviewed,us,us
1986-10-23T22:59:30.420Z,32.885,-117.809,5.56,2.57,mc,0,244.2,,0.278,ci,ci711620,2016-02-04T04:44:21.830Z,"50km W of La Jolla, CA",earthquake,,,,14,reviewed,ci,ci
1986-10-23T22:16:42.390Z,-25.973,-176.299,33,4.7,mb,,,,1.1,us,usp0002z9f,2014-11-07T00:39:11.310Z,"south of the Fiji Islands",earthquake,,,,3,reviewed,us,us
1986-10-23T22:00:24.380Z,38.8278333,-122.3816667,-0.581,2.61,md,12,95,0.05586,0.28,nc,nc86367,2016-12-06T10:49:09.602Z,"15 km E of Hidden Valley Lake, California",quarry blast,0.97,3.43,0.06,14,reviewed,nc,nc
1986-10-23T21:58:53.050Z,-6.078,149.442,55.2,5.1,mb,,,,1.4,us,usp0002z9e,2014-11-07T00:39:11.306Z,"18 km NW of Kandrian, Papua New Guinea",earthquake,,10,,5,reviewed,us,us
1986-10-23T20:28:20.530Z,-11.123,165.153,33,4.3,mb,,,,1.2,us,usp0002z9d,2014-11-07T00:39:11.304Z,"83 km WSW of Lata, Solomon Islands",earthquake,,,,3,reviewed,us,us
1986-10-23T19:08:23.730Z,-11.065,165.296,33,4.3,mb,,,,1.2,us,usp0002z9c,2014-11-07T00:39:11.301Z,"66 km SW of Lata, Solomon Islands",earthquake,,,,3,reviewed,us,us
1986-10-23T18:44:57.410Z,-11.116,165.179,38.1,5.8,mw,,,,0.9,us,usp0002z9b,2022-04-27T22:03:33.910Z,"80 km WSW of Lata, Solomon Islands",earthquake,,,,,reviewed,us,hrv
1986-10-23T18:43:42.440Z,-55.138,-28.887,33,4.7,mb,,,,1.2,us,usp0002z9a,2014-11-07T00:39:11.280Z,"South Sandwich Islands region",earthquake,,,,2,reviewed,us,us
1986-10-23T18:37:19.420Z,14.783,-60.18,33,2.7,ml,,,,0.7,us,usp0002z99,2014-11-07T00:39:11.278Z,"75 km ENE of Le Vauclin, Martinique",earthquake,,,,,reviewed,us,fdf
1986-10-23T17:57:30.540Z,-4.301,150.885,33,3.5,mb,,,,1.2,us,usp0002z98,2014-11-07T00:39:11.277Z,"142 km W of Rabaul, Papua New Guinea",earthquake,,,,1,reviewed,us,us
1986-10-23T17:33:06.010Z,-11.228,165.233,35.7,5.8,ms,,,,1.1,us,usp0002z96,2014-11-07T00:39:11.272Z,"83 km SW of Lata, Solomon Islands",earthquake,,12.5,,2,reviewed,us,us
1986-10-23T17:32:34.620Z,-11.278,165.114,33,4.4,mb,,,,1.3,us,usp0002z95,2014-11-07T00:39:11.270Z,"96 km SW of Lata, Solomon Islands",earthquake,,,,3,reviewed,us,us
1986-10-23T17:02:07.080Z,-6.165,151.907,33,3.9,mb,,,,1.4,us,usp0002z93,2014-11-07T00:39:11.266Z,"205 km SSW of Kokopo, Papua New Guinea",earthquake,,,,2,reviewed,us,us
1986-10-23T16:23:49.280Z,-11.086,165.537,23.6,6.5,mw,,,,1,us,usp0002z92,2022-04-27T22:03:28.047Z,"49 km SW of Lata, Solomon Islands",earthquake,,12,,,reviewed,us,hrv
1986-10-23T16:23:33.610Z,37.5943333,-118.4855,6.925,2.51,md,46,34,0.05586,0.05,nc,nc86338,2016-12-06T10:48:00.010Z,"16 km NE of Swall Meadows, California",earthquake,0.17,0.52,0.28,34,reviewed,nc,nc
1986-10-23T15:56:31.300Z,-11.038,165.432,33,5.2,mb,,,,1,us,usp0002z8z,2014-11-07T00:39:11.246Z,"52 km SW of Lata, Solomon Islands",earthquake,,,,1,reviewed,us,us
1986-10-23T15:48:43.750Z,-11.037,165.204,18.8,6.7,mw,,,,1.1,us,usp0002z8y,2022-04-27T22:03:17.612Z,"73 km WSW of Lata, Solomon Islands",earthquake,,,,,reviewed,us,hrv
1986-10-23T15:20:41.600Z,-11.331,165.121,33,3.9,mb,,,,0.5,us,usp0002z8w,2014-11-07T00:39:11.218Z,"99 km SW of Lata, Solomon Islands",earthquake,,,,1,reviewed,us,us
1986-10-23T12:40:36.540Z,56.027,-153.949,33,4.3,mb,,,,1.5,us,usp0002z8v,2014-11-07T00:39:11.217Z,"103 km S of Akhiok, Alaska",earthquake,,,,2,reviewed,us,us
1986-10-23T12:24:46.520Z,-11.097,165.356,33,5.2,mb,,,,1,us,usp0002z8u,2014-11-07T00:39:11.214Z,"63 km SW of Lata, Solomon Islands",earthquake,,,,3,reviewed,us,us
1986-10-23T11:05:30.860Z,-7.138,129.236,130.1,5,mb,,,,1,us,usp0002z8t,2014-11-07T00:39:11.209Z,"290 km ENE of Lospalos, Timor Leste",earthquake,,11.1,,16,reviewed,us,us
1986-10-23T09:03:14.180Z,-11.058,165.302,33,5.1,mb,,,,1.1,us,usp0002z8s,2014-11-07T00:39:11.206Z,"65 km SW of Lata, Solomon Islands",earthquake,,,,5,reviewed,us,us
1986-10-23T08:58:52.370Z,0.56,96.634,33,3.9,mb,,,,1,us,usp0002z8r,2014-11-07T00:39:11.204Z,"214 km S of Sinabang, Indonesia",earthquake,,,,1,reviewed,us,us
1986-10-23T04:50:29.890Z,33.521,139.076,208.5,4.8,mb,,,,1,us,usp0002z8n,2014-11-07T00:39:11.195Z,"128 km S of Shimoda, Japan",earthquake,,3.2,,16,reviewed,us,us
1986-10-23T03:54:20.870Z,-6.097,146.306,126.9,6,mw,,,,1,us,usp0002z8m,2022-04-27T22:03:12.867Z,"53 km ENE of Kainantu, Papua New Guinea",earthquake,,,,,reviewed,us,hrv
1986-10-23T03:09:41.690Z,41.928,142.567,65.9,4.5,mb,,,,0.6,us,usp0002z8k,2014-11-07T00:39:11.170Z,"48 km SSE of Shizunai-furukawach?, Japan",earthquake,,10.2,,3,reviewed,us,us
1986-10-23T02:19:08.710Z,32.947,-117.745,5.622,3.04,ml,0,164.5,,0.197,ci,ci711545,2016-02-03T22:51:55.950Z,"43km WSW of Encinitas, CA",earthquake,,,,4,reviewed,ci,ci
1986-10-23T02:18:51.880Z,-15.57,167.561,159.6,6.2,mw,,,,1.2,us,usp0002z8j,2022-04-27T22:03:06.148Z,"43 km E of Luganville, Vanuatu",earthquake,,,,,reviewed,us,hrv
1986-10-23T02:07:19.590Z,-4.401,152.188,142.1,5,mb,,,,1,us,usp0002z8h,2014-11-07T00:39:11.140Z,"11 km SW of Kokopo, Papua New Guinea",earthquake,,5.4,,2,reviewed,us,us
1986-10-23T01:42:31.550Z,52.514,-168.161,33,5,mb,,,,1.1,us,usp0002z8g,2014-11-07T00:39:11.132Z,"66 km SE of Nikolski, Alaska",earthquake,,,,48,reviewed,us,us
1986-10-23T01:11:19.430Z,-27.568,-176.708,33,5,mb,,,,1.5,us,usp0002z8e,2014-11-07T00:39:11.128Z,"Kermadec Islands region",earthquake,,,,3,reviewed,us,us
1986-10-22T22:20:30.810Z,38.2686667,-120.7375,0.144,2.52,md,36,61,0.1748,0.31,nc,nc86292,2016-12-06T10:45:11.660Z,"4 km SW of Mokelumne Hill, California",earthquake,0.4,4.24,0.1,35,reviewed,nc,nc
1986-10-22T22:20:26.760Z,-27.438,-176.571,33,5.4,mw,,,,1.2,us,usp0002z89,2025-12-19T21:17:24.378Z,"Kermadec Islands region",earthquake,,,,,reviewed,us,hrv
1986-10-22T22:05:32.240Z,38.829,-122.3813333,-0.72,2.58,md,7,104,0.05676,0.07,nc,nc86290,2016-12-06T10:44:58.990Z,"15 km E of Hidden Valley Lake, California",quarry blast,0.84,3.29,0.06,7,reviewed,nc,nc
1986-10-22T20:43:49.160Z,31.5808333,-115.8108333,4.93,3.31,mc,6,298,,0.39,ci,ci711531,2016-04-02T12:14:17.601Z,"73km ESE of Maneadero, B.C., MX",earthquake,3.13,31.61,,1,reviewed,ci,ci
1986-10-22T19:40:48.580Z,-28.324,-176.309,33,5.6,mw,,,,1.3,us,usp0002z84,2022-04-27T22:03:00.319Z,"Kermadec Islands region",earthquake,,,,,reviewed,us,hrv
1986-10-22T19:08:00.190Z,39.482,75.156,33,4.5,mb,,,,1.3,us,usp0002z83,2014-11-07T00:39:11.089Z,"71 km W of Kashgar, China",earthquake,,,,5,reviewed,us,us
1986-10-22T18:56:01.890Z,34.62,-113.15,-0.242,2.75,mc,0,327.8,,0.387,ci,ci711520,2016-02-04T00:08:24.690Z,"104km SE of Kingman, AZ",quarry blast,,,,6,reviewed,ci,ci
1986-10-22T18:31:34.140Z,61.339,-146.849,38.3,4,ml,,,,,us,usp0002z82,2014-11-07T00:39:11.084Z,"35 km NW of Valdez, Alaska",earthquake,,,,,reviewed,ags,pmr
1986-10-22T17:23:35.780Z,-27.812,-175.945,33,5.3,mb,,,,1.4,us,usp0002z81,2014-11-07T00:39:11.081Z,"Kermadec Islands region",earthquake,,,,5,reviewed,us,us
1986-10-22T16:54:05.250Z,46.2008333,-122.1933333,-0.074,2.5,md,20,48,0.009226,0.11,uw,uw10223233,2016-07-24T20:04:05.590Z,"37 km NNE of Amboy, Washington",earthquake,0.276,0.2,0.06,3,reviewed,uw,uw
1986-10-22T15:57:28.880Z,-28.055,-176.99,33,4.4,mb,,,,1.3,us,usp0002z7z,2014-11-07T00:39:11.078Z,"Kermadec Islands region",earthquake,,,,2,reviewed,us,us
1986-10-22T15:49:18.590Z,-5.943,151.311,60.1,4,mb,,,,1.2,us,usp0002z7y,2014-11-07T00:39:11.076Z,"137 km ESE of Kimbe, Papua New Guinea",earthquake,,17.9,,1,reviewed,us,us
1986-10-22T15:17:32.530Z,46.1981667,-122.191,-0.194,2.5,md,13,75,0.01147,0.12,uw,uw10223118,2016-07-24T20:04:04.620Z,"37 km NNE of Amboy, Washington",earthquake,0.414,0.34,0.08,2,reviewed,uw,uw
1986-10-22T15:03:21.390Z,37.4771667,-118.5121667,2.899,2.99,md,42,67,0.01622,0.06,nc,nc86322,2016-12-06T10:44:02.760Z,"6 km NNE of Mesa, California",earthquake,0.17,0.43,0.26,40,reviewed,nc,nc
1986-10-22T15:00:17.480Z,36.0796667,-120.6335,4.499,2.75,md,50,35,0.03243,0.06,nc,nc86221,2016-12-06T10:43:50.790Z,"25 km ENE of San Ardo, California",earthquake,0.15,0.26,0.11,40,reviewed,nc,nc
1986-10-22T14:53:58.670Z,37.4778333,-118.5125,3.279,2.79,md,36,72,0.01532,0.07,nc,nc86219,2016-12-06T10:43:39.340Z,"7 km NNE of Mesa, California",earthquake,0.2,0.54,0.27,31,reviewed,nc,nc
1986-10-22T14:35:46.600Z,22.423,118.787,14.6,5,mb,,,,1.1,us,usp0002z7w,2014-11-07T00:39:11.064Z,"150 km SSW of Magong, Taiwan",earthquake,,6,,18,reviewed,us,us
1986-10-22T12:53:43.310Z,46.2025,-122.191,-0.504,2.5,md,11,67,0.007189,0.08,uw,uw10222953,2016-07-24T20:04:02.740Z,"38 km NNE of Amboy, Washington",earthquake,0.306,0.27,0.08,1,reviewed,uw,uw
1986-10-22T12:35:04.530Z,46.2045,-122.2005,-0.004,2.8,md,17,71,0.009456,0.12,uw,uw10222908,2016-07-24T20:04:01.510Z,"37 km NNE of Amboy, Washington",earthquake,0.362,0.25,0.08,2,reviewed,uw,uw
1986-10-22T12:14:59.630Z,-27.569,-176.54,109,4.7,mb,,,,0.7,us,usp0002z7u,2014-11-07T00:39:11.058Z,"Kermadec Islands region",earthquake,,,,4,reviewed,us,us
1986-10-22T11:38:12.620Z,45.768,15.705,10,2.9,ml,,,,0.3,us,usp0002z7t,2014-11-07T00:39:11.055Z,"2 km E of Rude, Croatia",earthquake,,,,,reviewed,us,kba
1986-10-22T11:25:23.720Z,-27.582,-176.82,33,4.6,mb,,,,1.4,us,usp0002z7s,2014-11-07T00:39:11.052Z,"Kermadec Islands region",earthquake,,,,3,reviewed,us,us
1986-10-22T11:07:20.110Z,36.434,140.62,70.6,4.7,mb,,,,0.8,us,usp0002z7r,2014-11-07T00:39:11.049Z,"6 km SE of Funaishikawa, Japan",earthquake,,4.5,,3,reviewed,us,us
1986-10-22T09:25:52.820Z,13.631,-90.624,33,4.4,m,,,,0.7,us,usp0002z7q,2014-11-07T00:39:11.047Z,"34 km SSE of Iztapa, Guatemala",earthquake,,,,,reviewed,us,gcg
1986-10-22T09:24:06.150Z,35.793,21.79,33,4,mb,,,,0.8,us,usp0002z7p,2014-11-07T00:39:11.045Z,"112 km S of Koróni, Greece",earthquake,,,,2,reviewed,us,us
1986-10-22T09:21:17.700Z,-15.158,-74.192,150,4.8,mb,,,,0.7,us,usp0002z7n,2014-11-07T00:39:11.043Z,"39 km W of Pullo, Peru",earthquake,,40.7,,1,reviewed,us,us
1986-10-22T08:59:28.850Z,-10.569,166.04,165.1,6,mw,,,,0.9,us,usp0002z7m,2022-04-27T22:02:54.736Z,"31 km ENE of Lata, Solomon Islands",earthquake,,,,,reviewed,us,hrv
1986-10-22T08:46:56.720Z,-26.892,-176.686,33,5,mb,,,,1.3,us,usp0002z7k,2014-11-07T00:39:11.012Z,"south of the Fiji Islands",earthquake,,,,2,reviewed,us,us
1986-10-22T08:07:12.330Z,35.037,-119.086,17.099,2.84,ml,0,99.9,,0.182,ci,ci711483,2016-02-03T19:34:19.760Z,"18km NW of Grapevine, CA",earthquake,,0.177,,5,reviewed,ci,ci
1986-10-22T07:35:29.890Z,37.34,-117.262,4.208,2.67,mc,0,245.8,,0.393,ci,ci711480,2016-02-04T01:30:14.530Z,"66km NW of Beatty, NV",earthquake,,,,12,reviewed,ci,ci
1986-10-22T06:27:45.490Z,-22.303,-176.375,389.8,4.5,mb,,,,0.7,us,usp0002z7h,2014-11-07T00:39:11.009Z,"174 km SW of Vaini, Tonga",earthquake,,44.4,,1,reviewed,us,us
1986-10-22T05:30:33.280Z,2.25,126.694,76.3,5,mb,,,,1.2,us,usp0002z7g,2014-11-07T00:39:11.005Z,"157 km WNW of Tobelo, Indonesia",earthquake,,12.5,,9,reviewed,us,us
1986-10-22T03:57:05.830Z,40.39,-124.9556667,23.003,2.88,md,9,275,0.4802,0.16,nc,nc10086950,2016-12-06T10:41:39.966Z,"62 km WSW of Ferndale, California",earthquake,4.2,15.69,0.07,7,reviewed,nc,nc
1986-10-22T02:38:44.150Z,-28.092,-176.291,33,5.4,mw,,,,1,us,usp0002z7e,2025-12-19T21:17:23.642Z,"Kermadec Islands region",earthquake,,,,,reviewed,us,hrv
1986-10-22T02:14:52.630Z,33.022,-117.841,5.622,2.58,mc,0,187.6,,0.209,ci,ci711469,2016-02-04T05:22:37.210Z,"48km WSW of Carlsbad, CA",earthquake,,,,32,reviewed,ci,ci
1986-10-22T00:12:19.660Z,-59.529,-21.059,10,4.8,mb,,,,1.4,us,usp0002z7c,2014-11-07T00:39:10.990Z,"east of the South Sandwich Islands",earthquake,,,,2,reviewed,us,us
1986-10-22T00:01:35.390Z,46.2026667,-122.1918333,0.284,3,md,27,48,,0.16,uw,uw10222348,2016-07-24T20:03:55.400Z,"38 km NNE of Amboy, Washington",earthquake,0.318,0.29,0.06,4,reviewed,uw,uw
1986-10-21T23:53:26.330Z,-28.185,-176.524,33,5,mb,,,,1.2,us,usp0002z7a,2014-11-07T00:39:10.985Z,"Kermadec Islands region",earthquake,,,,3,reviewed,us,us
1986-10-21T22:57:01.670Z,35.573,-118.334,4.535,2.86,mc,0,45.2,,0.067,ci,ci711453,2016-02-03T20:53:08.100Z,"14km ESE of Lake Isabella, CA",earthquake,,9.092,,52,reviewed,ci,ci
1986-10-21T22:40:41.200Z,46.2031667,-122.1911667,-0.224,3,md,25,49,,0.15,uw,uw10222208,2016-07-24T20:03:52.730Z,"38 km NNE of Amboy, Washington",earthquake,0.34,0.27,0.07,4,reviewed,uw,uw
1986-10-21T22:06:48.110Z,-27.623,-176.196,33,4.5,mb,,,,1.7,us,usp0002z78,2014-11-07T00:39:10.982Z,"Kermadec Islands region",earthquake,,,,2,reviewed,us,us
1986-10-21T21:59:37.890Z,-27.852,-176.342,33,4.8,mb,,,,1.4,us,usp0002z77,2014-11-07T00:39:10.979Z,"Kermadec Islands region",earthquake,,,,3,reviewed,us,us
1986-10-21T21:57:59.410Z,1.541,127.424,142.1,5,mb,,,,0.9,us,usp0002z76,2014-11-07T00:39:10.977Z,"68 km WSW of Tobelo, Indonesia",earthquake,,11.4,,5,reviewed,us,us
1986-10-21T21:54:41.310Z,38.7965,-122.4171667,-0.906,2.52,md,17,140,0.02523,0.37,nc,nc86183,2016-12-06T10:40:30.660Z,"12 km E of Hidden Valley Lake, California",quarry blast,1.02,1.93,0.14,13,reviewed,nc,nc
1986-10-21T21:47:04.120Z,46.201,-122.1878333,-0.204,3.1,md,25,49,,0.15,uw,uw10222148,2016-07-24T20:03:50.420Z,"38 km NNE of Amboy, Washington",earthquake,0.368,0.3,0.05,4,reviewed,uw,uw
1986-10-21T21:29:19.920Z,37.4675,-118.4991667,1.449,2.5,md,38,52,0.02432,0.08,nc,nc86228,2016-12-06T10:40:25.520Z,"6 km NE of Mesa, California",earthquake,0.17,0.51,0.2,24,reviewed,nc,nc
1986-10-21T21:09:36.260Z,13.326,-90.118,44.7,5.7,mw,,,,1.2,us,usp0002z75,2022-04-27T22:02:49.111Z,"43 km SW of Acajutla, El Salvador",earthquake,,5.4,,,reviewed,us,hrv
1986-10-21T20:51:19.490Z,37.4698333,-118.5048333,2.469,3.36,md,44,52,0.02162,0.06,nc,nc86225,2016-12-06T10:40:02.250Z,"6 km NNE of Mesa, California",earthquake,0.18,0.49,0.22,39,reviewed,nc,nc
1986-10-21T20:50:24.520Z,46.1991667,-122.1883333,-0.084,2.5,md,26,46,,0.16,uw,uw10222053,2016-07-24T20:03:48.360Z,"37 km NNE of Amboy, Washington",earthquake,0.368,0.33,0.05,5,reviewed,uw,uw
1986-10-21T20:42:37.040Z,46.202,-122.1883333,-0.074,3.2,md,30,49,,0.2,uw,uw10222038,2016-07-24T20:03:47.760Z,"38 km NNE of Amboy, Washington",earthquake,0.419,0.35,0.03,5,reviewed,uw,uw
1986-10-21T20:12:47.530Z,37.4708333,-118.5041667,2.519,2.66,md,38,51,0.02072,0.07,nc,nc86178,2016-12-06T10:39:36.760Z,"6 km NNE of Mesa, California",earthquake,0.17,0.49,0.24,32,reviewed,nc,nc
1986-10-21T19:57:15.820Z,-18.964,169.446,260.5,3.9,mb,,,,1.5,us,usp0002z73,2014-11-07T00:39:10.956Z,"66 km NNE of Isangel, Vanuatu",earthquake,,10.8,,1,reviewed,us,us
1986-10-21T19:56:20.360Z,46.2003333,-122.1875,-0.194,3.1,md,29,49,,0.19,uw,uw10221958,2016-07-24T20:03:46.010Z,"37 km NNE of Amboy, Washington",earthquake,0.404,0.35,0.04,7,reviewed,uw,uw
1986-10-21T19:35:24.000Z,46.1983333,-122.1893333,0.056,3,md,26,44,,0.14,uw,uw10221933,2016-07-24T20:03:45.360Z,"37 km NNE of Amboy, Washington",earthquake,0.305,0.29,0.04,6,reviewed,uw,uw
1986-10-21T19:21:12.730Z,46.2015,-122.1888333,0.016,2.7,md,23,49,0.008053,0.13,uw,uw10221893,2016-07-24T20:03:44.640Z,"38 km NNE of Amboy, Washington",earthquake,0.312,0.25,0.05,8,reviewed,uw,uw
1986-10-21T19:18:55.950Z,-27.057,-176.404,33,5.2,mb,,,,1.1,us,usp0002z72,2014-11-07T00:39:10.951Z,"Kermadec Islands region",earthquake,,,,6,reviewed,us,us
1986-10-21T19:08:32.690Z,44.03,-128.127,10,4.3,mb,,,,0.6,us,usp0002z71,2014-11-07T00:39:10.950Z,"off the coast of Oregon",earthquake,,,,1,reviewed,us,us
1986-10-21T19:03:02.600Z,46.1998333,-122.1863333,-0.164,2.7,md,28,48,,0.17,uw,uw10221843,2016-07-24T20:03:43.450Z,"37 km NNE of Amboy, Washington",earthquake,0.347,0.3,0.03,5,reviewed,uw,uw
1986-10-21T18:21:13.690Z,46.2001667,-122.1871667,-0.344,3.1,md,29,48,,0.19,uw,uw10221758,2016-07-24T20:03:41.300Z,"37 km NNE of Amboy, Washington",earthquake,0.403,0.33,0.03,8,reviewed,uw,uw
1986-10-21T18:13:48.910Z,46.2005,-122.1868333,0.026,2.8,md,27,49,,0.17,uw,uw10221728,2016-07-24T20:03:40.490Z,"38 km NNE of Amboy, Washington",earthquake,0.397,0.35,0.04,11,reviewed,uw,uw
1986-10-21T17:49:06.540Z,46.2005,-122.187,-0.244,2.6,md,26,49,,0.14,uw,uw10221668,2016-07-24T20:03:39.360Z,"38 km NNE of Amboy, Washington",earthquake,0.311,0.27,0.03,9,reviewed,uw,uw
1986-10-21T17:32:23.040Z,46.1996667,-122.188,-0.004,2.8,md,27,47,,0.13,uw,uw10221648,2016-07-24T20:03:38.560Z,"37 km NNE of Amboy, Washington",earthquake,0.298,0.24,0.04,9,reviewed,uw,uw
1986-10-21T17:23:32.290Z,-27.876,-176.279,33,4.6,mb,,,,1.4,us,usp0002z6z,2014-11-07T00:39:10.945Z,"Kermadec Islands region",earthquake,,,,3,reviewed,us,us
1986-10-21T17:15:41.410Z,46.1993333,-122.1873333,-0.164,3,md,29,46,,0.16,uw,uw10221558,2016-07-24T20:03:35.480Z,"37 km NNE of Amboy, Washington",earthquake,0.34,0.3,0.04,14,reviewed,uw,uw
1986-10-21T17:04:47.470Z,-8.614,31.242,10,4.8,mb,,,,1.4,us,usp0002z6x,2014-11-07T00:39:10.942Z,"21 km NE of Mpulungu, Zambia",earthquake,,,,1,reviewed,us,us
1986-10-21T15:57:52.310Z,10.354,-62.637,37.5,5,mb,,,,1.1,us,usp0002z6v,2014-11-07T00:39:10.936Z,"44 km WSW of Güiria, Venezuela",earthquake,,6.3,,16,reviewed,us,us
1986-10-21T15:42:03.550Z,46.2013333,-122.1888333,-0.284,3,md,29,49,,0.18,uw,uw10221403,2016-07-24T20:03:32.780Z,"38 km NNE of Amboy, Washington",earthquake,0.347,0.31,0.04,10,reviewed,uw,uw
1986-10-21T15:11:56.570Z,46.1998333,-122.1865,-0.164,2.8,md,27,48,,0.13,uw,uw10221318,2016-07-24T20:03:30.490Z,"37 km NNE of Amboy, Washington",earthquake,0.304,0.25,0.03,7,reviewed,uw,uw
1986-10-21T15:11:42.160Z,-27.733,-176.597,33,5.3,mb,,,,1,us,usp0002z6t,2014-11-07T00:39:10.906Z,"Kermadec Islands region",earthquake,,,,11,reviewed,us,us
1986-10-21T14:34:13.880Z,44.5,10.787,10.7,3.8,ml,,,,1.1,us,usp0002z6s,2014-11-07T00:39:10.901Z,"3 km ESE of San Michele dei Mucchietti, Italy",earthquake,,4.2,,,reviewed,us,kba
1986-10-21T14:32:56.780Z,46.2005,-122.1865,-0.225,3.2,md,25,49,,0.14,uw,uw10221213,2016-07-24T20:03:28.480Z,"38 km NNE of Amboy, Washington",earthquake,0.311,0.28,0.03,8,reviewed,uw,uw
1986-10-21T14:13:18.070Z,14.87,-60.434,33,2.8,ml,,,,0.4,us,usp0002z6r,2014-11-07T00:39:10.899Z,"56 km NE of Le Vauclin, Martinique",earthquake,,,,,reviewed,us,fdf
1986-10-21T13:56:46.250Z,-0.297,125.835,62.8,4.7,mb,,,,1.5,us,usp0002z6p,2014-11-07T00:39:10.895Z,"204 km SSE of Tondano, Indonesia",earthquake,,19.5,,2,reviewed,us,us
1986-10-21T13:34:52.830Z,46.2003333,-122.1866667,-0.154,3.1,md,31,49,,0.2,uw,uw10221168,2016-07-24T20:03:26.750Z,"38 km NNE of Amboy, Washington",earthquake,0.417,0.36,0.03,9,reviewed,uw,uw
1986-10-21T13:17:01.620Z,-24.489,-67.82,170.8,4.5,mb,,,,1.3,us,usp0002z6n,2014-11-07T00:39:10.893Z,"155 km W of San Antonio de los Cobres, Argentina",earthquake,,17.7,,1,reviewed,us,us
1986-10-21T13:15:24.040Z,18.487,-62.077,33,3.8,ml,,,,0.2,us,usp0002z6m,2014-11-07T00:39:10.891Z,"97 km NNW of Codrington, Antigua and Barbuda",earthquake,,,,,reviewed,us,fdf
1986-10-21T13:14:58.380Z,36.7638333,-121.357,9.625,3.3,ml,91,23,0.01351,0.19,nc,nc86223,2016-12-06T10:37:22.990Z,"4 km SW of Tres Pinos, California",earthquake,0.21,0.32,,4,reviewed,nc,nc
1986-10-21T12:33:41.810Z,-28.071,-176.057,33,5,mb,,,,1.5,us,usp0002z6j,2014-11-07T00:39:10.885Z,"Kermadec Islands region",earthquake,,,,5,reviewed,us,us
1986-10-21T12:29:44.090Z,-27.644,-176.613,33,5.9,mw,,,,1.1,us,usp0002z6h,2022-04-27T22:02:47.149Z,"Kermadec Islands region",earthquake,,,,,reviewed,us,hrv
1986-10-21T12:15:57.350Z,1.656,126.848,67,4.9,mb,,,,1.1,us,usp0002z6f,2014-11-07T00:39:10.870Z,"112 km NNW of Ternate, Indonesia",earthquake,,11.8,,7,reviewed,us,us
1986-10-21T12:08:37.300Z,43.847,-128.613,10,4.6,mb,,,,0.9,us,usp0002z6e,2014-11-07T00:39:10.867Z,"off the coast of Oregon",earthquake,,,,7,reviewed,us,us
1986-10-21T11:48:28.020Z,44.107,-128,10,4.4,mb,,,,1.2,us,usp0002z6c,2014-11-07T00:39:10.864Z,"off the coast of Oregon",earthquake,,,,2,reviewed,us,us
1986-10-21T11:43:20.930Z,43.958,-128.548,10,5,mb,,,,1.2,us,usp0002z6b,2014-11-07T00:39:10.861Z,"off the coast of Oregon",earthquake,,,,6,reviewed,us,us
1986-10-21T11:37:38.570Z,43.989,-128.489,10,5,mb,,,,1.2,us,usp0002z6a,2014-11-07T00:39:10.854Z,"off the coast of Oregon",earthquake,,,,31,reviewed,us,us
1986-10-21T11:27:24.780Z,-27.805,-176.638,33,5.1,mb,,,,0.9,us,usp0002z69,2014-11-07T00:39:10.850Z,"Kermadec Islands region",earthquake,,,,6,reviewed,us,us
1986-10-21T11:09:35.180Z,46.2,-122.1866667,-0.254,3.2,md,29,48,,0.16,uw,uw10221078,2016-07-24T20:03:23.740Z,"37 km NNE of Amboy, Washington",earthquake,0.347,0.3,0.03,13,reviewed,uw,uw
1986-10-21T11:02:59.980Z,-27.802,-176.467,33,5.9,mw,,,,1,us,usp0002z67,2022-04-27T22:02:41.746Z,"Kermadec Islands region",earthquake,,,,,reviewed,us,hrv
1986-10-21T10:48:21.130Z,-27.726,-176.572,33,5.5,mw,,,,1.2,us,usp0002z65,2025-12-19T21:17:22.961Z,"Kermadec Islands region",earthquake,,,,,reviewed,us,hrv
1986-10-21T10:22:07.750Z,38.529,141.743,64,4.8,mb,,,,0.9,us,usp0002z64,2014-11-07T00:39:10.784Z,"40 km ENE of Ishinomaki, Japan",earthquake,,4.3,,13,reviewed,us,us
1986-10-21T10:10:15.600Z,-58.973,-25.496,49,5,mb,,,,0.9,us,usp0002z62,2014-11-07T00:39:10.777Z,"South Sandwich Islands region",earthquake,,,,7,reviewed,us,us
1986-10-21T09:49:38.100Z,46.2005,-122.187,-0.224,3,md,29,49,,0.16,uw,uw10220933,2016-07-24T20:03:20.150Z,"38 km NNE of Amboy, Washington",earthquake,0.325,0.27,0.03,10,reviewed,uw,uw
1986-10-21T09:32:25.130Z,-27.977,-176.474,33,4.9,mb,,,,1.2,us,usp0002z61,2014-11-07T00:39:10.772Z,"Kermadec Islands region",earthquake,,,,4,reviewed,us,us
1986-10-21T09:30:04.370Z,37.5915,-118.4526667,7.385,3.34,md,44,41,0.04414,0.05,nc,nc86156,2016-12-06T10:36:30.600Z,"19 km ENE of Swall Meadows, California",earthquake,0.18,0.57,0.2,49,reviewed,nc,nc
1986-10-21T09:19:46.160Z,-28.175,-176.576,33,4.9,mb,,,,0.7,us,usp0002z60,2014-11-07T00:39:10.769Z,"Kermadec Islands region",earthquake,,,,3,reviewed,us,us
1986-10-21T09:13:18.130Z,38.4103333,-119.2985,4.938,2.58,md,25,96,0.1261,0.07,nc,nc86138,2016-12-06T10:36:23.430Z,"18 km NNW of Bridgeport, California",earthquake,0.16,0.66,0.3,25,reviewed,nc,nc
1986-10-21T08:59:46.000Z,61.655,-26.08,10,4.6,mb,,,,0.8,us,usp0002z5z,2014-11-07T00:39:10.766Z,"Iceland region",earthquake,,,,16,reviewed,us,us
1986-10-21T08:54:59.590Z,39.2221667,-111.983,2.3,2.65,md,16,80,0.2137,0.32,uu,uu50030330,2018-08-28T03:27:48.860Z,"10 km ESE of Scipio, Utah",earthquake,0.86,1.94,,4,reviewed,uu,uu
1986-10-21T08:47:47.230Z,23.355,103.813,33,3.6,ml,,,,1,us,usp0002z5x,2014-11-07T00:39:10.763Z,"44 km W of Wenshan City, China",earthquake,,,,,reviewed,us,bji
1986-10-21T08:43:13.820Z,46.2003333,-122.1881667,-0.224,3,md,29,48,,0.17,uw,uw10220843,2016-07-24T20:03:16.470Z,"37 km NNE of Amboy, Washington",earthquake,0.326,0.27,0.03,15,reviewed,uw,uw
1986-10-21T08:41:42.920Z,46.2038333,-122.188,-0.124,2.5,md,18,55,0.005759,0.09,uw,uw10220818,2016-07-24T20:03:15.900Z,"38 km NNE of Amboy, Washington",earthquake,0.256,0.18,0.05,6,reviewed,uw,uw
1986-10-21T08:36:24.800Z,37.4916667,-118.3718333,4.094,3.08,md,39,64,0.05225,0.08,nc,nc86133,2016-12-06T10:35:56.190Z,"12 km NNE of Dixon Lane-Meadow Creek, California",earthquake,0.2,0.53,0.27,35,reviewed,nc,nc
1986-10-21T08:29:55.570Z,46.199,-122.1878333,-0.374,3.1,md,27,57,,0.16,uw,uw10220798,2016-07-24T20:03:15.180Z,"37 km NNE of Amboy, Washington",earthquake,0.354,0.29,0.03,9,reviewed,uw,uw
1986-10-21T08:18:27.480Z,46.2003333,-122.1898333,-0.184,2.5,md,20,48,,0.17,uw,uw10220768,2016-07-24T20:03:14.440Z,"37 km NNE of Amboy, Washington",earthquake,0.403,0.36,0.06,5,reviewed,uw,uw
1986-10-21T06:50:50.880Z,-27.262,-176.51,33,5.7,mw,,,,1.2,us,usp0002z5v,2022-04-27T22:02:40.185Z,"Kermadec Islands region",earthquake,,,,,reviewed,us,hrv
1986-10-21T06:37:21.560Z,32.956,-117.803,5.762,2.78,mc,0,192.8,,0.243,ci,ci711391,2016-02-03T23:30:54.590Z,"48km WSW of Carlsbad, CA",earthquake,,,,58,reviewed,ci,ci
1986-10-21T06:03:45.880Z,-27.726,-176.748,33,4.8,mb,,,,1,us,usp0002z5u,2014-11-07T00:39:10.734Z,"Kermadec Islands region",earthquake,,,,2,reviewed,us,us
1986-10-21T05:55:03.290Z,36.044,-118.399,6.854,2.74,mc,0,190.3,,0.075,ci,ci711389,2016-02-03T22:51:51.600Z,"32km N of Kernville, CA",earthquake,,1.703,,54,reviewed,ci,ci
1986-10-21T05:51:59.960Z,-27.919,-176.34,45.7,5.4,mw,,,,1,us,usp0002z5t,2025-12-19T21:17:22.310Z,"Kermadec Islands region",earthquake,,,,,reviewed,us,hrv
1986-10-21T05:42:02.020Z,46.2003333,-122.1873333,-0.254,3.1,md,29,49,,0.17,uw,uw10220423,2016-07-24T20:03:07.830Z,"37 km NNE of Amboy, Washington",earthquake,0.34,0.28,0.04,9,reviewed,uw,uw
1986-10-21T05:26:26.630Z,37.5361667,-118.4623333,5.77,2.94,md,43,50,0.01892,0.04,nc,nc86126,2016-12-06T10:35:16.230Z,"14 km NNE of Mesa, California",earthquake,0.15,0.46,0.21,35,reviewed,nc,nc
1986-10-21T04:36:24.830Z,51.261,15.667,10,3.9,ml,,,,1.3,us,usp0002z5s,2014-11-07T00:39:10.677Z,"6 km E of Boles?awiec, Poland",earthquake,,,,,reviewed,us,vka
1986-10-21T04:25:44.090Z,46.2008333,-122.1881667,-0.224,2.6,md,28,49,,0.16,uw,uw10220318,2016-07-24T20:03:05.670Z,"37 km NNE of Amboy, Washington",earthquake,0.333,0.27,0.05,6,reviewed,uw,uw
1986-10-21T03:53:56.940Z,43.791,7.818,10,2.9,ml,,,,0.4,us,usp0002z5r,2014-11-07T00:39:10.676Z,"4 km SE of San Remo, Italy",earthquake,,,,,reviewed,us,ldg
1986-10-21T03:45:50.600Z,46.2003333,-122.1878333,-0.304,2.8,md,28,48,,0.17,uw,uw10220198,2016-07-24T20:03:01.580Z,"37 km NNE of Amboy, Washington",earthquake,0.361,0.3,0.04,10,reviewed,uw,uw
1986-10-21T03:15:48.920Z,5.088,127.254,33,4.4,mb,,,,1.4,us,usp0002z5q,2014-11-07T00:39:10.673Z,"184 km SE of Pondaguitan, Philippines",earthquake,,,,1,reviewed,us,us
1986-10-21T03:11:29.030Z,46.2008333,-122.1876667,-0.414,3.1,md,30,49,,0.15,uw,uw10220128,2016-07-24T20:02:59.850Z,"38 km NNE of Amboy, Washington",earthquake,0.326,0.27,0.04,9,reviewed,uw,uw
1986-10-21T03:11:16.260Z,-27.087,-176.524,33,4.9,ms,,,,1.5,us,usp0002z5p,2014-11-07T00:39:10.669Z,"Kermadec Islands region",earthquake,,,,1,reviewed,us,us
1986-10-21T02:32:44.980Z,-28.322,-176.5,33,5.2,ms,,,,1.4,us,usp0002z5n,2014-11-07T00:39:10.662Z,"Kermadec Islands region",earthquake,,,,4,reviewed,us,us
1986-10-21T01:56:03.560Z,46.2011667,-122.186,-0.204,2.6,md,26,49,,0.18,uw,uw10220013,2016-07-24T20:02:56.610Z,"38 km NNE of Amboy, Washington",earthquake,0.405,0.31,0.05,6,reviewed,uw,uw
1986-10-21T01:48:54.630Z,-27.224,-176.878,33,5,mb,,,,1.1,us,usp0002z5m,2014-11-07T00:39:10.660Z,"Kermadec Islands region",earthquake,,,,3,reviewed,us,us
1986-10-21T01:38:36.710Z,-27.269,-176.315,33,5.1,mb,,,,1.2,us,usp0002z5k,2014-11-07T00:39:10.656Z,"Kermadec Islands region",earthquake,,,,5,reviewed,us,us
1986-10-21T00:45:22.850Z,46.2006667,-122.1865,-0.334,3.1,md,34,49,,0.23,uw,uw10219853,2016-07-24T20:02:52.810Z,"38 km NNE of Amboy, Washington",earthquake,0.46,0.38,0.03,11,reviewed,uw,uw
1986-10-21T00:43:41.310Z,-27.789,-176.386,33,5.6,mw,,,,1.1,us,usp0002z5j,2022-04-27T22:02:38.832Z,"Kermadec Islands region",earthquake,,,,,reviewed,us,hrv
1986-10-20T23:53:10.290Z,-6.636,105.186,61.8,4.8,mb,,,,1.3,us,usp0002z5g,2014-11-07T00:39:10.641Z,"76 km WSW of Labuan, Indonesia",earthquake,,14.3,,4,reviewed,us,us
1986-10-20T23:13:15.380Z,-28.972,-176.968,33,4.4,mb,,,,0.8,us,usp0002z5f,2014-11-07T00:39:10.640Z,"Kermadec Islands region",earthquake,,,,2,reviewed,us,us
1986-10-20T22:54:35.520Z,47.207,-0.776,10,3.2,ml,,,,1,us,usp0002z5e,2014-11-07T00:39:10.636Z,"3 km WSW of Chemillé-Melay, France",earthquake,,,,,reviewed,us,ldg
1986-10-20T22:51:18.960Z,-28.211,-176.276,33,5.6,mw,,,,1.1,us,usp0002z5d,2022-04-27T22:02:37.373Z,"Kermadec Islands region",earthquake,,,,,reviewed,us,hrv
1986-10-20T22:35:30.010Z,32.952,-117.786,5.622,3.52,ml,0,192.2,,0.232,ci,ci711371,2016-02-03T21:32:23.220Z,"47km WSW of Carlsbad, CA",earthquake,,,,7,reviewed,ci,ci
1986-10-20T22:19:29.230Z,-28.17,-176.35,33,5.2,ms,,,,1.1,us,usp0002z5b,2014-11-07T00:39:10.620Z,"Kermadec Islands region",earthquake,,,,2,reviewed,us,us
1986-10-20T21:50:15.700Z,-27.805,-176.384,33,5.1,mb,,,,1.1,us,usp0002z5a,2014-11-07T00:39:10.585Z,"Kermadec Islands region",earthquake,,,,6,reviewed,us,us
1986-10-20T21:26:17.500Z,-27.945,-176.641,33,5.8,ms,,,,1.1,us,usp0002z59,2022-04-27T22:02:36.053Z,"Kermadec Islands region",earthquake,,,,4,reviewed,us,us
1986-10-20T21:23:10.690Z,-28.153,-176.732,33,5.5,ms,,,,1.2,us,usp0002z58,2022-04-27T22:02:34.591Z,"Kermadec Islands region",earthquake,,,,2,reviewed,us,us
1986-10-20T21:21:20.770Z,46.1995,-122.188,-0.204,3,md,31,46,,0.18,uw,uw10219743,2016-07-24T20:02:49.240Z,"37 km NNE of Amboy, Washington",earthquake,0.397,0.34,0.03,13,reviewed,uw,uw
1986-10-20T21:03:35.130Z,-27.239,-176.165,33,4.4,mb,,,,0.5,us,usp0002z57,2014-11-07T00:39:10.558Z,"Kermadec Islands region",earthquake,,,,2,reviewed,us,us
1986-10-20T20:29:13.300Z,43.943,7.521,10,3,ml,,,,0.3,us,usp0002z56,2014-11-07T00:39:10.555Z,"0 km NE of Breil-sur-Roya, France",earthquake,,,,,reviewed,us,ldg
1986-10-20T19:53:04.990Z,19.3246667,-155.1306667,7.169,2.58,ml,43,91,,0.12,hv,hv224664,2020-03-31T21:40:42.010Z,"15 km S of Fern Forest, Hawaii",earthquake,0.38,0.46,0.07,2,reviewed,hv,hv
1986-10-20T19:45:26.220Z,53.039,-166.782,33,4.8,mb,,,,1,us,usp0002z55,2014-11-07T00:39:10.473Z,"94 km S of Unalaska, Alaska",earthquake,,,,9,reviewed,us,us
1986-10-20T19:39:15.510Z,-27.792,-176.624,33,5.8,mw,,,,1.2,us,usp0002z54,2022-04-27T22:02:33.219Z,"Kermadec Islands region",earthquake,,,,,reviewed,us,hrv
1986-10-20T18:43:19.960Z,33.06,-115,-0.252,2.54,mc,0,113.3,,0.223,ci,ci711346,2016-02-03T20:13:45.670Z,"45km NE of Holtville, CA",quarry blast,,,,13,reviewed,ci,ci
1986-10-20T18:31:41.670Z,-27.21,-176.011,33,5.2,mb,,,,1.4,us,usp0002z53,2014-11-07T00:39:10.454Z,"Kermadec Islands region",earthquake,,,,5,reviewed,us,us
1986-10-20T18:16:04.110Z,-27.972,-176.28,33,5.9,mw,,,,1.4,us,usp0002z52,2022-04-27T22:02:31.851Z,"Kermadec Islands region",earthquake,,,,,reviewed,us,hrv
1986-10-20T17:13:37.650Z,-28.009,-176.553,33,5,mb,,,,1.3,us,usp0002z4z,2014-11-07T00:39:10.435Z,"Kermadec Islands region",earthquake,,,,4,reviewed,us,us
1986-10-20T16:48:57.390Z,34.958,26.233,48.6,4.5,mb,,,,1.2,us,usp0002z4y,2014-11-07T00:39:10.433Z,"26 km S of Palekastro, Greece",earthquake,,15.9,,1,reviewed,us,us
1986-10-20T16:33:50.130Z,46.202,-122.1843333,-0.404,2.9,md,27,69,,0.21,uw,uw10219448,2016-07-24T20:02:40.480Z,"38 km NNE of Amboy, Washington",earthquake,0.488,0.39,0.03,10,reviewed,uw,uw
1986-10-20T16:06:57.970Z,-27.995,-176.617,33,4.7,mb,,,,1.1,us,usp0002z4x,2014-11-07T00:39:10.430Z,"Kermadec Islands region",earthquake,,,,3,reviewed,us,us
1986-10-20T16:05:02.120Z,46.2006667,-122.188,-0.214,2.5,md,24,49,0.008912,0.15,uw,uw10219428,2016-07-24T20:02:39.770Z,"37 km NNE of Amboy, Washington",earthquake,0.348,0.27,0.05,8,reviewed,uw,uw
1986-10-20T16:01:33.890Z,-27.662,-176.109,33,5.4,mb,,,,1.2,us,usp0002z4w,2022-04-27T22:02:30.457Z,"Kermadec Islands region",earthquake,,,,8,reviewed,us,us
1986-10-20T15:52:52.900Z,-27.174,-176.326,33,5.5,ms,,,,1.4,us,usp0002z4v,2014-11-07T00:39:10.413Z,"Kermadec Islands region",earthquake,,,,2,reviewed,us,us
1986-10-20T14:48:18.500Z,36.776,-8.759,32.5,4.8,mb,,,,1.1,us,usp0002z4u,2022-04-27T22:02:29.088Z,"30 km SSE of Sagres, Portugal",earthquake,,4.3,,24,reviewed,us,us
1986-10-20T14:41:26.050Z,-27.932,-176.134,33,6.1,mw,,,,1.2,us,usp0002z4t,2022-04-27T22:02:27.814Z,"Kermadec Islands region",earthquake,,,,,reviewed,us,hrv
1986-10-20T13:26:00.060Z,-28.301,-177.111,33,4.6,mb,,,,1.6,us,usp0002z4r,2014-11-07T00:39:10.380Z,"Kermadec Islands region",earthquake,,,,3,reviewed,us,us
1986-10-20T13:19:22.670Z,46.1996667,-122.1871667,-0.574,2.5,md,22,72,,0.14,uw,uw10219298,2016-07-24T20:02:36.750Z,"37 km NNE of Amboy, Washington",earthquake,0.319,0.3,0.05,5,reviewed,uw,uw
1986-10-20T13:17:49.260Z,46.2003333,-122.1865,-0.244,2.7,md,28,49,,0.21,uw,uw10219278,2016-07-24T20:02:35.520Z,"38 km NNE of Amboy, Washington",earthquake,0.453,0.37,0.03,14,reviewed,uw,uw
1986-10-20T13:12:51.260Z,31.6463333,-116.0938333,5.446,2.58,mc,6,330,,0.31,ci,ci711326,2016-04-02T08:58:59.909Z,"45km E of Maneadero, B.C., MX",earthquake,3.67,31.61,,9,reviewed,ci,ci
1986-10-20T12:57:42.270Z,51.164,-174.732,33,4.8,mb,,,,1,us,usp0002z4n,2014-11-07T00:39:10.371Z,"120 km SSW of Atka, Alaska",earthquake,,,,3,reviewed,us,us
1986-10-20T12:43:40.920Z,-27.653,-176.152,33,5,mb,,,,1.1,us,usp0002z4m,2014-11-07T00:39:10.366Z,"Kermadec Islands region",earthquake,,,,7,reviewed,us,us
1986-10-20T12:32:45.710Z,-27.915,-176.389,33,5.7,ms,,,,1.3,us,usp0002z4k,2022-04-27T22:02:26.496Z,"Kermadec Islands region",earthquake,,,,3,reviewed,us,us
1986-10-20T12:17:55.320Z,-27.995,-176.202,33,4.8,mb,,,,1.5,us,usp0002z4j,2014-11-07T00:39:10.350Z,"Kermadec Islands region",earthquake,,,,3,reviewed,us,us
1986-10-20T12:15:31.990Z,43.169,13.848,10,4.7,mb,,,,1.4,us,usp0002z4h,2014-11-07T00:39:10.336Z,"4 km ESE of Porto San Giorgio, Italy",earthquake,,,,1,reviewed,us,us
1986-10-20T12:01:42.100Z,-27.681,-176.158,33,5.7,mb,,,,1.1,us,usp0002z4g,2022-04-27T22:02:25.063Z,"Kermadec Islands region",earthquake,,,,29,reviewed,us,us
1986-10-20T11:36:56.120Z,-27.369,-176.276,33,5.3,mb,,,,1.1,us,usp0002z4f,2014-11-07T00:39:10.131Z,"Kermadec Islands region",earthquake,,,,7,reviewed,us,us
1986-10-20T11:31:23.550Z,-27.76,-176.328,33,4.6,mb,,,,0.9,us,usp0002z4e,2014-11-07T00:39:10.129Z,"Kermadec Islands region",earthquake,,,,3,reviewed,us,us
1986-10-20T11:12:35.350Z,-28.061,-176.233,33,5.4,mb,,,,1.1,us,usp0002z4d,2014-11-07T00:39:10.121Z,"Kermadec Islands region",earthquake,,,,11,reviewed,us,us
1986-10-20T11:10:33.240Z,-28.2,-175.85,33,4.9,mb,,,,1.6,us,usp0002z4c,2014-11-07T00:39:10.119Z,"Kermadec Islands region",earthquake,,,,1,reviewed,us,us
1986-10-20T11:08:13.150Z,-27.599,-176.156,33,5.3,mb,,,,1,us,usp0002z4b,2014-11-07T00:39:10.114Z,"Kermadec Islands region",earthquake,,,,8,reviewed,us,us
1986-10-20T11:07:04.050Z,-27.666,-176.219,33,5.2,mb,,,,1.1,us,usp0002z4a,2014-11-07T00:39:10.086Z,"Kermadec Islands region",earthquake,,,,6,reviewed,us,us
1986-10-20T10:31:53.570Z,-26.855,-175.873,33,5,mb,,,,1.1,us,usp0002z46,2014-11-07T00:39:10.078Z,"south of Tonga",earthquake,,,,4,reviewed,us,us
1986-10-20T10:29:51.220Z,-28.088,-176.421,33,4.9,mb,,,,1.2,us,usp0002z45,2014-11-07T00:39:10.072Z,"Kermadec Islands region",earthquake,,,,6,reviewed,us,us
1986-10-20T10:27:06.710Z,-27.752,-176.496,33,4.8,mb,,,,0.9,us,usp0002z44,2014-11-07T00:39:10.070Z,"Kermadec Islands region",earthquake,,,,2,reviewed,us,us
1986-10-20T09:58:34.160Z,-27.708,-176.415,33,4.9,mb,,,,1.2,us,usp0002z43,2014-11-07T00:39:10.067Z,"Kermadec Islands region",earthquake,,,,2,reviewed,us,us
1986-10-20T09:42:49.410Z,-28.302,-176.365,33,4.8,mb,,,,0.3,us,usp0002z42,2014-11-07T00:39:10.066Z,"Kermadec Islands region",earthquake,,,,2,reviewed,us,us
1986-10-20T09:16:39.340Z,-27.468,-177.03,33,4.7,mb,,,,1,us,usp0002z40,2014-11-07T00:39:10.062Z,"Kermadec Islands region",earthquake,,,,3,reviewed,us,us
1986-10-20T09:02:33.670Z,-27.3,-176.423,33,5.3,mb,,,,1.2,us,usp0002z3z,2022-04-27T22:02:23.528Z,"Kermadec Islands region",earthquake,,,,17,reviewed,us,us
1986-10-20T08:59:19.720Z,-27.647,-176.762,33,4.6,mb,,,,0.7,us,usp0002z3y,2014-11-07T00:39:10.052Z,"Kermadec Islands region",earthquake,,,,5,reviewed,us,us
1986-10-20T08:50:39.510Z,-28.367,-176.186,33,5.2,mb,,,,1.1,us,usp0002z3x,2014-11-07T00:39:10.049Z,"Kermadec Islands region",earthquake,,,,5,reviewed,us,us
1986-10-20T08:48:12.990Z,-28.379,-176.135,33,4.8,mb,,,,1,us,usp0002z3w,2014-11-07T00:39:10.047Z,"Kermadec Islands region",earthquake,,,,2,reviewed,us,us
1986-10-20T08:43:21.310Z,2.68,126.781,33,5,mb,,,,1.2,us,usp0002z3v,2014-11-07T00:39:10.044Z,"172 km NW of Tobelo, Indonesia",earthquake,,,,4,reviewed,us,us
1986-10-20T08:40:15.160Z,-27.969,-175.83,33,5,mb,,,,1.4,us,usp0002z3u,2014-11-07T00:39:10.042Z,"Kermadec Islands region",earthquake,,,,2,reviewed,us,us
1986-10-20T08:23:19.100Z,-27.966,-176.39,33,5.2,mb,,,,1.2,us,usp0002z3t,2014-11-07T00:39:10.035Z,"Kermadec Islands region",earthquake,,,,6,reviewed,us,us
1986-10-20T08:11:30.670Z,-27.706,-176.588,33,5.4,mb,,,,0.9,us,usp0002z3s,2022-04-27T22:02:22.202Z,"Kermadec Islands region",earthquake,,,,10,reviewed,us,us
1986-10-20T08:04:22.330Z,-28.151,-176.267,33,5.1,mb,,,,1.4,us,usp0002z3r,2014-11-07T00:39:10.000Z,"Kermadec Islands region",earthquake,,,,5,reviewed,us,us
1986-10-20T07:46:01.850Z,-28.1,-175.824,33,5,mb,,,,1.4,us,usp0002z3q,2014-11-07T00:39:09.997Z,"Kermadec Islands region",earthquake,,,,2,reviewed,us,us
1986-10-20T07:45:42.680Z,46.201,-122.1871667,-0.304,2.5,md,32,49,,0.27,uw,uw10219028,2016-07-24T20:02:29.250Z,"38 km NNE of Amboy, Washington",earthquake,0.552,0.45,0.04,7,reviewed,uw,uw
1986-10-20T07:27:40.340Z,-28.129,-175.74,33,4.9,mb,,,,1.1,us,usp0002z3n,2014-11-07T00:39:09.994Z,"Kermadec Islands region",earthquake,,,,1,reviewed,us,us
1986-10-20T07:26:34.630Z,-28.393,-176.737,33,5.2,mb,,,,1.4,us,usp0002z3m,2014-11-07T00:39:09.990Z,"Kermadec Islands region",earthquake,,,,1,reviewed,us,us
1986-10-20T07:25:50.420Z,51.392,-174.748,33,4.6,mb,,,,1.3,us,usp0002z3k,2014-11-07T00:39:09.987Z,"97 km SSW of Atka, Alaska",earthquake,,,,12,reviewed,us,us
1986-10-20T06:46:09.980Z,-28.117,-176.367,29.1,7.7,mw,,,,1.2,us,usp0002z3j,2022-04-27T22:02:20.845Z,"Kermadec Islands region",earthquake,,,,,reviewed,us,hrv
1986-10-20T06:38:54.660Z,-6.484,154.957,53.2,4.4,mb,,,,1.1,us,usp0002z3h,2014-11-07T00:39:09.933Z,"61 km WSW of Panguna, Papua New Guinea",earthquake,,8.5,,2,reviewed,us,us
1986-10-20T06:30:25.650Z,2.771,126.912,42,5.5,mb,,,,1.1,us,usp0002z3e,2022-04-27T22:02:18.554Z,"167 km NW of Tobelo, Indonesia",earthquake,,13.5,,17,reviewed,us,us
1986-10-20T06:27:13.940Z,2.823,126.94,33,5.2,mb,,,,1.2,us,usp0002z3d,2014-11-07T00:39:09.918Z,"169 km NW of Tobelo, Indonesia",earthquake,,,,15,reviewed,us,us
1986-10-20T05:35:40.730Z,-4.832,153.451,77.6,5.4,mw,,,,1.1,us,usp0002z3b,2025-12-19T21:17:21.510Z,"141 km ESE of Kokopo, Papua New Guinea",earthquake,,5,,,reviewed,us,hrv
1986-10-20T05:31:38.210Z,51.1,20.026,10,2.9,ml,,,,1.8,us,usp0002z3a,2014-11-07T00:39:09.905Z,"6 km SW of Fa?ków, Poland",earthquake,,,,,reviewed,us,kra
1986-10-20T04:32:49.000Z,37.918,-101.372,5,3,mblg,,,,0.8,us,usp0002z39,2014-11-07T00:39:09.903Z,"10 km WSW of Lakin, Kansas",earthquake,,,,,reviewed,us,oth
1986-10-20T04:28:17.430Z,2.073,128.195,129.5,5.2,mb,,,,1.1,us,usp0002z38,2014-11-07T00:39:09.898Z,"43 km NNE of Tobelo, Indonesia",earthquake,,19.6,,12,reviewed,us,us
1986-10-20T03:03:22.240Z,37.145,-4.189,10,3.8,m,,,,1.4,us,usp0002z34,2014-11-07T00:39:09.890Z,"4 km SW of Loja, Spain",earthquake,,,,,reviewed,us,mdd
1986-10-20T02:48:59.740Z,37.4498333,-121.6876667,7.612,2.7,md,85,33,0.03874,0.05,nc,nc86070,2016-12-06T10:30:08.200Z,"13 km ENE of East Foothills, California",earthquake,0.09,0.26,0.11,75,reviewed,nc,nc
1986-10-20T01:28:41.550Z,39.0371667,-123.0758333,1.72,2.64,md,27,41,0.09369,0.05,nc,nc86045,2016-12-06T10:29:49.679Z,"7 km NNE of Hopland, California",earthquake,0.16,1.49,0.11,30,reviewed,nc,nc
1986-10-19T22:37:00.250Z,9.269,126.584,69.2,4.8,mb,,,,1.1,us,usp0002z30,2014-11-07T00:39:09.884Z,"43 km E of Cortes, Philippines",earthquake,,22.4,,4,reviewed,us,us
1986-10-19T21:48:44.930Z,-33.372,-72.759,33,4.1,mb,,,,1.5,us,usp0002z2y,2014-11-07T00:39:09.877Z,"108 km W of Cartagena, Chile",earthquake,,,,1,reviewed,us,us
1986-10-19T21:37:54.710Z,42.973,13.878,10,3.5,ml,,,,1.3,us,usp0002z2x,2014-11-07T00:39:09.872Z,"1 km SE of Grottammare, Italy",earthquake,,,,,reviewed,us,kba
1986-10-19T21:11:23.110Z,30.206,138.567,439.5,4.7,mb,,,,0.8,us,usp0002z2w,2014-11-07T00:39:09.867Z,"Izu Islands, Japan region",earthquake,,10.5,,19,reviewed,us,us
1986-10-19T21:06:26.480Z,32.999,-117.756,5.692,2.66,mc,0,184.9,,0.194,ci,ci711284,2016-02-03T21:32:21.350Z,"42km WSW of Carlsbad, CA",earthquake,,,,33,reviewed,ci,ci
1986-10-19T19:12:21.730Z,34.93,-116.657,5.103,2.95,mc,0,85.1,,0.14,ci,ci711274,2016-02-03T19:34:15.390Z,"34km E of Barstow, CA",earthquake,,,,71,reviewed,ci,ci
1986-10-19T18:42:19.370Z,15.212,-61.35,10,3.1,ml,,,,0.3,us,usp0002z2s,2014-11-07T00:39:09.861Z,"2 km SSE of Soufrière, Dominica",earthquake,,,,,reviewed,us,fdf
1986-10-19T18:30:57.210Z,63.887,-178.727,10,5.4,mw,,,,0.9,us,usp0002z2r,2025-12-19T21:17:20.690Z,"132 km NE of Beringovskiy, Russia",earthquake,,,,,reviewed,us,hrv
1986-10-19T18:09:56.540Z,36.097,-117.849,3.081,3.09,mc,0,91.5,,0.065,ci,ci711270,2016-02-04T04:05:27.910Z,"11km ENE of Coso Junction, CA",earthquake,,0.005,,64,reviewed,ci,ci
1986-10-19T18:02:43.680Z,34.842,-118.982,6.146,2.5,mc,0,80.3,,0.062,ci,ci711269,2016-02-04T00:49:20.560Z,"4km WNW of Frazier Park, CA",earthquake,,0.046,,40,reviewed,ci,ci
1986-10-19T18:00:11.940Z,-59.384,-25.619,33,4.5,mb,,,,1,us,usp0002z2p,2014-11-07T00:39:09.842Z,"South Sandwich Islands region",earthquake,,,,2,reviewed,us,us
1986-10-19T16:31:37.260Z,46.2045,-122.1846667,-0.873,2.9,md,26,65,,0.23,uw,uw10218378,2016-07-24T20:02:15.380Z,"38 km NNE of Amboy, Washington",earthquake,0.569,0.66,0.06,7,reviewed,uw,uw
1986-10-19T15:47:46.860Z,38.8206667,-122.7981667,3.738,2.82,md,31,47,0.01351,0.03,nc,nc86021,2016-12-06T10:28:21.890Z,"6 km W of Cobb, California",earthquake,0.14,0.33,0.09,32,reviewed,nc,nc
1986-10-19T13:12:00.690Z,-4.906,153.464,69.2,4.6,mb,,,,1.1,us,usp0002z2m,2014-11-07T00:39:09.839Z,"146 km ESE of Kokopo, Papua New Guinea",earthquake,,10.2,,4,reviewed,us,us
1986-10-19T12:45:54.650Z,31.985,-116.322,5.526,2.69,mc,0,183.8,,0.262,ci,ci711260,2016-02-03T22:51:49.270Z,"31km ENE of Ensenada, B.C., MX",earthquake,,,,22,reviewed,ci,ci
1986-10-19T10:01:43.700Z,46.29,-112.018,5,3.3,ml,,,,,us,usp0002z2h,2014-11-07T00:39:09.834Z,"5 km WNW of Elkhorn, Montana",earthquake,,,,,reviewed,but,us
1986-10-19T09:03:47.630Z,35.931,22.509,33,4.2,mb,,,,1.4,us,usp0002z2g,2014-11-07T00:39:09.831Z,"49 km WSW of Kýthira, Greece",earthquake,,,,6,reviewed,us,us
1986-10-19T07:48:17.820Z,38.663,-7.806,10,3.2,m,,,,0.8,us,usp0002z2f,2014-11-07T00:39:09.829Z,"13 km NE of Évora, Portugal",earthquake,,,,,reviewed,us,mth
1986-10-19T06:28:11.450Z,52.63,-170.667,33,4.7,mb,,,,1.1,us,usp0002z2d,2014-11-07T00:39:09.825Z,"126 km WSW of Nikolski, Alaska",earthquake,,,,4,reviewed,us,us
1986-10-19T05:48:31.620Z,34.99,-119.309,-0.127,2.72,ml,0,92.6,,0.129,ci,ci711246,2016-02-03T20:53:04.040Z,"11km SE of Maricopa, CA",earthquake,,0.084,,5,reviewed,ci,ci
1986-10-19T05:29:46.980Z,46.2013333,-122.1873333,-0.294,2.7,md,30,49,,0.28,uw,uw10218188,2016-07-24T20:02:07.910Z,"38 km NNE of Amboy, Washington",earthquake,0.602,0.49,0.04,11,reviewed,uw,uw
1986-10-19T04:26:58.260Z,18.434,144.308,73.4,4.3,mb,,,,1.4,us,usp0002z2b,2014-11-07T00:39:09.821Z,"Pagan region, Northern Mariana Islands",earthquake,,18.4,,2,reviewed,us,us
1986-10-19T03:24:16.080Z,-22.626,-175.219,125.1,4.9,mb,,,,1.1,us,usp0002z2a,2014-11-07T00:39:09.817Z,"145 km S of ‘Ohonua, Tonga",earthquake,,19.5,,5,reviewed,us,us
1986-10-19T01:56:47.210Z,38.821,-122.8088333,3.729,2.65,md,28,46,0.01712,0.03,nc,nc85996,2016-12-06T10:25:29.996Z,"7 km W of Cobb, California",earthquake,0.17,0.37,0.1,30,reviewed,nc,nc
1986-10-19T01:56:32.140Z,-4.539,152.792,28.4,4.7,mb,,,,0.9,us,usp0002z28,2014-11-07T00:39:09.814Z,"61 km ESE of Kokopo, Papua New Guinea",earthquake,,10.6,,2,reviewed,us,us
1986-10-19T01:49:31.640Z,46.2015,-122.1895,-0.784,2.5,md,28,49,,0.25,uw,uw10218058,2016-07-24T20:02:05.020Z,"38 km NNE of Amboy, Washington",earthquake,0.482,0.48,0.06,7,reviewed,uw,uw
1986-10-19T00:42:39.980Z,38.4083333,-119.2986667,3.995,3.7,ml,33,95,0.1252,0.06,nc,nc86065,2016-12-06T10:25:17.160Z,"17 km NNW of Bridgeport, California",earthquake,0.18,0.79,,6,reviewed,nc,nc
1986-10-19T00:33:32.990Z,-18.635,-176.642,292.1,4.3,mb,,,,0.6,us,usp0002z26,2014-11-07T00:39:09.810Z,"273 km WNW of Pangai, Tonga",earthquake,,21.6,,2,reviewed,us,us
1986-10-18T22:53:29.350Z,36.21,-89.513,8.1,2.5,md,,,,,nm,nm602952,2016-04-14T17:24:38.220Z,"6 km SSW of Ridgely, Tennessee",earthquake,,,,,reviewed,nm,nm
1986-10-18T22:09:31.720Z,-5.631,109.997,643.1,5.7,mw,,,,1.1,us,usp0002z25,2022-04-27T22:02:17.070Z,"122 km NW of Batang, Indonesia",earthquake,,,,,reviewed,us,nc
1986-10-18T21:35:28.040Z,34.03,-116.642,11.395,2.87,ml,0,49.6,,0.094,ci,ci711223,2016-02-04T02:47:38.630Z,"6km WSW of Morongo Valley, CA",earthquake,,0.029,,4,reviewed,ci,ci
1986-10-18T21:21:28.490Z,42.0288333,-111.4498333,-1.58,3.49,md,22,151,0.1756,0.29,uu,uu50030300,2018-08-28T03:27:46.180Z,"10 km NNW of Garden City, Utah",earthquake,1.03,3.46,,4,reviewed,uu,uu
1986-10-18T20:51:33.200Z,-10.252,-75.484,33,4.7,mb,,,,1.3,us,usp0002z23,2014-11-07T00:39:09.773Z,"37 km NNW of Oxapampa, Peru",earthquake,,,,1,reviewed,us,us
1986-10-18T18:55:38.700Z,46.292,-112.023,5,3.5,ml,,,,,us,usp0002z21,2014-11-07T00:39:09.770Z,"6 km WNW of Elkhorn, Montana",earthquake,,,,,reviewed,but,us
1986-10-18T18:41:12.150Z,35.576,-117.457,-0.375,2.72,mc,0,139.5,,0.112,ci,ci711214,2016-02-04T03:26:42.050Z,"20km ESE of Ridgecrest, CA",earthquake,,0.065,,39,reviewed,ci,ci
1986-10-18T15:53:50.080Z,34.487,25.589,33,4,mb,,,,1.5,us,usp0002z1z,2014-11-07T00:39:09.767Z,"58 km S of Néa Anatolí, Greece",earthquake,,,,4,reviewed,us,us
1986-10-18T15:13:45.700Z,39.632,20.226,12.6,4.2,mb,,,,1.1,us,usp0002z1y,2014-11-07T00:39:09.762Z,"4 km SE of Konispol, Albania",earthquake,,3.1,,5,reviewed,us,us
1986-10-18T14:20:46.800Z,46.297,-112.05,5,3.2,ml,,,,,us,usp0002z1x,2014-11-07T00:39:09.760Z,"8 km WNW of Elkhorn, Montana",earthquake,,,,,reviewed,but,us
1986-10-18T14:03:37.940Z,27.679,66.609,32.1,4.8,mb,,,,0.9,us,usp0002z1w,2014-11-07T00:39:09.756Z,"14 km S of Khuzdar, Pakistan",earthquake,,7.7,,13,reviewed,us,us
1986-10-18T11:49:53.780Z,-22.685,-175.367,112.3,4.7,mb,,,,1.4,us,usp0002z1u,2014-11-07T00:39:09.750Z,"155 km SSW of ‘Ohonua, Tonga",earthquake,,25.9,,8,reviewed,us,us
1986-10-18T10:15:25.100Z,35.567,-117.451,-0.521,2.55,mc,0,139.1,,0.198,ci,ci711201,2016-02-03T22:13:14.520Z,"21km ESE of Ridgecrest, CA",earthquake,,0.419,,35,reviewed,ci,ci
1986-10-18T09:46:44.010Z,12.133,142.88,52.4,5.5,mw,,,,1.1,us,usp0002z1r,2022-04-27T22:02:15.543Z,"231 km WSW of Merizo Village, Guam",earthquake,,2.5,,,reviewed,us,hrv
1986-10-18T08:54:39.480Z,5.067,125.319,200.9,5.2,mb,,,,1.2,us,usp0002z1p,2014-11-07T00:39:09.720Z,"40 km SSW of Sarangani, Philippines",earthquake,,9.6,,14,reviewed,us,us
1986-10-18T08:48:30.780Z,29.989,51.454,54.1,4.9,mb,,,,0.9,us,usp0002z1n,2022-04-27T22:02:14.211Z,"15 km SSW of N?r?b?d, Iran",earthquake,,11.2,,20,reviewed,us,us
1986-10-18T08:31:39.300Z,34.954,-81.195,0.8,2.7,md,,77,0.57557,0.1,se,se60547,2022-06-28T14:06:07.628Z,"6 km SE of York, South Carolina",earthquake,,0.7,,,reviewed,co,co
1986-10-18T05:57:47.850Z,31.731,-115.86,5.446,3.07,mc,0,217.3,,0.321,ci,ci711190,2016-02-03T20:13:40.920Z,"67km E of Maneadero, B.C., MX",earthquake,,,,31,reviewed,ci,ci
1986-10-18T04:51:09.180Z,51.005,-175.252,33,4.4,mb,,,,2.1,us,usp0002z1h,2014-11-07T00:39:09.707Z,"136 km SE of Adak, Alaska",earthquake,,,,1,reviewed,us,us
1986-10-18T01:18:15.230Z,19.3963333,-155.2575,1.909,2.62,ml,42,68,,0.11,hv,hv224471,2020-03-31T21:40:40.140Z,"Island of Hawaii, Hawaii",earthquake,0.19,0.26,0.07,2,reviewed,hv,hv
1986-10-18T01:02:52.110Z,51.73,-175.285,33,5.6,mw,,,,1,us,usp0002z1e,2022-04-27T22:02:12.650Z,"90 km SW of Atka, Alaska",earthquake,,,,,reviewed,us,hrv
1986-10-18T00:06:35.610Z,51.57,16.078,10,4.2,ml,,,,0.8,us,usp0002z1b,2014-11-07T00:39:09.676Z,"6 km WSW of Gr?bocice, Poland",earthquake,,,,,reviewed,us,grf
1986-10-17T23:29:30.920Z,-16.505,-179.959,538.7,3.9,mb,,,,1.4,us,usp0002z1a,2014-11-07T00:39:09.658Z,"72 km E of Labasa, Fiji",earthquake,,9.2,,2,reviewed,us,us
1986-10-17T23:10:31.470Z,36.988,-121.6736667,2.694,2.64,md,79,58,0.03333,0.16,nc,nc85946,2016-12-06T10:19:46.520Z,"6 km NE of Interlaken, California",earthquake,0.14,0.36,0.18,59,reviewed,nc,nc
1986-10-17T22:58:09.070Z,12.142,144.197,41,4.6,mb,,,,0.8,us,usp0002z18,2014-11-07T00:39:09.655Z,"134 km SSW of Merizo Village, Guam",earthquake,,12.8,,3,reviewed,us,us
1986-10-17T22:31:24.890Z,43.516,7.756,10,2.7,ml,,,,1,us,usp0002z17,2014-11-07T00:39:09.653Z,"30 km SSE of Bordighera, Italy",earthquake,,,,,reviewed,us,ldg
1986-10-17T22:00:13.790Z,38.833,-122.4043333,-0.581,2.55,md,6,164,0.04324,0.07,nc,nc85943,2016-12-06T10:19:32.334Z,"13 km ENE of Hidden Valley Lake, California",quarry blast,0.83,0.66,0.13,17,reviewed,nc,nc
1986-10-17T21:38:53.120Z,34.63,-117.12,-1.263,2.56,mc,0,57.7,,0.13,ci,ci711167,2016-02-03T20:13:39.920Z,"16km NNE of Apple Valley, CA",quarry blast,,,,44,reviewed,ci,ci
1986-10-17T20:21:18.950Z,-16.286,-173.947,108.8,5.2,mw,,,,1.4,us,usp0002z14,2025-12-19T21:17:19.866Z,"40 km SSW of Hihifo, Tonga",earthquake,,,,,reviewed,us,hrv
1986-10-17T18:56:16.350Z,34.37,-116.39,1.795,3.53,ml,0,64.7,,0.135,ci,ci711160,2016-02-04T00:49:19.650Z,"27km NNW of Joshua Tree, CA",earthquake,,0.087,,8,reviewed,ci,ci
1986-10-17T16:45:11.800Z,6.819,-73.006,159.5,5.1,mb,,,,1,us,usp0002z12,2014-11-07T00:39:09.632Z,"7 km NNW of Cepitá, Colombia",earthquake,,4,,27,reviewed,us,us
1986-10-17T16:22:28.780Z,-10.854,164.923,42.1,4.7,mb,,,,1.1,us,usp0002z11,2014-11-07T00:39:09.630Z,"96 km W of Lata, Solomon Islands",earthquake,,16.7,,1,reviewed,us,us
1986-10-17T15:31:26.230Z,-15.144,-75.651,33,4.6,mb,,,,1,us,usp0002z10,2014-11-07T00:39:09.628Z,"57 km WNW of San Juan, Peru",earthquake,,,,1,reviewed,us,us
1986-10-17T14:47:59.000Z,47,-66.6,5,4.1,mblg,,,,,us,usp0002z0z,2014-11-07T00:39:09.627Z,"83 km W of Miramichi, Canada",earthquake,,,,,reviewed,ott,ott
1986-10-17T13:06:05.450Z,41.7,-126.988,10,4.3,mb,,,,1,us,usp0002z0x,2014-11-07T00:39:09.623Z,"224 km WSW of Pistol River, Oregon",earthquake,,,,4,reviewed,us,us
1986-10-17T11:27:04.330Z,1.993,124.907,219.4,4.7,mb,,,,0.9,us,usp0002z0w,2014-11-07T00:39:09.621Z,"56 km N of Laikit, Laikit II (Dimembe), Indonesia",earthquake,,19.2,,1,reviewed,us,us
1986-10-17T10:33:05.740Z,41.146,32.38,11.9,4.5,mb,,,,1.3,us,usp0002z0v,2014-11-07T00:39:09.612Z,"21 km WSW of Karabük, Turkey",earthquake,,4.4,,30,reviewed,us,us
1986-10-17T09:38:59.850Z,45.148,149.843,33,5.4,mb,,,,0.9,us,usp0002z0u,2022-04-27T22:02:10.936Z,"154 km E of Kuril’sk, Russia",earthquake,,,,59,reviewed,us,us
1986-10-17T09:17:26.550Z,36.8821667,-121.3451667,6.391,2.76,md,62,34,0.02883,0.06,nc,nc85892,2016-12-06T10:15:53.240Z,"6 km ENE of Hollister, California",earthquake,0.14,0.36,0.12,45,reviewed,nc,nc
1986-10-17T09:04:36.070Z,43.149,-29.318,10,5,mb,,,,1,us,usp0002z0t,2014-11-07T00:39:09.592Z,"northern Mid-Atlantic Ridge",earthquake,,,,36,reviewed,us,us
1986-10-17T07:32:51.300Z,-5.272,131.432,67,6.4,mw,,,,1.1,us,usp0002z0r,2022-04-27T22:02:09.223Z,"151 km WNW of Tual, Indonesia",earthquake,,1.6,,,reviewed,us,hrv
1986-10-17T07:17:57.750Z,-6.37,130.159,157.6,4.5,mb,,,,1.5,us,usp0002z0q,2014-11-07T00:39:09.547Z,"298 km WSW of Tual, Indonesia",earthquake,,13.9,,2,reviewed,us,us
1986-10-17T04:29:24.800Z,43.161,13.832,10,4,ml,,,,1.4,us,usp0002z0p,2014-11-07T00:39:09.539Z,"3 km ESE of Porto San Giorgio, Italy",earthquake,,,,,reviewed,us,kba
1986-10-17T04:20:44.470Z,-33.327,-179.588,33,4.8,mb,,,,1.1,us,usp0002z0n,2014-11-07T00:39:09.538Z,"south of the Kermadec Islands",earthquake,,,,2,reviewed,us,us
1986-10-17T04:18:13.280Z,32.952,-117.857,5.694,2.59,mc,0,196.8,,0.358,ci,ci711122,2016-02-03T20:53:01.930Z,"48km ENE of San Clemente Is. (SE tip), CA",earthquake,,,,22,reviewed,ci,ci
1986-10-17T03:47:31.380Z,-6.17,153.739,11.3,4.4,mb,,,,0.6,us,usp0002z0m,2014-11-07T00:39:09.535Z,"193 km W of Panguna, Papua New Guinea",earthquake,,4.5,,3,reviewed,us,us
1986-10-17T01:59:58.040Z,46.2006667,-122.1895,-0.434,2.5,md,32,48,,0.29,uw,uw10217158,2016-07-24T20:01:41.000Z,"37 km NNE of Amboy, Washington",earthquake,0.588,0.49,0.05,9,reviewed,uw,uw
1986-10-17T00:28:47.550Z,31.784,-116.17,5.446,3.71,ml,0,156.5,,0.468,ci,ci711116,2016-02-04T04:05:24.610Z,"38km ENE of Maneadero, B.C., MX",earthquake,,,,6,reviewed,ci,ci
1986-10-17T00:20:46.540Z,44.505,10.74,10,2.5,ml,,,,0.9,us,usp0002z0h,2014-11-07T00:39:09.530Z,"0 km WSW of San Michele dei Mucchietti, Italy",earthquake,,,,,reviewed,us,kba
1986-10-16T23:07:02.760Z,37.32,-116.22,-1.411,2.68,mc,0,325.3,,0.201,ci,ci711113,2016-02-03T22:51:47.160Z,"66km NE of Beatty, NV",quarry blast,,,,10,reviewed,ci,ci
1986-10-16T23:03:07.520Z,1.355,127.587,207.4,4.7,mb,,,,0.9,us,usp0002z0g,2014-11-07T00:39:09.527Z,"62 km SW of Tobelo, Indonesia",earthquake,,7.8,,5,reviewed,us,us
1986-10-16T22:18:23.290Z,43.58,-0.562,10,3,ml,,,,1.4,us,usp0002z0f,2014-11-07T00:39:09.525Z,"8 km SW of Samadet, France",earthquake,,,,,reviewed,us,ldg
1986-10-16T20:51:56.880Z,37.32,-116.22,-1.411,2.83,mc,0,356.4,,0.3,ci,ci711104,2016-02-03T22:13:13.140Z,"66km NE of Beatty, NV",quarry blast,,,,12,reviewed,ci,ci
1986-10-16T20:29:13.130Z,-54.81,-130.189,10,5.1,ms,,,,1.1,us,usp0002z0c,2014-11-07T00:39:09.517Z,"Pacific-Antarctic Ridge",earthquake,,,,1,reviewed,us,us
1986-10-16T20:27:59.210Z,-6.328,146.309,74.3,4.7,mb,,,,1,us,usp0002z0b,2014-11-07T00:39:09.514Z,"49 km E of Kainantu, Papua New Guinea",earthquake,,6.6,,3,reviewed,us,us
1986-10-16T19:54:10.420Z,27.727,66.65,42.6,5,mw,,,,0.9,us,usp0002z09,2022-04-27T22:02:07.714Z,"10 km SSE of Khuzdar, Pakistan",earthquake,,8.8,,,reviewed,us,hrv
1986-10-16T19:25:00.090Z,37.22,-116.462,0,5.6,mb,,,,,us,usp0002z08,2016-04-01T23:19:40.252Z,"43 km NE of Beatty, Nevada",nuclear explosion,,,,80,reviewed,doe,us
1986-10-16T19:01:47.970Z,28.978,52.731,33,4.6,mb,,,,0.7,us,usp0002z07,2014-11-07T00:39:09.460Z,"21 km NE of F?r?z?b?d, Iran",earthquake,,,,27,reviewed,us,us
1986-10-16T17:59:03.490Z,30.408,68.443,33,4.5,mb,,,,1.5,us,usp0002z06,2014-11-07T00:39:09.457Z,"15 km WNW of Loralai, Pakistan",earthquake,,,,4,reviewed,us,us
1986-10-16T17:03:00.060Z,37.501,-118.3791667,4.167,2.52,md,18,161,0.06937,0.07,nc,nc85852,2016-12-06T10:12:30.580Z,"13 km NNE of Dixon Lane-Meadow Creek, California",earthquake,0.29,0.66,0.34,17,reviewed,nc,nc
1986-10-16T15:54:48.870Z,46.894,9.803,10,3,ml,,,,1.2,us,usp0002z05,2014-11-07T00:39:09.451Z,"2 km WNW of Klosters Serneus, Switzerland",earthquake,,,,,reviewed,us,kba
1986-10-16T13:54:15.100Z,32.991,-117.791,5.622,2.54,mc,0,188,,0.157,ci,ci711064,2016-02-04T04:44:10.050Z,"45km WSW of Carlsbad, CA",earthquake,,,,12,reviewed,ci,ci
1986-10-16T13:42:30.580Z,34.104,-116.988,2.381,2.56,ml,0,44.3,,0.081,ci,ci711063,2016-02-04T03:26:39.630Z,"9km NNE of Yucaipa, CA",earthquake,,0.195,,5,reviewed,ci,ci
1986-10-16T12:17:20.930Z,36.045,-118.406,6.61,3,ml,0,189.4,,0.066,ci,ci711059,2016-02-04T04:44:09.530Z,"32km N of Kernville, CA",earthquake,,1.425,,5,reviewed,ci,ci
1986-10-16T11:31:42.550Z,-11.249,165.228,35.8,4.3,mb,,,,0.8,us,usp0002z01,2014-11-07T00:39:09.442Z,"85 km SW of Lata, Solomon Islands",earthquake,,13.1,,3,reviewed,us,us
1986-10-16T11:20:37.150Z,37.757,-122.138,7.255,2.53,md,60,38,0.03874,0.06,nc,nc85839,2016-12-06T10:11:40.650Z,"3 km NNE of San Leandro, California",earthquake,0.12,0.3,0.12,31,reviewed,nc,nc
1986-10-16T10:16:16.890Z,33.972,-116.569,8.466,3.14,ml,0,29.7,,0.083,ci,ci711050,2016-02-03T23:30:52.540Z,"6km W of Desert Hot Springs, CA",earthquake,,0.077,,5,reviewed,ci,ci
1986-10-16T09:56:57.540Z,-15.069,66.892,10,4.8,mb,,,,1.4,us,usp0002yzz,2014-11-07T00:39:09.437Z,"Mid-Indian Ridge",earthquake,,,,6,reviewed,us,us
1986-10-16T07:04:35.210Z,40.347,139.365,22.2,4.4,mb,,,,1.4,us,usp0002yzx,2014-11-07T00:39:09.433Z,"58 km WNW of Noshiro, Japan",earthquake,,7.8,,3,reviewed,us,us
1986-10-16T06:46:34.170Z,38.348,25.18,10,3.2,ml,,,,0.7,us,usp0002yzw,2014-11-07T00:39:09.431Z,"39 km WSW of Psará, Greece",earthquake,,,,,reviewed,us,ath
1986-10-16T06:28:13.060Z,15.849,-60.536,33,3.3,ml,,,,0.3,us,usp0002yzv,2014-11-07T00:39:09.429Z,"76 km SE of Beauséjour, Guadeloupe",earthquake,,,,,reviewed,us,fdf
1986-10-16T06:24:46.000Z,40.3955,-124.0238333,3.772,2.88,md,27,242,0.7198,0.27,nc,nc85834,2016-12-06T10:10:40.090Z,"6 km W of Redcrest, California",earthquake,2.35,21.44,0.07,10,reviewed,nc,nc
1986-10-16T06:16:40.050Z,40.3793333,-124.0195,3.981,2.92,md,31,241,0.873,0.14,nc,nc85832,2016-12-06T10:10:32.285Z,"6 km WSW of Redcrest, California",earthquake,1.02,12.52,0.16,14,reviewed,nc,nc
1986-10-16T06:03:49.480Z,39.5145,-124.7408333,4.305,3.45,md,49,302,1.068,1.5,nc,nc85831,2016-12-06T10:10:28.242Z,"80 km W of Fort Bragg, California",earthquake,42.18,80.99,0.2,20,reviewed,nc,nc
1986-10-16T05:38:14.530Z,-40.892,85.831,10,4.8,mb,,,,1.4,us,usp0002yzt,2014-11-07T00:39:09.426Z,"southeast Indian Ridge",earthquake,,,,3,reviewed,us,us
1986-10-16T04:48:41.890Z,16.099,-62.249,30.5,3.5,ml,,,,1.2,us,usp0002yzs,2014-11-07T00:39:09.424Z,"51 km WSW of Pointe-Noire, Guadeloupe",earthquake,,11,,,reviewed,us,fdf
1986-10-16T00:45:00.570Z,45.495,14.244,10,3.5,ml,,,,1.2,us,usp0002yzp,2014-11-07T00:39:09.417Z,"8 km S of Ilirska Bistrica, Slovenia",earthquake,,,,,reviewed,us,kba
1986-10-16T00:37:16.370Z,14.516,-104.483,10,4.1,mb,,,,1.5,us,usp0002yzn,2014-11-07T00:39:09.414Z,"northern East Pacific Rise",earthquake,,,,4,reviewed,us,us
1986-10-15T23:35:51.210Z,59.705,-153.072,120.6,4.6,mb,,,,0.7,us,usp0002yzm,2014-11-07T00:39:09.406Z,"58 km E of Pedro Bay, Alaska",earthquake,,2,,21,reviewed,us,us
1986-10-15T23:04:15.190Z,-56.372,-25.64,33,5.5,mw,,,,1.3,us,usp0002yzk,2025-12-19T21:17:19.043Z,"South Sandwich Islands region",earthquake,,,,,reviewed,us,hrv
1986-10-15T22:31:56.390Z,-4.313,135.602,33,4,mb,,,,0.9,us,usp0002yzj,2014-11-07T00:39:09.397Z,"105 km S of Nabire, Indonesia",earthquake,,,,2,reviewed,us,us
1986-10-15T22:22:07.310Z,-11.136,165.303,33,4,mb,,,,1.1,us,usp0002yzh,2014-11-07T00:39:09.395Z,"70 km SW of Lata, Solomon Islands",earthquake,,,,3,reviewed,us,us
1986-10-15T22:07:10.720Z,32.967,-117.744,5.673,2.7,mc,0,187.9,,0.373,ci,ci711021,2016-02-04T03:26:37.870Z,"42km WSW of Carlsbad, CA",earthquake,,,,30,reviewed,ci,ci
1986-10-15T22:03:05.330Z,-9.94,162.978,10.1,5.6,mb,,,,1.4,us,usp0002yzg,2022-04-27T22:02:05.999Z,"129 km ENE of Kirakira, Solomon Islands",earthquake,,8,,26,reviewed,us,us
1986-10-15T21:56:28.150Z,38.7981667,-122.3993333,-0.906,2.51,md,17,75,0.03874,0.18,nc,nc85796,2016-12-06T10:09:15.356Z,"13 km E of Hidden Valley Lake, California",quarry blast,0.41,0.92,0.2,17,reviewed,nc,nc
1986-10-15T21:28:59.370Z,32.964,-117.747,5.622,2.61,mc,0,188.4,,0.396,ci,ci711017,2016-02-04T03:26:37.350Z,"43km WSW of Carlsbad, CA",earthquake,,,,10,reviewed,ci,ci
1986-10-15T21:15:45.990Z,32.995,-117.79,5.622,2.57,mc,0,187.5,,0.381,ci,ci711015,2016-02-04T02:47:35.870Z,"45km WSW of Carlsbad, CA",earthquake,,,,26,reviewed,ci,ci
1986-10-15T19:11:34.450Z,3.008,97.153,91.5,3.8,mb,,,,0.8,us,usp0002yzf,2014-11-07T00:39:09.372Z,"103 km NE of Sinabang, Indonesia",earthquake,,16.4,,2,reviewed,us,us
1986-10-15T18:05:32.860Z,32.976,-117.717,5.291,2.51,mc,0,186.9,,0.37,ci,ci710994,2016-02-04T05:22:27.410Z,"40km WSW of Carlsbad, CA",earthquake,,,,19,reviewed,ci,ci
1986-10-15T17:41:38.940Z,47.558,-0.735,10,3.2,ml,,,,0.6,us,usp0002yzd,2014-11-07T00:39:09.366Z,"3 km NNE of Saint-Clément-de-la-Place, France",earthquake,,,,,reviewed,us,ldg
1986-10-15T16:24:01.860Z,37.184,67.712,33,4.1,mb,,,,0.5,us,usp0002yzc,2014-11-07T00:39:09.365Z,"38 km E of Tirmiz, Uzbekistan",earthquake,,,,3,reviewed,us,us
1986-10-15T16:15:18.190Z,19.3676667,-155.4731667,8.013,2.88,ml,46,50,,0.1,hv,hv224343,2020-03-31T21:40:37.920Z,"18 km N of P?hala, Hawaii",earthquake,0.27,0.45,0.03,2,reviewed,hv,hv
1986-10-15T15:34:14.200Z,46.462,4.964,10,2.5,ml,,,,0.3,us,usp0002yzb,2014-11-07T00:39:09.363Z,"3 km NNE of Pont-de-Vaux, France",earthquake,,,,,reviewed,us,ldg
1986-10-15T15:16:27.450Z,14.987,-60.733,33,2.7,ml,,,,0.3,us,usp0002yza,2014-11-07T00:39:09.362Z,"35 km NE of Sainte-Marie, Martinique",earthquake,,,,,reviewed,us,fdf
1986-10-15T14:05:47.350Z,36.379,70.662,207.2,4.6,mb,,,,0.8,us,usp0002yz8,2014-11-07T00:39:09.357Z,"56 km SSW of Jurm, Afghanistan",earthquake,,13.6,,8,reviewed,us,us
1986-10-15T13:16:38.770Z,19.909,121.281,33,4.8,mb,,,,1.1,us,usp0002yz7,2014-11-07T00:39:09.353Z,"93 km SW of Basco, Philippines",earthquake,,,,8,reviewed,us,us
1986-10-15T13:14:29.480Z,-6.228,146.848,90,5.3,mw,,,,1.2,us,usp0002yz6,2025-12-19T21:17:18.356Z,"57 km NNW of Lae, Papua New Guinea",earthquake,,4.9,,,reviewed,us,hrv
1986-10-15T12:07:29.680Z,50.289,13.572,10,3.5,ml,,,,1.4,us,usp0002yz4,2014-11-07T00:39:09.339Z,"3 km NE of M?cholupy, Czechia",earthquake,,,,,reviewed,us,vka
1986-10-15T09:58:43.720Z,73.56,7.845,10,4.4,mb,,,,1.5,us,usp0002yz2,2014-11-07T00:39:09.335Z,"Greenland Sea",earthquake,,,,5,reviewed,us,us
1986-10-15T09:56:26.080Z,16.959,-60.848,33,4.5,mb,,,,0.6,us,usp0002yz1,2014-11-07T00:39:09.332Z,"76 km NNE of Beauséjour, Guadeloupe",earthquake,,,,3,reviewed,us,us
1986-10-15T09:53:04.830Z,-22.111,-67.449,168.4,4.6,mb,,,,0.7,us,usp0002yz0,2014-11-07T00:39:09.330Z,"117 km NE of San Pedro de Atacama, Chile",earthquake,,24.5,,1,reviewed,us,us
1986-10-15T09:15:48.340Z,13.971,-93.789,33,4.1,mb,,,,1.5,us,usp0002yyz,2014-11-07T00:39:09.327Z,"169 km WSW of Puerto Madero, Mexico",earthquake,,,,4,reviewed,us,us
1986-10-15T08:23:24.160Z,-5.281,144.976,87.7,4,mb,,,,0.8,us,usp0002yyy,2014-11-07T00:39:09.326Z,"81 km N of Kundiawa, Papua New Guinea",earthquake,,15.7,,1,reviewed,us,us
1986-10-15T08:19:17.860Z,34.989,-119.206,0.522,3.17,ml,0,90.9,,0.093,ci,ci710955,2016-02-04T04:05:22.240Z,"17km NNW of Pine Mountain Club, CA",earthquake,,0.066,,10,reviewed,ci,ci
1986-10-15T07:19:16.550Z,43.4,146.04,64.9,4.3,mb,,,,1,us,usp0002yyw,2014-11-07T00:39:09.322Z,"38 km ENE of Nemuro, Japan",earthquake,,9.2,,5,reviewed,us,us
1986-10-15T06:22:53.230Z,36.8825,-121.3465,6.521,2.65,md,72,34,0.02973,0.03,nc,nc85720,2016-12-06T10:06:34.590Z,"5 km NE of Hollister, California",earthquake,0.1,0.23,0.11,65,reviewed,nc,nc
1986-10-15T06:22:50.900Z,30.5,-116.54,6,3.1,ml,,,,,us,usp0002yyv,2014-11-07T00:39:09.321Z,"56 km WSW of Colonia Lomas de San Ramón (Triquis), Mexico",earthquake,,,,,reviewed,pas,pas
1986-10-15T06:11:33.070Z,-32.458,-69.998,114.7,4.8,mb,,,,0.9,us,usp0002yyu,2014-11-07T00:39:09.318Z,"70 km NE of Los Andes, Chile",earthquake,,5.2,,1,reviewed,us,us
1986-10-15T05:56:29.230Z,5.079,125.562,208.5,3.7,mb,,,,1,us,usp0002yyt,2014-11-07T00:39:09.316Z,"37 km SSE of Sarangani, Philippines",earthquake,,18.6,,2,reviewed,us,us
1986-10-15T05:46:18.700Z,34.161,-118.275,2.718,2.58,mc,0,85.2,,0.095,ci,ci710946,2016-02-03T19:34:10.070Z,"2km WSW of Glendale, CA",earthquake,,0.019,,66,reviewed,ci,ci
1986-10-15T05:27:08.820Z,15.298,-104.565,10,4.3,mb,,,,0.9,us,usp0002yyr,2014-11-07T00:39:09.313Z,"off the coast of Michoacan, Mexico",earthquake,,,,4,reviewed,us,us
1986-10-15T04:49:08.710Z,62.51,-147.057,9.5,3.1,ml,,,,,us,usp0002yyp,2014-11-07T00:39:09.307Z,"36 km NW of Lake Louise, Alaska",earthquake,,,,,reviewed,ags,pmr
1986-10-15T04:49:04.840Z,32.975,-117.765,5.622,2.74,mc,0,188.3,,0.235,ci,ci710944,2016-02-03T22:51:42.790Z,"44km WSW of Carlsbad, CA",earthquake,,,,39,reviewed,ci,ci
1986-10-15T02:41:19.820Z,33.951,-116.558,6.676,2.59,mc,0,41.3,,0.088,ci,ci710935,2016-02-03T22:13:08.940Z,"5km WSW of Desert Hot Springs, CA",earthquake,,0.25,,53,reviewed,ci,ci
1986-10-15T02:33:35.640Z,40.4073333,-126.0226667,4.682,3.25,md,13,301,2.206,0.18,nc,nc85713,2016-12-06T10:05:35.196Z,"150 km W of Ferndale, California",earthquake,4.11,31.61,0.05,10,reviewed,nc,nc
1986-10-15T02:28:47.760Z,33.948,-116.577,5.719,4,ml,0,26.7,,0.089,ci,ci710934,2018-06-04T20:43:45.000Z,"6km NNW of Garnet, CA",earthquake,,0.134,,12,reviewed,ci,ci
1986-10-15T00:03:35.070Z,1.92,126.634,33,4.5,mb,,,,1,us,usp0002yyh,2014-11-07T00:39:09.295Z,"150 km NW of Ternate, Indonesia",earthquake,,,,3,reviewed,us,us
1986-10-14T21:18:00.500Z,-31.846,-178.654,63.3,5.6,mb,,,,1.4,us,usp0002yye,2014-11-07T00:39:09.284Z,"Kermadec Islands region",earthquake,,14.3,,3,reviewed,us,us
1986-10-14T19:04:13.940Z,-6.292,130.236,131.8,5.1,mb,,,,1.1,us,usp0002yya,2014-11-07T00:39:09.275Z,"288 km WSW of Tual, Indonesia",earthquake,,8.9,,10,reviewed,us,us
1986-10-14T17:56:49.150Z,-5.058,153.605,75.7,4.1,mb,,,,0.8,us,usp0002yy9,2014-11-07T00:39:09.273Z,"168 km ESE of Kokopo, Papua New Guinea",earthquake,,9.3,,3,reviewed,us,us
1986-10-14T17:27:04.530Z,73.79,7.944,10,4.5,mb,,,,1.3,us,usp0002yy8,2014-11-07T00:39:09.270Z,"Greenland Sea",earthquake,,,,9,reviewed,us,us
1986-10-14T16:53:08.180Z,-5.03,153.616,40.9,6.8,mw,,,,1.2,us,usp0002yy6,2022-04-27T22:02:04.439Z,"167 km ESE of Kokopo, Papua New Guinea",earthquake,,,,,reviewed,us,nc
1986-10-14T14:03:02.020Z,25.035,91.976,33,4.7,mb,,,,1.1,us,usp0002yy2,2014-11-07T00:39:09.209Z,"18 km NE of Sylhet, Bangladesh",earthquake,,,,4,reviewed,us,us
1986-10-14T13:43:47.580Z,44.066,-114.684,5,3.6,ml,,,,0.7,us,usp0002yy0,2014-11-07T00:39:09.206Z,"26 km SE of Stanley, Idaho",earthquake,,,,,reviewed,us,us
1986-10-14T13:10:09.850Z,44.058,-114.712,5,3.9,ml,,,,0.7,us,usp0002yxz,2014-11-07T00:39:09.204Z,"25 km SE of Stanley, Idaho",earthquake,,,,,reviewed,us,us
1986-10-14T13:07:19.130Z,-43.142,41.776,10,6.2,mw,,,,1.5,us,usp0002yxy,2022-04-27T22:02:02.553Z,"Prince Edward Islands region",earthquake,,,,,reviewed,us,hrv
1986-10-14T12:17:53.300Z,44.023,-114.674,5,3.9,ml,,,,1.1,us,usp0002yxw,2014-11-07T00:39:09.162Z,"30 km SE of Stanley, Idaho",earthquake,,,,,reviewed,us,us
1986-10-14T12:16:20.860Z,-37.019,-95.884,10,5.1,mw,,,,1.1,us,usp0002yxv,2025-12-19T20:57:44.667Z,"southeast of Easter Island",earthquake,,,,,reviewed,us,hrv
1986-10-14T11:07:57.580Z,40.2735,-121.1533333,-1.772,2.5,md,19,130,0.1144,0.04,nc,nc85663,2016-12-06T10:02:13.500Z,"1 km WSW of Lake Almanor Peninsula, California",earthquake,0.4,1.3,0.13,19,reviewed,nc,nc
1986-10-14T10:57:01.710Z,63.3,-149.436,28.6,3.7,ml,,,,0.7,us,usp0002yxu,2014-11-07T00:39:09.153Z,"26 km WSW of Cantwell, Alaska",earthquake,,7.3,,,reviewed,us,pmr
1986-10-14T10:48:26.050Z,63.288,-149.439,22.3,3.8,ml,,,,0.5,us,usp0002yxt,2014-11-07T00:39:09.151Z,"27 km WSW of Cantwell, Alaska",earthquake,,8.4,,,reviewed,us,pmr
1986-10-14T10:06:15.660Z,33.517,-116.499,16.72,2.57,ml,0,61.4,,0.159,ci,ci710885,2016-02-03T20:52:58.530Z,"17km ESE of Anza, CA",earthquake,,0.161,,4,reviewed,ci,ci
1986-10-14T08:36:21.800Z,63.302,-149.375,10.5,3,ml,,,,0.6,us,usp0002yxr,2014-11-07T00:39:09.147Z,"23 km WSW of Cantwell, Alaska",earthquake,,5.9,,,reviewed,us,pmr
1986-10-14T08:14:51.880Z,36.4771667,-121.0451667,1.924,2.7,md,45,94,0.04144,0.08,nc,nc85649,2016-12-06T10:01:43.350Z,"24 km NE of Greenfield, California",earthquake,0.2,0.42,0.1,36,reviewed,nc,nc
1986-10-14T07:59:24.330Z,33.909,-117.984,4.38,2.51,ml,0,91.8,,0.137,ci,ci710879,2016-02-04T01:30:02.810Z,"3km ESE of La Mirada, CA",earthquake,,0.016,,8,reviewed,ci,ci
1986-10-14T06:17:02.660Z,-26.28,27.456,5,4.5,mb,,,,1.3,us,usp0002yxq,2020-08-28T20:43:06.195Z,"10 km NNE of Carletonville, South Africa",earthquake,,,,1,reviewed,us,us
1986-10-14T05:01:25.100Z,32.583,-117.24,5.562,2.7,mc,0,261,,0.179,ci,ci710873,2016-02-03T22:13:06.080Z,"12km W of Imperial Beach, CA",earthquake,,,,27,reviewed,ci,ci
1986-10-14T04:53:10.890Z,52.116,-168.762,33,4.9,mb,,,,1,us,usp0002yxp,2014-11-07T00:39:09.135Z,"91 km S of Nikolski, Alaska",earthquake,,,,35,reviewed,us,us
1986-10-14T03:31:46.400Z,33.96,-116.568,5.016,2.57,mc,0,31.1,,0.128,ci,ci710868,2016-02-04T01:30:01.810Z,"6km W of Desert Hot Springs, CA",earthquake,,0.811,,46,reviewed,ci,ci
1986-10-14T02:40:09.170Z,33.854,-118.57,5.601,2.67,mc,0,139.9,,0.165,ci,ci710860,2016-02-03T22:51:39.830Z,"15km WSW of Manhattan Beach, CA",earthquake,,,,51,reviewed,ci,ci
1986-10-14T02:08:46.000Z,24.042,122.377,61.1,4.8,mb,,,,1.1,us,usp0002yxn,2014-11-07T00:39:09.129Z,"78 km SW of Yonakuni, Japan",earthquake,,10.5,,5,reviewed,us,us
1986-10-14T01:49:55.540Z,33.887,-118.004,3.898,2.52,ml,0,170.4,,0.068,ci,ci710855,2016-02-04T01:30:00.760Z,"2km NNW of Buena Park, CA",earthquake,,0.026,,5,reviewed,ci,ci
1986-10-13T22:56:40.150Z,30.232,94.889,33,4.6,mb,,,,1.3,us,usp0002yxh,2014-11-07T00:39:09.122Z,"195 km NNE of Shi Yomi, India",earthquake,,,,3,reviewed,us,us
1986-10-13T22:24:34.160Z,13.721,-89.237,5,4.4,m,,,,1.1,us,usp0002yxg,2014-11-07T00:39:09.118Z,"4 km WSW of Ayutuxtepeque, El Salvador",earthquake,,,,,reviewed,us,gcg
1986-10-13T21:17:50.930Z,37.102,141.011,65,5.6,mw,,,,0.9,us,usp0002yxf,2022-04-27T22:01:57.114Z,"12 km ENE of Iwaki, Japan",earthquake,,,,,reviewed,us,hrv
1986-10-13T20:11:47.990Z,16.946,-104.933,10,3.7,mb,,,,1.2,us,usp0002yxe,2014-11-07T00:39:09.064Z,"226 km SW of La Placita de Morelos, Mexico",earthquake,,,,2,reviewed,us,us
1986-10-13T20:07:21.850Z,-23.396,-68.516,116.8,5.2,mb,,,,1.6,us,usp0002yxd,2014-11-07T00:39:09.058Z,"62 km SSW of San Pedro de Atacama, Chile",earthquake,,8.3,,2,reviewed,us,us
1986-10-13T16:11:40.430Z,36.067,70.848,116.7,5.5,mw,,,,1.2,us,usp0002yxc,2022-04-27T22:01:55.011Z,"72 km N of P?r?n, Afghanistan",earthquake,,,,,reviewed,us,hrv
1986-10-13T15:24:27.700Z,39.8831667,-122.9328333,6.389,2.5,md,8,209,0.2838,0.18,nc,nc10086905,2016-12-06T09:58:24.224Z,"28 km ENE of Covelo, California",earthquake,1.54,1.93,0.11,10,reviewed,nc,nc
1986-10-13T13:44:23.180Z,33.089,139.512,28.3,4.7,mb,,,,1,us,usp0002yxa,2014-11-07T00:39:09.020Z,"183 km SSE of Shimoda, Japan",earthquake,,8.2,,4,reviewed,us,us
1986-10-13T11:50:21.810Z,34.473,-120.814,5.365,2.78,mc,0,261.3,,0.322,ci,ci710831,2016-02-03T21:32:15.260Z,"38km WSW of Lompoc, CA",earthquake,,,,24,reviewed,ci,ci
1986-10-13T10:23:40.960Z,34.875,139.195,24.4,4.9,mb,,,,1.4,us,usp0002yx4,2014-11-07T00:39:09.000Z,"14 km SE of It?, Japan",earthquake,,4,,5,reviewed,us,us
1986-10-13T05:09:58.670Z,42.891,13.204,10,4.4,mb,,,,1.2,us,usp0002ywx,2014-11-07T00:39:08.982Z,"4 km E of Castelsantangelo sul Nera, Italy",earthquake,,,,1,reviewed,us,us
1986-10-13T05:07:54.130Z,42.956,13.21,8.5,4.1,ml,,,,1.2,us,usp0002yww,2014-11-07T00:39:08.973Z,"4 km SSW of Bolognola, Italy",earthquake,,4.1,,,reviewed,us,kba
1986-10-13T04:13:06.270Z,37.464,-3.217,10,3.4,m,,,,1,us,usp0002ywv,2014-11-07T00:39:08.969Z,"4 km SSE of Pedro Martínez, Spain",earthquake,,,,,reviewed,us,mdd
1986-10-13T02:26:03.050Z,62.753,-143.388,26.4,3.6,ml,,,,,us,usp0002ywu,2014-11-07T00:39:08.966Z,"26 km SE of Mentasta Lake, Alaska",earthquake,,,,,reviewed,ags,pmr
1986-10-13T01:39:00.240Z,-22.367,171.324,94.6,5.2,mb,,,,1.5,us,usp0002ywt,2014-11-07T00:39:08.959Z,"southeast of the Loyalty Islands",earthquake,,8.9,,11,reviewed,us,us
1986-10-12T23:44:33.750Z,31.808,-116.245,5.471,2.88,mc,0,306.7,,0.26,ci,ci710805,2016-02-04T01:30:00.240Z,"32km ENE of Maneadero, B.C., MX",earthquake,,,,23,reviewed,ci,ci
1986-10-12T23:34:11.860Z,66.205,-17.447,10,4.2,mb,,,,1.3,us,usp0002yws,2014-11-07T00:39:08.954Z,"18 km NNW of Norðurþing, Iceland",earthquake,,,,21,reviewed,us,us
1986-10-12T22:40:50.650Z,27.179,101.449,33,4.4,mb,,,,1.2,us,usp0002ywn,2014-11-07T00:39:08.946Z,"74 km NNW of Dadukou, China",earthquake,,,,1,reviewed,us,us
1986-10-12T21:52:16.840Z,-31.819,179.755,421,4.8,mb,,,,1.7,us,usp0002ywm,2014-11-07T00:39:08.943Z,"Kermadec Islands region",earthquake,,22.8,,4,reviewed,us,us
1986-10-12T21:32:18.330Z,37.102,-8.844,10,4.1,mb,,,,1.3,us,usp0002ywk,2014-11-07T00:39:08.937Z,"6 km ENE of Vila do Bispo, Portugal",earthquake,,,,1,reviewed,us,us
1986-10-12T20:01:33.790Z,37.124,141.419,59.5,4.8,mb,,,,1.1,us,usp0002ywj,2014-11-07T00:39:08.926Z,"48 km E of Iwaki, Japan",earthquake,,5.1,,24,reviewed,us,us
1986-10-12T19:40:37.230Z,46.28,7.622,5,2.8,ml,,,,1,us,usp0002ywh,2014-11-07T00:39:08.921Z,"4 km SSW of Leuk, Switzerland",earthquake,,,,,reviewed,us,ldg
1986-10-12T19:34:22.400Z,-21.289,-68.523,127.3,4.2,mb,,,,0.7,us,usp0002ywg,2014-11-07T00:39:08.919Z,"135 km NNE of Calama, Chile",earthquake,,13.6,,1,reviewed,us,us
1986-10-12T19:07:43.690Z,46.368,13.218,10,2.7,md,,,,0.9,us,usp0002ywf,2014-11-07T00:39:08.917Z,"2 km S of Resiutta, Italy",earthquake,,,,,reviewed,us,tri
1986-10-12T18:58:50.800Z,46.3525,-122.651,67.984,3.48,md,42,68,,0.12,uw,uw10215593,2016-07-24T20:01:09.940Z,"17 km ESE of Toledo, Washington",earthquake,0.41,0.92,0.267,89,reviewed,uw,uw
1986-10-12T18:56:16.610Z,-7.252,122.408,573.7,4.9,mb,,,,0.9,us,usp0002ywd,2014-11-07T00:39:08.911Z,"152 km N of Maumere, Indonesia",earthquake,,12.5,,4,reviewed,us,us
1986-10-12T18:41:53.410Z,54.804,161.967,33,5,mb,,,,0.7,us,usp0002ywb,2014-11-07T00:39:08.899Z,"161 km SSW of Ust’-Kamchatsk Staryy, Russia",earthquake,,,,43,reviewed,us,us
1986-10-12T16:37:02.680Z,37.5243333,-118.4225,7.754,3.04,md,41,53,0.02883,0.05,nc,nc85514,2016-12-06T09:55:05.200Z,"15 km N of Dixon Lane-Meadow Creek, California",earthquake,0.19,0.52,0.23,39,reviewed,nc,nc
1986-10-12T16:29:11.300Z,30.373,94.863,33,4.7,mb,,,,1.2,us,usp0002yw7,2014-11-07T00:39:08.890Z,"209 km NNE of Shi Yomi, India",earthquake,,,,13,reviewed,us,us
1986-10-12T15:36:18.920Z,-24.076,-179.682,538.1,5.3,mb,,,,1.2,us,usp0002yw4,2014-11-07T00:39:08.881Z,"south of the Fiji Islands",earthquake,,12.5,,4,reviewed,us,us
1986-10-12T15:31:11.740Z,3.915,85.011,10,4.8,mb,,,,1.1,us,usp0002yw3,2014-11-07T00:39:08.879Z,"North Indian Ocean",earthquake,,,,3,reviewed,us,us
1986-10-12T13:10:32.650Z,-0.324,124.339,33,4.8,mb,,,,1.2,us,usp0002yw0,2014-11-07T00:39:08.870Z,"171 km SE of Gorontalo, Indonesia",earthquake,,,,6,reviewed,us,us
1986-10-12T10:23:19.000Z,33.034,-117.778,5.622,2.62,mc,0,182.2,,0.228,ci,ci710769,2016-02-03T19:34:07.510Z,"42km WSW of Carlsbad, CA",earthquake,,,,40,reviewed,ci,ci
1986-10-12T09:54:38.440Z,33.507,-116.481,14.06,2.95,ml,0,47.5,,0.169,ci,ci710767,2016-02-03T21:32:13.380Z,"19km ESE of Anza, CA",earthquake,,0.113,,4,reviewed,ci,ci
1986-10-12T08:56:52.850Z,14.11,-59.998,10,3.2,ml,,,,0.4,us,usp0002yvu,2014-11-07T00:39:08.855Z,"98 km ENE of Dennery, Saint Lucia",earthquake,,,,,reviewed,us,fdf
1986-10-12T08:07:12.000Z,-4.915,-77.25,135.9,4.4,mb,,,,1.1,us,usp0002yvt,2014-11-07T00:39:08.852Z,"64 km W of Barranca, Peru",earthquake,,11.4,,2,reviewed,us,us
1986-10-12T07:22:02.660Z,-17.598,-177.26,391,4.1,mb,,,,1.1,us,usp0002yvs,2014-11-07T00:39:08.849Z,"Fiji region",earthquake,,7.1,,3,reviewed,us,us
1986-10-12T07:14:02.080Z,37.4695,-118.4021667,9.544,2.72,md,39,66,0.04505,0.08,nc,nc85492,2016-12-06T09:53:03.380Z,"9 km N of Dixon Lane-Meadow Creek, California",earthquake,0.32,0.58,0.22,28,reviewed,nc,nc
1986-10-12T06:53:48.760Z,-57.814,-25.575,33,5.2,mw,,,,1,us,usp0002yvq,2022-04-27T22:01:48.788Z,"South Sandwich Islands region",earthquake,,,,,reviewed,us,hrv
1986-10-12T06:43:01.860Z,38.6898333,-123.4978333,6.391,4,ml,55,191,0.1667,0.13,nc,nc85535,2016-12-06T09:52:41.750Z,"4 km SW of Sea Ranch, California",earthquake,0.37,0.45,,8,reviewed,nc,nc
1986-10-12T06:29:27.710Z,33.466,61.905,33,4.4,mb,,,,1.1,us,usp0002yvn,2014-11-07T00:39:08.832Z,"19 km NNW of Kushk, Afghanistan",earthquake,,,,11,reviewed,us,us
1986-10-12T05:07:36.040Z,34.442,-118.559,2.784,2.72,mc,0,77.7,,0.117,ci,ci710751,2016-02-04T05:22:23.380Z,"2km SE of Valencia, CA",earthquake,,0.015,,65,reviewed,ci,ci
1986-10-12T04:13:12.460Z,13.635,-89.239,5,4.3,m,,,,0.5,us,usp0002yvm,2014-11-07T00:39:08.830Z,"3 km ESE of Nuevo Cuscatlán, El Salvador",earthquake,,,,,reviewed,us,gcg
1986-10-12T03:58:19.930Z,54.774,161.919,33,5,mb,,,,0.9,us,usp0002yvk,2022-04-27T22:01:47.091Z,"165 km SSW of Ust’-Kamchatsk Staryy, Russia",earthquake,,,,43,reviewed,us,us
1986-10-12T03:40:34.840Z,54.69,161.83,33,5,mb,,,,0.8,us,usp0002yvj,2014-11-07T00:39:08.805Z,"172 km SE of Atlasovo, Russia",earthquake,,,,45,reviewed,us,us
1986-10-12T03:23:21.880Z,37.794,21.24,10,3.4,ml,,,,1.3,us,usp0002yvh,2014-11-07T00:39:08.804Z,"5 km WSW of Savália, Greece",earthquake,,,,,reviewed,us,ath
1986-10-12T02:16:31.400Z,32.966,-117.719,5.559,2.58,mc,0,198.1,,0.293,ci,ci710744,2016-02-03T19:34:05.570Z,"40km WSW of Carlsbad, CA",earthquake,,,,10,reviewed,ci,ci
1986-10-11T22:54:20.640Z,48.96,-127.951,10,4.2,mb,,,,1.2,us,usp0002yvd,2014-11-07T00:39:08.791Z,"150 km W of Tofino, Canada",earthquake,,,,1,reviewed,us,us
1986-10-11T22:26:30.320Z,48.922,-127.861,10,4.5,mb,,,,1.1,us,usp0002yvc,2014-11-07T00:39:08.787Z,"145 km W of Tofino, Canada",earthquake,,,,5,reviewed,us,us
1986-10-11T21:34:48.100Z,6.831,-75.116,75.4,5.1,mb,,,,1.4,us,usp0002yva,2014-11-07T00:39:08.782Z,"9 km SSW of Amalfi, Colombia",earthquake,,9.7,,2,reviewed,us,us
1986-10-11T16:27:35.920Z,32.907,-115.781,6.461,2.83,mc,0,109.4,,0.121,ci,ci710707,2016-02-04T02:47:29.230Z,"21km SW of Westmorland, CA",earthquake,,0.052,,28,reviewed,ci,ci
1986-10-11T16:08:05.690Z,32.907,-115.78,5.39,2.72,mh,0,360,0.8138,0.127,ci,ci137727,2016-02-04T00:08:06.490Z,"21km SW of Westmorland, CA",earthquake,,,,1,reviewed,ci,ci
1986-10-11T14:04:53.630Z,0.954,120.086,33,4.5,mb,,,,1,us,usp0002yv3,2014-11-07T00:39:08.767Z,"207 km N of Palu, Indonesia",earthquake,,,,1,reviewed,us,us
1986-10-11T13:38:43.510Z,-5.917,104.17,33,4.3,mb,,,,1.3,us,usp0002yv2,2014-11-07T00:39:08.764Z,"132 km WSW of Bandar Lampung, Indonesia",earthquake,,,,2,reviewed,us,us
1986-10-11T13:16:43.860Z,42.534,145.002,47.9,5.2,mb,,,,0.9,us,usp0002yv1,2014-11-07T00:39:08.744Z,"70 km SE of Kushiro, Japan",earthquake,,,,57,reviewed,us,us
1986-10-11T12:43:46.010Z,-33.442,-72.224,17.4,5,mb,,,,1.2,us,usp0002yuz,2014-11-07T00:39:08.732Z,"58 km WNW of Cartagena, Chile",earthquake,,,,18,reviewed,us,us
1986-10-11T09:49:54.740Z,-28.136,-71.372,33,5,mb,,,,1.4,us,usp0002yux,2014-11-07T00:39:08.724Z,"77 km NW of Vallenar, Chile",earthquake,,,,1,reviewed,us,us
1986-10-11T09:28:41.950Z,39.7693333,-123.3145,18.873,3.23,md,4,175,0.1541,0,nc,nc1144424,2016-12-06T09:50:02.229Z,"6 km WSW of Covelo, California",earthquake,2.03,2.39,0.12,7,reviewed,nc,nc
1986-10-11T09:00:10.550Z,37.931,28.574,5,5.7,mw,,,,1.1,us,usp0002yuv,2022-04-27T22:01:41.783Z,"10 km E of Kuyucak, Turkey",earthquake,,,,,reviewed,us,hrv
1986-10-11T07:47:30.310Z,33.022,-117.784,5.614,2.51,mc,0,185.8,,0.387,ci,ci710692,2016-02-04T02:08:39.720Z,"43km WSW of Carlsbad, CA",earthquake,,,,8,reviewed,ci,ci
1986-10-11T06:39:37.430Z,37.8221667,-121.9643333,8.505,3.2,ml,76,44,0.05856,0.07,nc,nc85557,2016-12-06T09:49:00.950Z,"1 km SSW of Diablo, California",earthquake,0.1,0.23,,6,reviewed,nc,nc
1986-10-11T05:17:35.640Z,37.8211667,-121.966,9.025,4.2,ml,76,44,0.05856,0.08,nc,nc85580,2016-12-06T09:48:31.130Z,"1 km SSW of Diablo, California",earthquake,0.12,0.27,,6,reviewed,nc,nc
1986-10-11T04:56:20.880Z,-0.402,125.437,33,4.5,mb,,,,1.1,us,usp0002yus,2014-11-07T00:39:08.678Z,"197 km SSE of Tondano, Indonesia",earthquake,,,,3,reviewed,us,us
1986-10-11T03:36:23.100Z,-6.994,130.457,120.8,4.2,mb,,,,0.6,us,usp0002yur,2014-11-07T00:39:08.676Z,"295 km WSW of Tual, Indonesia",earthquake,,53.2,,2,reviewed,us,us
1986-10-11T03:02:51.520Z,35.957,70.275,103.4,4.8,mb,,,,0.8,us,usp0002yuq,2014-11-07T00:39:08.664Z,"77 km SSE of Farkh?r, Afghanistan",earthquake,,7.2,,34,reviewed,us,us
1986-10-11T03:01:28.310Z,39.6283333,-123.4013333,8.037,2.63,md,5,171,0.02162,0.23,nc,nc1144419,2016-12-06T09:48:16.130Z,"9 km SE of Laytonville, California",earthquake,4.76,4.53,0.01,5,reviewed,nc,nc
1986-10-11T02:44:01.420Z,39.6421667,-123.1805,3.903,2.61,md,4,129,0.2234,0.01,nc,nc1144417,2016-12-06T09:48:08.942Z,"17 km SSE of Covelo, California",earthquake,0.45,7.42,0.09,8,reviewed,nc,nc
1986-10-11T02:09:47.170Z,44.849,17.322,10,3.7,ml,,,,1.2,us,usp0002yup,2014-11-07T00:39:08.655Z,"6 km SSE of Laktaši, Bosnia and Herzegovina",earthquake,,,,,reviewed,us,vka
1986-10-11T00:38:11.570Z,-6.318,150.367,33,4.3,mb,,,,1.4,us,usp0002yun,2014-11-07T00:39:08.652Z,"88 km SSE of Kimbe, Papua New Guinea",earthquake,,,,2,reviewed,us,us
1986-10-10T21:53:54.390Z,38.8236667,-122.382,-0.72,2.6,md,15,94,0.05405,0.09,nc,nc85387,2016-12-06T09:47:43.926Z,"15 km E of Hidden Valley Lake, California",quarry blast,0.4,0.88,0.17,22,reviewed,nc,nc
1986-10-10T21:03:55.370Z,20.183,122.267,126.7,5.3,mw,,,,1.2,us,usp0002yuk,2025-12-19T21:17:17.602Z,"Batan Islands region, Philippines",earthquake,,,,,reviewed,us,hrv
1986-10-10T20:50:10.960Z,13.671,-89.219,5,3.9,m,,,,0.5,us,usp0002yuj,2014-11-07T00:39:08.634Z,"3 km E of Antiguo Cuscatlán, El Salvador",earthquake,,,,,reviewed,us,gcg
1986-10-10T20:18:36.340Z,-42.132,-84.015,10,5.2,mw,,,,1.3,us,usp0002yuh,2025-12-19T21:17:16.667Z,"West Chile Rise",earthquake,,,,,reviewed,us,hrv
1986-10-10T19:27:11.500Z,13.792,-89.158,5,4.6,mb,,,,1.1,us,usp0002yug,2020-08-28T20:42:15.803Z,"2 km SE of Apopa, El Salvador",earthquake,,,,4,reviewed,us,us
1986-10-10T18:10:27.300Z,44.572,147.419,111.2,4.5,mb,,,,0.8,us,usp0002yuc,2014-11-07T00:39:08.591Z,"81 km SSW of Kuril’sk, Russia",earthquake,,,,20,reviewed,us,us
1986-10-10T18:06:25.690Z,-33.525,-179.139,33,4.5,mb,,,,1.1,us,usp0002yub,2014-11-07T00:39:08.588Z,"south of the Kermadec Islands",earthquake,,,,4,reviewed,us,us
1986-10-10T17:49:24.100Z,13.827,-89.118,7,5.7,mw,,,,1.2,us,usp0002yu9,2022-04-27T22:01:36.602Z,"5 km N of Tonacatepeque, El Salvador",earthquake,,,,,reviewed,us,hrv
1986-10-10T17:48:24.630Z,-7.498,107.233,81.7,5.6,mb,,,,1.1,us,usp0002yu8,2020-08-28T20:42:04.511Z,"39 km SSW of Banjar, Indonesia",earthquake,,,,31,reviewed,us,us
1986-10-10T17:16:28.790Z,45.512,26.309,132.3,4.2,mb,,,,1.1,us,usp0002yu6,2014-11-07T00:39:08.531Z,"4 km NE of Ca?oca, Romania",earthquake,,4.5,,7,reviewed,us,us
1986-10-10T15:55:58.190Z,32.984,-117.828,5.622,3.03,ml,0,163.5,,0.221,ci,ci710654,2016-02-04T04:44:01.890Z,"48km WSW of Carlsbad, CA",earthquake,,,,6,reviewed,ci,ci
1986-10-10T15:35:37.180Z,12.306,143.737,24.4,4.8,mb,,,,1,us,usp0002yu5,2014-11-07T00:39:08.526Z,"146 km SW of Merizo Village, Guam",earthquake,,5.6,,6,reviewed,us,us
1986-10-10T15:23:02.920Z,33.947,-116.795,5.154,3.4,ml,0,35.5,,0.153,ci,ci710651,2016-02-04T02:08:38.710Z,"3km NNW of Cabazon, CA",earthquake,,,,10,reviewed,ci,ci
1986-10-10T15:11:06.920Z,37.4706667,-118.457,1.911,2.73,md,26,61,0.04234,0.09,nc,nc85341,2016-12-06T09:47:20.260Z,"9 km NE of Mesa, California",earthquake,0.2,0.53,0.2,16,reviewed,nc,nc
1986-10-10T14:21:18.350Z,34.626,-116.324,5.157,2.6,mc,0,83.2,,0.126,ci,ci710646,2016-02-04T04:44:01.400Z,"18km SW of Ludlow, CA",earthquake,,,,34,reviewed,ci,ci
1986-10-10T11:50:52.200Z,29.831,51.561,10,4.3,mb,,,,1.1,us,usp0002yu3,2014-11-07T00:39:08.513Z,"25 km NNW of K?zer?n, Iran",earthquake,,,,21,reviewed,us,us
1986-10-10T10:57:11.820Z,36.282,71.236,113.8,4.6,mb,,,,1.4,us,usp0002yu0,2014-11-07T00:39:08.504Z,"51 km SSW of Ashk?sham, Afghanistan",earthquake,,20.6,,3,reviewed,us,us
1986-10-10T10:07:19.210Z,32.793,-118.317,5.738,2.57,mc,0,194.8,,0.217,ci,ci710630,2016-02-04T05:22:21.910Z,"4km SE of San Clemente Is. (SE tip), CA",earthquake,,,,25,reviewed,ci,ci
1986-10-10T09:02:16.490Z,59.764,-138.394,1.3,3.8,mb,,,,,us,usp0002yty,2014-11-07T00:39:08.499Z,"78 km ENE of Yakutat, Alaska",earthquake,,,,1,reviewed,ags,us
1986-10-10T08:59:19.820Z,30.336,94.917,26.2,4.8,mb,,,,1,us,usp0002ytx,2014-11-07T00:39:08.492Z,"207 km NNE of Shi Yomi, India",earthquake,,6.7,,19,reviewed,us,us
1986-10-10T06:16:00.080Z,-23.586,-68.698,85.8,5.1,mb,,,,1.2,us,usp0002ytw,2014-11-07T00:39:08.481Z,"90 km SW of San Pedro de Atacama, Chile",earthquake,,5.7,,9,reviewed,us,us
1986-10-10T05:26:29.820Z,29.917,67.442,10,4.6,mb,,,,0.9,us,usp0002ytu,2014-11-07T00:39:08.472Z,"12 km ENE of Mach, Pakistan",earthquake,,,,23,reviewed,us,us
1986-10-10T03:59:51.110Z,37.182,69.437,33,4.2,mb,,,,1.3,us,usp0002ytt,2014-11-07T00:39:08.469Z,"11 km NNW of ?rt Khw?jah, Afghanistan",earthquake,,,,2,reviewed,us,us
1986-10-10T00:34:14.450Z,-39.629,176.231,54.4,4.6,mb,,,,0.9,us,usp0002yts,2014-11-07T00:39:08.464Z,"North Island of New Zealand",earthquake,,8.8,,1,reviewed,us,us
1986-10-09T21:01:28.860Z,44.272,11.454,10,3.6,ml,,,,0.9,us,usp0002ytr,2014-11-07T00:39:08.458Z,"7 km SSE of Monterenzio, Italy",earthquake,,,,,reviewed,us,kba
1986-10-09T18:58:41.840Z,37.5075,-121.6926667,7.961,2.54,md,42,40,0.04324,0.03,nc,nc85302,2016-12-06T09:44:23.500Z,"17 km NE of East Foothills, California",earthquake,0.16,0.47,0.13,42,reviewed,nc,nc
1986-10-09T18:29:13.590Z,43.845,31.57,33,3.7,mb,,,,1.5,us,usp0002ytq,2014-11-07T00:39:08.455Z,"177 km WSW of Sevastopol, Ukraine",earthquake,,,,1,reviewed,us,us
1986-10-09T16:30:03.400Z,33.065,-117.76,5.622,2.69,mc,0,177.4,,0.226,ci,ci710583,2016-02-04T03:26:27.740Z,"40km WSW of Carlsbad, CA",earthquake,,,,21,reviewed,ci,ci
1986-10-09T16:27:14.060Z,37.699,25.904,10,3.6,ml,,,,0.7,us,usp0002ytk,2014-11-07T00:39:08.443Z,"35 km WNW of Agios Kirykos, Greece",earthquake,,,,,reviewed,us,ath
1986-10-09T16:11:42.360Z,-17.922,-177.114,397.2,4.2,mb,,,,0.8,us,usp0002ytj,2014-11-07T00:39:08.439Z,"Fiji region",earthquake,,14.5,,5,reviewed,us,us
1986-10-09T14:58:31.600Z,2.951,128.018,124.7,5.1,mb,,,,1.1,us,usp0002yth,2014-11-07T00:39:08.427Z,"135 km N of Tobelo, Indonesia",earthquake,,8.4,,17,reviewed,us,us
1986-10-09T14:36:08.200Z,40.1781667,-121.2396667,4.358,2.77,md,21,135,0.1126,0.03,nc,nc85283,2016-12-06T09:43:37.204Z,"7 km SSW of Lake Almanor West, California",earthquake,0.43,0.62,0.19,17,reviewed,nc,nc
1986-10-09T13:59:28.780Z,-31.264,-179.881,336.7,4.3,mb,,,,1.5,us,usp0002ytg,2014-11-07T00:39:08.422Z,"Kermadec Islands region",earthquake,,19.1,,4,reviewed,us,us
1986-10-09T12:56:51.880Z,9.294,126.856,44.2,5.1,mb,,,,1.3,us,usp0002yte,2014-11-07T00:39:08.403Z,"Mindanao, Philippines",earthquake,,10.8,,7,reviewed,us,us
1986-10-09T12:55:27.360Z,55.827,-3.198,0,2.8,ml,,,,1,us,usp0002ytd,2014-11-07T00:39:08.400Z,"1 km ESE of Penicuik, United Kingdom",explosion,,,,,reviewed,us,bgs
1986-10-09T11:01:24.770Z,-18.122,-178.439,611.4,4,mb,,,,1.1,us,usp0002ytc,2014-11-07T00:39:08.395Z,"237 km E of Levuka, Fiji",earthquake,,10.5,,6,reviewed,us,us
1986-10-09T10:40:54.770Z,-20.944,-68.454,126.6,4.4,mb,,,,1.4,us,usp0002ytb,2014-11-07T00:39:08.388Z,"173 km WSW of Colchani, Bolivia",earthquake,,8.6,,3,reviewed,us,us
1986-10-09T10:27:24.110Z,43.097,4.641,10,3,ml,,,,1,us,usp0002yta,2014-11-07T00:39:08.385Z,"35 km SSW of Port-Saint-Louis-du-Rhône, France",earthquake,,,,,reviewed,us,ldg
1986-10-09T10:12:26.680Z,32.992,-117.782,5.622,2.73,mc,0,187.3,,0.162,ci,ci710559,2016-02-03T23:30:46.250Z,"44km WSW of Carlsbad, CA",earthquake,,,,44,reviewed,ci,ci
1986-10-09T10:08:53.330Z,46.398,7.442,6.4,3.4,ml,,,,1.1,us,usp0002yt9,2014-11-07T00:39:08.374Z,"Switzerland",earthquake,,2.5,,,reviewed,us,ldg
1986-10-09T09:42:41.540Z,43.961,-114.756,5,3.1,ml,,,,0.7,us,usp0002yt8,2014-11-07T00:39:08.371Z,"32 km SSE of Stanley, Idaho",earthquake,,,,,reviewed,us,us
1986-10-09T05:39:28.400Z,37.3656667,-118.3861667,9.75,2.94,md,18,139,0.07207,0.03,nc,nc85271,2016-12-06T09:41:11.496Z,"0 km ENE of Bishop, California",earthquake,0.26,0.81,0.32,15,reviewed,nc,nc
1986-10-09T05:37:25.190Z,37.3648333,-118.3815,11.048,4.4,ml,36,142,0.07477,0.05,nc,nc85252,2016-12-06T09:41:06.130Z,"1 km E of Bishop, California",earthquake,0.58,0.91,,6,reviewed,nc,nc
1986-10-09T04:26:14.430Z,19.324,-155.1163333,7.986,2.53,ml,44,113,,0.1,hv,hv223862,2020-03-31T21:40:33.340Z,"15 km S of Fern Forest, Hawaii",earthquake,0.53,0.45,0.13,2,reviewed,hv,hv
1986-10-09T03:27:03.180Z,-3.385,103.023,195.3,5,mb,,,,0.9,us,usp0002yt3,2014-11-07T00:39:08.334Z,"southern Sumatra, Indonesia",earthquake,,3.8,,36,reviewed,us,us
1986-10-09T02:32:44.930Z,32.143,-116.447,19.176,2.66,mc,0,196.6,,0.179,ci,ci710540,2016-02-04T04:05:12.440Z,"34km NNE of Ensenada, B.C., MX",earthquake,,5.019,,15,reviewed,ci,ci
1986-10-09T02:06:22.720Z,37.2858333,-121.6678333,3.763,3,ml,91,28,0.02793,0.05,nc,nc85194,2016-12-06T09:40:30.500Z,"15 km E of Seven Trees, California",earthquake,0.09,0.27,,4,reviewed,nc,nc
1986-10-09T01:21:06.170Z,62.129,-149.544,58,4.5,mb,,,,,us,usp0002yt1,2014-11-07T00:39:08.314Z,"16 km ESE of Susitna North, Alaska",earthquake,,,,24,reviewed,ags,us
1986-10-09T00:59:52.520Z,50.938,-172.817,33,4.7,mb,,,,1,us,usp0002yt0,2014-11-07T00:39:08.304Z,"169 km SE of Atka, Alaska",earthquake,,,,29,reviewed,us,us
1986-10-08T23:55:42.410Z,3.096,128.515,211.1,5.1,mb,,,,1,us,usp0002ysy,2014-11-07T00:39:08.297Z,"161 km NNE of Tobelo, Indonesia",earthquake,,17.9,,9,reviewed,us,us
1986-10-08T22:04:11.520Z,37.893,-120.521,-0.582,2.61,md,5,189,0.03874,0.02,nc,nc10086888,2016-12-06T09:39:25.124Z,"8 km WNW of Chinese Camp, California",quarry blast,0.8,8.34,0.08,11,reviewed,nc,nc
1986-10-08T22:02:57.550Z,36.889,26.365,10.2,4.5,mb,,,,1,us,usp0002ysw,2014-11-07T00:39:08.288Z,"37 km N of Astypálaia, Greece",earthquake,,3.1,,2,reviewed,us,us
1986-10-08T21:57:15.550Z,38.8383333,-122.4301667,-0.883,2.5,md,18,63,0.03514,0.16,nc,nc85183,2016-12-06T09:39:21.133Z,"11 km ENE of Hidden Valley Lake, California",quarry blast,0.35,1.51,0.12,20,reviewed,nc,nc
1986-10-08T20:25:02.670Z,50.143,19.222,10,3,ml,,,,1.1,us,usp0002yst,2014-11-07T00:39:08.276Z,"2 km E of Imielin, Poland",earthquake,,,,,reviewed,us,vka
1986-10-08T20:18:46.070Z,46.379,12.464,10,3.4,ml,,,,1.2,us,usp0002yss,2014-11-07T00:39:08.263Z,"8 km ESE of Perarolo di Cadore, Italy",earthquake,,,,,reviewed,us,grf
1986-10-08T20:01:58.990Z,18.858,144.785,33,4.5,mb,,,,1,us,usp0002ysr,2014-11-07T00:39:08.256Z,"Pagan region, Northern Mariana Islands",earthquake,,,,4,reviewed,us,us
1986-10-08T16:37:54.030Z,2.224,126.457,33,4.4,mb,,,,1.3,us,usp0002ysn,2014-11-07T00:39:08.241Z,"181 km WNW of Tobelo, Indonesia",earthquake,,,,4,reviewed,us,us
1986-10-08T16:16:35.060Z,-3.711,139.862,10,3.9,mb,,,,1.1,us,usp0002ysm,2014-11-07T00:39:08.235Z,"150 km SW of Abepura, Indonesia",earthquake,,,,4,reviewed,us,us
1986-10-08T14:54:04.830Z,-20.987,-177.895,433.3,4.1,mb,,,,0.4,us,usp0002ysh,2014-11-07T00:39:08.223Z,"279 km W of Haveluloto, Tonga",earthquake,,17.8,,2,reviewed,us,us
1986-10-08T14:52:13.970Z,8.509,126.878,65.1,4.9,mb,,,,1.3,us,usp0002ysg,2014-11-07T00:39:08.210Z,"61 km ENE of Hinatuan, Philippines",earthquake,,10.2,,14,reviewed,us,us
1986-10-08T12:41:23.690Z,-2.043,137.875,33,4.1,mb,,,,1.1,us,usp0002ysf,2014-11-07T00:39:08.204Z,"221 km ESE of Biak, Indonesia",earthquake,,,,4,reviewed,us,us
1986-10-08T11:31:32.300Z,32.982,-117.809,5.622,3.1,ml,0,190.3,,0.182,ci,ci710496,2016-02-03T23:30:44.930Z,"47km WSW of Carlsbad, CA",earthquake,,,,6,reviewed,ci,ci
1986-10-08T08:55:21.920Z,44.452,-129.85,10,4,mb,,,,1.1,us,usp0002ysd,2014-11-07T00:39:08.196Z,"off the coast of Oregon",earthquake,,,,2,reviewed,us,us
1986-10-08T05:51:36.380Z,-21.946,170.472,90.3,4.8,mb,,,,1.2,us,usp0002ysb,2014-11-07T00:39:08.183Z,"271 km E of Tadine, New Caledonia",earthquake,,10.6,,4,reviewed,us,us
1986-10-08T02:52:42.050Z,-35.035,-179.658,33,4.9,mb,,,,1.3,us,usp0002ys9,2014-11-07T00:39:08.154Z,"east of the North Island of New Zealand",earthquake,,,,2,reviewed,us,us
1986-10-08T02:05:23.540Z,-32.792,-179.318,144.9,4.6,mb,,,,1.4,us,usp0002ys8,2014-11-07T00:39:08.148Z,"south of the Kermadec Islands",earthquake,,25.4,,2,reviewed,us,us
1986-10-08T00:44:26.840Z,50.276,-176.383,33,4.4,mb,,,,1,us,usp0002ys7,2014-11-07T00:39:08.144Z,"178 km S of Adak, Alaska",earthquake,,,,1,reviewed,us,us
1986-10-08T00:09:22.470Z,80.312,-1.742,10,5.3,mw,,,,0.9,us,usp0002ys6,2025-12-19T21:17:15.759Z,"north of Svalbard",earthquake,,,,,reviewed,us,hrv
1986-10-07T22:59:40.150Z,40.3986667,-124.2498333,22.975,2.69,md,4,261,1.198,0.11,nc,nc10086884,2016-12-06T09:36:17.995Z,"15 km SW of Scotia, California",earthquake,2.26,11.88,0.01,2,reviewed,nc,nc
1986-10-07T22:39:08.400Z,25.379,102.619,33,4.2,mb,,,,1.5,us,usp0002ys4,2014-11-07T00:39:08.090Z,"38 km N of Majie, China",earthquake,,,,1,reviewed,us,us
1986-10-07T22:23:34.810Z,47.802,8.055,10,2.5,ml,,,,0.3,us,usp0002ys2,2014-11-07T00:39:08.082Z,"1 km E of Bernau, Germany",earthquake,,,,,reviewed,us,ldg
1986-10-07T21:00:01.230Z,46.364,12.474,10,2.6,ml,,,,1.2,us,usp0002ys0,2014-11-07T00:39:08.072Z,"8 km NNE of Cimolais, Italy",earthquake,,,,,reviewed,us,kba
1986-10-07T19:55:07.850Z,-10.138,161.044,110.7,4.9,mb,,,,0.8,us,usp0002yrz,2014-11-07T00:39:08.060Z,"102 km WNW of Kirakira, Solomon Islands",earthquake,,5.1,,8,reviewed,us,us
1986-10-07T19:30:22.290Z,-6.094,130.114,189.1,5.1,mb,,,,1.4,us,usp0002yry,2014-11-07T00:39:08.056Z,"296 km W of Tual, Indonesia",earthquake,,14.2,,6,reviewed,us,us
1986-10-07T17:54:00.140Z,-6.828,124.876,569,4.2,mb,,,,1,us,usp0002yrx,2014-11-07T00:39:08.052Z,"200 km N of Maubara, Timor Leste",earthquake,,10,,4,reviewed,us,us
1986-10-07T16:51:08.210Z,15.453,-60.688,33,2.7,ml,,,,0.3,us,usp0002yrv,2014-11-07T00:39:08.046Z,"61 km E of Castle Bruce, Dominica",earthquake,,,,,reviewed,us,fdf
1986-10-07T15:36:21.860Z,36.575,25.865,10,3.6,ml,,,,1.6,us,usp0002yru,2014-11-07T00:39:08.044Z,"28 km S of Amorgós, Greece",earthquake,,,,,reviewed,us,ath
1986-10-07T15:17:12.540Z,32.949,-117.705,5.622,2.61,mc,0,187.6,,0.246,ci,ci710452,2016-02-04T02:08:34.220Z,"40km WSW of Encinitas, CA",earthquake,,,,27,reviewed,ci,ci
1986-10-07T15:02:45.840Z,3.022,128.174,111.2,4.4,mb,,,,0.7,us,usp0002yrt,2014-11-07T00:39:08.042Z,"144 km N of Tobelo, Indonesia",earthquake,,37.4,,2,reviewed,us,us
1986-10-07T14:40:11.380Z,51.513,-175.851,33,4.7,mb,,,,1.4,us,usp0002yrs,2014-11-07T00:39:08.036Z,"67 km SE of Adak, Alaska",earthquake,,,,5,reviewed,us,us
1986-10-07T14:29:21.960Z,31.811,-116.162,5.446,2.96,mc,0,151.8,,0.263,ci,ci710448,2016-02-04T05:22:17.430Z,"40km ENE of Maneadero, B.C., MX",earthquake,,,,26,reviewed,ci,ci
1986-10-07T14:03:44.570Z,-16.599,167.314,10,5.6,mw,,,,1.1,us,usp0002yrn,2022-04-27T22:01:35.231Z,"56 km S of Lakatoro, Vanuatu",earthquake,,,,,reviewed,us,hrv
1986-10-07T11:49:44.830Z,37.5565,-118.4383333,4.019,2.78,md,42,57,0.009009,0.04,nc,nc85021,2016-12-06T09:34:05.560Z,"17 km NNE of Mesa, California",earthquake,0.15,0.34,0.27,35,reviewed,nc,nc
1986-10-07T11:46:01.290Z,13.155,-89.948,33,4.6,mb,,,,1.5,us,usp0002yrk,2014-11-07T00:39:07.981Z,"50 km SSW of Acajutla, El Salvador",earthquake,,,,2,reviewed,us,us
1986-10-07T11:40:55.060Z,31.907,137.676,400,5.4,mw,,,,1,us,usp0002yrj,2025-12-19T21:17:14.958Z,"257 km SE of Shing?, Japan",earthquake,,2,,,reviewed,us,hrv
1986-10-07T10:43:35.110Z,15.029,-60.501,33,3.6,ml,,,,0.6,us,usp0002yrh,2014-11-07T00:39:07.898Z,"59 km ENE of La Trinité, Martinique",earthquake,,,,,reviewed,us,fdf
1986-10-07T09:17:45.300Z,19.3685,-155.4785,8.443,2.91,ml,49,36,,0.12,hv,hv223750,2020-03-31T21:40:32.540Z,"18 km N of P?hala, Hawaii",earthquake,0.29,0.34,0.06,2,reviewed,hv,hv
1986-10-07T06:42:09.700Z,6.83,-73.047,157.6,5,mb,,,,1.1,us,usp0002yrg,2014-11-07T00:39:07.883Z,"11 km NW of Cepitá, Colombia",earthquake,,4.7,,27,reviewed,us,us
1986-10-07T06:06:41.470Z,33.026,-117.741,5.622,2.53,ml,0,180.8,,0.335,ci,ci710417,2016-02-04T02:08:33.090Z,"39km WSW of Carlsbad, CA",earthquake,,,,5,reviewed,ci,ci
1986-10-07T04:56:12.670Z,8.103,126.444,117.7,5,mb,,,,1.2,us,usp0002yrd,2014-11-07T00:39:07.857Z,"6 km S of Barcelona, Philippines",earthquake,,9.8,,12,reviewed,us,us
1986-10-07T04:52:35.870Z,35.772,-117.859,5.132,2.59,mc,0,62.5,,0.057,ci,ci710414,2016-02-04T02:08:32.100Z,"14km NNW of Inyokern, CA",earthquake,,0.058,,37,reviewed,ci,ci
1986-10-07T04:40:23.860Z,32.425,-115.366,6.017,3.72,ml,0,197.9,,0.373,ci,ci710413,2016-02-04T02:47:24.950Z,"16km S of Puebla, B.C., MX",earthquake,,,,8,reviewed,ci,ci
1986-10-07T04:26:07.890Z,3.662,124.402,336.7,4.3,mb,,,,1.2,us,usp0002yrb,2014-11-07T00:39:07.847Z,"225 km SSW of Sarangani, Philippines",earthquake,,8.6,,3,reviewed,us,us
1986-10-07T04:17:41.300Z,39.9693333,-120.1823333,-1.683,2.64,md,24,140,0.1622,0.07,nc,nc84972,2016-12-06T09:32:25.504Z,"9 km SW of Doyle, California",earthquake,0.47,3.41,0.2,19,reviewed,nc,nc
1986-10-07T03:00:28.540Z,14.923,-60.36,31.7,3.4,ml,,,,0.3,us,usp0002yra,2014-11-07T00:39:07.843Z,"66 km NE of Le Vauclin, Martinique",earthquake,,5.5,,,reviewed,us,fdf
1986-10-07T01:43:10.560Z,33.889,-116.578,9.197,2.59,mc,0,49.7,,0.06,ci,ci710411,2016-02-04T02:08:31.560Z,"3km WSW of Garnet, CA",earthquake,,0.067,,53,reviewed,ci,ci
1986-10-07T01:01:58.700Z,-7.399,27.742,10,4,m,,,,0.9,us,usp0002yr9,2014-11-07T00:39:07.840Z,"174 km SSE of Kabalo, Democratic Republic of the Congo",earthquake,,,,,reviewed,us,bul
1986-10-06T23:32:37.670Z,37.596,-118.4635,6.955,3.29,md,47,37,0.05045,0.05,nc,nc85065,2016-12-06T09:31:21.080Z,"18 km ENE of Swall Meadows, California",earthquake,0.18,0.54,0.22,55,reviewed,nc,nc
1986-10-06T23:28:07.220Z,25.498,102.422,10,5.4,mb,,,,1,us,usp0002yr7,2022-04-27T22:01:33.790Z,"56 km NNW of Majie, China",earthquake,,,,65,reviewed,us,us
1986-10-06T23:21:54.480Z,38.222,20.752,10,3.6,ml,,,,0.8,us,usp0002yr6,2014-11-07T00:39:07.790Z,"7 km NNW of Póros, Greece",earthquake,,,,,reviewed,us,ath
1986-10-06T22:35:34.490Z,46.547,0.068,10,2.6,ml,,,,1.5,us,usp0002yr5,2014-11-07T00:39:07.783Z,"7 km ESE of Vasles, France",earthquake,,,,,reviewed,us,ldg
1986-10-06T22:25:41.690Z,11.915,57.802,10,4.4,mb,,,,1.2,us,usp0002yr4,2014-11-07T00:39:07.780Z,"Owen Fracture Zone region",earthquake,,,,5,reviewed,us,us
1986-10-06T22:18:18.700Z,46.558,0.077,10,3.1,ml,,,,1.2,us,usp0002yr3,2014-11-07T00:39:07.773Z,"6 km S of Latillé, France",earthquake,,,,,reviewed,us,ldg
1986-10-06T21:21:10.850Z,46.302,14.231,33,3,ml,,,,1.4,us,usp0002yr1,2014-11-07T00:39:07.766Z,"6 km SE of Radovljica, Slovenia",earthquake,,,,,reviewed,us,kba
1986-10-06T20:46:09.330Z,34.62,-113.15,-0.242,2.79,mc,0,331.8,,0.225,ci,ci710397,2016-02-04T03:26:25.040Z,"104km SE of Kingman, AZ",quarry blast,,,,8,reviewed,ci,ci
1986-10-06T19:15:32.360Z,44.329,-7.487,10,3.4,m,,,,1,us,usp0002yr0,2014-11-07T00:39:07.755Z,"72 km NNE of Cariño, Spain",earthquake,,,,,reviewed,us,mdd
1986-10-06T18:14:40.460Z,37.5895,-118.4593333,6.725,2.66,md,40,40,0.04324,0.05,nc,nc84939,2016-12-06T09:29:58.160Z,"18 km ENE of Swall Meadows, California",earthquake,0.16,0.48,0.29,31,reviewed,nc,nc
1986-10-06T15:31:47.260Z,51.56,16.294,15.3,3.6,ml,,,,0.4,us,usp0002yqz,2014-11-07T00:39:07.750Z,"5 km NNE of Rudna, Poland",earthquake,,6.9,,,reviewed,us,grf
1986-10-06T13:42:46.770Z,37.6046667,-118.9121667,3.345,2.55,md,40,89,0.008108,0.07,nc,nc84917,2016-12-06T09:28:20.430Z,"7 km SE of Mammoth Lakes, California",earthquake,0.22,0.3,0.32,33,reviewed,nc,nc
1986-10-06T12:13:26.100Z,51.397,-175.771,33,4.5,mb,,,,1.7,us,usp0002yqw,2014-11-07T00:39:07.739Z,"79 km SE of Adak, Alaska",earthquake,,,,3,reviewed,us,us
1986-10-06T11:56:56.870Z,33.594,-117.851,5.635,2.67,mc,0,106.3,,0.133,ci,ci710363,2016-02-04T05:22:14.710Z,"2km SW of San Joaquin Hills, CA",earthquake,,,,61,reviewed,ci,ci
1986-10-06T11:45:34.770Z,-10.936,-74.728,10,4.4,mb,,,,1.1,us,usp0002yqv,2014-11-07T00:39:07.733Z,"17 km E of Santa Rosa, Peru",earthquake,,,,1,reviewed,us,us
1986-10-06T11:17:13.520Z,38.8168333,-122.7998333,1.609,2.84,md,28,53,0.00991,0.05,nc,nc84905,2016-12-06T09:27:54.810Z,"6 km W of Cobb, California",earthquake,0.16,0.28,0.13,30,reviewed,nc,nc
1986-10-06T07:42:41.330Z,46.255,13.086,23.9,4.1,ml,,,,1.3,us,usp0002yqs,2014-11-07T00:39:07.710Z,"0 km ESE of Osoppo, Italy",earthquake,,6,,,reviewed,us,grf
1986-10-06T07:11:02.950Z,-56.825,-26.624,87.5,5.3,mw,,,,0.9,us,usp0002yqr,2025-12-19T21:17:13.997Z,"South Sandwich Islands region",earthquake,,,,,reviewed,us,hrv
1986-10-06T07:03:20.730Z,44.229,-129.524,10,4.5,mb,,,,1.2,us,usp0002yqq,2014-11-07T00:39:07.672Z,"off the coast of Oregon",earthquake,,,,2,reviewed,us,us
1986-10-06T04:21:46.760Z,51.863,-176.257,43.3,5.2,mw,,,,1,us,usp0002yqn,2022-04-27T22:01:32.489Z,"25 km E of Adak, Alaska",earthquake,,,,,reviewed,us,hrv
1986-10-06T03:46:48.450Z,37.5561667,-118.462,9.055,2.89,md,45,48,0.01712,0.05,nc,nc84889,2016-12-06T09:26:08.120Z,"16 km NNE of Mesa, California",earthquake,0.17,0.44,0.29,38,reviewed,nc,nc
1986-10-06T02:21:46.420Z,26.674,54.58,60.5,4.9,mb,,,,1.1,us,usp0002yqj,2014-11-07T00:39:07.575Z,"32 km WNW of Bandar-e Lengeh, Iran",earthquake,,8.7,,52,reviewed,us,us
1986-10-05T23:45:31.200Z,46.2026667,-122.1866667,-0.701,2.6,md,24,53,0.003256,0.12,uw,uw10213968,2016-07-24T20:00:42.380Z,"38 km NNE of Amboy, Washington",earthquake,0.269,0.2,0.04,8,reviewed,uw,uw
1986-10-05T23:45:29.060Z,38.5878333,-112.55,7.14,2.6,md,14,106,0.4553,0.29,uu,uu50030200,2018-08-28T03:27:35.660Z,"25 km SSW of Kanosh, Utah",earthquake,0.96,1.65,,3,reviewed,uu,uu
1986-10-05T23:23:39.870Z,31.763,-116.21,4.797,2.64,mc,0,185.9,,0.304,ci,ci710333,2016-02-03T23:30:42.560Z,"34km E of Maneadero, B.C., MX",earthquake,,,,7,reviewed,ci,ci
1986-10-05T21:57:20.580Z,43.493,-127.252,10,5.6,mw,,,,1.1,us,usp0002yqg,2022-04-27T22:01:31.144Z,"234 km W of Bandon, Oregon",earthquake,,,,,reviewed,us,hrv
1986-10-05T21:56:58.890Z,36.9583333,-121.6841667,6.301,3.36,md,80,39,0.00991,0.09,nc,nc84874,2016-12-06T09:24:45.050Z,"4 km E of Interlaken, California",earthquake,0.14,0.25,0.14,69,reviewed,nc,nc
1986-10-05T20:40:22.360Z,-38.564,-15.979,10,5,mb,,,,0.8,us,usp0002yqd,2014-11-07T00:39:07.518Z,"Tristan da Cunha region",earthquake,,,,5,reviewed,us,us
1986-10-05T20:30:29.250Z,-5.368,151.507,113.3,5,mb,,,,1,us,usp0002yqc,2014-11-07T00:39:07.510Z,"141 km SW of Kokopo, Papua New Guinea",earthquake,,6.5,,8,reviewed,us,us
1986-10-05T18:55:46.010Z,33.288,-118.571,5.585,2.64,mc,0,260.8,,0.152,ci,ci710323,2016-02-04T05:22:14.230Z,"23km WSW of Avalon, CA",earthquake,,,,26,reviewed,ci,ci
1986-10-05T18:53:20.950Z,-30.546,28.737,5,5.4,mw,,,,1,us,usp0002yqa,2022-04-27T22:01:29.804Z,"47 km S of Qacha’s Nek, Lesotho",earthquake,,,,,reviewed,us,hrv
1986-10-05T17:27:01.350Z,33.006,-117.752,5.622,3.01,ml,0,183.8,,0.195,ci,ci710319,2016-02-04T03:26:21.830Z,"41km WSW of Carlsbad, CA",earthquake,,,,5,reviewed,ci,ci
1986-10-05T16:51:14.210Z,38.6068333,-112.5556667,6.33,2.5,md,9,104,0.4534,0.28,uu,uu50030195,2018-08-28T03:27:35.000Z,"23 km SSW of Kanosh, Utah",earthquake,0.89,2.05,,4,reviewed,uu,uu
1986-10-05T15:59:48.330Z,38.6246667,-112.553,1.47,2.94,md,15,103,0.4585,0.17,uu,uu50030190,2018-08-28T03:27:34.310Z,"22 km SSW of Kanosh, Utah",earthquake,0.46,1.36,,11,reviewed,uu,uu
1986-10-05T15:47:33.130Z,38.634,-112.5535,-1.09,3.48,md,18,74,0.46,0.24,uu,uu50030185,2018-08-28T03:27:33.620Z,"21 km SSW of Kanosh, Utah",earthquake,0.72,3.29,,6,reviewed,uu,uu
1986-10-05T15:20:03.570Z,32.648,-117.478,5.725,2.66,mc,0,216.5,,0.148,ci,ci710310,2016-02-04T05:22:13.740Z,"28km W of Coronado, CA",earthquake,,,,19,reviewed,ci,ci
1986-10-05T13:15:45.540Z,-23.716,-111.993,10,5.5,mw,,,,1.2,us,usp0002yq6,2022-04-27T22:01:28.441Z,"Easter Island region",earthquake,,,,,reviewed,us,hrv
1986-10-05T12:51:43.380Z,-23.893,-66.989,195.9,4.2,mb,,,,1.3,us,usp0002yq5,2014-11-07T00:39:07.443Z,"77 km WNW of San Antonio de los Cobres, Argentina",earthquake,,7,,1,reviewed,us,us
1986-10-05T10:07:11.130Z,38.6146667,-112.5553333,1.11,2.83,md,15,69,0.4549,0.18,uu,uu50030180,2018-08-28T03:27:32.950Z,"23 km SSW of Kanosh, Utah",earthquake,0.6,1.64,,3,reviewed,uu,uu
1986-10-05T09:12:10.950Z,17.01,-62.286,23.6,3.9,ml,,,,1,us,usp0002yq0,2014-11-07T00:39:07.428Z,"25 km NNW of Brades, Montserrat",earthquake,,5.1,,,reviewed,us,fdf
1986-10-05T08:55:21.450Z,43.586,20.939,10,4,ml,,,,1.1,us,usp0002ypz,2014-11-07T00:39:07.420Z,"5 km SE of Vrnja?ka Banja, Serbia",earthquake,,,,,reviewed,us,ttg
1986-10-05T08:45:00.240Z,38.643,-112.56,9.89,2.64,md,10,100,0.4571,0.34,uu,uu50030175,2018-08-28T03:27:32.300Z,"Utah",earthquake,1.03,2.02,,4,reviewed,uu,uu
1986-10-05T08:19:28.580Z,38.6151667,-112.5595,2.1,2.94,md,15,70,0.4518,0.41,uu,uu50030170,2018-08-28T03:27:31.620Z,"23 km SSW of Kanosh, Utah",earthquake,1.09,2.21,,3,reviewed,uu,uu
1986-10-05T07:31:20.850Z,14.555,119.934,80.9,4.3,mb,,,,0.4,us,usp0002ypy,2014-11-07T00:39:07.417Z,"37 km WSW of Sabang, Philippines",earthquake,,20.1,,1,reviewed,us,us
1986-10-05T07:22:29.730Z,44.498,7.311,10,2.8,ml,,,,0.7,us,usp0002ypx,2014-11-07T00:39:07.414Z,"2 km NE of Cartignano, Italy",earthquake,,,,,reviewed,us,ldg
1986-10-05T07:21:37.370Z,-23.801,-112.034,10,5.5,mw,,,,1.1,us,usp0002ypw,2025-12-19T21:17:13.077Z,"Easter Island region",earthquake,,,,,reviewed,us,hrv
1986-10-05T06:07:42.720Z,41.65,19.454,10,2.9,ml,,,,1,us,usp0002ypv,2014-11-07T00:39:07.392Z,"21 km WNW of Mamurras, Albania",earthquake,,,,,reviewed,us,ttg
1986-10-05T05:12:15.980Z,34.672,23.317,15.1,5,mb,,,,1.2,us,usp0002ypt,2014-11-07T00:39:07.340Z,"70 km SSW of Palaióchora, Greece",earthquake,,,,63,reviewed,us,us
1986-10-05T04:37:20.160Z,-5.118,151.649,113.3,4,mb,,,,0.5,us,usp0002ypq,2014-11-07T00:39:07.329Z,"109 km SW of Kokopo, Papua New Guinea",earthquake,,16.1,,1,reviewed,us,us
1986-10-05T03:27:06.770Z,38.438,25.072,10,3.2,ml,,,,0.2,us,usp0002ypn,2014-11-07T00:39:07.323Z,"44 km WSW of Psará, Greece",earthquake,,,,,reviewed,us,ath
1986-10-05T03:25:57.580Z,51.252,-176.131,33,4.9,mb,,,,0.9,us,usp0002ypm,2014-11-07T00:39:07.305Z,"77 km SSE of Adak, Alaska",earthquake,,,,35,reviewed,us,us
1986-10-05T03:01:57.520Z,-48.089,104.647,10,4.5,mb,,,,1.3,us,usp0002ypk,2014-11-07T00:39:07.302Z,"southeast Indian Ridge",earthquake,,,,6,reviewed,us,us
1986-10-05T02:08:50.050Z,-33.612,57.241,10,4.8,mb,,,,1.5,us,usp0002yph,2014-11-07T00:39:07.292Z,"Southwest Indian Ridge",earthquake,,,,5,reviewed,us,us
1986-10-05T02:04:14.670Z,-5.287,153.432,33,4.5,mb,,,,1.1,us,usp0002ypg,2014-11-07T00:39:07.288Z,"165 km SE of Kokopo, Papua New Guinea",earthquake,,,,2,reviewed,us,us
1986-10-04T23:26:46.150Z,41.703,19.524,10,2.5,ml,,,,1.2,us,usp0002ypf,2014-11-07T00:39:07.284Z,"13 km SW of Lezhë, Albania",earthquake,,,,,reviewed,us,ttg
1986-10-04T23:26:36.070Z,-6.135,154.094,108.6,4.3,mb,,,,0.9,us,usp0002ype,2014-11-07T00:39:07.280Z,"155 km W of Panguna, Papua New Guinea",earthquake,,11.3,,2,reviewed,us,us
1986-10-04T23:14:08.390Z,43.204,5.164,10,2.6,ml,,,,1.5,us,usp0002ypd,2014-11-07T00:39:07.276Z,"14 km S of Carry-le-Rouet, France",earthquake,,,,,reviewed,us,ldg
1986-10-04T22:48:42.030Z,9.17,126.708,33,4.3,mb,,,,1.3,us,usp0002ypc,2014-11-07T00:39:07.272Z,"53 km ENE of Bacolod, Philippines",earthquake,,,,2,reviewed,us,us
1986-10-04T22:01:31.920Z,31.222,-116.677,5.771,2.86,mc,0,252.4,,0.292,ci,ci710277,2016-02-03T20:52:43.430Z,"56km S of Maneadero, B.C., MX",earthquake,,,,6,reviewed,ci,ci
1986-10-04T22:01:17.720Z,13.395,-44.838,10,4,ms,,,,1.2,us,usp0002ypb,2014-11-07T00:39:07.269Z,"northern Mid-Atlantic Ridge",earthquake,,,,1,reviewed,us,us
1986-10-04T20:10:10.160Z,40.2365,-124.6303333,27.679,3.09,md,6,312,0.9793,0.06,nc,nc10086867,2016-12-06T09:19:35.895Z,"48 km SW of Ferndale, California",earthquake,7.19,9.06,0.01,3,reviewed,nc,nc
1986-10-04T19:43:32.020Z,-22.392,179.488,586.5,4.8,mb,,,,1.2,us,usp0002yp8,2014-11-07T00:39:07.260Z,"south of the Fiji Islands",earthquake,,31.5,,4,reviewed,us,us
1986-10-04T18:59:00.890Z,38.6416667,-119.567,4.915,2.98,md,35,136,0.1964,0.09,nc,nc84744,2016-12-06T09:19:11.830Z,"4 km WNW of Topaz, California",earthquake,0.23,1.21,0.16,38,reviewed,nc,nc
1986-10-04T15:31:56.170Z,37.5456667,-118.4035,3.044,2.67,md,40,68,0.03153,0.06,nc,nc84733,2016-12-06T09:18:20.690Z,"California-Nevada border region",earthquake,0.16,0.61,0.28,30,reviewed,nc,nc
1986-10-04T09:38:00.840Z,50.252,19,10,3,ml,,,,0.2,us,usp0002ynz,2014-11-07T00:39:07.184Z,"2 km WSW of Katowice, Poland",earthquake,,,,,reviewed,us,kra
1986-10-04T09:10:35.100Z,-6.951,123.796,641.3,5.4,mb,,,,1,us,usp0002yny,2022-04-27T22:01:27.081Z,"240 km NW of Maubara, Timor Leste",earthquake,,5.6,,15,reviewed,us,us
1986-10-04T08:26:23.600Z,32.093,-116.455,5.491,2.58,mc,0,180,,0.135,ci,ci710262,2016-02-04T04:43:56.310Z,"29km NNE of Ensenada, B.C., MX",earthquake,,,,9,reviewed,ci,ci
1986-10-04T08:05:00.600Z,44.499,7.457,26.1,2.8,ml,,,,0.6,us,usp0002ynv,2014-11-07T00:39:07.145Z,"2 km SW of Busca, Italy",earthquake,,5.1,,,reviewed,us,ldg
1986-10-04T06:57:15.100Z,39.342,23.189,10,3.4,ml,,,,0.6,us,usp0002ynu,2014-11-07T00:39:07.115Z,"11 km E of Áno Lekhónia, Greece",earthquake,,,,,reviewed,us,ath
1986-10-04T05:25:37.530Z,19.904,144.43,446.6,4.5,mb,,,,0.7,us,usp0002yns,2014-11-07T00:39:07.100Z,"Maug Islands region, Northern Mariana Islands",earthquake,,11.5,,8,reviewed,us,us
1986-10-04T04:57:03.260Z,40.472,63.2,33,4.3,mb,,,,0.8,us,usp0002ynr,2014-11-07T00:39:07.044Z,"43 km NNW of Gazli, Uzbekistan",earthquake,,,,6,reviewed,us,us
1986-10-04T04:29:57.120Z,42.397,84.631,33,4,mb,,,,1.2,us,usp0002ynq,2014-11-07T00:39:07.041Z,"142 km WSW of Baluntaicun, China",earthquake,,,,3,reviewed,us,us
1986-10-04T03:58:06.990Z,39.3515,-122.939,6.379,2.64,md,20,69,0.2405,0.11,nc,nc84708,2016-12-06T09:16:13.360Z,"15 km ENE of Potter Valley, California",earthquake,0.25,1.58,0.1,27,reviewed,nc,nc
1986-10-04T02:00:08.070Z,2.982,128.036,106.4,5.9,mw,,,,1,us,usp0002ynn,2022-04-27T22:01:25.754Z,"138 km N of Tobelo, Indonesia",earthquake,,,,,reviewed,us,hrv
1986-10-04T00:49:45.730Z,34.466,-116.746,4.796,2.7,mc,0,70.1,,0.115,ci,ci710252,2016-02-04T03:26:20.350Z,"20km E of Lucerne Valley, CA",earthquake,,,,38,reviewed,ci,ci
1986-10-04T00:49:00.820Z,34.465,-116.749,4.747,2.5,mc,0,70.9,,0.116,ci,ci710251,2016-02-03T23:30:41.620Z,"20km E of Lucerne Valley, CA",earthquake,,,,13,reviewed,ci,ci
1986-10-04T00:07:22.520Z,47.676,14.69,10,3.6,ml,,,,0.7,us,usp0002ynk,2014-11-07T00:39:06.930Z,"5 km ESE of Sankt Gallen, Austria",earthquake,,,,,reviewed,us,vka
1986-10-03T23:41:47.550Z,33.017,-117.793,5.622,2.69,mc,0,185.1,,0.366,ci,ci710245,2016-02-03T20:52:42.470Z,"44km WSW of Carlsbad, CA",earthquake,,,,36,reviewed,ci,ci
1986-10-03T21:57:31.760Z,38.8126667,-122.3755,-0.932,2.74,md,23,151,0.05676,0.43,nc,nc84621,2016-12-06T09:15:12.324Z,"15 km W of Guinda, California",quarry blast,1.08,3.33,0.13,23,reviewed,nc,nc
1986-10-03T21:49:30.990Z,37.5676667,-118.4755,8.255,2.81,md,44,42,0.03243,0.08,nc,nc84620,2016-12-06T09:15:06.960Z,"16 km ENE of Swall Meadows, California",earthquake,0.18,0.57,0.36,37,reviewed,nc,nc
1986-10-03T20:09:38.320Z,32.708,137.585,371.2,4.3,mb,,,,0.7,us,usp0002ynh,2014-11-07T00:39:06.921Z,"187 km SE of Shing?, Japan",earthquake,,7.9,,6,reviewed,us,us
1986-10-03T19:59:10.700Z,-4.545,149.288,562.3,4.5,mb,,,,0.6,us,usp0002ynf,2014-11-07T00:39:06.913Z,"145 km NW of Kimbe, Papua New Guinea",earthquake,,10.5,,3,reviewed,us,us
1986-10-03T18:29:12.450Z,32.992,-117.781,5.622,2.68,mc,0,205.6,,0.233,ci,ci710226,2016-02-03T20:52:41.450Z,"44km WSW of Carlsbad, CA",earthquake,,,,24,reviewed,ci,ci
1986-10-03T18:27:02.330Z,33.011,-117.767,5.622,2.6,mc,0,184.1,,0.277,ci,ci710225,2016-02-03T21:31:59.070Z,"42km WSW of Carlsbad, CA",earthquake,,,,29,reviewed,ci,ci
1986-10-03T18:20:27.920Z,-17.962,-69.564,142.9,4.1,mb,,,,1.3,us,usp0002ynd,2014-11-07T00:39:06.904Z,"46 km ESE of Palca, Peru",earthquake,,11.3,,1,reviewed,us,us
1986-10-03T18:01:10.340Z,-2.942,139.038,33,4.5,mb,,,,1.2,us,usp0002ync,2014-11-07T00:39:06.898Z,"181 km WSW of Abepura, Indonesia",earthquake,,,,3,reviewed,us,us
1986-10-03T15:21:03.990Z,51.498,-178.66,33,5,mb,,,,0.7,us,usp0002yna,2014-11-07T00:39:06.889Z,"146 km WSW of Adak, Alaska",earthquake,,,,7,reviewed,us,us
1986-10-03T14:26:15.390Z,33.215,-116.027,4.965,2.58,mc,0,41.1,,0.124,ci,ci710209,2016-02-04T03:26:19.810Z,"11km SW of Salton City, CA",earthquake,,0.016,,30,reviewed,ci,ci
1986-10-03T13:33:59.020Z,40.2838333,-124.5195,31.239,3,ml,15,269,0.9288,0.05,nc,nc10087301,2016-12-06T09:13:58.010Z,"39 km SSW of Ferndale, California",earthquake,3.16,6.57,,4,reviewed,nc,nc
1986-10-03T13:10:04.790Z,9.464,122.587,73.2,4.7,mb,,,,1,us,usp0002yn8,2014-11-07T00:39:06.883Z,"2 km ESE of Colipapa, Philippines",earthquake,,12.9,,4,reviewed,us,us
1986-10-03T12:25:01.260Z,-7.053,149.445,40,4.5,mb,,,,1.5,us,usp0002yn7,2014-11-07T00:39:06.880Z,"94 km S of Kandrian, Papua New Guinea",earthquake,,17.8,,2,reviewed,us,us
1986-10-03T10:28:34.670Z,38.132,20.089,10,3.8,ml,,,,1,us,usp0002yn6,2014-11-07T00:39:06.873Z,"31 km WSW of Lixoúri, Greece",earthquake,,,,,reviewed,us,ath
1986-10-03T10:21:49.500Z,35.805,-80.456,0.2,2.5,md,,260,0.62053,0.3,se,se60545,2022-06-28T14:06:04.892Z,"7 km W of Tyro, North Carolina",earthquake,,3.6,,,reviewed,nm,nm
1986-10-03T09:34:32.340Z,-52.279,13.506,10,5.1,mw,,,,1.3,us,usp0002yn4,2025-12-19T21:17:11.958Z,"southwest of Africa",earthquake,,,,,reviewed,us,hrv
1986-10-03T07:48:37.020Z,39.474,75.289,13.5,4.7,mb,,,,0.9,us,usp0002yn3,2014-11-07T00:39:06.845Z,"60 km W of Kashgar, China",earthquake,,6.9,,26,reviewed,us,us
1986-10-03T07:19:37.230Z,-31.57,-69.558,130.8,4.4,mb,,,,0.8,us,usp0002yn2,2014-11-07T00:39:06.838Z,"29 km SSW of Calingasta, Argentina",earthquake,,7.8,,1,reviewed,us,us
1986-10-03T07:06:54.560Z,1.62,98.967,126.4,5.2,mb,,,,0.9,us,usp0002yn1,2022-04-27T22:01:23.678Z,"24 km ESE of Sibolga, Indonesia",earthquake,,4.5,,47,reviewed,us,us
1986-10-03T05:07:07.590Z,39.369,-122.8811667,13.734,3.01,md,29,48,0.2234,0.09,nc,nc84532,2016-12-06T09:12:45.184Z,"20 km ENE of Potter Valley, California",earthquake,0.21,0.53,0.14,35,reviewed,nc,nc
1986-10-03T01:44:24.380Z,42.665,18.253,13.4,2.8,ml,,,,0.4,us,usp0002ymx,2014-11-07T00:39:06.795Z,"7 km ENE of ?iba?a, Croatia",earthquake,,,,,reviewed,us,ttg
1986-10-02T23:57:18.930Z,46.728,13.135,10,3.1,md,,,,1.1,us,usp0002ymv,2014-11-07T00:39:06.786Z,"4 km SW of Greifenburg, Austria",earthquake,,,,,reviewed,us,kba
1986-10-02T22:56:43.710Z,37.5286667,-118.4388333,9.41,3.24,md,47,52,0.01982,0.04,nc,nc84505,2016-12-06T09:11:42.220Z,"15 km NE of Mesa, California",earthquake,0.18,0.49,0.23,44,reviewed,nc,nc
1986-10-02T21:40:34.340Z,2.98,127.502,33,4.4,mb,,,,1.4,us,usp0002yms,2014-11-07T00:39:06.774Z,"149 km NNW of Tobelo, Indonesia",earthquake,,,,4,reviewed,us,us
1986-10-02T21:37:00.920Z,53.877,161.303,33,4.7,mb,,,,0.8,us,usp0002ymr,2014-11-07T00:39:06.762Z,"197 km ESE of Mil’kovo, Russia",earthquake,,,,24,reviewed,us,us
1986-10-02T20:38:03.650Z,37.5163333,-118.3946667,5.014,2.52,md,39,55,0.05045,0.06,nc,nc84499,2016-12-06T09:11:27.790Z,"14 km N of Dixon Lane-Meadow Creek, California",earthquake,0.18,0.51,0.24,27,reviewed,nc,nc
1986-10-02T20:15:32.950Z,2.892,127.258,45.8,5.5,mw,,,,1.3,us,usp0002ymm,2025-12-19T21:17:11.145Z,"153 km NNW of Tobelo, Indonesia",earthquake,,7.9,,,reviewed,us,hrv
1986-10-02T17:17:57.760Z,85.269,15.755,10,4.8,mb,,,,0.9,us,usp0002ymh,2014-11-07T00:39:06.692Z,"north of Svalbard",earthquake,,,,29,reviewed,us,us
1986-10-02T17:12:28.520Z,85.194,15.682,10,4.8,mb,,,,1.2,us,usp0002ymg,2014-11-07T00:39:06.676Z,"north of Svalbard",earthquake,,,,15,reviewed,us,us
1986-10-02T15:53:34.870Z,38.905,40.273,10,4.4,mb,,,,1.4,us,usp0002ymc,2014-11-07T00:39:06.658Z,"19 km W of Bingöl, Turkey",earthquake,,,,7,reviewed,us,us
1986-10-02T15:25:09.130Z,-17.82,-177.008,384.7,4.1,mb,,,,0.6,us,usp0002ymb,2014-11-07T00:39:06.654Z,"Fiji region",earthquake,,7.6,,2,reviewed,us,us
1986-10-02T15:23:29.890Z,33.002,-117.75,5.75,3.79,ml,0,184.1,,0.344,ci,ci710150,2016-02-03T22:51:30.930Z,"41km WSW of Carlsbad, CA",earthquake,,,,7,reviewed,ci,ci
1986-10-02T15:04:06.970Z,5.225,94.404,66.1,4.5,mb,,,,1.3,us,usp0002ym9,2014-11-07T00:39:06.603Z,"108 km WSW of Banda Aceh, Indonesia",earthquake,,24.5,,2,reviewed,us,us
1986-10-02T15:04:00.880Z,20.382,-45.692,10,5,mb,,,,0.9,us,usp0002ym8,2014-11-07T00:39:06.561Z,"northern Mid-Atlantic Ridge",earthquake,,,,31,reviewed,us,us
1986-10-02T14:53:44.720Z,20.269,-45.772,10,4.9,mb,,,,0.9,us,usp0002ym7,2014-11-07T00:39:06.549Z,"northern Mid-Atlantic Ridge",earthquake,,,,22,reviewed,us,us
1986-10-02T14:12:12.900Z,20.37,-45.478,10,4.8,mb,,,,1.1,us,usp0002ym5,2014-11-07T00:39:06.533Z,"northern Mid-Atlantic Ridge",earthquake,,,,14,reviewed,us,us
1986-10-02T14:02:13.820Z,-25.113,-177.092,172.4,4.2,mb,,,,1.5,us,usp0002ym4,2014-11-07T00:39:06.502Z,"south of the Fiji Islands",earthquake,,22.2,,2,reviewed,us,us
1986-10-02T13:57:54.990Z,20.253,-45.498,10,5.3,mw,,,,1.2,us,usp0002ym3,2025-12-19T20:57:43.619Z,"northern Mid-Atlantic Ridge",earthquake,,,,,reviewed,us,hrv
1986-10-02T13:41:18.040Z,71.171,-6.213,10,4.4,mb,,,,1.1,us,usp0002ym2,2014-11-07T00:39:06.459Z,"95 km ENE of Olonkinbyen, Svalbard and Jan Mayen",earthquake,,,,32,reviewed,us,us
1986-10-02T13:35:15.590Z,32.958,-117.813,5.762,2.87,mc,0,193.3,,0.199,ci,ci608438,2016-02-03T20:52:39.410Z,"48km WSW of Carlsbad, CA",earthquake,,,,59,reviewed,ci,ci
1986-10-02T12:54:41.760Z,32.176,-116.63,17.766,2.85,mc,0,144.2,,0.174,ci,ci608437,2016-02-04T03:26:18.880Z,"28km E of Primo Tapia, B.C., MX",earthquake,,1.438,,28,reviewed,ci,ci
1986-10-02T12:28:13.280Z,36.4738333,-121.0076667,7.209,2.58,md,49,110,0.05045,0.08,nc,nc84470,2016-12-06T09:10:05.910Z,"27 km NE of Greenfield, California",earthquake,0.22,0.41,0.13,41,reviewed,nc,nc
1986-10-02T10:12:45.690Z,34.846,28.314,45.5,5.3,mw,,,,1.2,us,usp0002ykz,2025-12-19T21:17:10.425Z,"124 km SE of Karpathos, Greece",earthquake,,5.1,,,reviewed,us,hrv
1986-10-02T07:48:38.280Z,37.4805,-118.8083333,5.929,2.96,md,36,89,0.004505,0.03,nc,nc84494,2016-12-06T09:08:26.640Z,"11 km SW of Aspen Springs, California",earthquake,0.22,0.42,0.26,32,reviewed,nc,nc
1986-10-02T07:38:56.110Z,-3.016,147.642,10,4.4,mb,,,,1.5,us,usp0002yks,2014-11-07T00:39:06.298Z,"116 km SSE of Lorengau, Papua New Guinea",earthquake,,,,2,reviewed,us,us
1986-10-02T07:23:50.240Z,32.965,-117.758,5.421,2.56,mc,0,191.3,,0.336,ci,ci608429,2016-02-04T03:26:18.380Z,"44km WSW of Carlsbad, CA",earthquake,,,,7,reviewed,ci,ci
1986-10-02T06:01:09.850Z,11.015,-61.36,84.9,4.4,m,,,,0.6,us,usp0002ykr,2014-11-07T00:39:06.285Z,"40 km N of Paradise, Trinidad and Tobago",earthquake,,7.3,,,reviewed,us,crm
1986-10-02T05:16:13.670Z,32.112,-116.273,5.526,2.71,mc,0,103.8,,0.22,ci,ci608426,2016-02-04T04:05:04.110Z,"42km NE of Ensenada, B.C., MX",earthquake,,,,16,reviewed,ci,ci
1986-10-02T04:55:42.010Z,34.026,-116.64,10.797,2.71,ml,0,37.4,,0.096,ci,ci608425,2016-02-04T05:22:11.780Z,"6km WSW of Morongo Valley, CA",earthquake,,0.041,,3,reviewed,ci,ci
1986-10-02T04:32:30.920Z,38.269,25.452,10,3.4,ml,,,,1.4,us,usp0002ykq,2014-11-07T00:39:06.278Z,"31 km SSW of Psará, Greece",earthquake,,,,,reviewed,us,ath
1986-10-02T04:10:57.680Z,37.4005,-118.575,7.034,2.66,md,42,81,0.04865,0.05,nc,nc84439,2016-12-06T09:07:43.630Z,"2 km SSE of Round Valley, California",earthquake,0.16,0.46,0.24,37,reviewed,nc,nc
1986-10-02T03:52:29.080Z,-3.813,141.296,59.8,4.3,mb,,,,1.2,us,usp0002ykn,2014-11-07T00:39:06.255Z,"124 km S of Vanimo, Papua New Guinea",earthquake,,10,,2,reviewed,us,us
1986-10-02T02:47:32.610Z,32.178,-116.619,19.066,2.63,mc,0,174.1,,0.153,ci,ci608422,2016-02-04T03:26:17.910Z,"28km E of Primo Tapia, B.C., MX",earthquake,,1.637,,6,reviewed,ci,ci
1986-10-02T01:25:46.510Z,9.211,126.783,33,4.5,mb,,,,1.1,us,usp0002ykm,2014-11-07T00:39:06.246Z,"62 km ENE of La Paz, Philippines",earthquake,,,,2,reviewed,us,us
1986-10-01T23:47:01.340Z,37.596,-118.4893333,8.325,2.91,md,46,33,0.05405,0.05,nc,nc84425,2016-12-06T09:06:33.080Z,"16 km E of Sunny Slopes, California",earthquake,0.17,0.46,0.18,37,reviewed,nc,nc
1986-10-01T23:26:26.140Z,-60.261,-23.956,33,4,mb,,,,0.6,us,usp0002ykh,2014-11-07T00:39:06.227Z,"South Sandwich Islands region",earthquake,,,,1,reviewed,us,us
1986-10-01T22:47:03.880Z,44.199,11.517,11.1,3.7,ml,,,,1.3,us,usp0002ykf,2014-11-07T00:39:06.200Z,"1 km SSE of Castel del Rio, Italy",earthquake,,3.8,,,reviewed,us,kba
1986-10-01T22:22:06.110Z,33.018,-117.731,5.432,2.55,mc,0,181,,0.417,ci,ci710135,2016-02-03T22:12:52.550Z,"39km WSW of Carlsbad, CA",earthquake,,,,15,reviewed,ci,ci
1986-10-01T21:56:36.160Z,38.827,-122.3845,-0.581,2.62,md,9,98,0.05405,0.01,nc,nc84422,2016-12-06T09:06:09.535Z,"15 km E of Hidden Valley Lake, California",quarry blast,0.57,1.57,0.23,19,reviewed,nc,nc
1986-10-01T21:28:51.690Z,17.508,-62.022,10,3.3,ml,,,,0.1,us,usp0002ykd,2014-11-07T00:39:06.187Z,"24 km SW of Codrington, Antigua and Barbuda",earthquake,,,,,reviewed,us,fdf
1986-10-01T20:44:36.060Z,33.535,119.553,33,3.9,ml,,,,1,us,usp0002ykc,2014-11-07T00:39:06.181Z,"40 km NE of Baoying, China",earthquake,,,,,reviewed,us,bji
1986-10-01T20:18:48.520Z,-33.594,-71.865,57.5,4.3,mb,,,,1.3,us,usp0002ykb,2014-11-07T00:39:06.165Z,"23 km W of San Antonio, Chile",earthquake,,11.4,,3,reviewed,us,us
1986-10-01T20:12:18.580Z,32.981,-117.846,5.622,3.99,ml,0,164.3,,0.314,ci,ci710131,2016-02-03T22:12:52.020Z,"50km ENE of San Clemente Is. (SE tip), CA",earthquake,,,,9,reviewed,ci,ci
1986-10-01T20:11:09.930Z,44.24,10.273,10,3.1,ml,,,,0.7,us,usp0002yk9,2014-11-07T00:39:06.145Z,"3 km NW of Sillano, Italy",earthquake,,,,,reviewed,us,ldg
1986-10-01T20:08:03.000Z,-19.724,-177.459,550,4.6,mb,,,,0.9,us,usp0002yk8,2014-11-07T00:39:06.124Z,"282 km NW of Haveluloto, Tonga",earthquake,,8.6,,7,reviewed,us,us
1986-10-01T19:53:41.200Z,44.34,10.189,28.3,4.2,mb,,,,1.2,us,usp0002yk7,2014-11-07T00:39:06.042Z,"6 km W of Collagna, Italy",earthquake,,3.8,,6,reviewed,us,us
1986-10-01T19:49:34.760Z,44.222,10.261,10,2.9,ml,,,,1.3,us,usp0002yk6,2014-11-07T00:39:06.030Z,"1 km NE of Giuncugnano, Italy",earthquake,,,,,reviewed,us,ldg
1986-10-01T17:51:51.320Z,-11.359,117.708,33,2.9,mb,,,,1.4,us,usp0002yk2,2014-11-07T00:39:06.007Z,"south of Sumbawa, Indonesia",earthquake,,,,1,reviewed,us,us
1986-10-01T17:31:35.310Z,28.739,129.419,26.3,4.5,mb,,,,1,us,usp0002yk1,2014-11-07T00:39:05.995Z,"41 km N of Naze, Japan",earthquake,,9.9,,2,reviewed,us,us
1986-10-01T17:08:47.580Z,35.803,-117.622,7.864,2.63,mc,0,163.1,,0.097,ci,ci710123,2016-02-04T00:48:59.830Z,"20km WNW of Searles Valley, CA",earthquake,,4.866,,34,reviewed,ci,ci
1986-10-01T15:56:03.360Z,51.767,-175.997,33,5.4,mw,,,,1.2,us,usp0002yk0,2022-04-27T22:01:22.035Z,"45 km ESE of Adak, Alaska",earthquake,,,,,reviewed,us,hrv
1986-10-01T15:34:23.830Z,40.721,-116.37,5,3.7,ml,,,,0.5,us,usp0002yjz,2014-11-07T00:39:05.922Z,"22 km W of Carlin, Nevada",earthquake,,,,,reviewed,us,us
1986-10-01T15:24:54.790Z,1.059,-29.554,10,4.9,mb,,,,0.5,us,usp0002yjy,2014-11-07T00:39:05.914Z,"central Mid-Atlantic Ridge",earthquake,,,,4,reviewed,us,us
1986-10-01T14:43:31.220Z,15.69,120.899,191.5,3.6,mb,,,,1.1,us,usp0002yjx,2014-11-07T00:39:05.906Z,"2 km NNE of Maligaya, Philippines",earthquake,,12.9,,1,reviewed,us,us
1986-10-01T14:39:35.820Z,42.336,18.899,10,2.6,ml,,,,1.3,us,usp0002yjw,2014-11-07T00:39:05.895Z,"6 km SSW of Cetinje, Montenegro",earthquake,,,,,reviewed,us,ttg
1986-10-01T14:14:33.390Z,-45.334,95.958,10,4.3,mb,,,,0.6,us,usp0002yju,2014-11-07T00:39:05.882Z,"southeast Indian Ridge",earthquake,,,,2,reviewed,us,us
1986-10-01T13:17:36.490Z,-25.538,-175.19,33,5,mb,,,,1.4,us,usp0002yjt,2014-11-07T00:39:05.869Z,"south of Tonga",earthquake,,,,6,reviewed,us,us
1986-10-01T13:00:06.330Z,-5.579,128.617,342.5,5.6,mw,,,,1.1,us,usp0002yjs,2022-04-27T22:01:20.634Z,"213 km SSE of Ambon, Indonesia",earthquake,,5,,,reviewed,us,hrv
1986-10-01T12:36:45.280Z,33.021,-117.784,5.622,2.79,mc,0,184,,0.312,ci,ci710111,2016-02-03T22:12:51.530Z,"43km WSW of Carlsbad, CA",earthquake,,,,57,reviewed,ci,ci
1986-10-01T11:51:46.630Z,40.8206667,-111.8255,4.31,2.59,md,20,78,0.04188,0.24,uu,uu50030125,2018-08-28T03:27:25.750Z,"7 km ESE of North Salt Lake, Utah",earthquake,0.52,2.03,,7,reviewed,uu,uu
1986-10-01T11:11:42.130Z,41.682,76.862,10,4.8,mb,,,,1.1,us,usp0002yjr,2014-11-07T00:39:05.739Z,"57 km SSW of Kadzhi-Say, Kyrgyzstan",earthquake,,,,19,reviewed,us,us
1986-10-01T11:09:39.770Z,-11.412,162.723,33,4.5,mb,,,,1.2,us,usp0002yjq,2014-11-07T00:39:05.730Z,"137 km SE of Kirakira, Solomon Islands",earthquake,,,,4,reviewed,us,us
1986-10-01T10:43:24.270Z,57.438,-152.22,44.4,3.7,mb,,,,,us,usp0002yjp,2014-11-07T00:39:05.703Z,"19 km S of Chiniak, Alaska",earthquake,,,,1,reviewed,ags,us
1986-10-01T10:38:43.780Z,6.848,-73.184,156.3,4.8,mb,,,,0.9,us,usp0002yjn,2014-11-07T00:39:05.690Z,"9 km ENE of Zapatoca, Colombia",earthquake,,7.4,,2,reviewed,us,us
1986-10-01T10:36:49.770Z,9.661,126.314,228.6,4.9,mb,,,,1.4,us,usp0002yjm,2014-11-07T00:39:05.676Z,"24 km ESE of Union, Philippines",earthquake,,16.2,,4,reviewed,us,us
1986-10-01T08:02:16.260Z,19.6818333,-155.2346667,34.593,4.11,ml,49,140,,0.1,hv,hv223385,2020-03-31T17:49:06.660Z,"16 km WSW of Hilo, Hawaii",earthquake,0.48,0.82,0.08,4,reviewed,hv,hv
1986-10-01T07:39:24.420Z,14.438,124.286,10,4.9,mb,,,,1.3,us,usp0002yjh,2014-11-07T00:39:05.621Z,"45 km NNE of Pandan, Philippines",earthquake,,,,13,reviewed,us,us
1986-10-01T07:32:43.880Z,44.907,150.171,33,4.2,mb,,,,1.5,us,usp0002yjg,2014-11-07T00:39:05.610Z,"184 km ESE of Kuril’sk, Russia",earthquake,,,,3,reviewed,us,us
1986-10-01T07:20:29.640Z,43.978,-114.78,5,3,ml,,,,0.8,us,usp0002yjf,2014-11-07T00:39:05.601Z,"29 km SSE of Stanley, Idaho",earthquake,,,,,reviewed,us,us
1986-10-01T06:51:25.500Z,14.361,124.437,10,5.2,mb,,,,1.3,us,usp0002yje,2014-11-07T00:39:05.522Z,"45 km NE of Pandan, Philippines",earthquake,,,,18,reviewed,us,us
1986-10-01T06:30:50.220Z,17.762,-103.848,33,4.2,mb,,,,1.5,us,usp0002yjd,2014-11-07T00:39:05.513Z,"89 km SSW of La Placita de Morelos, Mexico",earthquake,,,,1,reviewed,us,us
1986-10-01T06:15:22.350Z,-16.326,-177.699,33,4.7,mb,,,,0.4,us,usp0002yjc,2014-11-07T00:39:05.503Z,"227 km SSE of Alo, Wallis and Futuna",earthquake,,,,3,reviewed,us,us
1986-10-01T05:40:52.480Z,-25.361,-177.615,142.7,5,mb,,,,0.8,us,usp0002yjb,2014-11-07T00:39:05.425Z,"south of the Fiji Islands",earthquake,,13.1,,6,reviewed,us,us
1986-10-01T04:42:27.150Z,-9.183,124.342,72.7,4.4,mb,,,,1.5,us,usp0002yja,2014-11-07T00:39:05.399Z,"4 km WNW of Pante Makasar, Timor Leste",earthquake,,13,,7,reviewed,us,us
1986-10-01T03:57:52.950Z,28.815,51.311,10,4.5,mb,,,,1.3,us,usp0002yj9,2014-11-07T00:39:05.351Z,"49 km ESE of Bushehr, Iran",earthquake,,,,17,reviewed,us,us
1986-10-01T03:17:35.400Z,-16.646,-177.609,33,5.4,mb,,,,1.3,us,usp0002yj8,2014-11-07T00:39:05.277Z,"Fiji region",earthquake,,,,2,reviewed,us,us
