time,latitude,longitude,depth,mag,magType,nst,gap,dmin,rms,net,id,updated,place,type,horizontalError,depthError,magError,magNst,status,locationSource,magSource
1993-07-30T23:48:33.600Z,-13.983,166.303,33,4.7,mb,,,,1.1,us,usp0005xq5,2014-11-07T00:53:34.805Z,"135 km W of Sola, Vanuatu",earthquake,,,,6,reviewed,us,us
1993-07-30T23:34:10.810Z,28.864,34.821,18,4.7,mb,,,,1.2,us,usp0005xq4,2014-11-07T00:53:34.796Z,"25 km SE of Nuwaybi‘a, Egypt",earthquake,,,,31,reviewed,us,us
1993-07-30T22:46:45.460Z,-32.602,-71.853,10,3.4,md,,,,0.6,us,usp0005xq3,2014-11-07T00:53:34.794Z,"52 km NNW of Valparaíso, Chile",earthquake,,,,,reviewed,us,san
1993-07-30T22:40:03.730Z,5.619,126.397,123.5,4.6,mb,,,,0.6,us,usp0005xq2,2014-11-07T00:53:34.792Z,"85 km SSE of Pondaguitan, Philippines",earthquake,,10.3,,5,reviewed,us,us
1993-07-30T22:30:54.000Z,45.26,-74.12,8,3.9,mblg,,,,,us,usp0005xq1,2014-11-07T00:53:34.791Z,"1 km NE of Salaberry-de-Valleyfield, Canada",earthquake,,,,,reviewed,ott,ott
1993-07-30T20:58:10.170Z,-26.856,26.698,5,3.1,ml,,,,0.7,us,usp0005xpw,2014-11-07T00:53:34.784Z,"3 km E of Klerksdorp, South Africa",earthquake,,,,,reviewed,us,pre
1993-07-30T19:00:42.530Z,67.0165,-156.081,10.7,2.6,ml,,,,0.18,ak,ak9939p9pjz1,2020-09-14T20:05:21.811Z,"37 km ENE of Kobuk, Alaska",earthquake,,38.6,,,reviewed,ak,ak
1993-07-30T18:26:58.390Z,-26.417,27.319,5,3.5,ml,,,,1.4,us,usp0005xps,2014-11-07T00:53:34.776Z,"10 km SW of Carletonville, South Africa",earthquake,,,,,reviewed,us,pre
1993-07-30T17:26:38.620Z,-8.975,121.444,112.3,4.8,mb,,,,0.8,us,usp0005xpp,2014-11-07T00:53:34.771Z,"28 km WSW of Ende, Indonesia",earthquake,,13.1,,7,reviewed,us,us
1993-07-30T17:07:21.150Z,31.582,131.759,90.8,4.2,mb,,,,0.9,us,usp0005xpn,2014-11-07T00:53:34.768Z,"37 km E of Nichinan, Japan",earthquake,,14.9,,11,reviewed,us,us
1993-07-30T15:39:42.530Z,39.3125,-122.7758333,10.814,2.59,md,29,83,0.1342,0.08,nc,nc372680,2016-12-20T15:57:23.920Z,"20 km NE of Upper Lake, California",earthquake,0.2,0.63,0.13,20,reviewed,nc,nc
1993-07-30T15:11:53.370Z,-28.068,26.843,5,2.5,ml,,,,0.3,us,usp0005xpj,2014-11-07T00:53:34.764Z,"4 km NNW of Virginia, South Africa",earthquake,,,,,reviewed,us,pre
1993-07-30T14:25:51.920Z,45.684,26.568,148.4,4.7,mb,,,,1,us,usp0005xph,2014-11-07T00:53:34.750Z,"10 km WSW of Nereju Mic, Romania",earthquake,,2.8,,55,reviewed,us,us
1993-07-30T14:24:42.230Z,-26.134,27.728,5,2.6,ml,,,,0.4,us,usp0005xpg,2014-11-07T00:53:34.749Z,"6 km NNE of Randfontein, South Africa",earthquake,,,,,reviewed,us,pre
1993-07-30T14:03:08.170Z,-21.691,-178.892,568.4,4.9,mb,,,,1,us,usp0005xpf,2014-11-07T00:53:34.737Z,"Fiji region",earthquake,,4.8,,34,reviewed,us,us
1993-07-30T13:33:49.700Z,-13.578,167.201,316.2,4.6,mb,,,,1.1,us,usp0005xpd,2014-11-07T00:53:34.726Z,"50 km NW of Sola, Vanuatu",earthquake,,11.1,,18,reviewed,us,us
1993-07-30T12:54:01.780Z,39.3163333,-122.7805,10.014,2.84,md,35,83,0.1378,0.12,nc,nc372665,2016-12-20T15:56:40.250Z,"20 km NNE of Upper Lake, California",earthquake,0.27,0.8,0.09,24,reviewed,nc,nc
1993-07-30T12:22:53.450Z,51.378,15.845,5,2.6,ml,,,,1,us,usp0005xpb,2014-11-07T00:53:34.723Z,"5 km ENE of Gromadka, Poland",earthquake,,,,,reviewed,us,cll
1993-07-30T11:51:19.660Z,39.08,27.616,10,2.7,ml,,,,0.3,us,usp0005xp9,2014-11-07T00:53:34.720Z,"5 km WSW of K?rka?aç, Turkey",earthquake,,,,,reviewed,us,isk
1993-07-30T11:46:20.090Z,33.727,36.173,33,3.7,ml,,,,0.8,us,usp0005xp8,2014-11-07T00:53:34.718Z,"6 km E of Az Zabad?n?, Syria",earthquake,,,,,reviewed,us,bhl
1993-07-30T11:23:52.780Z,39.258,27.759,10,2.7,ml,,,,0.7,us,usp0005xp7,2014-11-07T00:53:34.717Z,"15 km ENE of Soma, Turkey",earthquake,,,,,reviewed,us,isk
1993-07-30T11:17:52.910Z,-14.354,167.334,189.9,4.6,mb,,,,0.8,us,usp0005xp6,2014-11-07T00:53:34.713Z,"57 km SSW of Sola, Vanuatu",earthquake,,25.2,,6,reviewed,us,us
1993-07-30T10:50:35.140Z,53.753,169.032,33,4.4,mb,,,,1.1,us,usp0005xp4,2014-11-07T00:53:34.709Z,"294 km WNW of Attu Station, Alaska",earthquake,,,,12,reviewed,us,us
1993-07-30T09:49:36.080Z,39.578,32.801,10,2.8,m,,,,1,us,usp0005xp2,2014-11-07T00:53:34.707Z,"30 km ENE of Haymana, Turkey",earthquake,,,,,reviewed,us,dda
1993-07-30T09:31:56.000Z,39.637,29.369,10,2.7,ml,,,,0.4,us,usp0005xp1,2014-11-07T00:53:34.706Z,"15 km NW of Tav?anl?, Turkey",earthquake,,,,,reviewed,us,isk
1993-07-30T09:29:35.160Z,6.872,-73.077,152.5,4.3,mb,,,,1.2,us,usp0005xp0,2014-11-07T00:53:34.702Z,"13 km SSW of Piedecuesta, Colombia",earthquake,,7.7,,9,reviewed,us,us
1993-07-30T09:17:52.950Z,39.052,27.628,10,2.7,ml,,,,0.3,us,usp0005xnz,2014-11-07T00:53:34.700Z,"7 km SSW of K?rka?aç, Turkey",earthquake,,,,,reviewed,us,isk
1993-07-30T09:10:46.250Z,2.592,-79.867,10,4.7,mb,,,,1.2,us,usp0005xny,2014-11-07T00:53:34.695Z,"147 km WNW of Salahonda, Colombia",earthquake,,,,20,reviewed,us,us
1993-07-30T09:01:55.510Z,39.815,32.786,10,2.7,m,,,,1.2,us,usp0005xnw,2014-11-07T00:53:34.693Z,"13 km SSW of Ankara, Turkey",earthquake,,,,,reviewed,us,dda
1993-07-30T08:48:06.670Z,60.7257,-151.0913,66.4,3.6,ml,,,,0.27,ak,ak9939p3fzx7,2020-09-14T20:05:23.374Z,"11 km ENE of Nikiski, Alaska",earthquake,,1.3,,,reviewed,ak,ak
1993-07-30T08:39:32.190Z,39.455,29.517,10,2.7,ml,,,,0.5,us,usp0005xnu,2014-11-07T00:53:34.685Z,"9 km S of Tav?anl?, Turkey",earthquake,,,,,reviewed,us,isk
1993-07-30T07:33:15.830Z,39.077,27.582,10,2.7,ml,,,,0.7,us,usp0005xnt,2014-11-07T00:53:34.684Z,"8 km WSW of K?rka?aç, Turkey",earthquake,,,,,reviewed,us,isk
1993-07-30T07:26:11.270Z,38.6921667,-119.6595,7.539,3.01,md,36,198,0.7198,0.05,nc,nc372634,2016-12-20T15:55:35.230Z,"10 km W of Topaz Lake, Nevada",earthquake,0.39,2.41,0.13,22,reviewed,nc,nc
1993-07-30T06:56:14.110Z,13.386,-90.897,33,4.2,mb,,,,1.1,us,usp0005xnr,2014-11-07T00:53:34.680Z,"60 km S of Puerto San José, Guatemala",earthquake,,,,8,reviewed,us,us
1993-07-30T06:20:26.300Z,2.715,-79.632,19.1,4.4,mb,,,,1.4,us,usp0005xnn,2014-11-07T00:53:34.676Z,"131 km NW of Salahonda, Colombia",earthquake,,8.3,,1,reviewed,us,us
1993-07-30T06:04:27.810Z,62.1977,-150.2777,52.3,2.5,ml,,,,0.29,ak,ak9939p1zqu5,2020-09-14T20:05:23.831Z,"13 km S of Trapper Creek, Alaska",earthquake,,2.6,,,reviewed,ak,ak
1993-07-30T05:26:31.910Z,13.748,120.217,91.6,4.8,mb,,,,1.1,us,usp0005xnj,2014-11-07T00:53:34.668Z,"4 km NW of Looc, Philippines",earthquake,,16.8,,7,reviewed,us,us
1993-07-30T04:28:50.270Z,38.837,27.506,10,3.1,ml,,,,0.1,us,usp0005xnf,2014-11-07T00:53:34.665Z,"12 km NNW of Saruhanl?, Turkey",earthquake,,,,,reviewed,us,isk
1993-07-30T03:42:17.560Z,37.194,-117.831,3.599,2.66,mc,0,193,,0.248,ci,ci3115675,2016-02-11T00:10:25.148Z,"41km E of Big Pine, California",earthquake,,,,39,reviewed,ci,ci
1993-07-30T03:11:16.970Z,61.2537,-149.5423,38,2.7,ml,,,,0.26,ak,ak9939p08x75,2020-09-14T20:05:24.531Z,"4 km E of Elmendorf Air Force Base, Alaska",earthquake,,1,,,reviewed,ak,ak
1993-07-30T02:59:00.420Z,45.842,11.309,10,2.7,ml,,,,0.6,us,usp0005xnb,2014-11-07T00:53:34.655Z,"3 km WSW of Tonezza del Cimone, Italy",earthquake,,,,,reviewed,us,vie
1993-07-30T01:57:27.380Z,-33.783,-71.588,9.2,3.8,md,,,,0.7,us,usp0005xna,2014-11-07T00:53:34.654Z,"20 km S of San Antonio, Chile",earthquake,,7.6,,,reviewed,us,san
1993-07-30T01:03:04.000Z,35.679,-117.613,5.12,2.52,mc,0,109.8,0.1127,0.159,ci,ci3115667,2016-02-09T23:09:36.078Z,"9km NE of Ridgecrest, California",earthquake,,8.402,,79,reviewed,ci,ci
1993-07-30T01:02:08.520Z,8.562,-102.687,10,5.3,mw,,,,1.1,us,usp0005xn7,2025-12-19T22:52:47.942Z,"northern East Pacific Rise",earthquake,,,,,reviewed,us,hrv
1993-07-29T23:45:29.260Z,40.322,-3.104,10,2.9,mblg,,,,0.9,us,usp0005xn5,2014-11-07T00:53:34.642Z,"0 km ENE of Mondéjar, Spain",earthquake,,,,,reviewed,us,mdd
1993-07-29T22:42:16.600Z,34.975,-116.944,-0.902,2.52,mc,0,61.8,,0.213,ci,ci3115652,2016-02-10T02:46:36.781Z,"11km NE of Barstow, California",earthquake,,0.57,,124,reviewed,ci,ci
1993-07-29T22:08:51.440Z,38.058,39.241,14.5,3.5,mb,,,,1,us,usp0005xmz,2014-11-07T00:53:34.633Z,"17 km SSW of Çüngü?, Turkey",earthquake,,7.5,,1,reviewed,us,us
1993-07-29T21:31:28.710Z,35.025,-116.973,3.538,3.3,ml,0,60.4,,0.197,ci,ci3115644,2016-02-09T23:09:33.568Z,"15km NNE of Barstow, California",earthquake,,0.349,,25,reviewed,ci,ci
1993-07-29T21:20:14.490Z,39.35,27.668,10,2.7,ml,,,,0.5,us,usp0005xmw,2014-11-07T00:53:34.629Z,"3 km SSE of Sava?tepe, Turkey",earthquake,,,,,reviewed,us,isk
1993-07-29T21:16:02.650Z,49.14,6.905,10,2.9,md,,,,1,us,usp0005xmv,2014-11-07T00:53:34.626Z,"1 km SE of Folkling, France",earthquake,,,,,reviewed,us,ucc
1993-07-29T20:25:53.040Z,43.454,17.421,12.8,3.4,ml,,,,1.3,us,usp0005xmu,2014-11-07T00:53:34.622Z,"8 km NW of Ko?erin, Bosnia and Herzegovina",earthquake,,4.3,,,reviewed,us,ttg
1993-07-29T20:16:58.760Z,17.522,-100.422,35.8,5,mb,,,,1,us,usp0005xmt,2022-04-28T18:08:07.807Z,"28 km NW of El Paraíso, Mexico",earthquake,,,,43,reviewed,us,us
1993-07-29T20:09:48.960Z,61.4097,-150.7333,45.7,2.6,ml,,,,0.27,ak,ak9939nmtl0w,2020-09-14T20:05:25.577Z,"19 km SW of Susitna, Alaska",earthquake,,1.1,,,reviewed,ak,ak
1993-07-29T17:58:21.250Z,29.847,114.334,10,4.1,mb,,,,1.1,us,usp0005xmf,2014-11-07T00:53:34.589Z,"1 km ENE of Xianning, China",earthquake,,,,4,reviewed,us,us
1993-07-29T17:15:18.710Z,38.65,27.579,10,2.7,ml,,,,0.4,us,usp0005xmd,2014-11-07T00:53:34.586Z,"9 km S of Saruhanl?, Turkey",earthquake,,,,,reviewed,us,isk
1993-07-29T17:08:15.700Z,38.736,27.398,10,3.3,ml,,,,0.2,us,usp0005xmc,2014-11-07T00:53:34.585Z,"13 km N of Manisa, Turkey",earthquake,,,,,reviewed,us,isk
1993-07-29T16:08:09.140Z,33.252,-116.137,11.689,3.53,ml,0,24.8,,0.313,ci,ci3115600,2016-02-10T06:20:27.333Z,"12km N of Ocotillo Wells, California",earthquake,,0.386,,27,reviewed,ci,ci
1993-07-29T15:41:12.710Z,47.149,10.244,10,2.5,ml,,,,0.9,us,usp0005xm8,2014-11-07T00:53:34.578Z,"2 km NNW of St Anton am Arlberg, Austria",earthquake,,,,,reviewed,us,fur
1993-07-29T15:06:53.710Z,37.015,-2.428,10,3.4,mblg,,,,1.2,us,usp0005xm7,2014-11-07T00:53:34.575Z,"Spain",earthquake,,,,,reviewed,us,mdd
1993-07-29T15:00:49.810Z,-21.184,169.97,33,4.5,mb,,,,1.7,us,usp0005xm6,2014-11-07T00:53:34.574Z,"195 km SSE of Isangel, Vanuatu",earthquake,,,,3,reviewed,us,us
1993-07-29T14:53:19.440Z,42.51,142.849,57.3,5,mb,,,,0.9,us,usp0005xm5,2014-11-07T00:53:34.545Z,"44 km ENE of Shizunai-furukawach?, Japan",earthquake,,,,74,reviewed,us,us
1993-07-29T14:21:25.690Z,39.501,27.676,10,2.6,ml,,,,0.8,us,usp0005xm4,2014-11-07T00:53:34.544Z,"13 km N of Sava?tepe, Turkey",earthquake,,,,,reviewed,us,isk
1993-07-29T13:52:56.010Z,57.432,-150.609,10,3.1,ml,,,,0.7,us,usp0005xm3,2014-11-07T00:53:34.540Z,"102 km ESE of Chiniak, Alaska",earthquake,,,,,reviewed,us,aei
1993-07-29T13:52:43.240Z,57.0928,-150.248,-3,3.3,ml,,,,0.6,ak,ak9939niwr50,2021-07-09T21:10:57.962Z,"135 km ESE of Chiniak, Alaska",earthquake,,24.1,,,reviewed,ak,ak
1993-07-29T13:52:17.780Z,39.377,27.67,4.9,3.7,mb,,,,0.8,us,usp0005xm1,2014-11-07T00:53:34.533Z,"1 km ESE of Sava?tepe, Turkey",earthquake,,2.5,,1,reviewed,us,us
1993-07-29T13:46:28.690Z,-26.383,27.411,5,2.9,ml,,,,1.1,us,usp0005xm0,2014-11-07T00:53:34.532Z,"2 km SSE of Carletonville, South Africa",earthquake,,,,,reviewed,us,pre
1993-07-29T13:00:20.420Z,-26.169,27.3,5,2.6,ml,,,,0.3,us,usp0005xky,2014-11-07T00:53:34.529Z,"23 km NNW of Carletonville, South Africa",earthquake,,,,,reviewed,us,pre
1993-07-29T12:23:10.000Z,28.58,99.48,33,4.5,mb,,,,1.4,us,usp0005xkw,2014-11-07T00:53:34.526Z,"86 km NNW of Shangri-La, China",earthquake,,,,8,reviewed,us,us
1993-07-29T11:47:25.790Z,36.913,-88.927,8.2,2.6,mlg,,,,,nm,nm604022,2016-04-14T19:10:27.750Z,"4 km SE of Blandville, Kentucky",earthquake,,,,,reviewed,nm,nm
1993-07-29T10:16:10.020Z,-4.279,139.002,33,4.7,mb,,,,1,us,usp0005xkt,2014-11-07T00:53:34.521Z,"259 km SW of Abepura, Indonesia",earthquake,,,,2,reviewed,us,us
1993-07-29T09:59:54.180Z,49.537,14.958,10,2.9,ml,,,,0.5,us,usp0005xks,2014-11-07T00:53:34.520Z,"3 km SW of Lukavec, Czechia",earthquake,,,,,reviewed,us,vie
1993-07-29T09:37:02.530Z,41.094,28.734,10,2.7,ml,,,,0.3,us,usp0005xkq,2014-11-07T00:53:34.517Z,"5 km W of Ba?ak?ehir, Turkey",earthquake,,,,,reviewed,us,isk
1993-07-29T09:28:07.030Z,38.833,30.885,10,3.1,ml,,,,1,us,usp0005xkp,2014-11-07T00:53:34.516Z,"12 km ESE of ?scehisar, Turkey",earthquake,,,,,reviewed,us,isk
1993-07-29T08:41:49.730Z,13.4,-90.764,76.5,4.8,mb,,,,1,us,usp0005xkn,2014-11-07T00:53:34.506Z,"58 km S of Puerto San José, Guatemala",earthquake,,5.7,,30,reviewed,us,us
1993-07-29T07:46:48.630Z,37.515,-118.6673333,4.973,2.71,md,20,77,0.05135,0.06,nc,nc372550,2016-12-20T15:51:42.420Z,"2 km WNW of Swall Meadows, California",earthquake,0.26,0.74,0.49,23,reviewed,nc,nc
1993-07-29T07:45:16.450Z,39.113,27.63,10,2.8,ml,,,,0.2,us,usp0005xkj,2014-11-07T00:53:34.502Z,"3 km WNW of K?rka?aç, Turkey",earthquake,,,,,reviewed,us,isk
1993-07-29T07:37:32.900Z,39.086,27.547,10,2.7,ml,,,,0.9,us,usp0005xkg,2014-11-07T00:53:34.500Z,"10 km WSW of K?rka?aç, Turkey",earthquake,,,,,reviewed,us,isk
1993-07-29T07:27:22.150Z,62.1372,-155.0008,7,2.8,ml,,,,0.31,ak,ak9939nf6qzb,2020-09-14T20:05:27.964Z,"89 km NNE of Lime Village, Alaska",earthquake,,3.1,,,reviewed,ak,ak
1993-07-29T06:27:20.390Z,60.6345,-151.9318,94.2,3,ml,,,,0.41,ak,ak9939nelb8n,2020-09-14T20:05:28.313Z,"33 km W of Salamatof, Alaska",earthquake,,0.8,,,reviewed,ak,ak
1993-07-29T05:56:03.110Z,39.324,27.701,10,3.4,ml,,,,0.5,us,usp0005xkc,2014-11-07T00:53:34.486Z,"7 km SSE of Sava?tepe, Turkey",earthquake,,,,,reviewed,us,isk
1993-07-29T04:42:30.540Z,-7.378,129.991,193.1,4.5,mb,,,,1.5,us,usp0005xka,2014-11-07T00:53:34.483Z,"Kepulauan Babar, Indonesia",earthquake,,53.5,,2,reviewed,us,us
1993-07-29T04:24:39.440Z,-28.734,-176.641,34.7,5.1,mb,,,,1.2,us,usp0005xk9,2014-11-07T00:53:34.475Z,"Kermadec Islands region",earthquake,,,,20,reviewed,us,us
1993-07-29T04:19:02.730Z,-29.397,-175.632,33,4.7,mb,,,,1,us,usp0005xk8,2014-11-07T00:53:34.473Z,"Kermadec Islands region",earthquake,,,,6,reviewed,us,us
1993-07-29T03:19:38.320Z,50.543,-30.186,10,4.4,mb,,,,1,us,usp0005xk4,2014-11-07T00:53:34.465Z,"northern Mid-Atlantic Ridge",earthquake,,,,22,reviewed,us,us
1993-07-29T02:43:03.880Z,13.694,119.951,62.8,5,mb,,,,1,us,usp0005xk3,2014-11-07T00:53:34.464Z,"22 km SW of Tagbak, Philippines",earthquake,,11.6,,4,reviewed,us,us
1993-07-29T01:26:32.360Z,-16.367,-71.948,203.2,4.3,mb,,,,0.6,us,usp0005xk0,2014-11-07T00:53:34.460Z,"17 km NW of El Triunfo ( El Cruce), Peru",earthquake,,32,,1,reviewed,us,us
1993-07-29T00:41:19.380Z,40.28,142.978,42.1,4.4,mb,,,,0.9,us,usp0005xjz,2014-11-07T00:53:34.457Z,"113 km NE of Miyako, Japan",earthquake,,5.8,,11,reviewed,us,us
1993-07-28T23:48:43.070Z,34.118,-116.917,7.495,2.53,ml,0,24.1,,0.151,ci,ci3115546,2016-02-10T02:46:27.393Z,"14km S of Big Bear Lake, California",earthquake,,0.364,,18,reviewed,ci,ci
1993-07-28T23:32:26.420Z,36.713,114.969,33,3.6,ml,,,,1.2,us,usp0005xjx,2014-11-07T00:53:34.454Z,"46 km ENE of Handan, China",earthquake,,,,,reviewed,us,bji
1993-07-28T23:17:14.410Z,31.351,138.322,392.9,4.2,mb,,,,1.4,us,usp0005xjw,2014-11-07T00:53:34.453Z,"Izu Islands, Japan region",earthquake,,19.2,,6,reviewed,us,us
1993-07-28T22:52:13.710Z,44.833,148.708,33,4.2,mb,,,,1,us,usp0005xjv,2014-11-07T00:53:34.450Z,"78 km SE of Kuril’sk, Russia",earthquake,,,,4,reviewed,us,us
1993-07-28T22:14:54.330Z,3.793,128.193,157.3,4.9,mb,,,,1.1,us,usp0005xjt,2014-11-07T00:53:34.447Z,"229 km N of Tobelo, Indonesia",earthquake,,12.1,,5,reviewed,us,us
1993-07-28T20:59:18.860Z,37.5595,-118.8921667,0.678,2.51,md,31,101,0.05225,0.05,nc,nc371962,2016-12-20T15:50:31.210Z,"12 km SE of Mammoth Lakes, California",earthquake,0.26,0.98,0.29,35,reviewed,nc,nc
1993-07-28T20:57:21.240Z,-5.323,125.98,524.2,4.4,mb,,,,0.9,us,usp0005xjr,2014-11-07T00:53:34.444Z,"Banda Sea",earthquake,,11.8,,5,reviewed,us,us
1993-07-28T20:47:55.760Z,39.6885,-111.2448333,6.93,2.76,md,18,69,0.354,0.23,uu,uu50075385,2018-08-28T04:56:18.820Z,"8 km WSW of Scofield, Utah",earthquake,0.49,1.12,,6,reviewed,uu,uu
1993-07-28T20:24:16.960Z,43.031,2.649,10,3,ml,,,,1.1,us,usp0005xjq,2014-11-07T00:53:34.441Z,"12 km SSW of Fabrezan, France",earthquake,,,,,reviewed,us,ldg
1993-07-28T20:18:46.960Z,38.891,26.961,10,2.9,ml,,,,0.4,us,usp0005xjp,2014-11-07T00:53:34.440Z,"5 km SSE of Çandarl?, Turkey",earthquake,,,,,reviewed,us,isk
1993-07-28T19:56:07.290Z,14.179,-92.233,82.8,4.5,mb,,,,1.1,us,usp0005xjm,2014-11-07T00:53:34.434Z,"36 km WSW of Champerico, Guatemala",earthquake,,7.1,,24,reviewed,us,us
1993-07-28T18:43:45.700Z,60.0933,-152.3187,90,2.8,ml,,,,0.27,ak,ak9939lyaney,2020-09-14T20:05:31.476Z,"36 km WNW of Happy Valley, Alaska",earthquake,,1.2,,,reviewed,ak,ak
1993-07-28T18:07:48.260Z,-5.573,154.132,25.9,6.2,mwb,,,,1.1,us,usp0005xjh,2022-04-28T18:08:06.399Z,"170 km WNW of Panguna, Papua New Guinea",earthquake,,,,,reviewed,us,us
1993-07-28T17:22:49.820Z,-26.811,26.735,5,3.1,ml,,,,0.5,us,usp0005xjg,2014-11-07T00:53:34.385Z,"5 km NW of Stilfontein, South Africa",earthquake,,,,,reviewed,us,pre
1993-07-28T17:16:40.930Z,46.361,150.971,86.1,5,mb,,,,0.8,us,usp0005xje,2014-11-07T00:53:34.368Z,"271 km ENE of Kuril’sk, Russia",earthquake,,,,77,reviewed,us,us
1993-07-28T15:50:12.390Z,-32.849,-68.366,163.4,4,md,,,,0.8,us,usp0005xjd,2014-11-07T00:53:34.366Z,"27 km NNE of San Martín, Argentina",earthquake,,8.6,,,reviewed,us,san
1993-07-28T14:01:35.710Z,44.591,148.644,33,4.4,mb,,,,0.9,us,usp0005xjb,2014-11-07T00:53:34.350Z,"93 km SE of Kuril’sk, Russia",earthquake,,,,10,reviewed,us,us
1993-07-28T13:01:26.280Z,-2.201,127.761,87.7,4.6,mb,,,,0.6,us,usp0005xj9,2014-11-07T00:53:34.333Z,"171 km NNW of Ambon, Indonesia",earthquake,,12.3,,2,reviewed,us,us
1993-07-28T12:35:54.220Z,39.209,27.686,10,2.6,ml,,,,0.3,us,usp0005xj7,2014-11-07T00:53:34.329Z,"7 km ENE of Soma, Turkey",earthquake,,,,,reviewed,us,isk
1993-07-28T12:17:30.620Z,42.551,23.944,10,2.9,ml,,,,0.6,us,usp0005xj6,2014-11-07T00:53:34.327Z,"14 km SW of Chavdar, Bulgaria",earthquake,,,,,reviewed,us,the
1993-07-28T11:47:36.300Z,54.952,165.682,33,4.7,mb,,,,1,us,usp0005xj4,2014-11-07T00:53:34.320Z,"246 km SE of Ust’-Kamchatsk Staryy, Russia",earthquake,,,,31,reviewed,us,us
1993-07-28T11:16:41.360Z,40.3151667,-124.4993333,9.006,2.58,md,19,257,0.1613,0.06,nc,nc371380,2016-12-20T15:47:53.987Z,"35 km SW of Ferndale, California",earthquake,1.26,0.29,0.11,17,reviewed,nc,nc
1993-07-28T09:52:44.480Z,40.317,-124.4966667,9.106,2.92,md,15,257,0.1604,0.04,nc,nc372715,2016-12-20T15:47:49.966Z,"34 km SW of Ferndale, California",earthquake,1.87,0.4,0.04,2,reviewed,nc,nc
1993-07-28T09:52:03.520Z,40.311,-124.5181667,8.936,3.63,md,27,244,0.173,0.09,nc,nc371371,2016-12-20T15:47:45.972Z,"36 km SW of Ferndale, California",earthquake,0.91,0.26,0.33,44,reviewed,nc,nc
1993-07-28T09:16:32.420Z,-15.54,167.965,178,4.6,mb,,,,0.8,us,usp0005xj0,2014-11-07T00:53:34.314Z,"84 km NE of Norsup, Vanuatu",earthquake,,20.6,,4,reviewed,us,us
1993-07-28T08:42:55.820Z,40.3133333,-124.5075,7.086,3.37,md,22,258,0.1658,0.07,nc,nc371365,2016-12-20T15:47:13.889Z,"35 km SW of Ferndale, California",earthquake,0.92,0.28,0.1,38,reviewed,nc,nc
1993-07-28T07:24:31.840Z,39.068,27.624,10,2.6,ml,,,,1,us,usp0005xhy,2014-11-07T00:53:34.311Z,"5 km SW of K?rka?aç, Turkey",earthquake,,,,,reviewed,us,isk
1993-07-28T07:11:00.580Z,60.6567,-152.0425,77.1,2.7,ml,,,,0.21,ak,ak9939lrjxd6,2020-09-14T20:05:35.345Z,"39 km W of Salamatof, Alaska",earthquake,,1.4,,,reviewed,ak,ak
1993-07-28T07:05:48.340Z,-10.903,162.315,33.1,5.6,mw,,,,0.9,us,usp0005xhw,2022-04-28T18:08:05.064Z,"65 km SE of Kirakira, Solomon Islands",earthquake,,,,,reviewed,us,hrv
1993-07-28T06:10:11.950Z,46.25,0.171,20.5,3,ml,,,,1.1,us,usp0005xhu,2014-11-07T00:53:34.284Z,"4 km N of Chaunay, France",earthquake,,6.5,,,reviewed,us,ldg
1993-07-28T05:51:10.730Z,10.198,-104.102,20.8,5.4,mw,,,,0.9,us,usp0005xhr,2025-12-19T22:52:46.816Z,"northern East Pacific Rise",earthquake,,,,,reviewed,us,hrv
1993-07-28T05:24:53.880Z,10.846,-62.267,82.1,4.2,mb,,,,1.1,us,usp0005xhq,2014-11-07T00:53:34.270Z,"29 km N of Güiria, Venezuela",earthquake,,5.6,,5,reviewed,us,us
1993-07-28T04:50:13.170Z,37.222,140.073,135.1,4.4,mb,,,,1.1,us,usp0005xhp,2014-11-07T00:53:34.266Z,"28 km WSW of Sukagawa, Japan",earthquake,,6.1,,6,reviewed,us,us
1993-07-28T03:32:38.890Z,36.639,70.785,33,4.1,mb,,,,0.8,us,usp0005xhj,2014-11-07T00:53:34.261Z,"25 km S of Jurm, Afghanistan",earthquake,,,,4,reviewed,us,us
1993-07-28T03:10:24.630Z,36.676,71.171,265.1,4.1,mb,,,,0.8,us,usp0005xhh,2014-11-07T00:53:34.256Z,"32 km W of Ashk?sham, Afghanistan",earthquake,,12.1,,20,reviewed,us,us
1993-07-28T02:48:59.380Z,39.162,27.877,10,2.7,ml,,,,0.1,us,usp0005xhg,2014-11-07T00:53:34.254Z,"18 km ENE of K?rka?aç, Turkey",earthquake,,,,,reviewed,us,isk
1993-07-28T02:14:56.230Z,40.923,34.798,10,3.5,m,,,,1.1,us,usp0005xhe,2014-11-07T00:53:34.251Z,"6 km S of Osmanc?k, Turkey",earthquake,,,,,reviewed,us,dda
1993-07-28T01:07:37.100Z,-35.747,-104.042,10,4.4,mb,,,,1,us,usp0005xhd,2014-11-07T00:53:34.249Z,"southeast of Easter Island",earthquake,,,,6,reviewed,us,us
1993-07-27T23:49:13.220Z,40.3101667,-124.4593333,8.146,2.91,md,23,245,0.1315,0.05,nc,nc371322,2016-12-20T15:45:25.609Z,"33 km SSW of Ferndale, California",earthquake,0.65,0.27,0.14,29,reviewed,nc,nc
1993-07-27T23:31:48.920Z,40.3111667,-124.4701667,6.956,2.8,md,23,245,0.1396,0.05,nc,nc371253,2016-12-20T15:45:16.711Z,"34 km SSW of Ferndale, California",earthquake,0.57,0.26,0.09,24,reviewed,nc,nc
1993-07-27T23:10:13.490Z,-28.053,26.909,5,2.7,ml,,,,1.5,us,usp0005xh9,2014-11-07T00:53:34.245Z,"7 km NE of Virginia, South Africa",earthquake,,,,,reviewed,us,pre
1993-07-27T22:12:06.640Z,41.804,139.277,33,4.2,mb,,,,0.8,us,usp0005xh8,2014-11-07T00:53:34.243Z,"113 km W of Kamiiso, Japan",earthquake,,,,6,reviewed,us,us
1993-07-27T21:52:31.670Z,40.3158333,-124.4766667,6.636,2.53,md,15,270,0.1459,0.03,nc,nc371114,2016-12-20T15:44:48.205Z,"34 km SSW of Ferndale, California",earthquake,0.55,0.36,0.12,15,reviewed,nc,nc
1993-07-27T21:38:10.750Z,40.3073333,-124.4746667,7.646,2.6,md,20,240,0.1405,0.05,nc,nc371111,2016-12-20T15:44:44.418Z,"34 km SSW of Ferndale, California",earthquake,0.96,0.27,0.13,18,reviewed,nc,nc
1993-07-27T21:30:05.880Z,40.3076667,-124.4718333,7.456,3.17,md,25,245,0.1387,0.07,nc,nc371110,2016-12-20T15:44:35.930Z,"34 km SSW of Ferndale, California",earthquake,0.66,0.26,0.1,40,reviewed,nc,nc
1993-07-27T21:21:07.320Z,40.3031667,-124.4996667,7.326,2.85,md,25,232,0.1568,0.03,nc,nc371109,2016-12-20T15:44:27.023Z,"36 km SSW of Ferndale, California",earthquake,0.56,0.21,0.17,23,reviewed,nc,nc
1993-07-27T21:20:03.480Z,40.3101667,-124.4725,7.226,2.79,md,19,245,0.1405,0.04,nc,nc371345,2016-12-20T15:44:22.563Z,"34 km SSW of Ferndale, California",earthquake,1.01,0.31,0.15,15,reviewed,nc,nc
1993-07-27T21:17:20.990Z,40.3023333,-124.4981667,7.476,4.13,md,32,232,0.1559,0.1,nc,nc371108,2016-12-20T15:44:16.900Z,"36 km SSW of Ferndale, California",earthquake,0.88,0.37,0.13,115,reviewed,nc,nc
1993-07-27T20:44:52.250Z,51.444,-175.132,33,4.4,mb,,,,1.3,us,usp0005xh0,2020-09-14T20:05:38.104Z,"105 km SW of Atka, Alaska",earthquake,,,,7,reviewed,us,us
1993-07-27T20:38:06.680Z,-26.394,27.333,5,2.5,ml,,,,0.7,us,usp0005xgz,2014-11-07T00:53:34.229Z,"7 km WSW of Carletonville, South Africa",earthquake,,,,,reviewed,us,pre
1993-07-27T20:12:53.430Z,-31.032,-178.381,459.4,4.4,mb,,,,1,us,usp0005xgy,2014-11-07T00:53:34.227Z,"Kermadec Islands region",earthquake,,26.7,,2,reviewed,us,us
1993-07-27T19:44:49.750Z,34.442,141.591,24.9,5.4,mw,,,,1,us,usp0005xgw,2025-12-19T22:52:45.650Z,"140 km SE of Katsuura, Japan",earthquake,,,,,reviewed,us,hrv
1993-07-27T19:36:38.600Z,58.621,-154.943,113.1,3.1,ml,,,,0.22,ak,ak9939kbb7ys,2020-09-14T20:05:38.681Z,"91 km S of Kokhanok, Alaska",earthquake,,1.3,,,reviewed,ak,ak
1993-07-27T19:17:39.090Z,40.3145,-124.4778333,6.279,2.76,md,16,262,0.1459,0.04,nc,nc372549,2016-12-20T15:43:31.501Z,"34 km SSW of Ferndale, California",earthquake,0.67,0.38,0.09,19,reviewed,nc,nc
1993-07-27T19:16:36.420Z,40.3126667,-124.4726667,7.026,2.73,md,23,256,0.1414,0.04,nc,nc370990,2016-12-20T15:43:27.644Z,"34 km SSW of Ferndale, California",earthquake,0.73,0.26,0.12,25,reviewed,nc,nc
1993-07-27T18:35:28.900Z,45.733,-111.488,6.6,3,ml,,,,,us,usp0005xgr,2014-11-07T00:53:34.185Z,"13 km WSW of Amsterdam, Montana",earthquake,,,,,reviewed,but,but
1993-07-27T18:18:43.900Z,34.413,-116.47,1.566,2.55,ml,0,47.4,,0.147,ci,ci3115285,2016-02-10T09:55:56.741Z,"33km N of Yucca Valley, California",earthquake,,0.403,,21,reviewed,ci,ci
1993-07-27T18:08:23.050Z,8.513,121.617,58.3,4.3,mb,,,,1.3,us,usp0005xgq,2014-11-07T00:53:34.184Z,"105 km NNW of Siocon, Philippines",earthquake,,20.4,,3,reviewed,us,us
1993-07-27T17:30:14.630Z,34.346,-116.448,-1.364,2.65,mc,0,46.8,,0.148,ci,ci3115279,2016-02-11T00:09:57.510Z,"26km N of Yucca Valley, California",earthquake,,0.486,,126,reviewed,ci,ci
1993-07-27T17:21:01.630Z,40.305,-124.4958333,7.226,3.72,md,28,239,0.155,0.09,nc,nc370806,2016-12-20T15:42:36.546Z,"35 km SSW of Ferndale, California",earthquake,0.81,0.34,0.11,59,reviewed,nc,nc
1993-07-27T15:34:37.560Z,-3.542,140.105,33,4.5,mb,,,,1.4,us,usp0005xgh,2014-11-07T00:53:34.174Z,"119 km SSW of Abepura, Indonesia",earthquake,,,,3,reviewed,us,us
1993-07-27T15:33:26.910Z,45.658,11.062,5,2.7,ml,,,,1.3,us,usp0005xgg,2014-11-07T00:53:34.171Z,"4 km NNE of Bosco Chiesanuova, Italy",earthquake,,,,,reviewed,us,vie
1993-07-27T14:58:02.540Z,39.26,27.639,10,2.8,ml,,,,0.3,us,usp0005xge,2014-11-07T00:53:34.169Z,"8 km NNE of Soma, Turkey",earthquake,,,,,reviewed,us,isk
1993-07-27T14:52:14.620Z,39.25,27.661,10,2.7,ml,,,,0,us,usp0005xgd,2014-11-07T00:53:34.168Z,"8 km NNE of Soma, Turkey",earthquake,,,,,reviewed,us,isk
1993-07-27T14:43:22.300Z,39.238,27.592,10,2.7,ml,,,,0.5,us,usp0005xgc,2014-11-07T00:53:34.167Z,"6 km NNW of Soma, Turkey",earthquake,,,,,reviewed,us,isk
1993-07-27T14:31:18.540Z,-26.365,27.468,5,2.8,ml,,,,0.6,us,usp0005xgb,2014-11-07T00:53:34.166Z,"7 km E of Carletonville, South Africa",earthquake,,,,,reviewed,us,pre
1993-07-27T14:19:09.210Z,59.5513,-146.7883,-3,2.5,ml,,,,0.29,ak,ak9939k88ci1,2020-09-14T20:05:39.127Z,"89 km SE of Chenega, Alaska",earthquake,,3.8,,,reviewed,ak,ak
1993-07-27T13:53:46.550Z,26.113,143.982,33,4.4,mb,,,,1.3,us,usp0005xg9,2014-11-07T00:53:34.162Z,"Bonin Islands, Japan region",earthquake,,,,5,reviewed,us,us
1993-07-27T13:51:58.880Z,-36.24,178.205,244.1,3.5,mb,,,,0.9,us,usp0005xg8,2014-11-07T00:53:34.161Z,"212 km NNE of Opotiki, New Zealand",earthquake,,35.3,,1,reviewed,us,us
1993-07-27T12:55:43.210Z,39.684,29.467,10,2.8,ml,,,,0.6,us,usp0005xg7,2014-11-07T00:53:34.160Z,"15 km N of Tav?anl?, Turkey",earthquake,,,,,reviewed,us,isk
1993-07-27T12:49:57.010Z,39.243,27.632,10,2.7,ml,,,,0.7,us,usp0005xg6,2014-11-07T00:53:34.159Z,"6 km NNE of Soma, Turkey",earthquake,,,,,reviewed,us,isk
1993-07-27T12:45:16.560Z,46.445,13.393,10,2.6,md,,,,0.3,us,usp0005xg5,2014-11-07T00:53:34.157Z,"6 km E of Dogna, Italy",earthquake,,,,,reviewed,us,lju
1993-07-27T11:53:10.470Z,-12.577,166.495,43.6,5.2,mb,,,,1,us,usp0005xg3,2014-11-07T00:53:34.148Z,"183 km NW of Sola, Vanuatu",earthquake,,,,27,reviewed,us,us
1993-07-27T11:44:11.210Z,59.3795,-144.7088,-3,5.1,mw,,,,0.45,ak,ak9939k6leqp,2022-04-28T18:08:03.491Z,"142 km SSE of Cordova, Alaska",earthquake,,5.3,,,reviewed,ak,ak
1993-07-27T11:25:54.980Z,39.13,27.604,10,2.7,ml,,,,0.8,us,usp0005xg1,2014-11-07T00:53:34.115Z,"6 km S of Soma, Turkey",earthquake,,,,,reviewed,us,isk
1993-07-27T11:00:32.840Z,39.46,20.433,25.6,4.2,mb,,,,1.4,us,usp0005xfz,2014-11-07T00:53:34.106Z,"6 km W of Paramythiá, Greece",earthquake,,3.7,,4,reviewed,us,us
1993-07-27T10:57:28.680Z,-3.544,140.19,33,5.2,mw,,,,1,us,usp0005xfy,2025-12-19T22:52:44.532Z,"115 km SSW of Abepura, Indonesia",earthquake,,,,,reviewed,us,hrv
1993-07-27T10:47:01.460Z,-0.686,124.282,33,4,mb,,,,0.6,us,usp0005xfx,2014-11-07T00:53:34.095Z,"168 km E of Luwuk, Indonesia",earthquake,,,,2,reviewed,us,us
1993-07-27T10:40:12.910Z,-38.813,-91.751,10,4.9,mb,,,,0.7,us,usp0005xfw,2014-11-07T00:53:34.092Z,"West Chile Rise",earthquake,,,,13,reviewed,us,us
1993-07-27T10:31:08.200Z,60.8032,-151.9737,84,3.5,ml,,,,0.25,ak,ak9939k5x6lg,2020-09-14T20:05:41.353Z,"39 km WNW of Nikiski, Alaska",earthquake,,1.6,,,reviewed,ak,ak
1993-07-27T10:00:45.460Z,39.3386667,-111.1488333,4.93,2.72,md,18,86,0.3031,0.18,uu,uu50075340,2018-08-28T04:56:12.980Z,"14 km NNW of Orangeville, Utah",earthquake,0.47,1.06,,7,reviewed,uu,uu
1993-07-27T09:47:17.150Z,-37.128,177.004,318.5,3.9,mb,,,,0.7,us,usp0005xft,2014-11-07T00:53:34.078Z,"86 km NE of Maketu, New Zealand",earthquake,,6.4,,2,reviewed,us,us
1993-07-27T09:23:58.330Z,13.38,120.579,10,4.7,mb,,,,1.5,us,usp0005xfr,2014-11-07T00:53:34.076Z,"9 km WNW of Cabacao, Philippines",earthquake,,,,3,reviewed,us,us
1993-07-27T09:10:18.100Z,40.473,31.529,10,2.8,m,,,,0.5,us,usp0005xfq,2014-11-07T00:53:34.075Z,"7 km NNW of Seben, Turkey",earthquake,,,,,reviewed,us,dda
1993-07-27T08:59:46.760Z,31.926,-116.261,5.583,2.75,ml,0,257.2,0.7333,0.348,ci,ci3115235,2016-02-10T16:53:18.462Z,"34km E of Ensenada, B.C., MX",earthquake,,,,6,reviewed,ci,ci
1993-07-27T08:58:20.660Z,39.027,27.661,10,2.8,ml,,,,0.4,us,usp0005xfp,2014-11-07T00:53:34.074Z,"4 km NNW of Zeytinliova, Turkey",earthquake,,,,,reviewed,us,isk
1993-07-27T08:19:07.400Z,-3.002,131.255,33,5.1,mb,,,,1.1,us,usp0005xfm,2014-11-07T00:53:34.070Z,"234 km S of Sorong, Indonesia",earthquake,,,,4,reviewed,us,us
1993-07-27T06:07:36.330Z,53.036,3.599,10,3.5,ml,,,,0.9,us,usp0005xff,2014-11-07T00:53:34.063Z,"76 km WNW of Callantsoog, Netherlands",earthquake,,,,,reviewed,us,ldg
1993-07-27T05:54:25.610Z,58.3773,-153.8447,61,3.4,ml,,,,0.18,ak,ak9939k32zdt,2020-09-14T20:05:44.161Z,"65 km WNW of Aleneva, Alaska",earthquake,,2.6,,,reviewed,ak,ak
1993-07-27T03:15:00.780Z,37.774,-3.6,10,2.5,mblg,,,,0.4,us,usp0005xfc,2014-11-07T00:53:34.056Z,"1 km SE of Mancha Real, Spain",earthquake,,,,,reviewed,us,mdd
1993-07-27T02:39:04.930Z,40.3151667,-124.4791667,7.526,2.77,md,23,257,0.1477,0.04,nc,nc370376,2016-12-20T15:41:18.329Z,"34 km SSW of Ferndale, California",earthquake,0.73,0.24,0.08,23,reviewed,nc,nc
1993-07-27T02:03:50.560Z,-26.961,26.733,5,2.5,ml,,,,0.7,us,usp0005xf8,2014-11-07T00:53:34.052Z,"6 km ENE of Orkney, South Africa",earthquake,,,,,reviewed,us,pre
1993-07-26T23:46:55.110Z,37.5118333,-118.4066667,6.124,2.6,md,29,70,0.04685,0.06,nc,nc370329,2016-12-20T15:41:05.280Z,"13 km N of Dixon Lane-Meadow Creek, California",earthquake,0.19,0.55,0.2,35,reviewed,nc,nc
1993-07-26T22:01:04.040Z,38.6363333,-119.6541667,-0.079,2.67,md,24,192,0.6766,0.52,nc,nc369976,2016-12-20T15:40:51.126Z,"11 km SW of Topaz Lake, Nevada",earthquake,3.48,20.55,0.16,25,reviewed,nc,nc
1993-07-26T21:42:22.350Z,38.843,26.968,10,3.5,ml,,,,0.4,us,usp0005xf2,2014-11-07T00:53:34.045Z,"4 km N of Alia?a, Turkey",earthquake,,,,,reviewed,us,isk
1993-07-26T21:41:18.380Z,16.153,-61.376,10,3.2,ml,,,,1.3,us,usp0005xf1,2014-11-07T00:53:34.043Z,"8 km S of Sainte-Anne, Guadeloupe",earthquake,,,,,reviewed,us,fdf
1993-07-26T21:29:49.500Z,33.982,-118.737,13.032,3.6,ml,0,51.5,,0.322,ci,ci3115142,2016-02-10T09:55:43.479Z,"7km ESE of Malibu, California",earthquake,,0.43,,58,reviewed,ci,ci
1993-07-26T20:31:07.370Z,45.666,6.749,9.4,2.8,ml,,,,0.6,us,usp0005xey,2014-11-07T00:53:34.036Z,"5 km NNW of Bourg-Saint-Maurice, France",earthquake,,2.1,,,reviewed,us,ldg
1993-07-26T19:16:24.890Z,-4.111,128.187,33,4.6,mb,,,,1,us,usp0005xew,2014-11-07T00:53:34.033Z,"45 km S of Ambon, Indonesia",earthquake,,,,9,reviewed,us,us
1993-07-26T18:52:21.710Z,48.809,-1.156,30.6,3.5,ml,,,,0.6,us,usp0005xev,2014-11-07T00:53:34.028Z,"5 km ESE of Villedieu-les-Poêles, France",earthquake,,4.4,,,reviewed,us,ldg
1993-07-26T17:22:54.240Z,0.66,127.902,33,4.6,mb,,,,1,us,usp0005xes,2014-11-07T00:53:34.025Z,"39 km ESE of Sofifi, Indonesia",earthquake,,,,10,reviewed,us,us
1993-07-26T16:31:27.790Z,51.258,-176.876,33,4.8,mb,,,,1.4,us,usp0005xen,2020-09-14T20:05:45.834Z,"70 km SSW of Adak, Alaska",earthquake,,,,14,reviewed,us,us
1993-07-26T16:20:22.710Z,-26.359,27.284,5,3.9,mb,,,,0.9,us,usp0005xem,2014-11-07T00:53:34.016Z,"11 km W of Carletonville, South Africa",earthquake,,,,1,reviewed,us,us
1993-07-26T14:15:33.040Z,41.6956667,-123.8508333,3.506,2.89,md,4,158,0.1369,0.02,nc,nc369928,2016-12-20T15:39:26.202Z,"19 km SSE of Gasquet, California",earthquake,0.69,8.45,0.12,24,reviewed,nc,nc
1993-07-26T14:15:14.480Z,42.05,-125.358,10,3.2,md,,,,0.6,us,usp0005xeh,2014-11-07T00:53:34.012Z,"83 km WSW of Pistol River, Oregon",earthquake,,,,,reviewed,us,gm$
1993-07-26T13:19:47.440Z,-40.559,175.432,56.1,3.7,mb,,,,0.9,us,usp0005xef,2014-11-07T00:53:34.008Z,"15 km ENE of Levin, New Zealand",earthquake,,10,,1,reviewed,us,us
1993-07-26T13:16:23.440Z,60.293,-152.9492,116.4,2.8,ml,,,,0.28,ak,ak9939ik2yco,2020-09-14T20:05:46.066Z,"76 km WNW of Ninilchik, Alaska",earthquake,,1.1,,,reviewed,ak,ak
1993-07-26T13:07:31.860Z,-26.885,26.735,5,3,ml,,,,0.9,us,usp0005xed,2014-11-07T00:53:34.002Z,"5 km SW of Stilfontein, South Africa",earthquake,,,,,reviewed,us,pre
1993-07-26T13:04:03.210Z,63.2372,-151.174,4,2.6,ml,,,,0.3,ak,ak9939ik0c75,2020-09-14T20:05:46.499Z,"43 km SE of Denali National Park, Alaska",earthquake,,1,,,reviewed,ak,ak
1993-07-26T12:48:12.380Z,41.128,28.487,10,2.8,ml,,,,0.5,us,usp0005xeb,2014-11-07T00:53:33.996Z,"2 km SE of Çatalca, Turkey",earthquake,,,,,reviewed,us,isk
1993-07-26T12:34:46.200Z,-10.099,161.766,33,4.5,mb,,,,0.7,us,usp0005xea,2014-11-07T00:53:33.995Z,"42 km NNW of Kirakira, Solomon Islands",earthquake,,,,7,reviewed,us,us
1993-07-26T11:57:20.000Z,39.191,27.553,10,2.7,ml,,,,0.2,us,usp0005xe8,2014-11-07T00:53:33.991Z,"4 km W of Soma, Turkey",earthquake,,,,,reviewed,us,isk
1993-07-26T11:37:06.550Z,40.754,29.286,10,2.6,ml,,,,0.5,us,usp0005xe7,2014-11-07T00:53:33.990Z,"10 km S of ?çmeler, Turkey",earthquake,,,,,reviewed,us,isk
1993-07-26T11:21:36.270Z,39.674,29.466,10,2.7,ml,,,,1,us,usp0005xe6,2014-11-07T00:53:33.989Z,"14 km N of Tav?anl?, Turkey",earthquake,,,,,reviewed,us,isk
1993-07-26T11:02:53.730Z,39.289,27.724,10,2.7,ml,,,,0.4,us,usp0005xe5,2014-11-07T00:53:33.988Z,"11 km SSE of Sava?tepe, Turkey",earthquake,,,,,reviewed,us,isk
1993-07-26T10:59:43.000Z,39.097,27.656,10,2.7,ml,,,,0.4,us,usp0005xe4,2014-11-07T00:53:33.987Z,"1 km SW of K?rka?aç, Turkey",earthquake,,,,,reviewed,us,isk
1993-07-26T10:04:20.990Z,2.991,125.715,112.2,5,mb,,,,1.2,us,usp0005xdz,2014-11-07T00:53:33.974Z,"185 km NNE of Laikit, Laikit II (Dimembe), Indonesia",earthquake,,8.8,,30,reviewed,us,us
1993-07-26T09:31:30.340Z,29.96,66.626,33,4.9,ms,,,,1.1,us,usp0005xdv,2014-11-07T00:53:33.969Z,"27 km NW of Mastung, Pakistan",earthquake,,,,1,reviewed,us,us
1993-07-26T08:05:58.240Z,38.829,26.947,10,4.2,mb,,,,1.1,us,usp0005xdt,2014-11-07T00:53:33.961Z,"3 km NW of Alia?a, Turkey",earthquake,,,,7,reviewed,us,us
1993-07-26T07:51:04.900Z,39.154,27.539,10,2.7,ml,,,,1.2,us,usp0005xds,2014-11-07T00:53:33.961Z,"7 km WSW of Soma, Turkey",earthquake,,,,,reviewed,us,isk
1993-07-26T07:46:19.200Z,38.738,26.699,10,2.9,ml,,,,0.6,us,usp0005xdq,2014-11-07T00:53:33.958Z,"9 km NNW of Foça, Turkey",earthquake,,,,,reviewed,us,isk
1993-07-26T07:23:17.850Z,58.1277,-156.2475,137.9,3.5,ml,,,,0.19,ak,ak9939igjuax,2020-09-14T20:05:47.215Z,"66 km SSE of King Salmon, Alaska",earthquake,,5.6,,,reviewed,ak,ak
1993-07-26T07:12:10.120Z,39.001,27.676,10,2.8,ml,,,,0.9,us,usp0005xdm,2014-11-07T00:53:33.952Z,"1 km N of Zeytinliova, Turkey",earthquake,,,,,reviewed,us,isk
1993-07-26T04:57:47.220Z,44.363,7.292,5,3.3,ml,,,,0.8,us,usp0005xdg,2014-11-07T00:53:33.942Z,"5 km N of Demonte, Italy",earthquake,,,,,reviewed,us,ldg
1993-07-26T04:25:03.850Z,16.166,-60.739,30.9,3,ml,,,,0.2,us,usp0005xdf,2014-11-07T00:53:33.941Z,"38 km ESE of Beauséjour, Guadeloupe",earthquake,,15.6,,,reviewed,us,fdf
1993-07-26T04:19:33.100Z,16.19,-60.722,33,3.7,md,,,,0.2,us,usp0005xde,2014-11-07T00:53:33.938Z,"39 km ESE of Beauséjour, Guadeloupe",earthquake,,,,,reviewed,us,trn
1993-07-26T04:04:04.190Z,39.137,22.486,10,3.1,ml,,,,1.1,us,usp0005xdb,2014-11-07T00:53:33.934Z,"16 km E of Domokós, Greece",earthquake,,3.9,,,reviewed,us,the
1993-07-26T03:25:49.350Z,38.982,27.574,5,2.7,ml,,,,0.1,us,usp0005xda,2014-11-07T00:53:33.933Z,"8 km W of Zeytinliova, Turkey",earthquake,,,,,reviewed,us,isk
1993-07-26T00:07:49.770Z,28.274,34.485,10,3.7,md,,,,0.6,us,usp0005xd5,2014-11-07T00:53:33.926Z,"23 km S of Dahab, Egypt",earthquake,,,,,reviewed,us,ryd
1993-07-25T23:57:42.180Z,-0.678,124.18,74.8,4.6,mb,,,,1.3,us,usp0005xd4,2014-11-07T00:53:33.924Z,"157 km E of Luwuk, Indonesia",earthquake,,15.7,,7,reviewed,us,us
1993-07-25T23:41:38.530Z,-0.706,124.431,33,4.3,mb,,,,1.3,us,usp0005xd3,2014-11-07T00:53:33.923Z,"184 km E of Luwuk, Indonesia",earthquake,,,,4,reviewed,us,us
1993-07-25T23:33:22.080Z,12.016,-88.02,33,4.4,mb,,,,1.2,us,usp0005xd2,2014-11-07T00:53:33.921Z,"101 km SW of Jiquilillo, Nicaragua",earthquake,,,,9,reviewed,us,us
1993-07-25T23:10:56.990Z,-0.682,124.324,76.1,5,mb,,,,1.2,us,usp0005xd1,2014-11-07T00:53:33.917Z,"Molucca Sea",earthquake,,12,,16,reviewed,us,us
1993-07-25T22:01:16.630Z,4.386,126.454,55.6,4.5,mb,,,,1.2,us,usp0005xcy,2014-11-07T00:53:33.912Z,"157 km SE of Sarangani, Philippines",earthquake,,16.5,,5,reviewed,us,us
1993-07-25T21:26:27.660Z,50.619,-130.482,10,3.2,ml,,,,,us,usp0005xcx,2014-11-07T00:53:33.909Z,"240 km W of Port McNeill, Canada",earthquake,,,,,reviewed,pgc,pgc
1993-07-25T19:05:25.130Z,34.34,-116.454,-0.63,2.6,ml,0,89.4,,0.175,ci,ci3114822,2016-02-10T06:19:48.459Z,"25km N of Yucca Valley, California",earthquake,,0.357,,21,reviewed,ci,ci
1993-07-25T18:47:47.530Z,44.24,8.319,5,2.9,ml,,,,0.9,us,usp0005xcr,2014-11-07T00:53:33.899Z,"2 km NNW of Orco Feglino, Italy",earthquake,,,,,reviewed,us,ldg
1993-07-25T18:29:38.150Z,35.052,139.876,10,4.1,mb,,,,0.4,us,usp0005xcn,2014-11-07T00:53:33.895Z,"7 km N of Tateyama, Japan",earthquake,,,,4,reviewed,us,us
1993-07-25T17:58:39.250Z,38.38,-1.725,10,2.8,mblg,,,,0.6,us,usp0005xcm,2014-11-07T00:53:33.893Z,"14 km S of Hellín, Spain",earthquake,,,,,reviewed,us,mdd
1993-07-25T17:13:16.880Z,44.228,8.273,8.7,2.8,ml,,,,0.7,us,usp0005xcg,2014-11-07T00:53:33.749Z,"0 km E of Rialto, Italy",earthquake,,3,,,reviewed,us,ldg
1993-07-25T16:19:31.180Z,40.19,29.321,10,2.6,ml,,,,0.6,us,usp0005xcf,2014-11-07T00:53:33.748Z,"9 km E of Kestel, Turkey",earthquake,,,,,reviewed,us,isk
1993-07-25T15:54:02.080Z,-35.372,178.82,33,4.2,mb,,,,1.2,us,usp0005xcd,2014-11-07T00:53:33.746Z,"off the east coast of the North Island of New Zealand",earthquake,,,,1,reviewed,us,us
1993-07-25T15:05:19.650Z,-17.844,-13.431,10,5.3,mw,,,,1.1,us,usp0005xc9,2025-12-19T22:35:32.201Z,"southern Mid-Atlantic Ridge",earthquake,,,,,reviewed,us,hrv
1993-07-25T14:35:09.310Z,37.085,-3.971,10,2.6,mblg,,,,1.4,us,usp0005xc8,2014-11-07T00:53:33.728Z,"8 km N of Alhama de Granada, Spain",earthquake,,,,,reviewed,us,mdd
1993-07-25T14:17:23.470Z,39.627,29.441,10,2.7,ml,,,,1.1,us,usp0005xc6,2014-11-07T00:53:33.725Z,"10 km NNW of Tav?anl?, Turkey",earthquake,,,,,reviewed,us,isk
1993-07-25T14:03:58.420Z,29.545,114.775,33,3.5,mb,,,,1.3,us,usp0005xc5,2014-11-07T00:53:33.723Z,"54 km SE of Xianning, China",earthquake,,,,1,reviewed,us,us
1993-07-25T13:29:46.760Z,36.171,-8.087,33,2.8,mblg,,,,0.8,us,usp0005xc2,2014-11-07T00:53:33.696Z,"95 km S of Faro, Portugal",earthquake,,,,,reviewed,us,mdd
1993-07-25T13:19:01.410Z,39.683,29.49,10,2.5,ml,,,,0.7,us,usp0005xc1,2014-11-07T00:53:33.695Z,"15 km N of Tav?anl?, Turkey",earthquake,,,,,reviewed,us,isk
1993-07-25T13:03:04.980Z,21.258,121.078,10,4.4,ms,,,,1.3,us,usp0005xbz,2014-11-07T00:53:33.690Z,"89 km SSE of Hengchun, Taiwan",earthquake,,,,4,reviewed,us,us
1993-07-25T12:19:49.400Z,40.459,23.204,10,2.9,ml,,,,0.4,us,usp0005xbx,2014-11-07T00:53:33.686Z,"6 km ESE of Vasiliká, Greece",earthquake,,,,,reviewed,us,the
1993-07-25T11:47:37.200Z,46.965,20.443,10,3.4,ml,,,,0.9,us,usp0005xbw,2014-11-07T00:53:33.684Z,"7 km NNE of Öcsöd, Hungary",earthquake,,,,,reviewed,us,bra
1993-07-25T11:18:56.700Z,62.5407,-149.5523,11.6,2.6,ml,,,,0.26,ak,ak9939gvd8na,2020-09-14T20:05:49.651Z,"30 km ENE of Chase, Alaska",earthquake,,0.7,,,reviewed,ak,ak
1993-07-25T10:51:03.370Z,34.265,-116.743,-0.819,2.62,mc,0,30,,0.164,ci,ci3114795,2016-02-10T02:46:00.297Z,"9km E of Big Bear City, California",earthquake,,0.262,,147,reviewed,ci,ci
1993-07-25T10:39:43.010Z,35.214,141.699,33,4.5,mb,,,,1.1,us,usp0005xbq,2014-11-07T00:53:33.672Z,"97 km SE of Hasaki, Japan",earthquake,,,,1,reviewed,us,us
1993-07-25T09:58:30.860Z,39.157,28.021,10,2.7,ml,,,,0.5,us,usp0005xbp,2014-11-07T00:53:33.671Z,"16 km SW of S?nd?rg?, Turkey",earthquake,,,,,reviewed,us,isk
1993-07-25T09:38:31.160Z,65.2523,-152.3542,-2.9,2.6,ml,,,,0.3,ak,ak9939gualsc,2020-09-14T20:05:50.376Z,"15 km NW of Tanana, Alaska",earthquake,,2.8,,,reviewed,ak,ak
1993-07-25T09:29:33.420Z,-35.228,178.712,11.6,4.8,mb,,,,1.1,us,usp0005xbm,2014-11-07T00:53:33.667Z,"off the east coast of the North Island of New Zealand",earthquake,,6.1,,4,reviewed,us,us
1993-07-25T09:11:13.350Z,39.097,27.64,10,2.8,ml,,,,0.7,us,usp0005xbk,2014-11-07T00:53:33.666Z,"2 km WSW of K?rka?aç, Turkey",earthquake,,,,,reviewed,us,isk
1993-07-25T08:54:32.310Z,41.212,20.96,10,3.3,md,,,,0.8,us,usp0005xbj,2014-11-07T00:53:33.663Z,"11 km ENE of Kosel, North Macedonia",earthquake,,,,,reviewed,us,ttg
1993-07-25T08:34:08.320Z,-30.534,-71.595,72.1,4.6,mb,,,,1.2,us,usp0005xbh,2014-11-07T00:53:33.661Z,"38 km W of Ovalle, Chile",earthquake,,15.1,,1,reviewed,us,us
1993-07-25T06:40:27.470Z,-32.905,-68.993,146,4.7,mb,,,,1,us,usp0005xbd,2014-11-07T00:53:33.651Z,"15 km W of Mendoza, Argentina",earthquake,,3.3,,18,reviewed,us,us
1993-07-25T06:15:15.240Z,40.518,23.117,10,2.8,ml,,,,0.8,us,usp0005xbb,2014-11-07T00:53:33.649Z,"4 km NNW of Vasiliká, Greece",earthquake,,,,,reviewed,us,the
1993-07-25T05:37:46.390Z,-16.832,167.73,33,5.3,mw,,,,1.1,us,usp0005xba,2025-12-19T22:52:43.317Z,"87 km SSE of Lakatoro, Vanuatu",earthquake,,,,,reviewed,us,hrv
1993-07-25T05:24:29.280Z,-35.416,178.688,33,4.5,mb,,,,0.9,us,usp0005xb9,2014-11-07T00:53:33.642Z,"off the east coast of the North Island of New Zealand",earthquake,,,,2,reviewed,us,us
1993-07-25T03:28:07.730Z,11.853,124.015,30.6,4.5,mb,,,,1.2,us,usp0005xb6,2014-11-07T00:53:33.639Z,"5 km SW of Limbuhan, Philippines",earthquake,,9,,1,reviewed,us,us
1993-07-25T01:58:51.570Z,50.433,19.009,10,2.6,ml,,,,0.6,us,usp0005xay,2014-11-07T00:53:33.627Z,"1 km W of S?czów, Poland",earthquake,,,,,reviewed,us,war
1993-07-25T01:54:26.880Z,37.779,-3.596,10,2.6,mblg,,,,0.6,us,usp0005xaw,2014-11-07T00:53:33.624Z,"1 km ESE of Mancha Real, Spain",earthquake,,,,,reviewed,us,mdd
1993-07-25T01:29:00.110Z,38.643,23.804,10,2.7,ml,,,,0.2,us,usp0005xav,2014-11-07T00:53:33.623Z,"15 km ENE of Psachná, Greece",earthquake,,,,,reviewed,us,the
1993-07-25T01:02:31.770Z,40.453,23.18,5,2.9,ml,,,,0.3,us,usp0005xat,2014-11-07T00:53:33.619Z,"4 km SE of Vasiliká, Greece",earthquake,,,,,reviewed,us,the
1993-07-25T01:00:20.960Z,40.468,23.213,10,3.9,mb,,,,1.1,us,usp0005xas,2014-11-07T00:53:33.610Z,"5 km W of Galátista, Greece",earthquake,,,,8,reviewed,us,us
1993-07-25T00:32:22.250Z,-39.311,174.301,293.7,4,mb,,,,0.5,us,usp0005xar,2014-11-07T00:53:33.606Z,"13 km N of Eltham, New Zealand",earthquake,,7.1,,1,reviewed,us,us
1993-07-24T23:46:52.030Z,25.624,109.219,10,3.6,ml,,,,1.5,us,usp0005xaq,2014-11-07T00:53:33.605Z,"26 km ESE of Xishan, China",earthquake,,,,,reviewed,us,bji
1993-07-24T23:10:59.770Z,58.2685,-151.2263,-3,3,ml,,,,0.33,ak,ak9939fexdx5,2020-09-14T20:05:52.792Z,"84 km ENE of Ouzinkie, Alaska",earthquake,,2.4,,,reviewed,ak,ak
1993-07-24T21:32:05.720Z,36.443,70.604,223.4,4.6,mb,,,,1.1,us,usp0005xak,2014-11-07T00:53:33.594Z,"51 km SSW of Jurm, Afghanistan",earthquake,,,,31,reviewed,us,us
1993-07-24T21:18:12.000Z,51.1,-178,33,3.6,mb,,,,,us,usp0005xaj,2014-11-07T00:53:33.592Z,"128 km SW of Adak, Alaska",earthquake,,,,3,reviewed,mac,us
1993-07-24T20:24:50.100Z,-13.06,167.056,193.5,6,mw,,,,1,us,usp0005xah,2022-04-28T18:08:02.196Z,"105 km NNW of Sola, Vanuatu",earthquake,,,,,reviewed,us,hrv
1993-07-24T20:18:59.680Z,38.937,30.839,10,3.2,ml,,,,0.6,us,usp0005xag,2014-11-07T00:53:33.521Z,"9 km SW of Bayat, Turkey",earthquake,,,,,reviewed,us,isk
1993-07-24T18:50:46.010Z,49.304,155.703,33,4.7,mb,,,,0.9,us,usp0005xac,2014-11-07T00:53:33.511Z,"155 km S of Severo-Kuril’sk, Russia",earthquake,,,,32,reviewed,us,us
1993-07-24T18:46:55.420Z,42.519,139.399,27.9,4.7,mb,,,,1,us,usp0005xab,2014-11-07T00:53:33.505Z,"104 km WSW of Iwanai, Japan",earthquake,,4.1,,26,reviewed,us,us
1993-07-24T17:54:18.000Z,-15.296,-71.872,135.1,4.6,mb,,,,1.1,us,usp0005xa9,2014-11-07T00:53:33.500Z,"32 km NNE of Tapay, Peru",earthquake,,7.5,,16,reviewed,us,us
1993-07-24T16:58:10.870Z,37.055,27.665,33,3.9,ml,,,,1.3,us,usp0005xa7,2014-11-07T00:53:33.497Z,"11 km SE of Güvercinlik, Turkey",earthquake,,,,,reviewed,us,css
1993-07-24T16:39:28.870Z,60.1168,-152.89,113.8,3.1,ml,,,,0.24,ak,ak9939faxi2f,2020-09-14T20:05:53.866Z,"67 km WNW of Happy Valley, Alaska",earthquake,,1.2,,,reviewed,ak,ak
1993-07-24T16:19:14.860Z,38.45,27.177,10,2.9,ml,,,,0.9,us,usp0005xa4,2014-11-07T00:53:33.489Z,"5 km NE of ?zmir, Turkey",earthquake,,,,,reviewed,us,isk
1993-07-24T15:46:03.670Z,51.384,-176.887,33,4.8,mb,,,,1.2,us,usp0005xa3,2020-09-14T20:05:54.351Z,"57 km SSW of Adak, Alaska",earthquake,,,,27,reviewed,us,us
1993-07-24T15:35:54.310Z,40.491,28.682,5,2.8,ml,,,,0.5,us,usp0005xa2,2014-11-07T00:53:33.483Z,"21 km NW of Mudanya, Turkey",earthquake,,,,,reviewed,us,isk
1993-07-24T15:26:57.250Z,10.071,126.207,59.5,4.2,mb,,,,1,us,usp0005xa1,2014-11-07T00:53:33.481Z,"19 km ENE of Santa Monica, Philippines",earthquake,,15.1,,5,reviewed,us,us
1993-07-24T12:56:03.430Z,39.087,138.636,13.7,5.1,mb,,,,0.9,us,usp0005x9x,2014-11-07T00:53:33.460Z,"107 km W of Sakata, Japan",earthquake,,,,78,reviewed,us,us
1993-07-24T10:26:56.600Z,51.509,-176.879,33,5.1,mw,,,,1.2,us,usp0005x9s,2022-04-28T18:08:00.854Z,"43 km SSW of Adak, Alaska",earthquake,,,,,reviewed,us,hrv
1993-07-24T09:21:54.420Z,60.4613,-143.7217,-1.4,2.6,ml,,,,0.24,ak,ak9939f6nnwy,2020-09-14T20:05:55.888Z,"112 km E of Cordova, Alaska",earthquake,,1,,,reviewed,ak,ak
1993-07-24T07:28:31.960Z,42.432,139.118,33,4.3,mb,,,,1,us,usp0005x9m,2014-11-07T00:53:33.428Z,"128 km WSW of Iwanai, Japan",earthquake,,,,2,reviewed,us,us
1993-07-24T07:04:22.950Z,-40.104,175.766,73.4,4.8,mb,,,,0.9,us,usp0005x9k,2014-11-07T00:53:33.424Z,"30 km NNE of Palmerston North, New Zealand",earthquake,,5.4,,5,reviewed,us,us
1993-07-24T04:00:14.290Z,40.8791667,-124.3598333,20.352,2.75,md,18,188,0.3423,0.08,nc,nc369772,2016-12-20T15:29:50.126Z,"16 km WNW of Samoa, California",earthquake,0.7,0.57,0.12,15,reviewed,nc,nc
1993-07-24T03:25:10.080Z,42.787,17.586,5,3.7,md,,,,0.9,us,usp0005x9h,2014-11-07T00:53:33.417Z,"10 km WSW of Ston, Croatia",earthquake,,,,,reviewed,us,tri
1993-07-24T02:36:11.470Z,37.759,-3.585,10,2.5,mblg,,,,0.4,us,usp0005x9g,2014-11-07T00:53:33.416Z,"3 km SE of Mancha Real, Spain",earthquake,,,,,reviewed,us,mdd
1993-07-24T02:01:56.780Z,5.07,127.714,116.2,5.8,mw,,,,1,us,usp0005x9f,2022-04-28T18:07:59.567Z,"222 km SE of Pondaguitan, Philippines",earthquake,,,,,reviewed,us,hrv
1993-07-24T01:51:30.860Z,43.926,149.72,33,4.5,mb,,,,1.1,us,usp0005x9e,2014-11-07T00:53:33.380Z,"205 km SE of Kuril’sk, Russia",earthquake,,,,9,reviewed,us,us
1993-07-24T01:17:35.400Z,16.572,-92.828,10,3.7,mb,,,,1.4,us,usp0005x99,2014-11-07T00:53:33.373Z,"3 km NW of Acala, Mexico",earthquake,,,,2,reviewed,us,us
1993-07-24T00:14:59.130Z,12.218,143.753,33,4.5,mb,,,,0.8,us,usp0005x97,2014-11-07T00:53:33.369Z,"152 km SW of Merizo Village, Guam",earthquake,,,,8,reviewed,us,us
1993-07-24T00:13:25.180Z,42.96,0.318,10,3.1,ml,,,,0.9,us,usp0005x96,2014-11-07T00:53:33.367Z,"13 km ESE of Campan, France",earthquake,,,,,reviewed,us,ldg
1993-07-23T23:15:45.240Z,49.739,19.372,10,2.7,ml,,,,0.5,us,usp0005x95,2014-11-07T00:53:33.365Z,"2 km N of ?lemie?, Poland",earthquake,,,,,reviewed,us,war
1993-07-23T23:00:52.030Z,40.404,29.566,10,2.9,ml,,,,0.6,us,usp0005x93,2014-11-07T00:53:33.363Z,"3 km NNW of Göllüce, Turkey",earthquake,,,,,reviewed,us,isk
1993-07-23T22:49:46.560Z,40.254,29.361,10,3,ml,,,,0.1,us,usp0005x92,2014-11-07T00:53:33.362Z,"14 km ENE of Kestel, Turkey",earthquake,,,,,reviewed,us,isk
1993-07-23T22:13:24.760Z,32.36,-6.197,10,2.9,md,,,,1.2,us,usp0005x91,2014-11-07T00:53:33.360Z,"14 km E of Beni Mellal, Morocco",earthquake,,,,,reviewed,us,rba
1993-07-23T21:30:09.540Z,49.126,6.879,10,2.8,ml,,,,1,us,usp0005x8z,2014-11-07T00:53:33.356Z,"1 km WSW of Théding, France",earthquake,,,,,reviewed,us,str
1993-07-23T21:10:33.660Z,-17.658,167.9,33,4,mb,,,,1.3,us,usp0005x8y,2014-11-07T00:53:33.354Z,"44 km WNW of Port-Vila, Vanuatu",earthquake,,,,2,reviewed,us,us
1993-07-23T20:47:58.570Z,40.107,29.301,10,3,ml,,,,0.4,us,usp0005x8x,2014-11-07T00:53:33.353Z,"10 km WNW of Yenice, Turkey",earthquake,,,,,reviewed,us,isk
1993-07-23T20:36:54.750Z,40.15,29.222,10,3,ml,,,,0.6,us,usp0005x8w,2014-11-07T00:53:33.352Z,"5 km S of Kestel, Turkey",earthquake,,,,,reviewed,us,isk
1993-07-23T20:18:43.420Z,40.792,28.734,10,2.7,ml,,,,0.4,us,usp0005x8v,2014-11-07T00:53:33.351Z,"22 km SSE of Yakuplu, Turkey",earthquake,,,,,reviewed,us,isk
1993-07-23T20:02:36.620Z,-17.5,-178.195,488.2,4.5,mb,,,,1.2,us,usp0005x8u,2014-11-07T00:53:33.347Z,"271 km ENE of Levuka, Fiji",earthquake,,12.9,,10,reviewed,us,us
1993-07-23T19:36:37.150Z,28.689,142.593,33,5.1,mb,,,,1.3,us,usp0005x8r,2014-11-07T00:53:33.338Z,"Bonin Islands, Japan region",earthquake,,,,31,reviewed,us,us
1993-07-23T19:34:08.690Z,46.041,13.225,11.7,4.1,ml,,,,1.1,us,usp0005x8q,2014-11-07T00:53:33.283Z,"1 km NNE of Basaldella, Italy",earthquake,,2,,,reviewed,us,grf
1993-07-23T19:16:59.160Z,10.155,-61.758,33,3.2,md,,,,0.1,us,usp0005x8p,2014-11-07T00:53:33.282Z,"8 km WSW of Point Fortin, Trinidad and Tobago",earthquake,,,,,reviewed,us,trn
1993-07-23T19:08:45.630Z,38.8176667,-122.8358333,1.166,2.55,md,39,28,0.03333,0.04,nc,nc369334,2016-12-20T15:28:32.750Z,"9 km W of Cobb, California",earthquake,0.11,0.32,0.14,36,reviewed,nc,nc
1993-07-23T19:01:33.110Z,-5.023,35.907,33,5.1,ms,,,,0.9,us,usp0005x8n,2022-04-28T18:07:58.203Z,"19 km SE of Kondoa, Tanzania",earthquake,,,,10,reviewed,us,us
1993-07-23T18:54:53.160Z,-5.469,35.784,10,5,mb,,,,1,us,usp0005x8m,2022-04-28T18:07:56.401Z,"62 km S of Kondoa, Tanzania",earthquake,,,,21,reviewed,us,us
1993-07-23T18:18:43.890Z,50.3,19.054,10,2.7,ml,,,,1.2,us,usp0005x8k,2014-11-07T00:53:33.267Z,"2 km SW of Czelad?, Poland",earthquake,,,,,reviewed,us,war
1993-07-23T17:06:43.140Z,65.436,-142.3313,-3,2.6,ml,,,,0.31,ak,ak9939dnsjne,2020-09-14T20:05:58.676Z,"89 km NW of Eagle, Alaska",earthquake,,6.8,,,reviewed,ak,ak
1993-07-23T16:56:18.660Z,-22.087,170.79,25.5,5,mb,,,,1.1,us,usp0005x8f,2014-11-07T00:53:33.256Z,"southeast of the Loyalty Islands",earthquake,,,,13,reviewed,us,us
1993-07-23T16:39:36.410Z,-18.133,-178.171,629.7,4.7,mb,,,,1.3,us,usp0005x8e,2014-11-07T00:53:33.251Z,"266 km E of Levuka, Fiji",earthquake,,,,12,reviewed,us,us
1993-07-23T16:38:36.860Z,-18.341,-178.104,631,5.6,mw,,,,1.1,us,usp0005x8d,2022-04-28T18:07:55.282Z,"274 km E of Levuka, Fiji",earthquake,,,,,reviewed,us,hrv
1993-07-23T16:20:39.150Z,44.472,149.678,33,4.8,mb,,,,1,us,usp0005x8b,2014-11-07T00:53:33.226Z,"165 km ESE of Kuril’sk, Russia",earthquake,,,,30,reviewed,us,us
1993-07-23T15:09:48.650Z,-20.982,-178.686,571.4,5,mb,,,,0.9,us,usp0005x89,2014-11-07T00:53:33.216Z,"Fiji region",earthquake,,4.1,,34,reviewed,us,us
1993-07-23T15:00:29.010Z,44.276,8.364,5,2.5,ml,,,,0.4,us,usp0005x88,2014-11-07T00:53:33.215Z,"4 km WNW of Valle di Vado, Italy",earthquake,,,,,reviewed,us,gen
1993-07-23T14:37:06.590Z,-26.835,26.745,5,2.6,ml,,,,1.9,us,usp0005x87,2014-11-07T00:53:33.214Z,"2 km WNW of Stilfontein, South Africa",earthquake,,,,,reviewed,us,pre
1993-07-23T14:01:42.220Z,36.436,-3.002,10,3.2,mblg,,,,0.7,us,usp0005x85,2014-11-07T00:53:33.211Z,"34 km S of Adra, Spain",earthquake,,,,,reviewed,us,mdd
1993-07-23T13:49:54.620Z,58.288,-154.3597,-3,2.6,ml,,,,0.34,ak,ak9939dlo1wm,2020-09-14T20:05:59.675Z,"80 km N of Karluk, Alaska",earthquake,,8.3,,,reviewed,ak,ak
1993-07-23T13:47:17.420Z,38.111,-3.476,10,2.5,mblg,,,,0.2,us,usp0005x83,2014-11-07T00:53:33.207Z,"6 km N of Canena, Spain",earthquake,,,,,reviewed,us,mdd
1993-07-23T13:32:34.830Z,37.787,-3.589,10,2.6,mblg,,,,0.3,us,usp0005x81,2014-11-07T00:53:33.205Z,"2 km E of Mancha Real, Spain",earthquake,,,,,reviewed,us,mdd
1993-07-23T13:15:01.160Z,37.483,-3.656,10,2.7,mblg,,,,0.8,us,usp0005x7y,2014-11-07T00:53:33.200Z,"2 km SE of Montillana, Spain",earthquake,,,,,reviewed,us,mdd
1993-07-23T12:27:41.090Z,57.9275,-154.9348,93.6,2.7,ml,,,,0.21,ak,ak9939dkxvi5,2020-09-14T20:06:00.340Z,"49 km NW of Karluk, Alaska",earthquake,,5.4,,,reviewed,ak,ak
1993-07-23T11:50:06.790Z,36.437,70.416,272,5.7,mw,,,,1,us,usp0005x7u,2022-04-28T18:07:54.148Z,"52 km ESE of Farkh?r, Afghanistan",earthquake,,,,,reviewed,us,hrv
1993-07-23T11:34:16.730Z,38.7851667,-122.7748333,1.038,2.76,md,28,40,0.02793,0.02,nc,nc369166,2016-12-20T15:27:15.790Z,"6 km SW of Cobb, California",earthquake,0.14,0.36,0.1,35,reviewed,nc,nc
1993-07-23T11:04:54.240Z,13.365,119.972,10,4.2,mb,,,,0.6,us,usp0005x7r,2014-11-07T00:53:33.150Z,"49 km SW of Looc, Philippines",earthquake,,,,2,reviewed,us,us
1993-07-23T09:39:59.190Z,41.113,28.72,10,2.8,ml,,,,0.2,us,usp0005x7n,2014-11-07T00:53:33.145Z,"7 km WNW of Ba?ak?ehir, Turkey",earthquake,,,,,reviewed,us,isk
1993-07-23T09:31:27.300Z,-15.01,167.304,112.3,4.8,mb,,,,0.9,us,usp0005x7m,2014-11-07T00:53:33.131Z,"25 km E of Port-Olry, Vanuatu",earthquake,,14.6,,10,reviewed,us,us
1993-07-23T09:14:42.080Z,-17.899,168.059,33,4.3,mb,,,,1.4,us,usp0005x7j,2014-11-07T00:53:33.127Z,"32 km WSW of Port-Vila, Vanuatu",earthquake,,,,2,reviewed,us,us
1993-07-23T07:33:55.140Z,35.488,140.292,75.6,4.5,mb,,,,0.6,us,usp0005x7f,2014-11-07T00:53:33.123Z,"3 km SW of ?ami, Japan",earthquake,,16.8,,1,reviewed,us,us
1993-07-23T06:30:23.840Z,42.478,-105.703,5,3.7,ml,,,,1.1,us,usp0005x7d,2014-11-07T00:53:33.119Z,"29 km WNW of Esterbrook, Wyoming",earthquake,,,,,reviewed,us,gs$
1993-07-23T05:57:15.070Z,42.111,138.955,33,4.2,mb,,,,1.4,us,usp0005x7c,2014-11-07T00:53:33.118Z,"143 km WNW of Kamiiso, Japan",earthquake,,,,2,reviewed,us,us
1993-07-23T03:59:28.320Z,38.3,-1.289,10,2.9,mblg,,,,1,us,usp0005x79,2014-11-07T00:53:33.112Z,"13 km ENE of Cieza, Spain",earthquake,,,,,reviewed,us,mdd
1993-07-23T03:50:16.390Z,13.448,-90.769,33,4.3,mb,,,,0.8,us,usp0005x78,2014-11-07T00:53:33.109Z,"53 km S of Puerto San José, Guatemala",earthquake,,,,13,reviewed,us,us
1993-07-23T03:49:18.850Z,42.859,139.264,19.8,4.7,mb,,,,1.1,us,usp0005x77,2014-11-07T00:53:33.100Z,"102 km W of Iwanai, Japan",earthquake,,,,39,reviewed,us,us
1993-07-23T02:35:51.060Z,40.8795,-124.3591667,20.162,3.18,md,33,188,0.3423,0.08,nc,nc369193,2016-12-20T15:26:11.750Z,"16 km WNW of Samoa, California",earthquake,0.39,0.52,0.07,38,reviewed,nc,nc
1993-07-23T00:36:29.200Z,60.1147,-153.3835,139.7,3.7,ml,,,,0.19,ak,ak9939ddukrs,2020-09-14T20:06:03.775Z,"52 km E of Port Alsworth, Alaska",earthquake,,2.4,,,reviewed,ak,ak
1993-07-23T00:35:14.750Z,36.631,69.621,33,4,mb,,,,0.2,us,usp0005x6t,2014-11-07T00:53:32.793Z,"13 km SSE of Taloqan, Afghanistan",earthquake,,,,5,reviewed,us,us
1993-07-22T23:00:51.970Z,38.144,20.59,29.7,4.2,mb,,,,1.2,us,usp0005x6s,2014-11-07T00:53:32.787Z,"3 km S of Valsamáta, Greece",earthquake,,4.8,,10,reviewed,us,us
1993-07-22T22:52:53.350Z,37.78,-3.582,10,2.6,mblg,,,,0.2,us,usp0005x6r,2014-11-07T00:53:32.785Z,"2 km ESE of Mancha Real, Spain",earthquake,,,,,reviewed,us,mdd
1993-07-22T20:41:14.890Z,18.58,-69.056,109.1,4.8,mb,,,,0.9,us,usp0005x6m,2014-11-07T00:53:32.767Z,"8 km W of Guaymate, Dominican Republic",earthquake,,,,55,reviewed,us,us
1993-07-22T20:40:45.870Z,42.716,18.938,10,2.5,ml,,,,0.7,us,usp0005x6k,2014-11-07T00:53:32.764Z,"6 km S of Nikši?, Montenegro",earthquake,,,,,reviewed,us,ttg
1993-07-22T19:28:49.740Z,-21.977,-177.451,344.4,4.4,mb,,,,1.1,us,usp0005x6j,2014-11-07T00:53:32.746Z,"249 km WSW of Haveluloto, Tonga",earthquake,,13.3,,16,reviewed,us,us
1993-07-22T19:09:20.830Z,41.93,15.222,10,4,md,,,,1,us,usp0005x6g,2014-11-07T00:53:32.735Z,"10 km NNE of Chieuti, Italy",earthquake,,,,,reviewed,us,tri
1993-07-22T18:31:34.480Z,13.134,-89.662,75,4.2,mb,,,,0.7,us,usp0005x6f,2014-11-07T00:53:32.734Z,"53 km SW of La Libertad, El Salvador",earthquake,,15.2,,1,reviewed,us,us
1993-07-22T17:39:41.050Z,15.174,-60.349,29.6,2.7,ml,,,,0.1,us,usp0005x6c,2014-11-07T00:53:32.728Z,"81 km ENE of Sainte-Marie, Martinique",earthquake,,10.6,,,reviewed,us,fdf
1993-07-22T16:15:25.960Z,40.005,27.489,10,2.7,ml,,,,0.1,us,usp0005x6a,2014-11-07T00:53:32.726Z,"17 km SW of Gönen, Turkey",earthquake,,,,,reviewed,us,isk
1993-07-22T15:49:49.300Z,41.146,28.78,10,2.6,ml,,,,0.3,us,usp0005x69,2014-11-07T00:53:32.725Z,"5 km SE of Arnavutköy, Turkey",earthquake,,,,,reviewed,us,isk
1993-07-22T15:43:18.700Z,19.8218333,-155.5666667,14.72,2.92,ml,46,106,,0.14,hv,hv769333,2020-03-31T22:15:03.330Z,"24 km SSE of Waimea, Hawaii",earthquake,0.6,7.88,0.17,21,reviewed,hv,hv
1993-07-22T14:51:40.440Z,39.757,29.528,10,2.7,ml,,,,1.6,us,usp0005x67,2014-11-07T00:53:32.722Z,"8 km SW of Domaniç, Turkey",earthquake,,,,,reviewed,us,isk
1993-07-22T14:30:56.610Z,38.102,21.639,5,3.4,md,,,,1.4,us,usp0005x66,2014-11-07T00:53:32.721Z,"3 km NNW of Káto Mazaráki, Greece",earthquake,,,,,reviewed,us,ath
1993-07-22T14:26:54.240Z,39.686,26.298,20.9,3.1,ml,,,,0.2,us,usp0005x65,2014-11-07T00:53:32.720Z,"11 km SSW of Ezine, Turkey",earthquake,,8.1,,,reviewed,us,isk
1993-07-22T14:06:53.900Z,-37.524,-179.717,33,4,mb,,,,0.4,us,usp0005x64,2014-11-07T00:53:32.718Z,"235 km ENE of Gisborne, New Zealand",earthquake,,,,1,reviewed,us,us
1993-07-22T13:44:52.020Z,-26.865,26.658,5,4.2,mb,,,,1.2,us,usp0005x63,2014-11-07T00:53:32.715Z,"1 km SSW of Klerksdorp, South Africa",earthquake,,,,1,reviewed,us,us
1993-07-22T13:15:48.230Z,-0.158,122.959,140.9,5.1,mb,,,,1.1,us,usp0005x62,2014-11-07T00:53:32.704Z,"77 km S of Gorontalo, Indonesia",earthquake,,7.1,,47,reviewed,us,us
1993-07-22T13:06:55.770Z,60.135,-139.0725,12,3.1,ml,,,,0.26,ak,ak9939bxvhpl,2020-09-14T20:06:05.611Z,"75 km NNE of Yakutat, Alaska",earthquake,,19.9,,,reviewed,ak,ak
1993-07-22T12:15:36.150Z,21.76,144.261,126.9,5.7,mw,,,,1.1,us,usp0005x5y,2022-04-28T18:07:52.814Z,"Mariana Islands region",earthquake,,,,,reviewed,us,hrv
1993-07-22T12:14:21.840Z,39.275,27.743,10,2.7,ml,,,,1,us,usp0005x5x,2014-11-07T00:53:32.661Z,"14 km SSE of Sava?tepe, Turkey",earthquake,,,,,reviewed,us,isk
1993-07-22T12:08:02.190Z,38.319,20.265,18.6,4,mb,,,,1.3,us,usp0005x5w,2014-11-07T00:53:32.655Z,"19 km NW of Lixoúri, Greece",earthquake,,6.3,,3,reviewed,us,us
1993-07-22T11:22:35.870Z,46.947,9.506,4.7,3,ml,,,,1.1,us,usp0005x5u,2014-11-07T00:53:32.649Z,"3 km NW of Untervaz, Switzerland",earthquake,,2.7,,,reviewed,us,ldg
1993-07-22T10:58:03.040Z,37.5421667,-118.891,0.988,2.74,md,33,105,0.06847,0.04,nc,nc368730,2016-12-20T15:24:11.220Z,"13 km SSE of Mammoth Lakes, California",earthquake,0.27,0.74,0.17,40,reviewed,nc,nc
1993-07-22T10:32:44.450Z,46.158,13.419,10,3.3,md,,,,0.8,us,usp0005x5q,2014-11-07T00:53:32.642Z,"3 km NNW of Torreano, Italy",earthquake,,,,,reviewed,us,lju
1993-07-22T10:18:04.560Z,15.31,-60.224,33,2.6,ml,,,,1.2,us,usp0005x5n,2014-11-07T00:53:32.639Z,"101 km NE of Sainte-Marie, Martinique",earthquake,,,,,reviewed,us,fdf
1993-07-22T10:06:44.810Z,41.947,139.318,33,4.6,mb,,,,1.2,us,usp0005x5m,2014-11-07T00:53:32.634Z,"111 km W of Kamiiso, Japan",earthquake,,,,30,reviewed,us,us
1993-07-22T09:10:14.900Z,39.638,29.428,10,2.7,ml,,,,1,us,usp0005x5j,2014-11-07T00:53:32.632Z,"12 km NNW of Tav?anl?, Turkey",earthquake,,,,,reviewed,us,isk
1993-07-22T09:06:36.320Z,39.176,27.639,10,2.7,ml,,,,0.9,us,usp0005x5h,2014-11-07T00:53:32.631Z,"2 km ESE of Soma, Turkey",earthquake,,,,,reviewed,us,isk
1993-07-22T08:44:14.030Z,39.254,27.753,10,2.9,ml,,,,0.5,us,usp0005x5g,2014-11-07T00:53:32.630Z,"14 km ENE of Soma, Turkey",earthquake,,,,,reviewed,us,isk
1993-07-22T07:50:15.540Z,39.802,29.347,10,2.7,ml,,,,0.8,us,usp0005x5e,2014-11-07T00:53:32.628Z,"15 km SE of Keles, Turkey",earthquake,,,,,reviewed,us,isk
1993-07-22T07:47:39.590Z,39.141,27.609,10,2.7,ml,,,,0.3,us,usp0005x5d,2014-11-07T00:53:32.627Z,"4 km S of Soma, Turkey",earthquake,,,,,reviewed,us,isk
1993-07-22T07:38:26.650Z,39.669,29.43,10,2.7,ml,,,,0.4,us,usp0005x5c,2014-11-07T00:53:32.625Z,"15 km NNW of Tav?anl?, Turkey",earthquake,,,,,reviewed,us,isk
1993-07-22T07:29:18.370Z,-17.678,167.992,33,4.2,mb,,,,1.4,us,usp0005x5b,2014-11-07T00:53:32.622Z,"34 km W of Port-Vila, Vanuatu",earthquake,,,,5,reviewed,us,us
1993-07-22T06:56:45.330Z,39.101,27.596,10,2.6,ml,,,,0.3,us,usp0005x59,2014-11-07T00:53:32.620Z,"6 km W of K?rka?aç, Turkey",earthquake,,,,,reviewed,us,isk
1993-07-22T06:16:09.490Z,-54.439,-119.333,10,6,mw,,,,1.2,us,usp0005x57,2022-04-28T18:07:51.289Z,"southern East Pacific Rise",earthquake,,,,,reviewed,us,hrv
1993-07-22T06:12:26.410Z,-15,-73.902,84.7,4.5,mb,,,,1.1,us,usp0005x56,2014-11-07T00:53:32.593Z,"13 km WNW of Coracora, Peru",earthquake,,12.5,,1,reviewed,us,us
1993-07-22T06:03:56.270Z,6.47,-71.078,33,4.6,mb,,,,1.3,us,usp0005x55,2014-11-07T00:53:32.589Z,"21 km N of Puerto Rondón, Colombia",earthquake,,,,17,reviewed,us,us
1993-07-22T04:57:07.050Z,6.47,-71.21,20.3,6.1,mwb,,,,1.1,us,usp0005x54,2022-04-28T18:07:49.544Z,"24 km NNW of Puerto Rondón, Colombia",earthquake,,,,,reviewed,us,us
1993-07-22T04:14:02.750Z,50.507,18.958,10,3,ml,,,,0.1,us,usp0005x50,2014-11-07T00:53:32.522Z,"1 km ENE of Miasteczko ?l?skie, Poland",earthquake,,,,,reviewed,us,war
1993-07-22T03:51:15.720Z,-54.538,-119.444,10,5.2,ms,,,,1,us,usp0005x4z,2014-11-07T00:53:32.517Z,"southern East Pacific Rise",earthquake,,,,1,reviewed,us,us
1993-07-22T03:49:38.040Z,16.133,-60.621,33,3.1,ml,,,,0.7,us,usp0005x4y,2014-11-07T00:53:32.515Z,"51 km ESE of Beauséjour, Guadeloupe",earthquake,,,,,reviewed,us,fdf
1993-07-22T03:32:39.200Z,61.2918,-146.7762,20.2,2.5,ml,,,,0.21,ak,ak9939bs2p00,2020-09-14T20:06:06.607Z,"29 km NW of Valdez, Alaska",earthquake,,1.4,,,reviewed,ak,ak
1993-07-22T02:45:10.300Z,36.816,25.497,10,3.5,md,,,,1.2,us,usp0005x4w,2014-11-07T00:53:32.510Z,"21 km ENE of Íos, Greece",earthquake,,,,,reviewed,us,ath
1993-07-22T01:54:56.840Z,39.533,40.116,10.6,4.6,mb,,,,1.4,us,usp0005x4u,2014-11-07T00:53:32.501Z,"19 km ENE of Pulumer, Turkey",earthquake,,4.8,,29,reviewed,us,us
1993-07-22T01:11:26.270Z,32.676,137.522,365.5,4.5,mb,,,,0.7,us,usp0005x4s,2014-11-07T00:53:32.493Z,"185 km SE of Shing?, Japan",earthquake,,5.4,,32,reviewed,us,us
1993-07-21T23:40:45.080Z,51.034,15.74,10,2.6,m,,,,1.2,us,usp0005x4p,2014-11-07T00:53:32.469Z,"4 km ENE of Wle?, Poland",earthquake,,,,,reviewed,us,war
1993-07-21T22:35:39.250Z,51.369,15.846,17,3.9,ml,,,,0.8,us,usp0005x4k,2014-11-07T00:53:32.463Z,"5 km E of Gromadka, Poland",earthquake,,4.3,,,reviewed,us,grf
1993-07-21T22:30:29.100Z,42.138,139.39,41.1,4.3,mb,,,,1.5,us,usp0005x4j,2014-11-07T00:53:32.461Z,"109 km WNW of Kamiiso, Japan",earthquake,,14.3,,4,reviewed,us,us
1993-07-21T22:08:45.080Z,-5.947,146.924,113.3,4.7,mb,,,,1.3,us,usp0005x4h,2014-11-07T00:53:32.459Z,"86 km N of Lae, Papua New Guinea",earthquake,,13.7,,3,reviewed,us,us
1993-07-21T22:06:29.750Z,13.349,-90.771,10,5.6,mw,,,,1.1,us,usp0005x4g,2022-04-28T18:07:47.405Z,"64 km S of Puerto San José, Guatemala",earthquake,,,,,reviewed,us,hrv
1993-07-21T21:37:35.010Z,22.252,121.228,42.7,4.5,mb,,,,1,us,usp0005x4f,2014-11-07T00:53:32.428Z,"56 km ENE of Hengchun, Taiwan",earthquake,,9.3,,16,reviewed,us,us
1993-07-21T20:16:17.170Z,-19.357,-173.486,33,4.6,mb,,,,1.3,us,usp0005x4b,2014-11-07T00:53:32.422Z,"94 km SE of Neiafu, Tonga",earthquake,,,,8,reviewed,us,us
1993-07-21T20:02:26.380Z,37.758,-3.578,10,2.9,mblg,,,,0.4,us,usp0005x4a,2014-11-07T00:53:32.420Z,"4 km SE of Mancha Real, Spain",earthquake,,,,,reviewed,us,mdd
1993-07-21T19:56:11.130Z,37.807,-3.59,10,2.5,mblg,,,,1.3,us,usp0005x48,2014-11-07T00:53:32.417Z,"3 km NE of Mancha Real, Spain",earthquake,,,,,reviewed,us,mdd
1993-07-21T19:48:29.370Z,43.317,139.537,10,4.5,mb,,,,1.6,us,usp0005x47,2014-11-07T00:53:32.416Z,"87 km WNW of Iwanai, Japan",earthquake,,,,3,reviewed,us,us
1993-07-21T19:38:49.850Z,-48.706,125.937,10,4.9,mb,,,,1.2,us,usp0005x45,2014-11-07T00:53:32.411Z,"western Indian-Antarctic Ridge",earthquake,,,,12,reviewed,us,us
1993-07-21T18:28:11.440Z,-7.359,129.103,53.5,4.9,mb,,,,1.1,us,usp0005x43,2014-11-07T00:53:32.406Z,"265 km ENE of Lospalos, Timor Leste",earthquake,,17.6,,15,reviewed,us,us
1993-07-21T16:36:59.510Z,40.225,-124.1036667,12.247,3.01,md,17,108,0.06757,0.13,nc,nc368612,2016-12-20T15:20:47.660Z,"18 km SW of Weott, California",earthquake,0.39,0.52,0.13,35,reviewed,nc,nc
1993-07-21T16:10:20.410Z,60.5763,-145.4722,11.5,2.5,ml,,,,0.25,ak,ak9939ac5861,2020-09-14T20:06:08.715Z,"16 km ENE of Cordova, Alaska",earthquake,,0.7,,,reviewed,ak,ak
1993-07-21T15:09:53.850Z,0.096,98.463,33,4.3,mb,,,,0.8,us,usp0005x3w,2014-11-07T00:53:32.393Z,"168 km SSW of Padangsidempuan, Indonesia",earthquake,,,,4,reviewed,us,us
1993-07-21T15:07:41.270Z,39.491,29.859,10,2.6,ml,,,,0.3,us,usp0005x3v,2014-11-07T00:53:32.392Z,"13 km NW of Kütahya, Turkey",earthquake,,,,,reviewed,us,isk
1993-07-21T14:22:28.210Z,18.598,119.522,10,4.6,mb,,,,1.2,us,usp0005x3u,2014-11-07T00:53:32.390Z,"112 km W of Davila, Philippines",earthquake,,,,1,reviewed,us,us
1993-07-21T14:00:46.820Z,-26.376,27.319,5,2.6,ml,,,,0.7,us,usp0005x3t,2014-11-07T00:53:32.388Z,"8 km WSW of Carletonville, South Africa",earthquake,,,,,reviewed,us,pre
1993-07-21T13:39:14.390Z,60.28,-152.9282,102.3,2.5,ml,,,,0.29,ak,ak9939aaj4nj,2020-09-14T20:06:09.078Z,"74 km WNW of Ninilchik, Alaska",earthquake,,1.8,,,reviewed,ak,ak
1993-07-21T13:04:53.710Z,37.005,-3.488,10,3,mblg,,,,0.9,us,usp0005x3r,2014-11-07T00:53:32.385Z,"5 km ENE of Nigüelas, Spain",earthquake,,,,,reviewed,us,mdd
1993-07-21T13:03:10.930Z,-35.967,-97.976,10,5.7,mw,,,,1.6,us,usp0005x3q,2022-04-28T18:07:41.748Z,"West Chile Rise",earthquake,,,,,reviewed,us,hrv
1993-07-21T12:33:20.490Z,39.453,73.079,33,4.2,mb,,,,1.1,us,usp0005x3p,2014-11-07T00:53:32.375Z,"70 km E of Kyzyl-Eshme, Kyrgyzstan",earthquake,,,,10,reviewed,us,us
1993-07-21T12:10:46.820Z,62.5395,-149.548,12.5,2.6,ml,,,,0.24,ak,ak9939a9rjsa,2020-09-14T20:06:09.455Z,"30 km ENE of Chase, Alaska",earthquake,,0.5,,,reviewed,ak,ak
1993-07-21T11:05:14.820Z,-7.207,128.685,107.5,4.8,mb,,,,1.4,us,usp0005x3g,2014-11-07T00:53:32.363Z,"236 km NE of Lospalos, Timor Leste",earthquake,,42.2,,3,reviewed,us,us
1993-07-21T10:28:17.450Z,2.4,127.572,66.5,5.3,mb,,,,1.1,us,usp0005x3e,2014-11-07T00:53:32.347Z,"88 km NNW of Tobelo, Indonesia",earthquake,,7.4,,54,reviewed,us,us
1993-07-21T10:28:13.250Z,39.635,29.413,10,2.7,ml,,,,1.3,us,usp0005x3d,2014-11-07T00:53:32.346Z,"12 km NW of Tav?anl?, Turkey",earthquake,,,,,reviewed,us,isk
1993-07-21T10:24:09.180Z,39.6931667,-111.233,10.65,2.55,md,13,77,0.3439,0.18,uu,uu50075260,2018-08-28T04:56:03.870Z,"7 km WSW of Scofield, Utah",earthquake,0.62,4.16,,5,reviewed,uu,uu
1993-07-21T09:45:39.330Z,36.382,25.254,10,3.2,md,,,,1,us,usp0005x39,2014-11-07T00:53:32.341Z,"14 km SW of Oía, Greece",earthquake,,,,,reviewed,us,ath
1993-07-21T09:31:02.100Z,39.111,27.6,10,2.7,ml,,,,0.4,us,usp0005x38,2014-11-07T00:53:32.340Z,"6 km W of K?rka?aç, Turkey",earthquake,,,,,reviewed,us,isk
1993-07-21T08:37:45.020Z,-10.576,123.157,33,4.3,mb,,,,1.6,us,usp0005x35,2014-11-07T00:53:32.336Z,"66 km SW of Kupang, Indonesia",earthquake,,,,1,reviewed,us,us
1993-07-21T08:08:26.290Z,39.095,27.761,25.4,2.8,ml,,,,0.7,us,usp0005x34,2014-11-07T00:53:32.335Z,"8 km E of K?rka?aç, Turkey",earthquake,,15.7,,,reviewed,us,isk
1993-07-21T05:46:27.690Z,-26.372,27.317,5,3.1,ml,,,,0.8,us,usp0005x31,2014-11-07T00:53:32.331Z,"8 km W of Carletonville, South Africa",earthquake,,,,,reviewed,us,pre
1993-07-21T04:30:28.710Z,36.114,-117.694,-0.158,2.62,mc,0,243.3,,0.179,ci,ci3114265,2016-02-11T00:08:59.504Z,"24km ENE of Coso Junction, California",earthquake,,0.423,,17,reviewed,ci,ci
1993-07-21T04:25:12.110Z,42.705,1.038,10,3.1,ml,,,,0.8,us,usp0005x2y,2014-11-07T00:53:32.325Z,"14 km NNW of Espot, Spain",earthquake,,,,,reviewed,us,ldg
1993-07-21T02:23:12.610Z,37.771,-3.597,10,2.7,mblg,,,,0.3,us,usp0005x2u,2014-11-07T00:53:32.320Z,"2 km SE of Mancha Real, Spain",earthquake,,,,,reviewed,us,mdd
1993-07-21T01:59:17.530Z,45.516,6.635,11.8,3.3,ml,,,,1,us,usp0005x2t,2014-11-07T00:53:32.312Z,"4 km SSW of Mâcot-la-Plagne, France",earthquake,,2,,,reviewed,us,ldg
1993-07-21T01:21:57.780Z,37.144,36.868,34,4.2,mb,,,,0.9,us,usp0005x2r,2014-11-07T00:53:32.307Z,"12 km ESE of Nurda??, Turkey",earthquake,,7.6,,12,reviewed,us,us
1993-07-21T01:20:58.050Z,40.693,34.841,5,3.1,m,,,,1,us,usp0005x2q,2014-11-07T00:53:32.305Z,"9 km SSW of Laçin, Turkey",earthquake,,,,,reviewed,us,dda
1993-07-21T00:33:38.240Z,16.017,-60.864,31.1,3.1,ml,,,,0.2,us,usp0005x2m,2014-11-07T00:53:32.299Z,"Leeward Islands",earthquake,,4.9,,,reviewed,us,fdf
1993-07-21T00:30:16.920Z,-0.087,-16.71,10,5.5,mb,,,,0.9,us,usp0005x2k,2022-04-28T18:07:40.839Z,"north of Ascension Island",earthquake,,,,87,reviewed,us,us
1993-07-21T00:23:09.700Z,36.12,-117.69,-0.398,3.55,ml,0,224.4,0.1121,0.174,ci,ci3114255,2016-02-11T00:08:55.762Z,"25km ENE of Coso Junction, California",earthquake,,0.347,,48,reviewed,ci,ci
1993-07-21T00:21:29.530Z,36.118,-117.689,-0.608,3.2,mc,0,224.2,0.1109,0.177,ci,ci3114279,2016-02-10T02:45:04.670Z,"25km ENE of Coso Junction, California",earthquake,,0.373,,40,reviewed,ci,ci
1993-07-20T22:14:59.750Z,8.21,127.01,33,4.3,mb,,,,0.9,us,usp0005x2b,2014-11-07T00:53:32.263Z,"63 km E of Barcelona, Philippines",earthquake,,,,6,reviewed,us,us
1993-07-20T20:42:54.000Z,12.128,125.624,33,4.7,mb,,,,1.3,us,usp0005x27,2014-11-07T00:53:32.257Z,"13 km ESE of San Policarpo, Philippines",earthquake,,,,7,reviewed,us,us
1993-07-20T19:47:01.980Z,43.265,139.479,30.4,4.8,mb,,,,1,us,usp0005x26,2014-11-07T00:53:32.256Z,"89 km WNW of Iwanai, Japan",earthquake,,11.5,,5,reviewed,us,us
1993-07-20T18:56:22.260Z,37.5693333,-118.84,0.913,2.66,md,27,101,0.02432,0.05,nc,nc368554,2016-12-20T15:17:20.560Z,"11 km W of Aspen Springs, California",earthquake,0.28,0.46,0.19,35,reviewed,nc,nc
1993-07-20T18:34:17.940Z,39.682,28.988,10,2.8,ml,,,,1.2,us,usp0005x24,2014-11-07T00:53:32.253Z,"11 km SE of Yenice, Turkey",earthquake,,,,,reviewed,us,isk
1993-07-20T17:24:10.340Z,40.3021667,-124.4068333,8.666,2.69,md,12,244,0.09369,0.02,nc,nc368572,2016-12-20T15:16:53.919Z,"32 km SSW of Ferndale, California",earthquake,0.69,0.33,0.1,15,reviewed,nc,nc
1993-07-20T17:23:54.670Z,33.921,-116.882,10.178,3.09,ml,0,26.6,,0.143,ci,ci3114186,2016-02-10T13:22:31.861Z,"1km SW of Banning, California",earthquake,,0.194,,39,reviewed,ci,ci
1993-07-20T17:22:44.680Z,40.2938333,-124.4156667,7.986,3.67,md,26,241,0.09459,0.1,nc,nc368550,2016-12-20T15:16:50.064Z,"33 km SSW of Ferndale, California",earthquake,0.79,0.3,0.16,66,reviewed,nc,nc
1993-07-20T16:50:44.840Z,-52.917,27.174,10,5.2,ms,,,,1.2,us,usp0005x20,2014-11-07T00:53:32.244Z,"south of Africa",earthquake,,,,2,reviewed,us,us
1993-07-20T15:27:09.800Z,-22.96,-177.57,301.1,4,mb,,,,1,us,usp0005x1w,2014-11-07T00:53:32.237Z,"south of the Fiji Islands",earthquake,,27.8,,5,reviewed,us,us
1993-07-20T15:25:01.780Z,39.946,28.138,10,2.9,ml,,,,0.1,us,usp0005x1v,2014-11-07T00:53:32.236Z,"3 km NNW of Susurluk, Turkey",earthquake,,,,,reviewed,us,isk
1993-07-20T14:56:12.440Z,39.672,29.468,10,2.8,ml,,,,0.3,us,usp0005x1s,2014-11-07T00:53:32.233Z,"14 km N of Tav?anl?, Turkey",earthquake,,,,,reviewed,us,isk
1993-07-20T14:44:28.410Z,39.258,27.785,10,2.8,ml,,,,0.9,us,usp0005x1q,2014-11-07T00:53:32.230Z,"17 km ENE of Soma, Turkey",earthquake,,,,,reviewed,us,isk
1993-07-20T14:21:26.750Z,36.265,-13.728,10,4.3,mb,,,,1.1,us,usp0005x1p,2014-11-07T00:53:32.221Z,"Azores-Cape St. Vincent Ridge",earthquake,,,,14,reviewed,us,us
1993-07-20T13:44:45.240Z,43.112,140.4,33,4.2,mb,,,,1.6,us,usp0005x1n,2014-11-07T00:53:32.220Z,"17 km NNW of Iwanai, Japan",earthquake,,,,3,reviewed,us,us
1993-07-20T13:26:04.640Z,27.374,139.99,465.4,5.3,mw,,,,1,us,usp0005x1k,2025-12-19T22:52:41.106Z,"Bonin Islands, Japan region",earthquake,,,,,reviewed,us,hrv
1993-07-20T13:19:30.330Z,59.6727,-152.9632,96.4,2.9,ml,,,,0.21,ak,ak99398mvj2h,2020-09-14T20:06:13.016Z,"64 km W of Anchor Point, Alaska",earthquake,,1.4,,,reviewed,ak,ak
1993-07-20T11:58:04.660Z,37.2566667,-121.6425,4.398,3.12,md,102,49,0.02523,0.05,nc,nc368528,2016-12-20T15:16:00.520Z,"14 km N of Morgan Hill, California",earthquake,0.08,0.23,0.11,102,reviewed,nc,nc
1993-07-20T11:50:01.070Z,39.301,27.775,10,2.7,ml,,,,0.7,us,usp0005x1b,2014-11-07T00:53:32.169Z,"13 km SE of Sava?tepe, Turkey",earthquake,,,,,reviewed,us,isk
1993-07-20T11:24:34.830Z,44.221,8.263,5,2.6,ml,,,,0.7,us,usp0005x16,2014-11-07T00:53:32.160Z,"0 km SSE of Rialto, Italy",earthquake,,,,,reviewed,us,ldg
1993-07-20T11:23:45.160Z,44.203,8.349,5,3.3,ml,,,,0.7,us,usp0005x15,2014-11-07T00:53:32.157Z,"2 km SE of Feglino, Italy",earthquake,,,,,reviewed,us,gen
1993-07-20T11:18:09.690Z,39.662,29.497,10,2.8,ml,,,,1,us,usp0005x14,2014-11-07T00:53:32.156Z,"13 km N of Tav?anl?, Turkey",earthquake,,,,,reviewed,us,isk
1993-07-20T11:03:46.190Z,-16.565,-173.305,33,5,mb,,,,1.4,us,usp0005x13,2014-11-07T00:53:32.153Z,"85 km SE of Hihifo, Tonga",earthquake,,,,5,reviewed,us,us
1993-07-20T10:24:43.440Z,-20.231,173.001,33,4.1,mb,,,,0.7,us,usp0005x12,2014-11-07T00:53:32.152Z,"Vanuatu region",earthquake,,,,3,reviewed,us,us
1993-07-20T09:48:15.430Z,41.171,28.47,10,2.7,ml,,,,0.9,us,usp0005x0z,2014-11-07T00:53:32.148Z,"3 km NNE of Çatalca, Turkey",earthquake,,,,,reviewed,us,isk
1993-07-20T09:48:09.200Z,44.261,8.242,5,2.5,ml,,,,0.4,us,usp0005x0y,2014-11-07T00:53:32.147Z,"2 km SSE of Bormida, Italy",earthquake,,,,,reviewed,us,gen
1993-07-20T09:33:24.010Z,-20.566,-177.661,500,4.1,mb,,,,1.3,us,usp0005x0x,2014-11-07T00:53:32.145Z,"262 km WNW of Haveluloto, Tonga",earthquake,,,,5,reviewed,us,us
1993-07-20T09:25:31.390Z,46.112,153.139,33,4.7,mb,,,,1.6,us,usp0005x0w,2014-11-07T00:53:32.143Z,"Kuril Islands",earthquake,,,,7,reviewed,us,us
1993-07-20T09:24:49.990Z,16.152,-61.104,23.2,3.1,ml,,,,0.7,us,usp0005x0v,2014-11-07T00:53:32.141Z,"17 km S of Beauséjour, Guadeloupe",earthquake,,7.9,,,reviewed,us,fdf
1993-07-20T09:10:01.500Z,39.14,27.632,10,2.8,ml,,,,0.3,us,usp0005x0u,2014-11-07T00:53:32.140Z,"4 km NW of K?rka?aç, Turkey",earthquake,,,,,reviewed,us,isk
1993-07-20T08:58:58.780Z,39.275,27.724,10,2.7,ml,,,,0.3,us,usp0005x0s,2014-11-07T00:53:32.138Z,"13 km SSE of Sava?tepe, Turkey",earthquake,,,,,reviewed,us,isk
1993-07-20T08:40:35.750Z,43.029,139.145,33,3.9,mb,,,,0.5,us,usp0005x0q,2014-11-07T00:53:32.134Z,"111 km W of Iwanai, Japan",earthquake,,,,3,reviewed,us,us
1993-07-20T07:59:55.300Z,63.9622,-148.9108,128.9,3,ml,,,,0.13,ak,ak99398jjk0a,2020-09-14T20:06:14.056Z,"11 km ESE of Ferry, Alaska",earthquake,,1.8,,,reviewed,ak,ak
1993-07-20T07:56:01.670Z,-38.542,175.759,199.7,3.7,mb,,,,0.4,us,usp0005x0m,2014-11-07T00:53:32.124Z,"32 km WNW of Taupo, New Zealand",earthquake,,6.1,,1,reviewed,us,us
1993-07-20T07:54:27.260Z,-16.643,-173.109,33.3,5.3,ms,,,,1.2,us,usp0005x0k,2014-11-07T00:53:32.117Z,"105 km SE of Hihifo, Tonga",earthquake,,,,2,reviewed,us,us
1993-07-20T07:54:14.650Z,-33.234,-72.297,10,3.9,md,,,,0.4,us,usp0005x0j,2014-11-07T00:53:32.115Z,"66 km WSW of Valparaíso, Chile",earthquake,,,,,reviewed,us,san
1993-07-20T07:48:41.590Z,-31.754,-68.822,122.7,4.4,md,,,,0.8,us,usp0005x0h,2014-11-07T00:53:32.112Z,"23 km WSW of Pocito, Argentina",earthquake,,10.3,,,reviewed,us,san
1993-07-20T07:38:19.460Z,-16.807,-172.595,30.5,5.8,mw,,,,1.4,us,usp0005x0g,2022-04-28T18:07:39.944Z,"159 km SE of Hihifo, Tonga",earthquake,,,,,reviewed,us,hrv
1993-07-20T07:08:02.790Z,44.321,142.041,17.8,5,mb,,,,1.2,us,usp0005x0d,2022-04-28T18:07:38.633Z,"33 km W of Nayoro, Japan",earthquake,,,,55,reviewed,us,us
1993-07-20T06:21:59.820Z,40.43,29.001,10,3.1,ml,,,,0.6,us,usp0005x0b,2014-11-07T00:53:32.053Z,"9 km WSW of Küçükkumla, Turkey",earthquake,,,,,reviewed,us,isk
1993-07-20T06:19:32.810Z,42.055,18.914,5,3.1,md,,,,0.6,us,usp0005x09,2014-11-07T00:53:32.048Z,"14 km SW of Sutomore, Montenegro",earthquake,,,,,reviewed,us,ttg
1993-07-20T06:10:37.620Z,44.221,8.35,5,3.1,ml,,,,0.8,us,usp0005x07,2014-11-07T00:53:32.044Z,"1 km SW of Vezzi Portio, Italy",earthquake,,,,,reviewed,us,ldg
1993-07-20T03:57:03.030Z,38.7626667,-112.064,10.61,3.18,md,21,68,0.2028,0.29,uu,uu50075235,2018-08-28T04:56:01.200Z,"2 km ESE of Richfield, Utah",earthquake,0.65,1.09,,18,reviewed,uu,uu
1993-07-20T03:40:28.030Z,-20.813,-177.814,462.5,4.6,mb,,,,1.2,us,usp0005x04,2014-11-07T00:53:32.033Z,"273 km W of Haveluloto, Tonga",earthquake,,13.5,,7,reviewed,us,us
1993-07-20T03:18:16.190Z,39.531,28.312,10,2.7,ml,,,,0.4,us,usp0005x03,2014-11-07T00:53:32.032Z,"21 km NE of Bigadiç, Turkey",earthquake,,,,,reviewed,us,isk
1993-07-20T03:09:13.630Z,63.552,-150.6847,30,3.9,ml,,,,0.31,ak,ak99398gv0kj,2020-09-14T20:06:14.818Z,"51 km E of Denali National Park, Alaska",earthquake,,2.5,,,reviewed,ak,ak
1993-07-20T02:17:09.040Z,42.735,145.713,33,4.2,mb,,,,1.5,us,usp0005x00,2014-11-07T00:53:32.022Z,"66 km S of Nemuro, Japan",earthquake,,,,3,reviewed,us,us
1993-07-20T01:32:02.220Z,39.467,28.281,10,2.7,ml,,,,0.3,us,usp0005wzz,2014-11-07T00:53:32.021Z,"15 km ENE of Bigadiç, Turkey",earthquake,,,,,reviewed,us,isk
1993-07-20T01:19:26.330Z,-15.796,-178.265,350,4.6,mb,,,,1.3,us,usp0005wzy,2014-11-07T00:53:32.018Z,"165 km S of Alo, Wallis and Futuna",earthquake,,,,4,reviewed,us,us
1993-07-20T01:06:41.720Z,38.8246667,-122.8056667,2.578,2.63,md,34,34,0.01892,0.06,nc,nc368469,2016-12-20T15:14:19.880Z,"7 km W of Cobb, California",earthquake,0.16,0.37,0.08,28,reviewed,nc,nc
1993-07-20T00:42:56.540Z,60.3457,-152.2788,80.7,4.5,mb,,,,0.29,ak,ak99398f9vp2,2020-09-14T20:06:15.573Z,"47 km NW of Ninilchik, Alaska",earthquake,,0.9,,,reviewed,ak,ak
1993-07-20T00:26:34.760Z,39.355,28.803,10,2.7,ml,,,,0.6,us,usp0005wzs,2014-11-07T00:53:32.002Z,"29 km SSE of Dursunbey, Turkey",earthquake,,,,,reviewed,us,isk
1993-07-19T23:25:05.700Z,44.257,8.235,5,2.6,ml,,,,0.7,us,usp0005wzr,2014-11-07T00:53:32.000Z,"2 km S of Bormida, Italy",earthquake,,,,,reviewed,us,gen
1993-07-19T23:23:54.970Z,41.883,139.145,29.1,4.2,mb,,,,1.4,us,usp0005wzq,2014-11-07T00:53:31.998Z,"124 km W of Kamiiso, Japan",earthquake,,10.4,,4,reviewed,us,us
1993-07-19T23:19:35.240Z,40.806,30.06,10,2.7,ml,,,,0.6,us,usp0005wzp,2014-11-07T00:53:31.997Z,"8 km NNE of Köseköy, Turkey",earthquake,,,,,reviewed,us,isk
1993-07-19T19:35:04.350Z,34.465,141.339,46,5.2,mb,,,,1.1,us,usp0005wze,2022-04-28T18:07:36.967Z,"120 km SE of Katsuura, Japan",earthquake,,,,60,reviewed,us,us
1993-07-19T19:31:45.380Z,-55.945,-27.569,33,5.2,mb,,,,1.1,us,usp0005wzd,2014-11-07T00:53:31.965Z,"South Sandwich Islands region",earthquake,,,,5,reviewed,us,us
1993-07-19T19:18:38.730Z,43.122,139.148,18.6,5,mb,,,,1,us,usp0005wzb,2014-11-07T00:53:31.943Z,"112 km W of Iwanai, Japan",earthquake,,,,78,reviewed,us,us
1993-07-19T18:26:08.290Z,51.211,15.819,10,3.2,ml,,,,1,us,usp0005wz9,2014-11-07T00:53:31.939Z,"1 km ENE of Olszanica, Poland",earthquake,,,,,reviewed,us,grf
1993-07-19T17:19:32.160Z,63.263,-151.0452,10.3,3,ml,,,,0.29,ak,ak993971px4w,2020-09-14T20:06:17.041Z,"45 km SE of Denali National Park, Alaska",earthquake,,0.7,,,reviewed,ak,ak
1993-07-19T16:00:45.550Z,38.8316667,-122.7993333,1.308,2.74,md,26,46,0.02432,0.03,nc,nc368446,2016-12-20T15:13:01.480Z,"6 km W of Cobb, California",earthquake,0.15,0.36,0.15,29,reviewed,nc,nc
1993-07-19T15:11:25.360Z,18.399,-100.348,56,4.9,mb,,,,1.1,us,usp0005wz6,2014-11-07T00:53:31.923Z,"4 km W of San Antonio del Rosario, Mexico",earthquake,,16.9,,52,reviewed,us,us
1993-07-19T15:10:08.550Z,36.351,137.736,10,4.5,ms,,,,1.3,us,usp0005wz5,2014-11-07T00:53:31.918Z,"13 km W of Hotaka, Japan",earthquake,,,,3,reviewed,us,us
1993-07-19T14:37:12.380Z,39.576,28.356,7.5,3.1,ml,,,,0.7,us,usp0005wz3,2014-11-07T00:53:31.916Z,"21 km SE of Kepsut, Turkey",earthquake,,3.8,,,reviewed,us,isk
1993-07-19T14:32:47.630Z,39.54,28.257,10,3.6,ml,,,,0.7,us,usp0005wz2,2014-11-07T00:53:31.914Z,"18 km SSE of Kepsut, Turkey",earthquake,,,,,reviewed,us,isk
1993-07-19T14:21:00.620Z,29.41,141.076,79.8,4.5,mb,,,,1,us,usp0005wz1,2014-11-07T00:53:31.910Z,"Izu Islands, Japan region",earthquake,,,,7,reviewed,us,us
1993-07-19T14:02:22.640Z,5.934,125.934,260.9,4,mb,,,,1.5,us,usp0005wyz,2014-11-07T00:53:31.907Z,"28 km ESE of Mangili, Philippines",earthquake,,17.2,,2,reviewed,us,us
1993-07-19T13:43:37.840Z,39.691,29.447,10,2.7,ml,,,,1.1,us,usp0005wyy,2014-11-07T00:53:31.906Z,"17 km NNW of Tav?anl?, Turkey",earthquake,,,,,reviewed,us,isk
1993-07-19T13:40:16.470Z,-24.09,-179.729,500,5.3,mb,,,,1,us,usp0005wyx,2014-11-07T00:53:31.891Z,"south of the Fiji Islands",earthquake,,,,51,reviewed,us,us
1993-07-19T13:19:48.070Z,18.146,-76.688,10,3.2,md,,,,0.1,us,usp0005wyw,2014-11-07T00:53:31.889Z,"10 km SSW of Buff Bay, Jamaica",earthquake,,,,,reviewed,us,hoj
1993-07-19T12:41:29.550Z,36.321,137.749,10,4.2,ms,,,,1.2,us,usp0005wyu,2014-11-07T00:53:31.884Z,"12 km W of Hotaka, Japan",earthquake,,,,1,reviewed,us,us
1993-07-19T12:32:16.420Z,37.6626667,-119.7768333,38.443,2.68,md,27,85,0.236,0.13,nc,nc368421,2016-12-20T15:12:25.487Z,"1 km SSE of El Portal, California",earthquake,0.52,1.61,0.23,30,reviewed,nc,nc
1993-07-19T12:18:40.510Z,44.197,8.352,5,2.8,ml,,,,0.7,us,usp0005wyq,2014-11-07T00:53:31.876Z,"3 km NNE of Finale Ligure, Italy",earthquake,,,,,reviewed,us,ldg
1993-07-19T11:56:06.830Z,39.21,28.042,5,3.2,ml,,,,0.4,us,usp0005wym,2014-11-07T00:53:31.872Z,"12 km WSW of S?nd?rg?, Turkey",earthquake,,,,,reviewed,us,isk
1993-07-19T11:45:09.800Z,37.82,-3.66,10,2.5,mblg,,,,0.3,us,usp0005wyk,2014-11-07T00:53:31.871Z,"5 km NW of Mancha Real, Spain",earthquake,,,,,reviewed,us,mdd
1993-07-19T11:37:09.090Z,38.816,28.58,10,2.7,ml,,,,1,us,usp0005wyj,2014-11-07T00:53:31.870Z,"16 km ENE of Köprüba??, Turkey",earthquake,,,,,reviewed,us,isk
1993-07-19T11:18:11.760Z,27.955,99.541,33,3.8,ml,,,,1.3,us,usp0005wyh,2014-11-07T00:53:31.868Z,"21 km NW of Shangri-La, China",earthquake,,,,,reviewed,us,bji
1993-07-19T09:58:49.280Z,55.136,-161.726,50,3.4,ml,,,,1.2,us,usp0005wye,2014-11-07T00:53:31.863Z,"38 km ENE of King Cove, Alaska",earthquake,,,,,reviewed,us,pmr
1993-07-19T09:51:51.440Z,40.489,23.629,10,2.9,ml,,,,0.8,us,usp0005wyd,2014-11-07T00:53:31.861Z,"1 km W of Palaiochóri, Greece",earthquake,,,,,reviewed,us,the
1993-07-19T08:53:46.930Z,27.24,35.029,10,4,md,,,,0.4,us,usp0005wyb,2014-11-07T00:53:31.858Z,"66 km W of Duba, Saudi Arabia",earthquake,,,,,reviewed,us,ryd
1993-07-19T08:43:34.910Z,-33.232,-72.179,10,3.7,md,,,,0.5,us,usp0005wy9,2014-11-07T00:53:31.855Z,"55 km WSW of Valparaíso, Chile",earthquake,,,,,reviewed,us,san
1993-07-19T08:36:47.600Z,34.541,23.794,27.3,4.4,mb,,,,1.4,us,usp0005wy8,2014-11-07T00:53:31.848Z,"42 km SW of Kastrí, Greece",earthquake,,11.8,,11,reviewed,us,us
1993-07-19T08:25:05.030Z,42.285,142.4,33,4.3,mb,,,,1.6,us,usp0005wy7,2014-11-07T00:53:31.847Z,"6 km SSE of Shizunai-furukawach?, Japan",earthquake,,,,3,reviewed,us,us
1993-07-19T08:21:25.530Z,37.497,-4.456,10,2.8,mblg,,,,0.1,us,usp0005wy6,2014-11-07T00:53:31.846Z,"2 km NNW of Cabra, Spain",earthquake,,,,,reviewed,us,mdd
1993-07-19T07:04:35.010Z,34.138,-116.604,0.492,2.6,mc,0,33.3,,0.162,ci,ci3114038,2016-02-10T06:18:48.445Z,"10km NNW of Morongo Valley, California",earthquake,,0.214,,152,reviewed,ci,ci
1993-07-19T06:59:53.930Z,40.2941667,-124.5913333,22.476,2.53,md,17,271,0.2216,0.05,nc,nc368402,2016-12-20T15:11:34.672Z,"41 km SW of Ferndale, California",earthquake,1.48,0.69,0.13,16,reviewed,nc,nc
1993-07-19T05:46:21.430Z,9.592,126.459,33,4.3,mb,,,,1.5,us,usp0005wy2,2014-11-07T00:53:31.838Z,"42 km ESE of Union, Philippines",earthquake,,,,9,reviewed,us,us
1993-07-19T05:25:20.460Z,15.713,-60.964,10,2.5,m,,,,0.4,us,usp0005wy1,2014-11-07T00:53:31.836Z,"39 km ENE of Marigot, Dominica",earthquake,,,,,reviewed,us,fdf
1993-07-19T04:47:08.120Z,-34.537,-70.521,120,3.7,md,,,,0.1,us,usp0005wy0,2014-11-07T00:53:31.834Z,"34 km ESE of Rengo, Chile",earthquake,,,,,reviewed,us,san
1993-07-19T03:08:54.490Z,40.283,-124.3898333,21.316,2.69,md,26,229,0.07207,0.09,nc,nc368392,2016-12-20T15:10:54.330Z,"33 km SW of Scotia, California",earthquake,0.87,0.27,0.12,28,reviewed,nc,nc
1993-07-19T02:46:44.220Z,59.97,-138.9883,15,2.8,ml,,,,0.1,ak,ak99396sy8bq,2020-09-14T20:06:20.378Z,"62 km NE of Yakutat, Alaska",earthquake,,40.6,,,reviewed,ak,ak
1993-07-19T01:57:43.470Z,36.512,27.476,10,3.5,ml,,,,1.3,us,usp0005wxu,2014-11-07T00:53:31.826Z,"31 km SW of Datça, Turkey",earthquake,,,,,reviewed,us,css
1993-07-19T00:27:25.400Z,-19.833,-70.163,90.6,4.3,mb,,,,1.4,us,usp0005wxt,2014-11-07T00:53:31.825Z,"42 km N of Iquique, Chile",earthquake,,19.3,,1,reviewed,us,us
1993-07-18T23:25:47.170Z,-21.969,170.078,19,4.6,mb,,,,1.4,us,usp0005wxn,2014-11-07T00:53:31.816Z,"232 km E of Tadine, New Caledonia",earthquake,,,,4,reviewed,us,us
1993-07-18T23:08:35.430Z,37.9238333,-120.2658333,19.548,2.83,md,20,94,0.1865,0.11,nc,nc368377,2016-12-20T15:10:26.431Z,"4 km SSW of Tuolumne City, California",earthquake,0.3,1.05,0.09,27,reviewed,nc,nc
1993-07-18T22:52:35.520Z,37.764,-3.565,10,2.9,mblg,,,,0.9,us,usp0005wxk,2014-11-07T00:53:31.813Z,"4 km ESE of Mancha Real, Spain",earthquake,,,,,reviewed,us,mdd
1993-07-18T22:29:42.590Z,37.788,-3.534,5,2.5,mblg,,,,0.1,us,usp0005wxj,2014-11-07T00:53:31.812Z,"2 km W of Torres, Spain",earthquake,,,,,reviewed,us,mdd
1993-07-18T22:02:38.170Z,-33.251,-72.013,15.5,3.8,md,,,,0.4,us,usp0005wxh,2014-11-07T00:53:31.810Z,"42 km WSW of Valparaíso, Chile",earthquake,,11.1,,,reviewed,us,san
1993-07-18T21:54:24.800Z,58.4305,-153.8208,66.6,2.8,ml,,,,0.19,ak,ak99395grsk0,2020-09-14T20:06:21.839Z,"67 km NW of Aleneva, Alaska",earthquake,,2.3,,,reviewed,ak,ak
1993-07-18T21:08:06.410Z,-31.463,-69.545,120,4,md,,,,0.8,us,usp0005wxd,2014-11-07T00:53:31.801Z,"18 km SW of Calingasta, Argentina",earthquake,,,,,reviewed,us,san
1993-07-18T20:48:31.100Z,34.137,-116.603,0.572,2.65,ml,0,33.9,,0.18,ci,ci3113999,2016-02-10T02:44:44.978Z,"10km NNW of Morongo Valley, California",earthquake,,0.222,,20,reviewed,ci,ci
1993-07-18T20:45:51.340Z,13.134,143.194,217.6,4.5,mb,,,,0.6,us,usp0005wxb,2014-11-07T00:53:31.796Z,"160 km W of Umatac Village, Guam",earthquake,,12,,5,reviewed,us,us
1993-07-18T19:12:56.890Z,-26.408,27.455,5,2.6,ml,,,,1.1,us,usp0005wx6,2014-11-07T00:53:31.786Z,"7 km SE of Carletonville, South Africa",earthquake,,,,,reviewed,us,pre
1993-07-18T18:55:26.880Z,19.445,-66.194,33,3.9,mb,,,,1.1,us,usp0005wx5,2014-11-07T00:53:31.785Z,"108 km N of San Juan, Puerto Rico",earthquake,,,,1,reviewed,us,us
1993-07-18T18:16:39.280Z,-36.206,178.146,233.9,3.9,mb,,,,0.8,us,usp0005wx3,2014-11-07T00:53:31.782Z,"214 km NNE of Opotiki, New Zealand",earthquake,,34.3,,1,reviewed,us,us
1993-07-18T17:59:40.380Z,7.159,127.186,33,4.5,mb,,,,1.2,us,usp0005wx2,2014-11-07T00:53:31.780Z,"69 km ESE of Santiago, Philippines",earthquake,,,,3,reviewed,us,us
1993-07-18T17:22:16.360Z,40.0811667,-122.5713333,21.009,3.15,md,20,76,0.06306,0.17,nc,nc368340,2016-12-20T15:09:53.860Z,"16 km WNW of Rancho Tehama Reserve, California",earthquake,0.37,0.25,0.1,69,reviewed,nc,nc
1993-07-18T16:39:23.400Z,40.348,29.457,10,2.7,ml,,,,1,us,usp0005wwy,2014-11-07T00:53:31.774Z,"4 km SSW of Narl?ca, Turkey",earthquake,,,,,reviewed,us,isk
1993-07-18T16:29:12.210Z,40.729,31.723,10,3.1,m,,,,0.5,us,usp0005www,2014-11-07T00:53:31.772Z,"9 km E of Bolu, Turkey",earthquake,,,,,reviewed,us,dda
1993-07-18T15:32:27.600Z,35.374,-2.466,10,3.1,mblg,,,,0.8,us,usp0005wwv,2014-11-07T00:53:31.770Z,"38 km NNW of Saidia, Morocco",earthquake,,,,,reviewed,us,mdd
1993-07-18T15:10:28.120Z,40.687,30.181,5,2.6,ml,,,,0.4,us,usp0005wwu,2014-11-07T00:53:31.768Z,"7 km W of Sapanca, Turkey",earthquake,,,,,reviewed,us,isk
1993-07-18T14:53:58.830Z,6.628,-72.892,181.1,3.9,mb,,,,1,us,usp0005wws,2014-11-07T00:53:31.766Z,"10 km WSW of Molagavita, Colombia",earthquake,,22.6,,1,reviewed,us,us
1993-07-18T14:20:13.910Z,-35.288,-179.916,234.6,4.2,mb,,,,0.8,us,usp0005wwr,2014-11-07T00:53:31.765Z,"east of the North Island of New Zealand",earthquake,,36.1,,3,reviewed,us,us
1993-07-18T12:48:10.180Z,59.9473,-153.122,114.6,2.6,ml,,,,0.26,ak,ak99395bdkoq,2020-09-14T20:06:24.138Z,"57 km ENE of Pedro Bay, Alaska",earthquake,,1.4,,,reviewed,ak,ak
1993-07-18T11:55:40.160Z,39.015,27.983,10,2.8,ml,,,,0.2,us,usp0005wwm,2014-11-07T00:53:31.744Z,"16 km NE of Akhisar, Turkey",earthquake,,,,,reviewed,us,isk
1993-07-18T11:28:24.140Z,39.645,29.469,10,2.6,ml,,,,1.3,us,usp0005wwh,2014-11-07T00:53:31.739Z,"11 km NNW of Tav?anl?, Turkey",earthquake,,,,,reviewed,us,isk
1993-07-18T10:47:55.430Z,-32.208,-70.928,104.6,4,md,,,,1,us,usp0005wwf,2014-11-07T00:53:31.735Z,"39 km NE of La Ligua, Chile",earthquake,,19.7,,,reviewed,us,san
1993-07-18T10:00:12.710Z,39.091,27.914,10,2.8,ml,,,,0,us,usp0005wwe,2014-11-07T00:53:31.734Z,"20 km NNE of Akhisar, Turkey",earthquake,,,,,reviewed,us,isk
1993-07-18T07:57:44.650Z,-7.966,127.591,98.1,4.8,mb,,,,1.5,us,usp0005wwa,2014-11-07T00:53:31.728Z,"89 km NE of Lospalos, Timor Leste",earthquake,,21.6,,2,reviewed,us,us
1993-07-18T07:44:00.030Z,39.179,27.583,10,2.7,ml,,,,0.3,us,usp0005ww9,2014-11-07T00:53:31.727Z,"2 km WSW of Soma, Turkey",earthquake,,,,,reviewed,us,isk
1993-07-18T07:43:52.780Z,30.036,139.149,397.2,4.4,mb,,,,0.7,us,usp0005ww8,2014-11-07T00:53:31.724Z,"Izu Islands, Japan region",earthquake,,11.7,,18,reviewed,us,us
1993-07-18T07:33:47.640Z,-32.432,-69.965,110,3.8,md,,,,0.8,us,usp0005ww7,2014-11-07T00:53:31.721Z,"74 km NE of Los Andes, Chile",earthquake,,,,,reviewed,us,san
1993-07-18T06:28:21.270Z,34.172,26.595,23.5,3.7,mb,,,,1.4,us,usp0005ww4,2014-11-07T00:53:31.715Z,"118 km SSE of Palekastro, Greece",earthquake,,11,,10,reviewed,us,us
1993-07-18T06:01:55.810Z,63.4027,-151.1087,14.2,2.7,ml,,,,0.3,ak,ak993957izx9,2020-09-14T20:06:25.574Z,"34 km ESE of Denali National Park, Alaska",earthquake,,1.1,,,reviewed,ak,ak
1993-07-18T05:59:51.650Z,17.897,-93.024,14.1,4.5,mb,,,,1.5,us,usp0005ww1,2014-11-07T00:53:31.707Z,"0 km ESE of Pablo L. Sidar, Mexico",earthquake,,,,4,reviewed,us,us
1993-07-18T05:54:16.000Z,-32.773,-70.173,100,4.2,md,,,,0.9,us,usp0005ww0,2014-11-07T00:53:31.704Z,"40 km E of Los Andes, Chile",earthquake,,,,,reviewed,us,san
1993-07-18T05:48:19.960Z,-33.162,-72.249,10.4,3.9,md,,,,0.5,us,usp0005wvz,2014-11-07T00:53:31.702Z,"59 km WSW of Valparaíso, Chile",earthquake,,3.9,,,reviewed,us,san
1993-07-18T05:37:06.070Z,33.226,140.445,33,4.4,mb,,,,1,us,usp0005wvy,2014-11-07T00:53:31.701Z,"202 km SSE of Tateyama, Japan",earthquake,,,,4,reviewed,us,us
1993-07-18T05:28:53.050Z,-17.39,-179.04,520.5,4.6,mb,,,,1.2,us,usp0005wvx,2014-11-07T00:53:31.698Z,"189 km ENE of Levuka, Fiji",earthquake,,17.5,,8,reviewed,us,us
1993-07-18T04:59:35.480Z,-33.23,-72.247,10,3.6,md,,,,0.3,us,usp0005wvv,2014-11-07T00:53:31.695Z,"61 km WSW of Valparaíso, Chile",earthquake,,,,,reviewed,us,san
1993-07-18T04:16:24.350Z,1.561,127.082,139.6,4.7,mb,,,,0.3,us,usp0005wvr,2014-11-07T00:53:31.690Z,"91 km NNW of Ternate, Indonesia",earthquake,,14.2,,8,reviewed,us,us
1993-07-18T03:57:41.350Z,65.2033,-150.3962,15.5,2.5,ml,,,,0.28,ak,ak9939562o3b,2020-09-14T20:06:26.274Z,"25 km NNE of Manley Hot Springs, Alaska",earthquake,,2.2,,,reviewed,ak,ak
1993-07-18T03:42:28.550Z,37.226,20.986,10,3.6,mb,,,,1,us,usp0005wvn,2014-11-07T00:53:31.682Z,"53 km W of Filiatrá, Greece",earthquake,,,,3,reviewed,us,us
1993-07-18T03:33:58.280Z,15.869,-60.697,32.6,2.9,m,,,,0.3,us,usp0005wvj,2014-11-07T00:53:31.677Z,"62 km SE of Beauséjour, Guadeloupe",earthquake,,6.6,,,reviewed,us,fdf
1993-07-18T03:27:03.880Z,37.109,20.98,10,3.4,md,,,,1.2,us,usp0005wvh,2014-11-07T00:53:31.675Z,"54 km W of Filiatrá, Greece",earthquake,,,,,reviewed,us,ath
1993-07-18T02:36:30.190Z,18.034,95,33,4.1,mb,,,,1,us,usp0005wvd,2014-11-07T00:53:31.669Z,"43 km SW of Myanaung, Myanmar",earthquake,,,,1,reviewed,us,us
1993-07-18T02:13:13.980Z,15.895,-60.907,65.8,4.7,mb,,,,1,us,usp0005wvc,2014-11-07T00:53:31.663Z,"43 km E of Grand-Bourg, Guadeloupe",earthquake,,4.2,,29,reviewed,us,us
1993-07-18T01:43:34.740Z,38.673,27.362,10,2.9,ml,,,,0.4,us,usp0005wva,2014-11-07T00:53:31.661Z,"8 km NW of Manisa, Turkey",earthquake,,,,,reviewed,us,isk
1993-07-18T00:41:43.220Z,42.135,140.493,33,3.9,mb,,,,1.6,us,usp0005wv8,2014-11-07T00:53:31.657Z,"Hokkaido, Japan region",earthquake,,,,4,reviewed,us,us
1993-07-18T00:07:52.850Z,38.7955,-122.7845,0.298,2.84,md,30,62,0.01441,0.03,nc,nc368273,2016-12-20T15:07:17.100Z,"6 km WSW of Cobb, California",earthquake,0.12,0.25,0.14,33,reviewed,nc,nc
1993-07-17T23:56:36.570Z,-6.091,113.09,567.4,5.3,mw,,,,1,us,usp0005wv6,2025-12-19T22:52:39.947Z,"112 km NNE of Bangkalan, Indonesia",earthquake,,,,,reviewed,us,hrv
1993-07-17T23:43:09.270Z,14.073,-60.845,10,2.8,md,,,,0.4,us,usp0005wv5,2014-11-07T00:53:31.635Z,"11 km E of Gros Islet, Saint Lucia",earthquake,,,,,reviewed,us,trn
1993-07-17T22:57:04.560Z,42.054,139.098,33,4.1,mb,,,,1.2,us,usp0005wv3,2014-11-07T00:53:31.630Z,"130 km W of Kamiiso, Japan",earthquake,,,,6,reviewed,us,us
1993-07-17T22:26:58.880Z,37.6341667,-118.8513333,4.479,2.79,md,23,82,0.01261,0.04,nc,nc368267,2016-12-20T15:07:03.840Z,"10 km E of Mammoth Lakes, California",earthquake,0.24,0.62,0.23,30,reviewed,nc,nc
1993-07-17T21:52:27.970Z,-33.218,-72.299,10,3.9,md,,,,0.4,us,usp0005wuz,2014-11-07T00:53:31.614Z,"65 km WSW of Valparaíso, Chile",earthquake,,,,,reviewed,us,san
1993-07-17T21:37:47.410Z,-30.103,-71.7,74.2,4.8,mb,,,,1.2,us,usp0005wuy,2014-11-07T00:53:31.611Z,"38 km WSW of Coquimbo, Chile",earthquake,,11,,3,reviewed,us,us
1993-07-17T21:35:45.780Z,39.634,29.041,10,2.7,ml,,,,0.9,us,usp0005wux,2014-11-07T00:53:31.609Z,"18 km SE of Yenice, Turkey",earthquake,,,,,reviewed,us,isk
1993-07-17T20:57:57.580Z,-6.241,147.068,33,3.6,mb,,,,1.6,us,usp0005wuw,2014-11-07T00:53:31.608Z,"53 km N of Lae, Papua New Guinea",earthquake,,,,1,reviewed,us,us
1993-07-17T19:53:10.890Z,57.344,-142.915,10,3,ml,,,,0.5,us,usp0005wut,2020-09-14T20:06:28.560Z,"Gulf of Alaska",earthquake,,,,,reviewed,us,pgc
1993-07-17T19:21:27.610Z,-19.165,-178.295,500,4.7,mb,,,,1,us,usp0005wur,2014-11-07T00:53:31.599Z,"279 km ESE of Levuka, Fiji",earthquake,,,,9,reviewed,us,us
1993-07-17T19:11:07.190Z,54.75,-159.62,33,4.4,mb,,,,1.2,us,usp0005wup,2020-09-14T20:06:29.606Z,"86 km SE of Sand Point, Alaska",earthquake,,,,6,reviewed,us,us
1993-07-17T18:59:59.900Z,44.257,8.243,5,2.7,ml,,,,0.7,us,usp0005wun,2014-11-07T00:53:31.592Z,"2 km SSE of Bormida, Italy",earthquake,,,,,reviewed,us,gen
1993-07-17T18:49:58.990Z,42.036,139.196,34.2,4.6,mb,,,,1.2,us,usp0005wuk,2014-11-07T00:53:31.585Z,"122 km W of Kamiiso, Japan",earthquake,,,,23,reviewed,us,us
1993-07-17T18:49:56.820Z,44.185,8.328,5,2.9,ml,,,,0.7,us,usp0005wuj,2014-11-07T00:53:31.582Z,"2 km NW of Finale Ligure, Italy",earthquake,,,,,reviewed,us,ldg
1993-07-17T18:48:19.700Z,29.88,51.489,33,4.4,mb,,,,0.7,us,usp0005wuh,2014-11-07T00:53:31.580Z,"26 km S of N?r?b?d, Iran",earthquake,,,,10,reviewed,us,us
1993-07-17T18:28:17.850Z,42.179,139.171,33,4.2,mb,,,,0.9,us,usp0005wud,2014-11-07T00:53:31.573Z,"128 km WNW of Kamiiso, Japan",earthquake,,,,5,reviewed,us,us
1993-07-17T17:55:34.410Z,31.801,81.731,33,4.5,mb,,,,0.8,us,usp0005wu9,2014-11-07T00:53:31.567Z,"175 km NNE of Burang, China",earthquake,,,,8,reviewed,us,us
1993-07-17T17:49:24.560Z,42.811,139.222,33,4.4,mb,,,,1.1,us,usp0005wu8,2014-11-07T00:53:31.565Z,"106 km W of Iwanai, Japan",earthquake,,,,12,reviewed,us,us
1993-07-17T17:47:25.290Z,42.138,139.089,33,3.9,mb,,,,1,us,usp0005wu7,2014-11-07T00:53:31.564Z,"133 km WNW of Kamiiso, Japan",earthquake,,,,2,reviewed,us,us
1993-07-17T17:31:47.580Z,40.755,30.3,10,2.6,ml,,,,0.3,us,usp0005wu6,2014-11-07T00:53:31.562Z,"7 km NNE of Sapanca, Turkey",earthquake,,,,,reviewed,us,isk
1993-07-17T17:25:34.200Z,37.327,20.799,10,3.7,mb,,,,1.1,us,usp0005wu5,2014-11-07T00:53:31.558Z,"43 km S of Lithakiá, Greece",earthquake,,,,1,reviewed,us,us
1993-07-17T17:17:30.030Z,2.036,126.678,63,5.5,mw,,,,1.2,us,usp0005wu4,2022-04-28T18:07:35.303Z,"151 km WNW of Tobelo, Indonesia",earthquake,,5.3,,,reviewed,us,hrv
1993-07-17T16:33:20.110Z,-26.897,26.82,5,2.6,ml,,,,0.9,us,usp0005wu1,2014-11-07T00:53:31.529Z,"7 km SE of Stilfontein, South Africa",earthquake,,,,,reviewed,us,pre
1993-07-17T16:28:27.890Z,38.48,-118.334,8.4,2.7,md,,,,,us,usp0005wty,2016-02-10T20:28:26.222Z,"22 km WNW of Mina, Nevada",earthquake,,,,,reviewed,nc,gm$
1993-07-17T16:00:54.990Z,42.141,20.54,10,3,ml,,,,1.2,us,usp0005wtv,2014-11-07T00:53:31.519Z,"12 km NE of Kukës, Albania",earthquake,,,,,reviewed,us,ttg
1993-07-17T15:47:11.740Z,39.131,27.631,10,2.7,ml,,,,0.6,us,usp0005wtt,2014-11-07T00:53:31.516Z,"4 km NW of K?rka?aç, Turkey",earthquake,,,,,reviewed,us,isk
1993-07-17T15:29:34.720Z,58.303,-142.693,10,2.5,ml,,,,,us,usp0005wts,2020-09-14T20:06:30.938Z,"219 km SW of Yakutat, Alaska",earthquake,,,,,reviewed,aei,aei
1993-07-17T15:19:07.390Z,-26.425,27.443,5,3.1,ml,,,,1,us,usp0005wtr,2014-11-07T00:53:31.513Z,"8 km SSE of Carletonville, South Africa",earthquake,,,,,reviewed,us,pre
1993-07-17T15:06:06.300Z,39.107,27.607,10,2.7,ml,,,,0.7,us,usp0005wtn,2014-11-07T00:53:31.509Z,"5 km W of K?rka?aç, Turkey",earthquake,,,,,reviewed,us,isk
1993-07-17T14:39:07.610Z,37.145,141.126,46.4,4.8,mb,,,,1.2,us,usp0005wtk,2014-11-07T00:53:31.497Z,"24 km ENE of Iwaki, Japan",earthquake,,,,63,reviewed,us,us
1993-07-17T14:06:10.040Z,42.039,139.113,33,4.2,mb,,,,1.4,us,usp0005wtg,2014-11-07T00:53:31.493Z,"129 km W of Kamiiso, Japan",earthquake,,,,1,reviewed,us,us
1993-07-17T13:57:54.920Z,39.567,29.469,10,2.7,ml,,,,0.8,us,usp0005wtf,2014-11-07T00:53:31.492Z,"3 km NW of Tav?anl?, Turkey",earthquake,,,,,reviewed,us,isk
1993-07-17T13:46:28.130Z,37.762,-3.565,10,2.8,mblg,,,,1.3,us,usp0005wtd,2014-11-07T00:53:31.489Z,"4 km ESE of Mancha Real, Spain",earthquake,,,,,reviewed,us,mdd
1993-07-17T13:25:58.150Z,63.4738,-151.0427,18,2.6,ml,,,,0.32,ak,ak99393oau13,2020-09-14T20:06:31.252Z,"34 km ESE of Denali National Park, Alaska",earthquake,,0.7,,,reviewed,ak,ak
1993-07-17T13:22:00.970Z,40.471,29.272,10,2.8,ml,,,,0.4,us,usp0005wt1,2014-11-07T00:53:31.471Z,"3 km WSW of Orhangazi, Turkey",earthquake,,,,,reviewed,us,isk
1993-07-17T12:43:54.820Z,39.655,28.996,10,2.8,ml,,,,0.6,us,usp0005wsw,2014-11-07T00:53:31.464Z,"14 km SSE of Yenice, Turkey",earthquake,,,,,reviewed,us,isk
1993-07-17T12:34:45.470Z,33.07,140.825,21.9,5.2,mb,,,,1.2,us,usp0005wsu,2014-11-07T00:53:31.442Z,"229 km SSE of Tateyama, Japan",earthquake,,,,77,reviewed,us,us
1993-07-17T12:29:21.130Z,-33.29,-72.076,13.6,4.2,md,,,,0.6,us,usp0005wss,2014-11-07T00:53:31.438Z,"50 km SW of Valparaíso, Chile",earthquake,,3.8,,,reviewed,us,san
1993-07-17T12:24:29.560Z,-24.641,-179.945,500,4.4,mb,,,,1,us,usp0005wsr,2014-11-07T00:53:31.437Z,"south of the Fiji Islands",earthquake,,,,2,reviewed,us,us
1993-07-17T12:09:57.100Z,39.138,27.613,10,2.7,ml,,,,0.8,us,usp0005wsn,2014-11-07T00:53:31.432Z,"5 km S of Soma, Turkey",earthquake,,,,,reviewed,us,isk
1993-07-17T11:51:38.550Z,44.184,8.256,10.8,3.2,ml,,,,0.8,us,usp0005wsh,2014-11-07T00:53:31.424Z,"1 km SSE of Magliolo, Italy",earthquake,,2.9,,,reviewed,us,ldg
1993-07-17T11:21:27.760Z,44.251,8.227,5,2.5,ml,,,,0.6,us,usp0005ws9,2014-11-07T00:53:31.413Z,"3 km S of Bormida, Italy",earthquake,,,,,reviewed,us,ldg
1993-07-17T11:18:57.690Z,44.185,8.34,9.9,3,ml,,,,0.7,us,usp0005ws5,2014-11-07T00:53:31.406Z,"1 km N of Finale Ligure, Italy",earthquake,,3.4,,,reviewed,us,ldg
1993-07-17T11:11:29.540Z,44.255,8.225,5,2.6,ml,,,,0.5,us,usp0005ws3,2014-11-07T00:53:31.402Z,"2 km SSW of Bormida, Italy",earthquake,,,,,reviewed,us,ldg
1993-07-17T11:08:22.020Z,44.209,8.275,5,3.7,ml,,,,1,us,usp0005ws1,2014-11-07T00:53:31.391Z,"1 km WNW of Calice Ligure, Italy",earthquake,,,,,reviewed,us,gen
1993-07-17T11:03:21.260Z,39.663,29.459,10,2.7,ml,,,,0.9,us,usp0005wry,2014-11-07T00:53:31.387Z,"13 km NNW of Tav?anl?, Turkey",earthquake,,,,,reviewed,us,isk
1993-07-17T10:49:31.600Z,-33.234,-72.282,10,3.8,md,,,,0.3,us,usp0005wru,2014-11-07T00:53:31.379Z,"64 km WSW of Valparaíso, Chile",earthquake,,,,,reviewed,us,san
1993-07-17T10:48:18.560Z,44.196,8.287,5,2.9,ml,,,,0.7,us,usp0005wrt,2014-11-07T00:53:31.376Z,"1 km SW of Calice Ligure, Italy",earthquake,,,,,reviewed,us,ldg
1993-07-17T10:47:35.950Z,44.261,8.206,5,2.6,ml,,,,0.6,us,usp0005wrr,2014-11-07T00:53:31.373Z,"2 km S of Osiglia, Italy",earthquake,,,,,reviewed,us,ldg
1993-07-17T10:38:18.000Z,44.17,8.389,5,3.2,ml,,,,0.9,us,usp0005wre,2014-11-07T00:53:31.356Z,"3 km E of Finale Ligure, Italy",earthquake,,,,,reviewed,us,ldg
1993-07-17T10:34:59.100Z,44.209,8.293,5,4.5,ml,,,,1,us,usp0005wra,2014-11-07T00:53:31.339Z,"0 km NNW of Calice Ligure, Italy",earthquake,,,,,reviewed,us,gen
1993-07-17T09:59:31.220Z,44.268,8.228,5,2.8,ml,,,,0.7,us,usp0005wr7,2014-11-07T00:53:31.331Z,"1 km SSW of Bormida, Italy",earthquake,,,,,reviewed,us,gen
1993-07-17T09:46:38.370Z,51.103,15.812,10,2.8,m,,,,0.6,us,usp0005wr4,2014-11-07T00:53:31.325Z,"7 km WSW of Z?otoryja, Poland",earthquake,,,,,reviewed,us,war
1993-07-17T09:46:34.670Z,28.011,99.636,30.8,5.4,mw,,,,1,us,usp0005wr3,2022-04-28T18:07:33.616Z,"21 km NNW of Shangri-La, China",earthquake,,,,,reviewed,us,hrv
1993-07-17T09:41:55.980Z,44.263,8.228,5,2.6,ml,,,,0.6,us,usp0005wr2,2014-11-07T00:53:31.296Z,"1 km SSW of Bormida, Italy",earthquake,,,,,reviewed,us,gen
1993-07-17T09:26:40.490Z,44.255,8.245,5,2.5,ml,,,,0.7,us,usp0005wqt,2014-11-07T00:53:31.282Z,"2 km SSE of Bormida, Italy",earthquake,,,,,reviewed,us,gen
1993-07-17T09:21:54.900Z,44.26,8.202,5,2.5,ml,,,,0.8,us,usp0005wqs,2014-11-07T00:53:31.268Z,"2 km S of Osiglia, Italy",earthquake,,,,,reviewed,us,gen
1993-07-17T09:20:03.860Z,34.156,141.38,33,4.3,mb,,,,0.9,us,usp0005wqr,2014-11-07T00:53:31.249Z,"146 km SE of Katsuura, Japan",earthquake,,,,5,reviewed,us,us
1993-07-17T09:18:11.400Z,44.275,8.233,5,2.6,ml,,,,0.6,us,usp0005wqq,2014-11-07T00:53:31.247Z,"0 km S of Bormida, Italy",earthquake,,,,,reviewed,us,gen
1993-07-17T09:18:07.820Z,44.207,8.318,5,2.8,ml,,,,0.7,us,usp0005wqp,2014-11-07T00:53:31.245Z,"1 km SSW of Feglino, Italy",earthquake,,,,,reviewed,us,gen
1993-07-17T09:08:37.050Z,44.202,8.282,9.6,3.7,ml,,,,0.8,us,usp0005wqm,2014-11-07T00:53:31.240Z,"1 km WSW of Calice Ligure, Italy",earthquake,,3.1,,,reviewed,us,gen
1993-07-17T09:06:21.100Z,39.636,29.015,10,3,ml,,,,0.5,us,usp0005wqh,2014-11-07T00:53:31.235Z,"16 km SSE of Yenice, Turkey",earthquake,,,,,reviewed,us,isk
1993-07-17T09:05:25.310Z,39.244,27.748,10,2.8,ml,,,,0.5,us,usp0005wqg,2014-11-07T00:53:31.234Z,"13 km ENE of Soma, Turkey",earthquake,,,,,reviewed,us,isk
1993-07-17T09:01:32.160Z,44.512,17.174,10,2.9,ml,,,,0.8,us,usp0005wqc,2014-11-07T00:53:31.228Z,"12 km SSE of Krupa na Vrbasu, Bosnia and Herzegovina",earthquake,,,,,reviewed,us,zag
1993-07-17T08:56:49.860Z,44.207,8.207,10,3.8,ml,,,,0.8,us,usp0005wq9,2014-11-07T00:53:31.221Z,"3 km WNW of Magliolo, Italy",earthquake,,,,,reviewed,us,gen
1993-07-17T08:54:59.280Z,39.127,27.511,10,2.7,ml,,,,0.2,us,usp0005wq6,2014-11-07T00:53:31.217Z,"10 km SW of Soma, Turkey",earthquake,,,,,reviewed,us,isk
1993-07-17T08:51:32.640Z,44.216,8.24,8.2,3.4,ml,,,,0.6,us,usp0005wq3,2014-11-07T00:53:31.210Z,"2 km SW of Rialto, Italy",earthquake,,2.2,,,reviewed,us,ldg
1993-07-17T08:48:36.540Z,44.252,8.223,5,2.6,ml,,,,0.6,us,usp0005wq2,2014-11-07T00:53:31.208Z,"2 km SSW of Bormida, Italy",earthquake,,,,,reviewed,us,gen
1993-07-17T08:43:51.400Z,44.261,8.209,5,2.5,ml,,,,0.5,us,usp0005wpz,2014-11-07T00:53:31.203Z,"2 km SSE of Osiglia, Italy",earthquake,,,,,reviewed,us,gen
1993-07-17T08:43:45.030Z,44.209,8.334,5,2.9,ml,,,,0.7,us,usp0005wpy,2014-11-07T00:53:31.200Z,"1 km SE of Feglino, Italy",earthquake,,,,,reviewed,us,ldg
1993-07-17T08:33:10.820Z,39.162,27.625,10,2.6,ml,,,,0.4,us,usp0005wpw,2014-11-07T00:53:31.197Z,"2 km SSE of Soma, Turkey",earthquake,,,,,reviewed,us,isk
1993-07-17T08:17:25.020Z,44.259,8.198,5,2.6,ml,,,,0.6,us,usp0005wpt,2014-11-07T00:53:31.192Z,"2 km S of Osiglia, Italy",earthquake,,,,,reviewed,us,ldg
1993-07-17T08:14:47.210Z,44.212,8.342,5,2.7,ml,,,,0.8,us,usp0005wpr,2014-11-07T00:53:31.187Z,"1 km ESE of Feglino, Italy",earthquake,,,,,reviewed,us,ldg
1993-07-17T08:05:53.620Z,44.252,8.22,5,2.8,ml,,,,0.5,us,usp0005wph,2014-11-07T00:53:31.167Z,"3 km SSW of Bormida, Italy",earthquake,,,,,reviewed,us,gen
1993-07-17T07:54:44.370Z,44.21,8.327,9.8,3.7,ml,,,,0.5,us,usp0005wp8,2014-11-07T00:53:31.154Z,"0 km SSE of Feglino, Italy",earthquake,,3.1,,,reviewed,us,gen
1993-07-17T07:54:17.900Z,44.164,8.393,5,2.5,ml,,,,1,us,usp0005wp7,2014-11-07T00:53:31.152Z,"3 km E of Finale Ligure, Italy",earthquake,,,,,reviewed,us,ldg
1993-07-17T07:54:06.240Z,42.516,139.266,33,4,mb,,,,1.4,us,usp0005wp6,2014-11-07T00:53:31.151Z,"113 km WSW of Iwanai, Japan",earthquake,,,,3,reviewed,us,us
1993-07-17T07:48:31.840Z,39.11,27.575,10,2.6,ml,,,,0.5,us,usp0005wp4,2014-11-07T00:53:31.148Z,"8 km W of K?rka?aç, Turkey",earthquake,,,,,reviewed,us,isk
1993-07-17T07:39:15.860Z,44.207,8.263,5,3.3,ml,,,,0.9,us,usp0005wp0,2014-11-07T00:53:31.140Z,"1 km NE of Magliolo, Italy",earthquake,,,,,reviewed,us,ldg
1993-07-17T07:38:03.330Z,39.893,20.62,10,3,ml,,,,1.1,us,usp0005wnx,2014-11-07T00:53:31.134Z,"0 km NNW of Kalpáki, Greece",earthquake,,,,,reviewed,us,tir
1993-07-17T07:36:34.030Z,44.216,8.283,5,2.6,ml,,,,0.9,us,usp0005wnw,2014-11-07T00:53:31.132Z,"1 km NW of Calice Ligure, Italy",earthquake,,,,,reviewed,us,gen
1993-07-17T07:34:14.680Z,44.241,8.232,5,2.7,ml,,,,0.5,us,usp0005wnt,2014-11-07T00:53:31.127Z,"2 km NW of Rialto, Italy",earthquake,,,,,reviewed,us,ldg
1993-07-17T07:34:04.200Z,44.198,8.321,5,2.7,ml,,,,0.7,us,usp0005wns,2014-11-07T00:53:31.124Z,"2 km ESE of Calice Ligure, Italy",earthquake,,,,,reviewed,us,ldg
1993-07-17T07:25:31.330Z,-24.944,-179.665,500,4.3,mb,,,,1.1,us,usp0005wnp,2014-11-07T00:53:31.120Z,"south of the Fiji Islands",earthquake,,,,2,reviewed,us,us
1993-07-17T07:17:10.740Z,44.19,8.354,5,2.9,ml,,,,0.8,us,usp0005wne,2014-11-07T00:53:31.104Z,"2 km NNE of Finale Ligure, Italy",earthquake,,,,,reviewed,us,ldg
1993-07-17T07:16:41.490Z,38.052,21.608,10,3.1,md,,,,1.2,us,usp0005wnc,2014-11-07T00:53:31.101Z,"4 km WSW of Káto Mazaráki, Greece",earthquake,,,,,reviewed,us,ath
1993-07-17T07:15:56.460Z,-23.173,-66.476,235.1,4.4,mb,,,,1.2,us,usp0005wna,2014-11-07T00:53:31.092Z,"Jujuy, Argentina",earthquake,,,,14,reviewed,us,us
1993-07-17T07:07:33.660Z,-33.295,-72.164,10,4.1,md,,,,0.8,us,usp0005wn1,2014-11-07T00:53:31.079Z,"57 km WSW of Valparaíso, Chile",earthquake,,,,,reviewed,us,san
1993-07-17T07:06:22.110Z,44.25,8.196,5,2.7,ml,,,,0.6,us,usp0005wn0,2014-11-07T00:53:31.076Z,"3 km S of Osiglia, Italy",earthquake,,,,,reviewed,us,ldg
1993-07-17T07:05:55.830Z,50.647,156.584,66.4,4.5,mb,,,,1,us,usp0005wmz,2014-11-07T00:53:31.072Z,"32 km E of Severo-Kuril’sk, Russia",earthquake,,,,21,reviewed,us,us
1993-07-17T07:00:13.790Z,44.188,8.332,12.2,3.3,ml,,,,0.5,us,usp0005wmu,2014-11-07T00:53:31.062Z,"2 km NNW of Finale Ligure, Italy",earthquake,,2.5,,,reviewed,us,ldg
1993-07-17T06:51:26.990Z,44.252,8.22,5,2.6,ml,,,,0.5,us,usp0005wmj,2014-11-07T00:53:31.048Z,"3 km SSW of Bormida, Italy",earthquake,,,,,reviewed,us,gen
1993-07-17T06:46:50.570Z,44.174,8.34,5,2.8,ml,,,,0.8,us,usp0005wme,2014-11-07T00:53:31.040Z,"0 km NNW of Finale Ligure, Italy",earthquake,,,,,reviewed,us,ldg
1993-07-17T06:45:35.920Z,44.257,8.256,5,2.6,ml,,,,0.7,us,usp0005wmd,2014-11-07T00:53:31.038Z,"3 km SE of Bormida, Italy",earthquake,,,,,reviewed,us,ldg
1993-07-17T06:44:18.530Z,44.192,8.289,5,3.2,ml,,,,0.9,us,usp0005wmc,2014-11-07T00:53:31.034Z,"1 km SSW of Calice Ligure, Italy",earthquake,,,,,reviewed,us,ldg
1993-07-17T06:29:41.420Z,44.167,8.388,5,2.8,ml,,,,0.6,us,usp0005wkw,2014-11-07T00:53:31.010Z,"3 km E of Finale Ligure, Italy",earthquake,,,,,reviewed,us,ldg
1993-07-17T06:26:35.900Z,44.211,8.3,5,4.4,mb,,,,1,us,usp0005wkv,2014-11-07T00:53:30.998Z,"0 km NNE of Calice Ligure, Italy",earthquake,,,,1,reviewed,us,us
1993-07-17T06:25:30.040Z,44.218,8.258,5,2.8,ml,,,,0.9,us,usp0005wkt,2014-11-07T00:53:30.994Z,"0 km SSW of Rialto, Italy",earthquake,,,,,reviewed,us,ldg
1993-07-17T06:07:36.150Z,44.182,8.307,5,3.2,ml,,,,0.8,us,usp0005wkk,2014-11-07T00:53:30.982Z,"2 km N of Borgio, Italy",earthquake,,,,,reviewed,us,ldg
1993-07-17T06:01:04.880Z,42.775,139.822,33,4.2,mb,,,,1.6,us,usp0005wkf,2014-11-07T00:53:30.976Z,"60 km WSW of Iwanai, Japan",earthquake,,,,11,reviewed,us,us
1993-07-17T05:58:29.470Z,44.238,8.236,5,2.6,ml,,,,1,us,usp0005wkd,2014-11-07T00:53:30.972Z,"2 km WNW of Rialto, Italy",earthquake,,,,,reviewed,us,ldg
1993-07-17T05:57:42.370Z,44.176,8.357,10.7,3.1,ml,,,,0.8,us,usp0005wkc,2014-11-07T00:53:30.969Z,"1 km NE of Finale Ligure, Italy",earthquake,,4,,,reviewed,us,ldg
1993-07-17T05:55:49.350Z,44.196,8.283,5,3.8,md,,,,1.2,us,usp0005wkb,2014-11-07T00:53:30.961Z,"1 km SW of Calice Ligure, Italy",earthquake,,,,,reviewed,us,tri
1993-07-17T05:55:21.220Z,44.236,8.229,5,2.8,ml,,,,0.8,us,usp0005wka,2014-11-07T00:53:30.959Z,"2 km WNW of Rialto, Italy",earthquake,,,,,reviewed,us,gen
1993-07-17T05:52:30.640Z,44.243,8.274,5,2.6,ml,,,,0.6,us,usp0005wk9,2014-11-07T00:53:30.956Z,"2 km NNE of Rialto, Italy",earthquake,,,,,reviewed,us,gen
1993-07-17T05:46:03.770Z,44.215,8.277,5,4,ml,,,,1.1,us,usp0005wk8,2014-11-07T00:53:30.944Z,"1 km SE of Rialto, Italy",earthquake,,,,,reviewed,us,str
1993-07-17T03:43:29.900Z,-33.306,-72.119,10,4.1,md,,,,0.7,us,usp0005wk6,2014-11-07T00:53:30.941Z,"54 km WSW of Valparaíso, Chile",earthquake,,,,,reviewed,us,san
1993-07-17T03:39:02.460Z,-33.255,-72.159,10,3.7,md,,,,0.4,us,usp0005wk5,2014-11-07T00:53:30.939Z,"55 km WSW of Valparaíso, Chile",earthquake,,,,,reviewed,us,san
1993-07-17T03:36:42.140Z,-33.239,-72.275,10,3.7,md,,,,0.4,us,usp0005wk4,2014-11-07T00:53:30.937Z,"64 km WSW of Valparaíso, Chile",earthquake,,,,,reviewed,us,san
1993-07-17T03:32:02.720Z,-33.263,-72.278,13.7,4.4,md,,,,0.9,us,usp0005wk3,2014-11-07T00:53:30.935Z,"65 km WSW of Valparaíso, Chile",earthquake,,3.7,,,reviewed,us,san
1993-07-17T03:25:34.490Z,-33.223,-72.326,10,3.8,md,,,,0.6,us,usp0005wk2,2014-11-07T00:53:30.933Z,"68 km WSW of Valparaíso, Chile",earthquake,,,,,reviewed,us,san
1993-07-17T03:20:32.860Z,-33.237,-72.277,10,3.7,md,,,,0.3,us,usp0005wk1,2014-11-07T00:53:30.931Z,"64 km WSW of Valparaíso, Chile",earthquake,,,,,reviewed,us,san
1993-07-17T03:19:08.900Z,43.403,136.553,320.9,4.3,mb,,,,1.2,us,usp0005wk0,2014-11-07T00:53:30.929Z,"108 km ESE of Ol’ga, Russia",earthquake,,13.9,,9,reviewed,us,us
1993-07-17T03:12:38.090Z,51.371,15.912,10,3.3,ml,,,,0.8,us,usp0005wjz,2014-11-07T00:53:30.926Z,"5 km S of Chocianów, Poland",earthquake,,,,,reviewed,us,vie
1993-07-17T03:09:08.160Z,50.438,18.894,10,3.2,ml,,,,0.9,us,usp0005wjy,2014-11-07T00:53:30.923Z,"1 km W of Nak?o, Poland",earthquake,,,,,reviewed,us,war
1993-07-17T03:07:44.500Z,-33.29,-72.264,10,4.6,md,,,,1,us,usp0005wjx,2014-11-07T00:53:30.921Z,"65 km WSW of Valparaíso, Chile",earthquake,,,,,reviewed,us,san
1993-07-17T02:43:36.940Z,38.771,-28.286,10,4.1,m,,,,0.6,us,usp0005wjv,2014-11-07T00:53:30.916Z,"11 km NW of Velas, Portugal",earthquake,,,,,reviewed,us,pda
1993-07-17T02:14:36.070Z,62.5538,-149.5237,12.4,3.1,ml,,,,0.24,ak,ak99393honsn,2020-09-14T20:06:33.277Z,"31 km ENE of Chase, Alaska",earthquake,,0.6,,,reviewed,ak,ak
1993-07-17T02:04:05.040Z,43.26,139.353,23,4.7,mb,,,,0.9,us,usp0005wjt,2014-11-07T00:53:30.906Z,"99 km WNW of Iwanai, Japan",earthquake,,,,19,reviewed,us,us
1993-07-17T01:35:39.700Z,-30,-71.591,51.9,5.7,mw,,,,1.1,us,usp0005wjs,2022-04-28T18:07:32.185Z,"24 km WSW of Coquimbo, Chile",earthquake,,,,,reviewed,us,hrv
1993-07-17T01:23:23.420Z,32.833,-117.39,4.759,2.67,mc,0,175,,0.287,ci,ci3113809,2016-02-10T16:51:42.735Z,"11km W of La Jolla, California",earthquake,,,,100,reviewed,ci,ci
1993-07-17T00:58:51.340Z,38.216,21.678,10,3.1,md,,,,1.1,us,usp0005wjq,2014-11-07T00:53:30.877Z,"2 km NW of Paralía, Greece",earthquake,,,,,reviewed,us,ath
1993-07-17T00:58:42.990Z,16.161,-60.503,33,3.8,md,,,,0.6,us,usp0005wjp,2014-11-07T00:53:30.874Z,"63 km ESE of Beauséjour, Guadeloupe",earthquake,,,,,reviewed,us,trn
1993-07-17T00:44:41.110Z,39.629,29.041,10,2.8,ml,,,,0.6,us,usp0005wjn,2014-11-07T00:53:30.873Z,"18 km SE of Yenice, Turkey",earthquake,,,,,reviewed,us,isk
1993-07-17T00:11:24.640Z,-6.518,106.233,120.8,4.9,mb,,,,1.2,us,usp0005wjk,2014-11-07T00:53:30.870Z,"17 km S of Rangkasbitung, Indonesia",earthquake,,16.3,,10,reviewed,us,us
1993-07-17T00:05:50.710Z,15.646,146.527,33,4.5,mb,,,,0.9,us,usp0005wjj,2014-11-07T00:53:30.868Z,"95 km ENE of Saipan, Northern Mariana Islands",earthquake,,,,4,reviewed,us,us
1993-07-16T23:14:29.020Z,-33.224,-72.164,10,4.5,md,,,,0.4,us,usp0005wjh,2014-11-07T00:53:30.866Z,"54 km WSW of Valparaíso, Chile",earthquake,,,,,reviewed,us,san
1993-07-16T23:06:20.420Z,39.622,29.017,10,2.8,ml,,,,0.8,us,usp0005wjf,2014-11-07T00:53:30.862Z,"18 km SSE of Yenice, Turkey",earthquake,,,,,reviewed,us,isk
1993-07-16T22:46:04.600Z,39.67,29.006,10,3,ml,,,,0.7,us,usp0005wje,2014-11-07T00:53:30.860Z,"13 km SE of Yenice, Turkey",earthquake,,,,,reviewed,us,isk
1993-07-16T22:45:42.440Z,-41.441,-87.367,10,5,mb,,,,1.2,us,usp0005wjd,2014-11-07T00:53:30.857Z,"West Chile Rise",earthquake,,,,12,reviewed,us,us
1993-07-16T22:33:57.530Z,42.446,139.378,33,4.5,mb,,,,1.4,us,usp0005wjc,2014-11-07T00:53:30.856Z,"109 km WSW of Iwanai, Japan",earthquake,,,,3,reviewed,us,us
1993-07-16T22:05:13.940Z,-33.229,-72.271,10,3.8,md,,,,0.2,us,usp0005wja,2014-11-07T00:53:30.853Z,"63 km WSW of Valparaíso, Chile",earthquake,,,,,reviewed,us,san
1993-07-16T21:58:44.060Z,-33.227,-72.279,10,3.7,md,,,,0.4,us,usp0005wj9,2014-11-07T00:53:30.851Z,"64 km WSW of Valparaíso, Chile",earthquake,,,,,reviewed,us,san
1993-07-16T21:50:37.830Z,-33.197,-72.272,10,3.7,md,,,,0.3,us,usp0005wj8,2014-11-07T00:53:30.850Z,"62 km WSW of Valparaíso, Chile",earthquake,,,,,reviewed,us,san
1993-07-16T21:28:58.540Z,43.277,139.419,24.5,5.3,ms,,,,1.1,us,usp0005wj7,2014-11-07T00:53:30.840Z,"94 km WNW of Iwanai, Japan",earthquake,,,,7,reviewed,us,us
1993-07-16T21:27:44.450Z,40.643,27.785,10,2.5,ml,,,,0.4,us,usp0005wj6,2014-11-07T00:53:30.839Z,"20 km ENE of Marmara, Turkey",earthquake,,,,,reviewed,us,isk
1993-07-16T21:25:27.860Z,39.684,28.709,5,2.7,ml,,,,0,us,usp0005wj5,2014-11-07T00:53:30.838Z,"13 km NNE of Dursunbey, Turkey",earthquake,,,,,reviewed,us,isk
1993-07-16T21:21:26.410Z,-33.173,-71.994,30.8,5.7,mw,,,,1.2,us,usp0005wj4,2022-04-28T18:07:30.961Z,"37 km WSW of Valparaíso, Chile",earthquake,,,,,reviewed,us,hrv
1993-07-16T20:43:10.590Z,29.656,-107.006,5,3.8,ml,,,,0.7,us,usp0005wj3,2014-11-07T00:53:30.818Z,"35 km SW of La Constitución, Mexico",earthquake,,,,,reviewed,us,gs$
1993-07-16T20:20:44.120Z,39.8,25.498,10,3.3,ml,,,,1.1,us,usp0005wj1,2014-11-07T00:53:30.815Z,"38 km ESE of Mýrina, Greece",earthquake,,,,,reviewed,us,isk
1993-07-16T19:58:07.010Z,40.626,27.833,10,2.6,ml,,,,0.1,us,usp0005wj0,2014-11-07T00:53:30.814Z,"23 km E of Marmara, Turkey",earthquake,,,,,reviewed,us,isk
1993-07-16T19:46:00.580Z,-18.206,166.18,33,4.3,mb,,,,1.1,us,usp0005whz,2014-11-07T00:53:30.813Z,"231 km WSW of Port-Vila, Vanuatu",earthquake,,,,1,reviewed,us,us
1993-07-16T17:12:01.710Z,33.065,-4.512,10,2.7,md,,,,1.3,us,usp0005whv,2014-11-07T00:53:30.807Z,"47 km NNE of Midelt, Morocco",earthquake,,,,,reviewed,us,rba
1993-07-16T16:51:22.010Z,40.138,27.626,10,2.6,ml,,,,0.7,us,usp0005whu,2014-11-07T00:53:30.806Z,"4 km NNW of Gönen, Turkey",earthquake,,,,,reviewed,us,isk
1993-07-16T16:37:44.330Z,-5.728,154.37,165.1,4.8,mb,,,,0.7,us,usp0005wht,2014-11-07T00:53:30.803Z,"139 km WNW of Panguna, Papua New Guinea",earthquake,,8.5,,14,reviewed,us,us
1993-07-16T16:37:25.310Z,63.2937,-145.4875,-3,2.8,ml,,,,-1,ak,ak993922maer,2020-09-14T20:06:36.397Z,"23 km NNE of Paxson, Alaska",earthquake,,-1,,,reviewed,ak,ak
1993-07-16T14:52:37.660Z,42.087,139.268,23.6,4.8,mb,,,,0.9,us,usp0005whn,2014-11-07T00:53:30.785Z,"117 km WNW of Kamiiso, Japan",earthquake,,,,47,reviewed,us,us
1993-07-16T14:02:54.920Z,53.575,-168.272,100,4.7,mb,,,,1.1,us,usp0005whk,2014-11-07T00:53:30.770Z,"80 km NNE of Nikolski, Alaska",earthquake,,10.6,,17,reviewed,us,us
1993-07-16T14:02:14.640Z,42.082,139.309,29.7,4.6,mb,,,,1.3,us,usp0005whj,2014-11-07T00:53:30.742Z,"114 km WNW of Kamiiso, Japan",earthquake,,,,28,reviewed,us,us
1993-07-16T13:54:54.550Z,41.808,139.495,33,4.1,mb,,,,1,us,usp0005whh,2014-11-07T00:53:30.741Z,"95 km W of Kamiiso, Japan",earthquake,,,,4,reviewed,us,us
1993-07-16T13:17:27.870Z,-26.353,27.452,5,2.7,ml,,,,0.8,us,usp0005whg,2014-11-07T00:53:30.739Z,"5 km E of Carletonville, South Africa",earthquake,,,,,reviewed,us,pre
1993-07-16T13:17:07.720Z,39.622,29.471,10,2.7,ml,,,,0.6,us,usp0005whf,2014-11-07T00:53:30.738Z,"9 km NNW of Tav?anl?, Turkey",earthquake,,,,,reviewed,us,isk
1993-07-16T12:55:36.130Z,10.81,-86.27,25.8,5.3,mw,,,,0.9,us,usp0005whd,2025-12-19T22:52:38.755Z,"65 km SW of San Juan del Sur, Nicaragua",earthquake,,,,,reviewed,us,hrv
1993-07-16T12:55:01.820Z,42.548,138.167,33,4.6,ms,,,,0.5,us,usp0005whc,2014-11-07T00:53:30.725Z,"197 km WSW of Iwanai, Japan",earthquake,,,,1,reviewed,us,us
1993-07-16T12:19:18.020Z,39.209,27.476,10,2.7,ml,,,,1.3,us,usp0005whb,2014-11-07T00:53:30.724Z,"11 km WNW of Soma, Turkey",earthquake,,,,,reviewed,us,isk
1993-07-16T12:03:37.850Z,57.408,-142.797,10,3.1,ml,,,,0.5,us,usp0005wha,2020-09-14T20:06:37.146Z,"297 km SW of Yakutat, Alaska",earthquake,,,,,reviewed,us,pgc
1993-07-16T12:01:19.310Z,47.01,152.697,33,4.6,mb,,,,1.1,us,usp0005wh9,2014-11-07T00:53:30.719Z,"Kuril Islands",earthquake,,,,4,reviewed,us,us
1993-07-16T11:12:03.710Z,39.385,27.733,10,2.7,ml,,,,0.1,us,usp0005wh6,2014-11-07T00:53:30.715Z,"6 km E of Sava?tepe, Turkey",earthquake,,,,,reviewed,us,isk
1993-07-16T11:02:14.410Z,52.141,-171.423,33,4.8,mb,,,,1.2,us,usp0005wh5,2020-09-14T20:06:37.862Z,"190 km E of Atka, Alaska",earthquake,,,,19,reviewed,us,us
1993-07-16T10:58:18.610Z,39.441,26.383,10,3.1,ml,,,,0.3,us,usp0005wh4,2014-11-07T00:53:30.707Z,"7 km SE of Behram, Turkey",earthquake,,,,,reviewed,us,isk
1993-07-16T10:54:32.860Z,31.747,-88.341,5,3.7,mblg,,,,0.9,us,usp0005wh3,2020-09-18T23:09:56.943Z,"2 km SSW of Silas, Alabama",earthquake,,,,,reviewed,us,gs$
1993-07-16T09:51:44.990Z,37.775,-3.61,10,3.1,mblg,,,,0.8,us,usp0005wgz,2014-11-07T00:53:30.699Z,"1 km S of Mancha Real, Spain",earthquake,,,,,reviewed,us,mdd
1993-07-16T09:50:55.310Z,44.262,7.563,5,2.5,ml,,,,0.3,us,usp0005wgy,2014-11-07T00:53:30.698Z,"2 km NE of Vernante, Italy",earthquake,,,,,reviewed,us,ldg
1993-07-16T09:21:48.060Z,39.139,27.714,10,2.6,ml,,,,0.9,us,usp0005wgx,2014-11-07T00:53:30.697Z,"5 km NE of K?rka?aç, Turkey",earthquake,,,,,reviewed,us,isk
1993-07-16T09:14:59.610Z,39.146,27.589,10,2.6,ml,,,,1.1,us,usp0005wgw,2014-11-07T00:53:30.696Z,"4 km SSW of Soma, Turkey",earthquake,,,,,reviewed,us,isk
1993-07-16T09:11:19.650Z,41.976,139.481,33,3.5,mb,,,,1.2,us,usp0005wgv,2014-11-07T00:53:30.694Z,"98 km W of Kamiiso, Japan",earthquake,,,,1,reviewed,us,us
1993-07-16T08:08:11.280Z,39.099,27.653,10,2.8,ml,,,,0.6,us,usp0005wgs,2014-11-07T00:53:30.690Z,"1 km WSW of K?rka?aç, Turkey",earthquake,,,,,reviewed,us,isk
1993-07-16T08:05:20.230Z,39.109,27.585,10,2.7,ml,,,,1.3,us,usp0005wgr,2014-11-07T00:53:30.689Z,"7 km W of K?rka?aç, Turkey",earthquake,,,,,reviewed,us,isk
1993-07-16T07:17:18.290Z,32.492,-115.228,5.997,2.71,ml,0,201.3,,0.299,ci,ci3113702,2016-02-10T02:44:23.953Z,"14km SE of Puebla, B.C., MX",earthquake,,,,9,reviewed,ci,ci
1993-07-16T07:12:09.330Z,40.086,19.783,10,3.1,md,,,,0.9,us,usp0005wgn,2014-11-07T00:53:30.685Z,"3 km ESE of Himarë, Albania",earthquake,,,,,reviewed,us,ath
1993-07-16T06:37:20.370Z,41.924,139.279,33,4,mb,,,,0.3,us,usp0005wgm,2014-11-07T00:53:30.684Z,"113 km W of Kamiiso, Japan",earthquake,,,,3,reviewed,us,us
1993-07-16T05:47:15.700Z,39.464,29.082,10,3.6,ml,,,,1,us,usp0005wgj,2014-11-07T00:53:30.681Z,"20 km NW of Emet, Turkey",earthquake,,,,,reviewed,us,isk
1993-07-16T05:09:36.780Z,42.231,139.309,33,4.2,mb,,,,1.2,us,usp0005wgh,2014-11-07T00:53:30.679Z,"119 km WNW of Kamiiso, Japan",earthquake,,,,7,reviewed,us,us
1993-07-16T05:08:19.440Z,-22.898,171.571,33,5.1,mb,,,,1.1,us,usp0005wgg,2014-11-07T00:53:30.676Z,"southeast of the Loyalty Islands",earthquake,,,,5,reviewed,us,us
1993-07-16T04:55:48.910Z,39.69,143.597,33,4.4,mb,,,,1.4,us,usp0005wgf,2014-11-07T00:53:30.674Z,"142 km E of Miyako, Japan",earthquake,,,,4,reviewed,us,us
1993-07-16T04:55:22.990Z,35.79,-117.672,3.896,2.81,mc,0,84.7,,0.164,ci,ci3113683,2016-02-10T16:51:36.468Z,"19km N of Ridgecrest, California",earthquake,,0.147,,127,reviewed,ci,ci
1993-07-16T04:37:30.470Z,-33.505,-70.985,65.2,3.2,md,,,,0.3,us,usp0005wgd,2014-11-07T00:53:30.671Z,"15 km NW of Peñaflor, Chile",earthquake,,27.8,,,reviewed,us,san
1993-07-16T03:09:54.090Z,44.24,8.254,5,2.7,ml,,,,0.5,us,usp0005wga,2014-11-07T00:53:30.665Z,"1 km NNW of Rialto, Italy",earthquake,,,,,reviewed,us,gen
1993-07-16T03:03:26.130Z,41.773,78.932,53.6,4.3,mb,,,,0.8,us,usp0005wg9,2014-11-07T00:53:30.662Z,"87 km SSE of Ak-Suu, Kyrgyzstan",earthquake,,13.7,,13,reviewed,us,us
1993-07-16T02:47:03.060Z,37.315,142.085,33,4,mb,,,,1,us,usp0005wg8,2014-11-07T00:53:30.661Z,"97 km ESE of Namie, Japan",earthquake,,,,1,reviewed,us,us
1993-07-16T02:32:43.160Z,37.036,21.294,33,3.2,md,,,,0.7,us,usp0005wg6,2014-11-07T00:53:30.658Z,"29 km WSW of Filiatrá, Greece",earthquake,,,,,reviewed,us,ath
1993-07-16T01:48:53.550Z,38.19,21.692,10,3.2,md,,,,1,us,usp0005wg5,2014-11-07T00:53:30.656Z,"1 km NW of Mindilóglion, Greece",earthquake,,,,,reviewed,us,ath
1993-07-16T01:47:51.270Z,35.771,-0.058,10,3.1,mblg,,,,0.6,us,usp0005wg3,2014-11-07T00:53:30.652Z,"22 km SW of Mostaganem, Algeria",earthquake,,,,,reviewed,us,mdd
1993-07-16T00:55:37.090Z,72.576,1.645,10,4.3,mb,,,,1.1,us,usp0005wg0,2014-11-07T00:53:30.646Z,"Norwegian Sea",earthquake,,,,10,reviewed,us,us
1993-07-16T00:37:02.780Z,38.193,21.625,10,3.4,md,,,,1.3,us,usp0005wfz,2014-11-07T00:53:30.645Z,"4 km NW of Vrachnaíika, Greece",earthquake,,,,,reviewed,us,ath
1993-07-16T00:15:49.770Z,42.753,13.571,10,3.6,md,,,,1.3,us,usp0005wfx,2014-11-07T00:53:30.639Z,"6 km ENE of Valle Castellana, Italy",earthquake,,,,,reviewed,us,lju
1993-07-16T00:06:16.070Z,32.32,-115.323,5.997,2.67,ml,0,217.6,0.4734,0.402,ci,ci3113675,2016-02-10T02:44:20.439Z,"13km WSW of Delta, B.C., MX",earthquake,,,,8,reviewed,ci,ci
1993-07-16T00:02:09.350Z,37.779,-3.592,10,2.7,mblg,,,,0.4,us,usp0005wft,2014-11-07T00:53:30.629Z,"1 km ESE of Mancha Real, Spain",earthquake,,,,,reviewed,us,mdd
1993-07-15T23:37:15.730Z,45.0291667,-122.5923333,16.301,2.5,md,41,66,0.1966,0.37,uw,uw10310038,2016-07-23T23:25:34.890Z,"Washington-Oregon border region",earthquake,0.778,2.65,0.03,40,reviewed,uw,uw
1993-07-15T22:53:44.800Z,7.313,124.4,30.8,4.2,mb,,,,1.2,us,usp0005wfn,2014-11-07T00:53:30.617Z,"2 km SE of Dinganen, Philippines",earthquake,,6.3,,3,reviewed,us,us
1993-07-15T22:07:33.770Z,42.134,139.081,33,4,mb,,,,0.5,us,usp0005wfk,2014-11-07T00:53:30.614Z,"134 km WNW of Kamiiso, Japan",earthquake,,,,2,reviewed,us,us
1993-07-15T21:47:33.760Z,50.366,18.861,10,2.8,ml,,,,0.8,us,usp0005wfg,2014-11-07T00:53:30.609Z,"4 km SW of Radzionków, Poland",earthquake,,,,,reviewed,us,war
1993-07-15T21:45:40.320Z,-20.242,-68.89,154.2,4.8,mb,,,,1.1,us,usp0005wff,2014-11-07T00:53:30.607Z,"131 km E of Iquique, Chile",earthquake,,9.9,,1,reviewed,us,us
1993-07-15T20:41:55.470Z,19.7263333,-156.0858333,45.096,2.87,ml,46,240,,0.11,hv,hv768294,2020-03-31T22:15:01.750Z,"10 km W of Kalaoa, Hawaii",earthquake,0.86,1.31,0.06,17,reviewed,hv,hv
1993-07-15T20:21:49.850Z,-32.453,-69.359,10,4.1,md,,,,0.9,us,usp0005wfd,2014-11-07T00:53:30.603Z,"69 km NW of Mendoza, Argentina",earthquake,,,,,reviewed,us,san
1993-07-15T20:18:23.200Z,40.688,27.795,10,3,ml,,,,0.7,us,usp0005wfb,2014-11-07T00:53:30.601Z,"23 km ENE of Marmara, Turkey",earthquake,,,,,reviewed,us,isk
1993-07-15T20:17:39.300Z,42.761,139.055,19.5,4.7,ms,,,,1.2,us,usp0005wfa,2014-11-07T00:53:30.597Z,"121 km WSW of Iwanai, Japan",earthquake,,,,1,reviewed,us,us
1993-07-15T19:37:37.900Z,42.67,139.016,20.2,5.3,mw,,,,1,us,usp0005wf9,2022-04-28T18:07:25.337Z,"126 km WSW of Iwanai, Japan",earthquake,,,,,reviewed,us,hrv
1993-07-15T19:36:11.610Z,43.263,139.404,22.4,5.3,ms,,,,1,us,usp0005wf8,2014-11-07T00:53:30.555Z,"95 km WNW of Iwanai, Japan",earthquake,,,,1,reviewed,us,us
1993-07-15T19:06:25.480Z,65.3223,-148.489,12.9,3.2,ml,,,,0.18,ak,ak99390goljo,2020-09-14T20:06:41.370Z,"22 km S of Livengood, Alaska",earthquake,,0.9,,,reviewed,ak,ak
1993-07-15T19:02:25.200Z,34.323,-116.764,1.614,2.59,mc,0,31.6,,0.172,ci,ci3113647,2016-02-10T06:18:08.476Z,"10km NE of Big Bear City, California",earthquake,,0.2,,137,reviewed,ci,ci
1993-07-15T18:15:27.490Z,-34.096,-72.143,33,4.2,md,,,,1.3,us,usp0005wf4,2014-11-07T00:53:30.547Z,"74 km SW of San Antonio, Chile",earthquake,,,,,reviewed,us,san
1993-07-15T18:02:00.880Z,-33.869,-71.941,33,4.2,md,,,,1.1,us,usp0005wf3,2014-11-07T00:53:30.545Z,"43 km SW of San Antonio, Chile",earthquake,,,,,reviewed,us,san
1993-07-15T17:41:56.440Z,18.7365,-155.0176667,44.867,2.62,ml,33,302,,0.13,hv,hv768258,2020-03-31T22:15:01.550Z,"69 km ESE of Naalehu, Hawaii",earthquake,1.56,2.64,0.2,13,reviewed,hv,hv
1993-07-15T17:09:42.740Z,40.15,28.772,10,2.7,ml,,,,0.8,us,usp0005wf1,2014-11-07T00:53:30.542Z,"21 km NNW of Kar?ncal?, Turkey",earthquake,,,,,reviewed,us,isk
1993-07-15T15:53:48.350Z,62.5393,-149.5682,9.2,2.7,ml,,,,0.23,ak,ak99390ekzjn,2020-09-14T20:06:42.396Z,"29 km ENE of Chase, Alaska",earthquake,,0.9,,,reviewed,ak,ak
1993-07-15T15:45:18.080Z,46.202,0.132,10,3,ml,,,,1.3,us,usp0005wew,2014-11-07T00:53:30.530Z,"2 km WSW of Chaunay, France",earthquake,,,,,reviewed,us,ldg
1993-07-15T15:38:22.850Z,15.746,-60.867,33,3,ml,,,,1.3,us,usp0005wev,2014-11-07T00:53:30.528Z,"50 km ENE of Marigot, Dominica",earthquake,,,,,reviewed,us,fdf
1993-07-15T14:05:38.750Z,11.066,-62.265,100,3.4,md,,,,0.4,us,usp0005wet,2014-11-07T00:53:30.525Z,"54 km N of Güiria, Venezuela",earthquake,,,,,reviewed,us,trn
1993-07-15T13:31:44.210Z,39.703,29.48,10,2.6,ml,,,,0,us,usp0005wes,2014-11-07T00:53:30.524Z,"15 km SW of Domaniç, Turkey",earthquake,,,,,reviewed,us,isk
1993-07-15T12:51:33.860Z,42.751,139.229,22.1,4.6,mb,,,,1.3,us,usp0005wer,2014-11-07T00:53:30.517Z,"107 km WSW of Iwanai, Japan",earthquake,,,,22,reviewed,us,us
1993-07-15T12:24:11.940Z,13.078,125.338,33,4.2,mb,,,,1.2,us,usp0005weq,2014-11-07T00:53:30.515Z,"55 km NE of Cabodiongan, Philippines",earthquake,,,,2,reviewed,us,us
1993-07-15T12:21:09.830Z,43.243,139.399,33,4.3,mb,,,,1.3,us,usp0005wep,2014-11-07T00:53:30.512Z,"95 km WNW of Iwanai, Japan",earthquake,,,,5,reviewed,us,us
1993-07-15T12:12:38.580Z,-23.604,179.157,548.3,5.1,mb,,,,1,us,usp0005wen,2014-11-07T00:53:30.491Z,"south of the Fiji Islands",earthquake,,5,,58,reviewed,us,us
1993-07-15T11:51:55.890Z,39.6853333,-120.1168333,3.245,2.52,md,13,295,0.8153,0.06,nc,nc368099,2016-12-20T14:55:42.491Z,"9 km ENE of Sierra Brooks, California",earthquake,0.86,3.47,0.2,7,reviewed,nc,nc
1993-07-15T11:42:04.230Z,-17.842,168.952,33,4.1,mb,,,,1.2,us,usp0005wek,2014-11-07T00:53:30.488Z,"68 km E of Port-Vila, Vanuatu",earthquake,,,,2,reviewed,us,us
1993-07-15T10:47:44.940Z,40.308,27.885,10,2.7,ml,,,,0.9,us,usp0005weh,2014-11-07T00:53:30.486Z,"9 km WSW of Band?rma, Turkey",earthquake,,,,,reviewed,us,isk
1993-07-15T10:45:14.280Z,-32.15,-71.03,78.8,3.9,md,,,,0.4,us,usp0005weg,2014-11-07T00:53:30.483Z,"38 km NNE of La Ligua, Chile",earthquake,,19.1,,,reviewed,us,san
1993-07-15T10:27:06.570Z,-26.387,27.337,5,3,ml,,,,0.9,us,usp0005wef,2014-11-07T00:53:30.481Z,"6 km WSW of Carletonville, South Africa",earthquake,,,,,reviewed,us,pre
1993-07-15T10:10:06.570Z,-19.143,-172.678,36.5,5,mb,,,,1.4,us,usp0005wed,2014-11-07T00:53:30.469Z,"148 km ESE of Neiafu, Tonga",earthquake,,,,31,reviewed,us,us
1993-07-15T09:41:51.950Z,38.214,21.581,10,3.4,md,,,,1.3,us,usp0005wec,2014-11-07T00:53:30.468Z,"7 km NNE of Káto Acha?a, Greece",earthquake,,,,,reviewed,us,ath
1993-07-15T09:35:53.470Z,38.995,27.744,10,2.7,ml,,,,0.5,us,usp0005web,2014-11-07T00:53:30.467Z,"5 km E of Zeytinliova, Turkey",earthquake,,,,,reviewed,us,isk
1993-07-15T09:25:41.050Z,42.839,139.497,33,4.4,mb,,,,1.4,us,usp0005we9,2014-11-07T00:53:30.463Z,"83 km W of Iwanai, Japan",earthquake,,,,6,reviewed,us,us
1993-07-15T09:21:54.640Z,41.928,19.984,10,2.7,md,,,,1.1,us,usp0005we8,2014-11-07T00:53:30.460Z,"14 km SSE of Pukë, Albania",earthquake,,,,,reviewed,us,ttg
1993-07-15T09:20:02.650Z,42.648,139.136,20.1,4.5,mb,,,,1.2,us,usp0005we7,2014-11-07T00:53:30.413Z,"117 km WSW of Iwanai, Japan",earthquake,,,,15,reviewed,us,us
1993-07-15T09:18:15.420Z,41.922,19.99,10,2.5,ml,,,,1,us,usp0005we6,2014-11-07T00:53:30.409Z,"15 km SSE of Pukë, Albania",earthquake,,,,,reviewed,us,ttg
1993-07-15T09:14:25.710Z,42.61,138.995,33,4.2,mb,,,,1.5,us,usp0005we5,2014-11-07T00:53:30.406Z,"130 km WSW of Iwanai, Japan",earthquake,,,,9,reviewed,us,us
1993-07-15T09:13:15.910Z,39.082,27.648,10,2.7,ml,,,,0.4,us,usp0005we4,2014-11-07T00:53:30.405Z,"3 km SW of K?rka?aç, Turkey",earthquake,,,,,reviewed,us,isk
1993-07-15T09:10:41.090Z,39.066,27.638,10,2.8,ml,,,,0.3,us,usp0005we3,2014-11-07T00:53:30.404Z,"5 km SSW of K?rka?aç, Turkey",earthquake,,,,,reviewed,us,isk
1993-07-15T08:50:52.660Z,-6.142,142.956,33,4.2,mb,,,,1.5,us,usp0005we2,2014-11-07T00:53:30.401Z,"32 km S of Tari, Papua New Guinea",earthquake,,,,2,reviewed,us,us
1993-07-15T07:55:55.140Z,39.66,29.468,10,2.6,ml,,,,0.3,us,usp0005we1,2014-11-07T00:53:30.400Z,"13 km NNW of Tav?anl?, Turkey",earthquake,,,,,reviewed,us,isk
1993-07-15T07:45:48.110Z,42.796,139.357,21.1,4.3,mb,,,,1.2,us,usp0005we0,2014-11-07T00:53:30.398Z,"96 km WSW of Iwanai, Japan",earthquake,,,,9,reviewed,us,us
1993-07-15T06:36:37.540Z,42.61,139.141,18.8,4.7,mb,,,,1.2,us,usp0005wdx,2014-11-07T00:53:30.386Z,"119 km WSW of Iwanai, Japan",earthquake,,,,36,reviewed,us,us
1993-07-15T06:30:23.820Z,2.86,-94.993,10,4.7,mb,,,,1.7,us,usp0005wdw,2014-11-07T00:53:30.359Z,"Galapagos Islands, Ecuador region",earthquake,,,,7,reviewed,us,us
1993-07-15T06:29:52.410Z,51.336,15.869,10,2.5,m,,,,1,us,usp0005wdv,2014-11-07T00:53:30.356Z,"7 km ESE of Gromadka, Poland",earthquake,,,,,reviewed,us,war
1993-07-15T06:25:15.790Z,2.494,-95.443,10,4.5,ms,,,,1.4,us,usp0005wdu,2014-11-07T00:53:30.354Z,"Galapagos Islands, Ecuador region",earthquake,,,,1,reviewed,us,us
1993-07-15T05:48:44.450Z,2.285,-95.725,10,4.8,mb,,,,1.5,us,usp0005wdr,2014-11-07T00:53:30.314Z,"Galapagos Islands, Ecuador region",earthquake,,,,5,reviewed,us,us
1993-07-15T05:44:01.200Z,44.511,7.143,7.6,2.5,ml,,,,0.3,us,usp0005wdp,2014-11-07T00:53:30.309Z,"1 km ENE of Stroppo, Italy",earthquake,,3.7,,,reviewed,us,gen
1993-07-15T05:36:58.610Z,43.343,139.406,24.1,4.9,mb,,,,1.1,us,usp0005wdn,2014-11-07T00:53:30.297Z,"98 km WNW of Iwanai, Japan",earthquake,,,,45,reviewed,us,us
1993-07-15T05:24:05.980Z,36.407,9.329,10,4.5,mb,,,,1.1,us,usp0005wdm,2014-11-07T00:53:30.293Z,"9 km SE of Tabursuq, Tunisia",earthquake,,,,2,reviewed,us,us
1993-07-15T05:00:58.430Z,-33.958,-71.876,33,3.8,md,,,,0.4,us,usp0005wdg,2014-11-07T00:53:30.286Z,"47 km SSW of San Antonio, Chile",earthquake,,,,,reviewed,us,san
1993-07-15T04:17:23.010Z,38.6488333,-119.6491667,3.599,2.88,md,42,194,0.6883,0.07,nc,nc368086,2021-02-18T19:17:54.350Z,"10 km WSW of Topaz Lake, Nevada",earthquake,0.36,2.4,0.15,41,reviewed,nc,nc
1993-07-15T04:14:35.850Z,38.6506667,-119.6368333,5.099,3.13,md,55,186,0.6955,0.05,nc,nc368085,2016-12-20T14:54:32.240Z,"9 km WSW of Topaz Lake, Nevada",earthquake,0.28,1.1,0.17,71,reviewed,nc,nc
1993-07-15T03:50:50.670Z,-32.238,-71.043,70,3.7,md,,,,0.3,us,usp0005wda,2014-11-07T00:53:30.273Z,"29 km NE of La Ligua, Chile",earthquake,,,,,reviewed,us,san
1993-07-15T03:50:12.680Z,-6.287,130.237,106.8,4.4,mb,,,,1,us,usp0005wd9,2014-11-07T00:53:30.270Z,"287 km WSW of Tual, Indonesia",earthquake,,29.7,,4,reviewed,us,us
1993-07-15T03:35:11.860Z,29.908,51.249,33,4.1,mb,,,,0.4,us,usp0005wd7,2014-11-07T00:53:30.266Z,"34 km SW of N?r?b?d, Iran",earthquake,,,,1,reviewed,us,us
1993-07-15T03:23:32.190Z,44.264,8.209,5,2.5,ml,,,,0.5,us,usp0005wd6,2014-11-07T00:53:30.166Z,"2 km SSE of Osiglia, Italy",earthquake,,,,,reviewed,us,gen
1993-07-15T03:21:28.130Z,44.214,8.352,5,2.7,ml,,,,0.9,us,usp0005wd4,2014-11-07T00:53:30.161Z,"1 km SSW of Vezzi Portio, Italy",earthquake,,,,,reviewed,us,gen
1993-07-15T03:14:29.620Z,-33.059,-70.108,100,4.2,md,,,,1.1,us,usp0005wd2,2014-11-07T00:53:30.156Z,"52 km ESE of Los Andes, Chile",earthquake,,,,,reviewed,us,san
1993-07-15T03:12:42.850Z,43.23,139.346,22.6,5.1,mb,,,,0.9,us,usp0005wd1,2014-11-07T00:53:30.126Z,"98 km WNW of Iwanai, Japan",earthquake,,,,99,reviewed,us,us
1993-07-15T03:08:33.160Z,44.194,8.327,5.8,3.4,ml,,,,0.7,us,usp0005wcv,2014-11-07T00:53:30.115Z,"2 km S of Feglino, Italy",earthquake,,3.2,,,reviewed,us,gen
1993-07-15T02:47:31.040Z,43.022,139.453,17.7,4.4,mb,,,,1.2,us,usp0005wct,2014-11-07T00:53:30.111Z,"86 km W of Iwanai, Japan",earthquake,,,,9,reviewed,us,us
1993-07-15T02:10:02.770Z,-5.59,133.638,33,4.4,mb,,,,1.5,us,usp0005wcq,2014-11-07T00:53:30.106Z,"98 km E of Tual, Indonesia",earthquake,,,,1,reviewed,us,us
1993-07-15T02:01:25.740Z,42.479,139.389,14.1,4.7,mb,,,,1.1,us,usp0005wcp,2014-11-07T00:53:30.099Z,"106 km WSW of Iwanai, Japan",earthquake,,,,23,reviewed,us,us
1993-07-15T01:50:37.300Z,44.212,8.326,5,2.8,ml,,,,0.6,us,usp0005wcn,2014-11-07T00:53:30.093Z,"0 km S of Feglino, Italy",earthquake,,,,,reviewed,us,gen
1993-07-15T00:54:02.130Z,44.222,8.307,10.3,2.8,ml,,,,0.6,us,usp0005wcb,2014-11-07T00:53:29.940Z,"1 km W of Orco Feglino, Italy",earthquake,,2.9,,,reviewed,us,gen
1993-07-15T00:51:13.140Z,46.679,152.577,32.2,5.4,mw,,,,0.8,us,usp0005wc9,2022-04-28T18:07:19.964Z,"Kuril Islands",earthquake,,,,,reviewed,us,hrv
1993-07-15T00:41:32.020Z,44.197,8.318,5,2.7,ml,,,,0.7,us,usp0005wc3,2014-11-07T00:53:29.888Z,"2 km ESE of Calice Ligure, Italy",earthquake,,,,,reviewed,us,gen
1993-07-15T00:38:13.360Z,44.208,8.314,5,3,ml,,,,0.7,us,usp0005wc0,2014-11-07T00:53:29.882Z,"1 km SW of Feglino, Italy",earthquake,,,,,reviewed,us,ldg
1993-07-15T00:24:50.690Z,44.214,8.322,5,2.8,ml,,,,0.7,us,usp0005wbq,2014-11-07T00:53:29.862Z,"0 km SSW of Feglino, Italy",earthquake,,,,,reviewed,us,ldg
1993-07-15T00:13:36.440Z,44.255,8.224,5,2.5,ml,,,,0.5,us,usp0005wbj,2014-11-07T00:53:29.854Z,"2 km SSW of Bormida, Italy",earthquake,,,,,reviewed,us,gen
1993-07-15T00:11:50.270Z,33.946,-116.843,5.873,2.99,ml,0,22.7,,0.161,ci,ci3113550,2016-02-10T02:44:14.788Z,"4km NE of Banning, California",earthquake,,0.559,,46,reviewed,ci,ci
1993-07-15T00:10:39.120Z,44.231,8.336,5,2.7,ml,,,,0.8,us,usp0005wbf,2014-11-07T00:53:29.847Z,"1 km NE of Orco Feglino, Italy",earthquake,,,,,reviewed,us,gen
1993-07-15T00:05:47.680Z,44.209,8.297,10.9,2.9,ml,,,,0.5,us,usp0005wbb,2014-11-07T00:53:29.840Z,"0 km NNE of Calice Ligure, Italy",earthquake,,2.8,,,reviewed,us,ldg
1993-07-14T23:54:00.210Z,44.252,8.229,5,2.5,ml,,,,0.6,us,usp0005wb1,2014-11-07T00:53:29.823Z,"2 km S of Bormida, Italy",earthquake,,,,,reviewed,us,ldg
1993-07-14T23:52:47.210Z,44.214,8.315,5,3,ml,,,,0.7,us,usp0005wb0,2014-11-07T00:53:29.819Z,"0 km WSW of Feglino, Italy",earthquake,,,,,reviewed,us,ldg
1993-07-14T23:40:13.170Z,44.261,8.159,5,3.6,ml,,,,0.7,us,usp0005war,2014-11-07T00:53:29.800Z,"4 km SW of Osiglia, Italy",earthquake,,,,,reviewed,us,gen
1993-07-14T23:29:30.490Z,44.199,8.34,5,3.1,ml,,,,0.7,us,usp0005wap,2014-11-07T00:53:29.795Z,"2 km SSE of Feglino, Italy",earthquake,,,,,reviewed,us,ldg
1993-07-14T23:07:42.720Z,44.194,8.365,5.6,2.7,ml,,,,0.7,us,usp0005wam,2014-11-07T00:53:29.791Z,"3 km NNE of Finale Ligure, Italy",earthquake,,3.1,,,reviewed,us,ldg
1993-07-14T22:53:01.680Z,-26.36,27.503,5,3.1,ml,,,,1,us,usp0005waj,2014-11-07T00:53:29.788Z,"10 km E of Carletonville, South Africa",earthquake,,,,,reviewed,us,pre
1993-07-14T22:46:21.670Z,10.729,-62.107,33,3.5,md,,,,0.4,us,usp0005wah,2014-11-07T00:53:29.786Z,"26 km NE of Güiria, Venezuela",earthquake,,,,,reviewed,us,trn
1993-07-14T22:01:52.420Z,37.814,-3.632,10,2.6,mblg,,,,1.7,us,usp0005wag,2014-11-07T00:53:29.785Z,"3 km NNW of Mancha Real, Spain",earthquake,,,,,reviewed,us,mdd
1993-07-14T21:53:44.210Z,42.374,132.982,480.2,4.4,mb,,,,0.8,us,usp0005waf,2014-11-07T00:53:29.780Z,"40 km SSW of Vrangel’, Russia",earthquake,,4.2,,36,reviewed,us,us
1993-07-14T21:40:14.500Z,11.313,-87.176,33,4.5,mb,,,,1,us,usp0005wae,2014-11-07T00:53:29.778Z,"89 km SW of Masachapa, Nicaragua",earthquake,,,,6,reviewed,us,us
1993-07-14T20:57:05.130Z,44.251,8.233,5,2.5,ml,,,,0.6,us,usp0005wad,2014-11-07T00:53:29.775Z,"3 km S of Bormida, Italy",earthquake,,,,,reviewed,us,gen
1993-07-14T20:47:11.290Z,4.432,126.842,63.1,4.5,mb,,,,1,us,usp0005wac,2014-11-07T00:53:29.773Z,"186 km SE of Sarangani, Philippines",earthquake,,12.6,,8,reviewed,us,us
1993-07-14T19:59:32.170Z,-4.705,134.494,33,4.7,mb,,,,1.5,us,usp0005wa9,2014-11-07T00:53:29.767Z,"186 km SW of Nabire, Indonesia",earthquake,,,,3,reviewed,us,us
1993-07-14T19:13:50.150Z,39.087,27.953,10,2.7,ml,,,,0.1,us,usp0005wa8,2014-11-07T00:53:29.766Z,"21 km NNE of Akhisar, Turkey",earthquake,,,,,reviewed,us,isk
1993-07-14T19:12:44.340Z,13.672,-44.981,10,4.8,mb,,,,1,us,usp0005wa7,2014-11-07T00:53:29.763Z,"northern Mid-Atlantic Ridge",earthquake,,,,10,reviewed,us,us
1993-07-14T19:06:30.450Z,39.213,37.266,10,3.5,m,,,,0.8,us,usp0005wa6,2014-11-07T00:53:29.762Z,"11 km WSW of Kangal, Turkey",earthquake,,,,,reviewed,us,dda
1993-07-14T18:43:28.020Z,-18.043,-178.648,562.2,4.6,mb,,,,1.1,us,usp0005wa4,2014-11-07T00:53:29.749Z,"215 km E of Levuka, Fiji",earthquake,,5,,30,reviewed,us,us
1993-07-14T18:07:52.590Z,-5.378,146.774,179.7,4,mb,,,,0.7,us,usp0005wa2,2014-11-07T00:53:29.745Z,"110 km E of Madang, Papua New Guinea",earthquake,,13.2,,2,reviewed,us,us
1993-07-14T17:58:51.860Z,63.0325,-150.6085,113.8,2.5,ml,,,,0.13,ak,ak9938ys9l42,2020-09-14T20:06:46.253Z,"60 km N of Petersville, Alaska",earthquake,,2.4,,,reviewed,ak,ak
1993-07-14T17:38:33.920Z,43.181,139.124,19.8,5.1,mw,,,,1,us,usp0005w9z,2025-12-19T22:52:37.593Z,"115 km W of Iwanai, Japan",earthquake,,,,,reviewed,us,hrv
1993-07-14T17:27:03.750Z,43.094,139.078,17.8,4.8,mb,,,,1.1,us,usp0005w9x,2014-11-07T00:53:29.699Z,"117 km W of Iwanai, Japan",earthquake,,,,28,reviewed,us,us
1993-07-14T17:10:36.500Z,41.867,139.079,33,3.8,mb,,,,1.7,us,usp0005w9w,2014-11-07T00:53:29.698Z,"130 km W of Kamiiso, Japan",earthquake,,,,2,reviewed,us,us
1993-07-14T16:27:15.020Z,38.137,21.569,10,3.2,mb,,,,0.9,us,usp0005w9t,2014-11-07T00:53:29.694Z,"2 km SE of Káto Acha?a, Greece",earthquake,,,,1,reviewed,us,us
1993-07-14T16:10:33.850Z,41.789,139.107,33,4.2,mb,,,,0.2,us,usp0005w9r,2014-11-07T00:53:29.692Z,"127 km W of Kamiiso, Japan",earthquake,,,,6,reviewed,us,us
1993-07-14T15:38:56.660Z,42.161,138.897,33,4.1,mb,,,,1.3,us,usp0005w9k,2014-11-07T00:53:29.685Z,"149 km WNW of Kamiiso, Japan",earthquake,,,,1,reviewed,us,us
1993-07-14T15:27:32.560Z,39.281,27.691,10,2.7,ml,,,,0.5,us,usp0005w9g,2014-11-07T00:53:29.682Z,"11 km SSE of Sava?tepe, Turkey",earthquake,,,,,reviewed,us,isk
1993-07-14T15:12:18.440Z,52.144,-170.663,74.1,4.8,mb,,,,1,us,usp0005w99,2014-11-07T00:53:29.664Z,"150 km SW of Nikolski, Alaska",earthquake,,7.5,,49,reviewed,us,us
1993-07-14T15:11:40.700Z,44.232,8.271,5,3.6,ml,,,,0.9,us,usp0005w97,2014-11-07T00:53:29.656Z,"0 km NE of Rialto, Italy",earthquake,,,,,reviewed,us,gen
1993-07-14T14:37:54.300Z,39.198,36.884,10,2.5,m,,,,0.1,us,usp0005w96,2014-11-07T00:53:29.655Z,"14 km SE of Alt?nyayla, Turkey",earthquake,,,,,reviewed,us,dda
1993-07-14T13:31:36.630Z,39.133,27.532,10,2.7,ml,,,,0.2,us,usp0005w94,2014-11-07T00:53:29.651Z,"8 km SW of Soma, Turkey",earthquake,,,,,reviewed,us,isk
1993-07-14T13:14:56.060Z,-33.608,-70.899,71.6,3.6,md,,,,0.2,us,usp0005w91,2014-11-07T00:53:29.647Z,"2 km W of Peñaflor, Chile",earthquake,,29.2,,,reviewed,us,san
1993-07-14T13:11:48.490Z,58.172,6.557,5,2.6,md,,,,1.4,us,usp0005w90,2014-11-07T00:53:29.645Z,"8 km NNW of Vestbygd, Norway",earthquake,,,,,reviewed,us,ber
1993-07-14T13:02:35.970Z,60.913,-151.5565,67.1,2.9,ml,,,,0.28,ak,ak9938ypjtd9,2020-09-14T20:06:46.636Z,"28 km SW of Tyonek, Alaska",earthquake,,1.2,,,reviewed,ak,ak
1993-07-14T12:54:07.160Z,38.206,21.684,10,3.8,mb,,,,1.2,us,usp0005w8w,2014-11-07T00:53:29.630Z,"1 km WNW of Paralía, Greece",earthquake,,,,4,reviewed,us,us
1993-07-14T12:51:34.620Z,38.091,21.771,10,3.6,md,,,,1.3,us,usp0005w8v,2014-11-07T00:53:29.628Z,"2 km SSW of Chalandrítsa, Greece",earthquake,,,,,reviewed,us,ath
1993-07-14T12:39:13.060Z,38.177,21.638,10,4.2,mb,,,,1.3,us,usp0005w8u,2014-11-07T00:53:29.623Z,"3 km WNW of Vrachnaíika, Greece",earthquake,,,,9,reviewed,us,us
1993-07-14T12:31:49.440Z,38.224,21.756,22.6,5.6,mw,,,,1.3,us,usp0005w8t,2022-04-28T18:07:18.659Z,"2 km SE of Pátra, Greece",earthquake,,,,,reviewed,us,hrv
1993-07-14T12:03:51.110Z,61.9877,-152.3323,143.4,3.4,ml,,,,0.24,ak,ak9938yoymnb,2020-09-14T20:06:47.446Z,"48 km W of Skwentna, Alaska",earthquake,,2,,,reviewed,ak,ak
1993-07-14T11:32:44.610Z,39.606,29.397,10,2.7,ml,,,,0.9,us,usp0005w8p,2014-11-07T00:53:29.560Z,"11 km NW of Tav?anl?, Turkey",earthquake,,,,,reviewed,us,isk
1993-07-14T11:05:40.040Z,58.9275,-153.6452,89.6,2.8,ml,,,,0.25,ak,ak9938yodlmc,2020-09-14T20:06:48.659Z,"85 km SE of Pope-Vannoy Landing, Alaska",earthquake,,1.5,,,reviewed,ak,ak
1993-07-14T10:55:22.310Z,72.317,1.614,10,4.4,mb,,,,1.2,us,usp0005w8m,2014-11-07T00:53:29.552Z,"Norwegian Sea",earthquake,,,,28,reviewed,us,us
1993-07-14T10:51:43.000Z,39.168,27.508,10,2.8,ml,,,,0.2,us,usp0005w8k,2014-11-07T00:53:29.551Z,"8 km WSW of Soma, Turkey",earthquake,,,,,reviewed,us,isk
1993-07-14T10:09:09.200Z,-7.278,128.403,149.2,4.5,mb,,,,1.3,us,usp0005w8j,2014-11-07T00:53:29.549Z,"207 km NE of Lospalos, Timor Leste",earthquake,,30.1,,4,reviewed,us,us
1993-07-14T09:53:20.370Z,42.136,139.469,33,4.3,mb,,,,1.3,us,usp0005w8h,2014-11-07T00:53:29.547Z,"103 km WNW of Kamiiso, Japan",earthquake,,,,9,reviewed,us,us
1993-07-14T09:33:37.420Z,39.13,27.559,10,2.7,ml,,,,0.3,us,usp0005w8g,2014-11-07T00:53:29.545Z,"7 km SW of Soma, Turkey",earthquake,,,,,reviewed,us,isk
1993-07-14T09:14:09.590Z,39.289,27.713,10,2.6,ml,,,,1.1,us,usp0005w8e,2014-11-07T00:53:29.543Z,"11 km SSE of Sava?tepe, Turkey",earthquake,,,,,reviewed,us,isk
1993-07-14T08:42:24.300Z,43.016,139.232,17.6,4.5,mb,,,,1.2,us,usp0005w8d,2014-11-07T00:53:29.540Z,"104 km W of Iwanai, Japan",earthquake,,,,15,reviewed,us,us
1993-07-14T08:39:54.280Z,43.024,139.211,17,4.6,mb,,,,1.2,us,usp0005w8c,2014-11-07T00:53:29.536Z,"105 km W of Iwanai, Japan",earthquake,,,,19,reviewed,us,us
1993-07-14T08:22:44.800Z,32.329,82.611,33,4.4,mb,,,,0.9,us,usp0005w8a,2014-11-07T00:53:29.533Z,"263 km NNE of Burang, China",earthquake,,,,5,reviewed,us,us
1993-07-14T08:18:30.550Z,42.953,139.456,33,4.3,mb,,,,1.2,us,usp0005w89,2014-11-07T00:53:29.530Z,"85 km W of Iwanai, Japan",earthquake,,,,11,reviewed,us,us
1993-07-14T07:57:35.640Z,57.225,-156.7193,266.4,3.4,ml,,,,0.85,ak,ak9938ymb03g,2020-09-14T20:06:49.336Z,"51 km SE of Ugashik, Alaska",earthquake,,25.9,,,reviewed,ak,ak
1993-07-14T07:13:59.430Z,33.96,-116.397,7.228,2.98,ml,0,31.7,,0.164,ci,ci3113431,2016-02-10T09:53:50.800Z,"10km E of Desert Hot Springs, California",earthquake,,0.42,,42,reviewed,ci,ci
1993-07-14T07:05:44.000Z,-32.092,-69.759,119.3,4.4,md,,,,0.8,us,usp0005w86,2014-11-07T00:53:29.523Z,"89 km SSW of Calingasta, Argentina",earthquake,,7.3,,,reviewed,us,san
1993-07-14T06:44:24.260Z,41.927,139.413,14.3,4.4,mb,,,,1.5,us,usp0005w82,2014-11-07T00:53:29.514Z,"102 km W of Kamiiso, Japan",earthquake,,,,14,reviewed,us,us
1993-07-14T06:32:28.230Z,47.115,10.187,10,2.7,ml,,,,0.4,us,usp0005w81,2014-11-07T00:53:29.512Z,"5 km WSW of St Anton am Arlberg, Austria",earthquake,,,,,reviewed,us,ldg
1993-07-14T06:28:04.420Z,59.3018,-152.9677,96.1,2.6,ml,,,,0.23,ak,ak9938yljabe,2020-09-14T20:06:49.637Z,"59 km W of Nanwalek, Alaska",earthquake,,1.4,,,reviewed,ak,ak
1993-07-14T05:24:39.330Z,54.704,-159.684,33,4,mb,,,,1,us,usp0005w7y,2014-11-07T00:53:29.503Z,"87 km SE of Sand Point, Alaska",earthquake,,,,6,reviewed,us,us
1993-07-14T04:49:36.560Z,23.144,93.888,68.9,4.7,mb,,,,1.1,us,usp0005w7x,2014-11-07T00:53:29.496Z,"33 km NE of Falam, Myanmar",earthquake,,,,39,reviewed,us,us
1993-07-14T03:58:34.770Z,40.209,26.952,5,3.5,md,,,,0.3,us,usp0005w7w,2014-11-07T00:53:29.494Z,"21 km NNW of Çan, Turkey",earthquake,,,,,reviewed,us,ath
1993-07-14T03:20:16.940Z,6.535,126.516,33,3.7,mb,,,,1.3,us,usp0005w7u,2014-11-07T00:53:29.491Z,"41 km SE of Tamisan, Philippines",earthquake,,,,1,reviewed,us,us
1993-07-14T02:51:13.010Z,50.457,18.864,10,3.3,ml,,,,1.1,us,usp0005w7t,2014-11-07T00:53:29.488Z,"1 km N of Tarnowskie Góry, Poland",earthquake,,,,,reviewed,us,war
1993-07-14T02:37:13.590Z,31.898,-115.672,5.936,3.45,ml,0,257.6,0.7506,0.429,ci,ci3113405,2016-02-10T20:27:55.519Z,"60km SW of Alberto Oviedo Mota, B.C., MX",earthquake,,,,30,reviewed,ci,ci
1993-07-14T02:29:48.060Z,37.209,20.929,33,3.8,md,,,,1.2,us,usp0005w7r,2014-11-07T00:53:29.483Z,"57 km S of Lithakiá, Greece",earthquake,,,,,reviewed,us,ath
1993-07-14T02:23:32.740Z,10.75,-87.011,28.4,4.9,mb,,,,1.1,us,usp0005w7q,2014-11-07T00:53:29.474Z,"126 km SSW of Masachapa, Nicaragua",earthquake,,,,31,reviewed,us,us
1993-07-14T01:43:20.410Z,-32.835,-70.586,33,3.3,md,,,,0.9,us,usp0005w7n,2014-11-07T00:53:29.470Z,"1 km E of Los Andes, Chile",earthquake,,,,,reviewed,us,san
1993-07-14T01:41:45.440Z,29.004,129.313,26.6,4.9,ms,,,,1.4,us,usp0005w7m,2014-11-07T00:53:29.461Z,"72 km NNW of Naze, Japan",earthquake,,,,1,reviewed,us,us
1993-07-13T23:31:20.330Z,-42.697,42.192,10,5.1,mb,,,,1.2,us,usp0005w7k,2014-11-07T00:53:29.458Z,"Prince Edward Islands region",earthquake,,,,13,reviewed,us,us
1993-07-13T23:26:59.940Z,-34.108,-72.002,33,3.9,md,,,,0.3,us,usp0005w7h,2014-11-07T00:53:29.454Z,"67 km SSW of San Antonio, Chile",earthquake,,,,,reviewed,us,san
1993-07-13T23:26:40.450Z,41.967,139.32,33,4.4,mb,,,,1.3,us,usp0005w7g,2014-11-07T00:53:29.453Z,"111 km W of Kamiiso, Japan",earthquake,,,,4,reviewed,us,us
1993-07-13T23:01:19.180Z,35.691,-120.8318333,4.823,2.96,md,63,33,0.05856,0.09,nc,nc367997,2016-12-20T14:51:04.290Z,"5 km SE of Lake Nacimiento, California",earthquake,0.12,0.42,0.08,90,reviewed,nc,nc
1993-07-13T22:50:47.900Z,41.956,139.062,33,4.3,mb,,,,1.1,us,usp0005w7d,2014-11-07T00:53:29.448Z,"132 km W of Kamiiso, Japan",earthquake,,,,10,reviewed,us,us
1993-07-13T22:43:24.150Z,16.299,-94.452,33,4.5,mb,,,,0.4,us,usp0005w7c,2014-11-07T00:53:29.445Z,"6 km SSE of San Francisco Ixhuatan, Mexico",earthquake,,,,16,reviewed,us,us
1993-07-13T21:42:19.300Z,40.582,19.473,10,3.2,md,,,,1.2,us,usp0005w79,2014-11-07T00:53:29.440Z,"12 km N of Vlorë, Albania",earthquake,,,,,reviewed,us,ath
1993-07-13T20:27:01.740Z,42.046,139.606,33,4.3,mb,,,,0.7,us,usp0005w74,2014-11-07T00:53:29.433Z,"89 km WNW of Kamiiso, Japan",earthquake,,,,3,reviewed,us,us
1993-07-13T19:21:26.060Z,40.207,26.931,10,2.8,ml,,,,0.7,us,usp0005w73,2014-11-07T00:53:29.432Z,"21 km NNW of Çan, Turkey",earthquake,,,,,reviewed,us,isk
1993-07-13T19:20:26.270Z,41.907,139.357,33,4.4,mb,,,,0.8,us,usp0005w72,2014-11-07T00:53:29.430Z,"107 km W of Kamiiso, Japan",earthquake,,,,9,reviewed,us,us
1993-07-13T18:41:12.560Z,42.608,138.573,33,4.2,mb,,,,1.2,us,usp0005w6x,2014-11-07T00:53:29.424Z,"163 km WSW of Iwanai, Japan",earthquake,,,,4,reviewed,us,us
1993-07-13T18:25:52.120Z,47.701,154.032,24.1,4.7,mb,,,,0.9,us,usp0005w6w,2014-11-07T00:53:29.420Z,"Kuril Islands",earthquake,,,,31,reviewed,us,us
1993-07-13T18:04:26.610Z,59.5552,-138.3157,10,2.5,ml,,,,0.37,ak,ak9938x501lx,2020-09-14T20:06:52.004Z,"79 km E of Yakutat, Alaska",earthquake,,37.4,,,reviewed,ak,ak
1993-07-13T17:27:50.360Z,42.19,138.957,28.8,4.9,mb,,,,1.2,us,usp0005w6r,2014-11-07T00:53:29.397Z,"145 km WNW of Kamiiso, Japan",earthquake,,,,54,reviewed,us,us
1993-07-13T16:38:00.710Z,-33.147,-70.287,10,3.6,md,,,,0.1,us,usp0005w6q,2014-11-07T00:53:29.394Z,"37 km ENE of Chicureo Abajo, Chile",earthquake,,,,,reviewed,us,san
1993-07-13T16:25:59.210Z,40.214,26.965,5,2.7,ml,,,,0.6,us,usp0005w6n,2014-11-07T00:53:29.392Z,"21 km NNW of Çan, Turkey",earthquake,,,,,reviewed,us,isk
1993-07-13T16:21:56.240Z,51.602,16.165,10,3.5,ml,,,,0.4,us,usp0005w6m,2014-11-07T00:53:29.389Z,"0 km NNW of Gr?bocice, Poland",earthquake,,,,,reviewed,us,vie
1993-07-13T16:11:07.450Z,44.215,8.311,5.9,3.1,ml,,,,0.6,us,usp0005w6k,2014-11-07T00:53:29.385Z,"1 km WSW of Feglino, Italy",earthquake,,2.4,,,reviewed,us,gen
1993-07-13T16:03:50.860Z,34.6,-116.266,-0.99,2.84,ml,0,76.9,,0.182,ci,ci3113337,2016-02-10T09:53:41.812Z,"17km SW of Ludlow, California",earthquake,,0.67,,15,reviewed,ci,ci
1993-07-13T15:45:16.590Z,61.4538,-150.8208,50.4,2.7,ml,,,,0.27,ak,ak9938x3gidn,2020-09-14T20:06:52.649Z,"19 km WSW of Susitna, Alaska",earthquake,,1,,,reviewed,ak,ak
1993-07-13T15:25:20.010Z,42.853,139.329,24.1,5,mb,,,,1,us,usp0005w6f,2014-11-07T00:53:29.365Z,"97 km W of Iwanai, Japan",earthquake,,,,54,reviewed,us,us
1993-07-13T15:10:11.890Z,9.704,-83.615,17.6,5.2,ms,,,,1,us,usp0005w6e,2014-11-07T00:53:29.358Z,"15 km SE of Pejibaye, Costa Rica",earthquake,,,,1,reviewed,us,us
1993-07-13T14:22:53.640Z,37.032,55.31,25.5,4.6,mb,,,,1.1,us,usp0005w6a,2014-11-07T00:53:29.350Z,"13 km ESE of ?z?dshahr, Iran",earthquake,,,,22,reviewed,us,us
1993-07-13T13:48:53.430Z,44.251,8.239,5,2.5,ml,,,,0.5,us,usp0005w65,2014-11-07T00:53:29.341Z,"3 km S of Bormida, Italy",earthquake,,,,,reviewed,us,gen
1993-07-13T13:31:14.940Z,58.134,-142.627,10,3.5,ml,,,,0.7,us,usp0005w63,2020-09-14T20:06:53.386Z,"229 km SW of Yakutat, Alaska",earthquake,,,,,reviewed,us,pgc
1993-07-13T12:41:11.510Z,39.303,27.712,10,2.6,ml,,,,0.8,us,usp0005w60,2014-11-07T00:53:29.332Z,"10 km SSE of Sava?tepe, Turkey",earthquake,,,,,reviewed,us,isk
1993-07-13T12:36:25.560Z,42.954,139.363,27.6,5,mb,,,,1,us,usp0005w5y,2014-11-07T00:53:29.322Z,"93 km W of Iwanai, Japan",earthquake,,,,48,reviewed,us,us
1993-07-13T12:36:03.620Z,39.643,29.444,10,2.7,ml,,,,0.5,us,usp0005w5x,2014-11-07T00:53:29.320Z,"12 km NNW of Tav?anl?, Turkey",earthquake,,,,,reviewed,us,isk
1993-07-13T12:35:04.460Z,42.483,139.122,18.8,4.8,mb,,,,1.1,us,usp0005w5w,2014-11-07T00:53:29.313Z,"126 km WSW of Iwanai, Japan",earthquake,,,,29,reviewed,us,us
1993-07-13T12:29:24.020Z,40.129,29.463,10,2.8,ml,,,,0.4,us,usp0005w5u,2014-11-07T00:53:29.310Z,"5 km WNW of Alanyurt, Turkey",earthquake,,,,,reviewed,us,isk
1993-07-13T12:28:38.640Z,52.242,106.47,24.3,4.8,mb,,,,1.3,us,usp0005w5s,2014-11-07T00:53:29.302Z,"22 km NE of Istok, Russia",earthquake,,,,28,reviewed,us,us
1993-07-13T12:26:14.610Z,39.689,29.423,10,2.6,ml,,,,0.9,us,usp0005w5r,2014-11-07T00:53:29.301Z,"17 km NNW of Tav?anl?, Turkey",earthquake,,,,,reviewed,us,isk
1993-07-13T12:21:08.260Z,-23.16,-176.876,192.6,4.6,mb,,,,1.2,us,usp0005w5q,2014-11-07T00:53:29.297Z,"279 km SW of Vaini, Tonga",earthquake,,,,7,reviewed,us,us
1993-07-13T12:14:57.020Z,6.703,-72.825,188.1,4.2,mb,,,,1,us,usp0005w5p,2014-11-07T00:53:29.296Z,"3 km NNW of Molagavita, Colombia",earthquake,,18.5,,1,reviewed,us,us
1993-07-13T11:55:49.750Z,59.7095,-144.6273,10,2.6,ml,,,,0.3,ak,ak9938x14zof,2020-09-14T20:06:53.748Z,"112 km SSE of Cordova, Alaska",earthquake,,43.7,,,reviewed,ak,ak
1993-07-13T11:35:22.930Z,39.607,29.428,10,2.6,ml,,,,0.6,us,usp0005w5j,2014-11-07T00:53:29.266Z,"9 km NW of Tav?anl?, Turkey",earthquake,,,,,reviewed,us,isk
1993-07-13T11:33:36.330Z,40.089,20.7,10,3.5,md,,,,0.9,us,usp0005w5h,2014-11-07T00:53:29.262Z,"6 km NW of Kónitsa, Greece",earthquake,,,,,reviewed,us,ath
1993-07-13T11:29:50.630Z,-29.439,-176.499,33,5.1,ms,,,,1.4,us,usp0005w5g,2014-11-07T00:53:29.260Z,"Kermadec Islands region",earthquake,,,,1,reviewed,us,us
1993-07-13T11:19:34.230Z,47.515,154.254,16.1,4.9,mb,,,,1,us,usp0005w5f,2014-11-07T00:53:29.256Z,"Kuril Islands",earthquake,,,,27,reviewed,us,us
1993-07-13T11:14:53.070Z,-22.203,170.257,33,5,mb,,,,1.1,us,usp0005w5e,2014-11-07T00:53:29.250Z,"256 km ESE of Tadine, New Caledonia",earthquake,,,,12,reviewed,us,us
1993-07-13T10:58:32.920Z,44.252,8.226,5,2.6,ml,,,,0.6,us,usp0005w59,2014-11-07T00:53:29.240Z,"2 km S of Bormida, Italy",earthquake,,,,,reviewed,us,gen
1993-07-13T10:51:18.530Z,-34.185,-70.435,100,3.5,md,,,,0.1,us,usp0005w58,2014-11-07T00:53:29.238Z,"19 km E of Machalí, Chile",earthquake,,,,,reviewed,us,san
1993-07-13T10:38:05.770Z,42.174,139.209,33,4.5,mb,,,,1.4,us,usp0005w56,2014-11-07T00:53:29.232Z,"125 km WNW of Kamiiso, Japan",earthquake,,,,21,reviewed,us,us
1993-07-13T10:15:07.360Z,43.149,139.175,33,4.5,mb,,,,1.1,us,usp0005w52,2014-11-07T00:53:29.222Z,"110 km W of Iwanai, Japan",earthquake,,,,31,reviewed,us,us
1993-07-13T09:53:22.220Z,44.226,8.258,5,3.4,ml,,,,0.8,us,usp0005w4y,2014-11-07T00:53:29.191Z,"0 km WSW of Rialto, Italy",earthquake,,,,,reviewed,us,gen
1993-07-13T09:45:25.190Z,39.097,27.77,10,2.8,ml,,,,1.1,us,usp0005w4x,2014-11-07T00:53:29.190Z,"8 km E of K?rka?aç, Turkey",earthquake,,,,,reviewed,us,isk
1993-07-13T09:44:31.020Z,39.663,29.404,10,2.9,ml,,,,0.3,us,usp0005w4w,2014-11-07T00:53:29.189Z,"15 km NNW of Tav?anl?, Turkey",earthquake,,,,,reviewed,us,isk
1993-07-13T09:38:41.520Z,42.546,139.022,21.8,4.7,mb,,,,1.3,us,usp0005w4v,2014-11-07T00:53:29.180Z,"130 km WSW of Iwanai, Japan",earthquake,,,,28,reviewed,us,us
1993-07-13T09:22:32.540Z,39.035,27.6,10,2.6,ml,,,,0,us,usp0005w4u,2014-11-07T00:53:29.179Z,"8 km NW of Zeytinliova, Turkey",earthquake,,,,,reviewed,us,isk
1993-07-13T09:14:37.720Z,41.159,28.465,10,2.7,ml,,,,0.2,us,usp0005w4t,2014-11-07T00:53:29.178Z,"1 km N of Çatalca, Turkey",earthquake,,,,,reviewed,us,isk
1993-07-13T09:03:20.790Z,42.311,139.073,22.4,5.2,ms,,,,1,us,usp0005w4s,2014-11-07T00:53:29.166Z,"138 km WSW of Iwanai, Japan",earthquake,,,,11,reviewed,us,us
1993-07-13T08:40:18.010Z,39.112,27.818,10,2.7,ml,,,,0.8,us,usp0005w4r,2014-11-07T00:53:29.165Z,"12 km E of K?rka?aç, Turkey",earthquake,,,,,reviewed,us,isk
1993-07-13T08:35:53.320Z,-3.372,145.633,24,5.8,mw,,,,1.4,us,usp0005w4q,2022-04-28T18:07:13.074Z,"190 km ENE of Angoram, Papua New Guinea",earthquake,,,,,reviewed,us,hrv
1993-07-13T07:33:15.730Z,33.516,-118.374,5.778,2.82,ml,0,84.2,,0.353,ci,ci3113301,2016-02-10T09:53:35.590Z,"20km NNW of Avalon, California",earthquake,,,,47,reviewed,ci,ci
1993-07-13T06:55:42.380Z,42.116,139.407,13.3,4.6,mb,,,,1.3,us,usp0005w4k,2014-11-07T00:53:29.128Z,"107 km WNW of Kamiiso, Japan",earthquake,,,,19,reviewed,us,us
1993-07-13T06:52:01.410Z,41.842,139.835,33,4.3,mb,,,,1.3,us,usp0005w4j,2014-11-07T00:53:29.126Z,"67 km W of Kamiiso, Japan",earthquake,,,,4,reviewed,us,us
1993-07-13T06:32:59.330Z,40.755,27.48,10,2.7,ml,,,,0.4,us,usp0005w4g,2014-11-07T00:53:29.123Z,"14 km S of Kumba?, Turkey",earthquake,,,,,reviewed,us,isk
1993-07-13T05:47:55.120Z,42.071,139.558,33,3.8,mb,,,,1.6,us,usp0005w4e,2014-11-07T00:53:29.120Z,"94 km WNW of Kamiiso, Japan",earthquake,,,,1,reviewed,us,us
1993-07-13T05:38:10.770Z,72.824,9.611,10,3.9,ms,,,,1.6,us,usp0005w4d,2014-11-07T00:53:29.118Z,"Norwegian Sea",earthquake,,,,1,reviewed,us,us
1993-07-13T05:31:13.740Z,41.934,139.34,33,4.1,mb,,,,1.2,us,usp0005w4c,2014-11-07T00:53:29.117Z,"109 km W of Kamiiso, Japan",earthquake,,,,6,reviewed,us,us
1993-07-13T05:00:41.180Z,-31.158,-68.775,133.5,4.4,md,,,,1.3,us,usp0005w4b,2014-11-07T00:53:29.113Z,"39 km NW of Albardón, Argentina",earthquake,,10.1,,,reviewed,us,san
1993-07-13T04:58:39.160Z,-41.412,178.376,33,4,mb,,,,0.7,us,usp0005w4a,2014-11-07T00:53:29.111Z,"189 km ESE of Castlepoint, New Zealand",earthquake,,,,1,reviewed,us,us
1993-07-13T04:58:12.100Z,11.689,-87.064,49.1,4.9,ms,,,,1.3,us,usp0005w49,2014-11-07T00:53:29.103Z,"60 km W of Masachapa, Nicaragua",earthquake,,,,9,reviewed,us,us
1993-07-13T04:54:54.010Z,-21.004,-178.214,500,4.6,mb,,,,1.3,us,usp0005w48,2014-11-07T00:53:29.100Z,"Fiji region",earthquake,,,,7,reviewed,us,us
1993-07-13T04:04:22.340Z,44.257,8.276,5,2.7,ml,,,,0.8,us,usp0005w45,2014-11-07T00:53:29.093Z,"3 km NNE of Rialto, Italy",earthquake,,,,,reviewed,us,gen
1993-07-13T03:56:47.930Z,40.776,27.504,10,2.8,ml,,,,0.6,us,usp0005w44,2014-11-07T00:53:29.092Z,"12 km SSE of Kumba?, Turkey",earthquake,,,,,reviewed,us,isk
1993-07-13T03:19:27.640Z,39.091,22.318,10,3.2,md,,,,0.7,us,usp0005w42,2014-11-07T00:53:29.088Z,"4 km ESE of Omvriakí, Greece",earthquake,,,,,reviewed,us,ath
1993-07-13T03:18:58.590Z,42.624,139.146,27,4.5,mb,,,,1.2,us,usp0005w41,2014-11-07T00:53:29.085Z,"118 km WSW of Iwanai, Japan",earthquake,,,,4,reviewed,us,us
1993-07-13T03:04:44.270Z,44.272,8.229,5,2.5,ml,,,,1,us,usp0005w3z,2014-11-07T00:53:29.081Z,"0 km SSW of Bormida, Italy",earthquake,,,,,reviewed,us,gen
1993-07-13T02:35:01.780Z,43.109,139.53,33,3.9,mb,,,,1.7,us,usp0005w3y,2014-11-07T00:53:29.079Z,"81 km W of Iwanai, Japan",earthquake,,,,5,reviewed,us,us
1993-07-13T02:33:20.800Z,42.781,138.906,33,4.5,mb,,,,1.3,us,usp0005w3x,2014-11-07T00:53:29.077Z,"132 km W of Iwanai, Japan",earthquake,,,,12,reviewed,us,us
1993-07-13T02:19:48.600Z,42.617,139.269,33,4.6,mb,,,,0.9,us,usp0005w3w,2014-11-07T00:53:29.072Z,"108 km WSW of Iwanai, Japan",earthquake,,,,32,reviewed,us,us
1993-07-13T02:15:05.660Z,43.153,139.286,30.4,4.6,mb,,,,1.2,us,usp0005w3v,2014-11-07T00:53:29.066Z,"101 km W of Iwanai, Japan",earthquake,,,,37,reviewed,us,us
1993-07-13T02:12:07.260Z,42.206,139.351,33,4.3,mb,,,,1.2,us,usp0005w3t,2014-11-07T00:53:29.061Z,"115 km WNW of Kamiiso, Japan",earthquake,,,,14,reviewed,us,us
1993-07-13T02:07:15.320Z,44.657,9.977,13.8,2.9,ml,,,,0.9,us,usp0005w3r,2014-11-07T00:53:29.055Z,"4 km SW of Varano De' Melegari, Italy",earthquake,,2,,,reviewed,us,vie
1993-07-13T01:16:54.680Z,33.525,-118.363,0.368,3.14,ml,0,69.8,,0.216,ci,ci3113230,2016-02-10T16:50:59.392Z,"20km N of Avalon, California",earthquake,,1.192,,50,reviewed,ci,ci
1993-07-13T01:16:53.390Z,42.821,139.361,33,4.5,mb,,,,1.6,us,usp0005w3n,2014-11-07T00:53:29.048Z,"95 km W of Iwanai, Japan",earthquake,,,,10,reviewed,us,us
1993-07-13T00:51:25.470Z,33.521,-118.346,1.298,3.25,ml,0,63.6,,0.259,ci,ci3113227,2016-02-11T00:07:44.130Z,"20km N of Avalon, California",earthquake,,0.798,,58,reviewed,ci,ci
1993-07-13T00:33:27.960Z,42.053,139.522,33,4.2,mb,,,,1,us,usp0005w3j,2014-11-07T00:53:29.043Z,"96 km WNW of Kamiiso, Japan",earthquake,,,,6,reviewed,us,us
1993-07-12T23:52:58.240Z,41.873,139.325,17.7,5.2,mb,,,,0.9,us,usp0005w3h,2014-11-07T00:53:29.023Z,"109 km W of Kamiiso, Japan",earthquake,,,,106,reviewed,us,us
1993-07-12T23:44:52.790Z,34.246,-116.424,2.037,2.65,ml,0,44.7,,0.161,ci,ci3113221,2016-02-10T02:43:46.426Z,"15km N of Yucca Valley, California",earthquake,,0.344,,12,reviewed,ci,ci
1993-07-12T22:46:17.870Z,42.587,139.064,20.5,4.8,mb,,,,1.4,us,usp0005w3f,2014-11-07T00:53:29.015Z,"125 km WSW of Iwanai, Japan",earthquake,,,,27,reviewed,us,us
1993-07-12T22:45:38.310Z,41.993,139.456,16.5,4.6,mb,,,,1.5,us,usp0005w3e,2014-11-07T00:53:29.011Z,"100 km W of Kamiiso, Japan",earthquake,,,,6,reviewed,us,us
1993-07-12T22:34:17.340Z,43.126,139.502,33,4.3,mb,,,,1.5,us,usp0005w3d,2014-11-07T00:53:29.009Z,"83 km WNW of Iwanai, Japan",earthquake,,,,7,reviewed,us,us
1993-07-12T22:13:24.220Z,28.27,56.979,33,4.4,mb,,,,0.8,us,usp0005w3b,2014-11-07T00:53:29.005Z,"112 km S of K?h Sef?d, Iran",earthquake,,,,13,reviewed,us,us
1993-07-12T22:08:31.310Z,40.241,26.943,5,2.8,ml,,,,1,us,usp0005w3a,2014-11-07T00:53:29.004Z,"24 km ESE of Lapseki, Turkey",earthquake,,,,,reviewed,us,isk
1993-07-12T21:53:27.490Z,42.624,138.925,22,5,mb,,,,1.1,us,usp0005w39,2014-11-07T00:53:28.990Z,"135 km WSW of Iwanai, Japan",earthquake,,,,69,reviewed,us,us
1993-07-12T21:50:09.690Z,42.736,139.444,33,3.7,mb,,,,0.9,us,usp0005w37,2014-11-07T00:53:28.986Z,"90 km WSW of Iwanai, Japan",earthquake,,,,1,reviewed,us,us
1993-07-12T21:46:53.450Z,42.623,139.347,18.5,4.2,mb,,,,1.3,us,usp0005w35,2014-11-07T00:53:28.981Z,"102 km WSW of Iwanai, Japan",earthquake,,,,4,reviewed,us,us
1993-07-12T21:11:51.290Z,42.756,139.199,20.3,4.2,mb,,,,1.2,us,usp0005w34,2014-11-07T00:53:28.978Z,"109 km WSW of Iwanai, Japan",earthquake,,,,7,reviewed,us,us
1993-07-12T20:59:37.430Z,40.212,26.928,10,2.9,ml,,,,0.8,us,usp0005w33,2014-11-07T00:53:28.977Z,"22 km NNW of Çan, Turkey",earthquake,,,,,reviewed,us,isk
1993-07-12T20:58:43.780Z,59.6227,-146.2155,10,3.4,ml,,,,0.33,ak,ak9938viz6be,2020-09-14T20:06:56.410Z,"105 km SSW of Cordova, Alaska",earthquake,,3.2,,,reviewed,ak,ak
1993-07-12T20:54:43.750Z,43.092,139.395,33,3.9,mb,,,,1.4,us,usp0005w30,2014-11-07T00:53:28.969Z,"91 km W of Iwanai, Japan",earthquake,,,,4,reviewed,us,us
1993-07-12T20:49:54.190Z,42.557,139.289,22.3,4.4,mb,,,,1.4,us,usp0005w2z,2014-11-07T00:53:28.965Z,"110 km WSW of Iwanai, Japan",earthquake,,,,21,reviewed,us,us
1993-07-12T20:22:08.640Z,42.944,137.945,33,4.1,mb,,,,0.8,us,usp0005w2x,2014-11-07T00:53:28.963Z,"209 km W of Iwanai, Japan",earthquake,,,,5,reviewed,us,us
1993-07-12T20:19:33.120Z,34.846,26.703,10,3.9,ml,,,,0.1,us,usp0005w2w,2014-11-07T00:53:28.961Z,"56 km SE of Palekastro, Greece",earthquake,,,,,reviewed,us,css
1993-07-12T20:16:53.420Z,42.841,139.011,33,4,mb,,,,1.2,us,usp0005w2v,2014-11-07T00:53:28.960Z,"123 km W of Iwanai, Japan",earthquake,,,,1,reviewed,us,us
1993-07-12T20:07:00.180Z,42.288,139.131,33,4.2,mb,,,,1.5,us,usp0005w2u,2014-11-07T00:53:28.958Z,"135 km WNW of Kamiiso, Japan",earthquake,,,,7,reviewed,us,us
1993-07-12T19:50:07.650Z,43.476,139.509,33,4,mb,,,,1.5,us,usp0005w2t,2014-11-07T00:53:28.957Z,"98 km NW of Iwanai, Japan",earthquake,,,,1,reviewed,us,us
1993-07-12T19:31:18.710Z,42.151,139.29,33,3.6,mb,,,,1.5,us,usp0005w2r,2014-11-07T00:53:28.955Z,"118 km WNW of Kamiiso, Japan",earthquake,,,,1,reviewed,us,us
1993-07-12T19:26:52.240Z,42.522,139.449,33,4.2,mb,,,,1.7,us,usp0005w2q,2014-11-07T00:53:28.953Z,"100 km WSW of Iwanai, Japan",earthquake,,,,1,reviewed,us,us
1993-07-12T19:22:40.300Z,13.805,-91.684,33,4.5,mb,,,,0.9,us,usp0005w2p,2014-11-07T00:53:28.951Z,"59 km SSE of Champerico, Guatemala",earthquake,,,,9,reviewed,us,us
1993-07-12T18:55:14.450Z,42.293,138.738,33,4.3,mb,,,,0.3,us,usp0005w2n,2014-11-07T00:53:28.949Z,"163 km WSW of Iwanai, Japan",earthquake,,,,4,reviewed,us,us
1993-07-12T18:47:17.560Z,43.15,139.397,17.9,4.3,mb,,,,0.9,us,usp0005w2m,2014-11-07T00:53:28.947Z,"92 km WNW of Iwanai, Japan",earthquake,,,,8,reviewed,us,us
1993-07-12T18:42:25.280Z,52.048,-166.393,10,5.1,mb,,,,1.2,us,usp0005w2k,2014-11-07T00:53:28.931Z,"194 km ESE of Nikolski, Alaska",earthquake,,,,74,reviewed,us,us
1993-07-12T18:34:30.140Z,-9.357,157.352,21.9,5,mb,,,,1.2,us,usp0005w2j,2014-11-07T00:53:28.927Z,"149 km SSE of Gizo, Solomon Islands",earthquake,,,,17,reviewed,us,us
1993-07-12T18:26:00.570Z,43.061,139.456,22.4,4.7,mb,,,,1,us,usp0005w2h,2014-11-07T00:53:28.920Z,"86 km W of Iwanai, Japan",earthquake,,,,33,reviewed,us,us
1993-07-12T18:17:20.810Z,43.043,139.286,25.3,5,mb,,,,1,us,usp0005w2g,2014-11-07T00:53:28.907Z,"99 km W of Iwanai, Japan",earthquake,,,,63,reviewed,us,us
1993-07-12T18:14:21.430Z,42.071,139.211,33,4.2,mb,,,,1.2,us,usp0005w2f,2014-11-07T00:53:28.905Z,"122 km WNW of Kamiiso, Japan",earthquake,,,,4,reviewed,us,us
1993-07-12T18:10:56.270Z,42.77,139.322,17.9,4.8,mb,,,,1,us,usp0005w2e,2014-11-07T00:53:28.899Z,"99 km WSW of Iwanai, Japan",earthquake,,,,33,reviewed,us,us
1993-07-12T18:07:54.080Z,42.289,139.239,33,4.6,mb,,,,1.3,us,usp0005w2d,2014-11-07T00:53:28.893Z,"127 km WNW of Kamiiso, Japan",earthquake,,,,28,reviewed,us,us
1993-07-12T17:58:58.280Z,42.251,138.734,33,4.3,mb,,,,0.7,us,usp0005w2c,2014-11-07T00:53:28.891Z,"165 km WNW of Kamiiso, Japan",earthquake,,,,1,reviewed,us,us
1993-07-12T17:34:04.320Z,42.236,139.137,33,3.7,mb,,,,1.4,us,usp0005w2b,2014-11-07T00:53:28.890Z,"133 km WNW of Kamiiso, Japan",earthquake,,,,1,reviewed,us,us
1993-07-12T17:27:26.330Z,42.331,138.892,33,4,mb,,,,0.3,us,usp0005w28,2014-11-07T00:53:28.886Z,"150 km WSW of Iwanai, Japan",earthquake,,,,3,reviewed,us,us
1993-07-12T17:26:27.890Z,40.3688333,-124.484,18.474,2.81,md,13,252,0.155,0.03,nc,nc367870,2016-12-20T14:46:12.489Z,"29 km SW of Ferndale, California",earthquake,1.59,0.27,0.2,23,reviewed,nc,nc
1993-07-12T17:26:08.430Z,59.6387,-146.2108,2.9,2.6,ml,,,,0.3,ak,ak9938vgzxuz,2020-09-14T20:06:57.443Z,"103 km SSW of Cordova, Alaska",earthquake,,2.8,,,reviewed,ak,ak
1993-07-12T17:13:21.510Z,42.85,138.975,33,4.2,mb,,,,1.1,us,usp0005w26,2014-11-07T00:53:28.882Z,"126 km W of Iwanai, Japan",earthquake,,,,4,reviewed,us,us
1993-07-12T16:45:51.190Z,62.3698,-151.0995,84.5,2.6,ml,,,,0.23,ak,ak9938vgio5r,2020-09-14T20:06:57.796Z,"22 km SW of Petersville, Alaska",earthquake,,2.1,,,reviewed,ak,ak
1993-07-12T16:42:05.850Z,41.3088333,-123.3858333,35.541,2.86,md,16,69,0.05946,0.12,nc,nc367846,2016-12-20T14:45:48.728Z,"44 km WSW of Etna, California",earthquake,0.48,0.42,0.18,17,reviewed,nc,nc
1993-07-12T16:41:06.410Z,59.6053,-146.2595,10,3.4,ml,,,,0.28,ak,ak9938vghpu9,2020-09-14T20:06:58.256Z,"108 km SSW of Cordova, Alaska",earthquake,,1.9,,,reviewed,ak,ak
1993-07-12T16:37:36.700Z,-8.272,111.406,158.1,4.8,mb,,,,1.5,us,usp0005w23,2014-11-07T00:53:28.868Z,"39 km WSW of Trenggalek, Indonesia",earthquake,,17.4,,8,reviewed,us,us
1993-07-12T16:36:07.670Z,41.864,139.27,33,4.3,mb,,,,1.2,us,usp0005w22,2014-11-07T00:53:28.866Z,"114 km W of Kamiiso, Japan",earthquake,,,,7,reviewed,us,us
1993-07-12T16:15:34.800Z,42.043,139.171,33,4.3,mb,,,,1.2,us,usp0005w20,2014-11-07T00:53:28.863Z,"124 km W of Kamiiso, Japan",earthquake,,,,1,reviewed,us,us
1993-07-12T16:01:07.170Z,42.825,139.288,28.5,6,mb,,,,1.1,us,usp0005w1z,2022-04-28T18:07:06.778Z,"101 km W of Iwanai, Japan",earthquake,,,,147,reviewed,us,us
1993-07-12T15:59:43.820Z,42.794,139.201,33,4.1,mb,,,,0.9,us,usp0005w1y,2014-11-07T00:53:28.820Z,"108 km W of Iwanai, Japan",earthquake,,,,5,reviewed,us,us
1993-07-12T15:41:02.050Z,43.03,139.156,28.7,4.6,mb,,,,1.2,us,usp0005w1w,2014-11-07T00:53:28.812Z,"110 km W of Iwanai, Japan",earthquake,,,,23,reviewed,us,us
1993-07-12T15:35:22.180Z,42.898,139.042,19.1,4.8,mb,,,,1,us,usp0005w1v,2014-11-07T00:53:28.770Z,"120 km W of Iwanai, Japan",earthquake,,,,30,reviewed,us,us
1993-07-12T15:32:17.020Z,42.652,139.197,33,4.9,mb,,,,1,us,usp0005w1u,2014-11-07T00:53:28.630Z,"113 km WSW of Iwanai, Japan",earthquake,,,,47,reviewed,us,us
1993-07-12T15:31:12.590Z,42.925,139.47,33,4,mb,,,,1.2,us,usp0005w1t,2014-11-07T00:53:28.626Z,"84 km W of Iwanai, Japan",earthquake,,,,2,reviewed,us,us
1993-07-12T15:25:28.530Z,41.863,139.51,33,4.7,mb,,,,1.2,us,usp0005w1s,2014-11-07T00:53:28.545Z,"94 km W of Kamiiso, Japan",earthquake,,,,31,reviewed,us,us
1993-07-12T15:24:31.140Z,59.607,-146.2547,10,2.8,ml,,,,0.31,ak,ak9938vfsoyy,2020-09-14T20:06:59.073Z,"107 km SSW of Cordova, Alaska",earthquake,,1.8,,,reviewed,ak,ak
1993-07-12T15:20:06.650Z,42.016,139.342,33,4.4,mb,,,,1.1,us,usp0005w1q,2014-11-07T00:53:28.466Z,"110 km W of Kamiiso, Japan",earthquake,,,,7,reviewed,us,us
1993-07-12T15:15:22.340Z,41.867,139.327,33,4.8,mb,,,,1.6,us,usp0005w1p,2014-11-07T00:53:28.435Z,"109 km W of Kamiiso, Japan",earthquake,,,,14,reviewed,us,us
1993-07-12T15:15:11.610Z,42.626,139.241,33,4.1,mb,,,,1.6,us,usp0005w1n,2014-11-07T00:53:28.433Z,"110 km WSW of Iwanai, Japan",earthquake,,,,4,reviewed,us,us
1993-07-12T15:10:56.530Z,41.771,138.885,33,4.5,mb,,,,0.7,us,usp0005w1m,2014-11-07T00:53:28.425Z,"146 km W of Kamiiso, Japan",earthquake,,,,7,reviewed,us,us
1993-07-12T15:07:53.550Z,42.522,139.449,27.1,4.6,mb,,,,1,us,usp0005w1k,2014-11-07T00:53:28.288Z,"100 km WSW of Iwanai, Japan",earthquake,,,,17,reviewed,us,us
1993-07-12T15:04:31.610Z,18.846,145.451,230,4.1,mb,,,,0.7,us,usp0005w1j,2014-11-07T00:53:28.287Z,"Pagan region, Northern Mariana Islands",earthquake,,13.5,,4,reviewed,us,us
1993-07-12T15:00:40.530Z,42.013,139.703,33,4.2,mb,,,,1,us,usp0005w1h,2014-11-07T00:53:28.285Z,"81 km WNW of Kamiiso, Japan",earthquake,,,,7,reviewed,us,us
1993-07-12T14:52:30.800Z,42.821,139.255,18.5,4.7,mb,,,,1.1,us,usp0005w1g,2014-11-07T00:53:28.267Z,"103 km W of Iwanai, Japan",earthquake,,,,25,reviewed,us,us
1993-07-12T14:45:05.570Z,43.124,139.183,33,6.3,ms,,,,1.1,us,usp0005w1f,2022-04-28T18:07:01.207Z,"109 km W of Iwanai, Japan",earthquake,,,,4,reviewed,us,us
1993-07-12T14:43:57.430Z,35.044,-116.975,2.668,2.58,mc,0,61.3,,0.144,ci,ci3113153,2016-02-10T20:27:41.450Z,"17km NNE of Barstow, California",earthquake,,0.355,,131,reviewed,ci,ci
1993-07-12T14:29:52.220Z,42.208,139.277,33,4.6,mb,,,,1.4,us,usp0005w1e,2014-11-07T00:53:28.101Z,"121 km WNW of Kamiiso, Japan",earthquake,,,,8,reviewed,us,us
1993-07-12T14:27:20.350Z,43.197,138.803,18.9,4.9,mb,,,,1.4,us,usp0005w1d,2014-11-07T00:53:28.085Z,"141 km W of Iwanai, Japan",earthquake,,,,15,reviewed,us,us
1993-07-12T14:22:49.040Z,42.547,139.385,26.7,5.2,mb,,,,0.9,us,usp0005w1c,2014-11-07T00:53:28.067Z,"103 km WSW of Iwanai, Japan",earthquake,,,,53,reviewed,us,us
1993-07-12T14:18:25.870Z,42.378,139.135,33,4.6,mb,,,,1.1,us,usp0005w1b,2014-11-07T00:53:27.906Z,"130 km WSW of Iwanai, Japan",earthquake,,,,17,reviewed,us,us
1993-07-12T14:09:05.840Z,43.024,139.313,33,5.2,mb,,,,1,us,usp0005w1a,2014-11-07T00:53:27.889Z,"97 km W of Iwanai, Japan",earthquake,,,,64,reviewed,us,us
1993-07-12T14:05:17.710Z,42.082,139.167,33,5.6,mb,,,,0.8,us,usp0005w19,2022-04-28T18:06:55.225Z,"125 km WNW of Kamiiso, Japan",earthquake,,,,66,reviewed,us,us
1993-07-12T14:04:25.070Z,42.986,139.43,33,5.4,mb,,,,0.9,us,usp0005w18,2022-04-28T18:06:47.503Z,"88 km W of Iwanai, Japan",earthquake,,,,74,reviewed,us,us
1993-07-12T14:01:48.000Z,43.093,139.308,33,5.1,mb,,,,1,us,usp0005w16,2014-11-07T00:53:27.588Z,"98 km W of Iwanai, Japan",earthquake,,,,45,reviewed,us,us
1993-07-12T13:43:01.680Z,42.924,139.445,33,5,mb,,,,0.9,us,usp0005w15,2014-11-07T00:53:27.585Z,"87 km W of Iwanai, Japan",earthquake,,,,19,reviewed,us,us
1993-07-12T13:35:43.350Z,42.529,139.514,33,5.1,mb,,,,1.3,us,usp0005w14,2014-11-07T00:53:27.582Z,"95 km WSW of Iwanai, Japan",earthquake,,,,13,reviewed,us,us
1993-07-12T13:19:59.000Z,14.248,-93.014,32.8,4.1,mb,,,,1.4,us,usp0005w13,2014-11-07T00:53:27.579Z,"82 km SW of Puerto Madero, Mexico",earthquake,,,,7,reviewed,us,us
1993-07-12T13:17:11.960Z,42.851,139.197,16.7,7.7,mw,,,,1,us,usp0005w12,2022-04-28T18:06:42.334Z,"107 km W of Iwanai, Japan",earthquake,,,,,reviewed,us,hrv
1993-07-12T13:15:36.870Z,-34.538,-70.373,10,3.7,md,,,,0.4,us,usp0005w11,2014-11-07T00:53:27.496Z,"46 km ESE of Rengo, Chile",earthquake,,,,,reviewed,us,san
1993-07-12T13:02:39.210Z,39.054,27.776,10,2.8,ml,,,,0.9,us,usp0005w10,2014-11-07T00:53:27.495Z,"10 km ESE of K?rka?aç, Turkey",earthquake,,,,,reviewed,us,isk
1993-07-12T12:58:20.950Z,39.664,29.457,10,2.7,ml,,,,0.8,us,usp0005w0z,2014-11-07T00:53:27.493Z,"13 km NNW of Tav?anl?, Turkey",earthquake,,,,,reviewed,us,isk
1993-07-12T12:42:14.730Z,39.053,27.918,10,2.6,ml,,,,0.6,us,usp0005w0y,2014-11-07T00:53:27.492Z,"16 km NNE of Akhisar, Turkey",earthquake,,,,,reviewed,us,isk
1993-07-12T12:16:47.460Z,19.285,148.844,26.2,4.5,mb,,,,0.8,us,usp0005w0x,2014-11-07T00:53:27.488Z,"Mariana Islands region",earthquake,,,,10,reviewed,us,us
1993-07-12T12:15:13.610Z,59.24,-144.8732,10,2.6,ml,,,,0.6,ak,ak9938vdyfcx,2020-09-14T20:06:59.788Z,"153 km SSE of Cordova, Alaska",earthquake,,7.9,,,reviewed,ak,ak
1993-07-12T12:10:41.760Z,-26.266,27.723,5,2.7,ml,,,,0.8,us,usp0005w0u,2014-11-07T00:53:27.481Z,"9 km SSE of Randfontein, South Africa",earthquake,,,,,reviewed,us,pre
1993-07-12T11:35:13.990Z,39.208,27.455,10,2.7,ml,,,,0.2,us,usp0005w0s,2014-11-07T00:53:27.479Z,"13 km W of Soma, Turkey",earthquake,,,,,reviewed,us,isk
1993-07-12T11:00:38.430Z,39.623,29.498,10,2.6,ml,,,,0.2,us,usp0005w0q,2014-11-07T00:53:27.477Z,"8 km N of Tav?anl?, Turkey",earthquake,,,,,reviewed,us,isk
1993-07-12T10:31:04.730Z,39.094,27.539,10,2.7,ml,,,,0.6,us,usp0005w0n,2014-11-07T00:53:27.474Z,"11 km W of K?rka?aç, Turkey",earthquake,,,,,reviewed,us,isk
1993-07-12T10:05:19.540Z,39.13,27.607,10,2.7,ml,,,,0.5,us,usp0005w0m,2014-11-07T00:53:27.473Z,"5 km WNW of K?rka?aç, Turkey",earthquake,,,,,reviewed,us,isk
1993-07-12T10:02:32.310Z,39.109,27.557,10,2.7,ml,,,,0.2,us,usp0005w0k,2014-11-07T00:53:27.472Z,"9 km SSW of Soma, Turkey",earthquake,,,,,reviewed,us,isk
1993-07-12T09:02:15.490Z,63.966,8.809,10,2.8,md,,,,1.3,us,usp0005w0g,2014-11-07T00:53:27.468Z,"26 km N of Sistranda, Norway",earthquake,,,,,reviewed,us,ber
1993-07-12T09:01:43.030Z,40.89,30.586,10,2.8,ml,,,,0.3,us,usp0005w0f,2014-11-07T00:53:27.467Z,"9 km E of Sö?ütlü, Turkey",earthquake,,,,,reviewed,us,isk
1993-07-12T08:44:15.150Z,39.139,27.693,10,2.7,ml,,,,0.5,us,usp0005w0e,2014-11-07T00:53:27.465Z,"4 km NNE of K?rka?aç, Turkey",earthquake,,,,,reviewed,us,isk
1993-07-12T08:25:10.020Z,72.083,1.311,10,4.2,mb,,,,1.2,us,usp0005w0b,2014-11-07T00:53:27.460Z,"Norwegian Sea",earthquake,,,,3,reviewed,us,us
1993-07-12T08:10:14.970Z,41.233,28.401,10,2.7,ml,,,,0.1,us,usp0005w09,2014-11-07T00:53:27.457Z,"11 km NNW of Çatalca, Turkey",earthquake,,,,,reviewed,us,isk
1993-07-12T08:04:21.080Z,12.962,-88.695,33,4.8,mb,,,,1.5,us,usp0005w08,2014-11-07T00:53:27.451Z,"38 km SSW of Puerto El Triunfo, El Salvador",earthquake,,,,17,reviewed,us,us
1993-07-12T07:54:06.160Z,-9.714,128.734,33,5.2,mb,,,,1.3,us,usp0005w06,2014-11-07T00:53:27.448Z,"231 km SE of Lospalos, Timor Leste",earthquake,,,,6,reviewed,us,us
1993-07-12T07:23:38.790Z,59.9892,-151.7755,60.8,2.8,ml,,,,0.24,ak,ak9938vb1107,2020-09-14T20:07:00.437Z,"5 km NNW of Happy Valley, Alaska",earthquake,,1.4,,,reviewed,ak,ak
1993-07-12T07:18:37.380Z,39.644,29.491,10,2.6,ml,,,,1,us,usp0005w03,2014-11-07T00:53:27.439Z,"11 km N of Tav?anl?, Turkey",earthquake,,,,,reviewed,us,isk
1993-07-12T07:15:47.340Z,49.559,-119.721,5,2.5,ml,,,,,us,usp0005w02,2016-07-23T23:25:14.510Z,"5 km SW of Summerland, Canada",earthquake,,,,,reviewed,pgc,pgc
1993-07-12T06:59:58.320Z,39.077,27.786,10,2.7,ml,,,,0.7,us,usp0005w01,2014-11-07T00:53:27.434Z,"10 km ESE of K?rka?aç, Turkey",earthquake,,,,,reviewed,us,isk
1993-07-12T06:40:08.550Z,72.299,1.23,10,4.4,mb,,,,1.6,us,usp0005w00,2014-11-07T00:53:27.432Z,"Norwegian Sea",earthquake,,,,8,reviewed,us,us
1993-07-12T06:08:03.250Z,-33.413,-70.848,73.8,3.4,md,,,,0.3,us,usp0005vzz,2014-11-07T00:53:27.430Z,"11 km WNW of Lo Prado, Chile",earthquake,,30.3,,,reviewed,us,san
1993-07-12T05:05:31.320Z,72.175,1.071,10,5.3,mw,,,,1.2,us,usp0005vzx,2025-12-19T22:52:36.435Z,"Norwegian Sea",earthquake,,,,,reviewed,us,hrv
1993-07-12T05:01:38.850Z,47.733,17.588,10,3,ml,,,,1.1,us,usp0005vzw,2014-11-07T00:53:27.400Z,"5 km NE of Abda, Hungary",earthquake,,,,,reviewed,us,vie
1993-07-12T04:53:41.140Z,18.7875,-155.1803333,5.994,2.64,ml,43,287,,0.13,hv,hv767599,2020-03-31T22:14:58.380Z,"52 km SE of Naalehu, Hawaii",earthquake,0.82,0.73,0.12,11,reviewed,hv,hv
1993-07-12T04:48:20.800Z,36.035,-79.823,5,2.7,mb_lg,,,0.61154,,se,se61332,2022-06-28T14:43:50.002Z,"5 km SW of Greensboro, North Carolina",earthquake,,,,,reviewed,us,us
1993-07-12T04:46:10.940Z,52.907,159.738,33,4.4,mb,,,,1.7,us,usp0005vzu,2014-11-07T00:53:27.396Z,"74 km ESE of Petropavlovsk-Kamchatsky, Russia",earthquake,,,,4,reviewed,us,us
1993-07-12T04:34:48.930Z,14.494,-93.746,22.7,4.2,mb,,,,1.1,us,usp0005vzs,2014-11-07T00:53:27.389Z,"122 km SSW of La Esperanza (El Zapotal), Mexico",earthquake,,,,5,reviewed,us,us
1993-07-12T03:32:58.970Z,5.728,126.713,129.7,4.7,mb,,,,0.5,us,usp0005vzp,2014-11-07T00:53:27.384Z,"91 km SE of Pondaguitan, Philippines",earthquake,,22.3,,3,reviewed,us,us
1993-07-12T03:26:33.070Z,36.531,-7.694,10,2.7,mblg,,,,1.4,us,usp0005vzn,2014-11-07T00:53:27.382Z,"56 km SSE of Olhão, Portugal",earthquake,,,,,reviewed,us,mdd
1993-07-12T03:22:38.870Z,-31.908,-70.492,117.3,3.8,md,,,,0.7,us,usp0005vzk,2014-11-07T00:53:27.379Z,"46 km ESE of Salamanca, Chile",earthquake,,21.2,,,reviewed,us,san
1993-07-12T02:53:15.430Z,35.254,-2.306,10,3.1,mblg,,,,1.4,us,usp0005vzj,2014-11-07T00:53:27.375Z,"20 km NNW of Saidia, Morocco",earthquake,,,,,reviewed,us,mdd
1993-07-12T02:38:32.410Z,40.649,19.324,10,3,ml,,,,1.5,us,usp0005vzh,2014-11-07T00:53:27.371Z,"21 km WSW of Fier, Albania",earthquake,,,,,reviewed,us,tir
1993-07-12T01:28:42.630Z,35.661,-117.567,4.367,2.7,ml,0,124,,0.175,ci,ci3113098,2016-02-10T09:53:25.571Z,"11km ENE of Ridgecrest, California",earthquake,,0.365,,27,reviewed,ci,ci
1993-07-11T22:49:26.870Z,71.981,2.533,10,4.5,mb,,,,1.5,us,usp0005vzb,2014-11-07T00:53:27.361Z,"Norwegian Sea",earthquake,,,,1,reviewed,us,us
1993-07-11T21:58:03.960Z,11.582,-86.513,35.1,4.4,mb,,,,0.9,us,usp0005vz8,2014-11-07T00:53:27.351Z,"22 km S of Masachapa, Nicaragua",earthquake,,,,6,reviewed,us,us
1993-07-11T20:40:51.550Z,-27.935,26.71,5,2.5,ml,,,,0.6,us,usp0005vz7,2014-11-07T00:53:27.349Z,"5 km NNW of Welkom, South Africa",earthquake,,,,,reviewed,us,pre
1993-07-11T20:30:11.690Z,-37.438,176.404,238.5,4.9,mb,,,,1.1,us,usp0005vz6,2014-11-07T00:53:27.344Z,"34 km NE of Tauranga, New Zealand",earthquake,,4.2,,4,reviewed,us,us
1993-07-11T20:11:15.350Z,37.027,-4.51,10,2.7,mblg,,,,0.8,us,usp0005vz5,2014-11-07T00:53:27.342Z,"4 km E of Antequera, Spain",earthquake,,,,,reviewed,us,mdd
1993-07-11T20:09:38.430Z,-23.176,-67.995,132.7,5.4,mb,,,,1,us,usp0005vz4,2022-04-28T18:06:37.169Z,"36 km SE of San Pedro de Atacama, Chile",earthquake,,,,39,reviewed,us,us
1993-07-11T17:48:11.010Z,47.626,154.156,28.2,5.8,mw,,,,0.9,us,usp0005vz1,2022-04-28T18:06:31.682Z,"Kuril Islands",earthquake,,,,,reviewed,us,hrv
1993-07-11T16:47:23.200Z,41.216,28.929,5,2.6,ml,,,,0,us,usp0005vz0,2014-11-07T00:53:27.268Z,"6 km WSW of Ar?köy, Turkey",earthquake,,,,,reviewed,us,isk
1993-07-11T16:43:11.920Z,39.82,27.303,10,2.7,ml,,,,0.7,us,usp0005vyz,2014-11-07T00:53:27.266Z,"5 km SE of Hamdibey, Turkey",earthquake,,,,,reviewed,us,isk
1993-07-11T16:26:39.460Z,72.365,1.538,10,4.6,mb,,,,1.5,us,usp0005vyy,2014-11-07T00:53:27.263Z,"Norwegian Sea",earthquake,,,,9,reviewed,us,us
1993-07-11T15:58:22.920Z,33.851,138.786,33,4.1,mb,,,,1.2,us,usp0005vyx,2014-11-07T00:53:27.260Z,"92 km S of Shimoda, Japan",earthquake,,,,1,reviewed,us,us
1993-07-11T15:22:36.360Z,40.495,28.055,5,2.6,ml,,,,0.4,us,usp0005vyw,2014-11-07T00:53:27.259Z,"17 km NNE of Band?rma, Turkey",earthquake,,,,,reviewed,us,isk
1993-07-11T15:15:23.340Z,31.423,103.958,10,4.5,mb,,,,1.5,us,usp0005vyv,2014-11-07T00:53:27.255Z,"48 km N of Tianpeng, China",earthquake,,,,11,reviewed,us,us
1993-07-11T15:11:42.630Z,-32.107,-69.803,120,4,md,,,,0.6,us,usp0005vyu,2014-11-07T00:53:27.236Z,"93 km SSW of Calingasta, Argentina",earthquake,,,,,reviewed,us,san
1993-07-11T14:53:30.090Z,39.678,29.402,10,2.7,ml,,,,0.8,us,usp0005vyt,2014-11-07T00:53:27.234Z,"17 km NNW of Tav?anl?, Turkey",earthquake,,,,,reviewed,us,isk
1993-07-11T14:30:33.680Z,24.269,122.27,10,4.1,mb,,,,0.9,us,usp0005vys,2014-11-07T00:53:27.232Z,"74 km ENE of Hualien City, Taiwan",earthquake,,,,1,reviewed,us,us
1993-07-11T14:07:03.970Z,40.679,30.168,5,2.7,ml,,,,1.1,us,usp0005vyr,2014-11-07T00:53:27.231Z,"8 km W of Sapanca, Turkey",earthquake,,,,,reviewed,us,isk
1993-07-11T13:36:21.240Z,-25.304,-70.166,47.5,6.6,mw,,,,1.2,us,usp0005vyp,2022-04-28T18:06:20.267Z,"34 km ENE of Taltal, Chile",earthquake,,,,,reviewed,us,hrv
1993-07-11T13:35:23.420Z,63.0895,-149.8502,90.2,2.7,ml,,,,0.2,ak,ak9938tr4tjq,2020-09-14T20:07:04.279Z,"56 km SW of Cantwell, Alaska",earthquake,,1.6,,,reviewed,ak,ak
1993-07-11T12:56:18.930Z,41.034,20.099,9,3.5,md,,,,1.3,us,usp0005vyk,2014-11-07T00:53:27.146Z,"8 km S of Elbasan, Albania",earthquake,,3.3,,,reviewed,us,ttg
1993-07-11T12:42:53.480Z,39.235,27.691,10,2.7,ml,,,,0.7,us,usp0005vyj,2014-11-07T00:53:27.145Z,"8 km NE of Soma, Turkey",earthquake,,,,,reviewed,us,isk
1993-07-11T12:32:35.230Z,39.254,27.546,10,2.6,ml,,,,1.1,us,usp0005vyh,2014-11-07T00:53:27.144Z,"9 km NW of Soma, Turkey",earthquake,,,,,reviewed,us,isk
1993-07-11T12:23:45.370Z,33.876,138.843,13.1,4.3,mb,,,,1.2,us,usp0005vyg,2014-11-07T00:53:27.140Z,"89 km S of Shimoda, Japan",earthquake,,4.8,,7,reviewed,us,us
1993-07-11T10:46:37.100Z,34.465,-116.465,2.118,2.54,ml,0,49.3,,0.113,ci,ci3113044,2016-02-10T20:27:24.726Z,"39km N of Yucca Valley, California",earthquake,,0.54,,18,reviewed,ci,ci
1993-07-11T10:39:06.700Z,44.433,-112.575,3.6,3,md,,,,,us,usp0005vye,2014-11-07T00:53:27.135Z,"22 km S of Lima, Montana",earthquake,,,,,reviewed,but,but
1993-07-11T10:33:32.990Z,41.097,20.16,11.6,3.6,mb,,,,1.2,us,usp0005vyd,2014-11-07T00:53:27.127Z,"6 km ESE of Elbasan, Albania",earthquake,,2.5,,2,reviewed,us,us
1993-07-11T09:50:39.740Z,51.272,15.731,10,3.3,ml,,,,1.3,us,usp0005vyc,2014-11-07T00:53:27.124Z,"8 km NNW of Olszanica, Poland",earthquake,,,,,reviewed,us,grf
1993-07-11T09:45:02.050Z,34.138,-116.603,0.372,2.87,ml,0,33.8,,0.153,ci,ci3113042,2016-02-09T23:05:59.759Z,"10km NNW of Morongo Valley, California",earthquake,,0.221,,24,reviewed,ci,ci
1993-07-11T09:31:53.610Z,39.128,27.654,10,2.7,ml,,,,0.3,us,usp0005vya,2014-11-07T00:53:27.121Z,"2 km NNW of K?rka?aç, Turkey",earthquake,,,,,reviewed,us,isk
1993-07-11T09:18:00.260Z,-26.195,28.165,5,2.8,ml,,,,0.3,us,usp0005vy9,2014-11-07T00:53:27.119Z,"6 km SSE of Edenvale, South Africa",earthquake,,,,,reviewed,us,pre
1993-07-11T08:57:49.040Z,37.092,-4.506,10,3.3,md,,,,1.3,us,usp0005vy8,2014-11-07T00:53:27.113Z,"9 km NNE of Antequera, Spain",earthquake,,,,,reviewed,us,rba
1993-07-11T08:43:03.010Z,-7.34,126.035,28.7,5,mb,,,,1.3,us,usp0005vy7,2014-11-07T00:53:27.110Z,"129 km N of Manatutu, Timor Leste",earthquake,,,,11,reviewed,us,us
1993-07-11T07:51:59.950Z,38.926,24.282,10,3.4,ml,,,,0.8,us,usp0005vy5,2014-11-07T00:53:27.107Z,"24 km W of Skýros, Greece",earthquake,,,,,reviewed,us,ath
1993-07-11T07:45:14.480Z,39.092,27.513,10,2.7,ml,,,,0.6,us,usp0005vy4,2014-11-07T00:53:27.106Z,"11 km E of K?n?k, Turkey",earthquake,,,,,reviewed,us,isk
1993-07-11T07:42:12.370Z,56.9388,-149.5778,10,4.6,mb,,,,0.59,ak,ak9938tnlp2t,2020-09-14T20:07:05.347Z,"179 km ESE of Chiniak, Alaska",earthquake,,24.4,,,reviewed,ak,ak
1993-07-11T07:38:29.400Z,27.099,54.876,33,4.1,mb,,,,1.7,us,usp0005vy2,2014-11-07T00:53:27.091Z,"59 km N of Bandar-e Lengeh, Iran",earthquake,,,,4,reviewed,us,us
1993-07-11T07:30:23.070Z,34.559,-116.529,2.428,2.55,mc,0,60.3,,0.159,ci,ci3113033,2016-02-10T20:27:22.118Z,"38km WSW of Ludlow, California",earthquake,,0.689,,134,reviewed,ci,ci
1993-07-11T06:35:12.130Z,15.365,-61.086,130.3,4.4,mb,,,,0.9,us,usp0005vy0,2014-11-07T00:53:27.086Z,"17 km ENE of La Plaine, Dominica",earthquake,,3.7,,1,reviewed,us,us
1993-07-11T06:14:29.570Z,51.681,16.294,10,3.3,ml,,,,0.6,us,usp0005vxz,2014-11-07T00:53:27.084Z,"4 km SE of Szlichtyngowa, Poland",earthquake,,,,,reviewed,us,grf
1993-07-11T06:10:34.910Z,51.27,15.726,10,3.5,ml,,,,1.3,us,usp0005vxy,2014-11-07T00:53:27.081Z,"8 km NW of Olszanica, Poland",earthquake,,,,,reviewed,us,grf
1993-07-11T05:58:03.640Z,38.892,26.768,10,2.7,ml,,,,0.3,us,usp0005vxx,2014-11-07T00:53:27.079Z,"15 km WSW of Çandarl?, Turkey",earthquake,,,,,reviewed,us,isk
1993-07-11T05:00:44.850Z,34.763,-117.496,-0.062,3.06,ml,0,26.4,,0.153,ci,ci3113023,2016-02-10T06:17:28.782Z,"22km NNW of Adelanto, California",earthquake,,0.255,,57,reviewed,ci,ci
1993-07-11T04:12:08.420Z,-33.091,-70.446,93.2,3.4,md,,,,0.3,us,usp0005vxu,2014-11-07T00:53:27.072Z,"28 km NE of Chicureo Abajo, Chile",earthquake,,41.9,,,reviewed,us,san
1993-07-11T02:52:21.110Z,57.9723,-153.5448,46.5,3.5,ml,,,,0.23,ak,ak9938tkoovz,2020-09-14T20:07:06.164Z,"38 km WSW of Aleneva, Alaska",earthquake,,1.6,,,reviewed,ak,ak
1993-07-11T02:21:24.290Z,36.532,9.205,33,3.9,mb,,,,1.3,us,usp0005vxs,2014-11-07T00:53:27.060Z,"9 km NNW of Tabursuq, Tunisia",earthquake,,,,1,reviewed,us,us
1993-07-11T02:01:48.240Z,41.595,20.798,6.2,3.6,md,,,,1,us,usp0005vxr,2014-11-07T00:53:27.054Z,"11 km W of Zajas, North Macedonia",earthquake,,2.2,,,reviewed,us,ttg
1993-07-11T01:06:09.590Z,59.0782,-145.351,10,2.6,ml,,,,0.45,ak,ak9938tjtdgf,2020-09-14T20:07:07.661Z,"164 km S of Cordova, Alaska",earthquake,,10.8,,,reviewed,ak,ak
1993-07-11T00:53:50.580Z,-9.022,-108.719,10,4.8,mb,,,,1.2,us,usp0005vxn,2014-11-07T00:53:27.045Z,"central East Pacific Rise",earthquake,,,,9,reviewed,us,us
1993-07-11T00:25:15.530Z,41.948,142.399,67.4,4.7,mb,,,,1,us,usp0005vxm,2014-11-07T00:53:27.035Z,"Hokkaido, Japan region",earthquake,,4.9,,40,reviewed,us,us
1993-07-10T21:54:10.500Z,34.01,138.657,12.9,4.9,mb,,,,1.2,us,usp0005vxj,2014-11-07T00:53:27.012Z,"77 km SSE of ?yama, Japan",earthquake,,,,28,reviewed,us,us
1993-07-10T21:09:57.850Z,19.8306667,-155.9963333,45.446,3.15,ml,49,228,,0.1,hv,hv767335,2020-03-31T22:14:57.510Z,"11 km N of Kalaoa, Hawaii",earthquake,0.92,0.84,0.24,19,reviewed,hv,hv
1993-07-10T21:03:36.300Z,37.941,21.145,10,3.2,ml,,,,0.8,us,usp0005vxh,2014-11-07T00:53:27.009Z,"0 km N of Kyllíni, Greece",earthquake,,,,,reviewed,us,ath
1993-07-10T20:40:58.930Z,9.821,-83.622,19.5,5.8,mw,,,,1.3,us,usp0005vxf,2022-04-28T18:06:18.814Z,"3 km S of La Suiza, Costa Rica",earthquake,,,,,reviewed,us,hrv
1993-07-10T20:26:04.310Z,37.814,21.103,10,4.4,mb,,,,1.4,us,usp0005vxe,2014-11-07T00:53:26.968Z,"3 km S of Arkoúdi, Greece",earthquake,,,,10,reviewed,us,us
1993-07-10T20:15:10.760Z,33.192,-115.596,4.338,2.9,ml,0,95,,0.251,ci,ci3112996,2016-02-10T09:53:09.323Z,"9km SW of Niland, California",earthquake,,0.162,,24,reviewed,ci,ci
1993-07-10T20:12:54.200Z,36.622,106.394,48.2,3.9,mb,,,,1.2,us,usp0005vxc,2014-11-07T00:53:26.964Z,"122 km NNW of Pingliang, China",earthquake,,14.6,,3,reviewed,us,us
1993-07-10T20:03:59.580Z,44.923,6.664,10,2.6,ml,,,,0.6,us,usp0005vxb,2014-11-07T00:53:26.957Z,"3 km NE of Briançon, France",earthquake,,,,,reviewed,us,str
1993-07-10T20:02:55.400Z,33.984,138.927,14.7,4.8,mb,,,,1.3,us,usp0005vxa,2014-11-07T00:53:26.946Z,"76 km S of Shimoda, Japan",earthquake,,,,27,reviewed,us,us
1993-07-10T18:29:37.690Z,37.836,-1.502,10,2.7,mblg,,,,0.5,us,usp0005vx8,2014-11-07T00:53:26.944Z,"6 km WSW of Alhama de Murcia, Spain",earthquake,,,,,reviewed,us,mdd
1993-07-10T16:42:51.920Z,34.242,-116.426,1.937,2.79,ml,0,44.5,,0.143,ci,ci3112980,2016-02-09T23:05:55.801Z,"14km N of Yucca Valley, California",earthquake,,0.325,,17,reviewed,ci,ci
1993-07-10T16:24:38.860Z,67.5907,-149.781,20,2.8,ml,,,,0.41,ak,ak9938s5bg6m,2020-09-14T20:07:10.099Z,"24 km NE of Wiseman, Alaska",earthquake,,14.3,,,reviewed,ak,ak
1993-07-10T15:38:30.370Z,15.552,-60.846,33,3.4,ml,,,,0.3,us,usp0005vx0,2014-11-07T00:53:26.931Z,"45 km ENE of Castle Bruce, Dominica",earthquake,,,,,reviewed,us,fdf
1993-07-10T15:21:09.840Z,39.145,27.468,5,2.7,ml,,,,0.8,us,usp0005vwz,2014-11-07T00:53:26.930Z,"9 km NE of K?n?k, Turkey",earthquake,,,,,reviewed,us,isk
1993-07-10T15:02:36.010Z,51.403,15.963,10,2.7,ml,,,,0.7,us,usp0005vwy,2014-11-07T00:53:26.927Z,"4 km ESE of Chocianów, Poland",earthquake,,,,,reviewed,us,cll
1993-07-10T14:12:35.370Z,-20.68,-178.027,563.3,4.9,mb,,,,1.1,us,usp0005vww,2014-11-07T00:53:26.917Z,"297 km W of Haveluloto, Tonga",earthquake,,,,19,reviewed,us,us
1993-07-10T12:42:40.490Z,65.983,-151.7347,4.2,2.5,ml,,,,0.22,ak,ak9938s31ks1,2020-09-14T20:07:10.760Z,"74 km SSE of New Allakaket, Alaska",earthquake,,4.8,,,reviewed,ak,ak
1993-07-10T11:28:26.680Z,-28.497,-71.725,40.3,4.8,mb,,,,1.2,us,usp0005vwu,2014-11-07T00:53:26.913Z,"94 km W of Vallenar, Chile",earthquake,,16.7,,2,reviewed,us,us
1993-07-10T10:15:12.610Z,17.285,-60.617,10,3.8,mb,,,,1,us,usp0005vwt,2014-11-07T00:53:26.910Z,"118 km NNE of Beauséjour, Guadeloupe",earthquake,,,,1,reviewed,us,us
1993-07-10T10:08:05.540Z,-26.968,26.801,5,3.6,ml,,,,1.2,us,usp0005vws,2014-11-07T00:53:26.908Z,"12 km E of Orkney, South Africa",earthquake,,,,,reviewed,us,pre
1993-07-10T09:35:52.900Z,43.892,11.881,10,3.1,md,,,,0.8,us,usp0005vwq,2014-11-07T00:53:26.904Z,"6 km SSW of Santa Sofia, Italy",earthquake,,,,,reviewed,us,tri
1993-07-10T08:59:07.920Z,47.309,10.175,9.9,4.2,ml,,,,1.3,us,usp0005vwp,2014-11-07T00:53:26.890Z,"4 km S of Hirschegg, Austria",earthquake,,2,,,reviewed,us,grf
1993-07-10T08:21:03.290Z,39.24,27.763,10,2.8,ml,,,,0.9,us,usp0005vwn,2014-11-07T00:53:26.889Z,"14 km ENE of Soma, Turkey",earthquake,,,,,reviewed,us,isk
1993-07-10T08:08:40.120Z,35.319,27.79,10,3.9,md,,,,1.1,us,usp0005vwm,2014-11-07T00:53:26.888Z,"56 km ESE of Karpathos, Greece",earthquake,,,,,reviewed,us,ath
1993-07-10T07:26:26.110Z,39.123,27.631,10,2.7,ml,,,,0.6,us,usp0005vwk,2014-11-07T00:53:26.887Z,"3 km WNW of K?rka?aç, Turkey",earthquake,,,,,reviewed,us,isk
1993-07-10T06:03:10.000Z,36.354,25.572,33,2.9,mb,,,,0.7,us,usp0005vwj,2014-11-07T00:53:26.885Z,"11 km E of Emporeío, Greece",earthquake,,,,1,reviewed,us,us
1993-07-10T05:20:14.650Z,-23.619,-69.178,109.1,4.2,mb,,,,1.4,us,usp0005vwf,2014-11-07T00:53:26.881Z,"124 km E of Antofagasta, Chile",earthquake,,12,,1,reviewed,us,us
1993-07-10T03:26:49.530Z,-32.714,-71.403,22.7,4,md,,,,1.3,us,usp0005vwc,2014-11-07T00:53:26.857Z,"19 km WNW of Hacienda La Calera, Chile",earthquake,,7.7,,,reviewed,us,san
1993-07-10T03:14:35.730Z,29.264,104.137,10,4,ml,,,,1,us,usp0005vwb,2014-11-07T00:53:26.856Z,"17 km SE of Luocheng, China",earthquake,,,,,reviewed,us,bji
1993-07-10T02:36:08.840Z,-26.956,26.779,5,2.7,ml,,,,0.6,us,usp0005vwa,2014-11-07T00:53:26.854Z,"10 km ENE of Orkney, South Africa",earthquake,,,,,reviewed,us,pre
1993-07-10T02:10:21.230Z,36.509,-5.634,10,2.9,mblg,,,,0.5,us,usp0005vw9,2014-11-07T00:53:26.853Z,"9 km ENE of Alcalá de los Gazules, Spain",earthquake,,,,,reviewed,us,mdd
1993-07-10T01:47:01.620Z,41.4645,-126.1365,2.303,2.85,md,14,289,1.679,0.1,nc,nc367182,2016-12-20T14:38:23.052Z,"164 km WSW of Crescent City, California",earthquake,3.43,11.45,0.05,2,reviewed,nc,nc
1993-07-10T00:42:05.960Z,55.877,162.138,33,4.5,mb,,,,1.1,us,usp0005vw4,2014-11-07T00:53:26.843Z,"44 km SSW of Ust’-Kamchatsk Staryy, Russia",earthquake,,,,12,reviewed,us,us
1993-07-09T23:17:47.950Z,-17.553,167.77,28.7,5.1,mb,,,,1.1,us,usp0005vw3,2014-11-07T00:53:26.834Z,"61 km WNW of Port-Vila, Vanuatu",earthquake,,,,11,reviewed,us,us
1993-07-09T23:06:05.130Z,36.853,55.23,61.2,4.6,mb,,,,1.4,us,usp0005vw1,2014-11-07T00:53:26.831Z,"26 km S of ?z?dshahr, Iran",earthquake,,21.1,,3,reviewed,us,us
1993-07-09T22:38:13.460Z,-33.299,-70.597,33,3.5,md,,,,1.2,us,usp0005vw0,2014-11-07T00:53:26.830Z,"5 km ESE of Chicureo Abajo, Chile",earthquake,,,,,reviewed,us,san
1993-07-09T21:34:28.710Z,-29.071,-176.734,38,5.2,mb,,,,1.5,us,usp0005vvy,2014-11-07T00:53:26.823Z,"Kermadec Islands region",earthquake,,,,10,reviewed,us,us
1993-07-09T21:09:48.970Z,-29.054,-176.744,40.2,5.3,mb,,,,1.3,us,usp0005vvx,2022-04-28T18:06:12.897Z,"Kermadec Islands region",earthquake,,,,11,reviewed,us,us
1993-07-09T20:34:03.720Z,37.402,20.483,10,3.3,md,,,,1,us,usp0005vvw,2014-11-07T00:53:26.814Z,"46 km SW of Lithakiá, Greece",earthquake,,,,,reviewed,us,ath
1993-07-09T19:48:21.090Z,-17.415,167.896,25.1,4.7,mb,,,,1,us,usp0005vvv,2014-11-07T00:53:26.808Z,"56 km NW of Port-Vila, Vanuatu",earthquake,,9,,5,reviewed,us,us
1993-07-09T19:00:59.350Z,35.393,21.899,33,3.5,md,,,,1,us,usp0005vvt,2014-11-07T00:53:26.805Z,"129 km SW of Kýthira, Greece",earthquake,,,,,reviewed,us,ath
1993-07-09T18:54:13.200Z,-33.522,-70.165,110,3.5,md,,,,0.3,us,usp0005vvs,2014-11-07T00:53:26.803Z,"39 km E of Villa Presidente Frei, Ñuñoa, Santiago, Chile, Chile",earthquake,,,,,reviewed,us,san
1993-07-09T18:02:13.540Z,44.181,7.327,13.4,2.8,ml,,,,0.5,us,usp0005vvq,2014-11-07T00:53:26.798Z,"8 km SW of Entracque, Italy",earthquake,,2.9,,,reviewed,us,gen
1993-07-09T16:49:27.430Z,63.256,-149.5313,94.4,3.1,ml,,,,0.21,ak,ak9938qhxfpj,2020-09-14T20:07:14.690Z,"32 km WSW of Cantwell, Alaska",earthquake,,1.4,,,reviewed,ak,ak
1993-07-09T16:37:06.330Z,-17.448,167.783,10,5,mb,,,,1.1,us,usp0005vvn,2014-11-07T00:53:26.786Z,"64 km WNW of Port-Vila, Vanuatu",earthquake,,,,15,reviewed,us,us
1993-07-09T16:23:17.350Z,26.81,86.059,33,4.6,mb,,,,1.2,us,usp0005vvm,2014-11-07T00:53:26.784Z,"15 km NE of Janakpur, Nepal",earthquake,,,,2,reviewed,us,us
1993-07-09T15:51:08.150Z,38.506,14.613,10,3.2,md,,,,0.6,us,usp0005vvk,2014-11-07T00:53:26.782Z,"19 km WSW of Leni, Italy",earthquake,,,,,reviewed,us,rom
1993-07-09T15:37:53.650Z,-19.782,-177.486,398.2,6.1,mw,,,,1,us,usp0005vvj,2022-04-28T18:06:06.906Z,"281 km WNW of Haveluloto, Tonga",earthquake,,,,,reviewed,us,hrv
1993-07-09T13:08:49.330Z,-17.443,167.839,23.5,5,mb,,,,1.1,us,usp0005vvh,2014-11-07T00:53:26.718Z,"59 km WNW of Port-Vila, Vanuatu",earthquake,,9.4,,10,reviewed,us,us
1993-07-09T13:03:09.510Z,-17.369,167.929,16.8,5.9,mwb,,,,1,us,usp0005vvg,2022-04-28T18:06:01.704Z,"57 km NW of Port-Vila, Vanuatu",earthquake,,,,,reviewed,us,us
1993-07-09T12:08:19.220Z,-8.838,122.132,33,4.8,mb,,,,1.5,us,usp0005vve,2014-11-07T00:53:26.674Z,"25 km SSW of Maumere, Indonesia",earthquake,,,,4,reviewed,us,us
1993-07-09T10:45:18.750Z,39.527,28.291,10,2.9,ml,,,,0.5,us,usp0005vvb,2014-11-07T00:53:26.670Z,"20 km NE of Bigadiç, Turkey",earthquake,,,,,reviewed,us,isk
1993-07-09T10:36:05.900Z,28.14,56.036,33,5,mb,,,,1,us,usp0005vva,2014-11-07T00:53:26.666Z,"108 km NNW of Bandar Abbas, Iran",earthquake,,,,22,reviewed,us,us
1993-07-09T10:29:21.540Z,28.416,55.369,23.1,5.2,mw,,,,1.2,us,usp0005vv9,2022-04-28T18:06:00.390Z,"88 km ESE of D?r?b, Iran",earthquake,,,,,reviewed,us,hrv
1993-07-09T09:58:57.520Z,-33.082,-71.783,20.7,4.1,md,,,,1.1,us,usp0005vv6,2014-11-07T00:53:26.634Z,"15 km WSW of Valparaíso, Chile",earthquake,,5.8,,,reviewed,us,san
1993-07-09T09:20:10.890Z,-34.356,-70.289,10,3.7,md,,,,0.5,us,usp0005vv5,2014-11-07T00:53:26.632Z,"38 km ESE of Machalí, Chile",earthquake,,,,,reviewed,us,san
1993-07-09T09:07:01.100Z,39.514,28.316,10,3.1,ml,,,,1,us,usp0005vv4,2014-11-07T00:53:26.631Z,"20 km NE of Bigadiç, Turkey",earthquake,,,,,reviewed,us,isk
1993-07-09T08:48:16.240Z,39.417,28.336,10,2.8,ml,,,,0.5,us,usp0005vv2,2014-11-07T00:53:26.628Z,"17 km E of Bigadiç, Turkey",earthquake,,,,,reviewed,us,isk
1993-07-09T08:17:05.940Z,10.875,-87.218,33,4.3,mb,,,,1.2,us,usp0005vv1,2014-11-07T00:53:26.626Z,"126 km SW of Masachapa, Nicaragua",earthquake,,,,1,reviewed,us,us
1993-07-09T08:16:44.100Z,39.491,28.296,10,2.9,ml,,,,0.5,us,usp0005vv0,2014-11-07T00:53:26.625Z,"17 km NE of Bigadiç, Turkey",earthquake,,,,,reviewed,us,isk
1993-07-09T08:03:20.960Z,39.452,28.239,10,3.1,ml,,,,0.4,us,usp0005vuz,2014-11-07T00:53:26.624Z,"11 km NE of Bigadiç, Turkey",earthquake,,,,,reviewed,us,isk
1993-07-09T07:47:55.920Z,39.524,28.254,10,3.1,ml,,,,1.2,us,usp0005vux,2014-11-07T00:53:26.621Z,"18 km NE of Bigadiç, Turkey",earthquake,,,,,reviewed,us,isk
1993-07-09T07:12:50.670Z,58.4337,-154.2902,81.5,2.5,ml,,,,0.72,ak,ak9938qccnkb,2020-09-14T20:07:15.490Z,"91 km WNW of Aleneva, Alaska",earthquake,,14.6,,,reviewed,ak,ak
1993-07-09T07:09:35.980Z,51.269,-176.203,33,5,mb,,,,1.3,us,usp0005vuw,2020-09-14T20:07:15.813Z,"73 km SSE of Adak, Alaska",earthquake,,,,27,reviewed,us,us
1993-07-09T03:37:01.870Z,44.774,6.793,10,2.5,ml,,,,0.4,us,usp0005vus,2014-11-07T00:53:26.605Z,"17 km NE of Guillestre, France",earthquake,,,,,reviewed,us,gen
1993-07-09T03:34:56.210Z,-4.078,135.134,80.4,5,mb,,,,1.3,us,usp0005vur,2014-11-07T00:53:26.603Z,"89 km SSW of Nabire, Indonesia",earthquake,,23.5,,4,reviewed,us,us
1993-07-09T03:30:14.440Z,15.235,-93.079,33,4.2,md,,,,0.7,us,usp0005vuq,2014-11-07T00:53:26.601Z,"25 km SSE of La Esperanza (El Zapotal), Mexico",earthquake,,,,,reviewed,us,gcg
1993-07-09T02:00:51.690Z,9.934,-83.645,33,4.3,md,,,,1,us,usp0005vun,2014-11-07T00:53:26.596Z,"5 km NE of Turrialba, Costa Rica",earthquake,,,,,reviewed,us,upa
1993-07-09T01:29:15.690Z,43.168,17.769,5,2.7,ml,,,,0.7,us,usp0005vum,2014-11-07T00:53:26.594Z,"7 km NNE of Tasov?i?i, Bosnia and Herzegovina",earthquake,,,,,reviewed,us,ttg
1993-07-09T01:05:44.440Z,43.224,17.818,10,3.5,ml,,,,1.4,us,usp0005vuk,2014-11-07T00:53:26.587Z,"Croatia-Bosnia and Herzegovina border region",earthquake,,,,,reviewed,us,tir
1993-07-09T00:55:12.980Z,-32.006,-71.758,10,3.9,md,,,,0.7,us,usp0005vuj,2014-11-07T00:53:26.585Z,"69 km SW of Illapel, Chile",earthquake,,,,,reviewed,us,san
1993-07-09T00:05:24.900Z,-32.674,-70.78,70,3.4,md,,,,0.3,us,usp0005vuh,2014-11-07T00:53:26.584Z,"9 km NNW of San Felipe, Chile",earthquake,,,,,reviewed,us,san
1993-07-08T23:50:18.080Z,18.078,-77.389,10,3.3,md,,,,0.5,us,usp0005vug,2014-11-07T00:53:26.582Z,"5 km NNE of Porus, Jamaica",earthquake,,,,,reviewed,us,hoj
1993-07-08T23:31:06.210Z,37.337,69.983,33,4.5,mb,,,,0.8,us,usp0005vuf,2014-11-07T00:53:26.580Z,"27 km NNE of Rust?q, Afghanistan",earthquake,,,,9,reviewed,us,us
1993-07-08T23:30:42.130Z,-32.597,-69.901,124.5,4.3,md,,,,0.9,us,usp0005vue,2014-11-07T00:53:26.577Z,"70 km ENE of Los Andes, Chile",earthquake,,11.9,,,reviewed,us,san
1993-07-08T23:18:57.830Z,9.79,-83.617,11.7,4.8,mb,,,,1,us,usp0005vud,2014-11-07T00:53:26.569Z,"6 km S of La Suiza, Costa Rica",earthquake,,4,,21,reviewed,us,us
1993-07-08T23:12:31.350Z,11.155,-61.932,93,3.2,md,,,,0.3,us,usp0005vuc,2014-11-07T00:53:26.567Z,"65 km NW of Petit Valley, Trinidad and Tobago",earthquake,,33.2,,,reviewed,us,trn
1993-07-08T22:57:44.870Z,34.245,-116.429,1.507,4.01,ml,0,45.2,,0.171,ci,ci3112773,2016-02-10T06:16:57.475Z,"14km N of Yucca Valley, California",earthquake,,0.319,,51,reviewed,ci,ci
1993-07-08T22:56:40.260Z,6.787,-72.955,174.4,4.6,mb,,,,1,us,usp0005vua,2014-11-07T00:53:26.562Z,"4 km NNE of Cepitá, Colombia",earthquake,,30.4,,2,reviewed,us,us
1993-07-08T22:46:19.590Z,51.093,176.678,33,4.5,mb,,,,1.4,us,usp0005vu9,2014-11-07T00:53:26.560Z,"Rat Islands, Aleutian Islands, Alaska",earthquake,,,,6,reviewed,us,us
1993-07-08T22:11:03.170Z,65.605,-148.2982,-3,2.8,ml,,,,0.52,ak,ak9938oxqhrh,2020-09-14T20:07:17.702Z,"14 km NE of Livengood, Alaska",earthquake,,2,,,reviewed,ak,ak
1993-07-08T22:06:15.000Z,-24.148,-68.725,106.4,5.2,mb,,,,1.1,us,usp0005vu6,2014-11-07T00:53:26.536Z,"147 km SSW of San Pedro de Atacama, Chile",earthquake,,,,52,reviewed,us,us
1993-07-08T21:40:23.030Z,39.502,28.322,10,3.5,md,,,,0.9,us,usp0005vu5,2014-11-07T00:53:26.465Z,"20 km NE of Bigadiç, Turkey",earthquake,,,,,reviewed,us,ath
1993-07-08T20:55:48.900Z,58.5242,-154.4175,-3,3,ml,,,,0.48,ak,ak9938owt5l6,2020-09-14T20:07:18.029Z,"102 km WNW of Aleneva, Alaska",earthquake,,1,,,reviewed,ak,ak
1993-07-08T20:50:23.710Z,57.6873,-154.1092,3.6,2.8,ml,,,,0.13,ak,ak9938ows12b,2020-09-14T20:07:18.349Z,"Kodiak Island region, Alaska",earthquake,,4.4,,,reviewed,ak,ak
1993-07-08T18:27:09.980Z,34.957,-116.785,1.961,3.84,ml,0,78,,0.206,ci,ci3112722,2016-02-10T02:43:07.896Z,"23km ENE of Barstow, California",earthquake,,0.737,,50,reviewed,ci,ci
1993-07-08T18:26:24.130Z,54.598,-160.056,33,4.6,mb,,,,0.8,us,usp0005vtz,2014-11-07T00:53:26.340Z,"86 km SSE of Sand Point, Alaska",earthquake,,,,5,reviewed,us,us
1993-07-08T18:22:17.810Z,-20.858,172.317,33,6,mw,,,,1.3,us,usp0005vty,2022-04-28T18:05:58.460Z,"Vanuatu region",earthquake,,,,,reviewed,us,hrv
1993-07-08T18:11:13.740Z,50.3,18.916,10,2.8,ml,,,,0.8,us,usp0005vtx,2014-11-07T00:53:26.290Z,"0 km NNW of ?wi?toch?owice, Poland",earthquake,,,,,reviewed,us,war
1993-07-08T16:49:09.690Z,-33.694,-71.942,28.1,4,md,,,,0.7,us,usp0005vtu,2014-11-07T00:53:26.285Z,"32 km WSW of San Antonio, Chile",earthquake,,6,,,reviewed,us,san
1993-07-08T16:49:04.250Z,50.179,19.117,10,2.9,ml,,,,0.9,us,usp0005vtt,2014-11-07T00:53:26.283Z,"4 km NNW of L?dziny, Poland",earthquake,,,,,reviewed,us,war
1993-07-08T16:47:59.620Z,11.984,124.197,18.1,4.9,mb,,,,1.2,us,usp0005vts,2014-11-07T00:53:26.280Z,"19 km NE of Limbuhan, Philippines",earthquake,,9,,5,reviewed,us,us
1993-07-08T15:10:56.280Z,-13.247,167.283,227.3,4.4,mb,,,,1,us,usp0005vtn,2014-11-07T00:53:26.273Z,"75 km NNW of Sola, Vanuatu",earthquake,,17.3,,5,reviewed,us,us
1993-07-08T14:46:22.480Z,58.3998,-155.0855,0,2.8,ml,,,,0.45,ak,ak9938ot6kh4,2020-09-14T20:07:20.043Z,"97 km ESE of King Salmon, Alaska",earthquake,,9.8,,,reviewed,ak,ak
1993-07-08T14:09:34.770Z,42.818,145.873,33,4.4,mb,,,,1.2,us,usp0005vtk,2014-11-07T00:53:26.268Z,"61 km SSE of Nemuro, Japan",earthquake,,,,4,reviewed,us,us
1993-07-08T13:10:50.430Z,54.476,-149.274,33,4.1,mb,,,,0.8,us,usp0005vth,2020-09-14T20:07:20.673Z,"south of Alaska",earthquake,,,,1,reviewed,us,us
1993-07-08T12:56:33.140Z,52.085,-170.996,33,4.8,mb,,,,1,us,usp0005vtg,2014-11-07T00:53:26.247Z,"173 km SW of Nikolski, Alaska",earthquake,,,,56,reviewed,us,us
1993-07-08T12:36:56.160Z,59.922,-153.3242,125.9,2.6,ml,,,,0.26,ak,ak9938orxmpc,2020-09-14T20:07:21.076Z,"46 km ENE of Pedro Bay, Alaska",earthquake,,1.5,,,reviewed,ak,ak
1993-07-08T11:02:27.930Z,49.074,153.652,130.7,4.8,mb,,,,1,us,usp0005vtd,2014-11-07T00:53:26.230Z,"251 km SW of Severo-Kuril’sk, Russia",earthquake,,,,58,reviewed,us,us
1993-07-08T10:46:25.570Z,51.218,159.151,35.5,5.4,mb,,,,1,us,usp0005vta,2022-04-28T18:05:57.048Z,"187 km E of Ozernovskiy, Russia",earthquake,,,,104,reviewed,us,us
1993-07-08T10:35:49.800Z,-20.832,169.294,33.6,5.5,mw,,,,1.1,us,usp0005vt9,2022-04-28T18:05:55.707Z,"142 km S of Isangel, Vanuatu",earthquake,,,,,reviewed,us,hrv
1993-07-08T10:09:57.630Z,28.889,102.395,33,4,mb,,,,1.1,us,usp0005vt8,2014-11-07T00:53:26.180Z,"110 km N of Xichang, China",earthquake,,,,1,reviewed,us,us
1993-07-08T09:29:42.840Z,39.086,27.953,10,2.7,ml,,,,1.4,us,usp0005vt7,2014-11-07T00:53:26.178Z,"21 km NNE of Akhisar, Turkey",earthquake,,,,,reviewed,us,isk
1993-07-08T09:24:49.180Z,41.3148333,-123.7711667,37.13,3.56,md,23,103,0.2306,0.07,nc,nc366198,2016-12-20T14:33:56.580Z,"24 km E of Orick, California",earthquake,0.32,0.28,0.05,38,reviewed,nc,nc
1993-07-08T06:39:51.980Z,-33.919,-71.835,33,3.4,md,,,,0.5,us,usp0005vt4,2014-11-07T00:53:26.172Z,"41 km SSW of San Antonio, Chile",earthquake,,,,,reviewed,us,san
1993-07-08T06:06:24.600Z,-32.793,-69.094,10,4,md,,,,1,us,usp0005vt2,2014-11-07T00:53:26.167Z,"27 km WNW of Mendoza, Argentina",earthquake,,,,,reviewed,us,san
1993-07-08T04:59:14.590Z,-26.377,27.414,5,3,ml,,,,0.8,us,usp0005vt0,2014-11-07T00:53:26.164Z,"2 km SE of Carletonville, South Africa",earthquake,,,,,reviewed,us,pre
1993-07-08T04:56:09.910Z,58.158,-138.488,10,3,ml,,,,,us,usp0005vsz,2014-11-07T00:53:26.162Z,"126 km W of Elfin Cove, Alaska",earthquake,,,,,reviewed,aei,aei
1993-07-08T04:56:05.110Z,56.9167,-140.181,10,3.2,ml,,,,0.27,ak,ak9938onac8v,2020-09-14T20:07:22.174Z,"264 km WSW of Pelican, Alaska",earthquake,,39.1,,,reviewed,ak,ak
1993-07-08T04:37:40.430Z,37.789,-3.598,10,2.5,mblg,,,,1.4,us,usp0005vsx,2014-11-07T00:53:26.159Z,"1 km ENE of Mancha Real, Spain",earthquake,,,,,reviewed,us,mdd
1993-07-08T04:26:19.490Z,39.21,-106.716,5,2.6,ml,,,,0.7,us,usp0005vsw,2014-11-07T00:53:26.157Z,"9 km ENE of Aspen, Colorado",earthquake,,,,,reviewed,us,gs$
1993-07-08T04:03:52.250Z,39.227,-106.715,5,3.1,ml,,,,0.7,us,usp0005vsv,2014-11-07T00:53:26.156Z,"9 km ENE of Aspen, Colorado",earthquake,,,,,reviewed,us,gs$
1993-07-08T03:45:01.790Z,60.5693,-142.6605,10.3,2.8,ml,,,,0.62,ak,ak9938ommjib,2020-09-14T20:07:22.484Z,"97 km S of McCarthy, Alaska",earthquake,,0.6,,,reviewed,ak,ak
1993-07-08T03:17:16.030Z,-35.087,-70.629,10,3.8,md,,,,0.9,us,usp0005vss,2014-11-07T00:53:26.150Z,"54 km ESE of Teno, Chile",earthquake,,,,,reviewed,us,san
1993-07-08T03:15:33.810Z,-40.867,172.061,12,4.6,ml,,,,0.9,us,usp0005vsr,2014-11-07T00:53:26.146Z,"62 km W of Takaka, New Zealand",earthquake,,2.4,,,reviewed,us,wel
1993-07-08T03:06:59.070Z,29.964,-114.13,10,4.2,mb,,,,1.4,us,usp0005vsq,2014-11-07T00:53:26.143Z,"135 km SSE of San Felipe, Mexico",earthquake,,,,3,reviewed,us,us
1993-07-08T03:06:17.900Z,33.948,-34.582,10,4.7,mb,,,,0.8,us,usp0005vsp,2014-11-07T00:53:26.137Z,"northern Mid-Atlantic Ridge",earthquake,,,,27,reviewed,us,us
1993-07-08T02:31:40.320Z,27.857,127.984,33,4.5,mb,,,,1.5,us,usp0005vsn,2014-11-07T00:53:26.134Z,"137 km N of Nago, Japan",earthquake,,,,7,reviewed,us,us
1993-07-08T02:28:29.070Z,34.601,-116.274,5,2.9,mc,0,77,0.2344,0.215,ci,ci3112684,2016-02-10T02:43:02.358Z,"17km SW of Ludlow, California",earthquake,,,,50,reviewed,ci,ci
1993-07-08T02:26:06.880Z,43.272,-1.866,10,3,mblg,,,,1.4,us,usp0005vsm,2014-11-07T00:53:26.130Z,"5 km SSE of Errenteria, Spain",earthquake,,,,,reviewed,us,mdd
1993-07-08T02:25:09.980Z,29.923,-114.259,10,4.3,mb,,,,1.2,us,usp0005vsk,2014-11-07T00:53:26.127Z,"134 km SSE of San Felipe, Mexico",earthquake,,,,3,reviewed,us,us
1993-07-08T02:23:30.850Z,-40.863,172.081,12.2,4.3,ml,,,,0.9,us,usp0005vsj,2014-11-07T00:53:26.123Z,"60 km W of Takaka, New Zealand",earthquake,,2.7,,,reviewed,us,wel
1993-07-08T02:05:20.260Z,30.193,-114.338,10,4.2,mb,,,,1.5,us,usp0005vsh,2014-11-07T00:53:26.117Z,"103 km SSE of San Felipe, Mexico",earthquake,,,,4,reviewed,us,us
1993-07-08T00:52:32.170Z,-34.989,-70.139,159.1,3.8,md,,,,0.6,us,usp0005vsg,2014-11-07T00:53:26.114Z,"88 km ESE of Chimbarongo, Chile",earthquake,,33.3,,,reviewed,us,san
1993-07-07T23:17:42.430Z,64.4777,-152.7528,-3,2.5,ml,,,,0.25,ak,ak9938naty77,2020-09-14T20:07:23.828Z,"69 km NNW of Lake Minchumina, Alaska",earthquake,,2,,,reviewed,ak,ak
1993-07-07T22:42:57.780Z,0.027,98.197,33,4.5,mb,,,,1.1,us,usp0005vsd,2014-11-07T00:53:26.108Z,"191 km SW of Padangsidempuan, Indonesia",earthquake,,,,3,reviewed,us,us
1993-07-07T22:07:37.130Z,34.251,-116.897,9.043,3.44,ml,0,25.7,,0.182,ci,ci3112621,2016-02-11T00:06:53.853Z,"2km ENE of Big Bear Lake, California",earthquake,,0.327,,47,reviewed,ci,ci
1993-07-07T22:01:31.680Z,50.357,18.936,10,3.1,ml,,,,1.3,us,usp0005vsb,2014-11-07T00:53:26.103Z,"1 km NNE of Bytom, Poland",earthquake,,,,,reviewed,us,war
1993-07-07T21:56:02.310Z,40.3996667,-126.2758333,3.122,2.75,md,17,277,1.484,0.25,nc,nc365893,2016-12-20T14:31:05.901Z,"171 km W of Ferndale, California",earthquake,6.03,5.09,0.09,3,reviewed,nc,nc
1993-07-07T21:07:17.410Z,39.3295,-111.1268333,5.99,2.63,md,7,97,0.3197,0.08,uu,uu50074875,2018-08-28T04:55:19.030Z,"Utah",earthquake,0.48,6.68,,4,reviewed,uu,uu
1993-07-07T20:53:24.950Z,13.693,123.674,40.4,5.7,ms,,,,1.1,us,usp0005vsa,2020-09-15T16:29:04.516Z,"2 km SSE of Maagnas, Philippines",earthquake,,7.5,,1,reviewed,us,us
1993-07-07T20:49:11.500Z,51.26,159.104,34.7,5.1,mb,,,,1.1,us,usp0005vs9,2014-11-07T00:53:26.077Z,"183 km E of Ozernovskiy, Russia",earthquake,,,,72,reviewed,us,us
1993-07-07T20:33:27.280Z,28.059,127.574,33,4.3,mb,,,,1.3,us,usp0005vs7,2014-11-07T00:53:26.073Z,"165 km NNW of Nago, Japan",earthquake,,,,4,reviewed,us,us
1993-07-07T20:27:52.990Z,-33.145,-70.836,10,3.5,md,,,,0.3,us,usp0005vs6,2014-11-07T00:53:26.071Z,"16 km NNE of Lampa, Chile",earthquake,,,,,reviewed,us,san
1993-07-07T19:48:45.910Z,40.3053333,-124.5585,4.009,2.59,md,4,287,0.2,0,nc,nc365695,2016-12-20T14:30:37.513Z,"39 km SW of Ferndale, California",earthquake,1.09,1.33,0.75,2,reviewed,nc,nc
1993-07-07T19:38:19.010Z,-31.605,-69.327,120.2,4.4,md,,,,0.8,us,usp0005vs5,2014-11-07T00:53:26.068Z,"31 km SSE of Calingasta, Argentina",earthquake,,8,,,reviewed,us,san
1993-07-07T19:25:15.650Z,35.359,27.832,10,3.8,md,,,,0.8,us,usp0005vs4,2014-11-07T00:53:26.067Z,"58 km ESE of Karpathos, Greece",earthquake,,,,,reviewed,us,ath
1993-07-07T18:03:51.640Z,35.476,27.724,10,3.9,md,,,,0.5,us,usp0005vs3,2014-11-07T00:53:26.066Z,"46 km E of Karpathos, Greece",earthquake,,,,,reviewed,us,ath
1993-07-07T17:03:20.830Z,-33.463,-70.883,70.9,3.7,md,,,,0.3,us,usp0005vs1,2014-11-07T00:53:26.062Z,"14 km W of Lo Prado, Chile",earthquake,,24.1,,,reviewed,us,san
1993-07-07T16:42:44.780Z,-26.928,26.837,5,2.9,ml,,,,0.7,us,usp0005vs0,2014-11-07T00:53:26.060Z,"11 km SE of Stilfontein, South Africa",earthquake,,,,,reviewed,us,pre
1993-07-07T16:32:10.580Z,57.397,-142.916,10,3.2,ml,,,,0.6,us,usp0005vrz,2020-09-14T20:07:25.473Z,"Gulf of Alaska",earthquake,,,,,reviewed,us,pgc
1993-07-07T16:28:52.960Z,39.237,20.567,10,3.2,md,,,,0.8,us,usp0005vry,2014-11-07T00:53:26.055Z,"2 km W of Kanaláki, Greece",earthquake,,,,,reviewed,us,ath
1993-07-07T16:26:04.480Z,36.246,-120.4033333,7.765,2.54,md,36,47,0.04865,0.07,nc,nc365484,2016-12-20T14:29:53.310Z,"12 km NNW of Coalinga, California",earthquake,0.17,0.3,0.16,31,reviewed,nc,nc
1993-07-07T15:38:16.310Z,2.046,126.528,62.1,4.9,mw,,,,1.2,us,usp0005vrw,2016-11-09T22:56:03.732Z,"168 km NW of Ternate, Indonesia",earthquake,,10,,,reviewed,us,hrv
1993-07-07T15:21:17.250Z,-36.707,176.984,299,4.7,mb,,,,1,us,usp0005vrv,2014-11-07T00:53:26.039Z,"106 km ENE of Tairua, New Zealand",earthquake,,5.4,,6,reviewed,us,us
1993-07-07T14:44:51.460Z,63.1083,-151.4193,5.2,3.1,ml,,,,0.33,ak,ak9938n5musa,2020-09-14T20:07:26.200Z,"50 km SSE of Denali National Park, Alaska",earthquake,,1.3,,,reviewed,ak,ak
1993-07-07T13:15:08.220Z,37.6265,-118.8808333,4.032,2.69,md,32,65,0.01712,0.04,nc,nc365455,2016-12-20T14:28:45.010Z,"8 km ESE of Mammoth Lakes, California",earthquake,0.22,0.31,0.21,38,reviewed,nc,nc
1993-07-07T13:09:13.670Z,32.216,131.592,69.7,4.5,mb,,,,1.1,us,usp0005vrq,2014-11-07T00:53:26.023Z,"12 km NE of Takanabe, Japan",earthquake,,8.7,,12,reviewed,us,us
1993-07-07T12:32:00.370Z,40.469,20.061,10,3.3,ml,,,,1.2,us,usp0005vrm,2014-11-07T00:53:26.018Z,"14 km WSW of Çorovodë, Albania",earthquake,,,,,reviewed,us,tir
1993-07-07T11:48:05.090Z,55.5,4.715,10,4,ml,,,,1.1,us,usp0005vrh,2014-11-07T00:53:26.008Z,"221 km WSW of Hvide Sande, Denmark",earthquake,,,,,reviewed,us,bgs
1993-07-07T11:43:10.610Z,37.6265,-118.8835,4.032,3.15,md,33,69,0.01532,0.04,nc,nc365444,2016-12-20T14:27:31.290Z,"8 km ESE of Mammoth Lakes, California",earthquake,0.24,0.32,0.1,52,reviewed,nc,nc
1993-07-07T11:24:36.180Z,-17.326,-72.907,36.6,4.6,mb,,,,1.2,us,usp0005vrf,2014-11-07T00:53:26.001Z,"80 km SSW of Camaná, Peru",earthquake,,,,6,reviewed,us,us
1993-07-07T11:10:53.330Z,27.887,127.992,34.7,5.5,mw,,,,1.3,us,usp0005vre,2022-04-28T18:05:54.160Z,"140 km N of Nago, Japan",earthquake,,,,,reviewed,us,hrv
1993-07-07T10:05:46.000Z,39.2,-106.7,5,2.5,ml,,,,,us,usp0005vrc,2014-11-07T00:53:25.978Z,"10 km E of Aspen, Colorado",earthquake,,,,,reviewed,mac,gs$
1993-07-07T09:45:34.740Z,37.5241667,-118.9783333,-2.354,2.92,md,16,142,0.09369,0.06,nc,nc365431,2016-12-20T14:27:10.979Z,"13 km S of Mammoth Lakes, California",earthquake,0.57,6.91,0.69,16,reviewed,nc,nc
1993-07-07T09:27:58.170Z,39.246,27.849,10,2.7,ml,,,,1.2,us,usp0005vrb,2014-11-07T00:53:25.976Z,"21 km ENE of Soma, Turkey",earthquake,,,,,reviewed,us,isk
1993-07-07T09:17:57.170Z,-26.912,26.674,5,2.8,ml,,,,0.7,us,usp0005vra,2014-11-07T00:53:25.975Z,"6 km S of Klerksdorp, South Africa",earthquake,,,,,reviewed,us,pre
1993-07-07T08:59:33.880Z,39.103,27.761,10,2.9,ml,,,,0.9,us,usp0005vr9,2014-11-07T00:53:25.973Z,"7 km E of K?rka?aç, Turkey",earthquake,,,,,reviewed,us,isk
1993-07-07T08:15:32.680Z,50.589,18.956,10,3.5,ml,,,,1,us,usp0005vr8,2014-11-07T00:53:25.970Z,"3 km SSW of Psary, Poland",earthquake,,,,,reviewed,us,war
1993-07-07T07:51:01.530Z,37.573,23.134,10,3,md,,,,0.9,us,usp0005vr6,2014-11-07T00:53:25.967Z,"7 km SSW of Palaiá Epídavros, Greece",earthquake,,,,,reviewed,us,ath
1993-07-07T07:07:33.040Z,39.13,27.604,10,2.7,ml,,,,0.5,us,usp0005vr5,2014-11-07T00:53:25.966Z,"6 km S of Soma, Turkey",earthquake,,,,,reviewed,us,isk
1993-07-07T06:14:19.380Z,27.54,127.893,33,4.3,mb,,,,1.1,us,usp0005vr4,2014-11-07T00:53:25.963Z,"102 km N of Nago, Japan",earthquake,,,,12,reviewed,us,us
1993-07-07T05:43:58.630Z,56.3043,-157.0948,-3,4.1,mb,,,,0.84,ak,ak9938n09r6f,2020-09-14T20:07:28.065Z,"81 km E of Chignik, Alaska",earthquake,,52.8,,,reviewed,ak,ak
1993-07-07T05:34:53.870Z,61.5182,-150.0117,47.8,2.8,ml,,,,0.27,ak,ak9938n07td7,2020-09-14T20:07:28.360Z,"3 km W of Big Lake, Alaska",earthquake,,0.9,,,reviewed,ak,ak
1993-07-07T04:51:48.340Z,27.688,127.887,33,4.8,mb,,,,1.5,us,usp0005vr1,2014-11-07T00:53:25.946Z,"119 km N of Nago, Japan",earthquake,,,,32,reviewed,us,us
1993-07-07T04:37:27.380Z,60.0715,-153.5125,142.9,2.7,ml,,,,0.22,ak,ak9938mzmyv6,2020-09-14T20:07:28.788Z,"45 km NE of Pedro Bay, Alaska",earthquake,,2.6,,,reviewed,ak,ak
1993-07-07T04:33:36.510Z,42.026,142.257,73.7,4.3,mb,,,,1,us,usp0005vqz,2014-11-07T00:53:25.936Z,"35 km SSW of Shizunai-furukawach?, Japan",earthquake,,5.7,,8,reviewed,us,us
1993-07-07T03:51:48.670Z,-35.022,-71.073,100,3.8,md,,,,0.1,us,usp0005vqy,2014-11-07T00:53:25.932Z,"15 km ESE of Curicó, Chile",earthquake,,,,,reviewed,us,san
1993-07-07T03:47:02.960Z,51.478,15.991,10,3.6,ml,,,,0.4,us,usp0005vqx,2014-11-07T00:53:25.820Z,"6 km WSW of Polkowice, Poland",earthquake,,,,,reviewed,us,vie
1993-07-07T03:24:50.620Z,-7.59,127.408,164.3,5.1,mb,,,,0.9,us,usp0005vqw,2014-11-07T00:53:25.720Z,"112 km NNE of Lospalos, Timor Leste",earthquake,,,,44,reviewed,us,us
1993-07-07T03:21:39.040Z,27.433,128.129,33,4.4,mb,,,,1.2,us,usp0005vqv,2014-11-07T00:53:25.715Z,"91 km N of Nago, Japan",earthquake,,,,7,reviewed,us,us
1993-07-07T02:54:06.860Z,40.525,20.246,28.4,3.7,md,,,,1,us,usp0005vqt,2014-11-07T00:53:25.704Z,"2 km NE of Çorovodë, Albania",earthquake,,4.1,,,reviewed,us,ath
1993-07-07T01:54:56.030Z,11.54,142.841,49.9,5,mb,,,,1.3,us,usp0005vqs,2014-11-07T00:53:25.688Z,"275 km SW of Merizo Village, Guam",earthquake,,,,31,reviewed,us,us
1993-07-06T22:58:15.000Z,-6.623,130.717,153.8,4.7,mb,,,,0.8,us,usp0005vqn,2014-11-07T00:53:25.660Z,"250 km WSW of Tual, Indonesia",earthquake,,25.3,,1,reviewed,us,us
1993-07-06T22:54:58.420Z,40.322,27.427,10,2.8,ml,,,,0.7,us,usp0005vqm,2014-11-07T00:53:25.658Z,"18 km ENE of Biga, Turkey",earthquake,,,,,reviewed,us,isk
1993-07-06T22:13:38.590Z,-20.201,168.013,10,4.3,ms,,,,1.1,us,usp0005vqk,2014-11-07T00:53:25.654Z,"111 km NE of Wé, New Caledonia",earthquake,,,,1,reviewed,us,us
1993-07-06T20:07:49.880Z,31.952,82.22,33,4.8,mb,,,,1.1,us,usp0005vqh,2014-11-07T00:53:25.641Z,"208 km NNE of Burang, China",earthquake,,,,52,reviewed,us,us
1993-07-06T19:48:09.350Z,37.891,39.315,47.4,4.8,mb,,,,1.2,us,usp0005vqg,2014-11-07T00:53:25.636Z,"15 km N of Siverek, Turkey",earthquake,,10.2,,9,reviewed,us,us
1993-07-06T18:51:49.850Z,58.863,-137.396,0,2.5,ml,,,,,us,usp0005vqe,2014-11-07T00:53:25.633Z,"96 km NW of Elfin Cove, Alaska",earthquake,,,,,reviewed,aei,aei
1993-07-06T18:45:06.550Z,-26.334,27.632,5,2.8,ml,,,,0.8,us,usp0005vqd,2014-11-07T00:53:25.631Z,"2 km SW of Westonaria, South Africa",earthquake,,,,,reviewed,us,pre
1993-07-06T18:40:21.380Z,41.0723333,-125.9513333,4.662,3.08,md,34,301,1.365,0.11,nc,nc364706,2021-05-13T21:56:10.531Z,"151 km WNW of Indianola, California",earthquake,4.89,11.54,0.05,15,reviewed,nc,nc
1993-07-06T18:34:12.450Z,-20.431,168.81,37,5.4,mw,,,,1,us,usp0005vqb,2025-12-19T22:52:32.957Z,"110 km SSW of Isangel, Vanuatu",earthquake,,,,,reviewed,us,hrv
1993-07-06T15:58:28.480Z,49.165,6.908,9,3,ml,,,,0.7,us,usp0005vq9,2014-11-07T00:53:25.607Z,"1 km SSW of Œting, France",earthquake,,3.7,,,reviewed,us,str
1993-07-06T15:51:13.130Z,-18.35,-178.001,665.6,5.2,mb,,,,1.1,us,usp0005vq8,2014-11-07T00:53:25.602Z,"285 km E of Levuka, Fiji",earthquake,,22.3,,10,reviewed,us,us
1993-07-06T14:21:34.170Z,41.007,33.712,10,3.4,m,,,,0.5,us,usp0005vq6,2014-11-07T00:53:25.597Z,"11 km NE of Ilgaz, Turkey",earthquake,,,,,reviewed,us,dda
1993-07-06T14:07:41.480Z,-2.909,134.438,69,5,mb,,,,0.9,us,usp0005vq4,2014-11-07T00:53:25.588Z,"128 km WNW of Nabire, Indonesia",earthquake,,15,,11,reviewed,us,us
1993-07-06T13:41:25.180Z,28.896,51.243,33,4.8,mb,,,,1.2,us,usp0005vq3,2014-11-07T00:53:25.581Z,"40 km ESE of Bushehr, Iran",earthquake,,,,15,reviewed,us,us
1993-07-06T13:34:47.850Z,63.0523,-150.9823,129.6,2.5,ml,,,,0.13,ak,ak9938lhfx8x,2020-09-14T20:07:31.205Z,"62 km N of Petersville, Alaska",earthquake,,2.2,,,reviewed,ak,ak
1993-07-06T13:25:45.780Z,50.424,-130.232,10,3.2,ml,,,,,us,usp0005vq1,2014-11-07T00:53:25.572Z,"223 km W of Port McNeill, Canada",earthquake,,,,,reviewed,pgc,pgc
1993-07-06T13:14:59.560Z,58.289,6.494,5,2.7,md,,,,1.1,us,usp0005vq0,2014-11-07T00:53:25.570Z,"9 km W of Flekkefjord, Norway",earthquake,,,,,reviewed,us,ber
1993-07-06T12:35:28.780Z,68.0677,-156.7295,-3,3.3,ml,,,,0.26,ak,ak9938lgunvy,2020-09-14T20:07:31.595Z,"119 km NNE of Ambler, Alaska",earthquake,,13.4,,,reviewed,ak,ak
1993-07-06T11:51:04.090Z,39.185,29.048,10,3,ml,,,,0.6,us,usp0005vpx,2014-11-07T00:53:25.561Z,"12 km NNE of Simav, Turkey",earthquake,,,,,reviewed,us,isk
1993-07-06T10:30:47.040Z,10.486,-60.979,33,3.4,md,,,,0.2,us,usp0005vps,2014-11-07T00:53:25.553Z,"19 km SE of Sangre Grande, Trinidad and Tobago",earthquake,,,,,reviewed,us,trn
1993-07-06T10:17:04.020Z,-39.572,175.56,5,3.9,ml,,,,0.9,us,usp0005vpr,2014-11-07T00:53:25.549Z,"14 km SW of Waiouru, New Zealand",earthquake,,,,,reviewed,us,wel
1993-07-06T09:09:50.580Z,15.892,-95.538,33,4.5,mb,,,,1.1,us,usp0005vpn,2014-11-07T00:53:25.539Z,"18 km SE of Santiago Astata, Mexico",earthquake,,,,9,reviewed,us,us
1993-07-06T08:42:31.390Z,37.877,29.472,19.7,3.4,ml,,,,0.7,us,usp0005vpk,2014-11-07T00:53:25.530Z,"13 km WNW of Bozkurt, Turkey",earthquake,,8.7,,,reviewed,us,isk
1993-07-06T08:08:09.800Z,56.475,-155.5505,25,3.4,ml,,,,0.67,ak,ak9938leb3o4,2020-09-14T20:07:33.500Z,"99 km WSW of Akhiok, Alaska",earthquake,,34.4,,,reviewed,ak,ak
1993-07-06T08:07:16.310Z,53.579,-159.117,10,4.5,mb,,,,1.1,us,usp0005vpj,2014-11-07T00:53:25.521Z,"215 km SSE of Sand Point, Alaska",earthquake,,,,14,reviewed,us,us
1993-07-06T07:34:44.900Z,39.125,27.581,10,2.7,ml,,,,0.9,us,usp0005vph,2014-11-07T00:53:25.520Z,"7 km SSW of Soma, Turkey",earthquake,,,,,reviewed,us,isk
1993-07-06T06:37:41.030Z,-38.248,176.05,162.3,3.4,mb,,,,1.5,us,usp0005vpg,2014-11-07T00:53:25.517Z,"16 km E of Tokoroa, New Zealand",earthquake,,16.2,,1,reviewed,us,us
1993-07-06T06:35:02.110Z,60.4555,-151.905,67.1,3.3,ml,,,,0.27,ak,ak9938lda077,2020-09-14T20:07:33.827Z,"34 km W of Kalifornsky, Alaska",earthquake,,1,,,reviewed,ak,ak
1993-07-06T04:51:36.980Z,39.623,26.622,10,3.2,ml,,,,0.2,us,usp0005vpc,2014-11-07T00:53:25.498Z,"11 km WNW of Alt?noluk, Turkey",earthquake,,,,,reviewed,us,isk
1993-07-06T03:12:37.060Z,38.585,-119.4653333,2.646,2.63,md,24,250,0.7964,0.07,nc,nc364650,2016-12-20T14:23:41.036Z,"4 km ENE of Coleville, California",earthquake,1.14,5.21,0.15,24,reviewed,nc,nc
1993-07-06T02:53:03.780Z,-24.601,-111.888,10,6.4,mw,,,,1.1,us,usp0005vp8,2022-04-28T18:05:52.705Z,"Easter Island region",earthquake,,,,,reviewed,us,hrv
1993-07-06T02:13:04.050Z,38.5816667,-119.522,6.256,3.8,md,98,177,0.5937,0.12,nc,nc366320,2016-12-20T14:23:24.750Z,"2 km NW of Coleville, California",earthquake,0.25,0.62,0.11,139,reviewed,nc,nc
1993-07-06T01:27:02.480Z,40.373,25.886,5,3.3,ml,,,,0.7,us,usp0005vp6,2014-11-07T00:53:25.440Z,"19 km N of Gökçeada, Turkey",earthquake,,,,,reviewed,us,isk
1993-07-06T01:17:04.720Z,-33.762,-71.108,62,3.3,md,,,,0.2,us,usp0005vp4,2014-11-07T00:53:25.434Z,"12 km SE of Melipilla, Chile",earthquake,,20,,,reviewed,us,san
1993-07-06T01:06:57.200Z,-29.51,-177.67,81.6,4.6,mb,,,,1.2,us,usp0005vp3,2014-11-07T00:53:25.431Z,"Kermadec Islands, New Zealand",earthquake,,10.6,,5,reviewed,us,us
1993-07-05T23:15:11.430Z,40.6,25.826,10,3.8,ml,,,,1.5,us,usp0005vp1,2014-11-07T00:53:25.422Z,"25 km WSW of Enez, Turkey",earthquake,,,,,reviewed,us,ath
1993-07-05T22:27:45.150Z,38.8213333,-122.8093333,3.748,2.97,md,48,34,0.01802,0.04,nc,nc364630,2016-12-20T14:22:32.650Z,"7 km W of Cobb, California",earthquake,0.11,0.26,0.12,51,reviewed,nc,nc
1993-07-05T22:20:11.790Z,-4.895,151.255,160.2,4.4,mb,,,,0.4,us,usp0005vnx,2014-11-07T00:53:25.414Z,"126 km SW of Rabaul, Papua New Guinea",earthquake,,20.9,,2,reviewed,us,us
1993-07-05T22:11:09.840Z,27.939,85.118,33,4.7,mb,,,,1.1,us,usp0005vnw,2014-11-07T00:53:25.404Z,"32 km NNW of Kirtipur, Nepal",earthquake,,,,31,reviewed,us,us
1993-07-05T21:52:37.210Z,27.864,84.978,33,4.2,mb,,,,0.9,us,usp0005vnt,2014-11-07T00:53:25.392Z,"35 km NW of Kirtipur, Nepal",earthquake,,,,7,reviewed,us,us
1993-07-05T21:41:45.980Z,28.041,85.063,33,3.8,mb,,,,1,us,usp0005vns,2014-11-07T00:53:25.388Z,"45 km NW of Kathmandu, Nepal",earthquake,,,,4,reviewed,us,us
1993-07-05T21:13:50.690Z,-26.234,27.638,5,2.9,ml,,,,0.8,us,usp0005vnp,2014-11-07T00:53:25.379Z,"8 km SW of Randfontein, South Africa",earthquake,,,,,reviewed,us,pre
1993-07-05T21:07:15.520Z,28.994,104.55,10,4.1,ml,,,,1.4,us,usp0005vnn,2014-11-07T00:53:25.376Z,"27 km NNW of Yibin, China",earthquake,,,,,reviewed,us,bji
1993-07-05T21:01:14.610Z,29.018,104.585,10,3.7,mb,,,,1.5,us,usp0005vnm,2014-11-07T00:53:25.372Z,"29 km N of Yibin, China",earthquake,,,,1,reviewed,us,us
1993-07-05T20:29:09.750Z,43.687,-128.336,10,3.9,mb,,,,0.8,us,usp0005vnk,2014-11-07T00:53:25.359Z,"off the coast of Oregon",earthquake,,,,3,reviewed,us,us
1993-07-05T20:04:35.860Z,40.781,27.504,10,2.6,ml,,,,0.4,us,usp0005vnj,2014-11-07T00:53:25.356Z,"11 km SSE of Kumba?, Turkey",earthquake,,,,,reviewed,us,isk
1993-07-05T19:29:08.610Z,-6.455,152.042,33,4.5,mb,,,,1.4,us,usp0005vnh,2014-11-07T00:53:25.353Z,"233 km ESE of Kimbe, Papua New Guinea",earthquake,,,,2,reviewed,us,us
1993-07-05T16:51:09.640Z,40.163,24.062,10,3.8,mb,,,,1.1,us,usp0005vnf,2014-11-07T00:53:25.222Z,"10 km NE of Sárti, Greece",earthquake,,,,3,reviewed,us,us
1993-07-05T16:29:39.250Z,40.417,28.018,10,3.4,md,,,,0.6,us,usp0005vne,2014-11-07T00:53:25.208Z,"8 km NNE of Band?rma, Turkey",earthquake,,,,,reviewed,us,ath
1993-07-05T16:17:33.790Z,-15.805,-175.066,33,4.5,mb,,,,1.1,us,usp0005vnd,2014-11-07T00:53:25.200Z,"136 km W of Hihifo, Tonga",earthquake,,,,5,reviewed,us,us
1993-07-05T15:20:57.760Z,30.242,138.808,419.7,5.6,mw,,,,1,us,usp0005vnc,2022-04-28T18:05:51.279Z,"Izu Islands, Japan region",earthquake,,3.4,,,reviewed,us,hrv
1993-07-05T14:52:24.930Z,-23.679,-63.6,550.7,4.8,mb,,,,0.9,us,usp0005vnb,2014-11-07T00:53:25.064Z,"72 km SE of Embarcación, Argentina",earthquake,,3.9,,18,reviewed,us,us
1993-07-05T14:18:37.860Z,-32.743,-72.567,14.3,3.8,md,,,,0.7,us,usp0005vna,2014-11-07T00:53:25.060Z,"93 km WNW of Valparaíso, Chile",earthquake,,4.6,,,reviewed,us,san
1993-07-05T14:04:36.230Z,39.241,20.566,5,3.5,md,,,,1.1,us,usp0005vn9,2014-11-07T00:53:25.052Z,"3 km WNW of Kanaláki, Greece",earthquake,,,,,reviewed,us,ath
1993-07-05T13:26:34.600Z,40.009,140.56,124.1,4.5,mb,,,,0.9,us,usp0005vn7,2014-11-07T00:53:25.037Z,"27 km SW of Hanawa, Japan",earthquake,,,,26,reviewed,us,us
1993-07-05T12:33:17.110Z,41.498,27.51,10,3.1,ml,,,,0.8,us,usp0005vn6,2014-11-07T00:53:25.035Z,"14 km S of P?narhisar, Turkey",earthquake,,,,,reviewed,us,isk
1993-07-05T11:26:11.570Z,35.109,27.035,10,3.9,md,,,,1,us,usp0005vn4,2014-11-07T00:53:25.030Z,"35 km SSE of Fry, Greece",earthquake,,,,,reviewed,us,ath
1993-07-05T11:01:21.290Z,39.56,29.6,10,2.7,ml,,,,0.2,us,usp0005vn3,2014-11-07T00:53:25.028Z,"8 km ENE of Tav?anl?, Turkey",earthquake,,,,,reviewed,us,isk
1993-07-05T10:24:07.110Z,-18.238,-178.294,504.1,4.1,mb,,,,1,us,usp0005vn2,2014-11-07T00:53:25.024Z,"253 km E of Levuka, Fiji",earthquake,,12.3,,8,reviewed,us,us
1993-07-05T10:02:28.870Z,39.876,27.356,10,2.7,ml,,,,0.6,us,usp0005vn1,2014-11-07T00:53:25.021Z,"9 km ENE of Hamdibey, Turkey",earthquake,,,,,reviewed,us,isk
1993-07-05T09:51:16.310Z,39.13,27.654,10,2.6,ml,,,,0.3,us,usp0005vn0,2014-11-07T00:53:25.019Z,"2 km NNW of K?rka?aç, Turkey",earthquake,,,,,reviewed,us,isk
1993-07-05T08:02:21.650Z,37.164,71.379,33,4.5,mb,,,,1.4,us,usp0005vmx,2014-11-07T00:53:25.010Z,"39 km SSW of Khorugh, Tajikistan",earthquake,,,,9,reviewed,us,us
1993-07-05T07:49:36.660Z,39.115,27.695,10,2.7,ml,,,,0.6,us,usp0005vmw,2014-11-07T00:53:25.008Z,"2 km ENE of K?rka?aç, Turkey",earthquake,,,,,reviewed,us,isk
1993-07-05T07:41:59.670Z,65.2868,-151.2267,13.1,3.3,ml,,,,0.38,ak,ak9938jqdi1r,2020-09-14T20:07:36.802Z,"41 km ENE of Tanana, Alaska",earthquake,,1,,,reviewed,ak,ak
1993-07-05T07:36:10.930Z,10.78,-86.221,33,4.6,mb,,,,1,us,usp0005vmu,2014-11-07T00:53:24.987Z,"64 km SW of San Juan del Sur, Nicaragua",earthquake,,,,25,reviewed,us,us
1993-07-05T07:07:24.240Z,10.657,-86.167,33,4.5,mb,,,,1.1,us,usp0005vmt,2014-11-07T00:53:24.980Z,"58 km WNW of Sardinal, Costa Rica",earthquake,,,,14,reviewed,us,us
1993-07-05T06:54:09.810Z,8.542,-102.91,10,5.6,mw,,,,1,us,usp0005vms,2022-04-28T18:05:49.719Z,"northern East Pacific Rise",earthquake,,,,,reviewed,us,hrv
1993-07-05T06:48:20.700Z,8.507,-102.735,10,4.2,mb,,,,1.2,us,usp0005vmr,2014-11-07T00:53:24.958Z,"northern East Pacific Rise",earthquake,,,,5,reviewed,us,us
1993-07-05T06:40:32.250Z,63.0383,-149.555,85.3,3.7,ml,,,,0.19,ak,ak9938jprsm1,2020-09-14T20:07:37.167Z,"49 km SW of Cantwell, Alaska",earthquake,,1.5,,,reviewed,ak,ak
1993-07-05T06:21:18.600Z,59.7807,-153.1682,119.1,2.8,ml,,,,0.23,ak,ak9938jpnoyc,2020-09-14T20:07:37.688Z,"52 km E of Pedro Bay, Alaska",earthquake,,1.4,,,reviewed,ak,ak
1993-07-05T06:16:27.690Z,40.2955,-123.6971667,24.437,2.87,md,40,77,0.2297,0.13,nc,nc364549,2016-12-20T14:17:23.830Z,"12 km NE of Phillipsville, California",earthquake,0.27,1.46,0.17,36,reviewed,nc,nc
1993-07-05T05:54:15.800Z,-33.492,-72.23,10,3.9,md,,,,0.4,us,usp0005vmk,2014-11-07T00:53:24.922Z,"58 km W of Cartagena, Chile",earthquake,,,,,reviewed,us,san
1993-07-05T05:38:56.260Z,6.652,-72.802,193.5,3.8,mb,,,,0.6,us,usp0005vmj,2014-11-07T00:53:24.919Z,"2 km SSE of Molagavita, Colombia",earthquake,,34.3,,1,reviewed,us,us
1993-07-05T04:45:44.920Z,-26.405,27.297,5,3.1,ml,,,,1,us,usp0005vmh,2014-11-07T00:53:24.916Z,"11 km WSW of Carletonville, South Africa",earthquake,,,,,reviewed,us,pre
1993-07-05T04:22:15.850Z,39.121,28.102,10,3.1,ml,,,,0.9,us,usp0005vmf,2014-11-07T00:53:24.911Z,"14 km SSW of S?nd?rg?, Turkey",earthquake,,,,,reviewed,us,isk
1993-07-05T03:35:00.220Z,40.287,29.142,10,3.4,ml,,,,0.7,us,usp0005vmd,2014-11-07T00:53:24.905Z,"4 km ENE of Demirta?, Turkey",earthquake,,,,,reviewed,us,isk
1993-07-05T03:15:28.130Z,11.171,-61.504,33,3.5,md,,,,0.4,us,usp0005vmc,2014-11-07T00:53:24.902Z,"52 km N of Petit Valley, Trinidad and Tobago",earthquake,,,,,reviewed,us,trn
1993-07-05T01:05:15.270Z,39.18,27.997,10,3,ml,,,,0.6,us,usp0005vmb,2014-11-07T00:53:24.900Z,"17 km WSW of S?nd?rg?, Turkey",earthquake,,,,,reviewed,us,isk
1993-07-05T00:52:41.460Z,-24.886,-112.393,10,5.9,mw,,,,1,us,usp0005vma,2022-04-28T18:05:48.145Z,"Easter Island region",earthquake,,,,,reviewed,us,hrv
1993-07-04T23:55:38.820Z,-31.514,-69.283,127.6,3.9,md,,,,0.7,us,usp0005vm8,2014-11-07T00:53:24.865Z,"23 km SSE of Calingasta, Argentina",earthquake,,9.4,,,reviewed,us,san
1993-07-04T23:46:02.460Z,-33.775,-70.351,101.6,3.7,md,,,,0.2,us,usp0005vm7,2014-11-07T00:53:24.861Z,"27 km SE of Puente Alto, Chile",earthquake,,38.7,,,reviewed,us,san
1993-07-04T23:03:15.840Z,39.274,29.118,10,2.9,ml,,,,0.4,us,usp0005vm5,2014-11-07T00:53:24.857Z,"14 km WSW of Emet, Turkey",earthquake,,,,,reviewed,us,isk
1993-07-04T22:50:31.290Z,55.226,162.39,33,4.5,mb,,,,1.1,us,usp0005vm4,2014-11-07T00:53:24.757Z,"111 km S of Ust’-Kamchatsk Staryy, Russia",earthquake,,,,13,reviewed,us,us
1993-07-04T21:32:38.400Z,39.064,28.938,10,2.8,ml,,,,0.5,us,usp0005vm2,2014-11-07T00:53:24.669Z,"4 km SW of Simav, Turkey",earthquake,,,,,reviewed,us,isk
1993-07-04T21:05:46.020Z,-6.059,147.188,47.8,4.1,mb,,,,0.7,us,usp0005vm1,2014-11-07T00:53:24.664Z,"76 km NNE of Lae, Papua New Guinea",earthquake,,13.2,,3,reviewed,us,us
1993-07-04T20:12:10.580Z,37.6368333,-118.9461667,4.959,3.02,md,34,68,0.01712,0.06,nc,nc364514,2016-12-20T14:15:49.870Z,"2 km ESE of Mammoth Lakes, California",earthquake,0.25,0.31,0.16,50,reviewed,nc,nc
1993-07-04T20:11:14.490Z,-9.215,120.108,33,4.9,mb,,,,1,us,usp0005vkz,2014-11-07T00:53:24.628Z,"51 km NNW of Waingapu, Indonesia",earthquake,,,,8,reviewed,us,us
1993-07-04T19:08:05.310Z,24.942,122.15,110.5,5,mb,,,,1.1,us,usp0005vkv,2014-11-07T00:53:24.571Z,"36 km ESE of Jiufen, Taiwan",earthquake,,6,,70,reviewed,us,us
1993-07-04T17:40:15.330Z,-15.644,167.635,141.5,4.7,mb,,,,1,us,usp0005vks,2014-11-07T00:53:24.552Z,"52 km ESE of Luganville, Vanuatu",earthquake,,9.3,,10,reviewed,us,us
1993-07-04T17:25:04.210Z,39.128,29.178,10,3.2,ml,,,,0.8,us,usp0005vkr,2014-11-07T00:53:24.549Z,"11 km NNW of ?aphane, Turkey",earthquake,,,,,reviewed,us,isk
1993-07-04T17:17:28.740Z,39.349,24.032,33,3.2,ml,,,,0.7,us,usp0005vkq,2014-11-07T00:53:24.542Z,"26 km NNE of Patitírion, Greece",earthquake,,,,,reviewed,us,ath
1993-07-04T14:13:06.610Z,-31.299,-72.455,33,4.6,md,,,,0.8,us,usp0005vkk,2014-11-07T00:53:24.520Z,"127 km WNW of Illapel, Chile",earthquake,,,,,reviewed,us,san
1993-07-04T14:06:28.000Z,38.183,22.065,33,3.3,ml,,,,1.1,us,usp0005vkj,2014-11-07T00:53:24.513Z,"7 km SSW of Aígio, Greece",earthquake,,,,,reviewed,us,ath
1993-07-04T13:42:16.160Z,-32.494,-72.213,33,3.8,md,,,,0.5,us,usp0005vkg,2014-11-07T00:53:24.503Z,"81 km NW of Valparaíso, Chile",earthquake,,,,,reviewed,us,san
1993-07-04T12:49:58.930Z,42.203,142.565,67.2,4.2,mb,,,,1,us,usp0005vkf,2014-11-07T00:53:24.495Z,"21 km SE of Shizunai-furukawach?, Japan",earthquake,,5.7,,4,reviewed,us,us
1993-07-04T12:24:19.880Z,40.227,29.915,10,2.8,ml,,,,1.1,us,usp0005vkd,2014-11-07T00:53:24.489Z,"Western Turkey",earthquake,,,,,reviewed,us,isk
1993-07-04T10:28:22.450Z,11.893,144.861,41,4.4,mb,,,,1.1,us,usp0005vka,2014-11-07T00:53:24.478Z,"153 km S of Inarajan Village, Guam",earthquake,,17.2,,4,reviewed,us,us
1993-07-04T09:18:36.820Z,-16.407,-174.127,124.8,5,mb,,,,0.9,us,usp0005vk9,2014-11-07T00:53:24.441Z,"61 km SW of Hihifo, Tonga",earthquake,,,,34,reviewed,us,us
1993-07-04T08:45:27.340Z,-30.717,-64.986,187.8,4.8,mb,,,,1.1,us,usp0005vk8,2014-11-07T00:53:24.400Z,"15 km N of Villa de Soto, Argentina",earthquake,,,,46,reviewed,us,us
1993-07-04T08:36:40.650Z,43.486,-126.991,10,4,mb,,,,0.7,us,usp0005vk7,2014-11-07T00:53:24.374Z,"213 km W of Bandon, Oregon",earthquake,,,,9,reviewed,us,us
1993-07-04T08:16:29.240Z,60.2832,-153.8457,187.6,3.4,ml,,,,0.26,ak,ak9938i3a5ws,2020-09-14T20:07:41.314Z,"27 km ENE of Port Alsworth, Alaska",earthquake,,2.4,,,reviewed,ak,ak
1993-07-04T05:01:28.970Z,59.8603,-152.2893,84.6,3.5,ml,,,,0.22,ak,ak9938i1enc1,2020-09-14T20:07:42.195Z,"27 km WNW of Anchor Point, Alaska",earthquake,,1.6,,,reviewed,ak,ak
1993-07-04T04:42:05.820Z,35.633,-117.247,8.357,2.57,ml,0,166.4,0.1454,0.195,ci,ci3112231,2016-02-10T20:26:20.133Z,"19km SE of Trona, California",earthquake,,1.573,,15,reviewed,ci,ci
1993-07-04T04:22:02.890Z,-28.928,-71.277,70.2,5.3,mb,,,,1.2,us,usp0005vk1,2022-04-28T18:05:46.341Z,"63 km SW of Vallenar, Chile",earthquake,,,,38,reviewed,us,us
1993-07-04T00:23:56.870Z,-7.105,117.489,507.6,4.7,mb,,,,1,us,usp0005vjw,2014-11-07T00:53:24.263Z,"144 km N of Pototano, Indonesia",earthquake,,25.6,,7,reviewed,us,us
1993-07-03T23:31:32.810Z,45.263,3.625,10,2.6,ml,,,,1.2,us,usp0005vju,2014-11-07T00:53:24.247Z,"9 km NW of Allègre, France",earthquake,,,,,reviewed,us,ldg
1993-07-03T22:08:05.680Z,59.5247,-138.954,1.2,2.9,ml,,,,0.59,ak,ak9938go14c8,2020-09-14T20:07:43.405Z,"43 km E of Yakutat, Alaska",earthquake,,17.5,,,reviewed,ak,ak
1993-07-03T21:09:41.660Z,-26.917,26.722,5,2.7,ml,,,,0.9,us,usp0005vjn,2014-11-07T00:53:24.224Z,"8 km NE of Orkney, South Africa",earthquake,,,,,reviewed,us,pre
1993-07-03T19:43:59.510Z,-3.005,129.323,32.4,5.4,mw,,,,1.2,us,usp0005vjm,2022-04-28T18:05:44.645Z,"58 km NE of Amahai, Indonesia",earthquake,,,,,reviewed,us,hrv
1993-07-03T17:38:44.400Z,18.214,-68.171,90.6,3.5,mb,,,,0.5,us,usp0005vjj,2014-11-07T00:53:24.170Z,"47 km SSE of Punta Cana, Dominican Republic",earthquake,,14.6,,1,reviewed,us,us
1993-07-03T16:43:33.560Z,-23.974,-69.903,69.5,4.8,mb,,,,1.4,us,usp0005vjh,2014-11-07T00:53:24.152Z,"61 km SE of Antofagasta, Chile",earthquake,,,,13,reviewed,us,us
1993-07-03T16:41:22.040Z,-19.169,168.862,112.8,5,mb,,,,1.4,us,usp0005vjg,2014-11-07T00:53:24.126Z,"60 km NW of Isangel, Vanuatu",earthquake,,9,,8,reviewed,us,us
1993-07-03T14:34:16.490Z,35.702,111.329,10,4,ml,,,,1.3,us,usp0005vje,2014-11-07T00:53:24.114Z,"46 km SSW of Linfen, China",earthquake,,,,,reviewed,us,bji
1993-07-03T08:59:16.960Z,34.148,-116.88,5.759,2.77,mc,0,25.1,,0.248,ci,ci3112129,2016-02-10T02:42:22.187Z,"11km SSE of Big Bear Lake, California",earthquake,,0.94,,163,reviewed,ci,ci
1993-07-03T07:41:13.730Z,47.183,9.49,10,3.3,ml,,,,0.9,us,usp0005vj7,2014-11-07T00:53:24.077Z,"1 km NNE of Buchs, Switzerland",earthquake,,,,,reviewed,us,vie
1993-07-03T06:44:30.480Z,36.555,-121.1043333,9.274,3.1,md,80,33,0.05766,0.06,nc,nc364368,2016-12-20T14:04:19.630Z,"24 km NE of Soledad, California",earthquake,0.1,0.24,0.11,107,reviewed,nc,nc
1993-07-03T06:09:58.870Z,59.937,-153.5102,137.4,3,ml,,,,0.2,ak,ak9938geiihb,2020-09-14T20:07:44.998Z,"37 km ENE of Pedro Bay, Alaska",earthquake,,2,,,reviewed,ak,ak
1993-07-03T03:59:39.650Z,7.687,94.68,153.7,4.3,mb,,,,0.8,us,usp0005vj0,2014-11-07T00:53:24.029Z,"210 km NNW of Sabang, Indonesia",earthquake,,17.1,,13,reviewed,us,us
1993-07-03T03:36:55.890Z,40.723,28.978,10,3.4,ml,,,,1,us,usp0005vhx,2014-11-07T00:53:24.013Z,"11 km NNW of Kocadere, Turkey",earthquake,,,,,reviewed,us,isk
1993-07-03T03:36:15.680Z,37.737,14.938,10,3,md,,,,0.6,us,usp0005vhw,2014-11-07T00:53:24.010Z,"10 km ESE of Bronte, Italy",earthquake,,,,,reviewed,us,rom
1993-07-03T02:41:15.530Z,39.878,29.231,10,2.8,ml,,,,0.8,us,usp0005vhu,2014-11-07T00:53:24.003Z,"3 km S of Keles, Turkey",earthquake,,,,,reviewed,us,isk
1993-07-03T02:00:22.230Z,28.357,86.63,33,4.7,mb,,,,1.1,us,usp0005vht,2014-11-07T00:53:23.993Z,"48 km NNW of Lobujya, Nepal",earthquake,,,,24,reviewed,us,us
1993-07-03T01:37:17.530Z,17.865,39.982,10,4.9,mb,,,,1,us,usp0005vhs,2014-11-07T00:53:23.987Z,"241 km W of Ad Darb, Saudi Arabia",earthquake,,,,7,reviewed,us,us
1993-07-03T00:59:58.620Z,36.8825,-121.6165,6.818,2.67,md,72,52,0.01982,0.09,nc,nc363852,2016-12-20T14:01:26.190Z,"2 km ESE of Aromas, California",earthquake,0.14,0.27,0.18,69,reviewed,nc,nc
1993-07-03T00:59:31.330Z,38.982,21.81,10,3.1,md,,,,1.3,us,usp0005vhr,2014-11-07T00:53:23.979Z,"Greece",earthquake,,,,,reviewed,us,ath
1993-07-03T00:57:36.020Z,36.883,-121.6171667,6.878,2.83,md,69,53,0.02072,0.09,nc,nc363819,2016-12-20T14:01:16.910Z,"2 km ESE of Aromas, California",earthquake,0.14,0.27,0.15,71,reviewed,nc,nc
1993-07-03T00:42:51.360Z,24.284,122.391,10,4.4,mb,,,,0.4,us,usp0005vhp,2014-11-07T00:53:23.973Z,"65 km WSW of Yonakuni, Japan",earthquake,,,,1,reviewed,us,us
1993-07-03T00:16:33.260Z,42.1338333,-112.2918333,8.92,3.62,ml,19,96,0.1636,0.15,uu,uu50074775,2018-08-28T04:55:06.590Z,"7 km SSW of Malad City, Idaho",earthquake,0.5,0.56,,2,reviewed,uu,uu
1993-07-02T23:44:36.130Z,37.6243333,-118.8686667,5.038,3.21,md,31,64,0.01532,0.05,nc,nc363606,2016-12-20T13:59:58.310Z,"9 km ESE of Mammoth Lakes, California",earthquake,0.26,0.38,0.1,63,reviewed,nc,nc
1993-07-02T22:31:50.250Z,51.286,15.869,10,3.2,ml,,,,0.9,us,usp0005vhk,2014-11-07T00:53:23.949Z,"4 km WNW of Chojnów, Poland",earthquake,,,,,reviewed,us,grf
1993-07-02T22:06:02.220Z,-26.356,27.4,5,2.9,ml,,,,1.3,us,usp0005vhh,2014-11-07T00:53:23.941Z,"0 km NNE of Carletonville, South Africa",earthquake,,,,,reviewed,us,pre
1993-07-02T21:54:57.590Z,59.5813,-150.0578,16.6,2.7,ml,,,,0.23,ak,ak9938f06b6n,2020-09-14T20:07:45.769Z,"59 km ESE of Fox River, Alaska",earthquake,,3.8,,,reviewed,ak,ak
1993-07-02T20:49:09.020Z,-4.078,102.602,92.9,5.4,mb,,,,1.1,us,usp0005vhe,2022-04-28T18:05:43.166Z,"48 km SE of Bengkulu, Indonesia",earthquake,,8.4,,55,reviewed,us,us
1993-07-02T20:07:10.100Z,45.937,-111.332,5.1,3.5,ml,,,,,us,usp0005vhd,2014-11-07T00:53:23.879Z,"8 km N of Manhattan, Montana",earthquake,,,,,reviewed,but,but
1993-07-02T19:32:14.030Z,36.14,71.191,87.4,4.5,mb,,,,1.4,us,usp0005vhc,2014-11-07T00:53:23.873Z,"67 km SSW of Ashk?sham, Afghanistan",earthquake,,18.7,,11,reviewed,us,us
1993-07-02T19:03:27.210Z,37.6231667,-118.8701667,4.942,3.21,md,27,88,0.04234,0.04,nc,nc363553,2016-12-20T13:59:01.020Z,"California-Nevada border region",earthquake,0.27,0.51,0.09,56,reviewed,nc,nc
1993-07-02T18:12:08.160Z,39.203,28.115,10,3.2,ml,,,,0.8,us,usp0005vh9,2014-11-07T00:53:23.855Z,"6 km SW of S?nd?rg?, Turkey",earthquake,,,,,reviewed,us,isk
1993-07-02T16:54:27.730Z,-29.141,-178.57,96,4.5,mb,,,,0.4,us,usp0005vh8,2014-11-07T00:53:23.849Z,"Kermadec Islands, New Zealand",earthquake,,9.6,,2,reviewed,us,us
1993-07-02T16:33:51.870Z,59.2053,-144.8435,10,3,ml,,,,0.66,ak,ak9938ex2moj,2020-09-14T20:07:46.495Z,"157 km SSE of Cordova, Alaska",earthquake,,9.6,,,reviewed,ak,ak
1993-07-02T15:43:29.980Z,-18.15,-178.11,621.8,4.4,mb,,,,1,us,usp0005vh6,2014-11-07T00:53:23.829Z,"272 km E of Levuka, Fiji",earthquake,,13.9,,4,reviewed,us,us
1993-07-02T15:26:58.830Z,53.082,-161.881,33,5.4,mw,,,,1,us,usp0005vh5,2025-12-19T22:52:31.782Z,"221 km SSE of False Pass, Alaska",earthquake,,,,,reviewed,us,hrv
1993-07-02T12:37:01.120Z,39.3286667,-111.1421667,1.87,2.52,md,8,137,0.4166,0.2,uu,uu50074760,2018-08-28T04:55:04.620Z,"13 km NW of Orangeville, Utah",earthquake,0.77,13.71,,3,reviewed,uu,uu
1993-07-02T10:46:32.040Z,39.6863333,-120.5703333,9.328,2.5,md,27,227,0.5423,0.07,nc,nc363517,2016-12-20T13:57:25.820Z,"Northern California",earthquake,0.59,2.89,0.24,27,reviewed,nc,nc
1993-07-02T10:11:17.800Z,-11.836,165.304,33,4.7,mb,,,,1.1,us,usp0005vh3,2014-11-07T00:53:23.650Z,"134 km SSW of Lata, Solomon Islands",earthquake,,,,8,reviewed,us,us
1993-07-02T09:39:17.670Z,49.067,6.956,10,2.5,ml,,,,1.2,us,usp0005vh2,2014-11-07T00:53:23.645Z,"3 km WSW of Woustviller, France",earthquake,,,,,reviewed,us,str
1993-07-02T09:12:49.570Z,69.1425,-145.0793,10,3.6,ml,,,,0.25,ak,ak9938ess38d,2020-09-14T20:07:47.179Z,"114 km N of Arctic Village, Alaska",earthquake,,12,,,reviewed,ak,ak
1993-07-02T08:16:27.940Z,40.912,28.423,10,2.7,ml,,,,0.4,us,usp0005vgy,2014-11-07T00:53:23.627Z,"13 km SSW of Kumburgaz, Turkey",earthquake,,,,,reviewed,us,isk
1993-07-02T08:08:39.340Z,34.92,-116.909,-1.068,2.59,ml,0,61.5,,0.196,ci,ci3112032,2016-02-09T23:04:26.906Z,"11km ENE of Barstow, California",earthquake,,0.515,,18,reviewed,ci,ci
1993-07-02T07:47:13.160Z,-2.454,140.861,24.2,4.7,mb,,,,0.7,us,usp0005vgx,2014-11-07T00:53:23.618Z,"18 km ENE of Jayapura, Indonesia",earthquake,,,,6,reviewed,us,us
1993-07-02T07:24:23.840Z,35.643,140.775,64.3,4.5,mb,,,,1.2,us,usp0005vgw,2014-11-07T00:53:23.597Z,"11 km SSW of Hasaki, Japan",earthquake,,7.6,,20,reviewed,us,us
1993-07-02T07:24:09.860Z,40.458,28.081,5,2.7,ml,,,,0.3,us,usp0005vgv,2014-11-07T00:53:23.593Z,"14 km NE of Band?rma, Turkey",earthquake,,,,,reviewed,us,isk
1993-07-02T07:19:32.210Z,59.7563,-153.5803,131.4,3,ml,,,,0.25,ak,ak9938ermop1,2020-09-14T20:07:48.203Z,"29 km E of Pedro Bay, Alaska",earthquake,,1.6,,,reviewed,ak,ak
1993-07-02T06:04:33.350Z,39.709,26.149,10,3.4,ml,,,,0.7,us,usp0005vgt,2014-11-07T00:53:23.569Z,"11 km SSW of Geyikli, Turkey",earthquake,,,,,reviewed,us,isk
1993-07-02T05:39:09.300Z,35.154,27.216,33,4,md,,,,1.5,us,usp0005vgs,2014-11-07T00:53:23.565Z,"39 km S of Karpathos, Greece",earthquake,,,,,reviewed,us,ath
1993-07-02T04:26:00.250Z,37.6256667,-118.8713333,4.732,2.94,md,25,115,0.03784,0.05,nc,nc363336,2016-12-20T13:54:56.240Z,"9 km ESE of Mammoth Lakes, California",earthquake,0.28,0.62,0.17,49,reviewed,nc,nc
1993-07-02T04:11:04.550Z,71.511,-11.422,10,5.7,mw,,,,1,us,usp0005vgp,2022-04-28T18:05:41.555Z,"117 km WNW of Olonkinbyen, Svalbard and Jan Mayen",earthquake,,,,,reviewed,us,hrv
1993-07-02T03:48:50.710Z,50.472,18.821,10,3.2,ml,,,,1,us,usp0005vgn,2014-11-07T00:53:23.348Z,"4 km NW of Tarnowskie Góry, Poland",earthquake,,,,,reviewed,us,war
1993-07-02T03:12:57.240Z,39.3161667,-111.1293333,8.78,2.77,md,11,88,0.3177,0.18,uu,uu50074735,2018-08-28T04:55:01.350Z,"11 km NNW of Orangeville, Utah",earthquake,0.57,1.43,,4,reviewed,uu,uu
1993-07-02T02:06:59.290Z,41,20.435,10,2.5,ml,,,,1.2,us,usp0005vgj,2014-11-07T00:53:23.329Z,"11 km SW of Përrenjas-Fshat, Albania",earthquake,,,,,reviewed,us,tir
1993-07-02T01:46:41.960Z,-18.503,-71.177,68.4,4.2,mb,,,,0.9,us,usp0005vgh,2014-11-07T00:53:23.323Z,"92 km W of Arica, Chile",earthquake,,27.4,,1,reviewed,us,us
1993-07-02T00:14:08.610Z,-8.083,117.901,32,5,mb,,,,1.1,us,usp0005vgf,2014-11-07T00:53:23.282Z,"58 km NE of Pototano, Indonesia",earthquake,,,,17,reviewed,us,us
1993-07-01T23:25:36.860Z,63.0197,-149.7678,86.8,2.6,ml,,,,0.18,ak,ak9938ddnkja,2020-09-14T20:07:49.313Z,"58 km SW of Cantwell, Alaska",earthquake,,1.2,,,reviewed,ak,ak
1993-07-01T22:49:31.900Z,-28.521,-176.57,79.4,4.8,mb,,,,1.4,us,usp0005vgb,2014-11-07T00:53:23.226Z,"Kermadec Islands region",earthquake,,17.4,,11,reviewed,us,us
1993-07-01T21:55:22.410Z,-4.491,153.34,74.8,5.2,mb,,,,1,us,usp0005vg8,2014-11-07T00:53:23.164Z,"120 km E of Kokopo, Papua New Guinea",earthquake,,8.8,,21,reviewed,us,us
1993-07-01T21:54:49.110Z,-10.499,-77.105,33,4.1,mb,,,,1.5,us,usp0005vg7,2014-11-07T00:53:23.157Z,"12 km SSW of Copa, Peru",earthquake,,,,1,reviewed,us,us
1993-07-01T21:09:19.220Z,58.8278,-152.6198,72.1,3.1,ml,,,,0.3,ak,ak9938dcd8ia,2020-09-14T20:07:49.737Z,"71 km SW of Nanwalek, Alaska",earthquake,,1.5,,,reviewed,ak,ak
1993-07-01T20:46:37.610Z,40.3903333,-124.2585,10.889,2.54,md,15,130,0.1045,0.08,nc,nc362848,2016-12-20T13:54:06.201Z,"16 km SW of Scotia, California",earthquake,0.37,0.35,0.09,19,reviewed,nc,nc
1993-07-01T20:40:23.220Z,16.148,-61.781,176.9,4,mb,,,,1,us,usp0005vg3,2014-11-07T00:53:23.071Z,"2 km NNW of Bouillante, Guadeloupe",earthquake,,6,,2,reviewed,us,us
1993-07-01T20:32:28.240Z,41.048,26.076,10,3.2,ml,,,,0.7,us,usp0005vg2,2014-11-07T00:53:23.062Z,"18 km W of Tycheró, Greece",earthquake,,,,,reviewed,us,isk
1993-07-01T18:38:54.010Z,-38.386,175.262,33,3.8,ml,,,,0.9,us,usp0005vg0,2014-11-07T00:53:23.053Z,"23 km SSE of Otorohanga, New Zealand",earthquake,,,,,reviewed,us,wel
1993-07-01T18:30:43.310Z,0.136,123.426,195.9,4.5,mb,,,,1.3,us,usp0005vfz,2014-11-07T00:53:23.045Z,"60 km SE of Gorontalo, Indonesia",earthquake,,12.9,,4,reviewed,us,us
1993-07-01T15:47:51.310Z,39.837,27.349,10,2.7,ml,,,,0.3,us,usp0005vfv,2014-11-07T00:53:22.999Z,"Western Turkey",earthquake,,,,,reviewed,us,isk
1993-07-01T15:13:28.050Z,39.949,30.395,10,2.7,ml,,,,0.3,us,usp0005vfu,2014-11-07T00:53:22.995Z,"11 km S of ?nhisar, Turkey",earthquake,,,,,reviewed,us,isk
1993-07-01T15:08:37.300Z,41.007,29.999,10,2.7,ml,,,,0.8,us,usp0005vft,2014-11-07T00:53:22.990Z,"14 km WSW of Kand?ra, Turkey",earthquake,,,,,reviewed,us,isk
1993-07-01T14:00:28.990Z,-26.831,26.682,5,2.6,ml,,,,0.6,us,usp0005vfr,2014-11-07T00:53:22.976Z,"2 km NNE of Klerksdorp, South Africa",earthquake,,,,,reviewed,us,pre
1993-07-01T12:48:00.490Z,47.477,-116.108,1,3.2,md,,,,0.4,us,usp0005vfq,2016-07-23T23:21:41.140Z,"5 km SSE of Wardner, Idaho",rock burst,,,,,reviewed,us,but
1993-07-01T12:07:32.400Z,11.962,-61.903,108.7,3.8,md,,,,0.4,us,usp0005vfp,2014-11-07T00:53:22.945Z,"19 km WSW of Saint George's, Grenada",earthquake,,16,,,reviewed,us,trn
1993-07-01T11:56:08.320Z,10.909,-65.515,10,4.1,md,,,,1.4,us,usp0005vfn,2014-11-07T00:53:22.933Z,"122 km ENE of Guatire, Venezuela",earthquake,,,,,reviewed,us,trn
1993-07-01T10:58:31.050Z,38.591,27.812,10,2.9,ml,,,,1.1,us,usp0005vfj,2014-11-07T00:53:22.877Z,"13 km NW of Ahmetli, Turkey",earthquake,,,,,reviewed,us,isk
1993-07-01T10:49:45.600Z,54.024,-82.237,18,3.7,mblg,,,,,us,usp0005vfh,2014-11-07T00:53:22.862Z,"122 km N of Attawapiskat, Canada",earthquake,,,,,reviewed,ott,ott
1993-07-01T09:52:25.620Z,36.154,141.629,28.5,5,mb,,,,1.1,us,usp0005vfg,2014-11-07T00:53:22.782Z,"85 km ENE of Hasaki, Japan",earthquake,,,,45,reviewed,us,us
1993-07-01T09:43:38.450Z,38.068,26.115,10,3.3,ml,,,,1.5,us,usp0005vff,2014-11-07T00:53:22.772Z,"27 km S of Thymianá, Greece",earthquake,,,,,reviewed,us,isk
1993-07-01T08:21:31.780Z,36.8855,-121.6193333,6.988,3.09,md,83,52,0.02162,0.08,nc,nc361591,2016-12-20T13:52:39.050Z,"2 km E of Aromas, California",earthquake,0.12,0.24,0.11,95,reviewed,nc,nc
1993-07-01T07:57:11.510Z,39.736,20.516,10,3.5,md,,,,1.2,us,usp0005vfc,2014-11-07T00:53:22.715Z,"18 km W of Rodotópi, Greece",earthquake,,,,,reviewed,us,ath
1993-07-01T07:31:00.300Z,41.595,27.418,10,3,ml,,,,0.4,us,usp0005vfb,2014-11-07T00:53:22.707Z,"9 km WSW of P?narhisar, Turkey",earthquake,,,,,reviewed,us,isk
1993-07-01T06:23:13.010Z,51.475,-178.405,33,5,mb,,,,1.2,us,usp0005vfa,2014-11-07T00:53:22.563Z,"130 km WSW of Adak, Alaska",earthquake,,,,61,reviewed,us,us
1993-07-01T06:20:06.150Z,38.874,26.955,10,3.5,ml,,,,1.1,us,usp0005vf9,2014-11-07T00:53:22.554Z,"7 km SSE of Çandarl?, Turkey",earthquake,,,,,reviewed,us,isk
1993-07-01T03:58:06.980Z,-45.046,-80.621,33,4.9,mb,,,,1.1,us,usp0005vf7,2014-11-07T00:53:22.519Z,"Off the coast of Aisen, Chile",earthquake,,,,4,reviewed,us,us
1993-07-01T01:26:30.800Z,39.767,24.183,10,3.3,ml,,,,1.3,us,usp0005vf4,2014-11-07T00:53:22.487Z,"36 km SE of Sykiá, Greece",earthquake,,,,,reviewed,us,ath
1993-07-01T00:15:02.570Z,10.765,-61.312,33,3.2,md,,,,0.4,us,usp0005vf3,2014-11-07T00:53:22.469Z,"13 km NNE of Paradise, Trinidad and Tobago",earthquake,,,,,reviewed,us,trn
1993-07-01T00:12:09.530Z,37.285,20.867,33,4.3,mb,,,,1.5,us,usp0005vf2,2014-11-07T00:53:21.820Z,"48 km S of Lithakiá, Greece",earthquake,,,,29,reviewed,us,us
