time,latitude,longitude,depth,mag,magType,nst,gap,dmin,rms,net,id,updated,place,type,horizontalError,depthError,magError,magNst,status,locationSource,magSource
1989-09-29T22:03:39.360Z,61.6685,-148.0648,6.6,2.6,ml,,,,0.51,ak,ak989ci7antc,2020-09-14T18:14:11.218Z,"25 km SE of Chickaloon, Alaska",earthquake,,2,,,reviewed,ak,ak
1989-09-29T21:57:56.510Z,38.8346667,-122.387,-0.49,2.81,md,13,134,0.05586,0.28,nc,nc144776,2016-12-09T11:20:27.010Z,"15 km E of Hidden Valley Lake, California",quarry blast,0.8,1.92,0.18,12,reviewed,nc,nc
1989-09-29T21:33:49.930Z,44.89,-28.015,10,4.5,mb,,,,0.6,us,usp000405t,2014-11-07T00:44:55.155Z,"northern Mid-Atlantic Ridge",earthquake,,,,11,reviewed,us,us
1989-09-29T21:31:05.460Z,45.334,-28.023,10,4.8,mb,,,,0.9,us,usp000405s,2014-11-07T00:44:55.146Z,"northern Mid-Atlantic Ridge",earthquake,,,,28,reviewed,us,us
1989-09-29T21:23:22.440Z,35.376,26.704,10,3.4,md,,,,1.5,us,usp000405r,2014-11-07T00:44:55.145Z,"20 km WSW of Fry, Greece",earthquake,,,,,reviewed,us,ath
1989-09-29T21:07:18.180Z,43.4,5.43,10,2.6,md,,,,0.6,us,usp000405q,2014-11-07T00:44:55.144Z,"3 km S of Simiane-Collongue, France",earthquake,,,,,reviewed,us,str
1989-09-29T20:44:38.040Z,40.267,20.817,10,3,ml,,,,0.8,us,usp000405p,2014-11-07T00:44:55.143Z,"14 km SE of Ersekë, Albania",earthquake,,,,,reviewed,us,sko
1989-09-29T19:24:44.050Z,-15.86,98.038,10,5.4,mw,,,,0.9,us,usp000405n,2025-12-19T21:04:41.075Z,"South Indian Ocean",earthquake,,,,,reviewed,us,hrv
1989-09-29T19:21:03.020Z,42.5,13.248,10,2.6,md,,,,0.8,us,usp000405m,2014-11-07T00:44:55.129Z,"2 km S of Montereale, Italy",earthquake,,,,,reviewed,us,sso
1989-09-29T18:15:31.020Z,30.888,141.978,33,4.3,mb,,,,0.7,us,usp000405k,2014-11-07T00:44:55.127Z,"Izu Islands, Japan region",earthquake,,,,1,reviewed,us,us
1989-09-29T18:11:36.940Z,43.087,6.212,10,2.5,md,,,,0.8,us,usp000405j,2014-11-07T00:44:55.126Z,"5 km SSW of La Londe-les-Maures, France",earthquake,,,,,reviewed,us,str
1989-09-29T17:33:05.860Z,38.86,27.513,10,3.3,md,,,,1.1,us,usp000405h,2014-11-07T00:44:55.124Z,"14 km NNW of Saruhanl?, Turkey",earthquake,,,,,reviewed,us,ath
1989-09-29T14:41:25.170Z,-23.052,-65.666,289.5,4.5,mb,,,,1.3,us,usp000405d,2014-11-07T00:44:55.118Z,"18 km N of El Aguilar, Argentina",earthquake,,10.6,,4,reviewed,us,us
1989-09-29T12:46:25.770Z,-9.107,124.578,193,4.6,mb,,,,0.9,us,usp0004057,2014-11-07T00:44:55.110Z,"23 km ENE of Pante Makasar, Timor Leste",earthquake,,30.5,,1,reviewed,us,us
1989-09-29T12:08:04.790Z,72.528,-2.548,10,4.4,mb,,,,1.2,us,usp0004056,2014-11-07T00:44:55.108Z,"280 km NE of Olonkinbyen, Svalbard and Jan Mayen",earthquake,,,,13,reviewed,us,us
1989-09-29T11:37:41.450Z,51.644,-173.411,33,4.5,mb,,,,0.7,us,usp0004055,2014-11-07T00:44:55.105Z,"82 km SE of Atka, Alaska",earthquake,,,,4,reviewed,us,us
1989-09-29T09:43:55.060Z,19.3168333,-154.9848333,37.018,2.51,ml,52,201,,0.11,hv,hv322203,2020-03-31T20:18:18.060Z,"18 km SSW of Leilani Estates, Hawaii",earthquake,1.01,0.46,0.16,2,reviewed,hv,hv
1989-09-29T09:32:17.680Z,36.988,21.161,60.2,3.9,mb,,,,1,us,usp0004052,2014-11-07T00:44:55.100Z,"42 km WSW of Filiatrá, Greece",earthquake,,9,,2,reviewed,us,us
1989-09-29T09:29:57.370Z,-10.044,164.11,61.5,4.8,mb,,,,1.1,us,usp0004051,2014-11-07T00:44:55.098Z,"199 km WNW of Lata, Solomon Islands",earthquake,,25.1,,2,reviewed,us,us
1989-09-29T08:39:46.310Z,44.48,7.317,10,3.1,ml,,,,0.6,us,usp0004050,2014-11-07T00:44:55.094Z,"2 km WNW of Tettorosso, Italy",earthquake,,,,,reviewed,us,ldg
1989-09-29T08:19:04.300Z,31.902,-116.164,5.455,2.99,mc,0,167.1,,0.172,ci,ci1042513,2016-02-04T03:45:30.640Z,"43km E of Ensenada, B.C., MX",earthquake,,,,10,reviewed,ci,ci
1989-09-29T07:34:00.660Z,38.37,23.859,10,2.6,ml,,,,1.1,us,usp000404x,2014-11-07T00:44:55.090Z,"3 km SW of Amárynthos, Greece",earthquake,,,,,reviewed,us,ath
1989-09-29T06:16:29.910Z,-30.532,28.849,5,4.9,mb,,,,1.5,us,usp000404w,2020-08-28T23:05:06.452Z,"48 km SSE of Qacha’s Nek, Lesotho",earthquake,,,,6,reviewed,us,us
1989-09-29T03:30:41.260Z,41.906,20.139,10,3.3,ml,,,,1.1,us,usp000404t,2014-11-07T00:44:55.081Z,"14 km NNE of Kurbnesh, Albania",earthquake,,,,,reviewed,us,sko
1989-09-29T01:33:09.200Z,35.642,27.306,64.3,4.2,mb,,,,1.2,us,usp000404p,2014-11-07T00:44:55.071Z,"17 km NNE of Karpathos, Greece",earthquake,,6.6,,21,reviewed,us,us
1989-09-29T00:25:15.420Z,43.812,8.738,10.6,3,ml,,,,0.7,us,usp000404n,2014-11-07T00:44:55.067Z,"49 km ESE of Albenga, Italy",earthquake,,2.2,,,reviewed,us,ldg
1989-09-28T23:25:19.120Z,33.964,-116.858,20.352,2.82,mc,0,83.4,,0.051,ci,ci1042486,2016-02-03T21:51:42.620Z,"5km NNE of Banning, CA",earthquake,,0.067,,10,reviewed,ci,ci
1989-09-28T22:50:11.970Z,20.205,98.51,33,4.3,mb,,,,1.3,us,usp000404k,2014-11-07T00:44:54.999Z,"80 km WNW of Fang, Thailand",earthquake,,,,2,reviewed,us,us
1989-09-28T22:09:58.200Z,19.353,97.673,33,4.6,mb,,,,0.9,us,usp000404j,2014-11-07T00:44:54.997Z,"31 km W of Mae Hong Son, Thailand",earthquake,,,,2,reviewed,us,us
1989-09-28T21:52:17.080Z,20.329,98.822,10.8,5.8,mw,,,,1.2,us,usp000404h,2022-04-28T20:11:50.504Z,"61 km NW of Fang, Thailand",earthquake,,,,,reviewed,us,hrv
1989-09-28T21:43:10.770Z,20.214,98.746,33,4.1,mb,,,,1.1,us,usp000404g,2014-11-07T00:44:54.971Z,"59 km NW of Fang, Thailand",earthquake,,,,2,reviewed,us,us
1989-09-28T16:49:26.800Z,34.958,27.383,33,4,md,,,,0.8,us,usp000404e,2014-11-07T00:44:54.968Z,"62 km SSE of Karpathos, Greece",earthquake,,,,,reviewed,us,ath
1989-09-28T15:42:37.250Z,36.5675,-121.1086667,9.246,3.2,ml,75,33,0.05676,0.07,nc,nc144721,2016-12-09T11:15:59.190Z,"25 km NE of Soledad, California",earthquake,0.12,0.22,,2,reviewed,nc,nc
1989-09-28T13:10:20.120Z,41.201,20.385,10,2.5,m,,,,1,us,usp0004049,2014-11-07T00:44:54.960Z,"4 km E of Librazhd-Qendër, Albania",earthquake,,,,,reviewed,us,tir
1989-09-28T12:27:41.240Z,41.611,20.807,10,2.7,ml,,,,0.9,us,usp0004047,2014-11-07T00:44:54.932Z,"10 km W of Zajas, North Macedonia",earthquake,,,,,reviewed,us,sko
1989-09-28T12:13:15.170Z,38.201,27.471,10,3.3,md,,,,1.4,us,usp0004046,2014-11-07T00:44:54.931Z,"10 km ENE of Torbal?, Turkey",earthquake,,,,,reviewed,us,ath
1989-09-28T11:49:42.190Z,34.021,135.187,10,3.9,m,,,,1.1,us,usp0004045,2014-11-07T00:44:54.929Z,"14 km S of Kainan, Japan",earthquake,,,,,reviewed,us,jma
1989-09-28T11:33:39.250Z,60.126,-153.482,160.8,3.3,ml,,,,0.32,ak,ak989cgddz51,2020-09-14T18:14:19.035Z,"47 km E of Port Alsworth, Alaska",earthquake,,2.2,,,reviewed,ak,ak
1989-09-28T09:31:05.180Z,41.878,20.146,10,3.3,ml,,,,0.9,us,usp0004041,2014-11-07T00:44:54.920Z,"12 km NNE of Kurbnesh, Albania",earthquake,,,,,reviewed,us,sko
1989-09-28T06:07:06.980Z,34.341,26.4,55.5,3.9,mb,,,,1.4,us,usp000403z,2014-11-07T00:44:54.915Z,"95 km SE of Ierápetra, Greece",earthquake,,11.5,,9,reviewed,us,us
1989-09-28T05:16:03.110Z,-24.631,179.789,550.4,4.9,mb,,,,0.8,us,usp000403x,2014-11-07T00:44:54.911Z,"south of the Fiji Islands",earthquake,,23.4,,5,reviewed,us,us
1989-09-28T03:13:49.190Z,51.38,177.243,33,4.3,mb,,,,1.1,us,usp000403u,2014-11-07T00:44:54.907Z,"Rat Islands, Aleutian Islands, Alaska",earthquake,,,,3,reviewed,us,us
1989-09-28T02:38:49.520Z,38.435,73.619,33,4.3,mb,,,,1.2,us,usp000403t,2014-11-07T00:44:54.906Z,"42 km NW of Murghob, Tajikistan",earthquake,,,,4,reviewed,us,us
1989-09-28T02:12:05.050Z,43.674,3.357,10,2.6,ml,,,,0.7,us,usp000403s,2014-11-07T00:44:54.904Z,"7 km SSE of Lodève, France",earthquake,,,,,reviewed,us,ldg
1989-09-28T01:38:25.570Z,40.455,51.921,33,4.1,mb,,,,1.2,us,usp000403r,2014-11-07T00:44:54.903Z,"100 km WNW of Türkmenba?y, Turkmenistan",earthquake,,,,3,reviewed,us,us
1989-09-28T01:11:13.390Z,33.949,-115.974,1.36,2.56,mc,0,122.3,,0.057,ci,ci1042388,2016-02-04T03:45:29.690Z,"23km SSE of Twentynine Palms, CA",earthquake,,0.061,,30,reviewed,ci,ci
1989-09-28T00:32:43.200Z,55.551,161.556,33,4.6,mb,,,,1,us,usp000403q,2014-11-07T00:44:54.901Z,"94 km SW of Ust’-Kamchatsk Staryy, Russia",earthquake,,,,6,reviewed,us,us
1989-09-28T00:28:10.110Z,-6.362,147.785,59.2,4.8,mb,,,,1.2,us,usp000403p,2014-11-07T00:44:54.898Z,"22 km NNW of Finschhafen, Papua New Guinea",earthquake,,19.4,,2,reviewed,us,us
1989-09-27T23:46:06.740Z,-23.194,-66.631,220.5,4.6,mb,,,,1.1,us,usp000403n,2014-11-07T00:44:54.894Z,"97 km W of El Aguilar, Argentina",earthquake,,6.4,,6,reviewed,us,us
1989-09-27T23:31:34.740Z,10.415,-60.489,114.5,4.4,md,,,,1.1,us,usp000403m,2014-11-07T00:44:54.890Z,"72 km ESE of Sangre Grande, Trinidad and Tobago",earthquake,,8.4,,,reviewed,us,trn
1989-09-27T22:00:41.200Z,19.1203333,-155.3113333,3.143,2.54,ml,10,343,,0.25,hv,hv506814,2020-03-31T20:17:13.430Z,"19 km ESE of P?hala, Hawaii",earthquake,23.25,23.71,0.07,2,reviewed,hv,hv
1989-09-27T21:00:22.220Z,43.394,5.432,10,2.5,md,,,,0.5,us,usp000403j,2014-11-07T00:44:54.887Z,"3 km NNW of Palama, France",earthquake,,,,,reviewed,us,str
1989-09-27T20:51:20.450Z,35.234,27.095,10,3.4,md,,,,0.7,us,usp000403h,2014-11-07T00:44:54.886Z,"25 km SE of Fry, Greece",earthquake,,,,,reviewed,us,ath
1989-09-27T20:00:21.120Z,36.006,-11.057,33,3.7,mblg,,,,1.1,us,usp000403g,2014-11-07T00:44:54.883Z,"219 km WSW of Sagres, Portugal",earthquake,,,,,reviewed,us,mdd
1989-09-27T18:50:54.700Z,38.263,23.568,10,3,ml,,,,1.1,us,usp000403e,2014-11-07T00:44:54.880Z,"2 km SW of Áyios Thomás, Greece",earthquake,,,,,reviewed,us,ath
1989-09-27T18:44:25.330Z,38.302,23.624,10,3,ml,,,,0.8,us,usp000403d,2014-11-07T00:44:54.879Z,"1 km SW of Oinófyta, Greece",earthquake,,,,,reviewed,us,ath
1989-09-27T18:43:13.620Z,38.299,23.61,10,2.5,ml,,,,0.6,us,usp000403c,2014-11-07T00:44:54.878Z,"2 km WSW of Oinófyta, Greece",earthquake,,,,,reviewed,us,ath
1989-09-27T18:40:20.190Z,59.8645,-153.491,133.2,3.1,ml,,,,0.18,ak,ak989ceu24f7,2020-09-14T18:14:21.294Z,"35 km ENE of Pedro Bay, Alaska",earthquake,,3.7,,,reviewed,ak,ak
1989-09-27T18:39:33.060Z,30.344,131.444,33,4.1,mb,,,,0.7,us,usp000403a,2014-11-07T00:44:54.871Z,"60 km SE of Nishinoomote, Japan",earthquake,,,,1,reviewed,us,us
1989-09-27T18:37:50.120Z,23.221,99.678,33,4.2,mb,,,,1.4,us,usp0004039,2014-11-07T00:44:54.869Z,"174 km NW of Jinghong, China",earthquake,,,,1,reviewed,us,us
1989-09-27T15:33:09.470Z,59.998,-152.5902,79.1,3,ml,,,,0.19,ak,ak989ces8arn,2020-09-14T18:14:22.266Z,"48 km W of Happy Valley, Alaska",earthquake,,1.9,,,reviewed,ak,ak
1989-09-27T14:35:44.300Z,35.253,-36.588,10,4.7,ms,,,,0.8,us,usp0004030,2014-11-07T00:44:54.855Z,"northern Mid-Atlantic Ridge",earthquake,,,,1,reviewed,us,us
1989-09-27T12:34:09.120Z,-34.877,179.135,194.3,4.6,mb,,,,1.2,us,usp000402y,2014-11-07T00:44:54.850Z,"south of the Kermadec Islands",earthquake,,21,,4,reviewed,us,us
1989-09-27T12:30:03.870Z,38.347,24.076,10,2.9,ml,,,,0.2,us,usp000402x,2014-11-07T00:44:54.849Z,"8 km SSE of Alivéri, Greece",earthquake,,,,,reviewed,us,ath
1989-09-27T12:22:52.940Z,38.357,24.098,10,2.8,ml,,,,0.6,us,usp000402w,2014-11-07T00:44:54.848Z,"8 km SE of Alivéri, Greece",earthquake,,,,,reviewed,us,ath
1989-09-27T12:12:35.510Z,31.847,-115.8,5.87,3.22,mc,0,101.9,,0.291,ci,ci1042296,2016-02-04T03:06:18.490Z,"73km SW of Alberto Oviedo Mota, B.C., MX",earthquake,,,,13,reviewed,ci,ci
1989-09-27T10:57:47.840Z,-8.246,127.983,181.9,4.5,mb,,,,1.5,us,usp000402u,2014-11-07T00:44:54.844Z,"112 km ENE of Lospalos, Timor Leste",earthquake,,22.2,,2,reviewed,us,us
1989-09-27T09:04:47.350Z,62.5272,-151.5857,100.4,2.6,ml,,,,0.26,ak,ak989ceohkan,2020-09-14T18:14:23.654Z,"42 km W of Petersville, Alaska",earthquake,,1.9,,,reviewed,ak,ak
1989-09-27T08:13:02.990Z,38.714,21.094,10,3.3,md,,,,1.4,us,usp000402q,2014-11-07T00:44:54.838Z,"5 km ENE of Archontochóri, Greece",earthquake,,,,,reviewed,us,ath
1989-09-27T07:45:24.060Z,38.411,23.627,7.4,3.1,ml,,,,1.3,us,usp000402p,2014-11-07T00:44:54.836Z,"1 km NNE of Fáros, Greece",earthquake,,5.8,,,reviewed,us,ath
1989-09-27T05:15:48.940Z,44.574,6.859,10.1,2.6,ml,,,,0.3,us,usp000402m,2014-11-07T00:44:54.832Z,"12 km W of Pleyne, Italy",earthquake,,3,,,reviewed,us,gen
1989-09-27T04:27:22.050Z,29.288,130.527,37.4,5,mb,,,,1.2,us,usp000402j,2014-11-07T00:44:54.824Z,"104 km S of Koshima, Japan",earthquake,,,,5,reviewed,us,us
1989-09-27T04:05:18.160Z,-14.099,166.102,186.2,4.5,mb,,,,1.4,us,usp000402h,2014-11-07T00:44:54.822Z,"147 km NW of Port-Olry, Vanuatu",earthquake,,28.4,,1,reviewed,us,us
1989-09-27T02:48:12.860Z,42.3148333,-111.3711667,6.5,3.12,md,14,153,0.364,0.14,uu,uu50044825,2018-08-28T03:55:54.710Z,"6 km W of Montpelier, Idaho",earthquake,1.26,0.87,,4,reviewed,uu,uu
1989-09-27T02:10:21.520Z,35.577,-5.594,89.5,3.7,md,,,,0.9,us,usp000402e,2014-11-07T00:44:54.816Z,"20 km W of Tétouan, Morocco",earthquake,,7.5,,,reviewed,us,rba
1989-09-27T01:50:55.730Z,-5.343,152.186,33,4.9,mb,,,,0.8,us,usp000402c,2014-11-07T00:44:54.814Z,"110 km S of Kokopo, Papua New Guinea",earthquake,,,,1,reviewed,us,us
1989-09-27T00:29:20.240Z,43.236,4.809,10,3,ml,,,,0.4,us,usp0004028,2014-11-07T00:44:54.805Z,"16 km S of Port-Saint-Louis-du-Rhône, France",earthquake,,,,,reviewed,us,ldg
1989-09-27T00:26:34.460Z,39.177,22.059,10,3,md,,,,0.6,us,usp0004027,2014-11-07T00:44:54.803Z,"3 km WSW of Anávra, Greece",earthquake,,,,,reviewed,us,ath
1989-09-26T23:34:38.900Z,36.839,27.249,10,3.8,md,,,,1,us,usp0004026,2014-11-07T00:44:54.800Z,"5 km SE of Zipári, Greece",earthquake,,,,,reviewed,us,ath
1989-09-26T22:44:13.160Z,-49.998,114.058,10,5.2,ms,,,,1.3,us,usp0004024,2014-11-07T00:44:54.774Z,"western Indian-Antarctic Ridge",earthquake,,,,3,reviewed,us,us
1989-09-26T22:28:19.850Z,42.294,20.004,10,2.7,ml,,,,1.1,us,usp0004023,2014-11-07T00:44:54.769Z,"25 km N of Fushë-Arrëz, Albania",earthquake,,,,,reviewed,us,ttg
1989-09-26T21:46:29.720Z,59.305,13.893,10,2.8,ml,,,,1.2,us,usp0004021,2014-11-07T00:44:54.733Z,"12 km W of Kristinehamn, Sweden",earthquake,,,,,reviewed,us,upp
1989-09-26T21:24:56.830Z,-50.057,114.151,10,5.4,mw,,,,1.1,us,usp0004020,2025-12-19T21:04:40.418Z,"western Indian-Antarctic Ridge",earthquake,,,,,reviewed,us,hrv
1989-09-26T21:12:04.830Z,38.417,23.828,10,2.9,md,,,,1.2,us,usp000401z,2014-11-07T00:44:54.716Z,"0 km NE of Magoúla, Greece",earthquake,,,,,reviewed,us,ath
1989-09-26T16:33:52.270Z,32.462,-117.478,5.486,2.89,mc,0,162.3,,0.155,ci,ci1042189,2016-02-03T22:31:57.810Z,"37km WSW of Imperial Beach, CA",earthquake,,,,26,reviewed,ci,ci
1989-09-26T16:04:58.300Z,-4.288,152.607,104.9,5,mb,,,,1.1,us,usp000401u,2014-11-07T00:44:54.697Z,"38 km E of Kokopo, Papua New Guinea",earthquake,,38.1,,2,reviewed,us,us
1989-09-26T15:22:15.390Z,34.936,23.923,72,3.9,mb,,,,1.1,us,usp000401s,2014-11-07T00:44:54.693Z,"18 km NW of Kastrí, Greece",earthquake,,14.6,,1,reviewed,us,us
1989-09-26T13:54:34.310Z,39.218,22.007,10,3.3,md,,,,1.2,us,usp000401n,2014-11-07T00:44:54.689Z,"7 km SSE of Kallifóni, Greece",earthquake,,,,,reviewed,us,ath
1989-09-26T13:36:06.410Z,28.632,-43.69,10,4.6,mb,,,,0.8,us,usp000401m,2014-11-07T00:44:54.686Z,"northern Mid-Atlantic Ridge",earthquake,,,,8,reviewed,us,us
1989-09-26T13:19:31.760Z,39.522,25.698,10,3.1,md,,,,1.4,us,usp000401k,2014-11-07T00:44:54.684Z,"44 km NNW of Eresós, Greece",earthquake,,,,,reviewed,us,ath
1989-09-26T13:13:23.840Z,38.7538333,-122.897,3.711,2.55,md,31,38,0.04144,0.08,nc,nc144642,2016-12-09T11:09:40.430Z,"5 km N of Geyserville, California",earthquake,0.17,0.62,0.09,27,reviewed,nc,nc
1989-09-26T10:11:46.820Z,32.142,-115.788,5.461,2.82,mc,0,277.3,,0.217,ci,ci1042157,2016-02-03T20:32:54.700Z,"52km SSW of Progreso, B.C., MX",earthquake,,,,8,reviewed,ci,ci
1989-09-26T09:59:15.040Z,12.534,95.467,21.8,4.9,mb,,,,1.2,us,usp000401c,2014-11-07T00:44:54.668Z,"Andaman Islands, India region",earthquake,,,,14,reviewed,us,us
1989-09-26T09:43:46.530Z,19.693,-108.831,33,4.3,mb,,,,1.4,us,usp000401a,2014-11-07T00:44:54.665Z,"Revilla Gigedo Islands region",earthquake,,,,5,reviewed,us,us
1989-09-26T07:02:53.180Z,-4.802,136.989,33,4,mb,,,,1.5,us,usp0004017,2014-11-07T00:44:54.660Z,"229 km SE of Nabire, Indonesia",earthquake,,,,2,reviewed,us,us
1989-09-26T05:53:11.620Z,-24.058,-179.847,535.5,4.8,mb,,,,1,us,usp0004016,2014-11-07T00:44:54.657Z,"south of the Fiji Islands",earthquake,,26.4,,8,reviewed,us,us
1989-09-26T05:41:16.960Z,-4.716,138.696,33,4.4,mb,,,,1.5,us,usp0004015,2014-11-07T00:44:54.655Z,"Papua, Indonesia",earthquake,,,,4,reviewed,us,us
1989-09-26T05:31:51.710Z,61.912,4.368,10,2.5,md,,,,1.4,us,usp0004014,2014-11-07T00:44:54.653Z,"39 km W of Måløy, Norway",earthquake,,,,,reviewed,us,ber
1989-09-26T04:40:50.470Z,-30.232,-68.436,57.4,4.4,mb,,,,1.2,us,usp0004013,2014-11-07T00:44:54.649Z,"29 km E of San José de Jáchal, Argentina",earthquake,,10.3,,3,reviewed,us,us
1989-09-26T04:18:51.110Z,38.7683333,-122.904,2.371,2.68,md,37,41,0.04595,0.13,nc,nc144630,2016-12-09T11:07:59.300Z,"6 km N of Geyserville, California",earthquake,0.2,0.98,0.1,29,reviewed,nc,nc
1989-09-26T03:56:26.490Z,40.3043333,-124.5126667,20.19,2.61,md,18,232,0.2171,0.06,nc,nc144629,2016-12-09T11:07:49.772Z,"36 km SW of Ferndale, California",earthquake,1.25,0.38,0.12,12,reviewed,nc,nc
1989-09-26T02:39:59.240Z,4.123,123.46,570.2,4.6,mb,,,,1.2,us,usp0004011,2014-11-07T00:44:54.645Z,"241 km SSW of Maitum, Philippines",earthquake,,25.3,,4,reviewed,us,us
1989-09-26T02:24:12.410Z,-31.394,-178.521,33,5.4,mb,,,,0.8,us,usp0004010,2022-04-28T20:11:49.439Z,"Kermadec Islands region",earthquake,,,,10,reviewed,us,us
1989-09-26T02:13:08.990Z,38.7563333,-122.8953333,4.801,3.3,ml,40,35,0.03964,0.08,nc,nc144616,2016-12-09T11:07:15.720Z,"5 km N of Geyserville, California",earthquake,0.15,0.41,,4,reviewed,nc,nc
1989-09-26T00:49:17.000Z,0.099,38.47,10,4.3,mb,,,,1.3,us,usp000400v,2014-11-07T00:44:54.627Z,"60 km ESE of Maua, Kenya",earthquake,,,,1,reviewed,us,us
1989-09-26T00:18:50.020Z,76.175,134.246,10,4.5,mb,,,,1,us,usp000400u,2014-11-07T00:44:54.624Z,"Laptev Sea",earthquake,,,,13,reviewed,us,us
1989-09-26T00:07:41.180Z,19.6878333,-155.0495,0.764,2.59,ml,34,234,,0.19,hv,hv321882,2020-03-31T20:17:10.920Z,"6 km SE of Hilo, Hawaii",quarry blast,1.5,9.88,,1,reviewed,hv,hv
1989-09-25T23:43:28.440Z,32.144,-115.78,5.788,2.66,mc,0,134.4,,0.224,ci,ci1042132,2016-02-03T20:32:54.260Z,"52km SSW of Progreso, B.C., MX",earthquake,,,,22,reviewed,ci,ci
1989-09-25T23:23:28.420Z,44.398,-28.333,10,4.5,mb,,,,0.8,us,usp000400t,2014-11-07T00:44:54.620Z,"northern Mid-Atlantic Ridge",earthquake,,,,24,reviewed,us,us
1989-09-25T22:11:41.410Z,0.065,38.483,10,4.2,mb,,,,1.3,us,usp000400p,2014-11-07T00:44:54.605Z,"63 km ESE of Maua, Kenya",earthquake,,,,1,reviewed,us,us
1989-09-25T22:07:15.970Z,61.7585,-146.5945,31.2,2.5,ml,,,,0.33,ak,ak989cbl62wd,2020-09-14T18:14:29.197Z,"27 km SSE of Nelchina, Alaska",earthquake,,1.5,,,reviewed,ak,ak
1989-09-25T19:33:20.290Z,61.4603,-146.6165,36.1,2.6,ml,,,,0.24,ak,ak989cbjjd19,2020-09-14T18:14:30.215Z,"39 km NNW of Valdez, Alaska",earthquake,,1.2,,,reviewed,ak,ak
1989-09-25T19:19:18.520Z,66.3417,-149.1737,10,2.9,ml,,,,0.23,ak,ak989cbjgcvg,2020-09-14T18:14:30.569Z,"37 km N of Stevens Village, Alaska",earthquake,,14,,,reviewed,ak,ak
1989-09-25T18:47:17.980Z,-35.063,178.861,190.6,5.3,mb,,,,1,us,usp000400k,2014-11-07T00:44:54.596Z,"off the east coast of the North Island of New Zealand",earthquake,,9,,7,reviewed,us,us
1989-09-25T16:48:27.170Z,-33.517,179.15,222.5,4.8,mb,,,,1.4,us,usp000400j,2014-11-07T00:44:54.591Z,"south of the Kermadec Islands",earthquake,,,,4,reviewed,us,us
1989-09-25T15:19:07.750Z,43.407,5.424,10,2.6,ml,,,,0.6,us,usp000400g,2014-11-07T00:44:54.459Z,"2 km SSW of Simiane-Collongue, France",earthquake,,,,,reviewed,us,str
1989-09-25T14:51:25.630Z,59.8668,-153.1135,114.4,2.8,ml,,,,0.25,ak,ak989cbgo2b7,2020-09-14T18:14:31.531Z,"56 km E of Pedro Bay, Alaska",earthquake,,1.3,,,reviewed,ak,ak
1989-09-25T14:17:47.080Z,-20.355,169.277,33.9,6.5,mw,,,,1,us,usp000400f,2022-04-28T20:11:44.329Z,"90 km S of Isangel, Vanuatu",earthquake,,,,,reviewed,us,hrv
1989-09-25T14:10:22.290Z,-9.512,154.108,33,4.6,mb,,,,0.9,us,usp000400e,2014-11-07T00:44:54.138Z,"D'Entrecasteaux Islands region",earthquake,,,,2,reviewed,us,us
1989-09-25T13:40:33.600Z,40.4211667,-124.3413333,25.368,3.3,ml,16,212,0.05405,0.04,nc,nc144658,2016-12-09T11:05:13.190Z,"18 km SSW of Ferndale, California",earthquake,0.86,0.77,,4,reviewed,nc,nc
1989-09-25T12:15:03.590Z,39.579,-119.108,5,2.7,ml,,,,0.6,us,usp000400a,2014-11-07T00:44:54.133Z,"12 km ESE of Fernley, Nevada",earthquake,,,,,reviewed,us,brk
1989-09-25T11:25:00.030Z,33.162,-115.638,0.937,2.68,mc,0,58.5,,0.124,ci,ci1042061,2016-02-04T02:27:21.860Z,"12km WNW of Calipatria, CA",earthquake,,0.062,,39,reviewed,ci,ci
1989-09-25T11:14:07.700Z,44.571,6.888,10,2.9,ml,,,,0.4,us,usp0004009,2014-11-07T00:44:54.130Z,"10 km W of Pleyne, Italy",earthquake,,,,,reviewed,us,ldg
1989-09-25T09:21:15.820Z,31.792,-115.663,5.312,3.01,mc,0,167.1,,0.31,ci,ci1042053,2016-02-03T22:31:56.240Z,"67km SW of Alberto Oviedo Mota, B.C., MX",earthquake,,,,10,reviewed,ci,ci
1989-09-25T07:38:11.860Z,36.829,21.497,54.6,4.6,mb,,,,1.1,us,usp0004003,2014-11-07T00:44:54.119Z,"18 km W of Methóni, Greece",earthquake,,6.3,,5,reviewed,us,us
1989-09-25T07:35:46.260Z,36.868,21.497,45.7,4.2,mb,,,,1.2,us,usp0004002,2014-11-07T00:44:54.109Z,"southern Greece",earthquake,,5.8,,18,reviewed,us,us
1989-09-25T07:31:53.980Z,44.577,6.873,10,2.5,ml,,,,0.4,us,usp0004001,2014-11-07T00:44:54.106Z,"11 km W of Pleyne, Italy",earthquake,,,,,reviewed,us,gen
1989-09-25T05:30:44.260Z,34.16,-119.153,8.204,2.65,mc,0,103.7,,0.067,ci,ci1042039,2016-02-03T21:11:45.700Z,"4km ENE of Port Hueneme, CA",earthquake,,0.946,,18,reviewed,ci,ci
1989-09-25T04:59:39.640Z,34.155,-119.149,7.892,2.91,ml,0,104.4,,0.094,ci,ci1042034,2016-02-03T20:32:52.750Z,"4km E of Port Hueneme, CA",earthquake,,0.683,,9,reviewed,ci,ci
1989-09-25T04:05:17.810Z,60.7558,-144.6985,15.2,2.7,ml,,,,0.32,ak,ak989cbafupx,2020-09-14T18:14:34.286Z,"62 km ENE of Cordova, Alaska",earthquake,,7.5,,,reviewed,ak,ak
1989-09-25T02:32:30.050Z,-3.198,134.577,33,4,mb,,,,1.2,us,usp0003zzt,2014-11-07T00:44:54.093Z,"104 km W of Nabire, Indonesia",earthquake,,,,4,reviewed,us,us
1989-09-25T02:09:07.930Z,23.02,94.598,85.3,3.8,mb,,,,1.6,us,usp0003zzp,2014-11-07T00:44:54.086Z,"71 km SSE of Mawlaik, Myanmar",earthquake,,16.6,,3,reviewed,us,us
1989-09-25T01:55:42.040Z,18.017,145.382,321.1,4.1,mb,,,,1,us,usp0003zzn,2014-11-07T00:44:54.083Z,"Pagan region, Northern Mariana Islands",earthquake,,10.3,,6,reviewed,us,us
1989-09-25T01:46:31.720Z,-33.717,-68.615,52,4.5,mb,,,,0.8,us,usp0003zzm,2014-11-07T00:44:54.080Z,"71 km S of San Martín, Argentina",earthquake,,10.5,,4,reviewed,us,us
1989-09-25T01:37:34.900Z,33.97,-116.783,4.966,2.55,mc,0,33.8,,0.068,ci,ci1042020,2016-02-04T01:48:31.030Z,"6km N of Cabazon, CA",earthquake,,0.078,,59,reviewed,ci,ci
1989-09-25T00:51:48.980Z,34.232,-116.22,10.517,2.7,mc,0,123.4,,0.054,ci,ci1042016,2016-02-03T23:10:38.310Z,"14km NE of Joshua Tree, CA",earthquake,,0.04,,60,reviewed,ci,ci
1989-09-24T22:09:49.230Z,-25.37,178.38,570.9,5,mb,,,,0.9,us,usp0003zzg,2014-11-07T00:44:54.069Z,"south of the Fiji Islands",earthquake,,14,,13,reviewed,us,us
1989-09-24T21:47:24.180Z,32.937,-117.706,5.669,2.53,mc,0,155.9,,0.347,ci,ci1042006,2016-02-03T19:53:20.090Z,"40km WSW of Encinitas, CA",earthquake,,,,13,reviewed,ci,ci
1989-09-24T21:29:57.680Z,41.091,19.122,10,3,ml,,,,1.1,us,usp0003zze,2014-11-07T00:44:54.066Z,"37 km WSW of Kavajë, Albania",earthquake,,,,,reviewed,us,sko
1989-09-24T21:28:31.510Z,39.9751667,-120.7538333,-1.756,3,ml,26,143,0.5099,0.36,nc,nc144566,2016-12-09T11:03:17.332Z,"7 km N of Greenhorn, California",earthquake,1.8,3.27,,4,reviewed,nc,nc
1989-09-24T21:27:54.970Z,41.264,19.483,10,4.1,ml,,,,1.1,us,usp0003zzd,2014-11-07T00:44:54.058Z,"7 km SSE of Durrës, Albania",earthquake,,,,,reviewed,us,ath
1989-09-24T20:37:12.070Z,6.989,-73.123,175.7,4.8,mb,,,,0.9,us,usp0003zzb,2014-11-07T00:44:54.055Z,"8 km W of Piedecuesta, Colombia",earthquake,,8.8,,1,reviewed,us,us
1989-09-24T20:16:02.830Z,41.25,-1.174,10,3.2,ml,,,,0.8,us,usp0003zz7,2014-11-07T00:44:54.048Z,"1 km W of Aladrén, Spain",earthquake,,,,,reviewed,us,ldg
1989-09-24T18:45:45.760Z,16.118,-96.738,44.3,5,mb,,,,1,us,usp0003zz3,2014-11-07T00:44:54.031Z,"5 km NNE of Santa Catarina Loxicha, Mexico",earthquake,,6.5,,32,reviewed,us,us
1989-09-24T17:18:42.970Z,33.298,134.933,33,5.1,mw,,,,1,us,usp0003zyz,2025-12-19T21:04:39.734Z,"62 km SW of Tanabe, Japan",earthquake,,,,,reviewed,us,hrv
1989-09-24T16:56:52.290Z,10.38,-59.888,59.4,4.5,mb,,,,0.7,us,usp0003zyy,2014-11-07T00:44:54.013Z,"128 km SE of Scarborough, Trinidad and Tobago",earthquake,,10,,3,reviewed,us,us
1989-09-24T16:52:25.000Z,44.564,6.86,10,2.5,md,,,,0.8,us,usp0003zyx,2014-11-07T00:44:54.008Z,"12 km W of Pleyne, Italy",earthquake,,,,,reviewed,us,str
1989-09-24T14:56:19.660Z,39.9763333,-120.7498333,3.319,3.3,ml,21,143,0.5216,0.06,nc,nc144559,2016-12-09T11:02:12.286Z,"7 km N of Greenhorn, California",earthquake,0.4,9.19,,2,reviewed,nc,nc
1989-09-24T14:52:59.640Z,-19.036,168.288,146.6,4.8,mb,,,,1.1,us,usp0003zyu,2014-11-07T00:44:54.000Z,"118 km WNW of Isangel, Vanuatu",earthquake,,22.1,,2,reviewed,us,us
1989-09-24T14:05:49.020Z,58.4777,-152.5967,46.9,4.5,mb,,,,0.18,ak,ak989c9suwom,2020-09-14T18:14:36.284Z,"50 km NNE of Aleneva, Alaska",earthquake,,1,,,reviewed,ak,ak
1989-09-24T10:55:20.910Z,20.697,94.968,134,5.4,mw,,,,0.9,us,usp0003zyq,2025-12-19T21:04:38.902Z,"27 km SE of Chauk, Myanmar",earthquake,,,,,reviewed,us,hrv
1989-09-24T10:53:54.280Z,9.977,-59.851,47.1,5.2,mw,,,,0.9,us,usp0003zyp,2025-12-19T21:04:38.177Z,"149 km ESE of Rio Claro, Trinidad and Tobago",earthquake,,5.8,,,reviewed,us,hrv
1989-09-24T10:05:06.790Z,25.079,123.698,132.6,4.8,mb,,,,1,us,usp0003zyn,2014-11-07T00:44:53.958Z,"93 km NNW of Ishigaki, Japan",earthquake,,8.6,,8,reviewed,us,us
1989-09-24T10:04:07.310Z,39.3775,-120.4646667,-0.827,2.62,md,27,94,0.209,0.09,nc,nc144550,2016-12-09T11:01:52.890Z,"6 km NNW of Kingvale, California",earthquake,0.31,4.02,0.19,29,reviewed,nc,nc
1989-09-24T09:32:16.060Z,59.4325,-154.1337,1.3,2.7,ml,,,,0.17,ak,ak989c9q1gg6,2020-09-14T18:14:36.714Z,"24 km SE of Pope-Vannoy Landing, Alaska",earthquake,,2.1,,,reviewed,ak,ak
1989-09-24T08:00:10.220Z,62.9943,-149.5727,82.9,2.9,ml,,,,0.25,ak,ak989c9p95ha,2020-09-14T18:14:37.027Z,"54 km SW of Cantwell, Alaska",earthquake,,1.2,,,reviewed,ak,ak
1989-09-24T06:55:47.730Z,42.814,18.64,10,2.5,ml,,,,0.9,us,usp0003zyf,2014-11-07T00:44:53.949Z,"18 km ESE of Bile?a, Bosnia and Herzegovina",earthquake,,,,,reviewed,us,ttg
1989-09-24T06:22:24.390Z,60.9098,-150.3183,51.1,2.6,ml,,,,0.4,ak,ak989c9o7147,2020-09-14T18:14:37.403Z,"20 km E of Point Possession, Alaska",earthquake,,1,,,reviewed,ak,ak
1989-09-24T06:20:03.840Z,12.313,143.316,33,4,mb,,,,0.4,us,usp0003zye,2014-11-07T00:44:53.948Z,"180 km SW of Merizo Village, Guam",earthquake,,,,1,reviewed,us,us
1989-09-24T02:00:52.750Z,2.849,128.34,38.3,5.1,mb,,,,1.1,us,usp0003zy8,2014-11-07T00:44:53.936Z,"129 km NNE of Tobelo, Indonesia",earthquake,,,,11,reviewed,us,us
1989-09-24T01:39:43.290Z,-26.426,-111.865,10,4.8,mb,,,,1.3,us,usp0003zy7,2014-11-07T00:44:53.933Z,"255 km WNW of Hanga Roa, Chile",earthquake,,,,4,reviewed,us,us
1989-09-24T01:30:41.600Z,-29.564,-178.018,197.3,4.4,mb,,,,1.5,us,usp0003zy5,2014-11-07T00:44:53.930Z,"Kermadec Islands, New Zealand",earthquake,,55.8,,1,reviewed,us,us
1989-09-24T01:12:47.100Z,50.906,-125.509,5,3.8,ml,,,,,us,usp0003zy3,2014-11-07T00:44:53.925Z,"100 km N of Campbell River, Canada",earthquake,,,,,reviewed,pgc,pgc
1989-09-24T00:47:56.720Z,40.305,51.802,33,4.4,mb,,,,1,us,usp0003zy1,2014-11-07T00:44:53.921Z,"103 km WNW of Türkmenba?y, Turkmenistan",earthquake,,,,9,reviewed,us,us
1989-09-23T23:56:02.130Z,40.7733333,-124.2296667,23.576,3.06,md,13,181,0.2135,0.07,nc,nc144517,2016-12-09T11:00:38.334Z,"3 km W of Bayview, California",earthquake,0.67,1.51,0.13,28,reviewed,nc,nc
1989-09-23T23:13:42.870Z,37.5726667,-118.8648333,6.439,2.59,md,49,66,0.03604,0.04,nc,nc144515,2016-12-09T11:00:32.880Z,"12 km SE of Mammoth Lakes, California",earthquake,0.17,0.3,0.23,45,reviewed,nc,nc
1989-09-23T22:44:15.390Z,40.76,-124.253,22.326,3.4,ml,34,181,0.2288,0.08,nc,nc10090062,2016-12-09T11:00:17.840Z,"5 km NW of Fields Landing, California",earthquake,0.38,0.68,,0,reviewed,nc,nc
1989-09-23T22:37:46.760Z,32.993,140.705,73.3,5,mb,,,,1.1,us,usp0003zxw,2014-11-07T00:44:53.906Z,"233 km SSE of Tateyama, Japan",earthquake,,6.2,,17,reviewed,us,us
1989-09-23T21:03:35.620Z,34.1,-118.241,6.959,2.61,mc,0,61.5,,0.137,ci,ci1041917,2016-02-03T21:51:40.640Z,"2km ENE of Silver Lake, CA",earthquake,,0.025,,76,reviewed,ci,ci
1989-09-23T20:03:26.740Z,38.248,-8.609,10,3.7,md,,,,1,us,usp0003zxn,2014-11-07T00:44:53.893Z,"8 km NNW of Grândola, Portugal",earthquake,,,,,reviewed,us,rba
1989-09-23T19:19:13.990Z,34.11,-117.478,7.871,2.84,ml,0,23.4,,0.081,ci,ci1041908,2016-02-04T05:02:26.530Z,"2km NW of Fontana, CA",earthquake,,0.029,,6,reviewed,ci,ci
1989-09-23T19:00:16.340Z,44.566,6.828,10,2.5,ml,,,,0.3,us,usp0003zxk,2014-11-07T00:44:53.888Z,"15 km W of Pleyne, Italy",earthquake,,,,,reviewed,us,ldg
1989-09-23T18:37:24.850Z,-7.069,155.592,69.1,4.5,mb,,,,1,us,usp0003zxj,2014-11-07T00:44:53.884Z,"84 km S of Panguna, Papua New Guinea",earthquake,,9.3,,5,reviewed,us,us
1989-09-23T17:58:43.340Z,60.0558,-153.0843,116.6,2.5,ml,,,,0.31,ak,ak989c87f7im,2020-09-14T18:14:39.688Z,"64 km ENE of Pedro Bay, Alaska",earthquake,,1.9,,,reviewed,ak,ak
1989-09-23T17:51:38.230Z,22.621,121.971,31.3,5.5,mw,,,,1,us,usp0003zxg,2022-04-28T20:11:43.169Z,"143 km ENE of Hengchun, Taiwan",earthquake,,,,,reviewed,us,hrv
1989-09-23T15:51:38.780Z,-28.547,-178.067,33,4.7,mb,,,,1.2,us,usp0003zxe,2014-11-07T00:44:53.852Z,"Kermadec Islands region",earthquake,,,,4,reviewed,us,us
1989-09-23T15:31:16.090Z,39.493,-29.848,12.6,5.1,mw,,,,0.8,us,usp0003zxd,2025-12-19T21:04:37.395Z,"110 km E of Santa Cruz das Flores, Portugal",earthquake,,,,,reviewed,us,hrv
1989-09-23T14:52:33.510Z,62.9797,-148.704,66.5,2.9,ml,,,,0.19,ak,ak989c85llnb,2020-09-14T18:14:40.381Z,"47 km SSE of Cantwell, Alaska",earthquake,,1.7,,,reviewed,ak,ak
1989-09-23T14:47:01.650Z,59.3378,-152.1208,61.9,2.9,ml,,,,0.24,ak,ak989c85kglx,2020-09-14T18:14:40.755Z,"11 km W of Nanwalek, Alaska",earthquake,,1.1,,,reviewed,ak,ak
1989-09-23T13:17:52.260Z,37.799,14.955,27.5,4.3,mb,,,,0.8,us,usp0003zxa,2014-11-07T00:44:53.833Z,"8 km ESE of Maletto, Italy",earthquake,,5.9,,1,reviewed,us,us
1989-09-23T12:19:33.080Z,6.513,-77.018,64.2,3.8,mb,,,,1.1,us,usp0003zx8,2014-11-07T00:44:53.831Z,"15 km WSW of Bellavista, Colombia",earthquake,,10.9,,1,reviewed,us,us
1989-09-23T11:19:31.570Z,19.6741667,-155.439,21.093,2.53,ml,51,59,,0.1,hv,hv321665,2020-03-31T20:17:08.380Z,"33 km NW of Volcano, Hawaii",earthquake,0.45,0.58,0.11,2,reviewed,hv,hv
1989-09-23T11:11:53.110Z,6.886,-76.561,10,4.5,mb,,,,1.1,us,usp0003zx6,2014-11-07T00:44:53.825Z,"30 km ESE of Murindó, Colombia",earthquake,,,,8,reviewed,us,us
1989-09-23T11:00:15.060Z,40.248,51.613,60,4.2,mb,,,,1.1,us,usp0003zx5,2014-11-07T00:44:53.822Z,"112 km ESE of Pirallah?, Azerbaijan",earthquake,,,,7,reviewed,us,us
1989-09-23T09:56:04.050Z,37.803,-3.533,10,2.8,mblg,,,,0.4,us,usp0003zx3,2014-11-07T00:44:53.819Z,"2 km NW of Torres, Spain",earthquake,,,,,reviewed,us,mdd
1989-09-23T08:47:30.070Z,61.1773,-150.1698,36.3,3.3,ml,,,,0.37,ak,ak989c81zx67,2020-09-14T18:14:41.753Z,"15 km WSW of Anchorage, Alaska",earthquake,,1.6,,,reviewed,ak,ak
1989-09-23T08:15:16.690Z,40.5091667,-124.9081667,4.258,3.8,ml,85,241,0.4369,0.1,nc,nc10090061,2016-12-09T10:58:32.266Z,"55 km W of Ferndale, California",earthquake,0.54,1.27,,6,reviewed,nc,nc
1989-09-23T07:42:37.320Z,-37.357,78.39,10,4.8,mb,,,,0.6,us,usp0003zwu,2014-11-07T00:44:53.804Z,"Mid-Indian Ridge",earthquake,,,,5,reviewed,us,us
1989-09-23T05:45:31.150Z,-56.176,-26.977,100,5.1,mb,,,,1,us,usp0003zwt,2014-11-07T00:44:53.802Z,"South Sandwich Islands region",earthquake,,,,7,reviewed,us,us
1989-09-23T04:56:55.420Z,5.215,127.496,33,4.9,mb,,,,0.5,us,usp0003zws,2014-11-07T00:44:53.800Z,"193 km SE of Pondaguitan, Philippines",earthquake,,,,4,reviewed,us,us
1989-09-23T04:16:59.920Z,-12.131,167.01,268.7,4.4,mb,,,,0.9,us,usp0003zwr,2014-11-07T00:44:53.787Z,"201 km NNW of Sola, Vanuatu",earthquake,,21.4,,11,reviewed,us,us
1989-09-23T04:07:15.500Z,38.305,23.66,10,2.6,ml,,,,0.7,us,usp0003zwq,2014-11-07T00:44:53.785Z,"1 km ESE of Oinófyta, Greece",earthquake,,,,,reviewed,us,ath
1989-09-22T23:38:10.740Z,46.3836667,-123.7815,22.435,2.5,md,34,188,0.373,0.52,uw,uw10250343,2016-07-24T21:09:53.360Z,"3 km NE of Naselle, Washington",earthquake,2.205,3.32,0.07,6,reviewed,uw,uw
1989-09-22T23:30:42.460Z,40.327,51.878,33,4.7,mb,,,,1.1,us,usp0003zwk,2014-11-07T00:44:53.777Z,"97 km WNW of Türkmenba?y, Turkmenistan",earthquake,,,,14,reviewed,us,us
1989-09-22T21:23:54.770Z,-5.345,129.833,234,4.9,mb,,,,0.9,us,usp0003zwj,2014-11-07T00:44:53.774Z,"243 km SSE of Amahai, Indonesia",earthquake,,8.7,,8,reviewed,us,us
1989-09-22T20:21:08.570Z,40.306,51.627,52,4.9,mb,,,,1,us,usp0003zwg,2022-04-28T20:11:42.035Z,"112 km E of Pirallah?, Azerbaijan",earthquake,,,,47,reviewed,us,us
1989-09-22T19:20:43.800Z,40.301,51.755,58.5,4.5,mb,,,,0.9,us,usp0003zwe,2014-11-07T00:44:53.754Z,"106 km WNW of Türkmenba?y, Turkmenistan",earthquake,,12.9,,8,reviewed,us,us
1989-09-22T18:39:13.090Z,59.3138,-153.405,102.2,2.7,ml,,,,0.19,ak,ak989c6kd5ot,2020-09-14T18:14:44.511Z,"Southern Alaska",earthquake,,1.7,,,reviewed,ak,ak
1989-09-22T18:21:49.040Z,37.4885,-118.806,5.493,2.99,md,46,48,0.007207,0.05,nc,nc144584,2016-12-09T10:56:54.100Z,"11 km SW of Aspen Springs, California",earthquake,0.19,0.36,0.24,43,reviewed,nc,nc
1989-09-22T16:20:57.910Z,-21.967,-68.609,33,4.6,mb,,,,1.2,us,usp0003zwc,2014-11-07T00:44:53.752Z,"63 km NNE of Calama, Chile",earthquake,,,,1,reviewed,us,us
1989-09-22T16:17:42.680Z,19.3301667,-155.1956667,9.213,3.22,ml,51,85,,0.1,hv,hv321616,2020-03-31T20:17:07.710Z,"13 km SSE of Volcano, Hawaii",earthquake,0.41,0.31,0.07,2,reviewed,hv,hv
1989-09-22T15:43:39.230Z,-16.618,-69.487,210,4.6,mb,,,,1.2,us,usp0003zwb,2014-11-07T00:44:53.748Z,"28 km ENE of Mazo Cruz, Peru",earthquake,,5.7,,7,reviewed,us,us
1989-09-22T15:38:48.120Z,33.697,-116.817,14.8,2.53,ml,0,34.6,,0.124,ci,ci1041800,2016-02-04T05:41:37.170Z,"9km SE of Valle Vista, CA",earthquake,,0.021,,4,reviewed,ci,ci
1989-09-22T15:16:04.040Z,-6.158,150.488,75.2,4.3,mb,,,,1.3,us,usp0003zwa,2014-11-07T00:44:53.745Z,"77 km SSE of Kimbe, Papua New Guinea",earthquake,,11.8,,6,reviewed,us,us
1989-09-22T15:02:05.520Z,-6.165,150.371,33,3.7,mb,,,,1.4,us,usp0003zw9,2014-11-07T00:44:53.744Z,"72 km SSE of Kimbe, Papua New Guinea",earthquake,,,,1,reviewed,us,us
1989-09-22T15:00:22.770Z,33.93,-118.628,10.704,2.58,mc,0,124.2,,0.148,ci,ci1041794,2016-02-04T00:27:06.110Z,"12km S of Las Flores, CA",earthquake,,0.676,,60,reviewed,ci,ci
1989-09-22T14:01:02.950Z,59.7785,-153.3402,129.6,2.5,ml,,,,0.15,ak,ak989c6hr99z,2020-09-14T18:14:45.744Z,"43 km E of Pedro Bay, Alaska",earthquake,,2.2,,,reviewed,ak,ak
1989-09-22T13:58:00.720Z,33.138,140.346,175.1,4.8,mb,,,,0.3,us,usp0003zw7,2014-11-07T00:44:53.740Z,"209 km SSE of Tateyama, Japan",earthquake,,21.2,,1,reviewed,us,us
1989-09-22T10:39:49.560Z,36.76,71.637,33,4.5,mb,,,,1.2,us,usp0003zw5,2014-11-07T00:44:53.737Z,"4 km NNE of Ishqoshim, Tajikistan",earthquake,,,,5,reviewed,us,us
1989-09-22T10:14:53.690Z,49.065,-128.841,10,4.4,mb,,,,1.5,us,usp0003zw4,2014-11-07T00:44:53.735Z,"208 km WSW of Vernon, Canada",earthquake,,,,1,reviewed,us,us
1989-09-22T09:39:39.240Z,60.0245,-147.7668,9.5,2.5,ml,,,,0.24,ak,ak989c6f0b9g,2020-09-14T18:14:48.357Z,"14 km ESE of Chenega, Alaska",earthquake,,4.1,,,reviewed,ak,ak
1989-09-22T09:32:43.420Z,-20.057,-69.254,137.3,4.4,mb,,,,1.1,us,usp0003zw2,2014-11-07T00:44:53.731Z,"95 km E of Iquique, Chile",earthquake,,9.6,,2,reviewed,us,us
1989-09-22T08:52:22.950Z,44.597,8.312,10,2.5,ml,,,,0.2,us,usp0003zvz,2014-11-07T00:44:53.726Z,"1 km W of Denice, Italy",earthquake,,,,,reviewed,us,gen
1989-09-22T08:40:36.500Z,-27.765,-66.862,176.6,4.2,mb,,,,1.1,us,usp0003zvy,2014-11-07T00:44:53.724Z,"27 km ESE of Londres, Argentina",earthquake,,11.3,,1,reviewed,us,us
1989-09-22T08:13:43.030Z,59.8637,-153.4107,132.9,2.6,ml,,,,0.16,ak,ak989c6e9bbz,2020-09-14T18:14:49.000Z,"39 km ENE of Pedro Bay, Alaska",earthquake,,2.5,,,reviewed,ak,ak
1989-09-22T07:08:00.420Z,59.8243,-152.8797,92.1,2.9,ml,,,,0.25,ak,ak989c6dmpuy,2020-09-14T18:14:49.352Z,"59 km W of Anchor Point, Alaska",earthquake,,0.9,,,reviewed,ak,ak
1989-09-22T07:02:59.390Z,-31.018,-67.797,5,5,mb,,,,1.6,us,usp0003zvw,2014-11-07T00:44:53.715Z,"52 km SW of San Agustín de Valle Fértil, Argentina",earthquake,,,,7,reviewed,us,us
1989-09-22T06:09:41.200Z,37.598,-118.9941667,5.289,2.99,md,48,76,0.02432,0.06,nc,nc10090058,2016-12-09T10:54:40.660Z,"5 km SSW of Mammoth Lakes, California",earthquake,0.2,0.33,0.26,71,reviewed,nc,nc
1989-09-22T05:43:18.010Z,-3.836,-80.679,64.5,4.4,mb,,,,1.4,us,usp0003zvt,2014-11-07T00:44:53.708Z,"12 km NNW of Cañaveral, Peru",earthquake,,18.2,,3,reviewed,us,us
1989-09-22T05:03:55.530Z,31.801,-115.602,5.264,3.88,ml,0,112.5,,0.565,ci,ci1041778,2016-02-03T19:53:19.080Z,"62km SW of Alberto Oviedo Mota, B.C., MX",earthquake,,,,6,reviewed,ci,ci
1989-09-22T02:25:50.880Z,31.583,102.433,14.6,6.1,mw,,,,1.1,us,usp0003zvq,2022-04-28T20:11:40.913Z,"157 km WNW of Tianpeng, China",earthquake,,,,,reviewed,us,hrv
1989-09-22T01:13:10.110Z,32.103,141.857,33,4.3,mb,,,,1.2,us,usp0003zvn,2014-11-07T00:44:53.571Z,"Izu Islands, Japan region",earthquake,,,,5,reviewed,us,us
1989-09-22T00:22:04.650Z,54.974,-163.855,169.9,4.7,mb,,,,0.2,us,usp0003zvm,2020-09-14T18:14:50.388Z,"31 km WNW of False Pass, Alaska",earthquake,,7.9,,3,reviewed,us,us
1989-09-21T22:44:12.730Z,32.259,142.187,33,4.3,mb,,,,0.6,us,usp0003zvk,2014-11-07T00:44:53.567Z,"Izu Islands, Japan region",earthquake,,,,4,reviewed,us,us
1989-09-21T21:31:00.720Z,36.2335,-120.3568333,9.801,3,md,51,51,0.01982,0.05,nc,nc10090119,2016-12-09T10:53:51.940Z,"10 km N of Coalinga, California",earthquake,0.13,0.17,0.11,104,reviewed,nc,nc
1989-09-21T21:28:47.100Z,36.237,-120.3551667,9.791,3.06,md,49,48,0.01622,0.07,nc,nc10090108,2016-12-09T10:53:42.660Z,"10 km N of Coalinga, California",earthquake,0.14,0.25,0.11,116,reviewed,nc,nc
1989-09-21T21:24:42.610Z,59.669,-153.6448,131,3.7,ml,,,,0.2,ak,ak989c4yiyjp,2020-09-14T18:14:50.970Z,"29 km ESE of Pedro Bay, Alaska",earthquake,,1,,,reviewed,ak,ak
1989-09-21T20:06:10.580Z,-8.453,-74.214,161.4,4.2,mb,,,,0.5,us,usp0003zve,2014-11-07T00:44:53.558Z,"36 km E of San Fernando, Peru",earthquake,,39.4,,1,reviewed,us,us
1989-09-21T18:27:32.760Z,33.06,-115,-0.224,2.55,mc,0,101,,0.295,ci,ci1041736,2016-02-04T02:27:19.030Z,"45km NE of Holtville, CA",quarry blast,,,,21,reviewed,ci,ci
1989-09-21T17:50:44.350Z,-40.147,176.55,49.7,5,ms,,,,1.1,us,usp0003zvd,2014-11-07T00:44:53.554Z,"62 km SSW of Hastings, New Zealand",earthquake,,4.9,,1,reviewed,us,us
1989-09-21T17:41:18.430Z,40.3185,-124.646,16.29,4.9,ml,67,234,0.2838,0.08,nc,nc10090055,2025-12-19T20:56:40.114Z,"43 km SW of Ferndale, California",earthquake,0.52,0.39,,7,reviewed,nc,nc
1989-09-21T16:46:34.970Z,-10.164,161.061,120.3,5.2,mw,,,,0.9,us,usp0003zv9,2025-12-19T21:04:36.576Z,"99 km WNW of Kirakira, Solomon Islands",earthquake,,5.3,,,reviewed,us,hrv
1989-09-21T15:38:47.760Z,36.7813333,-112.4236667,-2.42,3.66,md,14,263,1.03,0.83,uu,uu50044800,2018-08-28T03:55:51.400Z,"20 km SSE of Fredonia, Arizona",earthquake,5.88,2.81,,4,reviewed,uu,uu
1989-09-21T15:27:57.360Z,60.2172,-152.6843,112.4,3.2,ml,,,,0.28,ak,ak989c4uz17c,2020-09-14T18:14:51.686Z,"59 km WNW of Ninilchik, Alaska",earthquake,,0.9,,,reviewed,ak,ak
1989-09-21T14:28:05.260Z,34.209,-116.978,6.316,2.77,mc,0,43.6,,0.062,ci,ci1041718,2016-02-04T01:09:20.320Z,"7km WSW of Big Bear Lake, CA",earthquake,,0.034,,71,reviewed,ci,ci
1989-09-21T13:53:06.490Z,39.303,22.52,10,3.4,ml,,,,0.9,us,usp0003zv7,2014-11-07T00:44:53.526Z,"9 km ESE of Vamvakoú, Greece",earthquake,,,,,reviewed,us,ath
1989-09-21T13:46:14.350Z,32.975,-117.738,5.804,2.7,ml,0,151.3,,0.251,ci,ci1041716,2016-02-04T05:02:23.800Z,"41km WSW of Carlsbad, CA",earthquake,,,,4,reviewed,ci,ci
1989-09-21T13:41:16.210Z,62.337,1.453,10,2.7,md,,,,1,us,usp0003zv5,2014-11-07T00:44:53.523Z,"196 km WNW of Måløy, Norway",earthquake,,,,,reviewed,us,ber
1989-09-21T13:22:33.730Z,-6.389,129.848,165.8,4.8,mb,,,,1,us,usp0003zv4,2014-11-07T00:44:53.518Z,"Banda Sea",earthquake,,9.2,,14,reviewed,us,us
1989-09-21T11:48:13.490Z,39.3726667,-120.469,5.736,4,ml,47,66,0.1505,0.15,nc,nc10090047,2016-12-09T10:51:37.490Z,"6 km NNW of Kingvale, California",earthquake,0.28,2.22,,6,reviewed,nc,nc
1989-09-21T11:37:37.350Z,12.241,143.326,33,4.7,mb,,,,0.8,us,usp0003zv2,2014-11-07T00:44:53.513Z,"184 km SW of Merizo Village, Guam",earthquake,,,,2,reviewed,us,us
1989-09-21T11:27:23.010Z,35.223,-118.635,-0.379,2.84,mc,0,88.8,,0.099,ci,ci1041706,2016-02-03T19:53:17.110Z,"18km E of Arvin, CA",earthquake,,0.063,,70,reviewed,ci,ci
1989-09-21T09:41:38.670Z,38.171,74.227,167.7,5,mb,,,,0.9,us,usp0003zuz,2014-11-07T00:44:53.508Z,"22 km E of Murghob, Tajikistan",earthquake,,,,7,reviewed,us,us
1989-09-21T09:33:58.950Z,33.5701667,-114.458,5.682,3.22,mc,26,252,,0.63,ci,ci1041704,2016-04-02T08:57:03.783Z,"13km ESE of Blythe, CA",earthquake,4.26,31.61,,34,reviewed,ci,ci
1989-09-21T07:16:27.670Z,38.967,22.307,10,3.3,ml,,,,1,us,usp0003zuy,2014-11-07T00:44:53.505Z,"5 km N of Lianokládhion, Greece",earthquake,,,,,reviewed,us,ath
1989-09-21T06:41:20.720Z,14.1,-92.251,54.2,4,mb,,,,1,us,usp0003zux,2014-11-07T00:44:53.501Z,"42 km WSW of Champerico, Guatemala",earthquake,,6.8,,5,reviewed,us,us
1989-09-21T05:12:58.250Z,-6.353,147.334,67.8,4.5,mb,,,,0,us,usp0003zuv,2014-11-07T00:44:53.498Z,"55 km NE of Lae, Papua New Guinea",earthquake,,11.1,,1,reviewed,us,us
1989-09-21T04:16:01.710Z,-7.418,125.598,33,4.6,mb,,,,1.3,us,usp0003zuu,2014-11-07T00:44:53.495Z,"124 km N of Metinaro, Timor Leste",earthquake,,,,7,reviewed,us,us
1989-09-21T02:30:49.770Z,40.3695,-124.633,5.66,3.3,ml,29,235,0.2495,0.18,nc,nc144396,2016-12-09T10:50:23.730Z,"38 km SW of Ferndale, California",earthquake,0.9,1.7,,2,reviewed,nc,nc
1989-09-21T02:02:55.060Z,35.533,139.012,10,3.6,m,,,,0.7,us,usp0003zup,2014-11-07T00:44:53.484Z,"10 km SSE of ?tsuki, Japan",earthquake,,,,,reviewed,us,jma
1989-09-21T01:37:30.800Z,34.973,135.577,10,3.1,m,,,,0.6,us,usp0003zun,2014-11-07T00:44:53.482Z,"3 km S of Kameoka, Japan",earthquake,,,,,reviewed,us,jma
1989-09-21T01:26:13.640Z,38.8286667,-122.7985,1.777,2.88,md,35,91,0.02072,0.07,nc,nc144299,2016-12-09T10:49:58.770Z,"6 km W of Cobb, California",earthquake,0.18,0.64,0.25,32,reviewed,nc,nc
1989-09-21T01:25:18.460Z,15.122,-60.925,24.9,2.8,ml,,,,0.1,us,usp0003zuk,2014-11-07T00:44:53.479Z,"34 km NE of Basse-Pointe, Martinique",earthquake,,14.4,,,reviewed,us,fdf
1989-09-21T00:54:39.300Z,46.267,12.705,10,2.7,md,,,,0.4,us,usp0003zuh,2014-11-07T00:44:53.476Z,"6 km NNW of Frisanco, Italy",earthquake,,,,,reviewed,us,lju
1989-09-21T00:30:35.800Z,36.549,141.36,41.5,4.9,mb,,,,1.2,us,usp0003zug,2014-11-07T00:44:53.470Z,"60 km ESE of Takahagi, Japan",earthquake,,,,7,reviewed,us,us
1989-09-20T23:58:25.000Z,1.956,127.057,140.8,4.7,mb,,,,0.8,us,usp0003zue,2014-11-07T00:44:53.466Z,"108 km WNW of Tobelo, Indonesia",earthquake,,12.3,,9,reviewed,us,us
1989-09-20T23:28:11.820Z,-6.327,128.047,366.3,4.9,mb,,,,1.1,us,usp0003zud,2014-11-07T00:44:53.462Z,"268 km NNE of Lospalos, Timor Leste",earthquake,,7,,13,reviewed,us,us
1989-09-20T21:57:26.630Z,38.8511667,-122.416,-0.85,2.62,md,7,153,0.05135,0.04,nc,nc144492,2016-12-09T10:49:15.402Z,"13 km ENE of Hidden Valley Lake, California",quarry blast,0.54,1.03,0.1,14,reviewed,nc,nc
1989-09-20T18:41:30.920Z,32.001,-115.571,5.964,3.07,mc,0,101.3,,0.268,ci,ci1041638,2016-02-04T02:27:17.340Z,"45km WSW of Alberto Oviedo Mota, B.C., MX",earthquake,,,,9,reviewed,ci,ci
1989-09-20T17:53:29.030Z,51.025,178.883,33,4.3,mb,,,,1.2,us,usp0003zu9,2014-11-07T00:44:53.456Z,"Rat Islands, Aleutian Islands, Alaska",earthquake,,,,2,reviewed,us,us
1989-09-20T17:52:16.500Z,-24.049,-177.012,237.2,4.2,mb,,,,1.3,us,usp0003zu8,2014-11-07T00:44:53.453Z,"south of the Fiji Islands",earthquake,,44.5,,5,reviewed,us,us
1989-09-20T17:10:09.010Z,32.368,-117.957,5.857,2.6,mc,0,259.3,,0.341,ci,ci668129,2016-02-04T01:48:26.830Z,"62km SE of San Clemente Is. (SE tip), CA",earthquake,,,,10,reviewed,ci,ci
1989-09-20T16:22:00.940Z,39.088,97.107,33,4.9,mb,,,,1.2,us,usp0003zu4,2014-11-07T00:44:53.444Z,"98 km SSW of Laojunmiao, China",earthquake,,,,6,reviewed,us,us
1989-09-20T16:21:50.320Z,59.246,5.965,10,2.7,ml,,,,1.2,us,usp0003zu3,2014-11-07T00:44:53.442Z,"9 km NNE of Judaberg, Norway",earthquake,,,,,reviewed,us,nao
1989-09-20T16:20:07.980Z,53.302,170.321,33,4.7,mb,,,,1.2,us,usp0003zu2,2014-11-07T00:44:53.438Z,"198 km WNW of Attu Station, Alaska",earthquake,,,,18,reviewed,us,us
1989-09-20T15:43:35.390Z,19.8986667,-156.108,76.868,2.81,md,19,295,,0.19,hv,hv321444,2020-03-31T20:17:05.860Z,"23 km NW of Kalaoa, Hawaii",earthquake,3.9,2.08,,1,reviewed,hv,hv
1989-09-20T15:31:59.960Z,45.415,15.606,10,2.9,md,,,,0.8,us,usp0003zu1,2014-11-07T00:44:53.436Z,"9 km SSE of Karlovac, Croatia",earthquake,,,,,reviewed,us,lju
1989-09-20T13:19:31.980Z,51.184,178.821,33,6.2,mw,,,,1.1,us,usp0003ztv,2022-04-28T20:11:39.709Z,"Rat Islands, Aleutian Islands, Alaska",earthquake,,,,,reviewed,us,hrv
1989-09-20T11:32:58.970Z,17.757,-94.103,33,3.6,mb,,,,1.5,us,usp0003ztu,2014-11-07T00:44:53.389Z,"17 km S of Las Choapas, Mexico",earthquake,,,,2,reviewed,us,us
1989-09-20T10:32:01.900Z,-23.364,-66.529,180.2,4.4,mb,,,,1.5,us,usp0003ztq,2014-11-07T00:44:53.383Z,"88 km W of El Aguilar, Argentina",earthquake,,35.3,,1,reviewed,us,us
1989-09-20T10:03:42.290Z,19.2678333,-156.6081667,24.819,2.54,md,24,329,,0.13,hv,hv321415,2020-03-31T20:17:05.400Z,"75 km WSW of Kahaluu-Keauhou, Hawaii",earthquake,14.06,5.94,,1,reviewed,hv,hv
1989-09-20T09:32:43.440Z,40.527,19.558,10,3.6,md,,,,0.9,us,usp0003ztn,2014-11-07T00:44:53.378Z,"6 km W of Selenicë, Albania",earthquake,,,,,reviewed,us,ath
1989-09-20T06:55:22.140Z,39.404,20.75,15.7,3.7,md,,,,1.3,us,usp0003ztk,2014-11-07T00:44:53.373Z,"10 km NNW of Pappadátes, Greece",earthquake,,5.4,,,reviewed,us,ath
1989-09-20T06:53:30.670Z,39.344,20.782,10,3.5,md,,,,1.2,us,usp0003ztj,2014-11-07T00:44:53.371Z,"3 km NNW of Pappadátes, Greece",earthquake,,,,,reviewed,us,ath
1989-09-20T04:59:46.030Z,13.622,120.783,152.3,5,mb,,,,0.9,us,usp0003ztf,2014-11-07T00:44:53.362Z,"10 km WSW of Tingloy, Philippines",earthquake,,5.6,,23,reviewed,us,us
1989-09-20T04:20:24.440Z,-22.165,-68.519,121.7,4.3,mb,,,,1.1,us,usp0003zte,2014-11-07T00:44:53.360Z,"52 km NE of Calama, Chile",earthquake,,8.5,,4,reviewed,us,us
1989-09-20T03:35:54.860Z,38.256,22.757,33,3,ml,,,,1.1,us,usp0003ztd,2014-11-07T00:44:53.358Z,"11 km SSW of Kyriáki, Greece",earthquake,,,,,reviewed,us,ath
1989-09-20T01:29:12.220Z,-7.457,129.366,141,4.8,mb,,,,1.5,us,usp0003ztb,2014-11-07T00:44:53.355Z,"286 km ENE of Lospalos, Timor Leste",earthquake,,18.1,,5,reviewed,us,us
1989-09-20T00:48:13.640Z,31.987,-115.561,5.972,2.96,mc,0,85.4,,0.27,ci,ci1041561,2016-02-03T22:31:52.330Z,"46km SW of Alberto Oviedo Mota, B.C., MX",earthquake,,,,32,reviewed,ci,ci
1989-09-20T00:26:15.000Z,25.47,103.214,33,4.7,mb,,,,1.3,us,usp0003zt9,2014-11-07T00:44:53.348Z,"57 km W of Qujing, China",earthquake,,,,14,reviewed,us,us
1989-09-20T00:20:23.980Z,-9.38,125.212,77.5,4.6,mb,,,,1.5,us,usp0003zt8,2014-11-07T00:44:53.346Z,"8 km SSW of Suai, Timor Leste",earthquake,,21.6,,7,reviewed,us,us
1989-09-20T00:19:16.450Z,60.0985,-151.6398,53.6,2.6,ml,,,,0.39,ak,ak989c2ygdr1,2020-09-14T18:14:56.838Z,"5 km NNE of Ninilchik, Alaska",earthquake,,1.9,,,reviewed,ak,ak
1989-09-19T23:37:23.010Z,38.298,22.714,10,3.2,ml,,,,0.9,us,usp0003zt6,2014-11-07T00:44:53.341Z,"8 km SW of Kyriáki, Greece",earthquake,,,,,reviewed,us,ath
1989-09-19T23:21:03.770Z,38.7948333,-122.7661667,4.59,3.8,ml,36,74,0.02613,0.05,nc,nc10090057,2016-12-09T10:46:17.330Z,"4 km SW of Cobb, California",earthquake,0.17,0.73,,4,reviewed,nc,nc
1989-09-19T23:19:36.190Z,38.8066667,-122.766,1.937,3.6,ml,41,76,0.02252,0.06,nc,nc10090046,2016-12-09T10:46:08.430Z,"4 km WSW of Cobb, California",earthquake,0.18,0.46,,6,reviewed,nc,nc
1989-09-19T22:51:13.860Z,40.529,22.492,10,3.6,md,,,,1.6,us,usp0003zt1,2014-11-07T00:44:53.333Z,"3 km SSE of Agkathiá, Greece",earthquake,,4.7,,,reviewed,us,ath
1989-09-19T18:56:30.710Z,59.975,-141.3587,1.3,2.9,ml,,,,0.38,ak,ak989c1lusqn,2020-09-14T18:14:57.248Z,"103 km WNW of Yakutat, Alaska",earthquake,,1.3,,,reviewed,ak,ak
1989-09-19T17:46:55.920Z,33.04,-117.909,5.633,2.61,mc,0,199.7,,0.241,ci,ci1041514,2016-02-03T23:10:33.850Z,"48km ENE of San Clemente Is. (SE tip), CA",earthquake,,,,10,reviewed,ci,ci
1989-09-19T17:39:28.680Z,25.897,99.736,33,4.5,mb,,,,1.6,us,usp0003zsx,2014-11-07T00:44:53.325Z,"58 km NW of Dali, China",earthquake,,,,4,reviewed,us,us
1989-09-19T17:07:46.150Z,26.793,92.794,67.9,4.6,mb,,,,1.3,us,usp0003zsw,2014-11-07T00:44:53.321Z,"13 km ESE of Rang?p?ra, India",earthquake,,12.3,,11,reviewed,us,us
1989-09-19T16:47:34.730Z,-5.527,153.62,54.3,5.8,mw,,,,1.1,us,usp0003zsv,2022-04-28T20:11:38.702Z,"198 km SE of Kokopo, Papua New Guinea",earthquake,,,,,reviewed,us,hrv
1989-09-19T14:55:12.890Z,45.53,3.569,10,2.8,ml,,,,1.4,us,usp0003zss,2014-11-07T00:44:53.298Z,"11 km S of Cunlhat, France",earthquake,,,,,reviewed,us,ldg
1989-09-19T14:36:21.400Z,43.394,5.415,10,2.5,md,,,,0.9,us,usp0003zsr,2014-11-07T00:44:53.297Z,"near the south coast of France",earthquake,,,,,reviewed,us,str
1989-09-19T13:54:26.100Z,23.204,121.141,25.3,3.7,mb,,,,0.8,us,usp0003zsp,2014-11-07T00:44:53.294Z,"70 km E of Yujing, Taiwan",earthquake,,6.3,,1,reviewed,us,us
1989-09-19T09:46:30.360Z,-21.249,-179.02,596.5,4.8,mb,,,,0.9,us,usp0003zsh,2014-11-07T00:44:53.285Z,"Fiji region",earthquake,,49.6,,10,reviewed,us,us
1989-09-19T09:46:00.790Z,36.663,-112.407,5,3.7,ml,,,,0.7,us,usp0003zsg,2014-11-07T00:44:53.281Z,"33 km SSE of Fredonia, Arizona",earthquake,,,,,reviewed,us,us
1989-09-19T09:41:59.220Z,43.363,13.05,10,2.5,md,,,,0.7,us,usp0003zsf,2014-11-07T00:44:53.269Z,"2 km WSW of Poggio San Vicino, Italy",earthquake,,,,,reviewed,us,sso
1989-09-19T09:24:53.890Z,63.1115,-144.5438,5.2,3.3,ml,,,,0.18,ak,ak989c1gb365,2020-09-14T18:14:59.450Z,"44 km WNW of Mentasta Lake, Alaska",earthquake,,1.2,,,reviewed,ak,ak
1989-09-19T08:56:02.210Z,-19.243,-175.277,33,5.1,mb,,,,1.6,us,usp0003zsd,2014-11-07T00:44:53.262Z,"115 km WNW of Pangai, Tonga",earthquake,,,,11,reviewed,us,us
1989-09-19T08:32:25.430Z,-31.467,-67.488,44.1,4.8,mb,,,,1.2,us,usp0003zsb,2014-11-07T00:44:53.255Z,"78 km ENE of Caucete, Argentina",earthquake,,6.1,,6,reviewed,us,us
1989-09-19T08:00:55.770Z,43.349,13.031,10,3.5,md,,,,0.9,us,usp0003zsa,2014-11-07T00:44:53.253Z,"4 km SW of Poggio San Vicino, Italy",earthquake,,,,,reviewed,us,sso
1989-09-19T07:57:08.930Z,39.434,21.295,36.3,4.6,mb,,,,1.2,us,usp0003zs9,2014-11-07T00:44:53.240Z,"11 km NE of Voulgaréli, Greece",earthquake,,5.2,,23,reviewed,us,us
1989-09-19T06:47:16.050Z,-20.7,169.362,33.7,4.8,mb,,,,1.3,us,usp0003zs8,2014-11-07T00:44:53.236Z,"128 km S of Isangel, Vanuatu",earthquake,,,,4,reviewed,us,us
1989-09-19T06:36:12.700Z,36.449,140.682,45.5,3.8,m,,,,1.1,us,usp0003zs6,2014-11-07T00:44:53.233Z,"10 km E of Funaishikawa, Japan",earthquake,,19.5,,,reviewed,us,jma
1989-09-19T05:45:02.990Z,-52.289,160.022,10,4.7,ms,,,,1.4,us,usp0003zs5,2014-11-07T00:44:53.231Z,"Macquarie Island region",earthquake,,,,1,reviewed,us,us
1989-09-19T05:43:58.070Z,-0.01,-24.702,10,4.9,mb,,,,1,us,usp0003zs4,2014-11-07T00:44:53.229Z,"central Mid-Atlantic Ridge",earthquake,,,,4,reviewed,us,us
1989-09-19T05:18:51.330Z,44.764,10.668,12.7,3.2,ml,,,,1,us,usp0003zs3,2014-11-07T00:44:53.225Z,"0 km W of Bagnolo in Piano, Italy",earthquake,,2.7,,,reviewed,us,ldg
1989-09-19T04:12:01.910Z,43.022,13.457,10,2.5,md,,,,0.6,us,usp0003zrx,2014-11-07T00:44:53.216Z,"1 km SE of Monte San Martino, Italy",earthquake,,,,,reviewed,us,sso
1989-09-19T04:08:57.130Z,-4.164,128.986,146.3,5.2,mw,,,,1.1,us,usp0003zrw,2025-12-19T21:04:35.768Z,"91 km S of Amahai, Indonesia",earthquake,,7.4,,,reviewed,us,hrv
1989-09-19T03:03:33.230Z,33.517,-116.557,12.388,2.79,ml,0,39.8,,0.109,ci,ci1041456,2016-02-04T02:27:14.840Z,"12km ESE of Anza, CA",earthquake,,0.035,,5,reviewed,ci,ci
1989-09-19T02:59:16.750Z,40.782,139.123,26.2,4.7,mb,,,,0.8,us,usp0003zrv,2014-11-07T00:44:53.208Z,"99 km NW of Noshiro, Japan",earthquake,,7,,3,reviewed,us,us
1989-09-19T02:38:28.390Z,-8.955,116.603,33,4.6,mb,,,,1.2,us,usp0003zru,2014-11-07T00:44:53.206Z,"45 km SE of Praya, Indonesia",earthquake,,,,5,reviewed,us,us
1989-09-19T02:37:51.560Z,5.782,94.815,92.9,4,mb,,,,0.4,us,usp0003zrt,2014-11-07T00:44:53.205Z,"56 km WSW of Sabang, Indonesia",earthquake,,32.5,,1,reviewed,us,us
1989-09-19T02:15:15.920Z,38.271,26.65,10,3.2,md,,,,1.4,us,usp0003zrs,2014-11-07T00:44:53.203Z,"11 km WSW of Urla, Turkey",earthquake,,,,,reviewed,us,ath
1989-09-19T02:15:10.170Z,41.088,20.29,10,3.3,md,,,,1.4,us,usp0003zrr,2014-11-07T00:44:53.200Z,"12 km SSW of Librazhd-Qendër, Albania",earthquake,,,,,reviewed,us,ath
1989-09-19T02:01:11.230Z,42.989,18.786,10,2.5,ml,,,,0.6,us,usp0003zrp,2014-11-07T00:44:53.196Z,"18 km SSW of Plužine, Montenegro",earthquake,,,,,reviewed,us,ttg
1989-09-19T01:43:17.030Z,42.935,-0.365,10,2.6,ml,,,,1.5,us,usp0003zrn,2014-11-07T00:44:53.194Z,"7 km SE of Laruns, France",earthquake,,,,,reviewed,us,ldg
1989-09-19T01:14:16.700Z,64.9085,-142.9728,10,2.8,ml,,,,1.34,ak,ak989c1bheau,2020-09-14T18:15:02.105Z,"85 km W of Eagle, Alaska",earthquake,,30.6,,,reviewed,ak,ak
1989-09-19T01:13:30.920Z,66.83,-136.025,10,3.8,mb,,,,1,us,usp0003zrk,2020-09-14T18:15:02.410Z,"83 km SW of Fort McPherson, Canada",earthquake,,,,2,reviewed,us,us
1989-09-18T23:40:34.620Z,44.199,15.73,10,2.8,ml,,,,1,us,usp0003zrj,2014-11-07T00:44:53.186Z,"3 km E of Obrovac, Croatia",earthquake,,,,,reviewed,us,lju
1989-09-18T22:52:22.840Z,36.132,24.926,33,4.4,mb,,,,1.2,us,usp0003zrh,2014-11-07T00:44:53.182Z,"53 km WSW of Emporeío, Greece",earthquake,,,,1,reviewed,us,us
1989-09-18T22:10:54.460Z,35.677,-117.562,2.045,3.15,ml,0,132.7,,0.159,ci,ci1041434,2016-02-04T05:02:21.470Z,"12km ENE of Ridgecrest, CA",earthquake,,0.019,,8,reviewed,ci,ci
1989-09-18T21:42:47.830Z,37.154,136.963,261.5,5.3,mw,,,,1,us,usp0003zre,2025-12-19T21:04:35.034Z,"11 km N of Nanao, Japan",earthquake,,2.2,,,reviewed,us,hrv
1989-09-18T21:38:35.550Z,-13.597,34.5,33,3.6,m,,,,1.2,us,usp0003zrd,2014-11-07T00:44:53.024Z,"20 km NNE of Salima, Malawi",earthquake,,,,,reviewed,us,bul
1989-09-18T21:37:39.130Z,13.553,147.551,33,5.1,mb,,,,1.2,us,usp0003zrc,2014-11-07T00:44:53.019Z,"260 km SE of San Jose Village, Northern Mariana Islands",earthquake,,,,8,reviewed,us,us
1989-09-18T21:16:28.210Z,66.779,-136.028,23.7,5.1,mb,,,,1.1,us,usp0003zrb,2022-04-28T20:11:37.582Z,"88 km SSW of Fort McPherson, Canada",earthquake,,,,34,reviewed,us,us
1989-09-18T19:47:51.790Z,18.332,-64.29,105.9,4.7,mb,,,,0.8,us,usp0003zr7,2014-11-07T00:44:52.996Z,"53 km E of Cruz Bay, U.S. Virgin Islands",earthquake,,6.2,,19,reviewed,us,us
1989-09-18T19:03:50.770Z,-4.034,134.536,33,4.3,mb,,,,0.9,us,usp0003zr6,2014-11-07T00:44:52.995Z,"130 km SW of Nabire, Indonesia",earthquake,,,,1,reviewed,us,us
1989-09-18T18:14:19.010Z,43.383,5.401,10,2.5,md,,,,0.7,us,usp0003zr5,2014-11-07T00:44:52.993Z,"3 km E of Notre-Dame Limite, France",earthquake,,,,,reviewed,us,str
1989-09-18T18:04:37.080Z,-5.924,104.995,99.9,4.7,mb,,,,1.2,us,usp0003zr4,2014-11-07T00:44:52.990Z,"62 km SSW of Bandar Lampung, Indonesia",earthquake,,24.9,,5,reviewed,us,us
1989-09-18T15:21:12.130Z,42.617,13.083,10,2.6,md,,,,1,us,usp0003zr1,2014-11-07T00:44:52.986Z,"6 km W of Cittareale, Italy",earthquake,,,,,reviewed,us,sso
1989-09-18T15:09:28.610Z,42.625,13.061,10,3.4,md,,,,0.9,us,usp0003zr0,2014-11-07T00:44:52.983Z,"8 km W of Cittareale, Italy",earthquake,,,,,reviewed,us,sso
1989-09-18T14:33:04.530Z,40.0765,-123.6821667,19.307,2.67,md,18,110,0.1721,0.13,nc,nc144227,2016-12-09T10:35:47.811Z,"8 km E of Benbow, California",earthquake,0.48,0.58,0.07,16,reviewed,nc,nc
1989-09-18T13:28:51.770Z,-8.343,129.29,123.2,4.3,mb,,,,1.1,us,usp0003zqz,2014-11-07T00:44:52.982Z,"253 km E of Lospalos, Timor Leste",earthquake,,44.2,,2,reviewed,us,us
1989-09-18T13:10:20.200Z,45.496,15.395,10,3,md,,,,0.7,us,usp0003zqx,2014-11-07T00:44:52.979Z,"12 km W of Karlovac, Croatia",earthquake,,,,,reviewed,us,lju
1989-09-18T12:33:04.870Z,33.477,24.548,33,4.3,mb,,,,1.2,us,usp0003zqw,2014-11-07T00:44:52.977Z,"156 km SSE of Kastrí, Greece",earthquake,,,,4,reviewed,us,us
1989-09-18T12:06:07.080Z,-8.006,128.664,192.6,4.4,mb,,,,1.1,us,usp0003zqv,2014-11-07T00:44:52.975Z,"192 km ENE of Lospalos, Timor Leste",earthquake,,18.1,,5,reviewed,us,us
1989-09-18T11:52:16.580Z,42.586,13.111,10,2.6,md,,,,0.7,us,usp0003zqu,2014-11-07T00:44:52.974Z,"5 km SW of Cittareale, Italy",earthquake,,,,,reviewed,us,sso
1989-09-18T11:32:07.540Z,17.529,-94.376,176,3.9,mb,,,,1.3,us,usp0003zqs,2014-11-07T00:44:52.970Z,"16 km NE of Niños Héroes, Mexico",earthquake,,15.1,,2,reviewed,us,us
1989-09-18T10:41:31.650Z,23.477,121.585,58.3,4,mb,,,,1.1,us,usp0003zqr,2014-11-07T00:44:52.968Z,"55 km S of Hualien City, Taiwan",earthquake,,9.3,,3,reviewed,us,us
1989-09-18T10:28:33.140Z,-39.771,-72.287,33,4.7,mb,,,,1.1,us,usp0003zqq,2014-11-07T00:44:52.965Z,"14 km SSE of Panguipulli, Chile",earthquake,,,,4,reviewed,us,us
1989-09-18T09:28:15.390Z,35.804,-117.147,5.242,2.53,mc,0,216.7,,0.169,ci,ci1041396,2016-02-03T21:51:35.860Z,"21km ENE of Trona, CA",earthquake,,,,6,reviewed,ci,ci
1989-09-18T09:12:50.010Z,51.627,-173.269,33,4.7,mb,,,,0.9,us,usp0003zqn,2014-11-07T00:44:52.959Z,"90 km SE of Atka, Alaska",earthquake,,,,14,reviewed,us,us
1989-09-18T08:48:53.060Z,33.96,-116.248,8.545,2.51,mc,0,49.6,,0.103,ci,ci1041391,2016-02-04T04:23:45.060Z,"20km SSE of Joshua Tree, CA",earthquake,,0.022,,41,reviewed,ci,ci
1989-09-18T08:38:33.590Z,40.3038333,-124.4805,21.19,2.8,md,19,227,0.2036,0.05,nc,nc144219,2016-12-09T10:35:04.383Z,"35 km SSW of Ferndale, California",earthquake,1.18,0.47,0.15,16,reviewed,nc,nc
1989-09-18T08:22:00.480Z,59.8867,-140.5485,-3,2.8,ml,,,,0.35,ak,ak989bzs5rio,2020-09-14T18:15:04.828Z,"59 km NW of Yakutat, Alaska",earthquake,,5,,,reviewed,ak,ak
1989-09-18T08:14:43.550Z,-2.157,128.233,33,4.7,mb,,,,1.5,us,usp0003zqk,2014-11-07T00:44:52.955Z,"151 km NNW of Amahai, Indonesia",earthquake,,,,3,reviewed,us,us
1989-09-18T07:43:06.800Z,0.968,126.144,24.6,4.9,mb,,,,1.4,us,usp0003zqj,2014-11-07T00:44:52.946Z,"139 km W of Ternate, Indonesia",earthquake,,,,21,reviewed,us,us
1989-09-18T07:01:06.750Z,-7.875,130.168,204.5,4.6,mb,,,,1.2,us,usp0003zqh,2014-11-07T00:44:52.944Z,"Pulau Pulau Tanimbar, Indonesia",earthquake,,37.1,,5,reviewed,us,us
1989-09-18T06:19:01.400Z,-30.457,-179.576,278.1,3.9,mb,,,,1.3,us,usp0003zqf,2014-11-07T00:44:52.941Z,"Kermadec Islands region",earthquake,,50.8,,2,reviewed,us,us
1989-09-18T05:42:37.100Z,-30.947,-177.678,103.2,4.7,mb,,,,1.2,us,usp0003zqe,2014-11-07T00:44:52.938Z,"Kermadec Islands, New Zealand",earthquake,,29.1,,1,reviewed,us,us
1989-09-18T04:53:19.170Z,21.709,112.264,33,4.7,ml,,,,1.1,us,usp0003zqd,2020-08-28T23:04:15.196Z,"35 km ESE of Yangjiang, China",earthquake,,,,,reviewed,us,bji
1989-09-18T04:29:46.320Z,39.984,23.882,10,3.2,md,,,,1,us,usp0003zqc,2014-11-07T00:44:52.934Z,"7 km SW of Sykiá, Greece",earthquake,,,,,reviewed,us,ath
1989-09-18T02:27:34.710Z,38.957,35.554,10,4.3,mb,,,,1.2,us,usp0003zqb,2020-08-28T23:04:03.326Z,"14 km S of Felahiye, Turkey",earthquake,,,,15,reviewed,us,us
1989-09-18T00:53:21.230Z,37.42,20.952,10,3.4,ml,,,,1.3,us,usp0003zqa,2014-11-07T00:44:52.928Z,"34 km SSE of Lithakiá, Greece",earthquake,,,,,reviewed,us,ath
1989-09-17T23:21:36.350Z,28.984,129.899,33,4.1,mb,,,,1.5,us,usp0003zq9,2014-11-07T00:44:52.927Z,"79 km NNE of Naze, Japan",earthquake,,,,4,reviewed,us,us
1989-09-17T22:22:01.510Z,42.351,13.044,10,2.6,md,,,,1.2,us,usp0003zq8,2014-11-07T00:44:52.925Z,"4 km SSE of Castel Sant'Angelo, Italy",earthquake,,,,,reviewed,us,sso
1989-09-17T21:46:15.200Z,61.2333,-150.4973,36.6,2.7,ml,,,,0.45,ak,ak989byci87k,2020-09-14T18:15:06.965Z,"31 km WSW of Point MacKenzie, Alaska",earthquake,,1.2,,,reviewed,ak,ak
1989-09-17T20:07:55.210Z,40.5653333,-125.8236667,14.842,4.2,ml,50,285,1.138,0.22,nc,nc144198,2016-12-09T10:32:59.893Z,"132 km W of Ferndale, California",earthquake,5.64,20.24,,3,reviewed,nc,nc
1989-09-17T19:43:58.550Z,37.299,26.805,10,3.5,ml,,,,1.2,us,usp0003zq3,2014-11-07T00:44:52.912Z,"16 km NNW of Agía Marína, Greece",earthquake,,,,,reviewed,us,ath
1989-09-17T15:43:44.680Z,-18.945,169.236,233.7,4.7,mb,,,,1.2,us,usp0003zq1,2014-11-07T00:44:52.909Z,"66 km N of Isangel, Vanuatu",earthquake,,12.2,,3,reviewed,us,us
1989-09-17T15:11:43.080Z,43.657,12.2,10,3.1,md,,,,1,us,usp0003zpy,2014-11-07T00:44:52.903Z,"5 km SSE of Badia Tedalda, Italy",earthquake,,,,,reviewed,us,sso
1989-09-17T14:51:01.670Z,14.064,-91.915,53.9,4.6,mb,,,,1.1,us,usp0003zpx,2014-11-07T00:44:52.900Z,"25 km S of Champerico, Guatemala",earthquake,,6.7,,5,reviewed,us,us
1989-09-17T14:22:10.840Z,36.404,140.865,58,3.9,mb,,,,1,us,usp0003zpw,2014-11-07T00:44:52.898Z,"27 km ENE of ?arai, Japan",earthquake,,9.4,,2,reviewed,us,us
1989-09-17T12:01:31.800Z,79.081,2.626,10,5,mw,,,,1,us,usp0003zpu,2026-02-04T20:11:07.642Z,"Greenland Sea",earthquake,,,,,reviewed,us,hrv
1989-09-17T10:25:00.780Z,32.564,-117.656,5.774,2.62,mc,0,210.8,,0.2,ci,ci1041321,2016-02-04T05:02:19.270Z,"46km WSW of Coronado, CA",earthquake,,,,12,reviewed,ci,ci
1989-09-17T09:39:04.690Z,40.259,51.652,33,5.1,mb,,,,1,us,usp0003zps,2022-04-28T20:11:36.428Z,"114 km WNW of Türkmenba?y, Turkmenistan",earthquake,,,,40,reviewed,us,us
1989-09-17T08:47:16.900Z,47.34,-113.87,19,3.6,ml,,,,,us,usp0003zpq,2014-11-07T00:44:52.873Z,"17 km E of Saint Ignatius, Montana",earthquake,,,,,reviewed,but,but
1989-09-17T05:48:01.890Z,-61.435,153.988,10,5.9,mw,,,,1.2,us,usp0003zpm,2022-04-28T20:11:35.238Z,"Balleny Islands region",earthquake,,,,,reviewed,us,hrv
1989-09-17T05:23:05.730Z,-19.31,169.393,232.9,5,mb,,,,0.8,us,usp0003zpk,2014-11-07T00:44:52.860Z,"28 km NNE of Isangel, Vanuatu",earthquake,,8.6,,2,reviewed,us,us
1989-09-17T05:00:13.260Z,-4.566,151.777,10,3.7,mb,,,,1.5,us,usp0003zpj,2014-11-07T00:44:52.858Z,"58 km SW of Rabaul, Papua New Guinea",earthquake,,,,1,reviewed,us,us
1989-09-17T04:14:34.270Z,53.595,-163.704,33,4.7,mb,,,,1.1,us,usp0003zph,2020-09-14T18:15:10.986Z,"141 km S of False Pass, Alaska",earthquake,,,,3,reviewed,us,us
1989-09-17T04:05:06.480Z,-8.307,111.319,136.1,4.7,mb,,,,1.4,us,usp0003zpg,2014-11-07T00:44:52.853Z,"49 km WSW of Trenggalek, Indonesia",earthquake,,17.2,,5,reviewed,us,us
1989-09-17T03:27:25.070Z,40.309,51.751,33,4.8,mb,,,,1,us,usp0003zpe,2014-11-07T00:44:52.849Z,"107 km WNW of Türkmenba?y, Turkmenistan",earthquake,,,,3,reviewed,us,us
1989-09-17T01:52:35.040Z,-23.596,-175.823,33,4.8,mb,,,,0.9,us,usp0003zpc,2014-11-07T00:44:52.846Z,"266 km SSW of ‘Ohonua, Tonga",earthquake,,,,3,reviewed,us,us
1989-09-17T01:50:35.470Z,40.34,51.847,33,4.5,mb,,,,0.4,us,usp0003zpb,2014-11-07T00:44:52.844Z,"100 km WNW of Türkmenba?y, Turkmenistan",earthquake,,,,5,reviewed,us,us
1989-09-17T01:21:29.220Z,40.243,51.694,53.1,5,mb,,,,0.9,us,usp0003zpa,2022-04-28T20:11:34.105Z,"110 km WNW of Türkmenba?y, Turkmenistan",earthquake,,,,43,reviewed,us,us
1989-09-17T00:53:39.770Z,40.203,51.749,51.4,6.2,mw,,,,1,us,usp0003zp9,2022-04-28T20:11:32.982Z,"104 km W of Türkmenba?y, Turkmenistan",earthquake,,,,,reviewed,us,hrv
1989-09-17T00:17:51.020Z,36.434,71.14,218.4,4.4,mb,,,,0.9,us,usp0003zp8,2014-11-07T00:44:52.767Z,"44 km SW of Ashk?sham, Afghanistan",earthquake,,8.5,,29,reviewed,us,us
1989-09-17T00:02:44.420Z,43.645,-127.614,10,4.6,mb,,,,0.8,us,usp0003zp7,2014-11-07T00:44:52.759Z,"266 km WNW of Bandon, Oregon",earthquake,,,,12,reviewed,us,us
1989-09-16T23:20:53.220Z,16.497,-93.671,108.3,6.1,mw,,,,1.3,us,usp0003zp6,2022-04-28T20:11:31.845Z,"4 km W of Nueva Palestina, Mexico",earthquake,,,,,reviewed,us,nc
1989-09-16T22:52:00.470Z,51.795,-167.066,33,4.9,mb,,,,1.3,us,usp0003zp5,2014-11-07T00:44:52.691Z,"176 km SE of Nikolski, Alaska",earthquake,,,,33,reviewed,us,us
1989-09-16T22:46:01.480Z,38.8146667,-122.8341667,-0.823,2.92,md,19,78,0.03153,0.09,nc,nc144163,2016-12-09T10:30:02.739Z,"9 km W of Cobb, California",earthquake,0.22,0.62,0.19,19,reviewed,nc,nc
1989-09-16T21:57:05.700Z,59.002,-136.565,18,3.1,ml,,,,-1,ak,ak989bwp17uy,2020-09-14T18:15:12.217Z,"55 km SSW of Covenant Life, Alaska",earthquake,,-1,,,reviewed,ak,ak
1989-09-16T20:43:39.180Z,4.652,126.771,65.4,4.8,mb,,,,1.6,us,usp0003zp3,2014-11-07T00:44:52.687Z,"167 km ESE of Sarangani, Philippines",earthquake,,20.9,,3,reviewed,us,us
1989-09-16T18:46:27.840Z,42.57,142.404,104.6,4.5,mb,,,,1.2,us,usp0003zp0,2014-11-07T00:44:52.681Z,"26 km N of Shizunai-furukawach?, Japan",earthquake,,6.7,,10,reviewed,us,us
1989-09-16T18:41:24.370Z,37.3346667,-121.7021667,7.483,2.67,md,83,37,0.05045,0.04,nc,nc144323,2016-12-09T10:28:52.690Z,"11 km ESE of East Foothills, California",earthquake,0.11,0.24,0.12,81,reviewed,nc,nc
1989-09-16T18:33:01.400Z,38.8321667,-122.8308333,1.207,2.75,md,22,81,0.03694,0.07,nc,nc144235,2016-12-09T10:28:44.240Z,"9 km W of Cobb, California",earthquake,0.27,0.38,0.06,18,reviewed,nc,nc
1989-09-16T18:10:10.980Z,-4.051,130.293,33,4.1,mb,,,,1,us,usp0003zny,2014-11-07T00:44:52.677Z,"171 km ESE of Amahai, Indonesia",earthquake,,,,2,reviewed,us,us
1989-09-16T17:59:00.720Z,30.117,99.529,10,4.7,mb,,,,1.4,us,usp0003znx,2014-11-07T00:44:52.674Z,"234 km W of Kangding, China",earthquake,,,,4,reviewed,us,us
1989-09-16T17:32:19.620Z,40.351,51.818,33,4.5,mb,,,,0.3,us,usp0003znw,2014-11-07T00:44:52.673Z,"103 km WNW of Türkmenba?y, Turkmenistan",earthquake,,,,4,reviewed,us,us
1989-09-16T17:13:36.950Z,60.153,-140.9742,-3,2.9,ml,,,,0.3,ak,ak989bwme4cf,2020-09-14T18:15:12.764Z,"97 km NW of Yakutat, Alaska",earthquake,,3.3,,,reviewed,ak,ak
1989-09-16T17:05:43.190Z,40.401,51.756,33,4.3,mb,,,,0.9,us,usp0003znt,2014-11-07T00:44:52.667Z,"110 km WNW of Türkmenba?y, Turkmenistan",earthquake,,,,4,reviewed,us,us
1989-09-16T16:13:30.680Z,30.128,99.566,33,4.4,mb,,,,1.6,us,usp0003znr,2014-11-07T00:44:52.663Z,"230 km W of Kangding, China",earthquake,,,,4,reviewed,us,us
1989-09-16T16:08:44.550Z,34.825,-4.758,10,2.7,md,,,,1.5,us,usp0003znq,2014-11-07T00:44:52.662Z,"33 km NNW of Taounate, Morocco",earthquake,,,,,reviewed,us,rba
1989-09-16T15:38:05.070Z,38.976,22.448,10,3.1,md,,,,1.5,us,usp0003znp,2014-11-07T00:44:52.660Z,"8 km N of Lamía, Greece",earthquake,,,,,reviewed,us,ath
1989-09-16T15:06:04.530Z,-20.787,168.77,33,4.6,mb,,,,1.1,us,usp0003znn,2014-11-07T00:44:52.656Z,"125 km NE of Tadine, New Caledonia",earthquake,,,,4,reviewed,us,us
1989-09-16T13:47:58.790Z,-6.368,71.182,10,4.6,mb,,,,1.1,us,usp0003znm,2014-11-07T00:44:52.654Z,"Chagos Archipelago region",earthquake,,,,3,reviewed,us,us
1989-09-16T12:58:47.490Z,33.961,-116.252,8.285,2.78,mc,0,48.9,,0.075,ci,ci1041265,2016-02-03T21:51:34.320Z,"20km SSE of Joshua Tree, CA",earthquake,,0.02,,70,reviewed,ci,ci
1989-09-16T11:53:55.560Z,-17.977,-176.536,33,4.7,mb,,,,1.6,us,usp0003znj,2014-11-07T00:44:52.647Z,"279 km WNW of Neiafu, Tonga",earthquake,,,,6,reviewed,us,us
1989-09-16T11:28:24.610Z,10.56,-60.302,80,3.5,md,,,,0.4,us,usp0003znh,2014-11-07T00:44:52.646Z,"83 km SE of Scarborough, Trinidad and Tobago",earthquake,,,,,reviewed,us,trn
1989-09-16T10:43:46.500Z,19.3258333,-155.1168333,9.016,3.04,ml,51,110,,0.11,hv,hv321032,2020-03-31T20:16:59.390Z,"15 km S of Fern Forest, Hawaii",earthquake,0.48,0.39,0.09,2,reviewed,hv,hv
1989-09-16T09:57:57.280Z,10.621,140.935,33,4.9,mb,,,,0.8,us,usp0003zng,2014-11-07T00:44:52.643Z,"104 km NNE of Fais, Micronesia",earthquake,,,,5,reviewed,us,us
1989-09-16T09:22:14.460Z,-22.578,174.19,33,4.7,mb,,,,1.4,us,usp0003znf,2014-11-07T00:44:52.639Z,"southeast of the Loyalty Islands",earthquake,,,,4,reviewed,us,us
1989-09-16T08:33:38.820Z,-20.469,-178.456,536.1,4.9,mb,,,,1,us,usp0003zne,2014-11-07T00:44:52.637Z,"Fiji region",earthquake,,42.6,,6,reviewed,us,us
1989-09-16T08:03:05.140Z,35.564,140.318,76.9,4.8,mb,,,,0.7,us,usp0003znd,2014-11-07T00:44:52.621Z,"4 km WNW of T?gane, Japan",earthquake,,4.9,,4,reviewed,us,us
1989-09-16T07:27:11.320Z,2.121,125.301,33,5.1,mb,,,,1.1,us,usp0003znb,2014-11-07T00:44:52.610Z,"78 km NNE of Laikit, Laikit II (Dimembe), Indonesia",earthquake,,,,11,reviewed,us,us
1989-09-16T06:48:33.870Z,62.4637,-148.0935,15.7,2.7,ml,,,,0.21,ak,ak989bwg1uij,2020-09-14T18:15:13.395Z,"75 km NW of Eureka Roadhouse, Alaska",earthquake,,4.6,,,reviewed,ak,ak
1989-09-16T06:17:56.120Z,32.639,-115.882,4.691,2.55,mc,0,180.9,,0.115,ci,ci1041254,2016-02-04T05:02:17.490Z,"15km SE of Ocotillo, CA",earthquake,,0.005,,6,reviewed,ci,ci
1989-09-16T05:58:54.630Z,40.275,51.791,33,4.3,mb,,,,1.3,us,usp0003zn7,2014-11-07T00:44:52.508Z,"103 km WNW of Türkmenba?y, Turkmenistan",earthquake,,,,3,reviewed,us,us
1989-09-16T05:50:49.930Z,37.275,21.155,10,4.2,mb,,,,1.3,us,usp0003zn6,2014-11-07T00:44:52.497Z,"40 km WNW of Filiatrá, Greece",earthquake,,,,2,reviewed,us,us
1989-09-16T05:49:25.770Z,-12.708,66.386,10,5,mb,,,,1.2,us,usp0003zn5,2014-11-07T00:44:52.494Z,"Mid-Indian Ridge",earthquake,,,,4,reviewed,us,us
1989-09-16T05:34:34.500Z,45.724,16.228,15,2.6,md,,,,0.7,us,usp0003zn4,2014-11-07T00:44:52.491Z,"8 km SSW of Velika Ostrna, Croatia",earthquake,,,,,reviewed,us,lju
1989-09-16T05:31:30.850Z,20.476,146.549,147.8,4.3,mb,,,,0.4,us,usp0003zn3,2014-11-07T00:44:52.489Z,"Mariana Islands region",earthquake,,28.6,,3,reviewed,us,us
1989-09-16T04:52:03.570Z,-20.005,-176.137,253.7,4.7,mb,,,,1.2,us,usp0003zn2,2014-11-07T00:44:52.471Z,"158 km NW of Nuku‘alofa, Tonga",earthquake,,55.2,,4,reviewed,us,us
1989-09-16T04:17:58.230Z,35.199,-3.894,10,3.4,mblg,,,,1.2,us,usp0003zn1,2014-11-07T00:44:52.467Z,"6 km SE of Tirhanimîne, Morocco",earthquake,,,,,reviewed,us,mdd
1989-09-16T04:03:03.160Z,-32.561,-14.251,10,5.9,mw,,,,1.2,us,usp0003zn0,2022-04-28T20:11:30.750Z,"southern Mid-Atlantic Ridge",earthquake,,,,,reviewed,us,hrv
1989-09-16T03:37:38.030Z,40.277,51.61,33,4.6,mb,,,,0.7,us,usp0003zmz,2014-11-07T00:44:52.380Z,"111 km ESE of Pirallah?, Azerbaijan",earthquake,,,,19,reviewed,us,us
1989-09-16T03:36:31.610Z,-10.265,120.122,33,4.4,mb,,,,1.1,us,usp0003zmy,2014-11-07T00:44:52.378Z,"69 km SSW of Waingapu, Indonesia",earthquake,,,,4,reviewed,us,us
1989-09-16T03:29:23.250Z,40.255,51.798,33,4.6,mb,,,,0.8,us,usp0003zmx,2014-11-07T00:44:52.376Z,"101 km WNW of Türkmenba?y, Turkmenistan",earthquake,,,,4,reviewed,us,us
1989-09-16T03:14:41.250Z,19.4025,-155.2963333,12.823,2.56,ml,14,91,,0.13,hv,hv321003,2020-03-31T20:16:58.740Z,"7 km SW of Volcano, Hawaii",earthquake,1.16,0.57,0.17,2,reviewed,hv,hv
1989-09-16T03:00:19.170Z,17.716,-61.599,10,3.4,ml,,,,0.4,us,usp0003zmw,2014-11-07T00:44:52.375Z,"26 km ENE of Codrington, Antigua and Barbuda",earthquake,,,,,reviewed,us,fdf
1989-09-16T02:27:58.810Z,40.256,51.666,33,4.7,mb,,,,0.8,us,usp0003zmv,2014-11-07T00:44:52.373Z,"112 km WNW of Türkmenba?y, Turkmenistan",earthquake,,,,2,reviewed,us,us
1989-09-16T02:18:53.810Z,-4.631,135.533,33,4.9,mb,,,,1.5,us,usp0003zmu,2014-11-07T00:44:52.371Z,"140 km S of Nabire, Indonesia",earthquake,,,,2,reviewed,us,us
1989-09-16T02:05:08.910Z,40.337,51.534,54.8,6.5,mw,,,,1,us,usp0003zmt,2022-04-28T20:11:29.648Z,"103 km E of Pirallah?, Azerbaijan",earthquake,,,,,reviewed,us,nc
1989-09-16T01:54:13.150Z,24.035,123.859,33,4.3,mb,,,,0.1,us,usp0003zms,2014-11-07T00:44:52.311Z,"45 km SW of Ishigaki, Japan",earthquake,,,,2,reviewed,us,us
1989-09-16T01:49:15.890Z,-0.592,-77.469,10,5.4,mb,,,,1.1,us,usp0003zmr,2022-04-28T20:11:28.563Z,"38 km WNW of Boca Suno, Ecuador",earthquake,,,,49,reviewed,us,us
1989-09-16T01:23:58.010Z,31.736,-116.219,5.094,2.79,mc,0,300.2,,0.319,ci,ci1041236,2016-02-04T00:26:59.320Z,"33km E of Maneadero, B.C., MX",earthquake,,,,15,reviewed,ci,ci
1989-09-15T23:18:40.060Z,-19.617,-178.077,600,4.6,mb,,,,0.6,us,usp0003zmn,2014-11-07T00:44:52.293Z,"Fiji region",earthquake,,,,4,reviewed,us,us
1989-09-15T23:03:28.510Z,-26.378,27.474,5,3.2,m,,,,0.1,us,usp0003zmm,2014-11-07T00:44:52.291Z,"7 km ESE of Carletonville, South Africa",earthquake,,,,,reviewed,us,bul
1989-09-15T23:02:02.430Z,19.4181667,-155.2788333,13.623,2.58,ml,18,99,,0.11,hv,hv320991,2020-03-31T20:16:58.250Z,"5 km WSW of Volcano, Hawaii",earthquake,0.88,1.41,0.06,2,reviewed,hv,hv
1989-09-15T21:32:19.830Z,-7.123,155.691,83.3,4.4,mb,,,,1,us,usp0003zmk,2014-11-07T00:44:52.287Z,"92 km SSE of Panguna, Papua New Guinea",earthquake,,8.8,,4,reviewed,us,us
1989-09-15T21:12:45.090Z,6.695,122.54,33,4.5,mb,,,,1.4,us,usp0003zmj,2014-11-07T00:44:52.283Z,"29 km E of Tuburan, Philippines",earthquake,,,,3,reviewed,us,us
1989-09-15T19:22:10.330Z,10.137,126.237,33,4.7,mb,,,,0.9,us,usp0003zmd,2014-11-07T00:44:52.271Z,"25 km ENE of Santa Monica, Philippines",earthquake,,,,3,reviewed,us,us
1989-09-15T18:57:41.670Z,-7.47,156.217,33,4.6,mb,,,,1,us,usp0003zmc,2014-11-07T00:44:52.266Z,"98 km NW of Gizo, Solomon Islands",earthquake,,,,7,reviewed,us,us
1989-09-15T18:34:49.220Z,9.914,126.414,33,5.1,mb,,,,1.1,us,usp0003zma,2014-11-07T00:44:52.260Z,"34 km E of Pilar, Philippines",earthquake,,,,10,reviewed,us,us
1989-09-15T18:34:12.980Z,53.232,159.719,51.3,5.5,mw,,,,0.9,us,usp0003zm9,2022-04-28T20:11:27.408Z,"74 km ENE of Petropavlovsk-Kamchatsky, Russia",earthquake,,,,,reviewed,us,hrv
1989-09-15T17:26:22.770Z,34.286,-117.489,10.307,2.82,ml,0,22.1,,0.115,ci,ci1041175,2016-02-04T01:09:13.660Z,"3km NNE of Lytle Creek, CA",earthquake,,0.078,,6,reviewed,ci,ci
1989-09-15T16:40:25.000Z,-3.062,134.686,33,5.4,mw,,,,1.1,us,usp0003zm6,2022-04-28T20:11:26.262Z,"96 km WNW of Nabire, Indonesia",earthquake,,,,,reviewed,us,hrv
1989-09-15T16:31:27.140Z,0.988,126.064,33,5,mb,,,,1.6,us,usp0003zm5,2014-11-07T00:44:52.208Z,"132 km ESE of Tondano, Indonesia",earthquake,,,,6,reviewed,us,us
1989-09-15T15:44:38.700Z,10.001,126.42,33,4.8,mb,,,,1.3,us,usp0003zm4,2014-11-07T00:44:52.207Z,"38 km ENE of Pilar, Philippines",earthquake,,,,2,reviewed,us,us
1989-09-15T15:36:37.040Z,9.988,126.52,33,5.1,mw,,,,1.3,us,usp0003zm3,2022-04-28T20:11:25.147Z,"48 km ENE of Pilar, Philippines",earthquake,,,,,reviewed,us,hrv
1989-09-15T14:49:49.720Z,-5.092,102.573,33,4.7,mb,,,,1.3,us,usp0003zm2,2014-11-07T00:44:52.194Z,"139 km SSW of Pagar Alam, Indonesia",earthquake,,,,7,reviewed,us,us
1989-09-15T14:19:24.620Z,10.008,126.014,33,4.8,mb,,,,1.1,us,usp0003zm1,2014-11-07T00:44:52.192Z,"2 km WSW of Santa Monica, Philippines",earthquake,,,,8,reviewed,us,us
1989-09-15T13:20:05.410Z,34.282,-117.488,9.696,3.76,ml,0,21.6,,0.21,ci,ci667854,2016-02-03T20:32:43.000Z,"3km NNE of Lytle Creek, CA",earthquake,,0.081,,8,reviewed,ci,ci
1989-09-15T11:25:40.470Z,16.55,-61.893,33,2.6,ml,,,,1.2,us,usp0003zky,2014-11-07T00:44:52.187Z,"31 km NW of Sainte-Rose, Guadeloupe",earthquake,,,,,reviewed,us,fdf
1989-09-15T10:44:03.700Z,51.724,-173.245,48.9,4.7,mb,,,,0.9,us,usp0003zkx,2014-11-07T00:44:52.180Z,"84 km SE of Atka, Alaska",earthquake,,,,19,reviewed,us,us
1989-09-15T10:42:46.780Z,-33.512,-179.739,78,4.8,mb,,,,1,us,usp0003zkw,2014-11-07T00:44:52.178Z,"south of the Kermadec Islands",earthquake,,23.5,,2,reviewed,us,us
1989-09-15T10:28:00.840Z,45.3726667,-121.7068333,3.791,3.5,md,41,38,,0.29,uw,uw10248253,2016-07-24T21:09:16.720Z,"8 km NNE of Government Camp, Oregon",earthquake,0.628,1.16,0.04,30,reviewed,uw,uw
1989-09-15T10:16:31.200Z,41.565,-121.5576667,-0.719,2.84,md,13,98,0.03063,0.09,nc,nc144081,2016-12-09T10:23:40.690Z,"29 km E of Tennant, California",earthquake,0.29,0.59,0.22,27,reviewed,nc,nc
1989-09-15T09:59:02.560Z,51.559,-173.36,33,4.9,ms,,,,0.8,us,usp0003zks,2014-11-07T00:44:52.162Z,"91 km SE of Atka, Alaska",earthquake,,,,2,reviewed,us,us
1989-09-15T09:57:31.980Z,51.87,-173.349,33,4.5,mb,,,,1,us,usp0003zkr,2014-11-07T00:44:52.160Z,"68 km ESE of Atka, Alaska",earthquake,,,,6,reviewed,us,us
1989-09-15T09:48:09.180Z,51.574,-173.367,33,5.7,mw,,,,0.9,us,usp0003zkp,2022-04-28T20:11:24.079Z,"89 km SE of Atka, Alaska",earthquake,,,,,reviewed,us,hrv
1989-09-15T09:30:25.760Z,-7.439,156.216,33,4.8,mb,,,,0.9,us,usp0003zkn,2014-11-07T00:44:52.125Z,"100 km NW of Gizo, Solomon Islands",earthquake,,,,8,reviewed,us,us
1989-09-15T09:18:50.720Z,13.447,144.936,69.1,4.1,mb,,,,0.2,us,usp0003zkm,2014-11-07T00:44:52.123Z,"11 km SSE of Yigo Village, Guam",earthquake,,5.1,,2,reviewed,us,us
1989-09-15T09:05:13.380Z,60.3848,-144.8253,-3,3.1,ml,,,,0.41,ak,ak989buu1jgq,2020-09-14T18:15:16.060Z,"54 km ESE of Cordova, Alaska",earthquake,,0.5,,,reviewed,ak,ak
1989-09-15T08:49:55.470Z,-19.329,-175.8,144.8,5.5,mb,,,,1,us,usp0003zkj,2022-04-28T20:11:22.888Z,"160 km WNW of Pangai, Tonga",earthquake,,,,36,reviewed,us,us
1989-09-15T08:14:17.010Z,60.392,-144.8483,-3,4.3,ml,,,,0.47,ak,ak989buti1l1,2020-09-14T18:15:16.762Z,"52 km ESE of Cordova, Alaska",earthquake,,0.4,,,reviewed,ak,ak
1989-09-15T06:23:24.490Z,51.461,150.773,534.9,4.4,mb,,,,0.6,us,usp0003zkg,2014-11-07T00:44:52.076Z,"Sea of Okhotsk",earthquake,,11.6,,26,reviewed,us,us
1989-09-15T04:15:48.290Z,-10.167,161.214,113.6,4.8,mb,,,,1.1,us,usp0003zke,2014-11-07T00:44:52.071Z,"83 km WNW of Kirakira, Solomon Islands",earthquake,,10.5,,3,reviewed,us,us
1989-09-15T03:30:28.080Z,40.763,23.12,10,3.2,md,,,,0.7,us,usp0003zkd,2014-11-07T00:44:52.069Z,"1 km WNW of Kolchikón, Greece",earthquake,,,,,reviewed,us,ath
1989-09-15T03:04:44.440Z,45.267,-121.745,-1.349,2.8,md,31,77,0.03991,0.28,uw,uw10247888,2016-07-24T21:09:11.460Z,"2 km WNW of Wapanitia, Oregon",explosion,0.736,0.77,0.06,3,reviewed,uw,uw
1989-09-15T02:24:27.630Z,40.175,25.081,33,3.4,md,,,,0.7,us,usp0003zkb,2014-11-07T00:44:52.064Z,"33 km N of Mýrina, Greece",earthquake,,,,,reviewed,us,ath
1989-09-15T01:15:43.630Z,-15.194,167.221,147.5,4.6,mb,,,,1.3,us,usp0003zka,2014-11-07T00:44:52.058Z,"23 km SE of Port-Olry, Vanuatu",earthquake,,20.3,,4,reviewed,us,us
1989-09-15T01:00:36.980Z,51.308,15.957,10,3.2,ml,,,,1.1,us,usp0003zk9,2014-11-07T00:44:52.056Z,"4 km NNE of Chojnów, Poland",earthquake,,,,,reviewed,us,vka
1989-09-15T00:49:20.580Z,60.4565,-144.7872,-3,3,ml,,,,0.63,ak,ak989buoy32y,2020-09-14T18:15:18.814Z,"54 km E of Cordova, Alaska",earthquake,,0.5,,,reviewed,ak,ak
1989-09-15T00:24:56.150Z,60.4325,-144.8143,-3,2.9,ml,,,,0.4,ak,ak989buossxb,2020-09-14T18:15:19.188Z,"53 km ESE of Cordova, Alaska",earthquake,,0.7,,,reviewed,ak,ak
1989-09-15T00:14:23.870Z,40.757,23.114,10,2.9,md,,,,1.4,us,usp0003zk5,2014-11-07T00:44:52.043Z,"1 km W of Kolchikón, Greece",earthquake,,,,,reviewed,us,ath
1989-09-14T23:32:29.280Z,34.75,-116.42,-1.172,2.61,mc,0,94.7,,0.114,ci,ci1041100,2016-02-03T21:11:36.240Z,"24km W of Ludlow, CA",quarry blast,,,,22,reviewed,ci,ci
1989-09-14T23:09:44.820Z,40.746,23.107,10,3.1,md,,,,0.9,us,usp0003zk2,2014-11-07T00:44:52.036Z,"2 km WSW of Kolchikón, Greece",earthquake,,,,,reviewed,us,ath
1989-09-14T22:15:44.710Z,31.737,-115.909,5.594,2.95,mc,0,204.1,,0.14,ci,ci1041088,2016-02-03T23:47:46.120Z,"62km E of Maneadero, B.C., MX",earthquake,,,,9,reviewed,ci,ci
1989-09-14T19:51:07.210Z,19.876,-155.859,11.096,2.57,ml,23,188,,0.1,hv,hv320875,2020-03-31T20:16:55.390Z,"Island of Hawaii, Hawaii",earthquake,1.54,2.26,0.04,2,reviewed,hv,hv
1989-09-14T19:45:26.390Z,43.089,13.298,10,2.6,md,,,,0.8,us,usp0003zk1,2014-11-07T00:44:52.034Z,"2 km SW of San Ginesio, Italy",earthquake,,,,,reviewed,us,sso
1989-09-14T19:41:19.130Z,30.546,-14.963,10,3.6,md,,,,0.8,us,usp0003zk0,2014-11-07T00:44:51.985Z,"206 km NW of Tinajo, Spain",earthquake,,,,,reviewed,us,rba
1989-09-14T19:10:25.700Z,1.644,127.322,103.2,6.2,mw,,,,1.2,us,usp0003zjz,2022-04-28T20:11:21.636Z,"77 km W of Tobelo, Indonesia",earthquake,,,,,reviewed,us,hrv
1989-09-14T18:14:39.090Z,61.27,3.894,10,2.9,md,,,,0.8,us,usp0003zjx,2014-11-07T00:44:51.825Z,"55 km WNW of Hardbakke, Norway",earthquake,,,,,reviewed,us,ber
1989-09-14T17:31:27.900Z,36.558,-89.63,12.2,3.2,md,,,,,nm,nm603515,2016-04-14T18:20:22.420Z,"2 km WSW of Howardville, Missouri",earthquake,,,,,reviewed,nm,nm
1989-09-14T16:02:10.880Z,19.9048333,-155.879,13.547,2.65,ml,30,204,,0.12,hv,hv320863,2020-03-31T20:16:55.090Z,"8 km SSW of Puako, Hawaii",earthquake,1.34,2.11,0.08,2,reviewed,hv,hv
1989-09-14T15:25:50.300Z,35.399,23.482,76.7,4.6,mb,,,,1.5,us,usp0003zjt,2014-11-07T00:44:51.816Z,"18 km SW of Kíssamos, Greece",earthquake,,18.6,,1,reviewed,us,us
1989-09-14T15:00:00.100Z,37.236,-116.163,0,4.2,mb,,,,,us,usp0003zjs,2016-04-02T05:47:16.659Z,"58 km SW of Rachel, Nevada",nuclear explosion,,,,4,reviewed,doe,us
1989-09-14T14:13:29.630Z,-9.367,110.192,33,4.4,mb,,,,1.6,us,usp0003zjr,2014-11-07T00:44:51.810Z,"157 km S of Bambanglipuro, Indonesia",earthquake,,,,4,reviewed,us,us
1989-09-14T13:38:04.510Z,38.73,21.475,10,3.4,md,,,,1.5,us,usp0003zjq,2014-11-07T00:44:51.809Z,"11 km NE of Triandaíika, Greece",earthquake,,,,,reviewed,us,ath
1989-09-14T13:10:52.080Z,14.503,-92.615,69.6,4.4,mb,,,,1.1,us,usp0003zjp,2014-11-07T00:44:51.804Z,"31 km SW of Puerto Madero, Mexico",earthquake,,5.6,,5,reviewed,us,us
1989-09-14T11:56:14.430Z,40.3756667,-125.144,5.233,3.8,ml,126,248,0.6243,0.19,nc,nc10090025,2016-12-09T10:20:22.135Z,"77 km WSW of Ferndale, California",earthquake,0.73,0.86,,7,reviewed,nc,nc
1989-09-14T11:45:36.080Z,40.766,23.109,10,3,md,,,,0.8,us,usp0003zjj,2014-11-07T00:44:51.797Z,"2 km WNW of Kolchikón, Greece",earthquake,,,,,reviewed,us,ath
1989-09-14T10:10:10.420Z,-26.33,27.208,5,4.2,m,,,,1.4,us,usp0003zjh,2014-11-07T00:44:51.795Z,"19 km W of Carletonville, South Africa",earthquake,,,,,reviewed,us,bul
1989-09-14T09:23:56.170Z,-22.741,179.287,541,4.8,mb,,,,0.9,us,usp0003zjg,2014-11-07T00:44:51.790Z,"south of the Fiji Islands",earthquake,,17.6,,13,reviewed,us,us
1989-09-14T08:06:38.800Z,10.564,-60.299,70.4,4,md,,,,0.3,us,usp0003zje,2014-11-07T00:44:51.787Z,"83 km SE of Scarborough, Trinidad and Tobago",earthquake,,21.4,,,reviewed,us,trn
1989-09-14T06:31:54.070Z,33.231,-116.077,9.233,2.98,ml,0,55.1,,0.106,ci,ci1041006,2016-02-03T20:32:40.320Z,"11km NNE of Ocotillo Wells, CA",earthquake,,0.1,,4,reviewed,ci,ci
1989-09-14T06:31:29.770Z,16.611,-96.413,63,3.8,mb,,,,0.6,us,usp0003zjd,2014-11-07T00:44:51.784Z,"8 km NW of Santa María Zoquitlán, Mexico",earthquake,,12.5,,1,reviewed,us,us
1989-09-14T06:18:32.760Z,19.3033333,-155.2193333,8.935,3.04,ml,49,132,,0.11,hv,hv320817,2020-03-31T20:00:09.990Z,"15 km S of Volcano, Hawaii",earthquake,0.54,0.4,0.08,2,reviewed,hv,hv
1989-09-14T05:32:28.010Z,42.036,20.797,5,3.4,ml,,,,1,us,usp0003zjc,2014-11-07T00:44:51.780Z,"9 km W of Šipkovica, North Macedonia",earthquake,,,,,reviewed,us,sko
1989-09-14T04:48:20.040Z,-28.879,-178.452,271.8,4.9,mb,,,,1.4,us,usp0003zja,2014-11-07T00:44:51.774Z,"Kermadec Islands region",earthquake,,,,7,reviewed,us,us
1989-09-14T04:42:39.850Z,-26.141,-70.746,33,5.5,mw,,,,1.3,us,usp0003zj9,2022-04-28T20:11:16.116Z,"73 km WNW of Diego de Almagro, Chile",earthquake,,,,,reviewed,us,hrv
1989-09-14T04:31:41.960Z,13.688,124.588,33,4.9,mb,,,,1,us,usp0003zj8,2014-11-07T00:44:51.759Z,"23 km ESE of Gigmoto, Philippines",earthquake,,,,9,reviewed,us,us
1989-09-14T03:32:57.490Z,33.116,-116.696,13.747,2.57,mc,0,76.4,,0.208,ci,ci1040999,2016-02-04T01:48:17.570Z,"10km WNW of Julian, CA",earthquake,,0.358,,5,reviewed,ci,ci
1989-09-14T02:19:29.020Z,51.703,-175.294,63.8,4.7,mb,,,,1,us,usp0003zj3,2014-11-07T00:44:51.748Z,"93 km SW of Atka, Alaska",earthquake,,9,,9,reviewed,us,us
1989-09-14T02:16:27.610Z,40.3706667,-126.9653333,4.632,3.41,md,7,303,2.013,0.05,nc,nc10090086,2016-12-09T10:19:26.695Z,"230 km W of Ferndale, California",earthquake,5.05,4.99,,1,reviewed,nc,nc
1989-09-14T01:57:36.730Z,11.271,-61.18,33,3.2,md,,,,0.7,us,usp0003zj2,2014-11-07T00:44:51.746Z,"49 km WNW of Scarborough, Trinidad and Tobago",earthquake,,,,,reviewed,us,trn
1989-09-14T01:12:31.130Z,55.045,161.704,33,4.4,mb,,,,0.6,us,usp0003zj0,2014-11-07T00:44:51.744Z,"140 km SSW of Ust’-Kamchatsk Staryy, Russia",earthquake,,,,2,reviewed,us,us
1989-09-13T22:46:16.360Z,-44.045,-82.301,10,4.9,mb,,,,0.9,us,usp0003zhy,2014-11-07T00:44:51.741Z,"West Chile Rise",earthquake,,,,3,reviewed,us,us
1989-09-13T22:08:07.160Z,-44.897,-15.452,10,4.5,ms,,,,1.1,us,usp0003zhx,2014-11-07T00:44:51.739Z,"southern Mid-Atlantic Ridge",earthquake,,,,2,reviewed,us,us
1989-09-13T21:53:59.530Z,45.799,11.207,10,4.6,mb,,,,1.2,us,usp0003zhw,2014-11-07T00:44:51.714Z,"4 km WNW of Posina, Italy",earthquake,,,,7,reviewed,us,us
1989-09-13T21:52:43.940Z,-21.619,129.758,10,4.3,mb,,,,1.5,us,usp0003zhv,2014-11-07T00:44:51.712Z,"Northern Territory, Australia",earthquake,,,,1,reviewed,us,us
1989-09-13T20:46:05.370Z,-35.458,-17.129,10,5.2,ms,,,,1.8,us,usp0003zhu,2014-11-07T00:44:51.708Z,"southern Mid-Atlantic Ridge",earthquake,,,,2,reviewed,us,us
1989-09-13T15:49:37.950Z,-20.918,-178.624,534.4,4,mb,,,,1,us,usp0003zhm,2014-11-07T00:44:51.696Z,"Fiji region",earthquake,,44.2,,2,reviewed,us,us
1989-09-13T14:33:39.600Z,-5.998,153.152,65,4.4,mb,,,,1.1,us,usp0003zhk,2014-11-07T00:44:51.693Z,"207 km SSE of Kokopo, Papua New Guinea",earthquake,,9.9,,4,reviewed,us,us
1989-09-13T13:53:32.620Z,43.693,16.714,10,2.5,ml,,,,1.4,us,usp0003zhh,2014-11-07T00:44:51.690Z,"1 km WNW of Otok, Croatia",earthquake,,,,,reviewed,us,lju
1989-09-13T12:53:51.470Z,47.073,8.847,10,3,ml,,,,0.9,us,usp0003zhe,2014-11-07T00:44:51.684Z,"3 km ENE of Unteriberg, Switzerland",earthquake,,,,,reviewed,us,ldg
1989-09-13T12:34:36.960Z,40.36,142.172,33,3.6,m,,,,0.8,us,usp0003zhd,2014-11-07T00:44:51.682Z,"59 km ESE of Hachinohe, Japan",earthquake,,,,,reviewed,us,jma
1989-09-13T12:31:18.310Z,-6.118,149.837,65.2,3.9,mb,,,,0.6,us,usp0003zhc,2014-11-07T00:44:51.681Z,"33 km ENE of Kandrian, Papua New Guinea",earthquake,,10.8,,1,reviewed,us,us
1989-09-13T12:20:10.130Z,40.594,22.463,10,3.5,md,,,,1.2,us,usp0003zhb,2014-11-07T00:44:51.679Z,"3 km WSW of Koryfí, Greece",earthquake,,,,,reviewed,us,ath
1989-09-13T12:18:19.780Z,40.601,22.433,10,3.6,md,,,,1.2,us,usp0003zh9,2014-11-07T00:44:51.674Z,"3 km SSW of Alexándreia, Greece",earthquake,,,,,reviewed,us,ath
1989-09-13T12:01:14.740Z,38.778,-122.7601667,-0.779,2.65,md,33,80,0.03423,0.11,nc,nc143993,2016-12-09T10:17:12.820Z,"5 km SSW of Cobb, California",earthquake,0.24,0.7,0.12,29,reviewed,nc,nc
1989-09-13T11:40:46.040Z,-35.577,-17.063,11.9,6.4,mw,,,,1.3,us,usp0003zh8,2022-04-28T20:11:14.895Z,"southern Mid-Atlantic Ridge",earthquake,,,,,reviewed,us,nc
1989-09-13T11:39:57.520Z,-5.641,133.553,33,3.7,mb,,,,1.3,us,usp0003zh7,2014-11-07T00:44:51.644Z,"88 km E of Tual, Indonesia",earthquake,,,,1,reviewed,us,us
1989-09-13T11:39:18.550Z,50.509,90.066,33,4.4,mb,,,,0.6,us,usp0003zh6,2014-11-07T00:44:51.643Z,"29 km WNW of Mugur-Aksy, Russia",earthquake,,,,5,reviewed,us,us
1989-09-13T11:34:40.080Z,-35.601,-17.18,10,4.7,mb,,,,0.9,us,usp0003zh5,2014-11-07T00:44:51.641Z,"southern Mid-Atlantic Ridge",earthquake,,,,3,reviewed,us,us
1989-09-13T11:32:12.080Z,60.984,-150.9348,50,3.8,ml,,,,0.28,ak,ak989brkbhx4,2020-09-14T18:15:28.519Z,"14 km SE of Tyonek, Alaska",earthquake,,1.3,,,reviewed,ak,ak
1989-09-13T10:10:58.090Z,43.305,8.232,10,2.9,ml,,,,0.7,us,usp0003zh2,2014-11-07T00:44:51.632Z,"64 km SSE of San Lorenzo al Mare, Italy",earthquake,,,,,reviewed,us,ldg
1989-09-13T09:36:49.550Z,37.726,30.219,10,4.2,mb,,,,1.3,us,usp0003zh1,2014-11-07T00:44:51.627Z,"6 km W of Burdur, Turkey",earthquake,,,,9,reviewed,us,us
1989-09-13T09:02:39.450Z,39.183,20.318,5,3.5,md,,,,1.1,us,usp0003zh0,2014-11-07T00:44:51.625Z,"11 km E of Gáïos, Greece",earthquake,,,,,reviewed,us,ath
1989-09-13T08:46:57.330Z,30.263,131.056,33,4.3,mb,,,,0.6,us,usp0003zgz,2014-11-07T00:44:51.624Z,"41 km ESE of Koseda, Japan",earthquake,,,,2,reviewed,us,us
1989-09-13T07:01:31.450Z,37.277,54.22,33,5.1,mb,,,,1,us,usp0003zgx,2022-04-28T20:11:13.803Z,"52 km NNW of Gorg?n, Iran",earthquake,,,,52,reviewed,us,us
1989-09-13T06:48:27.880Z,-6.204,130.234,132.8,5,mb,,,,1.1,us,usp0003zgw,2014-11-07T00:44:51.602Z,"286 km WSW of Tual, Indonesia",earthquake,,11.3,,10,reviewed,us,us
1989-09-13T06:21:43.150Z,-30.225,-178.388,33,4.9,mb,,,,1.6,us,usp0003zgt,2014-11-07T00:44:51.598Z,"Kermadec Islands, New Zealand",earthquake,,,,1,reviewed,us,us
1989-09-13T05:56:45.850Z,32.322,-115.603,5.976,2.65,mc,0,101.2,,0.165,ci,ci1040914,2016-02-03T23:47:44.960Z,"29km S of Progreso, B.C., MX",earthquake,,,,6,reviewed,ci,ci
1989-09-13T05:21:16.920Z,44.439,148.473,33,4.3,mb,,,,0.4,us,usp0003zgr,2014-11-07T00:44:51.595Z,"99 km SSE of Kuril’sk, Russia",earthquake,,,,2,reviewed,us,us
1989-09-13T05:12:45.680Z,39.2588333,-120.1105,7.232,2.66,md,19,51,0.07207,0.09,nc,nc143984,2016-12-09T10:16:36.850Z,"4 km NW of Carnelian Bay, California",earthquake,0.22,0.6,0.11,27,reviewed,nc,nc
1989-09-13T04:24:34.770Z,-3.32,139.343,33,4.7,mb,,,,1.1,us,usp0003zgq,2014-11-07T00:44:51.593Z,"164 km WSW of Abepura, Indonesia",earthquake,,,,3,reviewed,us,us
1989-09-13T03:31:35.930Z,-19.009,-174.921,122.2,5.8,mw,,,,1,us,usp0003zgp,2022-04-28T20:11:12.638Z,"106 km WSW of Neiafu, Tonga",earthquake,,,,,reviewed,us,hrv
1989-09-13T03:15:45.030Z,34.986,-118.854,12.424,2.64,mc,0,95.7,,0.154,ci,ci1040905,2016-02-04T05:41:27.620Z,"8km NE of Grapevine, CA",earthquake,,0.065,,45,reviewed,ci,ci
1989-09-13T02:50:29.610Z,40.3301667,-124.3975,13.45,2.52,md,17,225,0.1523,0.08,nc,nc143980,2016-12-09T10:16:16.760Z,"29 km SSW of Ferndale, California",earthquake,0.6,0.37,0.18,14,reviewed,nc,nc
1989-09-13T01:25:29.220Z,34.755,-118.949,10.734,3.04,ml,0,38.6,,0.16,ci,ci1040896,2016-02-04T02:27:10.640Z,"8km S of Frazier Park, CA",earthquake,,0.048,,10,reviewed,ci,ci
1989-09-13T00:41:05.930Z,5.625,-32.783,10,4.7,mb,,,,1,us,usp0003zgg,2014-11-07T00:44:51.549Z,"central Mid-Atlantic Ridge",earthquake,,,,16,reviewed,us,us
1989-09-12T23:58:01.540Z,15.419,120.082,33,4.8,mb,,,,1.3,us,usp0003zgd,2014-11-07T00:44:51.518Z,"12 km NNE of Mambog, Philippines",earthquake,,,,10,reviewed,us,us
1989-09-12T23:22:40.710Z,43.26,13.898,10,3.1,md,,,,0.7,us,usp0003zgc,2014-11-07T00:44:51.478Z,"10 km ENE of San Tommaso Tre Archi, Italy",earthquake,,,,,reviewed,us,sso
1989-09-12T23:14:25.060Z,59.3712,-154.172,-3,2.6,ml,,,,0.25,ak,ak989bq3tisq,2020-09-14T18:15:31.906Z,"27 km SE of Pope-Vannoy Landing, Alaska",earthquake,,1.9,,,reviewed,ak,ak
1989-09-12T21:37:09.360Z,62.656,-143.6253,-3,2.5,ml,,,,0.25,ak,ak989bq2rjug,2020-09-14T18:15:32.249Z,"18 km ESE of Slana, Alaska",earthquake,,1.5,,,reviewed,ak,ak
1989-09-12T20:24:12.780Z,38.797,-122.772,-0.159,3,ml,41,36,0.02072,0.09,nc,nc143970,2016-12-09T10:15:02.630Z,"5 km WSW of Cobb, California",earthquake,0.18,0.4,,1,reviewed,nc,nc
1989-09-12T18:49:58.540Z,-32.015,-179.524,227.5,4,mb,,,,1.4,us,usp0003zg7,2014-11-07T00:44:51.321Z,"south of the Kermadec Islands",earthquake,,41,,1,reviewed,us,us
1989-09-12T17:23:58.650Z,-8.998,110.479,33,4.9,mb,,,,1.3,us,usp0003zg6,2014-11-07T00:44:51.311Z,"116 km S of Pundong, Indonesia",earthquake,,,,10,reviewed,us,us
1989-09-12T17:13:58.380Z,60.074,-152.6123,103.8,2.9,ml,,,,0.3,ak,ak989bq08s0u,2020-09-14T18:15:33.550Z,"Southern Alaska",earthquake,,1.2,,,reviewed,ak,ak
1989-09-12T17:00:58.480Z,58.9875,-142.8822,10,2.9,ml,,,,0.27,ak,ak989bq05zq0,2020-09-14T18:15:33.894Z,"190 km WSW of Yakutat, Alaska",earthquake,,7.5,,,reviewed,ak,ak
1989-09-12T16:11:29.840Z,40.602,22.465,10,3.5,md,,,,1.3,us,usp0003zg3,2014-11-07T00:44:51.304Z,"3 km SSE of Alexándreia, Greece",earthquake,,,,,reviewed,us,ath
1989-09-12T16:06:20.830Z,-3.511,149.497,33,4.9,mb,,,,1.1,us,usp0003zg2,2014-11-07T00:44:51.301Z,"177 km SW of Kavieng, Papua New Guinea",earthquake,,,,5,reviewed,us,us
1989-09-12T15:56:19.500Z,56.117,-157.225,33,3.7,ml,,,,-1,ak,ak989bpzb1lq,2020-09-14T18:15:34.208Z,"75 km ESE of Chignik, Alaska",earthquake,,-1,,,reviewed,ak,ak
1989-09-12T15:29:15.480Z,-9.011,110.521,48.3,5.5,mw,,,,1.3,us,usp0003zfz,2025-12-19T21:04:33.577Z,"118 km S of Pundong, Indonesia",earthquake,,,,,reviewed,us,hrv
1989-09-12T15:21:05.240Z,19.4283333,-156.1653333,3.954,2.58,ml,32,288,,0.12,hv,hv320663,2020-03-31T20:00:08.140Z,"26 km SW of Kahaluu-Keauhou, Hawaii",earthquake,0.71,1.47,,1,reviewed,hv,hv
1989-09-12T15:11:14.880Z,32.861,92.575,10,3.8,mb,,,,1.7,us,usp0003zfy,2014-11-07T00:44:51.283Z,"161 km NNE of Nagqu, China",earthquake,,,,2,reviewed,us,us
1989-09-12T13:43:41.740Z,37.2005,-119.8338333,19.915,3,md,35,63,0.0964,0.23,nc,nc143952,2016-12-09T10:14:16.320Z,"5 km W of Yosemite Lakes, California",earthquake,0.49,0.46,0.19,31,reviewed,nc,nc
1989-09-12T13:19:23.290Z,38.442,21.438,10,3.3,md,,,,1.1,us,usp0003zfu,2014-11-07T00:44:51.279Z,"7 km E of Aitolikó, Greece",earthquake,,,,,reviewed,us,ath
1989-09-12T11:52:25.060Z,0.195,98.735,64.7,4.3,mb,,,,1.2,us,usp0003zfr,2014-11-07T00:44:51.272Z,"143 km SSW of Padangsidempuan, Indonesia",earthquake,,16.1,,2,reviewed,us,us
1989-09-12T10:57:05.000Z,49.775,-126.883,34,4.5,mb,,,,,us,usp0003zfq,2016-07-24T21:09:04.440Z,"46 km SW of Vernon, Canada",earthquake,,,,8,reviewed,pgc,us
1989-09-12T09:50:53.590Z,63.0748,-150.78,106.6,3,ml,,,,0.51,ak,ak989bpvp8b3,2020-09-14T18:15:37.243Z,"64 km N of Petersville, Alaska",earthquake,,24.4,,,reviewed,ak,ak
1989-09-12T09:05:37.990Z,-9.031,110.443,33,4.7,mb,,,,0.8,us,usp0003zfh,2014-11-07T00:44:51.257Z,"119 km S of Pundong, Indonesia",earthquake,,,,6,reviewed,us,us
1989-09-12T08:55:57.920Z,-9.017,110.503,33,5.6,mw,,,,1.3,us,usp0003zfg,2022-04-28T20:11:11.371Z,"south of Java, Indonesia",earthquake,,,,,reviewed,us,hrv
1989-09-12T08:54:30.140Z,-9.029,110.546,33,4.8,mb,,,,1.3,us,usp0003zff,2014-11-07T00:44:51.236Z,"121 km S of Pundong, Indonesia",earthquake,,,,6,reviewed,us,us
1989-09-12T06:52:59.560Z,31.834,137.97,384.2,4.6,mb,,,,0.8,us,usp0003zfd,2014-11-07T00:44:51.232Z,"281 km SE of Shing?, Japan",earthquake,,9.9,,11,reviewed,us,us
1989-09-12T06:29:58.190Z,60.0987,-151.892,62.1,2.9,ml,,,,0.23,ak,ak989bptsft7,2020-09-14T18:15:38.180Z,"13 km WNW of Ninilchik, Alaska",earthquake,,1.6,,,reviewed,ak,ak
1989-09-12T03:02:04.770Z,46.286,152.81,33,4.5,mb,,,,1.5,us,usp0003zfb,2014-11-07T00:44:51.226Z,"Kuril Islands",earthquake,,,,5,reviewed,us,us
1989-09-11T21:59:06.220Z,38.8311667,-122.3866667,-0.436,2.54,md,8,74,0.05405,0.1,nc,nc143934,2016-12-09T10:12:56.618Z,"15 km E of Hidden Valley Lake, California",quarry blast,0.51,1.58,0.08,8,reviewed,nc,nc
1989-09-11T21:27:01.750Z,51.88,-170.468,33,4.6,mb,,,,1,us,usp0003zf5,2014-11-07T00:44:51.212Z,"160 km SW of Nikolski, Alaska",earthquake,,,,23,reviewed,us,us
1989-09-11T21:17:20.050Z,41.465,20.816,5,3.3,ml,,,,1.3,us,usp0003zf4,2014-11-07T00:44:51.208Z,"9 km WSW of Drugovo, North Macedonia",earthquake,,,,,reviewed,us,sko
1989-09-11T20:51:08.940Z,37.386,21.368,10,3.5,ml,,,,1.5,us,usp0003zf3,2014-11-07T00:44:51.207Z,"27 km WSW of Zacháro, Greece",earthquake,,,,,reviewed,us,ath
1989-09-11T19:21:49.940Z,33.06,-115,-0.222,2.53,mc,0,131.8,,0.121,ci,ci1040759,2016-02-04T03:45:13.650Z,"45km NE of Holtville, CA",quarry blast,,,,17,reviewed,ci,ci
1989-09-11T18:19:56.940Z,-17.191,-171.524,33,4.9,mb,,,,1,us,usp0003zf1,2014-11-07T00:44:51.197Z,"278 km ESE of Hihifo, Tonga",earthquake,,,,6,reviewed,us,us
1989-09-11T17:36:33.030Z,18.954,145.582,238.8,4.9,mb,,,,1,us,usp0003zf0,2014-11-07T00:44:51.193Z,"Pagan region, Northern Mariana Islands",earthquake,,8.8,,13,reviewed,us,us
1989-09-11T16:20:35.740Z,38.084,-121.8656667,19.465,2.87,md,62,60,0.08649,0.14,nc,nc143902,2016-12-09T10:11:30.640Z,"6 km NNE of Pittsburg, California",earthquake,0.22,0.19,0.15,84,reviewed,nc,nc
1989-09-11T16:07:08.940Z,46.632,10.151,10,2.5,ml,,,,1.4,us,usp0003zex,2014-11-07T00:44:51.188Z,"8 km SSE of Zernez, Switzerland",earthquake,,,,,reviewed,us,fur
1989-09-11T15:56:27.290Z,43.383,5.409,9.4,2.7,md,,,,0.7,us,usp0003zew,2014-11-07T00:44:51.186Z,"2 km NW of Mouret, France",earthquake,,3.5,,,reviewed,us,str
1989-09-11T15:10:45.740Z,1.06,126.188,33,4.8,mb,,,,1,us,usp0003zev,2014-11-07T00:44:51.183Z,"136 km WNW of Ternate, Indonesia",earthquake,,,,6,reviewed,us,us
1989-09-11T11:16:16.110Z,37.1563333,-121.94,13.649,3.4,ml,91,52,0.01441,0.08,nc,nc143914,2016-12-09T10:10:52.470Z,"3 km ESE of Lexington Hills, California",earthquake,0.13,0.3,,4,reviewed,nc,nc
1989-09-11T09:17:49.340Z,46.676,10.139,6.5,3,ml,,,,1,us,usp0003zem,2014-11-07T00:44:51.168Z,"4 km SE of Zernez, Switzerland",earthquake,,3.2,,,reviewed,us,ldg
1989-09-11T08:25:53.870Z,-15.009,-174.529,168.3,5,mb,,,,0.9,us,usp0003zek,2014-11-07T00:44:51.163Z,"130 km NW of Hihifo, Tonga",earthquake,,,,12,reviewed,us,us
1989-09-11T06:35:35.900Z,31.943,-115.816,5.703,3.2,mc,0,93.7,,0.274,ci,ci1040722,2016-02-04T01:09:07.260Z,"69km WSW of Alberto Oviedo Mota, B.C., MX",earthquake,,,,41,reviewed,ci,ci
1989-09-11T06:30:00.880Z,44.094,6.971,10,2.6,ml,,,,0.5,us,usp0003zef,2014-11-07T00:44:51.155Z,"16 km NNE of Puget-Théniers, France",earthquake,,,,,reviewed,us,ldg
1989-09-11T05:56:03.260Z,35.204,26.145,10,3.8,md,,,,0.8,us,usp0003zee,2014-11-07T00:44:51.154Z,"3 km E of Sitia, Greece",earthquake,,,,,reviewed,us,ath
1989-09-11T05:24:30.270Z,43.104,13.294,10,2.5,md,,,,0.5,us,usp0003zed,2014-11-07T00:44:51.153Z,"2 km W of San Ginesio, Italy",earthquake,,,,,reviewed,us,sso
1989-09-11T03:40:58.540Z,44.636,8.322,10,2.6,ml,,,,0.9,us,usp0003zec,2014-11-07T00:44:51.150Z,"1 km SSW of Monastero Bormida, Italy",earthquake,,,,,reviewed,us,ldg
1989-09-11T02:46:23.460Z,43.156,13.343,26.9,4.2,md,,,,1.2,us,usp0003ze9,2014-11-07T00:44:51.138Z,"1 km SW of Colmurano, Italy",earthquake,,3.2,,,reviewed,us,tri
1989-09-10T21:37:24.770Z,36.51,71.341,33,4.6,mb,,,,1.1,us,usp0003ze7,2014-11-07T00:44:51.135Z,"25 km SW of Ashk?sham, Afghanistan",earthquake,,,,4,reviewed,us,us
1989-09-10T20:42:55.840Z,36.728,-24.286,10,4.3,mb,,,,1.2,us,usp0003ze6,2014-11-07T00:44:51.130Z,"142 km SE of Povoação, Portugal",earthquake,,,,24,reviewed,us,us
1989-09-10T19:22:57.890Z,41.77,21.87,5,3.2,ml,,,,1.1,us,usp0003ze4,2014-11-07T00:44:51.124Z,"3 km WSW of Lozovo, North Macedonia",earthquake,,,,,reviewed,us,sko
1989-09-10T19:18:52.360Z,-17.701,167.298,10,4.6,mb,,,,1.1,us,usp0003ze3,2014-11-07T00:44:51.118Z,"107 km W of Port-Vila, Vanuatu",earthquake,,,,3,reviewed,us,us
1989-09-10T18:50:55.870Z,44.185,-114.492,5,3.2,ml,,,,0.5,us,usp0003ze1,2014-11-07T00:44:51.115Z,"11 km SW of Clayton, Idaho",earthquake,,,,,reviewed,us,but
1989-09-10T18:00:19.320Z,60.8875,-150.8443,49.4,2.8,ml,,,,0.35,ak,ak989bmponbg,2020-09-14T18:15:48.039Z,"9 km WSW of Point Possession, Alaska",earthquake,,1,,,reviewed,ak,ak
1989-09-10T17:55:16.060Z,42.847,17.964,10,2.8,ml,,,,1.1,us,usp0003zdz,2014-11-07T00:44:51.111Z,"10 km E of Podgora, Croatia",earthquake,,,,,reviewed,us,ttg
1989-09-10T16:37:35.150Z,-4.999,136.697,33,4,mb,,,,0.9,us,usp0003zdx,2014-11-07T00:44:51.108Z,"224 km SE of Nabire, Indonesia",earthquake,,,,2,reviewed,us,us
1989-09-10T16:14:15.230Z,52.097,157.053,120,4.3,mb,,,,0.8,us,usp0003zdw,2014-11-07T00:44:51.106Z,"76 km NNE of Ozernovskiy, Russia",earthquake,,,,12,reviewed,us,us
1989-09-10T15:57:47.320Z,19.307,-155.0118333,36.338,3.2,ml,52,197,,0.13,hv,hv320437,2020-03-31T20:00:00.290Z,"20 km SSW of Leilani Estates, Hawaii",earthquake,0.9,0.48,0.12,2,reviewed,hv,hv
1989-09-10T14:06:02.850Z,38.135,73.982,141.9,4.7,mb,,,,0.8,us,usp0003zdu,2014-11-07T00:44:51.101Z,"4 km SSE of Murghob, Tajikistan",earthquake,,12.8,,12,reviewed,us,us
1989-09-10T14:00:54.320Z,32.974,-117.74,5.804,3.15,ml,0,151.5,,0.315,ci,ci1040660,2016-02-03T19:53:06.460Z,"42km WSW of Carlsbad, CA",earthquake,,,,5,reviewed,ci,ci
1989-09-10T13:35:10.340Z,44.075,148.074,33,4.8,mb,,,,1,us,usp0003zdt,2014-11-07T00:44:51.096Z,"112 km ENE of Shikotan, Russia",earthquake,,,,18,reviewed,us,us
1989-09-10T13:28:41.190Z,21.17,-99.328,5,4.6,mb,,,,1.2,us,usp0003zds,2014-11-07T00:44:51.092Z,"1 km SSW of Landa de Matamoros, Mexico",earthquake,,,,10,reviewed,us,us
1989-09-10T11:58:02.870Z,66.99,-155.2007,10,2.8,ml,,,,0.13,ak,ak989bmlv0cf,2020-09-14T18:15:49.705Z,"74 km E of Kobuk, Alaska",earthquake,,40.7,,,reviewed,ak,ak
1989-09-10T11:35:30.190Z,-24.194,179.705,584.2,4.9,mb,,,,0.7,us,usp0003zdr,2014-11-07T00:44:51.090Z,"south of the Fiji Islands",earthquake,,32.4,,7,reviewed,us,us
1989-09-10T11:07:57.810Z,21.1,-99.42,5,4.2,mb,,,,1.4,us,usp0003zdq,2014-11-07T00:44:51.087Z,"14 km SW of Landa de Matamoros, Mexico",earthquake,,,,5,reviewed,us,us
1989-09-10T10:46:18.500Z,59.0295,-153.6418,110.6,2.6,ml,,,,0.55,ak,ak989bml71cq,2020-09-14T18:15:49.998Z,"76 km SE of Pope-Vannoy Landing, Alaska",earthquake,,12.8,,,reviewed,ak,ak
1989-09-10T10:36:41.450Z,-0.006,-18.287,10,4.3,mb,,,,1,us,usp0003zdm,2014-11-07T00:44:51.084Z,"central Mid-Atlantic Ridge",earthquake,,,,2,reviewed,us,us
1989-09-10T06:46:54.900Z,36.2915,-120.45,10.731,2.73,md,55,91,0.07838,0.13,nc,nc143910,2016-12-09T10:05:51.860Z,"18 km NNW of Coalinga, California",earthquake,0.18,0.35,0.07,53,reviewed,nc,nc
1989-09-10T06:28:32.060Z,-2.321,101.887,159.2,4,mb,,,,1,us,usp0003zdd,2014-11-07T00:44:51.072Z,"62 km ESE of Sungai Penuh, Indonesia",earthquake,,14,,2,reviewed,us,us
1989-09-10T05:47:39.450Z,39.583,142.298,55.6,3.8,mb,,,,1,us,usp0003zda,2014-11-07T00:44:51.067Z,"31 km ESE of Miyako, Japan",earthquake,,11,,1,reviewed,us,us
1989-09-10T05:29:27.080Z,39.4498333,-122.9248333,7.783,3.1,ml,21,80,0.2306,0.04,nc,nc143949,2016-12-09T10:05:33.333Z,"21 km NE of Potter Valley, California",earthquake,0.27,1.19,,4,reviewed,nc,nc
1989-09-10T05:10:42.260Z,45.636,150.529,217,4.1,mb,,,,0.6,us,usp0003zd8,2014-11-07T00:44:51.064Z,"212 km ENE of Kuril’sk, Russia",earthquake,,23.9,,7,reviewed,us,us
1989-09-09T23:19:55.200Z,11.745,-61.963,144.5,4.3,m,,,,0.3,us,usp0003zd5,2014-11-07T00:44:51.058Z,"41 km SW of Saint George's, Grenada",earthquake,,20.9,,,reviewed,us,fdf
1989-09-09T22:47:49.570Z,-23.023,-66.019,254.6,4.6,mb,,,,1.1,us,usp0003zd4,2014-11-07T00:44:51.053Z,"40 km WNW of El Aguilar, Argentina",earthquake,,5.7,,9,reviewed,us,us
1989-09-09T21:59:48.350Z,37.229,20.935,10,3.5,ml,,,,1.4,us,usp0003zd3,2014-11-07T00:44:51.052Z,"55 km S of Lithakiá, Greece",earthquake,,,,,reviewed,us,ath
1989-09-09T20:53:47.540Z,51.24,15.883,10,2.9,ml,,,,0.2,us,usp0003zd2,2014-11-07T00:44:51.050Z,"5 km SW of Chojnów, Poland",earthquake,,,,,reviewed,us,kba
1989-09-09T20:15:03.980Z,34.563,32.924,28.1,4.2,mb,,,,1.1,us,usp0003zd0,2014-11-07T00:44:51.045Z,"11 km S of Kolossi, Cyprus",earthquake,,4.7,,9,reviewed,us,us
1989-09-09T18:58:15.020Z,0.951,126.117,57.9,4.7,mb,,,,1.2,us,usp0003zcz,2014-11-07T00:44:51.043Z,"139 km ESE of Tondano, Indonesia",earthquake,,21.1,,4,reviewed,us,us
1989-09-09T17:47:07.880Z,-12.863,166.673,100,4.2,mb,,,,1,us,usp0003zcy,2014-11-07T00:44:51.041Z,"147 km NW of Sola, Vanuatu",earthquake,,23.2,,2,reviewed,us,us
1989-09-09T16:38:13.910Z,33.928,-118.637,14.667,2.52,mc,0,126.6,,0.156,ci,ci139968,2016-02-04T00:26:50.840Z,"12km S of Las Flores, CA",earthquake,,1.177,,7,reviewed,ci,ci
1989-09-09T15:09:31.760Z,38.2658333,-119.164,7.296,2.59,md,54,49,0.0991,0.11,nc,nc143885,2016-12-09T10:03:20.560Z,"5 km E of Bridgeport, California",earthquake,0.16,0.82,0.21,30,reviewed,nc,nc
1989-09-09T12:29:42.840Z,60.467,-152.3563,85.7,2.6,ml,,,,0.27,ak,ak989bkyqyrw,2020-09-14T18:15:52.916Z,"58 km W of Cohoe, Alaska",earthquake,,0.8,,,reviewed,ak,ak
1989-09-09T12:10:11.350Z,58.4647,-152.721,51.7,3.1,ml,,,,0.27,ak,ak989bkymtqn,2020-09-14T18:15:53.274Z,"46 km NNE of Aleneva, Alaska",earthquake,,1.4,,,reviewed,ak,ak
1989-09-09T10:52:31.230Z,-6.589,128.433,306.5,4.5,mb,,,,0.6,us,usp0003zcv,2014-11-07T00:44:51.032Z,"265 km NE of Lospalos, Timor Leste",earthquake,,32.6,,1,reviewed,us,us
1989-09-09T10:38:06.950Z,51.31,-175.805,33,5.5,mw,,,,1.1,us,usp0003zcu,2022-04-28T20:11:09.918Z,"85 km SE of Adak, Alaska",earthquake,,,,,reviewed,us,hrv
1989-09-09T08:49:39.420Z,32.7,-115.93,1.522,3.31,ml,0,82.7,,0.102,ci,ci1040522,2016-02-03T21:51:23.500Z,"7km ESE of Ocotillo, CA",earthquake,,0.07,,5,reviewed,ci,ci
1989-09-09T08:02:53.730Z,23.952,122.644,10,3.7,mb,,,,0.9,us,usp0003zcn,2014-11-07T00:44:50.988Z,"67 km SSW of Yonakuni, Japan",earthquake,,,,2,reviewed,us,us
1989-09-09T07:55:17.050Z,-0.755,-13.415,10,4.8,mb,,,,1.1,us,usp0003zcm,2014-11-07T00:44:50.983Z,"north of Ascension Island",earthquake,,,,17,reviewed,us,us
1989-09-09T05:29:45.160Z,38.528,23.613,10,2.7,ml,,,,0.3,us,usp0003zcj,2014-11-07T00:44:50.979Z,"1 km WNW of Néa Artáki, Greece",earthquake,,,,,reviewed,us,ath
1989-09-09T04:45:13.460Z,43.147,-0.215,11.9,3.5,ml,,,,1.1,us,usp0003zch,2014-11-07T00:44:50.975Z,"1 km NNW of Lestelle-Bétharram, France",earthquake,,4.1,,,reviewed,us,ldg
1989-09-09T04:44:03.310Z,19.402,-155.2686667,9.013,2.51,ml,18,84,,0.12,hv,hv320291,2020-03-31T19:59:55.600Z,"5 km SW of Volcano, Hawaii",earthquake,0.73,0.58,0.08,2,reviewed,hv,hv
1989-09-09T04:31:39.510Z,37.06,70.836,33,4.9,mb,,,,1.3,us,usp0003zcg,2014-11-07T00:44:50.973Z,"21 km N of Jurm, Afghanistan",earthquake,,,,4,reviewed,us,us
1989-09-09T04:11:24.790Z,2.411,-79.658,10,4.3,mb,,,,0.8,us,usp0003zcd,2014-11-07T00:44:50.967Z,"118 km NW of Tumaco, Colombia",earthquake,,,,2,reviewed,us,us
1989-09-09T03:41:47.050Z,3.122,128.462,33,4.3,mb,,,,1.2,us,usp0003zcc,2014-11-07T00:44:50.965Z,"162 km NNE of Tobelo, Indonesia",earthquake,,,,2,reviewed,us,us
1989-09-09T03:33:02.050Z,44.43,149.257,33,4,mb,,,,1.1,us,usp0003zcb,2014-11-07T00:44:50.964Z,"140 km SE of Kuril’sk, Russia",earthquake,,,,1,reviewed,us,us
1989-09-09T02:19:01.170Z,2.434,-79.657,10,4.7,mb,,,,1,us,usp0003zca,2014-11-07T00:44:50.961Z,"119 km WNW of Salahonda, Colombia",earthquake,,,,5,reviewed,us,us
1989-09-09T01:40:35.770Z,2.435,-79.761,6.5,5.9,mw,,,,0.9,us,usp0003zc9,2022-04-28T20:11:08.345Z,"129 km WNW of Tumaco, Colombia",earthquake,,,,,reviewed,us,nc
1989-09-09T01:02:25.650Z,40.593,20.084,28,3.9,ml,,,,1.3,us,usp0003zc7,2014-11-07T00:44:50.909Z,"2 km SSW of Poliçan, Albania",earthquake,,6.9,,,reviewed,us,ath
1989-09-09T01:00:57.420Z,40.878,19.859,10,2.9,m,,,,1.2,us,usp0003zc5,2014-11-07T00:44:50.904Z,"6 km NNE of Banaj, Albania",earthquake,,,,,reviewed,us,tir
1989-09-08T23:19:28.540Z,19.4275,-155.2125,8.334,2.63,ml,14,178,,0.14,hv,hv320262,2020-03-31T19:59:55.150Z,"2 km SE of Volcano, Hawaii",earthquake,1.66,2.54,0.08,2,reviewed,hv,hv
1989-09-08T21:57:35.670Z,38.8301667,-122.405,-0.49,2.61,md,27,55,0.04144,0.38,nc,nc143768,2016-12-09T09:58:38.134Z,"13 km E of Hidden Valley Lake, California",quarry blast,0.58,2.28,0.08,11,reviewed,nc,nc
1989-09-08T21:09:41.380Z,37.5331667,-118.8748333,3.002,2.56,md,51,82,0.05946,0.06,nc,nc143767,2016-12-09T09:58:21.700Z,"14 km W of Aspen Springs, California",earthquake,0.17,0.33,0.28,44,reviewed,nc,nc
1989-09-08T21:06:01.840Z,34.8285,-120.9531667,-0.211,2.64,md,27,225,0.2829,0.18,nc,nc143766,2016-12-09T09:58:14.730Z,"38 km WSW of Guadalupe, California",earthquake,1.08,0.79,0.14,18,reviewed,nc,nc
1989-09-08T20:12:15.960Z,43.395,46.604,33,4.7,mb,,,,1.5,us,usp0003zc1,2014-11-07T00:44:50.891Z,"5 km N of Bammatyurt, Russia",earthquake,,,,8,reviewed,us,us
1989-09-08T19:40:37.010Z,37.897,23.084,11.1,3.2,ml,,,,1.1,us,usp0003zc0,2014-11-07T00:44:50.888Z,"6 km WSW of Ágioi Theódoroi, Greece",earthquake,,4.3,,,reviewed,us,ath
1989-09-08T18:25:34.160Z,42.292,16.623,10,2.5,ml,,,,0.9,us,usp0003zby,2014-11-07T00:44:50.883Z,"57 km SSW of Lastovo, Croatia",earthquake,,,,,reviewed,us,ttg
1989-09-08T16:24:46.800Z,64.178,-139.223,18,4,ml,,,,,us,usp0003zbw,2020-09-14T18:15:54.910Z,"16 km NE of Dawson City, Canada",earthquake,,,,,reviewed,pgc,pgc
1989-09-08T13:46:18.700Z,-19.915,-177.575,358.8,5,mb,,,,1,us,usp0003zbu,2014-11-07T00:44:50.868Z,"281 km WNW of Haveluloto, Tonga",earthquake,,32.1,,23,reviewed,us,us
1989-09-08T12:57:15.250Z,-11.542,119.585,33,4.2,mb,,,,1.4,us,usp0003zbs,2014-11-07T00:44:50.864Z,"221 km SSW of Waingapu, Indonesia",earthquake,,,,1,reviewed,us,us
1989-09-08T12:14:55.120Z,38.51,23.558,10,3.1,ml,,,,0.6,us,usp0003zbr,2014-11-07T00:44:50.861Z,"3 km NNE of Dhrosiá, Greece",earthquake,,,,,reviewed,us,ath
1989-09-08T11:26:43.240Z,-17.868,-178.623,588.6,5.1,mb,,,,0.9,us,usp0003zbq,2014-11-07T00:44:50.808Z,"219 km E of Levuka, Fiji",earthquake,,16.9,,26,reviewed,us,us
1989-09-08T11:19:17.160Z,34.579,132.915,79.7,3.9,m,,,,1.3,us,usp0003zbp,2014-11-07T00:44:50.805Z,"25 km NW of Mihara, Japan",earthquake,,24.8,,,reviewed,us,jma
1989-09-08T08:25:39.800Z,-30.178,-177.844,46.8,5.4,mw,,,,1.1,us,usp0003zbk,2025-12-19T21:04:32.740Z,"Kermadec Islands, New Zealand",earthquake,,13.4,,,reviewed,us,hrv
1989-09-08T06:15:05.630Z,-52.766,9.851,10,5.8,mw,,,,1.2,us,usp0003zbg,2022-04-28T20:11:06.879Z,"southwest of Africa",earthquake,,,,,reviewed,us,hrv
1989-09-08T05:01:58.620Z,16.663,-94.908,122.5,4.4,mb,,,,0.9,us,usp0003zbf,2014-11-07T00:44:50.763Z,"2 km S of Santiago Ixtaltepec, Mexico",earthquake,,14.4,,1,reviewed,us,us
1989-09-08T03:11:00.650Z,-5.774,102.786,33,5,mb,,,,1.1,us,usp0003zbe,2014-11-07T00:44:50.758Z,"200 km SSW of Pagar Alam, Indonesia",earthquake,,,,4,reviewed,us,us
1989-09-08T03:05:34.680Z,5.933,125.793,175.1,5.1,mb,,,,0.9,us,usp0003zbd,2014-11-07T00:44:50.751Z,"14 km ESE of Mangili, Philippines",earthquake,,6.3,,23,reviewed,us,us
1989-09-08T02:44:38.900Z,-22.45,-68.501,120.9,4.2,mb,,,,1.3,us,usp0003zbc,2014-11-07T00:44:50.748Z,"43 km E of Calama, Chile",earthquake,,12.3,,2,reviewed,us,us
1989-09-08T01:47:19.230Z,56.3605,-152.2268,10,3,ml,,,,1.35,ak,ak989bj4rnoz,2020-09-14T18:15:57.781Z,"114 km SE of Old Harbor, Alaska",earthquake,,44.6,,,reviewed,ak,ak
1989-09-08T01:11:40.610Z,51.571,16.253,10,3.4,ml,,,,0.6,us,usp0003zb9,2014-11-07T00:44:50.741Z,"6 km ESE of Gr?bocice, Poland",earthquake,,,,,reviewed,us,vka
1989-09-07T23:18:01.140Z,55.239,163.071,33.4,4.8,mb,,,,0.8,us,usp0003zb8,2014-11-07T00:44:50.732Z,"116 km SSE of Ust’-Kamchatsk Staryy, Russia",earthquake,,,,34,reviewed,us,us
1989-09-07T23:14:37.300Z,34.145,-117.336,4.973,2.6,mc,0,59,,0.103,ci,ci1040340,2016-02-04T02:27:04.580Z,"1km SE of Muscoy, CA",earthquake,,3.147,,25,reviewed,ci,ci
1989-09-07T22:30:08.190Z,46.8675,-121.7463333,-1.649,2.5,md,44,40,0.01018,0.3,uw,uw10246423,2016-07-24T21:08:47.040Z,"24 km ENE of Ashford, Washington",earthquake,0.064,0.14,0.06,14,reviewed,uw,uw
1989-09-07T22:22:19.940Z,-31.798,-69.498,119.8,4.1,mb,,,,1,us,usp0003zb7,2014-11-07T00:44:50.726Z,"51 km S of Calingasta, Argentina",earthquake,,5.3,,2,reviewed,us,us
1989-09-07T21:59:04.550Z,38.8418333,-122.4026667,-0.554,2.59,md,6,178,0.05045,0.03,nc,nc143722,2016-12-09T09:54:44.149Z,"14 km ENE of Hidden Valley Lake, California",quarry blast,0.68,0.87,0.22,9,reviewed,nc,nc
1989-09-07T21:01:54.320Z,41.68,19.512,10,2.8,ml,,,,1.1,us,usp0003zb4,2014-11-07T00:44:50.718Z,"15 km SW of Lezhë, Albania",earthquake,,,,,reviewed,us,ttg
1989-09-07T20:02:05.090Z,-24.001,-179.799,491,5.1,mb,,,,1,us,usp0003zb2,2014-11-07T00:44:50.707Z,"south of the Fiji Islands",earthquake,,23.5,,20,reviewed,us,us
1989-09-07T19:29:35.060Z,23.931,122.743,10,4.4,mb,,,,1.2,us,usp0003zb1,2014-11-07T00:44:50.704Z,"64 km SSW of Yonakuni, Japan",earthquake,,,,1,reviewed,us,us
1989-09-07T18:10:56.860Z,9.414,93.303,71.3,4.3,mb,,,,1.2,us,usp0003zay,2014-11-07T00:44:50.697Z,"256 km SSE of Port Blair, India",earthquake,,11.7,,5,reviewed,us,us
1989-09-07T17:23:14.940Z,35.6053333,-120.607,4.606,3.13,md,5,173,0.2144,0.5,nc,nc1165754,2016-12-09T09:54:26.513Z,"Central California",earthquake,5.67,38.7,0.59,2,reviewed,nc,nc
1989-09-07T16:50:40.980Z,-11.342,119.504,33,3.9,mb,,,,1.2,us,usp0003zaw,2014-11-07T00:44:50.691Z,"204 km SSW of Waingapu, Indonesia",earthquake,,,,3,reviewed,us,us
1989-09-07T14:52:25.190Z,33.121,138.921,22,4.3,m,,,,0.5,us,usp0003zat,2014-11-07T00:44:50.683Z,"172 km S of Shimoda, Japan",earthquake,,5.2,,,reviewed,us,jma
1989-09-07T13:58:09.270Z,0.946,126.112,51.8,4.8,mb,,,,1,us,usp0003zar,2014-11-07T00:44:50.677Z,"139 km ESE of Tondano, Indonesia",earthquake,,12.2,,6,reviewed,us,us
1989-09-07T13:32:00.090Z,-30.197,-177.96,33,5.9,mw,,,,1.1,us,usp0003zaq,2022-04-28T20:11:05.459Z,"Kermadec Islands, New Zealand",earthquake,,4.5,,,reviewed,us,hrv
1989-09-07T13:20:35.800Z,-18.838,168.421,49.2,4.8,mb,,,,1.2,us,usp0003zap,2014-11-07T00:44:50.629Z,"119 km NW of Isangel, Vanuatu",earthquake,,11.2,,10,reviewed,us,us
1989-09-07T12:27:15.770Z,33.356,-116.346,10.997,2.87,ml,0,43.5,,0.104,ci,ci1040289,2016-02-03T21:51:19.230Z,"12km NNE of Borrego Springs, CA",earthquake,,0.016,,5,reviewed,ci,ci
1989-09-07T11:13:03.470Z,-24.654,179.805,500.8,4.3,mb,,,,1.1,us,usp0003zaj,2014-11-07T00:44:50.619Z,"south of the Fiji Islands",earthquake,,24.4,,6,reviewed,us,us
1989-09-07T10:25:45.760Z,-23.168,-175.861,33,5.3,mw,,,,1,us,usp0003zah,2025-12-19T21:04:32.077Z,"223 km SSW of ‘Ohonua, Tonga",earthquake,,,,,reviewed,us,hrv
1989-09-07T09:36:15.650Z,33.904,-118.609,6.614,2.73,mc,0,125.5,,0.158,ci,ci1040282,2016-02-04T03:06:00.290Z,"15km S of Las Flores, CA",earthquake,,11.187,,72,reviewed,ci,ci
1989-09-07T08:39:52.870Z,19.8306667,-156.7211667,5.377,2.74,ml,44,301,,0.16,hv,hv320091,2020-03-31T19:59:51.190Z,"78 km W of Kalaoa, Hawaii",earthquake,6.05,6.81,,2,reviewed,hv,hv
1989-09-07T08:35:10.790Z,56.6432,-154.5612,62.3,3.6,ml,,,,0.45,ak,ak989bhlbr6v,2020-09-14T18:16:00.641Z,"41 km SW of Akhiok, Alaska",earthquake,,47.2,,,reviewed,ak,ak
1989-09-07T08:18:33.170Z,23.883,121.688,14.8,4.8,mb,,,,1.3,us,usp0003zae,2014-11-07T00:44:50.591Z,"13 km SE of Hualien City, Taiwan",earthquake,,4.6,,11,reviewed,us,us
1989-09-07T08:07:30.050Z,37.496,21.181,33,4.1,mb,,,,1.3,us,usp0003zad,2014-11-07T00:44:50.587Z,"30 km SW of Pýrgos, Greece",earthquake,,,,2,reviewed,us,us
1989-09-07T07:57:28.570Z,23.919,121.646,14.3,4.9,mb,,,,1.1,us,usp0003zac,2014-11-07T00:44:50.572Z,"7 km SSE of Hualien City, Taiwan",earthquake,,3.8,,19,reviewed,us,us
1989-09-07T06:44:11.960Z,53.811,160.903,33,4.5,mb,,,,0.8,us,usp0003zab,2014-11-07T00:44:50.568Z,"172 km ENE of Petropavlovsk-Kamchatsky, Russia",earthquake,,,,13,reviewed,us,us
1989-09-07T06:33:06.130Z,41.488,19.767,10,2.5,ml,,,,1.3,us,usp0003zaa,2014-11-07T00:44:50.566Z,"3 km SW of Krujë, Albania",earthquake,,,,,reviewed,us,sko
1989-09-07T05:19:47.310Z,16.028,-95.854,33,3,mb,,,,1.4,us,usp0003za9,2014-11-07T00:44:50.563Z,"11 km S of Santa María Zapotitlán, Mexico",earthquake,,,,1,reviewed,us,us
1989-09-07T05:18:06.200Z,35.493,-84.436,14.1,2.9,md,,152,0.43167,0.3,se,se60947,2022-06-28T14:26:34.824Z,"7 km WSW of Madisonville, Tennessee",earthquake,,1.6,,,reviewed,se,se
1989-09-07T04:59:28.200Z,30.048,141.993,33,4.2,mb,,,,1,us,usp0003za8,2014-11-07T00:44:50.561Z,"Izu Islands, Japan region",earthquake,,,,1,reviewed,us,us
1989-09-07T02:54:13.210Z,45.763,15.735,10,3.1,md,,,,0.8,us,usp0003za5,2014-11-07T00:44:50.553Z,"4 km SSE of Samobor, Croatia",earthquake,,,,,reviewed,us,lju
1989-09-07T02:30:57.730Z,51.626,16.263,10,3.5,ml,,,,0.6,us,usp0003za4,2014-11-07T00:44:50.549Z,"7 km ENE of Gr?bocice, Poland",earthquake,,,,,reviewed,us,vka
1989-09-06T23:25:34.170Z,0.969,126.054,90.9,4.7,mb,,,,1,us,usp0003za3,2014-11-07T00:44:50.545Z,"132 km ESE of Tondano, Indonesia",earthquake,,25.9,,6,reviewed,us,us
1989-09-06T22:19:37.380Z,0.995,126.089,33,4.6,mb,,,,1.1,us,usp0003za2,2014-11-07T00:44:50.542Z,"135 km ESE of Tondano, Indonesia",earthquake,,,,5,reviewed,us,us
1989-09-06T21:27:27.110Z,27.657,33.862,10,4,md,,,,0.8,us,usp0003za1,2014-11-07T00:44:50.538Z,"34 km NNE of El Gouna, Egypt",earthquake,,,,,reviewed,us,hlw
1989-09-06T19:31:37.090Z,41.0756667,-124.6426667,15.496,3,ml,9,262,0.4757,0.04,nc,nc143671,2016-12-09T09:51:25.028Z,"42 km W of Trinidad, California",earthquake,1.96,1.55,,2,reviewed,nc,nc
1989-09-06T17:54:17.720Z,-24.452,-179.868,517,4.9,mb,,,,1.1,us,usp0003z9z,2014-11-07T00:44:50.528Z,"south of the Fiji Islands",earthquake,,21.2,,15,reviewed,us,us
1989-09-06T17:35:43.720Z,44.703,7.268,10,2.6,ml,,,,0.5,us,usp0003z9y,2014-11-07T00:44:50.523Z,"2 km NNW of Paesana, Italy",earthquake,,,,,reviewed,us,gen
1989-09-06T16:31:53.390Z,51.231,15.688,5,3.5,ml,,,,1.2,us,usp0003z9x,2014-11-07T00:44:50.518Z,"8 km WNW of Olszanica, Poland",earthquake,,,,,reviewed,us,grf
1989-09-06T16:04:41.570Z,4.781,96.141,27.5,4.6,mb,,,,1.1,us,usp0003z9w,2014-11-07T00:44:50.513Z,"50 km SSW of Reuleuet, Indonesia",earthquake,,9.2,,4,reviewed,us,us
1989-09-06T14:59:06.040Z,0.957,126.088,39.8,4.8,mb,,,,1.1,us,usp0003z9v,2014-11-07T00:44:50.506Z,"Molucca Sea",earthquake,,14.8,,9,reviewed,us,us
1989-09-06T14:45:51.000Z,0.976,126.106,36.7,6,mw,,,,1.2,us,usp0003z9u,2022-04-28T20:11:03.985Z,"137 km ESE of Tondano, Indonesia",earthquake,,2.3,,,reviewed,us,hrv
1989-09-06T14:45:33.540Z,43.385,5.407,10,2.5,md,,,,1.1,us,usp0003z9t,2014-11-07T00:44:50.454Z,"3 km NW of Mouret, France",earthquake,,,,,reviewed,us,str
1989-09-06T13:39:38.110Z,23.993,122.569,32.8,5,mb,,,,1.2,us,usp0003z9r,2014-11-07T00:44:50.443Z,"68 km SW of Yonakuni, Japan",earthquake,,4.9,,8,reviewed,us,us
1989-09-06T13:14:08.360Z,41.2575,-125.2858333,2.699,4.3,ml,113,272,0.9586,0.34,nc,nc143666,2016-12-09T09:50:44.412Z,"97 km W of Big Lagoon, California",earthquake,2.85,29.06,,5,reviewed,nc,nc
1989-09-06T12:57:32.670Z,-1.322,67.6,10,5.6,mw,,,,1.3,us,usp0003z9p,2022-04-28T20:11:02.532Z,"Carlsberg Ridge",earthquake,,,,,reviewed,us,hrv
1989-09-06T12:18:52.210Z,37.938,19.737,20.1,3.9,mb,,,,1.4,us,usp0003z9n,2014-11-07T00:44:50.413Z,"68 km WSW of Lixoúri, Greece",earthquake,,8.9,,2,reviewed,us,us
1989-09-06T12:16:57.870Z,24.048,122.562,23.8,4.5,ms,,,,1.2,us,usp0003z9m,2014-11-07T00:44:50.402Z,"64 km SW of Yonakuni, Japan",earthquake,,,,1,reviewed,us,us
1989-09-06T12:06:44.980Z,63.2127,-150.7143,131.5,3.2,ml,,,,0.17,ak,ak989bfzzzzm,2020-09-14T18:16:03.805Z,"62 km SE of Denali National Park, Alaska",earthquake,,2,,,reviewed,ak,ak
1989-09-06T11:54:39.640Z,-9.317,-78.718,78.7,4.4,mb,,,,1.3,us,usp0003z9g,2014-11-07T00:44:50.391Z,"29 km SSW of Chimbote, Peru",earthquake,,10.4,,2,reviewed,us,us
1989-09-06T11:23:37.880Z,-3.913,125.119,10,4.9,mb,,,,1.3,us,usp0003z9f,2014-11-07T00:44:50.384Z,"289 km E of Kendari, Indonesia",earthquake,,,,14,reviewed,us,us
1989-09-06T09:45:32.900Z,37.69,-121.9821667,10.11,3.09,md,67,34,0.05495,0.1,nc,nc143665,2016-12-09T09:50:15.370Z,"4 km WSW of Dublin, California",earthquake,0.14,0.34,0.1,100,reviewed,nc,nc
1989-09-06T09:10:39.230Z,-36.087,-103.171,10,6,mw,,,,1.5,us,usp0003z9c,2024-01-17T20:45:08.157Z,"southeast of Easter Island",earthquake,,,,,reviewed,us,hrv
1989-09-06T08:41:35.710Z,-4.271,136.728,33,4.9,mb,,,,1.2,us,usp0003z9b,2014-11-07T00:44:50.353Z,"169 km SE of Nabire, Indonesia",earthquake,,,,13,reviewed,us,us
1989-09-06T06:58:16.320Z,37.5536667,-121.6576667,4.15,2.78,md,71,53,0.02162,0.06,nc,nc143664,2016-12-09T09:49:40.880Z,"17 km SE of Livermore, California",earthquake,0.13,0.33,0.11,51,reviewed,nc,nc
1989-09-06T06:43:05.950Z,2.372,126.555,33,4.7,mb,,,,1,us,usp0003z99,2014-11-07T00:44:50.346Z,"176 km WNW of Tobelo, Indonesia",earthquake,,,,5,reviewed,us,us
1989-09-06T05:51:32.930Z,59.2413,-145.5947,10,2.7,ml,,,,0.4,ak,ak989bfw3l1p,2020-09-14T18:16:05.228Z,"145 km S of Cordova, Alaska",earthquake,,44.3,,,reviewed,ak,ak
1989-09-06T05:34:02.120Z,55.464,-156.775,33,4,mb,,,,-1,ak,ak989bfvzvhw,2020-09-14T18:16:05.532Z,"137 km SE of Chignik, Alaska",earthquake,,-1,,,reviewed,ak,ak
1989-09-06T05:08:04.760Z,14.512,119.593,10,4.6,mb,,,,1.3,us,usp0003z96,2014-11-07T00:44:50.293Z,"71 km SW of San Nicolas, Philippines",earthquake,,,,5,reviewed,us,us
1989-09-06T04:34:42.340Z,34.949,-119.191,19.398,2.52,mc,0,85.7,,0.149,ci,ci1040204,2016-02-04T04:23:31.560Z,"12km NNW of Pine Mountain Club, CA",earthquake,,0.05,,38,reviewed,ci,ci
1989-09-06T03:42:43.840Z,44.847,8.939,7.3,3.1,ml,,,,1.2,us,usp0003z95,2014-11-07T00:44:50.282Z,"0 km NE of Cerreto Grue, Italy",earthquake,,3,,,reviewed,us,ldg
1989-09-06T03:09:23.080Z,71.004,-7.119,10,3.9,mb,,,,1.3,us,usp0003z94,2014-11-07T00:44:50.275Z,"58 km E of Olonkinbyen, Svalbard and Jan Mayen",earthquake,,,,1,reviewed,us,us
1989-09-05T22:59:46.520Z,46.296,13.574,10,2.6,md,,,,0.1,us,usp0003z92,2014-11-07T00:44:50.267Z,"4 km SSE of Bovec, Slovenia",earthquake,,,,,reviewed,us,lju
1989-09-05T22:45:13.150Z,53.349,-163.523,33,4.6,mb,,,,1.2,us,usp0003z91,2020-09-14T18:16:06.780Z,"167 km S of False Pass, Alaska",earthquake,,,,4,reviewed,us,us
1989-09-05T22:36:15.910Z,37.3735,-121.7345,5.767,2.6,md,83,29,0.02342,0.05,nc,nc143630,2016-12-09T09:48:32.120Z,"7 km E of East Foothills, California",earthquake,0.1,0.28,0.11,78,reviewed,nc,nc
1989-09-05T21:52:11.810Z,63.3347,-149.3222,96.6,2.5,ml,,,,0.22,ak,ak989bei3cbh,2020-09-14T18:16:07.348Z,"19 km WSW of Cantwell, Alaska",earthquake,,1.7,,,reviewed,ak,ak
1989-09-05T21:41:00.010Z,-11.759,34.221,10,3.9,mb,,,,1.3,us,usp0003z8y,2014-11-07T00:44:50.247Z,"18 km SSW of Nkhata Bay, Malawi",earthquake,,,,2,reviewed,us,us
1989-09-05T21:02:18.820Z,35.844,140.255,70.3,3.9,m,,,,0.6,us,usp0003z8x,2014-11-07T00:44:50.242Z,"8 km NW of Narita, Japan",earthquake,,10.3,,,reviewed,us,jma
1989-09-05T20:49:34.400Z,-11.732,34.45,10,5.4,mw,,,,0.9,us,usp0003z8w,2022-04-28T20:10:59.489Z,"22 km SE of Nkhata Bay, Malawi",earthquake,,,,,reviewed,us,hrv
1989-09-05T19:49:03.810Z,-52.81,140.316,10,5.7,mw,,,,1.1,us,usp0003z8u,2022-04-28T20:10:53.909Z,"west of Macquarie Island",earthquake,,,,,reviewed,us,hrv
1989-09-05T18:58:34.340Z,18.354,-61.817,10,2.9,ml,,,,1.5,us,usp0003z8t,2014-11-07T00:44:50.164Z,"79 km N of Codrington, Antigua and Barbuda",earthquake,,,,,reviewed,us,fdf
1989-09-05T17:52:16.690Z,-5.59,145.657,83.6,4.2,mb,,,,1.1,us,usp0003z8s,2014-11-07T00:44:50.160Z,"43 km SSW of Madang, Papua New Guinea",earthquake,,21.9,,2,reviewed,us,us
1989-09-05T16:54:20.860Z,60.8607,-151.5897,69,2.7,ml,,,,0.25,ak,ak989bef4mfa,2020-09-14T18:16:08.022Z,"25 km NW of Nikiski, Alaska",earthquake,,0.9,,,reviewed,ak,ak
1989-09-05T15:13:47.130Z,35.35,-118.553,5.824,2.55,mc,0,84.8,,0.075,ci,ci1040134,2016-02-04T05:02:06.880Z,"26km NNW of Tehachapi, CA",earthquake,,0.091,,47,reviewed,ci,ci
1989-09-05T14:39:46.010Z,7.138,121.691,32.9,4.8,mb,,,,1.1,us,usp0003z8q,2014-11-07T00:44:50.139Z,"23 km W of Labuan, Philippines",earthquake,,17.8,,12,reviewed,us,us
1989-09-05T13:42:33.800Z,43.403,5.413,10,2.6,md,,,,0.7,us,usp0003z8p,2014-11-07T00:44:50.135Z,"3 km SSW of Simiane-Collongue, France",earthquake,,,,,reviewed,us,str
1989-09-05T13:03:36.160Z,29.502,128.542,10,5,mb,,,,1,us,usp0003z8m,2022-04-28T20:10:52.367Z,"155 km NW of Naze, Japan",earthquake,,,,16,reviewed,us,us
1989-09-05T11:25:55.800Z,29.459,128.56,18.6,5.6,mw,,,,1.2,us,usp0003z8h,2022-04-28T20:10:50.661Z,"150 km NW of Naze, Japan",earthquake,,,,,reviewed,us,hrv
1989-09-05T10:59:47.500Z,5.42,126.579,108.8,4.6,mb,,,,1.1,us,usp0003z8g,2014-11-07T00:44:50.029Z,"113 km SSE of Pondaguitan, Philippines",earthquake,,18.9,,8,reviewed,us,us
1989-09-05T10:03:26.210Z,-18.153,-178.249,506.2,5.2,mw,,,,0.9,us,usp0003z8f,2025-12-19T21:04:31.235Z,"257 km E of Levuka, Fiji",earthquake,,6.3,,,reviewed,us,hrv
1989-09-05T09:22:54.670Z,-32.817,-72.377,10,3.9,mb,,,,1.4,us,usp0003z8d,2014-11-07T00:44:49.976Z,"74 km WNW of Valparaíso, Chile",earthquake,,,,1,reviewed,us,us
1989-09-05T08:50:13.620Z,35.472,31.121,22.1,4.1,ml,,,,1.4,us,usp0003z89,2014-11-07T00:44:49.962Z,"120 km SE of Beykonak, Turkey",earthquake,,8.7,,,reviewed,us,bhl
1989-09-05T07:35:01.400Z,66.646,-135.335,18,3.1,ml,,,,-1,ak,ak989be9nlvg,2020-09-14T18:16:09.639Z,"90 km SSW of Fort McPherson, Canada",earthquake,,-1,,,reviewed,ak,ak
1989-09-05T06:52:30.100Z,40.2,25.086,10,5.4,mw,,,,1.3,us,usp0003z87,2022-04-28T20:10:49.044Z,"36 km N of Mýrina, Greece",earthquake,,,,,reviewed,us,hrv
1989-09-05T06:28:11.800Z,14.218,-93.755,35.3,5.6,mw,,,,1.1,us,usp0003z84,2022-04-28T20:10:43.915Z,"150 km SSW of La Esperanza (El Zapotal), Mexico",earthquake,,,,,reviewed,us,hrv
1989-09-05T05:51:55.200Z,4.26,127.408,42.4,5.7,mw,,,,1.2,us,usp0003z83,2022-04-28T20:10:42.638Z,"250 km ESE of Sarangani, Philippines",earthquake,,,,,reviewed,us,hrv
1989-09-05T05:10:04.350Z,47.069,8.835,9.2,3.1,ml,,,,0.9,us,usp0003z81,2014-11-07T00:44:49.762Z,"2 km ENE of Unteriberg, Switzerland",earthquake,,3.1,,,reviewed,us,ldg
1989-09-05T05:06:52.750Z,-6.299,130.097,33,4.8,ms,,,,1.2,us,usp0003z7z,2014-11-07T00:44:49.748Z,"Banda Sea",earthquake,,,,1,reviewed,us,us
1989-09-05T04:07:04.360Z,35.463,140.157,72.1,4.9,mb,,,,1,us,usp0003z7y,2014-11-07T00:44:49.728Z,"8 km SE of Ichihara, Japan",earthquake,,3.1,,26,reviewed,us,us
1989-09-05T02:31:46.890Z,62.1558,-153.2122,-3,3.5,ml,,,,0.32,ak,ak989be6noht,2020-09-14T18:16:11.122Z,"96 km W of Skwentna, Alaska",earthquake,,10.3,,,reviewed,ak,ak
1989-09-04T23:27:42.160Z,35.755,-118.027,3.901,2.51,mc,0,75.2,,0.061,ci,ci1040077,2016-02-04T02:27:00.950Z,"23km WNW of Inyokern, CA",earthquake,,0.003,,7,reviewed,ci,ci
1989-09-04T22:30:19.340Z,36.853,26.598,10,3.5,md,,,,1.5,us,usp0003z7u,2014-11-07T00:44:49.716Z,"32 km WSW of Pánormos, Greece",earthquake,,,,,reviewed,us,ath
1989-09-04T21:36:45.420Z,21.68,119.854,10,4.2,mb,,,,1.1,us,usp0003z7t,2014-11-07T00:44:49.703Z,"98 km WSW of Hengchun, Taiwan",earthquake,,,,8,reviewed,us,us
1989-09-04T20:18:46.110Z,38.7921667,-122.7716667,-0.149,2.57,md,34,67,0.02432,0.05,nc,nc143616,2016-12-09T09:44:27.290Z,"5 km SW of Cobb, California",earthquake,0.17,0.44,0.15,27,reviewed,nc,nc
1989-09-04T18:05:06.470Z,33.962,-116.252,8.245,2.56,mc,0,83,,0.063,ci,ci1040047,2016-02-03T20:32:31.230Z,"20km SSE of Joshua Tree, CA",earthquake,,0.033,,50,reviewed,ci,ci
1989-09-04T17:53:41.030Z,33.333,-116.238,9.673,3.61,ml,0,49.2,,0.11,ci,ci1040045,2016-02-04T01:09:02.280Z,"15km NE of Borrego Springs, CA",earthquake,,0.037,,5,reviewed,ci,ci
1989-09-04T17:45:18.970Z,54.303,159.193,70,4.4,mb,,,,0.8,us,usp0003z7r,2014-11-07T00:44:49.697Z,"57 km SE of Mil’kovo, Russia",earthquake,,,,3,reviewed,us,us
1989-09-04T15:57:55.786Z,63.9445,-148.897,5.4,3,ml,,,,0.63,ak,ak989bcr0k62,2020-09-14T18:16:12.440Z,"10 km NNE of Healy, Alaska",earthquake,,29.4,,,reviewed,ak,ak
1989-09-04T15:54:33.260Z,40.7393333,-124.4846667,22.832,3.2,ml,19,226,0.2865,0.06,nc,nc143567,2016-12-09T09:43:45.210Z,"22 km WNW of Indianola, California",earthquake,0.66,1.78,,1,reviewed,nc,nc
1989-09-04T14:57:28.120Z,-33.262,-178.689,41.8,5.4,mb,,,,1.3,us,usp0003z7k,2022-04-28T20:10:36.585Z,"south of the Kermadec Islands",earthquake,,,,12,reviewed,us,us
1989-09-04T13:14:58.520Z,55.3217,-156.4293,11,7,mw,,,,0.24,ak,ak989bcpkhdo,2022-04-28T20:10:34.930Z,"164 km SE of Chignik, Alaska",earthquake,,39.3,,,reviewed,ak,ak
1989-09-04T12:09:54.930Z,41.709,-126.3826667,4.319,3.11,ma,13,314,1.86,0.04,nc,nc10090066,2016-12-09T09:42:50.223Z,"176 km WSW of Pistol River, Oregon",earthquake,4.43,9,0.18,19,reviewed,nc,nc
1989-09-04T10:48:34.310Z,5.597,126.561,65.6,4.7,mb,,,,1.3,us,usp0003z7e,2014-11-07T00:44:49.499Z,"94 km SSE of Pondaguitan, Philippines",earthquake,,,,5,reviewed,us,us
1989-09-04T09:18:39.470Z,-5.154,148.011,33,4.5,mb,,,,0.9,us,usp0003z7d,2014-11-07T00:44:49.496Z,"156 km N of Finschhafen, Papua New Guinea",earthquake,,,,1,reviewed,us,us
1989-09-04T08:50:57.490Z,46.702,150.678,165.8,4.2,mb,,,,1,us,usp0003z7c,2014-11-07T00:44:49.492Z,"272 km NE of Kuril’sk, Russia",earthquake,,20.8,,7,reviewed,us,us
1989-09-04T08:11:58.360Z,37.089,-3.729,10,2.6,mblg,,,,0.4,us,usp0003z79,2014-11-07T00:44:49.484Z,"4 km NE of Escúzar, Spain",earthquake,,,,,reviewed,us,mdd
1989-09-04T07:18:32.800Z,-33.329,-178.805,33,5.5,mw,,,,1.1,us,usp0003z78,2022-04-28T20:10:29.590Z,"south of the Kermadec Islands",earthquake,,,,,reviewed,us,hrv
1989-09-04T07:12:35.780Z,37.101,140.736,87.9,4.5,mb,,,,1,us,usp0003z77,2014-11-07T00:44:49.457Z,"14 km WNW of Iwaki, Japan",earthquake,,3.8,,4,reviewed,us,us
1989-09-04T06:51:24.610Z,-9.309,123.683,33,3.7,mb,,,,1.1,us,usp0003z76,2014-11-07T00:44:49.454Z,"33 km NNW of Naisano Dua, Indonesia",earthquake,,,,2,reviewed,us,us
1989-09-04T06:34:54.440Z,47.8976667,-122.6396667,17.228,2.7,md,22,122,0.08043,0.19,uw,uw10245758,2016-07-24T21:08:30.330Z,"4 km SE of Port Ludlow, Washington",earthquake,0.567,1.05,0.04,23,reviewed,uw,uw
1989-09-04T06:26:52.430Z,37.034,27.999,10,3.9,md,,,,1.5,us,usp0003z74,2014-11-07T00:44:49.445Z,"31 km NW of Marmaris, Turkey",earthquake,,,,,reviewed,us,ath
1989-09-04T05:20:55.930Z,-4.219,136.667,9.1,6.4,mw,,,,1,us,usp0003z73,2022-04-28T20:10:27.641Z,"160 km SE of Nabire, Indonesia",earthquake,,,,,reviewed,us,hrv
1989-09-04T01:07:27.830Z,-6.038,147.847,60.8,4.8,mb,,,,1.2,us,usp0003z71,2014-11-07T00:44:49.343Z,"57 km N of Finschhafen, Papua New Guinea",earthquake,,11.9,,4,reviewed,us,us
1989-09-03T22:26:56.200Z,33.025,-117.824,5.612,2.91,mc,0,186.2,,0.151,ci,ci1039984,2016-02-03T21:11:22.680Z,"46km WSW of Carlsbad, CA",earthquake,,,,5,reviewed,ci,ci
1989-09-03T22:03:56.320Z,39.571,102.75,10,4.4,mb,,,,1.4,us,usp0003z6y,2014-11-07T00:44:49.327Z,"128 km NNE of Jinchang, China",earthquake,,,,6,reviewed,us,us
1989-09-03T21:16:53.500Z,-9.397,126.201,33,4.1,mb,,,,1.1,us,usp0003z6x,2014-11-07T00:44:49.323Z,"62 km SSW of Viqueque, Timor Leste",earthquake,,,,2,reviewed,us,us
1989-09-03T20:56:21.450Z,-24.443,-67.272,179.9,4.2,mb,,,,1,us,usp0003z6w,2014-11-07T00:44:49.319Z,"99 km WSW of San Antonio de los Cobres, Argentina",earthquake,,10.3,,2,reviewed,us,us
1989-09-03T20:52:15.510Z,-37.953,177.82,59.9,5.2,mb,,,,1.2,us,usp0003z6v,2014-11-07T00:44:49.307Z,"47 km E of Opotiki, New Zealand",earthquake,,11.9,,10,reviewed,us,us
1989-09-03T20:00:59.910Z,45.655,14.28,10,2.5,md,,,,0.3,us,usp0003z6u,2014-11-07T00:44:49.302Z,"7 km ESE of Pivka, Slovenia",earthquake,,,,,reviewed,us,lju
1989-09-03T19:18:07.440Z,49.521,156.441,81.6,4.9,mb,,,,0.7,us,usp0003z6t,2014-11-07T00:44:49.262Z,"130 km S of Severo-Kuril’sk, Russia",earthquake,,,,42,reviewed,us,us
1989-09-03T19:01:25.900Z,-9.013,116.045,33,4.9,mb,,,,1.3,us,usp0003z6s,2014-11-07T00:44:49.244Z,"31 km S of Lembar, Indonesia",earthquake,,,,14,reviewed,us,us
1989-09-03T17:14:58.630Z,-7.622,129.271,177.4,4.4,mb,,,,1.4,us,usp0003z6r,2014-11-07T00:44:49.241Z,"269 km ENE of Lospalos, Timor Leste",earthquake,,47.2,,2,reviewed,us,us
1989-09-03T16:16:45.520Z,59.3433,-153.1402,89.7,2.8,ml,,,,0.24,ak,ak989bb3tu4o,2020-09-14T18:16:15.803Z,"69 km W of Nanwalek, Alaska",earthquake,,0.7,,,reviewed,ak,ak
1989-09-03T15:24:42.860Z,38.7586667,-122.8968333,4.441,3.3,ml,46,37,0.04054,0.09,nc,nc143508,2016-12-09T09:39:09.280Z,"5 km N of Geyserville, California",earthquake,0.15,0.46,,6,reviewed,nc,nc
1989-09-03T15:09:44.060Z,47.76,6.943,14.2,3.6,ml,,,,0.9,us,usp0003z6j,2014-11-07T00:44:49.195Z,"3 km NNW of Rougemont-le-Château, France",earthquake,,1.9,,,reviewed,us,ldg
1989-09-03T15:04:08.820Z,47.74,7.084,10,2.7,ml,,,,0.7,us,usp0003z6h,2014-11-07T00:44:49.189Z,"1 km SSW of Guewenheim, France",earthquake,,,,,reviewed,us,ldg
1989-09-03T14:30:32.120Z,-5.274,152.271,33,4.5,mb,,,,0.7,us,usp0003z6e,2014-11-07T00:44:49.179Z,"102 km S of Kokopo, Papua New Guinea",earthquake,,,,4,reviewed,us,us
1989-09-03T14:16:50.930Z,-5.426,152.063,50.7,4.8,mb,,,,0.9,us,usp0003z6d,2014-11-07T00:44:49.168Z,"121 km S of Kokopo, Papua New Guinea",earthquake,,9.6,,5,reviewed,us,us
1989-09-03T13:50:57.480Z,0.108,122.599,175.4,5,mb,,,,1.3,us,usp0003z6c,2014-11-07T00:44:49.160Z,"70 km SW of Gorontalo, Indonesia",earthquake,,11.6,,12,reviewed,us,us
1989-09-03T13:31:03.600Z,37.424,-4.562,10,2.7,mblg,,,,0.5,us,usp0003z6b,2014-11-07T00:44:49.157Z,"5 km SSE of Monturque, Spain",earthquake,,,,,reviewed,us,mdd
1989-09-03T11:39:42.190Z,25.549,125.409,33,4.2,mb,,,,1,us,usp0003z68,2014-11-07T00:44:49.142Z,"83 km N of Hirara, Japan",earthquake,,,,1,reviewed,us,us
1989-09-03T11:27:33.990Z,16.069,-93.344,60.1,4.2,mb,,,,1.3,us,usp0003z67,2014-11-07T00:44:49.136Z,"2 km ENE of Monterrey, Mexico",earthquake,,20.9,,2,reviewed,us,us
1989-09-03T10:14:30.170Z,41.324,142.242,83.2,4.4,mb,,,,1,us,usp0003z66,2014-11-07T00:44:49.130Z,"85 km E of Mutsu, Japan",earthquake,,22.5,,11,reviewed,us,us
1989-09-03T09:57:36.300Z,35.535,-84.499,18.8,2.5,md,,156,0.40469,0.1,se,se60946,2022-06-28T14:26:33.412Z,"4 km ENE of Niota, Tennessee",earthquake,,2.6,,,reviewed,se,se
1989-09-03T08:36:32.340Z,-4.527,139.084,10,5.1,mb,,,,0.9,us,usp0003z65,2014-11-07T00:44:49.100Z,"274 km SW of Abepura, Indonesia",earthquake,,,,18,reviewed,us,us
1989-09-03T08:10:27.490Z,60.209,-152.5857,87.7,2.6,ml,,,,0.25,ak,ak989baz11lp,2020-09-14T18:16:16.184Z,"53 km WNW of Ninilchik, Alaska",earthquake,,1.3,,,reviewed,ak,ak
1989-09-03T07:39:57.730Z,0.485,126.433,33,4.5,mb,,,,1.3,us,usp0003z62,2014-11-07T00:44:49.070Z,"111 km WSW of Ternate, Indonesia",earthquake,,,,3,reviewed,us,us
1989-09-03T05:41:42.840Z,19.0858333,-155.0098333,38.892,2.72,ml,46,268,,0.12,hv,hv319715,2020-03-31T20:19:16.750Z,"43 km SSW of Leilani Estates, Hawaii",earthquake,2.1,1.08,0.13,2,reviewed,hv,hv
1989-09-03T05:00:45.160Z,31.753,-116.213,5.094,2.93,mc,0,299.4,,0.228,ci,ci1039919,2016-02-03T23:10:15.380Z,"34km E of Maneadero, B.C., MX",earthquake,,,,14,reviewed,ci,ci
1989-09-03T04:37:01.080Z,35.383,-117.827,4.975,2.71,mc,0,34.2,,0.106,ci,ci1039915,2016-02-03T21:51:15.480Z,"18km W of Johannesburg, CA",earthquake,,1.262,,55,reviewed,ci,ci
1989-09-03T01:23:36.930Z,33.289,-116.134,2.353,2.89,mc,0,30.6,,0.113,ci,ci1039906,2016-02-03T20:32:27.740Z,"16km N of Ocotillo Wells, CA",earthquake,,0.02,,64,reviewed,ci,ci
1989-09-03T01:11:20.110Z,-11.857,34.875,10,4.3,mb,,,,0.9,us,usp0003z5w,2014-11-07T00:44:49.043Z,"63 km SSW of Tingi, Tanzania",earthquake,,,,2,reviewed,us,us
1989-09-03T00:19:37.760Z,25.54,125.263,37.6,5.5,mw,,,,1.1,us,usp0003z5v,2025-12-19T21:04:30.386Z,"81 km N of Hirara, Japan",earthquake,,6.6,,,reviewed,us,hrv
1989-09-03T00:12:06.650Z,-5.467,152.174,43.5,4.8,mb,,,,0.7,us,usp0003z5u,2014-11-07T00:44:48.988Z,"124 km S of Kokopo, Papua New Guinea",earthquake,,13.6,,7,reviewed,us,us
1989-09-02T22:29:25.780Z,25.607,125.251,30.9,5.3,mw,,,,1.3,us,usp0003z5r,2025-12-19T21:04:29.479Z,"89 km N of Hirara, Japan",earthquake,,8.2,,,reviewed,us,hrv
1989-09-02T22:00:26.990Z,0.175,-24.858,10,5,mb,,,,1.5,us,usp0003z5q,2014-11-07T00:44:48.940Z,"central Mid-Atlantic Ridge",earthquake,,,,16,reviewed,us,us
1989-09-02T21:31:26.100Z,36.8928333,-121.6295,7.07,3,ml,85,69,0.03153,0.08,nc,nc143506,2016-12-09T09:36:43.470Z,"1 km ENE of Aromas, California",earthquake,0.15,0.26,,4,reviewed,nc,nc
1989-09-02T20:48:12.450Z,13.545,-90.632,69.2,4.5,mb,,,,1.3,us,usp0003z5n,2014-11-07T00:44:48.924Z,"43 km S of Iztapa, Guatemala",earthquake,,7.4,,2,reviewed,us,us
1989-09-02T18:09:58.630Z,0.08,-24.866,10,5.4,ms,,,,1,us,usp0003z5k,2014-11-07T00:44:48.895Z,"central Mid-Atlantic Ridge",earthquake,,,,2,reviewed,us,us
1989-09-02T17:50:56.100Z,35.994,140.178,85.8,4.1,mb,,,,0.8,us,usp0003z5j,2014-11-07T00:44:48.889Z,"4 km SSW of Ami, Japan",earthquake,,5.4,,2,reviewed,us,us
1989-09-02T17:38:23.800Z,45.661,6.797,10,2.8,ml,,,,0.7,us,usp0003z5h,2014-11-07T00:44:48.878Z,"4 km N of Séez, France",earthquake,,,,,reviewed,us,ldg
1989-09-02T16:56:37.350Z,-4.227,153.163,33,5.2,mb,,,,1,us,usp0003z5f,2014-11-07T00:44:48.863Z,"100 km E of Kokopo, Papua New Guinea",earthquake,,,,3,reviewed,us,us
1989-09-02T16:53:26.710Z,-4.242,152.942,44,5.9,mw,,,,1,us,usp0003z5e,2022-04-28T20:10:22.332Z,"75 km E of Kokopo, Papua New Guinea",earthquake,,,,,reviewed,us,hrv
1989-09-02T16:46:24.540Z,38.7951667,-122.809,3.818,2.65,md,37,36,0.01712,0.05,nc,nc143453,2016-12-09T09:36:19.540Z,"8 km WSW of Cobb, California",earthquake,0.15,0.31,0.12,34,reviewed,nc,nc
1989-09-02T16:22:06.190Z,31.712,-116.225,5.594,3.09,mc,0,202,,0.2,ci,ci1039854,2016-02-03T23:10:14.860Z,"32km E of Maneadero, B.C., MX",earthquake,,,,32,reviewed,ci,ci
1989-09-02T14:20:59.050Z,-17.819,-178.549,613.1,5.3,mw,,,,0.9,us,usp0003z5c,2025-12-19T20:56:39.330Z,"227 km E of Levuka, Fiji",earthquake,,,,,reviewed,us,hrv
1989-09-02T13:00:04.860Z,36.145,2.782,10,3.3,mblg,,,,1.1,us,usp0003z5a,2014-11-07T00:44:48.631Z,"11 km W of Berrouaghia, Algeria",earthquake,,,,,reviewed,us,mdd
1989-09-02T12:58:21.810Z,33.287,-116.129,1.753,2.59,mc,0,30.9,,0.098,ci,ci1039838,2016-02-04T03:45:02.940Z,"16km N of Ocotillo Wells, CA",earthquake,,0.042,,36,reviewed,ci,ci
1989-09-02T10:27:48.080Z,44.423,7.261,11.5,2.8,ml,,,,0.5,us,usp0003z58,2014-11-07T00:44:48.604Z,"1 km WNW of Pradleves, Italy",earthquake,,4.1,,,reviewed,us,fdf
1989-09-02T06:59:11.170Z,61.2228,-150.6573,39.8,2.6,ml,,,,0.24,ak,ak989b9alaq5,2020-09-14T18:16:19.124Z,"24 km ENE of Beluga, Alaska",earthquake,,1.3,,,reviewed,ak,ak
1989-09-02T06:48:37.010Z,-12.946,65.903,10,4.7,mb,,,,1.1,us,usp0003z55,2014-11-07T00:44:48.583Z,"Mid-Indian Ridge",earthquake,,,,5,reviewed,us,us
1989-09-02T05:57:29.260Z,-22.244,-179.543,582.9,5.1,mb,,,,0.9,us,usp0003z54,2014-11-07T00:44:48.531Z,"south of the Fiji Islands",earthquake,,13.1,,28,reviewed,us,us
1989-09-02T05:39:35.660Z,33.508,-116.444,8.108,3.36,ml,0,25.8,,0.121,ci,ci1039805,2016-02-04T03:45:01.370Z,"21km SW of La Quinta, CA",earthquake,,0.014,,8,reviewed,ci,ci
1989-09-02T04:16:57.330Z,50.039,79.019,0,5,mb,,,,0.8,us,usp0003z52,2015-06-16T18:53:49.322Z,"86 km SSE of Kurchatov, Kazakhstan",nuclear explosion,,,,60,reviewed,us,us
1989-09-02T02:49:23.560Z,-5.729,135.24,33,4.3,mb,,,,1.5,us,usp0003z50,2014-11-07T00:44:48.433Z,"263 km S of Nabire, Indonesia",earthquake,,,,3,reviewed,us,us
1989-09-02T01:19:17.590Z,31.89,-116.226,5.455,3.02,mc,0,166.7,,0.294,ci,ci1039792,2016-02-03T20:32:25.480Z,"37km E of Ensenada, B.C., MX",earthquake,,,,5,reviewed,ci,ci
1989-09-02T00:50:32.620Z,-10.637,161.391,30.6,4.6,ms,,,,1.3,us,usp0003z4x,2014-11-07T00:44:48.379Z,"61 km WSW of Kirakira, Solomon Islands",earthquake,,,,2,reviewed,us,us
1989-09-01T23:28:31.770Z,10.982,122.059,33,4.7,mb,,,,1.1,us,usp0003z4u,2014-11-07T00:44:48.337Z,"6 km S of Bugasong, Philippines",earthquake,,,,4,reviewed,us,us
1989-09-01T23:13:49.190Z,-16.109,-174.695,254,4.7,mb,,,,0.9,us,usp0003z4t,2014-11-07T00:44:48.300Z,"97 km W of Hihifo, Tonga",earthquake,,9.8,,12,reviewed,us,us
1989-09-01T22:33:01.740Z,38.8175,-122.8405,-0.841,2.64,md,26,89,0.03694,0.14,nc,nc143421,2016-12-09T09:32:38.090Z,"10 km W of Cobb, California",earthquake,0.32,1.04,0.11,14,reviewed,nc,nc
1989-09-01T19:13:24.130Z,47.765,15.984,10,3.5,ml,,,,1,us,usp0003z4r,2014-11-07T00:44:48.277Z,"1 km SSW of Schrattenbach, Austria",earthquake,,,,,reviewed,us,grf
1989-09-01T19:02:07.560Z,-19.053,169.478,263.9,4.9,mb,,,,0.9,us,usp0003z4q,2014-11-07T00:44:48.204Z,"57 km NNE of Isangel, Vanuatu",earthquake,,5.8,,13,reviewed,us,us
1989-09-01T18:37:30.340Z,39.3,21.522,10,3.2,md,,,,0.4,us,usp0003z4p,2014-11-07T00:44:48.198Z,"7 km SE of Anthiró, Greece",earthquake,,,,,reviewed,us,ath
1989-09-01T18:21:50.190Z,5.97,124.407,33,4.4,mb,,,,1.4,us,usp0003z4n,2014-11-07T00:44:48.187Z,"11 km SW of Mabay, Philippines",earthquake,,,,4,reviewed,us,us
1989-09-01T18:11:01.300Z,-22.757,-179.882,622.8,4.8,mb,,,,1,us,usp0003z4k,2014-11-07T00:44:48.164Z,"south of the Fiji Islands",earthquake,,25.7,,14,reviewed,us,us
1989-09-01T17:45:25.680Z,39.39,21.718,10,3.2,mb,,,,1,us,usp0003z4g,2014-11-07T00:44:48.146Z,"Greece",earthquake,,,,1,reviewed,us,us
1989-09-01T17:16:45.930Z,-5.748,147.118,200,4.9,mb,,,,0.9,us,usp0003z4f,2014-11-07T00:44:48.137Z,"108 km N of Lae, Papua New Guinea",earthquake,,8.9,,4,reviewed,us,us
1989-09-01T16:13:58.520Z,36.003,70.369,102.8,4.5,mb,,,,0.9,us,usp0003z4d,2014-11-07T00:44:48.119Z,"78 km SE of Farkh?r, Afghanistan",earthquake,,13.2,,4,reviewed,us,us
1989-09-01T16:02:23.380Z,33.741,-116.035,8.087,2.74,mc,0,81.2,,0.081,ci,ci139870,2016-02-04T05:41:09.110Z,"14km ENE of Coachella, CA",earthquake,,0.013,,62,reviewed,ci,ci
1989-09-01T15:14:25.640Z,38.841,25.768,10,3.5,ml,,,,1.3,us,usp0003z4b,2014-11-07T00:44:48.089Z,"37 km NNE of Psará, Greece",earthquake,,,,,reviewed,us,ath
1989-09-01T14:53:32.150Z,51.521,16.136,10,3.7,ml,,,,0.9,us,usp0003z4a,2014-11-07T00:44:48.073Z,"4 km ENE of Polkowice, Poland",earthquake,,,,,reviewed,us,kba
1989-09-01T14:42:22.260Z,-28.012,-70.134,94.8,5,mb,,,,1,us,usp0003z49,2014-11-07T00:44:48.050Z,"74 km SSE of Copiapó, Chile",earthquake,,7.7,,5,reviewed,us,us
1989-09-01T14:40:38.760Z,32.977,-117.706,5.804,2.92,mc,0,150.1,,0.255,ci,ci1039732,2016-02-04T05:02:02.160Z,"39km WSW of Carlsbad, CA",earthquake,,,,71,reviewed,ci,ci
1989-09-01T14:02:43.940Z,10.336,-63.725,10,4.6,mb,,,,0.7,us,usp0003z47,2014-11-07T00:44:48.026Z,"near the coast of Venezuela",earthquake,,,,1,reviewed,us,us
1989-09-01T11:57:22.550Z,-6.699,108.426,221.9,5.4,mw,,,,1,us,usp0003z42,2025-12-19T21:04:28.666Z,"0 km NNE of Palimanan, Indonesia",earthquake,,,,,reviewed,us,hrv
1989-09-01T10:48:32.390Z,-20.55,-69.108,105.9,4.9,mb,,,,1.4,us,usp0003z41,2014-11-07T00:44:47.804Z,"115 km ESE of Iquique, Chile",earthquake,,8,,11,reviewed,us,us
1989-09-01T10:41:25.100Z,67.053,-137.092,18,3.5,ml,,,,-1,ak,ak989b7pbuu6,2020-09-14T18:16:21.842Z,"104 km WSW of Fort McPherson, Canada",earthquake,,-1,,,reviewed,ak,ak
1989-09-01T10:27:06.730Z,41.797,19.905,12.5,2.6,ml,,,,1.3,us,usp0003z3z,2014-11-07T00:44:47.781Z,"Albania",earthquake,,5.7,,,reviewed,us,ttg
1989-09-01T09:55:39.260Z,-5.38,152.284,50.3,4.9,mb,,,,0.9,us,usp0003z3w,2014-11-07T00:44:47.740Z,"114 km S of Kokopo, Papua New Guinea",earthquake,,12.8,,7,reviewed,us,us
1989-09-01T09:10:00.240Z,-18.332,167.977,10,4.6,mb,,,,1.1,us,usp0003z3v,2014-11-07T00:44:47.722Z,"74 km SSW of Port-Vila, Vanuatu",earthquake,,,,5,reviewed,us,us
1989-09-01T05:28:40.250Z,51.509,-175.078,33,3.9,mb,,,,0.7,us,usp0003z3t,2014-11-07T00:44:47.703Z,"97 km SW of Atka, Alaska",earthquake,,,,2,reviewed,us,us
1989-09-01T05:14:18.200Z,-30.871,-177.949,119.4,4.9,mb,,,,1.2,us,usp0003z3s,2014-11-07T00:44:47.675Z,"Kermadec Islands, New Zealand",earthquake,,24.2,,10,reviewed,us,us
1989-09-01T03:08:10.120Z,-20.438,-177.708,447.9,4.6,mb,,,,0.7,us,usp0003z3r,2014-11-07T00:44:47.623Z,"Fiji region",earthquake,,33.1,,10,reviewed,us,us
1989-09-01T00:46:30.220Z,-23.126,-68.252,137.5,4.2,mb,,,,1.2,us,usp0003z3q,2014-11-07T00:44:47.586Z,"24 km SSW of San Pedro de Atacama, Chile",earthquake,,18.2,,2,reviewed,us,us
1989-09-01T00:40:17.930Z,51.84,-178.851,33,4.6,mb,,,,1.1,us,usp0003z3p,2014-11-07T00:44:47.550Z,"152 km W of Adak, Alaska",earthquake,,,,4,reviewed,us,us
1989-09-01T00:26:54.980Z,41.963,20.364,10,2.5,ml,,,,1.2,us,usp0003z3n,2014-11-07T00:44:47.045Z,"Albania-Macedonia border region",earthquake,,,,,reviewed,us,sko
