time,latitude,longitude,depth,mag,magType,nst,gap,dmin,rms,net,id,updated,place,type,horizontalError,depthError,magError,magNst,status,locationSource,magSource
1992-12-30T23:50:16.510Z,39.278,28.682,10.9,3.3,md,,,,0.7,us,usp0005k3e,2014-11-07T00:52:06.587Z,"25 km N of Demirci, Turkey",earthquake,,4.4,,,reviewed,us,isk
1992-12-30T22:53:26.120Z,17.126,119.943,33,4.5,mb,,,,1.4,us,usp0005k3b,2014-11-07T00:52:06.582Z,"51 km W of Darapidap, Philippines",earthquake,,,,1,reviewed,us,us
1992-12-30T21:34:11.110Z,47.702,8.287,33,4.2,ml,,,,1.1,us,usp0005k3a,2014-11-07T00:52:06.567Z,"2 km SW of Ühlingen-Birkendorf, Germany",earthquake,,,,,reviewed,us,vie
1992-12-30T20:40:27.710Z,39.7906667,-120.7218333,2.888,2.74,md,24,230,0.4964,0.09,nc,nc330465,2016-12-20T02:10:38.980Z,"3 km NNW of Plumas Eureka (historical), California",earthquake,0.74,5.56,0.14,34,reviewed,nc,nc
1992-12-30T20:27:59.040Z,39.284,28.697,10,2.9,md,,,,0.4,us,usp0005k38,2014-11-07T00:52:06.565Z,"26 km N of Demirci, Turkey",earthquake,,,,,reviewed,us,isk
1992-12-30T20:19:50.600Z,8.285,-72.822,183,4.2,mb,,,,1.1,us,usp0005k37,2014-11-07T00:52:06.561Z,"22 km N of Sardinata, Colombia",earthquake,,6.4,,22,reviewed,us,us
1992-12-30T19:59:15.490Z,37.6361667,-118.9463333,4.954,3.04,md,30,60,0.01622,0.06,nc,nc330593,2016-12-20T02:10:18.420Z,"2 km ESE of Mammoth Lakes, California",earthquake,0.25,0.37,0.21,30,reviewed,nc,nc
1992-12-30T19:17:20.730Z,-6.17,149.069,64.3,5.2,mb,,,,0.9,us,usp0005k34,2014-11-07T00:52:06.550Z,"53 km W of Kandrian, Papua New Guinea",earthquake,,6.2,,28,reviewed,us,us
1992-12-30T18:42:41.360Z,39.364,28.802,10,2.8,md,,,,0.2,us,usp0005k33,2014-11-07T00:52:06.549Z,"28 km SSE of Dursunbey, Turkey",earthquake,,,,,reviewed,us,isk
1992-12-30T18:10:22.770Z,36.558,30.139,5,4,mb,,,,1,us,usp0005k32,2014-11-07T00:52:06.546Z,"20 km N of Turunçova, Turkey",earthquake,,,,5,reviewed,us,us
1992-12-30T17:36:44.850Z,33.162,45.977,33,4,mb,,,,1.3,us,usp0005k31,2014-11-07T00:52:06.545Z,"18 km WNW of Mehr?n, Iran",earthquake,,,,2,reviewed,us,us
1992-12-30T17:23:49.480Z,39.248,28.767,10,3.2,md,,,,0.7,us,usp0005k30,2014-11-07T00:52:06.543Z,"24 km NNE of Demirci, Turkey",earthquake,,,,,reviewed,us,isk
1992-12-30T17:03:54.950Z,19.3595,-155.5016667,8.213,2.8,ml,42,32,,0.08,hv,hv728693,2020-03-31T19:03:24.110Z,"17 km N of P?hala, Hawaii",earthquake,0.29,0.62,0.18,16,reviewed,hv,hv
1992-12-30T16:42:22.000Z,34.354,-116.903,2.748,2.65,mc,0,28.7,,0.168,ci,ci3085447,2016-02-10T05:43:25.391Z,"12km NNW of Big Bear City, California",earthquake,,0.129,,79,reviewed,ci,ci
1992-12-30T16:29:28.830Z,39.271,28.72,10,2.7,md,,,,0.5,us,usp0005k2z,2014-11-07T00:52:06.541Z,"25 km NNE of Demirci, Turkey",earthquake,,,,,reviewed,us,isk
1992-12-30T16:06:01.310Z,38.375,26.909,10,3.5,md,,,,1.1,us,usp0005k2y,2014-11-07T00:52:06.472Z,"13 km ENE of Urla, Turkey",earthquake,,,,,reviewed,us,isk
1992-12-30T16:01:20.510Z,33.809,-116.195,5.785,2.92,ml,0,37.1,,0.143,ci,ci3085445,2016-02-10T12:49:13.781Z,"10km N of Indio, California",earthquake,,0.621,,14,reviewed,ci,ci
1992-12-30T15:54:10.070Z,9.603,126.443,61.2,4.9,mb,,,,1.1,us,usp0005k2w,2014-11-07T00:52:06.400Z,"40 km ESE of Union, Philippines",earthquake,,9.1,,26,reviewed,us,us
1992-12-30T15:26:42.940Z,44.438,148.238,33,4.5,mb,,,,1.3,us,usp0005k2t,2014-11-07T00:52:06.395Z,"92 km SSE of Kuril’sk, Russia",earthquake,,,,5,reviewed,us,us
1992-12-30T14:28:00.830Z,41.361,143.579,37.8,4.1,mb,,,,0.8,us,usp0005k2s,2014-11-07T00:52:06.392Z,"147 km SE of Shizunai-furukawach?, Japan",earthquake,,8,,9,reviewed,us,us
1992-12-30T13:55:18.680Z,10.753,94.413,33,4.4,mb,,,,0.6,us,usp0005k2p,2014-11-07T00:52:06.387Z,"208 km ESE of Port Blair, India",earthquake,,,,3,reviewed,us,us
1992-12-30T13:39:22.100Z,10.989,94.651,59.9,4.2,mb,,,,1,us,usp0005k2n,2014-11-07T00:52:06.385Z,"221 km ESE of Port Blair, India",earthquake,,20.2,,3,reviewed,us,us
1992-12-30T12:59:45.420Z,45.153,148.042,132.9,4.7,mb,,,,0.9,us,usp0005k2k,2014-11-07T00:52:06.377Z,"15 km ESE of Kuril’sk, Russia",earthquake,,5.1,,54,reviewed,us,us
1992-12-30T12:46:36.740Z,39.343,28.813,10,2.9,md,,,,0.7,us,usp0005k2j,2014-11-07T00:52:06.376Z,"31 km SSE of Dursunbey, Turkey",earthquake,,,,,reviewed,us,isk
1992-12-30T12:45:20.590Z,-4.184,143.638,33,5,mb,,,,1.1,us,usp0005k2h,2014-11-07T00:52:06.374Z,"49 km WSW of Angoram, Papua New Guinea",earthquake,,,,1,reviewed,us,us
1992-12-30T11:25:47.070Z,36.8275,-121.5478333,4.686,2.75,md,59,25,0.02252,0.09,nc,nc330438,2016-12-20T02:09:05.600Z,"2 km SSW of San Juan Bautista, California",earthquake,0.15,0.27,0.12,69,reviewed,nc,nc
1992-12-30T10:58:45.590Z,41.201,-0.847,10,2.8,mblg,,,,1.2,us,usp0005k2d,2014-11-07T00:52:06.370Z,"4 km SSW of Samper del Salz, Spain",earthquake,,,,,reviewed,us,mdd
1992-12-30T10:56:43.560Z,41.431,-0.364,10,2.8,mblg,,,,0.8,us,usp0005k2c,2014-11-07T00:52:06.368Z,"8 km ENE of Gelsa, Spain",earthquake,,,,,reviewed,us,mdd
1992-12-30T10:30:43.790Z,58.289,-151.25,0,3.3,mb,,,,,us,usp0005k2b,2014-11-07T00:52:06.362Z,"84 km ENE of Ouzinkie, Alaska",earthquake,,,,1,reviewed,aei,us
1992-12-30T10:22:28.630Z,39.298,28.732,10,3.2,md,,,,0.8,us,usp0005k2a,2014-11-07T00:52:06.361Z,"28 km NNE of Demirci, Turkey",earthquake,,,,,reviewed,us,isk
1992-12-30T10:13:34.750Z,-3.464,130.922,33,5,mb,,,,1.4,us,usp0005k29,2014-11-07T00:52:06.359Z,"222 km E of Amahai, Indonesia",earthquake,,,,1,reviewed,us,us
1992-12-30T08:05:08.090Z,-6.776,147.328,33,4.8,mb,,,,1.3,us,usp0005k25,2014-11-07T00:52:06.354Z,"37 km E of Lae, Papua New Guinea",earthquake,,,,5,reviewed,us,us
1992-12-30T07:39:24.580Z,39.269,28.841,10,3.2,md,,,,0.4,us,usp0005k24,2014-11-07T00:52:06.352Z,"23 km NNW of Simav, Turkey",earthquake,,,,,reviewed,us,isk
1992-12-30T07:13:49.240Z,39.276,28.654,10,3.2,md,,,,1.2,us,usp0005k22,2014-11-07T00:52:06.349Z,"25 km N of Demirci, Turkey",earthquake,,,,,reviewed,us,isk
1992-12-30T06:25:26.670Z,-7.986,159.041,50.1,5.6,mw,,,,1,us,usp0005k21,2022-04-28T18:27:00.500Z,"63 km WNW of Buala, Solomon Islands",earthquake,,,,,reviewed,us,hrv
1992-12-30T05:09:01.240Z,-28.498,-178.01,10,4.3,mb,,,,1.5,us,usp0005k1z,2014-11-07T00:52:06.323Z,"Kermadec Islands region",earthquake,,,,3,reviewed,us,us
1992-12-30T04:30:13.130Z,-20.243,68.074,16.6,5.4,mw,,,,1.2,us,usp0005k1y,2025-12-19T22:55:46.166Z,"Mid-Indian Ridge",earthquake,,,,,reviewed,us,hrv
1992-12-30T03:57:19.220Z,31.764,-115.89,5.883,2.5,mc,0,336.2,0.8811,0.332,ci,ci3085402,2016-02-10T12:49:06.010Z,"64km E of Maneadero, B.C., MX",earthquake,,,,10,reviewed,ci,ci
1992-12-30T03:30:07.550Z,34.089,-116.377,1.797,2.98,ml,0,61.5,,0.158,ci,ci3085399,2016-02-10T19:52:48.709Z,"6km ESE of Yucca Valley, California",earthquake,,0.37,,25,reviewed,ci,ci
1992-12-30T03:14:27.730Z,39.224,20.121,50,3.5,mb,,,,1.2,us,usp0005k1w,2014-11-07T00:52:06.301Z,"6 km WNW of Gáïos, Greece",earthquake,,13.2,,2,reviewed,us,us
1992-12-30T00:17:44.440Z,-9.004,123.966,65.4,4.1,mb,,,,0.8,us,usp0005k1t,2014-11-07T00:52:06.296Z,"50 km WNW of Pante Makasar, Timor Leste",earthquake,,32.1,,1,reviewed,us,us
1992-12-29T23:19:28.220Z,57.3528,-154.657,13,3.2,ml,,,,0.28,ak,ak992gqdffg6,2020-09-14T19:49:35.955Z,"26 km SSW of Karluk, Alaska",earthquake,,21,,,reviewed,ak,ak
1992-12-29T23:18:43.570Z,-20.42,67.91,10,4.6,mb,,,,0.6,us,usp0005k1q,2014-11-07T00:52:06.286Z,"Mid-Indian Ridge",earthquake,,,,5,reviewed,us,us
1992-12-29T23:01:35.180Z,60.462,-151.2573,62.4,3.1,ml,,,,0.25,ak,ak992gqdbl3i,2020-09-14T19:49:36.272Z,"5 km NNE of Kalifornsky, Alaska",earthquake,,1.7,,,reviewed,ak,ak
1992-12-29T21:17:31.810Z,-9.295,123.987,95.2,5.5,mw,,,,1.3,us,usp0005k1n,2025-12-19T22:55:45.525Z,"41 km NE of Naisano Dua, Indonesia",earthquake,,6.6,,,reviewed,us,hrv
1992-12-29T21:05:01.820Z,37.484,-121.6306667,5.777,2.65,md,77,84,0.01892,0.05,nc,nc330386,2016-12-20T02:08:16.270Z,"20 km NE of East Foothills, California",earthquake,0.1,0.27,0.13,75,reviewed,nc,nc
1992-12-29T20:53:56.250Z,-32.762,-69.219,10,3.8,md,,,,0.7,us,usp0005k1j,2014-11-07T00:52:06.255Z,"39 km WNW of Mendoza, Argentina",earthquake,,,,,reviewed,us,san
1992-12-29T20:50:06.890Z,2.94,126.667,33,4.5,mb,,,,0.7,us,usp0005k1h,2014-11-07T00:52:06.253Z,"200 km NW of Tobelo, Indonesia",earthquake,,,,4,reviewed,us,us
1992-12-29T20:31:43.450Z,-31.69,-67.309,131.4,5.4,mw,,,,1,us,usp0005k1g,2025-12-19T22:55:44.789Z,"92 km E of Caucete, Argentina",earthquake,,,,,reviewed,us,hrv
1992-12-29T17:32:58.200Z,-7.529,120.803,39.4,4.9,mb,,,,1,us,usp0005k1c,2014-11-07T00:52:06.235Z,"125 km NNE of Ruteng, Indonesia",earthquake,,12.9,,12,reviewed,us,us
1992-12-29T17:11:49.290Z,38.309,142.773,43.2,4.6,mb,,,,1,us,usp0005k1a,2014-11-07T00:52:06.229Z,"124 km SE of ?funato, Japan",earthquake,,7,,20,reviewed,us,us
1992-12-29T16:31:31.120Z,15.936,-60.737,30.9,3.1,ml,,,,0.2,us,usp0005k19,2014-11-07T00:52:06.227Z,"54 km SE of Beauséjour, Guadeloupe",earthquake,,8.5,,,reviewed,us,fdf
1992-12-29T16:02:47.940Z,40.201,-0.912,10,2.8,mblg,,,,1.1,us,usp0005k17,2014-11-07T00:52:06.224Z,"9 km WSW of Valbona, Spain",earthquake,,,,,reviewed,us,mdd
1992-12-29T15:32:33.090Z,16.604,-61.423,33,2.8,ml,,,,0.5,us,usp0005k16,2014-11-07T00:52:06.223Z,"17 km NNE of Anse-Bertrand, Guadeloupe",earthquake,,,,,reviewed,us,fdf
1992-12-29T14:50:43.230Z,39.278,20.262,5,3.8,mb,,,,1.1,us,usp0005k15,2014-11-07T00:52:06.220Z,"10 km SSW of Pérdika, Greece",earthquake,,,,3,reviewed,us,us
1992-12-29T14:24:35.800Z,34.183,-116.405,1.947,2.82,mc,0,69.1,,0.14,ci,ci3085367,2016-02-10T05:43:09.823Z,"8km NNE of Yucca Valley, California",earthquake,,0.302,,78,reviewed,ci,ci
1992-12-29T14:24:24.410Z,35.104,-118.524,4.252,2.94,mc,0,93,,0.117,ci,ci3085320,2016-02-10T16:16:29.243Z,"8km WSW of Tehachapi, California",earthquake,,0.523,,22,reviewed,ci,ci
1992-12-29T14:19:04.260Z,34.183,-116.406,2.047,2.8,mc,0,69,,0.132,ci,ci3085319,2016-02-10T05:43:08.477Z,"8km NNE of Yucca Valley, California",earthquake,,0.376,,81,reviewed,ci,ci
1992-12-29T13:49:32.250Z,59.532,-153.6355,119.1,2.7,ml,,,,0.19,ak,ak992gq7nj6x,2020-09-14T19:49:38.356Z,"38 km SE of Pedro Bay, Alaska",earthquake,,2,,,reviewed,ak,ak
1992-12-29T12:46:40.650Z,-20.325,-178.949,695.4,4.4,mb,,,,1.1,us,usp0005k12,2014-11-07T00:52:06.211Z,"Fiji region",earthquake,,43,,3,reviewed,us,us
1992-12-29T12:39:12.040Z,34.062,-116.371,-1.093,2.55,mc,0,37.2,,0.201,ci,ci3085314,2016-02-10T12:48:57.262Z,"8km SE of Yucca Valley, California",earthquake,,0.32,,60,reviewed,ci,ci
1992-12-29T12:13:30.880Z,24.001,122.645,28.9,4.6,mb,,,,1.2,us,usp0005k11,2014-11-07T00:52:06.204Z,"62 km SW of Yonakuni, Japan",earthquake,,4.3,,23,reviewed,us,us
1992-12-29T11:41:07.520Z,35.98,31.126,64.2,4.4,mb,,,,1.2,us,usp0005k0z,2014-11-07T00:52:06.193Z,"79 km SE of Tekirova, Turkey",earthquake,,4.2,,46,reviewed,us,us
1992-12-29T11:20:18.000Z,41.121,28.702,10,2.9,md,,,,1,us,usp0005k0y,2014-11-07T00:52:06.191Z,"7 km SSW of Arnavutköy, Turkey",earthquake,,,,,reviewed,us,isk
1992-12-29T10:42:27.890Z,39.492,26.551,10,3.2,md,,,,1.2,us,usp0005k0x,2014-11-07T00:52:06.190Z,"17 km SE of Ayvac?k, Turkey",earthquake,,,,,reviewed,us,isk
1992-12-29T10:23:10.210Z,35.107,27.857,60.8,3.9,mb,,,,1.1,us,usp0005k0w,2014-11-07T00:52:06.187Z,"73 km SE of Karpathos, Greece",earthquake,,13.1,,15,reviewed,us,us
1992-12-29T09:58:04.060Z,-33.103,-72.36,10,3.7,md,,,,0.3,us,usp0005k0v,2014-11-07T00:52:06.186Z,"68 km W of Valparaíso, Chile",earthquake,,,,,reviewed,us,san
1992-12-29T08:17:18.070Z,-33.107,-72.244,12.9,4.2,md,,,,0.7,us,usp0005k0u,2014-11-07T00:52:06.184Z,"57 km W of Valparaíso, Chile",earthquake,,4.3,,,reviewed,us,san
1992-12-29T07:18:20.380Z,45.341,6.749,10,2.5,ml,,,,1.3,us,usp0005k0t,2014-11-07T00:52:06.181Z,"12 km SE of Courchevel, France",earthquake,,,,,reviewed,us,ldg
1992-12-29T06:04:09.370Z,32.332,141.663,33,4.5,mb,,,,1.1,us,usp0005k0r,2014-11-07T00:52:06.177Z,"Izu Islands, Japan region",earthquake,,,,10,reviewed,us,us
1992-12-29T05:45:32.810Z,33.489,-116.486,9.416,4.01,mc,0,42.1,,0.287,ci,ci3085286,2016-02-10T05:42:57.274Z,"19km ESE of Anza, California",earthquake,,11.563,,9,reviewed,ci,ci
1992-12-29T04:35:36.290Z,39.255,28.778,10,3.2,md,,,,0.8,us,usp0005k0n,2014-11-07T00:52:06.171Z,"25 km NW of Simav, Turkey",earthquake,,,,,reviewed,us,isk
1992-12-29T04:02:04.210Z,19.895,-64.852,12.5,3.7,mb,,,,1.4,us,usp0005k0m,2014-11-07T00:52:06.169Z,"172 km N of Charlotte Amalie, U.S. Virgin Islands",earthquake,,8.7,,1,reviewed,us,us
1992-12-29T03:54:02.630Z,-32.155,-70.276,120,3.5,md,,,,0.3,us,usp0005k0k,2014-11-07T00:52:06.168Z,"77 km ESE of Salamanca, Chile",earthquake,,,,,reviewed,us,san
1992-12-29T03:30:33.970Z,19.673,-64.509,10,4.6,mb,,,,1.1,us,usp0005k0j,2014-11-07T00:52:06.164Z,"151 km NNE of Cruz Bay, U.S. Virgin Islands",earthquake,,,,4,reviewed,us,us
1992-12-29T03:24:55.180Z,19.3551667,-155.466,9.423,2.7,ml,37,40,,0.11,hv,hv728496,2020-03-31T19:03:23.490Z,"16 km N of P?hala, Hawaii",earthquake,0.38,0.72,0.41,13,reviewed,hv,hv
1992-12-29T02:44:00.830Z,37.488,72.167,111.9,4.4,mb,,,,0.6,us,usp0005k0h,2014-11-07T00:52:06.162Z,"54 km E of Khorugh, Tajikistan",earthquake,,22.5,,7,reviewed,us,us
1992-12-29T02:08:58.290Z,38.94,142.376,40.7,4.9,mb,,,,1.2,us,usp0005k0g,2014-11-07T00:52:06.158Z,"57 km SE of Kamaishi, Japan",earthquake,,8.5,,16,reviewed,us,us
1992-12-29T01:57:22.580Z,0.012,122.914,184.8,5.5,mw,,,,1.1,us,usp0005k0f,2025-12-19T22:36:00.609Z,"60 km SSW of Gorontalo, Indonesia",earthquake,,,,,reviewed,us,hrv
1992-12-29T01:25:43.910Z,2.403,126.658,73.4,5.2,mb,,,,1,us,usp0005k0e,2014-11-07T00:52:06.130Z,"167 km WNW of Tobelo, Indonesia",earthquake,,9.3,,47,reviewed,us,us
1992-12-29T00:01:44.250Z,38.797,142.62,33,4.3,ms,,,,1.3,us,usp0005k0d,2014-11-07T00:52:06.127Z,"84 km ESE of ?funato, Japan",earthquake,,,,1,reviewed,us,us
1992-12-28T23:19:35.090Z,19.449,-64.609,28,4.9,mb,,,,1.1,us,usp0005k0c,2014-11-07T00:52:06.106Z,"125 km N of Cruz Bay, U.S. Virgin Islands",earthquake,,4.5,,44,reviewed,us,us
1992-12-28T23:08:47.030Z,39.194,28.575,10,2.9,md,,,,0.6,us,usp0005k0b,2014-11-07T00:52:06.105Z,"17 km NNW of Demirci, Turkey",earthquake,,,,,reviewed,us,isk
1992-12-28T23:01:52.140Z,37.4981667,-118.8533333,4.587,2.51,md,36,116,0.09459,0.06,nc,nc330271,2016-12-20T02:06:39.610Z,"13 km WSW of Aspen Springs, California",earthquake,0.32,0.71,0.29,44,reviewed,nc,nc
1992-12-28T22:48:57.060Z,39.324,28.73,10,2.7,md,,,,0.5,us,usp0005k0a,2014-11-07T00:52:06.104Z,"30 km SSE of Dursunbey, Turkey",earthquake,,,,,reviewed,us,isk
1992-12-28T22:44:55.070Z,39.213,28.671,10,2.9,md,,,,0.1,us,usp0005k09,2014-11-07T00:52:06.103Z,"18 km N of Demirci, Turkey",earthquake,,,,,reviewed,us,isk
1992-12-28T21:59:07.860Z,39.304,28.817,10,3.8,md,,,,0.7,us,usp0005k08,2014-11-07T00:52:06.101Z,"27 km NNW of Simav, Turkey",earthquake,,,,,reviewed,us,isk
1992-12-28T21:16:07.030Z,19.775,-64.696,20.3,4.1,mb,,,,0.7,us,usp0005k07,2014-11-07T00:52:06.099Z,"160 km N of Cruz Bay, U.S. Virgin Islands",earthquake,,8.2,,1,reviewed,us,us
1992-12-28T20:24:43.540Z,-3.701,128.055,110.7,5.2,mb,,,,0.9,us,usp0005k06,2014-11-07T00:52:06.091Z,"14 km W of Ambon, Indonesia",earthquake,,,,36,reviewed,us,us
1992-12-28T19:52:48.500Z,19.504,-64.571,24,5.4,mb,,,,1.1,us,usp0005k05,2014-11-07T00:52:06.072Z,"131 km N of Cruz Bay, U.S. Virgin Islands",earthquake,,6.2,,60,reviewed,us,us
1992-12-28T19:50:49.220Z,36.5191667,-121.1001667,3.752,2.68,md,47,63,0.06306,0.05,nc,nc30010925,2016-12-20T02:06:21.000Z,"22 km ENE of Soledad, California",earthquake,0.12,0.51,0.13,27,reviewed,nc,nc
1992-12-28T19:20:33.020Z,19.411,-64.614,37.6,4.9,mb,,,,1,us,usp0005k04,2014-11-07T00:52:06.061Z,"121 km N of Cruz Bay, U.S. Virgin Islands",earthquake,,7,,30,reviewed,us,us
1992-12-28T19:17:50.040Z,-32.261,-71.931,10,3.6,md,,,,0.4,us,usp0005k03,2014-11-07T00:52:06.059Z,"69 km WNW of La Ligua, Chile",earthquake,,,,,reviewed,us,san
1992-12-28T18:07:46.770Z,-3.14,129.426,62.4,4.9,mb,,,,1.1,us,usp0005k02,2014-11-07T00:52:06.056Z,"60 km ENE of Amahai, Indonesia",earthquake,,27.5,,5,reviewed,us,us
1992-12-28T18:00:29.200Z,33.946,-116.306,3.819,3.72,ml,0,30.4,,0.166,ci,ci3085227,2016-02-10T23:33:12.445Z,"16km NNE of Thousand Palms, California",earthquake,,0.126,,34,reviewed,ci,ci
1992-12-28T17:57:03.650Z,42.383,43.525,10,4.4,mb,,,,1.1,us,usp0005k00,2014-11-07T00:52:06.050Z,"9 km ENE of Sach’khere, Georgia",earthquake,,,,11,reviewed,us,us
1992-12-28T17:51:20.890Z,33.947,-116.307,3.669,3.33,ml,0,31.1,,0.179,ci,ci3085226,2016-02-10T09:20:41.268Z,"16km NNE of Thousand Palms, California",earthquake,,0.133,,32,reviewed,ci,ci
1992-12-28T17:45:32.290Z,11.269,-61.962,100,3.2,md,,,,0.4,us,usp0005jzy,2014-11-07T00:52:06.047Z,"77 km NW of Petit Valley, Trinidad and Tobago",earthquake,,,,,reviewed,us,trn
1992-12-28T17:42:39.770Z,34.2,-116.436,5.737,2.95,ml,0,42.5,,0.128,ci,ci3085223,2016-02-10T23:33:11.029Z,"10km N of Yucca Valley, California",earthquake,,4.452,,29,reviewed,ci,ci
1992-12-28T17:18:02.900Z,44.355,-7.934,10,3.6,mblg,,,,0.9,us,usp0005jzw,2014-11-07T00:52:06.042Z,"68 km N of Cariño, Spain",earthquake,,,,,reviewed,us,mdd
1992-12-28T17:14:29.520Z,-8.213,105.843,33,4.4,mb,,,,1.4,us,usp0005jzv,2014-11-07T00:52:06.040Z,"156 km SSW of Pelabuhanratu, Indonesia",earthquake,,,,2,reviewed,us,us
1992-12-28T16:29:00.340Z,28.864,142.376,33,4.9,mb,,,,0.8,us,usp0005jzu,2014-11-07T00:52:06.037Z,"Bonin Islands, Japan region",earthquake,,,,19,reviewed,us,us
1992-12-28T13:52:29.120Z,40.379,142.36,62.6,4.3,mb,,,,1.1,us,usp0005jzt,2014-11-07T00:52:06.035Z,"74 km E of Hachinohe, Japan",earthquake,,7.1,,5,reviewed,us,us
1992-12-28T13:42:02.550Z,30.057,69.183,17,4.8,mb,,,,1,us,usp0005jzs,2014-11-07T00:52:06.028Z,"19 km NNW of Kohlu, Pakistan",earthquake,,,,38,reviewed,us,us
1992-12-28T13:20:30.310Z,33.697,-118.188,2.378,2.66,mc,0,86.7,,0.192,ci,ci3085194,2016-02-10T23:33:04.760Z,"9km WSW of Seal Beach, California",earthquake,,1.364,,83,reviewed,ci,ci
1992-12-28T12:32:05.370Z,25.245,67.762,33,3.6,mb,,,,0.7,us,usp0005jzr,2014-11-07T00:52:06.026Z,"56 km WSW of Kotri, Pakistan",earthquake,,,,2,reviewed,us,us
1992-12-28T11:25:26.310Z,44.6485,-110.9776667,7.28,2.92,md,10,161,0.08494,0.15,uu,uu50070145,2018-08-28T04:45:50.830Z,"10 km E of West Yellowstone, Montana",earthquake,0.7,1.04,,5,reviewed,uu,uu
1992-12-28T11:21:35.760Z,63.0185,-150.7245,118,3.2,ml,,,,0.16,ak,ak992goirbpk,2020-09-14T19:49:41.888Z,"58 km N of Petersville, Alaska",earthquake,,3,,,reviewed,ak,ak
1992-12-28T10:34:38.140Z,38.885,142.388,27,5.3,mw,,,,1.1,us,usp0005jzp,2025-12-19T22:55:44.075Z,"61 km ESE of ?funato, Japan",earthquake,,,,,reviewed,us,hrv
1992-12-28T10:27:25.510Z,44.6428333,-110.9695,5.68,2.92,md,13,151,0.0793,0.36,uu,uu50070140,2018-08-28T04:45:50.150Z,"10 km ESE of West Yellowstone, Montana",earthquake,1.44,2.77,,4,reviewed,uu,uu
1992-12-28T10:23:22.240Z,38.878,142.488,30.2,5,mb,,,,1,us,usp0005jzm,2014-11-07T00:52:05.988Z,"69 km SE of Kamaishi, Japan",earthquake,,,,60,reviewed,us,us
1992-12-28T09:59:23.190Z,6.732,-72.552,120.7,4.1,mb,,,,0.7,us,usp0005jzk,2014-11-07T00:52:05.986Z,"14 km NE of Carcasí, Colombia",earthquake,,9.6,,1,reviewed,us,us
1992-12-28T09:58:39.870Z,44.6493333,-110.9578333,7.83,2.99,md,11,108,0.07079,0.15,uu,uu50070135,2018-08-28T04:45:49.490Z,"11 km E of West Yellowstone, Montana",earthquake,0.46,0.72,,6,reviewed,uu,uu
1992-12-28T09:23:04.770Z,7.207,-76.255,88,3.9,mb,,,,1.5,us,usp0005jzj,2014-11-07T00:52:05.983Z,"20 km ESE of Mutatá, Colombia",earthquake,,22.2,,1,reviewed,us,us
1992-12-28T09:20:15.760Z,61.2082,-152.1497,126.7,2.7,ml,,,,0.25,ak,ak992gohk78o,2020-09-14T19:49:42.556Z,"56 km WNW of Tyonek, Alaska",earthquake,,3.2,,,reviewed,ak,ak
1992-12-28T09:04:06.240Z,63.4217,-151.1815,30.5,3.7,ml,,,,0.16,ak,ak992gohgr1s,2020-09-14T19:49:42.890Z,"30 km ESE of Denali National Park, Alaska",earthquake,,5.2,,,reviewed,ak,ak
1992-12-28T08:45:42.640Z,26.07,67.299,43.5,5.2,mw,,,,1,us,usp0005jzf,2022-04-28T18:26:59.356Z,"68 km SW of Sehwan, Pakistan",earthquake,,,,,reviewed,us,hrv
1992-12-28T08:19:26.560Z,38.732,142.664,13.5,4.4,mb,,,,1.3,us,usp0005jze,2014-11-07T00:52:05.860Z,"90 km ESE of ?funato, Japan",earthquake,,6.7,,9,reviewed,us,us
1992-12-28T08:16:02.870Z,44.6501667,-111.0116667,7.83,3.2,md,13,159,0.1092,0.17,uu,uu50070130,2018-08-28T04:45:48.830Z,"7 km E of West Yellowstone, Montana",earthquake,1.03,0.74,,6,reviewed,uu,uu
1992-12-28T08:13:28.320Z,34.95,-116.931,-0.912,2.77,mc,0,61.8,,0.198,ci,ci3085165,2016-02-10T19:52:32.346Z,"10km NE of Barstow, California",earthquake,,0.594,,87,reviewed,ci,ci
1992-12-28T06:32:33.480Z,-1.234,-78.593,10,4,mb,,,,1.1,us,usp0005jzb,2014-11-07T00:52:05.855Z,"3 km ENE of Ambato, Ecuador",earthquake,,,,1,reviewed,us,us
1992-12-28T05:48:17.220Z,-37.097,177.179,230.2,4.1,mb,,,,1.2,us,usp0005jza,2014-11-07T00:52:05.852Z,"97 km N of Whakatane, New Zealand",earthquake,,8.4,,3,reviewed,us,us
1992-12-28T05:31:25.000Z,-34.005,-101.282,10,5.2,mb,,,,0.8,us,usp0005jz9,2014-11-07T00:52:05.848Z,"West Chile Rise",earthquake,,,,6,reviewed,us,us
1992-12-28T05:23:25.620Z,23.922,121.738,34.5,5,mb,,,,1,us,usp0005jz8,2014-11-07T00:52:05.836Z,"14 km ESE of Hualien City, Taiwan",earthquake,,,,53,reviewed,us,us
1992-12-28T05:14:32.090Z,10.744,-61.618,10,2.8,md,,,,0.8,us,usp0005jz7,2014-11-07T00:52:05.834Z,"9 km WNW of Petit Valley, Trinidad and Tobago",earthquake,,,,,reviewed,us,trn
1992-12-28T04:37:32.870Z,40.3626667,-124.5306667,15.417,2.76,md,13,271,0.1856,0.07,nc,nc330222,2016-12-20T02:03:35.179Z,"32 km SW of Ferndale, California",earthquake,1.75,0.32,0.22,15,reviewed,nc,nc
1992-12-28T04:24:35.930Z,-8.264,122.424,26.8,5.4,mb,,,,1.1,us,usp0005jz6,2022-04-28T18:26:58.202Z,"45 km NNE of Maumere, Indonesia",earthquake,,,,62,reviewed,us,us
1992-12-28T04:21:35.020Z,58.1867,-151.371,8.9,2.6,ml,,,,0.3,ak,ak992goelaf2,2020-09-14T19:49:43.877Z,"72 km ENE of Ouzinkie, Alaska",earthquake,,7.8,,,reviewed,ak,ak
1992-12-28T04:19:51.470Z,39.486,28.743,10,2.7,md,,,,0.3,us,usp0005jz4,2014-11-07T00:52:05.800Z,"14 km SE of Dursunbey, Turkey",earthquake,,,,,reviewed,us,isk
1992-12-28T04:11:51.220Z,37.5385,-121.8338333,3.576,2.5,md,64,46,0.03604,0.06,nc,nc330220,2016-12-20T02:03:30.160Z,"7 km SE of Sunol, California",earthquake,0.11,0.34,0.08,58,reviewed,nc,nc
1992-12-28T04:06:09.870Z,7.461,-76.467,51.1,3.7,mb,,,,0.5,us,usp0005jz3,2014-11-07T00:52:05.799Z,"24 km N of Mutatá, Colombia",earthquake,,27.9,,1,reviewed,us,us
1992-12-28T03:16:38.900Z,-9.055,123.028,33,4.5,mb,,,,0.6,us,usp0005jz2,2014-11-07T00:52:05.797Z,"101 km NW of Naisano Dua, Indonesia",earthquake,,,,2,reviewed,us,us
1992-12-28T03:14:42.730Z,45.872,5.461,11.6,3.8,ml,,,,0.9,us,usp0005jz1,2014-11-07T00:52:05.789Z,"3 km NE of Villebois, France",earthquake,,1.7,,,reviewed,us,ldg
1992-12-28T02:50:17.280Z,33.947,-116.308,3.739,2.58,mc,0,69.7,,0.138,ci,ci2078216,2016-02-10T05:42:34.396Z,"16km NNE of Thousand Palms, California",earthquake,,0.367,,23,reviewed,ci,ci
1992-12-28T02:50:09.650Z,38.826,142.839,10,4.2,mb,,,,1.3,us,usp0005jz0,2014-11-07T00:52:05.787Z,"97 km ESE of Kamaishi, Japan",earthquake,,,,2,reviewed,us,us
1992-12-28T02:50:01.800Z,33.948,-116.303,2.249,2.62,mc,0,33.3,,0.194,ci,ci3085137,2016-02-09T22:29:48.649Z,"16km NNE of Thousand Palms, California",earthquake,,0.271,,68,reviewed,ci,ci
1992-12-28T02:08:21.420Z,47.241,9.188,5,3.7,ml,,,,1,us,usp0005jyy,2014-11-07T00:52:05.775Z,"1 km ESE of Krummenau, Switzerland",earthquake,,,,,reviewed,us,vie
1992-12-28T01:23:46.690Z,39.289,28.762,10,3.2,md,,,,0.6,us,usp0005jyx,2014-11-07T00:52:05.774Z,"28 km NNE of Demirci, Turkey",earthquake,,,,,reviewed,us,isk
1992-12-28T01:06:27.000Z,-16.685,176.622,10,4.7,mb,,,,1.3,us,usp0005jyw,2014-11-07T00:52:05.773Z,"135 km NW of Lautoka, Fiji",earthquake,,,,4,reviewed,us,us
1992-12-28T00:48:08.850Z,58.4555,-150.3142,0,2.7,ml,,,,0.3,ak,ak992gocdab9,2020-09-14T19:49:44.183Z,"132 km SE of Port Graham, Alaska",earthquake,,10.9,,,reviewed,ak,ak
1992-12-28T00:16:17.420Z,-34.33,-101.495,10,5.3,mb,,,,0.8,us,usp0005jyt,2014-11-07T00:52:05.764Z,"West Chile Rise",earthquake,,,,8,reviewed,us,us
1992-12-27T23:58:38.090Z,-35.972,-101.91,10,5.3,mb,,,,0.9,us,usp0005jys,2014-11-07T00:52:05.759Z,"southeast of Easter Island",earthquake,,,,12,reviewed,us,us
1992-12-27T22:38:23.450Z,-32.218,-70.926,70,3.5,md,,,,0.5,us,usp0005jyq,2014-11-07T00:52:05.756Z,"38 km NE of La Ligua, Chile",earthquake,,,,,reviewed,us,san
1992-12-27T22:21:03.570Z,40.55,27.674,10,2.7,md,,,,0.9,us,usp0005jyp,2014-11-07T00:52:05.755Z,"10 km ESE of Marmara, Turkey",earthquake,,,,,reviewed,us,isk
1992-12-27T21:49:04.470Z,-6.087,113.05,600.9,6,mw,,,,0.9,us,usp0005jyn,2022-04-28T18:26:57.042Z,"111 km NNE of Bangkalan, Indonesia",earthquake,,,,,reviewed,us,hrv
1992-12-27T21:41:14.680Z,-31.789,-72.2,90.8,4.4,md,,,,1.2,us,usp0005jym,2014-11-07T00:52:05.701Z,"99 km W of Illapel, Chile",earthquake,,38.5,,,reviewed,us,san
1992-12-27T21:11:36.770Z,-5.502,129.514,138.3,4.5,mb,,,,1.5,us,usp0005jyk,2014-11-07T00:52:05.700Z,"248 km SSE of Amahai, Indonesia",earthquake,,30,,1,reviewed,us,us
1992-12-27T21:09:37.660Z,39.488,71.668,33,4.7,mb,,,,1.2,us,usp0005jyj,2014-11-07T00:52:05.693Z,"30 km NNE of Karakenja, Tajikistan",earthquake,,,,38,reviewed,us,us
1992-12-27T20:45:39.640Z,34.267,-116.458,-0.38,3.02,ml,0,42.4,,0.152,ci,ci3085101,2016-02-10T09:20:26.735Z,"17km N of Yucca Valley, California",earthquake,,0.52,,32,reviewed,ci,ci
1992-12-27T20:11:06.370Z,39.359,28.752,10,3,md,,,,0.6,us,usp0005jyg,2014-11-07T00:52:05.691Z,"27 km SSE of Dursunbey, Turkey",earthquake,,,,,reviewed,us,isk
1992-12-27T18:10:25.410Z,-31.671,-71.842,33,4,md,,,,1.1,us,usp0005jye,2014-11-07T00:52:05.688Z,"63 km W of Illapel, Chile",earthquake,,,,,reviewed,us,san
1992-12-27T17:10:38.160Z,41.64,23.171,5,2.5,ml,,,,0.5,us,usp0005jyd,2014-11-07T00:52:05.686Z,"2 km WNW of Strumyani, Bulgaria",earthquake,,,,,reviewed,us,sko
1992-12-27T16:21:17.120Z,38.857,142.32,28.3,5.7,ms,,,,1,us,usp0005jyb,2022-04-28T18:26:55.937Z,"57 km ESE of ?funato, Japan",earthquake,,,,40,reviewed,us,us
1992-12-27T16:16:28.110Z,14.47,-92.049,33,3.7,mb,,,,0.8,us,usp0005jya,2014-11-07T00:52:05.633Z,"16 km ESE of Ocós, Guatemala",earthquake,,,,1,reviewed,us,us
1992-12-27T15:37:41.890Z,60.1387,-153.1233,130.8,3,ml,,,,0.2,ak,ak992gmxp5kd,2020-09-14T19:49:45.769Z,"66 km E of Port Alsworth, Alaska",earthquake,,1.6,,,reviewed,ak,ak
1992-12-27T15:37:11.920Z,60.081,-140.2657,0,3,ml,,,,0.34,ak,ak992gmxp394,2020-09-14T19:49:46.189Z,"66 km NNW of Yakutat, Alaska",earthquake,,11.4,,,reviewed,ak,ak
1992-12-27T15:31:57.700Z,-34.133,-178.257,66.4,4.8,mb,,,,1.1,us,usp0005jy6,2014-11-07T00:52:05.604Z,"south of the Kermadec Islands",earthquake,,33.7,,2,reviewed,us,us
1992-12-27T15:01:29.890Z,38.329,27.163,5,3,md,,,,1,us,usp0005jy5,2014-11-07T00:52:05.603Z,"5 km SSE of Karaba?lar, Turkey",earthquake,,,,,reviewed,us,isk
1992-12-27T14:57:22.170Z,38.38,27.381,5,3.2,md,,,,1,us,usp0005jy4,2014-11-07T00:52:05.602Z,"6 km SSW of Kemalpa?a, Turkey",earthquake,,,,,reviewed,us,isk
1992-12-27T14:39:31.110Z,43.461,-0.622,5,3.1,ml,,,,0.6,us,usp0005jy3,2014-11-07T00:52:05.598Z,"0 km SW of Arthez-de-Béarn, France",earthquake,,,,,reviewed,us,ldg
1992-12-27T13:40:46.750Z,40.548,-127.353,10,3.3,mb,,,,1.3,us,usp0005jy1,2016-12-20T02:02:03.186Z,"261 km W of Ferndale, California",earthquake,,,,1,reviewed,us,us
1992-12-27T13:37:50.480Z,64.8232,-147.3885,10.2,2.6,ml,,,,0.2,ak,ak992gmwib0o,2020-09-14T19:49:47.173Z,"7 km ENE of Badger, Alaska",earthquake,,1.4,,,reviewed,ak,ak
1992-12-27T12:38:56.810Z,35.246,110.804,33,3.6,ml,,,,1.5,us,usp0005jxz,2014-11-07T00:52:05.590Z,"30 km NW of Yuncheng, China",earthquake,,,,,reviewed,us,bji
1992-12-27T12:23:21.560Z,63.997,-21.411,10,4.3,mb,,,,0.9,us,usp0005jxy,2014-11-07T00:52:05.587Z,"11 km W of Hveragerði, Iceland",earthquake,,,,21,reviewed,us,us
1992-12-27T12:10:27.490Z,-9.458,123.603,88.9,5,mb,,,,1.1,us,usp0005jxx,2014-11-07T00:52:05.582Z,"24 km NW of Naisano Dua, Indonesia",earthquake,,9.9,,7,reviewed,us,us
1992-12-27T11:13:19.450Z,40.497,-127.325,10,4.4,mb,,,,1.1,us,usp0005jxw,2016-12-20T02:01:37.052Z,"259 km W of Ferndale, California",earthquake,,,,14,reviewed,us,us
1992-12-27T10:39:01.890Z,-34.31,-70.456,120,3.7,md,,,,0.2,us,usp0005jxv,2014-11-07T00:52:05.572Z,"22 km SE of Machalí, Chile",earthquake,,,,,reviewed,us,san
1992-12-27T10:14:10.000Z,37.5,-89.62,10,2.7,md,,,,,us,usp0005jxu,2014-11-07T00:52:05.571Z,"1 km E of Pocahontas, Missouri",earthquake,,,,,reviewed,slm,slm
1992-12-27T10:12:58.760Z,37.501,-89.616,9.5,3.2,md,,,,,nm,nm603960,2016-04-14T19:04:23.030Z,"2 km E of Pocahontas, Missouri",earthquake,,,,,reviewed,nm,nm
1992-12-27T10:08:53.640Z,39.273,28.738,10,2.7,md,,,,1.1,us,usp0005jxs,2014-11-07T00:52:05.566Z,"26 km NNE of Demirci, Turkey",earthquake,,,,,reviewed,us,isk
1992-12-27T09:50:34.580Z,19.829,-155.9695,43.436,2.78,ml,25,220,,0.1,hv,hv728261,2020-03-31T19:03:23.040Z,"11 km N of Kalaoa, Hawaii",earthquake,0.89,0.8,,10,reviewed,hv,hv
1992-12-27T09:45:09.790Z,11.024,-62.251,33,3.3,md,,,,0.9,us,usp0005jxr,2014-11-07T00:52:05.565Z,"49 km N of Güiria, Venezuela",earthquake,,,,,reviewed,us,trn
1992-12-27T08:43:29.370Z,38.248,27.131,5,3.4,md,,,,0.8,us,usp0005jxp,2014-11-07T00:52:05.562Z,"0 km WSW of Menderes, Turkey",earthquake,,,,,reviewed,us,isk
1992-12-27T08:17:51.750Z,-32.969,-72.233,5,3.7,md,,,,0.2,us,usp0005jxn,2014-11-07T00:52:05.560Z,"56 km W of Valparaíso, Chile",earthquake,,,,,reviewed,us,san
1992-12-27T08:15:12.260Z,-32.994,-72.136,10,3.7,md,,,,0.3,us,usp0005jxm,2014-11-07T00:52:05.558Z,"47 km W of Valparaíso, Chile",earthquake,,,,,reviewed,us,san
1992-12-27T08:11:25.830Z,-33.004,-72.11,8.3,3.7,md,,,,0.5,us,usp0005jxk,2014-11-07T00:52:05.556Z,"45 km W of Valparaíso, Chile",earthquake,,4.1,,,reviewed,us,san
1992-12-27T06:47:13.370Z,13.519,-92.077,41.3,4.2,mb,,,,1.2,us,usp0005jxj,2014-11-07T00:52:05.555Z,"87 km SSW of Champerico, Guatemala",earthquake,,19.7,,1,reviewed,us,us
1992-12-27T06:03:16.700Z,34.13,-117.756,3.588,2.52,mc,0,52.9,,0.188,ci,ci3085025,2016-02-09T22:29:26.540Z,"3km NNE of La Verne, California",earthquake,,0.412,,92,reviewed,ci,ci
1992-12-27T05:58:37.180Z,16.917,145.226,242.6,5,mb,,,,0.6,us,usp0005jxh,2014-11-07T00:52:05.552Z,"196 km NNW of Saipan, Northern Mariana Islands",earthquake,,8.8,,8,reviewed,us,us
1992-12-27T05:57:37.390Z,60.5487,-152.6695,9.2,3.2,ml,,,,0.4,ak,ak992gmrv3hn,2020-09-14T19:49:48.520Z,"74 km W of Salamatof, Alaska",earthquake,,0.3,,,reviewed,ak,ak
1992-12-27T05:55:15.370Z,-38.046,175.728,278.6,4.4,mb,,,,1.2,us,usp0005jxf,2014-11-07T00:52:05.541Z,"24 km NNW of Tokoroa, New Zealand",earthquake,,5.1,,7,reviewed,us,us
1992-12-27T04:50:43.810Z,7.855,94.281,33,4.6,mb,,,,1.2,us,usp0005jxe,2014-11-07T00:52:05.539Z,"245 km NNW of Sabang, Indonesia",earthquake,,,,6,reviewed,us,us
1992-12-27T03:27:58.270Z,39.298,28.746,5,2.8,md,,,,0.4,us,usp0005jxd,2014-11-07T00:52:05.538Z,"28 km NNE of Demirci, Turkey",earthquake,,,,,reviewed,us,isk
1992-12-27T03:13:29.820Z,39.258,28.698,5,2.8,md,,,,0.5,us,usp0005jxc,2014-11-07T00:52:05.537Z,"23 km N of Demirci, Turkey",earthquake,,,,,reviewed,us,isk
1992-12-27T03:13:09.370Z,-33.019,-70.374,96.2,3.7,md,,,,0.3,us,usp0005jxb,2014-11-07T00:52:05.535Z,"29 km SE of Los Andes, Chile",earthquake,,38.5,,,reviewed,us,san
1992-12-27T03:07:25.810Z,34.949,-116.929,-0.902,2.88,mc,0,61.9,,0.176,ci,ci3085012,2016-02-10T23:32:42.763Z,"10km ENE of Barstow, California",earthquake,,1.341,,94,reviewed,ci,ci
1992-12-27T03:00:53.170Z,34.586,-120.674,1.882,2.53,mc,0,186.6,,0.231,ci,ci3085010,2016-02-09T22:29:25.176Z,"21km WSW of Lompoc, California",earthquake,,2.942,,17,reviewed,ci,ci
1992-12-27T02:13:10.090Z,-0.163,-19.729,10,4.2,mb,,,,0.7,us,usp0005jx6,2014-11-07T00:52:05.525Z,"central Mid-Atlantic Ridge",earthquake,,,,4,reviewed,us,us
1992-12-27T01:54:48.470Z,39.323,28.675,10,2.9,md,,,,0.3,us,usp0005jx5,2014-11-07T00:52:05.523Z,"29 km S of Dursunbey, Turkey",earthquake,,,,,reviewed,us,isk
1992-12-27T01:47:42.350Z,50.699,96.57,33,3.8,mb,,,,1.1,us,usp0005jx4,2014-11-07T00:52:05.519Z,"68 km W of Kungurtug, Russia",earthquake,,,,2,reviewed,us,us
1992-12-27T01:18:16.510Z,-1.081,-78.337,10,4.8,mb,,,,1.1,us,usp0005jx3,2014-11-07T00:52:05.516Z,"25 km ENE of Píllaro, Ecuador",earthquake,,,,4,reviewed,us,us
1992-12-27T00:18:38.000Z,34.352,-116.894,2.851,3.79,ml,0,28.5,,0.143,ci,ci3084992,2016-02-10T09:20:04.677Z,"11km NNW of Big Bear City, California",earthquake,,0.093,,34,reviewed,ci,ci
1992-12-26T22:46:02.870Z,36.5858333,-121.1796667,3.317,3.15,md,68,32,0.01351,0.06,nc,nc330141,2016-12-20T02:00:14.060Z,"22 km NE of Soledad, California",earthquake,0.09,0.25,0.14,86,reviewed,nc,nc
1992-12-26T22:37:46.760Z,-34.338,-70.468,11.6,3.9,md,,,,0.5,us,usp0005jx0,2014-11-07T00:52:05.506Z,"24 km SE of Machalí, Chile",earthquake,,5.6,,,reviewed,us,san
1992-12-26T22:13:26.010Z,35.452,139.708,32.7,4.3,mb,,,,1.3,us,usp0005jwz,2014-11-07T00:52:05.502Z,"5 km ENE of Yokohama, Japan",earthquake,,7.5,,4,reviewed,us,us
1992-12-26T22:11:05.450Z,43.934,-127.887,10,5.3,ms,,,,0.9,us,usp0005jwy,2022-04-28T18:26:54.800Z,"295 km WNW of Bandon, Oregon",earthquake,,,,22,reviewed,us,us
1992-12-26T21:45:28.550Z,64.9625,-147.483,16.4,2.6,ml,,,,0.11,ak,ak992glds3ef,2020-09-14T19:49:49.902Z,"6 km E of Fox, Alaska",earthquake,,1.2,,,reviewed,ak,ak
1992-12-26T20:52:40.700Z,56.366,-120.762,5,5,mb,,,,,us,usp0005jwv,2020-04-16T19:01:51.146Z,"14 km NNE of Fort St. John, Canada",earthquake,,,,1,reviewed,pgc,us
1992-12-26T20:27:24.160Z,39.23,28.741,10,3.3,md,,,,0.8,us,usp0005jwu,2014-11-07T00:52:05.467Z,"21 km NNE of Demirci, Turkey",earthquake,,,,,reviewed,us,isk
1992-12-26T19:52:24.900Z,-0.564,-19.318,27.1,6.8,mw,,,,1.2,us,usp0005jwt,2022-04-28T18:26:53.628Z,"central Mid-Atlantic Ridge",earthquake,,,,,reviewed,us,hrv
1992-12-26T19:38:05.180Z,-32.693,-177.681,10,5.3,mb,,,,1.4,us,usp0005jws,2022-04-28T18:26:52.528Z,"south of the Kermadec Islands",earthquake,,,,17,reviewed,us,us
1992-12-26T19:28:06.380Z,-32.421,-178.287,10,5.2,mb,,,,1,us,usp0005jwr,2014-11-07T00:52:05.410Z,"south of the Kermadec Islands",earthquake,,,,19,reviewed,us,us
1992-12-26T19:14:25.750Z,-32.457,-178.282,10,5.7,mw,,,,1.1,us,usp0005jwq,2022-04-28T18:26:51.368Z,"south of the Kermadec Islands",earthquake,,,,,reviewed,us,hrv
1992-12-26T18:23:10.800Z,48.981,-128.982,10,3.2,mb,,,,,us,usp0005jwp,2014-11-07T00:52:05.381Z,"222 km WSW of Vernon, Canada",earthquake,,,,1,reviewed,pgc,us
1992-12-26T17:59:17.340Z,64.6002,-145.9532,12.3,2.9,ml,,,,0.18,ak,ak992glbhc52,2020-09-14T19:49:50.206Z,"40 km NE of Harding-Birch Lakes, Alaska",earthquake,,2,,,reviewed,ak,ak
1992-12-26T17:14:45.030Z,41.3291667,-126.0175,3.522,2.61,ma,10,316,1.535,0.07,nc,nc330125,2016-12-20T01:59:45.266Z,"158 km WSW of Crescent City, California",earthquake,6.41,5.08,0.07,14,reviewed,nc,nc
1992-12-26T16:48:53.570Z,-6.011,153.511,106.4,4.6,mb,,,,0.9,us,usp0005jwm,2014-11-07T00:52:05.376Z,"221 km W of Panguna, Papua New Guinea",earthquake,,8.3,,4,reviewed,us,us
1992-12-26T16:41:27.570Z,63.1827,-150.9063,134.6,2.5,ml,,,,0.09,ak,ak992glas2fp,2020-09-14T19:49:50.852Z,"57 km SE of Denali National Park, Alaska",earthquake,,7.3,,,reviewed,ak,ak
1992-12-26T16:33:59.650Z,39.178,28.579,10,2.9,md,,,,0.9,us,usp0005jwj,2014-11-07T00:52:05.371Z,"16 km NNW of Demirci, Turkey",earthquake,,,,,reviewed,us,isk
1992-12-26T16:17:50.250Z,-8.343,122.267,23.8,5.1,mb,,,,1.2,us,usp0005jwh,2014-11-07T00:52:05.364Z,"31 km NNE of Maumere, Indonesia",earthquake,,,,33,reviewed,us,us
1992-12-26T16:08:56.590Z,-1.063,-78.796,10,4.1,mb,,,,1.4,us,usp0005jwg,2014-11-07T00:52:05.362Z,"16 km SW of Pujilí, Ecuador",earthquake,,,,1,reviewed,us,us
1992-12-26T15:19:49.260Z,39.381,28.76,10,2.9,md,,,,0.5,us,usp0005jwf,2014-11-07T00:52:05.361Z,"25 km SSE of Dursunbey, Turkey",earthquake,,,,,reviewed,us,isk
1992-12-26T15:12:43.540Z,-30.934,-68.865,118.7,4.1,md,,,,0.8,us,usp0005jwe,2014-11-07T00:52:05.358Z,"64 km NNW of Albardón, Argentina",earthquake,,12.4,,,reviewed,us,san
1992-12-26T14:57:38.810Z,-1.011,-78.064,11.6,5.9,mw,,,,1,us,usp0005jwd,2022-04-28T18:26:50.060Z,"28 km W of Tena, Ecuador",earthquake,,,,,reviewed,us,hrv
1992-12-26T14:51:45.490Z,40.6398333,-126.2103333,4.762,2.97,md,26,292,1.439,0.2,nc,nc330121,2016-12-20T01:59:33.699Z,"164 km W of Ferndale, California",earthquake,6.1,18.04,0.11,18,reviewed,nc,nc
1992-12-26T14:51:32.030Z,40.401,-127.404,10,4.1,mb,,,,1,us,usp0005jwc,2014-11-07T00:52:05.324Z,"266 km W of Ferndale, California",earthquake,,,,7,reviewed,us,us
1992-12-26T13:59:01.760Z,40.6235,-124.3085,17.916,2.73,md,15,215,0.1495,0.59,nc,nc330117,2016-12-20T01:59:17.874Z,"6 km NW of Ferndale, California",earthquake,3.6,3.97,0.17,7,reviewed,nc,nc
1992-12-26T13:58:27.400Z,40.481,-127.357,10,3.7,mb,,,,1.2,us,usp0005jwb,2014-11-07T00:52:05.321Z,"262 km W of Ferndale, California",earthquake,,,,2,reviewed,us,us
1992-12-26T13:04:24.880Z,-32.538,-71.946,10,3.7,md,,,,0.4,us,usp0005jw9,2014-11-07T00:52:05.316Z,"62 km NNW of Valparaíso, Chile",earthquake,,,,,reviewed,us,san
1992-12-26T12:33:52.320Z,39.307,28.767,10,3,md,,,,0.4,us,usp0005jw8,2014-11-07T00:52:05.315Z,"30 km NW of Simav, Turkey",earthquake,,,,,reviewed,us,isk
1992-12-26T12:02:01.790Z,21.036,94.782,120.1,4,mb,,,,0.5,us,usp0005jw7,2014-11-07T00:52:05.313Z,"15 km NNW of Chauk, Myanmar",earthquake,,10.7,,3,reviewed,us,us
1992-12-26T11:44:50.280Z,36.394,71.238,87.1,5.4,mw,,,,1,us,usp0005jw6,2025-12-19T22:55:43.205Z,"41 km SW of Ashk?sham, Afghanistan",earthquake,,,,,reviewed,us,hrv
1992-12-26T11:14:23.060Z,-32.445,-71.98,10,3.4,md,,,,0.6,us,usp0005jw4,2014-11-07T00:52:05.290Z,"70 km W of La Ligua, Chile",earthquake,,,,,reviewed,us,san
1992-12-26T10:40:15.150Z,39.9501667,-120.8341667,3.576,3,md,39,207,0.4883,0.11,nc,nc330108,2016-12-20T01:59:00.380Z,"5 km ENE of East Quincy, California",earthquake,0.57,2.85,0.15,44,reviewed,nc,nc
1992-12-26T10:26:32.720Z,37.2911667,-112.7128333,3.72,2.72,md,12,189,0.4766,0.3,uu,uu50070100,2018-08-28T04:45:44.960Z,"6 km WNW of Orderville, Utah",earthquake,2.1,2.88,,9,reviewed,uu,uu
1992-12-26T09:43:24.620Z,-8.631,121.968,149.2,4.6,mb,,,,1.5,us,usp0005jw2,2014-11-07T00:52:05.287Z,"26 km W of Maumere, Indonesia",earthquake,,23,,1,reviewed,us,us
1992-12-26T07:58:49.240Z,39.217,28.833,10,2.9,md,,,,0.1,us,usp0005jw0,2014-11-07T00:52:05.284Z,"18 km NW of Simav, Turkey",earthquake,,,,,reviewed,us,isk
1992-12-26T07:51:38.160Z,39.239,27.864,10,2.8,md,,,,0.2,us,usp0005jvz,2014-11-07T00:52:05.283Z,"22 km NE of K?rka?aç, Turkey",earthquake,,,,,reviewed,us,isk
1992-12-26T07:36:25.770Z,19.041,-108.372,10,3.9,mb,,,,0.9,us,usp0005jvy,2014-11-07T00:52:05.281Z,"Revilla Gigedo Islands region",earthquake,,,,6,reviewed,us,us
1992-12-26T07:33:19.030Z,37.207,24.189,10,3.3,ml,,,,1.3,us,usp0005jvx,2014-11-07T00:52:05.279Z,"28 km WNW of Sérifos, Greece",earthquake,,,,,reviewed,us,ath
1992-12-26T07:02:07.430Z,43.677,18.669,10,2.7,ml,,,,0.6,us,usp0005jvw,2014-11-07T00:52:05.277Z,"14 km NW of Ustikolina, Bosnia and Herzegovina",earthquake,,,,,reviewed,us,ttg
1992-12-26T06:55:30.960Z,13.306,145.085,85,4.9,mb,,,,1.1,us,usp0005jvv,2014-11-07T00:52:05.272Z,"33 km SE of Yigo Village, Guam",earthquake,,5.7,,21,reviewed,us,us
1992-12-26T06:45:49.230Z,39.242,28.706,10,2.9,md,,,,0.1,us,usp0005jvt,2014-11-07T00:52:05.269Z,"22 km N of Demirci, Turkey",earthquake,,,,,reviewed,us,isk
1992-12-26T06:44:07.990Z,39.311,28.767,10,2.9,md,,,,1,us,usp0005jvs,2014-11-07T00:52:05.267Z,"30 km NW of Simav, Turkey",earthquake,,,,,reviewed,us,isk
1992-12-26T06:02:02.640Z,-5.594,152.834,38,5.8,mw,,,,0.9,us,usp0005jvr,2022-04-28T17:23:31.697Z,"151 km SSE of Kokopo, Papua New Guinea",earthquake,,,,,reviewed,us,hrv
1992-12-26T05:23:06.350Z,58.974,1.911,10,3.9,ml,,,,1.2,us,usp0005jvq,2014-11-07T00:52:05.228Z,"190 km W of Åkrehamn, Norway",earthquake,,,,,reviewed,us,bgs
1992-12-26T04:23:46.310Z,34.902,-119.547,11.912,2.59,mc,0,50.8,,0.268,ci,ci3084870,2016-02-10T23:32:29.662Z,"22km SW of Maricopa, California",earthquake,,0.709,,65,reviewed,ci,ci
1992-12-26T04:18:40.820Z,39.285,28.689,10,2.6,md,,,,0.2,us,usp0005jvn,2014-11-07T00:52:05.225Z,"26 km N of Demirci, Turkey",earthquake,,,,,reviewed,us,isk
1992-12-26T03:54:33.030Z,34.508,-116.512,10.928,2.58,mc,0,68,,0.113,ci,ci3084868,2016-02-10T16:15:22.888Z,"40km SW of Ludlow, California",earthquake,,0.993,,82,reviewed,ci,ci
1992-12-26T03:28:47.230Z,39.198,28.631,10,2.9,md,,,,0.8,us,usp0005jvm,2014-11-07T00:52:05.224Z,"17 km N of Demirci, Turkey",earthquake,,,,,reviewed,us,isk
1992-12-26T03:02:29.210Z,-33.678,-71.609,12.2,3.7,md,,,,0.5,us,usp0005jvk,2014-11-07T00:52:05.222Z,"9 km S of San Antonio, Chile",earthquake,,6.3,,,reviewed,us,san
1992-12-26T01:43:57.490Z,2.074,127.226,137.2,5,mb,,,,0.8,us,usp0005jvh,2014-11-07T00:52:05.218Z,"95 km WNW of Tobelo, Indonesia",earthquake,,7.9,,10,reviewed,us,us
1992-12-26T01:06:42.500Z,-25.376,-179.835,552.6,4.7,mb,,,,0.9,us,usp0005jvg,2014-11-07T00:52:05.216Z,"south of the Fiji Islands",earthquake,,31.5,,7,reviewed,us,us
1992-12-26T00:55:39.930Z,-10.418,127.392,33,4.8,mb,,,,0.5,us,usp0005jvf,2014-11-07T00:52:05.214Z,"206 km SSE of Viqueque, Timor Leste",earthquake,,,,1,reviewed,us,us
1992-12-26T00:47:13.040Z,35.21,22.154,42,4.4,mb,,,,1.1,us,usp0005jve,2014-11-07T00:52:05.192Z,"128 km SW of Kýthira, Greece",earthquake,,7,,37,reviewed,us,us
1992-12-26T00:28:02.370Z,39.147,28.664,10,2.8,md,,,,1.1,us,usp0005jvd,2014-11-07T00:52:05.191Z,"11 km N of Demirci, Turkey",earthquake,,,,,reviewed,us,isk
1992-12-25T23:52:17.760Z,61.0728,-151.9032,89.3,2.5,ml,,,,0.26,ak,ak992gjrh3ao,2020-09-14T19:49:51.827Z,"41 km W of Tyonek, Alaska",earthquake,,1.3,,,reviewed,ak,ak
1992-12-25T23:03:31.440Z,42.073,142.765,33,3.5,mb,,,,1.3,us,usp0005jvb,2014-11-07T00:52:05.187Z,"43 km SE of Shizunai-furukawach?, Japan",earthquake,,,,1,reviewed,us,us
1992-12-25T22:36:33.010Z,39.275,28.831,10,3.7,md,,,,0.9,us,usp0005jv9,2014-11-07T00:52:05.184Z,"24 km NNW of Simav, Turkey",earthquake,,,,,reviewed,us,isk
1992-12-25T22:15:56.460Z,49.144,6.842,10,2.8,ml,,,,0.8,us,usp0005jv8,2014-11-07T00:52:05.181Z,"1 km NNE of Béning-lès-Saint-Avold, France",earthquake,,,,,reviewed,us,str
1992-12-25T22:15:27.160Z,33.96,-116.329,4.709,3.1,ml,0,30.1,,0.159,ci,ci3084841,2016-02-10T05:41:58.939Z,"16km E of Desert Hot Springs, California",earthquake,,0.159,,31,reviewed,ci,ci
1992-12-25T22:00:07.770Z,35.685,-117.606,5.164,2.75,mc,0,116,,0.174,ci,ci3084839,2016-02-10T02:07:51.110Z,"10km NE of Ridgecrest, California",earthquake,,12.56,,66,reviewed,ci,ci
1992-12-25T21:50:05.640Z,39.068,27.311,10,2.8,md,,,,0.9,us,usp0005jv6,2014-11-07T00:52:05.178Z,"6 km WSW of K?n?k, Turkey",earthquake,,,,,reviewed,us,isk
1992-12-25T21:43:24.090Z,-24.942,-68.983,112.3,4.4,mb,,,,1.5,us,usp0005jv5,2014-11-07T00:52:05.175Z,"159 km ENE of Taltal, Chile",earthquake,,9.8,,2,reviewed,us,us
1992-12-25T20:46:41.560Z,-38.38,175.808,229.6,3.5,mb,,,,0.7,us,usp0005jv4,2014-11-07T00:52:05.171Z,"17 km SSW of Tokoroa, New Zealand",earthquake,,5.6,,2,reviewed,us,us
1992-12-25T18:57:13.710Z,59.356,-138.9932,12.4,3.2,ml,,,,0.14,ak,ak992gjoizjf,2020-09-14T19:49:52.475Z,"46 km ESE of Yakutat, Alaska",earthquake,,3.7,,,reviewed,ak,ak
1992-12-25T18:40:24.580Z,44.1,11.179,10,2.6,md,,,,0.7,us,usp0005juz,2014-11-07T00:52:05.163Z,"4 km SSE of Castiglione dei Pepoli, Italy",earthquake,,,,,reviewed,us,fir
1992-12-25T18:37:39.400Z,36.775,29.072,10,3.2,md,,,,0.5,us,usp0005juy,2014-11-07T00:52:05.162Z,"7 km NNE of Yaniklar, Turkey",earthquake,,,,,reviewed,us,isk
1992-12-25T18:26:09.720Z,34.919,-116.908,-0.898,2.8,mc,0,61.5,,0.169,ci,ci3084820,2016-02-10T02:07:47.265Z,"11km ENE of Barstow, California",earthquake,,0.53,,87,reviewed,ci,ci
1992-12-25T18:07:00.790Z,30.062,69.322,33,4.2,mb,,,,1.1,us,usp0005juw,2014-11-07T00:52:05.159Z,"19 km NNE of Kohlu, Pakistan",earthquake,,,,7,reviewed,us,us
1992-12-25T17:55:41.590Z,-8.731,121.908,79.7,4.6,mb,,,,1.2,us,usp0005juv,2014-11-07T00:52:05.157Z,"29 km ENE of Ende, Indonesia",earthquake,,20.4,,3,reviewed,us,us
1992-12-25T16:44:00.330Z,38.649,30.537,10,3,md,,,,1.3,us,usp0005juu,2014-11-07T00:52:05.156Z,"11 km S of Afyonkarahisar, Turkey",earthquake,,,,,reviewed,us,isk
1992-12-25T16:38:43.560Z,59.8768,-152.4417,68.7,4,mb,,,,0.22,ak,ak992gjn8410,2020-09-14T19:49:53.428Z,"36 km WNW of Anchor Point, Alaska",earthquake,,1.4,,,reviewed,ak,ak
1992-12-25T16:23:54.430Z,19.4916667,-155.2741667,31.837,2.63,ml,42,104,,0.09,hv,hv728025,2020-03-31T19:03:22.710Z,"6 km NW of Volcano, Hawaii",earthquake,0.65,0.87,0.46,19,reviewed,hv,hv
1992-12-25T15:36:43.050Z,41.3523333,-122.117,8.287,2.69,md,11,82,0.05676,0.08,nc,nc330058,2016-12-20T01:57:05.921Z,"10 km N of McCloud, California",earthquake,0.35,0.85,0.1,29,reviewed,nc,nc
1992-12-25T15:31:49.310Z,-5.569,103.164,34.4,5.3,mw,,,,1.1,us,usp0005jur,2025-12-19T22:55:42.563Z,"170 km S of Pagar Alam, Indonesia",earthquake,,,,,reviewed,us,hrv
1992-12-25T13:57:53.400Z,12.009,-88.261,33,4.1,mb,,,,0.7,us,usp0005jun,2014-11-07T00:52:05.133Z,"119 km SW of Jiquilillo, Nicaragua",earthquake,,,,2,reviewed,us,us
1992-12-25T13:56:17.950Z,-5.023,144.077,78.9,3.9,mb,,,,1.3,us,usp0005jum,2014-11-07T00:52:05.131Z,"65 km NE of Wabag, Papua New Guinea",earthquake,,11.7,,1,reviewed,us,us
1992-12-25T13:37:40.540Z,39.267,-0.475,10,2.7,mblg,,,,1.1,us,usp0005juk,2014-11-07T00:52:05.130Z,"0 km W of Alginet, Spain",earthquake,,,,,reviewed,us,mdd
1992-12-25T10:50:30.460Z,59.478,-151.3138,5.8,3.4,ml,,,,0.25,ak,ak992gjjq1za,2020-09-14T19:49:55.173Z,"13 km SSW of Halibut Cove, Alaska",earthquake,,0.9,,,reviewed,ak,ak
1992-12-25T10:49:53.060Z,37.017,71.342,33,3.8,mb,,,,0.7,us,usp0005juf,2014-11-07T00:52:05.117Z,"40 km NW of Ishqoshim, Tajikistan",earthquake,,,,3,reviewed,us,us
1992-12-25T10:39:30.650Z,39.201,28.715,10,2.6,md,,,,1.5,us,usp0005jue,2014-11-07T00:52:05.116Z,"17 km NNE of Demirci, Turkey",earthquake,,,,,reviewed,us,isk
1992-12-25T09:57:17.030Z,-32.937,-72.434,33,3.6,md,,,,0.3,us,usp0005jud,2014-11-07T00:52:05.114Z,"75 km W of Valparaíso, Chile",earthquake,,,,,reviewed,us,san
1992-12-25T09:34:58.590Z,33.754,-116.13,2.048,2.76,mc,0,39.4,,0.134,ci,ci3084776,2016-02-10T19:51:35.405Z,"9km ENE of Indio, California",earthquake,,0.201,,73,reviewed,ci,ci
1992-12-25T09:16:59.760Z,39.247,28.707,10,3.2,md,,,,1.2,us,usp0005jub,2014-11-07T00:52:05.110Z,"22 km N of Demirci, Turkey",earthquake,,,,,reviewed,us,isk
1992-12-25T09:09:00.040Z,61.7427,-149.618,36.1,3.6,ml,,,,0.31,ak,ak992gjivro4,2020-09-14T19:49:55.532Z,"13 km N of Meadow Lakes, Alaska",earthquake,,0.9,,,reviewed,ak,ak
1992-12-25T07:38:15.420Z,39.25,28.742,10,2.8,md,,,,0.8,us,usp0005ju9,2014-11-07T00:52:05.102Z,"23 km NNE of Demirci, Turkey",earthquake,,,,,reviewed,us,isk
1992-12-25T07:29:38.270Z,34.632,-116.494,2.488,2.6,mc,0,45.8,,0.149,ci,ci3084764,2016-02-10T02:07:30.456Z,"32km WSW of Ludlow, California",earthquake,,0.597,,81,reviewed,ci,ci
1992-12-25T07:16:18.040Z,-6.984,129.68,124.9,4.9,mb,,,,1,us,usp0005ju8,2014-11-07T00:52:05.097Z,"Banda Sea",earthquake,,6.7,,11,reviewed,us,us
1992-12-25T06:57:52.190Z,45.564,147.988,159,4.6,mb,,,,0.8,us,usp0005ju7,2014-11-07T00:52:05.089Z,"38 km NNE of Kuril’sk, Russia",earthquake,,,,34,reviewed,us,us
1992-12-25T06:40:29.300Z,-14.862,167.415,143.4,4.6,mb,,,,0.9,us,usp0005ju6,2014-11-07T00:52:05.085Z,"41 km ENE of Port-Olry, Vanuatu",earthquake,,8.6,,6,reviewed,us,us
1992-12-25T06:15:25.030Z,34.846,104.886,33,3.6,mb,,,,0.9,us,usp0005ju5,2014-11-07T00:52:05.083Z,"46 km N of Mawu, China",earthquake,,,,3,reviewed,us,us
1992-12-25T06:02:52.950Z,-7.208,130.49,101.6,4.1,mb,,,,1,us,usp0005ju4,2014-11-07T00:52:05.082Z,"Pulau Pulau Tanimbar, Indonesia",earthquake,,18.4,,1,reviewed,us,us
1992-12-25T05:58:50.540Z,39.294,28.708,10,2.9,md,,,,1.1,us,usp0005ju3,2014-11-07T00:52:05.080Z,"27 km N of Demirci, Turkey",earthquake,,,,,reviewed,us,isk
1992-12-25T05:37:46.520Z,24.177,121.773,48.8,3.7,mb,,,,1.4,us,usp0005ju2,2014-11-07T00:52:05.079Z,"28 km NE of Hualien City, Taiwan",earthquake,,10.8,,2,reviewed,us,us
1992-12-25T05:28:30.650Z,-22.025,-67.315,195.5,4.2,mb,,,,1.2,us,usp0005ju1,2014-11-07T00:52:05.077Z,"133 km NE of San Pedro de Atacama, Chile",earthquake,,10.7,,2,reviewed,us,us
1992-12-25T05:03:19.520Z,15.07,-60.359,33,3.4,md,,,,0.2,us,usp0005ju0,2014-11-07T00:52:05.076Z,"74 km ENE of La Trinité, Martinique",earthquake,,,,,reviewed,us,trn
1992-12-25T04:25:08.980Z,39.9515,-120.8341667,-1.204,3.8,md,115,188,0.4874,0.28,nc,nc330033,2016-12-20T01:55:21.080Z,"5 km ENE of East Quincy, California",earthquake,0.52,1.02,0.12,136,reviewed,nc,nc
1992-12-25T03:54:01.210Z,37.487,28.351,10,3.4,md,,,,0.7,us,usp0005jtx,2014-11-07T00:52:05.068Z,"4 km NNW of Kavakl?dere, Turkey",earthquake,,,,,reviewed,us,isk
1992-12-25T03:48:32.010Z,-20.743,169.404,37.2,4.3,mb,,,,1.2,us,usp0005jtw,2014-11-07T00:52:05.066Z,"133 km S of Isangel, Vanuatu",earthquake,,15.5,,2,reviewed,us,us
1992-12-25T03:43:09.570Z,46.379,11.226,10,2.9,ml,,,,1,us,usp0005jtv,2014-11-07T00:52:05.063Z,"4 km SSW of Caldaro sulla Strada del Vino, Italy",earthquake,,,,,reviewed,us,vie
1992-12-25T03:35:06.810Z,35.9386667,-120.4848333,9.879,3.36,md,58,47,0.02072,0.06,nc,nc330031,2016-12-20T01:55:02.070Z,"6 km NW of Parkfield, California",earthquake,0.15,0.22,0.07,102,reviewed,nc,nc
1992-12-25T03:01:56.950Z,-8.807,122.07,106.4,4.6,mb,,,,0.9,us,usp0005jts,2014-11-07T00:52:05.056Z,"25 km SW of Maumere, Indonesia",earthquake,,13,,5,reviewed,us,us
1992-12-25T02:37:14.510Z,40.007,28.74,10,3.3,md,,,,0.8,us,usp0005jtr,2014-11-07T00:52:05.055Z,"10 km WNW of Kar?ncal?, Turkey",earthquake,,,,,reviewed,us,isk
1992-12-25T02:26:38.070Z,24.874,123.323,125.3,3.7,mb,,,,0.2,us,usp0005jtp,2014-11-07T00:52:05.052Z,"55 km NE of Yonakuni, Japan",earthquake,,35.8,,2,reviewed,us,us
1992-12-25T02:25:51.430Z,37.242,28.193,5,3.9,ml,,,,1.2,us,usp0005jtn,2014-11-07T00:52:05.051Z,"3 km SW of Bay?r, Turkey",earthquake,,,,,reviewed,us,css
1992-12-25T01:35:37.000Z,39.248,28.765,5,3,md,,,,0.5,us,usp0005jtj,2014-11-07T00:52:05.045Z,"24 km NNE of Demirci, Turkey",earthquake,,,,,reviewed,us,isk
1992-12-25T00:45:13.610Z,0.916,-28.802,10,4.6,mb,,,,0.8,us,usp0005jtg,2014-11-07T00:52:05.041Z,"central Mid-Atlantic Ridge",earthquake,,,,14,reviewed,us,us
1992-12-25T00:28:46.850Z,-5.908,146.49,142.2,4.6,mb,,,,0.8,us,usp0005jtf,2014-11-07T00:52:05.039Z,"80 km ENE of Kainantu, Papua New Guinea",earthquake,,13.1,,2,reviewed,us,us
1992-12-24T23:54:13.750Z,34.179,-116.426,4.447,2.63,mc,0,72.5,,0.141,ci,ci3084713,2016-02-10T16:14:50.894Z,"7km N of Yucca Valley, California",earthquake,,3.757,,78,reviewed,ci,ci
1992-12-24T23:20:18.890Z,-7.026,122.97,33,4.7,mb,,,,1.1,us,usp0005jtc,2014-11-07T00:52:05.033Z,"195 km NNE of Maumere, Indonesia",earthquake,,,,11,reviewed,us,us
1992-12-24T22:48:32.500Z,-16.289,178.235,10,4.7,mb,,,,1.1,us,usp0005jt9,2014-11-07T00:52:05.026Z,"121 km W of Labasa, Fiji",earthquake,,,,6,reviewed,us,us
1992-12-24T22:20:36.120Z,6.743,-72.852,170.5,4.8,mb,,,,1,us,usp0005jt8,2014-11-07T00:52:05.024Z,"7 km S of San Andrés, Colombia",earthquake,,6.5,,3,reviewed,us,us
1992-12-24T22:16:15.490Z,19.772,-155.9631667,9.116,2.83,ml,32,215,,0.13,hv,hv727958,2020-03-31T19:03:22.400Z,"5 km NNE of Kalaoa, Hawaii",earthquake,1.09,0.61,0.2,11,reviewed,hv,hv
1992-12-24T22:07:32.010Z,59.859,-154.3128,157.9,2.5,ml,,,,0.28,ak,ak992gi32p2p,2020-09-14T19:49:56.516Z,"14 km NW of Pedro Bay, Alaska",earthquake,,3.1,,,reviewed,ak,ak
1992-12-24T22:02:05.080Z,-16.385,178.239,10,5.4,mw,,,,0.9,us,usp0005jt6,2025-12-19T22:55:41.834Z,"120 km W of Labasa, Fiji",earthquake,,,,,reviewed,us,hrv
1992-12-24T21:02:22.540Z,15.255,122.257,37.7,4.3,mb,,,,1.2,us,usp0005jt2,2014-11-07T00:52:05.005Z,"38 km NE of Karligan, Philippines",earthquake,,11.3,,5,reviewed,us,us
1992-12-24T20:03:01.560Z,-11.569,166.563,144.6,5.1,mb,,,,0.8,us,usp0005jsz,2014-11-07T00:52:04.995Z,"125 km SE of Lata, Solomon Islands",earthquake,,9.7,,26,reviewed,us,us
1992-12-24T19:58:13.980Z,-33.425,-70.226,101.4,3.7,md,,,,0.2,us,usp0005jsy,2014-11-07T00:52:04.993Z,"33 km E of Villa Presidente Frei, Ñuñoa, Santiago, Chile, Chile",earthquake,,42.5,,,reviewed,us,san
1992-12-24T19:21:18.570Z,15.274,121.973,93.2,4.3,mb,,,,0.9,us,usp0005jsx,2014-11-07T00:52:04.992Z,"33 km NNW of Karligan, Philippines",earthquake,,15.7,,2,reviewed,us,us
1992-12-24T19:17:42.100Z,34.094,-116.84,4.519,2.9,ml,0,32.1,,0.154,ci,ci3084685,2016-02-10T23:32:15.237Z,"18km SSE of Big Bear Lake, California",earthquake,,1.007,,4,reviewed,ci,ci
1992-12-24T19:01:25.350Z,17.021,-98.986,33,4.5,mb,,,,1.2,us,usp0005jsv,2014-11-07T00:52:04.984Z,"9 km ENE of San José la Hacienda, Mexico",earthquake,,,,15,reviewed,us,us
1992-12-24T18:50:48.230Z,16.75,-98.995,21.4,4.8,mb,,,,0.9,us,usp0005jsu,2014-11-07T00:52:04.978Z,"0 km E of Cuautepec, Mexico",earthquake,,,,22,reviewed,us,us
1992-12-24T18:32:55.780Z,39.297,28.8,10,3,md,,,,0.8,us,usp0005jst,2014-11-07T00:52:04.977Z,"Western Turkey",earthquake,,,,,reviewed,us,isk
1992-12-24T18:25:40.060Z,7.306,-76.691,33,4.6,mb,,,,0.7,us,usp0005jss,2014-11-07T00:52:04.974Z,"29 km WNW of Mutatá, Colombia",earthquake,,,,3,reviewed,us,us
1992-12-24T17:08:48.160Z,35.76,80.605,33,4.8,mb,,,,1.1,us,usp0005jsp,2014-11-07T00:52:04.962Z,"161 km SSE of Hotan, China",earthquake,,,,42,reviewed,us,us
1992-12-24T16:46:14.730Z,35.754,-117.599,3.518,2.62,mc,0,137.2,,0.177,ci,ci3084852,2016-02-10T23:32:13.409Z,"16km NNE of Ridgecrest, California",earthquake,,0.31,,17,reviewed,ci,ci
1992-12-24T16:45:49.340Z,35.756,-117.602,3.978,3.12,ml,0,120.4,,0.172,ci,ci3084668,2016-02-10T09:19:21.843Z,"16km NNE of Ridgecrest, California",earthquake,,0.151,,5,reviewed,ci,ci
1992-12-24T15:58:30.710Z,39.245,28.772,10,3.1,md,,,,0.8,us,usp0005jsm,2014-11-07T00:52:04.959Z,"24 km NNE of Demirci, Turkey",earthquake,,,,,reviewed,us,isk
1992-12-24T15:56:35.410Z,-33.143,-70.29,10,3.7,md,,,,0.4,us,usp0005jsk,2014-11-07T00:52:04.957Z,"37 km ENE of Chicureo Abajo, Chile",earthquake,,,,,reviewed,us,san
1992-12-24T15:04:35.980Z,34.079,-116.412,4.597,2.68,mc,0,54.8,,0.149,ci,ci3084663,2016-02-10T12:47:36.154Z,"4km SSE of Yucca Valley, California",earthquake,,4.612,,79,reviewed,ci,ci
1992-12-24T14:23:06.140Z,17.599,-100.58,91.4,4.2,mb,,,,1,us,usp0005jsd,2014-11-07T00:52:04.945Z,"41 km N of El Súchil, Mexico",earthquake,,7.6,,7,reviewed,us,us
1992-12-24T13:22:05.900Z,37.6221667,-118.8573333,5.414,2.61,md,32,68,0.01802,0.05,nc,nc330001,2016-12-20T01:52:58.090Z,"10 km ESE of Mammoth Lakes, California",earthquake,0.24,0.32,0.28,39,reviewed,nc,nc
1992-12-24T13:03:25.860Z,39.245,28.744,10,3.3,md,,,,0.9,us,usp0005jsb,2014-11-07T00:52:04.942Z,"23 km NNE of Demirci, Turkey",earthquake,,,,,reviewed,us,isk
1992-12-24T13:00:12.900Z,19.5041667,-155.4641667,2.578,2.62,ml,38,80,,0.11,hv,hv727900,2020-03-31T19:03:21.460Z,"25 km WNW of Volcano, Hawaii",earthquake,0.3,1.19,0.53,13,reviewed,hv,hv
1992-12-24T12:08:17.060Z,39.256,28.715,10,2.6,md,,,,0.9,us,usp0005jsa,2014-11-07T00:52:04.941Z,"23 km NNE of Demirci, Turkey",earthquake,,,,,reviewed,us,isk
1992-12-24T11:31:47.880Z,39.936,19.639,10,3.1,md,,,,1.4,us,usp0005js9,2014-11-07T00:52:04.938Z,"20 km SSW of Himarë, Albania",earthquake,,,,,reviewed,us,ath
1992-12-24T10:49:04.390Z,31.845,-116.094,5.62,2.86,mc,0,274.8,0.8029,0.436,ci,ci3084635,2016-02-10T09:19:14.461Z,"47km ENE of Maneadero, B.C., MX",earthquake,,,,42,reviewed,ci,ci
1992-12-24T09:33:52.580Z,61.4183,-148.5272,34,2.6,ml,,,,0.16,ak,ak992ghvhoey,2020-09-14T19:49:57.585Z,"21 km ESE of Knik River, Alaska",earthquake,,1,,,reviewed,ak,ak
1992-12-24T09:25:07.460Z,35.022,-116.925,4.538,3.38,ml,0,67.2,,0.155,ci,ci3084625,2016-02-10T12:47:28.976Z,"16km NNE of Barstow, California",earthquake,,0.434,,35,reviewed,ci,ci
1992-12-24T08:24:34.630Z,19.7778333,-155.7653333,13.299,2.96,ml,28,143,,0.09,hv,hv727878,2020-03-31T19:03:21.300Z,"18 km S of Waikoloa, Hawaii",earthquake,0.43,0.68,,11,reviewed,hv,hv
1992-12-24T08:12:41.670Z,19.7771667,-155.76,13.369,2.78,ml,47,140,,0.09,hv,hv727877,2020-03-31T19:03:21.130Z,"18 km S of Waikoloa, Hawaii",earthquake,0.43,0.74,0.22,18,reviewed,hv,hv
1992-12-24T07:28:44.780Z,63.126,-150.3878,111,2.9,ml,,,,0.11,ak,ak992ghu9q0u,2020-09-14T19:49:57.914Z,"72 km NNE of Petersville, Alaska",earthquake,,2.5,,,reviewed,ak,ak
1992-12-24T07:15:07.220Z,-19.955,167.979,33,4.5,mb,,,,1.2,us,usp0005js4,2014-11-07T00:52:04.920Z,"Vanuatu region",earthquake,,,,9,reviewed,us,us
1992-12-24T06:49:27.300Z,39.268,28.684,10,2.8,md,,,,1.4,us,usp0005js3,2014-11-07T00:52:04.919Z,"24 km N of Demirci, Turkey",earthquake,,,,,reviewed,us,isk
1992-12-24T05:53:37.270Z,-20.332,-177.73,512.9,5,mb,,,,1.2,us,usp0005js0,2014-11-07T00:52:04.907Z,"277 km WNW of Haveluloto, Tonga",earthquake,,12.9,,11,reviewed,us,us
1992-12-24T05:20:10.670Z,39.245,28.734,10,2.8,md,,,,1.2,us,usp0005jrz,2014-11-07T00:52:04.885Z,"23 km NNE of Demirci, Turkey",earthquake,,,,,reviewed,us,isk
1992-12-24T05:15:55.720Z,31.793,-115.98,5.62,2.83,mc,0,303.7,,0.227,ci,ci3084603,2016-02-10T05:41:29.907Z,"56km E of Maneadero, B.C., MX",earthquake,,,,16,reviewed,ci,ci
1992-12-24T05:09:47.460Z,42.221,72.225,37.5,5.4,mw,,,,1.2,us,usp0005jry,2022-04-28T18:26:48.807Z,"33 km S of Talas, Kyrgyzstan",earthquake,,,,,reviewed,us,hrv
1992-12-24T05:00:47.430Z,34.409,-116.482,2.136,2.82,mc,0,46.6,,0.095,ci,ci3084602,2016-02-10T05:41:28.655Z,"33km N of Yucca Valley, California",earthquake,,0.649,,94,reviewed,ci,ci
1992-12-24T04:47:28.450Z,34.407,-116.438,4.319,2.54,mc,0,90.4,,0.089,ci,ci2077767,2016-02-09T22:28:27.842Z,"32km NNW of Joshua Tree, California",earthquake,,0.019,,52,reviewed,ci,ci
1992-12-24T04:45:48.390Z,-8.454,122.195,33,4.5,mb,,,,1.4,us,usp0005jrv,2014-11-07T00:52:04.854Z,"18 km N of Maumere, Indonesia",earthquake,,,,3,reviewed,us,us
1992-12-24T04:44:51.480Z,60.694,-142.8578,7.1,2.6,ml,,,,0.4,ak,ak992ghskv6k,2020-09-14T19:49:58.537Z,"82 km S of McCarthy, Alaska",earthquake,,0.7,,,reviewed,ak,ak
1992-12-24T04:33:22.040Z,-22.241,173.837,20.7,4.9,mb,,,,1,us,usp0005jrt,2014-11-07T00:52:04.843Z,"southeast of the Loyalty Islands",earthquake,,,,20,reviewed,us,us
1992-12-24T03:53:37.330Z,-5.547,144.072,65.2,4.3,mb,,,,1.4,us,usp0005jrs,2014-11-07T00:52:04.842Z,"38 km NNW of Mount Hagen, Papua New Guinea",earthquake,,44.3,,2,reviewed,us,us
1992-12-24T03:19:57.930Z,38.06,26.806,10,3.4,md,,,,1.1,us,usp0005jrq,2014-11-07T00:52:04.839Z,"15 km S of Seferihisar, Turkey",earthquake,,,,,reviewed,us,isk
1992-12-24T03:11:46.760Z,39.122,27.323,10,2.7,md,,,,1,us,usp0005jrp,2014-11-07T00:52:04.838Z,"6 km NW of K?n?k, Turkey",earthquake,,,,,reviewed,us,isk
1992-12-24T02:40:41.340Z,34.195,-116.874,10.129,2.63,ml,0,42,,0.132,ci,ci3084587,2016-02-10T23:31:59.276Z,"6km SSE of Big Bear Lake, California",earthquake,,0.416,,4,reviewed,ci,ci
1992-12-24T00:34:13.810Z,-15.293,-173.128,23.4,6.3,mw,,,,1.1,us,usp0005jrk,2022-04-28T18:26:43.456Z,"102 km NE of Hihifo, Tonga",earthquake,,,,,reviewed,us,hrv
1992-12-24T00:25:44.620Z,38.075,22.947,10,3.8,mb,,,,1.2,us,usp0005jrj,2014-11-07T00:52:04.766Z,"4 km N of Perachóra, Greece",earthquake,,,,13,reviewed,us,us
1992-12-24T00:22:53.180Z,-2.955,130.296,60.2,5.2,mb,,,,0.9,us,usp0005jrh,2014-11-07T00:52:04.760Z,"158 km ENE of Amahai, Indonesia",earthquake,,,,28,reviewed,us,us
1992-12-24T00:03:33.330Z,2.549,126.581,96.6,5.7,mw,,,,1.2,us,usp0005jrg,2022-04-28T18:26:42.236Z,"182 km WNW of Tobelo, Indonesia",earthquake,,,,,reviewed,us,hrv
1992-12-23T23:22:48.730Z,23.287,64.096,33,4.9,mb,,,,0.9,us,usp0005jrf,2014-11-07T00:52:04.737Z,"219 km SSW of Ormara, Pakistan",earthquake,,,,5,reviewed,us,us
1992-12-23T23:01:51.050Z,39.32,28.737,10,3.5,md,,,,1.4,us,usp0005jre,2014-11-07T00:52:04.735Z,"31 km SSE of Dursunbey, Turkey",earthquake,,,,,reviewed,us,isk
1992-12-23T22:33:27.340Z,43.243,4.436,10,2.6,ml,,,,0.9,us,usp0005jrc,2014-11-07T00:52:04.730Z,"23 km S of Saintes-Maries-de-la-Mer, France",earthquake,,,,,reviewed,us,ldg
1992-12-23T22:19:21.440Z,33.948,-116.373,8.758,2.64,mc,0,34.8,,0.118,ci,ci3084555,2016-02-10T16:14:34.482Z,"12km E of Desert Hot Springs, California",earthquake,,0.494,,55,reviewed,ci,ci
1992-12-23T21:05:14.460Z,45.555,21.031,35.2,3.6,ml,,,,1.3,us,usp0005jra,2014-11-07T00:52:04.723Z,"3 km E of Giulv?z, Romania",earthquake,,19.2,,,reviewed,us,ttg
1992-12-23T20:36:17.140Z,38.8345,-122.7771667,1.034,2.87,md,45,37,0.02973,0.05,nc,nc329970,2016-12-20T01:50:48.280Z,"4 km WNW of Cobb, California",earthquake,0.11,0.26,0.12,47,reviewed,nc,nc
1992-12-23T19:28:41.990Z,11.521,42.567,10,3.9,md,,,,0.5,us,usp0005jr8,2014-11-07T00:52:04.719Z,"31 km W of Arta, Djibouti",earthquake,,,,,reviewed,us,aro
1992-12-23T18:43:49.300Z,24.245,120.004,33,3.2,mb,,,,0.3,us,usp0005jr6,2014-11-07T00:52:04.716Z,"66 km WNW of Yuanlin, Taiwan",earthquake,,,,1,reviewed,us,us
1992-12-23T18:42:46.640Z,12.799,40.922,10,3.8,mb,,,,0.5,us,usp0005jr5,2014-11-07T00:52:04.714Z,"111 km N of Semera, Ethiopia",earthquake,,,,1,reviewed,us,us
1992-12-23T18:04:22.640Z,39.315,28.769,10,2.7,md,,,,0.8,us,usp0005jr4,2014-11-07T00:52:04.712Z,"30 km NW of Simav, Turkey",earthquake,,,,,reviewed,us,isk
1992-12-23T17:49:53.330Z,34.597,-116.637,-1.329,2.87,mc,0,40.4,,0.2,ci,ci3084532,2016-02-10T05:41:19.926Z,"35km ENE of Lucerne Valley, California",earthquake,,1.06,,94,reviewed,ci,ci
1992-12-23T17:03:07.430Z,-4.799,153.225,68.1,4.7,mb,,,,0.6,us,usp0005jr1,2014-11-07T00:52:04.708Z,"117 km ESE of Kokopo, Papua New Guinea",earthquake,,9,,3,reviewed,us,us
1992-12-23T16:35:43.780Z,36.555,-117.815,4.447,3.11,mc,0,175,,0.299,ci,ci3084526,2016-02-10T02:06:46.600Z,"23km E of Lone Pine, California",earthquake,,,,57,reviewed,ci,ci
1992-12-23T14:56:10.470Z,17.921,145.703,198.8,4.8,mb,,,,0.7,us,usp0005jqy,2014-11-07T00:52:04.701Z,"299 km N of Saipan, Northern Mariana Islands",earthquake,,10.3,,4,reviewed,us,us
1992-12-23T14:52:49.150Z,45.654,7.793,10.7,2.6,ml,,,,1.1,us,usp0005jqw,2014-11-07T00:52:04.697Z,"4 km NNW of Perloz, Italy",earthquake,,4.2,,,reviewed,us,gen
1992-12-23T13:59:32.210Z,37.5481667,-118.8313333,3.802,2.81,md,34,87,0.04234,0.03,nc,nc329942,2016-12-20T01:50:06.330Z,"10 km W of Aspen Springs, California",earthquake,0.24,0.49,0.21,32,reviewed,nc,nc
1992-12-23T13:53:53.490Z,-56.085,-27.348,33,5.3,mb,,,,1,us,usp0005jqu,2014-11-07T00:52:04.693Z,"South Sandwich Islands region",earthquake,,,,3,reviewed,us,us
1992-12-23T12:38:24.330Z,34.682,-118.479,9.375,3.09,ml,0,27,,0.264,ci,ci3084505,2016-02-11T17:28:18.169Z,"3km W of Lake Hughes, California",earthquake,,0.348,,6,reviewed,ci,ci
1992-12-23T11:53:49.560Z,-20.211,-69.587,102.2,4,mb,,,,0.9,us,usp0005jqq,2014-11-07T00:52:04.687Z,"58 km E of Iquique, Chile",earthquake,,19,,1,reviewed,us,us
1992-12-23T10:54:52.900Z,-23.754,17.41,10,5,mb,,,,0.9,us,usp0005jqn,2020-08-29T02:01:26.186Z,"58 km SE of Rehoboth, Namibia",earthquake,,,,21,reviewed,us,us
1992-12-23T10:31:54.990Z,31.641,-115.633,5.925,2.88,mc,0,321.5,,0.29,ci,ci3084486,2016-02-10T12:47:12.817Z,"78km SW of Alberto Oviedo Mota, B.C., MX",earthquake,,,,35,reviewed,ci,ci
1992-12-23T10:08:43.650Z,39.23,28.701,10,3,md,,,,0.6,us,usp0005jqm,2014-11-07T00:52:04.681Z,"20 km N of Demirci, Turkey",earthquake,,,,,reviewed,us,isk
1992-12-23T09:43:56.100Z,36.161,-118.12,-0.029,2.85,mc,0,194.3,,0.148,ci,ci3084481,2016-02-10T23:31:53.976Z,"17km SW of Olancha, California",earthquake,,0.62,,55,reviewed,ci,ci
1992-12-23T08:57:18.850Z,-10.415,161.687,80.2,4.6,mb,,,,1,us,usp0005jqf,2014-11-07T00:52:04.673Z,"25 km W of Kirakira, Solomon Islands",earthquake,,9.7,,8,reviewed,us,us
1992-12-23T07:58:53.410Z,-4.688,144.248,117.1,4.8,mb,,,,1,us,usp0005jqd,2014-11-07T00:52:04.666Z,"72 km SSE of Angoram, Papua New Guinea",earthquake,,5.4,,14,reviewed,us,us
1992-12-23T07:21:02.070Z,51.864,-166.745,33,4.2,mb,,,,1,us,usp0005jqb,2014-11-07T00:52:04.662Z,"187 km SE of Nikolski, Alaska",earthquake,,,,6,reviewed,us,us
1992-12-23T07:18:49.460Z,10.609,-84.692,162.3,4.6,mb,,,,0.9,us,usp0005jqa,2014-11-07T00:52:04.655Z,"16 km NNW of La Fortuna, Costa Rica",earthquake,,6.3,,42,reviewed,us,us
1992-12-23T05:56:19.820Z,0.687,121.526,91.1,5,mb,,,,0.7,us,usp0005jq7,2014-11-07T00:52:04.650Z,"171 km W of Gorontalo, Indonesia",earthquake,,13.2,,4,reviewed,us,us
1992-12-23T05:46:39.860Z,-6.691,130.396,23.2,4.9,mb,,,,1.1,us,usp0005jq6,2014-11-07T00:52:04.646Z,"286 km WSW of Tual, Indonesia",earthquake,,,,15,reviewed,us,us
1992-12-23T05:32:39.640Z,42.99,12.87,10,2.8,ml,,,,1.3,us,usp0005jq5,2014-11-07T00:52:04.644Z,"10 km W of Pie' del Sasso, Italy",earthquake,,,,,reviewed,us,vie
1992-12-23T05:22:52.550Z,41.455,142.065,67,4.7,mb,,,,1,us,usp0005jq4,2014-11-07T00:52:04.639Z,"73 km ENE of Mutsu, Japan",earthquake,,4.6,,25,reviewed,us,us
1992-12-23T04:10:04.210Z,39.277,28.774,10,3.2,md,,,,0.9,us,usp0005jq3,2014-11-07T00:52:04.638Z,"27 km NW of Simav, Turkey",earthquake,,,,,reviewed,us,isk
1992-12-23T04:03:46.130Z,39.793,25.649,9.8,3.4,md,,,,0.6,us,usp0005jq2,2014-11-07T00:52:04.636Z,"36 km W of Bozcaada, Turkey",earthquake,,3.1,,,reviewed,us,isk
1992-12-23T04:00:54.560Z,-32.578,-70.578,85.7,3.5,md,,,,0.4,us,usp0005jq1,2014-11-07T00:52:04.634Z,"23 km NE of San Felipe, Chile",earthquake,,53,,,reviewed,us,san
1992-12-23T03:01:44.100Z,39.305,28.776,10,3.3,md,,,,0.8,us,usp0005jpz,2014-11-07T00:52:04.631Z,"29 km NW of Simav, Turkey",earthquake,,,,,reviewed,us,isk
1992-12-23T03:00:44.980Z,-6.541,130.417,101.7,5.8,mw,,,,0.9,us,usp0005jpy,2022-04-28T18:26:41.060Z,"277 km WSW of Tual, Indonesia",earthquake,,,,,reviewed,us,hrv
1992-12-23T02:48:53.430Z,39.323,28.768,10,2.9,md,,,,0.8,us,usp0005jpx,2014-11-07T00:52:04.579Z,"31 km SSE of Dursunbey, Turkey",earthquake,,,,,reviewed,us,isk
1992-12-23T02:20:38.090Z,39.341,28.805,10,2.7,md,,,,1,us,usp0005jpw,2014-11-07T00:52:04.578Z,"31 km SSE of Dursunbey, Turkey",earthquake,,,,,reviewed,us,isk
1992-12-23T02:20:06.340Z,-19.766,-68.808,105.7,5.7,mw,,,,0.9,us,usp0005jpv,2022-04-28T18:26:39.885Z,"148 km ENE of Iquique, Chile",earthquake,,,,,reviewed,us,hrv
1992-12-23T01:35:27.850Z,39.334,28.782,10,2.7,md,,,,1.3,us,usp0005jpu,2014-11-07T00:52:04.549Z,"31 km SSE of Dursunbey, Turkey",earthquake,,,,,reviewed,us,isk
1992-12-23T00:32:27.560Z,37.571,142.808,31,5.1,mb,,,,0.9,us,usp0005jps,2014-11-07T00:52:04.534Z,"160 km E of Namie, Japan",earthquake,,,,62,reviewed,us,us
1992-12-23T00:12:37.540Z,39.242,28.739,10,3,md,,,,0.7,us,usp0005jpr,2014-11-07T00:52:04.533Z,"22 km NNE of Demirci, Turkey",earthquake,,,,,reviewed,us,isk
1992-12-23T00:07:54.170Z,39.313,21.789,10,3,md,,,,0.9,us,usp0005jpq,2014-11-07T00:52:04.530Z,"5 km SW of Mitrópoli, Greece",earthquake,,,,,reviewed,us,ath
1992-12-22T23:24:55.510Z,34.019,-117.204,14.484,2.6,mc,0,34.7,,0.147,ci,ci3084405,2016-02-10T16:14:16.639Z,"4km SSW of Redlands, California",earthquake,,0.171,,16,reviewed,ci,ci
1992-12-22T23:23:58.140Z,18.455,-105.37,33,4.6,mb,,,,0.9,us,usp0005jpp,2014-11-07T00:52:04.523Z,"110 km SW of La Manzanilla, Mexico",earthquake,,,,22,reviewed,us,us
1992-12-22T23:18:07.880Z,34.197,-116.84,-0.031,2.52,mc,0,43.7,,0.169,ci,ci3084404,2016-02-10T09:18:48.400Z,"7km S of Big Bear City, California",earthquake,,0.226,,63,reviewed,ci,ci
1992-12-22T22:38:59.350Z,60.3815,-152.364,91,2.6,ml,,,,0.24,ak,ak992ges6pe7,2020-09-14T19:50:02.080Z,"53 km NW of Ninilchik, Alaska",earthquake,,1.7,,,reviewed,ak,ak
1992-12-22T22:31:20.700Z,43.882,12.223,10,3.1,ml,,,,1.1,us,usp0005jpj,2014-11-07T00:52:04.511Z,"2 km NNE of Sant'Agata Feltria, Italy",earthquake,,,,,reviewed,us,ldg
1992-12-22T22:30:33.740Z,43.764,12.238,10,3,md,,,,0.7,us,usp0005jpg,2014-11-07T00:52:04.507Z,"6 km SSW of Pennabilli, Italy",earthquake,,,,,reviewed,us,fir
1992-12-22T22:15:48.350Z,39.273,28.772,10,4,md,,,,0.9,us,usp0005jpf,2014-11-07T00:52:04.504Z,"27 km NNE of Demirci, Turkey",earthquake,,,,,reviewed,us,ath
1992-12-22T21:54:05.250Z,39.241,28.717,10,3.4,md,,,,0.7,us,usp0005jpd,2014-11-07T00:52:04.501Z,"22 km NNE of Demirci, Turkey",earthquake,,,,,reviewed,us,isk
1992-12-22T21:38:00.030Z,40.192,27.372,10,2.9,md,,,,0.9,us,usp0005jpc,2014-11-07T00:52:04.499Z,"11 km ESE of Biga, Turkey",earthquake,,,,,reviewed,us,isk
1992-12-22T20:49:35.050Z,48.497,9.324,10,3,ml,,,,1.3,us,usp0005jpa,2014-11-07T00:52:04.492Z,"4 km SSW of Dettingen an der Erms, Germany",earthquake,,,,,reviewed,us,ldg
1992-12-22T19:52:26.640Z,35.315,-117.657,5.38,3.4,ml,0,44.3,,0.123,ci,ci3084380,2016-02-10T05:40:56.984Z,"7km SSW of Johannesburg, California",earthquake,,0.757,,30,reviewed,ci,ci
1992-12-22T19:38:22.450Z,-6.115,146.84,113.2,4.4,mb,,,,1.5,us,usp0005jp8,2014-11-07T00:52:04.488Z,"69 km NNW of Lae, Papua New Guinea",earthquake,,16.7,,2,reviewed,us,us
1992-12-22T19:36:46.020Z,39.299,28.782,10,2.8,md,,,,1.4,us,usp0005jp7,2014-11-07T00:52:04.487Z,"28 km NW of Simav, Turkey",earthquake,,,,,reviewed,us,isk
1992-12-22T19:03:40.410Z,35.202,140.641,33,3.9,mb,,,,0.8,us,usp0005jp6,2014-11-07T00:52:04.486Z,"23 km ESE of ?hara, Japan",earthquake,,,,2,reviewed,us,us
1992-12-22T18:44:14.450Z,40.067,19.63,10,3.1,ml,,,,1.2,us,usp0005jp5,2014-11-07T00:52:04.483Z,"10 km WSW of Himarë, Albania",earthquake,,,,,reviewed,us,tir
1992-12-22T18:13:54.830Z,39.17,28.749,10,2.8,md,,,,1.2,us,usp0005jp4,2014-11-07T00:52:04.482Z,"15 km NNE of Demirci, Turkey",earthquake,,,,,reviewed,us,isk
1992-12-22T17:01:44.040Z,39.29,28.835,10,2.9,md,,,,0.7,us,usp0005jp3,2014-11-07T00:52:04.480Z,"25 km NNW of Simav, Turkey",earthquake,,,,,reviewed,us,isk
1992-12-22T16:42:37.250Z,34.568,88.053,33,5.2,mw,,,,1.1,us,usp0005jp2,2022-04-28T18:26:34.489Z,"western Xizang",earthquake,,,,,reviewed,us,hrv
1992-12-22T16:13:13.200Z,11.466,-61.887,120,3.4,md,,,,0.7,us,usp0005jp0,2014-11-07T00:52:04.463Z,"66 km SSW of Saint George's, Grenada",earthquake,,,,,reviewed,us,trn
1992-12-22T16:01:11.110Z,51.72,175.682,33,3.8,mb,,,,1.3,us,usp0005jnz,2014-11-07T00:52:04.462Z,"Rat Islands, Aleutian Islands, Alaska",earthquake,,,,3,reviewed,us,us
1992-12-22T15:56:20.180Z,39.291,28.781,10,3.3,md,,,,1.2,us,usp0005jny,2014-11-07T00:52:04.460Z,"28 km NW of Simav, Turkey",earthquake,,,,,reviewed,us,isk
1992-12-22T15:03:55.720Z,64.1252,-150.0988,16.5,2.8,ml,,,,0.31,ak,ak992gent5tg,2020-09-14T19:50:03.156Z,"46 km WSW of Clear, Alaska, Alaska",earthquake,,0.5,,,reviewed,ak,ak
1992-12-22T14:28:27.280Z,39.234,28.708,10,3.2,md,,,,0.9,us,usp0005jnv,2014-11-07T00:52:04.454Z,"21 km NNE of Demirci, Turkey",earthquake,,,,,reviewed,us,isk
1992-12-22T14:07:14.670Z,39.359,-120.4953333,19.32,2.83,md,18,241,0.4216,0.05,nc,nc329837,2016-12-20T01:48:37.256Z,"7 km NW of Kingvale, California",earthquake,1.22,2.5,0.11,18,reviewed,nc,nc
1992-12-22T13:35:47.510Z,39.302,28.755,10,3,md,,,,0.7,us,usp0005jnu,2014-11-07T00:52:04.453Z,"29 km NNE of Demirci, Turkey",earthquake,,,,,reviewed,us,isk
1992-12-22T13:02:17.750Z,34.93,-116.729,4.948,3.16,mc,0,78.6,,0.158,ci,ci3084340,2016-02-10T09:18:43.057Z,"27km E of Barstow, California",earthquake,,,,98,reviewed,ci,ci
1992-12-22T12:34:41.680Z,39.484,74.761,33,4.5,mb,,,,1,us,usp0005jnr,2014-11-07T00:52:04.446Z,"105 km W of Kashgar, China",earthquake,,,,15,reviewed,us,us
1992-12-22T11:24:00.570Z,-7.289,154.999,99,5.1,mb,,,,1,us,usp0005jnp,2014-11-07T00:52:04.443Z,"120 km SSW of Panguna, Papua New Guinea",earthquake,,10.4,,6,reviewed,us,us
1992-12-22T11:19:12.350Z,-6.514,130.502,104.6,5.1,mb,,,,1,us,usp0005jnn,2014-11-07T00:52:04.437Z,"267 km WSW of Tual, Indonesia",earthquake,,7.6,,19,reviewed,us,us
1992-12-22T10:58:59.740Z,19.2951667,-155.216,6.844,2.73,ml,26,133,,0.08,hv,hv727593,2020-03-31T19:03:20.620Z,"16 km S of Volcano, Hawaii",earthquake,0.49,0.7,,6,reviewed,hv,hv
1992-12-22T10:55:03.120Z,51.521,-176.747,40,4.9,mb,,,,1.1,us,usp0005jnm,2014-11-07T00:52:04.431Z,"40 km S of Adak, Alaska",earthquake,,,,20,reviewed,us,us
1992-12-22T10:47:33.920Z,-32.6,-71.356,70,3.4,md,,,,0.5,us,usp0005jnk,2014-11-07T00:52:04.429Z,"20 km SW of La Ligua, Chile",earthquake,,,,,reviewed,us,san
1992-12-22T10:36:33.750Z,11.982,41.774,10,4.4,mb,,,,0.7,us,usp0005jnj,2014-11-07T00:52:04.427Z,"30 km NNW of Gâlâfi, Djibouti",earthquake,,,,2,reviewed,us,us
1992-12-22T10:15:57.710Z,-3.275,131.002,66.8,5.2,mb,,,,0.8,us,usp0005jnh,2014-11-07T00:52:04.424Z,"231 km E of Amahai, Indonesia",earthquake,,10.2,,4,reviewed,us,us
1992-12-22T10:12:54.120Z,19.293,-155.216,7.473,2.58,ml,37,120,,0.1,hv,hv727589,2020-03-31T19:03:20.460Z,"16 km S of Volcano, Hawaii",earthquake,0.46,0.63,0.09,10,reviewed,hv,hv
1992-12-22T09:48:28.710Z,43.135,143.095,140.8,4.3,mb,,,,1.1,us,usp0005jne,2014-11-07T00:52:04.419Z,"18 km NNW of Otofuke, Japan",earthquake,,6.6,,6,reviewed,us,us
1992-12-22T09:43:26.570Z,-33.335,-71.3,61.9,3.2,md,,,,0.6,us,usp0005jnd,2014-11-07T00:52:04.418Z,"33 km SSE of Villa Alemana, Chile",earthquake,,29.6,,,reviewed,us,san
1992-12-22T09:28:44.500Z,39.509,28.767,10,2.7,md,,,,1,us,usp0005jnc,2014-11-07T00:52:04.417Z,"14 km SE of Dursunbey, Turkey",earthquake,,,,,reviewed,us,isk
1992-12-22T08:36:22.710Z,-33.598,-72.096,10,3.6,md,,,,0.7,us,usp0005jn9,2014-11-07T00:52:04.409Z,"45 km W of San Antonio, Chile",earthquake,,,,,reviewed,us,san
1992-12-22T08:12:07.990Z,38.8496667,-122.8298333,-0.174,2.91,md,33,37,0.03423,0.06,nc,nc329825,2016-12-20T01:47:36.430Z,"9 km WNW of Cobb, California",earthquake,0.15,0.53,0.08,28,reviewed,nc,nc
1992-12-22T08:00:17.080Z,62.9762,-151.0265,124,2.8,ml,,,,0.11,ak,ak992gejmegc,2020-09-14T19:50:04.494Z,"55 km NNW of Petersville, Alaska",earthquake,,2.3,,,reviewed,ak,ak
1992-12-22T06:36:48.520Z,59.39,-152.6612,77.4,2.5,ml,,,,0.17,ak,ak992geinbg4,2020-09-14T19:50:04.848Z,"42 km W of Nanwalek, Alaska",earthquake,,1.8,,,reviewed,ak,ak
1992-12-22T05:34:32.670Z,41.8103333,-111.5813333,8.83,3.21,md,28,86,0.1267,0.25,uu,uu50069970,2018-08-28T04:45:28.470Z,"18 km WSW of Garden, Utah",earthquake,0.6,0.73,,14,reviewed,uu,uu
1992-12-22T04:54:16.640Z,-6.648,130.55,67,5.7,mw,,,,0.9,us,usp0005jn5,2022-04-28T18:26:33.291Z,"268 km WSW of Tual, Indonesia",earthquake,,,,,reviewed,us,hrv
1992-12-22T04:40:12.560Z,10.534,-62.173,10,3.7,md,,,,0.6,us,usp0005jn2,2014-11-07T00:52:04.326Z,"14 km ESE of Güiria, Venezuela",earthquake,,,,,reviewed,us,trn
1992-12-22T03:30:21.630Z,26.363,100.579,33,4.6,mb,,,,1.1,us,usp0005jn0,2014-11-07T00:52:04.317Z,"66 km SSE of Lijiang, China",earthquake,,,,38,reviewed,us,us
1992-12-22T03:23:30.880Z,-10.101,124.221,33,4.6,mb,,,,0.7,us,usp0005jmz,2014-11-07T00:52:04.315Z,"27 km SSW of Soe, Indonesia",earthquake,,,,2,reviewed,us,us
1992-12-22T02:36:48.800Z,55.89,161.691,79.9,4.5,mb,,,,0.8,us,usp0005jmx,2014-11-07T00:52:04.310Z,"61 km SW of Ust’-Kamchatsk Staryy, Russia",earthquake,,9.6,,37,reviewed,us,us
1992-12-22T02:20:53.080Z,35.023,-116.973,4.688,3.24,ml,0,60.5,,0.109,ci,ci3084255,2016-02-10T12:46:53.819Z,"15km NNE of Barstow, California",earthquake,,4.82,,33,reviewed,ci,ci
1992-12-22T01:13:40.120Z,-3.167,130.508,42.1,4.9,mb,,,,1.1,us,usp0005jmu,2014-11-07T00:52:04.304Z,"177 km E of Amahai, Indonesia",earthquake,,15.3,,5,reviewed,us,us
1992-12-22T00:59:42.040Z,-41.096,176.376,44,4,mb,,,,0.9,us,usp0005jmt,2014-11-07T00:52:04.301Z,"25 km SSE of Castlepoint, New Zealand",earthquake,,9.3,,2,reviewed,us,us
1992-12-22T00:57:32.120Z,37.084,-5.453,10,3,mblg,,,,0.9,us,usp0005jms,2014-11-07T00:52:04.299Z,"4 km S of Morón de la Frontera, Spain",earthquake,,,,,reviewed,us,mdd
1992-12-22T00:19:18.360Z,25.209,95.34,33,4,mb,,,,1.2,us,usp0005jmr,2014-11-07T00:52:04.298Z,"Myanmar",earthquake,,,,4,reviewed,us,us
1992-12-21T23:12:16.960Z,36.606,11.5,10,3.8,mb,,,,1,us,usp0005jmp,2014-11-07T00:52:04.294Z,"45 km SE of Kélibia, Tunisia",earthquake,,,,2,reviewed,us,us
1992-12-21T21:45:46.930Z,-10.35,123.465,33,5.3,mb,,,,1.1,us,usp0005jmn,2014-11-07T00:52:04.288Z,"25 km SW of Kupang, Indonesia",earthquake,,,,21,reviewed,us,us
1992-12-21T21:36:05.000Z,-33.034,-68.758,10,3.9,md,,,,0.8,us,usp0005jmm,2014-11-07T00:52:04.286Z,"17 km SSE of Mendoza, Argentina",earthquake,,,,,reviewed,us,san
1992-12-21T21:33:02.660Z,61.4397,-146.1807,36.3,2.5,ml,,,,0.3,ak,ak992gd40qca,2020-09-14T19:50:05.843Z,"35 km NNE of Valdez, Alaska",earthquake,,1.1,,,reviewed,ak,ak
1992-12-21T21:11:40.440Z,39.318,28.723,10,3.3,md,,,,0.7,us,usp0005jmj,2014-11-07T00:52:04.281Z,"30 km N of Demirci, Turkey",earthquake,,,,,reviewed,us,isk
1992-12-21T21:04:31.780Z,57.6282,-156.324,78.3,3.1,ml,,,,0.1,ak,ak992gd3uktm,2020-09-14T19:50:06.194Z,"65 km E of Ugashik, Alaska",earthquake,,18.1,,,reviewed,ak,ak
1992-12-21T20:43:15.510Z,49.17,6.966,5,2.5,ml,,,,1.1,us,usp0005jmf,2014-11-07T00:52:04.274Z,"0 km N of Kerbach, France",earthquake,,,,,reviewed,us,str
1992-12-21T19:31:42.140Z,-33.752,-71.419,31.5,4.3,md,,,,0.6,us,usp0005jme,2014-11-07T00:52:04.272Z,"20 km WSW of Melipilla, Chile",earthquake,,3.7,,,reviewed,us,san
1992-12-21T18:49:03.500Z,34.485,-116.452,1.708,2.95,ml,0,49.8,,0.095,ci,ci3084202,2016-02-10T02:06:10.277Z,"38km SW of Ludlow, California",earthquake,,0.426,,28,reviewed,ci,ci
1992-12-21T18:43:22.170Z,43.137,146.156,84.3,4.7,mb,,,,0.9,us,usp0005jmc,2014-11-07T00:52:04.265Z,"51 km ESE of Nemuro, Japan",earthquake,,5,,38,reviewed,us,us
1992-12-21T18:37:08.850Z,34.445,-116.506,0.699,2.63,mc,0,45.9,,0.121,ci,ci3084199,2016-02-10T19:50:13.994Z,"37km ENE of Big Bear City, California",earthquake,,0.279,,78,reviewed,ci,ci
1992-12-21T18:27:19.450Z,44.164,11.348,10,2.9,md,,,,1,us,usp0005jmb,2014-11-07T00:52:04.263Z,"5 km NNW of Firenzuola, Italy",earthquake,,,,,reviewed,us,fir
1992-12-21T18:10:22.170Z,44.107,11.382,10,3,md,,,,0.6,us,usp0005jma,2014-11-07T00:52:04.261Z,"1 km S of Firenzuola, Italy",earthquake,,,,,reviewed,us,fir
1992-12-21T17:50:22.840Z,34.43,-116.511,4.879,2.51,mc,0,45.4,,0.123,ci,ci3084194,2016-02-09T22:27:41.479Z,"36km NNW of Yucca Valley, California",earthquake,,31.558,,71,reviewed,ci,ci
1992-12-21T17:45:28.090Z,15.038,-60.323,31.3,2.9,ml,,,,0.1,us,usp0005jm9,2014-11-07T00:52:04.259Z,"76 km ENE of La Trinité, Martinique",earthquake,,11,,,reviewed,us,fdf
1992-12-21T17:37:39.440Z,-7.318,120.338,398.9,4.7,mb,,,,0.8,us,usp0005jm8,2014-11-07T00:52:04.257Z,"139 km NNE of Labuan Bajo, Indonesia",earthquake,,9,,8,reviewed,us,us
1992-12-21T17:11:00.460Z,39.782,25.684,10,3.3,md,,,,0.5,us,usp0005jm7,2014-11-07T00:52:04.255Z,"Aegean Sea",earthquake,,,,,reviewed,us,isk
1992-12-21T16:47:12.030Z,25.764,128.247,33,4.6,mb,,,,1.1,us,usp0005jm6,2014-11-07T00:52:04.254Z,"70 km SE of Itoman, Japan",earthquake,,,,8,reviewed,us,us
1992-12-21T16:32:30.220Z,-32.278,-71.855,10,3.8,md,,,,0.9,us,usp0005jm4,2014-11-07T00:52:04.250Z,"61 km WNW of La Ligua, Chile",earthquake,,,,,reviewed,us,san
1992-12-21T16:24:21.780Z,43.415,5.41,10,2.9,ml,,,,0.7,us,usp0005jm3,2014-11-07T00:52:04.248Z,"2 km SW of Simiane-Collongue, France",earthquake,,,,,reviewed,us,str
1992-12-21T16:19:33.920Z,-8.735,118.473,149.9,4.8,mb,,,,1.2,us,usp0005jm2,2014-11-07T00:52:04.246Z,"21 km S of Dompu, Indonesia",earthquake,,21.1,,3,reviewed,us,us
1992-12-21T14:36:55.950Z,40.229,29.535,10,2.7,md,,,,0.8,us,usp0005jm1,2014-11-07T00:52:04.245Z,"10 km N of Hamzabey, Turkey",earthquake,,,,,reviewed,us,isk
1992-12-21T14:29:33.950Z,36.738,71.606,83.8,5,mb,,,,1.2,us,usp0005jm0,2014-11-07T00:52:04.243Z,"1 km NNW of Ishqoshim, Tajikistan",earthquake,,28.7,,9,reviewed,us,us
1992-12-21T13:39:27.000Z,34.233,-116.74,-0.489,3.38,ml,0,29.2,,0.15,ci,ci3084163,2016-02-10T09:18:15.216Z,"10km ESE of Big Bear City, California",earthquake,,0.229,,38,reviewed,ci,ci
1992-12-21T13:02:34.440Z,41.108,28.438,10,2.7,md,,,,0.2,us,usp0005jku,2014-11-07T00:52:04.235Z,"4 km SSW of Çatalca, Turkey",earthquake,,,,,reviewed,us,isk
1992-12-21T12:35:28.970Z,-33.075,-71.79,33,3.5,md,,,,0.5,us,usp0005jks,2014-11-07T00:52:04.231Z,"15 km WSW of Valparaíso, Chile",earthquake,,,,,reviewed,us,san
1992-12-21T11:44:02.890Z,34.092,-116.415,2.667,3.89,ml,0,29.5,,0.163,ci,ci3084155,2016-02-10T16:13:46.906Z,"3km SSE of Yucca Valley, California",earthquake,,0.17,,35,reviewed,ci,ci
1992-12-21T10:54:42.110Z,-30.503,-178.59,10,4.8,mb,,,,1,us,usp0005jkp,2014-11-07T00:52:04.225Z,"Kermadec Islands, New Zealand",earthquake,,,,2,reviewed,us,us
1992-12-21T10:38:32.940Z,39.094,27.625,10,2.7,md,,,,0.6,us,usp0005jkn,2014-11-07T00:52:04.224Z,"4 km WSW of K?rka?aç, Turkey",earthquake,,,,,reviewed,us,isk
1992-12-21T10:02:30.660Z,39.196,28.62,10,2.7,md,,,,1.3,us,usp0005jkm,2014-11-07T00:52:04.222Z,"16 km NNW of Demirci, Turkey",earthquake,,,,,reviewed,us,isk
1992-12-21T09:54:30.890Z,-6.268,130.758,33,4.9,mb,,,,0.3,us,usp0005jkk,2014-11-07T00:52:04.221Z,"231 km WSW of Tual, Indonesia",earthquake,,,,2,reviewed,us,us
1992-12-21T09:02:57.820Z,35.384,-2.519,12.8,4.4,mb,,,,1,us,usp0005jkh,2014-11-07T00:52:04.211Z,"39 km ENE of Melilla, Spain",earthquake,,2.5,,10,reviewed,us,us
1992-12-21T07:51:29.700Z,11.048,-61.958,100,3.1,md,,,,0.1,us,usp0005jkf,2014-11-07T00:52:04.203Z,"59 km NW of Petit Valley, Trinidad and Tobago",earthquake,,,,,reviewed,us,trn
1992-12-21T07:20:16.230Z,19.3453333,-155.1328333,8.919,2.64,ml,46,75,,0.08,hv,hv727409,2020-03-31T19:03:19.360Z,"13 km S of Fern Forest, Hawaii",earthquake,0.35,0.39,0.3,22,reviewed,hv,hv
1992-12-21T07:15:27.760Z,-33.779,-71.304,39.4,3.9,md,,,,0.5,us,usp0005jke,2014-11-07T00:52:04.201Z,"12 km SW of Melipilla, Chile",earthquake,,18.1,,,reviewed,us,san
1992-12-21T06:17:20.470Z,59.3008,-153.9228,0,2.6,ml,,,,0.01,ak,ak992gcuzu6n,2020-09-14T19:50:06.904Z,"43 km SE of Pope-Vannoy Landing, Alaska",earthquake,,47.8,,,reviewed,ak,ak
1992-12-21T06:13:37.940Z,52.006,179.067,99.3,5.5,mb,,,,0.9,us,usp0005jkc,2022-04-28T18:26:32.053Z,"295 km W of Adak, Alaska",earthquake,,,,97,reviewed,us,us
1992-12-21T06:04:01.660Z,-32.906,-71.244,56.7,3.5,md,,,,0.4,us,usp0005jkb,2014-11-07T00:52:04.168Z,"2 km S of Quillota, Chile",earthquake,,21.3,,,reviewed,us,san
1992-12-21T06:00:33.490Z,-31.377,-69.584,126.4,3.6,md,,,,0.6,us,usp0005jka,2014-11-07T00:52:04.165Z,"16 km WSW of Calingasta, Argentina",earthquake,,18.9,,,reviewed,us,san
1992-12-21T04:11:54.290Z,38.8231667,-122.8133333,0.999,2.53,md,23,121,0.02162,0.05,nc,nc329881,2016-12-20T01:44:26.978Z,"7 km W of Cobb, California",earthquake,0.2,0.32,0.15,22,reviewed,nc,nc
1992-12-21T03:41:57.810Z,35.049,-116.985,4.157,2.5,mc,0,108.6,,0.184,ci,ci3084212,2016-02-10T23:31:16.849Z,"17km NNE of Barstow, California",earthquake,,0.411,,48,reviewed,ci,ci
1992-12-21T03:21:17.210Z,-10.035,113.718,39,5.1,mb,,,,1.1,us,usp0005jk7,2014-11-07T00:52:04.161Z,"187 km SSW of Gambiran Satu, Indonesia",earthquake,,14.7,,9,reviewed,us,us
1992-12-21T02:09:33.400Z,46.098,-2.819,10,3,ml,,,,0.8,us,usp0005jk5,2014-11-07T00:52:04.156Z,"91 km WSW of Les Sables-d'Olonne, France",earthquake,,,,,reviewed,us,ldg
1992-12-21T01:25:15.830Z,34.537,-116.542,4.118,2.78,mc,0,106.5,,0.194,ci,ci3084081,2016-02-09T22:27:30.074Z,"40km ENE of Lucerne Valley, California",earthquake,,,,65,reviewed,ci,ci
1992-12-21T00:15:43.470Z,34.399,-116.441,1.266,2.6,mc,0,49.1,,0.164,ci,ci3084075,2016-02-10T12:46:22.283Z,"32km NNW of Joshua Tree, California",earthquake,,0.591,,54,reviewed,ci,ci
1992-12-21T00:12:20.550Z,32.116,-115.687,5.783,2.53,mc,0,272,,0.251,ci,ci3084074,2016-02-10T02:05:56.431Z,"50km WSW of Alberto Oviedo Mota, B.C., MX",earthquake,,,,22,reviewed,ci,ci
1992-12-21T00:02:15.310Z,-22.95,-178.66,542.4,5.3,mb,,,,0.9,us,usp0005jk3,2014-11-07T00:52:04.153Z,"south of the Fiji Islands",earthquake,,53.9,,4,reviewed,us,us
1992-12-20T23:52:38.230Z,63.4338,-151.1538,10.1,2.8,ml,,,,0.19,ak,ak992gbhseen,2020-09-14T19:50:07.185Z,"30 km ESE of Denali National Park, Alaska",earthquake,,1.6,,,reviewed,ak,ak
1992-12-20T22:33:46.350Z,-6.551,130.5,33,5.1,mb,,,,1.2,us,usp0005jjz,2014-11-07T00:52:04.143Z,"269 km WSW of Tual, Indonesia",earthquake,,,,9,reviewed,us,us
1992-12-20T22:27:21.530Z,-6.654,130.781,33,4.8,mb,,,,1.7,us,usp0005jjy,2014-11-07T00:52:04.141Z,"245 km WSW of Tual, Indonesia",earthquake,,,,4,reviewed,us,us
1992-12-20T21:57:59.990Z,-6.192,130.93,33,4.6,mb,,,,1.4,us,usp0005jjx,2014-11-07T00:52:04.139Z,"211 km WSW of Tual, Indonesia",earthquake,,,,1,reviewed,us,us
1992-12-20T21:19:16.660Z,-6.544,130.424,33,5.3,mb,,,,1.1,us,usp0005jjv,2014-11-07T00:52:04.133Z,"276 km WSW of Tual, Indonesia",earthquake,,,,10,reviewed,us,us
1992-12-20T21:05:20.830Z,37.75,-122.1491667,4.187,3.75,md,80,31,0.03514,0.1,nc,nc329659,2020-07-10T14:22:39.167Z,"2 km NNE of San Leandro, California",earthquake,0.12,0.31,0.14,179,reviewed,nc,nc
1992-12-20T20:52:47.280Z,-6.582,130.393,77.7,7.3,mw,,,,1.2,us,usp0005jjt,2022-04-28T18:26:30.756Z,"281 km WSW of Tual, Indonesia",earthquake,,,,,reviewed,us,hrv
1992-12-20T19:37:47.050Z,37.062,96.483,20.5,5,mb,,,,1.1,us,usp0005jjs,2022-04-28T18:26:25.271Z,"northern Qinghai, China",earthquake,,,,45,reviewed,us,us
1992-12-20T18:47:16.960Z,39.198,28.718,10,2.9,md,,,,1.1,us,usp0005jjr,2014-11-07T00:52:04.048Z,"17 km NNE of Demirci, Turkey",earthquake,,,,,reviewed,us,isk
1992-12-20T18:26:13.720Z,38.355,22.31,10,3.1,md,,,,0.9,us,usp0005jjq,2014-11-07T00:52:04.046Z,"6 km WSW of Galaxídhion, Greece",earthquake,,,,,reviewed,us,ath
1992-12-20T17:56:53.640Z,37.269,21.578,42.2,4,mb,,,,1,us,usp0005jjp,2014-11-07T00:52:04.041Z,"8 km WNW of Kyparissía, Greece",earthquake,,8.2,,4,reviewed,us,us
1992-12-20T17:14:07.560Z,37.039,-5.501,10,2.7,mblg,,,,1.3,us,usp0005jjn,2014-11-07T00:52:04.040Z,"7 km NE of Montellano, Spain",earthquake,,,,,reviewed,us,mdd
1992-12-20T16:38:46.370Z,-25.684,179.561,498.5,5.5,mw,,,,1,us,usp0005jjm,2025-12-19T22:55:41.114Z,"south of the Fiji Islands",earthquake,,,,,reviewed,us,hrv
1992-12-20T16:23:20.330Z,-14.807,-176.93,15.5,5,mb,,,,1.3,us,usp0005jjk,2014-11-07T00:52:03.912Z,"138 km ESE of Alo, Wallis and Futuna",earthquake,,,,15,reviewed,us,us
1992-12-20T16:11:06.810Z,37.042,29.473,10,3,md,,,,0.3,us,usp0005jjj,2014-11-07T00:52:03.910Z,"8 km NW of Alt?nyayla, Turkey",earthquake,,,,,reviewed,us,isk
1992-12-20T15:52:34.070Z,34.26,-116.765,1.911,2.73,mc,0,28.3,,0.146,ci,ci3084017,2016-02-10T05:40:26.945Z,"7km E of Big Bear City, California",earthquake,,0.211,,70,reviewed,ci,ci
1992-12-20T15:34:18.690Z,40.055,24.806,10,3.6,md,,,,0.6,us,usp0005jjh,2014-11-07T00:52:03.813Z,"29 km NW of Mýrina, Greece",earthquake,,,,,reviewed,us,isk
1992-12-20T15:02:37.440Z,-20.102,169.687,33,4.9,mb,,,,0.8,us,usp0005jjg,2014-11-07T00:52:03.811Z,"75 km SE of Isangel, Vanuatu",earthquake,,,,2,reviewed,us,us
1992-12-20T14:44:00.980Z,-8.547,122.215,33,4.3,mb,,,,1.3,us,usp0005jjf,2014-11-07T00:52:03.703Z,"8 km N of Maumere, Indonesia",earthquake,,,,2,reviewed,us,us
1992-12-20T14:29:59.050Z,39.799,30.468,10,2.6,md,,,,0.9,us,usp0005jje,2014-11-07T00:52:03.702Z,"5 km WNW of Eski?ehir, Turkey",earthquake,,,,,reviewed,us,isk
1992-12-20T13:38:11.240Z,33.257,-117.599,14.415,2.63,ml,0,151.9,,0.139,ci,ci3084008,2016-02-10T16:13:22.449Z,"19km S of San Clemente, California",earthquake,,0.52,,17,reviewed,ci,ci
1992-12-20T13:22:15.100Z,34.566,-116.479,2.178,2.7,mc,0,47.5,,0.15,ci,ci3084006,2016-02-09T22:27:22.283Z,"34km WSW of Ludlow, California",earthquake,,1.04,,59,reviewed,ci,ci
1992-12-20T13:17:25.130Z,34.002,-117.097,11.032,2.57,ml,0,19,,0.166,ci,ci3084005,2016-02-10T05:40:23.802Z,"4km WNW of Calimesa, California",earthquake,,0.165,,3,reviewed,ci,ci
1992-12-20T13:01:31.850Z,39.725,28.433,10,2.6,md,,,,0.7,us,usp0005jjb,2014-11-07T00:52:03.696Z,"22 km NW of Dursunbey, Turkey",earthquake,,,,,reviewed,us,isk
1992-12-20T12:45:25.230Z,40.084,24.769,10,3.5,md,,,,0.7,us,usp0005jja,2014-11-07T00:52:03.641Z,"34 km NW of Mýrina, Greece",earthquake,,,,,reviewed,us,isk
1992-12-20T11:47:24.040Z,36.443,71.168,46.6,4.6,mb,,,,1.1,us,usp0005jj9,2014-11-07T00:52:03.636Z,"42 km SW of Ashk?sham, Afghanistan",earthquake,,12.8,,22,reviewed,us,us
1992-12-20T11:14:28.240Z,-6.634,147.228,33,4.2,mb,,,,0.8,us,usp0005jj8,2014-11-07T00:52:03.635Z,"27 km ENE of Lae, Papua New Guinea",earthquake,,,,2,reviewed,us,us
1992-12-20T11:08:20.250Z,40.043,24.698,10,3.6,md,,,,1.1,us,usp0005jj7,2014-11-07T00:52:03.632Z,"36 km WNW of Mýrina, Greece",earthquake,,,,,reviewed,us,isk
1992-12-20T10:37:19.620Z,36.078,43.896,33,4.4,mb,,,,1.5,us,usp0005jj6,2014-11-07T00:52:03.629Z,"15 km SW of Erbil, Iraq",earthquake,,,,7,reviewed,us,us
1992-12-20T10:03:43.310Z,34.204,-116.824,3.841,2.54,mc,0,44.8,,0.136,ci,ci3083985,2016-02-09T22:27:19.536Z,"7km SSE of Big Bear City, California",earthquake,,0.01,,67,reviewed,ci,ci
1992-12-20T09:57:35.790Z,15.489,-60.968,33,2.7,ml,,,,0.4,us,usp0005jj5,2014-11-07T00:52:03.628Z,"31 km E of Castle Bruce, Dominica",earthquake,,,,,reviewed,us,fdf
1992-12-20T09:57:29.080Z,37.228,21.697,33,3.4,md,,,,1.5,us,usp0005jj4,2014-11-07T00:52:03.626Z,"3 km SE of Kyparissía, Greece",earthquake,,,,,reviewed,us,ath
1992-12-20T09:36:44.480Z,36.4146667,-120.9948333,6.47,2.86,md,70,65,0.02162,0.07,nc,nc329636,2016-12-20T01:42:47.840Z,"24 km ENE of Greenfield, California",earthquake,0.12,0.31,0.13,62,reviewed,nc,nc
1992-12-20T09:28:31.190Z,19.131,-155.3595,41.997,2.65,ml,42,187,,0.09,hv,hv727286,2020-03-31T19:03:18.900Z,"14 km ESE of P?hala, Hawaii",earthquake,0.71,0.85,0.2,18,reviewed,hv,hv
1992-12-20T09:07:13.410Z,37.663,-2.329,10,2.7,mblg,,,,0.9,us,usp0005jj1,2014-11-07T00:52:03.621Z,"9 km NW of Chirivel, Spain",earthquake,,,,,reviewed,us,mdd
1992-12-20T08:32:34.230Z,-27.964,26.699,5,3.2,ml,,,,1.3,us,usp0005jhz,2014-11-07T00:52:03.618Z,"South Africa",earthquake,,,,,reviewed,us,pre
1992-12-20T05:45:22.670Z,37.5935,-118.881,2.404,3,md,32,80,0.01712,0.06,nc,nc329622,2016-12-20T01:42:11.370Z,"10 km SE of Mammoth Lakes, California",earthquake,0.23,0.33,0.12,48,reviewed,nc,nc
1992-12-20T05:20:05.300Z,42.325,18.817,10,2.5,ml,,,,0.6,us,usp0005jhv,2014-11-07T00:52:03.601Z,"4 km NNW of Budva, Montenegro",earthquake,,,,,reviewed,us,ttg
1992-12-20T05:19:10.490Z,47.908,154.613,33.3,5.2,mb,,,,1,us,usp0005jhu,2014-11-07T00:52:03.588Z,"Kuril Islands",earthquake,,,,78,reviewed,us,us
1992-12-20T05:15:52.850Z,-15.281,165.667,33,4.5,mb,,,,1.5,us,usp0005jht,2014-11-07T00:52:03.587Z,"Vanuatu",earthquake,,,,3,reviewed,us,us
1992-12-20T03:58:04.110Z,-8.126,122.408,22.8,5.2,mb,,,,1.2,us,usp0005jhs,2014-11-07T00:52:03.579Z,"58 km NNE of Maumere, Indonesia",earthquake,,,,40,reviewed,us,us
1992-12-20T03:49:46.700Z,-2.554,133.801,33,5.1,mb,,,,1.1,us,usp0005jhr,2014-11-07T00:52:03.577Z,"189 km S of Manokwari, Indonesia",earthquake,,,,5,reviewed,us,us
1992-12-20T03:49:07.250Z,38.188,20.396,10,3.7,md,,,,1.1,us,usp0005jhq,2014-11-07T00:52:03.572Z,"3 km WSW of Lixoúri, Greece",earthquake,,,,,reviewed,us,ath
1992-12-20T03:28:42.460Z,34.165,-116.432,1.447,2.56,mc,0,61.6,,0.119,ci,ci3083949,2016-02-10T12:46:07.928Z,"6km N of Yucca Valley, California",earthquake,,0.443,,52,reviewed,ci,ci
1992-12-20T02:49:58.190Z,50.531,155.511,137,4.5,mb,,,,0.9,us,usp0005jhp,2014-11-07T00:52:03.566Z,"46 km WSW of Severo-Kuril’sk, Russia",earthquake,,,,30,reviewed,us,us
1992-12-20T02:47:07.440Z,34.548,-116.551,4.618,2.74,mc,0,65,,0.133,ci,ci2077218,2016-02-10T12:46:06.669Z,"40km ENE of Lucerne Valley, California",earthquake,,,,66,reviewed,ci,ci
1992-12-20T01:07:01.420Z,34.609,-116.628,4.051,2.67,mc,0,59.6,,0.129,ci,ci3083936,2016-02-10T16:13:11.153Z,"36km ENE of Lucerne Valley, California",earthquake,,0.253,,60,reviewed,ci,ci
1992-12-20T00:49:18.280Z,35.033,-116.965,3.908,2.66,ml,0,101.2,,0.135,ci,ci3084060,2016-02-10T02:05:40.111Z,"16km NNE of Barstow, California",earthquake,,0.303,,12,reviewed,ci,ci
1992-12-20T00:48:54.030Z,33.992,-116.937,19.449,2.5,mc,0,116.3,,0.119,ci,ci3083935,2016-02-10T23:30:53.272Z,"8km NNE of Beaumont, California",earthquake,,0.755,,39,reviewed,ci,ci
1992-12-20T00:08:56.090Z,-18.572,-175.538,263.3,5.2,mb,,,,1.3,us,usp0005jhm,2014-11-07T00:52:03.555Z,"164 km W of Neiafu, Tonga",earthquake,,,,36,reviewed,us,us
1992-12-19T22:01:39.850Z,-19.126,-69.423,138.4,4.8,mb,,,,1.3,us,usp0005jhg,2014-11-07T00:52:03.548Z,"117 km SE of Arica, Chile",earthquake,,8.7,,4,reviewed,us,us
1992-12-19T21:57:21.570Z,0.023,123.62,126.9,5.3,mw,,,,1.1,us,usp0005jhf,2025-12-19T22:55:40.491Z,"84 km SE of Gorontalo, Indonesia",earthquake,,,,,reviewed,us,hrv
1992-12-19T19:56:14.260Z,37.5,71.768,33,3.8,mb,,,,1.3,us,usp0005jhc,2014-11-07T00:52:03.524Z,"19 km E of Khorugh, Tajikistan",earthquake,,,,2,reviewed,us,us
1992-12-19T19:54:28.960Z,37.891,26.725,10,3.2,md,,,,0.7,us,usp0005jhb,2014-11-07T00:52:03.523Z,"11 km N of Néon Karlovásion, Greece",earthquake,,,,,reviewed,us,isk
1992-12-19T18:35:51.500Z,62.1137,-150.8158,57.8,2.6,ml,,,,0.15,ak,ak992g9r69qm,2020-09-14T19:50:10.397Z,"33 km ENE of Skwentna, Alaska",earthquake,,2.9,,,reviewed,ak,ak
1992-12-19T17:10:20.150Z,19.38,-64.724,33,3.4,mb,,,,0.5,us,usp0005jh7,2014-11-07T00:52:03.515Z,"116 km N of Cruz Bay, U.S. Virgin Islands",earthquake,,,,1,reviewed,us,us
1992-12-19T16:53:07.600Z,6.877,-73.168,152.1,3.6,mb,,,,1.6,us,usp0005jh6,2014-11-07T00:52:03.513Z,"12 km ENE of Zapatoca, Colombia",earthquake,,14.6,,2,reviewed,us,us
1992-12-19T16:35:50.500Z,50.985,-131.173,10,3.7,ml,,,,,us,usp0005jh5,2014-11-07T00:52:03.512Z,"291 km W of Port McNeill, Canada",earthquake,,,,,reviewed,pgc,pgc
1992-12-19T16:24:38.810Z,34.549,-116.546,4.713,2.95,ml,0,53.3,,0.147,ci,ci3083885,2016-02-10T02:05:31.876Z,"40km WSW of Ludlow, California",earthquake,,,,29,reviewed,ci,ci
1992-12-19T16:08:22.060Z,40.3738333,-125.389,22.224,2.91,md,19,295,0.8108,0.36,nc,nc329584,2016-12-20T01:40:46.817Z,"98 km WSW of Ferndale, California",earthquake,14.65,30.94,0.25,5,reviewed,nc,nc
1992-12-19T12:45:27.350Z,25.931,124.201,206.1,4.5,mb,,,,0.9,us,usp0005jh1,2014-11-07T00:52:03.504Z,"166 km NW of Hirara, Japan",earthquake,,9.3,,11,reviewed,us,us
1992-12-19T12:42:46.200Z,38.838,26.724,10,3.7,md,,,,1.3,us,usp0005jh0,2014-11-07T00:52:03.500Z,"15 km NW of Yenifoça, Turkey",earthquake,,,,,reviewed,us,ath
1992-12-19T12:32:59.800Z,37.622,-118.8586667,4.994,2.64,md,30,79,0.01712,0.05,nc,nc329580,2016-12-20T01:40:30.580Z,"10 km ESE of Mammoth Lakes, California",earthquake,0.29,0.32,0.21,40,reviewed,nc,nc
1992-12-19T12:14:22.080Z,51.906,158.411,53,6.1,mwb,,,,0.9,us,usp0005jgz,2022-04-28T18:26:14.281Z,"114 km S of Vilyuchinsk, Russia",earthquake,,,,,reviewed,us,us
1992-12-19T11:48:50.600Z,37.902,26.788,10,3.3,md,,,,1.4,us,usp0005jgy,2014-11-07T00:52:03.443Z,"14 km NNE of Néon Karlovásion, Greece",earthquake,,,,,reviewed,us,isk
1992-12-19T11:25:37.280Z,-6.667,147.324,33,3.9,mb,,,,1.5,us,usp0005jgx,2014-11-07T00:52:03.442Z,"36 km E of Lae, Papua New Guinea",earthquake,,,,2,reviewed,us,us
1992-12-19T10:44:14.030Z,-8.3,122.629,33,4.9,mb,,,,1.3,us,usp0005jgw,2014-11-07T00:52:03.438Z,"58 km NE of Maumere, Indonesia",earthquake,,,,9,reviewed,us,us
1992-12-19T10:36:23.800Z,-6.542,147.268,51.2,4.5,mb,,,,0.7,us,usp0005jgv,2014-11-07T00:52:03.436Z,"36 km ENE of Lae, Papua New Guinea",earthquake,,8,,2,reviewed,us,us
1992-12-19T09:34:06.120Z,45.561,20.95,22.6,4.6,mb,,,,1.2,us,usp0005jgt,2014-11-07T00:52:03.421Z,"3 km WNW of Giulv?z, Romania",earthquake,,4.1,,8,reviewed,us,us
1992-12-19T08:28:24.000Z,40.448,78.37,33,4.6,mb,,,,0.9,us,usp0005jgs,2014-11-07T00:52:03.419Z,"159 km WSW of Aykol, China",earthquake,,,,14,reviewed,us,us
1992-12-19T07:39:27.530Z,44.095,6.921,10,2.8,ml,,,,0.5,us,usp0005jgq,2014-11-07T00:52:03.414Z,"15 km N of Puget-Théniers, France",earthquake,,,,,reviewed,us,ldg
1992-12-19T06:44:01.560Z,-11.429,166.29,43.6,5.8,ms,,,,1.2,us,usp0005jgp,2022-04-28T18:26:08.890Z,"94 km SE of Lata, Solomon Islands",earthquake,,,,34,reviewed,us,us
1992-12-19T05:37:43.550Z,34.942,-116.946,2.881,2.51,mc,0,59.5,,0.162,ci,ci2077091,2016-02-10T02:05:28.026Z,"8km NE of Barstow, California",earthquake,,0.908,,67,reviewed,ci,ci
1992-12-19T05:32:50.440Z,41.102,20.279,10,2.8,ml,,,,0.9,us,usp0005jgm,2014-11-07T00:52:03.379Z,"11 km SSW of Librazhd-Qendër, Albania",earthquake,,,,,reviewed,us,ttg
1992-12-19T05:18:39.270Z,39.7173333,-110.6028333,9.44,2.58,md,13,206,0.1901,0.25,uu,uu50069910,2018-08-28T04:45:20.640Z,"17 km E of Kenilworth, Utah",earthquake,1.29,1.7,,6,reviewed,uu,uu
1992-12-19T05:10:22.350Z,39.7076667,-110.6133333,4.74,2.74,md,18,166,0.1885,0.28,uu,uu50069905,2018-08-28T04:45:19.950Z,"16 km E of Kenilworth, Utah",earthquake,1.04,4.03,,7,reviewed,uu,uu
1992-12-19T01:40:38.010Z,6.542,126.844,85.1,4.6,mb,,,,0.8,us,usp0005jgj,2014-11-07T00:52:03.375Z,"67 km ESE of Bobon, Philippines",earthquake,,11.2,,9,reviewed,us,us
1992-12-18T22:39:37.370Z,27.596,130.465,33,4.1,mb,,,,0.3,us,usp0005jgf,2014-11-07T00:52:03.369Z,"128 km SE of Naze, Japan",earthquake,,,,5,reviewed,us,us
1992-12-18T21:52:21.260Z,19.3075,-155.2165,8.865,2.62,ml,41,133,,0.09,hv,hv727056,2020-03-31T19:03:17.670Z,"15 km S of Volcano, Hawaii",earthquake,0.37,0.48,,9,reviewed,hv,hv
1992-12-18T21:47:26.130Z,51.31,179.568,33,4.2,mb,,,,0.9,us,usp0005jgd,2014-11-07T00:52:03.366Z,"270 km WSW of Adak, Alaska",earthquake,,,,7,reviewed,us,us
1992-12-18T19:35:46.770Z,-33.138,-70.259,10,3.4,md,,,,0.1,us,usp0005jga,2014-11-07T00:52:03.361Z,"40 km ENE of Chicureo Abajo, Chile",earthquake,,,,,reviewed,us,san
1992-12-18T18:58:12.470Z,-8.772,125.046,121,4.5,mb,,,,1,us,usp0005jg9,2014-11-07T00:52:03.359Z,"24 km SW of Maubara, Timor Leste",earthquake,,32.7,,2,reviewed,us,us
1992-12-18T18:27:32.690Z,19.4651667,-155.0115,43.788,2.86,ml,37,114,,0.1,hv,hv727034,2020-03-31T19:03:17.510Z,"7 km SSW of Ainaloa, Hawaii",earthquake,0.92,1.09,0.34,9,reviewed,hv,hv
1992-12-18T18:22:23.500Z,6.615,-73.152,159.6,4.2,mb,,,,1.2,us,usp0005jg8,2014-11-07T00:52:03.358Z,"6 km NNW of San Gil, Colombia",earthquake,,11.6,,1,reviewed,us,us
1992-12-18T17:17:54.280Z,-6.738,147.304,33,3.9,mb,,,,1.2,us,usp0005jg6,2014-11-07T00:52:03.355Z,"34 km E of Lae, Papua New Guinea",earthquake,,,,1,reviewed,us,us
1992-12-18T17:15:25.860Z,18.395,-103.114,90.9,3.5,mb,,,,1.6,us,usp0005jg5,2014-11-07T00:52:03.353Z,"42 km S of Coalcomán de Vázquez Pallares, Mexico",earthquake,,17,,1,reviewed,us,us
1992-12-18T16:58:42.250Z,37.827,26.9,10,3.2,md,,,,0.5,us,usp0005jg4,2014-11-07T00:52:03.352Z,"5 km N of Kokkári, Greece",earthquake,,,,,reviewed,us,isk
1992-12-18T15:53:35.880Z,17.038,-94.807,116.3,3.7,mb,,,,0.6,us,usp0005jg3,2014-11-07T00:52:03.351Z,"10 km SE of Cuauhtémoc, Mexico",earthquake,,12.4,,1,reviewed,us,us
1992-12-18T14:58:09.500Z,-8.085,123.069,28.8,4.9,mb,,,,1.2,us,usp0005jg2,2014-11-07T00:52:03.344Z,"111 km ENE of Maumere, Indonesia",earthquake,,,,22,reviewed,us,us
1992-12-18T14:36:35.920Z,-6.651,147.303,33,4.1,mb,,,,1.3,us,usp0005jg1,2014-11-07T00:52:03.342Z,"34 km ENE of Lae, Papua New Guinea",earthquake,,,,1,reviewed,us,us
1992-12-18T13:59:43.680Z,35.019,-116.968,2.747,2.7,mc,0,84,,0.158,ci,ci3083739,2016-02-10T05:40:12.847Z,"14km NNE of Barstow, California",earthquake,,0.325,,69,reviewed,ci,ci
1992-12-18T13:48:06.880Z,61.3742,-149.6063,37,2.7,ml,,,,0.37,ak,ak992g80qg34,2020-09-14T19:50:13.123Z,"6 km NNW of Eagle River, Alaska",earthquake,,1,,,reviewed,ak,ak
1992-12-18T12:24:18.970Z,35.688,27.441,10,3.8,ml,,,,1.5,us,usp0005jfz,2014-11-07T00:52:03.334Z,"28 km NE of Karpathos, Greece",earthquake,,,,,reviewed,us,css
1992-12-18T12:12:56.060Z,34.274,-116.855,1.663,2.54,mc,0,92.9,,0.136,ci,ci3083732,2016-02-10T02:05:16.031Z,"2km NNW of Big Bear City, California",earthquake,,0.341,,62,reviewed,ci,ci
1992-12-18T12:02:19.610Z,-52.893,72.918,10,5.5,mb,,,,1.2,us,usp0005jfy,2022-04-28T18:25:58.227Z,"Kerguelen Islands region",earthquake,,,,12,reviewed,us,us
1992-12-18T11:58:59.960Z,42.04,27.402,10,2.6,md,,,,0.3,us,usp0005jfx,2014-11-07T00:52:03.310Z,"12 km WNW of Malko Tarnovo, Bulgaria",earthquake,,,,,reviewed,us,isk
1992-12-18T11:56:37.130Z,-26.211,28.222,5,3.3,ml,,,,0.8,us,usp0005jfw,2014-11-07T00:52:03.307Z,"3 km W of Boksburg, South Africa",earthquake,,,,,reviewed,us,pre
1992-12-18T11:21:44.720Z,26.357,100.872,29.9,5,mb,,,,1.4,us,usp0005jfu,2022-04-28T18:25:56.112Z,"85 km WSW of Dadukou, China",earthquake,,14.4,,60,reviewed,us,us
1992-12-18T11:01:51.700Z,7.368,-76.711,33,4.1,mb,,,,1.3,us,usp0005jft,2014-11-07T00:52:03.294Z,"33 km S of Chigorodó, Colombia",earthquake,,,,1,reviewed,us,us
1992-12-18T10:50:48.320Z,39.7395,-110.8343333,2.96,3.46,md,32,147,0.07584,0.28,uu,uu50069880,2018-08-28T04:45:16.590Z,"6 km NNW of Kenilworth, Utah",earthquake,1,1.15,,17,reviewed,uu,uu
1992-12-18T10:36:06.410Z,-33.132,-70.838,71.1,3.5,md,,,,0.2,us,usp0005jfp,2014-11-07T00:52:03.288Z,"17 km NNE of Lampa, Chile",earthquake,,35.8,,,reviewed,us,san
1992-12-18T07:59:56.060Z,43.401,5.403,10,2.8,ml,,,,0.7,us,usp0005jfk,2014-11-07T00:52:03.283Z,"3 km E of Septèmes-les-Vallons, France",earthquake,,,,,reviewed,us,str
1992-12-18T07:25:47.650Z,-6.744,147.219,33,3.5,mb,,,,1,us,usp0005jfj,2014-11-07T00:52:03.282Z,"24 km E of Lae, Papua New Guinea",earthquake,,,,1,reviewed,us,us
1992-12-18T06:33:37.930Z,50.844,-178.3,33,4.2,mb,,,,0.8,us,usp0005jfh,2014-11-07T00:52:03.279Z,"163 km SW of Adak, Alaska",earthquake,,,,8,reviewed,us,us
1992-12-18T06:18:00.600Z,-30.58,-71.335,54.6,4.5,mb,,,,1.3,us,usp0005jfg,2014-11-07T00:52:03.273Z,"13 km W of Ovalle, Chile",earthquake,,,,4,reviewed,us,us
1992-12-18T05:59:49.120Z,34.252,-116.429,4.632,2.63,mc,0,142.9,,0.156,ci,ci3083712,2016-02-10T02:05:14.643Z,"15km N of Yucca Valley, California",earthquake,,,,53,reviewed,ci,ci
1992-12-18T05:50:21.310Z,-5.991,147.601,91.9,4.5,mb,,,,1.5,us,usp0005jff,2014-11-07T00:52:03.272Z,"68 km NNW of Finschhafen, Papua New Guinea",earthquake,,16.2,,2,reviewed,us,us
1992-12-18T05:47:38.260Z,51.198,-171.824,33,4.2,mb,,,,0.7,us,usp0005jfe,2014-11-07T00:52:03.270Z,"198 km SE of Atka, Alaska",earthquake,,,,3,reviewed,us,us
1992-12-18T04:52:01.860Z,-2.346,141.145,33,4.9,mb,,,,1.1,us,usp0005jfd,2014-11-07T00:52:03.268Z,"41 km NNW of Vanimo, Papua New Guinea",earthquake,,,,5,reviewed,us,us
1992-12-18T04:44:02.760Z,34.425,141.552,43.2,4.6,ms,,,,1.1,us,usp0005jfc,2014-11-07T00:52:03.263Z,"138 km SE of Katsuura, Japan",earthquake,,,,1,reviewed,us,us
1992-12-18T03:44:59.160Z,34.107,-116.935,5.205,2.51,mc,0,84.9,,0.145,ci,ci3083701,2016-02-10T09:17:35.365Z,"13km NE of Yucaipa, California",earthquake,,0.628,,57,reviewed,ci,ci
1992-12-18T03:14:04.240Z,-6.487,147.144,29.3,6.1,mw,,,,1,us,usp0005jfb,2022-04-28T18:25:50.688Z,"30 km NNE of Lae, Papua New Guinea",earthquake,,,,,reviewed,us,hrv
1992-12-18T02:28:29.610Z,47.805,-1.726,10,2.9,ml,,,,0.3,us,usp0005jfa,2014-11-07T00:52:03.213Z,"5 km NNW of La Dominelais, France",earthquake,,,,,reviewed,us,ldg
1992-12-18T02:18:00.600Z,-57.261,-25.821,53,5.4,mb,,,,1,us,usp0005jf9,2014-11-07T00:52:03.199Z,"South Sandwich Islands region",earthquake,,,,5,reviewed,us,us
1992-12-18T02:13:24.890Z,34.09,136.65,374,4.4,mb,,,,0.9,us,usp0005jf8,2014-11-07T00:52:03.196Z,"41 km E of Owase, Japan",earthquake,,6,,18,reviewed,us,us
1992-12-18T01:57:21.230Z,60.0088,-141.4307,8,2.9,ml,,,,0.25,ak,ak992g7tn7dn,2020-09-14T19:50:14.602Z,"Southern Alaska",earthquake,,2,,,reviewed,ak,ak
1992-12-18T01:49:44.930Z,19.086,-156.2005,37.009,3.02,ml,41,288,,0.1,hv,hv726965,2020-03-31T19:03:17.310Z,"45 km W of Hawaiian Ocean View, Hawaii",earthquake,1.31,1.3,0.15,28,reviewed,hv,hv
1992-12-18T01:38:24.040Z,37.061,-4.459,10,2.7,mblg,,,,0.9,us,usp0005jf6,2014-11-07T00:52:03.191Z,"7 km WSW of Archidona, Spain",earthquake,,,,,reviewed,us,mdd
1992-12-18T01:08:23.410Z,60.432,-150.7818,37.6,2.7,ml,,,,0.22,ak,ak992g7tcpgl,2020-09-14T19:50:14.956Z,"Kenai Peninsula, Alaska",earthquake,,1.3,,,reviewed,ak,ak
1992-12-18T00:42:40.710Z,-20.242,-177.413,500,4.7,mb,,,,1.2,us,usp0005jf4,2014-11-07T00:52:03.182Z,"250 km WNW of Haveluloto, Tonga",earthquake,,,,7,reviewed,us,us
1992-12-18T00:13:17.510Z,35.158,67.91,33,4.4,mb,,,,1.4,us,usp0005jf3,2014-11-07T00:52:03.181Z,"38 km NNE of B?my?n, Afghanistan",earthquake,,,,5,reviewed,us,us
1992-12-17T22:57:41.870Z,42.939,0.292,10,2.6,ml,,,,1,us,usp0005jf1,2014-11-07T00:52:03.178Z,"12 km SE of Campan, France",earthquake,,,,,reviewed,us,ldg
1992-12-17T22:24:06.270Z,49.164,6.841,10,2.9,ml,,,,1.2,us,usp0005jez,2014-11-07T00:52:03.173Z,"2 km WSW of Morsbach, France",earthquake,,,,,reviewed,us,str
1992-12-17T21:32:19.630Z,-8.303,122.325,33,4.6,mb,,,,0.9,us,usp0005jew,2014-11-07T00:52:03.168Z,"37 km NNE of Maumere, Indonesia",earthquake,,,,2,reviewed,us,us
1992-12-17T21:16:00.910Z,-8.57,122.769,33,5,mb,,,,1,us,usp0005jev,2014-11-07T00:52:03.166Z,"61 km E of Maumere, Indonesia",earthquake,,,,3,reviewed,us,us
1992-12-17T20:22:55.340Z,15.321,-60.226,33,2.8,ml,,,,0.2,us,usp0005jet,2014-11-07T00:52:03.163Z,"101 km NE of Sainte-Marie, Martinique",earthquake,,,,,reviewed,us,fdf
1992-12-17T19:25:06.140Z,-32.473,-69.723,120,3.5,md,,,,0.5,us,usp0005jer,2014-11-07T00:52:03.160Z,"91 km ENE of Los Andes, Chile",earthquake,,,,,reviewed,us,san
1992-12-17T18:56:57.310Z,-8.27,121.63,22.9,5.3,mw,,,,1.4,us,usp0005jep,2022-04-28T18:25:49.321Z,"63 km N of Ende, Indonesia",earthquake,,,,,reviewed,us,hrv
1992-12-17T18:25:20.720Z,-17.057,-173.557,33,5.1,ms,,,,1.4,us,usp0005jen,2014-11-07T00:52:03.140Z,"124 km SSE of Hihifo, Tonga",earthquake,,,,1,reviewed,us,us
1992-12-17T18:03:38.070Z,-32.978,138.851,10,3.5,ml,,,,1.4,us,usp0005jem,2014-11-07T00:52:03.137Z,"1 km SE of Peterborough, Australia",earthquake,,,,,reviewed,us,bfd
1992-12-17T17:43:12.590Z,37.422,68.942,35.8,5.2,mw,,,,1,us,usp0005jek,2022-04-28T18:25:48.028Z,"18 km SE of Orzu, Tajikistan",earthquake,,,,,reviewed,us,hrv
1992-12-17T17:40:59.690Z,33.249,-116.066,2.484,2.93,ml,0,36.6,,0.202,ci,ci3083632,2016-02-10T16:12:36.959Z,"12km WSW of Salton City, California",earthquake,,0.354,,16,reviewed,ci,ci
1992-12-17T17:11:14.010Z,-3.886,139.073,33,5,mb,,,,1.4,us,usp0005jeh,2014-11-07T00:52:03.112Z,"224 km SW of Abepura, Indonesia",earthquake,,,,4,reviewed,us,us
1992-12-17T17:08:52.920Z,41.009,20.28,10,2.6,ml,,,,1.1,us,usp0005jeg,2014-11-07T00:52:03.110Z,"17 km NNE of Gramsh, Albania",earthquake,,,,,reviewed,us,ttg
1992-12-17T16:55:25.880Z,36.336,26.822,10,3.4,md,,,,0.3,us,usp0005jef,2014-11-07T00:52:03.109Z,"41 km SW of Mandráki, Greece",earthquake,,,,,reviewed,us,isk
1992-12-17T16:29:42.290Z,66.971,20.817,10,3.2,md,,,,0.3,us,usp0005jee,2014-11-07T00:52:03.107Z,"19 km SSE of Gällivare, Sweden",earthquake,,,,,reviewed,us,ber
1992-12-17T16:02:23.510Z,48.153,153.567,33,4.8,mb,,,,1.1,us,usp0005jed,2014-11-07T00:52:03.104Z,"Kuril Islands",earthquake,,,,18,reviewed,us,us
1992-12-17T15:20:39.880Z,59.2395,-153.6423,109.7,2.9,ml,,,,0.16,ak,ak992g6e81as,2020-09-14T19:50:15.732Z,"59 km SE of Pope-Vannoy Landing, Alaska",earthquake,,1.6,,,reviewed,ak,ak
1992-12-17T14:48:46.510Z,-23.361,-179.886,500,4.6,mb,,,,0.8,us,usp0005je9,2014-11-07T00:52:03.097Z,"south of the Fiji Islands",earthquake,,,,7,reviewed,us,us
1992-12-17T14:38:28.740Z,39.142,27.544,10,2.8,md,,,,0.9,us,usp0005je8,2014-11-07T00:52:03.095Z,"7 km SW of Soma, Turkey",earthquake,,,,,reviewed,us,isk
1992-12-17T14:19:33.720Z,-8.441,122.17,33,5.1,mb,,,,1.1,us,usp0005je6,2014-11-07T00:52:03.087Z,"20 km NNW of Maumere, Indonesia",earthquake,,,,26,reviewed,us,us
1992-12-17T13:41:30.520Z,41.147,20.248,10,3.1,ml,,,,1,us,usp0005je5,2014-11-07T00:52:03.084Z,"9 km SW of Librazhd-Qendër, Albania",earthquake,,,,,reviewed,us,sko
1992-12-17T13:09:44.840Z,-6.761,-75.475,33,4.3,mb,,,,1.2,us,usp0005je2,2014-11-07T00:52:03.079Z,"56 km SSE of Navarro, Peru",earthquake,,,,4,reviewed,us,us
1992-12-17T13:01:46.750Z,19.2205,-155.3833333,36.009,2.81,ml,41,154,,0.1,hv,hv726875,2020-03-31T19:03:16.840Z,"10 km E of P?hala, Hawaii",earthquake,0.63,1,0.08,15,reviewed,hv,hv
1992-12-17T12:33:41.790Z,13.425,-92.181,33,4.1,mb,,,,1.4,us,usp0005je0,2014-11-07T00:52:03.075Z,"100 km SSW of Champerico, Guatemala",earthquake,,,,4,reviewed,us,us
1992-12-17T12:32:08.250Z,38.479,73.319,33,4.8,mb,,,,1.1,us,usp0005jdz,2014-11-07T00:52:03.073Z,"66 km WNW of Murghob, Tajikistan",earthquake,,,,6,reviewed,us,us
1992-12-17T12:30:14.680Z,39.286,27.178,10,2.8,md,,,,1.3,us,usp0005jdy,2014-11-07T00:52:03.072Z,"18 km N of Bergama, Turkey",earthquake,,,,,reviewed,us,isk
1992-12-17T11:18:31.460Z,-3.244,130.603,17.5,5.1,mb,,,,0.5,us,usp0005jdx,2014-11-07T00:52:03.070Z,"187 km E of Amahai, Indonesia",earthquake,,,,8,reviewed,us,us
1992-12-17T11:17:07.290Z,39.195,27.539,10,2.7,md,,,,0.7,us,usp0005jdw,2014-11-07T00:52:03.068Z,"6 km W of Soma, Turkey",earthquake,,,,,reviewed,us,isk
1992-12-17T11:10:11.400Z,39.163,27.535,10,2.8,md,,,,0.8,us,usp0005jdv,2014-11-07T00:52:03.067Z,"6 km WSW of Soma, Turkey",earthquake,,,,,reviewed,us,isk
1992-12-17T11:09:48.670Z,14.02,-91.83,32.5,4.9,mb,,,,1.1,us,usp0005jdu,2014-11-07T00:52:03.057Z,"31 km SSE of Champerico, Guatemala",earthquake,,7.7,,42,reviewed,us,us
1992-12-17T10:39:28.980Z,25.901,61.441,33,5.7,mw,,,,0.9,us,usp0005jdt,2022-04-28T18:25:46.584Z,"78 km ESE of Qa?r-e Qand, Iran",earthquake,,,,,reviewed,us,hrv
1992-12-17T10:07:47.350Z,45.082,141.988,33,4.2,mb,,,,1.6,us,usp0005jds,2014-11-07T00:52:03.013Z,"34 km SSE of Makubetsu, Japan",earthquake,,,,7,reviewed,us,us
1992-12-17T09:22:36.320Z,34.449,-116.503,1.014,2.68,mc,0,61.8,0.1962,0.112,ci,ci3084431,2016-02-10T19:48:54.034Z,"38km ENE of Big Bear City, California",earthquake,,1.108,,27,reviewed,ci,ci
1992-12-17T09:19:18.830Z,18.386,-105.478,33,5.4,mw,,,,1.3,us,usp0005jdr,2025-12-19T22:55:39.846Z,"122 km SW of La Manzanilla, Mexico",earthquake,,,,,reviewed,us,hrv
1992-12-17T08:36:58.080Z,7.293,-76.546,33,4.2,mb,,,,1.5,us,usp0005jdq,2014-11-07T00:52:02.999Z,"13 km WNW of Mutatá, Colombia",earthquake,,,,1,reviewed,us,us
1992-12-17T08:04:24.050Z,-26.758,-177.264,222.4,4.2,mb,,,,0.9,us,usp0005jdp,2014-11-07T00:52:02.997Z,"south of the Fiji Islands",earthquake,,12.1,,4,reviewed,us,us
1992-12-17T07:55:09.030Z,40.264,27.868,10,3,md,,,,0.6,us,usp0005jdn,2014-11-07T00:52:02.996Z,"13 km SW of Band?rma, Turkey",earthquake,,,,,reviewed,us,isk
1992-12-17T07:18:04.270Z,34.744,-97.581,5,3.6,mblg,,,,0.8,us,usp0005jdm,2014-11-07T00:52:02.994Z,"7 km SSE of Erin Springs, Oklahoma",earthquake,,,,,reviewed,us,gs/
1992-12-17T05:18:21.350Z,42.168,145.243,33,4.4,mb,,,,1.3,us,usp0005jdh,2014-11-07T00:52:02.989Z,"114 km SE of Kushiro, Japan",earthquake,,,,8,reviewed,us,us
1992-12-17T05:11:03.480Z,37.054,-4.333,10,2.5,mblg,,,,0.8,us,usp0005jdg,2014-11-07T00:52:02.988Z,"2 km N of Villanueva del Trabuco, Spain",earthquake,,,,,reviewed,us,mdd
1992-12-17T05:08:56.590Z,37.139,-4.485,10,2.5,mblg,,,,0.4,us,usp0005jdf,2014-11-07T00:52:02.986Z,"5 km SSW of Villanueva de Algaidas, Spain",earthquake,,,,,reviewed,us,mdd
1992-12-17T05:01:09.120Z,37.172,-4.482,10,2.8,mblg,,,,0.4,us,usp0005jdc,2014-11-07T00:52:02.983Z,"3 km WSW of Villanueva de Algaidas, Spain",earthquake,,,,,reviewed,us,mdd
1992-12-17T04:50:27.720Z,-32.39,-71.41,10,3.7,md,,,,0.9,us,usp0005jdb,2014-11-07T00:52:02.981Z,"18 km WNW of La Ligua, Chile",earthquake,,,,,reviewed,us,san
1992-12-17T04:29:09.030Z,43.914,137.302,371.6,4.2,mb,,,,0.9,us,usp0005jda,2014-11-07T00:52:02.979Z,"119 km ESE of Kamenka, Russia",earthquake,,28,,3,reviewed,us,us
1992-12-17T04:01:17.570Z,34.756,-97.6,5,2.6,mblg,,,,0.6,us,usp0005jd9,2014-11-07T00:52:02.978Z,"6 km S of Erin Springs, Oklahoma",earthquake,,,,,reviewed,us,gs$
1992-12-17T02:53:06.890Z,34.637,-116.667,2.681,2.59,mc,0,57,,0.166,ci,ci3083513,2016-02-10T12:45:24.853Z,"35km NE of Lucerne Valley, California",earthquake,,0.329,,72,reviewed,ci,ci
1992-12-17T02:05:51.570Z,39.154,28.182,10,3.4,md,,,,1,us,usp0005jd6,2014-11-07T00:52:02.973Z,"9 km S of S?nd?rg?, Turkey",earthquake,,,,,reviewed,us,isk
1992-12-17T01:21:34.030Z,19.233,-155.5388333,8.011,2.93,ml,46,117,,0.14,hv,hv726813,2020-03-31T19:03:16.490Z,"7 km WNW of P?hala, Hawaii",earthquake,0.43,0.61,0.16,16,reviewed,hv,hv
1992-12-17T00:38:15.080Z,43.811,-113.967,5,3.1,ml,,,,0.6,us,usp0005jd5,2014-11-07T00:52:02.972Z,"30 km WSW of Mackay, Idaho",earthquake,,,,,reviewed,us,but
1992-12-17T00:14:10.050Z,37.121,-4.456,10,3,mblg,,,,0.6,us,usp0005jd3,2014-11-07T00:52:02.968Z,"6 km WNW of Archidona, Spain",earthquake,,,,,reviewed,us,mdd
1992-12-16T23:49:31.390Z,6.805,-72.996,176.5,4.1,mb,,,,1.1,us,usp0005jd2,2014-11-07T00:52:02.967Z,"6 km NNW of Cepitá, Colombia",earthquake,,12.5,,1,reviewed,us,us
1992-12-16T23:41:01.010Z,37.176,-4.48,10,2.5,mblg,,,,0.4,us,usp0005jd1,2014-11-07T00:52:02.965Z,"2 km WSW of Villanueva de Algaidas, Spain",earthquake,,,,,reviewed,us,mdd
1992-12-16T23:35:00.990Z,37.208,-4.501,10,2.8,mblg,,,,0.4,us,usp0005jd0,2014-11-07T00:52:02.964Z,"3 km SSW of Cuevas Bajas, Spain",earthquake,,,,,reviewed,us,mdd
1992-12-16T23:33:49.360Z,37.138,-4.488,10,2.9,mblg,,,,0.6,us,usp0005jcz,2014-11-07T00:52:02.963Z,"6 km SSW of Villanueva de Algaidas, Spain",earthquake,,,,,reviewed,us,mdd
1992-12-16T23:21:35.680Z,6.595,126.904,65.7,4.8,mb,,,,0.7,us,usp0005jcy,2014-11-07T00:52:02.961Z,"70 km SE of Lukatan, Philippines",earthquake,,9.2,,4,reviewed,us,us
1992-12-16T23:15:36.500Z,37.142,-4.488,10,3.3,mblg,,,,0.8,us,usp0005jcx,2014-11-07T00:52:02.960Z,"5 km SW of Villanueva de Algaidas, Spain",earthquake,,,,,reviewed,us,mdd
1992-12-16T22:59:26.960Z,37.09,-4.451,10,2.7,mblg,,,,0.5,us,usp0005jcw,2014-11-07T00:52:02.958Z,"5 km W of Archidona, Spain",earthquake,,,,,reviewed,us,mdd
1992-12-16T22:31:40.310Z,34.99,-116.95,4.198,3.35,ml,0,62.1,,0.151,ci,ci3083480,2016-02-10T16:12:20.907Z,"12km NNE of Barstow, California",earthquake,,0.335,,34,reviewed,ci,ci
1992-12-16T19:44:28.700Z,-8.821,122.038,33,4.2,mb,,,,0.8,us,usp0005jcp,2014-11-07T00:52:02.949Z,"29 km SW of Maumere, Indonesia",earthquake,,,,1,reviewed,us,us
1992-12-16T19:23:36.690Z,19.17,-155.3683333,45.459,2.91,ml,47,174,,0.09,hv,hv726764,2020-03-31T19:03:16.320Z,"12 km ESE of P?hala, Hawaii",earthquake,0.62,0.81,0.12,16,reviewed,hv,hv
1992-12-16T19:01:55.300Z,13.984,-94.134,33,4.1,mb,,,,1.7,us,usp0005jcn,2014-11-07T00:52:02.948Z,"192 km SSW of La Esperanza (El Zapotal), Mexico",earthquake,,,,1,reviewed,us,us
1992-12-16T17:56:01.880Z,35.751,70.791,137.9,4.5,mb,,,,0.5,us,usp0005jcm,2014-11-07T00:52:02.947Z,"38 km NNW of P?r?n, Afghanistan",earthquake,,36.6,,2,reviewed,us,us
1992-12-16T17:22:52.630Z,-8.5,121.945,17,5,mb,,,,1.4,us,usp0005jck,2014-11-07T00:52:02.942Z,"32 km WNW of Maumere, Indonesia",earthquake,,,,21,reviewed,us,us
1992-12-16T16:50:31.350Z,37.113,-4.474,10,2.8,mblg,,,,0.4,us,usp0005jcj,2014-11-07T00:52:02.940Z,"7 km WNW of Archidona, Spain",earthquake,,,,,reviewed,us,mdd
1992-12-16T16:25:11.680Z,33.935,-118.586,8.868,2.6,mc,0,117.9,,0.163,ci,ci3083421,2016-02-10T12:45:04.863Z,"12km SSE of Las Flores, California",earthquake,,2.67,,56,reviewed,ci,ci
1992-12-16T16:21:46.950Z,38.126,27.001,10,2.6,md,,,,0.4,us,usp0005jcg,2014-11-07T00:52:02.938Z,"16 km ESE of Seferihisar, Turkey",earthquake,,,,,reviewed,us,isk
1992-12-16T15:56:30.880Z,14.749,-93.748,59.9,4.6,mb,,,,1.3,us,usp0005jce,2014-11-07T00:52:02.933Z,"99 km SW of La Esperanza (El Zapotal), Mexico",earthquake,,9.2,,14,reviewed,us,us
1992-12-16T14:47:24.970Z,37.116,-4.492,10,2.9,mblg,,,,0.9,us,usp0005jcc,2014-11-07T00:52:02.930Z,"8 km SSW of Villanueva de Algaidas, Spain",earthquake,,,,,reviewed,us,mdd
1992-12-16T14:38:31.220Z,23.444,92.562,33,4.1,mb,,,,0.8,us,usp0005jcb,2014-11-07T00:52:02.929Z,"23 km NW of Thenzawl, India",earthquake,,,,2,reviewed,us,us
1992-12-16T14:21:20.180Z,45.672,15.394,10,3,ml,,,,0.9,us,usp0005jca,2014-11-07T00:52:02.927Z,"6 km ENE of Metlika, Slovenia",earthquake,,,,,reviewed,us,vie
1992-12-16T12:29:04.180Z,24.423,120.675,31.1,3.5,mb,,,,0.9,us,usp0005jc4,2014-11-07T00:52:02.920Z,"30 km N of Taichung, Taiwan",earthquake,,10.4,,1,reviewed,us,us
1992-12-16T11:50:01.420Z,40.688,23.415,10,3,ml,,,,0.5,us,usp0005jc3,2014-11-07T00:52:02.918Z,"7 km NNW of Néa Apollonía, Greece",earthquake,,,,,reviewed,us,sko
1992-12-16T10:48:52.440Z,-8.315,122.552,33,4.8,mb,,,,1,us,usp0005jc1,2014-11-07T00:52:02.913Z,"50 km NE of Maumere, Indonesia",earthquake,,,,6,reviewed,us,us
1992-12-16T10:41:26.140Z,37.802,30.488,10,3.2,md,,,,0.9,us,usp0005jc0,2014-11-07T00:52:02.912Z,"7 km NW of Isparta, Turkey",earthquake,,,,,reviewed,us,isk
1992-12-16T10:25:23.610Z,31.422,-115.674,10,3.7,ml,,,,0.8,us,usp0005jbz,2016-02-10T05:39:52.120Z,"55 km E of San Vicente, Mexico",earthquake,,,,,reviewed,us,gs$
1992-12-16T10:21:25.390Z,-35.926,179.214,270.8,4.6,mb,,,,0.6,us,usp0005jby,2014-11-07T00:52:02.909Z,"287 km NE of Opotiki, New Zealand",earthquake,,13.4,,1,reviewed,us,us
1992-12-16T09:57:05.350Z,34.623,-116.546,2.52,2.52,mc,0,116.2,,0.127,ci,ci3083470,2016-02-10T12:44:56.884Z,"37km WSW of Ludlow, California",earthquake,,0.744,,23,reviewed,ci,ci
1992-12-16T09:55:56.200Z,34.625,-116.546,2.15,3.24,ml,0,43.7,,0.162,ci,ci3083389,2016-02-10T12:44:55.622Z,"37km WSW of Ludlow, California",earthquake,,0.295,,31,reviewed,ci,ci
1992-12-16T09:49:40.990Z,-17.136,66.916,10,5.4,mw,,,,1.1,us,usp0005jbw,2025-12-19T22:55:39.145Z,"Mauritius - Reunion region",earthquake,,,,,reviewed,us,hrv
1992-12-16T08:49:02.700Z,43.397,5.415,10,2.8,ml,,,,1,us,usp0005jbv,2014-11-07T00:52:02.898Z,"3 km E of Septèmes-les-Vallons, France",earthquake,,,,,reviewed,us,str
1992-12-16T07:30:14.980Z,-6.341,147.169,33,4.1,ml,,,,0.6,us,usp0005jbu,2014-11-07T00:52:02.897Z,"46 km NNE of Lae, Papua New Guinea",earthquake,,,,,reviewed,us,pmg
1992-12-16T07:09:17.980Z,39.701,20.416,10,3.3,md,,,,1.1,us,usp0005jbt,2014-11-07T00:52:02.894Z,"14 km NE of Filiátes, Greece",earthquake,,,,,reviewed,us,ath
1992-12-16T06:55:07.800Z,40,19.703,5,3,ml,,,,1.3,us,usp0005jbr,2014-11-07T00:52:02.891Z,"11 km SSW of Himarë, Albania",earthquake,,,,,reviewed,us,tir
1992-12-16T06:11:51.090Z,27.039,141.824,33,4.7,mb,,,,0.3,us,usp0005jbp,2014-11-07T00:52:02.887Z,"Bonin Islands, Japan region",earthquake,,,,10,reviewed,us,us
1992-12-16T05:18:08.520Z,34.353,-116.89,0.401,2.69,mc,0,29.2,,0.16,ci,ci3083364,2016-02-10T05:39:48.148Z,"11km NNW of Big Bear City, California",earthquake,,0.138,,89,reviewed,ci,ci
1992-12-16T05:07:58.480Z,-7.866,116.463,35.8,5,mb,,,,1.3,us,usp0005jbn,2014-11-07T00:52:02.883Z,"68 km NE of Gili Air, Indonesia",earthquake,,11.6,,7,reviewed,us,us
1992-12-16T04:42:00.330Z,34.019,-116.312,5.195,2.57,mc,0,41,,0.193,ci,ci3083361,2016-02-10T19:48:34.655Z,"13km S of Joshua Tree, California",earthquake,,,,56,reviewed,ci,ci
1992-12-16T04:10:24.450Z,12.538,-88.163,121.2,4.4,mb,,,,1,us,usp0005jbk,2014-11-07T00:52:02.879Z,"73 km S of Intipucá, El Salvador",earthquake,,,,8,reviewed,us,us
1992-12-16T02:48:30.020Z,15.529,-93.078,71.6,4.2,mb,,,,1.1,us,usp0005jbh,2014-11-07T00:52:02.874Z,"2 km SE of Joaquín Miguel Gutiérrez (Margaritas), Mexico",earthquake,,,,3,reviewed,us,us
1992-12-16T02:41:46.120Z,-8.083,122.701,33,4.3,mb,,,,1.2,us,usp0005jbg,2014-11-07T00:52:02.873Z,"80 km NE of Maumere, Indonesia",earthquake,,,,3,reviewed,us,us
1992-12-16T01:17:27.360Z,39.312,28.88,10,3.4,md,,,,1,us,usp0005jbf,2014-11-07T00:52:02.871Z,"26 km NNW of Simav, Turkey",earthquake,,,,,reviewed,us,isk
1992-12-16T00:34:13.160Z,23.08,123.196,24.9,3.9,mb,,,,0.9,us,usp0005jbd,2014-11-07T00:52:02.869Z,"154 km S of Yonakuni, Japan",earthquake,,10.4,,1,reviewed,us,us
1992-12-16T00:18:19.810Z,34.35,-116.89,0.001,2.51,mc,0,28.7,,0.144,ci,ci3083345,2016-02-09T22:25:58.182Z,"11km NNW of Big Bear City, California",earthquake,,0.2,,74,reviewed,ci,ci
1992-12-15T23:11:41.580Z,34.052,-116.392,1.923,2.75,ml,0,33.5,,0.182,ci,ci3083320,2016-02-10T02:04:39.012Z,"8km SSE of Yucca Valley, California",earthquake,,0.308,,4,reviewed,ci,ci
1992-12-15T22:12:44.800Z,38.7861667,-122.7741667,1.871,2.61,md,37,37,0.02703,0.03,nc,nc329318,2016-12-20T01:31:50.190Z,"5 km SW of Cobb, California",earthquake,0.12,0.35,0.09,36,reviewed,nc,nc
1992-12-15T22:10:31.900Z,18.137,-102.804,75.6,3.6,mb,,,,0.9,us,usp0005jbb,2014-11-07T00:52:02.866Z,"47 km WNW of El Habillal, Mexico",earthquake,,17.2,,1,reviewed,us,us
1992-12-15T21:41:09.460Z,40.618,25.503,10,3.4,md,,,,1.2,us,usp0005jba,2014-11-07T00:52:02.863Z,"16 km N of Kamariótissa, Greece",earthquake,,,,,reviewed,us,isk
1992-12-15T21:31:47.290Z,-6.374,147.463,90.2,4.6,mb,,,,1.7,us,usp0005jb9,2014-11-07T00:52:02.861Z,"47 km WNW of Finschhafen, Papua New Guinea",earthquake,,15.8,,2,reviewed,us,us
1992-12-15T21:29:37.000Z,44.082,148.891,33,3.8,mb,,,,0.8,us,usp0005jb8,2014-11-07T00:52:02.860Z,"150 km SSE of Kuril’sk, Russia",earthquake,,,,1,reviewed,us,us
1992-12-15T20:07:02.940Z,34.335,-116.887,1.131,3.24,ml,0,27.9,,0.137,ci,ci3083299,2016-02-09T22:25:55.357Z,"9km NNW of Big Bear City, California",earthquake,,0.224,,33,reviewed,ci,ci
1992-12-15T18:16:20.620Z,15.014,119.983,33,4.6,mb,,,,1.5,us,usp0005jb4,2014-11-07T00:52:02.852Z,"10 km W of San Narciso, Philippines",earthquake,,,,1,reviewed,us,us
1992-12-15T16:40:50.850Z,-26.381,27.372,5,3.7,ml,,,,1.1,us,usp0005jb1,2014-11-07T00:52:02.846Z,"3 km SW of Carletonville, South Africa",earthquake,,,,,reviewed,us,pre
1992-12-15T14:59:22.140Z,45.029,-129.362,10,3.9,mb,,,,1.2,us,usp0005jaz,2014-11-07T00:52:02.842Z,"off the coast of Oregon",earthquake,,,,2,reviewed,us,us
1992-12-15T14:10:42.320Z,13.062,-90.386,33,3.9,mb,,,,1.3,us,usp0005jax,2014-11-07T00:52:02.839Z,"84 km SW of Acajutla, El Salvador",earthquake,,,,2,reviewed,us,us
1992-12-15T12:46:06.530Z,8.638,126.581,33.2,5.6,mw,,,,1.1,us,usp0005jaw,2022-04-28T18:25:45.259Z,"36 km ESE of Marihatag, Philippines",earthquake,,,,,reviewed,us,hrv
1992-12-15T10:41:06.090Z,-8.203,122.594,23.4,5.2,mb,,,,1.4,us,usp0005jau,2014-11-07T00:52:02.799Z,"62 km NE of Maumere, Indonesia",earthquake,,,,25,reviewed,us,us
1992-12-15T10:25:53.740Z,45.465,26.29,146.4,4.3,mb,,,,1.2,us,usp0005jat,2014-11-07T00:52:02.781Z,"3 km SE of Ca?oca, Romania",earthquake,,3.8,,28,reviewed,us,us
1992-12-15T10:01:53.510Z,37.9788333,-112.9428333,11.76,2.88,md,17,128,0.1335,0.3,uu,uu50069760,2018-08-28T04:45:02.010Z,"17 km NW of Paragonah, Utah",earthquake,0.9,1.01,,14,reviewed,uu,uu
1992-12-15T09:23:56.780Z,-31.629,-69.565,130,3.9,md,,,,0.8,us,usp0005jas,2014-11-07T00:52:02.779Z,"35 km SSW of Calingasta, Argentina",earthquake,,,,,reviewed,us,san
1992-12-15T09:14:32.490Z,51.6,16.135,10,3.2,m,,,,1,us,usp0005jar,2014-11-07T00:52:02.776Z,"2 km W of Gr?bocice, Poland",earthquake,,,,,reviewed,us,war
1992-12-15T07:25:35.760Z,38.671,141.949,82.3,4.1,mb,,,,0.8,us,usp0005jaq,2014-11-07T00:52:02.774Z,"48 km SSE of ?funato, Japan",earthquake,,10.2,,1,reviewed,us,us
1992-12-15T07:24:51.510Z,8.707,126.776,22.3,5,mb,,,,1.2,us,usp0005jap,2014-11-07T00:52:02.768Z,"53 km ESE of Marihatag, Philippines",earthquake,,,,32,reviewed,us,us
1992-12-15T06:48:08.530Z,34.262,-116.736,-1.018,2.93,ml,0,54,,0.133,ci,ci3083230,2016-02-10T23:29:35.925Z,"10km E of Big Bear City, California",earthquake,,0.282,,39,reviewed,ci,ci
1992-12-15T04:24:54.370Z,14.718,55.629,10,5,mb,,,,1.3,us,usp0005jak,2014-11-07T00:52:02.759Z,"287 km NE of Hadibu, Yemen",earthquake,,,,15,reviewed,us,us
1992-12-15T03:50:25.850Z,-30.413,-177.152,33,5.1,mb,,,,1.7,us,usp0005jah,2014-11-07T00:52:02.756Z,"Kermadec Islands, New Zealand",earthquake,,,,3,reviewed,us,us
1992-12-15T03:14:42.470Z,61.6232,-151.711,88.8,3.5,ml,,,,0.22,ak,ak992g2vyuyf,2020-09-14T19:50:21.207Z,"44 km SSW of Skwentna, Alaska",earthquake,,1.5,,,reviewed,ak,ak
1992-12-15T03:04:49.730Z,-32.588,-72.306,10,3.7,md,,,,0.3,us,usp0005jae,2014-11-07T00:52:02.744Z,"80 km NW of Valparaíso, Chile",earthquake,,,,,reviewed,us,san
1992-12-15T02:10:42.580Z,-8.095,117.954,33,4.7,mb,,,,1.3,us,usp0005jad,2014-11-07T00:52:02.743Z,"62 km NE of Pototano, Indonesia",earthquake,,,,1,reviewed,us,us
1992-12-15T01:45:50.940Z,33.398,45.508,33,4.2,mb,,,,1.3,us,usp0005jac,2014-11-07T00:52:02.741Z,"39 km S of Mandal?, Iraq",earthquake,,,,3,reviewed,us,us
1992-12-15T01:21:24.870Z,36.859,-116.166,4.865,2.7,mh,0,223.9,,0.715,ci,ci3083203,2016-02-10T19:48:15.264Z,"53km E of Beatty, Nevada",earthquake,,,,0,reviewed,ci,ci
1992-12-15T00:54:27.890Z,39.06,30.794,10,3.6,md,,,,1.4,us,usp0005jab,2014-11-07T00:52:02.739Z,"14 km NW of Bayat, Turkey",earthquake,,,,,reviewed,us,isk
1992-12-15T00:52:20.440Z,-8.409,122.455,33,4.8,mb,,,,1.3,us,usp0005jaa,2014-11-07T00:52:02.737Z,"35 km NE of Maumere, Indonesia",earthquake,,,,7,reviewed,us,us
1992-12-15T00:40:15.840Z,-16.658,-73.414,53.1,4.8,mb,,,,1.5,us,usp0005ja9,2014-11-07T00:52:02.732Z,"54 km SSE of Atico, Peru",earthquake,,,,7,reviewed,us,us
1992-12-14T23:26:22.490Z,6.787,-72.944,169.9,4.1,mb,,,,1.4,us,usp0005ja8,2014-11-07T00:52:02.730Z,"4 km NE of Cepitá, Colombia",earthquake,,10.3,,1,reviewed,us,us
1992-12-14T23:21:32.550Z,-23.51,-68.736,100.8,4.7,mb,,,,1.3,us,usp0005ja7,2014-11-07T00:52:02.726Z,"86 km SW of San Pedro de Atacama, Chile",earthquake,,,,6,reviewed,us,us
1992-12-14T20:52:09.800Z,10.679,-62.586,33,3.5,md,,,,0.6,us,usp0005ja3,2014-11-07T00:52:02.717Z,"33 km WNW of Güiria, Venezuela",earthquake,,,,,reviewed,us,trn
1992-12-14T20:45:00.870Z,49.173,6.933,10,2.5,md,,,,0.8,us,usp0005ja2,2014-11-07T00:52:02.714Z,"0 km NW of Behren-lès-Forbach, France",earthquake,,,,,reviewed,us,ucc
1992-12-14T20:40:49.340Z,-8.319,122.645,33,4.9,mb,,,,1.4,us,usp0005ja1,2014-11-07T00:52:02.711Z,"58 km NE of Maumere, Indonesia",earthquake,,,,2,reviewed,us,us
1992-12-14T19:57:49.480Z,-8.205,107.169,33,5,mb,,,,1.4,us,usp0005j9z,2014-11-07T00:52:02.706Z,"115 km SSW of Banjar, Indonesia",earthquake,,,,4,reviewed,us,us
1992-12-14T19:52:08.270Z,34.975,-116.798,0.271,3.23,ml,0,79.5,,0.189,ci,ci3083137,2016-02-10T09:16:55.706Z,"22km ENE of Barstow, California",earthquake,,1.204,,33,reviewed,ci,ci
1992-12-14T19:13:04.270Z,-34.666,179.553,247.3,5.9,mw,,,,1.5,us,usp0005j9w,2022-04-28T18:25:43.855Z,"south of the Kermadec Islands",earthquake,,,,,reviewed,us,hrv
1992-12-14T18:01:34.830Z,7.413,-76.61,33,3.8,mb,,,,1.4,us,usp0005j9v,2014-11-07T00:52:02.673Z,"26 km NW of Mutatá, Colombia",earthquake,,,,1,reviewed,us,us
1992-12-14T18:00:35.330Z,1.022,122.427,33,4.6,mb,,,,1.2,us,usp0005j9u,2014-11-07T00:52:02.671Z,"88 km NW of Gorontalo, Indonesia",earthquake,,,,5,reviewed,us,us
1992-12-14T17:57:20.880Z,34.071,-116.383,4.277,2.7,mc,0,35.2,,0.184,ci,ci3083132,2016-02-10T12:44:24.719Z,"7km SE of Yucca Valley, California",earthquake,,13.363,,56,reviewed,ci,ci
1992-12-14T17:46:57.340Z,34.341,-116.913,0.991,2.82,ml,0,28.1,,0.176,ci,ci3083131,2016-02-10T05:39:26.924Z,"11km N of Big Bear Lake, California",earthquake,,0.143,,28,reviewed,ci,ci
1992-12-14T17:45:07.960Z,40.3075,-124.443,11.256,2.68,md,15,262,0.1189,0.03,nc,nc329260,2016-12-20T01:28:33.928Z,"33 km SSW of Ferndale, California",earthquake,0.64,0.28,0.3,17,reviewed,nc,nc
1992-12-14T17:43:02.680Z,3.523,126.722,90.1,4.7,mb,,,,1.1,us,usp0005j9s,2014-11-07T00:52:02.667Z,"244 km NW of Tobelo, Indonesia",earthquake,,17.8,,9,reviewed,us,us
1992-12-14T17:35:19.500Z,34.337,-116.91,0.691,2.74,mc,0,38.1,,0.147,ci,ci3083130,2016-02-10T05:39:25.494Z,"10km NW of Big Bear City, California",earthquake,,0.264,,87,reviewed,ci,ci
1992-12-14T15:28:42.300Z,59.0135,-154.2358,106.3,2.5,ml,,,,0.2,ak,ak992g1fnpqe,2020-09-14T19:50:23.037Z,"56 km SSE of Kokhanok, Alaska",earthquake,,2.6,,,reviewed,ak,ak
1992-12-14T15:04:27.440Z,66.277,7.569,30,3.3,md,,,,0.8,us,usp0005j9p,2014-11-07T00:52:02.660Z,"210 km WNW of Gladstad, Norway",earthquake,,11.7,,,reviewed,us,ber
1992-12-14T14:50:36.540Z,-32.791,-71.202,40.9,3.9,md,,,,0.6,us,usp0005j9n,2014-11-07T00:52:02.658Z,"1 km ESE of Hacienda La Calera, Chile",earthquake,,15.8,,,reviewed,us,san
1992-12-14T13:47:03.210Z,-9.778,122.718,95.6,4.8,mb,,,,1.4,us,usp0005j9j,2014-11-07T00:52:02.650Z,"106 km WNW of Kupang, Indonesia",earthquake,,19.2,,1,reviewed,us,us
1992-12-14T12:49:49.890Z,-16.42,-73.625,33,4.7,mb,,,,1.5,us,usp0005j9h,2014-11-07T00:52:02.648Z,"23 km S of Atico, Peru",earthquake,,,,3,reviewed,us,us
1992-12-14T12:18:34.550Z,42.363,-8.511,10,3,mblg,,,,1.5,us,usp0005j9g,2014-11-07T00:52:02.646Z,"5 km WNW of Fornelos de Montes, Spain",earthquake,,,,,reviewed,us,mdd
1992-12-14T10:54:27.860Z,29.869,139.058,444.6,4.2,mb,,,,1.4,us,usp0005j9f,2014-11-07T00:52:02.645Z,"Izu Islands, Japan region",earthquake,,21.8,,6,reviewed,us,us
1992-12-14T09:58:55.660Z,34.951,-116.943,4.937,3.22,ml,0,85.7,,0.147,ci,ci3083079,2016-02-10T16:11:44.773Z,"9km NE of Barstow, California",earthquake,,,,31,reviewed,ci,ci
1992-12-14T07:41:00.340Z,-14.029,170.753,621.9,5.7,mw,,,,1.1,us,usp0005j9b,2022-04-28T18:25:42.514Z,"Vanuatu region",earthquake,,,,,reviewed,us,hrv
1992-12-14T04:28:25.750Z,10.058,-70.073,10,3.8,mb,,,,0.6,us,usp0005j97,2014-11-07T00:52:02.599Z,"12 km S of Carora, Venezuela",earthquake,,,,1,reviewed,us,us
1992-12-14T04:15:15.050Z,19.791,-109.22,10,5.3,mw,,,,1.1,us,usp0005j96,2025-12-19T22:55:38.470Z,"Revilla Gigedo Islands region",earthquake,,,,,reviewed,us,hrv
1992-12-14T02:52:08.090Z,52.126,178.761,130.2,5.5,mw,,,,1,us,usp0005j95,2022-04-28T18:25:41.167Z,"Rat Islands, Aleutian Islands, Alaska",earthquake,,,,,reviewed,us,hrv
1992-12-14T02:45:59.260Z,13.655,145,97.4,5,mb,,,,1.2,us,usp0005j94,2014-11-07T00:52:02.557Z,"17 km NE of Yigo Village, Guam",earthquake,,,,19,reviewed,us,us
1992-12-14T02:16:17.200Z,-8.993,121.923,33,4.5,mb,,,,1.4,us,usp0005j93,2014-11-07T00:52:02.555Z,"33 km ESE of Ende, Indonesia",earthquake,,,,1,reviewed,us,us
1992-12-14T01:21:27.790Z,6.918,-73.208,161.9,4.4,mb,,,,1.6,us,usp0005j92,2014-11-07T00:52:02.553Z,"8 km ENE of Betulia, Colombia",earthquake,,10.3,,1,reviewed,us,us
1992-12-14T01:10:52.610Z,47.739,16.07,10,3.4,ml,,,,1,us,usp0005j91,2014-11-07T00:52:02.549Z,"2 km NNW of Neunkirchen, Austria",earthquake,,,,,reviewed,us,grf
1992-12-14T00:56:34.460Z,36.553,105.665,10,3.9,mb,,,,1.3,us,usp0005j90,2014-11-07T00:52:02.546Z,"133 km E of Baiyin, China",earthquake,,,,2,reviewed,us,us
1992-12-14T00:55:07.620Z,-6.292,154.105,33,4.4,mb,,,,0.9,us,usp0005j8z,2014-11-07T00:52:02.544Z,"152 km W of Panguna, Papua New Guinea",earthquake,,,,1,reviewed,us,us
1992-12-13T23:03:53.230Z,40.3126667,-124.5755,17.106,2.6,md,10,288,0.2144,0.06,nc,nc329204,2016-12-20T01:26:44.810Z,"39 km SW of Ferndale, California",earthquake,2.18,0.62,0.15,10,reviewed,nc,nc
1992-12-13T23:01:30.650Z,6.744,-80.44,33,3.8,mb,,,,0.8,us,usp0005j8x,2014-11-07T00:52:02.541Z,"57 km S of Cambutal, Panama",earthquake,,,,1,reviewed,us,us
1992-12-13T22:10:17.940Z,-8.423,122.691,33,4.6,mb,,,,1.6,us,usp0005j8w,2014-11-07T00:52:02.537Z,"57 km ENE of Maumere, Indonesia",earthquake,,,,6,reviewed,us,us
1992-12-13T21:42:19.110Z,63.2128,-150.6137,134.1,2.8,ml,,,,0.18,ak,ak992fzvrx3r,2020-09-14T19:50:25.569Z,"66 km SE of Denali National Park, Alaska",earthquake,,1.9,,,reviewed,ak,ak
1992-12-13T21:10:50.190Z,33.978,-116.314,0.175,2.94,mc,0,35.4,,0.185,ci,ci3083016,2016-02-10T09:16:32.315Z,"17km E of Desert Hot Springs, California",earthquake,,0.247,,81,reviewed,ci,ci
1992-12-13T20:32:53.780Z,-32.386,-71.837,33,3.4,md,,,,0.5,us,usp0005j8s,2014-11-07T00:52:02.522Z,"57 km W of La Ligua, Chile",earthquake,,,,,reviewed,us,san
1992-12-13T20:16:13.460Z,12.714,144.885,67.6,4.3,mb,,,,0.5,us,usp0005j8q,2014-11-07T00:52:02.518Z,"63 km SSE of Inarajan Village, Guam",earthquake,,11,,3,reviewed,us,us
1992-12-13T19:52:09.350Z,49.471,0.755,10,2.5,ml,,,,0.7,us,usp0005j8p,2014-11-07T00:52:02.516Z,"1 km SW of La Mailleraye-sur-Seine, France",earthquake,,,,,reviewed,us,ldg
1992-12-13T19:50:13.660Z,-9.228,-74.829,79,4.7,mb,,,,1,us,usp0005j8n,2014-11-07T00:52:02.509Z,"35 km SSW of Tournavista, Peru",earthquake,,12.8,,23,reviewed,us,us
1992-12-13T19:15:23.370Z,34.487,-116.522,-0.786,2.81,mc,0,45.4,,0.111,ci,ci3083013,2016-02-09T22:25:28.285Z,"39km NE of Big Bear City, California",earthquake,,0.966,,79,reviewed,ci,ci
1992-12-13T19:01:18.580Z,2.888,125.144,190.6,4.8,mb,,,,1.3,us,usp0005j8m,2014-11-07T00:52:02.497Z,"155 km N of Laikit, Laikit II (Dimembe), Indonesia",earthquake,,,,32,reviewed,us,us
1992-12-13T18:51:02.290Z,-9.072,123.099,33,4.4,mb,,,,0.7,us,usp0005j8k,2014-11-07T00:52:02.494Z,"93 km NW of Naisano Dua, Indonesia",earthquake,,,,1,reviewed,us,us
1992-12-13T17:33:36.990Z,-8.777,122.037,33,4.8,mb,,,,1.3,us,usp0005j8j,2014-11-07T00:52:02.492Z,"25 km SW of Maumere, Indonesia",earthquake,,,,1,reviewed,us,us
1992-12-13T17:01:45.510Z,37.921,26.616,10,3.2,md,,,,0.5,us,usp0005j8h,2014-11-07T00:52:02.491Z,"16 km NNW of Néon Karlovásion, Greece",earthquake,,,,,reviewed,us,isk
1992-12-13T16:06:30.140Z,15.876,-92.607,183.9,4,mb,,,,1.1,us,usp0005j8g,2014-11-07T00:52:02.488Z,"7 km SE of Reforma, Mexico",earthquake,,8.1,,3,reviewed,us,us
1992-12-13T15:51:04.340Z,32.093,-116.463,5.688,2.89,mc,0,267.2,0.6309,0.247,ci,ci3083060,2016-02-10T16:11:33.151Z,"29km NNE of Ensenada, B.C., MX",earthquake,,,,20,reviewed,ci,ci
1992-12-13T15:41:54.640Z,40.814,27.637,10,2.7,md,,,,0.6,us,usp0005j8e,2014-11-07T00:52:02.485Z,"16 km ESE of Kumba?, Turkey",earthquake,,,,,reviewed,us,isk
1992-12-13T15:22:56.800Z,17.292,120.444,47.2,4.2,mb,,,,1.2,us,usp0005j8d,2014-11-07T00:52:02.481Z,"4 km SSE of Tamorong, Philippines",earthquake,,10.5,,8,reviewed,us,us
1992-12-13T15:05:22.340Z,63.5518,-150.9873,12.8,3.8,ml,,,,0.27,ak,ak992fzrze8a,2020-09-14T19:50:26.036Z,"36 km E of Denali National Park, Alaska",earthquake,,0.4,,,reviewed,ak,ak
1992-12-13T12:29:55.810Z,51.515,179.752,75.1,4.6,mb,,,,1.1,us,usp0005j88,2014-11-07T00:52:02.460Z,"253 km W of Adak, Alaska",earthquake,,,,29,reviewed,us,us
1992-12-13T11:51:32.850Z,-26.368,27.419,5,3.2,ml,,,,1.4,us,usp0005j86,2014-11-07T00:52:02.456Z,"2 km ESE of Carletonville, South Africa",earthquake,,,,,reviewed,us,pre
1992-12-13T11:48:39.380Z,34.946,-116.931,-0.902,2.51,mc,0,61.3,,0.169,ci,ci3083047,2016-02-09T22:25:21.498Z,"10km ENE of Barstow, California",earthquake,,0.958,,62,reviewed,ci,ci
1992-12-13T11:47:47.050Z,-33.142,-72.198,26.2,3.9,md,,,,0.7,us,usp0005j85,2014-11-07T00:52:02.454Z,"54 km WSW of Valparaíso, Chile",earthquake,,5.7,,,reviewed,us,san
1992-12-13T11:22:34.930Z,35.527,130.054,26.9,4.4,mb,,,,0.7,us,usp0005j84,2014-11-07T00:52:02.452Z,"66 km E of Ulsan, South Korea",earthquake,,,,1,reviewed,us,us
1992-12-13T09:27:02.190Z,-33.229,-71.886,10,3.9,md,,,,0.7,us,usp0005j83,2014-11-07T00:52:02.449Z,"32 km SW of Valparaíso, Chile",earthquake,,,,,reviewed,us,san
1992-12-13T09:03:30.170Z,-8.95,123.473,33,4.2,mb,,,,1,us,usp0005j82,2014-11-07T00:52:02.448Z,"78 km NNW of Naisano Dua, Indonesia",earthquake,,,,2,reviewed,us,us
1992-12-13T07:59:55.060Z,23.789,107.966,33,4.3,ml,,,,1.6,us,usp0005j81,2021-10-20T17:49:37.517Z,"113 km NNW of Nanning, China",earthquake,,,,,reviewed,us,bji
1992-12-13T07:15:43.770Z,34,-116.339,0.945,2.63,mc,0,40,,0.168,ci,ci3082956,2016-02-10T16:11:22.173Z,"15km S of Joshua Tree, California",earthquake,,0.336,,49,reviewed,ci,ci
1992-12-13T06:50:28.390Z,-33.159,-72.101,10,4.1,md,,,,0.4,us,usp0005j7z,2014-11-07T00:52:02.442Z,"46 km WSW of Valparaíso, Chile",earthquake,,,,,reviewed,us,san
1992-12-13T06:40:36.060Z,-33.181,-72.111,12.4,4.1,md,,,,0.4,us,usp0005j7x,2014-11-07T00:52:02.438Z,"47 km WSW of Valparaíso, Chile",earthquake,,4.3,,,reviewed,us,san
1992-12-13T06:32:56.980Z,-9.918,34.34,33,4.4,mb,,,,1.2,us,usp0005j7w,2014-11-07T00:52:02.436Z,"24 km SW of Mlangali, Tanzania",earthquake,,,,3,reviewed,us,us
1992-12-13T06:20:35.430Z,40.848,28.614,5,2.6,md,,,,0.7,us,usp0005j7v,2014-11-07T00:52:02.435Z,"15 km S of Beylikdüzü, Turkey",earthquake,,,,,reviewed,us,isk
1992-12-13T06:07:22.810Z,-32.488,-71.757,10,3.7,md,,,,0.6,us,usp0005j7u,2014-11-07T00:52:02.433Z,"49 km W of La Ligua, Chile",earthquake,,,,,reviewed,us,san
1992-12-13T05:30:58.390Z,34.016,-116.345,0.431,3.21,ml,0,37.1,,0.172,ci,ci3082942,2016-02-10T05:39:07.605Z,"14km SSW of Joshua Tree, California",earthquake,,0.282,,34,reviewed,ci,ci
1992-12-13T05:07:40.660Z,-4.113,32.254,33,4.6,mb,,,,1.7,us,usp0005j7s,2014-11-07T00:52:02.429Z,"49 km SW of Kahama, Tanzania",earthquake,,,,7,reviewed,us,us
1992-12-13T04:56:38.860Z,59.9255,-152.3327,69.6,3,ml,,,,0.2,ak,ak992fzlqlda,2020-09-14T19:50:26.830Z,"32 km WNW of Anchor Point, Alaska",earthquake,,1.5,,,reviewed,ak,ak
1992-12-13T04:51:54.330Z,-8.408,122.068,33,4.6,mb,,,,1.3,us,usp0005j7q,2014-11-07T00:52:02.422Z,"28 km NW of Maumere, Indonesia",earthquake,,,,2,reviewed,us,us
1992-12-13T04:33:42.680Z,44.158,8.75,10,2.7,ml,,,,0.8,us,usp0005j7n,2014-11-07T00:52:02.416Z,"25 km SSE of Varazze, Italy",earthquake,,,,,reviewed,us,ldg
1992-12-13T04:28:48.470Z,21.122,-108.301,10,4.2,mb,,,,1,us,usp0005j7m,2014-11-07T00:52:02.414Z,"256 km SE of Cabo San Lucas, Mexico",earthquake,,,,5,reviewed,us,us
1992-12-13T04:15:06.210Z,-8.552,121.985,33,4.7,mb,,,,1.1,us,usp0005j7k,2014-11-07T00:52:02.413Z,"25 km WNW of Maumere, Indonesia",earthquake,,,,3,reviewed,us,us
1992-12-13T04:14:03.660Z,34.981,-116.947,3.288,3.81,ml,0,62,,0.185,ci,ci3082940,2016-02-10T12:44:03.459Z,"12km NE of Barstow, California",earthquake,,0.32,,37,reviewed,ci,ci
1992-12-13T02:30:37.240Z,-9.614,122.063,33,4.7,mb,,,,0.9,us,usp0005j7g,2014-11-07T00:52:02.406Z,"95 km SSE of Ende, Indonesia",earthquake,,,,2,reviewed,us,us
1992-12-13T02:20:28.940Z,-8.714,123.114,33,4.4,mb,,,,1.4,us,usp0005j7f,2014-11-07T00:52:02.405Z,"99 km E of Maumere, Indonesia",earthquake,,,,1,reviewed,us,us
1992-12-13T01:39:22.540Z,37.906,142.943,33,4.1,mb,,,,1.1,us,usp0005j7d,2014-11-07T00:52:02.400Z,"154 km ESE of Ishinomaki, Japan",earthquake,,,,5,reviewed,us,us
1992-12-13T00:36:00.100Z,42.841,2.032,10,2.5,ml,,,,0.2,us,usp0005j7a,2014-11-07T00:52:02.394Z,"10 km SE of Bélesta, France",earthquake,,,,,reviewed,us,ldg
1992-12-12T23:59:14.400Z,34.371,-116.879,2.071,2.64,mc,0,55.6,,0.127,ci,ci3082925,2016-02-10T09:16:13.577Z,"12km SE of Lucerne Valley, California",earthquake,,0.174,,81,reviewed,ci,ci
1992-12-12T23:36:36.190Z,-8.235,122.681,33,5,mb,,,,1.1,us,usp0005j79,2014-11-07T00:52:02.390Z,"67 km NE of Maumere, Indonesia",earthquake,,,,12,reviewed,us,us
1992-12-12T22:50:45.860Z,38.749,24.589,10,3.1,md,,,,1.6,us,usp0005j78,2014-11-07T00:52:02.388Z,"17 km S of Skýros, Greece",earthquake,,,,,reviewed,us,ath
1992-12-12T22:41:34.490Z,-8.152,122.714,33,5,mb,,,,1.3,us,usp0005j77,2014-11-07T00:52:02.381Z,"75 km NE of Maumere, Indonesia",earthquake,,,,19,reviewed,us,us
1992-12-12T22:36:44.940Z,-8.069,123.053,33,4.5,mb,,,,1,us,usp0005j76,2014-11-07T00:52:02.378Z,"110 km ENE of Maumere, Indonesia",earthquake,,,,2,reviewed,us,us
1992-12-12T22:23:48.160Z,-8.318,122.55,20.8,5.4,mb,,,,1.3,us,usp0005j75,2022-04-28T18:25:39.884Z,"50 km NE of Maumere, Indonesia",earthquake,,,,37,reviewed,us,us
1992-12-12T22:15:24.210Z,-8.816,118.244,33,4.8,mb,,,,1.7,us,usp0005j74,2014-11-07T00:52:02.352Z,"39 km SW of Dompu, Indonesia",earthquake,,,,4,reviewed,us,us
1992-12-12T21:57:26.870Z,-8.077,122.747,19.8,4.8,mb,,,,1.3,us,usp0005j73,2014-11-07T00:52:02.348Z,"84 km NE of Maumere, Indonesia",earthquake,,,,8,reviewed,us,us
1992-12-12T21:43:10.000Z,-8.483,121.964,22.6,5.4,mw,,,,1.3,us,usp0005j72,2022-04-28T18:25:38.545Z,"31 km WNW of Maumere, Indonesia",earthquake,,,,,reviewed,us,hrv
1992-12-12T21:40:37.910Z,24.675,122.648,106.1,4.4,mb,,,,1,us,usp0005j71,2014-11-07T00:52:02.275Z,"42 km WNW of Yonakuni, Japan",earthquake,,6.7,,13,reviewed,us,us
1992-12-12T21:20:35.390Z,-8.335,122.396,33,4.7,mb,,,,1.4,us,usp0005j70,2014-11-07T00:52:02.272Z,"37 km NNE of Maumere, Indonesia",earthquake,,,,9,reviewed,us,us
1992-12-12T21:18:10.190Z,39.306,29.277,5,2.9,md,,,,0.4,us,usp0005j6z,2014-11-07T00:52:02.271Z,"4 km SSE of Emet, Turkey",earthquake,,,,,reviewed,us,isk
1992-12-12T20:27:26.800Z,61.725,-149.9055,37,2.5,ml,,,,0.33,ak,ak992fy7jxuw,2020-09-14T19:50:27.262Z,"7 km ESE of Willow, Alaska",earthquake,,1.1,,,reviewed,ak,ak
1992-12-12T19:38:28.740Z,33.825,137.112,365.9,4.5,mb,,,,1,us,usp0005j6x,2014-11-07T00:52:02.260Z,"77 km SSE of Toba, Japan",earthquake,,3.5,,18,reviewed,us,us
1992-12-12T19:19:18.370Z,-8.531,122.145,33,5.1,mb,,,,1.2,us,usp0005j6w,2014-11-07T00:52:02.253Z,"12 km NW of Maumere, Indonesia",earthquake,,,,27,reviewed,us,us
1992-12-12T17:20:51.310Z,39.668,28.446,10,2.6,md,,,,0.2,us,usp0005j6t,2014-11-07T00:52:02.249Z,"17 km WNW of Dursunbey, Turkey",earthquake,,,,,reviewed,us,isk
1992-12-12T17:18:54.380Z,13.358,-90.969,67.9,4.6,mb,,,,1.5,us,usp0005j6s,2014-11-07T00:52:02.247Z,"64 km SSW of Puerto San José, Guatemala",earthquake,,22.4,,5,reviewed,us,us
1992-12-12T17:15:17.430Z,-8.753,122.149,33,4.9,mb,,,,1.1,us,usp0005j6r,2014-11-07T00:52:02.245Z,"16 km SSW of Maumere, Indonesia",earthquake,,,,5,reviewed,us,us
1992-12-12T17:04:55.970Z,36.8245,-121.5473333,6.216,2.82,md,67,25,0.02613,0.07,nc,nc329127,2016-12-20T01:22:26.100Z,"2 km SSW of San Juan Bautista, California",earthquake,0.12,0.24,0.13,79,reviewed,nc,nc
1992-12-12T16:58:40.700Z,-8.62,122.373,33,4.5,mb,,,,1.2,us,usp0005j6n,2014-11-07T00:52:02.240Z,"17 km E of Maumere, Indonesia",earthquake,,,,3,reviewed,us,us
1992-12-12T16:50:35.410Z,-23.995,-66.95,208.3,3.7,mb,,,,1.1,us,usp0005j6m,2014-11-07T00:52:02.238Z,"68 km WNW of San Antonio de los Cobres, Argentina",earthquake,,8,,1,reviewed,us,us
1992-12-12T16:42:18.290Z,-8.474,122.071,33,5,mb,,,,0.8,us,usp0005j6k,2014-11-07T00:52:02.235Z,"22 km NW of Maumere, Indonesia",earthquake,,,,11,reviewed,us,us
1992-12-12T16:26:35.940Z,58.3653,-153.8892,70.7,3,ml,,,,0.1,ak,ak992fy560fe,2020-09-14T19:50:28.035Z,"66 km WNW of Aleneva, Alaska",earthquake,,4.6,,,reviewed,ak,ak
1992-12-12T15:59:56.000Z,44.123,149.27,33,3.2,mb,,,,1.1,us,usp0005j6h,2014-11-07T00:52:02.229Z,"165 km SE of Kuril’sk, Russia",earthquake,,,,1,reviewed,us,us
1992-12-12T15:59:19.960Z,-33.175,-70.399,10,3.7,md,,,,1.4,us,usp0005j6g,2014-11-07T00:52:02.227Z,"26 km ENE of Chicureo Abajo, Chile",earthquake,,,,,reviewed,us,san
1992-12-12T15:58:52.520Z,36.8538333,-121.582,4.606,3.77,md,81,40,0.02432,0.13,nc,nc329123,2016-12-20T01:22:09.890Z,"4 km WNW of San Juan Bautista, California",earthquake,0.16,0.32,0.11,112,reviewed,nc,nc
1992-12-12T15:53:46.250Z,36.8546667,-121.5851667,5.566,3.8,md,79,42,0.02703,0.12,nc,nc329122,2016-12-20T01:21:57.450Z,"4 km WNW of San Juan Bautista, California",earthquake,0.16,0.36,0.1,138,reviewed,nc,nc
1992-12-12T14:55:56.770Z,27.773,143.78,33,4.6,mb,,,,1.6,us,usp0005j6c,2014-11-07T00:52:02.216Z,"Bonin Islands, Japan region",earthquake,,,,6,reviewed,us,us
1992-12-12T14:54:23.150Z,-8.374,122.198,33,5.2,mb,,,,1.2,us,usp0005j6b,2014-11-07T00:52:02.211Z,"27 km N of Maumere, Indonesia",earthquake,,,,27,reviewed,us,us
1992-12-12T14:45:14.450Z,-8.399,122.412,33,4.7,mb,,,,1.1,us,usp0005j6a,2014-11-07T00:52:02.208Z,"32 km NE of Maumere, Indonesia",earthquake,,,,6,reviewed,us,us
1992-12-12T14:38:06.870Z,35.007,-116.965,3.718,2.78,mc,0,61.1,,0.156,ci,ci3082872,2016-02-09T22:25:12.547Z,"13km NNE of Barstow, California",earthquake,,0.611,,81,reviewed,ci,ci
1992-12-12T14:20:56.740Z,25.473,91.414,40.7,5,mb,,,,0.9,us,usp0005j69,2022-04-28T18:25:37.026Z,"15 km ESE of Nongstoin, India",earthquake,,,,65,reviewed,us,us
1992-12-12T13:52:44.860Z,8.845,-70.896,33,4.3,mb,,,,1.5,us,usp0005j68,2020-08-29T02:00:00.193Z,"40 km NE of Mérida, Venezuela",earthquake,,,,4,reviewed,us,us
1992-12-12T13:44:59.370Z,-17.914,-178.639,538.9,5,mb,,,,1.1,us,usp0005j67,2014-11-07T00:52:02.184Z,"217 km E of Levuka, Fiji",earthquake,,8,,15,reviewed,us,us
1992-12-12T13:43:36.120Z,-8.604,121.997,33,4.3,mb,,,,0.8,us,usp0005j66,2014-11-07T00:52:02.182Z,"23 km W of Maumere, Indonesia",earthquake,,,,2,reviewed,us,us
1992-12-12T13:25:28.030Z,59.9308,-152.4982,76.2,2.7,ml,,,,0.2,ak,ak992fy3dhab,2020-09-14T19:50:28.426Z,"41 km WNW of Anchor Point, Alaska",earthquake,,1.4,,,reviewed,ak,ak
1992-12-12T12:30:02.000Z,-8.373,122.405,20.1,5.2,mb,,,,1.3,us,usp0005j64,2014-11-07T00:52:02.166Z,"34 km NE of Maumere, Indonesia",earthquake,,,,30,reviewed,us,us
1992-12-12T12:16:50.860Z,-33.128,-70.208,100,3.7,md,,,,0.4,us,usp0005j62,2014-11-07T00:52:02.163Z,"44 km ENE of Chicureo Abajo, Chile",earthquake,,48.3,,,reviewed,us,san
1992-12-12T12:13:45.070Z,-8.626,122.221,33,4.4,mb,,,,1,us,usp0005j61,2014-11-07T00:52:02.161Z,"1 km ESE of Maumere, Indonesia",earthquake,,,,1,reviewed,us,us
1992-12-12T12:05:24.060Z,40.119,69.767,33,4.7,mb,,,,1.1,us,usp0005j60,2014-11-07T00:52:02.159Z,"14 km SSE of Buston, Tajikistan",earthquake,,,,9,reviewed,us,us
1992-12-12T11:18:50.700Z,36.8538333,-121.5788333,3.476,2.69,md,65,38,0.02162,0.14,nc,nc329107,2016-12-20T01:21:17.500Z,"3 km WNW of San Juan Bautista, California",earthquake,0.17,0.32,0.15,60,reviewed,nc,nc
1992-12-12T11:05:57.940Z,-10.35,122.693,33,4.4,mb,,,,0.8,us,usp0005j5y,2014-11-07T00:52:02.156Z,"102 km W of Kupang, Indonesia",earthquake,,,,1,reviewed,us,us
1992-12-12T10:36:48.050Z,-8.387,122.568,33,5,mb,,,,1.4,us,usp0005j5x,2014-11-07T00:52:02.153Z,"46 km ENE of Maumere, Indonesia",earthquake,,,,5,reviewed,us,us
1992-12-12T10:30:49.210Z,-8.218,122.603,33,4.4,mb,,,,1.6,us,usp0005j5u,2014-11-07T00:52:02.149Z,"61 km NE of Maumere, Indonesia",earthquake,,,,3,reviewed,us,us
1992-12-12T10:29:24.580Z,-17.722,-172.562,15.7,5.4,mb,,,,1.3,us,usp0005j5t,2022-04-28T18:25:35.667Z,"182 km NE of Neiafu, Tonga",earthquake,,,,23,reviewed,us,us
1992-12-12T09:21:10.200Z,-8.667,122.246,33,4.6,mb,,,,0.4,us,usp0005j5s,2014-11-07T00:52:02.134Z,"6 km SE of Maumere, Indonesia",earthquake,,,,3,reviewed,us,us
1992-12-12T09:04:05.680Z,-9.555,122.352,33,5,mb,,,,1.1,us,usp0005j5r,2014-11-07T00:52:02.132Z,"104 km S of Maumere, Indonesia",earthquake,,,,11,reviewed,us,us
1992-12-12T08:50:14.780Z,-8.461,122.249,33,4.8,mb,,,,0.7,us,usp0005j5q,2014-11-07T00:52:02.130Z,"18 km NNE of Maumere, Indonesia",earthquake,,,,4,reviewed,us,us
1992-12-12T08:11:14.160Z,-8.834,122.318,33,5,mb,,,,1.1,us,usp0005j5p,2014-11-07T00:52:02.127Z,"26 km SSE of Maumere, Indonesia",earthquake,,,,6,reviewed,us,us
1992-12-12T08:07:04.610Z,34.374,-116.905,1.891,2.77,mc,0,54,,0.142,ci,ci3082844,2016-02-10T02:03:44.368Z,"10km SE of Lucerne Valley, California",earthquake,,0.183,,89,reviewed,ci,ci
1992-12-12T07:58:23.850Z,-8.324,122.395,26.4,5,mb,,,,1.1,us,usp0005j5n,2014-11-07T00:52:02.122Z,"38 km NNE of Maumere, Indonesia",earthquake,,,,10,reviewed,us,us
1992-12-12T07:51:31.960Z,-8.533,122.19,33,5,mb,,,,1.3,us,usp0005j5m,2014-11-07T00:52:02.120Z,"9 km NNW of Maumere, Indonesia",earthquake,,,,5,reviewed,us,us
1992-12-12T07:32:33.240Z,-8.447,122.066,26.3,5,mb,,,,1.2,us,usp0005j5k,2014-11-07T00:52:02.116Z,"24 km NW of Maumere, Indonesia",earthquake,,,,15,reviewed,us,us
1992-12-12T07:01:32.120Z,-8.188,122.84,33,5.1,mb,,,,1,us,usp0005j5j,2014-11-07T00:52:02.114Z,"84 km NE of Maumere, Indonesia",earthquake,,,,10,reviewed,us,us
1992-12-12T06:56:02.660Z,41.021,21.009,10,2.5,ml,,,,1,us,usp0005j5h,2014-11-07T00:52:02.112Z,"3 km W of Grn?ari, North Macedonia",earthquake,,,,,reviewed,us,sko
1992-12-12T06:38:29.490Z,-8.517,121.928,20.8,6.1,mb,,,,1.1,us,usp0005j5f,2022-05-09T19:15:00.805Z,"33 km WNW of Maumere, Indonesia",earthquake,,,,67,reviewed,us,us
1992-12-12T06:33:37.870Z,36.567,-9.889,33,3.4,mblg,,,,0.7,us,usp0005j5e,2014-11-07T00:52:02.082Z,"97 km WSW of Sagres, Portugal",earthquake,,,,,reviewed,us,mdd
1992-12-12T06:31:37.210Z,-8.383,121.796,33,5.4,mb,,,,1.2,us,usp0005j5d,2014-11-07T00:52:02.079Z,"52 km WNW of Maumere, Indonesia",earthquake,,,,14,reviewed,us,us
1992-12-12T05:43:47.400Z,-8.52,122.002,20.6,5.7,mb,,,,1.6,us,usp0005j5c,2020-08-29T01:59:32.756Z,"25 km WNW of Maumere, Indonesia",earthquake,,,,8,reviewed,us,us
1992-12-12T05:36:19.840Z,34.275,-116.406,1.95,2.98,ml,0,45.2,,0.138,ci,ci3082832,2016-02-10T16:11:02.529Z,"18km NNW of Joshua Tree, California",earthquake,,0.226,,27,reviewed,ci,ci
1992-12-12T05:29:26.350Z,-8.48,121.896,27.7,7.8,mw,,,,1.4,us,usp0005j5a,2022-04-28T18:25:34.047Z,"37 km WNW of Maumere, Indonesia",earthquake,,,,,reviewed,us,hrv
1992-12-12T05:14:03.170Z,59.1088,-154.5418,137.8,2.9,ml,,,,0.15,ak,ak992fxyjlnh,2020-09-14T19:50:29.873Z,"39 km SSE of Kokhanok, Alaska",earthquake,,3.6,,,reviewed,ak,ak
1992-12-12T05:02:15.190Z,-34.46,148.518,10,3.1,ml,,,,0.9,us,usp0005j58,2014-11-07T00:52:02.002Z,"18 km W of Boorowa, Australia",earthquake,,,,,reviewed,us,riv
1992-12-12T05:02:04.310Z,34.362,141.684,20.8,5.6,ms,,,,1.1,us,usp0005j57,2022-04-28T18:25:32.522Z,"152 km SE of Katsuura, Japan",earthquake,,,,7,reviewed,us,us
1992-12-12T04:49:47.950Z,31.779,132.099,33,3.9,mb,,,,1.2,us,usp0005j56,2014-11-07T00:52:01.983Z,"66 km ESE of Miyazaki, Japan",earthquake,,,,2,reviewed,us,us
1992-12-12T04:45:27.470Z,-24.111,-66.726,227.7,4.2,mb,,,,1.2,us,usp0005j55,2014-11-07T00:52:01.980Z,"43 km WNW of San Antonio de los Cobres, Argentina",earthquake,,8.4,,1,reviewed,us,us
1992-12-12T04:39:59.740Z,-39.117,175.069,163.8,4.8,mb,,,,1.3,us,usp0005j54,2014-11-07T00:52:01.975Z,"65 km NW of Waiouru, New Zealand",earthquake,,4.9,,3,reviewed,us,us
1992-12-12T03:57:30.180Z,64.9922,-150.946,0,3.1,ml,,,,0.84,ak,ak992fxxm0be,2020-09-14T19:50:30.252Z,"14 km W of Manley Hot Springs, Alaska",earthquake,,8.6,,,reviewed,ak,ak
1992-12-12T02:27:13.030Z,24.255,122.096,10,4.2,mb,,,,1.3,us,usp0005j51,2014-11-07T00:52:01.969Z,"58 km ENE of Hualien City, Taiwan",earthquake,,,,1,reviewed,us,us
1992-12-12T01:56:32.770Z,39.379,27.394,10,3,md,,,,0.6,us,usp0005j50,2014-11-07T00:52:01.967Z,"22 km W of Sava?tepe, Turkey",earthquake,,,,,reviewed,us,isk
1992-12-12T01:54:26.630Z,19.212,-155.499,6.913,2.6,ml,30,139,,0.14,hv,hv726139,2020-03-31T19:03:15.500Z,"Island of Hawaii, Hawaii",earthquake,0.4,0.87,0.1,9,reviewed,hv,hv
1992-12-12T01:46:22.700Z,-13.29,166.927,33,4.6,mb,,,,1.1,us,usp0005j4z,2014-11-07T00:52:01.960Z,"93 km NW of Sola, Vanuatu",earthquake,,,,4,reviewed,us,us
1992-12-12T01:08:04.600Z,34.187,-116.784,-0.757,2.7,mc,0,43.9,,0.148,ci,ci3082803,2016-02-10T16:10:54.905Z,"10km SE of Big Bear City, California",earthquake,,0.262,,85,reviewed,ci,ci
1992-12-12T00:40:47.910Z,25.669,-45.634,10,4.2,mb,,,,1.2,us,usp0005j4y,2014-11-07T00:52:01.958Z,"northern Mid-Atlantic Ridge",earthquake,,,,4,reviewed,us,us
1992-12-12T00:31:44.420Z,34.357,-116.896,2.941,3.51,ml,0,59.7,,0.114,ci,ci3082801,2016-02-10T19:47:48.296Z,"12km NNW of Big Bear City, California",earthquake,,0.136,,36,reviewed,ci,ci
1992-12-11T23:19:10.350Z,40.019,28.895,10,3.1,md,,,,0.8,us,usp0005j4w,2014-11-07T00:52:01.954Z,"6 km NNE of Kar?ncal?, Turkey",earthquake,,,,,reviewed,us,isk
1992-12-11T23:08:18.820Z,31.738,131.952,51.4,4,mb,,,,0.8,us,usp0005j4v,2014-11-07T00:52:01.952Z,"54 km ESE of Miyazaki, Japan",earthquake,,12.7,,2,reviewed,us,us
1992-12-11T22:42:42.450Z,-20.139,-70.629,44.4,4.7,mb,,,,1.3,us,usp0005j4t,2014-11-07T00:52:01.948Z,"50 km W of Iquique, Chile",earthquake,,21.1,,1,reviewed,us,us
1992-12-11T22:12:56.070Z,-59.572,-26.101,33,5.4,mw,,,,1.2,us,usp0005j4s,2025-12-19T22:55:37.823Z,"South Sandwich Islands region",earthquake,,,,,reviewed,us,hrv
1992-12-11T21:43:30.350Z,40.693,29.91,5,3.1,md,,,,0.4,us,usp0005j4r,2014-11-07T00:52:01.940Z,"2 km W of Kar??yaka, Turkey",earthquake,,,,,reviewed,us,isk
1992-12-11T21:28:00.770Z,24.631,123.855,33,4.3,mb,,,,1.7,us,usp0005j4q,2014-11-07T00:52:01.938Z,"44 km NW of Ishigaki, Japan",earthquake,,,,8,reviewed,us,us
1992-12-11T21:18:53.720Z,-8.144,120.918,168.9,4.8,mb,,,,0.9,us,usp0005j4p,2014-11-07T00:52:01.935Z,"71 km NE of Ruteng, Indonesia",earthquake,,11.2,,6,reviewed,us,us
1992-12-11T21:09:44.990Z,-35.366,-70.054,169.2,4.2,md,,,,0.4,us,usp0005j4m,2014-11-07T00:52:01.931Z,"115 km ESE of Teno, Chile",earthquake,,26.2,,,reviewed,us,san
1992-12-11T21:06:53.880Z,34.268,-116.402,2.34,2.91,mc,0,45.2,,0.117,ci,ci3082779,2016-02-09T22:25:03.767Z,"17km NNW of Joshua Tree, California",earthquake,,0.28,,86,reviewed,ci,ci
1992-12-11T20:38:47.880Z,31.733,131.969,43.4,4.1,mb,,,,0.6,us,usp0005j4j,2014-11-07T00:52:01.928Z,"56 km ESE of Miyazaki, Japan",earthquake,,11.9,,2,reviewed,us,us
1992-12-11T20:24:33.390Z,58.671,-143.736,10,3.2,ml,,,,0.5,us,usp0005j4h,2020-09-14T19:50:31.642Z,"237 km SSE of Cordova, Alaska",earthquake,,,,,reviewed,us,pgc
1992-12-11T20:12:05.820Z,41.852,20.096,10,2.5,ml,,,,0.6,us,usp0005j4g,2014-11-07T00:52:01.922Z,"8 km N of Kurbnesh, Albania",earthquake,,,,,reviewed,us,ttg
1992-12-11T20:00:42.480Z,34.382,-116.457,1.386,2.77,mc,0,47.3,,0.126,ci,ci3082774,2016-02-10T05:38:49.247Z,"30km N of Yucca Valley, California",earthquake,,0.473,,82,reviewed,ci,ci
1992-12-11T19:57:41.390Z,41.872,20.107,10,3.1,ml,,,,0.9,us,usp0005j4e,2014-11-07T00:52:01.916Z,"10 km N of Kurbnesh, Albania",earthquake,,,,,reviewed,us,ttg
1992-12-11T19:45:31.970Z,-32.59,-71.646,33,3.9,md,,,,0.5,us,usp0005j4c,2014-11-07T00:52:01.911Z,"41 km WSW of La Ligua, Chile",earthquake,,,,,reviewed,us,san
1992-12-11T19:34:30.300Z,41.866,20.034,10,3.6,mb,,,,1,us,usp0005j4a,2014-11-07T00:52:01.886Z,"10 km NNW of Kurbnesh, Albania",earthquake,,,,3,reviewed,us,us
1992-12-11T19:32:30.150Z,41.865,20.081,10,3,ml,,,,0.7,us,usp0005j49,2014-11-07T00:52:01.882Z,"9 km N of Kurbnesh, Albania",earthquake,,,,,reviewed,us,ttg
1992-12-11T19:12:44.150Z,38.342,27.146,10,3.6,md,,,,1.4,us,usp0005j48,2014-11-07T00:52:01.880Z,"3 km SSE of Karaba?lar, Turkey",earthquake,,,,,reviewed,us,ath
1992-12-11T19:05:08.770Z,-24.59,-179.898,560.5,4.8,mb,,,,1.3,us,usp0005j47,2014-11-07T00:52:01.878Z,"south of the Fiji Islands",earthquake,,35.5,,5,reviewed,us,us
1992-12-11T18:43:16.740Z,19.1805,-155.5426667,1.521,3.52,ml,24,102,,0.18,hv,hv726081,2020-03-31T19:03:15.190Z,"7 km WSW of P?hala, Hawaii",earthquake,0.74,4.7,,7,reviewed,hv,hv
1992-12-11T17:58:20.670Z,-14.86,-75.803,39.4,4.6,mb,,,,0.7,us,usp0005j45,2014-11-07T00:52:01.871Z,"66 km WSW of Changuillo, Peru",earthquake,,10.3,,3,reviewed,us,us
1992-12-11T17:45:54.540Z,39.318,28.836,10,2.9,md,,,,0.4,us,usp0005j44,2014-11-07T00:52:01.870Z,"28 km NNW of Simav, Turkey",earthquake,,,,,reviewed,us,isk
1992-12-11T16:36:34.740Z,47.189,-0.481,10,2.5,ml,,,,1,us,usp0005j43,2014-11-07T00:52:01.868Z,"6 km NE of Vihiers, France",earthquake,,,,,reviewed,us,ldg
1992-12-11T16:19:19.670Z,47.016,-1.152,10,2.6,ml,,,,0.8,us,usp0005j42,2014-11-07T00:52:01.866Z,"3 km W of Tiffauges, France",earthquake,,,,,reviewed,us,ldg
1992-12-11T15:39:53.870Z,34.354,-116.897,3.141,2.75,mc,0,52.8,,0.175,ci,ci3082742,2016-02-09T22:25:00.764Z,"11km NNW of Big Bear City, California",earthquake,,0.071,,89,reviewed,ci,ci
1992-12-11T14:45:55.300Z,-31.728,-71.678,33,4.2,md,,,,1,us,usp0005j40,2014-11-07T00:52:01.862Z,"49 km WSW of Illapel, Chile",earthquake,,,,,reviewed,us,san
1992-12-11T13:57:24.270Z,62.2532,-148.4338,18.4,2.9,ml,,,,0.3,ak,ak992fwg0zez,2020-09-14T19:50:33.515Z,"50 km N of Chickaloon, Alaska",earthquake,,1.4,,,reviewed,ak,ak
1992-12-11T13:48:05.960Z,-34.759,-70.696,100,4,md,,,,0.3,us,usp0005j3x,2014-11-07T00:52:01.851Z,"32 km E of Chimbarongo, Chile",earthquake,,,,,reviewed,us,san
1992-12-11T13:31:40.070Z,-17.696,-173.125,33,5.3,ms,,,,1.5,us,usp0005j3v,2014-11-07T00:52:01.842Z,"139 km NE of Neiafu, Tonga",earthquake,,,,1,reviewed,us,us
1992-12-11T13:22:21.540Z,40.124,28.052,10,2.7,md,,,,0.8,us,usp0005j3u,2014-11-07T00:52:01.841Z,"Western Turkey",earthquake,,,,,reviewed,us,isk
1992-12-11T13:17:36.130Z,37.481,-118.8071667,7.038,2.95,md,34,112,0.05766,0.05,nc,nc329041,2016-12-20T01:19:18.000Z,"11 km SW of Aspen Springs, California",earthquake,0.31,0.67,0.2,54,reviewed,nc,nc
1992-12-11T13:11:18.240Z,41.834,17.876,10,2.6,ml,,,,1,us,usp0005j3s,2014-11-07T00:52:01.836Z,"86 km SW of Igalo, Montenegro",earthquake,,,,,reviewed,us,ttg
1992-12-11T12:56:19.020Z,34.985,-116.947,-0.912,2.77,mc,0,62.1,,0.169,ci,ci3082729,2016-02-09T22:24:59.077Z,"12km NE of Barstow, California",earthquake,,0.551,,86,reviewed,ci,ci
1992-12-11T12:50:00.800Z,9.341,-86.588,33,4.4,mb,,,,1.6,us,usp0005j3p,2014-11-07T00:52:01.831Z,"130 km WSW of Sámara, Costa Rica",earthquake,,,,6,reviewed,us,us
1992-12-11T12:47:27.310Z,33.191,-115.569,4.233,3.03,mc,0,42.2,0.06183,0.27,ci,ci3082727,2016-02-10T05:38:40.425Z,"7km SW of Niland, California",earthquake,,0.194,,60,reviewed,ci,ci
1992-12-11T11:37:39.030Z,42.423,43.53,33,4.2,mb,,,,0.9,us,usp0005j3m,2014-11-07T00:52:01.826Z,"12 km NE of Sach’khere, Georgia",earthquake,,,,15,reviewed,us,us
1992-12-11T11:11:45.820Z,32.611,-117.331,5.207,2.77,mc,0,223.7,,0.263,ci,ci3082820,2016-02-09T22:24:56.339Z,"16km WSW of Coronado, California",earthquake,,,,19,reviewed,ci,ci
1992-12-11T11:11:45.680Z,-5.976,147.645,82.3,4.5,mb,,,,1.7,us,usp0005j3k,2014-11-07T00:52:01.825Z,"68 km NNW of Finschhafen, Papua New Guinea",earthquake,,16.7,,1,reviewed,us,us
1992-12-11T10:19:28.160Z,-31.574,-72.572,6,4.6,md,,,,1.2,us,usp0005j3j,2014-11-07T00:52:01.822Z,"133 km W of Illapel, Chile",earthquake,,4.2,,,reviewed,us,san
1992-12-11T10:13:56.850Z,-31.443,-72.848,10,4.5,md,,,,1.4,us,usp0005j3h,2014-11-07T00:52:01.820Z,"160 km W of Illapel, Chile",earthquake,,,,,reviewed,us,san
1992-12-11T09:25:29.700Z,32.892,46.391,53.8,4.8,mb,,,,0.9,us,usp0005j3g,2014-11-07T00:52:01.815Z,"33 km SE of Mehr?n, Iran",earthquake,,10.6,,20,reviewed,us,us
1992-12-11T08:33:50.390Z,7.194,127.259,33,4.4,mb,,,,0.8,us,usp0005j3f,2014-11-07T00:52:01.814Z,"76 km E of Santiago, Philippines",earthquake,,,,2,reviewed,us,us
1992-12-11T08:33:46.600Z,-16.772,-172.982,33,4.4,mb,,,,1.1,us,usp0005j3e,2014-11-07T00:52:01.812Z,"125 km SE of Hihifo, Tonga",earthquake,,,,2,reviewed,us,us
1992-12-11T08:04:21.660Z,36.8503333,-121.5758333,4.506,3.36,md,76,36,0.01892,0.12,nc,nc329025,2016-12-20T01:18:38.630Z,"3 km W of San Juan Bautista, California",earthquake,0.15,0.31,0.12,90,reviewed,nc,nc
1992-12-11T07:41:56.230Z,35.13,-116.84,-0.175,2.69,mc,0,91.1,,0.174,ci,ci3082696,2016-02-10T05:38:36.713Z,"20km SW of Fort Irwin, California",earthquake,,0.745,,77,reviewed,ci,ci
1992-12-11T07:33:50.540Z,28.351,53.518,33,4.4,mb,,,,1.2,us,usp0005j3b,2014-11-07T00:52:01.807Z,"southern Iran",earthquake,,,,17,reviewed,us,us
1992-12-11T07:29:59.290Z,36.8505,-121.5751667,4.446,3.46,md,75,35,0.01892,0.12,nc,nc329023,2016-12-20T01:18:29.420Z,"3 km W of San Juan Bautista, California",earthquake,0.15,0.32,0.11,94,reviewed,nc,nc
1992-12-11T06:57:26.870Z,-15.068,67.094,10,5.1,mb,,,,0.8,us,usp0005j39,2014-11-07T00:52:01.770Z,"Mid-Indian Ridge",earthquake,,,,35,reviewed,us,us
1992-12-11T06:54:10.570Z,7.727,-76.458,33,4.2,mb,,,,1.5,us,usp0005j38,2014-11-07T00:52:01.769Z,"21 km E of Carepa, Colombia",earthquake,,,,2,reviewed,us,us
1992-12-11T05:12:14.140Z,36.8371667,-121.5696667,7.276,3.25,md,75,34,0.01892,0.1,nc,nc329022,2016-12-20T01:18:16.700Z,"2 km WSW of San Juan Bautista, California",earthquake,0.16,0.29,0.11,99,reviewed,nc,nc
1992-12-11T04:44:13.810Z,28.558,53.92,33,4.6,mb,,,,1.1,us,usp0005j36,2014-11-07T00:52:01.763Z,"49 km SSE of Fas?, Iran",earthquake,,,,15,reviewed,us,us
1992-12-11T03:42:16.830Z,-24.602,179.579,579.1,4.2,mb,,,,1,us,usp0005j34,2014-11-07T00:52:01.758Z,"south of the Fiji Islands",earthquake,,39.3,,1,reviewed,us,us
1992-12-11T03:18:22.130Z,-30.744,-72,10,4.6,md,,,,1.1,us,usp0005j33,2014-11-07T00:52:01.755Z,"78 km WSW of Ovalle, Chile",earthquake,,,,,reviewed,us,san
1992-12-11T02:34:34.930Z,38.791,23.587,10,3.3,md,,,,0.6,us,usp0005j32,2014-11-07T00:52:01.752Z,"9 km E of Mantoúdi, Greece",earthquake,,,,,reviewed,us,ath
1992-12-11T02:22:51.840Z,-17.523,167.961,33.1,5.7,mw,,,,1.3,us,usp0005j31,2022-04-28T18:25:30.964Z,"44 km WNW of Port-Vila, Vanuatu",earthquake,,,,,reviewed,us,hrv
1992-12-11T02:01:22.090Z,82.917,-6.29,10,4.7,mb,,,,1.2,us,usp0005j30,2014-11-07T00:52:01.733Z,"north of Svalbard",earthquake,,,,22,reviewed,us,us
1992-12-11T01:52:31.530Z,34.269,-116.405,1.97,2.81,mc,0,45.1,,0.145,ci,ci3082662,2016-02-10T02:03:17.007Z,"17km NNW of Joshua Tree, California",earthquake,,0.29,,85,reviewed,ci,ci
1992-12-11T01:38:34.210Z,34.271,-116.404,1.81,4.12,ml,0,45.2,,0.155,ci,ci3082658,2016-02-10T02:03:15.642Z,"17km NNW of Joshua Tree, California",earthquake,,0.302,,34,reviewed,ci,ci
1992-12-11T01:16:15.300Z,45.784,142.705,325.9,4.4,mb,,,,0.8,us,usp0005j2y,2014-11-07T00:52:01.725Z,"Hokkaido, Japan region",earthquake,,4.6,,32,reviewed,us,us
1992-12-11T00:45:09.590Z,34.376,-116.875,1.445,2.91,ml,0,32.8,,0.176,ci,ci3082654,2016-02-10T19:47:29.191Z,"11km SE of Lucerne Valley, California",earthquake,,0.197,,27,reviewed,ci,ci
1992-12-10T23:56:47.530Z,41.288,-7.518,30.3,3.2,mblg,,,,0.3,us,usp0005j2w,2014-11-07T00:52:01.722Z,"2 km NNW of Favaios, Portugal",earthquake,,8.6,,,reviewed,us,mdd
1992-12-10T23:37:06.310Z,32.186,-5.782,10,3.4,md,,,,0.7,us,usp0005j2v,2014-11-07T00:52:01.720Z,"52 km SSE of Zawyat ech Cheïkh, Morocco",earthquake,,,,,reviewed,us,rba
1992-12-10T23:23:53.870Z,32.199,-5.786,10,3.5,md,,,,1,us,usp0005j2u,2014-11-07T00:52:01.718Z,"50 km SSE of Zawyat ech Cheïkh, Morocco",earthquake,,,,,reviewed,us,rba
1992-12-10T22:40:42.880Z,-11.817,166.358,45.7,4.9,mb,,,,1,us,usp0005j2t,2014-11-07T00:52:01.715Z,"135 km SSE of Lata, Solomon Islands",earthquake,,,,19,reviewed,us,us
1992-12-10T22:31:34.740Z,5.197,126.177,33,4.4,mb,,,,1.5,us,usp0005j2s,2014-11-07T00:52:01.713Z,"82 km ESE of Sarangani, Philippines",earthquake,,,,6,reviewed,us,us
1992-12-10T21:13:45.010Z,38.284,-119.44,11.927,2.52,md,14,200,0.309,0.1,nc,nc328948,2016-12-20T01:17:42.701Z,"18 km W of Bridgeport, California",earthquake,0.65,4.28,0.13,12,reviewed,nc,nc
1992-12-10T20:47:58.530Z,34.27,-116.403,1.8,2.86,ml,0,45.2,,0.154,ci,ci3082639,2016-02-09T22:24:42.420Z,"17km NNW of Joshua Tree, California",earthquake,,0.259,,23,reviewed,ci,ci
1992-12-10T19:13:10.420Z,-22.244,-175.807,129.7,4.5,mb,,,,1.1,us,usp0005j2p,2014-11-07T00:52:01.707Z,"133 km SSW of Vaini, Tonga",earthquake,,33.4,,7,reviewed,us,us
1992-12-10T19:12:53.670Z,39.958,28.899,10,2.7,md,,,,0.5,us,usp0005j2n,2014-11-07T00:52:01.706Z,"3 km ESE of Kar?ncal?, Turkey",earthquake,,,,,reviewed,us,isk
1992-12-10T18:56:43.350Z,7.804,94.198,33,4.7,mb,,,,0.9,us,usp0005j2k,2014-11-07T00:52:01.702Z,"245 km NNW of Sabang, Indonesia",earthquake,,,,11,reviewed,us,us
1992-12-10T18:32:05.990Z,44.288,148.651,33,3.4,mb,,,,1.5,us,usp0005j2j,2014-11-07T00:52:01.701Z,"120 km SSE of Kuril’sk, Russia",earthquake,,,,2,reviewed,us,us
1992-12-10T18:23:34.260Z,34.15,-116.415,2.937,3.51,ml,0,41,,0.134,ci,ci3082607,2016-02-10T02:03:13.006Z,"4km NNE of Yucca Valley, California",earthquake,,0.243,,35,reviewed,ci,ci
1992-12-10T18:09:49.540Z,-6.358,129.813,261.7,4.4,mb,,,,1.3,us,usp0005j2g,2014-11-07T00:52:01.697Z,"Banda Sea",earthquake,,25.8,,1,reviewed,us,us
1992-12-10T18:05:50.910Z,-31.29,-69.366,133.6,3.8,md,,,,0.7,us,usp0005j2f,2014-11-07T00:52:01.695Z,"7 km NE of Calingasta, Argentina",earthquake,,15.6,,,reviewed,us,san
1992-12-10T18:03:36.400Z,6.13,-82.522,14.8,4.9,mb,,,,1.1,us,usp0005j2e,2014-11-07T00:52:01.687Z,"213 km S of Punta de Burica, Panama",earthquake,,6.2,,28,reviewed,us,us
1992-12-10T16:57:21.660Z,39.27,28.828,10,3.2,md,,,,0.9,us,usp0005j2b,2014-11-07T00:52:01.683Z,"23 km NNW of Simav, Turkey",earthquake,,,,,reviewed,us,isk
1992-12-10T16:54:29.510Z,39.558,26.243,10,3.3,md,,,,0.5,us,usp0005j2a,2014-11-07T00:52:01.681Z,"10 km NW of Behram, Turkey",earthquake,,,,,reviewed,us,isk
1992-12-10T15:55:03.160Z,39.152,-0.636,10,2.6,mblg,,,,1.1,us,usp0005j29,2014-11-07T00:52:01.680Z,"4 km WNW of Tous, Spain",earthquake,,,,,reviewed,us,mdd
1992-12-10T14:39:40.330Z,34.306,-116.436,6.07,2.54,mc,0,46.4,,0.127,ci,ci3082591,2016-02-10T23:28:18.690Z,"21km N of Yucca Valley, California",earthquake,,0.85,,70,reviewed,ci,ci
1992-12-10T14:29:04.880Z,39.613,26.27,10,3.1,md,,,,0.4,us,usp0005j26,2014-11-07T00:52:01.676Z,"11 km W of Ayvac?k, Turkey",earthquake,,,,,reviewed,us,isk
1992-12-10T14:27:38.650Z,39.596,26.033,10,3,md,,,,0.4,us,usp0005j25,2014-11-07T00:52:01.674Z,"26 km S of Bozcaada, Turkey",earthquake,,,,,reviewed,us,isk
1992-12-10T13:54:37.710Z,-24.402,178.955,528.7,5.3,mw,,,,1,us,usp0005j24,2025-12-19T22:55:37.091Z,"south of the Fiji Islands",earthquake,,7,,,reviewed,us,hrv
1992-12-10T12:20:26.030Z,34.269,-116.906,5.874,2.66,ml,0,25.9,,0.151,ci,ci3082577,2016-02-10T12:43:21.030Z,"3km N of Big Bear Lake, California",earthquake,,1.078,,4,reviewed,ci,ci
1992-12-10T11:23:01.700Z,-5.681,146.594,57.7,4.1,mb,,,,0.4,us,usp0005j22,2014-11-07T00:52:01.663Z,"102 km ESE of Madang, Papua New Guinea",earthquake,,23.3,,1,reviewed,us,us
1992-12-10T10:17:59.660Z,38.023,26.818,10,4.1,mb,,,,1.2,us,usp0005j21,2014-11-07T00:52:01.658Z,"19 km S of Seferihisar, Turkey",earthquake,,,,3,reviewed,us,us
1992-12-10T08:41:56.470Z,-31.729,-69.295,127.5,3.9,md,,,,0.6,us,usp0005j1z,2014-11-07T00:52:01.654Z,"45 km SSE of Calingasta, Argentina",earthquake,,12.4,,,reviewed,us,san
1992-12-10T07:49:54.660Z,62.4932,-151.0723,84.2,3.5,ml,,,,0.25,ak,ak992fuovdwq,2020-09-14T19:50:37.718Z,"Central Alaska",earthquake,,1.9,,,reviewed,ak,ak
1992-12-10T07:47:06.400Z,19.3341667,-155.1803333,6.479,2.55,ml,35,85,,0.12,hv,hv725950,2020-03-31T19:03:14.560Z,"13 km SSE of Volcano, Hawaii",earthquake,0.41,0.68,0.19,11,reviewed,hv,hv
1992-12-10T07:39:21.090Z,19.3365,-155.1763333,7.849,2.51,ml,33,82,,0.08,hv,hv725948,2020-03-31T19:03:14.380Z,"13 km SSE of Volcano, Hawaii",earthquake,0.37,0.56,0.13,14,reviewed,hv,hv
1992-12-10T05:34:55.280Z,39.218,28.641,10,2.9,md,,,,0.4,us,usp0005j1w,2014-11-07T00:52:01.642Z,"19 km N of Demirci, Turkey",earthquake,,,,,reviewed,us,isk
1992-12-10T03:02:53.840Z,38.095,26.982,8.3,3.7,ml,,,,1.1,us,usp0005j1v,2014-11-07T00:52:01.640Z,"15 km NW of Özdere, Turkey",earthquake,,3.8,,,reviewed,us,ath
1992-12-10T02:26:27.510Z,34.97,-116.934,-0.892,3.5,ml,0,62.8,,0.201,ci,ci3082527,2016-02-10T23:28:06.008Z,"11km NE of Barstow, California",earthquake,,0.514,,37,reviewed,ci,ci
1992-12-10T02:14:39.120Z,-32.619,-71.999,33,3.4,md,,,,0.4,us,usp0005j1t,2014-11-07T00:52:01.636Z,"57 km NW of Valparaíso, Chile",earthquake,,,,,reviewed,us,san
1992-12-10T01:06:24.190Z,35.733,-116.546,5.278,2.83,mc,0,209.8,,0.211,ci,ci3082523,2016-02-10T16:10:23.261Z,"32km WSW of Tecopa, California",earthquake,,,,65,reviewed,ci,ci
1992-12-10T01:03:14.640Z,35.738,-116.544,5.278,3.35,ml,0,171.8,,0.213,ci,ci3082522,2016-02-10T23:28:04.780Z,"31km WSW of Tecopa, California",earthquake,,,,20,reviewed,ci,ci
1992-12-10T00:52:19.270Z,39.65,-115.959,5,3.2,ml,,,,0.9,us,usp0005j1r,2014-11-07T00:52:01.631Z,"15 km N of Eureka, Nevada",earthquake,,,,,reviewed,us,gs$
1992-12-10T00:02:12.040Z,34.566,-116.555,3.638,2.95,ml,0,43.9,,0.185,ci,ci3082514,2016-02-10T16:10:21.929Z,"40km WSW of Ludlow, California",earthquake,,0.372,,24,reviewed,ci,ci
1992-12-09T23:48:01.670Z,19.1781667,-155.6375,6.455,2.77,ml,36,105,,0.16,hv,hv725895,2020-03-31T19:03:13.930Z,"12 km NNW of Wai‘?hinu, Hawaii",earthquake,0.65,0.88,0.33,7,reviewed,hv,hv
1992-12-09T23:43:36.990Z,45.602,26.773,142.6,4.1,mb,,,,1.1,us,usp0005j1p,2014-11-07T00:52:01.624Z,"3 km E of Vintileasca, Romania",earthquake,,4.7,,13,reviewed,us,us
1992-12-09T23:35:39.140Z,36.5436667,-121.1136667,8.864,2.86,md,66,43,0.06937,0.06,nc,nc328752,2016-12-20T01:16:03.600Z,"23 km NE of Soledad, California",earthquake,0.11,0.26,0.14,57,reviewed,nc,nc
1992-12-09T22:57:03.320Z,19.629,-108.921,10,3.7,mb,,,,1.2,us,usp0005j1m,2014-11-07T00:52:01.621Z,"Revilla Gigedo Islands region",earthquake,,,,2,reviewed,us,us
1992-12-09T22:41:31.880Z,19.4851667,-155.4368333,3.301,2.5,ml,36,58,,0.13,hv,hv725875,2020-03-31T19:03:13.760Z,"21 km WNW of Volcano, Hawaii",earthquake,0.29,1.11,0.33,5,reviewed,hv,hv
1992-12-09T21:50:53.000Z,40.3371667,-124.413,4.187,2.88,md,7,244,0.1207,0.03,nc,nc328741,2016-12-20T01:15:42.103Z,"29 km SSW of Ferndale, California",earthquake,1.22,0.73,0.1,18,reviewed,nc,nc
1992-12-09T21:35:07.340Z,39.379,28.721,10,2.8,md,,,,0.4,us,usp0005j1k,2014-11-07T00:52:01.620Z,"24 km SSE of Dursunbey, Turkey",earthquake,,,,,reviewed,us,isk
1992-12-09T20:29:47.190Z,40.058,45.312,15.8,4.8,mb,,,,1.2,us,usp0005j1h,2020-08-29T01:59:22.093Z,"5 km ESE of Madina, Armenia",earthquake,,,,51,reviewed,us,us
1992-12-09T20:26:11.670Z,28.392,32.9,10,3.5,md,,,,1.5,us,usp0005j1g,2014-11-07T00:52:01.600Z,"17 km WNW of Ras Gharib, Egypt",earthquake,,,,,reviewed,us,hlw
1992-12-09T19:49:12.880Z,42.952,0.227,10,2.8,ml,,,,1.3,us,usp0005j1f,2014-11-07T00:52:01.597Z,"8 km SSE of Campan, France",earthquake,,,,,reviewed,us,ldg
1992-12-09T19:47:07.550Z,34.309,-116.433,6.27,3.33,ml,0,46.6,,0.119,ci,ci3082466,2016-02-10T23:28:03.560Z,"22km N of Yucca Valley, California",earthquake,,0.865,,35,reviewed,ci,ci
1992-12-09T19:28:33.180Z,13.282,-88.606,103,4.5,mb,,,,1.3,us,usp0005j1d,2014-11-07T00:52:01.591Z,"4 km SSW of Jiquilisco, El Salvador",earthquake,,,,7,reviewed,us,us
1992-12-09T19:16:07.360Z,34.311,-116.427,5.776,3.01,ml,0,46.9,,0.184,ci,ci3082461,2016-02-10T19:47:09.614Z,"22km N of Yucca Valley, California",earthquake,,1.112,,34,reviewed,ci,ci
1992-12-09T18:41:43.750Z,34.917,-116.822,4.932,2.62,mc,0,68.9,,0.146,ci,ci3082450,2016-02-10T05:38:13.834Z,"18km E of Barstow, California",earthquake,,,,68,reviewed,ci,ci
1992-12-09T16:22:32.900Z,-18.035,-178.086,611.2,4.9,mb,,,,1,us,usp0005j1a,2014-11-07T00:52:01.580Z,"275 km E of Levuka, Fiji",earthquake,,9,,20,reviewed,us,us
1992-12-09T15:28:18.570Z,19.4401667,-155.3075,12.285,2.75,ml,14,158,,0.16,hv,hv725822,2020-03-31T19:03:13.600Z,"7 km W of Volcano, Hawaii",earthquake,1.33,1.29,0.23,8,reviewed,hv,hv
1992-12-09T14:38:27.590Z,36.5643333,-121.1555,2.321,2.68,md,52,59,0.02973,0.05,nc,nc328679,2016-12-20T01:15:06.390Z,"21 km NE of Soledad, California",earthquake,0.11,0.28,0.13,42,reviewed,nc,nc
1992-12-09T14:24:43.210Z,35.59,140.558,33,4.3,mb,,,,0.6,us,usp0005j17,2014-11-07T00:52:01.570Z,"near the east coast of Honshu, Japan",earthquake,,,,3,reviewed,us,us
1992-12-09T13:03:23.160Z,42.752,12.535,11.7,3.3,ml,,,,1.6,us,usp0005j14,2014-11-07T00:52:01.563Z,"central Italy",earthquake,,5.4,,,reviewed,us,vie
1992-12-09T12:14:04.650Z,40.15,29.314,10,2.6,md,,,,0.7,us,usp0005j12,2014-11-07T00:52:01.560Z,"10 km ESE of Kestel, Turkey",earthquake,,,,,reviewed,us,isk
1992-12-09T11:52:36.650Z,39.248,28.717,10,2.7,md,,,,0.9,us,usp0005j11,2014-11-07T00:52:01.559Z,"22 km NNE of Demirci, Turkey",earthquake,,,,,reviewed,us,isk
1992-12-09T11:48:16.690Z,39.236,28.782,10,2.7,md,,,,0.5,us,usp0005j10,2014-11-07T00:52:01.557Z,"23 km NW of Simav, Turkey",earthquake,,,,,reviewed,us,isk
1992-12-09T11:19:29.760Z,-7.053,155.837,107.8,4.4,mb,,,,0.9,us,usp0005j0y,2014-11-07T00:52:01.550Z,"90 km SSE of Panguna, Papua New Guinea",earthquake,,11.1,,5,reviewed,us,us
1992-12-09T11:06:04.380Z,39.146,27.446,10,2.8,md,,,,0.5,us,usp0005j0x,2014-11-07T00:52:01.549Z,"8 km NE of K?n?k, Turkey",earthquake,,,,,reviewed,us,isk
1992-12-09T10:05:29.460Z,36.847,-121.5756667,6.166,2.96,md,76,33,0.01982,0.09,nc,nc328672,2016-12-20T01:14:25.640Z,"3 km W of San Juan Bautista, California",earthquake,0.12,0.22,0.14,88,reviewed,nc,nc
1992-12-09T09:54:09.070Z,-3.147,139.195,33,4.9,mb,,,,0.9,us,usp0005j0v,2014-11-07T00:52:01.544Z,"171 km WSW of Abepura, Indonesia",earthquake,,,,5,reviewed,us,us
1992-12-09T09:47:46.210Z,39.789,143.659,33.2,4.8,mb,,,,1.2,us,usp0005j0u,2014-11-07T00:52:01.539Z,"off the east coast of Honshu, Japan",earthquake,,,,12,reviewed,us,us
1992-12-09T09:28:35.010Z,34.244,-116.428,1.847,3.05,ml,0,44.6,,0.151,ci,ci3082401,2016-02-10T19:47:02.350Z,"14km N of Yucca Valley, California",earthquake,,0.21,,29,reviewed,ci,ci
1992-12-09T09:23:11.650Z,34.365,-116.895,-0.615,2.58,mc,0,31.6,,0.153,ci,ci3082400,2016-02-10T23:27:56.967Z,"11km SE of Lucerne Valley, California",earthquake,,0.225,,77,reviewed,ci,ci
1992-12-09T08:38:43.220Z,34.366,-116.894,0.485,2.69,mc,0,55,,0.164,ci,ci3082392,2016-02-10T12:42:56.138Z,"11km SE of Lucerne Valley, California",earthquake,,0.173,,85,reviewed,ci,ci
1992-12-09T08:25:52.940Z,39.225,-0.494,10,3.2,mblg,,,,0.6,us,usp0005j0s,2014-11-07T00:52:01.535Z,"2 km E of Carlet, Spain",earthquake,,,,,reviewed,us,mdd
1992-12-09T08:00:29.400Z,57.366,-142.978,10,3.4,ml,,,,0.6,us,usp0005j0r,2020-09-14T19:50:41.132Z,"Gulf of Alaska",earthquake,,,,,reviewed,us,pgc
1992-12-09T07:45:06.350Z,9.284,-83.858,54,4.9,mb,,,,1.2,us,usp0005j0p,2014-11-07T00:52:01.526Z,"19 km WSW of San Isidro, Costa Rica",earthquake,,9.9,,10,reviewed,us,us
1992-12-09T07:13:22.200Z,35.869,140.448,44.9,4.6,mb,,,,1.3,us,usp0005j0n,2014-11-07T00:52:01.518Z,"4 km WSW of Sawara, Japan",earthquake,,7.9,,23,reviewed,us,us
1992-12-09T06:53:14.220Z,34.372,-116.88,1.385,2.61,mc,0,34.1,,0.161,ci,ci3082372,2016-02-10T19:47:01.012Z,"11km SE of Lucerne Valley, California",earthquake,,0.138,,79,reviewed,ci,ci
1992-12-09T06:40:09.090Z,34.374,-116.881,1.385,2.76,mc,0,32.6,,0.163,ci,ci3082370,2016-02-10T05:38:03.777Z,"11km SE of Lucerne Valley, California",earthquake,,0.131,,84,reviewed,ci,ci
1992-12-09T06:35:27.280Z,37.65,-3.52,10,2.5,mblg,,,,0.5,us,usp0005j0m,2014-11-07T00:52:01.516Z,"5 km SE of Cambil, Spain",earthquake,,,,,reviewed,us,mdd
1992-12-09T06:28:03.150Z,47.667,0.63,10,3,ml,,,,0.3,us,usp0005j0k,2014-11-07T00:52:01.510Z,"7 km NNE of Neuvy-le-Roi, France",earthquake,,,,,reviewed,us,ldg
1992-12-09T06:27:43.370Z,-56.559,-142.556,10,5.9,mw,,,,1.1,us,usp0005j0j,2022-04-28T18:25:25.300Z,"Pacific-Antarctic Ridge",earthquake,,,,,reviewed,us,hrv
1992-12-09T05:59:10.860Z,-32.351,-71.144,33,3.4,md,,,,0.6,us,usp0005j0h,2014-11-07T00:52:01.499Z,"13 km NE of La Ligua, Chile",earthquake,,,,,reviewed,us,san
1992-12-09T05:41:50.180Z,39.669,143.877,23.9,4.8,mb,,,,1.1,us,usp0005j0g,2014-11-07T00:52:01.496Z,"166 km E of Miyako, Japan",earthquake,,6.2,,8,reviewed,us,us
1992-12-09T05:12:43.800Z,39.821,143.51,30.4,5.4,mw,,,,1.1,us,usp0005j0f,2025-12-19T22:55:36.377Z,"135 km E of Miyako, Japan",earthquake,,,,,reviewed,us,hrv
1992-12-09T04:56:47.170Z,59.9077,-153.1133,116.5,2.6,ml,,,,0.2,ak,ak992fszl819,2020-09-14T19:50:41.767Z,"57 km ENE of Pedro Bay, Alaska",earthquake,,2.1,,,reviewed,ak,ak
1992-12-09T04:28:52.790Z,59.9522,-153.4077,158.9,2.9,ml,,,,0.12,ak,ak992fszf8f3,2020-09-14T19:50:42.172Z,"43 km ENE of Pedro Bay, Alaska",earthquake,,2,,,reviewed,ak,ak
1992-12-09T04:25:55.880Z,37.359,-3.31,10,2.7,mblg,,,,1.1,us,usp0005j0c,2014-11-07T00:52:01.463Z,"1 km NW of Darro, Spain",earthquake,,,,,reviewed,us,mdd
1992-12-09T03:39:34.500Z,34.354,-116.904,2.235,3.17,ml,0,50.8,,0.152,ci,ci3082362,2016-02-10T12:42:49.792Z,"12km SSE of Lucerne Valley, California",earthquake,,0.195,,32,reviewed,ci,ci
1992-12-09T03:12:55.190Z,-31.898,-71.892,33,4,md,,,,0.4,us,usp0005j09,2014-11-07T00:52:01.457Z,"74 km WSW of Illapel, Chile",earthquake,,,,,reviewed,us,san
1992-12-09T02:37:26.590Z,28.807,130.893,35.9,5,mb,,,,1.2,us,usp0005j08,2014-11-07T00:52:01.446Z,"146 km ENE of Naze, Japan",earthquake,,,,48,reviewed,us,us
1992-12-09T02:23:07.460Z,-0.25,124.636,74.9,4.7,mb,,,,1.1,us,usp0005j07,2014-11-07T00:52:01.441Z,"174 km S of Tomohon, Indonesia",earthquake,,8.5,,10,reviewed,us,us
1992-12-09T02:09:19.460Z,61.3088,-147.334,8.7,3.8,ml,,,,0.31,ak,ak992fsy4816,2020-09-14T19:50:42.613Z,"56 km WNW of Valdez, Alaska",earthquake,,1.4,,,reviewed,ak,ak
1992-12-09T01:37:41.140Z,-17.242,34.787,33,3.9,mblg,,,,0.9,us,usp0005j05,2014-11-07T00:52:01.400Z,"61 km SW of Nsanje, Malawi",earthquake,,,,,reviewed,us,bul
1992-12-09T01:32:44.210Z,57.5878,-148.9767,0,3.2,ml,,,,0.1,ak,ak992fsxnrt1,2020-09-14T19:50:43.127Z,"197 km E of Chiniak, Alaska",earthquake,,14.9,,,reviewed,ak,ak
1992-12-09T00:38:22.920Z,19.3765,-155.415,9.15,2.62,ml,29,61,,0.09,hv,hv725744,2020-03-31T19:03:12.980Z,"20 km NNE of P?hala, Hawaii",earthquake,0.44,0.62,,4,reviewed,hv,hv
1992-12-08T23:30:35.390Z,58.9085,-147.4188,10,2.9,ml,,,,0.17,ak,ak992frn7iib,2020-09-14T19:50:43.491Z,"133 km SSE of Chenega, Alaska",earthquake,,12.8,,,reviewed,ak,ak
1992-12-08T23:22:04.560Z,17.791,86.478,33,4.5,mb,,,,0.9,us,usp0005j01,2014-11-07T00:52:01.384Z,"232 km SE of Ganj?m, India",earthquake,,,,2,reviewed,us,us
1992-12-08T22:21:56.360Z,-23.081,-63.884,559.6,4.3,mb,,,,1.1,us,usp0005hzy,2014-11-07T00:52:01.377Z,"26 km ENE of Embarcación, Argentina",earthquake,,13.1,,1,reviewed,us,us
1992-12-08T21:38:47.210Z,43.164,-0.352,10,3,ml,,,,0.5,us,usp0005hzx,2014-11-07T00:52:01.374Z,"5 km S of Bosdarros, France",earthquake,,,,,reviewed,us,ldg
1992-12-08T21:30:52.170Z,19.3005,-155.2171667,7.275,2.57,ml,26,102,,0.07,hv,hv725714,2020-03-31T19:03:12.820Z,"15 km S of Volcano, Hawaii",earthquake,0.41,0.71,,5,reviewed,hv,hv
1992-12-08T21:27:22.110Z,19.3063333,-155.2208333,8.005,3.17,ml,42,86,,0.11,hv,hv725713,2020-03-31T19:03:12.650Z,"15 km S of Volcano, Hawaii",earthquake,0.44,0.36,0.25,2,reviewed,hv,hv
1992-12-08T21:13:33.940Z,34.832,80.184,33,4.2,mb,,,,1.2,us,usp0005hzw,2014-11-07T00:52:01.372Z,"249 km ENE of Leh, India",earthquake,,,,3,reviewed,us,us
1992-12-08T21:02:41.610Z,-32.627,-70.435,10,3.4,md,,,,0.4,us,usp0005hzv,2014-11-07T00:52:01.367Z,"27 km NNE of Los Andes, Chile",earthquake,,,,,reviewed,us,san
1992-12-08T20:35:09.860Z,-32.49,-71.052,33,3.4,md,,,,0.9,us,usp0005hzu,2014-11-07T00:52:01.365Z,"17 km ESE of La Ligua, Chile",earthquake,,,,,reviewed,us,san
1992-12-08T20:06:35.380Z,34.515,-116.535,-1.382,3.08,mc,0,44.9,,0.138,ci,ci3082298,2016-02-10T02:02:48.889Z,"40km NE of Big Bear City, California",earthquake,,0.662,,95,reviewed,ci,ci
1992-12-08T19:13:39.660Z,39.248,-0.523,10.6,3.6,mblg,,,,1,us,usp0005hzs,2014-11-07T00:52:01.357Z,"2 km N of Carlet, Spain",earthquake,,3.5,,,reviewed,us,mdd
1992-12-08T19:00:21.860Z,35.598,-118.32,1.712,2.64,mc,0,47.7,,0.165,ci,ci3082281,2016-02-10T16:10:01.977Z,"14km E of Lake Isabella, California",earthquake,,0.404,,51,reviewed,ci,ci
1992-12-08T18:42:28.250Z,34.374,-116.882,1.495,2.66,mc,0,32.6,,0.199,ci,ci3082279,2016-02-10T09:15:04.766Z,"11km SE of Lucerne Valley, California",earthquake,,0.119,,78,reviewed,ci,ci
1992-12-08T18:16:09.090Z,17.904,-62.05,28.1,3.5,mb,,,,0.7,us,usp0005hzr,2014-11-07T00:52:01.355Z,"37 km NW of Codrington, Antigua and Barbuda",earthquake,,7.4,,1,reviewed,us,us
1992-12-08T18:10:03.590Z,19.3573333,-155.5073333,7.743,3.18,ml,38,33,,0.1,hv,hv725691,2020-03-31T19:03:12.490Z,"17 km N of P?hala, Hawaii",earthquake,0.3,0.58,,4,reviewed,hv,hv
1992-12-08T17:30:42.560Z,-32.184,-70.191,136.6,3.7,md,,,,0.7,us,usp0005hzp,2014-11-07T00:52:01.347Z,"80 km NE of San Felipe, Chile",earthquake,,17.1,,,reviewed,us,san
1992-12-08T15:54:05.510Z,-26.846,-175.959,86.4,5.2,mb,,,,1,us,usp0005hzm,2014-11-07T00:52:01.341Z,"south of Tonga",earthquake,,19.6,,7,reviewed,us,us
1992-12-08T15:12:15.340Z,16.438,-60.918,33,2.9,ml,,,,0.1,us,usp0005hzk,2014-11-07T00:52:01.340Z,"22 km NE of Beauséjour, Guadeloupe",earthquake,,,,,reviewed,us,fdf
1992-12-08T14:56:50.750Z,9.967,-74.488,65.9,3.8,mb,,,,1,us,usp0005hzj,2014-11-07T00:52:01.338Z,"14 km NNW of Concordia, Colombia",earthquake,,11.3,,1,reviewed,us,us
1992-12-08T13:17:47.880Z,2.665,128.605,229.2,4.7,mb,,,,1,us,usp0005hzg,2014-11-07T00:52:01.331Z,"122 km NNE of Tobelo, Indonesia",earthquake,,9,,7,reviewed,us,us
1992-12-08T12:30:28.830Z,34.996,-116.951,3.778,2.69,ml,0,62.3,,0.138,ci,ci3082236,2016-02-10T23:27:44.807Z,"13km NNE of Barstow, California",earthquake,,0.559,,18,reviewed,ci,ci
1992-12-08T12:14:17.360Z,-31.529,-71.95,10,3.7,md,,,,1.1,us,usp0005hzc,2014-11-07T00:52:01.113Z,"74 km W of Illapel, Chile",earthquake,,,,,reviewed,us,san
1992-12-08T12:02:42.330Z,36.8496667,-121.5788333,6.356,3,md,70,36,0.02162,0.09,nc,nc328337,2016-12-20T01:12:06.070Z,"3 km W of San Juan Bautista, California",earthquake,0.15,0.28,0.12,78,reviewed,nc,nc
1992-12-08T12:00:09.650Z,1.3,125.665,89.9,4.9,mb,,,,1,us,usp0005hza,2014-11-07T00:52:01.103Z,"79 km ESE of Laikit, Laikit II (Dimembe), Indonesia",earthquake,,6.9,,8,reviewed,us,us
1992-12-08T10:58:03.960Z,39.094,27.613,10,2.8,md,,,,0.5,us,usp0005hz8,2014-11-07T00:52:01.101Z,"5 km WSW of K?rka?aç, Turkey",earthquake,,,,,reviewed,us,isk
1992-12-08T10:34:14.840Z,37.32,-2.759,10,2.9,mblg,,,,0.4,us,usp0005hz7,2014-11-07T00:52:01.099Z,"13 km SSW of Caniles, Spain",earthquake,,,,,reviewed,us,mdd
1992-12-08T09:50:29.260Z,7.59,-76.505,10,4.6,mb,,,,0.9,us,usp0005hz6,2014-11-07T00:52:01.097Z,"21 km ESE of Chigorodó, Colombia",earthquake,,,,1,reviewed,us,us
1992-12-08T09:48:41.090Z,-16.317,67.853,10,5,mb,,,,1.2,us,usp0005hz5,2014-11-07T00:52:01.095Z,"Mid-Indian Ridge",earthquake,,,,5,reviewed,us,us
1992-12-08T09:32:17.730Z,17.501,-61.15,10,3.8,ml,,,,0.3,us,usp0005hz3,2014-11-07T00:52:01.092Z,"74 km ESE of Codrington, Antigua and Barbuda",earthquake,,,,,reviewed,us,fdf
1992-12-08T09:30:35.710Z,17.732,-60.966,33,4,mb,,,,0.4,us,usp0005hz2,2014-11-07T00:52:01.090Z,"92 km E of Codrington, Antigua and Barbuda",earthquake,,,,1,reviewed,us,us
1992-12-08T09:22:45.690Z,-35.986,-71.687,100,4.2,md,,,,0.4,us,usp0005hz1,2014-11-07T00:52:01.088Z,"2 km S of Longaví, Chile",earthquake,,,,,reviewed,us,san
1992-12-08T08:46:50.250Z,17.389,120.061,10,4,mb,,,,0.5,us,usp0005hz0,2014-11-07T00:52:01.086Z,"36 km WSW of Fuerte, Philippines",earthquake,,,,2,reviewed,us,us
1992-12-08T08:44:29.870Z,38.363,26.96,10,3.5,mb,,,,0.7,us,usp0005hyz,2014-11-07T00:52:01.084Z,"15 km W of Karaba?lar, Turkey",earthquake,,,,1,reviewed,us,us
1992-12-08T08:23:15.110Z,36.8486667,-121.5785,6.266,3.09,md,66,36,0.02162,0.09,nc,nc328329,2016-12-20T01:11:45.450Z,"3 km W of San Juan Bautista, California",earthquake,0.16,0.3,0.13,63,reviewed,nc,nc
1992-12-08T08:18:30.550Z,39.158,27.647,10,2.8,md,,,,0.7,us,usp0005hyw,2014-11-07T00:52:01.077Z,"4 km SE of Soma, Turkey",earthquake,,,,,reviewed,us,isk
1992-12-08T07:52:34.080Z,33.964,-117.823,15.868,2.6,ml,0,59.7,,0.149,ci,ci3082212,2016-02-10T02:02:37.604Z,"7km WSW of Chino Hills, California",earthquake,,0.726,,4,reviewed,ci,ci
1992-12-08T07:21:46.560Z,38.994,23.493,10,3.5,ml,,,,0.6,us,usp0005hyv,2014-11-07T00:52:01.074Z,"18 km S of Skiáthos, Greece",earthquake,,,,,reviewed,us,ath
1992-12-08T07:08:39.920Z,9.291,93.479,66,6,mw,,,,1.1,us,usp0005hyu,2022-04-28T18:25:23.564Z,"274 km SSE of Port Blair, India",earthquake,,,,,reviewed,us,hrv
1992-12-08T06:28:46.590Z,10.141,-103.836,10,5.7,mw,,,,1.3,us,usp0005hyt,2022-04-28T18:25:22.109Z,"northern East Pacific Rise",earthquake,,,,,reviewed,us,hrv
1992-12-08T06:08:14.070Z,10.415,-85.823,33,4.1,mb,,,,1.3,us,usp0005hys,2014-11-07T00:52:00.998Z,"22 km WSW of Sardinal, Costa Rica",earthquake,,,,1,reviewed,us,us
1992-12-08T05:34:26.570Z,40.264,45.469,33,4.2,mb,,,,1,us,usp0005hyr,2014-11-07T00:52:00.996Z,"11 km N of Tsovinar, Armenia",earthquake,,,,6,reviewed,us,us
1992-12-08T05:22:54.020Z,50.519,157.372,37,5.2,mb,,,,1,us,usp0005hyq,2014-11-07T00:52:00.979Z,"89 km ESE of Severo-Kuril’sk, Russia",earthquake,,,,64,reviewed,us,us
1992-12-08T05:00:04.790Z,38.8226667,-122.7816667,2.691,2.75,md,41,57,0.01802,0.04,nc,nc328307,2016-12-20T01:11:26.030Z,"5 km W of Cobb, California",earthquake,0.16,0.31,0.16,45,reviewed,nc,nc
1992-12-08T04:08:29.080Z,3.443,125.816,102.2,5.3,mw,,,,1.1,us,usp0005hyn,2025-12-19T22:55:35.745Z,"220 km S of Sarangani, Philippines",earthquake,,5.8,,,reviewed,us,hrv
1992-12-08T02:58:44.910Z,33.884,-116.286,6.401,3.48,mc,0,97.3,0.08151,0.14,ci,ci3082179,2016-02-10T19:46:38.125Z,"12km NE of Thousand Palms, California",earthquake,,1.881,,5,reviewed,ci,ci
1992-12-08T02:38:42.320Z,37.958,20.743,10,3.3,md,,,,0.6,us,usp0005hym,2014-11-07T00:52:00.963Z,"14 km N of Katastárion, Greece",earthquake,,,,,reviewed,us,ath
1992-12-08T02:24:26.150Z,-15.483,168.012,34.3,5.6,mw,,,,1,us,usp0005hyk,2022-04-28T18:25:20.478Z,"91 km E of Luganville, Vanuatu",earthquake,,,,,reviewed,us,hrv
1992-12-08T01:24:54.030Z,33.968,-116.299,-0.795,2.51,mc,0,35,,0.187,ci,ci3082170,2016-02-10T09:14:54.682Z,"18km NNE of Thousand Palms, California",earthquake,,0.59,,53,reviewed,ci,ci
1992-12-08T00:45:23.780Z,43.529,147.722,33,4.1,mb,,,,1.2,us,usp0005hyj,2014-11-07T00:52:00.936Z,"86 km ESE of Shikotan, Russia",earthquake,,,,1,reviewed,us,us
1992-12-08T00:14:09.970Z,33.967,-116.301,-0.605,2.78,ml,0,32.6,,0.175,ci,ci3082162,2016-02-10T12:42:32.534Z,"18km NNE of Thousand Palms, California",earthquake,,0.303,,14,reviewed,ci,ci
1992-12-07T23:53:27.730Z,19.5443333,-156.3966667,4.589,2.6,ml,24,297,,0.12,hv,hv725606,2020-03-31T19:03:11.900Z,"43 km WSW of Kailua-Kona, Hawaii",earthquake,3.61,3.79,0.1,6,reviewed,hv,hv
1992-12-07T23:28:40.490Z,-32.23,-69.398,116.5,4.1,md,,,,1.1,us,usp0005hyf,2014-11-07T00:52:00.929Z,"90 km NW of Mendoza, Argentina",earthquake,,11.1,,,reviewed,us,san
1992-12-07T22:57:42.230Z,38.8193333,-122.7631667,0.583,3.24,md,45,51,0.02703,0.06,nc,nc328235,2016-12-20T01:10:24.980Z,"3 km W of Cobb, California",earthquake,0.1,0.32,0.12,56,reviewed,nc,nc
1992-12-07T22:56:49.560Z,39.282,29.049,10,2.7,md,,,,0.1,us,usp0005hyc,2014-11-07T00:52:00.923Z,"19 km WSW of Emet, Turkey",earthquake,,,,,reviewed,us,isk
1992-12-07T22:52:27.160Z,35.244,-118.607,4.882,2.77,mc,0,95.1,,0.145,ci,ci3082148,2016-02-10T12:42:29.883Z,"19km NW of Tehachapi, California",earthquake,,31.342,,68,reviewed,ci,ci
1992-12-07T22:50:29.270Z,-6.963,104.544,36.5,5,mb,,,,0.8,us,usp0005hyb,2014-11-07T00:52:00.918Z,"156 km WSW of Labuan, Indonesia",earthquake,,,,11,reviewed,us,us
1992-12-07T21:04:34.410Z,42.45,13.41,10,3,md,,,,0.8,us,usp0005hy9,2014-11-07T00:52:00.909Z,"9 km E of Pizzoli, Italy",earthquake,,,,,reviewed,us,tri
1992-12-07T21:01:41.590Z,19.8428333,-156.0791667,29.707,3.2,ml,39,244,,0.1,hv,hv725579,2020-03-31T19:03:11.730Z,"16 km NW of Kalaoa, Hawaii",earthquake,1.06,1.59,0.08,3,reviewed,hv,hv
1992-12-07T19:50:16.690Z,-21.51,-179.167,524,4.8,mb,,,,0.9,us,usp0005hy7,2014-11-07T00:52:00.904Z,"Fiji region",earthquake,,8.7,,2,reviewed,us,us
1992-12-07T17:33:30.170Z,-24.394,-69.475,85.9,4.8,mb,,,,1.2,us,usp0005hy5,2014-11-07T00:52:00.899Z,"124 km SE of Antofagasta, Chile",earthquake,,8,,3,reviewed,us,us
1992-12-07T17:17:20.980Z,34.373,-116.894,1.215,2.68,mc,0,32.3,,0.162,ci,ci3082189,2016-02-10T12:42:27.370Z,"10km SE of Lucerne Valley, California",earthquake,,0.226,,82,reviewed,ci,ci
1992-12-07T17:03:07.820Z,34.384,-116.463,-0.164,2.67,mc,0,93,,0.103,ci,ci3082131,2016-02-10T02:02:27.742Z,"30km N of Yucca Valley, California",earthquake,,0.543,,67,reviewed,ci,ci
1992-12-07T16:48:44.470Z,-10.596,123.501,33,4,mb,,,,0.8,us,usp0005hy4,2014-11-07T00:52:00.897Z,"48 km SSW of Kupang, Indonesia",earthquake,,,,1,reviewed,us,us
1992-12-07T14:58:02.570Z,5.979,125.934,152.3,5,mb,,,,0.9,us,usp0005hy0,2014-11-07T00:52:00.888Z,"27 km E of Mangili, Philippines",earthquake,,6.2,,15,reviewed,us,us
1992-12-07T14:41:32.840Z,33.534,-118.406,0.144,2.94,ml,0,110.5,,0.153,ci,ci3082066,2016-02-10T05:37:35.709Z,"22km NNW of Avalon, California",earthquake,,0.97,,19,reviewed,ci,ci
1992-12-07T13:52:20.520Z,-5.768,146.111,109.2,4.6,mb,,,,1.3,us,usp0005hxx,2014-11-07T00:52:00.883Z,"63 km NNE of Kainantu, Papua New Guinea",earthquake,,9,,1,reviewed,us,us
1992-12-07T13:38:16.540Z,57.939,-142.548,10,2.5,ml,,,,,us,usp0005hxw,2020-09-14T19:50:49.171Z,"242 km SW of Yakutat, Alaska",earthquake,,,,,reviewed,aei,aei
1992-12-07T13:08:58.690Z,51.031,15.83,10,2.8,m,,,,1.1,us,usp0005hxv,2014-11-07T00:52:00.877Z,"4 km WNW of ?wierzawa, Poland",earthquake,,,,,reviewed,us,war
1992-12-07T11:30:49.600Z,38.84,-122.8238333,2.202,2.67,md,23,53,0.03964,0.04,nc,nc328033,2016-12-20T01:08:53.030Z,"8 km WNW of Cobb, California",earthquake,0.23,0.57,0.09,18,reviewed,nc,nc
1992-12-07T09:59:34.680Z,40.653,30.058,10,2.7,md,,,,0.4,us,usp0005hxt,2014-11-07T00:52:00.874Z,"8 km ESE of Yuvac?k, Turkey",earthquake,,,,,reviewed,us,isk
1992-12-07T09:53:44.690Z,-0.071,123.252,141,4.9,mb,,,,1.1,us,usp0005hxs,2014-11-07T00:52:00.872Z,"70 km SSE of Gorontalo, Indonesia",earthquake,,10.7,,3,reviewed,us,us
1992-12-07T09:07:48.240Z,51.376,-166.614,33,4.6,mb,,,,1.3,us,usp0005hxr,2014-11-07T00:52:00.868Z,"232 km SE of Nikolski, Alaska",earthquake,,,,8,reviewed,us,us
1992-12-07T09:07:39.350Z,50.3457,-166.0735,0,4.6,mb,,,,0.04,ak,ak992fpr76dr,2020-09-14T19:50:50.649Z,"south of the Aleutian Islands",earthquake,,52.8,,,reviewed,ak,ak
1992-12-07T07:58:57.230Z,34.362,-116.917,-0.576,3.03,mc,0,52.5,,0.141,ci,ci3082027,2016-02-10T19:46:30.125Z,"10km SSE of Lucerne Valley, California",earthquake,,0.454,,93,reviewed,ci,ci
1992-12-07T07:50:33.300Z,35.067,-116.992,2.608,3.83,ml,0,64.2,,0.198,ci,ci3082026,2016-02-10T02:02:16.136Z,"19km N of Barstow, California",earthquake,,0.346,,38,reviewed,ci,ci
1992-12-07T07:14:48.460Z,-32.335,-71.43,33,3.4,md,,,,0.4,us,usp0005hxh,2014-11-07T00:52:00.852Z,"22 km NW of La Ligua, Chile",earthquake,,,,,reviewed,us,san
1992-12-07T07:09:19.740Z,51.657,-173.372,33,4.7,mb,,,,1.1,us,usp0005hxg,2014-11-07T00:52:00.845Z,"82 km SE of Atka, Alaska",earthquake,,,,22,reviewed,us,us
1992-12-07T06:36:17.410Z,19.3468333,-155.4903333,4.093,2.96,ml,36,52,,0.09,hv,hv725518,2020-03-31T19:03:11.390Z,"15 km N of P?hala, Hawaii",earthquake,0.32,1.04,,5,reviewed,hv,hv
1992-12-07T05:59:51.140Z,56.439,-147.546,10,3.4,ml,,,,,us,usp0005hxe,2014-11-07T00:52:00.840Z,"Gulf of Alaska",earthquake,,,,,reviewed,aei,aei
1992-12-07T05:49:39.670Z,43.788,147.241,50.9,5,mb,,,,0.9,us,usp0005hxd,2014-11-07T00:52:00.825Z,"Kuril Islands",earthquake,,5.4,,62,reviewed,us,us
1992-12-07T05:20:41.540Z,39.306,28.356,10,2.7,md,,,,0.6,us,usp0005hxc,2014-11-07T00:52:00.824Z,"16 km ENE of S?nd?rg?, Turkey",earthquake,,,,,reviewed,us,isk
1992-12-07T04:45:08.270Z,1.874,97.605,33,4.6,mb,,,,1,us,usp0005hxb,2014-11-07T00:52:00.822Z,"50 km SSW of Singkil, Indonesia",earthquake,,,,2,reviewed,us,us
1992-12-07T04:42:32.840Z,34.358,-116.926,-1.575,2.76,mc,0,35.1,,0.186,ci,ci3081994,2016-02-10T16:09:28.432Z,"10km SSE of Lucerne Valley, California",earthquake,,0.364,,92,reviewed,ci,ci
1992-12-07T04:19:54.150Z,34.28,-116.698,9.753,2.65,mc,0,31.1,,0.145,ci,ci3081993,2016-02-10T19:46:27.611Z,"14km E of Big Bear City, California",earthquake,,0.393,,80,reviewed,ci,ci
1992-12-07T04:06:47.350Z,-23.896,-66.688,209.6,5.1,mb,,,,1.2,us,usp0005hxa,2014-11-07T00:52:00.812Z,"51 km NW of San Antonio de los Cobres, Argentina",earthquake,,4.1,,25,reviewed,us,us
1992-12-07T03:35:11.860Z,50.421,18.805,10,3.1,ml,,,,1.1,us,usp0005hx9,2014-11-07T00:52:00.809Z,"3 km E of Zbros?awice, Poland",earthquake,,,,,reviewed,us,war
1992-12-07T03:33:31.470Z,34.362,-116.924,-0.571,4.03,ml,0,30.5,,0.154,ci,ci3081990,2016-02-10T05:37:27.060Z,"10km SSE of Lucerne Valley, California",earthquake,,0.309,,34,reviewed,ci,ci
1992-12-07T03:31:02.160Z,34.363,-116.929,-0.811,3.1,ml,0,51.9,,0.142,ci,ci3081989,2016-02-10T09:14:41.962Z,"10km SSE of Lucerne Valley, California",earthquake,,0.447,,33,reviewed,ci,ci
1992-12-07T02:11:42.390Z,43.949,147.145,45.2,6,mw,,,,1,us,usp0005hx6,2022-04-28T18:25:18.801Z,"37 km ENE of Shikotan, Russia",earthquake,,,,,reviewed,us,hrv
1992-12-07T01:58:42.380Z,62.2225,-150.8843,67.4,2.6,ml,,,,0.25,ak,ak992fpmqnam,2020-09-14T19:50:52.612Z,"31 km SSW of Petersville, Alaska",earthquake,,1.5,,,reviewed,ak,ak
1992-12-07T01:41:55.940Z,37.55,27.601,10,3,md,,,,0.2,us,usp0005hx4,2014-11-07T00:52:00.699Z,"20 km W of Karpuzlu, Turkey",earthquake,,,,,reviewed,us,isk
1992-12-07T01:14:27.600Z,7.117,-76.686,33,4.3,mb,,,,1.5,us,usp0005hx2,2014-11-07T00:52:00.695Z,"21 km NE of Murindó, Colombia",earthquake,,,,2,reviewed,us,us
1992-12-07T00:49:23.580Z,34.378,-116.902,1.689,3.21,ml,0,32.4,,0.167,ci,ci3081964,2016-02-10T23:27:29.968Z,"10km SE of Lucerne Valley, California",earthquake,,0.177,,34,reviewed,ci,ci
1992-12-07T00:28:03.010Z,-31.576,-72.281,67.8,4.3,md,,,,1,us,usp0005hx0,2014-11-07T00:52:00.690Z,"105 km W of Illapel, Chile",earthquake,,28,,,reviewed,us,san
1992-12-07T00:17:37.840Z,34.609,-116.645,4.44,2.55,mc,0,58.5,,0.166,ci,ci3081962,2016-02-10T02:02:09.777Z,"35km ENE of Lucerne Valley, California",earthquake,,0.669,,74,reviewed,ci,ci
1992-12-06T23:45:05.360Z,32.962,136.224,434.3,4.5,mb,,,,0.7,us,usp0005hwz,2014-11-07T00:52:00.686Z,"88 km SSE of Shing?, Japan",earthquake,,8.8,,19,reviewed,us,us
1992-12-06T22:35:41.920Z,34.354,-116.896,-1.585,2.63,mc,0,29,,0.175,ci,ci3081953,2016-02-10T02:02:07.239Z,"11km NNW of Big Bear City, California",earthquake,,0.34,,90,reviewed,ci,ci
1992-12-06T22:23:17.170Z,-4.842,103.312,102.7,5.1,mb,,,,0.9,us,usp0005hwy,2014-11-07T00:52:00.680Z,"90 km S of Pagar Alam, Indonesia",earthquake,,12.5,,26,reviewed,us,us
1992-12-06T21:23:38.160Z,-31.392,-69.565,150,3.9,md,,,,0.9,us,usp0005hwx,2014-11-07T00:52:00.655Z,"15 km WSW of Calingasta, Argentina",earthquake,,22.2,,,reviewed,us,san
1992-12-06T19:58:38.700Z,38.698,26.577,10,3.2,md,,,,0.6,us,usp0005hww,2014-11-07T00:52:00.653Z,"9 km NE of Karaburun, Turkey",earthquake,,,,,reviewed,us,isk
1992-12-06T18:45:37.480Z,47.355,6.97,10,2.9,ml,,,,0.4,us,usp0005hwu,2014-11-07T00:52:00.646Z,"France",earthquake,,,,,reviewed,us,ldg
1992-12-06T18:42:58.210Z,34.939,-116.788,0.296,2.58,mc,0,75.1,,0.211,ci,ci3081929,2016-02-10T09:14:34.486Z,"22km ENE of Barstow, California",earthquake,,0.634,,73,reviewed,ci,ci
1992-12-06T18:26:48.420Z,41.7,19.427,10,3,ml,,,,0.7,us,usp0005hwt,2014-11-07T00:52:00.642Z,"18 km SW of Shëngjin, Albania",earthquake,,,,,reviewed,us,tir
1992-12-06T18:10:54.890Z,-23.871,-176.404,171,5,mb,,,,0.9,us,usp0005hws,2014-11-07T00:52:00.639Z,"south of the Fiji Islands",earthquake,,27.9,,3,reviewed,us,us
1992-12-06T16:31:23.430Z,-18.021,-178.007,580.2,4.7,mb,,,,0.9,us,usp0005hwq,2014-11-07T00:52:00.632Z,"283 km E of Levuka, Fiji",earthquake,,36.7,,8,reviewed,us,us
1992-12-06T16:26:20.490Z,38.109,27.084,10,3.4,md,,,,0.9,us,usp0005hwp,2014-11-07T00:52:00.630Z,"11 km NNW of Özdere, Turkey",earthquake,,,,,reviewed,us,isk
1992-12-06T15:34:29.010Z,-31.985,-68.484,141.3,4,md,,,,1,us,usp0005hwn,2014-11-07T00:52:00.627Z,"34 km SSE of Pocito, Argentina",earthquake,,22.3,,,reviewed,us,san
1992-12-06T15:16:43.430Z,32.33,-115.204,6.004,3.08,mc,0,225,0.3704,0.405,ci,ci3082000,2016-02-10T02:01:59.977Z,"3km SSW of Delta, B.C., MX",earthquake,,,,31,reviewed,ci,ci
1992-12-06T14:52:21.380Z,-10.435,123.948,32,4.6,mb,,,,1,us,usp0005hwm,2014-11-07T00:52:00.625Z,"47 km SE of Kupang, Indonesia",earthquake,,8.7,,5,reviewed,us,us
1992-12-06T14:32:39.980Z,37.721,22.157,10,3.9,mb,,,,1.4,us,usp0005hwk,2014-11-07T00:52:00.620Z,"12 km ENE of Langádhia, Greece",earthquake,,,,3,reviewed,us,us
1992-12-06T12:32:47.700Z,40.196,28.787,10,2.6,md,,,,1,us,usp0005hwg,2014-11-07T00:52:00.614Z,"21 km SSW of Mudanya, Turkey",earthquake,,,,,reviewed,us,isk
1992-12-06T12:08:11.780Z,59.9537,-153.3922,127.6,2.6,ml,,,,0.15,ak,ak992fo5gaai,2020-09-14T19:50:54.365Z,"44 km ENE of Pedro Bay, Alaska",earthquake,,1.6,,,reviewed,ak,ak
1992-12-06T11:54:27.880Z,39.073,27.606,10,2.7,md,,,,0.6,us,usp0005hwd,2014-11-07T00:52:00.603Z,"6 km SW of K?rka?aç, Turkey",earthquake,,,,,reviewed,us,isk
1992-12-06T11:49:52.700Z,18.485,-104.408,33,4.1,mb,,,,1.1,us,usp0005hwc,2014-11-07T00:52:00.596Z,"59 km SW of Cuyutlán, Mexico",earthquake,,,,6,reviewed,us,us
1992-12-06T10:58:43.350Z,46.943,8.302,10,2.7,ml,,,,0.9,us,usp0005hwb,2014-11-07T00:52:00.591Z,"2 km E of Alpnach, Switzerland",earthquake,,,,,reviewed,us,ldg
1992-12-06T10:57:59.900Z,-21.048,-68.602,136,3.9,mb,,,,1.2,us,usp0005hwa,2014-11-07T00:52:00.588Z,"159 km NNE of Calama, Chile",earthquake,,15.8,,1,reviewed,us,us
1992-12-06T09:34:39.210Z,36.459,-120.1886667,16.364,2.58,md,27,138,0.03243,0.07,nc,nc327966,2016-12-20T01:06:13.860Z,"12 km ESE of Cantua Creek, California",earthquake,0.32,0.22,0.16,76,reviewed,nc,nc
1992-12-06T08:55:46.480Z,39.087,27.627,10,2.8,md,,,,0.4,us,usp0005hw7,2014-11-07T00:52:00.580Z,"4 km WSW of K?rka?aç, Turkey",earthquake,,,,,reviewed,us,isk
1992-12-06T08:49:03.410Z,63.3843,-151.3073,11,2.6,ml,,,,0.22,ak,ak992fo3bbl1,2020-09-14T19:50:56.367Z,"27 km SE of Denali National Park, Alaska",earthquake,,1.1,,,reviewed,ak,ak
1992-12-06T07:01:51.410Z,35.598,-118.325,6.395,2.5,mc,0,42.3,0.09935,0.156,ci,ci3081847,2016-02-10T12:41:58.680Z,"14km E of Lake Isabella, California",earthquake,,1.83,,54,reviewed,ci,ci
1992-12-06T06:56:52.850Z,39.743,143.584,27.7,5.1,mb,,,,1.1,us,usp0005hw3,2014-11-07T00:52:00.548Z,"141 km E of Miyako, Japan",earthquake,,,,59,reviewed,us,us
1992-12-06T06:33:00.480Z,6.138,-82.707,10,3.4,mb,,,,0.5,us,usp0005hw2,2014-11-07T00:52:00.546Z,"210 km S of Punta de Burica, Panama",earthquake,,,,1,reviewed,us,us
1992-12-06T05:59:53.560Z,34.367,-116.882,1.785,2.53,mc,0,33.8,,0.162,ci,ci3081838,2016-02-10T05:37:00.566Z,"12km SE of Lucerne Valley, California",earthquake,,0.17,,81,reviewed,ci,ci
1992-12-06T05:58:10.150Z,-3.509,145.476,33,5,mb,,,,1.4,us,usp0005hw1,2014-11-07T00:52:00.543Z,"168 km ENE of Angoram, Papua New Guinea",earthquake,,,,3,reviewed,us,us
1992-12-06T05:40:19.300Z,47.469,-128.865,10,3,mb,,,,,us,usp0005hw0,2014-11-07T00:52:00.541Z,"off the coast of Washington",earthquake,,,,1,reviewed,pgc,us
1992-12-06T05:39:22.150Z,31.442,-66.108,10,3.9,mblg,,,,1.4,us,usp0005hvz,2014-11-07T00:52:00.536Z,"157 km SW of Hamilton, Bermuda",earthquake,,,,,reviewed,us,gs$
1992-12-06T05:36:54.390Z,58.5387,-153.705,70.1,2.9,ml,,,,0.13,ak,ak992fo1gce7,2020-09-14T19:50:56.737Z,"70 km NW of Aleneva, Alaska",earthquake,,4.1,,,reviewed,ak,ak
1992-12-06T03:49:10.320Z,46.2015,-122.1886667,-0.771,2.5,md,42,49,0.003391,0.21,uw,uw10302038,2016-07-23T23:07:42.120Z,"38 km NNE of Amboy, Washington",earthquake,0.355,0.27,0.08,14,reviewed,uw,uw
1992-12-06T03:44:29.900Z,37.81,72.185,127.5,5.5,mb,,,,0.8,us,usp0005hvv,2022-04-28T18:25:12.829Z,"66 km ENE of Khorugh, Tajikistan",earthquake,,,,114,reviewed,us,us
1992-12-06T03:39:35.610Z,34.352,-116.884,-0.795,2.64,mc,0,28.7,,0.167,ci,ci3081816,2016-02-09T22:23:04.113Z,"11km NNW of Big Bear City, California",earthquake,,0.263,,91,reviewed,ci,ci
1992-12-06T02:42:38.010Z,34.157,-116.425,7.607,2.5,mc,0,78.8,,0.167,ci,ci3081976,2016-02-10T19:46:10.626Z,"5km N of Yucca Valley, California",earthquake,,3.015,,66,reviewed,ci,ci
1992-12-06T02:40:50.800Z,34.148,-116.428,4.307,3.23,ml,0,40.5,,0.157,ci,ci3081812,2016-02-10T05:36:53.041Z,"4km N of Yucca Valley, California",earthquake,,0.563,,35,reviewed,ci,ci
1992-12-06T01:43:53.020Z,10.865,57.291,10,5.7,mw,,,,1.4,us,usp0005hvt,2022-04-28T18:25:11.118Z,"Carlsberg Ridge",earthquake,,,,,reviewed,us,hrv
1992-12-06T01:02:52.920Z,15.998,-60.659,25.1,3.2,ml,,,,0.3,us,usp0005hvs,2014-11-07T00:52:00.424Z,"55 km SE of Beauséjour, Guadeloupe",earthquake,,8.2,,,reviewed,us,fdf
1992-12-06T00:40:34.480Z,1.808,-75.39,18.1,4.9,mb,,,,1,us,usp0005hvr,2020-08-29T01:58:50.247Z,"18 km NW of El Doncello, Colombia",earthquake,,,,25,reviewed,us,us
1992-12-05T23:18:49.870Z,-41.973,171.646,15.9,4.3,ml,,,,0.9,us,usp0005hvq,2014-11-07T00:52:00.396Z,"24 km S of Westport, New Zealand",earthquake,,6.3,,,reviewed,us,wel
1992-12-05T22:50:08.840Z,-19.215,167.804,10,4.8,mb,,,,1,us,usp0005hvp,2014-11-07T00:52:00.383Z,"159 km WNW of Isangel, Vanuatu",earthquake,,,,11,reviewed,us,us
1992-12-05T22:04:06.040Z,34.359,-116.904,-1.635,2.58,mc,0,34.3,,0.204,ci,ci3081778,2016-02-10T19:46:08.134Z,"11km SSE of Lucerne Valley, California",earthquake,,0.384,,80,reviewed,ci,ci
1992-12-05T21:59:56.250Z,38.033,27.014,10,3.2,md,,,,1.5,us,usp0005hvm,2014-11-07T00:52:00.377Z,"10 km W of Özdere, Turkey",earthquake,,,,,reviewed,us,isk
1992-12-05T21:46:27.270Z,38.007,27.115,10,3.1,md,,,,0.8,us,usp0005hvk,2014-11-07T00:52:00.375Z,"1 km SW of Özdere, Turkey",earthquake,,,,,reviewed,us,isk
1992-12-05T21:30:57.880Z,34.366,-116.923,-1.326,2.84,mc,0,53,,0.127,ci,ci3081973,2016-02-10T09:14:09.767Z,"10km SSE of Lucerne Valley, California",earthquake,,0.554,,87,reviewed,ci,ci
1992-12-05T21:14:55.120Z,62.1568,-149.339,42.5,3.5,ml,,,,0.26,ak,ak992fmnb7vs,2020-09-14T19:50:57.830Z,"26 km E of Susitna North, Alaska",earthquake,,2,,,reviewed,ak,ak
1992-12-05T20:02:26.480Z,37.906,27.01,10,3.1,md,,,,0.3,us,usp0005hvh,2014-11-07T00:52:00.357Z,"16 km SW of Özdere, Turkey",earthquake,,,,,reviewed,us,isk
1992-12-05T19:56:48.700Z,40.016,29.43,10,2.6,md,,,,0.8,us,usp0005hvg,2014-11-07T00:52:00.355Z,"6 km SSW of Cerrah, Turkey",earthquake,,,,,reviewed,us,isk
1992-12-05T19:04:34.740Z,38.051,27.001,10,3.3,md,,,,0.4,us,usp0005hvf,2014-11-07T00:52:00.352Z,"11 km WNW of Özdere, Turkey",earthquake,,,,,reviewed,us,isk
1992-12-05T18:42:58.630Z,34.012,-116.311,2.695,2.8,mc,0,41.1,,0.23,ci,ci3081749,2016-02-10T02:01:47.858Z,"14km S of Joshua Tree, California",earthquake,,0.19,,65,reviewed,ci,ci
1992-12-05T18:28:16.280Z,35.059,-116.99,2.568,3.35,ml,0,62.8,,0.191,ci,ci3081748,2016-02-10T09:14:04.658Z,"18km N of Barstow, California",earthquake,,0.341,,33,reviewed,ci,ci
1992-12-05T18:10:38.760Z,41.76,17.823,10,3.8,ml,,,,1.1,us,usp0005hvc,2014-11-07T00:52:00.324Z,"96 km SW of Igalo, Montenegro",earthquake,,,,,reviewed,us,ttg
1992-12-05T18:08:24.600Z,34.349,-116.883,-1.645,2.7,mc,0,32.1,,0.207,ci,ci3081747,2016-02-10T16:08:58.335Z,"10km NNW of Big Bear City, California",earthquake,,0.311,,91,reviewed,ci,ci
1992-12-05T17:29:12.610Z,-16.254,168.048,196.7,4.8,mb,,,,0.9,us,usp0005hvb,2014-11-07T00:52:00.305Z,"69 km ESE of Lakatoro, Vanuatu",earthquake,,6.4,,14,reviewed,us,us
1992-12-05T17:00:04.390Z,36.553,138.998,153.5,3.9,mb,,,,1.1,us,usp0005hva,2014-11-07T00:52:00.300Z,"7 km N of Shibukawa, Japan",earthquake,,6.9,,2,reviewed,us,us
1992-12-05T16:31:13.770Z,42.878,146.058,33,4.2,mb,,,,0.8,us,usp0005hv9,2014-11-07T00:52:00.295Z,"63 km SE of Nemuro, Japan",earthquake,,,,2,reviewed,us,us
1992-12-05T16:28:13.860Z,16.75,-61.192,33,3.9,ml,,,,0.9,us,usp0005hv8,2014-11-07T00:52:00.269Z,"45 km NE of Anse-Bertrand, Guadeloupe",earthquake,,,,,reviewed,us,fdf
1992-12-05T14:37:22.380Z,-9.768,159.73,34.8,5.1,mb,,,,0.9,us,usp0005hv6,2014-11-07T00:52:00.214Z,"8 km S of Malango, Solomon Islands",earthquake,,9.9,,23,reviewed,us,us
1992-12-05T13:27:33.150Z,38.58,141.559,128.5,4.7,mb,,,,0.8,us,usp0005hv5,2014-11-07T00:52:00.209Z,"28 km NE of Ishinomaki, Japan",earthquake,,4.8,,3,reviewed,us,us
1992-12-05T12:31:48.210Z,40.064,29.4,10,2.7,md,,,,0.4,us,usp0005hv4,2014-11-07T00:52:00.207Z,"3 km SW of Yenice, Turkey",earthquake,,,,,reviewed,us,isk
1992-12-05T09:43:21.050Z,52.64,178.317,100,3.9,mb,,,,1.2,us,usp0005huz,2014-11-07T00:52:00.187Z,"Rat Islands, Aleutian Islands, Alaska",earthquake,,,,5,reviewed,us,us
1992-12-05T08:39:12.210Z,34.363,-116.524,7.646,2.5,mc,0,86,,0.139,ci,ci3081678,2016-02-10T12:41:33.269Z,"29km NNW of Yucca Valley, California",earthquake,,1.542,,76,reviewed,ci,ci
1992-12-05T08:05:15.940Z,41.613,20.181,10,2.5,ml,,,,0.6,us,usp0005huw,2014-11-07T00:52:00.178Z,"13 km NNW of Bulqizë, Albania",earthquake,,,,,reviewed,us,tir
1992-12-05T07:01:25.430Z,39.3488333,-111.1475,3.39,2.65,md,15,87,0.05515,0.28,uu,uu50069590,2018-08-28T04:44:42.090Z,"15 km NNW of Orangeville, Utah",earthquake,0.68,2.09,,5,reviewed,uu,uu
1992-12-05T06:54:29.240Z,33.536,-118.403,1.214,2.57,mc,0,117.9,,0.122,ci,ci3081668,2016-02-10T23:26:44.841Z,"23km NNW of Avalon, California",earthquake,,1.155,,61,reviewed,ci,ci
1992-12-05T06:41:38.560Z,19.023,145.293,260.1,4.6,mb,,,,1,us,usp0005huu,2014-11-07T00:52:00.159Z,"Maug Islands region, Northern Mariana Islands",earthquake,,,,18,reviewed,us,us
1992-12-05T06:35:37.220Z,38.293,27.155,10,3.7,md,,,,1.4,us,usp0005hut,2014-11-07T00:52:00.154Z,"5 km NNE of Menderes, Turkey",earthquake,,,,,reviewed,us,isk
1992-12-05T06:28:03.870Z,-9.651,121.829,33,4.1,mb,,,,1.3,us,usp0005hus,2014-11-07T00:52:00.151Z,"91 km SSE of Ende, Indonesia",earthquake,,,,1,reviewed,us,us
1992-12-05T06:26:17.640Z,38.088,26.997,10,4.2,mb,,,,1,us,usp0005hur,2014-11-07T00:52:00.140Z,"14 km NW of Özdere, Turkey",earthquake,,,,3,reviewed,us,us
1992-12-05T06:14:41.350Z,34.363,-116.923,-1.671,2.99,mc,0,30.6,,0.193,ci,ci3081661,2016-02-10T12:41:31.877Z,"10km SSE of Lucerne Valley, California",earthquake,,0.283,,95,reviewed,ci,ci
1992-12-05T05:58:59.380Z,38.147,72.712,33,4.4,mb,,,,0.7,us,usp0005hup,2014-11-07T00:52:00.134Z,"109 km W of Murghob, Tajikistan",earthquake,,,,5,reviewed,us,us
1992-12-05T05:52:18.390Z,19.331,120.985,21.5,4.7,mb,,,,1.3,us,usp0005hun,2014-11-07T00:52:00.127Z,"80 km N of Claveria, Philippines",earthquake,,8.7,,5,reviewed,us,us
1992-12-05T05:46:12.810Z,19.365,120.895,33,4.6,mb,,,,1.5,us,usp0005hum,2014-11-07T00:52:00.121Z,"86 km NNW of Claveria, Philippines",earthquake,,,,6,reviewed,us,us
1992-12-05T05:20:35.590Z,34.363,-116.922,1.419,3.09,ml,0,56.9,,0.144,ci,ci3081659,2016-02-10T12:41:30.459Z,"10km SSE of Lucerne Valley, California",earthquake,,0.255,,42,reviewed,ci,ci
1992-12-05T04:57:01.420Z,34.365,-116.928,-1.635,2.75,mc,0,52,,0.213,ci,ci3081653,2016-02-10T02:01:37.464Z,"10km SSE of Lucerne Valley, California",earthquake,,0.309,,89,reviewed,ci,ci
1992-12-05T02:52:57.060Z,36.4621667,-120.1876667,17.264,3.77,md,59,90,0.03604,0.14,nc,nc327883,2016-12-20T01:02:48.550Z,"12 km ESE of Cantua Creek, California",earthquake,0.27,0.3,0.1,231,reviewed,nc,nc
1992-12-05T02:26:49.000Z,-8.391,119.894,40.8,5,mb,,,,1.3,us,usp0005hud,2014-11-07T00:52:00.091Z,"11 km N of Labuan Bajo, Indonesia",earthquake,,17.9,,7,reviewed,us,us
1992-12-05T02:13:15.330Z,43.005,-0.333,10,2.5,ml,,,,0.6,us,usp0005hub,2014-11-07T00:52:00.083Z,"7 km ENE of Laruns, France",earthquake,,,,,reviewed,us,ldg
1992-12-04T23:59:12.140Z,34.356,-116.898,-1.575,2.71,mc,0,53.4,,0.166,ci,ci3081624,2016-02-10T23:26:39.893Z,"12km NNW of Big Bear City, California",earthquake,,0.354,,84,reviewed,ci,ci
1992-12-04T23:58:07.430Z,-21.42,-68.468,117.8,5,mb,,,,1.3,us,usp0005hu7,2014-11-07T00:52:00.027Z,"124 km NNE of Calama, Chile",earthquake,,,,28,reviewed,us,us
1992-12-04T23:15:38.750Z,0.333,125.341,33,4.7,mb,,,,0.5,us,usp0005hu5,2014-11-07T00:52:00.021Z,"117 km SSE of Tondano, Indonesia",earthquake,,,,2,reviewed,us,us
1992-12-04T22:09:01.440Z,35.371,-118.631,2.045,2.53,mc,0,75.8,0.1281,0.238,ci,ci3081608,2016-02-10T12:41:22.635Z,"25km NE of Arvin, California",earthquake,,0.273,,58,reviewed,ci,ci
1992-12-04T21:52:43.100Z,34.35,-116.886,-0.555,2.55,mc,0,32.5,,0.172,ci,ci3081606,2016-02-10T23:26:38.437Z,"11km NNW of Big Bear City, California",earthquake,,0.233,,78,reviewed,ci,ci
1992-12-04T21:45:46.570Z,-41.913,171.639,31.4,4.4,ml,,,,0.6,us,usp0005hu4,2014-11-07T00:52:00.016Z,"18 km S of Westport, New Zealand",earthquake,,4.8,,,reviewed,us,wel
1992-12-04T20:54:22.080Z,44.345,7.263,10,2.8,ml,,,,0.2,us,usp0005hu3,2014-11-07T00:52:00.012Z,"4 km NW of Demonte, Italy",earthquake,,,,,reviewed,us,ldg
1992-12-04T20:51:36.360Z,34.114,-116.994,3.383,2.59,ml,0,34,,0.18,ci,ci3081596,2016-02-10T02:01:28.122Z,"10km NNE of Yucaipa, California",earthquake,,0.112,,3,reviewed,ci,ci
1992-12-04T20:38:43.370Z,1.051,126.027,54.6,5.4,mw,,,,1.3,us,usp0005hu2,2022-04-28T18:25:09.524Z,"126 km ESE of Laikit, Laikit II (Dimembe), Indonesia",earthquake,,7.6,,,reviewed,us,hrv
1992-12-04T19:48:05.850Z,-19.517,-173.619,33,5.3,mb,,,,1.1,us,usp0005hu0,2014-11-07T00:51:59.934Z,"83 km ENE of Pangai, Tonga",earthquake,,,,16,reviewed,us,us
1992-12-04T19:11:29.230Z,43.044,17.559,10,4.3,mb,,,,1.4,us,usp0005htz,2014-11-07T00:51:59.882Z,"1 km E of Komin, Croatia",earthquake,,,,4,reviewed,us,us
1992-12-04T18:46:28.370Z,35.525,-117.43,6.787,2.63,mc,0,114,0.05372,0.167,ci,ci3081581,2016-02-10T12:41:19.852Z,"25km ESE of Ridgecrest, California",earthquake,,1.638,,55,reviewed,ci,ci
1992-12-04T18:18:26.010Z,-31.696,-71.493,75.7,4.5,md,,,,1.1,us,usp0005hty,2014-11-07T00:51:59.873Z,"31 km WSW of Illapel, Chile",earthquake,,30.5,,,reviewed,us,san
1992-12-04T18:15:54.730Z,36.444,-114.021,5,3.4,ml,,,,1.2,us,usp0005htx,2014-11-07T00:51:59.867Z,"37 km SSE of Bunkerville, Nevada",earthquake,,,,,reviewed,us,gs$
1992-12-04T18:00:36.550Z,34.379,-116.929,1.159,2.88,ml,0,31.6,,0.174,ci,ci3081577,2016-02-10T19:45:47.459Z,"8km SSE of Lucerne Valley, California",earthquake,,0.228,,24,reviewed,ci,ci
1992-12-04T17:08:03.130Z,44.608,-110.259,4.33,2.74,md,11,127,0.06208,0.3,uu,uu50069570,2018-08-28T04:44:40.110Z,"49 km SSW of Silver Gate, Montana",earthquake,0.76,1.54,,4,reviewed,uu,uu
1992-12-04T16:20:29.900Z,34.363,-116.922,-1.671,2.82,ml,0,30.6,,0.193,ci,ci3081561,2016-02-09T22:22:30.030Z,"10km SSE of Lucerne Valley, California",earthquake,,0.306,,29,reviewed,ci,ci
1992-12-04T16:12:06.030Z,-24.676,-68.073,120.3,4.4,mb,,,,1.4,us,usp0005htt,2014-11-07T00:51:59.835Z,"167 km NNW of Antofagasta de la Sierra, Argentina",earthquake,,7.5,,2,reviewed,us,us
1992-12-04T15:02:53.020Z,29.518,31.33,10,3.6,md,,,,1.2,us,usp0005hts,2014-11-07T00:51:59.832Z,"7 km SE of A? ?aff, Egypt",earthquake,,,,,reviewed,us,ryd
1992-12-04T14:00:30.710Z,36.165,139.884,72.8,4.7,mb,,,,1.3,us,usp0005htr,2014-11-07T00:51:59.821Z,"9 km NW of Ishige, Japan",earthquake,,5.9,,8,reviewed,us,us
1992-12-04T13:01:31.430Z,-41.995,171.715,18.1,3.9,ml,,,,0.7,us,usp0005htp,2014-11-07T00:51:59.813Z,"28 km SSE of Westport, New Zealand",earthquake,,4.5,,,reviewed,us,wel
1992-12-04T12:59:42.110Z,34.361,-116.914,-0.981,4.24,ml,0,30.7,,0.205,ci,ci3081531,2016-02-09T22:22:18.395Z,"10km SSE of Lucerne Valley, California",earthquake,,0.234,,45,reviewed,ci,ci
1992-12-04T12:45:37.320Z,27.987,99.95,10,4.6,mb,,,,1.4,us,usp0005htm,2014-11-07T00:51:59.791Z,"29 km NE of Shangri-La, China",earthquake,,,,5,reviewed,us,us
1992-12-04T12:38:13.500Z,-44.227,168.025,33,4,ml,,,,0.8,us,usp0005htk,2014-11-07T00:51:59.786Z,"100 km NW of Arrowtown, New Zealand",earthquake,,,,,reviewed,us,wel
1992-12-04T11:36:36.200Z,37.814,72.194,120.1,5.8,mw,,,,0.9,us,usp0005htj,2022-04-28T18:25:03.421Z,"67 km ENE of Khorugh, Tajikistan",earthquake,,,,,reviewed,us,hrv
1992-12-04T11:12:14.230Z,37.4965,-118.8661667,4.269,2.55,md,32,118,0.0991,0.06,nc,nc327832,2016-12-20T01:01:31.590Z,"14 km WSW of Aspen Springs, California",earthquake,0.25,0.85,0.3,39,reviewed,nc,nc
1992-12-04T11:07:15.320Z,34.635,-116.507,2.36,2.55,mc,0,74.8,,0.155,ci,ci3081517,2016-02-10T02:01:17.617Z,"33km WSW of Ludlow, California",earthquake,,0.614,,64,reviewed,ci,ci
1992-12-04T11:02:08.350Z,34.363,-116.927,1.579,2.66,mc,0,53.1,,0.132,ci,ci3081516,2016-02-10T19:45:37.104Z,"10km SSE of Lucerne Valley, California",earthquake,,0.26,,77,reviewed,ci,ci
1992-12-04T10:49:14.490Z,46.41,1.82,9.3,2.9,ml,,,,0.3,us,usp0005hth,2014-11-07T00:51:59.635Z,"2 km SSW of Aigurande, France",earthquake,,3.8,,,reviewed,us,ldg
1992-12-04T08:21:30.620Z,41.815,140.109,178.4,4.8,mb,,,,1,us,usp0005htg,2014-11-07T00:51:59.588Z,"44 km W of Kamiiso, Japan",earthquake,,3.4,,60,reviewed,us,us
1992-12-04T08:19:18.170Z,-19.654,-177.923,445.5,5,mb,,,,1,us,usp0005htf,2014-11-07T00:51:59.568Z,"Fiji region",earthquake,,,,12,reviewed,us,us
1992-12-04T07:33:32.440Z,34.36,-116.925,-0.171,2.63,ml,0,51.9,,0.174,ci,ci3081478,2016-02-10T02:01:10.924Z,"10km SSE of Lucerne Valley, California",earthquake,,0.244,,3,reviewed,ci,ci
1992-12-04T05:55:17.380Z,34.361,-116.92,-0.471,2.94,ml,0,52.3,,0.156,ci,ci3081471,2016-02-10T16:08:22.200Z,"10km SSE of Lucerne Valley, California",earthquake,,0.347,,28,reviewed,ci,ci
1992-12-04T05:36:16.500Z,48.355,153.331,110.9,5.1,mw,,,,0.8,us,usp0005htb,2025-12-19T22:55:35.011Z,"Kuril Islands",earthquake,,,,,reviewed,us,hrv
1992-12-04T05:25:11.210Z,34.377,-116.918,1.011,4.66,ml,0,31.8,,0.211,ci,ci3081464,2016-02-10T02:01:09.590Z,"9km SSE of Lucerne Valley, California",earthquake,,0.461,,18,reviewed,ci,ci
1992-12-04T05:25:07.440Z,34.373,-116.912,1.985,4.61,mc,0,54.2,,0.141,ci,ci3081485,2016-02-10T02:01:07.973Z,"9km SSE of Lucerne Valley, California",earthquake,,0.269,,116,reviewed,ci,ci
1992-12-04T04:53:19.140Z,34.366,-116.914,-0.291,2.51,mc,0,53.7,,0.171,ci,ci3081457,2016-02-10T12:41:11.017Z,"10km SSE of Lucerne Valley, California",earthquake,,0.349,,73,reviewed,ci,ci
1992-12-04T04:48:05.540Z,34.61,-116.64,4.48,2.51,mc,0,63.9,,0.17,ci,ci3081456,2016-02-10T02:01:05.262Z,"35km ENE of Lucerne Valley, California",earthquake,,0.893,,47,reviewed,ci,ci
1992-12-04T04:38:42.810Z,34.968,-116.94,4.048,2.71,mc,0,62,,0.175,ci,ci3081454,2016-02-10T19:45:30.641Z,"11km NE of Barstow, California",earthquake,,0.409,,77,reviewed,ci,ci
1992-12-04T04:35:09.380Z,34.355,-116.898,-0.705,2.82,mc,0,52.9,,0.163,ci,ci3081453,2016-02-10T23:26:13.709Z,"12km NNW of Big Bear City, California",earthquake,,0.416,,89,reviewed,ci,ci
1992-12-04T04:29:27.500Z,34.356,-116.91,-1.351,2.5,ml,0,51.6,,0.189,ci,ci3081452,2016-02-09T22:22:08.451Z,"11km SSE of Lucerne Valley, California",earthquake,,0.471,,3,reviewed,ci,ci
1992-12-04T03:25:41.780Z,34.372,-116.908,-0.085,3.08,ml,0,35.6,,0.149,ci,ci3081425,2016-02-10T23:26:09.658Z,"10km SE of Lucerne Valley, California",earthquake,,0.246,,36,reviewed,ci,ci
1992-12-04T03:14:38.330Z,34.363,-116.924,0.119,2.87,ml,0,52.1,,0.14,ci,ci3081469,2016-02-10T19:45:28.027Z,"10km SSE of Lucerne Valley, California",earthquake,,0.269,,4,reviewed,ci,ci
1992-12-04T03:13:33.160Z,34.363,-116.918,1.459,2.5,mc,0,63,0.07638,0.167,ci,ci3081468,2016-02-10T12:41:08.407Z,"10km SSE of Lucerne Valley, California",earthquake,,0.41,,56,reviewed,ci,ci
1992-12-04T03:12:29.200Z,34.359,-116.913,-0.441,2.95,ml,0,52.6,,0.147,ci,ci3081467,2016-02-10T16:08:19.574Z,"11km SSE of Lucerne Valley, California",earthquake,,0.393,,31,reviewed,ci,ci
1992-12-04T02:35:13.210Z,34.361,-116.909,-0.115,2.51,mc,0,58.2,,0.183,ci,ci3081415,2016-02-10T23:26:08.166Z,"11km SSE of Lucerne Valley, California",earthquake,,0.467,,28,reviewed,ci,ci
1992-12-04T02:34:58.550Z,33.551,-116.53,19.586,2.68,mc,0,102.2,,0.164,ci,ci3081439,2016-02-10T16:08:18.173Z,"13km E of Anza, California",earthquake,,3.472,,14,reviewed,ci,ci
1992-12-04T02:30:46.410Z,34.354,-116.918,-0.801,2.55,mc,0,51.9,,0.131,ci,ci3081413,2016-02-10T16:08:16.938Z,"11km SSE of Lucerne Valley, California",earthquake,,0.579,,37,reviewed,ci,ci
1992-12-04T02:19:11.610Z,34.371,-116.918,-0.171,3,mc,0,53,,0.165,ci,ci3081411,2016-02-10T12:41:02.045Z,"9km SSE of Lucerne Valley, California",earthquake,,0.322,,78,reviewed,ci,ci
1992-12-04T02:15:39.060Z,34.363,-116.911,1.795,2.67,mc,0,128.4,,0.143,ci,ci3081408,2016-02-09T22:22:03.990Z,"10km SSE of Lucerne Valley, California",earthquake,,0.461,,63,reviewed,ci,ci
1992-12-04T02:13:48.520Z,34.36,-116.922,-0.711,3.05,ml,0,52.1,,0.145,ci,ci3081406,2016-02-10T23:26:06.531Z,"10km SSE of Lucerne Valley, California",earthquake,,0.574,,33,reviewed,ci,ci
1992-12-04T02:13:46.050Z,34.361,-116.899,2.715,3.29,mc,0,110.5,,0.114,ci,ci3081434,2016-02-10T16:08:15.788Z,"11km SE of Lucerne Valley, California",earthquake,,0.443,,78,reviewed,ci,ci
1992-12-04T02:12:16.790Z,40.608,28.91,10,2.6,md,,,,0.1,us,usp0005ht3,2014-11-07T00:51:59.489Z,"10 km WSW of Kocadere, Turkey",earthquake,,,,,reviewed,us,isk
1992-12-04T02:08:57.500Z,34.369,-116.898,1.325,5.26,ml,0,31.8,,0.222,ci,ci3081404,2022-04-28T18:25:01.706Z,"10km SE of Lucerne Valley, California",earthquake,,0.182,,35,reviewed,ci,ci
1992-12-04T01:57:13.080Z,-4.984,129.887,196.9,4.7,mb,,,,0.5,us,usp0005ht0,2014-11-07T00:51:59.451Z,"211 km SSE of Amahai, Indonesia",earthquake,,33.1,,3,reviewed,us,us
1992-12-04T01:11:17.440Z,34.336,-116.903,-0.455,2.74,mc,0,46.8,,0.154,ci,ci3081397,2016-02-10T09:13:36.765Z,"10km NNW of Big Bear City, California",earthquake,,0.446,,94,reviewed,ci,ci
1992-12-04T00:59:55.660Z,15.942,-61.152,104.7,3.7,md,,,,0.3,us,usp0005hsz,2014-11-07T00:51:59.447Z,"18 km ENE of Grand-Bourg, Guadeloupe",earthquake,,11.3,,,reviewed,us,trn
1992-12-04T00:38:18.340Z,12.132,46.303,10,4.6,mb,,,,1.5,us,usp0005hsy,2014-11-07T00:51:59.443Z,"148 km SE of Zinjib?r, Yemen",earthquake,,,,6,reviewed,us,us
1992-12-04T00:34:50.870Z,10.496,-62.409,10,3.5,md,,,,0.7,us,usp0005hsx,2014-11-07T00:51:59.439Z,"15 km SW of Güiria, Venezuela",earthquake,,,,,reviewed,us,trn
1992-12-04T00:33:01.060Z,-22.246,-63.606,525.2,4.1,mb,,,,1.1,us,usp0005hsw,2014-11-07T00:51:59.432Z,"26 km SSE of Yacuiba, Bolivia",earthquake,,6.9,,6,reviewed,us,us
1992-12-03T23:36:15.950Z,34.251,-116.431,2.047,2.67,ml,0,47.4,,0.139,ci,ci3081392,2016-02-10T19:45:25.347Z,"15km N of Yucca Valley, California",earthquake,,0.223,,4,reviewed,ci,ci
1992-12-03T23:25:40.030Z,39.369,28.71,5,2.7,md,,,,0.1,us,usp0005hsu,2014-11-07T00:51:59.427Z,"25 km SSE of Dursunbey, Turkey",earthquake,,,,,reviewed,us,isk
1992-12-03T23:12:27.090Z,34.335,-116.901,-0.295,2.61,mc,0,35.8,,0.161,ci,ci3081385,2016-02-10T09:13:34.167Z,"10km NNW of Big Bear City, California",earthquake,,0.233,,74,reviewed,ci,ci
1992-12-03T22:08:48.970Z,43.28,84.408,10,4.6,mb,,,,0.9,us,usp0005hst,2014-11-07T00:51:59.417Z,"95 km E of Xinyuan, China",earthquake,,,,24,reviewed,us,us
1992-12-03T21:58:20.440Z,34.331,-116.912,0.259,2.79,ml,0,33.1,,0.155,ci,ci3081376,2016-02-10T16:08:13.335Z,"10km N of Big Bear Lake, California",earthquake,,0.179,,26,reviewed,ci,ci
1992-12-03T20:17:49.080Z,51.263,15.734,5,3,ml,,,,1.2,us,usp0005hsp,2014-11-07T00:51:59.399Z,"7 km NW of Olszanica, Poland",earthquake,,,,,reviewed,us,vie
1992-12-03T20:04:03.750Z,38.932,21.192,10,3.4,mb,,,,0.9,us,usp0005hsn,2014-11-07T00:51:59.388Z,"1 km SE of Kríkellos, Greece",earthquake,,,,1,reviewed,us,us
1992-12-03T20:00:37.520Z,20.7818333,-156.3643333,5.946,3.57,ml,47,329,,0.12,hv,hv724999,2020-03-31T19:03:10.070Z,"4 km WSW of Kula, Hawaii",earthquake,6.77,8.44,0.34,13,reviewed,hv,hv
1992-12-03T19:26:43.260Z,-6.39,130.048,162.5,5.1,mb,,,,1,us,usp0005hsj,2014-11-07T00:51:59.364Z,"Banda Sea",earthquake,,9.4,,31,reviewed,us,us
1992-12-03T19:22:21.490Z,65.479,-52.373,10,4.4,mb,,,,0.9,us,usp0005hsg,2014-11-07T00:51:59.353Z,"25 km ENE of Maniitsoq, Greenland",earthquake,,,,6,reviewed,us,us
1992-12-03T18:41:14.740Z,34.254,-116.435,2.577,2.6,ml,0,43,,0.111,ci,ci3081337,2016-02-10T09:13:29.001Z,"16km N of Yucca Valley, California",earthquake,,0.27,,3,reviewed,ci,ci
1992-12-03T18:39:20.250Z,1.438,122.703,33,4.5,mb,,,,0.7,us,usp0005hse,2014-11-07T00:51:59.341Z,"107 km NNW of Gorontalo, Indonesia",earthquake,,,,2,reviewed,us,us
1992-12-03T18:24:48.990Z,1.321,122.83,33,4.7,mb,,,,1.1,us,usp0005hsd,2014-11-07T00:51:59.337Z,"90 km NNW of Gorontalo, Indonesia",earthquake,,,,1,reviewed,us,us
1992-12-03T18:12:37.680Z,-32.698,-71.462,33,4,md,,,,1.2,us,usp0005hsc,2014-11-07T00:51:59.332Z,"24 km WNW of Hacienda La Calera, Chile",earthquake,,,,,reviewed,us,san
1992-12-03T18:09:40.160Z,57.52,-142.884,10,3.2,ml,,,,,us,usp0005hsb,2020-09-14T19:51:05.411Z,"291 km SW of Yakutat, Alaska",earthquake,,,,,reviewed,aei,aei
1992-12-03T15:24:11.130Z,51.139,15.851,10,2.6,m,,,,1.2,us,usp0005hs9,2014-11-07T00:51:59.315Z,"5 km WNW of Z?otoryja, Poland",earthquake,,,,,reviewed,us,war
1992-12-03T14:45:37.960Z,34.282,-116.773,3.155,2.53,ml,0,28,,0.136,ci,ci3081312,2016-02-10T09:13:26.388Z,"7km ENE of Big Bear City, California",earthquake,,0.318,,4,reviewed,ci,ci
1992-12-03T14:07:16.550Z,45.622,151.813,33,4.8,mb,,,,1,us,usp0005hs8,2014-11-07T00:51:59.306Z,"Kuril Islands",earthquake,,,,22,reviewed,us,us
1992-12-03T14:00:08.950Z,45.241,152.069,33,4.8,mb,,,,1.5,us,usp0005hs7,2014-11-07T00:51:59.297Z,"east of the Kuril Islands",earthquake,,,,12,reviewed,us,us
1992-12-03T11:23:38.440Z,-6.062,130.406,161.8,5.2,mb,,,,1,us,usp0005hs3,2014-11-07T00:51:59.263Z,"264 km W of Tual, Indonesia",earthquake,,6.9,,47,reviewed,us,us
1992-12-03T11:05:37.660Z,59.1832,-149.0483,23.4,2.6,ml,,,,0.13,ak,ak992fj6881y,2020-09-14T19:51:05.755Z,"101 km SSE of Lowell Point, Alaska",earthquake,,13.7,,,reviewed,ak,ak
1992-12-03T10:50:46.290Z,38.8221667,-122.8005,0.981,2.83,md,17,74,0.01532,0.04,nc,nc327770,2016-12-20T00:59:01.705Z,"6 km W of Cobb, California",earthquake,0.21,0.3,0.14,16,reviewed,nc,nc
1992-12-03T10:28:00.960Z,-4.247,-81.159,24.7,4.8,mb,,,,1,us,usp0005hs0,2014-11-07T00:51:59.239Z,"6 km ENE of El Alto, Peru",earthquake,,,,9,reviewed,us,us
1992-12-03T09:44:03.690Z,10.796,-61.174,33,2.7,md,,,,0.5,us,usp0005hry,2014-11-07T00:51:59.188Z,"21 km NE of Arima, Trinidad and Tobago",earthquake,,,,,reviewed,us,trn
1992-12-03T08:37:01.870Z,6.827,-73.146,147,4.5,mb,,,,1.2,us,usp0005hrx,2014-11-07T00:51:59.183Z,"11 km NNW of Jordán, Colombia",earthquake,,9.4,,3,reviewed,us,us
1992-12-03T06:36:44.520Z,57.6808,-152.5833,41.2,3.3,ml,,,,0.28,ak,ak992fj3fpr8,2020-09-14T19:51:06.545Z,"5 km E of Womens Bay, Alaska",earthquake,,3.5,,,reviewed,ak,ak
1992-12-03T06:28:37.760Z,-48.137,-9.878,10,5.5,mw,,,,1,us,usp0005hrt,2025-12-19T22:35:59.525Z,"southern Mid-Atlantic Ridge",earthquake,,,,,reviewed,us,hrv
1992-12-03T04:51:59.660Z,-20.502,-67.875,194.8,4.3,mb,,,,1.3,us,usp0005hrs,2014-11-07T00:51:59.145Z,"100 km WSW of Colchani, Bolivia",earthquake,,9.5,,2,reviewed,us,us
1992-12-03T04:45:52.910Z,24.036,122.711,10,4,mb,,,,0.8,us,usp0005hrr,2014-11-07T00:51:59.141Z,"56 km SSW of Yonakuni, Japan",earthquake,,,,4,reviewed,us,us
1992-12-03T04:32:34.760Z,38.8288333,-122.8008333,0.512,2.69,md,28,56,0.02162,0.04,nc,nc327757,2016-12-20T00:58:19.510Z,"6 km W of Cobb, California",earthquake,0.14,0.33,0.12,22,reviewed,nc,nc
1992-12-03T04:12:34.300Z,16.977,-61.253,33,3.2,ml,,,,0.3,us,usp0005hrp,2014-11-07T00:51:59.135Z,"56 km E of Falmouth, Antigua and Barbuda",earthquake,,,,,reviewed,us,fdf
1992-12-03T02:21:11.100Z,11.344,-93.269,33,4.2,mb,,,,1.1,us,usp0005hrn,2014-11-07T00:51:59.132Z,"off the coast of Mexico",earthquake,,,,1,reviewed,us,us
1992-12-03T02:19:07.980Z,38.042,26.929,10,2.7,md,,,,0.9,us,usp0005hrm,2014-11-07T00:51:59.129Z,"17 km W of Özdere, Turkey",earthquake,,,,,reviewed,us,isk
1992-12-03T02:17:25.560Z,-13.716,166.622,59.3,5,mb,,,,1,us,usp0005hrk,2014-11-07T00:51:59.121Z,"102 km W of Sola, Vanuatu",earthquake,,10.3,,14,reviewed,us,us
1992-12-03T01:37:40.810Z,14.514,-93.558,55.6,4.2,mb,,,,1.1,us,usp0005hrj,2014-11-07T00:51:59.118Z,"111 km SSW of La Esperanza (El Zapotal), Mexico",earthquake,,14.8,,1,reviewed,us,us
1992-12-03T00:59:48.730Z,42.4683333,-111.2478333,6.03,3.27,md,19,160,0.5099,0.23,uu,uu50069535,2018-08-28T04:44:37.400Z,"10 km E of Georgetown, Idaho",earthquake,1.28,1.47,,15,reviewed,uu,uu
1992-12-02T21:11:22.810Z,34.375,-116.461,3.376,2.9,ml,0,47,,0.135,ci,ci3081175,2016-02-10T05:35:53.119Z,"29km N of Yucca Valley, California",earthquake,,0.656,,24,reviewed,ci,ci
1992-12-02T21:00:33.670Z,2.467,128.506,225.6,4.8,mb,,,,1.1,us,usp0005hrc,2014-11-07T00:51:59.078Z,"98 km NE of Tobelo, Indonesia",earthquake,,8,,23,reviewed,us,us
1992-12-02T20:38:03.830Z,34.626,-116.543,6.897,2.51,mc,0,71.1,,0.122,ci,ci3081171,2016-02-09T22:21:47.816Z,"37km WSW of Ludlow, California",earthquake,,0.951,,31,reviewed,ci,ci
1992-12-02T20:04:40.540Z,19.3686667,-155.4948333,8.243,2.5,ml,39,34,,0.08,hv,hv724811,2020-03-31T19:03:09.730Z,"18 km N of P?hala, Hawaii",earthquake,0.29,0.59,0.2,14,reviewed,hv,hv
1992-12-02T19:27:21.160Z,10.662,121.487,33,4.6,mb,,,,0.8,us,usp0005hra,2014-11-07T00:51:59.069Z,"52 km WNW of Tobias Fornier, Philippines",earthquake,,,,5,reviewed,us,us
1992-12-02T18:03:45.720Z,61.6817,-150.9925,66.9,5.4,mw,,,,0.21,ak,ak992fhmuhzg,2025-12-19T22:55:34.403Z,"29 km WNW of Susitna, Alaska",earthquake,,1.3,,,reviewed,ak,ak
1992-12-02T15:16:25.660Z,33.023,-116.361,9.396,2.54,mc,0,137.6,0.1407,0.075,ci,ci3081101,2016-02-10T05:35:45.572Z,"23km ESE of Julian, California",earthquake,,4.783,,5,reviewed,ci,ci
1992-12-02T14:45:37.060Z,34.075,-117.574,11.564,2.97,ml,0,32.9,,0.155,ci,ci3081094,2016-02-10T16:07:51.036Z,"5km S of Rancho Cucamonga, California",earthquake,,0.421,,4,reviewed,ci,ci
1992-12-02T14:02:12.830Z,29.413,52.012,10,4.5,mb,,,,1.1,us,usp0005hr4,2014-11-07T00:51:58.922Z,"41 km ESE of K?zer?n, Iran",earthquake,,,,8,reviewed,us,us
1992-12-02T12:55:57.070Z,-2.22,139.585,33,4.5,mb,,,,1.4,us,usp0005hr2,2014-11-07T00:51:58.914Z,"123 km WNW of Abepura, Indonesia",earthquake,,,,3,reviewed,us,us
1992-12-02T12:38:43.340Z,34.42,-116.485,4.246,2.95,ml,0,46.6,,0.119,ci,ci3081080,2016-02-10T09:13:09.020Z,"34km N of Yucca Valley, California",earthquake,,0.065,,5,reviewed,ci,ci
1992-12-02T11:18:46.480Z,39.081,27.666,10,2.8,md,,,,0.5,us,usp0005hr0,2014-11-07T00:51:58.907Z,"2 km S of K?rka?aç, Turkey",earthquake,,,,,reviewed,us,isk
1992-12-02T10:05:07.650Z,-9.86,-110.848,10,4.7,ms,,,,1.4,us,usp0005hqy,2014-11-07T00:51:58.896Z,"central East Pacific Rise",earthquake,,,,9,reviewed,us,us
1992-12-02T07:12:11.220Z,30.366,-116.382,5,4.2,mb,,,,1,us,usp0005hqv,2014-11-07T00:51:58.878Z,"46 km WSW of Pueblo Benito García, Mexico",earthquake,,,,1,reviewed,us,us
1992-12-02T06:08:21.040Z,34.151,-116.414,2.557,2.5,mc,0,40.9,,0.172,ci,ci3081033,2016-02-10T05:35:33.399Z,"4km NNE of Yucca Valley, California",earthquake,,0.268,,53,reviewed,ci,ci
1992-12-02T05:45:36.920Z,52.995,159.592,33,4.7,mb,,,,1,us,usp0005hqu,2014-11-07T00:51:58.872Z,"63 km E of Petropavlovsk-Kamchatsky, Russia",earthquake,,,,15,reviewed,us,us
1992-12-02T05:42:06.220Z,34.356,-116.901,2.809,3.18,ml,0,30.7,,0.155,ci,ci3081027,2016-02-10T19:44:40.208Z,"12km SSE of Lucerne Valley, California",earthquake,,0.134,,35,reviewed,ci,ci
1992-12-02T04:52:09.190Z,-19.947,-69.676,200.6,4.3,mb,,,,0.7,us,usp0005hqr,2014-11-07T00:51:58.859Z,"57 km ENE of Iquique, Chile",earthquake,,38.9,,1,reviewed,us,us
1992-12-02T04:33:46.240Z,41.5281667,-125.6586667,6.302,3.06,md,37,303,1.453,0.19,nc,nc327590,2021-05-13T21:56:09.502Z,"123 km WSW of Crescent City, California",earthquake,7.97,17.86,0.14,20,reviewed,nc,nc
1992-12-02T04:25:33.860Z,34.341,-116.883,-0.655,2.56,ml,0,39.1,,0.176,ci,ci3081020,2016-02-10T16:07:42.222Z,"10km NNW of Big Bear City, California",earthquake,,0.228,,4,reviewed,ci,ci
1992-12-02T00:59:11.590Z,37.968,20.376,11.4,3.2,md,,,,1,us,usp0005hqj,2014-11-07T00:51:58.820Z,"25 km SSW of Argostólion, Greece",earthquake,,4.1,,,reviewed,us,ath
1992-12-01T22:57:11.670Z,36.074,22.296,33,4.7,mb,,,,1.4,us,usp0005hqg,2014-11-07T00:51:58.776Z,"63 km W of Kýthira, Greece",earthquake,,,,14,reviewed,us,us
1992-12-01T21:56:41.820Z,38.789,-122.762,1.091,2.6,md,35,45,0.03153,0.04,nc,nc327562,2016-12-20T00:54:07.800Z,"4 km SW of Cobb, California",earthquake,0.14,0.38,0.1,29,reviewed,nc,nc
1992-12-01T21:32:49.050Z,51.29,15.774,5,3.6,ml,,,,1,us,usp0005hqe,2014-11-07T00:51:58.761Z,"7 km S of Gromadka, Poland",earthquake,,,,,reviewed,us,grf
1992-12-01T21:30:43.580Z,36.851,-121.5796667,5.486,3.06,md,70,37,0.02252,0.1,nc,nc327557,2016-12-20T00:53:50.520Z,"3 km W of San Juan Bautista, California",earthquake,0.15,0.28,0.15,79,reviewed,nc,nc
1992-12-01T20:00:01.940Z,44.539,6.889,10,3,ml,,,,0.4,us,usp0005hqb,2014-11-07T00:51:58.738Z,"10 km NW of Acceglio, Italy",earthquake,,,,,reviewed,us,str
1992-12-01T19:41:35.710Z,44.535,6.903,10,3,ml,,,,0.5,us,usp0005hqa,2014-11-07T00:51:58.717Z,"9 km NW of Acceglio, Italy",earthquake,,,,,reviewed,us,ldg
1992-12-01T19:39:22.240Z,42.769,12.506,10,3.3,md,,,,1.1,us,usp0005hq9,2014-11-07T00:51:58.686Z,"1 km WSW of Massa Martana, Italy",earthquake,,,,,reviewed,us,tri
1992-12-01T19:15:26.830Z,44.839,6.619,10,2.5,ml,,,,1,us,usp0005hq7,2014-11-07T00:51:58.668Z,"3 km ENE of Saint-Martin-de-Queyrières, France",earthquake,,,,,reviewed,us,ldg
1992-12-01T19:13:15.800Z,38.794,-122.7686667,1.011,3.4,md,43,34,0.02432,0.05,nc,nc327553,2016-12-20T00:53:07.030Z,"5 km SW of Cobb, California",earthquake,0.11,0.29,0.12,64,reviewed,nc,nc
1992-12-01T18:47:10.600Z,63.2642,-151.1328,12.7,2.5,ml,,,,0.25,ak,ak992ffzkiac,2020-09-14T19:51:08.702Z,"42 km SE of Denali National Park, Alaska",earthquake,,1.3,,,reviewed,ak,ak
1992-12-01T18:43:43.550Z,-22.288,174.307,21.3,5.5,mw,,,,1.3,us,usp0005hq4,2022-04-28T18:24:56.517Z,"southeast of the Loyalty Islands",earthquake,,,,,reviewed,us,hrv
1992-12-01T18:23:32.590Z,-40.435,176.905,35.2,4.2,mb,,,,0.9,us,usp0005hq3,2014-11-07T00:51:58.571Z,"77 km NE of Castlepoint, New Zealand",earthquake,,10.6,,2,reviewed,us,us
1992-12-01T18:04:26.610Z,-4.005,134.891,33,5.4,mw,,,,1.3,us,usp0005hq1,2022-04-28T18:24:50.912Z,"98 km SW of Nabire, Indonesia",earthquake,,,,,reviewed,us,hrv
1992-12-01T17:49:45.470Z,35.061,-116.989,3.948,3.13,ml,0,78.6,,0.135,ci,ci3080740,2016-02-10T19:44:27.335Z,"18km N of Barstow, California",earthquake,,0.418,,22,reviewed,ci,ci
1992-12-01T17:29:34.390Z,59.419,-152.466,66.3,2.5,ml,,,,0.3,ak,ak992ffyv9mn,2020-09-14T19:51:09.075Z,"31 km WNW of Nanwalek, Alaska",earthquake,,1.8,,,reviewed,ak,ak
1992-12-01T16:14:52.430Z,10.778,-63.521,5,4.5,md,,,,1.2,us,usp0005hpw,2014-11-07T00:51:58.451Z,"31 km WNW of Carúpano, Venezuela",earthquake,,,,,reviewed,us,trn
1992-12-01T15:59:51.800Z,35.748,139.173,133.2,3.5,mb,,,,0.6,us,usp0005hpu,2014-11-07T00:51:58.437Z,"4 km WNW of Itsukaichi, Japan",earthquake,,8.7,,1,reviewed,us,us
1992-12-01T15:05:38.660Z,34.222,-116.426,5.041,2.92,ml,0,208.3,,0.173,ci,ci3080810,2016-02-10T05:35:25.190Z,"12km N of Yucca Valley, California",earthquake,,,,4,reviewed,ci,ci
1992-12-01T15:05:25.040Z,34.215,-116.436,5.073,2.59,mc,0,205.4,,0.18,ci,ci3080728,2016-02-10T23:25:10.527Z,"11km N of Yucca Valley, California",earthquake,,,,63,reviewed,ci,ci
1992-12-01T14:11:48.260Z,34.338,-116.91,0.642,2.61,mc,0,76.7,,0.164,ci,ci3080724,2016-02-10T09:12:45.559Z,"10km NW of Big Bear City, California",earthquake,,0.325,,70,reviewed,ci,ci
1992-12-01T13:36:39.130Z,-23.917,-179.811,543.6,4.9,mb,,,,0.8,us,usp0005hps,2014-11-07T00:51:58.423Z,"south of the Fiji Islands",earthquake,,41.2,,8,reviewed,us,us
1992-12-01T13:23:18.190Z,-17.156,35.312,33,4.5,mb,,,,1.1,us,usp0005hpr,2014-11-07T00:51:58.407Z,"26 km SSE of Nsanje, Malawi",earthquake,,,,3,reviewed,us,us
1992-12-01T12:42:41.850Z,56.9768,-156.8288,65.1,3.6,ml,,,,0.21,ak,ak992ffvywhl,2020-09-14T19:51:09.851Z,"68 km SSE of Ugashik, Alaska",earthquake,,52.8,,,reviewed,ak,ak
1992-12-01T11:44:43.830Z,34.221,-116.747,0.104,2.63,mc,0,149.3,,0.145,ci,ci3080710,2016-02-10T12:40:20.492Z,"10km ESE of Big Bear City, California",earthquake,,0.404,,77,reviewed,ci,ci
1992-12-01T08:58:31.540Z,34.214,-116.435,4.632,2.59,mc,0,139.2,,0.176,ci,ci3080693,2016-02-10T16:07:29.878Z,"11km N of Yucca Valley, California",earthquake,,,,69,reviewed,ci,ci
1992-12-01T07:52:16.820Z,-15.744,-176.844,387.6,4.3,mb,,,,0.8,us,usp0005hpn,2014-11-07T00:51:58.325Z,"209 km SE of Alo, Wallis and Futuna",earthquake,,38.5,,10,reviewed,us,us
1992-12-01T07:22:56.020Z,49.159,6.847,8.6,3.4,ml,,,,0.9,us,usp0005hpm,2014-11-07T00:51:58.296Z,"1 km NNW of Cocheren, France",earthquake,,2.5,,,reviewed,us,grf
1992-12-01T07:02:34.700Z,-44.315,166.844,10,3.9,ml,,,,0.7,us,usp0005hpj,2014-11-07T00:51:58.278Z,"140 km NNW of Te Anau, New Zealand",earthquake,,,,,reviewed,us,wel
1992-12-01T06:36:30.790Z,-37.69,177.328,176,4.6,mb,,,,1,us,usp0005hph,2014-11-07T00:51:58.250Z,"35 km N of Opotiki, New Zealand",earthquake,,6.1,,2,reviewed,us,us
1992-12-01T05:39:50.500Z,10.939,-87.025,33,4.3,mb,,,,1.2,us,usp0005hpf,2014-11-07T00:51:58.213Z,"109 km SSW of Masachapa, Nicaragua",earthquake,,,,7,reviewed,us,us
1992-12-01T05:03:37.660Z,41.707,19.395,10,3.2,ml,,,,0.9,us,usp0005hpe,2014-11-07T00:51:58.181Z,"20 km SW of Shëngjin, Albania",earthquake,,,,,reviewed,us,ttg
1992-12-01T04:48:18.520Z,34.348,-116.894,-0.566,2.79,ml,0,57.8,,0.173,ci,ci3080668,2016-02-09T22:21:24.014Z,"11km NNW of Big Bear City, California",earthquake,,0.278,,20,reviewed,ci,ci
1992-12-01T03:38:12.970Z,34.415,-116.466,4.379,2.91,mc,0,143.9,,0.161,ci,ci3080658,2016-02-10T09:12:39.607Z,"34km N of Yucca Valley, California",earthquake,,,,77,reviewed,ci,ci
1992-12-01T03:26:16.560Z,44.056,7.677,8.6,3,ml,,,,0.6,us,usp0005hpa,2014-11-07T00:51:58.125Z,"6 km WSW of Briga Alta, Italy",earthquake,,2.1,,,reviewed,us,ldg
1992-12-01T03:23:38.860Z,40.3041667,-124.4455,8.537,2.63,md,18,261,0.1189,0.02,nc,nc327471,2016-12-20T00:51:04.383Z,"33 km SSW of Ferndale, California",earthquake,0.84,0.31,0.1,17,reviewed,nc,nc
1992-12-01T03:04:31.700Z,34.58,-116.525,4.643,2.52,mc,0,139,,0.205,ci,ci3080652,2016-02-09T22:21:18.679Z,"37km WSW of Ludlow, California",earthquake,,,,55,reviewed,ci,ci
1992-12-01T02:43:03.730Z,2.577,128.97,33,4.5,mb,,,,0.8,us,usp0005hp9,2014-11-07T00:51:58.107Z,"142 km NE of Tobelo, Indonesia",earthquake,,,,7,reviewed,us,us
1992-12-01T02:15:59.500Z,2.43,128.735,222.6,4.9,mb,,,,0.5,us,usp0005hp8,2014-11-07T00:51:58.098Z,"111 km NE of Tobelo, Indonesia",earthquake,,22.1,,4,reviewed,us,us
1992-12-01T01:41:58.690Z,44.037,7.659,10,3.5,ml,,,,0.8,us,usp0005hp6,2014-11-07T00:51:58.034Z,"7 km SE of Tende, France",earthquake,,,,,reviewed,us,ldg
1992-12-01T00:23:22.840Z,-20.864,169.234,32.3,6,mwb,,,,1,us,usp0005hp5,2022-04-28T18:24:44.852Z,"146 km S of Isangel, Vanuatu",earthquake,,,,,reviewed,us,us
