time,latitude,longitude,depth,mag,magType,nst,gap,dmin,rms,net,id,updated,place,type,horizontalError,depthError,magError,magNst,status,locationSource,magSource
2017-02-27T23:51:42.200Z,36.219,-97.5634,6.096,2.6,ml,,23,,0.6,us,us20008mti,2017-05-24T02:48:10.040Z,"9 km NE of Marshall, Oklahoma",earthquake,0.8,6.7,,,reviewed,tul,tul
2017-02-27T22:53:32.400Z,18.544,-66.8195,80,2.9,Md,7,208.8,0.20481588,0.27,pr,pr17058006,2017-02-28T00:08:37.857Z,"6 km N of Hatillo, Puerto Rico",earthquake,1.8,1.3,0,4,reviewed,pr,pr
2017-02-27T21:07:13.860Z,14.0088,-91.5787,61.82,4.4,mb,,165,0.525,0.67,us,us100087i9,2017-05-24T02:48:10.040Z,"36 km SW of Nueva Concepción, Guatemala",earthquake,7.9,9.5,0.098,30,reviewed,us,us
2017-02-27T21:05:00.260Z,43.5855,-105.1858,0,3.4,ml,,52,0.989,1.24,us,us20008msd,2017-05-24T02:48:10.040Z,"30 km SE of Wright, Wyoming",mining explosion,4.5,2,0.051,67,reviewed,us,us
2017-02-27T20:00:20.330Z,43.6882,-105.2707,0,3.1,ml,,76,0.992,1.36,us,us10008kaq,2017-05-24T02:48:10.040Z,"19 km ESE of Wright, Wyoming",mining explosion,2.8,2,0.049,71,reviewed,us,us
2017-02-27T19:47:54.500Z,18.1788,-67.0227,127,2.9,Md,4,136.8,0.19044284,0.31,pr,pr17058005,2017-05-24T02:48:10.040Z,"4 km W of Maricao, Puerto Rico",earthquake,3.6,2.4,0,3,reviewed,pr,pr
2017-02-27T19:34:55.160Z,2.4497,90.0269,10,4.2,mb,,199,7.435,0.8,us,us100087ib,2017-05-24T02:48:10.040Z,"off the west coast of northern Sumatra",earthquake,6.5,2,0.146,13,reviewed,us,us
2017-02-27T19:06:02.362Z,39.0747,-118.9957,6.9,2.6,ml,25,95.82,0.21,0.1442,nn,nn00580233,2018-07-02T18:26:55.477Z,"17 km NE of Yerington, Nevada",earthquake,,3,0.32,11,reviewed,nn,nn
2017-02-27T17:52:16.180Z,39.4231,143.4734,18.5,4.5,mb,,135,2.296,0.69,us,us20008mqu,2017-05-24T02:48:10.040Z,"131 km E of Yamada, Japan",earthquake,7.7,4.2,0.081,44,reviewed,us,us
2017-02-27T17:41:38.030Z,-15.5084,-70.2514,224.06,4.1,mb,,146,2.182,0.81,us,us20008mqp,2017-05-24T02:48:10.040Z,"12 km W of Juliaca, Peru",earthquake,14.7,20.4,0.303,3,reviewed,us,us
2017-02-27T17:38:45.380Z,-2.2827,100.8807,58.57,4.1,mb,,182,2.596,0.95,us,us100087i8,2017-05-24T02:48:10.040Z,"62 km WSW of Sungai Penuh, Indonesia",earthquake,11,10.4,0.198,7,reviewed,us,us
2017-02-27T17:32:09.690Z,-6.5051,155.1476,342.81,4.1,mb,,120,3.756,0.52,us,us100087hk,2017-05-24T02:48:10.040Z,"42 km WSW of Panguna, Papua New Guinea",earthquake,8.3,8.8,0.109,23,reviewed,us,us
2017-02-27T17:08:14.670Z,57.1618,-145.8891,17.97,2.8,ml,,261,3.398,0.83,us,us100087bl,2023-08-04T21:07:21.393Z,"Gulf of Alaska",earthquake,6.1,9.5,,,reviewed,us,ak
2017-02-27T16:53:25.360Z,52.2754,-170.2534,34.44,3.7,ml,,208,0.591,1.44,us,us20008mqt,2023-08-04T21:07:12.045Z,"119 km SW of Nikolski, Alaska",earthquake,8.3,16.4,0.148,6,reviewed,us,us
2017-02-27T16:44:37.280Z,-24.2351,179.3101,524.16,4.4,mb,,115,6.563,0.97,us,us100087i6,2017-05-24T02:48:10.040Z,"south of the Fiji Islands",earthquake,14,8.5,0.1,29,reviewed,us,us
2017-02-27T16:18:30.880Z,24.2479,122.8752,44.01,4.9,mb,,73,0.251,0.6,us,us20008mpq,2022-08-07T11:41:17.524Z,"27 km SSW of Yonakuni, Japan",earthquake,3.4,5.1,0.046,150,reviewed,us,us
2017-02-27T16:07:27.774Z,55.2062,-157.6915,36.8,4.9,mb,,,,0.67,ak,ak0172o6qmh5,2023-08-04T21:07:08.385Z,"120 km SE of Perryville, Alaska",earthquake,,1.6,,,reviewed,ak,ak
2017-02-27T15:54:00.350Z,-21.8029,-176.1386,124.98,4.3,mb,,151,6.797,0.91,us,us100087i4,2017-05-24T02:48:09.040Z,"119 km SW of Haveluloto, Tonga",earthquake,18.3,15.2,0.129,17,reviewed,us,us
2017-02-27T15:49:12.630Z,44.5008,147.6764,114.34,4.2,mb,,176,3.668,0.7,us,us100087i3,2017-05-24T02:48:09.040Z,"82 km S of Kuril’sk, Russia",earthquake,10.9,9.1,0.065,66,reviewed,us,us
2017-02-27T14:51:55.970Z,-17.1842,-171.9857,22.11,4.6,mb,,109,2.715,0.57,us,us100087i2,2017-05-24T02:48:09.040Z,"236 km SE of Hihifo, Tonga",earthquake,7.8,5.6,0.158,12,reviewed,us,us
2017-02-27T13:41:28.220Z,52.4201,-163.9293,10,3.3,ml,,231,2.043,0.9,us,us100087bj,2023-08-04T21:06:54.503Z,"227 km SSE of Akutan, Alaska",earthquake,8,2,0.148,6,reviewed,us,us
2017-02-27T13:24:26.550Z,-29.2275,-177.6263,70.82,4.5,mb,,263,0.265,0.28,us,us100087i1,2017-05-24T02:48:09.040Z,"Kermadec Islands, New Zealand",earthquake,22.6,10,0.157,12,reviewed,us,us
2017-02-27T13:19:02.730Z,50.9723,-173.0715,10,2.8,ml,,236,2.178,0.52,us,us100087bi,2023-08-04T21:06:50.893Z,"157 km SSE of Atka, Alaska",earthquake,5.1,2,,,reviewed,us,ak
2017-02-27T12:09:09.600Z,19.1961,-64.7772,34,3,Md,6,327.6,1.0052148,0.25,pr,pr17058004,2017-05-24T02:48:09.040Z,"95 km N of Cruz Bay, U.S. Virgin Islands",earthquake,3.6,17.9,0,4,reviewed,pr,pr
2017-02-27T12:02:20.430Z,-8.5248,29.9092,34.22,4.6,mb,,65,6.919,0.99,us,us100087i7,2017-05-24T02:48:09.040Z,"27 km ESE of Kaputa, Zambia",earthquake,9.7,5.1,0.109,25,reviewed,us,us
2017-02-27T11:48:18.830Z,41.534,-121.9241667,0.17,2.5,md,29,62,0.09277,0.27,nc,nc72768511,2017-02-27T22:11:02.006Z,"5 km S of Tennant, California",earthquake,0.4,4.09,0.304,29,reviewed,nc,nc
2017-02-27T11:47:25.970Z,1.7651,99.4345,164.73,4.5,mb,,76,1.054,0.87,us,us20008mny,2017-05-24T02:48:09.040Z,"46 km NNE of Padangsidempuan, Indonesia",earthquake,7.6,7.3,0.113,23,reviewed,us,us
2017-02-27T11:42:47.100Z,19.2224,-64.802,49,3.1,Md,4,327.6,1.01599459,0.28,pr,pr17058003,2017-05-24T02:48:09.040Z,"98 km N of Charlotte Amalie, U.S. Virgin Islands",earthquake,6.4,17,0,4,reviewed,pr,pr
2017-02-27T11:39:21.190Z,-37.0568,-74.1727,10,4.6,mb,,153,0.845,1.25,us,us20008mnq,2017-05-24T02:48:09.040Z,"76 km NW of Lebu, Chile",earthquake,5.7,1.8,0.146,14,reviewed,us,us
2017-02-27T11:26:30.860Z,-5.9903,154.9477,176.27,4.6,mb,,142,3.299,0.48,us,us20008mnp,2017-05-24T02:48:09.040Z,"69 km WNW of Panguna, Papua New Guinea",earthquake,11.7,6.4,0.119,21,reviewed,us,us
2017-02-27T11:26:25.290Z,2.3226,95.328,28.51,4.8,mb,,175,2.463,0.85,us,us20008mnm,2017-05-24T02:48:09.040Z,"118 km W of Sinabang, Indonesia",earthquake,8.8,6.5,0.111,25,reviewed,us,us
2017-02-27T11:02:15.880Z,33.9186667,-117.8856667,7.56,2.74,ml,144,16,0.04137,0.22,ci,ci37814056,2017-05-16T18:11:35.393Z,"1km E of Brea, CA",earthquake,0.12,0.3,0.201,222,reviewed,ci,ci
2017-02-27T10:56:31.860Z,-4.9566,152.3179,91.6,4.3,mb,,211,0.708,0.57,us,us100087hx,2017-05-24T02:48:09.040Z,"68 km S of Kokopo, Papua New Guinea",earthquake,13.5,11.1,0.143,14,reviewed,us,us
2017-02-27T09:58:57.430Z,51.8874,-169.401,26.5,3.1,ml,,,,1.37,us,us20008mqm,2023-08-04T21:06:11.785Z,"122 km SSW of Nikolski, Alaska",earthquake,11.6,9.5,0.148,6,reviewed,ak,us
2017-02-27T09:55:40.410Z,51.8841,-169.4948,10,3.4,ml,,,,1.21,us,us100087bf,2023-08-04T21:06:09.836Z,"125 km SSW of Nikolski, Alaska",earthquake,7.2,8,0.148,6,reviewed,ak,us
2017-02-27T09:29:12.060Z,12.2466,143.3576,10,4.6,mb,,94,1.987,0.94,us,us20008mn7,2017-05-24T02:48:09.040Z,"181 km SW of Merizo Village, Guam",earthquake,10.4,1.9,0.072,58,reviewed,us,us
2017-02-27T09:10:38.610Z,42.3166,142.9652,55.92,4.9,mb,,69,0.333,0.86,us,us20008mn2,2017-05-24T02:48:09.040Z,"49 km E of Shizunai-furukawach?, Japan",earthquake,7,5.1,0.038,220,reviewed,us,us
2017-02-27T09:01:51.140Z,5.9791,125.9141,66.98,4.5,mb,,124,1.133,1.12,us,us100087hu,2017-05-24T02:48:09.040Z,"25 km E of Mangili, Philippines",earthquake,8.9,9.1,0.121,20,reviewed,us,us
2017-02-27T08:36:40.470Z,37.289,-98.155,5,2.8,mb_lg,,66,0.125,0.44,us,us20008mmx,2017-05-24T02:48:09.040Z,"8 km NE of Attica, Kansas",earthquake,1,2,0.07,53,reviewed,us,us
2017-02-27T08:34:57.030Z,37.2702,-98.1483,4.82,2.5,mb_lg,,73,0.122,0.47,us,us20008mmw,2017-05-24T02:48:09.040Z,"7 km ENE of Attica, Kansas",earthquake,1.5,7.6,0.114,20,reviewed,us,us
2017-02-27T08:10:01.460Z,-5.5958,149.0197,128.93,4.1,mb,,180,3.257,0.75,us,us100087ih,2017-05-24T02:48:09.040Z,"89 km NW of Kandrian, Papua New Guinea",earthquake,14.4,15,0.151,12,reviewed,us,us
2017-02-27T07:34:46.700Z,19.0471,-67.9972,10,2.8,Md,11,252,0.64229543,0.55,pr,pr17058002,2017-05-24T02:48:09.040Z,"67 km NE of Punta Cana, Dominican Republic",earthquake,2.7,31.6,0,9,reviewed,pr,pr
2017-02-27T06:21:36.730Z,43.4734,145.8026,79.07,4.4,mb,,103,2.411,0.6,us,us100087hz,2017-05-24T02:48:09.040Z,"24 km NE of Nemuro, Japan",earthquake,8.7,7.4,0.059,84,reviewed,us,us
2017-02-27T06:20:17.270Z,38.511,14.9782,10,4.3,mb,,92,0.761,0.88,us,us20008mmi,2017-05-24T02:48:09.040Z,"2 km NE of Canneto, Italy",earthquake,5.5,2,0.217,6,reviewed,us,us
2017-02-27T05:47:56.000Z,36.4158,-97.3461,7.979,2.5,ml,,36,,0.36,us,us20008mm8,2017-05-24T02:48:09.040Z,"14 km NNW of Perry, Oklahoma",earthquake,1,6.1,,,reviewed,tul,tul
2017-02-27T05:19:53.800Z,37.2336,141.4818,19.06,4.2,mwr,,88,0.839,1.05,us,us20008mm2,2017-05-24T02:48:09.040Z,"near the east coast of Honshu, Japan",earthquake,5.6,4.2,0.078,16,reviewed,us,us
2017-02-27T04:41:19.460Z,-14.6566,167.5495,111.42,4.4,mb,,112,6.094,0.84,us,us100087hq,2017-05-24T02:48:09.040Z,"66 km NE of Port-Olry, Vanuatu",earthquake,4.4,7.6,0.126,18,reviewed,us,us
2017-02-27T04:32:42.570Z,31.6255,141.7465,11.04,4.9,mb,,122,2.209,0.8,us,us20008mly,2017-05-24T02:48:09.040Z,"Izu Islands, Japan region",earthquake,6,4.5,0.043,171,reviewed,us,us
2017-02-27T04:21:41.730Z,27.3706,85.9319,20.28,4.6,mb,,156,0.626,0.69,us,us20008mlv,2017-05-24T02:48:09.040Z,"47 km ESE of Panauti, Nepal",earthquake,7.5,3.7,0.066,69,reviewed,us,us
2017-02-27T03:50:14.950Z,21.6733,143.5162,185.92,4.2,mb,,141,5.533,0.64,us,us100087hp,2017-05-24T02:48:09.040Z,"Mariana Islands region",earthquake,14.3,9,0.081,43,reviewed,us,us
2017-02-27T03:37:45.990Z,27.4259,86.0789,11.23,4.7,mb,,57,0.725,0.62,us,us20008mll,2017-05-24T02:48:09.040Z,"57 km ESE of Dhulikhel, Nepal",earthquake,6,3.8,0.059,86,reviewed,us,us
2017-02-27T03:25:01.000Z,18.534,-66.6061,90,2.7,Md,7,234,0.45724248,0.44,pr,pr17058001,2017-02-27T07:50:02.483Z,"9 km NNW of Garrochales, Puerto Rico",earthquake,8.5,5.2,0,7,reviewed,pr,pr
2017-02-27T02:17:34.420Z,39.3631,143.545,9.64,4.8,mb,,134,2.377,0.58,us,us20008mky,2017-05-24T02:48:09.040Z,"137 km E of Yamada, Japan",earthquake,8.1,4.8,0.046,149,reviewed,us,us
2017-02-27T02:08:13.724Z,57.3116,-155.0301,52.3,3,ml,,,,0.54,ak,ak0172nyeqn0,2023-08-04T21:05:31.071Z,"44 km SW of Karluk, Alaska",earthquake,,0.7,,,reviewed,ak,ak
2017-02-27T01:52:43.270Z,33.312,137.8961,330.41,4,mb,,154,2.155,0.82,us,us100087hm,2017-05-24T02:48:09.040Z,"146 km SSW of ?yama, Japan",earthquake,10.1,8.2,0.089,34,reviewed,us,us
2017-02-27T01:21:22.330Z,52.0984,158.9516,64.21,5,mb,,119,0.944,0.64,us,us20008mks,2017-05-24T02:48:09.040Z,"99 km SSE of Vilyuchinsk, Russia",earthquake,9.2,6.5,0.03,357,reviewed,us,us
2017-02-27T01:04:51.410Z,18.9967,-70.0194,73.42,4.5,mb,,27,0.539,0.93,us,us20008mkq,2017-05-24T02:48:09.040Z,"4 km WSW of Cevicos, Dominican Republic",earthquake,5.3,6.5,0.039,197,reviewed,us,us
2017-02-27T00:54:59.200Z,18.8859,-67.2977,5,3.1,Md,14,219.6,0.45095427,0.33,pr,pr17058000,2017-02-27T04:50:55.396Z,"48 km NNW of San Antonio, Puerto Rico",earthquake,0.9,1.2,0,13,reviewed,pr,pr
2017-02-27T00:03:18.790Z,3.2937,126.8642,73.42,4.9,mb,,108,2.554,0.7,us,us20008mkk,2017-05-24T02:48:09.040Z,"214 km NW of Tobelo, Indonesia",earthquake,7.2,7.1,0.066,73,reviewed,us,us
2017-02-26T23:38:32.630Z,35.122,23.211,31.81,4.2,mb,,157,1.384,0.82,us,us20008mke,2017-05-24T02:48:09.040Z,"44 km WSW of Palaióchora, Greece",earthquake,9.3,8.8,0.091,34,reviewed,us,us
2017-02-26T23:26:39.660Z,35.8541,141.0202,32.79,3.8,mb,,139,2.019,0.8,us,us20008mkp,2017-05-24T02:48:09.040Z,"21 km NE of Hasaki, Japan",earthquake,4.5,7.3,0.208,6,reviewed,us,us
2017-02-26T23:17:08.070Z,26.9085,144.0535,14.59,5.2,mb,,23,1.677,0.72,us,us20008mka,2017-05-24T02:48:09.040Z,"Bonin Islands, Japan region",earthquake,7,2.4,0.03,362,reviewed,us,us
2017-02-26T21:38:00.550Z,42.2227,143.2946,70.82,4.4,mb,,165,0.231,0.59,us,us20008mjz,2017-05-24T02:48:09.040Z,"77 km S of Obihiro, Japan",earthquake,7.5,5.8,0.118,21,reviewed,us,us
2017-02-26T20:56:56.200Z,17.8222,-65.9493,5,3,Md,12,234,0.20661252,0.18,pr,pr17057006,2017-02-26T22:37:38.195Z,"18 km SSE of Lamboglia, Puerto Rico",earthquake,0.7,0.5,0,8,reviewed,pr,pr
2017-02-26T20:09:55.700Z,19.315,-64.869,25,2.9,Md,3,338.4,1.07618171,0.23,pr,pr17057007,2017-02-27T00:16:34.394Z,"107 km N of Charlotte Amalie, U.S. Virgin Islands",earthquake,4.1,21.5,0,2,reviewed,pr,pr
2017-02-26T19:55:49.160Z,36.812,-121.544,6.59,3.39,mw,73,23,0.03206,0.11,nc,nc72768266,2017-05-24T02:48:09.040Z,"3 km S of San Juan Bautista, California",earthquake,0.12,0.22,,3,reviewed,nc,nc
2017-02-26T18:48:45.660Z,30.2107,83.5019,10,4.7,mb,,95,6.635,1.22,us,us20008mji,2017-05-24T02:48:09.040Z,"164 km NE of Jumla, Nepal",earthquake,6.3,1.9,0.082,46,reviewed,us,us
2017-02-26T18:45:15.500Z,18.8451,-66.3001,42,2.9,Md,11,230.4,0.57043021,0.37,pr,pr17057005,2017-02-26T20:43:35.259Z,"42 km N of Brenas, Puerto Rico",earthquake,2.2,5.7,0,6,reviewed,pr,pr
2017-02-26T17:20:05.926Z,59.8678,-148.1077,8.3,2.8,ml,,,,0.59,ak,ak0172mjvg7k,2023-08-04T21:04:42.932Z,"22 km SSW of Chenega, Alaska",earthquake,,1,,,reviewed,ak,ak
2017-02-26T16:34:08.600Z,18.7451,-63.8252,54,3.7,Md,16,342,1.44898255,0.37,pr,pr17057004,2017-05-24T02:48:09.040Z,"98 km NW of Sandy Ground Village, Anguilla",earthquake,4.3,11,0,15,reviewed,pr,pr
2017-02-26T16:27:46.210Z,40.4193333,-124.6728333,24.78,2.84,md,41,254,0.262,0.14,nc,nc72768236,2017-02-28T23:33:03.976Z,"38 km WSW of Ferndale, California",earthquake,0.69,1.6,0.14,49,reviewed,nc,nc
2017-02-26T16:04:49.200Z,35.7969,-97.1928,5.51,2.5,ml,,36,,0.52,us,us20008mj2,2017-05-24T02:48:09.040Z,"7 km SE of Meridian, Oklahoma",earthquake,1.2,5.4,,,reviewed,tul,tul
2017-02-26T15:22:00.020Z,-4.2072,102.0171,42.72,5.4,mb,,55,0.948,1.25,us,us20008miw,2017-05-24T02:48:08.040Z,"52 km SSW of Bengkulu, Indonesia",earthquake,7.1,4.6,0.051,132,reviewed,us,us
2017-02-26T15:11:36.600Z,36.5041,-99.0357,6.237,2.7,ml,,66,,0.58,us,us20008miu,2017-05-24T02:48:08.040Z,"5 km N of Quinlan, Oklahoma",earthquake,2.5,5.9,,,reviewed,tul,tul
2017-02-26T15:03:33.890Z,37.1586,141.1656,48.26,4.8,mww,,75,0.769,0.65,us,us20008mit,2017-05-24T02:48:08.040Z,"27 km ENE of Iwaki, Japan",earthquake,4.6,4.5,0.089,12,reviewed,us,us
2017-02-26T14:58:40.100Z,36.959,-121.5756667,4.46,3.6,mw,148,44,0.01487,0.19,nc,nc72768191,2021-12-21T22:10:31.097Z,"5 km S of Gilroy, California",earthquake,0.11,0.23,,3,reviewed,nc,nc
2017-02-26T14:54:46.030Z,37.2305,141.1956,60.9,4.6,mb,,64,0.714,1.16,us,us20008mip,2017-05-24T02:48:08.040Z,"32 km SSE of Namie, Japan",earthquake,6.4,5.4,0.073,56,reviewed,us,us
2017-02-26T14:48:57.720Z,-23.8103,-66.5643,207.14,4,ml,,177,2.466,0.54,us,us20008mis,2017-05-24T02:48:08.040Z,"51 km NNW of San Antonio de los Cobres, Argentina",earthquake,7.9,27.4,,,reviewed,us,guc
2017-02-26T13:59:18.620Z,47.0756667,-120.9966667,4.01,3.15,ml,37,47,0.1069,0.17,uw,uw61252706,2022-06-16T18:01:58.967Z,"12 km SSW of South Cle Elum, Washington",earthquake,0.29,0.65,0.165,15,reviewed,uw,uw
2017-02-26T13:40:29.070Z,-19.2538,-177.4318,504.96,4.4,mb,,53,4.539,0.8,us,us100087b6,2017-05-24T02:48:08.040Z,"Fiji region",earthquake,13.6,7.9,0.079,46,reviewed,us,us
2017-02-26T12:33:57.390Z,-15.004,-71.9889,95.64,4.5,mb,,124,3.926,1.45,us,us20008mi8,2017-05-24T02:48:08.040Z,"36 km S of Cayarani, Peru",earthquake,10.2,21.7,0.191,8,reviewed,us,us
2017-02-26T11:58:35.244Z,59.871,-152.5265,84.3,2.6,ml,,,,0.6,ak,ak0172mgj21w,2023-08-04T21:03:43.938Z,"40 km WNW of Anchor Point, Alaska",earthquake,,0.3,,,reviewed,ak,ak
2017-02-26T11:22:51.060Z,51.4009,-176.1888,20,2.8,ml,,,,0.25,ak,ak0172mgbdhu,2023-08-04T21:03:34.289Z,"60 km SSE of Adak, Alaska",earthquake,,0.6,,,reviewed,ak,ak
2017-02-26T10:47:50.580Z,25.5793,142.2451,35.01,4.4,mb,,139,1.511,0.63,us,us100087b5,2017-05-24T02:48:08.040Z,"Volcano Islands, Japan region",earthquake,14.1,8.8,0.117,21,reviewed,us,us
2017-02-26T10:36:12.800Z,19.2257,-64.8507,7,3.1,Md,3,342,1.00072323,0.07,pr,pr17057002,2017-02-26T11:13:22.353Z,"98 km N of Charlotte Amalie, U.S. Virgin Islands",earthquake,7.5,7.2,0,3,reviewed,pr,pr
2017-02-26T10:15:53.760Z,-5.8287,154.8112,192.23,4.5,mb,,188,3.098,0.72,us,us100087b4,2017-05-24T02:48:08.040Z,"92 km NW of Panguna, Papua New Guinea",earthquake,17.2,11.7,0.118,21,reviewed,us,us
2017-02-26T09:33:46.840Z,-7.4395,128.5199,154.55,4.2,mb,,115,4.793,1.15,us,us100087b1,2017-05-24T02:48:08.040Z,"206 km NE of Lospalos, Timor Leste",earthquake,8.7,8.9,0.215,6,reviewed,us,us
2017-02-26T09:24:34.440Z,1.2504,122.4328,42.15,4.9,mb,,84,1.656,0.94,us,us20008mhv,2017-05-24T02:48:08.040Z,"105 km NW of Gorontalo, Indonesia",earthquake,7,7.1,0.096,34,reviewed,us,us
2017-02-26T08:59:16.670Z,-28.9602,-71.5883,34.69,5,mww,,94,0.779,0.89,us,us20008mhp,2022-05-03T18:11:41.250Z,"91 km WSW of Vallenar, Chile",earthquake,5,3.8,0.089,12,reviewed,us,us
2017-02-26T08:56:28.730Z,-6.9985,129.7243,107.77,4.2,mb,,76,1.842,0.86,us,us20008mhq,2017-05-24T02:48:08.040Z,"Banda Sea",earthquake,8.8,9.9,0.146,13,reviewed,us,us
2017-02-26T08:45:10.870Z,53.8553,-163.1763,13.2,2.8,ml,,,,0.98,us,us100087jc,2023-08-04T21:03:19.148Z,"112 km S of False Pass, Alaska",earthquake,8.3,5.3,0.148,6,reviewed,ak,us
2017-02-26T08:33:21.850Z,-20.2441,-177.9772,529.38,4.2,mb,,97,4.504,0.41,us,us100087az,2017-05-24T02:48:08.040Z,"Fiji region",earthquake,13.1,7,0.132,16,reviewed,us,us
2017-02-26T06:52:23.940Z,37.2751,-98.163,5,2.6,mb_lg,,115,0.133,0.5,us,us20008mhc,2017-05-24T02:48:08.040Z,"6 km ENE of Attica, Kansas",earthquake,1.2,2,0.085,36,reviewed,us,us
2017-02-26T06:44:22.670Z,-18.6143,169.4041,255,5.5,mww,,33,2.964,0.93,us,us20008mhb,2022-05-03T19:51:10.257Z,"103 km N of Isangel, Vanuatu",earthquake,5.7,1.9,0.056,31,reviewed,us,us
2017-02-26T06:21:32.340Z,52.1429,-169.6589,31.4,3.5,mb,,,,0.66,us,us100087ja,2023-08-04T21:02:55.426Z,"103 km SSW of Nikolski, Alaska",earthquake,10,8.9,0.156,10,reviewed,ak,us
2017-02-26T05:57:03.570Z,36.4545,71.2413,103.82,4.1,mb,,81,0.856,0.63,us,us20008mh8,2017-05-24T02:48:08.040Z,"36 km SW of Ashk?sham, Afghanistan",earthquake,6.3,8.2,0.166,10,reviewed,us,us
2017-02-26T05:42:30.500Z,18.1077,-67.4079,17,2.5,Md,6,234,0.28296931,0.47,pr,pr17057001,2017-02-26T07:58:36.242Z,"23 km W of Puerto Real, Puerto Rico",earthquake,3,1.8,0,6,reviewed,pr,pr
2017-02-26T05:24:01.636Z,60.8677,-149.8619,36.1,2.8,ml,,,,0.65,ak,ak0172mcr3hf,2023-08-04T21:02:47.793Z,"13 km WSW of Hope, Alaska",earthquake,,0.4,,,reviewed,ak,ak
2017-02-26T05:07:12.210Z,25.1361,-109.8137,10,4.3,mb,,112,0.838,1.42,us,us20008mgy,2017-05-24T02:48:08.040Z,"Gulf of California",earthquake,5.4,1.9,0.052,107,reviewed,us,us
2017-02-26T04:12:12.900Z,19.1881,-64.7555,44,3.2,Md,4,338.4,1.00701143,0.21,pr,pr17057000,2017-02-26T07:57:50.059Z,"94 km N of Cruz Bay, U.S. Virgin Islands",earthquake,4.3,13.5,0,4,reviewed,pr,pr
2017-02-26T03:07:17.630Z,55.182,-160.5412,13.15,3,ml,,207,0.171,0.21,us,us100087j8,2023-08-04T21:02:07.842Z,"17 km S of Sand Point, Alaska",earthquake,4.1,4.8,,,reviewed,us,ak
2017-02-26T01:59:19.790Z,-21.7916,169.9494,10,4.5,mb,,190,1.811,0.75,us,us100087ay,2017-05-24T02:48:08.040Z,"215 km E of Tadine, New Caledonia",earthquake,12.5,2,0.191,8,reviewed,us,us
2017-02-26T01:30:04.930Z,-5.8643,153.3486,17.22,4.6,mb,,154,2.032,0.62,us,us20008mgp,2017-05-24T02:48:08.040Z,"206 km SE of Kokopo, Papua New Guinea",earthquake,9.8,5.9,0.094,34,reviewed,us,us
2017-02-26T00:44:15.200Z,-5.7401,154.8161,99.42,4.3,mb,,124,3.057,0.46,us,us100087aw,2017-05-24T02:48:08.040Z,"97 km NW of Panguna, Papua New Guinea",earthquake,14.3,8.5,0.138,15,reviewed,us,us
2017-02-26T00:28:15.780Z,52.8765,-169.3786,16.08,3.1,ml,,187,0.317,1.01,us,us100087j5,2023-08-04T21:01:27.403Z,"35 km WSW of Nikolski, Alaska",earthquake,4.9,6.1,,,reviewed,us,ak
2017-02-25T23:49:26.860Z,-36.8643,179.0253,9.45,4.4,mb,,258,0.902,0.49,us,us100086u3,2017-05-17T01:19:40.040Z,"199 km NE of Opotiki, New Zealand",earthquake,6.7,5.7,0.162,11,reviewed,us,us
2017-02-25T23:08:52.120Z,-14.8157,167.4306,163.91,5,mb,,56,5.931,0.75,us,us20008mga,2025-12-22T17:21:41.832Z,"45 km ENE of Port-Olry, Vanuatu",earthquake,5.5,6.6,0.058,95,reviewed,us,us
2017-02-25T21:47:33.700Z,18.9566,-65.4879,29,2.7,Md,3,277.2,0.67373646,0.28,pr,pr17056036,2017-02-26T00:33:17.779Z,"69 km NNE of Luquillo, Puerto Rico",earthquake,3,18.7,0,2,reviewed,pr,pr
2017-02-25T21:44:54.800Z,19.2082,-64.6285,50,2.9,Md,3,342,1.08785981,0.28,pr,pr17056035,2017-02-25T23:59:59.181Z,"98 km N of Cruz Bay, U.S. Virgin Islands",earthquake,6.9,16.8,0,2,reviewed,pr,pr
2017-02-25T21:31:33.130Z,43.7367,-105.3715,0,3,ml,,69,1.038,0.88,us,us10008jq4,2017-05-17T01:19:40.040Z,"9 km E of Wright, Wyoming",mining explosion,4.4,1.7,0.062,49,reviewed,us,us
2017-02-25T21:27:07.500Z,10.5298,126.9081,10,4.5,mb,,139,3.68,0.81,us,us100086u1,2017-05-17T01:19:40.040Z,"110 km ENE of Santa Monica, Philippines",earthquake,5.3,1.9,0.115,22,reviewed,us,us
2017-02-25T21:24:04.670Z,43.7433,-105.291,0,3.5,ml,,51,0.982,0.46,us,us20008mfz,2017-05-17T01:19:40.040Z,"16 km E of Wright, Wyoming",mining explosion,4.9,2,0.056,58,reviewed,us,us
2017-02-25T21:08:49.460Z,-1.1248,126.9045,17.44,4.8,mb,,65,8.119,0.74,us,us20008mfy,2017-05-17T01:19:40.040Z,"218 km SSW of Sofifi, Indonesia",earthquake,7.8,4.2,0.071,62,reviewed,us,us
2017-02-25T21:06:04.610Z,37.059,36.0706,2.31,4.6,mb,,50,0.917,0.74,us,us20008mfu,2017-05-17T01:19:40.040Z,"6 km W of Toprakkale, Turkey",earthquake,5,4.8,0.066,69,reviewed,us,us
2017-02-25T20:11:44.050Z,36.1786,139.8249,55.99,4.1,mwr,,133,1.358,0.86,us,us20008mfp,2017-05-17T01:19:40.040Z,"9 km NNE of Sakai, Japan",earthquake,5.5,5.6,0.062,25,reviewed,us,us
2017-02-25T19:24:52.160Z,31.0068,103.652,10,4.5,mb,,43,5.087,0.54,us,us20008mfi,2017-05-17T01:19:40.040Z,"27 km W of Tianpeng, China",earthquake,8.5,1.9,0.085,40,reviewed,us,us
2017-02-25T19:02:34.820Z,43.7853,-105.3133,0,3.3,ml,,33,0.981,0.51,us,us20008mfd,2017-05-17T01:19:40.040Z,"14 km ENE of Wright, Wyoming",mining explosion,5.5,2,0.056,66,reviewed,us,us
2017-02-25T19:01:38.370Z,10.4092,126.7858,10,4.5,mb,,138,16.488,0.46,us,us100086ty,2017-05-17T01:19:40.040Z,"92 km ENE of Santa Monica, Philippines",earthquake,9.9,1.9,0.136,16,reviewed,us,us
2017-02-25T18:57:24.920Z,10.5414,126.769,10,5.2,mb,,50,3.644,1.01,us,us20008mfc,2017-05-17T01:19:40.040Z,"98 km NE of Santa Monica, Philippines",earthquake,8.4,1.8,0.045,166,reviewed,us,us
2017-02-25T18:14:32.260Z,34.7503,22.9906,24.47,4,mb,,219,1.648,1.35,us,us100086tw,2017-05-17T01:19:40.040Z,"82 km SW of Palaióchora, Greece",earthquake,10.6,9.7,0.211,6,reviewed,us,us
2017-02-25T18:01:10.907Z,61.6235,-149.8412,38.1,2.5,ml,,,,0.46,ak,ak0172kwth3m,2023-08-04T21:00:05.219Z,"1 km WSW of Houston, Alaska",earthquake,,0.4,,,reviewed,ak,ak
2017-02-25T17:58:36.610Z,14.8097,-93.8354,35.5,4.1,mb,,172,1.07,1.29,us,us100086c5,2017-05-17T01:19:39.040Z,"101 km SW of La Esperanza (El Zapotal), Mexico",earthquake,5.8,12.5,0.135,15,reviewed,us,us
2017-02-25T17:53:28.830Z,37.3906667,-121.7381667,7.83,2.64,md,144,57,0.03022,0.13,nc,nc72767851,2017-03-01T02:49:03.008Z,"Northern California",earthquake,0.11,0.29,0.169,104,reviewed,nc,nc
2017-02-25T17:51:53.610Z,26.4738,129.3539,34.6,4.1,mb,,93,1.032,0.84,us,us100086u2,2017-05-17T01:19:39.040Z,"Ryukyu Islands, Japan",earthquake,5.4,5.7,0.127,17,reviewed,us,us
2017-02-25T17:31:02.000Z,36.2145,-97.5568,7.252,3.4,ml,,23,,0.23,us,us20008mex,2017-05-17T01:19:39.040Z,"9 km NE of Marshall, Oklahoma",earthquake,1,4,,,reviewed,tul,tul
2017-02-25T17:20:10.760Z,36.4276,141.0887,35.56,4.3,mb,,130,1.458,0.74,us,us20008mkg,2017-05-17T01:19:39.040Z,"43 km ESE of Hitachi, Japan",earthquake,3.2,9.5,0.119,21,reviewed,us,us
2017-02-25T17:19:35.220Z,1.4127,31.1166,10,4.7,mb,,118,2.036,0.68,us,us20008mew,2017-05-17T01:19:39.040Z,"26 km W of Hoima, Uganda",earthquake,6.1,1.8,0.077,51,reviewed,us,us
2017-02-25T17:02:30.490Z,42.7035,141.6367,135.62,4.2,mb,,79,1.32,1.18,us,us100086tu,2017-05-17T01:19:39.040Z,"7 km NNE of Tomakomai, Japan",earthquake,6.8,9.2,0.14,14,reviewed,us,us
2017-02-25T16:03:44.260Z,31.1548,140.3244,100.69,4.9,mb,,103,2.002,1.19,us,us20008meq,2017-05-17T01:19:39.040Z,"Izu Islands, Japan region",earthquake,7.3,6.5,0.055,102,reviewed,us,us
2017-02-25T15:14:15.560Z,-32.1337,-178.877,40.8,4.9,mb,,81,2.992,0.67,us,us20008mem,2017-05-17T01:19:39.040Z,"south of the Kermadec Islands",earthquake,9,5.5,0.101,31,reviewed,us,us
2017-02-25T15:14:10.743Z,57.6309,-155.8236,78.5,2.9,ml,,,,0.52,ak,ak0172kv3yky,2023-08-04T20:59:53.228Z,"82 km W of Karluk, Alaska",earthquake,,0.4,,,reviewed,ak,ak
2017-02-25T15:09:14.800Z,19.2693,-64.8292,52,3.2,Md,3,338.4,1.04743562,0.09,pr,pr17056032,2017-02-25T16:33:55.794Z,"Virgin Islands",earthquake,2.7,7.4,0,2,reviewed,pr,pr
2017-02-25T14:40:30.700Z,18.773,-65.4889,74,3,Md,3,298.8,0.50305656,0.28,pr,pr17056031,2017-02-25T15:51:31.197Z,"50 km NNE of Luquillo, Puerto Rico",earthquake,5.9,5.5,0,3,reviewed,pr,pr
2017-02-25T14:29:14.900Z,18.8547,-65.4757,7,2.8,Md,5,284.4,0.57402347,0.18,pr,pr17056033,2017-02-25T16:35:26.102Z,"59 km NNE of Luquillo, Puerto Rico",earthquake,5.2,4.4,0,3,reviewed,pr,pr
2017-02-25T14:01:50.110Z,-21.5642,-177.8561,480.27,4.2,mb,,229,5.412,0.8,us,us100086tq,2017-05-17T01:19:39.040Z,"277 km W of Haveluloto, Tonga",earthquake,8.8,12.7,0.089,35,reviewed,us,us
2017-02-25T14:00:31.710Z,-29.1774,-67.9683,103.9,4.8,mww,,32,2.015,0.75,us,us20008meg,2017-05-17T01:19:39.040Z,"45 km W of Chilecito, Argentina",earthquake,6.8,4.4,0.066,22,reviewed,us,us
2017-02-25T13:24:40.010Z,-5.9748,147.391,100.3,5,mb,,39,3.415,1.2,us,us20008meb,2017-05-17T01:19:39.040Z,"81 km NW of Finschhafen, Papua New Guinea",earthquake,8.3,6,0.107,28,reviewed,us,us
2017-02-25T12:49:39.140Z,-4.5978,152.5956,65.5,4.4,mb,,116,0.59,0.79,us,us100086tp,2017-05-17T01:19:39.040Z,"45 km SE of Kokopo, Papua New Guinea",earthquake,10.6,7.5,0.09,36,reviewed,us,us
2017-02-25T12:01:32.660Z,38.8198333,-122.804,3.44,2.9,md,70,42,0.00593,0.05,nc,nc72767726,2017-02-28T23:14:03.733Z,"7 km W of Cobb, California",earthquake,0.11,0.15,0.271,73,reviewed,nc,nc
2017-02-25T11:56:38.600Z,18.1331,-67.9196,166,3.4,Md,16,316.8,0.48688688,0.52,pr,pr17056024,2017-05-17T01:19:39.040Z,"71 km SE of Punta Cana, Dominican Republic",earthquake,5.5,1.6,0,15,reviewed,pr,pr
2017-02-25T10:36:42.970Z,37.0586,-97.3731,5.91,2.6,mb_lg,,142,0.095,0.2,us,us20008mdh,2017-05-17T01:19:39.040Z,"2 km ENE of South Haven, Kansas",earthquake,1.6,1.2,0.104,24,reviewed,us,us
2017-02-25T09:36:21.900Z,19.2583,-64.8236,56,3.1,Md,4,338.4,1.0402491,0.18,pr,pr17056026,2017-05-17T01:19:39.040Z,"102 km N of Charlotte Amalie, U.S. Virgin Islands",earthquake,4.5,10.4,0,3,reviewed,pr,pr
2017-02-25T09:21:22.850Z,42.8722,147.4139,10,4.5,mb,,137,3.264,0.53,us,us20008md6,2017-05-17T01:19:39.040Z,"117 km SSE of Shikotan, Russia",earthquake,8.9,1.9,0.107,26,reviewed,us,us
2017-02-25T09:08:57.500Z,19.2716,-64.8888,34,3,Md,3,342,1.028571,0.28,pr,pr17056025,2017-02-25T13:08:59.613Z,"103 km N of Charlotte Amalie, U.S. Virgin Islands",earthquake,4.9,22.5,0,3,reviewed,pr,pr
2017-02-25T09:03:06.270Z,35.0946,-35.2951,10,4.7,mb,,102,15.191,0.78,us,us20008md7,2025-12-22T17:21:38.511Z,"northern Mid-Atlantic Ridge",earthquake,11.5,1.9,0.06,84,reviewed,us,us
2017-02-25T08:46:09.790Z,-5.8772,150.4267,28.06,4.2,mb,,131,2.229,0.78,us,us100086tm,2017-05-17T01:19:39.040Z,"48 km SE of Kimbe, Papua New Guinea",earthquake,12.7,10,0.153,12,reviewed,us,us
2017-02-25T08:01:34.960Z,5.2775,96.4632,27.79,4.3,mb,,136,0.484,1.04,us,us100086tj,2017-05-17T01:19:39.040Z,"21 km ENE of Reuleuet, Indonesia",earthquake,8.7,4,0.138,15,reviewed,us,us
2017-02-25T07:30:59.370Z,12.6701,143.2964,73.58,4.5,mb,,109,1.783,0.66,us,us100086ti,2017-05-17T01:19:39.040Z,"162 km WSW of Merizo Village, Guam",earthquake,12.7,9.1,0.099,30,reviewed,us,us
2017-02-25T06:01:20.600Z,19.2378,-64.8277,48,3.1,Md,4,338.4,1.01958785,0.1,pr,pr17056021,2017-02-25T11:29:32.996Z,"99 km N of Charlotte Amalie, U.S. Virgin Islands",earthquake,3.2,9.1,0,3,reviewed,pr,pr
2017-02-25T05:58:15.500Z,19.312,-64.8929,7,2.9,Md,3,338.4,1.06450361,0.12,pr,pr17056020,2017-02-25T11:36:54.348Z,"107 km N of Charlotte Amalie, U.S. Virgin Islands",earthquake,9.7,9.3,0,3,reviewed,pr,pr
2017-02-25T05:58:01.820Z,24.356,141.494,182.36,4.3,mb,,143,2.798,0.83,us,us100086tg,2017-05-17T01:19:39.040Z,"Volcano Islands, Japan region",earthquake,14.7,9.5,0.113,22,reviewed,us,us
2017-02-25T05:50:11.500Z,18.8292,-64.7675,109,3.3,Md,3,345.6,0.71236402,0.28,pr,pr17056018,2017-05-17T01:19:39.040Z,"55 km N of Cruz Bay, U.S. Virgin Islands",earthquake,12.5,4.8,0,3,reviewed,pr,pr
2017-02-25T05:33:31.200Z,18.7842,-67.0104,63,2.8,Md,3,320.4,0.60905776,0.3,pr,pr17056017,2017-02-25T11:35:03.937Z,"31 km N of Isabela, Puerto Rico",earthquake,7.9,10.2,0,3,reviewed,pr,pr
2017-02-25T05:19:37.900Z,18.8145,-66.8704,65,2.6,Md,4,320.4,0.66744826,0.3,pr,pr17056014,2017-02-25T11:34:28.731Z,"36 km N of Hatillo, Puerto Rico",earthquake,7.3,10.3,0,4,reviewed,pr,pr
2017-02-25T05:04:55.500Z,18.9489,-66.9797,11,3,Md,10,284.4,0.49407341,0.25,pr,pr17056012,2017-02-25T11:32:58.466Z,"49 km N of Isabela, Puerto Rico",earthquake,1.9,2.9,0,10,reviewed,pr,pr
2017-02-25T04:54:25.200Z,18.8838,-67.0513,12,2.8,Md,8,291.6,0.60276956,0.28,pr,pr17056019,2017-02-25T11:26:02.532Z,"42 km N of Isabela, Puerto Rico",earthquake,2.1,3.3,0,6,reviewed,pr,pr
2017-02-25T04:52:55.100Z,38.7647,142.2577,38.55,4.6,mb,,125,1.46,0.63,us,us20008mcu,2017-05-17T01:19:39.040Z,"57 km SE of ?funato, Japan",earthquake,7.5,6.2,0.071,59,reviewed,us,us
2017-02-25T04:46:25.000Z,18.349,-67.1238,132,3,Md,5,298.8,0.1760698,0.18,pr,pr17056010,2017-02-25T10:29:26.095Z,"3 km ESE of Luyando, Puerto Rico",earthquake,7.2,1.5,0,5,reviewed,pr,pr
2017-02-25T04:42:03.100Z,18.9409,-66.999,28,3.3,Md,13,288,0.48239531,0.23,pr,pr17056004,2017-02-25T09:43:34.426Z,"48 km N of Isabela, Puerto Rico",earthquake,1,5.6,0,13,reviewed,pr,pr
2017-02-25T04:39:59.120Z,47.6843,147.0564,402.89,4.6,mb,,108,3.011,0.63,us,us20008mcs,2017-05-17T01:19:39.040Z,"280 km NNW of Kuril’sk, Russia",earthquake,10.3,6.2,0.029,342,reviewed,us,us
2017-02-25T04:38:06.800Z,18.8715,-66.1256,47,2.7,Md,3,324,0.77075451,0.14,pr,pr17056027,2017-02-25T13:40:47.499Z,"44 km N of San Juan, Puerto Rico",earthquake,3.9,9.7,0,2,reviewed,pr,pr
2017-02-25T04:37:49.000Z,18.8477,-67.008,61,2.9,Md,5,324,0.5524639,0.34,pr,pr17056030,2017-02-25T13:03:08.934Z,"38 km N of Isabela, Puerto Rico",earthquake,3.4,5.5,0,4,reviewed,pr,pr
2017-02-25T04:32:41.000Z,19.1737,-64.4998,95,3.3,Md,4,342,1.13636883,0.31,pr,pr17056028,2017-05-17T01:19:39.040Z,"98 km NNE of Cruz Bay, U.S. Virgin Islands",earthquake,9.7,15.6,0,3,reviewed,pr,pr
2017-02-25T04:15:29.900Z,19.135,-64.6552,56,3.8,Md,12,324,1.01509627,0.4,pr,pr17056000,2017-05-17T01:19:39.040Z,"90 km N of Cruz Bay, U.S. Virgin Islands",earthquake,6.7,14.3,0,7,reviewed,pr,pr
2017-02-25T03:56:05.190Z,0.2163,122.1992,180.16,4.2,mb,,136,1.374,0.66,us,us100086te,2017-05-17T01:19:39.040Z,"102 km WSW of Gorontalo, Indonesia",earthquake,11,5.3,0.147,13,reviewed,us,us
2017-02-25T03:46:43.300Z,19.2283,-64.81,44,3.3,Md,6,327.6,1.01868953,0.11,pr,pr17056016,2017-05-17T01:19:39.040Z,"98 km N of Charlotte Amalie, U.S. Virgin Islands",earthquake,3,9.3,0,5,reviewed,pr,pr
2017-02-25T03:45:20.600Z,19.2085,-64.7922,57,3,Md,3,338.4,1.00880806,0.07,pr,pr17056015,2017-02-25T10:56:14.208Z,"97 km N of Charlotte Amalie, U.S. Virgin Islands",earthquake,3,7,0,3,reviewed,pr,pr
2017-02-25T03:44:03.400Z,19.159,-64.7642,58,2.8,Md,3,338.4,0.97826534,0.25,pr,pr17056008,2017-02-25T10:14:49.326Z,"91 km N of Cruz Bay, U.S. Virgin Islands",earthquake,6.1,12.3,0,3,reviewed,pr,pr
2017-02-25T03:36:41.400Z,19.03,-64.4105,36,3.3,Md,3,349.2,1.09504633,0.28,pr,pr17056007,2017-05-17T01:19:39.040Z,"87 km NNE of Cruz Bay, U.S. Virgin Islands",earthquake,8.7,19.7,0,3,reviewed,pr,pr
2017-02-25T03:34:01.800Z,19.2973,-64.9725,54,3.3,Md,6,324,1.02677437,0.2,pr,pr17056005,2017-05-17T01:19:39.040Z,"105 km N of Charlotte Amalie, U.S. Virgin Islands",earthquake,4.3,11.4,0,5,reviewed,pr,pr
2017-02-25T03:22:40.400Z,19.2014,-64.732,51,3.3,Md,6,331.2,1.02946932,0.2,pr,pr17056013,2017-05-17T01:19:39.040Z,"96 km N of Cruz Bay, U.S. Virgin Islands",earthquake,4.8,12.9,0,6,reviewed,pr,pr
2017-02-25T03:21:46.700Z,19.2504,-64.7676,60,3,Md,3,338.4,1.05641877,0.02,pr,pr17056011,2017-05-17T01:19:39.040Z,"101 km N of Cruz Bay, U.S. Virgin Islands",earthquake,2.2,6.8,0,3,reviewed,pr,pr
2017-02-25T03:06:10.500Z,18.8327,-68.1451,66,3.4,Md,10,252,0.3880722,0.57,pr,pr17056009,2017-05-17T01:19:39.040Z,"38 km NE of Punta Cana, Dominican Republic",earthquake,6.4,5.8,0,9,reviewed,pr,pr
2017-02-25T03:06:03.500Z,19.0797,-64.8096,64,3.1,Md,3,342,0.88933213,0.23,pr,pr17056006,2017-05-17T01:19:39.040Z,"82 km N of Charlotte Amalie, U.S. Virgin Islands",earthquake,9.5,11.2,0,2,reviewed,pr,pr
2017-02-25T02:57:27.600Z,19.1854,-65.1713,48,3.2,Md,6,320.4,0.87945066,0.37,pr,pr17056003,2017-02-25T06:46:29.821Z,"96 km NNW of Charlotte Amalie, U.S. Virgin Islands",earthquake,5.2,14.8,0,3,reviewed,pr,pr
2017-02-25T02:53:18.100Z,19.2682,-65.116,16,3.1,Md,4,331.2,0.96838388,0.3,pr,pr17056002,2017-02-25T06:30:22.989Z,"104 km N of Charlotte Amalie, U.S. Virgin Islands",earthquake,11.4,22.9,0,3,reviewed,pr,pr
2017-02-25T02:50:45.300Z,19.4503,-64.9596,41,3.4,Md,7,302.4,1.44718592,0.25,pr,pr17056001,2017-05-17T01:19:39.040Z,"122 km N of Charlotte Amalie, U.S. Virgin Islands",earthquake,2.8,17.9,0,5,reviewed,pr,pr
2017-02-25T02:50:06.580Z,29.4685,130.671,27.09,4.8,mb,,125,2.042,0.59,us,us20008mcl,2017-05-17T01:19:39.040Z,"85 km S of Koshima, Japan",earthquake,7.3,5.5,0.062,81,reviewed,us,us
2017-02-25T02:31:24.480Z,-19.4876,-69.0941,108.46,5.2,mww,,43,0.591,0.83,us,us20008mc5,2025-12-22T17:21:37.799Z,"136 km NE of Iquique, Chile",earthquake,6,3.6,0.061,26,reviewed,us,us
2017-02-25T02:29:04.770Z,61.4171,-152.2572,134.3,2.8,ml,,,,0.45,ak,ak0172kngizx,2023-08-04T20:58:16.322Z,"70 km WNW of Beluga, Alaska",earthquake,,0.3,,,reviewed,ak,ak
2017-02-25T01:18:54.950Z,36.0606,140.0234,54.58,4.3,mb,,150,1.547,0.59,us,us20008mkc,2017-05-17T01:19:39.040Z,"6 km NE of Mitsukaid?, Japan",earthquake,7.4,8.5,0.168,10,reviewed,us,us
2017-02-25T01:11:37.890Z,-7.26,130.4187,37.28,4.8,mb,,67,1.129,0.97,us,us20008mbt,2017-05-17T01:19:39.040Z,"Pulau Pulau Tanimbar, Indonesia",earthquake,7.3,3.3,0.082,46,reviewed,us,us
2017-02-25T00:47:52.190Z,48.6041,154.7752,52.88,4.2,mb,,169,4.875,0.61,us,us100086tb,2017-05-17T01:19:39.040Z,"250 km SSW of Severo-Kuril’sk, Russia",earthquake,12.1,3.6,0.128,17,reviewed,us,us
2017-02-25T00:36:21.440Z,-17.8196,-178.3765,593.38,4.2,mb,,168,3.402,0.38,us,us100086t9,2017-05-17T01:19:39.040Z,"245 km E of Levuka, Fiji",earthquake,10.6,11.1,0.124,18,reviewed,us,us
2017-02-24T23:46:45.410Z,-17.9647,-178.4384,581.62,5.9,mww,,29,3.349,0.79,us,us20008man,2022-05-03T19:51:08.978Z,"237 km E of Levuka, Fiji",earthquake,9.3,3.5,0.103,9,reviewed,us,us
2017-02-24T22:21:31.520Z,12.8254,145.0034,61.09,4.3,mb,,119,0.77,0.57,us,us100086t3,2017-05-17T01:19:38.040Z,"56 km SSE of Inarajan Village, Guam",earthquake,6.1,6.6,0.071,56,reviewed,us,us
2017-02-24T22:05:46.720Z,-17.9137,-178.2028,578.98,4.3,mb,,96,3.57,0.9,us,us100086t2,2017-05-17T01:19:38.040Z,"263 km E of Levuka, Fiji",earthquake,15.1,9.6,0.089,36,reviewed,us,us
2017-02-24T19:26:49.540Z,52.8334,-174.5239,191.95,4.5,mb,,145,1.631,0.77,us,us20008m90,2023-08-04T20:57:38.296Z,"74 km NNW of Atka, Alaska",earthquake,11.4,8.6,0.04,180,reviewed,us,us
2017-02-24T19:21:33.700Z,36.2702,-97.348,7.993,2.8,ml,,28,,0.31,us,us20008m8t,2017-05-17T01:19:38.040Z,"5 km WSW of Perry, Oklahoma",earthquake,1,3.1,,,reviewed,tul,tul
2017-02-24T19:16:53.060Z,18.4384,-25.2443,16.25,4.9,mb,,58,3.788,0.85,us,us20008m8v,2021-12-30T11:37:42.704Z,"137 km N of Ponta do Sol, Cabo Verde",earthquake,8.6,4.2,0.054,107,reviewed,us,us
2017-02-24T19:07:56.210Z,-43.1081,-74.4857,15.44,4.2,mb,,204,0.601,0.74,us,us20008m8n,2017-05-17T01:19:38.040Z,"70 km W of Quellón, Chile",earthquake,3.2,5.4,0.166,11,reviewed,us,us
2017-02-24T18:47:20.100Z,36.4876,-97.7636,7.457,3,ml,,35,,0.18,us,us20008m8e,2017-05-17T01:19:38.040Z,"6 km NNW of Breckinridge, Oklahoma",earthquake,0.9,4.7,,,reviewed,tul,tul
2017-02-24T18:43:55.640Z,-10.4115,161.2331,49.05,4.3,mb,,131,1.593,0.63,us,us100086sz,2017-05-17T01:19:38.040Z,"75 km W of Kirakira, Solomon Islands",earthquake,6.8,10,0.169,10,reviewed,us,us
2017-02-24T18:34:14.580Z,-32.5642,-179.9737,10,4.2,mb,,239,5.182,0.35,us,us100086sy,2017-05-17T01:19:38.040Z,"south of the Kermadec Islands",earthquake,8.6,2,0.264,4,reviewed,us,us
2017-02-24T18:27:51.420Z,6.0571,126.7708,79.72,4.2,mb,,115,1.553,0.98,us,us100086sx,2017-05-17T01:19:38.040Z,"73 km ESE of Pondaguitan, Philippines",earthquake,4.7,8.6,0.112,23,reviewed,us,us
2017-02-24T18:01:42.400Z,36.2193,-97.5657,7.992,2.6,ml,,26,,0.18,us,us20008m5j,2017-05-17T01:19:38.040Z,"9 km NE of Marshall, Oklahoma",earthquake,0.6,5.1,,,reviewed,tul,tul
2017-02-24T17:57:59.760Z,-16.3378,-175.5101,10,4.7,mb,,152,5.977,0.67,us,us100086sw,2017-05-17T01:19:38.040Z,"188 km WSW of Hihifo, Tonga",earthquake,9.4,1.9,0.134,18,reviewed,us,us
2017-02-24T17:28:44.840Z,-23.2593,-178.8036,414.5,6.9,mww,,19,6.012,0.95,us,us20008m3t,2022-05-03T18:57:37.722Z,"south of the Fiji Islands",earthquake,8.6,3.5,,,reviewed,us,us
2017-02-24T17:07:35.530Z,45.0865,-106.6669,0,2.7,ml,,91,1.632,1.27,us,us10008jpx,2017-05-17T01:19:38.040Z,"28 km SSW of Birney, Montana",mining explosion,4.2,2,0.055,44,reviewed,us,us
2017-02-24T16:51:32.190Z,19.0841,145.1152,255.72,3.8,mb,,119,17.829,1.01,us,us100086su,2017-05-17T01:19:38.040Z,"Maug Islands region, Northern Mariana Islands",earthquake,8.4,10.6,0.111,21,reviewed,us,us
2017-02-24T16:39:41.110Z,-29.9413,-177.0136,10,5.1,mb,,135,1.057,1.42,us,us20008m2u,2025-12-22T17:37:54.631Z,"Kermadec Islands, New Zealand",earthquake,9.1,1.8,0.08,51,reviewed,us,us
2017-02-24T16:19:02.200Z,-20.3069,-178.8388,542.68,4.2,mb,,245,3.891,0.61,us,us100086st,2017-05-17T01:19:38.040Z,"Fiji region",earthquake,14.9,25.1,0.128,17,reviewed,us,us
2017-02-24T16:17:20.830Z,-22.5425,173.0418,58.56,4.6,mb,,124,4.768,0.54,us,us20008m2p,2017-05-17T01:19:38.040Z,"southeast of the Loyalty Islands",earthquake,5.6,9.6,0.107,26,reviewed,us,us
2017-02-24T16:00:43.700Z,-33.1486,-69.6519,10,4.4,mb,,62,0.574,1.38,us,us20008m2h,2017-05-17T01:19:38.040Z,"82 km WSW of Mendoza, Argentina",earthquake,3.5,1.6,0.203,7,reviewed,us,us
2017-02-24T15:39:38.900Z,19.4556,-65.0335,63,3.3,Md,5,313.2,1.16601324,0.07,pr,pr17055005,2017-05-17T01:19:38.040Z,"123 km N of Charlotte Amalie, U.S. Virgin Islands",earthquake,2.7,8.1,0,3,reviewed,pr,pr
2017-02-24T14:44:33.000Z,18.9615,-66.0185,27,3,Md,3,324,0.70338087,0.17,pr,pr17055004,2017-02-24T16:15:19.877Z,"55 km N of San Juan, Puerto Rico",earthquake,1.8,13.7,0,2,reviewed,pr,pr
2017-02-24T14:08:25.200Z,19.3941,-65.092,68,2.8,Md,3,338.4,1.09504633,0.14,pr,pr17055003,2017-05-17T01:19:38.040Z,"117 km N of Charlotte Amalie, U.S. Virgin Islands",earthquake,5.1,9.8,0,2,reviewed,pr,pr
2017-02-24T13:41:14.840Z,12.5963,-87.8264,77.75,4.9,mb,,58,0.764,1.08,us,us20008m19,2017-05-17T01:19:38.040Z,"43 km WSW of Jiquilillo, Nicaragua",earthquake,6.3,5.3,0.059,90,reviewed,us,us
2017-02-24T13:17:11.250Z,9.6157,121.9622,48.94,4.4,mb,,192,5.589,0.96,us,us100086sr,2017-05-17T01:19:38.040Z,"50 km WSW of Sipalay, Philippines",earthquake,5.8,12.7,0.219,6,reviewed,us,us
2017-02-24T12:54:23.200Z,36.7565,-98.0625,7.455,2.6,ml,,51,,0.48,us,us20008m0x,2017-05-17T01:19:38.040Z,"8 km E of Nescatunga, Oklahoma",earthquake,1.2,5.1,,,reviewed,tul,tul
2017-02-24T12:50:59.750Z,36.2435,69.9842,134.58,4.3,mb,,75,1,0.68,us,us20008m0y,2017-05-17T01:19:38.040Z,"38 km SSE of Farkh?r, Afghanistan",earthquake,5.8,5.7,0.076,49,reviewed,us,us
2017-02-24T12:30:38.997Z,59.9582,-153.1348,106.8,2.5,ml,,,,0.44,ak,ak0172j5vswr,2023-08-04T20:56:33.224Z,"57 km ENE of Pedro Bay, Alaska",earthquake,,0.2,,,reviewed,ak,ak
2017-02-24T12:28:24.830Z,49.6697,-129.1491,10,5.2,mww,,140,1.171,0.94,us,us20008m0k,2025-12-22T17:21:37.082Z,"179 km SW of Port McNeill, Canada",earthquake,3.7,1.7,,,reviewed,us,us
2017-02-24T12:28:16.800Z,36.4693,-98.7499,6.374,2.7,ml,,72,,0.3,us,us20008m0j,2017-05-17T01:19:38.040Z,"17 km SE of Waynoka, Oklahoma",earthquake,1.7,6.6,,,reviewed,tul,tul
2017-02-24T12:02:50.650Z,24.0437,93.4825,59.8,5,mb,,43,0.769,0.81,us,us20008m0e,2022-05-03T18:11:40.054Z,"37 km SSW of Chur?ch?ndpur, India",earthquake,5.1,5,0.048,137,reviewed,us,us
2017-02-24T10:56:24.770Z,-59.921,-27.0186,10,4.6,mb,,185,7.644,1.37,us,us100086t6,2017-05-17T01:19:38.040Z,"South Sandwich Islands region",earthquake,7.5,1.9,0.107,26,reviewed,us,us
2017-02-24T10:54:15.260Z,6.8171,-73.0117,152.26,4.4,mb,,42,0.92,0.84,us,us20008m02,2017-05-17T01:19:38.040Z,"8 km NNW of Cepitá, Colombia",earthquake,7.8,8.3,0.038,200,reviewed,us,us
2017-02-24T10:53:17.990Z,-31.2161,-64.6228,73.57,3.4,md,,75,4.875,1.22,us,us20008mk6,2017-05-17T01:19:38.040Z,"15 km WNW of Cosquín, Argentina",earthquake,4.5,15.6,,,reviewed,us,sja
2017-02-24T10:45:20.700Z,-16.2569,-71.6311,94.34,4.3,mb,,128,2.436,1.06,us,us20008lzy,2017-05-17T01:19:38.040Z,"5 km NNW of Cono Norte, Peru",earthquake,8.1,8.6,0.125,18,reviewed,us,us
2017-02-24T10:24:04.230Z,51.2867,176.3883,10,4.9,mb,,133,1.828,0.82,us,us20008lzu,2023-08-04T20:56:25.970Z,"279 km SE of Attu Station, Alaska",earthquake,3.1,1.9,0.035,255,reviewed,us,us
2017-02-24T09:46:09.760Z,-47.687,165.672,22.52,4.4,mb,,126,1.671,0.98,us,us100086sm,2017-05-17T01:19:38.040Z,"232 km SW of Riverton, New Zealand",earthquake,6.3,7,0.139,15,reviewed,us,us
2017-02-24T09:44:18.630Z,-9.6565,159.7863,27.47,4.9,mb,,46,0.268,0.69,us,us20008lzm,2017-05-17T01:19:38.040Z,"8 km ENE of Malango, Solomon Islands",earthquake,6.5,4.3,0.05,125,reviewed,us,us
2017-02-24T09:33:03.360Z,-17.5304,66.4825,10,4.4,mb,,123,3.688,0.59,us,us100086sl,2017-05-17T01:19:38.040Z,"Mauritius - Reunion region",earthquake,10.3,1.8,0.19,8,reviewed,us,us
2017-02-24T09:26:09.272Z,59.7064,-152.9799,96.8,3.3,ml,,,,0.55,ak,ak0172j42kxr,2023-08-04T20:56:13.528Z,"63 km E of Pedro Bay, Alaska",earthquake,,0.2,,,reviewed,ak,ak
2017-02-24T08:53:32.310Z,52.2748,-165.0766,10,2.9,ml,,247,1.793,0.6,us,us100086zr,2023-08-04T20:56:11.759Z,"203 km SSE of Unalaska, Alaska",earthquake,4.4,2,,,reviewed,us,ak
2017-02-24T08:22:36.420Z,4.7036,96.9622,174.81,5,mb,,110,0.522,0.7,us,us20008lz4,2017-05-17T01:19:38.040Z,"northern Sumatra, Indonesia",earthquake,8.2,7.1,0.059,90,reviewed,us,us
2017-02-24T06:35:56.040Z,43.4574,-127.1669,10,3.3,ml,,239,2.283,0.81,us,us20008lyk,2017-05-17T01:19:38.040Z,"226 km W of Bandon, Oregon",earthquake,7.7,2,0.048,56,reviewed,us,us
2017-02-24T06:17:57.360Z,-44.9953,-14.2686,10,4.6,mb,,107,8.055,0.76,us,us100086t4,2017-05-17T01:19:38.040Z,"southern Mid-Atlantic Ridge",earthquake,9.7,1.9,0.223,6,reviewed,us,us
2017-02-24T06:13:27.657Z,50.214,-177.2405,24.8,2.5,ml,,,,0.36,ak,ak0172j27j8d,2023-08-04T20:55:38.566Z,"189 km SSW of Adak, Alaska",earthquake,,10.4,,,reviewed,ak,ak
2017-02-24T05:59:07.350Z,-55.3028,-30.6778,10,5.3,mb,,78,3.515,0.55,us,us20008lyf,2025-12-22T17:21:35.300Z,"South Sandwich Islands region",earthquake,9.9,1.2,0.059,97,reviewed,us,us
2017-02-24T03:15:52.070Z,52.0433,-175.9719,126.4,2.6,ml,,,,0.37,us,us100086zp,2023-08-04T20:54:52.163Z,"49 km ENE of Adak, Alaska",earthquake,32.7,5.2,,,reviewed,ak,ak
2017-02-24T03:11:41.310Z,-15.8273,-71.6347,142.04,4.9,mb,,126,2.708,0.91,us,us20008lxn,2025-12-22T17:21:36.284Z,"19 km WSW of Huarancante, Peru",earthquake,7.5,5.5,0.058,94,reviewed,us,us
2017-02-24T03:02:16.700Z,19.0743,-66.0747,16,3.2,Md,4,306,0.82465343,0.25,pr,pr17055000,2017-02-24T04:08:48.779Z,"67 km N of San Juan, Puerto Rico",earthquake,8.2,15.9,0,4,reviewed,pr,pr
2017-02-24T01:57:46.030Z,-5.7826,154.9169,172.53,4.2,mb,,90,3.165,1.05,us,us20008lxf,2017-05-17T01:19:37.040Z,"Bougainville region, Papua New Guinea",earthquake,13.7,9.4,0.136,15,reviewed,us,us
2017-02-24T01:19:15.660Z,-8.4886,29.9674,33.62,4.2,mb,,80,7.872,1.13,us,us100086se,2017-05-17T01:19:37.040Z,"33 km E of Kaputa, Zambia",earthquake,6,7.8,0.235,5,reviewed,us,us
2017-02-24T00:57:41.710Z,-8.4716,30.0345,35,4.2,mb,,80,7.849,1.27,us,us100086sd,2017-05-17T01:19:37.040Z,"41 km E of Kaputa, Zambia",earthquake,12.1,2,0.186,8,reviewed,us,us
2017-02-24T00:49:48.500Z,52.0459,-176.1601,200.64,4.2,mb,,174,0.077,0.63,us,us100086sc,2023-08-04T20:54:12.355Z,"37 km ENE of Adak, Alaska",earthquake,18.4,3,0.091,33,reviewed,us,us
2017-02-24T00:32:17.800Z,-8.4404,30.0305,30,5.9,mww,,16,7.03,1.2,us,us20008lww,2022-05-07T11:14:49.704Z,"40 km E of Kaputa, Zambia",earthquake,7.4,1.7,0.053,34,reviewed,us,us
2017-02-24T00:20:33.829Z,61.212,-151.4412,73.2,2.8,ml,,,,0.65,ak,ak0172iyog3a,2023-08-04T20:54:04.908Z,"20 km WNW of Beluga, Alaska",earthquake,,0.2,,,reviewed,ak,ak
2017-02-23T23:54:51.720Z,39.9021,143.1389,26.51,4.5,mb,,168,1.816,0.88,us,us20008lwe,2017-05-17T01:19:37.040Z,"off the east coast of Honshu, Japan",earthquake,8.5,7.3,0.1,29,reviewed,us,us
2017-02-23T23:07:03.240Z,-21.5242,-178.5413,583.62,4.1,mb,,241,4.943,0.39,us,us100086r8,2017-05-17T01:19:37.040Z,"Fiji region",earthquake,14.6,23.1,0.123,18,reviewed,us,us
2017-02-23T22:10:54.480Z,-31.5809,-68.9282,191.05,4,ml,,83,1.812,0.67,us,us20008lvm,2017-05-17T01:19:37.040Z,"18 km W of Villa Basilio Nievas, Argentina",earthquake,6.9,19.1,,,reviewed,us,guc
2017-02-23T21:49:52.400Z,51.7321,-173.8681,24.55,3,ml,,209,1.405,1.07,us,us20008lw9,2023-08-04T20:53:34.778Z,"56 km SSE of Atka, Alaska",earthquake,12.4,20.7,,,reviewed,us,ak
2017-02-23T21:10:31.460Z,-21.2622,174.3746,10,5.5,mww,,38,4.927,1.05,us,us20008lv9,2025-12-22T17:21:34.495Z,"Vanuatu region",earthquake,8.4,1.8,0.089,12,reviewed,us,us
2017-02-23T20:44:32.250Z,45.796,-106.9813,0,2.7,ml,,93,1.036,1.19,us,us10008jpm,2017-05-17T01:19:37.040Z,"25 km NW of Muddy, Montana",mining explosion,4.6,2,0.062,40,reviewed,us,us
2017-02-23T20:13:40.310Z,86.1559,74.2575,10,5,mb,,44,18.264,0.86,us,us20008luw,2017-05-17T01:19:37.040Z,"north of Severnaya Zemlya",earthquake,9.7,1.8,0.03,348,reviewed,us,us
2017-02-23T20:12:26.780Z,-29.3727,-177.4035,20.1,4.5,mb,,192,0.476,0.73,us,us100086r5,2017-05-17T01:19:37.040Z,"Kermadec Islands, New Zealand",earthquake,5.8,6.9,0.151,13,reviewed,us,us
2017-02-23T20:03:38.790Z,-7.3855,128.6196,181.92,4,mb,,130,2.72,1.33,us,us20008lus,2017-05-17T01:19:37.040Z,"218 km NE of Lospalos, Timor Leste",earthquake,8.2,12.7,0.518,1,reviewed,us,us
2017-02-23T17:22:37.530Z,14.2702,145.2397,103.61,4.4,mb,,79,0.767,0.67,us,us100086r4,2017-05-17T01:19:37.040Z,"87 km SSW of San Jose Village, Northern Mariana Islands",earthquake,9.6,7.3,0.083,41,reviewed,us,us
2017-02-23T17:10:12.000Z,-31.73,-70.055,144.2,4.1,mb,,,,0.44,us,us20008ltu,2017-05-17T01:19:37.040Z,"74 km SW of Calingasta, Argentina",earthquake,8.5,7.5,0.214,6,reviewed,guc,us
2017-02-23T17:07:04.870Z,16.2648,-98.6933,9.67,4.6,mb,,183,0.558,0.97,us,us20008ltv,2017-05-17T01:19:37.040Z,"25 km SW of Montecillos, Mexico",earthquake,4.1,5.5,0.039,195,reviewed,us,us
2017-02-23T17:03:18.120Z,-22.4079,-178.4302,396.76,5.1,mb,,50,5.695,1.01,us,us20008ltr,2026-02-04T20:33:12.709Z,"south of the Fiji Islands",earthquake,9.9,5,0.03,370,reviewed,us,us
2017-02-23T16:23:46.020Z,-24.0027,179.335,545.21,4.6,mb,,116,6.34,0.65,us,us100086r3,2017-05-17T01:19:37.040Z,"south of the Fiji Islands",earthquake,13.5,10,0.087,39,reviewed,us,us
2017-02-23T16:21:48.800Z,36.1787,-97.4036,7.958,2.9,ml,,23,,0.19,us,us20008lta,2017-05-17T01:19:37.040Z,"4 km NW of Orlando, Oklahoma",earthquake,0.4,4.8,,,reviewed,tul,tul
2017-02-23T15:21:09.870Z,16.1529,-95.5774,10,4.9,mb,,145,3.187,0.85,us,us20008lsy,2022-05-03T18:11:36.538Z,"12 km S of San Miguel Tenango, Mexico",earthquake,7.9,1.9,0.032,316,reviewed,us,us
2017-02-23T15:16:12.160Z,12.1895,-88.1298,10,4.6,mb,,169,1.168,1.06,us,us20008lsw,2017-05-17T01:19:37.040Z,"96 km SW of Jiquilillo, Nicaragua",earthquake,5.4,1.8,0.082,44,reviewed,us,us
2017-02-23T15:11:05.790Z,-5.8455,146.745,116,5.4,mww,,14,3.56,0.99,us,us20008lsv,2022-05-03T18:11:35.338Z,"100 km NNW of Lae, Papua New Guinea",earthquake,6.3,1.8,0.069,20,reviewed,us,us
2017-02-23T14:28:46.390Z,55.2401,-160.448,96.63,3.7,ml,,192,0.11,0.89,us,us100086f1,2023-08-04T20:51:57.823Z,"11 km SSE of Sand Point, Alaska",earthquake,10,15.1,0.115,10,reviewed,us,us
2017-02-23T13:35:54.030Z,-43.1436,171.7265,10.21,4.7,mwr,,49,0.291,0.82,us,us20008lsg,2017-05-17T01:19:37.040Z,"40 km WNW of Oxford, New Zealand",earthquake,5.5,3.8,0.042,55,reviewed,us,us
2017-02-23T13:25:21.910Z,10.1966,-62.9825,27.29,4.3,mb,,47,2.323,1.18,us,us20008lsd,2017-05-17T01:19:37.040Z,"54 km NNE of Maturín, Venezuela",earthquake,6.2,6.4,0.169,10,reviewed,us,us
2017-02-23T11:52:19.410Z,-19.8447,-172.8663,10,4.9,mb,,106,2.876,1.33,us,us20008lrc,2017-05-17T01:19:37.040Z,"155 km E of Pangai, Tonga",earthquake,11.8,1.9,0.071,62,reviewed,us,us
2017-02-23T11:48:34.300Z,18.5825,-66.7553,22,2.7,Md,9,216,0.23446029,0.43,pr,pr17054001,2017-02-23T16:18:29.810Z,"11 km NNE of Carrizales, Puerto Rico",earthquake,1.8,4.7,0,6,reviewed,pr,pr
2017-02-23T11:17:37.800Z,7.2709,125.5687,15.5,4.2,mb,,171,0.2,0.32,us,us20008lvi,2017-05-17T01:19:37.040Z,"6 km WSW of Maduao, Philippines",earthquake,11.1,6.6,0.159,11,reviewed,us,us
2017-02-23T11:04:57.940Z,-17.9695,-178.4876,603.56,4.4,mb,,77,3.302,0.64,us,us100086r1,2017-05-17T01:19:37.040Z,"232 km E of Levuka, Fiji",earthquake,13.4,9.5,0.08,45,reviewed,us,us
2017-02-23T10:43:19.483Z,59.7055,-153.2896,106.2,2.8,ml,,,,0.6,ak,ak0172hh8c0c,2023-08-04T20:51:08.903Z,"46 km ESE of Pedro Bay, Alaska",earthquake,,0.1,,,reviewed,ak,ak
2017-02-23T10:25:08.020Z,21.6432,143.1986,301.97,4.5,mb,,100,5.506,0.67,us,us20008lqv,2017-05-17T01:19:37.040Z,"Mariana Islands region",earthquake,10.4,7.7,0.041,177,reviewed,us,us
2017-02-23T10:14:12.370Z,15.8905,-95.9376,10,4.3,mb,,115,0.204,1.33,us,us100086bf,2017-05-17T01:19:37.040Z,"13 km W of El Coyul, Mexico",earthquake,3.7,1.9,0.218,8,reviewed,us,us
2017-02-23T10:08:17.500Z,18.8614,-65.6159,8,3.2,Md,12,252,0.6288207,0.31,pr,pr17054000,2017-05-17T01:19:37.040Z,"53 km NNE of Vieques, Puerto Rico",earthquake,1.5,2.8,0,12,reviewed,pr,pr
2017-02-23T09:59:36.871Z,63.2275,-150.4142,112.6,2.6,ml,,,,0.51,ak,ak0172hgqd7b,2023-08-04T20:50:54.651Z,"74 km ESE of Denali National Park, Alaska",earthquake,,0.2,,,reviewed,ak,ak
2017-02-23T09:47:47.490Z,15.9734,-95.7681,10,4.9,mb,,78,0.385,1.44,us,us20008lqk,2022-05-03T18:11:34.148Z,"4 km W of Tapanalá, Mexico",earthquake,2.7,1.7,0.031,336,reviewed,us,us
2017-02-23T09:30:59.550Z,49.475,155.4301,55.46,4.4,mb,,138,3.906,0.7,us,us20008lqg,2017-05-17T01:19:36.040Z,"142 km SSW of Severo-Kuril’sk, Russia",earthquake,10.6,5.3,0.091,35,reviewed,us,us
2017-02-23T08:46:21.550Z,-10.9862,-75.336,94.88,4.1,mb,,86,1.78,0.97,us,us100086qv,2017-05-17T01:19:36.040Z,"13 km WSW of Perené, Peru",earthquake,6.2,15.1,0.233,5,reviewed,us,us
2017-02-23T08:40:16.320Z,-10.8949,-75.4793,23.56,4.2,mb,,73,1.721,1.38,us,us100086qw,2017-05-17T01:19:36.040Z,"28 km WNW of Perené, Peru",earthquake,6.1,8.3,0.141,14,reviewed,us,us
2017-02-23T07:47:12.740Z,74.4295,114.0094,10,4.3,mb,,71,5.168,0.49,us,us20008lpv,2017-05-17T01:19:36.040Z,"275 km N of Saskylakh, Russia",earthquake,10.1,1.9,0.086,38,reviewed,us,us
2017-02-23T07:33:34.300Z,36.5132,-98.6391,3.798,2.5,ml,,42,,0.24,us,us20008lpt,2017-05-17T01:19:36.040Z,"17 km W of Aline, Oklahoma",earthquake,1.6,4.5,,,reviewed,tul,tul
2017-02-23T06:37:58.850Z,-54.0588,-59.2855,10,4.5,mb,,66,2.499,1.02,us,us20008lpl,2017-05-17T01:19:36.040Z,"Falkland Islands region",earthquake,3.6,1.9,0.091,36,reviewed,us,us
2017-02-23T06:29:21.150Z,49.5603,-129.4659,10,4.5,mwr,,179,1.38,0.77,us,us20008lpj,2017-05-17T01:19:36.040Z,"205 km SW of Port McNeill, Canada",earthquake,5.1,1.8,,,reviewed,us,pgc
2017-02-23T06:04:58.100Z,49.7062,-129.2457,10,5.1,mww,,154,1.177,0.73,us,us20008lph,2025-12-22T16:52:09.640Z,"182 km WSW of Port McNeill, Canada",earthquake,7.9,1.9,0.039,64,reviewed,us,us
2017-02-23T05:37:56.610Z,47.9293,148.2556,380.58,4.1,mb,,137,3.853,0.79,us,us20008lpc,2017-05-17T01:19:36.040Z,"northwest of the Kuril Islands",earthquake,11,8.6,0.059,79,reviewed,us,us
2017-02-23T04:59:04.050Z,47.4801667,-123.035,15.44,4.09,ml,58,34,0.1653,0.25,uw,uw61251926,2018-07-05T18:19:31.970Z,"11 km NE of Hoodsport, Washington",earthquake,0.3,0.59,0.184,47,reviewed,uw,uw
2017-02-23T04:49:43.740Z,34.3993333,-120.1623333,2.78,3.28,ml,37,95,0.08826,0.21,ci,ci37811048,2017-05-17T01:19:36.040Z,"22km S of Solvang, CA",earthquake,0.25,0.5,0.127,271,reviewed,ci,ci
2017-02-23T04:38:28.620Z,-3.838,102.9159,81.24,4.2,mb,,137,0.52,0.47,us,us100086qy,2017-05-17T01:19:36.040Z,"42 km WNW of Pagar Alam, Indonesia",earthquake,11.3,10.4,0.147,13,reviewed,us,us
2017-02-23T04:08:20.190Z,51.6034,-176.2484,41.5,2.8,ml,,,,0.4,us,us100086ew,2023-08-04T20:50:04.032Z,"40 km SE of Adak, Alaska",earthquake,7.4,9.5,,,reviewed,ak,ak
2017-02-23T04:01:27.140Z,-6.5716,146.833,105.82,4.7,mb,,83,2.833,0.76,us,us20008lny,2025-12-22T17:21:33.790Z,"24 km NW of Lae, Papua New Guinea",earthquake,9.4,8,0.063,77,reviewed,us,us
2017-02-23T03:42:34.900Z,58.3162,-154.0559,69.5,2.8,ml,,,,0.49,ak,ak0172hd248y,2023-08-04T20:49:57.108Z,"73 km WNW of Aleneva, Alaska",earthquake,,0.2,,,reviewed,ak,ak
2017-02-23T03:41:02.310Z,-5.4831,-76.7206,108.06,4.5,mb,,108,3.406,0.92,us,us20008lnt,2017-05-17T01:19:36.040Z,"66 km NNE of Moyobamba, Peru",earthquake,8.3,10,0.113,23,reviewed,us,us
2017-02-23T03:06:59.930Z,6.1114,124.964,43.73,4.5,mb,,51,1.131,0.91,us,us100086qt,2017-05-17T01:19:36.040Z,"14 km WSW of Glamang, Philippines",earthquake,7.2,6.2,0.145,14,reviewed,us,us
2017-02-23T01:55:14.270Z,39.5446,26.1064,5.24,4.2,mwr,,33,1.35,0.8,us,us20008lng,2017-05-17T01:19:36.040Z,"20 km WNW of Behram, Turkey",earthquake,4.3,4.5,0.075,17,reviewed,us,us
2017-02-23T01:50:15.900Z,7.0657,125.5863,11.86,4.7,mb,,55,0.008,0.77,us,us20008lnh,2020-07-10T16:41:10.542Z,"3 km WSW of Davao, Philippines",earthquake,9.9,5,0.093,35,reviewed,us,us
2017-02-23T01:27:01.100Z,36.5134,-98.6468,6.295,2.8,ml,,48,,0.48,us,us20008lna,2017-05-17T01:19:36.040Z,"17 km W of Aline, Oklahoma",earthquake,2.1,6.9,,,reviewed,tul,tul
2017-02-23T00:54:33.486Z,57.8252,-139.2432,12,2.5,ml,,,,0.83,ak,ak0172hbcdx0,2023-08-04T20:48:54.146Z,"176 km WSW of Elfin Cove, Alaska",earthquake,,1.7,,,reviewed,ak,ak
2017-02-23T00:42:15.720Z,-58.2694,-139.5412,10,5.2,mb,,26,26.37,0.6,us,us20008ln6,2025-12-22T17:21:33.114Z,"Pacific-Antarctic Ridge",earthquake,12.7,1.7,0.067,74,reviewed,us,us
2017-02-22T23:46:30.670Z,-15.6509,168.0149,185.82,4.9,mb,,143,5.151,0.77,us,us20008lmp,2017-05-17T01:19:36.040Z,"80 km NE of Norsup, Vanuatu",earthquake,12.6,7.6,0.072,60,reviewed,us,us
2017-02-22T23:41:31.370Z,-36.1181,-73.8107,10.35,4.4,mb,,119,0.803,0.83,us,us20008lmg,2017-05-17T01:19:36.040Z,"91 km NW of Talcahuano, Chile",earthquake,5.1,6.1,0.149,13,reviewed,us,us
2017-02-22T23:36:20.820Z,7.6927,121.5886,34.13,4.4,mb,,128,3.959,0.55,us,us100086ja,2017-05-17T01:19:36.040Z,"60 km W of Siocon, Philippines",earthquake,11.1,5.6,0.13,17,reviewed,us,us
2017-02-22T23:33:40.490Z,36.5455,-121.1383333,8.66,2.83,md,67,41,0.06078,0.07,nc,nc72766716,2017-02-23T04:59:43.266Z,"21 km NE of Soledad, California",earthquake,0.11,0.25,0.198,89,reviewed,nc,nc
2017-02-22T23:25:50.920Z,-44.2629,-15.7978,10,5,mb,,101,32.016,0.78,us,us20008lmf,2025-12-22T17:21:32.443Z,"southern Mid-Atlantic Ridge",earthquake,11.1,1.5,0.084,45,reviewed,us,us
2017-02-22T22:44:12.600Z,52.258,-164.6589,10,3.5,mb,,225,1.941,1.26,us,us20008ln1,2023-08-04T20:48:10.008Z,"219 km SE of Unalaska, Alaska",earthquake,4.3,2,0.221,5,reviewed,us,us
2017-02-22T22:11:44.460Z,43.5567,-105.3031,0,3.3,ml,,32,1.076,0.55,us,us20008llp,2017-05-17T01:19:36.040Z,"26 km SE of Wright, Wyoming",mining explosion,2,2,0.06,46,reviewed,us,us
2017-02-22T21:40:12.220Z,36.3781,70.9396,120.41,4.2,mb,,76,0.801,0.64,us,us20008llg,2017-05-17T01:19:36.040Z,"54 km S of Jurm, Afghanistan",earthquake,6.2,6.4,0.131,16,reviewed,us,us
2017-02-22T20:58:46.870Z,-29.6613,-176.9783,20.22,4.5,mb,,261,0.927,0.33,us,us100086j7,2017-05-17T01:19:36.040Z,"Kermadec Islands region",earthquake,17.8,9,0.14,15,reviewed,us,us
2017-02-22T20:25:42.490Z,43.5949,-105.3276,0,3.4,ml,,76,1.072,0.68,us,us20008lkn,2017-05-17T01:19:36.040Z,"21 km SE of Wright, Wyoming",mining explosion,6.6,2,0.059,50,reviewed,us,us
2017-02-22T18:41:26.870Z,30.6475,110.7194,16.62,4.2,mb,,74,1.12,0.83,us,us20008ljd,2017-05-17T01:19:36.040Z,"54 km W of Yichang, China",earthquake,8.6,5.2,0.103,26,reviewed,us,us
2017-02-22T18:18:24.180Z,36.5441667,-121.1318333,6.59,2.94,md,66,42,0.01637,0.07,nc,nc72766646,2017-05-17T01:19:36.040Z,"21 km NE of Soledad, California",earthquake,0.11,0.22,0.172,102,reviewed,nc,nc
2017-02-22T17:07:38.468Z,60.1301,-151.8438,82.8,2.8,ml,,,,0.66,ak,ak0172fxncfq,2023-08-04T20:47:01.781Z,"13 km NW of Ninilchik, Alaska",earthquake,,0.2,,,reviewed,ak,ak
2017-02-22T16:41:28.500Z,36.213,-96.9465,5,2.7,ml,,24,,0.16,us,us20008lh9,2017-05-17T01:19:36.040Z,"2 km SW of Glencoe, Oklahoma",earthquake,0.8,1.7,,,reviewed,tul,tul
2017-02-22T16:31:46.670Z,37.227,-97.9745,4.09,3.4,ml,,141,0.003,0.31,us,us20008lh5,2017-05-17T01:19:36.040Z,"8 km SE of Harper, Kansas",earthquake,1.6,3.7,0.197,18,reviewed,ismp,ismp
2017-02-22T16:05:04.750Z,-27.7535,65.078,10,4.2,mb,,126,8.113,0.45,us,us100086j3,2017-05-17T01:19:36.040Z,"Indian Ocean Triple Junction",earthquake,8.5,1.9,0.235,5,reviewed,us,us
2017-02-22T15:43:17.300Z,18.936,-67.2639,53,3.3,Md,15,266.4,0.48688688,0.44,pr,pr17053009,2017-05-17T01:19:36.040Z,"52 km NNW of San Antonio, Puerto Rico",earthquake,1.9,3.8,0,15,reviewed,pr,pr
2017-02-22T15:14:22.791Z,61.3505,-146.9218,14.5,3.3,ml,,,,0.57,ak,ak0172fwhy13,2023-08-04T20:46:39.811Z,"39 km NW of Valdez, Alaska",earthquake,,0.6,,,reviewed,ak,ak
2017-02-22T14:39:22.334Z,62.1682,-148.1328,30.4,2.6,ml,,,,0.5,ak,ak0172fw1vah,2023-08-04T20:46:34.031Z,"44 km NNE of Chickaloon, Alaska",earthquake,,0.3,,,reviewed,ak,ak
2017-02-22T14:04:06.910Z,-17.8351,-178.516,550.73,4.4,mb,,120,3.27,0.57,us,us100086j1,2017-05-17T01:19:35.040Z,"231 km E of Levuka, Fiji",earthquake,8.3,9.2,0.101,28,reviewed,us,us
2017-02-22T13:04:26.710Z,2.1976,132.6865,10,4.5,mb,,119,5.101,1.01,us,us20008lfd,2017-05-17T01:19:35.040Z,"195 km ESE of Tobi Village, Palau",earthquake,6.2,1.9,0.1,29,reviewed,us,us
2017-02-22T11:55:24.000Z,18.0345,-65.3639,12,2.5,Md,3,273.6,0.18954452,0.09,pr,pr17053010,2017-02-22T16:08:40.793Z,"13 km ESE of Esperanza, Puerto Rico",earthquake,1.2,0.7,0,3,reviewed,pr,pr
2017-02-22T11:51:18.530Z,-25.6225,-70.9306,17.33,4.3,mb,,165,0.602,0.78,us,us20008le4,2017-05-17T01:19:35.040Z,"50 km WSW of Taltal, Chile",earthquake,7,8.6,0.168,10,reviewed,us,us
2017-02-22T11:13:24.460Z,1.2201,99.0931,112.75,4,mb,,128,1.473,0.69,us,us100086iy,2017-05-17T01:19:35.040Z,"26 km SW of Padangsidempuan, Indonesia",earthquake,6.8,9.4,0.13,16,reviewed,us,us
2017-02-22T10:59:28.800Z,19.215,-65.4035,37,3.1,Md,3,324,0.90999338,0.1,pr,pr17053007,2017-05-17T01:19:35.040Z,"98 km NNE of Vieques, Puerto Rico",earthquake,2.3,10,0,3,reviewed,pr,pr
2017-02-22T10:54:07.060Z,38.9447,55.0498,10,4.3,mb,,104,8.056,1.2,us,us20008le2,2017-05-17T01:19:35.040Z,"49 km SE of Gumdag, Turkmenistan",earthquake,3.6,2,0.116,21,reviewed,us,us
2017-02-22T10:23:19.238Z,63.3852,-151.1442,12.4,2.7,ml,,,,0.57,ak,ak0172ftkp6b,2023-08-04T20:45:51.849Z,"33 km ESE of Denali National Park, Alaska",earthquake,,0.2,,,reviewed,ak,ak
2017-02-22T09:47:38.690Z,-20.8462,-178.5175,566.16,4.7,mb,,123,4.473,1.04,us,us20008ldu,2017-05-17T01:19:35.040Z,"Fiji region",earthquake,11.9,6.5,0.039,196,reviewed,us,us
2017-02-22T09:12:02.311Z,59.9397,-153.1697,112.1,2.8,ml,,,,0.5,ak,ak0172fswvdz,2023-08-04T20:45:37.028Z,"55 km ENE of Pedro Bay, Alaska",earthquake,,0.2,,,reviewed,ak,ak
2017-02-22T09:02:04.330Z,-15.7162,-173.4492,10,4.7,mb,,112,2.416,0.53,us,us20008ldf,2017-05-17T01:19:35.040Z,"45 km NE of Hihifo, Tonga",earthquake,6.4,1.9,0.09,38,reviewed,us,us
2017-02-22T08:57:35.400Z,36.7675,-97.6396,8.799,3.4,ml,,52,,0.43,us,us20008ldc,2017-05-17T01:19:35.040Z,"9 km ESE of Medford, Oklahoma",earthquake,1.6,7.1,,,reviewed,tul,tul
2017-02-22T08:25:29.000Z,-60.7843,-51.0321,10,5.3,mb,,51,3.935,1.03,us,us20008lda,2017-05-17T01:19:35.040Z,"Scotia Sea",earthquake,8.7,1.8,0.053,121,reviewed,us,us
2017-02-22T07:39:46.500Z,18.1205,-67.0059,31,2.6,Md,9,90,0.09252647,0.25,pr,pr17053005,2017-02-22T12:16:42.948Z,"5 km NE of San Germán, Puerto Rico",earthquake,0.9,2.1,0,9,reviewed,pr,pr
2017-02-22T07:29:10.370Z,61.443,-150.227,49.4,2.8,ml,,,,0.47,ak,ak0172frtnz1,2023-08-04T20:45:09.957Z,"16 km NW of Point MacKenzie, Alaska",earthquake,,0.2,,,reviewed,ak,ak
2017-02-22T05:31:44.390Z,4.7669,127.5889,64.63,5.1,mb,,106,3.038,0.97,us,us20008lcx,2026-02-04T20:33:07.661Z,"235 km SE of Pondaguitan, Philippines",earthquake,4.8,5.5,0.049,132,reviewed,us,us
2017-02-22T05:23:48.030Z,51.9504,-169.4512,11.26,3.7,mb,,217,0.915,1.45,us,us100085us,2023-08-04T20:44:36.787Z,"117 km SSW of Nikolski, Alaska",earthquake,6.3,5.4,0.122,17,reviewed,us,us
2017-02-22T05:01:06.799Z,55.4505,-158.6089,2.7,2.7,ml,,,,0.72,ak,ak0172fqgsfr,2023-08-04T20:44:33.249Z,"61 km SSE of Perryville, Alaska",earthquake,,0.7,,,reviewed,ak,ak
2017-02-22T04:47:00.800Z,19.1431,-67.8526,77,3,Md,5,338.4,0.83363658,0.18,pr,pr17053004,2017-05-17T01:19:35.040Z,"85 km NE of Punta Cana, Dominican Republic",earthquake,3.6,3.3,0,4,reviewed,pr,pr
2017-02-22T04:17:47.600Z,19.0944,-68.0664,47,3.1,Md,11,262.8,0.64948195,0.81,pr,pr17053002,2017-05-17T01:19:35.040Z,"66 km NNE of Punta Cana, Dominican Republic",earthquake,6.8,16.7,0,10,reviewed,pr,pr
2017-02-22T04:11:26.100Z,18.246,-65.6593,13,2.5,Md,4,158.4,0.17966306,0.21,pr,pr17053001,2017-02-22T07:24:09.207Z,"0 km SW of Aguas Claras, Puerto Rico",earthquake,0.8,0.6,0,4,reviewed,pr,pr
2017-02-22T03:43:53.200Z,18.2035,-67.2378,90,2.9,Md,16,158.4,0.14642539,0.37,pr,pr17053000,2017-05-17T01:19:35.040Z,"10 km W of Mayagüez, Puerto Rico",earthquake,2.3,2,0,13,reviewed,pr,pr
2017-02-22T01:29:04.610Z,-15.444,-173.7554,68.92,4.6,mb,,145,2.447,0.55,us,us100086iw,2017-05-17T01:19:35.040Z,"56 km N of Hihifo, Tonga",earthquake,5.5,10.3,0.146,14,reviewed,us,us
2017-02-22T01:23:10.780Z,1.9901,125.7651,34.27,4.2,mb,,103,2.007,0.78,us,us100086jc,2017-05-17T01:19:35.040Z,"104 km ENE of Laikit, Laikit II (Dimembe), Indonesia",earthquake,7,6.4,0.136,15,reviewed,us,us
2017-02-21T23:40:01.870Z,49.2444,155.0878,69.33,4.3,mb,,187,4.203,0.87,us,us1000861i,2017-05-17T01:19:35.040Z,"175 km SSW of Severo-Kuril’sk, Russia",earthquake,14.3,7.3,0.142,14,reviewed,us,us
2017-02-21T22:46:23.830Z,36.6251667,-120.9921667,0.97,3.3,mw,60,72,0.03693,0.2,nc,nc72766431,2021-12-21T22:10:09.822Z,"34 km ESE of Tres Pinos, California",earthquake,0.15,0.4,,4,reviewed,nc,nc
2017-02-21T22:20:10.200Z,2.8119,128.9151,214.36,4.2,mb,,195,2.549,0.29,us,us1000861h,2017-05-17T01:19:35.040Z,"156 km NE of Tobelo, Indonesia",earthquake,11.7,11.2,0.146,13,reviewed,us,us
2017-02-21T21:45:20.540Z,51.3186,-178.9512,46.9,2.5,ml,,,,1.47,us,us20008mqd,2023-08-04T20:43:18.723Z,"172 km WSW of Adak, Alaska",earthquake,42.7,10.1,,,reviewed,ak,ak
2017-02-21T21:30:22.705Z,61.6598,-151.8351,96.7,3.4,ml,,,,0.64,ak,ak0172ecmmm6,2023-08-04T20:43:17.006Z,"43 km SSW of Skwentna, Alaska",earthquake,,0.2,,,reviewed,ak,ak
2017-02-21T20:43:51.916Z,52.8499,-162.3662,2,3.1,ml,,,,0.54,ak,ak0172ec41kn,2023-08-04T20:43:02.520Z,"233 km SSE of False Pass, Alaska",earthquake,,5.3,,,reviewed,ak,ak
2017-02-21T20:40:10.610Z,20.0993,-65.5924,14.91,2.5,ml,,256,1.806,0.55,us,us20008lbc,2017-05-17T01:19:35.040Z,"186 km N of Suárez, Puerto Rico",earthquake,7.9,9.2,0.077,22,reviewed,us,us
2017-02-21T20:23:40.020Z,-19.5915,-177.5818,425.5,4.3,mb,,106,4.527,0.39,us,us1000861g,2017-05-17T01:19:35.040Z,"Fiji region",earthquake,9.6,11.4,0.13,18,reviewed,us,us
2017-02-21T19:41:51.754Z,52.6757,-163.9285,11.9,2.9,ml,,,,0.27,ak,ak0172ebi6iv,2023-08-04T20:42:57.249Z,"203 km SE of Akutan, Alaska",earthquake,,6.2,,,reviewed,ak,ak
2017-02-21T19:23:02.380Z,-4.8705,104.6152,138.64,4.3,mb,,130,1.73,0.87,us,us1000861d,2017-05-17T01:19:35.040Z,"29 km W of Kotabumi, Indonesia",earthquake,8,7.9,0.129,17,reviewed,us,us
2017-02-21T16:48:42.616Z,59.8448,-152.9322,97.7,2.6,ml,,,,0.51,ak,ak0172e9rd0l,2023-08-04T20:42:12.792Z,"62 km W of Anchor Point, Alaska",earthquake,,0.1,,,reviewed,ak,ak
2017-02-21T16:38:28.500Z,35.6723,-97.3952,6.103,2.6,ml,,38,,0.38,us,us20008l6g,2017-05-17T01:19:35.040Z,"6 km W of Arcadia, Oklahoma",earthquake,0.7,6.7,,,reviewed,tul,tul
2017-02-21T15:27:29.860Z,33.1441667,-116.5276667,8.2,2.95,ml,102,16,0.08609,0.2,ci,ci37586695,2017-05-17T01:19:35.040Z,"10km NE of Julian, CA",earthquake,0.12,0.45,0.127,174,reviewed,ci,ci
2017-02-21T15:02:23.500Z,36.5306,-98.9703,6.59,2.5,ml,,87,,0.26,us,us20008l5y,2017-05-17T01:19:35.040Z,"9 km SW of Waynoka, Oklahoma",earthquake,2.8,6.4,,,reviewed,tul,tul
2017-02-21T14:46:43.650Z,3.8932,95.1135,35,4.5,mb,,264,2.258,0.79,us,us1000861f,2017-05-17T01:19:35.040Z,"115 km WSW of Meulaboh, Indonesia",earthquake,10.2,2,0.243,5,reviewed,us,us
2017-02-21T14:24:52.280Z,-24.4242,-179.7923,503.05,4.8,mb,,153,6.943,0.87,us,us10008617,2017-05-17T01:19:35.040Z,"south of the Fiji Islands",earthquake,13.9,18,0.227,9,reviewed,us,us
2017-02-21T14:09:04.320Z,-19.2814,-63.9047,595.98,6.5,mww,,14,4.242,0.9,us,us20008l41,2022-05-03T18:11:32.933Z,"41 km E of Padilla, Bolivia",earthquake,9.6,3,0.04,59,reviewed,us,us
2017-02-21T13:32:46.850Z,36.4616,70.9962,128.88,4.5,mb,,101,0.743,1.18,us,us20008l3y,2017-05-17T01:19:34.040Z,"47 km SSE of Jurm, Afghanistan",earthquake,7.9,6.1,0.087,39,reviewed,us,us
2017-02-21T13:28:06.930Z,38.844,-123.6213333,7.08,2.85,md,38,220,0.1885,0.12,nc,nc72766286,2017-02-24T17:07:58.595Z,"5 km NW of Anchor Bay, California",earthquake,0.33,0.41,0.17,35,reviewed,nc,nc
2017-02-21T13:10:09.660Z,-10.6336,168.8593,14.43,4.3,mb,,281,10.205,0.65,us,us10008615,2017-05-17T01:19:34.040Z,"Santa Cruz Islands region",earthquake,19,9.6,0.217,6,reviewed,us,us
2017-02-21T13:01:13.330Z,-30.851,-71.7021,35,4,mwr,,81,0.697,1.09,us,us20008l3u,2017-05-17T01:19:34.040Z,"55 km WSW of Ovalle, Chile",earthquake,5.4,2,0.043,52,reviewed,us,us
2017-02-21T12:32:57.550Z,52.0383,-175.0566,123.36,3.9,mb,,174,0.622,1.07,us,us20008mq4,2023-08-04T20:41:21.524Z,"61 km WSW of Atka, Alaska",earthquake,11.4,9.6,0.064,65,reviewed,us,us
2017-02-21T12:01:23.490Z,16.1617,-98.7013,10,4.5,mb,,182,0.597,1.12,us,us20008l3p,2017-05-17T01:19:34.040Z,"33 km SW of Montecillos, Mexico",earthquake,4.3,1.9,0.042,169,reviewed,us,us
2017-02-21T11:56:27.470Z,16.5001,-98.7253,10,4.9,mb,,96,0.583,1.08,us,us20008l3k,2017-05-17T01:19:34.040Z,"1 km SE of Barra de Tecoanapa, Mexico",earthquake,2.9,1.5,0.03,357,reviewed,us,us
2017-02-21T11:50:31.380Z,5.7758,126.3809,10,4.2,mb,,158,1.512,0.82,us,us10008613,2017-05-17T01:19:34.040Z,"68 km SSE of Pondaguitan, Philippines",earthquake,7,1.7,0.152,12,reviewed,us,us
2017-02-21T11:22:30.120Z,40.7985,-126.9908,10,4,mb,,209,2.044,0.83,us,us20008lnj,2017-05-17T01:19:34.040Z,"231 km W of Ferndale, California",earthquake,7.8,2,0.108,23,reviewed,us,us
2017-02-21T11:08:16.140Z,-29.0639,61.197,10,5.1,mb,,52,9.282,0.95,us,us20008l37,2025-12-22T16:53:21.077Z,"Southwest Indian Ridge",earthquake,10.9,1.8,0.069,68,reviewed,us,us
2017-02-21T10:40:27.140Z,16.1473,-98.7282,10,4.7,mb,,143,0.626,1.15,us,us20008l2z,2017-05-17T01:19:34.040Z,"36 km SW of Montecillos, Mexico",earthquake,3.4,1.9,0.033,276,reviewed,us,us
2017-02-21T10:24:48.560Z,39.0404,70.092,10,4.7,mb,,30,0.179,0.66,us,us20008l2v,2017-05-17T01:19:34.040Z,"6 km WNW of Novobod, Tajikistan",earthquake,6,1.8,0.055,100,reviewed,us,us
2017-02-21T10:01:31.460Z,-10.9205,161.3263,10,4.9,mb,,60,2.002,0.77,us,us20008l2q,2017-05-17T01:19:34.040Z,"82 km SW of Kirakira, Solomon Islands",earthquake,8.5,1.9,0.075,56,reviewed,us,us
2017-02-21T09:17:16.630Z,-49.944,-7.4464,10,4.9,mb,,86,18.288,1.03,us,us10008610,2017-05-17T01:19:34.040Z,"southern Mid-Atlantic Ridge",earthquake,5.4,1.9,0.096,34,reviewed,us,us
2017-02-21T08:57:06.300Z,36.4878,-98.806,5.747,2.7,ml,,56,,0.41,us,us20008l2b,2017-05-17T01:19:34.040Z,"12 km SSE of Waynoka, Oklahoma",earthquake,2.5,6.9,,,reviewed,tul,tul
2017-02-21T08:45:36.790Z,-2.8625,129.622,44.86,4.1,mb,,110,2.624,0.72,us,us1000860z,2017-05-17T01:19:34.040Z,"94 km NE of Amahai, Indonesia",earthquake,6.4,8.5,0.166,10,reviewed,us,us
2017-02-21T08:07:51.720Z,54.1394,-162.9966,22.36,3,ml,,205,0.759,0.85,us,us20008l24,2023-08-04T20:40:15.147Z,"83 km SSE of False Pass, Alaska",earthquake,7.6,18.3,0.148,6,reviewed,us,us
2017-02-21T08:05:41.200Z,36.5339,-98.9738,6.377,3.1,ml,,58,,0.48,us,us20008l22,2017-05-17T01:19:34.040Z,"9 km WSW of Waynoka, Oklahoma",earthquake,2.6,6.9,,,reviewed,tul,tul
2017-02-21T07:52:28.840Z,1.5912,126.4098,65.52,4.4,mb,,66,1.256,1.43,us,us1000860y,2017-05-17T01:19:34.040Z,"139 km NW of Ternate, Indonesia",earthquake,7,8.8,0.123,19,reviewed,us,us
2017-02-21T07:03:45.020Z,-6.314,147.727,52.7,4.5,mb,,104,3.121,0.45,us,us20008l1y,2017-05-17T01:19:34.040Z,"30 km NNW of Finschhafen, Papua New Guinea",earthquake,10.4,7.8,0.124,19,reviewed,us,us
2017-02-21T07:01:06.800Z,18.86,-65.9473,23,2.6,Md,3,338.4,0.59109146,0.03,pr,pr17052004,2017-05-17T01:19:34.040Z,"46 km NNE of San Juan, Puerto Rico",earthquake,1.7,8.6,0,2,reviewed,pr,pr
2017-02-21T07:00:20.300Z,18.5534,-66.5617,43,2.6,Md,3,252,0.27488448,0.12,pr,pr17052003,2017-05-17T01:19:34.040Z,"11 km N of Garrochales, Puerto Rico",earthquake,1.4,2.1,0,2,reviewed,pr,pr
2017-02-21T06:55:34.800Z,18.809,-68.5662,179,3.8,Md,11,190.8,0.7581781,0.72,pr,pr17052002,2017-05-17T01:19:34.040Z,"20 km NNE of Otra Banda, Dominican Republic",earthquake,9.7,3.9,0,9,reviewed,pr,pr
2017-02-21T06:45:30.970Z,-6.9512,155.145,10,4.5,mb,,139,4.04,0.76,us,us1000860w,2017-05-17T01:19:34.040Z,"79 km SSW of Panguna, Papua New Guinea",earthquake,14.6,1.9,0.145,16,reviewed,us,us
2017-02-21T05:44:10.700Z,54.1091,-163.7245,23.09,2.8,ml,,207,0.77,0.32,us,us20008mpz,2023-08-04T20:39:53.974Z,"85 km SSW of False Pass, Alaska",earthquake,7.9,10,0.148,6,reviewed,us,us
2017-02-21T04:43:17.540Z,25.4292,122.2396,262.75,4.1,mb,,44,0.811,0.54,us,us20008l1s,2017-05-17T01:19:34.040Z,"53 km NE of Jiufen, Taiwan",earthquake,6.6,5.8,0.073,51,reviewed,us,us
2017-02-21T04:09:00.430Z,52.4888,-169.6488,49.92,4,mb,,176,0.367,0.97,us,us20008mpy,2023-08-04T20:39:43.490Z,"73 km SW of Nikolski, Alaska",earthquake,5.7,7.1,0.08,42,reviewed,us,us
2017-02-21T02:39:27.700Z,18.125,-67.7676,81,2.6,Md,4,302.4,0.3763941,0.38,pr,pr17052001,2017-05-17T01:19:34.040Z,"59 km WSW of Stella, Puerto Rico",earthquake,3.5,2.6,0,4,reviewed,pr,pr
2017-02-21T02:26:53.340Z,-20.5253,-178.2806,545,4.5,mb,,92,4.434,0.97,us,us20008l1d,2017-05-17T01:19:34.040Z,"Fiji region",earthquake,12.3,6.6,0.052,109,reviewed,us,us
2017-02-21T02:08:06.600Z,17.8852,-65.6451,11,2.5,Md,3,280.8,0.22727377,0.25,pr,pr17052000,2017-02-21T04:17:48.757Z,"Puerto Rico region",earthquake,2.1,1.4,0,3,reviewed,pr,pr
2017-02-21T01:41:11.800Z,-20.3521,-177.7955,512.76,4.4,mb,,131,4.705,0.87,us,us1000860s,2017-05-17T01:19:34.040Z,"283 km WNW of Haveluloto, Tonga",earthquake,14.2,6.4,0.127,18,reviewed,us,us
2017-02-21T01:09:50.040Z,-5.0691,142.087,70.43,4.5,mb,,147,10.043,0.64,us,us1000860q,2017-05-17T01:19:34.040Z,"124 km SW of Ambunti, Papua New Guinea",earthquake,14.7,9.6,0.121,20,reviewed,us,us
2017-02-21T01:08:52.700Z,-37.1369,177.75,198.78,4.3,mb,,171,0.614,0.67,us,us1000860r,2017-05-17T01:19:34.040Z,"105 km NNE of Opotiki, New Zealand",earthquake,13.8,9.3,0.217,6,reviewed,us,us
2017-02-21T00:57:52.710Z,38.7958333,-122.7353333,1.32,4.16,mw,82,29,0.01262,0.09,nc,nc72766046,2021-12-21T22:09:42.809Z,"3 km SSW of Cobb, California",earthquake,0.12,0.16,,3,reviewed,nc,nc
2017-02-21T00:07:31.230Z,-26.1613,-68.4146,148.53,4,ml,,105,0.928,0.73,us,us20008l0s,2017-05-17T01:19:34.040Z,"101 km W of Antofagasta de la Sierra, Argentina",earthquake,10.8,13.2,,,reviewed,us,guc
2017-02-20T23:55:48.750Z,-14.9768,-176.3811,6,5.5,mww,,95,4.584,0.84,us,us20008l0q,2025-12-22T17:21:30.993Z,"188 km S of Mata-Utu, Wallis and Futuna",earthquake,10.9,1.8,,,reviewed,us,us
2017-02-20T23:39:19.500Z,17.7514,-65.6956,10,2.6,Md,3,302.4,0.3701059,0.1,pr,pr17051009,2017-02-21T03:05:40.541Z,"33 km SE of Emajagua, Puerto Rico",earthquake,1,1.5,0,3,reviewed,pr,pr
2017-02-20T22:50:36.450Z,33.2242,138.0702,300.77,4.3,mb,,73,1.44,0.65,us,us20008l01,2017-05-17T01:19:34.040Z,"153 km S of ?yama, Japan",earthquake,6.2,6.3,0.045,137,reviewed,us,us
2017-02-20T21:05:51.420Z,43.9502,-105.4408,0,3.3,ml,,84,1.027,0.48,us,us100085zg,2017-05-17T01:19:34.040Z,"22 km N of Wright, Wyoming",mining explosion,3.8,1.8,0.085,22,reviewed,us,us
2017-02-20T20:59:38.040Z,31.5071667,-116.94,15.19,2.56,ml,16,259,0.4295,0.22,ci,ci37586455,2017-02-23T22:20:52.956Z,"42km WSW of Maneadero, B.C., MX",earthquake,0.7,0.6,0.135,37,reviewed,ci,ci
2017-02-20T20:44:17.610Z,16.2019,-98.5714,23.75,4.2,mb,,197,0.466,1.22,us,us20008kz5,2017-05-17T01:19:34.040Z,"20 km SW of Santiago Tepextla, Mexico",earthquake,4,8.9,0.064,68,reviewed,us,us
2017-02-20T20:21:12.930Z,43.5182,-105.3614,0,3.4,ml,,97,1.133,1.46,us,us20008kyg,2017-05-17T01:19:34.040Z,"27 km SSE of Wright, Wyoming",mining explosion,4.6,1.9,0.064,38,reviewed,us,us
2017-02-20T20:12:27.100Z,18.5489,-66.933,73,2.9,Md,13,205.2,0.18684958,0.47,pr,pr17051008,2017-02-20T23:55:40.140Z,"8 km N of Quebradillas, Puerto Rico",earthquake,1.8,1.7,0,7,reviewed,pr,pr
2017-02-20T19:35:48.360Z,8.2963,-79.2494,16.46,4.7,mb,,85,1.041,0.85,us,us20008ky6,2021-02-28T18:45:28.748Z,"35 km W of La Guinea, Panama",earthquake,7,4.8,0.034,266,reviewed,us,us
2017-02-20T19:32:48.470Z,51.4769,-176.4253,37.05,3.1,ml,,290,0.436,0.09,us,us100086w4,2023-08-04T20:38:23.107Z,"46 km SSE of Adak, Alaska",earthquake,4.5,35.5,,,reviewed,us,ak
2017-02-20T19:28:42.200Z,18.1366,-67.5538,136,3.2,Md,13,266.4,0.25601986,0.37,pr,pr17051007,2017-05-17T01:19:34.040Z,"38 km WSW of Stella, Puerto Rico",earthquake,3.2,1.6,0,9,reviewed,pr,pr
2017-02-20T19:27:43.660Z,-8.2064,118.5449,13.14,4.1,mb,,71,3.39,0.7,us,us100085zk,2017-05-17T01:19:34.040Z,"34 km NW of Bima, Indonesia",earthquake,8,4.1,0.185,8,reviewed,us,us
2017-02-20T19:25:18.850Z,55.4652,163.6044,10,4.9,mb,,87,3.799,0.95,us,us20008ky4,2017-05-17T01:19:34.040Z,"110 km SE of Ust’-Kamchatsk Staryy, Russia",earthquake,9.1,1.8,0.035,251,reviewed,us,us
2017-02-20T18:28:06.620Z,44.6586,150.8392,22.28,4.3,mb,,216,5.934,0.52,us,us100085zm,2017-05-17T01:19:34.040Z,"242 km ESE of Kuril’sk, Russia",earthquake,13.7,4.9,0.126,18,reviewed,us,us
2017-02-20T18:19:06.940Z,16.2161,-98.6178,23.9,4.2,mb,,208,0.502,1.06,us,us20008kxw,2017-05-17T01:19:34.040Z,"22 km SW of Santiago Tepextla, Mexico",earthquake,4.2,9.5,0.059,81,reviewed,us,us
2017-02-20T17:56:09.911Z,65.2396,-149.9625,18.1,3.6,ml,,,,0.8,ak,ak0172cmv3bz,2023-08-04T20:37:59.358Z,"30 km WNW of Minto, Alaska",earthquake,,0.1,,,reviewed,ak,ak
2017-02-20T16:26:12.230Z,-2.4073,-12.3443,10,4.7,mb,,71,11.712,1.14,us,us100085zi,2017-05-17T01:19:33.040Z,"north of Ascension Island",earthquake,13.1,1.9,0.126,19,reviewed,us,us
2017-02-20T16:17:40.040Z,62.4693,-139.1223,14.31,3.7,mb,,28,1.085,0.64,us,us20008kwr,2023-08-04T20:37:39.476Z,"105 km ESE of Alcan Border, Alaska",earthquake,4.6,5,0.252,4,reviewed,us,us
2017-02-20T14:59:06.780Z,-5.0078,153.579,56.88,5,mb,,99,1.627,0.6,us,us20008kwg,2025-12-22T17:21:29.681Z,"162 km ESE of Kokopo, Papua New Guinea",earthquake,4.9,6.8,0.058,95,reviewed,us,us
2017-02-20T14:55:09.860Z,32.8791,141.5465,39.83,4.1,mb,,254,1.475,0.28,us,us100085ze,2017-05-17T01:19:33.040Z,"275 km SSE of Katsuura, Japan",earthquake,9.8,12.5,0.214,6,reviewed,us,us
2017-02-20T13:53:00.300Z,35.9907,-96.8065,4.367,2.6,ml,,32,,0.34,us,us20008kwd,2017-05-17T01:19:33.040Z,"3 km W of Cushing, Oklahoma",earthquake,1.6,4.1,,,reviewed,tul,tul
2017-02-20T13:49:29.220Z,-31.3543,-179.5055,211.87,4.2,mb,,145,6.45,0.55,us,us100085zd,2017-05-17T01:19:33.040Z,"Kermadec Islands region",earthquake,8.5,13.1,0.235,6,reviewed,us,us
2017-02-20T13:29:52.460Z,-37.5297,-73.8102,13.93,4.1,mwr,,134,0.924,0.8,us,us20008kwc,2017-05-17T01:19:33.040Z,"16 km WNW of Lebu, Chile",earthquake,6.8,5.2,0.062,25,reviewed,us,us
2017-02-20T13:09:09.076Z,55.4377,-158.5041,14.8,2.6,ml,,,,0.69,ak,ak0172ck7a6z,2023-08-04T20:37:12.510Z,"66 km SE of Perryville, Alaska",earthquake,,0.7,,,reviewed,ak,ak
2017-02-20T12:39:23.700Z,18.5596,-67.426,20,2.7,Md,7,266.4,0.18145969,0.28,pr,pr17051006,2017-05-17T01:19:33.040Z,"30 km NW of Rincón, Puerto Rico",earthquake,1.7,3.5,0,4,reviewed,pr,pr
2017-02-20T10:46:20.000Z,-6.9222,125.7839,524.25,4.3,mb,,55,3.19,0.66,us,us20008kvw,2017-05-17T01:19:33.040Z,"177 km N of Manatutu, Timor Leste",earthquake,10.7,7.2,0.093,33,reviewed,us,us
2017-02-20T10:18:18.100Z,-30.0698,-72.2664,52.03,4,mb,,186,0.904,1,us,us20008kvu,2017-05-17T01:19:33.040Z,"90 km W of Coquimbo, Chile",earthquake,8.5,25.7,0.258,4,reviewed,us,us
2017-02-20T07:53:01.680Z,-37.6405,179.0108,11.37,5.1,mb,,44,0.564,0.78,us,us20008kvk,2017-05-17T01:19:33.040Z,"off the east coast of the North Island of New Zealand",earthquake,7.1,3.3,0.08,51,reviewed,us,us
2017-02-20T07:45:10.440Z,-5.1484,-74.9088,10.22,5.1,mww,,29,3.372,0.91,us,us20008kvi,2022-05-03T18:11:29.270Z,"85 km E of Lagunas, Peru",earthquake,6.6,3.2,0.078,16,reviewed,us,us
2017-02-20T07:44:10.090Z,30.2546,-9.8262,10,4.4,mb,,110,3.664,0.56,us,us20008lc6,2017-05-17T01:19:33.040Z,"28 km SW of Agadir, Morocco",earthquake,7.4,2,0.179,9,reviewed,us,us
2017-02-20T07:42:36.470Z,-5.846,154.597,176.89,4.5,mb,,55,2.928,0.72,us,us100085z8,2017-05-17T01:19:33.040Z,"111 km WNW of Panguna, Papua New Guinea",earthquake,10.5,7.7,0.084,41,reviewed,us,us
2017-02-20T07:18:09.380Z,47.8696667,-114.29,3.29,3.37,ml,25,76,0.123,0.2,mb,mb80199834,2021-05-13T22:00:50.136Z,"0 km WNW of Dayton, Montana",earthquake,0.36,0.81,0.277,23,reviewed,mb,mb
2017-02-20T07:12:36.200Z,18.2306,-67.4186,29,3,Md,17,212.4,0.16349338,0.31,pr,pr17051004,2017-05-17T01:19:33.040Z,"20 km WSW of Stella, Puerto Rico",earthquake,1.2,1.9,0,16,reviewed,pr,pr
2017-02-20T06:17:33.940Z,-37.5211,-73.9835,35,4.1,mb,,135,0.998,0.94,us,us20008kvc,2017-05-17T01:19:33.040Z,"30 km WNW of Lebu, Chile",earthquake,6.8,2,0.15,12,reviewed,us,us
2017-02-20T06:10:35.580Z,2.3937,95.2982,17.34,5,mb,,54,2.52,0.81,us,us20008kva,2017-05-17T01:19:33.040Z,"120 km W of Sinabang, Indonesia",earthquake,8,3.5,0.068,70,reviewed,us,us
2017-02-20T06:01:58.370Z,-10.1039,160.8929,49.97,4.7,mb,,72,1.142,0.77,us,us100085z5,2017-05-17T01:19:33.040Z,"119 km WNW of Kirakira, Solomon Islands",earthquake,10.7,8.6,0.129,18,reviewed,us,us
2017-02-20T05:45:12.200Z,-38.1425,178.0517,69.28,4.4,mb,,189,0.613,0.97,us,us100085zc,2017-05-17T01:19:33.040Z,"off the east coast of the North Island of New Zealand",earthquake,8.6,6,0.139,15,reviewed,us,us
2017-02-20T05:18:10.130Z,-21.4764,-178.8101,527.46,4.4,mb,,66,4.745,1.03,us,us20008kv2,2017-05-17T01:19:33.040Z,"Fiji region",earthquake,11.6,6.2,0.047,132,reviewed,us,us
2017-02-20T05:05:31.970Z,-20.2887,-178.0165,547.73,4.2,mb,,139,4.497,0.2,us,us100085z4,2017-05-17T01:19:33.040Z,"Fiji region",earthquake,28.5,27.5,0.187,8,reviewed,us,us
2017-02-20T04:06:08.700Z,36.5926,-98.5559,5.264,2.7,ml,,43,,0.24,us,us20008kuu,2017-05-17T01:19:33.040Z,"7 km S of Dacoma, Oklahoma",earthquake,1.5,6.3,,,reviewed,tul,tul
2017-02-20T03:56:45.190Z,-11.5455,166.3501,49.66,5,mb,,53,6.635,0.82,us,us20008kus,2022-05-03T18:11:27.470Z,"109 km SSE of Lata, Solomon Islands",earthquake,8.6,5.1,0.047,145,reviewed,us,us
2017-02-20T03:50:26.430Z,-10.6141,-75.4434,42.73,4.3,mb,,116,1.935,1.19,us,us100085z3,2017-05-17T01:19:33.040Z,"6 km SW of Oxapampa, Peru",earthquake,9.2,12.7,0.133,16,reviewed,us,us
2017-02-20T03:45:49.500Z,19.4736,-68.7421,76,3.5,Md,12,334.8,1.61337425,0.4,pr,pr17051000,2017-02-20T04:51:54.333Z,"63 km NNE of Miches, Dominican Republic",earthquake,4.9,11.4,0,10,reviewed,pr,pr
2017-02-20T03:45:49.100Z,18.3556,-68.9405,118.65,2.7,ml,,165,0.933,0.59,us,us20008kv0,2017-05-17T01:19:33.040Z,"8 km SSE of La Romana, Dominican Republic",earthquake,9.1,8.5,0.066,30,reviewed,us,us
2017-02-20T03:39:27.160Z,-17.6708,-69.5684,160.47,4.1,mb,,95,0.116,0.63,us,us20008kuq,2017-05-17T01:19:33.040Z,"43 km ENE of Palca, Peru",earthquake,9.4,5,0.197,7,reviewed,us,us
2017-02-20T03:21:20.800Z,18.9768,-64.6884,7,2.7,Md,2,342,0.87136583,0.11,pr,pr17051002,2017-02-20T07:30:15.446Z,"72 km N of Cruz Bay, U.S. Virgin Islands",earthquake,9.2,8.9,0,2,reviewed,pr,pr
2017-02-20T03:13:30.870Z,42.5143,13.2589,7.15,4,mwr,,52,0.193,0.6,us,us20008kup,2017-05-17T01:19:33.040Z,"1 km SE of Montereale, Italy",earthquake,5.7,4.7,0.062,25,reviewed,us,us
2017-02-20T02:58:38.730Z,32.5316,141.9447,10,4.6,mb,,148,1.886,0.74,us,us100085za,2017-05-17T01:19:33.040Z,"Izu Islands, Japan region",earthquake,8.1,1.9,0.146,14,reviewed,us,us
2017-02-20T02:34:35.000Z,18.8607,-68.6552,89,3.4,Md,11,190.8,0.66026173,0.33,pr,pr17051001,2017-05-17T01:19:33.040Z,"23 km N of Otra Banda, Dominican Republic",earthquake,3.7,2.6,0,11,reviewed,pr,pr
2017-02-20T01:16:06.650Z,-42.7201,172.7178,17.82,4.4,mwr,,73,0.334,0.73,us,us20008kul,2017-05-17T01:19:33.040Z,"48 km N of Amberley, New Zealand",earthquake,2.5,1.1,0.046,45,reviewed,us,us
2017-02-20T00:17:48.890Z,-12.7796,169.6828,662.16,4.6,mb,,105,8.796,0.63,us,us100085z1,2017-05-17T01:19:33.040Z,"260 km ENE of Sola, Vanuatu",earthquake,15.8,15.2,0.091,36,reviewed,us,us
2017-02-19T23:29:02.310Z,-6.0832,154.9004,161.55,4.5,mb,,119,3.311,0.69,us,us100085rx,2017-05-17T01:19:32.040Z,"69 km WNW of Panguna, Papua New Guinea",earthquake,11.9,8,0.093,34,reviewed,us,us
2017-02-19T23:15:58.480Z,-5.4858,145.4526,74.63,4.4,mb,,196,4.245,0.64,us,us20008kud,2017-05-17T01:19:32.040Z,"47 km SW of Madang, Papua New Guinea",earthquake,12.8,11.7,0.12,20,reviewed,us,us
2017-02-19T22:58:40.200Z,37.8687,22.6092,6.97,4.5,mb,,75,0.877,0.8,us,us20008kuc,2017-05-17T01:19:32.040Z,"7 km NW of Neméa, Greece",earthquake,2.8,5.7,0.1,29,reviewed,us,us
2017-02-19T22:17:30.371Z,59.7313,-153.1387,103,4.1,mw,,,,0.68,ak,ak0172b22lil,2023-08-04T20:34:05.118Z,"54 km E of Pedro Bay, Alaska",earthquake,,0.2,,,reviewed,ak,ak
2017-02-19T21:35:50.480Z,54.7734,-160.1937,20,2.6,ml,,,,0.6,us,us20008mbi,2023-08-04T20:33:59.462Z,"65 km SSE of Sand Point, Alaska",earthquake,6.4,8.8,,,reviewed,ak,ak
2017-02-19T21:06:13.940Z,-37.4713,-74.1253,18.63,4.1,mwr,,137,1.039,0.9,us,us20008ku5,2017-05-17T01:19:32.040Z,"Off the coast of Bio-Bio, Chile",earthquake,5,5.5,0.053,34,reviewed,us,us
2017-02-19T21:00:13.490Z,37.0513333,-114.0883333,0.18,2.65,ml,9,145,0.4494,0.16,uu,uu60185277,2018-07-02T18:26:15.279Z,"21 km NW of Beaver Dam, Arizona",earthquake,0.67,4.24,0.205,6,reviewed,uu,uu
2017-02-19T20:11:05.500Z,36.1742,-98.1264,5.53,2.5,ml,,50,,0.2,us,us20008ku3,2017-05-17T01:19:32.040Z,"9 km SSE of Ames, Oklahoma",earthquake,1.2,4.7,,,reviewed,tul,tul
2017-02-19T19:27:48.570Z,47.3868333,-122.6555,7.53,2.65,ml,32,64,0.1388,0.26,uw,uw61251016,2017-05-17T01:19:32.040Z,"1 km NW of Wauna, Washington",earthquake,0.41,1.05,0.113,29,reviewed,uw,uw
2017-02-19T19:16:14.730Z,-20.0848,-178.1337,451.26,4.1,mb,,96,7.801,1.18,us,us100085rs,2017-05-17T01:19:32.040Z,"Fiji region",earthquake,10,12.1,0.127,17,reviewed,us,us
2017-02-19T19:10:04.620Z,-6.4706,152.5702,27.26,5,mb,,109,2.3,1.22,us,us20008ku0,2017-05-17T01:19:32.040Z,"237 km S of Kokopo, Papua New Guinea",earthquake,10.7,4,0.072,61,reviewed,us,us
2017-02-19T19:07:25.990Z,-37.4822,-73.8785,19.04,4.7,mwr,,97,0.916,0.46,us,us20008ktu,2017-05-17T01:19:32.040Z,"24 km NW of Lebu, Chile",earthquake,2.5,5.2,0.052,36,reviewed,us,us
2017-02-19T18:10:28.590Z,50.3044,157.0826,79.72,4.2,mb,,249,2.834,0.73,us,us100085rq,2017-05-17T01:19:32.040Z,"79 km ESE of Severo-Kuril’sk, Russia",earthquake,15.1,14.3,0.141,14,reviewed,us,us
2017-02-19T18:07:51.770Z,51.6137,-177.4961,89.44,2.9,ml,,203,0.32,0.03,us,us20008mbe,2023-08-04T20:32:10.538Z,"66 km WSW of Adak, Alaska",earthquake,21.8,13.1,,,reviewed,us,ak
2017-02-19T17:11:26.620Z,52.5148,-172.2434,131.85,3.3,ml,,182,1.463,0.62,us,us20008mbd,2023-08-04T20:32:01.091Z,"137 km ENE of Atka, Alaska",earthquake,5.9,25.1,,,reviewed,us,ak
2017-02-19T17:07:17.120Z,-19.336,-177.3232,589.11,4.5,mb,,81,4.663,0.93,us,us20008ktn,2017-05-17T01:19:32.040Z,"298 km NW of Nuku‘alofa, Tonga",earthquake,14.3,11.5,0.094,33,reviewed,us,us
2017-02-19T16:26:05.520Z,-18.573,169.3635,142.23,4.3,mb,,301,2.968,0.25,us,us100085s2,2017-05-17T01:19:32.040Z,"107 km N of Isangel, Vanuatu",earthquake,17.9,20.6,0.2,7,reviewed,us,us
2017-02-19T16:20:33.070Z,-10.6527,115.8822,41.07,4.7,mb,,109,2.759,0.86,us,us100085rm,2017-05-17T01:19:32.040Z,"214 km S of Lembar, Indonesia",earthquake,8.3,6.8,0.079,49,reviewed,us,us
2017-02-19T15:54:36.830Z,-8.259,120.01,184.55,4.4,mb,,61,2.235,0.75,us,us100085rl,2017-05-17T01:19:32.040Z,"29 km NNE of Labuan Bajo, Indonesia",earthquake,7.8,6.3,0.143,14,reviewed,us,us
2017-02-19T15:49:18.200Z,-37.459,-74.0485,16.99,4,mwr,,196,0.987,0.59,us,us20008kt6,2017-05-17T01:19:32.040Z,"38 km WNW of Lebu, Chile",earthquake,8.1,6.8,0.05,38,reviewed,us,us
2017-02-19T15:39:42.100Z,-7.8406,107.9434,67.97,4.7,mb,,48,2.556,0.98,us,us20008kt4,2017-05-17T01:19:32.040Z,"57 km SSW of Singaparna, Indonesia",earthquake,8.6,6.9,0.079,49,reviewed,us,us
2017-02-19T15:31:47.120Z,5.8055,123.9628,539.84,4.4,mb,,71,2.039,0.66,us,us20008kt1,2017-05-17T01:19:32.040Z,"51 km SSW of Palimbang, Philippines",earthquake,8.2,6.8,0.054,101,reviewed,us,us
2017-02-19T15:31:43.640Z,-15.1273,-173.2071,8.45,4.4,mb,,188,1.839,0.27,us,us100085rk,2017-05-17T01:19:32.040Z,"111 km NE of Hihifo, Tonga",earthquake,9.7,7.5,0.268,4,reviewed,us,us
2017-02-19T15:14:07.500Z,-6.4023,104.6528,45.93,5.1,mb,,82,2.639,0.81,us,us20008ksv,2017-05-17T01:19:32.040Z,"126 km SSW of Bandar Lampung, Indonesia",earthquake,6.7,5.9,0.067,72,reviewed,us,us
2017-02-19T14:50:45.510Z,22.9882,124.8534,10,4.5,mb,,128,2.24,0.72,us,us100085ri,2017-05-17T01:19:32.040Z,"166 km SSE of Ishigaki, Japan",earthquake,11.3,1.9,0.071,58,reviewed,us,us
2017-02-19T14:43:32.660Z,-15.2326,-178.3008,10,4.4,mb,,137,31.442,0.88,us,us100085rh,2017-05-17T01:19:32.040Z,"104 km SSW of Alo, Wallis and Futuna",earthquake,22.1,1.9,0.162,11,reviewed,us,us
2017-02-19T14:08:44.500Z,-11.6154,166.5678,126.08,5,mb,,94,9.132,0.73,us,us100085rg,2017-05-17T01:19:32.040Z,"129 km SE of Lata, Solomon Islands",earthquake,13,8.7,0.11,29,reviewed,us,us
2017-02-19T12:44:32.500Z,19.353,-64.3967,67,3,Md,4,345.6,1.33489651,0.21,pr,pr17050005,2017-05-17T01:19:32.040Z,"120 km NNE of Cruz Bay, U.S. Virgin Islands",earthquake,6.1,13.1,0,3,reviewed,pr,pr
2017-02-19T11:35:38.650Z,-9.1225,116.603,38.16,4.1,mb,,46,2.507,1.21,us,us100085rd,2017-05-17T01:19:32.040Z,"58 km SE of Praya, Indonesia",earthquake,9.1,9.1,0.14,14,reviewed,us,us
2017-02-19T11:02:19.660Z,-15.9003,-179.6419,10,4.9,mb,,122,2.87,0.88,us,us20008ksg,2022-05-03T18:11:26.199Z,"121 km ENE of Labasa, Fiji",earthquake,9,1.9,0.117,23,reviewed,us,us
2017-02-19T10:42:08.390Z,13.7674,147.5275,10,5.1,mb,,59,2.59,0.62,us,us20008ksf,2017-05-17T01:19:32.040Z,"244 km ESE of San Jose Village, Northern Mariana Islands",earthquake,10.1,1.9,0.064,78,reviewed,us,us
2017-02-19T09:37:23.030Z,-37.5736,-73.8554,14.04,4.3,mwr,,108,0.98,0.95,us,us20008ksb,2017-05-17T01:19:32.040Z,"18 km WNW of Lebu, Chile",earthquake,7.1,4.9,0.039,63,reviewed,us,us
2017-02-19T09:19:31.080Z,35.6621,140.7523,42,5.4,mww,,82,2.202,1.27,us,us20008ks7,2022-05-03T19:38:34.615Z,"10 km SW of Hasaki, Japan",earthquake,6.4,1.9,0.071,19,reviewed,us,us
2017-02-19T07:15:22.200Z,36.2773,-97.5629,5.305,2.5,ml,,25,,0.3,us,us20008l0p,2017-05-17T01:19:32.040Z,"3 km SSE of Covington, Oklahoma",earthquake,1.2,7.1,,,reviewed,tul,tul
2017-02-19T07:13:45.900Z,36.2762,-97.5627,6.068,2.7,ml,,25,,0.31,us,us20008krz,2017-05-17T01:19:32.040Z,"4 km SSE of Covington, Oklahoma",earthquake,1.1,7.3,,,reviewed,tul,tul
2017-02-19T07:10:39.470Z,-37.552,-74.1723,18.36,3.9,mwr,,193,1.122,0.54,us,us20008ks0,2017-05-17T01:19:32.040Z,"46 km W of Lebu, Chile",earthquake,8.4,7.3,0.062,25,reviewed,us,us
2017-02-19T07:06:55.120Z,-37.5395,-73.8852,20,4.1,mwr,,134,0.965,0.75,us,us20008krx,2017-05-17T01:19:32.040Z,"21 km WNW of Lebu, Chile",earthquake,6.6,2,0.056,31,reviewed,us,us
2017-02-19T07:06:40.000Z,36.2777,-97.5588,4.982,2.6,ml,,25,,0.31,us,us20008krw,2017-05-17T01:19:32.040Z,"4 km SE of Covington, Oklahoma",earthquake,1,6.8,,,reviewed,tul,tul
2017-02-19T07:05:53.550Z,-24.6703,179.5359,519.98,4.5,mb,,118,7.028,1.18,us,us20008kry,2017-05-17T01:19:32.040Z,"south of the Fiji Islands",earthquake,13.3,8.9,0.102,28,reviewed,us,us
2017-02-19T06:41:47.520Z,51.5182,-173.3136,4.6,3.5,ml,,,,0.45,us,us20008mb9,2023-08-04T20:28:33.851Z,"97 km SE of Atka, Alaska",earthquake,10,8.9,,,reviewed,ak,ak
2017-02-19T06:26:52.530Z,-2.2387,-79.9337,70.46,3.5,mb,,104,1.058,1.03,us,us20008lb1,2022-08-07T11:40:28.110Z,"7 km SW of Guayaquil, Ecuador",earthquake,3.7,15,0.348,2,reviewed,us,us
2017-02-19T06:04:20.950Z,-20.5927,-178.4911,571.16,4.4,mb,,99,4.323,0.93,us,us100085r6,2017-05-17T01:19:31.040Z,"Fiji region",earthquake,13,8,0.084,41,reviewed,us,us
2017-02-19T06:04:12.500Z,35.9111,-97.3527,6.716,2.7,ml,,33,,0.32,us,us20008kr8,2017-05-17T01:19:31.040Z,"Oklahoma",earthquake,0.6,6,,,reviewed,tul,tul
2017-02-19T06:01:53.250Z,37.7368,141.8952,57.15,4.1,mb,,151,0.885,0.65,us,us20008krj,2017-05-17T01:19:31.040Z,"83 km ENE of Namie, Japan",earthquake,3.7,8.5,0.198,7,reviewed,us,us
2017-02-19T05:55:38.000Z,17.8255,-66.803,6,2.7,Md,15,223.2,0.1643917,0.62,pr,pr17050003,2017-02-19T08:08:06.966Z,"18 km S of Indios, Puerto Rico",earthquake,1.6,1.7,0,10,reviewed,pr,pr
2017-02-19T05:54:18.810Z,40.3803,-126.2837,10,3.3,ml,,255,1.488,0.72,us,us20008kr2,2022-06-19T01:01:53.843Z,"172 km W of Ferndale, California",earthquake,7.9,2,0.055,44,reviewed,us,us
2017-02-19T05:50:16.470Z,51.4951,-173.2665,8.1,2.6,ml,,,,0.35,us,us20008mb7,2023-08-04T20:28:26.203Z,"101 km SE of Atka, Alaska",earthquake,13.4,9.4,,,reviewed,ak,ak
2017-02-19T05:47:53.510Z,51.4448,-173.3056,33.2,2.5,ml,,,,0.08,us,us20008mb6,2023-08-04T20:28:12.694Z,"103 km SE of Atka, Alaska",earthquake,14.7,9.8,,,reviewed,ak,ak
2017-02-19T05:23:40.650Z,52.8836,-169.5169,4.7,2.9,ml,,,,1.04,us,us20008mb5,2023-08-04T20:28:08.787Z,"44 km W of Nikolski, Alaska",earthquake,9.2,9.1,,,reviewed,ak,ak
2017-02-19T05:22:43.150Z,82.8454,-5.759,10,4.4,mb,,100,4.815,1.33,us,us100085r5,2017-05-17T01:19:31.040Z,"north of Svalbard",earthquake,7.2,1.9,0.138,15,reviewed,us,us
2017-02-19T05:03:08.380Z,51.5263,-173.2242,16.1,3.1,ml,,,,0.65,us,us20008kug,2023-08-04T20:28:06.760Z,"100 km SE of Atka, Alaska",earthquake,11.5,9.4,,,reviewed,ak,ak
2017-02-19T05:01:52.780Z,51.4929,-173.1996,10.4,3.2,ml,,,,0.52,us,us20008kuf,2023-08-04T20:28:04.915Z,"104 km SE of Atka, Alaska",earthquake,14.4,9.4,,,reviewed,ak,ak
2017-02-19T04:28:38.820Z,-24.5109,-67.7572,189.11,4.4,mb,,74,1.787,0.23,us,us20008kqt,2017-05-17T01:19:31.040Z,"149 km WSW of San Antonio de los Cobres, Argentina",earthquake,9.4,8,0.31,3,reviewed,us,us
2017-02-19T04:03:33.600Z,-37.5559,-73.6964,13.57,4.5,mwr,,121,0.902,0.85,us,us20008kqn,2017-05-17T01:19:31.040Z,"6 km NNW of Lebu, Chile",earthquake,5.5,2.9,0.047,43,reviewed,us,us
2017-02-19T03:50:21.240Z,-20.2665,-177.2782,527.34,4.3,mb,,99,5.079,0.72,us,us100085r3,2017-05-17T01:19:31.040Z,"236 km WNW of Haveluloto, Tonga",earthquake,14.6,8.3,0.122,19,reviewed,us,us
2017-02-19T03:35:03.500Z,33.985,-118.803,10.75,2.82,ml,95,71,0.01964,0.24,ci,ci37585951,2017-05-16T18:10:26.392Z,"2km SSE of Malibu, CA",earthquake,0.26,0.31,0.164,178,reviewed,ci,ci
2017-02-19T02:45:36.450Z,8.2473,-82.7452,34.45,3.6,mb,,152,0.347,0.47,us,us20008lax,2017-05-17T01:19:31.040Z,"11 km SE of Manaca Civil, Panama",earthquake,5.5,4.8,0.5,1,reviewed,us,us
2017-02-19T02:33:10.500Z,18.5669,-64.8021,15,3.1,Md,4,342,0.5228195,0.15,pr,pr17050001,2017-02-19T04:25:14.383Z,"26 km N of Cruz Bay, U.S. Virgin Islands",earthquake,3.1,1.1,0,3,reviewed,pr,pr
2017-02-19T02:06:36.800Z,17.864,-65.6337,16,2.7,Md,4,284.4,0.24434176,0.14,pr,pr17050000,2017-02-19T04:12:58.229Z,"29 km SE of El Negro, Puerto Rico",earthquake,1,1.2,0,3,reviewed,pr,pr
2017-02-19T00:22:46.330Z,52.8191,-173.5456,187.68,3.6,mb,,157,2.141,0.54,us,us20008mav,2023-08-04T20:26:00.134Z,"82 km NNE of Atka, Alaska",earthquake,10.4,12,0.288,3,reviewed,us,us
2017-02-19T00:18:46.080Z,1.728,126.4126,52.71,4.1,mb,,106,1.346,1.13,us,us100085qx,2017-05-17T01:19:31.040Z,"149 km NW of Ternate, Indonesia",earthquake,8.7,5.1,0.185,8,reviewed,us,us
2017-02-19T00:04:52.730Z,36.5463,71.0749,152.73,4.2,mb,,73,0.703,0.59,us,us20008kq8,2017-05-17T01:19:31.040Z,"41 km SSE of Jurm, Afghanistan",earthquake,7.6,5.4,0.115,21,reviewed,us,us
2017-02-18T23:44:17.100Z,18.8314,-64.5252,7,3.1,Md,3,345.6,0.8875355,0.07,pr,pr17049007,2017-02-19T03:52:34.975Z,"62 km NNE of Cruz Bay, U.S. Virgin Islands",earthquake,7.5,7.3,0,3,reviewed,pr,pr
2017-02-18T23:31:18.220Z,13.9019,-91.9944,35,4.5,mb,,160,0.683,1.1,us,us20008kq3,2017-05-13T01:03:24.040Z,"44 km SSW of Champerico, Guatemala",earthquake,6,2,0.059,84,reviewed,us,us
2017-02-18T23:24:36.320Z,-18.7962,169.3967,229.65,4.3,mb,,188,2.829,0.54,us,us100085qn,2017-05-13T01:03:24.040Z,"83 km N of Isangel, Vanuatu",earthquake,15.7,10.6,0.154,12,reviewed,us,us
2017-02-18T22:28:28.500Z,17.819,-66.772,9,2.7,Md,6,262.8,0.18595126,0.38,pr,pr17049006,2017-02-18T23:21:08.103Z,"20 km SSE of Indios, Puerto Rico",earthquake,2,2.9,0,5,reviewed,pr,pr
2017-02-18T22:23:00.010Z,13.4426,145.8877,36.87,4.9,mb,,65,1.002,0.58,us,us20008kpw,2025-12-22T17:21:29.067Z,"108 km E of Yigo Village, Guam",earthquake,8.6,6.7,0.056,101,reviewed,us,us
2017-02-18T22:18:11.670Z,-23.5006,-175.2493,10,4.6,mb,,96,6.632,0.61,us,us100085qm,2017-05-13T01:03:24.040Z,"241 km S of ‘Ohonua, Tonga",earthquake,7.8,1.9,0.141,15,reviewed,us,us
2017-02-18T20:43:48.460Z,37.3395,-121.6911667,10.04,2.83,md,143,52,0.03879,0.18,nc,nc72765376,2017-02-23T07:24:16.765Z,"12 km ESE of East Foothills, California",earthquake,0.16,0.31,0.184,82,reviewed,nc,nc
2017-02-18T18:58:19.630Z,-22.1205,-68.7001,105.46,4.2,mb,,33,0.527,1.13,us,us20008kph,2017-05-13T01:03:24.040Z,"43 km NNE of Calama, Chile",earthquake,6.4,7.1,0.141,14,reviewed,us,us
2017-02-18T18:46:49.910Z,-5.6356,148.6158,47.59,4.3,mb,,105,3.815,1.12,us,us100085qh,2017-05-13T01:03:24.040Z,"120 km WNW of Kandrian, Papua New Guinea",earthquake,11.1,8.6,0.16,12,reviewed,us,us
2017-02-18T17:02:17.020Z,-24.2604,-67.1298,193.09,4,mb,,55,2.316,1.18,us,us20008kp7,2017-05-13T01:03:24.040Z,"82 km W of San Antonio de los Cobres, Argentina",earthquake,9.5,19.4,0.3,3,reviewed,us,us
2017-02-18T16:55:04.710Z,10.3887,126.8732,57.87,4.4,mb,,140,34.539,0.75,us,us100085qg,2017-05-13T01:03:24.040Z,"100 km ENE of Santa Monica, Philippines",earthquake,14.5,9.9,0.189,8,reviewed,us,us
2017-02-18T16:51:02.510Z,52.8426,-168.2027,45.87,3.6,ml,,212,0.415,1.14,us,us20008m89,2023-08-04T20:24:33.961Z,"45 km ESE of Nikolski, Alaska",earthquake,5.2,12.4,0.148,6,reviewed,us,us
2017-02-18T14:40:38.840Z,50.7765,-124.4099,8.49,3.9,mwr,,24,0.964,1.46,us,us20008knu,2017-05-13T01:03:24.040Z,"103 km NE of Campbell River, Canada",earthquake,1.8,4.8,0.066,22,reviewed,us,us
2017-02-18T14:25:10.370Z,35.7487,140.1823,67.41,4.4,mb,,162,1.787,0.61,us,us20008knt,2017-05-13T01:03:24.040Z,"5 km NW of Sakura, Japan",earthquake,7.5,7.7,0.131,17,reviewed,us,us
2017-02-18T14:24:18.000Z,18.3173,-64.9825,4,3,Md,8,241.2,0.28476595,0.44,pr,pr17049005,2017-05-13T01:03:24.040Z,"6 km WSW of Charlotte Amalie, U.S. Virgin Islands",earthquake,2.4,1.2,0,5,reviewed,pr,pr
2017-02-18T13:41:13.742Z,60.0277,-153.1315,128.6,2.5,ml,,,,0.48,ak,ak017299bgha,2023-08-04T20:24:01.597Z,"60 km ENE of Pedro Bay, Alaska",earthquake,,0.2,,,reviewed,ak,ak
2017-02-18T12:43:33.250Z,-23.9825,-66.7687,198.99,4.9,mwr,,68,2.395,0.87,us,us20008knf,2017-05-13T01:03:24.040Z,"52 km WNW of San Antonio de los Cobres, Argentina",earthquake,8.8,7.6,,,reviewed,us,guc
2017-02-18T12:10:17.970Z,-23.8613,-66.6592,222,6.4,mww,,28,2.415,1.23,us,us20008kn8,2022-05-03T18:11:57.843Z,"52 km NW of San Antonio de los Cobres, Argentina",earthquake,6.9,1.8,0.04,60,reviewed,us,us
2017-02-18T11:46:02.430Z,51.8824,178.3911,117.64,2.9,ml,,158,0.759,0.56,us,us20008m81,2023-08-04T20:23:39.475Z,"Rat Islands, Aleutian Islands, Alaska",earthquake,12.3,11.7,,,reviewed,us,ak
2017-02-18T11:24:05.380Z,3.9854,126.8171,41.15,4.5,mb,,136,3.239,0.38,us,us100085q8,2017-05-13T01:03:24.040Z,"217 km SE of Sarangani, Philippines",earthquake,9.9,8.7,0.14,15,reviewed,us,us
2017-02-18T11:22:38.293Z,67.6539,-162.3782,26.7,2.7,ml,,,,0.87,ak,ak0172980kk5,2023-08-04T20:23:37.455Z,"26 km ENE of Noatak, Alaska",earthquake,,4.3,,,reviewed,ak,ak
2017-02-18T11:19:13.920Z,-31.5183,179.2292,465.51,3.9,mb,,139,6.077,0.71,us,us100085qp,2017-05-13T01:03:24.040Z,"Kermadec Islands region",earthquake,14.1,18.2,0.194,7,reviewed,us,us
2017-02-18T10:58:49.530Z,0.2398,-24.7906,10,4.5,mb,,96,16.057,0.56,us,us100085q7,2017-05-13T01:03:24.040Z,"central Mid-Atlantic Ridge",earthquake,7.3,1.9,0.116,22,reviewed,us,us
2017-02-18T09:37:38.060Z,-25.0275,179.8409,505.49,4.6,mb,,95,4.647,0.81,us,us100085q5,2017-05-13T01:03:24.040Z,"south of the Fiji Islands",earthquake,13.2,9.6,0.091,36,reviewed,us,us
2017-02-18T09:34:16.310Z,34.2405,-119.6376667,1.42,2.78,ml,39,76,0.1878,0.3,ci,ci37585551,2017-05-16T18:08:02.957Z,"21km SSW of Carpinteria, CA",earthquake,0.3,0.65,0.112,75,reviewed,ci,ci
2017-02-18T07:04:18.230Z,26.3261,-44.6236,10,4.6,mb,,105,18.497,0.87,us,us20008kmm,2017-05-13T01:03:24.040Z,"northern Mid-Atlantic Ridge",earthquake,12.7,1.9,0.088,39,reviewed,us,us
2017-02-18T07:01:28.010Z,10.4092,126.748,63.14,4.5,mb,,133,16.455,0.55,us,us100085q1,2017-05-13T01:03:24.040Z,"88 km ENE of Santa Monica, Philippines",earthquake,14.1,8.5,0.111,24,reviewed,us,us
2017-02-18T07:00:57.883Z,66.7013,-143.2886,11.6,2.7,ml,,,,0.5,ak,ak017295i5wc,2023-08-04T20:22:26.229Z,"19 km ENE of Chalkyitsik, Alaska",earthquake,,0.1,,,reviewed,ak,ak
2017-02-18T06:50:40.631Z,60.1266,-152.7753,112.1,3.1,ml,,,,0.59,ak,ak0172957erj,2023-08-04T20:22:24.407Z,"61 km WNW of Happy Valley, Alaska",earthquake,,0.1,,,reviewed,ak,ak
2017-02-18T06:37:42.640Z,40.3393333,-124.6893333,16.87,2.68,md,39,250,0.3012,0.16,nc,nc72765266,2017-02-23T08:01:03.044Z,"44 km SW of Ferndale, California",earthquake,1.15,0.64,0.145,31,reviewed,nc,nc
2017-02-18T06:21:56.112Z,56.9371,-154.6309,5.6,3,ml,,,,0.6,ak,ak017295186z,2023-08-04T20:22:09.848Z,"28 km W of Akhiok, Alaska",earthquake,,0.7,,,reviewed,ak,ak
2017-02-18T05:09:04.800Z,19.4169,-65.9531,11,2.8,Md,4,331.2,1.14175873,0.18,pr,pr17049004,2017-02-18T07:52:54.652Z,"106 km N of San Juan, Puerto Rico",earthquake,9.3,13.3,0,3,reviewed,pr,pr
2017-02-18T04:55:43.660Z,-16.9843,-70.1571,151.8,4.3,mb,,137,0.883,0.69,us,us20008km0,2017-05-13T01:03:23.040Z,"28 km NE of Pujocucho, Peru",earthquake,12,9,0.177,9,reviewed,us,us
2017-02-18T03:37:14.710Z,1.4576,30.7252,10,4.2,mb,,152,2.045,1.07,us,us100085py,2017-05-13T01:03:23.040Z,"53 km ESE of Bunia, Democratic Republic of the Congo",earthquake,5.6,1.9,0.176,9,reviewed,us,us
2017-02-18T02:43:31.110Z,-35.4763,-102.7473,10,4.8,mb,,127,10.047,0.75,us,us20008klu,2025-12-22T17:21:28.356Z,"southeast of Easter Island",earthquake,13.4,1.9,0.048,132,reviewed,us,us
2017-02-18T01:38:42.900Z,19.2026,-68.0459,17,3,Md,8,327.6,1.14804693,0.18,pr,pr17049001,2017-05-13T01:03:23.040Z,"78 km NNE of Punta Cana, Dominican Republic",earthquake,7.5,15,0,6,reviewed,pr,pr
2017-02-18T00:22:53.100Z,-56.1176,-27.2606,81.82,4.7,mb,,126,5.595,0.93,us,us100085pz,2017-05-13T01:03:23.040Z,"South Sandwich Islands region",earthquake,9.2,8.3,0.08,47,reviewed,us,us
2017-02-17T23:25:59.680Z,3.7996,126.9032,10,4.2,mb,,163,3.505,0.91,us,us20008mrq,2017-05-13T01:03:23.040Z,"238 km SE of Sarangani, Philippines",earthquake,6.5,2,0.186,8,reviewed,us,us
2017-02-17T21:53:24.100Z,18.1942,-67.275,15,2.5,Md,6,172.8,0.18056137,0.27,pr,pr17048003,2017-05-13T01:03:23.040Z,"13 km SW of La Playa, Puerto Rico",earthquake,0.9,1.7,0,4,reviewed,pr,pr
2017-02-17T21:33:15.060Z,3.8032,126.7453,66.27,4.8,mb,,64,3.074,0.75,us,us20008kks,2017-05-13T01:03:23.040Z,"227 km SE of Sarangani, Philippines",earthquake,5.5,7.6,0.072,59,reviewed,us,us
2017-02-17T19:43:22.550Z,-3.9116,137.2442,112.14,4.1,mb,,200,5.083,0.95,us,us20008mrn,2017-05-13T01:03:23.040Z,"203 km ESE of Nabire, Indonesia",earthquake,13.4,11.3,0.184,8,reviewed,us,us
2017-02-17T19:31:35.720Z,-13.4465,-111.8266,10,4.7,mb,,158,24.821,0.79,us,us20008kka,2025-12-22T17:21:27.606Z,"central East Pacific Rise",earthquake,13.9,1.9,0.039,203,reviewed,us,us
2017-02-17T18:07:13.700Z,45.8906,150.4048,100.2,4.5,mb,,138,5.392,1.01,us,us20008kk5,2017-05-13T01:03:23.040Z,"210 km ENE of Kuril’sk, Russia",earthquake,9.2,7.5,0.061,78,reviewed,us,us
2017-02-17T17:45:48.290Z,14.4681,144.2433,390.8,4.7,mb,,39,1.063,0.61,us,us20008kjq,2017-05-13T01:03:23.040Z,"121 km NNW of Piti Village, Guam",earthquake,10.1,5.4,0.041,177,reviewed,us,us
2017-02-17T17:28:24.330Z,-8.1244,118.5552,10,4.4,mb,,79,3.31,0.95,us,us20008mrm,2017-05-13T01:03:23.040Z,"41 km NNW of Bima, Indonesia",earthquake,6.3,1.9,0.143,15,reviewed,us,us
2017-02-17T17:10:21.810Z,-31.7609,-177.3509,10,4.4,mb,,191,2.556,0.43,us,us20008mrj,2017-05-13T01:03:23.040Z,"Kermadec Islands region",earthquake,7.5,2,0.219,6,reviewed,us,us
2017-02-17T17:05:40.390Z,52.8655,-32.3823,10,4.5,mb,,154,13.062,0.54,us,us20008mrl,2017-05-13T01:03:23.040Z,"Reykjanes Ridge",earthquake,12,1.9,0.111,24,reviewed,us,us
2017-02-17T16:58:34.430Z,-1.3316,97.4907,31.76,4.4,mb,,183,2.619,1.18,us,us20008mrk,2017-05-13T01:03:23.040Z,"southwest of Sumatra, Indonesia",earthquake,11.7,6.8,0.155,12,reviewed,us,us
2017-02-17T16:10:11.960Z,54.0725,-165.6397,123.63,3.8,mb,,177,0.1,1.18,us,us20008mcj,2023-08-04T20:19:25.126Z,"11 km SE of Akutan, Alaska",earthquake,10.2,10.2,0.136,15,reviewed,us,us
2017-02-17T15:33:30.660Z,20.0665,-156.0566667,40.05,4.66,ml,25,133,,0.13,hv,hv61610021,2020-07-06T21:01:42.340Z,"25 km WNW of Puako, Hawaii",earthquake,0.55,0.99,0.189,44,reviewed,hv,hv
2017-02-17T14:11:27.180Z,33.4815,-117.0303333,17.88,2.57,ml,110,21,0.02942,0.2,ci,ci37585335,2017-05-16T18:19:42.470Z,"11km E of Temecula, CA",earthquake,0.13,0.29,0.175,148,reviewed,ci,ci
2017-02-17T14:05:40.640Z,-10.3927,161.2381,80.12,4.7,mb,,130,1.586,0.62,us,us20008kga,2017-05-13T01:03:23.040Z,"75 km W of Kirakira, Solomon Islands",earthquake,4.8,9.2,0.112,24,reviewed,us,us
2017-02-17T13:48:54.344Z,52.1055,-173.3561,69.3,3.9,ml,,,,0.41,ak,ak01727ltp4q,2023-08-04T20:18:56.373Z,"58 km E of Atka, Alaska",earthquake,,1.5,,,reviewed,ak,ak
2017-02-17T13:48:08.010Z,48.9506,-175.7153,14.56,4,mb,,339,5.347,1.39,us,us20008kg2,2017-05-13T01:03:23.040Z,"south of the Aleutian Islands",earthquake,32.1,9.7,0.084,38,reviewed,us,us
2017-02-17T12:58:23.590Z,53.4452,-165.9279,43.4,3.7,mb,,199,0.527,1.09,us,us20008mch,2023-08-04T20:18:24.463Z,"62 km SE of Unalaska, Alaska",earthquake,6.2,12.7,0.146,12,reviewed,us,us
2017-02-17T12:39:52.110Z,31.4267,-103.5215,2.95,2.6,ml,,134,0.888,0.56,us,us20008la8,2017-05-13T01:03:23.040Z,"2 km W of Pecos, Texas",earthquake,1.9,6,0.105,12,reviewed,us,us
2017-02-17T12:27:00.670Z,-6.8569,154.3463,35,4.2,mb,,179,3.425,1.02,us,us20008mru,2017-05-13T01:03:23.040Z,"139 km WSW of Panguna, Papua New Guinea",earthquake,11.6,2,0.152,12,reviewed,us,us
2017-02-17T12:25:41.000Z,18.2201,-68.574,78,3.5,Md,16,291.6,0.34495307,0.75,pr,pr17048002,2017-05-13T01:03:23.040Z,"17 km SSE of Boca de Yuma, Dominican Republic",earthquake,8.5,4.4,0,15,reviewed,pr,pr
2017-02-17T12:22:06.900Z,12.5062,142.2854,141.76,4.6,mb,,46,2.737,0.62,us,us20008mrh,2017-05-13T01:03:23.040Z,"272 km WSW of Merizo Village, Guam",earthquake,10.5,1.4,0.066,68,reviewed,us,us
2017-02-17T12:15:53.300Z,51.725,-176.8983,50.22,3.8,mb,,190,0.202,1.11,us,us20008mcg,2023-08-04T20:18:08.313Z,"24 km SW of Adak, Alaska",earthquake,11.4,7.4,0.153,11,reviewed,us,us
2017-02-17T11:59:52.900Z,2.3305,132.2152,35,4.2,mb,,147,3.316,0.76,us,us20008mre,2017-05-13T01:03:23.040Z,"142 km ESE of Tobi Village, Palau",earthquake,8.3,2,0.176,9,reviewed,us,us
2017-02-17T11:21:28.910Z,-2.4436,140.0153,15,5.1,mwb,,12,7.772,0.8,us,us20008kez,2022-05-03T18:11:24.974Z,"70 km WNW of Abepura, Indonesia",earthquake,7.3,1.7,0.066,22,reviewed,us,us
2017-02-17T11:14:56.640Z,-16.8861,-178.3278,609.48,4.2,mb,,262,3.561,0.98,us,us20008mrd,2017-05-13T01:03:23.040Z,"251 km E of Labasa, Fiji",earthquake,13.9,16.8,0.124,18,reviewed,us,us
2017-02-17T10:58:01.110Z,-6.9596,129.3,116.38,4.6,mb,,46,2.227,1.09,us,us20008mrv,2017-05-13T01:03:23.040Z,"Banda Sea",earthquake,9,8.4,0.151,13,reviewed,us,us
2017-02-17T09:49:05.110Z,51.0694,-173.0977,45.6,4,mb,,223,2.114,0.87,us,us20008kes,2023-08-04T20:17:48.717Z,"146 km SSE of Atka, Alaska",earthquake,10.5,21.4,0.083,39,reviewed,us,us
2017-02-17T09:34:42.180Z,51.32,-177.9575,49.02,4,mb,,180,0.732,1.03,us,us20008mcd,2023-08-04T20:17:41.733Z,"110 km SW of Adak, Alaska",earthquake,8.5,7.6,0.075,47,reviewed,us,us
2017-02-17T09:18:26.310Z,9.8504,125.4215,10,4.7,mb,,78,2.767,0.79,us,us20008ken,2017-05-13T01:03:23.040Z,"5 km NNW of Mabua, Philippines",earthquake,8.5,1.9,0.066,69,reviewed,us,us
2017-02-17T09:17:51.660Z,-23.471,-70.5764,59.35,4.5,mwr,,110,0.046,1.35,us,us20008kem,2017-05-13T01:03:23.040Z,"Near the coast of Antofagasta, Chile",earthquake,3.8,6,0.048,42,reviewed,us,us
2017-02-17T08:00:42.440Z,51.6124,178.7391,102.84,4.3,mb,,161,0.422,0.69,us,us20008kei,2023-08-04T20:17:26.714Z,"Rat Islands, Aleutian Islands, Alaska",earthquake,11.7,7.7,0.071,56,reviewed,us,us
2017-02-17T07:36:00.120Z,54.1675,-161.9106,3.17,3,ml,,214,1.117,0.83,us,us20008mcb,2023-08-04T20:17:18.956Z,"Alaska Peninsula",earthquake,5.3,10.4,0.148,6,reviewed,us,us
2017-02-17T06:03:48.300Z,19.082,-65.6248,30,2.5,Md,4,324,0.83543321,0.25,pr,pr17048001,2017-02-17T08:29:16.086Z,"75 km NNE of Vieques, Puerto Rico",earthquake,2.4,16.6,0,2,reviewed,pr,pr
2017-02-17T05:26:59.310Z,33.5174,-87.3489,2.38,2.7,mb_lg,,65,0.559,0.6,us,us20008ke8,2017-05-13T01:03:22.040Z,"22 km S of Oakman, Alabama",earthquake,2.2,7.5,0.086,35,reviewed,us,us
2017-02-17T05:06:34.020Z,33.5652,-87.363,1.15,2.6,mb_lg,,64,0.606,1.09,us,us20008ke4,2017-05-13T01:03:22.040Z,"16 km S of Oakman, Alabama",earthquake,1.8,6.8,0.095,29,reviewed,us,us
2017-02-17T05:04:32.210Z,4.573,96.5459,41.74,4.6,mb,,92,0.764,0.91,us,us20008ke5,2017-05-13T01:03:22.040Z,"66 km NE of Meulaboh, Indonesia",earthquake,7.3,8.3,0.096,32,reviewed,us,us
2017-02-17T03:12:30.290Z,29.8635,102.2877,10,4.2,mb,,86,6.259,1.12,us,us20008mr6,2017-05-13T01:03:22.040Z,"Western Sichuan, China",earthquake,5.5,2,0.166,10,reviewed,us,us
2017-02-17T02:58:59.121Z,58.0115,-154.7943,77.3,3.4,ml,,,,0.68,ak,ak01727fc308,2023-08-04T20:16:33.963Z,"53 km NNW of Karluk, Alaska",earthquake,,0.3,,,reviewed,ak,ak
2017-02-17T01:18:04.990Z,25.1201,125.1252,18.97,4.7,mb,,110,2.028,0.66,us,us20008kde,2017-05-13T01:03:22.040Z,"39 km NNW of Hirara, Japan",earthquake,8.8,5.2,0.073,56,reviewed,us,us
2017-02-17T01:09:14.100Z,19.2677,-66.1057,26,3,Md,8,291.6,1.01868953,0.2,pr,pr17048000,2017-02-17T04:08:19.144Z,"88 km N of San Juan, Puerto Rico",earthquake,1.2,17.2,0,7,reviewed,pr,pr
2017-02-17T00:55:49.810Z,-16.1598,-172.9936,10,4,mb,,130,2.527,0.66,us,us20008mr2,2017-05-13T01:03:22.040Z,"88 km ESE of Hihifo, Tonga",earthquake,10,1.9,0.231,5,reviewed,us,us
2017-02-17T00:17:30.640Z,3.869,126.8793,35.42,4.4,mb,,115,3.114,0.5,us,us20008mr4,2017-05-13T01:03:22.040Z,"231 km SE of Sarangani, Philippines",earthquake,4.5,10.6,0.127,18,reviewed,us,us
2017-02-16T23:20:37.560Z,36.6067,71.3213,118.95,4.3,mb,,77,0.79,0.9,us,us20008kd1,2017-05-13T01:03:22.040Z,"20 km WSW of Ashk?sham, Afghanistan",earthquake,8.1,6.2,0.104,26,reviewed,us,us
2017-02-16T23:07:08.420Z,31.7623333,-116.2818333,11.64,2.99,ml,22,158,0.3423,0.23,ci,ci37585119,2017-05-16T18:28:45.369Z,"27km E of Maneadero, B.C., MX",earthquake,0.36,1.23,0.168,24,reviewed,ci,ci
2017-02-16T22:51:11.650Z,-3.0824,146.3165,10,4.5,mb,,118,6.336,0.39,us,us20008m62,2017-05-13T01:03:22.040Z,"157 km SW of Lorengau, Papua New Guinea",earthquake,9.4,1.9,0.14,15,reviewed,us,us
2017-02-16T22:50:14.210Z,48.7996,154.4703,59.7,4.1,mb,,174,4.772,0.9,us,us20008m63,2017-05-13T01:03:22.040Z,"240 km SSW of Severo-Kuril’sk, Russia",earthquake,14,10.2,0.184,8,reviewed,us,us
2017-02-16T22:18:31.340Z,-4.2579,134.067,17.38,4.4,mb,,103,2.249,0.6,us,us20008kcf,2017-05-13T01:03:22.040Z,"187 km WSW of Nabire, Indonesia",earthquake,9.8,5.9,0.138,15,reviewed,us,us
2017-02-16T21:59:01.730Z,-19.2135,169.2781,141.58,4.6,mb,,157,2.468,0.7,us,us20008m61,2017-05-13T01:03:22.040Z,"36 km N of Isangel, Vanuatu",earthquake,13.7,10.4,0.141,15,reviewed,us,us
2017-02-16T21:48:30.290Z,13.5357,-91.4545,35,4.5,mb,,167,1.01,0.94,us,us20008kcb,2017-05-13T01:03:22.040Z,"74 km SW of La Gomera, Guatemala",earthquake,3,2,0.047,131,reviewed,us,us
2017-02-16T21:44:05.130Z,18.7358,145.1448,345.62,5,mb,,28,5.124,0.88,us,us20008kc8,2025-12-22T17:32:54.920Z,"Pagan region, Northern Mariana Islands",earthquake,9.5,5.8,0.032,314,reviewed,us,us
2017-02-16T19:53:53.600Z,-16.3038,-174.1205,92.3,4.9,mb,,58,3.284,0.92,us,us20008kb6,2025-12-22T17:21:26.903Z,"51 km SW of Hihifo, Tonga",earthquake,8.7,5.4,0.035,255,reviewed,us,us
2017-02-16T19:39:17.580Z,-35.8352,-73.785,11.87,4.5,mwr,,166,1.029,0.66,us,us20008kaw,2017-05-13T01:03:22.040Z,"114 km NW of Tomé, Chile",earthquake,2.7,5,0.052,35,reviewed,us,us
2017-02-16T19:22:03.320Z,52.7134,-174.4972,171.76,2.6,ml,,178,1.141,0.33,us,us20008lm1,2023-08-04T20:15:10.619Z,"60 km NNW of Atka, Alaska",earthquake,31.7,17.4,,,reviewed,us,ak
2017-02-16T18:39:46.300Z,-35.845,-73.6881,21.76,4.6,mwr,,118,0.986,1.09,us,us20008kaj,2017-05-13T01:03:22.040Z,"108 km NW of Tomé, Chile",earthquake,5.1,5.9,0.046,46,reviewed,us,us
2017-02-16T18:10:19.810Z,51.5172,-174.8584,42.3,2.5,ml,,,,0.43,ak,ak0172611asd,2023-08-04T20:14:57.380Z,"88 km SSW of Atka, Alaska",earthquake,,22.7,,,reviewed,ak,ak
2017-02-16T18:09:28.530Z,2.3655,128.2821,83.34,4.1,mb,,259,1.828,0.81,us,us20008m5w,2017-05-13T01:03:22.040Z,"76 km NNE of Tobelo, Indonesia",earthquake,14.1,17.3,0.175,9,reviewed,us,us
2017-02-16T17:25:01.800Z,18.5995,-67.0384,79,2.8,Md,9,280.8,0.14822202,0.14,pr,pr17047006,2017-05-13T01:03:22.040Z,"Mona Passage",earthquake,1.7,0.9,0,6,reviewed,pr,pr
2017-02-16T17:16:14.120Z,51.4221,-174.7832,27.7,3.2,ml,,,,0.37,us,us20008llz,2023-08-04T20:14:55.410Z,"95 km SSW of Atka, Alaska",earthquake,9.3,9.1,,,reviewed,ak,ak
2017-02-16T16:46:55.795Z,55.8259,-158.4548,49.1,2.5,ml,,,,0.3,ak,ak017260284r,2023-08-04T20:14:44.705Z,"44 km ESE of Perryville, Alaska",earthquake,,0.8,,,reviewed,ak,ak
2017-02-16T16:17:12.200Z,36.1498,-99.024,6.052,2.5,ml,,191,,1.16,us,us20008kda,2017-05-13T01:03:22.040Z,"8 km W of Seiling, Oklahoma",earthquake,2.1,3.4,,,reviewed,tul,tul
2017-02-16T16:01:49.400Z,36.1263,-96.8727,5,2.8,ml,,22,,0.22,us,us20008k9n,2017-05-13T01:03:22.040Z,"12 km SSE of Glencoe, Oklahoma",earthquake,0.6,2.1,,,reviewed,tul,tul
2017-02-16T15:54:32.440Z,36.0715,70.3842,109.03,4.3,mb,,112,1.063,0.85,us,us20008k9l,2017-05-13T01:03:22.040Z,"73 km SE of Farkh?r, Afghanistan",earthquake,6.6,6.9,0.077,51,reviewed,us,us
2017-02-16T15:33:07.300Z,36.1266,-96.864,6.207,3.3,mwr,,22,,0.31,us,us20008k9g,2020-03-20T01:41:31.792Z,"12 km SSE of Glencoe, Oklahoma",earthquake,0.8,2,,11,reviewed,tul,slm
2017-02-16T15:00:58.510Z,18.3608,147.1541,49.45,4.5,mb,,98,5.228,0.85,us,us20008m5v,2017-05-13T01:03:22.040Z,"Mariana Islands region",earthquake,9.8,7.6,0.075,57,reviewed,us,us
2017-02-16T14:38:15.670Z,-22.2069,-179.0269,521.03,4.1,mb,,108,9.071,1.03,us,us20008m5u,2017-05-13T01:03:22.040Z,"south of the Fiji Islands",earthquake,16,13.1,0.107,24,reviewed,us,us
2017-02-16T13:42:00.620Z,37.1557,-97.828,4.83,2.9,ml,,59,0.055,0.36,us,us20008k7x,2017-05-13T01:03:22.040Z,"5 km SSE of Freeport, Kansas",earthquake,1.1,5.2,0.2,18,reviewed,ismp,ismp
2017-02-16T13:35:27.130Z,1.7165,127.0032,93.82,4.7,mb,,106,1.006,0.98,us,us20008k7w,2017-05-13T01:03:22.040Z,"110 km NNW of Ternate, Indonesia",earthquake,9.2,7.5,0.104,28,reviewed,us,us
2017-02-16T13:33:42.080Z,14.481,-90.5585,202.24,4.8,mb,,110,1.101,0.91,us,us20008k7u,2017-05-13T01:03:22.040Z,"2 km S of Petapa, Guatemala",earthquake,7.8,6.8,0.052,117,reviewed,us,us
2017-02-16T12:57:31.850Z,51.2681,-167.9519,49.53,3,ml,,298,1.795,0.05,us,us20008kav,2017-05-13T01:03:22.040Z,"196 km SSE of Nikolski, Alaska",earthquake,10.8,55.6,,,reviewed,us,ak
2017-02-16T12:57:31.483Z,53.0177,-170.0132,216.5,3,ml,,,,0.67,ak,ak01725xqspo,2023-08-04T20:13:42.977Z,"77 km W of Nikolski, Alaska",earthquake,,1.2,,,reviewed,ak,ak
2017-02-16T12:51:55.140Z,18.7629,-69.4026,101.91,4.6,mb,,48,0.571,0.79,us,us20008k7r,2017-05-13T01:03:22.040Z,"7 km ESE of El Puerto, Dominican Republic",earthquake,6.7,7.2,0.066,68,reviewed,us,us
2017-02-16T12:49:42.780Z,15.5076,-93.6829,43.58,4,mb,,154,0.488,0.85,us,us1000868t,2017-05-13T01:03:22.040Z,"34 km SSW of Manuel Ávila Camacho (Ponte Duro), Mexico",earthquake,2.9,21.4,0.26,4,reviewed,us,us
2017-02-16T12:10:01.490Z,-20.752,-178.5652,598.93,5.3,mww,,61,4.376,0.88,us,us20008k6s,2025-12-22T17:37:52.962Z,"Fiji region",earthquake,10.5,5.3,0.103,9,reviewed,us,us
2017-02-16T11:42:00.680Z,55.1957,-160.5939,1.2,3.8,mb,,,,1.13,us,us20008kas,2023-08-04T20:13:37.605Z,"16 km SSW of Sand Point, Alaska",earthquake,6.6,6.7,0.359,2,reviewed,ak,us
2017-02-16T10:45:10.870Z,3.8387,126.6852,39.93,4.5,mb,,150,3.121,0.47,us,us20008m5m,2017-05-13T01:03:22.040Z,"219 km SE of Sarangani, Philippines",earthquake,5.4,11.6,0.132,17,reviewed,us,us
2017-02-16T10:36:08.480Z,-7.1555,-80.6909,39.13,4.8,mb,,123,2.278,0.9,us,us20008k68,2017-05-13T01:03:22.040Z,"90 km WSW of Pimentel, Peru",earthquake,7.6,6.8,0.047,141,reviewed,us,us
2017-02-16T08:22:42.490Z,36.2503333,-89.5593333,4.59,2.5,md,48,41,0.03947,0.15,nm,nm60176111,2017-05-13T01:03:22.040Z,"6 km WSW of Ridgely, Tennessee",earthquake,0.22,0.27,0.094,33,reviewed,nm,nm
2017-02-16T08:08:28.900Z,36.4616,-98.7616,7.207,2.8,ml,,46,,0.17,us,us20008k5i,2017-05-13T01:03:22.040Z,"17 km SE of Waynoka, Oklahoma",earthquake,1.3,3.1,,,reviewed,tul,tul
2017-02-16T07:30:20.152Z,57.4336,-156.9566,122.5,4,ml,,,,0.85,ak,ak01725ulthb,2023-08-04T20:12:52.818Z,"27 km ESE of Ugashik, Alaska",earthquake,,0.3,,,reviewed,ak,ak
2017-02-16T07:19:00.500Z,19.555,-64.8385,60,3.5,Md,7,302.4,1.59900121,0.31,pr,pr17047000,2017-05-13T01:03:21.040Z,"134 km N of Charlotte Amalie, U.S. Virgin Islands",earthquake,5.1,19.9,0,6,reviewed,pr,pr
2017-02-16T07:02:05.500Z,-30.1677,-72.1093,9.84,5.4,mww,,136,0.795,1.04,us,us20008k59,2022-05-03T18:57:36.535Z,"77 km WSW of Coquimbo, Chile",earthquake,4,3.2,0.048,41,reviewed,us,us
2017-02-16T06:34:59.380Z,-21.935,-68.4044,97.93,4.2,mwr,,31,0.79,0.88,us,us20008k55,2017-05-13T01:03:21.040Z,"78 km NE of Calama, Chile",earthquake,5.2,5.8,0.066,22,reviewed,us,us
2017-02-16T06:27:07.020Z,6.9502,125.4062,24.77,4.5,mb,,106,0.208,1.01,us,us20008kcd,2017-05-13T01:03:21.040Z,"2 km SSW of Baracatan, Philippines",earthquake,14.6,7.5,0.136,16,reviewed,us,us
2017-02-16T05:38:34.620Z,-17.8233,-13.7371,10,5,mb,,58,7.871,0.58,us,us20008k4y,2025-12-22T17:21:26.286Z,"southern Mid-Atlantic Ridge",earthquake,10.5,1.8,0.064,77,reviewed,us,us
2017-02-16T05:38:10.500Z,19.5195,-64.846,50,3.4,Md,4,316.8,1.56396691,0.23,pr,pr17047003,2017-05-13T01:03:21.040Z,"130 km N of Charlotte Amalie, U.S. Virgin Islands",earthquake,4.1,20.1,0,4,reviewed,pr,pr
2017-02-16T05:29:25.490Z,10.0124,125.9948,10,4.3,mb,,151,2.952,0.3,us,us20008k53,2017-05-13T01:03:21.040Z,"4 km W of Santa Monica, Philippines",earthquake,10.5,2,0.138,15,reviewed,us,us
2017-02-16T05:16:13.300Z,17.8419,-65.6041,50,2.5,Md,3,273.6,0.25781649,0.12,pr,pr17047002,2017-02-16T08:48:23.193Z,"31 km SSW of Esperanza, Puerto Rico",earthquake,3.7,2.8,0,3,reviewed,pr,pr
2017-02-16T04:50:25.760Z,-9.3701,158.8703,36.14,4.3,mb,,86,1.065,0.61,us,us20008m5h,2017-05-13T01:03:21.040Z,"99 km WNW of Malango, Solomon Islands",earthquake,10.9,8.4,0.188,8,reviewed,us,us
2017-02-16T04:28:27.200Z,19.5631,-64.8079,50,3.6,Md,6,302.4,1.61786583,0.07,pr,pr17047004,2017-05-13T01:03:21.040Z,"135 km N of Charlotte Amalie, U.S. Virgin Islands",earthquake,1.8,8.9,0,4,reviewed,pr,pr
2017-02-16T04:07:36.922Z,59.5148,-153.3819,112.5,3.4,ml,,,,0.62,ak,ak01725somho,2023-08-04T20:12:24.832Z,"50 km SE of Pedro Bay, Alaska",earthquake,,0.1,,,reviewed,ak,ak
2017-02-16T04:00:12.810Z,51.6382,-176.239,44.6,3.5,ml,,,,0.51,us,us20008llu,2023-08-04T20:12:17.950Z,"Andreanof Islands, Aleutian Islands, Alaska",earthquake,12.7,9.7,,,reviewed,ak,ak
2017-02-16T02:43:07.110Z,2.2795,126.2455,50.44,4.2,mb,,157,1.87,0.74,us,us20008m5e,2017-05-13T01:03:21.040Z,"166 km ENE of Laikit, Laikit II (Dimembe), Indonesia",earthquake,5.5,9.3,0.115,21,reviewed,us,us
2017-02-16T01:30:49.620Z,42.7599,-111.0562,1.89,2.9,ml,,61,0.033,0.92,us,us20008k48,2017-05-13T01:03:21.040Z,"5 km SW of Auburn, Wyoming",earthquake,3.4,10,0.037,96,reviewed,us,us
2017-02-16T00:19:20.170Z,-30.041,-71.3549,49.59,4.2,mwr,,91,0.158,0.85,us,us20008k40,2017-05-13T01:03:21.040Z,"9 km S of Coquimbo, Chile",earthquake,4.5,6.1,0.054,33,reviewed,us,us
2017-02-16T00:19:00.240Z,39.5439,26.1208,7.1,4.5,mwr,,33,1.351,0.87,us,us20008k41,2017-05-13T01:03:21.040Z,"19 km WNW of Behram, Turkey",earthquake,4.4,4.2,0.066,22,reviewed,us,us
2017-02-16T00:03:27.880Z,45.1474,-106.8632,0,2.7,ml,,88,1.604,0.99,us,us10008jp6,2017-05-13T01:03:21.040Z,"33 km SW of Birney, Montana",mining explosion,4.8,2,0.085,28,reviewed,us,us
2017-02-15T23:01:23.840Z,34.7047,24.9022,25.94,4.6,mb,,62,0.582,0.71,us,us20008k3m,2017-05-13T01:03:21.040Z,"38 km S of Moíres, Greece",earthquake,2.8,4.7,0.06,82,reviewed,us,us
2017-02-15T22:58:06.560Z,-12.1965,41.3898,10,4.1,mb,,78,8.809,1.16,us,us20008m42,2017-05-13T01:03:21.040Z,"127 km NE of Pemba, Mozambique",earthquake,9,1.9,0.173,9,reviewed,us,us
2017-02-15T22:30:40.010Z,-18.0036,-178.2524,612.84,4.5,mb,,160,3.528,0.57,us,us20008m3u,2017-05-13T01:03:21.040Z,"257 km E of Levuka, Fiji",earthquake,14.5,10.1,0.107,26,reviewed,us,us
2017-02-15T22:28:07.440Z,2.9016,126.5905,68.53,4.2,mb,,102,2.253,0.85,us,us20008m3v,2017-05-13T01:03:21.040Z,"204 km NW of Tobelo, Indonesia",earthquake,9.8,8,0.128,17,reviewed,us,us
2017-02-15T22:15:41.440Z,51.4883,-173.5406,42.69,3.5,mb,,213,1.996,0.65,us,us20008m7n,2023-08-04T20:11:28.395Z,"90 km SSE of Atka, Alaska",earthquake,14,29.2,0.156,10,reviewed,us,us
2017-02-15T21:59:44.800Z,17.975,-67.0345,14,2.5,Md,11,147.6,0.01077978,0.38,pr,pr17046007,2017-02-15T22:26:00.515Z,"1 km E of La Parguera, Puerto Rico",earthquake,1.9,2.1,0,8,reviewed,pr,pr
2017-02-15T21:55:43.310Z,45.7528333,-118.5953333,6.97,2.85,ml,13,134,0.3507,0.25,uw,uw61250371,2017-05-13T01:03:21.040Z,"3 km WSW of Adams, Oregon",earthquake,0.55,1.66,0.098,9,reviewed,uw,uw
2017-02-15T21:08:02.800Z,18.0965,-68.2527,73,3.4,Md,6,334.8,1.09145307,0.28,pr,pr17046008,2017-05-13T01:03:21.040Z,"48 km SE of Boca de Yuma, Dominican Republic",earthquake,3.7,3.7,0,6,reviewed,pr,pr
2017-02-15T21:02:11.860Z,43.8585,-105.4246,0,3.2,ml,,63,1.036,1.17,us,us20008k2f,2017-05-13T01:03:21.040Z,"13 km NNE of Wright, Wyoming",mining explosion,5.1,2,0.062,44,reviewed,us,us
2017-02-15T19:53:27.780Z,5.2456,96.1497,10,5,mb,,41,0.794,1.51,us,us20008k22,2022-05-03T18:11:23.646Z,"15 km WNW of Reuleuet, Indonesia",earthquake,6.4,1.7,0.063,82,reviewed,us,us
2017-02-15T19:47:07.380Z,5.2964,96.066,13,5.4,mww,,35,0.88,1.29,us,us20008k1z,2022-05-03T18:57:35.401Z,"15 km SE of Sigli, Indonesia",earthquake,5.3,1.7,0.061,26,reviewed,us,us
2017-02-15T19:41:00.930Z,37.196,135.2654,367.36,4.5,mb,,28,2.316,0.99,us,us20008k1x,2017-05-13T01:03:21.040Z,"Sea of Japan",earthquake,7.8,5.8,0.037,211,reviewed,us,us
2017-02-15T19:32:39.590Z,4.182,92.9917,10,4.1,mb,,154,4.077,0.45,us,us20008m3x,2017-05-13T01:03:21.040Z,"off the west coast of northern Sumatra",earthquake,8.3,1.8,0.124,18,reviewed,us,us
2017-02-15T19:26:11.720Z,-4.4562,152.9494,81.94,4.6,mb,,89,0.826,0.65,us,us20008k1q,2017-05-13T01:03:21.040Z,"76 km E of Kokopo, Papua New Guinea",earthquake,8.8,7.9,0.094,34,reviewed,us,us
2017-02-15T19:25:12.570Z,-16.4491,-174.2187,138.57,4.2,mb,,84,3.454,0.95,us,us20008m3s,2017-05-13T01:03:21.040Z,"70 km SW of Hihifo, Tonga",earthquake,10.8,8.8,0.176,9,reviewed,us,us
2017-02-15T19:15:35.800Z,36.1259,-96.8688,3.766,2.5,ml,,22,,0.23,us,us20008k2q,2017-05-13T01:03:21.040Z,"12 km NNE of Ripley, Oklahoma",earthquake,0.7,2.7,,,reviewed,tul,tul
2017-02-15T18:53:38.570Z,-7.5161,107.3878,77.33,5,mb,,40,3.063,1.21,us,us20008k1a,2017-05-13T01:03:21.040Z,"35 km S of Banjar, Indonesia",earthquake,8.5,4.6,0.057,99,reviewed,us,us
2017-02-15T17:58:14.050Z,-59.3933,149.4026,10,4.9,mb,,119,7.163,0.95,us,us20008k14,2025-12-22T17:21:25.681Z,"west of Macquarie Island",earthquake,9.4,1.9,0.104,29,reviewed,us,us
2017-02-15T17:50:29.390Z,45.8712,-107.0656,0,2.6,ml,,83,1.004,1.31,us,us10008jp0,2017-05-13T01:03:21.040Z,"34 km W of Colstrip, Montana",mining explosion,4.5,2,0.06,42,reviewed,us,us
2017-02-15T17:33:22.900Z,0.4888,99.7436,153.29,4.5,mb,,135,1.306,0.86,us,us20008k0x,2017-05-13T01:03:21.040Z,"111 km SSE of Padangsidempuan, Indonesia",earthquake,7,7.9,0.104,27,reviewed,us,us
2017-02-15T17:31:30.650Z,-21.6953,-68.3484,134.07,4.3,mb,,31,0.836,0.5,us,us20008k0t,2017-05-13T01:03:21.040Z,"103 km NE of Calama, Chile",earthquake,2.8,8.5,0.161,11,reviewed,us,us
2017-02-15T17:19:07.500Z,40.2853333,-124.4156667,19.77,2.72,md,15,245,0.1069,0.07,nc,nc72764531,2017-02-16T19:22:04.140Z,"34 km SW of Scotia, California",earthquake,0.78,0.28,0.16,32,reviewed,nc,nc
2017-02-15T16:43:46.290Z,38.0361,72.429,126.62,4.3,mb,,51,0.791,0.74,us,us20008k0m,2017-05-13T01:03:21.040Z,"98 km NE of Khorugh, Tajikistan",earthquake,6.5,5.8,0.075,50,reviewed,us,us
2017-02-15T15:51:50.160Z,-33.1872,-69.6605,21.39,4.7,mb,,42,0.556,0.85,us,us20008jzz,2017-05-13T01:03:21.040Z,"84 km WSW of Mendoza, Argentina",earthquake,3.6,6.2,0.153,13,reviewed,us,us
2017-02-15T15:37:24.670Z,29.6213,51.5738,10,4,mb,,68,6.217,0.67,us,us20008jzv,2017-05-13T01:03:21.040Z,"7 km W of K?zer?n, Iran",earthquake,6.4,1.9,0.102,26,reviewed,us,us
2017-02-15T15:28:16.720Z,52.2948,-173.4021,100.39,4.5,mb,,138,2.066,0.98,us,us20008jzk,2023-08-04T20:10:34.716Z,"55 km E of Atka, Alaska",earthquake,9.7,7.9,0.045,142,reviewed,us,us
2017-02-15T15:19:46.412Z,52.0269,-174.0278,0.4,2.5,ml,,,,0.49,ak,ak01724brmz5,2023-08-04T20:10:20.969Z,"22 km SSE of Atka, Alaska",earthquake,,1,,,reviewed,ak,ak
2017-02-15T14:36:42.641Z,56.2346,-157.4135,51.5,2.8,ml,,,,0.42,ak,ak01724b9u94,2023-08-04T20:10:17.336Z,"61 km E of Chignik, Alaska",earthquake,,1.2,,,reviewed,ak,ak
2017-02-15T14:07:29.500Z,3.9156,126.8062,44.56,5,mb,,107,3.172,0.79,us,us20008jzd,2017-05-13T01:03:21.040Z,"221 km SE of Sarangani, Philippines",earthquake,4.5,7,0.064,79,reviewed,us,us
2017-02-15T14:05:18.330Z,-18.4893,168.0354,42.52,4.4,mb,,112,2.396,0.7,us,us20008jzb,2017-05-13T01:03:21.040Z,"88 km SSW of Port-Vila, Vanuatu",earthquake,10.8,13.1,0.162,11,reviewed,us,us
2017-02-15T13:59:12.870Z,-37.1157,178.8841,21.27,4.3,mb,,212,0.64,1.32,us,us20008m3q,2017-05-13T01:03:21.040Z,"172 km NE of Opotiki, New Zealand",earthquake,10.5,5,0.218,6,reviewed,us,us
2017-02-15T13:44:42.960Z,-16.9516,-69.4963,177.21,4.3,mb,,114,1.376,1.11,us,us20008jz4,2017-05-13T01:03:21.040Z,"33 km SE of Mazo Cruz, Peru",earthquake,6.7,9.7,0.308,3,reviewed,us,us
2017-02-15T13:41:13.390Z,-15.9939,-176.0291,371.27,4.4,mb,,61,4.602,1.3,us,us20008jz5,2017-05-13T01:03:20.040Z,"239 km W of Hihifo, Tonga",earthquake,11.4,8.6,0.071,57,reviewed,us,us
2017-02-15T12:55:40.820Z,53.5533,-163.2127,38.5,3.4,ml,,,,0.77,us,us20008m75,2023-08-04T20:09:44.354Z,"145 km S of False Pass, Alaska",earthquake,4.9,10.1,0.148,6,reviewed,ak,us
2017-02-15T12:25:36.892Z,60.3674,-153.6587,191.4,2.9,ml,,,,0.66,ak,ak01724a0lq1,2023-08-04T20:09:26.807Z,"40 km ENE of Port Alsworth, Alaska",earthquake,,0.3,,,reviewed,ak,ak
2017-02-15T12:09:57.000Z,18.9249,-64.3004,43,3.3,Md,3,345.6,1.11391095,0.1,pr,pr17046006,2017-05-13T01:03:20.040Z,"83 km NE of Cruz Bay, U.S. Virgin Islands",earthquake,3.3,8,0,3,reviewed,pr,pr
2017-02-15T12:02:56.260Z,39.4507,143.5963,17.8,4.1,mb,,160,2.357,0.6,us,us20008m3p,2017-05-13T01:03:20.040Z,"141 km E of Yamada, Japan",earthquake,8,6.8,0.214,6,reviewed,us,us
2017-02-15T11:43:19.181Z,59.9709,-152.9538,113.4,2.7,ml,,,,0.6,ak,ak017249izn2,2023-08-04T20:09:22.949Z,"66 km WNW of Anchor Point, Alaska",earthquake,,0.3,,,reviewed,ak,ak
2017-02-15T11:37:14.300Z,18.5976,-64.8292,34,3.2,Md,4,331.2,0.51653129,0.2,pr,pr17046005,2017-05-13T01:03:20.040Z,"29 km N of Cruz Bay, U.S. Virgin Islands",earthquake,3,5.4,0,4,reviewed,pr,pr
2017-02-15T10:55:13.520Z,-60.9067,-51.4435,10,4.6,mb,,135,3.701,0.44,us,us20008m3k,2017-05-13T01:03:20.040Z,"Scotia Sea",earthquake,6.5,2,0.098,31,reviewed,us,us
2017-02-15T10:48:55.470Z,-5.5129,147.2432,208.84,4.5,mb,,58,3.867,0.69,us,us20008m3l,2017-05-13T01:03:20.040Z,"133 km NNW of Finschhafen, Papua New Guinea",earthquake,8.1,8,0.111,24,reviewed,us,us
2017-02-15T10:47:13.020Z,38.8348333,-122.7996667,1.87,2.64,md,64,28,0.008109,0.04,nc,nc72764351,2017-02-18T20:05:56.587Z,"6 km WNW of Cobb, California",earthquake,0.08,0.14,0.233,46,reviewed,nc,nc
2017-02-15T10:22:18.590Z,-16.8938,-174.2281,88.66,4.3,mb,,123,3.793,0.65,us,us20008m3j,2017-05-13T01:03:20.040Z,"113 km SSW of Hihifo, Tonga",earthquake,8,11,0.126,18,reviewed,us,us
2017-02-15T09:56:36.530Z,19.2915,-96.1411,14.2,4.4,mb,,40,1.445,1.12,us,us20008jy1,2017-05-13T01:03:20.040Z,"11 km NE of Colonia el Renacimiento, Mexico",earthquake,2.5,7,0.052,105,reviewed,us,us
2017-02-15T08:10:48.490Z,60.5161,-140.9358,14.3,2.5,ml,,,,1.37,us,us20008jwq,2023-08-04T20:08:39.208Z,"127 km NNW of Yakutat, Alaska",earthquake,2.2,6.3,,,reviewed,ak,ak
2017-02-15T08:07:31.760Z,52.5125,-174.1973,209.14,3.2,ml,,178,1.655,0.64,us,us20008m6x,2023-08-04T20:08:32.360Z,"35 km N of Atka, Alaska",earthquake,27.1,24.8,,,reviewed,us,ak
2017-02-15T08:01:38.000Z,19.5529,-65.2573,36,3.4,Md,11,309.6,1.23787846,0.15,pr,pr17046004,2017-05-13T01:03:20.040Z,"138 km NNW of Charlotte Amalie, U.S. Virgin Islands",earthquake,1.6,13.1,0,4,reviewed,pr,pr
2017-02-15T07:50:27.570Z,38.2031,72.889,119.56,4.7,mb,,68,2.127,0.91,us,us20008jwh,2017-05-13T01:03:20.040Z,"94 km W of Murghob, Tajikistan",earthquake,6.4,6.9,0.092,36,reviewed,us,us
2017-02-15T07:46:01.200Z,52.8321,-162.8217,23.2,3.2,ml,,,,0.97,us,us20008m6w,2023-08-04T20:08:21.725Z,"228 km S of False Pass, Alaska",earthquake,6.3,9.6,0.148,6,reviewed,ak,us
2017-02-15T07:03:08.460Z,51.8478,-169.6335,29.12,3.8,mb,,220,0.99,0.9,us,us20008m6t,2023-08-04T20:08:12.255Z,"132 km SSW of Nikolski, Alaska",earthquake,4.5,10,0.161,11,reviewed,us,us
2017-02-15T06:42:56.910Z,53.3721,160.4137,66.45,4.4,mb,,116,1.117,0.92,us,us20008jw9,2017-05-13T01:03:20.040Z,"123 km ENE of Petropavlovsk-Kamchatsky, Russia",earthquake,7.4,7.4,0.084,41,reviewed,us,us
2017-02-15T06:15:11.350Z,35.203,-117.2808333,1.62,3.39,mw,41,50,0.1917,0.15,ci,ci37583871,2017-05-13T01:03:20.040Z,"37km ESE of Johannesburg, CA",earthquake,0.16,0.68,,4,reviewed,ci,ci
2017-02-15T05:41:23.100Z,51.6017,-177.7776,65.4,3.9,mb,,,,0.98,us,us20008m3f,2023-08-04T20:08:01.613Z,"84 km WSW of Adak, Alaska",earthquake,13.1,9.4,0.089,33,reviewed,ak,us
2017-02-15T04:39:00.700Z,18.7455,-63.5929,77,3.4,Md,4,331.2,1.48940674,0.05,pr,pr17046000,2017-02-15T07:47:21.612Z,"80 km NW of Sandy Ground Village, Anguilla",earthquake,2.1,5,0,3,reviewed,pr,pr
2017-02-15T04:12:11.970Z,-1.3728,-80.478,27.63,4.1,mwr,,113,0.957,0.62,us,us20008jvp,2017-05-13T01:03:20.040Z,"11 km ESE of Jipijapa, Ecuador",earthquake,4.5,5.2,0.069,20,reviewed,us,us
2017-02-15T03:27:09.257Z,61.6952,-148.1865,1.6,2.7,ml,,,,0.82,ak,ak017244o2kt,2023-08-04T20:07:35.690Z,"18 km SE of Chickaloon, Alaska",earthquake,,0.2,,,reviewed,ak,ak
2017-02-15T03:05:31.580Z,-56.0673,-26.6769,42.83,5.1,mb,,81,18.611,0.75,us,us20008jvg,2017-05-13T01:03:20.040Z,"South Sandwich Islands region",earthquake,15,5.8,0.077,54,reviewed,us,us
2017-02-15T02:57:29.991Z,61.927,-150.0984,38,2.5,ml,,,,0.58,ak,ak017244941z,2023-08-04T20:07:33.837Z,"20 km N of Willow, Alaska",earthquake,,0.4,,,reviewed,ak,ak
2017-02-15T02:47:38.200Z,12.1516,-88.2756,42.05,4.8,mb,,151,1.314,0.86,us,us20008jvc,2017-05-13T01:03:20.040Z,"111 km SW of Jiquilillo, Nicaragua",earthquake,7.4,8.7,0.036,238,reviewed,us,us
2017-02-15T02:26:52.710Z,55.2594,-160.0815,9,2.9,ml,,,,1.16,us,us20008m6f,2023-08-04T20:07:25.075Z,"27 km ESE of Sand Point, Alaska",earthquake,4.9,3.4,0.148,6,reviewed,ak,us
2017-02-15T01:50:03.850Z,45.238,-67.9894,8.2,2.6,mb_lg,,94,0.303,0.58,us,us20008k54,2017-05-13T01:03:20.040Z,"18 km WNW of Grand Lake Stream, Maine",earthquake,1.7,3.1,,,reviewed,us,ott
2017-02-15T01:34:20.450Z,0.8176,-28.3284,10,4.9,mb,,92,14.816,0.79,us,us20008jv2,2017-05-13T01:03:20.040Z,"central Mid-Atlantic Ridge",earthquake,12.2,1.9,0.074,58,reviewed,us,us
2017-02-15T00:51:22.530Z,-20.9395,-178.3767,541.49,4.3,mb,,125,4.632,0.65,us,us20008m3c,2017-05-13T01:03:20.040Z,"Fiji region",earthquake,13.9,7.4,0.08,44,reviewed,us,us
2017-02-15T00:05:39.227Z,61.2533,-146.8011,15,3.1,ml,,,,0.68,ak,ak017242r4bm,2023-08-04T20:07:08.113Z,"27 km WNW of Valdez, Alaska",earthquake,,0.4,,,reviewed,ak,ak
2017-02-14T23:58:55.410Z,34.3277,70.467,58.21,3.7,mb,,164,1.195,0.76,us,us20008jup,2017-05-13T01:03:20.040Z,"11 km S of Jal?l?b?d, Afghanistan",earthquake,7.9,8.4,0.159,10,reviewed,us,us
2017-02-14T23:54:59.510Z,61.2546,-146.8142,8.7,3.3,ml,,,,0.63,ak,ak01722t7ae7,2023-08-04T20:07:04.462Z,"28 km WNW of Valdez, Alaska",earthquake,,0.2,,,reviewed,ak,ak
2017-02-14T22:28:05.100Z,19.09,-66.561,52,2.9,Md,3,288,0.76177136,0.2,pr,pr17045007,2017-05-13T01:03:20.040Z,"69 km N of Tierras Nuevas Poniente, Puerto Rico",earthquake,2.5,6,0,3,reviewed,pr,pr
2017-02-14T22:19:56.280Z,-5.8787,154.618,75.19,5.1,mb,,100,2.964,0.75,us,us20008jtf,2025-12-22T17:21:25.047Z,"107 km WNW of Panguna, Papua New Guinea",earthquake,8.3,7.2,0.072,63,reviewed,us,us
2017-02-14T21:23:32.300Z,35.8659,-97.3126,5.543,2.7,ml,,28,,0.18,us,us20008jss,2017-05-13T01:03:20.040Z,"6 km WNW of Meridian, Oklahoma",earthquake,1,4,,,reviewed,tul,tul
2017-02-14T21:06:51.670Z,43.7884,-105.2757,0,3.4,ml,,39,0.955,0.65,us,us20008jsk,2017-05-13T01:03:20.040Z,"17 km ENE of Wright, Wyoming",mining explosion,2.8,2,0.048,75,reviewed,us,us
2017-02-14T21:01:30.060Z,-16.4924,167.5566,10,4.4,mb,,269,4.272,0.59,us,us20008m2b,2017-05-13T01:03:20.040Z,"45 km SSE of Lakatoro, Vanuatu",earthquake,15.8,2,0.203,7,reviewed,us,us
2017-02-14T20:47:26.600Z,3.7015,126.7587,75.01,4.9,mb,,60,2.972,1.24,us,us20008jse,2017-05-13T01:03:20.040Z,"236 km SE of Sarangani, Philippines",earthquake,8.2,7.6,0.069,66,reviewed,us,us
2017-02-14T20:14:15.640Z,-15.1883,167.5755,108.42,4.5,mb,,190,5.567,1.22,us,us20008jsn,2017-05-13T01:03:20.040Z,"56 km ESE of Port-Olry, Vanuatu",earthquake,12.1,8.5,0.124,21,reviewed,us,us
2017-02-14T19:13:07.600Z,51.4648,179.5747,58.8,2.5,ml,,,,0.51,us,us20008lk2,2023-08-04T20:06:18.868Z,"266 km WSW of Adak, Alaska",earthquake,35.9,10.1,,,reviewed,ak,ak
2017-02-14T18:54:09.400Z,-21.2809,-113.3074,10,4.6,mb,,82,36.478,1.35,us,us20008m28,2025-12-22T16:52:10.872Z,"southern East Pacific Rise",earthquake,14.5,1.9,0.207,8,reviewed,us,us
2017-02-14T18:49:54.940Z,-2.9918,129.7765,39.97,4.6,mb,,52,2.47,0.94,us,us20008jqh,2017-05-13T01:03:19.040Z,"Seram, Indonesia",earthquake,5.8,6.8,0.073,56,reviewed,us,us
2017-02-14T18:40:34.040Z,55.1132,-160.562,7.5,3,ml,,205,0.241,0.98,us,us20008lk1,2023-08-04T20:06:04.989Z,"25 km S of Sand Point, Alaska",earthquake,4.9,6.5,,,reviewed,us,ak
2017-02-14T18:36:46.850Z,54.8289,-160.4228,23.72,3.7,ml,,202,1.732,0.96,us,us20008lk0,2023-08-04T20:06:01.062Z,"56 km S of Sand Point, Alaska",earthquake,5,15.1,0.128,8,reviewed,us,us
2017-02-14T16:43:39.310Z,45.3882,148.4901,128.01,4.6,mb,,132,4.278,0.44,us,us20008jpv,2017-05-13T01:03:19.040Z,"51 km ENE of Kuril’sk, Russia",earthquake,8.5,4.7,0.037,220,reviewed,us,us
2017-02-14T16:26:19.710Z,23.207,125.0875,10,5.1,mb,,98,2.277,0.74,us,us20008jpk,2017-05-13T01:03:19.040Z,"157 km SE of Ishigaki, Japan",earthquake,8.9,1.8,0.053,114,reviewed,us,us
2017-02-14T15:17:31.300Z,19.0685,-64.6408,39,3.3,Md,3,342,0.97018051,0.23,pr,pr17045005,2017-02-14T19:50:55.291Z,"83 km N of Cruz Bay, U.S. Virgin Islands",earthquake,4.2,14.8,0,3,reviewed,pr,pr
2017-02-14T15:10:01.980Z,-16.5874,-174.3886,175.68,4.3,mb,,77,3.666,1.12,us,us20008m27,2017-05-13T01:03:19.040Z,"94 km SW of Hihifo, Tonga",earthquake,10.1,5.6,0.161,11,reviewed,us,us
2017-02-14T14:53:44.530Z,55.1053,-160.4923,7.9,3.7,ml,,191,0.244,0.84,us,us20008jqv,2023-08-04T20:05:23.337Z,"25 km S of Sand Point, Alaska",earthquake,4.8,8.4,,,reviewed,us,ak
2017-02-14T14:41:58.300Z,36.2923,-96.6949,3.334,2.6,ml,,82,,0.12,us,us20008jpb,2017-05-13T01:03:19.040Z,"5 km NNW of Maramec, Oklahoma",earthquake,0.8,3.4,,,reviewed,tul,tul
2017-02-14T13:56:57.420Z,-6.4268,153.5116,35.87,4.6,mb,,90,2.595,0.63,us,us20008m2a,2017-05-13T01:03:19.040Z,"218 km W of Panguna, Papua New Guinea",earthquake,6.4,7,0.085,42,reviewed,us,us
2017-02-14T13:55:28.760Z,-6.2328,153.8948,35,4.2,mb,,183,2.661,1.1,us,us20008m25,2017-05-13T01:03:19.040Z,"176 km W of Panguna, Papua New Guinea",earthquake,5.9,2,0.187,8,reviewed,us,us
2017-02-14T12:00:19.060Z,-8.6334,120.3889,134.32,4.1,mb,,80,1.828,0.73,us,us20008m24,2017-05-13T01:03:19.040Z,"8 km WSW of Ruteng, Indonesia",earthquake,9.1,8.7,0.117,20,reviewed,us,us
2017-02-14T11:40:32.210Z,59.6551,-152.2816,68.4,2.5,ml,,,,0.5,ak,ak01722lz105,2023-08-04T20:04:32.573Z,"28 km WSW of Anchor Point, Alaska",earthquake,,0.2,,,reviewed,ak,ak
2017-02-14T11:27:39.440Z,2.0318,125.1945,10,4.1,mb,,105,2.506,0.82,us,us20008m23,2017-05-13T01:03:19.040Z,"64 km NNE of Laikit, Laikit II (Dimembe), Indonesia",earthquake,9.4,1.7,0.174,9,reviewed,us,us
2017-02-14T11:09:48.640Z,-4.6423,153.6694,88.02,4.5,mb,,116,1.566,0.62,us,us20008m22,2017-05-13T01:03:19.040Z,"158 km ESE of Kokopo, Papua New Guinea",earthquake,11.5,8.1,0.121,20,reviewed,us,us
2017-02-14T10:32:32.200Z,17.7537,-66.7734,78,2.5,Md,3,306,0.33417329,0.03,pr,pr17045004,2017-02-14T12:22:43.102Z,"27 km S of Indios, Puerto Rico",earthquake,4.7,2.6,0,3,reviewed,pr,pr
2017-02-14T09:38:32.330Z,-23.8415,-66.6097,179.91,5.4,mww,,18,2.444,1.02,us,us20008jmj,2025-12-22T17:21:24.421Z,"51 km NW of San Antonio de los Cobres, Argentina",earthquake,6.6,3.6,0.047,43,reviewed,us,us
2017-02-14T09:37:13.440Z,50.8778,176.9745,21.53,3.3,ml,,215,1.548,0.67,us,us20008jqp,2023-08-04T20:04:10.893Z,"Rat Islands, Aleutian Islands, Alaska",earthquake,9.9,9.8,,,reviewed,us,ak
2017-02-14T08:00:45.200Z,-24.8926,179.6445,504.28,4.2,mb,,268,14.479,0.69,us,us20008m21,2017-05-13T01:03:19.040Z,"south of the Fiji Islands",earthquake,24.2,21.4,0.141,14,reviewed,us,us
2017-02-14T06:54:36.290Z,22.7046,121.6376,10,4.7,mb,,111,0.527,1.02,us,us20008jm6,2017-05-13T01:03:19.040Z,"120 km NE of Hengchun, Taiwan",earthquake,2.3,1.9,0.106,27,reviewed,us,us
2017-02-14T05:53:50.020Z,-20.9677,-113.8546,10,4.7,mb,,164,7.369,0.69,us,us20008m1w,2017-05-13T01:03:19.040Z,"southern East Pacific Rise",earthquake,14.6,1.9,0.103,29,reviewed,us,us
2017-02-14T05:39:43.440Z,-37.8751,88.8748,10,4.9,mb,,63,8.946,1.03,us,us20008jlw,2017-05-13T01:03:19.040Z,"southeast Indian Ridge",earthquake,8.2,1.6,0.09,39,reviewed,us,us
2017-02-14T04:40:29.112Z,41.4976,-116.122,8.4,3,ml,13,124.68,0.516,0.1243,nn,nn00578292,2018-07-02T18:25:40.927Z,"50 km S of Owyhee, Nevada",earthquake,,3.7,0.2,9,reviewed,nn,nn
2017-02-14T01:51:41.100Z,36.4952,70.9478,152.22,4.7,mb,,74,0.696,0.87,us,us20008jlj,2017-05-13T01:03:19.040Z,"42 km SSE of Jurm, Afghanistan",earthquake,6.2,6.1,0.059,87,reviewed,us,us
2017-02-14T01:38:28.000Z,-3.7855,149.3237,103.12,4.4,mb,,70,2.861,0.87,us,us20008m1r,2017-05-13T01:03:19.040Z,"211 km SW of Kavieng, Papua New Guinea",earthquake,7.9,9.1,0.123,19,reviewed,us,us
2017-02-14T01:38:11.000Z,18.8064,-67.2143,55,3.2,Md,17,205.2,0.35034296,0.5,pr,pr17045000,2017-05-13T01:03:19.040Z,"36 km NNW of San Antonio, Puerto Rico",earthquake,2.5,3.1,0,12,reviewed,pr,pr
2017-02-14T01:27:39.164Z,63.1525,-151.5079,13,3.3,ml,,,,0.64,ak,ak01722fxx6k,2023-08-04T20:02:51.930Z,"44 km SSE of Denali National Park, Alaska",earthquake,,0.2,,,reviewed,ak,ak
2017-02-14T00:47:12.460Z,2.312,124.9555,216.31,4.4,mb,,126,2.854,0.74,us,us20008jlg,2017-05-13T01:03:19.040Z,"91 km N of Laikit, Laikit II (Dimembe), Indonesia",earthquake,7.8,10.2,0.115,22,reviewed,us,us
2017-02-14T00:46:03.600Z,17.864,-65.6364,15,2.7,Md,4,284.4,0.24434176,0.15,pr,pr17045001,2017-02-14T02:56:37.084Z,"29 km SE of El Negro, Puerto Rico",earthquake,1.2,5.9,0,3,reviewed,pr,pr
2017-02-14T00:11:51.950Z,-24.2196,-67.6255,232.05,4.1,ml,,210,1.968,0.85,us,us20008jlc,2017-05-13T01:03:19.040Z,"132 km W of San Antonio de los Cobres, Argentina",earthquake,14.6,25,,,reviewed,us,guc
2017-02-13T23:00:42.940Z,-20.16,-177.5531,386.48,4.5,mb,,97,7.268,0.86,us,us20008ls6,2017-05-13T01:03:19.040Z,"267 km WNW of Haveluloto, Tonga",earthquake,12.7,10.9,0.104,27,reviewed,us,us
2017-02-13T21:40:12.150Z,-34.3458,-71.9827,15.39,4.1,mb,,165,0.663,0.78,us,us20008jkr,2017-05-13T01:03:19.040Z,"65 km WNW of Santa Cruz, Chile",earthquake,3.5,2.8,0.234,5,reviewed,us,us
2017-02-13T21:39:58.870Z,37.0653,-97.3763,7.94,3.3,mb_lg,,28,0.096,0.36,us,us20008jkp,2017-05-13T01:03:19.040Z,"2 km ENE of South Haven, Kansas",earthquake,1.5,2.1,0.065,61,reviewed,us,us
2017-02-13T20:41:25.190Z,15.751,-94.0159,87.75,4.7,mb,,124,0.769,1.17,us,us20008jkc,2017-05-13T01:03:19.040Z,"32 km SW of Cabeza de Toro, Mexico",earthquake,5,5.7,0.034,261,reviewed,us,us
2017-02-13T20:40:37.680Z,-2.6491,138.8429,57.66,4.5,mb,,107,6.591,0.89,us,us20008ls7,2017-05-13T01:03:19.040Z,"199 km W of Abepura, Indonesia",earthquake,4.7,7.8,0.099,30,reviewed,us,us
2017-02-13T20:35:57.910Z,3.3452,98.5146,8.12,4.9,mb,,49,0.765,0.84,us,us20008jkb,2025-12-22T17:32:53.418Z,"16 km N of Berastagi, Indonesia",earthquake,5.2,4,0.06,87,reviewed,us,us
2017-02-13T20:22:42.630Z,24.3393,142.2015,540.34,4.4,mb,,101,2.744,0.77,us,us20008jk7,2017-05-13T01:03:19.040Z,"Volcano Islands, Japan region",earthquake,11.3,8.3,0.052,106,reviewed,us,us
2017-02-13T20:03:58.430Z,9.8378,125.4575,10,5,mb,,88,2.753,0.92,us,us20008jk1,2017-05-13T01:03:19.040Z,"4 km NNE of Mabua, Philippines",earthquake,7.7,1.8,0.049,135,reviewed,us,us
2017-02-13T19:56:11.590Z,-2.7954,138.9147,59.98,4.5,mb,,125,6.658,0.82,us,us20008ls4,2017-05-13T01:03:19.040Z,"192 km W of Abepura, Indonesia",earthquake,10.8,7.7,0.092,35,reviewed,us,us
2017-02-13T19:43:29.490Z,53.8851,-167.9127,1.4,2.8,ml,,,,1.12,us,us20008l8q,2023-08-04T20:01:20.301Z,"90 km W of Dutch Harbor, Alaska",earthquake,6.8,4.4,,,reviewed,ak,ak
2017-02-13T19:18:56.370Z,41.9521,142.3478,64.57,4.6,mb,,105,0.606,0.69,us,us20008jjr,2017-05-13T01:03:19.040Z,"42 km S of Shizunai-furukawach?, Japan",earthquake,6.7,7.6,0.07,61,reviewed,us,us
2017-02-13T19:17:27.070Z,54.1152,-162.5438,11.91,3.4,ml,,216,0.9,0.69,us,us20008l8p,2023-08-04T20:01:11.618Z,"99 km SE of False Pass, Alaska",earthquake,4.5,11.8,0.148,6,reviewed,us,us
2017-02-13T19:14:45.240Z,9.7168,125.6494,24,4.7,mb,,104,2.631,0.91,us,us20008jju,2017-05-13T01:03:19.040Z,"7 km ENE of Tagana-an, Philippines",earthquake,4.3,6.1,0.092,36,reviewed,us,us
2017-02-13T17:21:23.560Z,39.9275,-122.8628333,-1.05,2.51,md,44,31,0.1478,0.37,nc,nc72763536,2017-02-17T04:09:04.789Z,"27 km W of Paskenta, California",earthquake,0.37,1.91,0.153,43,reviewed,nc,nc
2017-02-13T17:11:17.890Z,3.3567,98.5166,11.16,4.7,mb,,56,0.773,1.11,us,us20008jj3,2017-05-13T01:03:19.040Z,"17 km N of Berastagi, Indonesia",earthquake,5.3,3.2,0.071,61,reviewed,us,us
2017-02-13T16:36:42.255Z,53.5974,-163.2773,8.6,2.8,ml,,,,0.25,ak,ak017211e0g1,2023-08-04T20:00:46.053Z,"140 km S of False Pass, Alaska",earthquake,,5.1,,,reviewed,ak,ak
2017-02-13T16:11:28.540Z,-13.5809,167.3255,199.9,4.3,mb,,286,8.486,0.62,us,us20008ls1,2017-05-13T01:03:19.040Z,"40 km NW of Sola, Vanuatu",earthquake,22.2,19.1,0.168,10,reviewed,us,us
2017-02-13T16:01:08.720Z,53.7954,-163.511,5.81,3.4,ml,,210,1.064,0.47,us,us20008l8k,2023-08-04T20:00:40.049Z,"118 km S of False Pass, Alaska",earthquake,5.8,2.4,0.148,6,reviewed,us,us
2017-02-13T15:46:09.800Z,18.6702,-68.878,135,3.7,Md,8,345.6,0.49587004,0.77,pr,pr17044001,2017-02-13T16:24:01.826Z,"13 km NE of Guaymate, Dominican Republic",earthquake,14.5,4.6,0,6,reviewed,pr,pr
2017-02-13T15:41:57.480Z,-24.1613,-179.7283,457.86,4.2,mb,,264,12.894,0.2,us,us20008ls0,2017-05-13T01:03:18.040Z,"south of the Fiji Islands",earthquake,13.6,18.3,0.152,13,reviewed,us,us
2017-02-13T15:12:50.030Z,-20.9656,-178.4492,533.92,4.7,mb,,137,12.621,0.77,us,us20008jin,2017-05-13T01:03:18.040Z,"Fiji region",earthquake,15.4,8.6,0.086,41,reviewed,us,us
2017-02-13T14:35:13.800Z,-23.4851,179.4205,551.44,4.6,mb,,97,10.719,0.83,us,us20008jig,2017-05-13T01:03:18.040Z,"south of the Fiji Islands",earthquake,12,5.9,0.053,107,reviewed,us,us
2017-02-13T12:31:54.970Z,-15.6941,-177.3914,387.56,5.1,mb,,100,5.712,1.21,us,us20008ji6,2017-05-13T01:03:18.040Z,"171 km SSE of Alo, Wallis and Futuna",earthquake,12.5,6.1,0.058,96,reviewed,us,us
2017-02-13T12:27:23.630Z,-25.1677,179.4399,569.37,4.5,mb,,258,12.306,0.47,us,us20008lrz,2017-05-13T01:03:18.040Z,"south of the Fiji Islands",earthquake,22.7,21.2,0.135,16,reviewed,us,us
2017-02-13T11:52:33.550Z,51.2952,-174.384,26.17,2.9,ml,,212,1.314,0.41,us,us20008l8h,2023-08-04T20:00:09.344Z,"101 km S of Atka, Alaska",earthquake,14.4,25.1,,,reviewed,us,ak
2017-02-13T11:14:45.550Z,9.6874,125.4423,58.51,4.6,mb,,104,2.604,0.69,us,us20008lrw,2017-05-13T01:03:18.040Z,"6 km SSW of Mati, Philippines",earthquake,10.9,9.2,0.129,18,reviewed,us,us
2017-02-13T09:40:08.700Z,-16.4039,-173.1185,10,4.4,mb,,108,2.797,0.71,us,us20008lry,2017-05-13T01:03:18.040Z,"87 km SE of Hihifo, Tonga",earthquake,5.9,1.9,0.149,17,reviewed,us,us
2017-02-13T08:27:52.790Z,-33.145,-69.6634,10,4.5,mb,,54,0.566,0.86,us,us20008jhb,2017-05-13T01:03:18.040Z,"83 km WSW of Mendoza, Argentina",earthquake,2.7,1.9,0.312,3,reviewed,us,us
2017-02-13T08:12:47.820Z,-7.529,108.383,101.06,4.8,mb,,45,2.096,1.36,us,us20008jh7,2017-05-13T01:03:18.040Z,"22 km S of Ciamis, Indonesia",earthquake,6.2,4.7,0.069,66,reviewed,us,us
2017-02-13T08:02:26.690Z,20.0441667,-155.5596667,10.915,2.58,ml,41,207,,0.13,hv,hv61604121,2020-07-06T21:02:29.190Z,"8 km S of Kukuihaele, Hawaii",earthquake,0.91,0.59,0.21,14,reviewed,hv,hv
2017-02-13T07:29:28.680Z,17.098,-99.6631,20.15,4.9,mb,,124,0.58,1.14,us,us20008jh0,2022-05-03T18:11:22.398Z,"3 km SSE of Pueblo Madero (El Playón), Mexico",earthquake,2.6,5.7,0.032,301,reviewed,us,us
2017-02-13T07:20:39.610Z,-16.5556,-175.078,10,4.4,mb,,180,4.131,0.25,us,us20008lrq,2017-05-13T01:03:18.040Z,"152 km WSW of Hihifo, Tonga",earthquake,7.6,2,0.144,14,reviewed,us,us
2017-02-13T07:17:12.642Z,62.512,-142.7477,8.9,5.3,ml,,,,0.93,ak,ak01720vwz40,2023-08-04T19:58:36.774Z,"20 km NE of Nabesna, Alaska",earthquake,,0.2,,,reviewed,ak,ak
2017-02-13T06:55:21.860Z,2.0345,127.2738,10,4.2,mb,,157,1.257,0.77,us,us20008lrp,2017-05-13T01:03:18.040Z,"88 km WNW of Tobelo, Indonesia",earthquake,10.9,1.9,0.128,17,reviewed,us,us
2017-02-13T06:46:29.840Z,51.2369,-179.1409,20.6,2.8,ml,,,,0.5,us,us20008l8g,2023-08-04T19:58:35.052Z,"187 km WSW of Adak, Alaska",earthquake,7.3,9,,,reviewed,ak,ak
2017-02-13T06:36:30.630Z,3.2861,98.2171,10,4.4,mb,,129,0.918,0.94,us,us20008lrn,2017-05-13T01:03:18.040Z,"33 km WNW of Berastagi, Indonesia",earthquake,3.9,1.9,0.156,12,reviewed,us,us
2017-02-13T06:24:02.200Z,36.3176,-97.7679,5.376,2.6,ml,,27,,0.2,us,us20008jgu,2017-05-13T01:03:18.040Z,"Oklahoma",earthquake,0.7,2.3,,,reviewed,tul,tul
2017-02-13T05:57:43.470Z,36.4117,71.3808,92.81,4.4,mb,,77,0.961,0.75,us,us20008jgp,2017-05-13T01:03:18.040Z,"33 km SSW of Ashk?sham, Afghanistan",earthquake,3.9,8.7,0.13,17,reviewed,us,us
2017-02-13T05:55:32.300Z,-59.369,-26.7961,35,4.7,mb,,100,15.66,1,us,us20008lsa,2017-05-13T01:03:18.040Z,"South Sandwich Islands region",earthquake,6.8,2,0.114,23,reviewed,us,us
2017-02-13T05:31:15.720Z,-21.8218,-65.556,302.69,4.4,mb,,28,3.207,0.68,us,us20008jgh,2017-05-13T01:03:18.040Z,"29 km N of Villazón, Bolivia",earthquake,4.9,7.4,0.06,80,reviewed,us,us
2017-02-13T05:29:11.390Z,-16.7141,66.3736,10,4.8,mb,,49,4.158,0.97,us,us20008lrm,2025-12-22T17:21:59.745Z,"Mid-Indian Ridge",earthquake,12,1.9,0.124,20,reviewed,us,us
2017-02-13T04:55:42.110Z,-4.2294,137.5005,140.31,4.7,mb,,90,5.4,0.71,us,us20008jgd,2017-05-13T01:03:18.040Z,"242 km ESE of Nabire, Indonesia",earthquake,8.7,4.6,0.074,56,reviewed,us,us
2017-02-13T03:40:24.260Z,3.343,125.596,160.46,4.3,mb,,109,3.107,0.62,us,us20008lrl,2017-05-13T01:03:18.040Z,"216 km NNE of Laikit, Laikit II (Dimembe), Indonesia",earthquake,8.4,9.2,0.133,16,reviewed,us,us
2017-02-13T03:40:15.666Z,61.7159,-148.222,8.5,2.5,ml,,,,0.71,ak,ak01720to6e6,2023-08-04T19:57:39.542Z,"15 km SE of Chickaloon, Alaska",earthquake,,0.1,,,reviewed,ak,ak
2017-02-13T03:08:34.340Z,-8.1053,117.6496,212.26,5.2,mb,,51,3.48,1,us,us20008jg3,2025-12-22T17:32:54.272Z,"38 km NNE of Pototano, Indonesia",earthquake,6.5,4.8,0.059,96,reviewed,us,us
2017-02-13T01:40:29.100Z,-25.9011,179.1011,582.41,4.3,mb,,152,4.247,0.95,us,us20008lri,2017-05-13T01:03:18.040Z,"south of the Fiji Islands",earthquake,12.1,11.9,0.142,14,reviewed,us,us
2017-02-13T01:12:12.570Z,40.4535,-121.9745,13.82,2.79,md,21,108,0.1454,0.1,nc,nc72763261,2017-02-14T03:14:03.066Z,"8 km WSW of Shingletown, California",earthquake,0.28,1.08,0.171,52,reviewed,nc,nc
2017-02-13T00:20:27.252Z,55.3187,-158.8428,25.7,4.4,mb,,,,0.69,ak,ak01720rrm5h,2023-08-04T19:56:50.108Z,"68 km SSE of Perryville, Alaska",earthquake,,2,,,reviewed,ak,ak
2017-02-12T23:42:39.630Z,-6.353,153.7646,35,4.5,mb,,116,2.67,0.58,us,us20008lii,2017-05-13T01:03:18.040Z,"190 km W of Panguna, Papua New Guinea",earthquake,5.1,2,0.132,17,reviewed,us,us
2017-02-12T22:05:25.440Z,-7.4345,128.6286,142.63,4.5,mb,,63,2.701,0.94,us,us20008jf3,2017-05-13T01:03:18.040Z,"216 km NE of Lospalos, Timor Leste",earthquake,7.4,7.1,0.118,21,reviewed,us,us
2017-02-12T21:50:11.560Z,54.307,-162.5181,22.51,2.5,ml,,213,0.759,0.43,us,us20008klj,2023-08-04T19:56:18.216Z,"83 km SE of False Pass, Alaska",earthquake,7.9,6.2,,,reviewed,us,ak
2017-02-12T20:55:38.590Z,43.5484,-105.3318,0,3.4,ml,,77,1.098,1.09,us,us20008jev,2017-05-13T01:03:18.040Z,"25 km SSE of Wright, Wyoming",mining explosion,2.7,2,0.048,74,reviewed,us,us
2017-02-12T20:21:09.700Z,-8.8057,-53.3165,10,4.4,mb,,189,7.917,1.32,us,us20008lid,2017-05-13T01:03:18.040Z,"279 km SSW of São Félix do Xingu, Brazil",earthquake,11.3,2,0.162,11,reviewed,us,us
2017-02-12T19:53:26.430Z,13.0631,144.7768,58.89,4.6,mb,,77,0.53,0.94,us,us20008jek,2017-05-13T01:03:18.040Z,"23 km S of Inarajan Village, Guam",earthquake,11.3,7.3,0.094,34,reviewed,us,us
2017-02-12T19:51:26.990Z,10.0126,125.8686,10,4.3,mb,,182,8.742,0.94,us,us20008lij,2017-05-13T01:03:18.040Z,"16 km WNW of San Benito, Philippines",earthquake,14.4,2,0.148,13,reviewed,us,us
2017-02-12T18:18:34.970Z,13.139,-89.9882,53.36,4.3,mb,,186,0.915,0.97,us,us20008jeb,2017-05-13T01:03:18.040Z,"53 km SSW of Acajutla, El Salvador",earthquake,7.5,13.8,0.153,12,reviewed,us,us
2017-02-12T18:14:47.860Z,-2.5256,127.6073,42.03,4.4,mb,,85,3.284,0.67,us,us20008je9,2017-05-13T01:03:18.040Z,"144 km NNW of Ambon, Indonesia",earthquake,8,7.4,0.105,26,reviewed,us,us
2017-02-12T17:57:36.390Z,-23.6034,179.9012,529.4,4.5,mb,,138,10.493,1.14,us,us20008lif,2017-05-13T01:03:18.040Z,"south of the Fiji Islands",earthquake,12.7,16.6,0.121,20,reviewed,us,us
2017-02-12T17:38:19.700Z,36.2982,-96.6776,1.704,2.9,ml,,65,,0.57,us,us20008jj8,2017-05-13T01:03:18.040Z,"6 km N of Maramec, Oklahoma",earthquake,1,4.5,,,reviewed,tul,tul
2017-02-12T17:37:24.900Z,36.298,-96.6798,3.561,3.1,ml,,65,,0.26,us,us20008je3,2017-05-13T01:03:18.040Z,"6 km N of Maramec, Oklahoma",earthquake,1.2,4.4,,,reviewed,tul,tul
2017-02-12T16:31:50.100Z,37.3633,-98.1158,6.35,3.1,mb_lg,,122,0.114,0.36,us,us20008jdb,2017-05-13T01:03:18.040Z,"10 km SSE of Spivey, Kansas",earthquake,1.4,4.7,0.061,71,reviewed,us,us
2017-02-12T16:26:57.980Z,4.033,124.3812,346.28,4.4,mb,,82,4.403,0.89,us,us20008li9,2017-05-13T01:03:18.040Z,"193 km SW of Sarangani, Philippines",earthquake,10.1,9.3,0.103,27,reviewed,us,us
2017-02-12T16:21:11.430Z,-27.8715,-71.3402,16.17,5.1,mww,,134,0.406,0.6,us,us20008jd5,2022-05-03T18:11:15.668Z,"96 km NW of Vallenar, Chile",earthquake,5.4,3.9,0.089,12,reviewed,us,us
2017-02-12T16:18:06.050Z,28.7267,143.2605,10,4.6,mb,,142,1.883,0.84,us,us20008lic,2017-05-13T01:03:18.040Z,"Bonin Islands, Japan region",earthquake,7.4,1.5,0.075,54,reviewed,us,us
2017-02-12T15:41:51.100Z,19.4715,-66.2565,36,3.2,Md,8,288,1.16780987,0.38,pr,pr17043005,2017-05-13T01:03:18.040Z,"111 km N of Brenas, Puerto Rico",earthquake,4.1,26.6,0,4,reviewed,pr,pr
2017-02-12T15:01:48.670Z,9.9139,126.3359,10,4.6,mb,,109,2.923,0.9,us,us20008li7,2017-05-13T01:03:18.040Z,"26 km ENE of Pilar, Philippines",earthquake,8.9,1.8,0.09,37,reviewed,us,us
2017-02-12T15:01:08.440Z,52.7217,-174.8836,177.84,3.8,mb,,155,0.957,0.71,us,us20008kle,2023-08-04T19:54:54.587Z,"74 km NW of Atka, Alaska",earthquake,24.4,23.4,0.104,24,reviewed,us,us
2017-02-12T14:51:02.890Z,-20.5816,-178.0847,468.69,4.2,mb,,137,14.495,0.58,us,us20008li6,2017-05-13T01:03:17.040Z,"Fiji region",earthquake,15.2,9,0.116,21,reviewed,us,us
2017-02-12T13:48:16.090Z,39.6004,26.0884,6.01,5.3,mww,,41,1.294,0.52,us,us20008jcc,2022-05-03T18:11:14.317Z,"24 km WNW of Behram, Turkey",earthquake,4.9,3.6,0.055,32,reviewed,us,us
2017-02-12T13:36:55.050Z,40.2182,142.3081,43.59,5,mb,,51,1.106,0.72,us,us20008jc6,2017-05-13T01:03:17.040Z,"70 km NNE of Miyako, Japan",earthquake,5.7,5.7,0.038,217,reviewed,us,us
2017-02-12T13:36:02.080Z,-28.5013,-175.6467,10,4.9,mb,,122,2.134,0.54,us,us20008li4,2017-05-13T01:03:17.040Z,"Kermadec Islands region",earthquake,8.6,1.9,0.122,27,reviewed,us,us
2017-02-12T13:10:15.520Z,-24.7599,-116.494,10,4.6,mb,,247,40.417,0.86,us,us20008lib,2017-05-13T01:03:17.040Z,"southern East Pacific Rise",earthquake,13.2,2,0.164,11,reviewed,us,us
2017-02-12T11:58:00.650Z,-5.5415,145.3955,94.23,4.9,mb,,77,4.218,0.81,us,us20008jbs,2017-05-13T01:03:17.040Z,"55 km SW of Madang, Papua New Guinea",earthquake,9.8,7.1,0.102,30,reviewed,us,us
2017-02-12T11:17:08.890Z,-10.6165,161.8554,46,4.1,mb,,210,2.213,0.78,us,us20008li1,2017-05-13T01:03:17.040Z,"19 km SSW of Kirakira, Solomon Islands",earthquake,14.7,24.9,0.26,4,reviewed,us,us
2017-02-12T10:57:49.560Z,13.1926,143.946,139.46,4.6,mb,,108,0.98,0.63,us,us20008li5,2017-05-13T01:03:17.040Z,"78 km W of Umatac Village, Guam",earthquake,9.3,10.8,0.158,12,reviewed,us,us
2017-02-12T10:46:33.300Z,18.5802,-64.9365,42,3.1,Md,4,331.2,0.42580144,0.18,pr,pr17043003,2017-05-13T01:03:17.040Z,"26 km N of Charlotte Amalie, U.S. Virgin Islands",earthquake,3.8,2.5,0,3,reviewed,pr,pr
2017-02-12T09:39:08.650Z,-10.7642,161.5148,36.48,4.8,mb,,137,2.029,0.59,us,us20008lhx,2017-05-13T01:03:17.040Z,"56 km SW of Kirakira, Solomon Islands",earthquake,12.3,10.2,0.149,14,reviewed,us,us
2017-02-12T09:32:32.700Z,-2.2442,139.011,48.61,5.1,mb,,46,6.788,1,us,us20008jbf,2022-05-03T18:11:08.928Z,"184 km WNW of Abepura, Indonesia",earthquake,9.5,5.4,0.065,76,reviewed,us,us
2017-02-12T09:32:26.520Z,12.2926,-72.9907,7.37,5.2,mww,,23,1.142,1.15,us,us20008jbe,2025-12-22T16:52:08.519Z,"82 km NW of Manaure, Colombia",earthquake,6.3,3.3,0.083,14,reviewed,us,us
2017-02-12T09:16:55.130Z,-4.2008,153.0392,24.79,4.8,mb,,119,0.873,1.04,us,us20008jbd,2017-05-13T01:03:17.040Z,"86 km E of Kokopo, Papua New Guinea",earthquake,8.4,6,0.102,30,reviewed,us,us
2017-02-12T07:56:41.060Z,53.1444,-166.7899,25.5,3.7,ml,,,,0.79,us,us20008klb,2023-08-04T19:53:15.207Z,"82 km SSW of Unalaska, Alaska",earthquake,6.7,8.3,0.148,6,reviewed,ak,us
2017-02-12T06:42:43.480Z,-9.2988,112.1499,35,4.9,mb,,91,2.117,0.93,us,us20008jb3,2017-05-13T01:03:17.040Z,"131 km SSW of Sumberpucung, Indonesia",earthquake,8,1.8,0.086,42,reviewed,us,us
2017-02-12T06:40:59.840Z,9.1773,-77.8711,51.57,4.2,mb,,78,1.941,0.7,us,us20008jb2,2017-05-13T01:03:17.040Z,"7 km NE of Ustupo, Panama",earthquake,7.3,4.9,0.199,7,reviewed,us,us
2017-02-12T05:55:09.790Z,-0.0713,124.4211,81.98,4,mb,,89,1.91,0.88,us,us20008li0,2017-05-13T01:03:17.040Z,"159 km SSW of Tomohon, Indonesia",earthquake,6.6,10.5,0.164,10,reviewed,us,us
2017-02-12T05:32:20.550Z,52.3327,-169.4598,33.6,2.7,ml,,,,0.36,us,us20008kl9,2023-08-04T19:52:16.136Z,"78 km SSW of Nikolski, Alaska",earthquake,6.3,10,,,reviewed,ak,ak
2017-02-12T05:09:22.040Z,47.2582,153.6277,38.67,4.5,mb,,106,6.412,0.63,us,us20008lhu,2017-05-13T01:03:17.040Z,"Kuril Islands",earthquake,11.3,6.4,0.099,30,reviewed,us,us
2017-02-12T04:25:11.430Z,-9.3531,115.7353,60.51,4.6,mb,,46,1.793,1.03,us,us20008j9y,2017-05-13T01:03:17.040Z,"78 km SSW of Lembar, Indonesia",earthquake,6.8,3.2,0.077,50,reviewed,us,us
2017-02-12T04:05:33.570Z,25.548,91.1035,36.94,4.4,mb,,66,0.68,0.66,us,us20008j9t,2017-05-13T01:03:17.040Z,"16 km WNW of Nongstoin, India",earthquake,4.6,8,0.102,28,reviewed,us,us
2017-02-12T04:01:33.990Z,-56.3841,-27.0582,74.15,5.1,mb,,68,16.453,0.87,us,us20008j9s,2025-12-22T17:21:23.800Z,"South Sandwich Islands region",earthquake,11.6,5.7,0.068,69,reviewed,us,us
2017-02-12T03:47:40.170Z,49.3075,-129.3552,10,5,mwr,,164,1.55,1.35,us,us20008j9n,2025-12-22T17:21:23.173Z,"216 km SW of Port McNeill, Canada",earthquake,5.5,1.9,,,reviewed,us,pgc
2017-02-12T03:41:51.200Z,37.0498,143.4348,32.94,4.3,mb,,182,2.258,0.82,us,us20008lhs,2017-05-13T01:03:17.040Z,"221 km ESE of Namie, Japan",earthquake,10.5,8.2,0.148,13,reviewed,us,us
2017-02-12T03:10:56.570Z,-3.8209,145.9694,31.15,4.5,mb,,74,5.672,0.68,us,us20008lhr,2017-05-13T01:03:17.040Z,"156 km N of Madang, Papua New Guinea",earthquake,10.9,6.8,0.107,26,reviewed,us,us
2017-02-12T03:01:30.320Z,9.899,125.5071,10,4.6,mb,,104,2.812,0.7,us,us20008lhq,2017-05-13T01:03:17.040Z,"11 km SW of Dinagat, Philippines",earthquake,7.9,1.9,0.092,35,reviewed,us,us
2017-02-12T01:35:24.681Z,59.2894,-153.6713,121.8,4,ml,,,,0.79,ak,ak0171z4wwt0,2023-08-04T19:51:35.444Z,"55 km ESE of Pope-Vannoy Landing, Alaska",earthquake,,0.2,,,reviewed,ak,ak
2017-02-12T00:50:02.820Z,-17.5777,-175.178,195.09,4.2,mb,,73,4.901,0.41,us,us20008lhn,2017-05-13T01:03:17.040Z,"173 km NW of Neiafu, Tonga",earthquake,12.6,9.1,0.136,15,reviewed,us,us
2017-02-12T00:20:39.980Z,-4.8441,102.9054,63.91,4.6,mb,,93,0.483,0.61,us,us20008j92,2017-05-13T01:03:17.040Z,"98 km SSW of Pagar Alam, Indonesia",earthquake,4,6.2,0.086,40,reviewed,us,us
2017-02-12T00:14:42.190Z,-6.5152,104.2619,40.01,4.6,mb,,151,2.504,0.8,us,us20008j91,2017-05-13T01:03:17.040Z,"163 km SW of Bandar Lampung, Indonesia",earthquake,10.8,8.6,0.103,28,reviewed,us,us
2017-02-11T22:53:19.820Z,-3.6026,151.2189,10,5.1,mb,,75,1.066,0.67,us,us20008j8m,2025-12-22T17:21:22.465Z,"123 km SSE of Kavieng, Papua New Guinea",earthquake,6.7,1.6,0.068,70,reviewed,us,us
2017-02-11T22:15:13.008Z,51.1468,178.9283,34.4,2.7,ml,,,,0.26,ak,ak0171xtrcsk,2023-08-04T19:51:00.663Z,"Rat Islands, Aleutian Islands, Alaska",earthquake,,1,,,reviewed,ak,ak
2017-02-11T22:00:34.800Z,35.9957,-96.7984,4.729,2.7,ml,,52,,0.26,us,us20008j8b,2017-05-09T01:24:34.040Z,"3 km WNW of Cushing, Oklahoma",earthquake,1.2,4,,,reviewed,tul,tul
2017-02-11T20:40:15.560Z,9.0583,126.4025,50.11,4.9,mb,,96,2.137,0.6,us,us20008j80,2017-05-09T01:24:34.040Z,"17 km ENE of La Paz, Philippines",earthquake,8.2,6.8,0.056,100,reviewed,us,us
2017-02-11T20:18:54.160Z,-42.6746,172.7467,16.19,4.9,mwr,,78,0.361,0.74,us,us20008j7v,2017-05-09T01:24:34.040Z,"53 km N of Amberley, New Zealand",earthquake,2.5,2.8,0.052,36,reviewed,us,us
2017-02-11T19:49:38.840Z,-2.2574,139.057,10,4.5,mb,,128,6.832,0.51,us,us20008lgj,2017-05-09T01:24:34.040Z,"179 km WNW of Abepura, Indonesia",earthquake,8.7,1.9,0.124,19,reviewed,us,us
2017-02-11T19:43:10.927Z,68.7785,-143.4439,16.9,3.4,ml,,,,0.69,ak,ak0171xs51v8,2023-08-04T19:50:14.056Z,"112 km NE of Arctic Village, Alaska",earthquake,,0.2,,,reviewed,ak,ak
2017-02-11T18:43:24.960Z,-31.8863,-179.9561,355.57,4,mb,,138,3.16,1.15,us,us20008lgi,2017-05-09T01:24:34.040Z,"Kermadec Islands region",earthquake,7.1,8.9,0.164,11,reviewed,us,us
2017-02-11T17:35:50.893Z,56.0083,-156.9542,25.5,2.9,ml,,,,0.56,ak,ak0171xqwk0h,2023-08-04T19:49:48.133Z,"95 km ESE of Chignik, Alaska",earthquake,,1.4,,,reviewed,ak,ak
2017-02-11T17:25:29.600Z,-10.6252,161.3191,5.31,4.6,mb,,130,1.793,1.39,us,us20008lgh,2017-05-09T01:24:34.040Z,"68 km WSW of Kirakira, Solomon Islands",earthquake,9.8,5.4,0.117,24,reviewed,us,us
2017-02-11T16:45:17.430Z,51.1473,-178.032,25.9,4.2,mb,,,,1.15,us,us20008j6x,2023-08-04T19:49:38.955Z,"126 km SW of Adak, Alaska",earthquake,8.3,6.6,0.061,76,reviewed,ak,us
2017-02-11T15:52:31.220Z,-2.5379,99.4686,35.24,4.4,mb,,196,3.923,1.02,us,us20008lgg,2017-05-09T01:24:34.040Z,"201 km SSW of Padang, Indonesia",earthquake,7.5,9.8,0.17,10,reviewed,us,us
2017-02-11T15:14:22.430Z,-41.6501,174.5898,43.19,4.5,mb,,118,0.298,0.87,us,us20008j6q,2017-05-09T01:24:34.040Z,"40 km SSW of Brooklyn, New Zealand",earthquake,5.5,3.6,0.171,10,reviewed,us,us
2017-02-11T14:10:39.600Z,36.4546,-98.7929,5.66,2.7,ml,,63,,0.56,us,us20008j6i,2017-05-09T01:24:34.040Z,"16 km SSE of Waynoka, Oklahoma",earthquake,1.8,7,,,reviewed,tul,tul
2017-02-11T14:07:52.410Z,32.94,-117.6623333,15.41,2.53,ml,36,176,0.351,0.2,ci,ci37581615,2017-02-14T20:45:13.074Z,"36km WSW of Encinitas, CA",earthquake,0.4,0.81,0.146,100,reviewed,ci,ci
2017-02-11T12:21:41.777Z,61.3524,-150.7137,63,3.3,ml,,,,0.78,ak,ak0171xnud9d,2023-08-04T19:48:32.650Z,"23 km SSW of Susitna, Alaska",earthquake,,0.2,,,reviewed,ak,ak
2017-02-11T11:15:57.370Z,-23.7544,-179.9039,496.96,5,mb,,44,5.747,1.06,us,us20008j60,2025-12-22T17:37:52.250Z,"south of the Fiji Islands",earthquake,10.4,6.3,0.073,60,reviewed,us,us
2017-02-11T11:12:19.700Z,36.3599,-98.1599,7.955,3.1,ml,,43,,0.49,us,us20008j5x,2017-05-09T01:24:34.040Z,"3 km SSE of Meno, Oklahoma",earthquake,1,6.4,,,reviewed,tul,tul
2017-02-11T09:38:45.290Z,-18.9865,169.2456,207.77,4.5,mb,,116,2.731,0.89,us,us20008j5u,2017-05-09T01:24:34.040Z,"61 km N of Isangel, Vanuatu",earthquake,11.6,8.2,0.089,37,reviewed,us,us
2017-02-11T09:15:25.020Z,6.908,125.4222,16.19,4.6,mb,,99,0.223,0.5,us,us20008lg9,2017-05-09T01:24:34.040Z,"3 km W of Astorga, Philippines",earthquake,7,5.7,0.133,17,reviewed,us,us
2017-02-11T09:11:00.050Z,9.8465,125.4643,10,4.9,mb,,113,2.761,0.93,us,us20008j5p,2022-05-03T19:52:55.546Z,"5 km NNE of Mabua, Philippines",earthquake,6.2,1.9,0.06,88,reviewed,us,us
2017-02-11T09:04:37.460Z,7.0965,124.2461,52.68,4.4,mb,,110,1.323,0.32,us,us20008lg8,2017-05-09T01:24:34.040Z,"1 km ESE of Labuñgan, Philippines",earthquake,9.9,11.1,0.189,8,reviewed,us,us
2017-02-11T09:00:55.610Z,38.5591667,-122.2873333,4.81,3.24,mw,80,61,0.04758,0.14,nc,nc72762726,2021-12-21T22:09:21.884Z,"14 km E of Angwin, California",earthquake,0.13,0.42,,3,reviewed,nc,nc
2017-02-11T07:59:18.580Z,-5.8179,153.8572,10,4.2,mb,,172,2.336,0.39,us,us20008lg6,2017-05-09T01:24:34.040Z,"188 km WNW of Panguna, Papua New Guinea",earthquake,6,1.9,0.118,20,reviewed,us,us
2017-02-11T07:33:13.130Z,-5.6863,153.6297,37.01,5,mb,,69,2.083,0.96,us,us20008j59,2025-12-22T17:21:21.764Z,"211 km SE of Kokopo, Papua New Guinea",earthquake,8.6,7.4,0.071,62,reviewed,us,us
2017-02-11T07:31:47.170Z,-44.6179,-80.5208,10,4.5,mb,,219,5.18,0.67,us,us20008j54,2017-05-09T01:24:34.040Z,"Off the coast of Aisen, Chile",earthquake,12.2,2,0.18,9,reviewed,us,us
2017-02-11T07:15:34.870Z,-31.8028,-69.0369,106.14,4.9,mb,,41,0.395,0.99,us,us20008j50,2017-05-09T01:24:34.040Z,"40 km SW of Villa Basilio Nievas, Argentina",earthquake,5.4,4.9,0.106,28,reviewed,us,us
2017-02-11T05:47:03.400Z,35.7454,-97.1358,5.498,2.7,ml,,27,,0.22,us,us20008j4q,2017-05-09T01:24:34.040Z,"1 km WSW of Fallis, Oklahoma",earthquake,1,4.4,,,reviewed,tul,tul
2017-02-11T04:53:21.930Z,-2.5116,138.2934,43.68,4.7,mb,,126,6.051,1.01,us,us20008j4n,2017-05-09T01:24:34.040Z,"260 km W of Abepura, Indonesia",earthquake,11.5,8.7,0.083,44,reviewed,us,us
2017-02-11T04:27:59.940Z,-57.0938,-150.6143,10,5.4,mb,,37,25.318,1.02,us,us20008j4i,2025-12-22T17:21:20.910Z,"Pacific-Antarctic Ridge",earthquake,11.6,1.7,0.056,108,reviewed,us,us
2017-02-11T04:02:00.037Z,58.1021,-154.5703,91.1,2.9,ml,,,,0.47,ak,ak0171xiyqlf,2023-08-04T19:46:59.299Z,"59 km N of Karluk, Alaska",earthquake,,0.4,,,reviewed,ak,ak
2017-02-11T03:29:37.500Z,18.4005,-102.5853,62.45,4.3,mb,,135,0.73,1.15,us,us20008j3u,2017-05-09T01:24:33.040Z,"25 km WSW of Tumbiscatío de Ruiz, Mexico",earthquake,3.8,10.5,0.075,51,reviewed,us,us
2017-02-11T03:21:34.900Z,17.151,-94.4292,141.61,4.1,mb,,89,0.439,0.86,us,us10008678,2017-05-09T01:24:33.040Z,"14 km S of Poblado 10, Mexico",earthquake,6.3,3.4,0.234,5,reviewed,us,us
2017-02-11T01:02:07.640Z,32.0107,131.106,105.8,4.1,mb,,174,0.748,0.67,us,us20008j3a,2017-05-09T01:24:33.040Z,"11 km ENE of Kobayashi, Japan",earthquake,8.3,7.7,0.174,9,reviewed,us,us
2017-02-11T00:35:42.800Z,17.9188,-65.8831,7,2.5,Md,9,219.6,0.2173923,0.27,pr,pr17042000,2017-02-11T11:16:08.754Z,"9 km S of Emajagua, Puerto Rico",earthquake,0.9,1.6,0,6,reviewed,pr,pr
2017-02-10T23:26:02.630Z,1.5944,127.4503,139.75,4.7,mb,,92,0.821,0.53,us,us20008j34,2017-05-09T01:24:33.040Z,"63 km WSW of Tobelo, Indonesia",earthquake,8.3,6.5,0.08,47,reviewed,us,us
2017-02-10T22:59:17.680Z,-18.0944,167.6901,10,4.5,mwr,,164,3.384,1.05,us,us20008lf1,2017-05-09T01:24:33.040Z,"77 km WSW of Port-Vila, Vanuatu",earthquake,6,1.9,0.089,12,reviewed,us,us
2017-02-10T22:54:16.600Z,45.8525,-106.613,0,3,ml,,101,0.878,0.73,us,us10008jgk,2017-05-09T01:24:33.040Z,"3 km SSE of Colstrip, Montana",mining explosion,5.2,2,0.062,38,reviewed,us,us
2017-02-10T22:42:52.210Z,34.2628333,-119.6458333,1.29,2.59,ml,49,54,0.1735,0.27,ci,ci37581191,2017-02-11T16:55:15.890Z,"18km SSE of Santa Barbara, CA",earthquake,0.27,0.48,0.13,22,reviewed,ci,ci
2017-02-10T22:41:46.270Z,34.2825,-119.652,10.56,2.69,ml,61,53,0.1621,0.3,ci,ci37581183,2017-02-11T00:25:29.020Z,"16km SSE of Santa Barbara, CA",earthquake,0.25,0.58,0.1,24,reviewed,ci,ci
2017-02-10T22:40:45.620Z,-4.2271,152.8818,51.15,4,mb,,139,0.717,0.27,us,us20008lf0,2017-05-09T01:24:33.040Z,"69 km E of Kokopo, Papua New Guinea",earthquake,12,11,0.259,4,reviewed,us,us
2017-02-10T21:38:59.340Z,37.1475,141.3579,10,4.1,mwr,,109,0.85,0.96,us,us20008j2b,2017-05-09T01:24:33.040Z,"43 km ENE of Iwaki, Japan",earthquake,3.2,1.9,0.08,15,reviewed,us,us
2017-02-10T21:05:26.550Z,37.2748,141.7038,6.78,5.2,mww,,60,0.937,0.6,us,us20008j1z,2025-12-22T17:36:39.448Z,"66 km ESE of Namie, Japan",earthquake,4.5,2,,,reviewed,us,us
2017-02-10T21:02:03.030Z,43.7334,-105.2789,0,3,ml,,117,0.978,0.9,us,us10008jgj,2017-05-09T01:24:33.040Z,"17 km E of Wright, Wyoming",mining explosion,5.4,2,0.06,41,reviewed,us,us
2017-02-10T19:10:17.660Z,-6.1562,149.7937,71,5.1,mb,,62,2.884,0.84,us,us20008j1h,2017-05-09T01:24:33.040Z,"27 km ENE of Kandrian, Papua New Guinea",earthquake,9.2,7.5,0.07,70,reviewed,us,us
2017-02-10T18:51:56.800Z,34.1978,24.9373,34.31,4.1,mb,,126,1.088,1.17,us,us20008lew,2017-05-09T01:24:33.040Z,"91 km SSW of Pýrgos, Greece",earthquake,7.4,8,0.104,25,reviewed,us,us
2017-02-10T18:28:02.970Z,-0.185,123.0199,81.13,5,mww,,20,0.886,0.86,us,us20008j12,2025-12-22T17:21:20.287Z,"80 km S of Gorontalo, Indonesia",earthquake,5.6,4.6,,,reviewed,us,us
2017-02-10T17:51:14.930Z,-24.7153,179.7931,468.46,4.5,mb,,120,11.295,0.98,us,us20008let,2017-05-09T01:24:33.040Z,"south of the Fiji Islands",earthquake,11.7,8.2,0.093,34,reviewed,us,us
2017-02-10T17:50:26.015Z,51.1568,179.5882,15.6,2.7,ml,,,,0.11,ak,ak0171w3gdc9,2023-08-04T19:45:27.016Z,"274 km WSW of Adak, Alaska",earthquake,,0.5,,,reviewed,ak,ak
2017-02-10T17:12:53.400Z,22.8269,120.2197,15.76,5.3,mww,,30,0.603,0.71,us,us20008izc,2022-05-03T19:41:24.012Z,"18 km S of Tainan, Taiwan",earthquake,6.3,3.2,,,reviewed,us,us
2017-02-10T17:08:14.600Z,-20.1868,-177.9427,565.31,4.5,mb,,193,4.501,1.08,us,us20008lfa,2017-05-09T01:24:33.040Z,"Fiji region",earthquake,17.9,7.6,0.145,14,reviewed,us,us
2017-02-10T17:06:57.850Z,2.4949,123.0392,467.84,4.5,mb,,102,2.642,0.76,us,us20008les,2017-05-09T01:24:33.040Z,"216 km N of Gorontalo, Indonesia",earthquake,11.8,12.1,0.131,17,reviewed,us,us
2017-02-10T17:05:04.180Z,-19.2936,-67.3742,236.15,4.3,mb,,42,1.757,1.1,us,us20008iz9,2017-05-09T01:24:33.040Z,"76 km SW of Challapata, Bolivia",earthquake,8.3,8.2,0.089,36,reviewed,us,us
2017-02-10T16:45:31.910Z,55.0173,-134.6868,10,2.9,ml,,188,1.003,1.16,us,us100087cv,2017-05-09T01:24:33.040Z,"110 km WSW of Craig, Alaska",earthquake,3.8,2,0.097,14,reviewed,us,us
2017-02-10T16:43:38.030Z,-17.9075,35.6117,10,5.1,mb,,55,10.06,1.15,us,us20008iz7,2022-05-03T18:57:32.657Z,"115 km SSE of Nsanje, Malawi",earthquake,10.3,1.8,0.057,101,reviewed,us,us
2017-02-10T15:58:38.110Z,7.3843,126.5679,86.94,4.6,mb,,110,1.029,0.98,us,us20008ixv,2017-05-09T01:24:33.040Z,"6 km N of Caraga, Philippines",earthquake,8.9,6.3,0.105,27,reviewed,us,us
2017-02-10T15:01:49.600Z,74.3009,-92.3386,15.68,5.2,mb,,24,0.791,1.17,us,us20008ixg,2017-05-09T01:24:33.040Z,"Devon Island, Nunavut, Canada",earthquake,5.1,4.4,0.028,430,reviewed,us,us
2017-02-10T14:07:22.960Z,52.977,-163.2161,36,3.6,ml,,232,1.887,0.21,us,us20008l7t,2023-08-04T19:44:57.797Z,"209 km S of False Pass, Alaska",earthquake,6.1,27.6,0.148,6,reviewed,us,us
2017-02-10T14:03:43.920Z,9.9071,125.4516,15,6.5,mww,,36,2.822,0.95,us,us20008ixa,2024-06-12T14:56:14.647Z,"11 km N of Mabua, Philippines",earthquake,5.2,1.7,,,reviewed,us,us
2017-02-10T14:02:02.600Z,36.7659,-98.0707,7.133,2.6,ml,,54,,0.67,us,us20008j38,2017-05-09T01:24:33.040Z,"7 km E of Nescatunga, Oklahoma",earthquake,1.3,5.3,,,reviewed,tul,tul
2017-02-10T13:04:32.863Z,63.1071,-148.4472,73.9,2.5,ml,,,,0.48,ak,ak0171w0ssie,2023-08-04T19:44:53.935Z,"40 km SE of Cantwell, Alaska",earthquake,,0.1,,,reviewed,ak,ak
2017-02-10T13:01:59.920Z,-16.7549,-177.5078,94.08,4.6,mb,,210,7.576,0.34,us,us20008lel,2017-05-09T01:24:33.040Z,"278 km SSE of Alo, Wallis and Futuna",earthquake,37.6,43.5,0.164,11,reviewed,us,us
2017-02-10T12:45:19.800Z,10.0286,58.0437,10,4.4,mb,,94,17.633,0.9,us,us20008lf6,2017-05-09T01:24:33.040Z,"Carlsberg Ridge",earthquake,11.6,1.9,0.115,22,reviewed,us,us
2017-02-10T12:27:32.940Z,39.7726,42.5989,10,4.5,mb,,43,0.923,0.82,us,us20008iwv,2017-05-09T01:24:33.040Z,"7 km WSW of Ele?kirt, Turkey",earthquake,5.2,1.2,0.063,73,reviewed,us,us
2017-02-10T12:10:17.820Z,18.0542,121.0441,10,4.6,mb,,64,4.739,0.97,us,us20008lek,2017-05-09T01:24:33.040Z,"15 km WNW of Kabugao, Philippines",earthquake,8.9,1.9,0.08,46,reviewed,us,us
2017-02-10T11:59:50.790Z,19.4585,145.3507,212.31,4.3,mb,,140,4.225,0.49,us,us20008lep,2017-05-09T01:24:33.040Z,"Maug Islands region, Northern Mariana Islands",earthquake,13,10.4,0.133,16,reviewed,us,us
2017-02-10T11:57:02.940Z,-14.7087,-77.3728,11.69,4.6,mb,,117,2.753,0.9,us,us20008iwp,2017-05-09T01:24:33.040Z,"off the coast of central Peru",earthquake,8.7,4.1,0.077,51,reviewed,us,us
2017-02-10T11:43:47.950Z,-5.3691,154.2556,162.72,4.4,mb,,82,2.39,0.67,us,us20008lej,2017-05-09T01:24:33.040Z,"171 km NW of Panguna, Papua New Guinea",earthquake,11,7.9,0.097,31,reviewed,us,us
2017-02-10T11:26:14.860Z,-8.1112,123.955,180.35,4.2,mb,,105,1.662,1.13,us,us20008ler,2017-05-09T01:24:33.040Z,"129 km NNW of Pante Makasar, Timor Leste",earthquake,8.3,6.9,0.152,12,reviewed,us,us
2017-02-10T10:48:44.370Z,-52.6319,12.6707,10,4.7,mb,,94,20.303,0.62,us,us20008lei,2017-05-09T01:24:33.040Z,"southwest of Africa",earthquake,11.8,1.8,0.147,14,reviewed,us,us
2017-02-10T10:17:53.440Z,-9.697,111.9895,35,4.3,mb,,172,2.29,0.77,us,us20008leh,2017-05-09T01:24:33.040Z,"174 km S of Boyolangu, Indonesia",earthquake,8.8,2,0.188,8,reviewed,us,us
2017-02-10T10:10:32.620Z,34.1305,-117.046,9.67,3.44,ml,165,17,0.04951,0.16,ci,ci37580807,2017-05-09T01:24:33.040Z,"10km SE of Running Springs, CA",earthquake,0.09,0.2,0.142,345,reviewed,ci,ci
2017-02-10T09:08:51.330Z,36.8185,135.2675,367.96,4.1,mb,,53,1.533,0.73,us,us20008lef,2017-05-09T01:24:33.040Z,"103 km NW of Mikuni, Japan",earthquake,10.2,9.8,0.15,12,reviewed,us,us
2017-02-10T08:55:26.860Z,39.5487,26.1913,9.82,4.5,mwr,,35,1.308,0.89,us,us20008ivd,2022-05-03T18:57:33.907Z,"13 km WNW of Behram, Turkey",earthquake,4.6,4.3,0.06,27,reviewed,us,us
2017-02-10T08:45:05.930Z,-29.7703,-66.7213,33.77,4.5,mb,,52,2.247,0.92,us,us20008iv8,2017-05-09T01:24:32.040Z,"41 km SSE of La Rioja, Argentina",earthquake,5.9,5.1,0.181,9,reviewed,us,us
2017-02-10T08:38:47.950Z,13.5135,147.1708,23.46,4.3,mb,,93,2.24,0.51,us,us20008led,2017-05-09T01:24:32.040Z,"232 km SE of San Jose Village, Northern Mariana Islands",earthquake,5.9,5.7,0.148,13,reviewed,us,us
2017-02-10T08:36:49.640Z,-59.3895,-26.2014,27.96,4.5,mb,,124,15.193,0.9,us,us20008lf4,2017-05-09T01:24:32.040Z,"South Sandwich Islands region",earthquake,13,5.9,0.135,16,reviewed,us,us
2017-02-10T08:30:37.960Z,-10.3716,161.4293,53.44,4.8,mb,,92,1.729,0.84,us,us20008iv3,2017-05-09T01:24:32.040Z,"54 km W of Kirakira, Solomon Islands",earthquake,6.9,6.7,0.078,50,reviewed,us,us
2017-02-10T07:42:52.380Z,53.8833,-164.6839,37.15,3.4,mb,,194,0.689,1.09,us,us20008l7p,2023-08-04T19:43:28.696Z,"76 km ESE of Akutan, Alaska",earthquake,8,28,0.219,5,reviewed,us,us
2017-02-10T07:39:43.000Z,35.9387,-97.2662,5.154,2.7,ml,,24,,0.2,us,us20008iut,2017-05-09T01:24:32.040Z,"1 km SW of Langston, Oklahoma",earthquake,1.3,4.1,,,reviewed,tul,tul
2017-02-10T07:24:03.500Z,36.076,-97.5596,6.828,2.5,ml,,27,,0.09,us,us20008ium,2017-05-09T01:24:32.040Z,"10 km SE of Marshall, Oklahoma",earthquake,1.1,1.9,,,reviewed,tul,tul
2017-02-10T07:18:21.250Z,-21.2456,-175.2067,10,5.3,mb,,92,5.408,0.66,us,us20008iul,2022-05-03T18:11:06.249Z,"6 km SSW of Vaini, Tonga",earthquake,9.3,1.9,0.061,89,reviewed,us,us
2017-02-10T06:35:56.285Z,56.3196,-158.912,4.7,2.7,ml,,,,0.55,ak,ak0171vwtga4,2023-08-04T19:43:05.050Z,"11 km NW of Chignik Lake, Alaska",earthquake,,0.2,,,reviewed,ak,ak
2017-02-10T04:55:04.340Z,35.57,-120.8318333,4.97,2.71,md,59,39,0.0709,0.08,nc,nc72762396,2017-02-13T19:31:02.924Z,"11 km W of Templeton, California",earthquake,0.16,0.5,0.13,52,reviewed,nc,nc
2017-02-10T04:49:01.850Z,36.0949,70.4511,115.93,4.6,mb,,69,1.033,0.99,us,us20008iua,2017-05-09T01:24:32.040Z,"75 km SE of Farkh?r, Afghanistan",earthquake,5.9,5.6,0.062,79,reviewed,us,us
2017-02-10T04:46:19.045Z,61.7162,-148.224,8.2,2.6,ml,,,,0.67,ak,ak0171vvov2o,2023-08-18T19:40:58.567Z,"15 km SE of Chickaloon, Alaska",earthquake,,0.1,,,reviewed,ak,ak
2017-02-10T03:55:11.400Z,19.224,-65.2433,78,3.4,Md,7,313.2,0.91179001,0.27,pr,pr17041004,2017-05-09T01:24:32.040Z,"102 km N of Culebra, Puerto Rico",earthquake,4.7,7.3,0,4,reviewed,pr,pr
2017-02-10T03:42:49.280Z,1.2287,128.0302,106.06,4.3,mb,,137,0.803,0.84,us,us20008le9,2017-05-09T01:24:32.040Z,"55 km S of Tobelo, Indonesia",earthquake,12,11.1,0.147,13,reviewed,us,us
2017-02-10T03:34:16.100Z,19.4325,-65.111,65,3.4,Md,9,309.6,1.13008063,0.3,pr,pr17041003,2017-05-09T01:24:32.040Z,"122 km N of Charlotte Amalie, U.S. Virgin Islands",earthquake,4.8,12.4,0,6,reviewed,pr,pr
2017-02-10T02:58:55.360Z,-17.8301,-12.9038,10,5.3,mb,,44,25.609,0.81,us,us20008iu2,2025-12-22T17:32:52.740Z,"southern Mid-Atlantic Ridge",earthquake,9.3,1.7,0.055,111,reviewed,us,us
2017-02-10T02:55:34.500Z,19.4645,-65.0859,75,3.2,Md,5,334.8,1.16421661,0.1,pr,pr17041002,2017-05-09T01:24:32.040Z,"125 km N of Charlotte Amalie, U.S. Virgin Islands",earthquake,4.5,8.2,0,4,reviewed,pr,pr
2017-02-10T01:46:19.192Z,58.8798,-153.1851,12.7,2.9,ml,,,,0.62,ak,ak0171vtwk9r,2023-08-04T19:42:18.584Z,"89 km SW of Nanwalek, Alaska",earthquake,,0.1,,,reviewed,ak,ak
2017-02-10T01:24:56.800Z,19.1098,-66.4507,48,2.8,Md,10,270,0.63331228,0.25,pr,pr17041001,2017-05-09T01:24:32.040Z,"71 km N of Tierras Nuevas Poniente, Puerto Rico",earthquake,1.8,4.6,0,9,reviewed,pr,pr
2017-02-10T01:12:16.470Z,51.262,-174.4794,40,2.8,ml,,,,0.41,us,us20008l7g,2023-08-04T19:42:08.055Z,"105 km S of Atka, Alaska",earthquake,13.7,10.1,,,reviewed,ak,ak
2017-02-10T00:31:55.957Z,61.4776,-150.6562,56,2.6,ml,,,,0.53,ak,ak0171vt7zrf,2023-08-04T19:42:04.433Z,"10 km SW of Susitna, Alaska",earthquake,,0.2,,,reviewed,ak,ak
2017-02-09T22:14:56.950Z,16.8421,-85.8066,10,4.5,mwr,,33,3.109,0.83,us,us20008it5,2017-05-09T01:24:32.040Z,"43 km N of Savannah Bight, Honduras",earthquake,5.5,1.9,0.098,10,reviewed,us,us
2017-02-09T21:50:54.430Z,3.2843,98.5275,42.47,4.4,mb,,115,0.707,0.93,us,us20008isy,2017-05-09T01:24:32.040Z,"10 km NNE of Berastagi, Indonesia",earthquake,7.1,9.6,0.127,18,reviewed,us,us
2017-02-09T21:36:26.680Z,61.0537,-150.3975,50.5,2.5,ml,,,,0.57,ak,ak0171ui7rak,2023-08-04T19:41:31.163Z,"21 km NE of Point Possession, Alaska",earthquake,,0.2,,,reviewed,ak,ak
2017-02-09T21:07:48.370Z,-5.1774,153.8192,50.87,4.4,mb,,210,1.919,0.66,us,us20008l5b,2017-05-09T01:24:32.040Z,"195 km ESE of Kokopo, Papua New Guinea",earthquake,7.6,12.9,0.219,6,reviewed,us,us
2017-02-09T20:00:45.540Z,-14.6326,170.8305,612.57,4.9,mb,,149,7.312,0.61,us,us20008l5a,2017-05-09T01:24:32.040Z,"Vanuatu region",earthquake,13.7,8.4,0.096,34,reviewed,us,us
2017-02-09T19:10:10.670Z,-56.9812,-150.743,10,5.2,mb,,41,27.91,1.01,us,us20008is3,2025-12-22T17:21:18.967Z,"Pacific-Antarctic Ridge",earthquake,14.2,1.8,0.073,62,reviewed,us,us
2017-02-09T18:05:50.710Z,36.103,-89.4526667,4.27,2.82,md,60,40,0.03111,0.19,nm,nm60175406,2018-03-08T10:59:21.833Z,"9 km NW of Dyersburg, Tennessee",earthquake,0.19,0.28,0.121,46,reviewed,nm,nm
2017-02-09T18:00:07.800Z,3.3033,98.4167,11.85,4.5,mb,,80,0.789,1.08,us,us20008irr,2017-05-09T01:24:32.040Z,"15 km NW of Berastagi, Indonesia",earthquake,5.7,4.6,0.093,35,reviewed,us,us
2017-02-09T17:53:19.310Z,-9.4901,-79.3294,35,4.6,mb,,105,2.516,1.12,us,us20008l57,2017-05-09T01:24:32.040Z,"93 km SW of Puerto Santa, Peru",earthquake,3.8,2,0.243,9,reviewed,us,us
2017-02-09T17:47:51.960Z,-11.7622,117.6019,10,4.3,mb,,56,4.715,1.33,us,us20008l5f,2017-05-09T01:24:32.040Z,"south of Sumbawa, Indonesia",earthquake,8.4,1.9,0.137,15,reviewed,us,us
2017-02-09T17:29:16.990Z,45.9918,153.2248,19.67,4.3,mb,,203,7.29,0.61,us,us20008l54,2017-05-09T01:24:32.040Z,"east of the Kuril Islands",earthquake,14,8.7,0.142,14,reviewed,us,us
2017-02-09T17:24:19.740Z,-60.1601,-25.9265,10,4.7,mb,,123,14.753,0.31,us,us20008l55,2017-05-09T01:24:32.040Z,"South Sandwich Islands region",earthquake,14.8,2,0.142,15,reviewed,us,us
2017-02-09T16:54:01.616Z,55.5311,-159.4706,50.5,2.8,ml,,,,0.49,ak,ak0171ufce81,2023-08-04T19:40:54.379Z,"41 km S of Ivanof Bay, Alaska",earthquake,,0.6,,,reviewed,ak,ak
2017-02-09T16:40:13.300Z,52.1305,-170.3128,41.76,2.7,ml,,217,0.739,0.46,us,us20008ish,2023-08-04T19:40:45.455Z,"133 km SW of Nikolski, Alaska",earthquake,8.5,70,,,reviewed,us,ak
2017-02-09T15:40:57.330Z,-8.6689,118.3182,148.27,4.3,mb,,77,3.875,1.15,us,us20008ire,2017-05-09T01:24:32.040Z,"21 km SW of Dompu, Indonesia",earthquake,7.2,4.8,0.16,11,reviewed,us,us
2017-02-09T15:25:55.810Z,46.9809,152.6945,76.71,4.4,mb,,133,6.798,0.84,us,us20008ird,2017-05-09T01:24:32.040Z,"Kuril Islands",earthquake,10.6,7.4,0.056,93,reviewed,us,us
2017-02-09T15:05:08.190Z,13.8186,143.9676,156.45,4.8,mb,,252,0.904,0.5,us,us20008l52,2017-05-09T01:24:31.040Z,"87 km WNW of Piti Village, Guam",earthquake,25.3,17.7,0.209,8,reviewed,us,us
2017-02-09T13:40:36.650Z,-23.2586,-68.7774,111.88,4.3,mb,,51,0.654,1.35,us,us20008ir0,2017-05-09T01:24:31.040Z,"70 km WSW of San Pedro de Atacama, Chile",earthquake,6.8,8.4,0.142,15,reviewed,us,us
2017-02-09T13:28:54.500Z,18.7173,-64.9093,34,2.6,Md,3,342,0.53898917,0.03,pr,pr17040001,2017-02-09T15:25:50.006Z,"41 km N of Charlotte Amalie, U.S. Virgin Islands",earthquake,3,3.6,0,2,reviewed,pr,pr
2017-02-09T10:35:14.150Z,52.2002,-165.3375,20.8,2.8,ml,,,,0.56,us,us20008k49,2023-08-04T19:39:38.954Z,"202 km SSE of Unalaska, Alaska",earthquake,9.1,8.4,,,reviewed,ak,ak
2017-02-09T10:05:04.430Z,16.4167,-98.4949,10,4.2,mb,,183,0.353,1.19,us,us1000866k,2017-05-09T01:24:31.040Z,"2 km E of San Nicolás, Mexico",earthquake,2.2,2,0.303,3,reviewed,us,us
2017-02-09T08:31:42.170Z,-16.5317,67.7469,10,5,mb,,55,5.253,0.88,us,us20008in7,2025-12-22T17:21:18.281Z,"Mid-Indian Ridge",earthquake,9.2,1.8,0.069,67,reviewed,us,us
2017-02-09T06:47:20.700Z,18.1623,-67.4079,24,2.8,Md,6,223.2,0.23086703,0.21,pr,pr17040000,2017-02-09T07:38:15.392Z,"24 km SW of Stella, Puerto Rico",earthquake,1.2,2.4,0,5,reviewed,pr,pr
2017-02-09T05:07:15.610Z,36.4614,141.2021,41.17,4.2,mb,,156,1.443,0.83,us,us20008imm,2017-05-09T01:24:31.040Z,"51 km ESE of Hitachi, Japan",earthquake,9.1,9.8,0.199,7,reviewed,us,us
2017-02-09T03:57:43.950Z,15.8211,-95.895,10,4.4,mb,,97,0.211,1,us,us20008imc,2017-05-09T01:24:31.040Z,"13 km SW of El Coyul, Mexico",earthquake,5.1,1.9,0.085,40,reviewed,us,us
2017-02-09T03:24:04.730Z,45.1643,149.4334,124.37,4.3,mb,,186,4.979,0.93,us,us20008l50,2017-05-09T01:24:31.040Z,"122 km E of Kuril’sk, Russia",earthquake,12.9,9.9,0.077,47,reviewed,us,us
2017-02-09T02:21:49.640Z,-2.2527,140.8935,17.62,5.3,mb,,22,8.661,0.87,us,us20008im7,2022-05-03T18:11:04.956Z,"36 km NNE of Jayapura, Indonesia",earthquake,7.6,3.3,0.057,103,reviewed,us,us
2017-02-09T02:11:24.270Z,28.0844,129.9901,22.9,4.9,mb,,124,1.968,0.76,us,us20008im5,2017-05-09T01:24:31.040Z,"58 km ESE of Naze, Japan",earthquake,7.1,6.4,0.096,34,reviewed,us,us
2017-02-09T00:50:30.130Z,-15.0855,-73.9774,70.71,4.8,mww,,137,4.152,0.6,us,us20008ilv,2025-12-22T17:21:17.681Z,"20 km NW of Pullo, Peru",earthquake,7.9,6.8,0.086,13,reviewed,us,us
2017-02-08T23:54:17.230Z,0.4282,123.9121,202.77,4.4,mb,,64,1.852,0.91,us,us20008kxr,2017-05-09T01:24:31.040Z,"95 km E of Gorontalo, Indonesia",earthquake,9.1,6.5,0.112,23,reviewed,us,us
2017-02-08T23:31:16.730Z,19.1938,-108.5378,10,4.2,mb,,131,2.296,0.69,us,us20008ilg,2017-05-09T01:24:31.040Z,"Revilla Gigedo Islands region",earthquake,7.9,1.9,0.087,37,reviewed,us,us
2017-02-08T22:33:32.679Z,63.202,-150.5155,117.8,2.9,ml,,,,0.58,ak,ak0171sv97pv,2023-08-04T19:37:23.310Z,"71 km ESE of Denali National Park, Alaska",earthquake,,0.3,,,reviewed,ak,ak
2017-02-08T22:20:43.410Z,37.0467,-97.3834,3.62,3,mb_lg,,29,0.082,0.25,us,us20008ikz,2017-05-09T01:24:31.040Z,"2 km ESE of South Haven, Kansas",earthquake,1.1,4.9,0.08,41,reviewed,us,us
2017-02-08T21:32:21.310Z,0.0782,126.1915,30.41,4.7,mb,,57,1.362,0.53,us,us20008ikp,2017-05-09T01:24:31.040Z,"154 km WSW of Ternate, Indonesia",earthquake,7.1,6.1,0.085,42,reviewed,us,us
2017-02-08T21:23:09.900Z,-57.0808,-25.0868,10,4.7,mb,,84,17.327,0.63,us,us20008kxs,2017-05-09T01:24:31.040Z,"South Sandwich Islands region",earthquake,14,1.9,0.104,28,reviewed,us,us
2017-02-08T20:54:24.900Z,13.9714,120.868,147.35,4.3,mb,,155,9.044,0.44,us,us20008kxn,2017-05-09T01:24:31.040Z,"3 km SW of Payapa, Philippines",earthquake,7.2,10.5,0.137,15,reviewed,us,us
2017-02-08T20:50:15.870Z,2.1061,128.0736,222.99,4.4,mb,,173,6.154,0.44,us,us20008kxm,2017-05-09T01:24:31.040Z,"42 km N of Tobelo, Indonesia",earthquake,12.2,11.8,0.179,9,reviewed,us,us
2017-02-08T20:46:16.710Z,22.5372,94.7713,121,4.5,mb,,63,1.088,0.99,us,us20008ik6,2017-05-09T01:24:31.040Z,"60 km NW of Monywa, Myanmar",earthquake,6.5,6.6,0.085,40,reviewed,us,us
2017-02-08T20:17:53.640Z,51.1252,-174.4782,10,3.1,ml,,235,1.383,0.26,us,us20008kds,2023-08-04T19:36:50.419Z,"120 km S of Atka, Alaska",earthquake,6.8,2,,,reviewed,us,ak
2017-02-08T19:21:54.852Z,65.8431,-146.0434,14.3,2.6,ml,,,,0.57,ak,ak0171stee0t,2023-08-04T19:36:36.168Z,"47 km SSW of Birch Creek, Alaska",earthquake,,0.3,,,reviewed,ak,ak
2017-02-08T18:56:24.240Z,52.1052,161.197,10,4.3,mb,,188,1.806,1.03,us,us20008kxl,2017-05-09T01:24:31.040Z,"201 km ESE of Petropavlovsk-Kamchatsky, Russia",earthquake,14.7,2,0.153,16,reviewed,us,us
2017-02-08T17:16:05.730Z,-23.3487,179.7226,535.23,4.5,mb,,115,5.79,0.58,us,us20008iii,2017-05-09T01:24:31.040Z,"south of the Fiji Islands",earthquake,14.7,4.7,0.082,43,reviewed,us,us
2017-02-08T17:10:33.880Z,-21.2542,-68.086,181.83,4.1,mb,,116,1.203,0.51,us,us20008iil,2017-05-09T01:24:31.040Z,"157 km WSW of Uyuni, Bolivia",earthquake,9.9,14.6,0.26,4,reviewed,us,us
2017-02-08T17:02:36.130Z,-7.3409,128.6316,167.78,4.3,mb,,64,2.719,1.08,us,us20008iih,2017-05-09T01:24:31.040Z,"222 km NE of Lospalos, Timor Leste",earthquake,8.1,8.6,0.142,14,reviewed,us,us
2017-02-08T16:19:05.130Z,36.8055,-121.5186667,3.48,2.96,md,49,64,0.02004,0.1,nc,nc72761971,2017-05-09T01:24:31.040Z,"4 km SSE of San Juan Bautista, California",earthquake,0.16,0.24,0.219,80,reviewed,nc,nc
2017-02-08T15:15:05.680Z,12.2308,141.084,38.25,4.5,mb,,111,3.929,0.59,us,us20008kxi,2017-05-09T01:24:31.040Z,"279 km NNE of Fais, Micronesia",earthquake,14.8,9.5,0.136,16,reviewed,us,us
2017-02-08T15:08:20.550Z,45.5187,26.2594,127.01,4.7,mb,,19,0.222,1.1,us,us20008ii5,2017-05-09T01:24:31.040Z,"3 km N of Ca?oca, Romania",earthquake,6.6,5.4,0.045,152,reviewed,us,us
2017-02-08T14:30:36.800Z,19.1082,-66.6853,45,3.2,Md,6,280.8,0.64499037,0.2,pr,pr17039004,2017-05-09T01:24:31.040Z,"70 km N of Carrizales, Puerto Rico",earthquake,1.7,4.2,0,4,reviewed,pr,pr
2017-02-08T14:07:32.370Z,45.1975,150.1312,58.21,4.6,mb,,169,5.422,0.75,us,us20008ihv,2017-05-09T01:24:31.040Z,"177 km E of Kuril’sk, Russia",earthquake,10.7,6.3,0.096,32,reviewed,us,us
2017-02-08T13:44:32.010Z,-41.6932,-83.8123,10,5.2,mww,,153,7.644,0.92,us,us20008ihq,2025-12-22T17:21:17.048Z,"West Chile Rise",earthquake,9.4,1.8,0.066,22,reviewed,us,us
2017-02-08T13:26:28.280Z,-20.9744,169.6293,82.6,4.5,mb,,100,1.574,1.14,us,us20008kxd,2017-05-09T01:24:31.040Z,"162 km SSE of Isangel, Vanuatu",earthquake,8.1,7.5,0.156,12,reviewed,us,us
2017-02-08T12:52:02.960Z,27.4847,139.8084,494.62,4.2,mb,,78,2.149,0.78,us,us20008ihl,2017-05-09T01:24:31.040Z,"Bonin Islands, Japan region",earthquake,11.5,7.7,0.046,134,reviewed,us,us
2017-02-08T12:14:41.320Z,-20.7648,-178.4311,532.3,4.3,mb,,121,4.478,1.05,us,us20008igg,2017-05-09T01:24:31.040Z,"Fiji region",earthquake,14.5,9.1,0.068,62,reviewed,us,us
2017-02-08T11:59:59.780Z,-4.5669,139.0218,35,4.4,mb,,97,6.953,0.81,us,us20008iga,2017-05-09T01:24:31.040Z,"281 km SW of Abepura, Indonesia",earthquake,3.9,2,0.109,24,reviewed,us,us
2017-02-08T11:11:42.050Z,27.303,103.4248,10,4.9,mb,,42,6.094,0.95,us,us20008ig7,2022-05-03T18:57:31.428Z,"28 km W of Zhaotong, China",earthquake,2.2,1.9,0.056,100,reviewed,us,us
2017-02-08T11:02:37.540Z,25.1444,63.3102,10,5.2,mb,,66,4.675,0.8,us,us20008ig4,2022-05-03T18:11:03.461Z,"20 km SW of Pasni, Pakistan",earthquake,7,1.7,0.045,164,reviewed,us,us
2017-02-08T10:51:29.880Z,-2.8285,139.0936,46.33,4.9,mb,,56,6.836,0.94,us,us20008ifz,2025-12-22T17:21:16.317Z,"173 km W of Abepura, Indonesia",earthquake,7.4,7.4,0.068,67,reviewed,us,us
2017-02-08T10:50:07.880Z,20.0915,-156.4575,6.8,3.01,ml,18,217,,0.2,hv,hv61597736,2020-07-06T21:02:06.280Z,"62 km S of M?kena, Hawaii",earthquake,1.51,3.01,0.114,16,reviewed,hv,hv
2017-02-08T09:52:06.090Z,45.736,26.6616,129.27,4.4,mb,,48,0.559,1.23,us,us20008ifq,2017-05-09T01:24:30.040Z,"4 km NW of Nereju Mic, Romania",earthquake,6.4,5.4,0.148,13,reviewed,us,us
2017-02-08T08:36:26.600Z,18.1352,-67.359,56,2.9,Md,17,216,0.26230806,0.25,pr,pr17039003,2017-05-09T01:24:30.040Z,"19 km WNW of Puerto Real, Puerto Rico",earthquake,0.8,0.7,0,17,reviewed,pr,pr
2017-02-08T08:34:18.360Z,-7.5557,106.9498,74.88,5,mb,,64,0.982,1.32,us,us20008iff,2017-05-09T01:24:30.040Z,"66 km SW of Banjar, Indonesia",earthquake,6.9,5.3,0.071,63,reviewed,us,us
2017-02-08T08:14:56.650Z,-7.2919,129.3788,134.38,4.8,mb,,76,2.023,0.94,us,us20008ifc,2017-05-09T01:24:30.040Z,"295 km ENE of Lospalos, Timor Leste",earthquake,6.5,6,0.08,48,reviewed,us,us
2017-02-08T05:44:07.800Z,19.0851,-66.6977,53,3,Md,7,273.6,0.73572022,0.43,pr,pr17039002,2017-05-09T01:24:30.040Z,"67 km N of Carrizales, Puerto Rico",earthquake,3.7,9.9,0,6,reviewed,pr,pr
2017-02-08T04:24:10.000Z,36.2172,-97.5713,6.564,2.5,ml,,23,,0.26,us,us20008ieu,2017-05-09T01:24:30.040Z,"8 km NE of Marshall, Oklahoma",earthquake,1.2,5.2,,,reviewed,tul,tul
2017-02-08T04:22:16.800Z,36.2171,-97.5715,6.08,2.7,ml,,23,,0.36,us,us20008ies,2017-05-09T01:24:30.040Z,"8 km NE of Marshall, Oklahoma",earthquake,1,6,,,reviewed,tul,tul
2017-02-08T03:52:19.500Z,18.9853,-65.0408,41,3.3,Md,13,277.2,0.71056739,0.34,pr,pr17039001,2017-05-09T01:24:30.040Z,"72 km N of Charlotte Amalie, U.S. Virgin Islands",earthquake,2.6,8.6,0,10,reviewed,pr,pr
2017-02-08T03:14:48.660Z,37.04,-97.3819,5,2.6,mb_lg,,107,0.081,0.43,us,us20008ids,2017-05-09T01:24:30.040Z,"2 km ESE of South Haven, Kansas",earthquake,1.8,2,0.124,17,reviewed,us,us
2017-02-08T02:49:08.700Z,19.1005,-66.6987,47,3.3,Md,12,266.4,0.74111011,0.54,pr,pr17039000,2017-05-09T01:24:30.040Z,"69 km N of Carrizales, Puerto Rico",earthquake,3.1,9.9,0,8,reviewed,pr,pr
2017-02-08T02:16:14.050Z,39.5417,26.1499,10,3.9,mwr,,39,1.34,0.87,us,us20008idk,2017-05-09T01:24:30.040Z,"16 km WNW of Behram, Turkey",earthquake,5,1.9,0.078,16,reviewed,us,us
2017-02-08T01:38:03.780Z,39.544,26.1724,10,4.5,mwr,,32,1.322,0.74,us,us20008idh,2017-05-09T01:24:30.040Z,"14 km WNW of Behram, Turkey",earthquake,4.1,1.8,0.057,30,reviewed,us,us
2017-02-08T01:18:41.800Z,36.8736,-98.0954,5.638,3,ml,,75,,0.28,us,us20008idf,2017-05-09T01:24:30.040Z,"14 km SSW of Manchester, Oklahoma",earthquake,1,3.2,,,reviewed,tul,tul
2017-02-08T00:48:38.848Z,66.1699,-162.3146,22.4,2.6,ml,,,,0.74,ak,ak0171si8wmk,2023-08-04T19:31:56.545Z,"21 km ENE of Deering, Alaska",earthquake,,3.2,,,reviewed,ak,ak
2017-02-08T00:19:07.500Z,36.4044,-98.6736,5.855,2.5,ml,,36,,0.44,us,us20008ilj,2017-05-09T01:24:30.040Z,"Oklahoma",earthquake,1.5,7.3,,,reviewed,tul,tul
2017-02-08T00:06:44.120Z,-18.0655,-178.4127,623.85,5.1,mb,,37,3.38,0.97,us,us20008id1,2022-05-03T19:51:07.774Z,"240 km E of Levuka, Fiji",earthquake,10.3,6,0.03,364,reviewed,us,us
2017-02-08T00:06:22.940Z,37.2855,141.4211,22.52,4.5,mb,,109,0.768,0.76,us,us20008id2,2017-05-09T01:24:30.040Z,"43 km ESE of Namie, Japan",earthquake,6,5,0.121,20,reviewed,us,us
2017-02-07T23:07:23.530Z,-16.1915,-172.9972,36.14,4.6,mb,,95,2.556,0.75,us,us20008kjh,2017-05-09T01:24:30.040Z,"89 km ESE of Hihifo, Tonga",earthquake,10.9,8.1,0.086,40,reviewed,us,us
2017-02-07T23:07:00.890Z,52.2957,-169.8669,45.53,3.3,mb,,215,0.529,0.73,us,us20008juy,2023-08-04T19:31:44.228Z,"98 km SW of Nikolski, Alaska",earthquake,6.7,19.3,0.243,4,reviewed,us,us
2017-02-07T22:53:30.290Z,39.5268,26.1476,12.77,4.3,mb,,42,1.343,1.05,us,us20008icm,2017-05-09T01:24:30.040Z,"16 km WNW of Behram, Turkey",earthquake,4.8,5.6,0.308,5,reviewed,us,us
2017-02-07T22:03:56.390Z,25.1912,63.2644,29.07,6.3,mww,,28,4.655,0.76,us,us20008ic7,2022-05-03T19:52:26.476Z,"22 km WSW of Pasni, Pakistan",earthquake,7.5,3.3,,,reviewed,us,us
2017-02-07T21:53:05.350Z,54.0455,-163.5454,16.54,2.7,ml,,201,0.816,0.23,us,us20008jux,2023-08-04T19:31:26.272Z,"90 km S of False Pass, Alaska",earthquake,7.3,13.7,0.148,6,reviewed,us,us
2017-02-07T21:35:00.940Z,39.5276,26.1532,16.23,4.3,mb,,32,1.339,0.65,us,us20008ibx,2017-05-09T01:24:30.040Z,"15 km WNW of Behram, Turkey",earthquake,4.4,6.3,0.178,9,reviewed,us,us
2017-02-07T21:07:08.060Z,-24.3951,-69.5365,80.1,3.8,mb,,86,0.765,1.09,us,us20008ibm,2017-05-09T01:24:30.040Z,"120 km SE of Antofagasta, Chile",earthquake,4.4,9.2,0.254,4,reviewed,us,us
2017-02-07T21:00:54.360Z,39.5687,26.1652,6.1,4.5,mb,,32,1.326,0.67,us,us20008ibf,2017-05-09T01:24:30.040Z,"16 km WNW of Behram, Turkey",earthquake,1.5,4.7,0.085,41,reviewed,us,us
2017-02-07T20:27:08.650Z,43.6588,-105.2798,0,3.4,ml,,54,1.011,0.61,us,us10008jgh,2017-05-09T01:24:30.040Z,"19 km ESE of Wright, Wyoming",mining explosion,5.6,2,0.06,48,reviewed,us,us
2017-02-07T20:16:08.300Z,-22.5763,-174.4332,10,4.9,mb,,106,5.466,1.18,us,us20008kjf,2017-05-09T01:24:30.040Z,"147 km SSE of ‘Ohonua, Tonga",earthquake,10.6,1.9,0.155,13,reviewed,us,us
2017-02-07T19:50:21.570Z,50.2168,-174.9322,10,2.8,ml,,238,2.001,1.4,us,us20008juw,2023-08-04T19:30:48.644Z,"219 km SSE of Adak, Alaska",earthquake,5.4,2,,,reviewed,us,ak
2017-02-07T19:26:16.290Z,-2.2845,128.8606,54.31,4.2,mb,,127,3.383,1,us,us20008kjj,2017-05-09T01:24:30.040Z,"116 km N of Amahai, Indonesia",earthquake,8.7,18.7,0.187,8,reviewed,us,us
2017-02-07T18:47:01.911Z,64.9725,-151.7336,23.5,2.6,ml,,,,0.75,ak,ak0171r5f2gf,2023-08-04T19:30:27.027Z,"27 km SE of Tanana, Alaska",earthquake,,0.2,,,reviewed,ak,ak
2017-02-07T18:46:43.770Z,64.9541,-151.5505,17.3,0.7,ml,,104,0.291,0.78,us,us20008ia2,2023-08-04T19:30:20.172Z,"Central Alaska",earthquake,3.6,5.6,,,reviewed,us,ak
2017-02-07T18:24:45.470Z,18.9211667,-155.5448333,36.73,3.21,ml,65,250,,0.12,hv,hv61597066,2020-07-06T21:02:28.590Z,"16 km SSE of Naalehu, Hawaii",earthquake,0.5,0.8,0.149,35,reviewed,hv,hv
2017-02-07T18:19:30.560Z,33.4948,134.5714,31.48,4.3,mb,,108,0.626,1.13,us,us20008i9r,2017-05-09T01:24:30.040Z,"44 km ENE of Muroto-misakicho, Japan",earthquake,5.1,6.9,0.119,22,reviewed,us,us
2017-02-07T18:17:40.090Z,-6.4167,147.5893,95.88,4.1,mb,,142,2.999,1.24,us,us20008kje,2017-05-09T01:24:30.040Z,"32 km WNW of Finschhafen, Papua New Guinea",earthquake,8.4,17.7,0.174,10,reviewed,us,us
2017-02-07T17:52:17.265Z,59.8403,-153.5372,139.1,3.2,ml,,,,0.61,ak,ak0171r4uqm6,2023-08-04T19:30:04.118Z,"Southern Alaska",earthquake,,0.1,,,reviewed,ak,ak
2017-02-07T17:30:48.790Z,-43.2178,-74.4546,15.08,4.1,mb,,202,0.587,0.76,us,us20008i9m,2017-05-09T01:24:30.040Z,"69 km W of Quellón, Chile",earthquake,4.1,5.9,0.261,4,reviewed,us,us
2017-02-07T17:21:47.160Z,-8.4287,113.1306,140.72,5.2,mb,,49,1.011,1.2,us,us20008i9k,2017-05-09T01:24:30.040Z,"30 km WSW of Kencong, Indonesia",earthquake,6.6,4.8,0.056,106,reviewed,us,us
2017-02-07T17:18:34.800Z,51.2246,-174.5641,58.41,3.9,mb,,213,1.275,0.76,us,us20008i9j,2023-08-04T19:29:51.077Z,"110 km SSW of Atka, Alaska",earthquake,6,17.5,0.064,64,reviewed,us,us
2017-02-07T16:19:20.200Z,18.0375,-67.8544,111,3.4,Md,12,324,0.70966907,0.46,pr,pr17038003,2017-05-09T01:24:30.040Z,"70 km W of Puerto Real, Puerto Rico",earthquake,4.1,2.2,0,8,reviewed,pr,pr
2017-02-07T15:56:47.660Z,-21.1741,-178.3724,483.49,4.2,mb,,100,4.796,1.03,us,us20008kjc,2017-05-09T01:24:30.040Z,"Fiji region",earthquake,11.2,9,0.108,24,reviewed,us,us
2017-02-07T15:16:47.840Z,-4.3929,138.9918,35.66,4.4,mb,,74,6.886,0.98,us,us20008kja,2017-05-09T01:24:29.040Z,"269 km SW of Abepura, Indonesia",earthquake,9.7,8.1,0.112,23,reviewed,us,us
2017-02-07T14:34:53.060Z,-59.1218,-76.7884,14.4,4.9,mb,,109,6.271,0.72,us,us20008kj9,2017-05-09T01:24:29.040Z,"southern Pacific Ocean",earthquake,11.8,5.4,0.112,25,reviewed,us,us
2017-02-07T14:26:38.670Z,-56.4108,-25.8731,10,5.1,mb,,70,18.116,0.64,us,us20008i84,2017-05-09T01:24:29.040Z,"South Sandwich Islands region",earthquake,11.3,1.6,0.071,65,reviewed,us,us
2017-02-07T14:06:25.100Z,18.6425,-66.0429,63,2.5,Md,4,313.2,0.40873345,0.03,pr,pr17038001,2017-02-07T15:47:22.628Z,"20 km NNE of San Juan, Puerto Rico",earthquake,1.8,1.7,0,3,reviewed,pr,pr
2017-02-07T14:02:46.300Z,-26.3029,27.579,5,4.4,mb,,86,2.201,0.81,us,us20008kjm,2017-05-09T01:24:29.040Z,"7 km WNW of Westonaria, South Africa",earthquake,7.6,2,0.309,3,reviewed,us,us
2017-02-07T13:03:18.560Z,41.4939,142.1255,61.25,4.2,mb,,132,0.931,0.87,us,us20008i6m,2017-05-09T01:24:29.040Z,"79 km ENE of Mutsu, Japan",earthquake,4.2,9.1,0.121,19,reviewed,us,us
2017-02-07T12:23:23.040Z,-21.8223,-179.3891,581.31,5,mb,,24,4.717,1.06,us,us20008i6g,2025-12-22T16:53:46.304Z,"Fiji region",earthquake,9.6,5.6,0.036,250,reviewed,us,us
2017-02-07T11:26:32.810Z,53.4857,-164.5901,35,3,ml,,210,0.956,1.46,us,us20008juq,2023-08-04T19:27:54.178Z,"106 km SE of Akutan, Alaska",earthquake,3.7,2,0.148,6,reviewed,us,us
2017-02-07T11:03:59.970Z,36.7597,140.5787,35.84,4.6,mb,,122,1.12,1.02,us,us20008i67,2017-05-09T01:24:29.040Z,"13 km WNW of Takahagi, Japan",earthquake,4,7.4,0.083,43,reviewed,us,us
2017-02-07T10:03:04.610Z,35.0106,25.2424,10,4.3,mb,,160,0.4,1.25,us,us20008kj4,2017-05-09T01:24:29.040Z,"8 km E of Pýrgos, Greece",earthquake,3.3,1.8,0.154,12,reviewed,us,us
2017-02-07T09:56:03.670Z,39.4288,74.3496,35,4.1,mwr,,61,2.837,1.26,us,us20008i48,2017-05-09T01:24:29.040Z,"141 km W of Kashgar, China",earthquake,6.9,2,0.089,12,reviewed,us,us
2017-02-07T08:47:33.560Z,-9.7091,107.1985,40.53,4.6,mb,,102,3.739,0.76,us,us20008kj8,2017-05-09T01:24:29.040Z,"279 km S of Banjar, Indonesia",earthquake,9.9,9.3,0.128,18,reviewed,us,us
2017-02-07T08:25:20.950Z,-9.5538,109.9366,51.56,4.4,mb,,159,1.73,0.8,us,us20008kj2,2017-05-09T01:24:29.040Z,"181 km SSW of Bambanglipuro, Indonesia",earthquake,10.5,7.4,0.202,7,reviewed,us,us
2017-02-07T08:21:06.450Z,18.8798,121.0238,46.56,4.5,mb,,126,4.414,1.3,us,us20008kj7,2017-05-09T01:24:29.040Z,"30 km NNW of Claveria, Philippines",earthquake,11.8,9.4,0.15,13,reviewed,us,us
2017-02-07T07:39:14.550Z,38.8036667,-122.7911667,1.42,3.24,ml,63,29,0.005375,0.08,nc,nc72761506,2017-05-09T01:24:29.040Z,"6 km WSW of Cobb, California",earthquake,0.1,0.13,0.155,37,reviewed,nc,nc
2017-02-07T07:21:30.590Z,31.2881,131.6849,21.89,4.5,mb,,130,1.076,0.78,us,us20008i3q,2017-05-09T01:24:29.040Z,"45 km SE of Nichinan, Japan",earthquake,5.9,5.2,0.135,16,reviewed,us,us
2017-02-07T07:13:27.100Z,36.4348,-96.9051,4.42,2.8,ml,,69,,0.35,us,us20008i3m,2017-05-09T01:24:29.040Z,"14 km NW of Pawnee, Oklahoma",earthquake,0.9,3.2,,,reviewed,tul,tul
2017-02-07T06:56:10.430Z,59.9022,-153.0775,120,2.6,ml,,,,0.49,ak,ak0171qybtar,2023-08-04T19:27:20.126Z,"59 km ENE of Pedro Bay, Alaska",earthquake,,0.1,,,reviewed,ak,ak
2017-02-07T05:17:09.110Z,39.495,26.253,10,4.6,mb,,41,1.265,1.04,us,us20008kiw,2017-05-09T01:24:29.040Z,"6 km W of Behram, Turkey",earthquake,4.3,1.9,0.206,10,reviewed,us,us
2017-02-07T05:15:53.020Z,39.5644,26.2389,10,4.4,mb,,54,1.27,1.2,us,us20008i3b,2017-05-09T01:24:29.040Z,"11 km NW of Behram, Turkey",earthquake,3.7,2,0.17,10,reviewed,us,us
2017-02-07T03:55:04.380Z,52.1189,-170.3115,38.5,2.8,ml,,,,0.38,us,us20008ia8,2023-08-04T19:26:53.561Z,"134 km SW of Nikolski, Alaska",earthquake,8.8,10.1,,,reviewed,ak,ak
2017-02-07T03:49:46.910Z,-42.7223,172.7556,20.1,4,mwr,,78,0.319,0.85,us,us20008i31,2017-05-09T01:24:29.040Z,"48 km N of Amberley, New Zealand",earthquake,3.3,5.7,0.049,40,reviewed,us,us
2017-02-07T03:17:27.160Z,-29.6421,-72.092,11.24,4.4,mwr,,92,0.791,0.95,us,us20008i2r,2017-05-09T01:24:29.040Z,"80 km WNW of Coquimbo, Chile",earthquake,4.1,3.9,0.042,55,reviewed,us,us
2017-02-07T02:24:04.150Z,39.5279,26.0993,8.38,5.3,mww,,33,1.366,0.62,us,us20008i2k,2022-05-03T18:10:57.614Z,"18 km NNW of Míthymna, Greece",earthquake,4.4,3.5,0.046,46,reviewed,us,us
2017-02-07T02:18:17.050Z,41.8189,71.5584,39.95,4.5,mb,,42,1.499,0.72,us,us20008kj1,2017-05-09T01:24:29.040Z,"39 km NNW of Kerben, Kyrgyzstan",earthquake,6,7.4,0.15,13,reviewed,us,us
2017-02-07T01:36:11.052Z,61.7192,-151.1809,73.2,2.6,ml,,,,0.57,ak,ak0171qv8d01,2023-08-04T19:26:02.795Z,"32 km SSE of Skwentna, Alaska",earthquake,,0.2,,,reviewed,ak,ak
2017-02-07T01:30:14.900Z,-28.4886,-68.1209,171.99,4.3,mb,,65,1.874,0.7,us,us20008i2e,2017-05-09T01:24:29.040Z,"31 km NNE of Vinchina, Argentina",earthquake,7.6,16.6,0.266,4,reviewed,us,us
2017-02-07T01:05:10.930Z,19.5728,145.2137,222.56,4.2,mb,,160,17.411,0.52,us,us20008kis,2017-05-09T01:24:29.040Z,"Maug Islands region, Northern Mariana Islands",earthquake,16,7.7,0.064,67,reviewed,us,us
2017-02-07T00:41:51.800Z,-19.0098,176.0087,10,4.4,mb,,156,2.313,0.88,us,us20008kir,2017-05-09T01:24:29.040Z,"199 km SW of Nadi, Fiji",earthquake,11.7,2,0.203,7,reviewed,us,us
2017-02-07T00:07:28.640Z,-19.2754,169.0783,154.26,4.3,mb,,237,2.404,0.92,us,us20008kiq,2017-05-09T01:24:29.040Z,"36 km NW of Isangel, Vanuatu",earthquake,7.2,9.8,0.154,12,reviewed,us,us
2017-02-06T22:46:30.210Z,-19.0041,176.2745,10,5.1,mb,,114,2.102,0.76,us,us20008i1l,2025-12-22T17:21:15.518Z,"179 km SW of Nadi, Fiji",earthquake,9.4,1.8,0.087,43,reviewed,us,us
2017-02-06T22:45:07.800Z,51.1608,-167.7009,10,2.7,ml,,230,1.949,1.3,us,us20008j4b,2023-08-04T19:25:38.757Z,"213 km SSE of Nikolski, Alaska",earthquake,5.2,2,,,reviewed,us,ak
2017-02-06T22:04:41.720Z,-19.2215,176.4517,28.97,4.7,mb,,133,2.113,0.58,us,us20008i1e,2017-05-09T01:24:29.040Z,"187 km SSW of Nadi, Fiji",earthquake,9.6,6,0.147,14,reviewed,us,us
2017-02-06T21:18:10.110Z,-4.7364,152.7695,54.87,4.6,mb,,118,0.811,0.6,us,us20008kif,2017-05-09T01:24:29.040Z,"70 km SE of Kokopo, Papua New Guinea",earthquake,5.5,8.2,0.092,35,reviewed,us,us
2017-02-06T21:16:15.190Z,37.571,141.6848,46.97,4.4,mb,,189,0.769,0.82,us,us20008kih,2017-05-09T01:24:29.040Z,"61 km E of Namie, Japan",earthquake,7.5,8.6,0.117,21,reviewed,us,us
2017-02-06T21:08:23.150Z,43.7947,-105.3008,0,3.2,ml,,33,0.97,0.68,us,us10008jgf,2017-05-09T01:24:29.040Z,"16 km ENE of Wright, Wyoming",mining explosion,3.8,2,0.059,56,reviewed,us,us
2017-02-06T20:53:53.700Z,36.4199,-96.8941,6.287,3.4,ml,,63,,0.16,us,us20008hzs,2017-05-09T01:24:29.040Z,"12 km NW of Pawnee, Oklahoma",earthquake,1,1.4,,,reviewed,tul,tul
2017-02-06T20:28:44.400Z,51.4604,179.5203,89.07,3.8,mb,,161,0.158,0.67,us,us20008j49,2023-08-04T19:25:01.255Z,"269 km WSW of Adak, Alaska",earthquake,6.9,5.2,0.131,15,reviewed,us,us
2017-02-06T19:32:23.030Z,40.116,-122.9325,44.66,2.52,md,27,38,0.1898,0.13,nc,nc72760315,2017-02-08T02:50:02.931Z,"37 km ESE of Ruth, California",earthquake,0.36,0.95,0.143,26,reviewed,nc,nc
2017-02-06T18:23:22.990Z,-56.9594,-150.6163,10,5.3,mwb,,40,25.445,1.18,us,us20008hyt,2025-12-22T17:21:14.827Z,"Pacific-Antarctic Ridge",earthquake,12.4,1.7,0.103,9,reviewed,us,us
2017-02-06T18:18:59.970Z,-6.705,117.3939,559.6,4,mb,,103,3.661,0.75,us,us20008kig,2017-05-09T01:24:29.040Z,"189 km N of Pototano, Indonesia",earthquake,12.3,9.9,0.196,7,reviewed,us,us
2017-02-06T18:15:45.520Z,39.2923333,-123.1005,1.11,2.51,md,40,76,0.1781,0.06,nc,nc72760300,2017-02-08T01:17:02.729Z,"3 km SSE of Potter Valley, California",earthquake,0.13,0.81,0.179,29,reviewed,nc,nc
2017-02-06T18:10:21.880Z,50.9384,-178.1165,37.67,4.1,mb,,223,1.096,0.97,us,us20008hyq,2023-08-04T19:24:33.754Z,"146 km SW of Adak, Alaska",earthquake,8.2,6.8,0.065,65,reviewed,us,us
2017-02-06T17:33:44.990Z,-23.3553,-179.5724,537.96,4.6,mb,,106,6.009,0.8,us,us20008kik,2017-05-09T01:24:29.040Z,"south of the Fiji Islands",earthquake,11.5,14.6,0.111,24,reviewed,us,us
2017-02-06T17:03:06.530Z,30.6544,79.1645,16.05,5.1,mwb,,39,5.823,0.67,us,us20008hyg,2023-01-12T12:46:11.081Z,"36 km NW of P?palkoti, India",earthquake,7.9,3.2,0.059,28,reviewed,us,us
2017-02-06T16:43:41.370Z,2.2854,126.4948,54.03,4.4,mb,,95,1.737,0.47,us,us20008ki9,2017-05-09T01:24:29.040Z,"179 km WNW of Tobelo, Indonesia",earthquake,8.2,6.4,0.143,14,reviewed,us,us
2017-02-06T15:59:48.920Z,52.8566,-163.0512,15.2,3.1,ml,,,,0.71,us,us20008j47,2023-08-04T19:24:13.649Z,"223 km S of False Pass, Alaska",earthquake,7.1,9.2,0.148,6,reviewed,ak,us
2017-02-06T15:43:08.200Z,-37.391,178.5548,38.79,5,mb,,172,0.261,0.8,us,us20008hya,2017-05-09T01:24:28.040Z,"131 km ENE of Opotiki, New Zealand",earthquake,13.4,6.6,0.126,20,reviewed,us,us
2017-02-06T15:06:46.840Z,-19.3228,169.0827,110.67,4.3,mb,,120,2.363,0.83,us,us20008ki7,2017-05-09T01:24:28.040Z,"31 km NW of Isangel, Vanuatu",earthquake,14.4,7.1,0.267,4,reviewed,us,us
2017-02-06T14:53:10.890Z,-10.9077,165.9309,77.29,4.8,mb,,81,6.068,0.6,us,us20008ki6,2017-05-09T01:24:28.040Z,"24 km SE of Lata, Solomon Islands",earthquake,9,8.3,0.107,27,reviewed,us,us
2017-02-06T14:26:10.780Z,38.1643,22.0478,49.43,4.4,mb,,78,0.884,1.14,us,us20008kib,2017-05-09T01:24:28.040Z,"9 km SSW of Aígio, Greece",earthquake,1.9,10.5,0.149,13,reviewed,us,us
2017-02-06T14:08:50.370Z,38.5613333,-122.2833333,9.68,3,ml,108,82,0.124,0.18,nc,nc72760235,2017-05-09T01:24:28.040Z,"14 km E of Angwin, California",earthquake,0.17,0.48,0.219,48,reviewed,nc,nc
2017-02-06T14:02:38.580Z,38.5621667,-122.2853333,9.17,3.01,ml,100,100,0.1251,0.18,nc,nc72760230,2017-05-09T01:24:28.040Z,"14 km E of Angwin, California",earthquake,0.17,0.4,0.225,46,reviewed,nc,nc
2017-02-06T13:56:32.430Z,-16.2345,-176.5807,403.93,4.1,mb,,136,5.183,0.16,us,us20008kic,2017-05-09T01:24:28.040Z,"268 km SE of Alo, Wallis and Futuna",earthquake,17.9,7.9,0.214,6,reviewed,us,us
2017-02-06T13:49:34.560Z,5.4727,61.3413,10,4.6,mb,,94,11.656,0.79,us,us20008ki5,2017-05-09T01:24:28.040Z,"Carlsberg Ridge",earthquake,12.1,1.9,0.111,24,reviewed,us,us
2017-02-06T13:46:35.310Z,40.4762,50.6267,35,4.6,mb,,99,4.511,0.74,us,us20008hxg,2017-05-09T01:24:28.040Z,"25 km E of Pirallah?, Azerbaijan",earthquake,9.1,2,0.081,45,reviewed,us,us
2017-02-06T13:23:55.140Z,-56.9535,-150.4258,10,5.2,mb,,53,33.193,0.73,us,us20008ki4,2025-12-22T17:21:58.990Z,"Pacific-Antarctic Ridge",earthquake,15.5,1.8,0.106,29,reviewed,us,us
2017-02-06T13:02:45.140Z,3.4493,-74.6715,37.95,5.5,mww,,47,1.429,1.04,us,us20008hx7,2022-05-03T18:10:51.164Z,"16 km ENE of Colombia, Colombia",earthquake,6.3,3.3,0.044,49,reviewed,us,us
2017-02-06T12:54:31.620Z,39.3041,54.8382,8.54,4.6,mb,,104,7.828,1.02,us,us20008hx4,2017-05-09T01:24:28.040Z,"23 km ENE of Gumdag, Turkmenistan",earthquake,9.8,3.9,0.094,34,reviewed,us,us
2017-02-06T12:42:40.280Z,1.0368,123.8324,232.37,4.8,mb,,93,2.321,0.97,us,us20008hx3,2017-05-09T01:24:28.040Z,"101 km ENE of Gorontalo, Indonesia",earthquake,8.9,7.8,0.086,42,reviewed,us,us
2017-02-06T11:58:06.700Z,33.6378,142.4697,16.87,5,mb,,110,2.282,0.65,us,us20008hwy,2017-05-09T01:24:28.040Z,"259 km SE of Katsuura, Japan",earthquake,8,3.9,0.055,108,reviewed,us,us
2017-02-06T11:45:01.970Z,39.5394,26.1373,10,4.9,mb,,42,1.35,0.85,us,us20008hwu,2017-05-09T01:24:28.040Z,"17 km WNW of Behram, Turkey",earthquake,2,1.9,0.14,16,reviewed,us,us
2017-02-06T11:04:34.200Z,36.3193,-96.9792,4.528,2.9,ml,,17,,0.43,us,us20008i24,2017-05-09T01:24:28.040Z,"3 km NE of Morrison, Oklahoma",earthquake,1.5,5.4,,,reviewed,tul,tul
2017-02-06T10:58:02.270Z,39.5734,26.0755,7.21,5.2,mww,,33,1.32,1.01,us,us20008hwm,2022-05-03T18:10:46.472Z,"23 km WNW of Behram, Turkey",earthquake,4.4,3.5,0.061,26,reviewed,us,us
2017-02-06T10:25:57.050Z,-4.6179,151.5301,249.89,4.4,mb,,85,0.583,0.78,us,us20008ki8,2017-05-09T01:24:28.040Z,"84 km WSW of Rabaul, Papua New Guinea",earthquake,11.4,5.7,0.086,42,reviewed,us,us
2017-02-06T10:16:24.940Z,-8.9865,-108.2803,10,4.5,mb,,169,19.727,0.96,us,us20008ki0,2026-02-04T20:33:02.072Z,"central East Pacific Rise",earthquake,13.8,1.9,0.124,27,reviewed,us,us
2017-02-06T10:08:42.880Z,20.0566667,-156.6133333,42.72,3.01,ml,28,231,,0.33,hv,hv61595526,2020-07-06T21:01:54.180Z,"68 km SSW of M?kena, Hawaii",earthquake,1.59,3.94,0.15,19,reviewed,hv,hv
2017-02-06T10:02:40.670Z,53.6525,-168.4211,277.71,3,ml,,172,0.729,0.8,us,us20008j44,2023-08-04T19:23:04.257Z,"84 km NNE of Nikolski, Alaska",earthquake,19.4,14.6,,,reviewed,us,ak
2017-02-06T08:53:10.610Z,-25.2555,-178.0358,463.15,4.3,mb,,126,3.975,1.06,us,us20008khx,2017-05-09T01:24:28.040Z,"south of the Fiji Islands",earthquake,14,10.9,0.129,17,reviewed,us,us
2017-02-06T08:50:35.300Z,-9.7745,-108.958,10,4.6,mb,,87,29.267,1.17,us,us20008khz,2017-05-09T01:24:28.040Z,"central East Pacific Rise",earthquake,13.8,1.9,0.101,29,reviewed,us,us
2017-02-06T08:03:07.630Z,-20.9042,-68.9955,94.67,4.8,mwr,,30,0.48,1.09,us,us20008hw5,2017-05-09T01:24:28.040Z,"142 km ESE of Iquique, Chile",earthquake,2.2,4.8,0.053,34,reviewed,us,us
2017-02-06T07:47:05.390Z,31.6201667,-116.0078333,9.5,3.4,ml,13,155,0.2976,0.18,ci,ci37578663,2017-05-09T01:24:28.040Z,"54km ESE of Maneadero, B.C., MX",earthquake,0.38,1.28,0.165,200,reviewed,ci,ci
2017-02-06T07:44:41.470Z,38.4506,73.2384,131.53,4.2,mb,,70,1.549,0.92,us,us20008hw0,2017-05-09T01:24:28.040Z,"70 km WNW of Murghob, Tajikistan",earthquake,5.5,6.9,0.106,25,reviewed,us,us
2017-02-06T07:21:47.130Z,-1.4386,126.5789,22.79,4.1,mb,,113,2.332,0.66,us,us20008khv,2017-05-09T01:24:28.040Z,"262 km SSW of Ternate, Indonesia",earthquake,8.2,2.2,0.145,13,reviewed,us,us
2017-02-06T07:15:19.140Z,39.6529,54.8378,10,4.2,mb,,101,7.778,1.38,us,us20008khu,2017-05-09T01:24:28.040Z,"43 km ENE of Balkanabat, Turkmenistan",earthquake,9.5,2,0.141,14,reviewed,us,us
2017-02-06T07:12:50.190Z,48.7332,154.4433,65.64,4.4,mb,,93,4.84,0.8,us,us20008khw,2017-05-09T01:24:28.040Z,"247 km SSW of Severo-Kuril’sk, Russia",earthquake,10,7.8,0.061,77,reviewed,us,us
2017-02-06T07:00:16.900Z,17.9943,-65.1566,7,2.7,Md,4,158.4,0.33237666,0.2,pr,pr17037002,2017-02-06T07:57:34.384Z,"34 km ESE of Isabel Segunda, Puerto Rico",earthquake,0.9,1.8,0,4,reviewed,pr,pr
2017-02-06T06:24:52.090Z,36.1513,140.7777,47.03,4.4,mb,,158,1.714,0.95,us,us20008i0n,2017-05-09T01:24:28.040Z,"23 km NNE of Kashima-shi, Japan",earthquake,7.6,9.2,0.169,10,reviewed,us,us
2017-02-06T05:24:39.370Z,32.0126,83.978,10,4.6,mb,,63,4.44,1.37,us,us20008hvj,2017-05-09T01:24:28.040Z,"western Xizang",earthquake,7.8,1.9,0.076,51,reviewed,us,us
2017-02-06T05:23:38.105Z,61.7115,-148.1775,1.9,2.5,ml,,,,0.74,ak,ak0171pa00pe,2023-08-04T19:21:33.504Z,"17 km ESE of Chickaloon, Alaska",earthquake,,0.1,,,reviewed,ak,ak
2017-02-06T04:48:24.501Z,62.1321,-149.5618,57.7,2.6,ml,,,,0.53,ak,ak0171p9jwya,2023-08-04T19:21:13.869Z,"15 km ESE of Susitna North, Alaska",earthquake,,0.3,,,reviewed,ak,ak
2017-02-06T04:45:18.262Z,59.8418,-152.8696,100.8,3.8,ml,,,,0.66,ak,ak0171p9j9bm,2023-08-04T19:21:09.880Z,"58 km W of Anchor Point, Alaska",earthquake,,0.2,,,reviewed,ak,ak
2017-02-06T04:17:29.690Z,39.4891,26.1056,13.06,4.4,mb,,33,1.379,0.93,us,us20008hv5,2017-05-09T01:24:28.040Z,"14 km NNW of Míthymna, Greece",earthquake,5.7,6.2,0.202,7,reviewed,us,us
2017-02-06T03:51:40.640Z,39.5986,26.0647,10,5.3,mww,,33,1.295,0.65,us,us20008hv1,2022-05-03T18:12:03.225Z,"25 km WNW of Behram, Turkey",earthquake,4.5,1.7,0.047,43,reviewed,us,us
2017-02-06T03:05:27.500Z,18.7812,-65.1417,5,3.1,Md,12,262.8,0.48958183,0.31,pr,pr17037000,2017-05-09T01:24:28.040Z,"53 km NNW of Charlotte Amalie, U.S. Virgin Islands",earthquake,1.8,1.8,0,9,reviewed,pr,pr
2017-02-06T02:27:28.050Z,38.4956,141.7575,55.3,4.5,mb,,142,0.986,0.6,us,us20008huu,2017-05-09T01:24:27.040Z,"40 km ENE of Ishinomaki, Japan",earthquake,7.8,7.9,0.08,46,reviewed,us,us
2017-02-06T02:13:25.980Z,51.8296,178.4416,118.5,2.9,ml,,,,0.31,us,us20008j3w,2023-08-04T19:20:40.287Z,"Rat Islands, Aleutian Islands, Alaska",earthquake,14.5,9.2,,,reviewed,ak,ak
2017-02-06T01:26:47.630Z,29.1348,130.0818,44.02,4.5,mb,,130,2.388,0.59,us,us20008khs,2017-05-09T01:24:27.040Z,"103 km NE of Naze, Japan",earthquake,3.2,8.4,0.095,32,reviewed,us,us
2017-02-06T00:30:28.970Z,42.6909,-111.7102,2.95,3.4,ml,,50,0.455,0.6,us,us20008hun,2017-05-09T01:24:27.040Z,"9 km WNW of Soda Springs, Idaho",earthquake,2.3,8.2,0.036,100,reviewed,us,us
2017-02-05T23:42:59.730Z,-6.4687,129.5439,117.46,4,mb,,93,2.3,1.11,us,us20008khl,2017-05-09T01:24:27.040Z,"Banda Sea",earthquake,8.1,6.1,0.212,6,reviewed,us,us
2017-02-05T23:21:13.100Z,36.557,70.4777,210.56,4.2,mb,,70,0.573,0.71,us,us20008hug,2017-05-09T01:24:27.040Z,"46 km SW of Jurm, Afghanistan",earthquake,6.1,5.2,0.132,16,reviewed,us,us
2017-02-05T22:52:30.364Z,57.2681,-156.6691,6.3,2.6,ml,,,,0.54,ak,ak0171nwr8nw,2023-08-04T19:19:42.820Z,"51 km ESE of Ugashik, Alaska",earthquake,,0.2,,,reviewed,ak,ak
2017-02-05T21:46:28.420Z,54.231,-35.2712,10,4.7,mb,,76,8.809,0.74,us,us20008hty,2017-05-09T01:24:27.040Z,"Reykjanes Ridge",earthquake,10.6,1.9,0.073,56,reviewed,us,us
2017-02-05T21:32:19.820Z,36.3843,141.8418,38.9,4.3,mb,,151,1.703,0.62,us,us20008khj,2017-05-09T01:24:27.040Z,"107 km ESE of Takahagi, Japan",earthquake,9.2,9.9,0.188,8,reviewed,us,us
2017-02-05T21:25:47.390Z,44.7973333,-113.023,3.49,3.13,ml,39,64,0.128,0.24,mb,mb80198479,2021-05-13T22:00:49.098Z,"29 km ENE of Leadore, Idaho",earthquake,0.43,0.93,0.345,24,reviewed,mb,mb
2017-02-05T21:15:43.147Z,54.8515,-159.4271,26.8,2.8,ml,,,,0.72,ak,ak0171nvxwju,2023-08-04T19:19:25.825Z,"87 km SE of Sand Point, Alaska",earthquake,,14.3,,,reviewed,ak,ak
2017-02-05T21:02:34.790Z,43.9574,-105.56,0,2.9,ml,,90,1.111,0.73,us,us10008jge,2017-05-09T01:24:27.040Z,"23 km NNW of Wright, Wyoming",mining explosion,3,1.8,0.055,43,reviewed,us,us
2017-02-05T19:47:28.130Z,39.3507,54.8469,10,4.6,mb,,101,7.827,0.9,us,us20008htg,2017-05-09T01:24:27.040Z,"27 km NE of Gumdag, Turkmenistan",earthquake,8.7,1.9,0.107,26,reviewed,us,us
2017-02-05T19:40:21.377Z,61.7294,-148.2274,4.7,2.5,ml,,,,0.67,ak,ak0171nuwck9,2023-08-04T19:19:14.436Z,"14 km ESE of Chickaloon, Alaska",earthquake,,0.1,,,reviewed,ak,ak
2017-02-05T18:58:34.190Z,-21.2043,-68.9189,130.86,4.3,mwr,,44,0.554,1.48,us,us20008htd,2017-05-09T01:24:27.040Z,"138 km N of Calama, Chile",earthquake,5.4,7.3,,,reviewed,us,guc
2017-02-05T18:44:15.610Z,61.7259,-148.2362,1.4,2.7,ml,,,,0.79,ak,ak0171nubrdl,2023-08-18T19:40:57.242Z,"14 km ESE of Chickaloon, Alaska",earthquake,,0.2,,,reviewed,ak,ak
2017-02-05T18:09:40.600Z,36.6834,-97.6615,8.124,2.6,ml,,51,,0.29,us,us20008ht5,2017-05-09T01:24:27.040Z,"9 km W of Lamont, Oklahoma",earthquake,1.3,5,,,reviewed,tul,tul
2017-02-05T17:54:40.286Z,66.3241,-162.3021,6.7,3.4,ml,,,,0.83,ak,ak0171ntsiu4,2023-08-04T19:18:47.172Z,"33 km NE of Deering, Alaska",earthquake,,4.3,,,reviewed,ak,ak
2017-02-05T17:34:31.670Z,1.7616,126.0825,57.68,4.3,mb,,117,1.617,1.42,us,us20008khd,2017-05-09T01:24:27.040Z,"126 km ENE of Laikit, Laikit II (Dimembe), Indonesia",earthquake,12.1,8.9,0.142,14,reviewed,us,us
2017-02-05T16:19:08.810Z,39.2449,54.8893,10,4.3,mb,,185,7.877,1.19,us,us20008kha,2017-05-09T01:24:27.040Z,"26 km E of Gumdag, Turkmenistan",earthquake,9.3,2,0.188,8,reviewed,us,us
2017-02-05T15:59:09.040Z,39.2982,54.7342,10,5,mb,,51,7.749,0.58,us,us20008hsv,2017-05-09T01:24:27.040Z,"16 km NE of Gumdag, Turkmenistan",earthquake,5.6,1.8,0.044,166,reviewed,us,us
2017-02-05T15:07:55.660Z,6.7542,127.0796,74.34,4.2,mb,,127,1.522,0.71,us,us20008kh9,2017-05-09T01:24:27.040Z,"76 km ESE of San Ignacio, Philippines",earthquake,11.2,9.5,0.159,11,reviewed,us,us
2017-02-05T14:44:48.361Z,61.4083,-140.2776,0.2,2.5,ml,,,,0.68,ak,ak0171nry3hg,2023-08-04T19:17:59.168Z,"141 km E of McCarthy, Alaska",earthquake,,0.2,,,reviewed,ak,ak
2017-02-05T14:09:46.681Z,59.9101,-153.5506,134.1,2.9,ml,,,,0.59,ak,ak0171nrqlak,2023-08-04T19:17:48.401Z,"34 km ENE of Pedro Bay, Alaska",earthquake,,0.3,,,reviewed,ak,ak
2017-02-05T13:49:42.590Z,13.0793,143.4281,203.01,4.4,mb,,42,1.49,0.67,us,us20008khg,2017-05-09T01:24:27.040Z,"136 km W of Umatac Village, Guam",earthquake,8.7,6.6,0.051,110,reviewed,us,us
2017-02-05T13:46:25.700Z,39.258,54.8155,10,5.2,mb,,45,7.818,0.83,us,us20008hsc,2017-05-09T01:24:27.040Z,"20 km ENE of Gumdag, Turkmenistan",earthquake,7.4,1.8,0.041,191,reviewed,us,us
2017-02-05T13:28:38.710Z,18.2382,-63.1462,37.51,3.6,ml,,199,0.198,0.32,us,us20008hua,2017-05-09T01:24:27.040Z,"7 km NW of Sandy Ground Village, Anguilla",earthquake,3.7,23.7,0.055,43,reviewed,us,us
2017-02-05T13:16:30.420Z,39.0719,54.824,17.93,4.3,mb,,185,7.858,1,us,us20008kh6,2017-05-09T01:24:27.040Z,"25 km SE of Gumdag, Turkmenistan",earthquake,13,7.7,0.187,8,reviewed,us,us
2017-02-05T13:12:05.360Z,-4.9317,148.0879,10,4.1,mb,,158,4.538,0.82,us,us20008kh5,2017-05-09T01:24:27.040Z,"181 km N of Finschhafen, Papua New Guinea",earthquake,20.5,1.9,0.212,6,reviewed,us,us
2017-02-05T12:17:20.050Z,39.2009,54.9033,26.87,4.2,mb,,105,7.895,0.85,us,us20008hs4,2017-05-09T01:24:27.040Z,"27 km E of Gumdag, Turkmenistan",earthquake,10,6.8,0.128,17,reviewed,us,us
2017-02-05T12:00:00.429Z,61.507,-149.8562,35.1,2.8,ml,,,,0.58,ak,ak0171nqhp2i,2023-08-04T19:17:27.794Z,"5 km ESE of Big Lake, Alaska",earthquake,,0.3,,,reviewed,ak,ak
2017-02-05T11:26:31.450Z,-14.1242,167.3264,235.31,4.4,mb,,200,7.948,0.39,us,us20008kh1,2017-05-09T01:24:27.040Z,"36 km SW of Sola, Vanuatu",earthquake,17.1,12.9,0.19,8,reviewed,us,us
2017-02-05T11:14:13.160Z,0.2861,121.9483,195.54,4.6,mb,,136,1.425,0.7,us,us20008kh2,2017-05-09T01:24:27.040Z,"127 km WSW of Gorontalo, Indonesia",earthquake,6.6,9.8,0.112,24,reviewed,us,us
2017-02-05T11:05:33.970Z,-42.7363,172.7954,24.52,4.5,mb,,83,0.29,1,us,us20008hs0,2017-05-09T01:24:27.040Z,"46 km N of Amberley, New Zealand",earthquake,3.9,7.6,0.271,4,reviewed,us,us
2017-02-05T10:50:09.080Z,-4.278,153.558,129.32,4.2,mb,,306,1.393,0.6,us,us20008kh0,2017-05-09T01:24:27.040Z,"143 km E of Kokopo, Papua New Guinea",earthquake,16.9,22.2,0.176,9,reviewed,us,us
2017-02-05T10:39:40.220Z,39.2718,54.9189,25.89,4.1,mb,,115,7.895,1.27,us,us20008hrx,2017-05-09T01:24:27.040Z,"29 km ENE of Gumdag, Turkmenistan",earthquake,6.8,8.6,0.151,12,reviewed,us,us
2017-02-05T10:34:51.560Z,36.1973,31.1277,59.52,4.4,mb,,136,1.126,0.67,us,us20008hrv,2017-05-09T01:24:27.040Z,"63 km ESE of Tekirova, Turkey",earthquake,6.1,11.2,0.219,6,reviewed,us,us
2017-02-05T10:23:23.030Z,53.6632,-163.4866,31.41,3,ml,,231,1.196,1.02,us,us20008j99,2023-08-04T19:17:03.531Z,"132 km S of False Pass, Alaska",earthquake,11.1,24.9,0.148,6,reviewed,us,us
2017-02-05T09:54:40.800Z,-5.0291,39.2566,14.98,4.5,mb,,148,2.915,0.58,us,us20008kgz,2017-05-09T01:24:27.040Z,"18 km ENE of Tanga, Tanzania",earthquake,15.9,5.9,0.157,12,reviewed,us,us
2017-02-05T09:43:47.900Z,-20.095,-177.5856,525.76,4.1,mb,,137,4.744,0.44,us,us20008kh3,2017-05-09T01:24:27.040Z,"273 km WNW of Haveluloto, Tonga",earthquake,17.6,21.2,0.174,9,reviewed,us,us
2017-02-05T09:35:58.470Z,-45.4707,166.3252,10.17,4.8,mb,,108,0.582,1.1,us,us20008hrr,2022-05-03T18:10:41.334Z,"109 km W of Te Anau, New Zealand",earthquake,8.7,5.9,0.149,14,reviewed,us,us
2017-02-05T09:29:08.860Z,-30.1195,-179.4957,319.09,4,mb,,267,8.96,0.77,us,us20008kgy,2017-05-09T01:24:27.040Z,"Kermadec Islands region",earthquake,23.9,20,0.298,3,reviewed,us,us
2017-02-05T08:59:28.300Z,18.2931,-67.3983,6,2.6,Md,12,147.6,0.1176793,0.49,pr,pr17036002,2017-05-09T01:24:27.040Z,"16 km WSW of Stella, Puerto Rico",earthquake,1.2,1.7,0,10,reviewed,pr,pr
2017-02-05T08:55:40.230Z,-28.2557,-67.4544,123.1,4.4,mb,,40,2.053,0.9,us,us20008hrq,2017-05-09T01:24:27.040Z,"23 km SSE of Tinogasta, Argentina",earthquake,7.5,7.3,0.139,15,reviewed,us,us
2017-02-05T08:09:01.030Z,32.3621667,-115.3755,15.3,3.29,ml,27,131,0.08262,0.29,ci,ci37578223,2017-05-09T01:24:27.040Z,"17km W of Delta, B.C., MX",earthquake,0.6,0.84,0.18,210,reviewed,ci,ci
2017-02-05T07:26:33.970Z,0.0212,123.6233,100.42,4,mb,,93,1.356,0.34,us,us20008kh4,2017-05-09T01:24:27.040Z,"84 km SE of Gorontalo, Indonesia",earthquake,9.6,12.1,0.173,9,reviewed,us,us
2017-02-05T07:11:20.890Z,-36.9053,-96.0156,10,5.2,mb,,46,18.037,0.74,us,us20008hrc,2025-12-22T17:21:14.136Z,"West Chile Rise",earthquake,12.2,1.8,0.03,367,reviewed,us,us
2017-02-05T06:34:47.840Z,-20.9807,170.1501,93.54,4,mb,,169,2.039,0.59,us,us20008kgv,2017-05-09T01:24:26.040Z,"183 km SSE of Isangel, Vanuatu",earthquake,11.6,6.7,0.184,8,reviewed,us,us
2017-02-05T06:16:23.900Z,19.1236,-67.5828,41,3,Md,8,302.4,0.74111011,0.44,pr,pr17036001,2017-05-09T01:24:26.040Z,"86 km NW of San Antonio, Puerto Rico",earthquake,4.5,14.5,0,8,reviewed,pr,pr
2017-02-05T05:19:44.140Z,-37.2904,-17.2744,10,4.5,mb,,83,23.575,0.63,us,us20008khn,2017-05-09T01:24:26.040Z,"southern Mid-Atlantic Ridge",earthquake,7.6,1.9,0.121,20,reviewed,us,us
2017-02-05T04:38:56.730Z,-6.061,130.7246,124.89,4.3,mb,,77,1.992,1.26,us,us20008hr0,2017-05-09T01:24:26.040Z,"229 km WSW of Tual, Indonesia",earthquake,4.1,10.8,0.161,11,reviewed,us,us
2017-02-05T03:23:52.900Z,52.7185,-166.668,4.1,2.5,ml,,,,0.29,ak,ak0171nl9u56,2023-08-04T19:14:07.674Z,"128 km S of Unalaska, Alaska",earthquake,,1.3,,,reviewed,ak,ak
2017-02-05T02:22:08.100Z,76.0571,-121.1635,10,4.2,mb,,47,4.244,1.1,us,us20008hqm,2017-05-09T01:24:26.040Z,"Prince Patrick Island, Northwest Territories, Canada",earthquake,8.1,1.9,0.077,47,reviewed,us,us
2017-02-05T00:28:52.300Z,17.773,-68.7764,125,3.7,Md,14,338.4,1.3753207,0.56,pr,pr17036000,2017-05-09T01:24:26.040Z,"69 km SSW of Boca de Yuma, Dominican Republic",earthquake,7.2,5,0,9,reviewed,pr,pr
2017-02-05T00:16:53.890Z,40.2206,142.3591,57.11,4.2,mb,,154,1.138,0.86,us,us20008kgu,2017-05-09T01:24:26.040Z,"73 km NNE of Miyako, Japan",earthquake,6.2,3.6,0.125,18,reviewed,us,us
2017-02-05T00:13:33.990Z,40.6531,19.6669,12.12,4,mb,,41,0.225,1.06,us,us20008hqf,2017-05-09T01:24:26.040Z,"1 km NE of Patos Fshat, Albania",earthquake,5.2,5.2,0.233,5,reviewed,us,us
2017-02-04T23:47:05.990Z,36.6571667,-121.2741667,2.8,2.53,md,48,66,0.009291,0.05,nc,nc72759860,2017-02-08T02:26:03.162Z,"15 km SSE of Tres Pinos, California",earthquake,0.11,0.18,0.176,78,reviewed,nc,nc
2017-02-04T22:38:48.186Z,59.6988,-152.7009,91.8,2.5,ml,,,,0.55,ak,ak0171m94xiq,2023-08-04T19:13:30.433Z,"49 km W of Anchor Point, Alaska",earthquake,,0.2,,,reviewed,ak,ak
2017-02-04T22:26:55.000Z,39.5132,73.5147,10,4.2,mb,,71,2.535,1.36,us,us20008hq5,2017-04-27T01:38:44.040Z,"107 km E of Kyzyl-Eshme, Kyrgyzstan",earthquake,3.5,1.9,0.159,11,reviewed,us,us
2017-02-04T22:05:02.010Z,-30.2046,-177.5827,10,4.9,mb,,121,1.002,0.68,us,us20008hpx,2025-12-22T17:21:41.205Z,"Kermadec Islands, New Zealand",earthquake,7.1,1.8,0.096,34,reviewed,us,us
2017-02-04T21:40:24.900Z,18.8269,-65.1828,59,3.2,Md,12,295.2,0.52461613,0.37,pr,pr17035004,2017-04-27T01:38:44.040Z,"59 km NNE of Culebra, Puerto Rico",earthquake,3.7,5.2,0,11,reviewed,pr,pr
2017-02-04T21:11:03.552Z,62.9187,-149.63,76.5,2.6,ml,,,,0.54,ak,ak0171m8dm4z,2023-08-04T19:13:20.817Z,"57 km NNE of Chase, Alaska",earthquake,,0.3,,,reviewed,ak,ak
2017-02-04T21:07:30.100Z,53.5033,-165.3026,45.2,2.5,ml,,,,0.39,us,us20008j3m,2023-08-04T19:13:18.984Z,"76 km SSE of Akutan, Alaska",earthquake,7.3,10.1,,,reviewed,ak,ak
2017-02-04T19:25:14.740Z,-33.1052,-69.6361,9.01,4.1,mb,,69,0.602,0.83,us,us20008hpf,2017-04-27T01:38:44.040Z,"79 km WSW of Mendoza, Argentina",earthquake,3,6.6,0.262,4,reviewed,us,us
2017-02-04T19:17:36.140Z,-5.751,152.5399,10,4.2,mb,,201,1.523,0.62,us,us20008kfv,2017-04-27T01:38:44.040Z,"158 km S of Kokopo, Papua New Guinea",earthquake,6.3,1.9,0.175,9,reviewed,us,us
2017-02-04T19:17:08.430Z,-20.3324,-178.4609,580.01,4.7,mb,,53,4.183,0.98,us,us20008hpe,2017-04-27T01:38:44.040Z,"Fiji region",earthquake,10.4,6.5,0.048,129,reviewed,us,us
2017-02-04T18:52:33.960Z,-23.3512,-175.3005,10,4.7,mb,,112,6.573,0.77,us,us20008kft,2017-04-27T01:38:44.040Z,"226 km S of ‘Ohonua, Tonga",earthquake,7.9,1.9,0.247,6,reviewed,us,us
2017-02-04T18:31:46.930Z,-16.0259,168.1214,169.45,4.9,mb,,143,5.426,0.75,us,us20008hpa,2017-04-27T01:38:44.040Z,"Vanuatu",earthquake,10.9,8.8,0.061,85,reviewed,us,us
2017-02-04T18:02:34.980Z,5.7475,124.7237,53.85,4.8,mb,,73,1.564,0.68,us,us20008hp6,2017-04-27T01:38:44.040Z,"19 km SW of Katubao, Philippines",earthquake,6.7,7.3,0.051,118,reviewed,us,us
2017-02-04T17:34:36.230Z,31.3034,49.4678,40.08,4.2,mb,,70,8.512,0.71,us,us20008hp4,2017-04-27T01:38:44.040Z,"13 km WNW of R?mhormoz, Iran",earthquake,7,5.5,0.071,59,reviewed,us,us
2017-02-04T15:01:24.020Z,64.2596,-146.9929,14.5,2.5,ml,,,,0.74,ak,ak0171m4qwxe,2023-08-04T19:12:09.488Z,"22 km WSW of Harding-Birch Lakes, Alaska",earthquake,,0.2,,,reviewed,ak,ak
2017-02-04T14:46:19.000Z,36.4563,-98.7671,7.023,2.6,ml,,62,,0.5,us,us20008hnl,2017-04-27T01:38:44.040Z,"17 km SE of Waynoka, Oklahoma",earthquake,1.4,5.6,,,reviewed,tul,tul
2017-02-04T13:54:33.270Z,-6.4108,149.4568,62.95,4.2,mb,,150,3.482,0.7,us,us20008kfp,2017-04-27T01:38:44.040Z,"24 km SSW of Kandrian, Papua New Guinea",earthquake,9.1,12.2,0.141,14,reviewed,us,us
2017-02-04T13:44:32.570Z,35.6969,81.777,10,4.6,mb,,120,6.775,1.08,us,us20008hnj,2017-04-27T01:38:44.040Z,"227 km SE of Hotan, China",earthquake,10.4,1.9,0.114,23,reviewed,us,us
2017-02-04T12:39:40.400Z,-33.788,178.9821,238.38,4.1,mb,,183,3.806,0.86,us,us20008kfs,2017-04-27T01:38:44.040Z,"south of the Kermadec Islands",earthquake,17.3,9,0.165,10,reviewed,us,us
2017-02-04T12:21:20.630Z,-33.0197,-178.5457,60.96,4.5,mb,,235,5.211,1.02,us,us20008kfl,2017-04-27T01:38:44.040Z,"south of the Kermadec Islands",earthquake,14,10.2,0.14,15,reviewed,us,us
2017-02-04T12:11:51.390Z,-9.0096,106.0735,37.1,4.2,mb,,76,4.534,0.69,us,us20008kfm,2017-04-27T01:38:44.040Z,"229 km SSW of Pelabuhanratu, Indonesia",earthquake,9.5,4.5,0.167,10,reviewed,us,us
2017-02-04T11:20:24.950Z,14.6321,55.8151,10,4.3,mb,,136,10.266,0.88,us,us20008kfk,2017-04-27T01:38:44.040Z,"293 km NE of Hadibu, Yemen",earthquake,10.6,1.9,0.142,14,reviewed,us,us
2017-02-04T11:19:41.900Z,36.8792,-98.0093,7.4,3.2,ml,,99,,0.49,us,us20008hn1,2017-04-27T01:38:44.040Z,"7 km W of Wakita, Oklahoma",earthquake,1.7,4,,,reviewed,tul,tul
2017-02-04T11:16:55.470Z,-23.8412,-179.8379,521.43,4.5,mb,,108,6.378,1.02,us,us20008kfj,2017-04-27T01:38:44.040Z,"south of the Fiji Islands",earthquake,5.3,14.1,0.102,28,reviewed,us,us
2017-02-04T10:29:09.210Z,-40.3223,174.434,94.55,4.2,mwr,,56,0.895,0.71,us,us20008hmz,2017-04-27T01:38:44.040Z,"62 km S of Patea, New Zealand",earthquake,5.3,7.3,0.054,33,reviewed,us,us
2017-02-04T10:11:02.230Z,51.5212,-175.2401,35.8,2.8,ml,,,,0.55,ak,ak0171m1tudr,2023-08-04T19:10:51.621Z,"103 km SW of Atka, Alaska",earthquake,,5,,,reviewed,ak,ak
2017-02-04T08:45:51.440Z,-6.5515,128.1051,318.03,4.4,mb,,85,3.472,0.5,us,us20008hmn,2017-04-27T01:38:44.040Z,"249 km NNE of Lospalos, Timor Leste",earthquake,6.8,7.5,0.107,25,reviewed,us,us
2017-02-04T07:54:30.010Z,16.0224,-92.9452,164.6,4.4,mb,,63,0.411,1.38,us,us20008hmc,2017-04-27T01:38:44.040Z,"3 km ESE of Nuevo Vicente Guerrero, Mexico",earthquake,6.3,6.1,0.091,35,reviewed,us,us
2017-02-04T06:44:30.940Z,-31.4597,-66.2021,136.02,4.1,mb,,58,1.744,0.98,us,us20008hm1,2017-04-27T01:38:44.040Z,"75 km NNW of Candelaria, Argentina",earthquake,4.5,10.6,0.198,7,reviewed,us,us
2017-02-04T04:12:09.560Z,-10.3754,161.0728,35.34,4.7,mb,,63,1.447,0.58,us,us20008hlj,2017-04-27T01:38:44.040Z,"93 km W of Kirakira, Solomon Islands",earthquake,4.6,6.2,0.075,54,reviewed,us,us
2017-02-04T03:12:49.590Z,33.8973333,-116.2128333,7.75,2.5,ml,72,61,0.04315,0.15,ci,ci37577783,2017-02-08T19:42:38.967Z,"18km ENE of Thousand Palms, CA",earthquake,0.14,0.41,0.118,112,reviewed,ci,ci
2017-02-04T03:08:18.720Z,53.1994,-166.8387,35.13,2.9,ml,,219,0.677,0.12,us,us20008j3f,2023-08-04T19:09:39.110Z,"77 km SSW of Unalaska, Alaska",earthquake,9.7,4.7,,,reviewed,us,ak
2017-02-04T02:17:38.890Z,-2.5829,139.8533,41.69,4.7,mb,,49,7.603,0.76,us,us20008hku,2017-04-27T01:38:43.040Z,"86 km W of Abepura, Indonesia",earthquake,10.2,6.4,0.079,48,reviewed,us,us
2017-02-04T01:36:37.430Z,1.3649,97.1491,25.5,4.2,mb,,214,0.43,0.88,us,us20008kfd,2017-04-27T01:38:43.040Z,"124 km SW of Singkil, Indonesia",earthquake,10.5,8.7,0.166,10,reviewed,us,us
2017-02-04T00:48:32.900Z,18.3614,-64.7583,8,2.8,Md,3,342,0.50036161,0.11,pr,pr17035000,2017-02-04T03:33:47.492Z,"5 km NE of Cruz Bay, U.S. Virgin Islands",earthquake,3.2,0.9,0,3,reviewed,pr,pr
2017-02-03T23:49:14.630Z,-4.2981,143.0383,64.64,4.5,mb,,67,6.517,0.5,us,us20008k94,2017-04-27T01:38:43.040Z,"26 km ESE of Ambunti, Papua New Guinea",earthquake,12.1,9.2,0.121,20,reviewed,us,us
2017-02-03T23:15:01.530Z,-6.1184,154.471,35,4.6,mb,,61,2.991,0.92,us,us20008hnd,2017-04-27T01:38:43.040Z,"114 km W of Panguna, Papua New Guinea",earthquake,4.8,2,0.074,55,reviewed,us,us
2017-02-03T22:12:15.700Z,17.8948,-65.8872,18,2.5,Md,5,230.4,0.22008724,0.23,pr,pr17034006,2017-02-03T22:59:26.913Z,"11 km S of Emajagua, Puerto Rico",earthquake,1.2,1.8,0,4,reviewed,pr,pr
2017-02-03T21:22:46.340Z,2.2514,126.9574,47.42,4.3,mb,,113,1.525,0.68,us,us20008k92,2017-04-27T01:38:43.040Z,"130 km WNW of Tobelo, Indonesia",earthquake,9.9,7.9,0.107,25,reviewed,us,us
2017-02-03T20:33:08.160Z,2.4226,-77.7205,92.3,4.2,mb,,88,1.161,0.77,us,us20008k90,2017-04-27T01:38:43.040Z,"24 km SE of Guapí, Colombia",earthquake,8.8,7.5,0.215,7,reviewed,us,us
2017-02-03T20:26:18.720Z,-11.1391,116.2387,32.76,4.3,mb,,121,3.355,1.25,us,us20008k8y,2017-04-27T01:38:43.040Z,"267 km S of Lembar, Indonesia",earthquake,7.7,6.1,0.154,12,reviewed,us,us
2017-02-03T20:17:11.490Z,14.6952,-92.662,61.82,4.6,mb,,131,0.438,1.13,us,us20008hhs,2017-04-27T01:38:43.040Z,"26 km W of Puerto Madero, Mexico",earthquake,5.3,6.9,0.048,132,reviewed,us,us
2017-02-03T20:07:33.950Z,19.5186667,-155.6246667,6.58,2.88,ml,49,59,,0.17,hv,hv61591556,2020-07-06T21:02:07.500Z,"26 km ENE of Honaunau-Napoopoo, Hawaii",earthquake,0.35,0.53,0.152,38,reviewed,hv,hv
2017-02-03T19:54:22.550Z,15.0701,-60.5254,44,5.8,mww,,34,0.448,0.82,us,us20008hh9,2022-05-03T18:10:35.615Z,"59 km ENE of Sainte-Marie, Martinique",earthquake,4.1,1.9,,,reviewed,us,us
2017-02-03T19:44:24.000Z,-19.6166,-177.4175,572.93,4.3,mb,,154,4.679,0.83,us,us20008k8w,2017-04-27T01:38:43.040Z,"286 km NW of Haveluloto, Tonga",earthquake,17.2,16.4,0.142,16,reviewed,us,us
2017-02-03T19:41:52.750Z,-17.8584,-178.301,611.82,4.2,mb,,254,3.475,0.64,us,us20008k8x,2017-04-27T01:38:43.040Z,"253 km E of Levuka, Fiji",earthquake,24.3,16.2,0.167,10,reviewed,us,us
2017-02-03T19:20:09.440Z,-9.2726,-108.4931,10,4.6,mb,,159,38.144,1.11,us,us20008k93,2017-04-27T01:38:43.040Z,"central East Pacific Rise",earthquake,15.6,1.9,0.065,71,reviewed,us,us
2017-02-03T19:02:51.090Z,-24.2736,-179.6116,446.83,4.3,mb,,209,17.771,1.01,us,us20008k8v,2017-04-27T01:38:43.040Z,"south of the Fiji Islands",earthquake,19.3,13.1,0.119,20,reviewed,us,us
2017-02-03T18:37:18.630Z,-15.7438,-177.3424,407.4,3.9,mb,,179,4.839,0.82,us,us20008k8u,2017-04-27T01:38:43.040Z,"178 km SSE of Alo, Wallis and Futuna",earthquake,16.8,9.9,0.142,13,reviewed,us,us
2017-02-03T18:07:37.680Z,-2.8106,102.2034,164.67,4.3,mb,,102,1.713,0.64,us,us20008k8s,2017-04-27T01:38:43.040Z,"81 km NNW of Curup, Indonesia",earthquake,5.8,7.7,0.101,28,reviewed,us,us
2017-02-03T17:57:12.180Z,-28.2141,-177.8014,175.2,4.3,mb,,140,1.033,0.44,us,us20008k8r,2017-04-27T01:38:43.040Z,"Kermadec Islands region",earthquake,11.3,9.1,0.188,8,reviewed,us,us
2017-02-03T17:42:04.330Z,47.5225,-92.6187,0,2.7,mb_lg,,97,0.868,0.77,us,us10008hrc,2017-04-27T01:38:43.040Z,"1 km SSE of Mountain Iron, Minnesota",mining explosion,2.8,2,0.228,5,reviewed,us,us
2017-02-03T17:08:51.692Z,59.6751,-153.3588,108.2,2.9,ml,,,,0.54,ak,ak0171kifzsh,2023-08-04T19:08:23.389Z,"43 km ESE of Pedro Bay, Alaska",earthquake,,0.1,,,reviewed,ak,ak
2017-02-03T16:18:21.740Z,40.242,-123.65,29.51,2.74,md,23,44,0.05998,0.08,nc,nc72759415,2017-02-04T07:27:44.103Z,"8 km NNW of Alderpoint, CA",earthquake,0.31,0.54,0.231,39,reviewed,nc,nc
2017-02-03T16:13:42.340Z,40.2385,-123.6468333,31.33,3.68,ml,27,44,0.05963,0.09,nc,nc72759410,2017-04-27T01:38:43.040Z,"7 km NNW of Alderpoint, California",earthquake,0.25,0.63,0.381,32,reviewed,nc,nc
2017-02-03T15:45:42.100Z,-15.6297,168.3745,159.76,4.1,mb,,143,5.829,0.66,us,us20008k8m,2017-04-27T01:38:43.040Z,"115 km ENE of Lakatoro, Vanuatu",earthquake,12.7,8.2,0.124,18,reviewed,us,us
2017-02-03T15:04:12.400Z,36.5297,-98.9761,5.982,3.2,ml,,74,,0.31,us,us20008hds,2017-04-27T01:38:43.040Z,"10 km NE of Quinlan, Oklahoma",earthquake,2.9,4.6,,,reviewed,tul,tul
2017-02-03T14:49:32.840Z,-5.8012,151.4254,68.85,4.3,mb,,152,1.76,0.74,us,us20008k8q,2017-04-27T01:38:43.040Z,"145 km E of Kimbe, Papua New Guinea",earthquake,10.7,7.6,0.126,18,reviewed,us,us
2017-02-03T14:28:06.790Z,17.885,-46.4543,10,4.7,mb,,246,20.677,0.46,us,us20008hdt,2017-04-27T01:38:43.040Z,"northern Mid-Atlantic Ridge",earthquake,20.1,2,0.123,20,reviewed,us,us
2017-02-03T14:15:33.960Z,37.3693,141.3087,24.95,4.8,mb,,130,0.647,0.61,us,us20008hdf,2017-04-27T01:38:43.040Z,"30 km ESE of Namie, Japan",earthquake,7.3,5.3,0.07,62,reviewed,us,us
2017-02-03T14:11:13.180Z,-32.3253,179.565,432.35,3.9,mb,,186,5.325,0.68,us,us20008k8k,2017-04-27T01:38:43.040Z,"south of the Kermadec Islands",earthquake,8.2,17.7,0.155,11,reviewed,us,us
2017-02-03T14:05:00.100Z,-11.4023,166.5911,134.55,4.6,mb,,273,9.362,0.57,us,us20008k8l,2017-04-27T01:38:43.040Z,"114 km SE of Lata, Solomon Islands",earthquake,23.3,18.1,0.146,14,reviewed,us,us
2017-02-03T13:37:46.210Z,-19.6542,179.5853,555.72,4.2,mb,,121,2.391,0.53,us,us20008k8j,2017-04-27T01:38:43.040Z,"177 km S of Levuka, Fiji",earthquake,16.5,13.5,0.141,14,reviewed,us,us
2017-02-03T13:35:40.260Z,44.7521667,-111.7275,11.61,3.37,ml,54,67,0.049,0.22,mb,mb80198369,2021-05-13T22:00:48.568Z,"42 km W of Hebgen Lake Estates, Montana",earthquake,0.32,0.49,0.455,25,reviewed,mb,mb
2017-02-03T13:25:16.720Z,51.5691,-167.5231,10,2.9,ml,,266,1.626,0.66,us,us20008ka6,2023-08-04T19:07:58.788Z,"177 km SSE of Nikolski, Alaska",earthquake,3.4,2,,,reviewed,us,ak
2017-02-03T13:16:26.910Z,-10.6701,161.8553,54.34,4.3,mb,,215,2.242,1.27,us,us20008k8i,2017-04-27T01:38:43.040Z,"24 km SSW of Kirakira, Solomon Islands",earthquake,16.2,13.9,0.154,12,reviewed,us,us
2017-02-03T13:09:32.900Z,-23.5313,-177.3446,224,4.3,mb,,121,5.714,1,us,us20008k8n,2017-04-27T01:38:43.040Z,"south of the Fiji Islands",earthquake,9.4,13.3,0.169,10,reviewed,us,us
2017-02-03T12:49:24.700Z,17.9132,-65.8188,9,2.7,Md,4,298.8,0.2290704,0.17,pr,pr17034004,2017-02-03T16:18:33.252Z,"11 km SE of Emajagua, Puerto Rico",earthquake,1.3,1.7,0,4,reviewed,pr,pr
2017-02-03T12:39:00.880Z,-5.1094,151.8151,106.86,4.7,mb,,45,0.976,0.78,us,us20008hda,2017-04-27T01:38:43.040Z,"98 km SSW of Kokopo, Papua New Guinea",earthquake,4.2,6.3,0.06,84,reviewed,us,us
2017-02-03T11:58:46.050Z,-6.4511,154.675,10,4.5,mb,,93,3.36,1.05,us,us20008k8f,2017-04-27T01:38:43.040Z,"90 km W of Panguna, Papua New Guinea",earthquake,10.7,1.9,0.085,41,reviewed,us,us
2017-02-03T11:58:33.990Z,36.2661,141.0768,36.93,4.3,mb,,151,1.616,1.15,us,us20008htv,2017-04-27T01:38:43.040Z,"near the east coast of Honshu, Japan",earthquake,7.5,8.1,0.111,23,reviewed,us,us
2017-02-03T11:47:47.530Z,-24.0646,-177.2927,157.95,4.6,mb,,123,5.19,0.72,us,us20008hcz,2017-04-27T01:38:43.040Z,"south of the Fiji Islands",earthquake,11.2,7.9,0.112,24,reviewed,us,us
2017-02-03T11:02:01.654Z,58.8807,-136.5372,9.8,2.7,ml,,,,0.59,ak,ak0171keu005,2023-08-04T19:07:53.018Z,"66 km SSW of Covenant Life, Alaska",earthquake,,0.2,,,reviewed,ak,ak
2017-02-03T10:47:38.220Z,-8.4613,121.6951,181.63,4.5,mb,,76,0.563,1.25,us,us20008hbv,2017-04-27T01:38:43.040Z,"42 km N of Ende, Indonesia",earthquake,8,5.9,0.131,17,reviewed,us,us
2017-02-03T10:41:53.440Z,19.3073333,-155.2138333,7.96,3.42,ml,52,98,,0.08,hv,hv61591031,2020-07-06T21:02:07.050Z,"15 km S of Volcano, Hawaii",earthquake,0.29,0.4,0.203,44,reviewed,hv,hv
2017-02-03T10:29:49.430Z,-8.1306,119.6653,168.28,5.1,mb,,50,2.594,1.19,us,us20008hbs,2025-12-22T16:52:07.377Z,"47 km NNW of Labuan Bajo, Indonesia",earthquake,7.1,4.4,0.06,88,reviewed,us,us
2017-02-03T10:00:06.400Z,36.8773,-97.432,7.964,2.6,ml,,71,,0.36,us,us20008hbn,2017-04-27T01:38:42.040Z,"8 km N of Nardin, Oklahoma",earthquake,0.9,5,,,reviewed,tul,tul
2017-02-03T09:20:02.250Z,-33.1702,-179.4858,60.97,4.6,mb,,161,4.133,0.61,us,us20008hdc,2017-04-27T01:38:42.040Z,"south of the Kermadec Islands",earthquake,8.9,12.4,0.125,19,reviewed,us,us
2017-02-03T05:54:25.700Z,18.6611,-66.4896,66,2.5,Md,10,212.4,0.3997503,0.15,pr,pr17034003,2017-02-03T08:02:54.360Z,"22 km N of Tierras Nuevas Poniente, Puerto Rico",earthquake,1.1,1.4,0,7,reviewed,pr,pr
2017-02-03T05:18:58.600Z,19.0163,-66.5084,55,2.8,Md,7,280.8,0.7051775,0.4,pr,pr17034001,2017-04-27T01:38:42.040Z,"61 km N of Tierras Nuevas Poniente, Puerto Rico",earthquake,4.4,8.8,0,5,reviewed,pr,pr
2017-02-03T05:13:22.940Z,-14.2983,166.741,38.71,4.9,mb,,152,6.644,0.8,us,us20008hap,2017-04-27T01:38:42.040Z,"89 km NNW of Port-Olry, Vanuatu",earthquake,4.4,7.7,0.104,29,reviewed,us,us
2017-02-03T04:36:12.930Z,40.1745,70.8094,21.9,4.7,mb,,41,1.628,0.75,us,us20008hal,2017-04-27T01:38:42.040Z,"12 km N of Batken, Kyrgyzstan",earthquake,5,4.1,0.066,71,reviewed,us,us
2017-02-03T04:10:06.930Z,43.0359,12.9281,10,4.3,mwr,,33,0.299,0.77,us,us20008haf,2017-04-27T01:38:42.040Z,"4 km SSW of Serravalle di Chienti, Italy",earthquake,5.1,1.9,0.043,51,reviewed,us,us
2017-02-03T03:47:56.550Z,42.9973,13.0465,10,4.1,mwr,,40,0.049,0.93,us,us20008hab,2017-04-27T01:38:42.040Z,"3 km E of Pie' del Sasso, Italy",earthquake,5.2,1.9,0.051,37,reviewed,us,us
2017-02-03T02:53:54.590Z,50.8556,178.2739,42.6,3.9,mb,,199,3.035,0.69,us,us20008hgu,2023-08-04T19:07:03.729Z,"Rat Islands, Aleutian Islands, Alaska",earthquake,21.1,16.3,0.085,36,reviewed,us,us
2017-02-03T02:37:56.550Z,-43.5502,170.3111,2.11,4.2,mwr,,84,0.36,0.8,us,us20008ha3,2017-04-27T01:38:42.040Z,"96 km NW of Geraldine, New Zealand",earthquake,2.5,5.9,0.051,37,reviewed,us,us
2017-02-03T01:41:26.376Z,64.4917,-152.414,20,3.5,ml,,,,0.89,ak,ak0171k942sd,2023-08-04T19:06:49.104Z,"68 km N of Lake Minchumina, Alaska",earthquake,,0.4,,,reviewed,ak,ak
2017-02-03T00:52:26.450Z,-33.0883,-69.7164,10,5.4,mww,,16,0.548,1.28,us,us20008h9r,2022-05-03T18:57:30.166Z,"85 km WSW of Mendoza, Argentina",earthquake,1.7,1.7,0.052,35,reviewed,us,us
2017-02-02T23:36:00.380Z,-29.303,-111.2852,10,4.9,mb,,76,2.687,0.47,us,us20008k7l,2017-04-27T01:38:42.040Z,"Easter Island region",earthquake,11,1.9,0.101,31,reviewed,us,us
2017-02-02T23:34:15.970Z,-16.1896,-174.2271,157.24,4.2,mb,,144,3.277,0.9,us,us20008k7m,2017-04-27T01:38:42.040Z,"52 km WSW of Hihifo, Tonga",earthquake,15.4,22.7,0.236,5,reviewed,us,us
2017-02-02T23:12:04.200Z,36.8852,-98.0073,7.127,2.5,ml,,87,,0.49,us,us20008h91,2017-04-27T01:38:42.040Z,"7 km W of Wakita, Oklahoma",earthquake,1.1,4,,,reviewed,tul,tul
2017-02-02T22:54:23.508Z,58.1955,-151.7851,46,3.6,ml,,,,0.89,ak,ak0171iy5m32,2023-08-04T19:06:35.786Z,"52 km NE of Ouzinkie, Alaska",earthquake,,0.3,,,reviewed,ak,ak
2017-02-02T21:37:50.790Z,-5.4854,152.5253,35,4.3,mb,,197,1.335,0.75,us,us20008k7j,2017-04-27T01:38:42.040Z,"129 km SSE of Kokopo, Papua New Guinea",earthquake,13.3,1.9,0.105,26,reviewed,us,us
2017-02-02T20:38:39.730Z,17.4649,-101.4369,27.21,4.3,mb,,195,0.143,1.09,us,us20008h7z,2017-04-27T01:38:42.040Z,"near the coast of Guerrero, Mexico",earthquake,3.8,6.3,0.04,177,reviewed,us,us
2017-02-02T20:10:59.040Z,3.1238,126.6513,55.9,4.3,mb,,102,2.443,0.79,us,us20008k7i,2017-04-27T01:38:42.040Z,"215 km NW of Tobelo, Indonesia",earthquake,9.6,5.4,0.142,14,reviewed,us,us
2017-02-02T20:05:41.667Z,60.4922,-152.3709,108,2.5,ml,,,,0.48,ak,ak0171iwoa6u,2023-08-04T19:06:14.289Z,"59 km WSW of Salamatof, Alaska",earthquake,,0.2,,,reviewed,ak,ak
2017-02-02T18:57:14.090Z,4.2235,126.8259,35,4.1,mb,,116,6.728,0.61,us,us20008k7f,2017-04-27T01:38:42.040Z,"199 km SE of Sarangani, Philippines",earthquake,6.8,2,0.165,10,reviewed,us,us
2017-02-02T18:35:50.350Z,39.8717,68.213,14.83,4.4,mb,,48,1.417,0.71,us,us20008g2n,2017-04-27T01:38:42.040Z,"18 km WSW of Zomin Shaharchasi, Uzbekistan",earthquake,7.4,4.8,0.094,33,reviewed,us,us
2017-02-02T18:33:49.380Z,52.5456,172.5903,35.78,4.2,mb,,201,0.937,0.58,us,us20008k7e,2017-04-27T01:38:42.040Z,"52 km SW of Attu Station, Alaska",earthquake,11.2,10.9,0.103,26,reviewed,us,us
2017-02-02T18:01:24.390Z,-28.951,-179.3474,411.43,4.2,mb,,150,10.685,0.53,us,us20008k7c,2017-04-27T01:38:42.040Z,"Kermadec Islands region",earthquake,6.8,11.1,0.104,26,reviewed,us,us
2017-02-02T17:46:40.320Z,7.7061,126.4562,80.15,4.3,mb,,131,1.075,0.71,us,us20008k7a,2017-04-27T01:38:42.040Z,"5 km WSW of Taytayan, Philippines",earthquake,9.8,7.7,0.097,30,reviewed,us,us
2017-02-02T17:38:32.920Z,35.3486,140.4032,59.01,4.5,mb,,153,1.941,0.47,us,us20008k7b,2017-04-27T01:38:42.040Z,"11 km N of ?hara, Japan",earthquake,7.3,7.5,0.156,12,reviewed,us,us
2017-02-02T17:30:44.220Z,53.9909,-166.2813,87.29,3.6,mb,,157,0.196,0.55,us,us20008ick,2023-08-04T19:05:47.115Z,"20 km ENE of Dutch Harbor, Alaska",earthquake,12.4,7.1,0.203,6,reviewed,us,us
2017-02-02T16:14:44.200Z,18.2777,-68.2034,144,3.4,Md,10,212.4,0.28925752,0.23,pr,pr17033003,2017-04-27T01:38:42.040Z,"39 km SSE of Punta Cana, Dominican Republic",earthquake,3.3,1.3,0,9,reviewed,pr,pr
2017-02-02T16:14:04.580Z,34.1275,-106.8816,13.01,2.7,ml,,54,0.062,0.41,us,us20008fx1,2017-04-27T01:38:42.040Z,"3 km NNE of Escondida, New Mexico",earthquake,5.3,6.9,0.128,8,reviewed,us,us
2017-02-02T16:05:56.190Z,-21.8272,-177.7709,392.04,4.2,mb,,116,5.652,0.74,us,us20008k79,2017-04-27T01:38:42.040Z,"275 km WSW of Haveluloto, Tonga",earthquake,16.9,20,0.113,22,reviewed,us,us
2017-02-02T15:48:16.800Z,18.607,-65.954,75,3.6,Md,15,208.8,0.32069856,0.23,pr,pr17033002,2017-04-27T01:38:42.040Z,"20 km NNW of Loíza, Puerto Rico",earthquake,1.5,1.2,0,12,reviewed,pr,pr
2017-02-02T15:34:23.260Z,-27.0751,-176.0459,10,4.9,mb,,124,2.727,1.06,us,us20008fwy,2017-04-27T01:38:42.040Z,"Kermadec Islands region",earthquake,10.4,1.8,0.077,53,reviewed,us,us
2017-02-02T13:46:30.690Z,36.5013,70.2643,220.96,4.4,mb,,78,0.671,0.45,us,us20008fwd,2017-04-27T01:38:42.040Z,"37 km ESE of Farkh?r, Afghanistan",earthquake,8.4,5.6,0.094,33,reviewed,us,us
2017-02-02T13:44:35.000Z,19.0007,-65.0544,38,3.2,Md,10,298.8,0.72224549,0.25,pr,pr17033001,2017-04-27T01:38:42.040Z,"74 km N of Charlotte Amalie, U.S. Virgin Islands",earthquake,2.6,9.5,0,8,reviewed,pr,pr
2017-02-02T13:23:37.390Z,20.0491667,-156.6778333,29.89,2.54,md,14,255,,0.2,hv,hv61589836,2020-07-06T21:02:10.380Z,"71 km SSW of M?kena, Hawaii",earthquake,2.85,7.4,0.046,6,reviewed,hv,hv
2017-02-02T13:21:44.067Z,56.1542,-154.2873,27.6,3.8,ml,,,,0.55,ak,ak0171isloli,2023-08-04T19:04:59.882Z,"88 km S of Akhiok, Alaska",earthquake,,0.7,,,reviewed,ak,ak
2017-02-02T11:18:36.020Z,-6.5341,115.6659,559.62,4.9,mb,,39,2.439,1.17,us,us20008fv2,2017-04-27T01:38:42.040Z,"185 km NNE of Singaraja, Indonesia",earthquake,9.5,7.6,0.079,50,reviewed,us,us
2017-02-02T10:30:44.030Z,19.2557,145.5311,179.44,4.8,mb,,77,5.67,0.71,us,us20008fv1,2017-04-27T01:38:42.040Z,"Maug Islands region, Northern Mariana Islands",earthquake,11,7.9,0.033,282,reviewed,us,us
2017-02-02T07:53:29.610Z,4.749,127.924,73.22,4.4,mb,,138,3.989,0.29,us,us20008k76,2017-04-27T01:38:42.040Z,"263 km SE of Pondaguitan, Philippines",earthquake,11.8,8.1,0.12,20,reviewed,us,us
2017-02-02T07:17:24.010Z,16.3486,-94.54,109.74,4,mb,,126,0.808,1.39,us,us10008644,2017-04-27T01:38:42.040Z,"2 km WNW of San Francisco del Mar, Mexico",earthquake,6,15.4,0.298,3,reviewed,us,us
2017-02-02T07:16:45.230Z,36.2763,-97.5113,1.53,2.9,mb_lg,,37,0.207,0.1,us,us20008fur,2017-04-27T01:38:42.040Z,"5 km W of Lucien, Oklahoma",earthquake,1,6.3,0.071,51,reviewed,us,us
2017-02-02T07:07:09.550Z,-32.7238,179.6099,286.75,4.4,mb,,140,4.944,0.9,us,us20008ful,2017-04-27T01:38:42.040Z,"south of the Kermadec Islands",earthquake,11.8,10.1,0.127,18,reviewed,us,us
2017-02-02T06:34:14.570Z,-5.8121,102.4199,33.81,4.7,mb,,92,1.537,0.55,us,us20008fuh,2017-04-27T01:38:42.040Z,"217 km SSW of Pagar Alam, Indonesia",earthquake,7.3,5.8,0.094,34,reviewed,us,us
2017-02-02T05:21:56.960Z,5.8563,126.9224,50.22,4,mb,,183,1.798,0.45,us,us20008k74,2017-04-27T01:38:41.040Z,"99 km SE of Pondaguitan, Philippines",earthquake,10.4,13.4,0.156,11,reviewed,us,us
2017-02-02T05:05:38.140Z,-38.0332,177.7831,63.52,4.9,mww,,139,0.626,0.93,us,us20008ftt,2022-05-03T18:10:26.743Z,"North Island of New Zealand",earthquake,4.6,5.3,0.089,12,reviewed,us,us
2017-02-02T04:48:33.020Z,-20.6844,-178.2468,571.15,4.2,mb,,137,4.557,0.5,us,us20008k73,2017-04-27T01:38:41.040Z,"Fiji region",earthquake,15.1,7.8,0.07,57,reviewed,us,us
2017-02-02T04:39:51.310Z,-11.6608,-77.2273,67.94,4.3,mb,,143,0.497,0.8,us,us20008fu6,2017-04-27T01:38:41.040Z,"10 km SSE of Chancay, Peru",earthquake,9.4,6.9,0.137,15,reviewed,us,us
2017-02-02T04:14:05.410Z,-19.9595,-69.175,97.67,4.4,mb,,41,0.29,0.6,us,us20008ftq,2017-04-27T01:38:41.040Z,"105 km ENE of Iquique, Chile",earthquake,4.4,7.7,0.204,7,reviewed,us,us
2017-02-02T03:43:14.417Z,61.6629,-151.8422,98.5,2.9,ml,,,,0.66,ak,ak0171ims00h,2023-08-04T19:03:35.971Z,"43 km SSW of Skwentna, Alaska",earthquake,,0.2,,,reviewed,ak,ak
2017-02-02T02:15:05.253Z,59.9119,-151.3074,39.3,2.5,ml,,,,0.63,ak,ak0171im0jnh,2023-08-04T19:03:28.535Z,"19 km N of Fritz Creek, Alaska",earthquake,,0.3,,,reviewed,ak,ak
2017-02-02T01:58:10.300Z,36.29,-97.5072,3.67,3.2,ml,,25,,0.36,us,us20008ftg,2017-04-27T01:38:41.040Z,"5 km WNW of Lucien, Oklahoma",earthquake,1,7.7,,,reviewed,tul,tul
2017-02-02T00:55:09.070Z,-18.793,-177.6276,602.27,4.3,mb,,130,4.234,0.57,us,us20008k6w,2017-04-27T01:38:41.040Z,"Fiji region",earthquake,14.8,11.9,0.119,20,reviewed,us,us
2017-02-02T00:52:08.430Z,17.4092,-101.0372,10,4.8,mb,,159,2.232,0.94,us,us20008fsu,2022-05-03T18:10:25.021Z,"3 km NNE of Coyuquilla Norte, Mexico",earthquake,8.9,1.9,0.048,134,reviewed,us,us
2017-02-02T00:34:33.470Z,28.1777,104.7993,33.37,4.6,mb,,84,4.605,0.45,us,us20008fsq,2017-04-27T01:38:41.040Z,"31 km SSE of Xunchang, China",earthquake,9.2,5.5,0.075,53,reviewed,us,us
2017-02-02T00:24:31.130Z,12.1716,141.1336,10,4.7,mb,,106,23.417,0.36,us,us20008k72,2017-04-27T01:38:41.040Z,"274 km NNE of Fais, Micronesia",earthquake,9.5,1.9,0.117,22,reviewed,us,us
2017-02-02T00:18:43.990Z,12.1145,141.027,9,5.6,mww,,18,4.022,0.77,us,us20008fsm,2022-05-03T18:10:19.631Z,"265 km NNE of Fais, Micronesia",earthquake,7.4,1.7,0.068,21,reviewed,us,us
2017-02-02T00:12:32.350Z,-17.1314,-174.169,117.14,4.7,mb,,64,3.946,0.62,us,us20008fsk,2017-04-27T01:38:41.040Z,"136 km SSW of Hihifo, Tonga",earthquake,10.2,7.3,0.084,43,reviewed,us,us
2017-02-01T23:41:19.140Z,38.5549,69.7456,7.17,4.1,mb,,88,0.469,1.13,us,us20008fse,2017-04-27T01:38:41.040Z,"18 km S of Obigarm, Tajikistan",earthquake,3.5,6.3,0.198,7,reviewed,us,us
2017-02-01T23:22:31.320Z,39.5922,-8.8651,10.86,3.6,ml,,192,0.706,0.34,us,us20008fs6,2017-04-27T01:38:41.040Z,"4 km WSW of Porto de Mós, Portugal",earthquake,5.7,7.3,0.091,16,reviewed,us,us
2017-02-01T23:12:28.460Z,38.5576,73.1269,115.78,4.1,mb,,68,2.24,1.32,us,us20008fs2,2017-04-27T01:38:41.040Z,"85 km WNW of Murghob, Tajikistan",earthquake,7.7,4.3,0.186,8,reviewed,us,us
2017-02-01T22:46:08.860Z,51.6205,-176.6701,157.6,2.5,ml,,,,0.58,ak,ak0171hakiqe,2023-08-04T19:02:39.150Z,"28 km S of Adak, Alaska",earthquake,,0.8,,,reviewed,ak,ak
2017-02-01T22:23:08.200Z,-56.7262,-150.7812,10,4.9,mb,,73,33.421,0.57,us,us20008jyr,2017-04-27T01:38:41.040Z,"Pacific-Antarctic Ridge",earthquake,15.2,1.5,0.126,20,reviewed,us,us
2017-02-01T21:37:49.500Z,-5.5614,147.2172,194.24,4.4,mb,,70,3.498,1.06,us,us20008fqb,2017-04-27T01:38:41.040Z,"130 km NNW of Finschhafen, Papua New Guinea",earthquake,6.3,7.1,0.096,31,reviewed,us,us
2017-02-01T20:53:16.990Z,0.1668,126.3532,32.64,4.4,mb,,58,1.178,0.88,us,us20008fpy,2017-04-27T01:38:41.040Z,"133 km WSW of Ternate, Indonesia",earthquake,7.6,2.5,0.112,23,reviewed,us,us
2017-02-01T20:34:10.170Z,48.5975,-123.0733333,12.99,2.78,ml,30,75,,0.25,uw,uw61248041,2025-03-22T22:17:54.110Z,"8 km NNW of Friday Harbor, Washington",earthquake,0.33,0.82,0.204,22,reviewed,uw,uw
2017-02-01T20:08:28.230Z,20.0668333,-156.4878333,31.25,2.77,ml,20,176,,0.27,hv,hv61588521,2020-07-06T21:02:27.200Z,"64 km NW of Kalaoa, Hawaii",earthquake,1.9,6.33,0.139,9,reviewed,hv,hv
2017-02-01T19:12:02.770Z,-6.1387,146.8256,60.07,4.3,mb,,168,3.261,0.77,us,us20008fnr,2017-04-27T01:38:41.040Z,"67 km NNW of Lae, Papua New Guinea",earthquake,6.1,14.8,0.125,18,reviewed,us,us
2017-02-01T18:34:13.508Z,58.8048,-137.55,6.6,2.7,ml,,,,0.72,ak,ak0171h8482u,2023-08-04T19:02:08.348Z,"97 km NW of Elfin Cove, Alaska",earthquake,,0.3,,,reviewed,ak,ak
2017-02-01T18:11:33.030Z,28.3547,129.9135,34.01,4.9,mb,,99,2.099,0.89,us,us10007wpx,2017-04-27T01:38:41.040Z,"42 km E of Naze, Japan",earthquake,6.3,2.5,0.054,106,reviewed,us,us
2017-02-01T18:05:57.400Z,-0.857,131.291,38.81,4.1,mb,,190,2.261,0.74,us,us10007wpu,2017-04-27T01:38:41.040Z,"4 km NE of Sorong, Indonesia",earthquake,8.6,6.6,0.13,16,reviewed,us,us
2017-02-01T18:05:52.660Z,-18.2458,-178.4842,597.41,4.4,mb,,126,3.333,0.39,us,us20008jyq,2017-04-27T01:38:41.040Z,"233 km E of Levuka, Fiji",earthquake,13.3,10.8,0.138,15,reviewed,us,us
2017-02-01T16:58:20.640Z,-20.4131,-178.2188,553.35,4.4,mb,,137,4.413,0.37,us,us20008jyp,2017-04-27T01:38:41.040Z,"Fiji region",earthquake,13.1,8.3,0.107,25,reviewed,us,us
2017-02-01T16:48:42.290Z,-6.3643,122.3382,10,4.7,mb,,48,2.258,0.83,us,us10007wnl,2017-04-27T01:38:41.040Z,"159 km S of Katabu, Indonesia",earthquake,3.9,1.9,0.081,47,reviewed,us,us
2017-02-01T16:46:49.440Z,-22.4275,-10.7766,10,4.6,mb,,120,26.686,0.68,us,us20008jyv,2017-04-27T01:38:41.040Z,"southern Mid-Atlantic Ridge",earthquake,11.1,1.9,0.182,9,reviewed,us,us
2017-02-01T16:16:52.980Z,-11.0506,162.011,37.05,4.7,mb,,129,2.586,0.65,us,us20008fsp,2017-04-27T01:38:41.040Z,"66 km S of Kirakira, Solomon Islands",earthquake,8.9,7.6,0.069,64,reviewed,us,us
2017-02-01T15:18:11.150Z,48.4239,152.8366,153.57,4.4,mb,,182,5.612,0.72,us,us10007wmu,2017-04-27T01:38:41.040Z,"Kuril Islands",earthquake,13.2,11,0.058,87,reviewed,us,us
2017-02-01T13:48:54.920Z,-19.614,-175.8136,205.92,4.7,mb,,77,5.583,1.35,us,us10007wmb,2017-04-27T01:38:41.040Z,"154 km W of Pangai, Tonga",earthquake,10.7,5.9,0.067,67,reviewed,us,us
2017-02-01T13:37:54.820Z,-35.0581,139.1956,10,3.9,mb,,111,3.439,1.22,us,us10007wmj,2017-04-27T01:38:41.040Z,"9 km NW of Murray Bridge, Australia",earthquake,6.6,2,0.209,6,reviewed,us,us
2017-02-01T13:08:33.547Z,59.2429,-152.7937,84.1,3.1,ml,,,,0.6,ak,ak0171h4zize,2023-08-04T19:00:52.632Z,"51 km WSW of Nanwalek, Alaska",earthquake,,0.2,,,reviewed,ak,ak
2017-02-01T11:54:32.370Z,-37.2751,-73.7615,30.36,4,mb,,131,0.697,0.76,us,us10007wlz,2017-04-27T01:38:41.040Z,"38 km NNW of Lebu, Chile",earthquake,6.8,9.4,0.231,5,reviewed,us,us
2017-02-01T11:38:30.090Z,-11.1912,-76.4658,97.32,4.6,mb,,123,0.873,0.62,us,us10007wlw,2017-04-27T01:38:41.040Z,"19 km E of Pacaraos, Peru",earthquake,6.6,8.2,0.094,34,reviewed,us,us
2017-02-01T11:23:24.380Z,-37.2896,-73.7362,18.33,4.4,mwr,,130,0.695,0.69,us,us10007wlu,2017-04-27T01:38:41.040Z,"36 km NNW of Lebu, Chile",earthquake,6.2,4.7,0.044,49,reviewed,us,us
2017-02-01T10:54:49.117Z,57.0794,-157.6144,9.6,2.9,ml,,,,0.64,ak,ak0171h3h4b3,2023-08-04T19:00:31.650Z,"50 km SSW of Ugashik, Alaska",earthquake,,0.3,,,reviewed,ak,ak
2017-02-01T10:35:47.340Z,-15.6242,-70.3152,216.22,4.6,mb,,116,2.202,1.13,us,us10007wlp,2017-04-27T01:38:41.040Z,"2 km NNE of Cabana, Peru",earthquake,8.2,8,0.039,192,reviewed,us,us
2017-02-01T10:21:29.670Z,-42.3715,173.8741,22.32,4.9,mww,,129,0.23,0.76,us,us10007wlk,2022-05-03T18:10:18.144Z,"95 km S of Blenheim, New Zealand",earthquake,4.1,3.2,0.078,16,reviewed,us,us
2017-02-01T10:09:41.860Z,18.6259,145.569,218.06,4.3,mb,,140,5.053,0.12,us,us20008jyj,2017-04-27T01:38:40.040Z,"Pagan region, Northern Mariana Islands",earthquake,11.9,12.4,0.177,9,reviewed,us,us
2017-02-01T10:07:44.180Z,30.6877,83.3674,10,5.1,mb,,30,3.419,0.72,us,us10007wlj,2022-05-03T18:10:16.586Z,"193 km NE of Jumla, Nepal",earthquake,7.6,1.7,0.045,163,reviewed,us,us
2017-02-01T09:28:39.362Z,57.1118,-157.7637,2.2,2.6,ml,,,,0.69,ak,ak0171h2q3c0,2023-08-04T19:00:18.715Z,"49 km SSW of Ugashik, Alaska",earthquake,,0.4,,,reviewed,ak,ak
2017-02-01T08:45:52.090Z,20.0973333,-156.4641667,34.94,3.68,ml,21,166,,0.19,hv,hv61587926,2020-07-06T21:02:10.190Z,"61 km S of M?kena, Hawaii",earthquake,1.5,2.81,0.149,38,reviewed,hv,hv
2017-02-01T08:16:15.044Z,61.4294,-152.297,3,2.6,ml,,,,0.6,ak,ak0171h2219c,2023-08-04T19:00:08.103Z,"72 km WNW of Beluga, Alaska",earthquake,,0.1,,,reviewed,ak,ak
2017-02-01T04:12:11.987Z,38.3414,-118.892,10.9,2.5,ml,32,41.28,0.016,0.1423,nn,nn00576494,2017-04-30T02:19:23.786Z,"30 km SW of Hawthorne, Nevada",earthquake,,0.8,0.41,15,reviewed,nn,nn
2017-02-01T03:07:48.820Z,-30.1154,-71.2995,83.83,4,mb,,104,0.203,0.33,us,us10007wkf,2017-04-27T01:38:40.040Z,"18 km SSE of Coquimbo, Chile",earthquake,5.4,4.9,0.365,2,reviewed,us,us
2017-02-01T03:02:03.200Z,20.0138,-157.8422,32.076,3.8,ml,,279,1.335,0.72,us,us10007wkd,2020-07-06T21:01:56.200Z,"131 km SW of Lanai City, Hawaii",earthquake,8.9,10.1,0.047,7,reviewed,hv,hv
2017-02-01T00:39:04.440Z,19.3871667,-155.2798333,1.46,2.74,ml,40,62,,0.08,hv,hv61587296,2020-07-06T21:01:38.490Z,"7 km SW of Volcano, Hawaii",earthquake,0.14,0.15,0.222,27,reviewed,hv,hv
2017-02-01T00:33:02.970Z,13.4927,146.2041,10,4.4,mb,,191,1.302,0.52,us,us20008jyg,2017-04-27T01:38:40.040Z,"142 km E of Yigo Village, Guam",earthquake,13.3,1.9,0.169,10,reviewed,us,us
2017-02-01T00:28:37.500Z,19.2115,-64.6315,32,3.5,Md,11,324,1.08965644,0.4,pr,pr17032000,2017-04-27T01:38:40.040Z,"98 km N of Cruz Bay, U.S. Virgin Islands",earthquake,3.9,26.3,0,8,reviewed,pr,pr
2017-02-01T00:18:25.480Z,6.8088,-72.9613,156.06,4.7,mb,,43,0.917,0.94,us,us10007wjr,2017-04-27T01:38:40.040Z,"6 km NNE of Cepitá, Colombia",earthquake,6.6,7,0.036,231,reviewed,us,us
