time,latitude,longitude,depth,mag,magType,nst,gap,dmin,rms,net,id,updated,place,type,horizontalError,depthError,magError,magNst,status,locationSource,magSource
1997-01-30T23:46:29.720Z,7.505,-36.29,10,4.8,mb,,,,0.72,us,usp0007wjp,2014-11-07T01:02:01.215Z,"central Mid-Atlantic Ridge",earthquake,,,,33,reviewed,us,us
1997-01-30T23:36:37.740Z,36.7883333,-120.886,1.645,2.64,md,49,97,0.07477,0.07,nc,nc493202,2016-12-25T18:39:26.130Z,"28 km SW of South Dos Palos, California",earthquake,0.16,2.24,0.13,60,reviewed,nc,nc
1997-01-30T23:15:57.660Z,19.4085,-155.2578333,-0.589,2.53,ml,21,107,,0.12,hv,hv1140988,2020-03-31T20:30:04.810Z,"4 km SSW of Volcano, Hawaii",earthquake,0.2,0.25,0.2,3,reviewed,hv,hv
1997-01-30T21:57:46.450Z,39.52,76.938,80.3,4.2,mb,,,,0.8,us,usp0007wjn,2014-11-07T01:02:01.212Z,"81 km E of Kashgar, China",earthquake,,,,2,reviewed,us,us
1997-01-30T21:42:46.410Z,17.679,120.247,53.2,4.9,mb,,,,0.75,us,usp0007wjk,2014-11-07T01:02:01.203Z,"11 km W of Puro Pinget, Philippines",earthquake,,,,35,reviewed,us,us
1997-01-30T21:40:51.850Z,5.911,125.733,175.7,4.3,mb,,,,1.02,us,usp0007wjj,2014-11-07T01:02:01.202Z,"9 km ESE of Culaman, Philippines",earthquake,,9.3,,3,reviewed,us,us
1997-01-30T21:33:46.690Z,-33.026,-72.482,10,3.4,md,,,,0.49,us,usp0007wjh,2014-11-07T01:02:01.200Z,"79 km W of Valparaíso, Chile",earthquake,,,,,reviewed,us,san
1997-01-30T21:31:52.040Z,23.82,141.686,117.5,4.6,mb,,,,1.2,us,usp0007wjg,2014-11-07T01:02:01.195Z,"Volcano Islands, Japan region",earthquake,,,,12,reviewed,us,us
1997-01-30T21:21:48.210Z,50.446,18.978,10,2.9,m,,,,1.37,us,usp0007wjf,2014-11-07T01:02:01.192Z,"2 km E of ?wierklaniec, Poland",earthquake,,,,,reviewed,us,war
1997-01-30T20:53:22.830Z,-0.682,131.531,33,4.3,mb,,,,1.25,us,usp0007wje,2014-11-07T01:02:01.191Z,"37 km NE of Sorong, Indonesia",earthquake,,,,3,reviewed,us,us
1997-01-30T19:00:28.430Z,40.3103333,-124.5428333,11.087,2.71,md,17,261,0.1901,0.06,nc,nc493153,2016-12-25T18:38:59.076Z,"37 km SW of Ferndale, California",earthquake,0.93,0.28,0.18,16,reviewed,nc,nc
1997-01-30T18:48:21.020Z,36.081,-117.634,-0.316,3.18,ml,0,88.3,,0.189,ci,ci7057995,2016-02-13T02:49:28.375Z,"28km E of Coso Junction, California",earthquake,,0.305,,79,reviewed,ci,ci
1997-01-30T18:37:58.140Z,36.861,28.312,37.8,3.8,mb,,,,1.23,us,usp0007wjc,2014-11-07T01:02:01.186Z,"3 km E of Marmaris, Turkey",earthquake,,12.2,,4,reviewed,us,us
1997-01-30T18:32:33.430Z,10.258,121.675,33,4.8,mb,,,,1.06,us,usp0007wjb,2014-11-07T01:02:01.184Z,"37 km WSW of Magdalena, Philippines",earthquake,,,,8,reviewed,us,us
1997-01-30T18:29:55.340Z,19.3933333,-155.2976667,-1.102,2.64,ml,24,67,,0.13,hv,hv1140855,2020-03-31T20:30:02.690Z,"8 km SW of Volcano, Hawaii",earthquake,0.18,0.34,0.07,3,reviewed,hv,hv
1997-01-30T18:25:56.810Z,-6.242,141.853,33,3.7,mb,,,,1.16,us,usp0007wja,2014-11-07T01:02:01.182Z,"63 km ESE of Kiunga, Papua New Guinea",earthquake,,,,4,reviewed,us,us
1997-01-30T18:16:49.240Z,44.877,144.406,237.9,4.4,mb,,,,1.03,us,usp0007wj9,2014-11-07T01:02:01.180Z,"95 km N of Abashiri, Japan",earthquake,,12.7,,2,reviewed,us,us
1997-01-30T18:01:31.630Z,36.545,71.351,150,3.5,mb,,,,0.77,us,usp0007wj8,2014-11-07T01:02:01.178Z,"22 km SW of Ashk?sham, Afghanistan",earthquake,,,,1,reviewed,us,us
1997-01-30T17:44:20.640Z,37.179,71.642,132.6,4.2,mb,,,,1.09,us,usp0007wj7,2014-11-07T01:02:01.176Z,"35 km SSE of Khorugh, Tajikistan",earthquake,,,,3,reviewed,us,us
1997-01-30T17:40:54.860Z,19.4065,-155.2703333,3.752,2.64,ml,9,173,,0.06,hv,hv1141503,2020-03-31T20:30:02.260Z,"5 km SW of Volcano, Hawaii",earthquake,0.82,0.5,0.02,2,reviewed,hv,hv
1997-01-30T17:28:24.520Z,19.39,-155.2965,-1.105,2.55,ml,15,67,,0.15,hv,hv1141078,2020-03-31T20:30:01.980Z,"8 km SW of Volcano, Hawaii",earthquake,0.22,0.6,0.15,2,reviewed,hv,hv
1997-01-30T17:20:10.050Z,-3.595,103.678,150,3.6,mb,,,,1.11,us,usp0007wj6,2014-11-07T01:02:01.175Z,"25 km NE of Lahat, Indonesia",earthquake,,,,3,reviewed,us,us
1997-01-30T17:10:27.050Z,19.3933333,-155.2915,-0.458,2.65,ml,18,60,,0.14,hv,hv1140824,2020-03-31T20:30:01.660Z,"8 km SW of Volcano, Hawaii",earthquake,0.32,0.42,0.15,2,reviewed,hv,hv
1997-01-30T16:17:45.360Z,44.41,4.858,10,2.8,ml,,,,0.86,us,usp0007wj5,2014-11-07T01:02:01.173Z,"4 km WSW of Grignan, France",earthquake,,,,,reviewed,us,str
1997-01-30T15:55:04.170Z,24.941,94.385,100,4.1,mb,,,,1.1,us,usp0007wj3,2014-11-07T01:02:01.170Z,"44 km NE of Yairipok, India",earthquake,,,,4,reviewed,us,us
1997-01-30T15:11:59.050Z,1.718,128.545,100,3.8,mb,,,,1.1,us,usp0007wj2,2014-11-07T01:02:01.169Z,"59 km E of Tobelo, Indonesia",earthquake,,,,3,reviewed,us,us
1997-01-30T14:36:20.730Z,84.974,5.965,10,4.5,mb,,,,0.92,us,usp0007wj1,2014-11-07T01:02:01.167Z,"north of Svalbard",earthquake,,,,4,reviewed,us,us
1997-01-30T14:15:53.770Z,54.284,-169.437,281.1,4.1,mb,,,,1.06,us,usp0007whz,2014-11-07T01:02:01.164Z,"154 km NNW of Nikolski, Alaska",earthquake,,9.7,,3,reviewed,us,us
1997-01-30T13:54:32.710Z,-15.268,-178.618,400,4.1,mb,,,,0.82,us,usp0007why,2014-11-07T01:02:01.160Z,"118 km SSW of Leava, Wallis and Futuna",earthquake,,,,9,reviewed,us,us
1997-01-30T13:06:52.930Z,35.7518333,-117.6555,0.578,2.94,ml,34,97,0.07931,0.45,ci,ci7057962,2016-04-02T02:11:57.306Z,"15km N of Ridgecrest, CA",earthquake,0.58,1.19,,0,reviewed,ci,ci
1997-01-30T12:57:56.970Z,-54.084,5.343,10,4.8,mb,,,,0.47,us,usp0007whw,2014-11-07T01:02:01.156Z,"Bouvet Island region",earthquake,,,,1,reviewed,us,us
1997-01-30T12:09:18.780Z,51.599,16.442,5,3.1,m,,,,0.92,us,usp0007whv,2014-11-07T01:02:01.154Z,"9 km SW of Góra, Poland",earthquake,,,,,reviewed,us,war
1997-01-30T11:47:21.150Z,60.174,-147.2458,7.1,2.5,ml,,,,0.13,ak,ak9971dsyar7,2020-02-20T18:18:48.771Z,"44 km ENE of Chenega, Alaska",earthquake,,3.1,,,reviewed,ak,ak
1997-01-30T11:10:47.930Z,40.215,-124.16,9.947,2.86,md,21,156,0.118,0.11,nc,nc493110,2016-12-25T18:37:20.888Z,"21 km NNW of Shelter Cove, California",earthquake,0.29,0.49,0.17,27,reviewed,nc,nc
1997-01-30T10:42:07.360Z,-3.51,149.758,33,4.3,mb,,,,1.3,us,usp0007whs,2014-11-07T01:02:01.148Z,"154 km SW of Kavieng, Papua New Guinea",earthquake,,,,8,reviewed,us,us
1997-01-30T10:37:04.520Z,50.905,179.402,33,3.4,mb,,,,0.9,us,usp0007whr,2014-11-07T01:02:01.147Z,"296 km WSW of Adak, Alaska",earthquake,,,,1,reviewed,us,us
1997-01-30T10:34:00.050Z,51.078,179.488,33,3.5,mb,,,,0.92,us,usp0007whq,2014-11-07T01:02:01.145Z,"283 km WSW of Adak, Alaska",earthquake,,,,1,reviewed,us,us
1997-01-30T10:12:14.170Z,36.059,-117.654,0.337,2.58,mc,0,109.3,,0.194,ci,ci7057952,2016-02-11T20:22:51.045Z,"26km ENE of Little Lake, California",earthquake,,0.248,,41,reviewed,ci,ci
1997-01-30T10:01:25.750Z,19.4266667,-155.2321667,1.652,2.54,ml,8,182,,0.14,hv,hv1140701,2020-03-31T20:30:00.380Z,"1 km S of Volcano, Hawaii",earthquake,0.62,1.61,0.02,4,reviewed,hv,hv
1997-01-30T09:59:01.890Z,22.504,101.322,10,5,mb,,,,1.33,us,usp0007whp,2022-04-29T16:42:40.922Z,"83 km NE of Jinghong, China",earthquake,,,,30,reviewed,us,us
1997-01-30T09:22:32.880Z,-6.139,155.712,100,3.5,mb,,,,0.53,us,usp0007whn,2014-11-07T01:02:01.135Z,"12 km NE of Kieta, Papua New Guinea",earthquake,,,,2,reviewed,us,us
1997-01-30T08:50:56.690Z,8.348,145.549,33,4.4,mb,,,,1.22,us,usp0007whm,2014-11-07T01:02:01.133Z,"State of Yap, Federated States of Micronesia",earthquake,,,,7,reviewed,us,us
1997-01-30T08:32:13.510Z,51.149,179.724,33,4.1,mb,,,,0.76,us,usp0007whk,2014-11-07T01:02:01.130Z,"265 km WSW of Adak, Alaska",earthquake,,,,8,reviewed,us,us
1997-01-30T05:38:06.800Z,-18.375,-178.263,650,4.3,mb,,,,0.69,us,usp0007whj,2014-11-07T01:02:01.128Z,"258 km E of Levuka, Fiji",earthquake,,,,9,reviewed,us,us
1997-01-30T05:28:24.140Z,59.21,-144.9605,10,5,mb,,,,0.35,ak,ak9971dp9mr2,2020-02-20T18:18:49.499Z,"155 km SSE of Cordova, Alaska",earthquake,,9.8,,,reviewed,ak,ak
1997-01-30T03:32:50.450Z,-24.095,-67.186,200,4.5,mb,,,,1.08,us,usp0007whe,2014-11-07T01:02:01.107Z,"89 km W of San Antonio de los Cobres, Argentina",earthquake,,,,2,reviewed,us,us
1997-01-30T03:26:20.700Z,-24.864,179.251,650,4.5,mb,,,,0.91,us,usp0007whd,2014-11-07T01:02:01.105Z,"south of the Fiji Islands",earthquake,,,,6,reviewed,us,us
1997-01-30T03:20:54.950Z,34.821,136.089,355.5,4.4,mb,,,,0.85,us,usp0007whc,2014-11-07T01:02:01.100Z,"7 km NNW of Ueno-ebisumachi, Japan",earthquake,,3.8,,27,reviewed,us,us
1997-01-30T03:14:40.760Z,-31.715,-68.837,200,4,mb,,,,1.21,us,usp0007whb,2014-11-07T01:02:01.098Z,"20 km SSW of Villa Basilio Nievas, Argentina",earthquake,,,,1,reviewed,us,us
1997-01-30T00:38:53.800Z,1.228,126.053,33,4.7,mb,,,,0.81,us,usp0007wha,2014-11-07T01:02:01.096Z,"123 km ESE of Laikit, Laikit II (Dimembe), Indonesia",earthquake,,,,9,reviewed,us,us
1997-01-29T23:40:46.180Z,26.203,124.82,200,4.1,mb,,,,0.71,us,usp0007wh9,2014-11-07T01:02:01.094Z,"162 km NNW of Hirara, Japan",earthquake,,,,3,reviewed,us,us
1997-01-29T23:31:11.080Z,-12.899,166.588,33,4.7,mb,,,,0.99,us,usp0007wh8,2014-11-07T01:02:01.091Z,"150 km NW of Sola, Vanuatu",earthquake,,,,6,reviewed,us,us
1997-01-29T23:19:20.890Z,-12.904,166.376,33,6.2,mwc,,,,1.33,us,usp0007wh7,2022-04-29T16:42:38.036Z,"166 km NW of Sola, Vanuatu",earthquake,,,,,reviewed,us,hrv
1997-01-29T23:15:31.240Z,-24.497,179.591,550,4.2,mb,,,,1.17,us,usp0007wh6,2014-11-07T01:02:01.041Z,"south of the Fiji Islands",earthquake,,,,3,reviewed,us,us
1997-01-29T23:08:47.020Z,61.358,-147.4935,20.2,2.9,ml,,,,0.35,ak,ak9971ccbula,2020-02-20T18:18:50.402Z,"50 km S of Glacier View, Alaska",earthquake,,1.5,,,reviewed,ak,ak
1997-01-29T22:33:44.780Z,-23.168,-111.693,10,3.9,mb,,,,0.93,us,usp0007wh4,2014-11-07T01:02:00.976Z,"Easter Island region",earthquake,,,,1,reviewed,us,us
1997-01-29T21:41:17.790Z,29.539,138.889,450,3.6,mb,,,,0.69,us,usp0007wh3,2014-11-07T01:02:00.974Z,"Izu Islands, Japan region",earthquake,,,,1,reviewed,us,us
1997-01-29T20:29:29.210Z,-24.243,178.637,650,4.3,mb,,,,1.17,us,usp0007wh2,2014-11-07T01:02:00.972Z,"south of the Fiji Islands",earthquake,,,,8,reviewed,us,us
1997-01-29T20:21:35.930Z,46.654,150.267,100,4.4,mb,,,,0.89,us,usp0007wh1,2014-11-07T01:02:00.969Z,"243 km NE of Kuril’sk, Russia",earthquake,,,,16,reviewed,us,us
1997-01-29T20:16:39.020Z,59.814,-153.2262,118.7,2.8,ml,,,,0.22,ak,ak9971cal8vy,2020-02-20T18:18:50.931Z,"49 km E of Pedro Bay, Alaska",earthquake,,0.6,,,reviewed,ak,ak
1997-01-29T19:40:55.510Z,7.516,95.59,150,4.2,mb,,,,1.17,us,usp0007wgy,2014-11-07T01:02:00.961Z,"182 km N of Sabang, Indonesia",earthquake,,,,2,reviewed,us,us
1997-01-29T19:37:31.370Z,26.481,126.757,100,4.3,mb,,,,0.93,us,usp0007wgx,2014-11-07T01:02:00.958Z,"96 km WNW of Naha, Japan",earthquake,,,,7,reviewed,us,us
1997-01-29T18:45:13.660Z,61.0022,-150.8075,43.8,2.6,ml,,,,0.27,ak,ak9971c9kjhi,2020-02-20T18:18:51.794Z,"10 km NW of Point Possession, Alaska",earthquake,,1.2,,,reviewed,ak,ak
1997-01-29T18:19:33.610Z,-23.995,178.647,600,5.3,mwc,,,,0.82,us,usp0007wgv,2025-12-19T22:16:18.401Z,"south of the Fiji Islands",earthquake,,,,,reviewed,us,hrv
1997-01-29T17:54:46.220Z,14.832,-60.511,50,4,md,,,,0.38,us,usp0007wgu,2014-11-07T01:02:00.931Z,"47 km NE of Le Vauclin, Martinique",earthquake,,,,,reviewed,us,trn
1997-01-29T17:16:16.860Z,-22.94,169.301,33,4.6,mb,,,,1.32,us,usp0007wgt,2014-11-07T01:02:00.927Z,"187 km E of Vao, New Caledonia",earthquake,,,,10,reviewed,us,us
1997-01-29T17:06:13.400Z,-2.954,129.422,33,4.6,mb,,,,1.12,us,usp0007wgs,2014-11-07T01:02:00.924Z,"70 km NE of Amahai, Indonesia",earthquake,,,,9,reviewed,us,us
1997-01-29T16:03:26.050Z,60.603,-150.7907,41.2,3.4,ml,,,,0.32,ak,ak9971c84p5p,2020-02-20T18:18:52.250Z,"7 km N of Sterling, Alaska",earthquake,,1.1,,,reviewed,ak,ak
1997-01-29T14:34:29.720Z,-32.386,-72.098,33,3.5,md,,,,0.61,us,usp0007wgq,2014-11-07T01:02:00.915Z,"81 km W of La Ligua, Chile",earthquake,,,,,reviewed,us,san
1997-01-29T14:17:32.920Z,-49.639,109.865,10,4.3,mb,,,,0.25,us,usp0007wgp,2014-11-07T01:02:00.913Z,"southeast Indian Ridge",earthquake,,,,2,reviewed,us,us
1997-01-29T13:26:22.350Z,43.383,144.504,100,4.2,mb,,,,0.85,us,usp0007wgn,2014-11-07T01:02:00.893Z,"46 km NNE of Kushiro, Japan",earthquake,,,,2,reviewed,us,us
1997-01-29T13:12:39.620Z,59.3907,-152.2748,66.2,2.5,ml,,,,0.3,ak,ak9971c6ecu2,2020-02-20T18:18:53.088Z,"20 km W of Nanwalek, Alaska",earthquake,,1,,,reviewed,ak,ak
1997-01-29T12:13:55.920Z,-4.749,138.745,50,3.9,mb,,,,1.32,us,usp0007wgj,2014-11-07T01:02:00.886Z,"Papua, Indonesia",earthquake,,,,4,reviewed,us,us
1997-01-29T12:02:29.420Z,17.076,-101.512,33,3.4,mb,,,,1.4,us,usp0007wgh,2014-11-07T01:02:00.884Z,"56 km SSW of Palos Blancos, Mexico",earthquake,,,,1,reviewed,us,us
1997-01-29T08:20:18.470Z,39.315,77.412,33,5.2,mwc,,,,1.48,us,usp0007wge,2022-04-29T16:42:36.182Z,"100 km N of Shache, China",earthquake,,,,,reviewed,us,hrv
1997-01-29T08:05:28.410Z,17.536,-61.488,33,4,mb,,,,1.5,us,usp0007wgd,2014-11-07T01:02:00.875Z,"Leeward Islands",earthquake,,,,1,reviewed,us,us
1997-01-29T07:40:36.960Z,-13.271,178.166,33,4.3,mb,,,,1.2,us,usp0007wgb,2014-11-07T01:02:00.872Z,"Fiji region",earthquake,,,,1,reviewed,us,us
1997-01-29T07:02:29.640Z,-15.695,179.584,100,4.8,mb,,,,1.48,us,usp0007wga,2014-11-07T01:02:00.861Z,"84 km NNE of Labasa, Fiji",earthquake,,,,19,reviewed,us,us
1997-01-29T04:42:31.910Z,37.351,-4.508,20,3.1,mblg,,,,1.02,us,usp0007wg7,2014-11-07T01:02:00.857Z,"6 km SSW of Lucena, Spain",earthquake,,,,,reviewed,us,mdd
1997-01-29T04:17:57.820Z,47.848,7.236,5,2.6,ml,,,,1.74,us,usp0007wg6,2014-11-07T01:02:00.855Z,"1 km E of Berrwiller, France",earthquake,,,,,reviewed,us,ldg
1997-01-29T03:50:34.890Z,39.717,73.089,33,3.6,mb,,,,0.78,us,usp0007wg5,2014-11-07T01:02:00.853Z,"72 km ENE of Kyzyl-Eshme, Kyrgyzstan",earthquake,,,,2,reviewed,us,us
1997-01-29T03:26:27.210Z,-15.344,-75.678,33,3.7,mb,,,,0.79,us,usp0007wg4,2014-11-07T01:02:00.851Z,"55 km W of San Juan, Peru",earthquake,,,,1,reviewed,us,us
1997-01-29T02:56:51.220Z,-4.216,152.825,67.9,4.5,mb,,,,1.11,us,usp0007wg3,2014-11-07T01:02:00.848Z,"63 km ENE of Kokopo, Papua New Guinea",earthquake,,10.8,,11,reviewed,us,us
1997-01-29T02:49:30.870Z,36.867,-3.981,5,2.8,mblg,,,,0.64,us,usp0007wg2,2014-11-07T01:02:00.846Z,"2 km NNE of Canillas de Albaida, Spain",earthquake,,,,,reviewed,us,mdd
1997-01-29T01:58:46.070Z,42.918,-7.156,10,3.6,mblg,,,,1.32,us,usp0007wg0,2014-11-07T01:02:00.841Z,"6 km N of Becerreá, Spain",earthquake,,,,,reviewed,us,mdd
1997-01-29T01:48:10.190Z,62.449,-151.2243,81.7,2.8,ml,,,,0.19,ak,ak9971bzgt2z,2020-02-20T18:18:55.704Z,"24 km WSW of Petersville, Alaska",earthquake,,3.4,,,reviewed,ak,ak
1997-01-29T01:17:57.540Z,-36.56,-71.316,150,3.8,md,,,,0.39,us,usp0007wfy,2014-11-07T01:02:00.833Z,"47 km E of Coihueco, Chile",earthquake,,,,,reviewed,us,san
1997-01-29T00:39:34.470Z,59.9643,-153.1148,127.6,2.9,ml,,,,0.25,ak,ak9971bythwn,2020-02-20T18:18:56.256Z,"58 km ENE of Pedro Bay, Alaska",earthquake,,1.1,,,reviewed,ak,ak
1997-01-29T00:02:44.610Z,39.5928333,-120.1521667,3.881,2.55,md,5,301,0.745,0.07,nc,nc492955,2016-12-25T18:33:02.402Z,"7 km SE of Sierra Brooks, California",earthquake,1.24,9.23,0.18,6,reviewed,nc,nc
1997-01-28T23:08:09.210Z,10.914,-43.357,10,4.5,mb,,,,1.17,us,usp0007wfu,2014-11-07T01:02:00.824Z,"northern Mid-Atlantic Ridge",earthquake,,,,3,reviewed,us,us
1997-01-28T23:06:20.170Z,46.7291667,-122.8065,-0.18,3.2,md,9,88,0.09283,0.2,uw,uw10418588,2016-07-23T17:30:02.180Z,"9 km SSE of Bucoda, Washington",explosion,1.012,2.02,0.05,3,reviewed,uw,uw
1997-01-28T22:37:48.950Z,35.051,87.454,33,4.7,mb,,,,1.13,us,usp0007wft,2014-11-07T01:02:00.820Z,"western Xizang",earthquake,,,,6,reviewed,us,us
1997-01-28T22:37:34.420Z,6.072,126.584,71.8,4.1,mb,,,,0.97,us,usp0007wfs,2014-11-07T01:02:00.818Z,"55 km SE of Pondaguitan, Philippines",earthquake,,14.6,,5,reviewed,us,us
1997-01-28T21:33:07.330Z,37.188,5.25,10,3.3,mblg,,,,0.71,us,usp0007wfr,2014-11-07T01:02:00.816Z,"western Mediterranean Sea",earthquake,,,,,reviewed,us,mdd
1997-01-28T21:16:35.980Z,-18.62,-178.152,600,3.2,mb,,,,1.64,us,usp0007wfp,2014-11-07T01:02:00.813Z,"274 km ESE of Levuka, Fiji",earthquake,,,,1,reviewed,us,us
1997-01-28T20:45:25.430Z,61.5222,-152.0315,7,3.1,ml,,,,0.3,ak,ak9971an833z,2020-02-20T18:18:57.085Z,"61 km SSW of Skwentna, Alaska",earthquake,,1,,,reviewed,ak,ak
1997-01-28T20:02:18.800Z,15.132,119.337,31.2,4.2,mb,,,,0.77,us,usp0007wfj,2014-11-07T01:02:00.802Z,"69 km WSW of Palauig, Philippines",earthquake,,,,2,reviewed,us,us
1997-01-28T18:05:32.360Z,-20.747,-67.279,200,4.3,mb,,,,1.23,us,usp0007wfg,2014-11-07T01:02:00.799Z,"57 km SW of Uyuni, Bolivia",earthquake,,,,3,reviewed,us,us
1997-01-28T17:41:49.580Z,-32.889,-71.454,50,3.7,md,,,,0.63,us,usp0007wff,2014-11-07T01:02:00.797Z,"17 km NNE of Viña del Mar, Chile",earthquake,,,,,reviewed,us,san
1997-01-28T16:30:18.290Z,-27.629,-136.155,10,5.2,mb,,,,0.96,us,usp0007wfc,2014-11-07T01:02:00.782Z,"South Pacific Ocean",earthquake,,,,20,reviewed,us,us
1997-01-28T16:20:06.450Z,-24.347,179.847,600,4.3,mb,,,,1.09,us,usp0007wfb,2014-11-07T01:02:00.780Z,"south of the Fiji Islands",earthquake,,,,8,reviewed,us,us
1997-01-28T14:11:37.250Z,-26.794,-177.099,100,4.6,mb,,,,1.06,us,usp0007wfa,2014-11-07T01:02:00.777Z,"south of the Fiji Islands",earthquake,,,,5,reviewed,us,us
1997-01-28T12:28:40.930Z,11.266,-61.714,10,3,md,,,,0.14,us,usp0007wf9,2014-11-07T01:02:00.775Z,"65 km NNW of Petit Valley, Trinidad and Tobago",earthquake,,,,,reviewed,us,trn
1997-01-28T10:56:53.770Z,42.393,48.489,33,4.6,mb,,,,1.3,us,usp0007wf8,2014-11-07T01:02:00.771Z,"39 km NE of Dagestanskiye Ogni, Russia",earthquake,,,,7,reviewed,us,us
1997-01-28T10:44:17.690Z,10.645,-85.008,200,3.7,mb,,,,0.92,us,usp0007wf7,2014-11-07T01:02:00.770Z,"11 km SSE of Bijagua, Costa Rica",earthquake,,,,2,reviewed,us,us
1997-01-28T10:17:01.460Z,37.337,71.294,100,3.1,mb,,,,0.53,us,usp0007wf5,2014-11-07T01:02:00.767Z,"28 km SW of Khorugh, Tajikistan",earthquake,,,,1,reviewed,us,us
1997-01-28T09:20:41.750Z,12.398,125.458,33,4.9,mb,,,,0.9,us,usp0007wf4,2014-11-07T01:02:00.764Z,"15 km NNE of Arteche, Philippines",earthquake,,,,8,reviewed,us,us
1997-01-28T09:18:42.750Z,63.3602,-149.229,100.8,2.6,ml,,,,0.13,ak,ak9971agikgj,2020-02-20T18:18:58.275Z,"14 km WSW of Cantwell, Alaska",earthquake,,2.3,,,reviewed,ak,ak
1997-01-28T07:27:18.950Z,48.793,155.904,33,3.2,mb,,,,1.14,us,usp0007wez,2014-11-07T01:02:00.674Z,"209 km S of Severo-Kuril’sk, Russia",earthquake,,,,1,reviewed,us,us
1997-01-28T05:53:57.660Z,31.349,-115.306,5.925,3.18,mc,0,304.3,1.345,0.378,ci,ci7057785,2016-02-12T06:27:05.219Z,"98km SSW of Estacion Coahuila, B.C., MX",earthquake,,,,41,reviewed,ci,ci
1997-01-28T05:26:22.610Z,47.53,14.882,5,3,ml,,,,1.1,us,usp0007wey,2014-11-07T01:02:00.672Z,"0 km SSW of Eisenerz, Austria",earthquake,,,,,reviewed,us,grf
1997-01-28T05:04:36.620Z,-7.492,120.902,600,4.8,mb,,,,0.72,us,usp0007wex,2014-11-07T01:02:00.669Z,"132 km NNE of Ruteng, Indonesia",earthquake,,,,9,reviewed,us,us
1997-01-28T04:19:31.680Z,10.505,92.798,33,4.2,mb,,,,0.93,us,usp0007wew,2014-11-07T01:02:00.667Z,"128 km S of Port Blair, India",earthquake,,,,1,reviewed,us,us
1997-01-28T01:55:06.420Z,-5.904,129.505,150,5,mb,,,,1.26,us,usp0007wev,2014-11-07T01:02:00.664Z,"284 km SSE of Ambon, Indonesia",earthquake,,,,10,reviewed,us,us
1997-01-28T00:21:45.880Z,63.2428,-151.189,4.1,2.8,ml,,,,0.17,ak,ak9971ab6bek,2020-02-20T18:18:59.506Z,"42 km SE of Denali National Park, Alaska",earthquake,,3.3,,,reviewed,ak,ak
1997-01-27T23:15:31.240Z,46.7431667,-122.8,-0.725,3,md,7,87,0.09916,0.11,uw,uw10418358,2016-07-23T17:29:59.870Z,"8 km SE of Bucoda, Washington",explosion,0.057,0.09,0.04,4,reviewed,uw,uw
1997-01-27T23:10:01.720Z,65.8268,-146.6218,5.4,2.5,ml,,,,0.64,ak,ak9971919hjg,2020-02-20T18:19:00.044Z,"60 km SW of Birch Creek, Alaska",earthquake,,1,,,reviewed,ak,ak
1997-01-27T21:59:18.150Z,-4.183,127.773,33,4.5,mb,,,,1.27,us,usp0007wer,2014-11-07T01:02:00.655Z,"70 km SW of Ambon, Indonesia",earthquake,,,,5,reviewed,us,us
1997-01-27T21:16:40.850Z,-20.193,-177.342,500,4,mb,,,,0.89,us,usp0007weq,2014-11-07T01:02:00.653Z,"245 km WNW of Haveluloto, Tonga",earthquake,,,,2,reviewed,us,us
1997-01-27T20:25:27.010Z,-41.691,84.748,10,4.2,mb,,,,0.64,us,usp0007wen,2014-11-07T01:02:00.650Z,"southeast Indian Ridge",earthquake,,,,1,reviewed,us,us
1997-01-27T19:42:23.730Z,-0.61,136.53,24.4,4.5,mb,,,,0.81,us,usp0007wem,2014-11-07T01:02:00.648Z,"80 km NE of Biak, Indonesia",earthquake,,,,4,reviewed,us,us
1997-01-27T18:49:40.990Z,-31.782,-69.944,150,3.9,md,,,,0.31,us,usp0007wek,2014-11-07T01:02:00.646Z,"70 km SW of Calingasta, Argentina",earthquake,,,,,reviewed,us,san
1997-01-27T16:47:32.760Z,17.846,-102.725,26,5,mb,,,,1,us,usp0007wej,2014-11-07T01:02:00.638Z,"41 km WSW of El Habillal, Mexico",earthquake,,,,39,reviewed,us,us
1997-01-27T16:19:18.000Z,51.196,179.488,33,4.4,mb,,,,1.08,us,usp0007weh,2014-11-07T01:02:00.635Z,"279 km WSW of Adak, Alaska",earthquake,,,,2,reviewed,us,us
1997-01-27T16:18:33.290Z,51.087,179.287,33,4.5,mb,,,,1.41,us,usp0007weg,2014-11-07T01:02:00.633Z,"296 km WSW of Adak, Alaska",earthquake,,,,2,reviewed,us,us
1997-01-27T16:07:02.650Z,-24.072,-70.425,33,4.9,mb,,,,1.02,us,usp0007wef,2014-11-07T01:02:00.629Z,"46 km S of Antofagasta, Chile",earthquake,,,,5,reviewed,us,us
1997-01-27T15:25:53.820Z,2.793,124.964,400,4.4,mb,,,,0.68,us,usp0007wee,2014-11-07T01:02:00.628Z,"144 km N of Laikit, Laikit II (Dimembe), Indonesia",earthquake,,,,2,reviewed,us,us
1997-01-27T14:44:12.480Z,59.103,-154.1138,109.1,2.8,ml,,,,0.18,ak,ak99718w3w9s,2020-02-20T18:19:00.881Z,"53 km SE of Kokhanok, Alaska",earthquake,,0.9,,,reviewed,ak,ak
1997-01-27T12:59:03.560Z,9.565,126.317,33,4.7,mb,,,,0.86,us,usp0007web,2014-11-07T01:02:00.620Z,"31 km SE of Union, Philippines",earthquake,,,,4,reviewed,us,us
1997-01-27T12:12:01.970Z,51.991,-169.108,33,4.7,ms,,,,1.01,us,usp0007wea,2014-11-07T01:02:00.614Z,"Fox Islands, Aleutian Islands, Alaska",earthquake,,,,1,reviewed,us,us
1997-01-27T11:58:58.050Z,58.6647,-141.3002,10,3.2,ml,,,,0.22,ak,ak99718ueozx,2020-02-20T18:19:01.283Z,"133 km SW of Yakutat, Alaska",earthquake,,6.3,,,reviewed,ak,ak
1997-01-27T10:32:13.360Z,-55.981,-26.605,33,4.9,mb,,,,1.03,us,usp0007we8,2014-11-07T01:02:00.609Z,"South Sandwich Islands region",earthquake,,,,1,reviewed,us,us
1997-01-27T09:13:12.340Z,39.471,-122.9928333,7.606,3,md,36,55,0.05405,0.05,nc,nc492826,2016-12-25T18:30:16.120Z,"19 km NNE of Potter Valley, California",earthquake,0.17,0.43,0.14,58,reviewed,nc,nc
1997-01-27T06:31:36.640Z,-5.523,147.085,200,4.7,mb,,,,0.91,us,usp0007we1,2014-11-07T01:02:00.597Z,"133 km N of Lae, Papua New Guinea",earthquake,,,,4,reviewed,us,us
1997-01-27T05:22:37.870Z,60.2828,-146.0987,3.4,3,ml,,,,0.2,ak,ak99718qmc17,2020-02-20T18:19:02.336Z,"34 km SSW of Cordova, Alaska",earthquake,,0.8,,,reviewed,ak,ak
1997-01-27T05:09:54.540Z,36.076,-117.659,-0.934,2.5,mc,0,161.9,0.1007,0.174,ci,ci7057720,2016-02-11T20:22:38.982Z,"26km E of Coso Junction, California",earthquake,,0.495,,39,reviewed,ci,ci
1997-01-27T03:46:59.610Z,59.6568,-146.2415,-3,3.4,ml,,,,0.18,ak,ak99718pknop,2020-02-20T18:19:04.037Z,"102 km SSW of Cordova, Alaska",earthquake,,4,,,reviewed,ak,ak
1997-01-27T03:46:15.710Z,61.5198,-152.052,3,2.7,ml,,,,0.35,ak,ak99718pkkar,2020-02-20T18:19:04.490Z,"62 km SSW of Skwentna, Alaska",earthquake,,0.6,,,reviewed,ak,ak
1997-01-27T03:27:09.520Z,10.592,125.168,223.3,4.7,mb,,,,1.42,us,usp0007wdv,2014-11-07T01:02:00.521Z,"Leyte, Philippines",earthquake,,16.3,,10,reviewed,us,us
1997-01-27T02:39:24.360Z,6.805,-73.101,150,3.6,mb,,,,0.49,us,usp0007wdu,2014-11-07T01:02:00.519Z,"7 km N of Jordán, Colombia",earthquake,,,,1,reviewed,us,us
1997-01-27T01:34:59.420Z,38.013,73.396,200,3.7,mb,,,,1.14,us,usp0007wds,2014-11-07T01:02:00.516Z,"53 km WSW of Murghob, Tajikistan",earthquake,,,,1,reviewed,us,us
1997-01-27T01:12:38.250Z,-17.907,167.379,200,4.3,mb,,,,1,us,usp0007wdr,2014-11-07T01:02:00.514Z,"100 km W of Port-Vila, Vanuatu",earthquake,,,,1,reviewed,us,us
1997-01-27T00:46:16.810Z,45.224,16.194,10,4.2,mb,,,,1.3,us,usp0007wdp,2014-11-07T01:02:00.498Z,"Croatia region",earthquake,,,,1,reviewed,us,us
1997-01-27T00:19:41.120Z,-24.888,-68.74,117.7,4.5,mb,,,,1.09,us,usp0007wdk,2014-11-07T01:02:00.412Z,"185 km ENE of Taltal, Chile",earthquake,,,,4,reviewed,us,us
1997-01-26T22:54:27.950Z,9.481,126.666,52,4.5,mb,,,,0.54,us,usp0007wdg,2014-11-07T01:02:00.407Z,"56 km ENE of Cortes, Philippines",earthquake,,,,2,reviewed,us,us
1997-01-26T21:48:24.900Z,61.5358,-151.375,65.8,3,ml,,,,0.14,ak,ak99717crgu2,2020-02-20T18:19:05.302Z,"45 km W of Susitna, Alaska",earthquake,,1.9,,,reviewed,ak,ak
1997-01-26T21:33:31.110Z,40.2836667,-124.404,21.767,2.88,md,23,224,0.08198,0.1,nc,nc492766,2016-12-25T18:28:58.260Z,"33 km SW of Scotia, California",earthquake,1.05,0.33,0.15,29,reviewed,nc,nc
1997-01-26T21:19:34.500Z,-32.421,-70.328,100,2.7,md,,,,0.31,us,usp0007wdd,2014-11-07T01:02:00.399Z,"52 km NE of San Felipe, Chile",earthquake,,,,,reviewed,us,san
1997-01-26T20:24:07.600Z,-17.697,-178.571,550,4.7,mb,,,,1.12,us,usp0007wdc,2014-11-07T01:02:00.395Z,"227 km E of Levuka, Fiji",earthquake,,,,12,reviewed,us,us
1997-01-26T19:46:54.240Z,10.494,-61.58,33,3.1,md,,,,0.35,us,usp0007wdb,2014-11-07T01:02:00.394Z,"14 km WNW of Couva, Trinidad and Tobago",earthquake,,,,,reviewed,us,trn
1997-01-26T19:17:58.840Z,24.035,121.878,33,4.5,mb,,,,0.96,us,usp0007wda,2014-11-07T01:02:00.392Z,"28 km ENE of Hualien City, Taiwan",earthquake,,,,4,reviewed,us,us
1997-01-26T18:36:34.210Z,-7.48,106.542,50,4.5,mb,,,,1.2,us,usp0007wd8,2014-11-07T01:02:00.389Z,"54 km S of Pelabuhanratu, Indonesia",earthquake,,,,6,reviewed,us,us
1997-01-26T18:25:18.530Z,-3.823,127.841,33,3.8,mb,,,,0.73,us,usp0007wd7,2014-11-07T01:02:00.387Z,"40 km WSW of Ambon, Indonesia",earthquake,,,,3,reviewed,us,us
1997-01-26T17:27:54.750Z,63.3563,-145.2173,8.1,2.6,ml,,,,0.23,ak,ak99717a9aoj,2020-02-20T18:19:06.111Z,"35 km NE of Paxson, Alaska",earthquake,,2.3,,,reviewed,ak,ak
1997-01-26T15:32:51.900Z,-4.847,154.022,117.6,4.5,mb,,,,1.22,us,usp0007wd3,2014-11-07T01:02:00.379Z,"202 km ESE of Kokopo, Papua New Guinea",earthquake,,,,4,reviewed,us,us
1997-01-26T15:28:47.460Z,34.578,32.283,33,3.9,mb,,,,1.35,us,usp0007wd2,2014-11-07T01:02:00.377Z,"25 km SW of Koloni, Cyprus",earthquake,,,,6,reviewed,us,us
1997-01-26T15:26:38.940Z,35.654,140.123,70.1,4.7,mb,,,,1.03,us,usp0007wd1,2014-11-07T01:02:00.374Z,"3 km W of Yotsukaid?, Japan",earthquake,,6.3,,13,reviewed,us,us
1997-01-26T14:41:16.640Z,-17.181,167.768,37.5,5.4,mwc,,,,1.04,us,usp0007wd0,2025-12-19T22:16:17.270Z,"84 km NW of Port-Vila, Vanuatu",earthquake,,,,,reviewed,us,hrv
1997-01-26T14:19:11.100Z,6.085,127.072,100,4.9,mb,,,,1.09,us,usp0007wcz,2014-11-07T01:02:00.358Z,"103 km ESE of Pondaguitan, Philippines",earthquake,,,,20,reviewed,us,us
1997-01-26T13:35:00.240Z,36.343,71.122,100,4.2,mb,,,,1.1,us,usp0007wcy,2014-11-07T01:02:00.356Z,"52 km SW of Ashk?sham, Afghanistan",earthquake,,,,3,reviewed,us,us
1997-01-26T12:50:26.330Z,0.787,120.096,33,4.5,mb,,,,0.73,us,usp0007wcx,2014-11-07T01:02:00.353Z,"189 km N of Palu, Indonesia",earthquake,,,,8,reviewed,us,us
1997-01-26T12:48:26.410Z,34.3368333,-116.4703333,3.279,2.94,ml,22,101,,0.25,ci,ci10102486,2016-02-13T07:50:11.772Z,"25km N of Yucca Valley, California",earthquake,0.51,1.19,,0,reviewed,ci,ci
1997-01-26T12:48:21.220Z,34.3421667,-116.4741667,4.296,2.5,mh,24,59,,0.18,ci,ci7057647,2016-02-12T04:03:50.483Z,"26km N of Yucca Valley, California",earthquake,0.54,9.83,,0,reviewed,ci,ci
1997-01-26T11:26:15.010Z,36.526,71.053,250,3.4,mb,,,,0.53,us,usp0007wct,2014-11-07T01:02:00.344Z,"42 km SSE of Jurm, Afghanistan",earthquake,,,,1,reviewed,us,us
1997-01-26T11:22:34.670Z,-29.809,-71.402,33,4.7,md,,,,0.99,us,usp0007wcs,2014-11-07T01:02:00.340Z,"17 km NNW of Coquimbo, Chile",earthquake,,,,,reviewed,us,san
1997-01-26T11:19:59.530Z,-8.385,156.391,24.4,4.9,mb,,,,1.05,us,usp0007wcr,2014-11-07T01:02:00.319Z,"58 km WSW of Gizo, Solomon Islands",earthquake,,,,10,reviewed,us,us
1997-01-26T10:49:04.280Z,40.9321667,-123.4413333,26.156,3.27,md,34,50,0.2279,0.09,nc,nc492701,2016-12-25T18:26:43.360Z,"9 km NE of Trinity Village, California",earthquake,0.2,0.91,0.17,39,reviewed,nc,nc
1997-01-26T10:43:35.590Z,36.102,-118.223,4.516,2.73,mc,0,201.6,0.2533,0.256,ci,ci7057640,2016-02-13T02:49:10.611Z,"26km WNW of Coso Junction, California",earthquake,,,,55,reviewed,ci,ci
1997-01-26T09:59:33.200Z,45.293,-112.543,7.4,3.6,ml,,,,,us,usp0007wcp,2014-11-07T01:02:00.316Z,"11 km NE of Dillon, Montana",earthquake,,,,,reviewed,but,but
1997-01-26T09:48:04.330Z,38.654,-119.5363333,3.001,2.84,md,21,205,0.7477,0.05,nc,nc492699,2016-12-25T18:26:30.298Z,"4 km NNW of Topaz, California",earthquake,0.7,1.47,0.12,26,reviewed,nc,nc
1997-01-26T08:57:43.170Z,-7.283,110.933,150,4.7,mb,,,,1.03,us,usp0007wck,2014-11-07T01:02:00.311Z,"18 km NNW of Sragen, Indonesia",earthquake,,,,6,reviewed,us,us
1997-01-26T08:50:00.870Z,-17.811,-178.949,550,4.7,mb,,,,1.09,us,usp0007wcj,2014-11-07T01:02:00.306Z,"185 km E of Levuka, Fiji",earthquake,,,,7,reviewed,us,us
1997-01-26T08:32:31.240Z,43.741,147.201,59.1,4,mb,,,,0.35,us,usp0007wcg,2014-11-07T01:02:00.303Z,"39 km E of Shikotan, Russia",earthquake,,,,1,reviewed,us,us
1997-01-26T08:21:41.570Z,29.498,34.673,10,4,ml,,,,0.45,us,usp0007wcf,2014-11-07T01:02:00.302Z,"27 km WSW of Eilat, Israel",earthquake,,,,,reviewed,us,jer
1997-01-26T06:58:23.180Z,12.063,41.794,10,4.7,mb,,,,1.33,us,usp0007wcc,2014-11-07T01:02:00.292Z,"38 km N of Gâlâfi, Djibouti",earthquake,,,,35,reviewed,us,us
1997-01-26T06:43:45.350Z,-19.697,-177.798,500,4,mb,,,,0.77,us,usp0007wcb,2014-11-07T01:02:00.290Z,"Fiji region",earthquake,,,,2,reviewed,us,us
1997-01-26T06:35:10.930Z,4.855,126.523,100,4.4,mb,,,,1.29,us,usp0007wca,2014-11-07T01:02:00.288Z,"132 km ESE of Sarangani, Philippines",earthquake,,,,7,reviewed,us,us
1997-01-26T06:23:19.440Z,40.2813333,-124.3965,21.566,5.2,mw,22,230,0.07568,0.11,nc,nc492691,2016-12-25T18:26:18.990Z,"33 km SW of Scotia, California",earthquake,1.25,0.4,,3,reviewed,nc,nc
1997-01-26T04:19:04.210Z,-59.128,-26.475,86.7,4.2,mb,,,,0.8,us,usp0007wc7,2014-11-07T01:02:00.279Z,"South Sandwich Islands region",earthquake,,,,1,reviewed,us,us
1997-01-26T02:26:28.850Z,11.187,-60.194,90,2.8,md,,,,0.13,us,usp0007wc6,2014-11-07T01:02:00.278Z,"59 km E of Scarborough, Trinidad and Tobago",earthquake,,,,,reviewed,us,trn
1997-01-26T02:19:13.510Z,-56.319,-27.692,100,4.4,mb,,,,0.76,us,usp0007wc5,2014-11-07T01:02:00.276Z,"South Sandwich Islands region",earthquake,,,,1,reviewed,us,us
1997-01-26T02:17:20.080Z,40.442,-126.975,8.3,3,md,,,,,us,usp0007wc4,2016-12-25T18:25:38.905Z,"230 km W of Ferndale, California",earthquake,,,,,reviewed,nc,nc
1997-01-26T02:05:27.940Z,-35.012,-71.793,70,3.3,md,,,,0.37,us,usp0007wc3,2014-11-07T01:02:00.274Z,"44 km WSW of Rauco, Chile",earthquake,,,,,reviewed,us,san
1997-01-26T02:04:11.790Z,31.777,-116.23,5.094,2.66,mc,0,295,0.8765,0.281,ci,ci7057618,2016-02-12T06:26:54.184Z,"32km ENE of Maneadero, B.C., MX",earthquake,,,,24,reviewed,ci,ci
1997-01-26T02:04:00.090Z,38.898,75.678,33,3.3,mb,,,,1.19,us,usp0007wc2,2014-11-07T01:02:00.273Z,"69 km SSW of Kashgar, China",earthquake,,,,1,reviewed,us,us
1997-01-26T01:32:29.040Z,-20.591,74.641,10,4.4,mb,,,,0.8,us,usp0007wc1,2014-11-07T01:02:00.271Z,"South Indian Ocean",earthquake,,,,1,reviewed,us,us
1997-01-26T01:24:10.830Z,35.292,77.841,33,3.9,mb,,,,1.17,us,usp0007wbz,2014-11-07T01:02:00.267Z,"103 km ENE of Thang, India",earthquake,,,,2,reviewed,us,us
1997-01-25T23:48:29.420Z,44.549,148.844,33,4,mb,,,,1.07,us,usp0007wby,2014-11-07T01:02:00.265Z,"107 km SE of Kuril’sk, Russia",earthquake,,,,2,reviewed,us,us
1997-01-25T20:14:12.530Z,-32.376,-71.674,15,3.8,md,,,,0.49,us,usp0007wbw,2014-11-07T01:02:00.261Z,"42 km WNW of La Ligua, Chile",earthquake,,,,,reviewed,us,san
1997-01-25T20:08:28.740Z,30.074,88.087,33,4.4,mb,,,,0.87,us,usp0007wbv,2014-11-07T01:02:00.247Z,"119 km NW of Rikaze, China",earthquake,,,,12,reviewed,us,us
1997-01-25T20:02:51.150Z,52.216,159.514,33,4.4,mb,,,,1,us,usp0007wbu,2014-11-07T01:02:00.243Z,"109 km SSE of Petropavlovsk-Kamchatsky, Russia",earthquake,,,,14,reviewed,us,us
1997-01-25T18:59:44.750Z,57.6493,-153.9628,43.8,3.5,ml,,,,0.15,ak,ak99715ni7xn,2020-02-20T18:19:10.023Z,"12 km N of Larsen Bay, Alaska",earthquake,,4.9,,,reviewed,ak,ak
1997-01-25T17:39:39.080Z,-56.094,146.636,10,4.4,mb,,,,0.71,us,usp0007wbs,2014-11-07T01:02:00.237Z,"west of Macquarie Island",earthquake,,,,6,reviewed,us,us
1997-01-25T15:18:21.750Z,78.596,-19.217,10,3,mb,,,,1.18,us,usp0007wbq,2014-11-07T01:02:00.234Z,"eastern Greenland",earthquake,,,,1,reviewed,us,us
1997-01-25T14:52:31.760Z,17.738,-61.613,46.4,4.8,mb,,,,0.88,us,usp0007wbp,2014-11-07T01:02:00.226Z,"26 km ENE of Codrington, Antigua and Barbuda",earthquake,,6.4,,36,reviewed,us,us
1997-01-25T13:26:13.700Z,11.551,125.593,33,4.2,mb,,,,0.72,us,usp0007wbn,2014-11-07T01:02:00.224Z,"11 km ENE of Maydolong, Philippines",earthquake,,,,4,reviewed,us,us
1997-01-25T13:05:34.530Z,51.616,16.322,5,3.2,mb,,,,1.33,us,usp0007wbm,2014-11-07T01:02:00.221Z,"10 km E of Gr?bocice, Poland",earthquake,,,,1,reviewed,us,us
1997-01-25T12:33:44.730Z,-4.942,153.687,100,4.2,mb,,,,0.87,us,usp0007wbk,2014-11-07T01:02:00.219Z,"170 km ESE of Kokopo, Papua New Guinea",earthquake,,,,5,reviewed,us,us
1997-01-25T12:23:19.510Z,51.642,16.148,5,3.4,mb,,,,0.92,us,usp0007wbj,2014-11-07T01:02:00.215Z,"4 km NNW of Gr?bocice, Poland",earthquake,,,,1,reviewed,us,us
1997-01-25T11:49:51.730Z,52.391,-178.604,173.4,4.6,mb,,,,0.91,us,usp0007wbg,2014-11-07T01:02:00.208Z,"146 km WNW of Adak, Alaska",earthquake,,6.3,,13,reviewed,us,us
1997-01-25T11:33:08.620Z,-17.68,167.359,33,4,mb,,,,1.54,us,usp0007wbf,2014-11-07T01:02:00.207Z,"101 km W of Port-Vila, Vanuatu",earthquake,,,,4,reviewed,us,us
1997-01-25T11:23:51.870Z,-23.55,-66.71,200,4,mb,,,,0.65,us,usp0007wbe,2014-11-07T01:02:00.205Z,"84 km NNW of San Antonio de los Cobres, Argentina",earthquake,,,,2,reviewed,us,us
1997-01-25T11:13:46.160Z,-1.132,126.878,33,4.4,mb,,,,1.52,us,usp0007wbd,2014-11-07T01:02:00.203Z,"219 km SSW of Ternate, Indonesia",earthquake,,,,4,reviewed,us,us
1997-01-25T11:04:48.010Z,-16.095,167.946,181.4,4.9,mb,,,,1.14,us,usp0007wbc,2014-11-07T01:02:00.193Z,"56 km E of Lakatoro, Vanuatu",earthquake,,,,16,reviewed,us,us
1997-01-25T10:41:42.450Z,59.8897,-153.2698,131.2,3,ml,,,,0.24,ak,ak99715imw11,2020-02-20T18:19:11.093Z,"48 km ENE of Pedro Bay, Alaska",earthquake,,1.1,,,reviewed,ak,ak
1997-01-25T10:22:19.490Z,25.495,128.819,45.9,4.3,mb,,,,0.77,us,usp0007wb9,2014-11-07T01:02:00.185Z,"132 km SE of Katsuren-haebaru, Japan",earthquake,,,,4,reviewed,us,us
1997-01-25T10:21:32.200Z,38.6505,-119.5421667,-0.819,2.77,md,30,178,0.3703,0.03,nc,nc492626,2016-12-25T18:24:28.456Z,"4 km NNW of Topaz, California",earthquake,0.25,1.92,0.16,34,reviewed,nc,nc
1997-01-25T10:14:25.100Z,-4.729,145.621,47.6,4.2,mb,,,,1.52,us,usp0007wb7,2014-11-07T01:02:00.182Z,"57 km NNW of Madang, Papua New Guinea",earthquake,,12.4,,6,reviewed,us,us
1997-01-25T09:45:36.870Z,4.428,125.571,150,4.3,mb,,,,1.15,us,usp0007wb6,2014-11-07T01:02:00.180Z,"108 km S of Sarangani, Philippines",earthquake,,,,5,reviewed,us,us
1997-01-25T09:05:04.450Z,-9.134,119.617,113.6,3.9,mb,,,,1.26,us,usp0007wb5,2014-11-07T01:02:00.178Z,"61 km SSE of Komodo, Indonesia",earthquake,,10,,3,reviewed,us,us
1997-01-25T07:43:15.520Z,34.918,76.531,100,3.7,mb,,,,1.18,us,usp0007wb4,2014-11-07T01:02:00.177Z,"23 km W of Thang, India",earthquake,,,,1,reviewed,us,us
1997-01-25T06:55:37.230Z,38.8003333,-122.7981667,1.491,3.42,md,50,36,0.008108,0.04,nc,nc492616,2016-12-25T18:23:46.620Z,"6 km WSW of Cobb, California",earthquake,0.09,0.21,0.18,98,reviewed,nc,nc
1997-01-25T06:20:01.760Z,-3.802,127.739,21.1,5,mb,,,,1,us,usp0007wb1,2014-11-07T01:02:00.170Z,"50 km WSW of Ambon, Indonesia",earthquake,,,,9,reviewed,us,us
1997-01-25T06:03:18.020Z,-3.806,127.702,21.7,5,mb,,,,1.09,us,usp0007waz,2014-11-07T01:02:00.163Z,"54 km WSW of Ambon, Indonesia",earthquake,,,,14,reviewed,us,us
1997-01-25T06:02:03.610Z,-3.788,127.793,23.4,4.5,mb,,,,1.44,us,usp0007way,2014-11-07T01:02:00.161Z,"44 km WSW of Ambon, Indonesia",earthquake,,,,8,reviewed,us,us
1997-01-25T05:30:21.920Z,-3.846,127.836,33,4.8,mb,,,,1.24,us,usp0007wax,2014-11-07T01:02:00.158Z,"42 km WSW of Ambon, Indonesia",earthquake,,,,10,reviewed,us,us
1997-01-25T05:18:02.770Z,-3.75,127.881,33,4,mb,,,,0.77,us,usp0007waw,2014-11-07T01:02:00.157Z,"34 km W of Ambon, Indonesia",earthquake,,,,2,reviewed,us,us
1997-01-25T05:17:02.750Z,55.449,-158.086,33,2.8,mb,,,,1.26,us,usp0007wav,2014-11-07T01:02:00.155Z,"84 km SE of Perryville, Alaska",earthquake,,,,1,reviewed,us,us
1997-01-25T05:10:02.780Z,-3.895,127.676,24.8,5.1,mwc,,,,0.97,us,usp0007wau,2022-04-29T16:42:18.000Z,"60 km WSW of Ambon, Indonesia",earthquake,,,,,reviewed,us,hrv
1997-01-25T04:37:05.190Z,36.8303333,-121.5541667,5.851,2.65,md,58,25,0.01982,0.07,nc,nc492596,2016-12-25T18:23:10.170Z,"2 km SW of San Juan Bautista, California",earthquake,0.13,0.22,0.1,89,reviewed,nc,nc
1997-01-25T04:19:46.490Z,-3.793,140.699,100,3.8,mb,,,,1.22,us,usp0007was,2014-11-07T01:02:00.141Z,"132 km S of Abepura, Indonesia",earthquake,,,,3,reviewed,us,us
1997-01-25T03:39:03.880Z,81.9,-1.578,10,3,mb,,,,1.27,us,usp0007war,2014-11-07T01:02:00.140Z,"north of Svalbard",earthquake,,,,1,reviewed,us,us
1997-01-25T03:09:17.560Z,38.712,75.596,33,4.9,mb,,,,1.08,us,usp0007wap,2014-11-07T01:02:00.131Z,"90 km SSW of Kashgar, China",earthquake,,,,46,reviewed,us,us
1997-01-25T02:38:55.540Z,22.069,101.133,33,4.5,mb,,,,1.1,us,usp0007wan,2014-11-07T01:02:00.127Z,"42 km ENE of Jinghong, China",earthquake,,,,17,reviewed,us,us
1997-01-25T01:23:04.120Z,0.886,125.065,50,4.5,mb,,,,1.02,us,usp0007wam,2014-11-07T01:02:00.125Z,"49 km SSE of Tondano, Indonesia",earthquake,,,,5,reviewed,us,us
1997-01-24T23:59:48.960Z,-50.457,162.721,10,4.1,mb,,,,1.28,us,usp0007waj,2014-11-07T01:02:00.122Z,"Auckland Islands, New Zealand region",earthquake,,,,3,reviewed,us,us
1997-01-24T23:58:45.360Z,39.576,76.803,33,3.6,mb,,,,1.44,us,usp0007wah,2014-11-07T01:02:00.120Z,"70 km E of Kashgar, China",earthquake,,,,1,reviewed,us,us
1997-01-24T23:04:45.920Z,-33.155,-72.502,33,3.7,md,,,,0.84,us,usp0007waf,2014-11-07T01:02:00.117Z,"82 km W of Valparaíso, Chile",earthquake,,,,,reviewed,us,san
1997-01-24T22:22:38.430Z,60.7977,-148.0388,26.9,2.7,ml,,,,0.15,ak,ak9971424nvn,2020-02-20T18:19:12.739Z,"35 km E of Whittier, Alaska",earthquake,,1.2,,,reviewed,ak,ak
1997-01-24T21:52:54.180Z,59.8183,-151.6762,41.9,2.5,ml,,,,0.19,ak,ak997141poyy,2020-02-20T18:19:14.087Z,"3 km W of Nikolaevsk, Alaska",earthquake,,4.1,,,reviewed,ak,ak
1997-01-24T21:28:00.380Z,61.5227,-152.0667,6.5,2.7,ml,,,,0.36,ak,ak997141kfmu,2020-02-20T18:19:14.598Z,"62 km SW of Skwentna, Alaska",earthquake,,1.8,,,reviewed,ak,ak
1997-01-24T18:35:45.350Z,-32.614,-69.124,150,2.9,md,,,,0.31,us,usp0007wa8,2014-11-07T01:02:00.096Z,"41 km NW of Mendoza, Argentina",earthquake,,,,,reviewed,us,san
1997-01-24T18:27:51.900Z,34.2243333,-117.429,9.276,3.16,ml,66,25,,0.29,ci,ci10102482,2016-02-13T10:21:02.453Z,"2km W of Devore, California",earthquake,0.36,0.93,,0,reviewed,ci,ci
1997-01-24T18:22:23.160Z,-59.939,-26.651,100,3.7,mb,,,,1.04,us,usp0007wa6,2014-11-07T01:02:00.092Z,"South Sandwich Islands region",earthquake,,,,1,reviewed,us,us
1997-01-24T17:42:00.090Z,36.1366667,-118.2441667,5.681,2.94,ml,29,167,0.05799,0.27,ci,ci7057414,2016-04-02T15:01:38.501Z,"27km SW of Olancha, CA",earthquake,0.74,2.76,,0,reviewed,ci,ci
1997-01-24T17:24:34.160Z,31.301,138.196,407.9,3.9,mb,,,,0.8,us,usp0007wa4,2014-11-07T01:02:00.087Z,"Izu Islands, Japan region",earthquake,,5.7,,7,reviewed,us,us
1997-01-24T17:12:57.580Z,28.226,57.529,39.7,4.5,mb,,,,1.02,us,usp0007wa3,2014-11-07T01:02:00.082Z,"126 km SW of Bam, Iran",earthquake,,,,20,reviewed,us,us
1997-01-24T16:10:03.500Z,36.1005,-118.2345,-1.819,2.77,mc,16,136,0.08208,0.34,ci,ci7057408,2016-02-13T07:49:58.603Z,"26km WNW of Coso Junction, California",earthquake,0.7,1.37,,0,reviewed,ci,ci
1997-01-24T15:44:53.050Z,37.028,-4.138,11.9,2.8,mblg,,,,0.38,us,usp0007wa0,2014-11-07T01:02:00.078Z,"5 km N of Zafarraya, Spain",earthquake,,5.6,,,reviewed,us,mdd
1997-01-24T15:29:26.280Z,54.606,168.665,33,5.2,mwc,,,,0.84,us,usp0007w9y,2022-04-29T16:42:12.165Z,"Komandorskiye Ostrova, Russia region",earthquake,,,,,reviewed,us,hrv
1997-01-24T12:51:05.440Z,6.388,-72.316,50,4,mb,,,,0.56,us,usp0007w9x,2014-11-07T01:02:00.064Z,"13 km SE of Güicán, Colombia",earthquake,,,,1,reviewed,us,us
1997-01-24T12:43:03.640Z,39.089,76.996,109.8,3.4,mb,,,,1.06,us,usp0007w9w,2014-11-07T01:02:00.061Z,"77 km NNW of Shache, China",earthquake,,,,1,reviewed,us,us
1997-01-24T12:42:12.770Z,59.4332,-138.2105,-3,2.7,ml,,,,0.36,ak,ak99713wak65,2020-02-20T18:19:16.240Z,"86 km E of Yakutat, Alaska",earthquake,,5.2,,,reviewed,ak,ak
1997-01-24T11:40:15.200Z,-20.998,-179.157,650,4.5,mb,,,,0.92,us,usp0007w9u,2014-11-07T01:02:00.056Z,"Fiji region",earthquake,,,,3,reviewed,us,us
1997-01-24T09:15:15.940Z,-15.191,-173.74,46.6,4.8,mb,,,,0.89,us,usp0007w9t,2014-11-07T01:02:00.052Z,"84 km N of Hihifo, Tonga",earthquake,,,,8,reviewed,us,us
1997-01-24T09:04:33.570Z,59.317,-153.5368,111.2,3.6,ml,,,,0.17,ak,ak99713ua5r1,2020-02-20T18:19:16.876Z,"60 km ESE of Pope-Vannoy Landing, Alaska",earthquake,,2.4,,,reviewed,ak,ak
1997-01-24T08:54:59.230Z,-36.905,177.083,300,4.2,mb,,,,1.47,us,usp0007w9r,2014-11-07T01:02:00.042Z,"110 km E of Tairua, New Zealand",earthquake,,,,4,reviewed,us,us
1997-01-24T07:55:21.980Z,13.108,-88.159,66.2,3.6,md,,,,0.87,us,usp0007w9p,2014-11-07T01:02:00.038Z,"12 km S of Chirilagua, El Salvador",earthquake,,,,,reviewed,us,sss
1997-01-24T07:38:37.130Z,46.131,7.575,5,2.9,ml,,,,0.86,us,usp0007w9n,2014-11-07T01:02:00.035Z,"6 km ENE of Evolène, Switzerland",earthquake,,,,,reviewed,us,str
1997-01-24T07:25:16.330Z,59.8552,-153.2935,128.9,2.6,ml,,,,0.12,ak,ak99713t7r8x,2020-02-20T18:19:17.411Z,"46 km E of Pedro Bay, Alaska",earthquake,,3.7,,,reviewed,ak,ak
1997-01-24T06:15:09.400Z,15.904,-91.301,50,4.6,mb,,,,1.28,us,usp0007w9k,2014-11-07T01:02:00.028Z,"11 km N of Barillas, Guatemala",earthquake,,,,12,reviewed,us,us
1997-01-24T05:17:29.730Z,-5.614,153.836,70.6,5.6,mwc,,,,1.05,us,usp0007w9j,2022-04-29T16:42:10.381Z,"198 km WNW of Panguna, Papua New Guinea",earthquake,,,,,reviewed,us,hrv
1997-01-24T05:14:40.830Z,40.3118333,-124.5583333,21.867,2.62,md,16,238,0.2018,0.06,nc,nc492501,2016-12-25T18:20:06.582Z,"38 km SW of Ferndale, California",earthquake,1.45,0.47,0.09,10,reviewed,nc,nc
1997-01-24T04:39:08.740Z,24.161,142.725,33,4.2,mb,,,,1.21,us,usp0007w9h,2014-11-07T01:02:00.011Z,"Volcano Islands, Japan region",earthquake,,,,3,reviewed,us,us
1997-01-24T04:36:40.640Z,43.733,142.086,150,3.5,mb,,,,0.69,us,usp0007w9g,2014-11-07T01:02:00.010Z,"4 km NE of Fukagawa, Japan",earthquake,,,,1,reviewed,us,us
1997-01-24T02:38:10.930Z,42.567,85.803,33,3.4,mb,,,,0.41,us,usp0007w9f,2014-11-07T01:02:00.009Z,"44 km WSW of Baluntaicun, China",earthquake,,,,2,reviewed,us,us
1997-01-24T02:15:55.240Z,5.554,125.707,100,4.1,mb,,,,0.99,us,usp0007w9e,2014-11-07T01:02:00.007Z,"29 km ESE of Sugal, Philippines",earthquake,,,,2,reviewed,us,us
1997-01-24T01:36:12.730Z,39.55,76.828,33,4.4,mb,,,,0.97,us,usp0007w9d,2014-11-07T01:02:00.005Z,"72 km E of Kashgar, China",earthquake,,,,6,reviewed,us,us
1997-01-24T01:26:15.060Z,38.213,-6.432,10,3.4,mblg,,,,0.65,us,usp0007w9c,2014-11-07T01:01:59.988Z,"6 km SSE of Valencia del Ventoso, Spain",earthquake,,,,,reviewed,us,mdd
1997-01-24T01:16:06.460Z,-4.079,128.029,33,4.2,mb,,,,1.3,us,usp0007w9b,2014-11-07T01:01:59.986Z,"45 km SSW of Ambon, Indonesia",earthquake,,,,5,reviewed,us,us
1997-01-24T00:59:05.240Z,36.609,71.326,213.9,3.9,mb,,,,0.68,us,usp0007w9a,2014-11-07T01:01:59.982Z,"20 km WSW of Ashk?sham, Afghanistan",earthquake,,8.7,,15,reviewed,us,us
1997-01-24T00:54:52.410Z,7.746,-76.138,33,3.7,mb,,,,0.7,us,usp0007w99,2014-11-07T01:01:59.980Z,"48 km S of Tierralta, Colombia",earthquake,,,,1,reviewed,us,us
1997-01-23T23:10:56.280Z,40.3273333,-124.5733333,18.376,2.55,md,18,236,0.218,0.04,nc,nc30126170,2016-12-25T18:19:32.959Z,"38 km SW of Ferndale, California",earthquake,1.96,0.53,0.18,12,reviewed,nc,nc
1997-01-23T23:05:33.020Z,-2.974,136.966,33,3.8,mb,,,,0.34,us,usp0007w97,2014-11-07T01:01:59.976Z,"168 km ENE of Nabire, Indonesia",earthquake,,,,3,reviewed,us,us
1997-01-23T22:48:40.730Z,58.065,-151.7693,-3,4.3,ml,,,,0.51,ak,ak99712eqw6h,2020-02-20T18:19:19.339Z,"46 km ENE of Ouzinkie, Alaska",earthquake,,2,,,reviewed,ak,ak
1997-01-23T22:37:19.810Z,-34.612,-70.77,100,3.1,md,,,,0.16,us,usp0007w95,2014-11-07T01:01:59.816Z,"24 km SSE of Rengo, Chile",earthquake,,,,,reviewed,us,san
1997-01-23T21:53:15.260Z,-3.032,136.715,33,3.9,mb,,,,1.25,us,usp0007w94,2014-11-07T01:01:59.727Z,"Papua, Indonesia",earthquake,,,,2,reviewed,us,us
1997-01-23T21:46:06.960Z,-7.204,131.096,33,4.2,mb,,,,0.92,us,usp0007w93,2014-11-07T01:01:59.724Z,"252 km SW of Tual, Indonesia",earthquake,,,,4,reviewed,us,us
1997-01-23T19:59:01.900Z,47.692,-113.742,6.7,3.1,ml,,,,,us,usp0007w90,2014-11-07T01:01:59.713Z,"18 km N of Condon, Montana",earthquake,,,,,reviewed,but,but
1997-01-23T19:06:59.970Z,-3.203,138.667,33,5.1,mb,,,,0.73,us,usp0007w8z,2014-11-07T01:01:59.636Z,"228 km WSW of Abepura, Indonesia",earthquake,,,,9,reviewed,us,us
1997-01-23T18:31:02.130Z,-2.917,130.167,33,4.1,mb,,,,0.89,us,usp0007w8y,2014-11-07T01:01:59.634Z,"146 km ENE of Amahai, Indonesia",earthquake,,,,4,reviewed,us,us
1997-01-23T17:01:55.800Z,-16.002,-70.038,200,4.2,mb,,,,0.84,us,usp0007w8x,2014-11-07T01:01:59.630Z,"17 km S of Puno, Peru",earthquake,,,,3,reviewed,us,us
1997-01-23T16:24:34.560Z,-18.502,169.348,200,4.7,mb,,,,1.28,us,usp0007w8v,2014-11-07T01:01:59.567Z,"115 km N of Isangel, Vanuatu",earthquake,,,,10,reviewed,us,us
1997-01-23T16:17:49.570Z,-16.051,-175.193,336.2,4.7,mb,,,,0.91,us,usp0007w8u,2014-11-07T01:01:59.554Z,"149 km W of Hihifo, Tonga",earthquake,,,,29,reviewed,us,us
1997-01-23T16:11:35.150Z,-20.415,-178.222,500,4.2,mb,,,,0.91,us,usp0007w8t,2014-11-07T01:01:59.551Z,"Fiji region",earthquake,,,,2,reviewed,us,us
1997-01-23T15:23:30.130Z,-20.363,-175.852,200,4.8,mb,,,,0.91,us,usp0007w8s,2014-11-07T01:01:59.540Z,"109 km NW of Nuku‘alofa, Tonga",earthquake,,,,23,reviewed,us,us
1997-01-23T14:58:10.020Z,-24.993,-179.295,500,4.6,mb,,,,0.96,us,usp0007w8r,2014-11-07T01:01:59.538Z,"south of the Fiji Islands",earthquake,,,,9,reviewed,us,us
1997-01-23T14:53:14.690Z,36.168,35.735,10,4.4,mb,,,,0.63,us,usp0007w8q,2014-11-07T01:01:59.535Z,"27 km W of Uzunba?, Turkey",earthquake,,,,4,reviewed,us,us
1997-01-23T14:31:19.410Z,-53.564,139.043,10,4.2,mb,,,,0.99,us,usp0007w8p,2014-11-07T01:01:59.534Z,"west of Macquarie Island",earthquake,,,,5,reviewed,us,us
1997-01-23T14:23:21.890Z,40.2911667,-124.6883333,20.117,2.85,md,13,277,0.2946,0.04,nc,nc492270,2016-12-25T18:17:48.408Z,"47 km SW of Ferndale, California",earthquake,1.82,0.49,0.21,19,reviewed,nc,nc
1997-01-23T13:06:58.880Z,-29.53,-178.361,33,4.2,mb,,,,0.54,us,usp0007w8k,2014-11-07T01:01:59.530Z,"Kermadec Islands, New Zealand",earthquake,,,,4,reviewed,us,us
1997-01-23T12:53:45.930Z,37.112,-3.857,10,3,mblg,,,,0.69,us,usp0007w8j,2014-11-07T01:01:59.528Z,"3 km SW of Chimeneas, Spain",earthquake,,,,,reviewed,us,mdd
1997-01-23T11:48:52.470Z,-31.696,-71.217,80.6,3.6,mb,,,,0.59,us,usp0007w8h,2014-11-07T01:01:59.525Z,"8 km SSW of Illapel, Chile",earthquake,,8.3,,1,reviewed,us,us
1997-01-23T11:12:10.400Z,1.653,99.371,33,4.4,mb,,,,0.81,us,usp0007w8g,2014-11-07T01:01:59.524Z,"32 km NNE of Padangsidempuan, Indonesia",earthquake,,,,1,reviewed,us,us
1997-01-23T10:56:28.700Z,39.601,77.161,33,4.4,mb,,,,1.06,us,usp0007w8f,2014-11-07T01:01:59.522Z,"101 km E of Kashgar, China",earthquake,,,,4,reviewed,us,us
1997-01-23T10:24:54.500Z,12.886,-89.824,70.9,3.5,md,,,,0.36,us,usp0007w8e,2014-11-07T01:01:59.520Z,"78 km S of Acajutla, El Salvador",earthquake,,27.9,,,reviewed,us,sss
1997-01-23T10:20:38.490Z,-22.522,169.542,33,4.3,mb,,,,1.29,us,usp0007w8d,2014-11-07T01:01:59.519Z,"202 km ESE of Tadine, New Caledonia",earthquake,,,,1,reviewed,us,us
1997-01-23T09:49:42.220Z,27.94,131.303,33,5.2,mb,,,,0.8,us,usp0007w8c,2014-11-07T01:01:59.514Z,"184 km ESE of Naze, Japan",earthquake,,,,14,reviewed,us,us
1997-01-23T09:49:13.410Z,-24.355,179.802,600,4.4,mb,,,,0.77,us,usp0007w8b,2014-11-07T01:01:59.513Z,"south of the Fiji Islands",earthquake,,,,8,reviewed,us,us
1997-01-23T08:42:41.840Z,-18.172,169.282,33,4.1,mb,,,,0.57,us,usp0007w8a,2014-11-07T01:01:59.511Z,"113 km ESE of Port-Vila, Vanuatu",earthquake,,,,1,reviewed,us,us
1997-01-23T08:38:16.530Z,-15.866,171.831,33,4.5,mb,,,,0.98,us,usp0007w89,2014-11-07T01:01:59.510Z,"Vanuatu region",earthquake,,,,3,reviewed,us,us
1997-01-23T07:54:28.890Z,63.2407,-147.4058,9.8,3,ml,,,,0.39,ak,ak997125unhl,2020-02-20T18:19:22.533Z,"79 km ESE of Cantwell, Alaska",earthquake,,0.4,,,reviewed,ak,ak
1997-01-23T07:50:10.630Z,53.114,-162.911,33,4.9,mb,,,,1.41,us,usp0007w86,2014-11-07T01:01:59.498Z,"196 km S of False Pass, Alaska",earthquake,,,,14,reviewed,us,us
1997-01-23T07:37:44.210Z,2.379,128.733,221.1,4.6,mb,,,,1.19,us,usp0007w85,2014-11-07T01:01:59.496Z,"107 km NE of Tobelo, Indonesia",earthquake,,26.6,,6,reviewed,us,us
1997-01-23T07:09:22.260Z,36.326,36.231,10,4.3,mb,,,,0.92,us,usp0007w84,2014-11-07T01:01:59.493Z,"3 km E of Anayaz?, Turkey",earthquake,,,,11,reviewed,us,us
1997-01-23T07:05:21.280Z,43.013,87.956,24.5,3.3,mb,,,,1.32,us,usp0007w83,2014-11-07T01:01:59.491Z,"92 km SSE of Ürümqi, China",earthquake,,,,1,reviewed,us,us
1997-01-23T06:11:58.680Z,-13.403,168.352,100,4,mb,,,,0.47,us,usp0007w82,2014-11-07T01:01:59.490Z,"101 km ENE of Sola, Vanuatu",earthquake,,,,1,reviewed,us,us
1997-01-23T06:08:42.490Z,40.6766667,-122.6106667,3.943,2.72,md,5,210,0.5351,0.1,nc,nc1227901,2016-12-25T18:17:17.423Z,"3 km SE of French Gulch, California",earthquake,1.91,9.47,0.88,3,reviewed,nc,nc
1997-01-23T04:57:18.450Z,-5.547,147.34,199.8,4.1,mb,,,,0.94,us,usp0007w7z,2014-11-07T01:01:59.485Z,"125 km NNW of Finschhafen, Papua New Guinea",earthquake,,9.8,,2,reviewed,us,us
1997-01-23T02:15:22.970Z,-21.999,-65.719,276.2,7.1,mwc,,,,0.94,us,usp0007w7v,2022-04-29T16:42:04.212Z,"16 km NW of Villazón, Bolivia",earthquake,,,,,reviewed,us,hrv
1997-01-23T01:13:29.700Z,40.3325,-124.6818333,21.787,2.69,md,15,246,0.2982,0.07,nc,nc492213,2016-12-25T18:16:44.635Z,"44 km SW of Ferndale, California",earthquake,1.77,0.76,0.08,14,reviewed,nc,nc
1997-01-23T00:51:14.120Z,-3.023,136.475,53.7,4.9,mb,,,,0.79,us,usp0007w7u,2014-11-07T01:01:59.429Z,"Papua, Indonesia",earthquake,,8.2,,20,reviewed,us,us
1997-01-23T00:34:04.410Z,59.3272,-149.7535,13.9,2.7,ml,,,,0.42,ak,ak997121ka1l,2020-02-20T18:19:23.075Z,"84 km SSW of Lowell Point, Alaska",earthquake,,3.7,,,reviewed,ak,ak
1997-01-23T00:05:59.920Z,46.7683333,-122.8276667,3.236,3.6,md,8,90,0.1306,0.05,uw,uw10417453,2016-07-23T17:29:50.030Z,"4 km SE of Bucoda, Washington",explosion,0.241,0.06,0.05,3,reviewed,uw,uw
1997-01-22T22:16:08.180Z,-15.217,-75.865,33,3.9,mb,,,,0.65,us,usp0007w7s,2014-11-07T01:01:59.422Z,"77 km WNW of San Juan, Peru",earthquake,,,,1,reviewed,us,us
1997-01-22T21:42:51.480Z,33.258,-115.699,3.67,2.86,ml,0,47.7,0.1007,0.224,ci,ci7057229,2016-02-12T08:51:47.520Z,"11km SSE of Bombay Beach, California",earthquake,,0.399,,0,reviewed,ci,ci
1997-01-22T20:12:58.350Z,51.605,16.318,5,3.7,ml,,,,0.68,us,usp0007w7q,2014-11-07T01:01:59.415Z,"10 km E of Gr?bocice, Poland",earthquake,,,,,reviewed,us,grf
1997-01-22T19:13:22.480Z,-8.99,124.654,100,3.8,mb,,,,0.69,us,usp0007w7n,2014-11-07T01:01:59.411Z,"29 km WNW of Atambua, Indonesia",earthquake,,,,4,reviewed,us,us
1997-01-22T18:27:29.660Z,36.275,35.997,10,5.3,mb,,,,1.09,us,usp0007w7m,2014-11-07T01:01:59.395Z,"9 km NW of Toygarl?, Turkey",earthquake,,,,53,reviewed,us,us
1997-01-22T18:24:50.200Z,36.239,35.922,10,5.1,mb,,,,1.16,us,usp0007w7k,2022-04-29T16:41:58.254Z,"13 km WNW of Toygarl?, Turkey",earthquake,,,,56,reviewed,us,us
1997-01-22T18:22:06.320Z,36.061,35.669,10,4.3,mb,,,,0.97,us,usp0007w7j,2014-11-07T01:01:59.375Z,"34 km WSW of Uzunba?, Turkey",earthquake,,,,8,reviewed,us,us
1997-01-22T18:21:26.290Z,40.3403333,-124.6475,18.377,3.09,md,26,239,0.273,0.05,nc,nc492161,2016-12-25T18:16:18.856Z,"41 km SW of Ferndale, California",earthquake,0.92,0.41,0.08,30,reviewed,nc,nc
1997-01-22T18:14:55.240Z,-8.82,124.287,33,5.1,mb,,,,1.14,us,usp0007w7g,2014-11-07T01:01:59.354Z,"43 km NNW of Pante Makasar, Timor Leste",earthquake,,,,14,reviewed,us,us
1997-01-22T17:57:18.700Z,36.25,35.951,10,5.7,mwc,,,,1.07,us,usp0007w7f,2022-04-29T16:41:53.130Z,"11 km WNW of Toygarl?, Turkey",earthquake,,,,,reviewed,us,hrv
1997-01-22T17:04:32.490Z,10.048,126.215,33,4.2,mb,,,,0.89,us,usp0007w7e,2014-11-07T01:01:59.274Z,"19 km E of Santa Monica, Philippines",earthquake,,,,2,reviewed,us,us
1997-01-22T16:57:14.390Z,38.629,26.864,33,3.2,mb,,,,1.14,us,usp0007w7d,2014-11-07T01:01:59.272Z,"10 km ESE of Foça, Turkey",earthquake,,,,1,reviewed,us,us
1997-01-22T14:49:02.180Z,-17.418,-179.023,500,4.3,mb,,,,0.86,us,usp0007w7c,2014-11-07T01:01:59.269Z,"190 km ENE of Levuka, Fiji",earthquake,,,,7,reviewed,us,us
1997-01-22T12:50:47.040Z,-19.423,-178.481,500,4.1,mb,,,,0.33,us,usp0007w78,2014-11-07T01:01:59.264Z,"276 km ESE of Levuka, Fiji",earthquake,,,,2,reviewed,us,us
1997-01-22T11:48:01.820Z,41.117,-126.11,14.1,3.9,mb,,,,,us,usp0007w77,2016-12-25T18:15:48.347Z,"165 km WNW of Indianola, California",earthquake,,,,1,reviewed,nc,us
1997-01-22T10:15:47.820Z,39.906,75.643,33,3.4,mb,,,,1.22,us,usp0007w75,2014-11-07T01:01:59.256Z,"56 km NNW of Kashgar, China",earthquake,,,,1,reviewed,us,us
1997-01-22T09:59:06.210Z,39.755,76.597,33,3.3,mb,,,,0.32,us,usp0007w74,2014-11-07T01:01:59.255Z,"60 km ENE of Kashgar, China",earthquake,,,,1,reviewed,us,us
1997-01-22T08:57:33.160Z,40.2853333,-124.3995,22.344,2.8,md,26,225,0.07928,0.05,nc,nc492097,2016-12-25T18:14:57.280Z,"33 km SW of Scotia, California",earthquake,0.86,0.31,0.18,24,reviewed,nc,nc
1997-01-22T08:45:47.020Z,-6.124,130.155,33,4.3,mb,,,,1.37,us,usp0007w72,2014-11-07T01:01:59.252Z,"292 km W of Tual, Indonesia",earthquake,,,,4,reviewed,us,us
1997-01-22T08:20:49.580Z,40.3018333,-124.502,20.744,2.57,md,10,252,0.1577,0.04,nc,nc492092,2016-12-25T18:14:25.814Z,"36 km SSW of Ferndale, California",earthquake,1.7,0.37,0.26,12,reviewed,nc,nc
1997-01-22T08:11:21.360Z,35.306,77.894,33,3.5,mb,,,,1.19,us,usp0007w70,2014-11-07T01:01:59.250Z,"108 km ENE of Thang, India",earthquake,,,,2,reviewed,us,us
1997-01-22T08:00:43.400Z,40.3321667,-124.6343333,22.657,4.6,mw,33,238,0.264,0.05,nc,nc492088,2016-12-25T18:14:18.330Z,"41 km SW of Ferndale, California",earthquake,0.72,0.56,,3,reviewed,nc,nc
1997-01-22T07:29:10.050Z,-22.63,-179.724,600,4.3,mb,,,,0.79,us,usp0007w6x,2014-11-07T01:01:59.244Z,"south of the Fiji Islands",earthquake,,,,4,reviewed,us,us
1997-01-22T07:25:17.740Z,40.3025,-124.508,20.137,2.66,md,23,243,0.1631,0.04,nc,nc492083,2016-12-25T18:14:01.214Z,"36 km SW of Ferndale, California",earthquake,0.81,0.18,0.24,27,reviewed,nc,nc
1997-01-22T07:18:14.160Z,-34.559,-70.633,10,4.1,md,,,,0.4,us,usp0007w6w,2014-11-07T01:01:59.242Z,"26 km SE of Rengo, Chile",earthquake,,,,,reviewed,us,san
1997-01-22T07:17:16.810Z,40.2736667,-124.3791667,23.007,5.6,mw,27,217,0.06036,0.08,nc,nc492079,2022-04-29T16:41:45.044Z,"33 km SW of Scotia, California",earthquake,0.94,0.49,,3,reviewed,nc,nc
1997-01-22T07:14:56.400Z,45.008,9.106,10,2.9,ml,,,,0.98,us,usp0007w6u,2014-11-07T01:01:59.231Z,"0 km NNE of Montebello, Italy",earthquake,,,,,reviewed,us,ldg
1997-01-22T06:19:32.970Z,63.1117,-150.9815,123.8,2.9,ml,,,,0.14,ak,ak99710hidn5,2020-02-20T18:19:25.294Z,"60 km SE of Denali National Park, Alaska",earthquake,,2.3,,,reviewed,ak,ak
1997-01-22T05:21:19.880Z,-32.963,-72.023,10,3.3,md,,,,0.49,us,usp0007w6s,2014-11-07T01:01:59.224Z,"37 km WNW of Valparaíso, Chile",earthquake,,,,,reviewed,us,san
1997-01-22T05:16:12.750Z,37.3415,-118.6821667,14.003,2.78,md,26,154,0.0955,0.05,nc,nc492065,2016-12-25T18:13:23.340Z,"12 km SW of Round Valley, California",earthquake,0.36,0.93,0.25,35,reviewed,nc,nc
1997-01-22T04:24:01.580Z,-22.177,-175.714,33,5,mb,,,,0.86,us,usp0007w6r,2014-11-07T01:01:59.213Z,"122 km SSW of Vaini, Tonga",earthquake,,,,21,reviewed,us,us
1997-01-22T02:41:09.010Z,-32.549,-71.929,20,3.5,md,,,,0.52,us,usp0007w6p,2014-11-07T01:01:59.210Z,"60 km NNW of Valparaíso, Chile",earthquake,,,,,reviewed,us,san
1997-01-22T02:40:19.830Z,35.079,-118.947,9.821,3.31,ml,0,64.8,,0.269,ci,ci7057163,2016-02-11T20:22:12.401Z,"15km N of Grapevine, California",earthquake,,0.478,,77,reviewed,ci,ci
1997-01-22T02:14:32.530Z,43.085,17.857,10,3,m,,,,0.8,us,usp0007w6m,2014-11-07T01:01:59.204Z,"5 km S of Crni?i, Bosnia and Herzegovina",earthquake,,,,,reviewed,us,zag
1997-01-22T02:03:05.470Z,43.009,17.747,10,3.3,m,,,,1.15,us,usp0007w6j,2014-11-07T01:01:59.198Z,"9 km ESE of Metkovi?, Croatia",earthquake,,,,,reviewed,us,zag
1997-01-22T01:56:32.670Z,10.549,93.647,128.5,4.5,mb,,,,1.02,us,usp0007w6h,2014-11-07T01:01:59.196Z,"157 km SE of Port Blair, India",earthquake,,27.4,,2,reviewed,us,us
1997-01-22T01:21:49.280Z,59.7563,-152.9527,94.8,2.9,ml,,,,0.2,ak,ak99710ejob4,2020-02-20T18:19:26.098Z,"63 km W of Anchor Point, Alaska",earthquake,,1.4,,,reviewed,ak,ak
1997-01-21T22:44:02.180Z,42.014,142.421,73.8,4.5,mb,,,,1.17,us,usp0007w6f,2014-11-07T01:01:59.187Z,"35 km S of Shizunai-furukawach?, Japan",earthquake,,14.9,,3,reviewed,us,us
1997-01-21T22:32:47.730Z,46.643,10.493,5,2.8,ml,,,,1.14,us,usp0007w6e,2014-11-07T01:01:59.185Z,"2 km E of Tubre, Italy",earthquake,,,,,reviewed,us,fur
1997-01-21T21:23:45.610Z,13.519,146.118,63.9,4.2,mb,,,,0.94,us,usp0007w6d,2014-11-07T01:01:59.183Z,"133 km E of Yigo Village, Guam",earthquake,,16.1,,3,reviewed,us,us
1997-01-21T21:19:58.930Z,16.413,-98.035,33,5.5,mwc,,,,0.99,us,usp0007w6c,2022-04-29T16:41:39.925Z,"3 km E of San Miguel Tlacamama, Mexico",earthquake,,,,,reviewed,us,hrv
1997-01-21T20:57:58.510Z,-2.001,128.675,33,4.4,mb,,,,0.62,us,usp0007w6b,2014-11-07T01:01:59.170Z,"150 km N of Amahai, Indonesia",earthquake,,,,3,reviewed,us,us
1997-01-21T20:47:46.710Z,38.047,29.03,16.3,5.2,mwc,,,,1.06,us,usp0007w6a,2022-04-29T16:41:34.765Z,"10 km NNW of Akköy, Turkey",earthquake,,,,,reviewed,us,hrv
1997-01-21T20:10:34.340Z,36.776,-5.431,10,2.8,mblg,,,,0.44,us,usp0007w69,2014-11-07T01:01:59.150Z,"5 km WNW of Grazalema, Spain",earthquake,,,,,reviewed,us,mdd
1997-01-21T18:29:28.950Z,-20.83,-174.24,33,4.6,mb,,,,0.59,us,usp0007w68,2014-11-07T01:01:59.148Z,"92 km ENE of Kolonga, Tonga",earthquake,,,,4,reviewed,us,us
1997-01-21T17:31:11.650Z,39.4678333,-122.993,7.246,3.1,md,38,57,0.05586,0.05,nc,nc30126138,2016-12-25T18:11:41.510Z,"19 km NNE of Potter Valley, California",earthquake,0.18,0.39,0.1,60,reviewed,nc,nc
1997-01-21T17:25:42.050Z,59.0368,-154.4402,122.7,2.9,ml,,,,0.23,ak,ak997z0k3st,2020-02-20T18:19:27.553Z,"48 km SSE of Kokhanok, Alaska",earthquake,,1,,,reviewed,ak,ak
1997-01-21T16:28:34.850Z,34.621,-116.667,4.515,2.6,mc,0,61.9,,0.145,ci,ci7057098,2016-02-13T02:48:58.284Z,"34km NE of Lucerne Valley, California",earthquake,,0.712,,83,reviewed,ci,ci
1997-01-21T14:59:02.020Z,33.992,-116.991,17.855,2.61,mc,0,22.5,,0.164,ci,ci7057088,2016-02-13T07:49:48.459Z,"6km E of Calimesa, California",earthquake,,0.39,,93,reviewed,ci,ci
1997-01-21T14:21:00.460Z,0.879,-27.677,10,4.8,mb,,,,0.86,us,usp0007w63,2014-11-07T01:01:59.134Z,"central Mid-Atlantic Ridge",earthquake,,,,5,reviewed,us,us
1997-01-21T13:52:43.100Z,15.063,-97.422,71.9,4.8,mb,,,,1.16,us,usp0007w62,2014-11-07T01:01:59.131Z,"94 km SSW of La Barra de Colotepec, Mexico",earthquake,,,,7,reviewed,us,us
1997-01-21T13:49:01.690Z,-5.445,152.116,33,4.3,mb,,,,1.53,us,usp0007w61,2014-11-07T01:01:59.129Z,"123 km S of Kokopo, Papua New Guinea",earthquake,,,,3,reviewed,us,us
1997-01-21T13:05:58.300Z,59.3985,-145.0133,10,2.5,ml,,,,0.37,ak,ak997yy24ba,2020-02-20T18:19:28.907Z,"134 km SSE of Cordova, Alaska",earthquake,,46.2,,,reviewed,ak,ak
1997-01-21T09:24:47.760Z,59.5523,-151.4983,9.6,2.5,ml,,,,0.37,ak,ak997yvsfoo,2020-02-20T18:19:30.083Z,"10 km SSE of Homer, Alaska",earthquake,,0.3,,,reviewed,ak,ak
1997-01-21T08:33:17.220Z,60.4252,-146.8872,20.2,2.8,ml,,,,0.32,ak,ak997yv8v62,2020-02-20T18:19:30.574Z,"50 km SSW of Tatitlek, Alaska",earthquake,,1.2,,,reviewed,ak,ak
1997-01-21T06:24:04.650Z,37.356,143.162,33,4.3,mb,,,,1.05,us,usp0007w5u,2014-11-07T01:01:59.109Z,"191 km E of Namie, Japan",earthquake,,,,1,reviewed,us,us
1997-01-21T04:50:01.280Z,-21.133,-178.768,600,4.8,mb,,,,0.96,us,usp0007w5r,2014-11-07T01:01:59.103Z,"Fiji region",earthquake,,,,10,reviewed,us,us
1997-01-21T04:03:15.700Z,47.825,-114.29,4.4,2.6,ml,,,,,us,usp0007w5p,2014-11-07T01:01:59.100Z,"3 km N of Big Arm, Montana",earthquake,,,,,reviewed,but,but
1997-01-21T04:03:06.690Z,-2.807,129.553,33,4.2,mb,,,,1.06,us,usp0007w5n,2014-11-07T01:01:59.099Z,"91 km NE of Amahai, Indonesia",earthquake,,,,4,reviewed,us,us
1997-01-21T03:44:33.970Z,-23.789,-176.045,100,3.9,mb,,,,1.17,us,usp0007w5m,2014-11-07T01:01:59.097Z,"294 km SSW of ‘Ohonua, Tonga",earthquake,,,,1,reviewed,us,us
1997-01-21T03:07:12.400Z,45.961,6.028,5,2.9,ml,,,,1.13,us,usp0007w5k,2014-11-07T01:01:59.093Z,"1 km SW of La Balme-de-Sillingy, France",earthquake,,,,,reviewed,us,str
1997-01-21T02:50:15.610Z,-31.752,-67.766,52.5,4.1,md,,,,0.94,us,usp0007w5j,2014-11-07T01:01:59.091Z,"50 km ESE of Caucete, Argentina",earthquake,,10.9,,,reviewed,us,san
1997-01-21T02:15:55.930Z,46.027,6.029,10,3,ml,,,,0.93,us,usp0007w5g,2014-11-07T01:01:59.083Z,"4 km NNW of Choisy, France",earthquake,,,,,reviewed,us,str
1997-01-21T01:48:30.100Z,39.474,76.998,33,5.9,mwc,,,,1.34,us,usp0007w5f,2022-04-29T16:41:33.518Z,"86 km E of Kashgar, China",earthquake,,,,,reviewed,us,hrv
1997-01-21T01:47:15.860Z,39.515,76.931,33,4.9,mb,,,,1.08,us,usp0007w5e,2022-04-29T16:41:27.519Z,"81 km E of Kashgar, China",earthquake,,,,38,reviewed,us,us
1997-01-21T01:35:32.340Z,38.6658333,-119.538,1.013,3,md,29,154,0.4432,0.05,nc,nc491874,2016-12-25T18:09:58.278Z,"3 km S of Topaz Lake, Nevada",earthquake,0.52,1.47,0.1,44,reviewed,nc,nc
1997-01-20T22:23:23.260Z,3.599,127.254,33,4.4,mb,,,,0.57,us,usp0007w5a,2014-11-07T01:01:59.055Z,"223 km NNW of Tobelo, Indonesia",earthquake,,,,5,reviewed,us,us
1997-01-20T20:57:56.370Z,-18.955,169.445,33,4.7,mb,,,,1.35,us,usp0007w58,2014-11-07T01:01:59.050Z,"67 km NNE of Isangel, Vanuatu",earthquake,,,,11,reviewed,us,us
1997-01-20T19:32:27.050Z,-34.584,-70.779,100,3.2,md,,,,0.18,us,usp0007w55,2014-11-07T01:01:59.046Z,"21 km SSE of Rengo, Chile",earthquake,,,,,reviewed,us,san
1997-01-20T19:10:38.920Z,34.138,141.364,33,4.7,mb,,,,1.27,us,usp0007w54,2014-11-07T01:01:59.041Z,"147 km SE of Katsuura, Japan",earthquake,,,,11,reviewed,us,us
1997-01-20T18:57:23.930Z,35.372,77.542,33,3.6,mb,,,,1.3,us,usp0007w53,2014-11-07T01:01:59.039Z,"84 km NE of Thang, India",earthquake,,,,1,reviewed,us,us
1997-01-20T18:46:11.120Z,-8.873,122.45,139.1,4.4,mb,,,,1.39,us,usp0007w52,2014-11-07T01:01:59.037Z,"38 km SE of Maumere, Indonesia",earthquake,,12.2,,4,reviewed,us,us
1997-01-20T18:27:42.490Z,51.126,15.758,5,2.7,ml,,,,0.94,us,usp0007w51,2014-11-07T01:01:59.035Z,"9 km SSW of Olszanica, Poland",earthquake,,,,,reviewed,us,mox
1997-01-20T18:14:57.440Z,56.0033,-152.3565,10,3.9,ml,,,,0.69,ak,ak997xdjv80,2020-02-20T18:19:32.566Z,"145 km SSE of Old Harbor, Alaska",earthquake,,25.4,,,reviewed,ak,ak
1997-01-20T17:53:43.670Z,38.108,73.063,59.7,4.6,mb,,,,1.38,us,usp0007w4y,2014-11-07T01:01:59.024Z,"79 km W of Murghob, Tajikistan",earthquake,,13.1,,9,reviewed,us,us
1997-01-20T17:27:41.920Z,36.7868333,-121.9741667,10.952,2.51,md,5,218,0.4919,0.01,nc,nc1227880,2016-12-25T18:09:29.096Z,"16 km W of Moss Landing, California",earthquake,2.87,2.43,0.25,2,reviewed,nc,nc
1997-01-20T17:22:08.600Z,-24.341,179.389,600,4.7,mb,,,,0.88,us,usp0007w4w,2014-11-07T01:01:59.019Z,"south of the Fiji Islands",earthquake,,,,12,reviewed,us,us
1997-01-20T17:02:46.750Z,56.0937,-152.4747,10,4.5,mb,,,,0.5,ak,ak997xcvu77,2020-02-20T18:19:33.019Z,"133 km SSE of Old Harbor, Alaska",earthquake,,14.6,,,reviewed,ak,ak
1997-01-20T16:58:37.020Z,56.1007,-152.9865,-3,3.7,ml,,,,1.6,ak,ak997xcmdxy,2020-02-20T18:19:33.588Z,"118 km SE of Akhiok, Alaska",earthquake,,52.8,,,reviewed,ak,ak
1997-01-20T16:34:29.630Z,56.017,-152.7292,10,3.5,ml,,,,0.15,ak,ak997xch86r,2020-02-20T18:19:34.007Z,"136 km SE of Akhiok, AK",earthquake,,17.7,,,reviewed,ak,ak
1997-01-20T16:27:20.410Z,62.8895,-149.7268,78.7,2.5,ml,,,,0.13,ak,ak997xcfpgp,2020-02-20T18:19:34.378Z,"52 km NNE of Chase, Alaska",earthquake,,2.7,,,reviewed,ak,ak
1997-01-20T14:57:50.450Z,5.521,126.301,123.3,4.5,mb,,,,0.82,us,usp0007w4q,2014-11-07T01:01:58.978Z,"85 km ESE of Caburan, Philippines",earthquake,,8.8,,8,reviewed,us,us
1997-01-20T14:45:27.270Z,35.393,77.713,33,3.4,mb,,,,1.22,us,usp0007w4p,2014-11-07T01:01:58.977Z,"98 km ENE of Thang, India",earthquake,,,,1,reviewed,us,us
1997-01-20T14:43:16.690Z,56.0402,-152.4483,10,4.2,mb,,,,0.75,ak,ak997xbc9f9,2020-02-20T18:19:34.783Z,"139 km SSE of Old Harbor, Alaska",earthquake,,10.5,,,reviewed,ak,ak
1997-01-20T14:37:22.940Z,18.796,121.86,83.7,4.6,mb,,,,0.86,us,usp0007w4m,2014-11-07T01:01:58.966Z,"44 km NW of San Vicente, Philippines",earthquake,,,,6,reviewed,us,us
1997-01-20T14:20:40.790Z,56.334,-153.032,33,2.7,mb,,,,1.19,us,usp0007w4k,2014-11-07T01:01:58.965Z,"97 km SE of Akhiok, Alaska",earthquake,,,,1,reviewed,us,us
1997-01-20T13:49:58.190Z,13.011,144.04,120.6,3.8,mb,,,,0.89,us,usp0007w4h,2014-11-07T01:01:58.962Z,"73 km WSW of Merizo Village, Guam",earthquake,,7.4,,3,reviewed,us,us
1997-01-20T13:49:00.140Z,56.914,-153.099,33,3,mb,,,,1.43,us,usp0007w4g,2014-11-07T01:01:58.961Z,"34 km SSE of Old Harbor, Alaska",earthquake,,,,1,reviewed,us,us
1997-01-20T13:31:26.600Z,56.598,-152.645,33,2.8,mb,,,,1.2,us,usp0007w4f,2014-11-07T01:01:58.960Z,"78 km SSE of Old Harbor, Alaska",earthquake,,,,1,reviewed,us,us
1997-01-20T13:30:54.480Z,35.503,77.893,33,3.9,mb,,,,0.95,us,usp0007w4e,2014-11-07T01:01:58.957Z,"118 km ENE of Thang, India",earthquake,,,,2,reviewed,us,us
1997-01-20T13:16:33.840Z,56.0968,-152.3462,10,5.2,mw,,,,0.49,ak,ak997xal2t4,2025-12-19T22:16:14.947Z,"136 km SSE of Old Harbor, Alaska",earthquake,,15.3,,,reviewed,ak,ak
1997-01-20T12:33:31.240Z,-11.936,165.934,33,4.5,ms,,,,1.18,us,usp0007w4c,2014-11-07T01:01:58.939Z,"134 km S of Lata, Solomon Islands",earthquake,,,,1,reviewed,us,us
1997-01-20T10:46:04.410Z,9.997,126.219,33,4.3,mb,,,,0.81,us,usp0007w4a,2014-11-07T01:01:58.936Z,"19 km NE of Pilar, Philippines",earthquake,,,,2,reviewed,us,us
1997-01-20T10:30:01.170Z,34.486,139.288,33,3.6,mb,,,,1.23,us,usp0007w48,2014-11-07T01:01:58.932Z,"37 km SE of Shimoda, Japan",earthquake,,,,1,reviewed,us,us
1997-01-20T09:48:52.710Z,62.6748,-148.329,40.3,2.8,ml,,,,0.17,ak,ak997x8e8rb,2020-02-20T18:19:36.950Z,"85 km SSE of Cantwell, Alaska",earthquake,,10.5,,,reviewed,ak,ak
1997-01-20T09:09:11.140Z,34.588,139.163,33,3.3,mb,,,,1.29,us,usp0007w46,2014-11-07T01:01:58.925Z,"22 km ESE of Shimoda, Japan",earthquake,,,,1,reviewed,us,us
1997-01-20T08:34:18.150Z,-31.449,179.472,500,4.8,mb,,,,1.22,us,usp0007w45,2014-11-07T01:01:58.923Z,"Kermadec Islands region",earthquake,,,,1,reviewed,us,us
1997-01-20T08:33:55.940Z,10.062,126.153,55.7,5.4,mwc,,,,1.19,us,usp0007w44,2022-04-29T16:41:21.390Z,"13 km ENE of Santa Monica, Philippines",earthquake,,11.3,,,reviewed,us,hrv
1997-01-20T08:20:18.400Z,60.2453,-152.2137,80.5,2.6,ml,,,,0.15,ak,ak997x7mqgg,2020-02-20T18:19:37.442Z,"37 km NW of Ninilchik, Alaska",earthquake,,2.4,,,reviewed,ak,ak
1997-01-20T08:14:00.630Z,-17.363,-69.451,172.6,4.4,mb,,,,0.84,us,usp0007w41,2014-11-07T01:01:58.908Z,"63 km ENE of Tarata, Peru",earthquake,,7.5,,4,reviewed,us,us
1997-01-20T07:12:00.900Z,38.254,-116.971,5,3,ml,,,,0.27,us,usp0007w40,2016-02-13T05:16:17.020Z,"30 km NE of Tonopah, Nevada",earthquake,,,,,reviewed,us,us
1997-01-20T06:27:50.750Z,31.96,-115.759,5.791,2.58,mc,0,250,0.6879,0.384,ci,ci7056973,2016-02-12T11:23:02.375Z,"63km WSW of Alberto Oviedo Mota, B.C., MX",earthquake,,,,31,reviewed,ci,ci
1997-01-20T06:16:24.900Z,39.605,-120.136,5,3,md,,,,0.29,us,usp0007w3z,2014-11-07T01:01:58.906Z,"8 km ESE of Sierra Brooks, California",earthquake,,,,,reviewed,us,nc
1997-01-20T05:55:58.760Z,25.331,64.606,33,4.1,mb,,,,0.59,us,usp0007w3y,2014-11-07T01:01:58.904Z,"13 km NNW of Ormara, Pakistan",earthquake,,,,1,reviewed,us,us
1997-01-20T05:52:57.690Z,24.191,122.309,33,4.2,mb,,,,0.84,us,usp0007w3x,2014-11-07T01:01:58.903Z,"75 km ENE of Hualien City, Taiwan",earthquake,,,,1,reviewed,us,us
1997-01-20T05:38:19.180Z,-19.271,167.588,33,4.3,mb,,,,1.5,us,usp0007w3w,2014-11-07T01:01:58.899Z,"180 km W of Isangel, Vanuatu",earthquake,,,,8,reviewed,us,us
1997-01-20T05:34:21.250Z,-11.971,166.044,33,4.5,mb,,,,1.31,us,usp0007w3v,2014-11-07T01:01:58.897Z,"140 km S of Lata, Solomon Islands",earthquake,,,,8,reviewed,us,us
1997-01-20T04:39:05.310Z,-32.042,-69.709,150,3.6,mb,,,,0.4,us,usp0007w3u,2014-11-07T01:01:58.895Z,"83 km SSW of Calingasta, Argentina",earthquake,,,,1,reviewed,us,us
1997-01-20T03:31:07.440Z,34.528,85.664,33,4.7,mb,,,,1.28,us,usp0007w3t,2014-11-07T01:01:58.889Z,"western Xizang",earthquake,,,,15,reviewed,us,us
1997-01-20T03:03:18.590Z,73.345,6.794,10,4.3,mb,,,,1.39,us,usp0007w3s,2014-11-07T01:01:58.885Z,"Greenland Sea",earthquake,,,,19,reviewed,us,us
1997-01-20T01:11:07.010Z,-30.108,-71.924,33,4.6,mb,,,,1.24,us,usp0007w3p,2014-11-07T01:01:58.880Z,"58 km WSW of Coquimbo, Chile",earthquake,,,,5,reviewed,us,us
1997-01-20T01:09:23.540Z,10.575,-61.839,10,3,md,,,,0.91,us,usp0007w3n,2014-11-07T01:01:58.879Z,"34 km WSW of Mucurapo, Trinidad and Tobago",earthquake,,,,,reviewed,us,trn
1997-01-20T01:07:35.820Z,32.656,-115.911,4.951,2.64,mc,0,138.7,0.01304,0.335,ci,ci7056952,2016-02-12T21:41:31.548Z,"12km SE of Ocotillo, California",earthquake,,0.213,,49,reviewed,ci,ci
1997-01-20T00:16:21.690Z,41.996,0.254,10,3,ml,,,,1.05,us,usp0007w3m,2014-11-07T01:01:58.876Z,"1 km SSW of Fonz, Spain",earthquake,,,,,reviewed,us,ldg
1997-01-20T00:07:45.660Z,10.325,-62.499,5,3.4,mb,,,,1.31,us,usp0007w3k,2014-11-07T01:01:58.875Z,"35 km SW of Güiria, Venezuela",earthquake,,,,1,reviewed,us,us
1997-01-19T23:41:14.530Z,-11.905,166.184,20.3,5.2,mwc,,,,1.03,us,usp0007w3h,2025-12-19T22:16:13.793Z,"137 km SSE of Lata, Solomon Islands",earthquake,,,,,reviewed,us,hrv
1997-01-19T23:15:57.800Z,43.075,0.112,10,2.5,ml,,,,0.84,us,usp0007w3g,2014-11-07T01:01:58.865Z,"2 km SW of Pouzac, France",earthquake,,,,,reviewed,us,ldg
1997-01-19T23:08:22.510Z,-12.074,166.191,33,4.4,mb,,,,1.12,us,usp0007w3f,2014-11-07T01:01:58.863Z,"155 km SSE of Lata, Solomon Islands",earthquake,,,,7,reviewed,us,us
1997-01-19T21:49:27.020Z,-11.974,166.217,33,5.4,mwc,,,,1.1,us,usp0007w3e,2025-12-19T22:16:12.674Z,"145 km SSE of Lata, Solomon Islands",earthquake,,,,,reviewed,us,hrv
1997-01-19T21:29:46.670Z,-23.181,-66.325,214.6,4.3,mb,,,,0.99,us,usp0007w3d,2014-11-07T01:01:58.852Z,"66 km W of El Aguilar, Argentina",earthquake,,9.4,,7,reviewed,us,us
1997-01-19T21:15:15.840Z,71.839,0.956,10,3,mb,,,,1.21,us,usp0007w3c,2014-11-07T01:01:58.851Z,"Norwegian Sea",earthquake,,,,1,reviewed,us,us
1997-01-19T21:09:08.550Z,36.152,69.386,121.8,4.2,mb,,,,0.98,us,usp0007w3b,2014-11-07T01:01:58.848Z,"24 km ENE of Nahr?n, Afghanistan",earthquake,,,,3,reviewed,us,us
1997-01-19T21:08:22.570Z,-21.722,-179.381,500,4,mb,,,,0.95,us,usp0007w3a,2014-11-07T01:01:58.846Z,"Fiji region",earthquake,,,,6,reviewed,us,us
1997-01-19T21:01:40.200Z,27.985,139.644,526.1,4.1,mb,,,,0.71,us,usp0007w39,2014-11-07T01:01:58.845Z,"Bonin Islands, Japan region",earthquake,,10.4,,1,reviewed,us,us
1997-01-19T20:43:21.930Z,-13.087,-77.043,47.1,4.6,mb,,,,0.78,us,usp0007w38,2014-11-07T01:01:58.842Z,"62 km WSW of Asia, Peru",earthquake,,,,4,reviewed,us,us
1997-01-19T20:21:55.270Z,4.869,125.199,33,4.3,mb,,,,0.93,us,usp0007w36,2014-11-07T01:01:58.839Z,"65 km SSW of Sarangani, Philippines",earthquake,,,,1,reviewed,us,us
1997-01-19T19:42:38.420Z,40.817,19.665,10,4.8,mb,,,,1.29,us,usp0007w35,2014-11-07T01:01:58.820Z,"9 km NNW of Roskovec, Albania",earthquake,,,,18,reviewed,us,us
1997-01-19T19:06:13.810Z,29.446,51.836,33,3.6,mb,,,,1.33,us,usp0007w34,2014-11-07T01:01:58.818Z,"26 km SE of K?zer?n, Iran",earthquake,,,,1,reviewed,us,us
1997-01-19T18:19:22.560Z,-11.987,165.953,44.7,4.3,mb,,,,1.14,us,usp0007w33,2014-11-07T01:01:58.777Z,"140 km S of Lata, Solomon Islands",earthquake,,,,7,reviewed,us,us
1997-01-19T16:53:52.390Z,-20.975,-174.156,33,4.8,mb,,,,1.33,us,usp0007w31,2014-11-07T01:01:58.770Z,"91 km ENE of ‘Ohonua, Tonga",earthquake,,,,11,reviewed,us,us
1997-01-19T16:05:44.920Z,37.3513333,-121.7168333,7.318,2.51,md,85,32,0.03333,0.04,nc,nc491681,2016-12-25T18:07:42.420Z,"9 km ESE of East Foothills, California",earthquake,0.08,0.22,0.11,97,reviewed,nc,nc
1997-01-19T15:01:59.900Z,36.9166667,-116.4053333,3.5,2.5,mh,11,301,1.201,0.37,ci,ci3294392,2016-02-12T08:51:35.306Z,"31km E of Beatty, Nevada",earthquake,2.52,31.61,,0,reviewed,ci,ci
1997-01-19T14:56:19.810Z,-37.874,178.659,100,4.6,mb,,,,1.07,us,usp0007w2z,2014-11-07T01:01:58.765Z,"103 km NNE of Gisborne, New Zealand",earthquake,,,,13,reviewed,us,us
1997-01-19T14:53:17.100Z,-21.073,-178.969,600,4.7,mb,,,,0.89,us,usp0007w2y,2014-11-07T01:01:58.757Z,"Fiji region",earthquake,,,,17,reviewed,us,us
1997-01-19T14:38:24.740Z,32.777,76.182,72.2,3.6,mb,,,,0.94,us,usp0007w2x,2014-11-07T01:01:58.755Z,"25 km NNE of Chamba, India",earthquake,,17.9,,1,reviewed,us,us
1997-01-19T13:59:24.420Z,33.728,74.993,33,3.1,mb,,,,0.73,us,usp0007w2w,2014-11-07T01:01:58.754Z,"9 km NNW of Kulgam, India",earthquake,,,,1,reviewed,us,us
1997-01-19T13:00:15.860Z,36.49,71.057,234.4,3.2,mb,,,,0.67,us,usp0007w2t,2014-11-07T01:01:58.750Z,"46 km SSE of Jurm, Afghanistan",earthquake,,13.8,,1,reviewed,us,us
1997-01-19T12:47:45.220Z,36.68,-2.847,10,2.7,mblg,,,,0.38,us,usp0007w2r,2014-11-07T01:01:58.747Z,"11 km SSW of El Ejido, Spain",earthquake,,,,,reviewed,us,mdd
1997-01-19T12:44:49.240Z,19.986,-70.819,33,3.6,mb,,,,1.17,us,usp0007w2q,2014-11-07T01:01:58.746Z,"18 km NE of Luperón, Dominican Republic",earthquake,,,,1,reviewed,us,us
1997-01-19T12:00:28.180Z,38.685,-7.646,10,3.6,mblg,,,,0.54,us,usp0007w2p,2014-11-07T01:01:58.743Z,"9 km WNW of Redondo, Portugal",earthquake,,,,,reviewed,us,mdd
1997-01-19T11:15:39.870Z,6.28,-73.149,150,3.8,mb,,,,0.99,us,usp0007w2n,2014-11-07T01:01:58.742Z,"7 km SSW of Ocamonte, Colombia",earthquake,,,,1,reviewed,us,us
1997-01-19T11:14:28.930Z,-9.574,120.622,33,4.1,mb,,,,0.67,us,usp0007w2m,2014-11-07T01:01:58.740Z,"40 km ENE of Waingapu, Indonesia",earthquake,,,,3,reviewed,us,us
1997-01-19T10:54:12.340Z,-17.287,-178.897,500,4.5,mb,,,,0.88,us,usp0007w2k,2014-11-07T01:01:58.731Z,"207 km ESE of Labasa, Fiji",earthquake,,,,13,reviewed,us,us
1997-01-19T10:36:57.590Z,52.206,-170.774,33,3.3,mb,,,,1.14,us,usp0007w2j,2014-11-07T01:01:58.730Z,"153 km WSW of Nikolski, Alaska",earthquake,,,,1,reviewed,us,us
1997-01-19T10:30:02.190Z,-5.581,129.964,29.6,5.4,mwc,,,,1.12,us,usp0007w2g,2025-12-19T22:16:11.529Z,"273 km SSE of Amahai, Indonesia",earthquake,,,,,reviewed,us,hrv
1997-01-19T09:40:20.430Z,-33.265,-70.937,70,3.9,md,,,,0.2,us,usp0007w2f,2014-11-07T01:01:58.719Z,"6 km WNW of Lampa, Chile",earthquake,,,,,reviewed,us,san
1997-01-19T09:33:11.040Z,31.767,130.956,10,3.4,mb,,,,1.35,us,usp0007w2d,2014-11-07T01:01:58.717Z,"11 km WNW of Miyakonoj?, Japan",earthquake,,,,1,reviewed,us,us
1997-01-19T09:32:45.710Z,-30.112,-72.736,33,3.8,mb,,,,0.24,us,usp0007w2c,2014-11-07T01:01:58.715Z,"135 km W of Coquimbo, Chile",earthquake,,,,1,reviewed,us,us
1997-01-19T08:25:14.350Z,-20.443,-178.322,600,4.5,mb,,,,1.03,us,usp0007w2b,2014-11-07T01:01:58.712Z,"Fiji region",earthquake,,,,10,reviewed,us,us
1997-01-19T07:08:24.600Z,36.168,7.411,10,4.3,mb,,,,1.3,us,usp0007w29,2014-11-07T01:01:58.705Z,"11 km WNW of Sedrata, Algeria",earthquake,,,,3,reviewed,us,us
1997-01-19T06:57:54.840Z,-19.307,-175.309,64.3,5,mb,,,,1.03,us,usp0007w28,2014-11-07T01:01:58.701Z,"114 km WNW of Pangai, Tonga",earthquake,,,,14,reviewed,us,us
1997-01-19T06:21:32.630Z,-20.799,-70.533,33,3.8,mb,,,,1.17,us,usp0007w27,2014-11-07T01:01:58.699Z,"76 km SSW of Iquique, Chile",earthquake,,,,2,reviewed,us,us
1997-01-19T05:32:12.130Z,51.51,-178.224,33,5.7,mwc,,,,0.97,us,usp0007w26,2022-04-29T16:41:19.466Z,"117 km WSW of Adak, Alaska",earthquake,,,,,reviewed,us,hrv
1997-01-19T04:55:22.320Z,28.8,130.046,33,3.8,mb,,,,1.12,us,usp0007w25,2014-11-07T01:01:58.675Z,"73 km NE of Naze, Japan",earthquake,,,,2,reviewed,us,us
1997-01-19T04:36:15.000Z,39.1,-105.1,5,2.7,ml,,,,,us,usp0007w23,2014-11-07T01:01:58.671Z,"8 km SE of Westcreek, Colorado",earthquake,,,,,reviewed,macr,us
1997-01-19T04:33:22.300Z,19.981,121.419,33,5.9,mwc,,,,0.96,us,usp0007w22,2022-04-29T16:41:14.069Z,"77 km SW of Basco, Philippines",earthquake,,,,,reviewed,us,hrv
1997-01-19T03:56:56.390Z,39.1,-105.1,5,2.9,mb,,,,,us,usp0007w21,2014-11-07T01:01:58.643Z,"8 km SE of Westcreek, Colorado",earthquake,,,,1,reviewed,macr,us
1997-01-19T03:51:02.420Z,59.033,-144.9433,10,3,ml,,,,0.29,ak,ak997vhatwi,2020-02-20T18:19:42.471Z,"174 km SSE of Cordova, Alaska",earthquake,,13,,,reviewed,ak,ak
1997-01-19T03:32:46.470Z,37.343,-118.5405,11.147,2.54,md,23,190,0.02072,0.04,nc,nc491658,2016-12-25T18:06:42.790Z,"7 km WSW of West Bishop, California",earthquake,0.56,0.84,0.15,30,reviewed,nc,nc
1997-01-19T03:21:53.210Z,31.2466667,-115.4833333,5.925,2.6,mh,5,295,1.414,0.48,ci,ci3294344,2016-02-13T10:20:40.304Z,"113km SSW of Alberto Oviedo Mota, B.C., MX",earthquake,4.06,31.61,,0,reviewed,ci,ci
1997-01-19T02:54:51.020Z,-30.12,-71.721,33,4.6,md,,,,1.01,us,usp0007w1z,2014-11-07T01:01:58.637Z,"41 km WSW of Coquimbo, Chile",earthquake,,,,,reviewed,us,san
1997-01-19T02:27:13.680Z,-5.028,108.403,651.2,5.5,mwc,,,,1.18,us,usp0007w1y,2025-12-19T22:16:10.406Z,"143 km N of Indramayu, Indonesia",earthquake,,,,,reviewed,us,hrv
1997-01-19T01:26:04.950Z,43.771,11.769,10,3,ml,,,,0.82,us,usp0007w1x,2014-11-07T01:01:58.618Z,"4 km ESE of Pratovecchio, Italy",earthquake,,,,,reviewed,us,ldg
1997-01-19T01:03:03.890Z,60.4137,-152.9245,152.8,2.6,ml,,,,0.18,ak,ak997vftofp,2020-02-20T18:19:42.834Z,"80 km ENE of Port Alsworth, Alaska",earthquake,,2.9,,,reviewed,ak,ak
1997-01-19T00:02:29.510Z,30.338,96.882,33,3.9,mb,,,,0.82,us,usp0007w1u,2014-11-07T01:01:58.609Z,"92 km SSW of Qamdo, China",earthquake,,,,1,reviewed,us,us
1997-01-18T23:59:09.770Z,30.272,96.787,33,4.7,mb,,,,1.12,us,usp0007w1t,2014-11-07T01:01:58.606Z,"102 km SSW of Qamdo, China",earthquake,,,,8,reviewed,us,us
1997-01-18T23:52:43.030Z,-3.246,147.35,33,3.6,mb,,,,0.76,us,usp0007w1s,2014-11-07T01:01:58.605Z,"134 km S of Lorengau, Papua New Guinea",earthquake,,,,1,reviewed,us,us
1997-01-18T23:22:39.520Z,38.459,68.43,33,3.3,mb,,,,1.45,us,usp0007w1q,2014-11-07T01:01:58.602Z,"12 km SW of Hisor, Tajikistan",earthquake,,,,1,reviewed,us,us
1997-01-18T23:18:39.230Z,-17.047,-174.069,33,4.5,mb,,,,1,us,usp0007w1p,2014-11-07T01:01:58.601Z,"124 km SSW of Hihifo, Tonga",earthquake,,,,2,reviewed,us,us
1997-01-18T22:54:37.480Z,42.392,142.018,139.2,3.9,mb,,,,0.84,us,usp0007w1m,2014-11-07T01:01:58.597Z,"29 km WNW of Shizunai-furukawach?, Japan",earthquake,,6,,3,reviewed,us,us
1997-01-18T22:48:42.850Z,-7.032,125.274,550,4.9,mb,,,,1.13,us,usp0007w1k,2014-11-07T01:01:58.595Z,"172 km N of Dili, Timor Leste",earthquake,,8,,12,reviewed,us,us
1997-01-18T22:31:49.850Z,18.036,145.308,400,3,mb,,,,1.02,us,usp0007w1h,2014-11-07T01:01:58.592Z,"Pagan region, Northern Mariana Islands",earthquake,,,,1,reviewed,us,us
1997-01-18T22:11:05.900Z,59.061,-144.9943,10,2.5,ml,,,,0.24,ak,ak997u4u5j2,2020-02-20T18:19:43.669Z,"170 km SSE of Cordova, Alaska",earthquake,,30.5,,,reviewed,ak,ak
1997-01-18T22:04:39.000Z,39.1,-105.1,5,3.3,mb,,,,,us,usp0007w1f,2014-11-07T01:01:58.587Z,"8 km SE of Westcreek, Colorado",earthquake,,,,1,reviewed,macr,us
1997-01-18T21:26:33.820Z,-0.95,137.331,33,4,mb,,,,0.61,us,usp0007w1e,2014-11-07T01:01:58.586Z,"141 km E of Biak, Indonesia",earthquake,,,,3,reviewed,us,us
1997-01-18T21:24:37.050Z,38.339,133.853,449.7,4.2,mb,,,,1.06,us,usp0007w1d,2014-11-07T01:01:58.583Z,"Sea of Japan",earthquake,,6.8,,4,reviewed,us,us
1997-01-18T20:49:55.770Z,-17.363,-68.839,196.4,3.4,mb,,,,0.31,us,usp0007w1c,2014-11-07T01:01:58.581Z,"70 km NW of Curahuara de Carangas, Bolivia",earthquake,,6.8,,1,reviewed,us,us
1997-01-18T19:47:40.380Z,46.476,12.939,10,3.4,ml,,,,1.06,us,usp0007w1b,2014-11-07T01:01:58.578Z,"5 km E of Ovaro, Italy",earthquake,,,,,reviewed,us,ldg
1997-01-18T19:45:19.600Z,12.09,93.685,26.7,4.7,mb,,,,1.29,us,usp0007w1a,2014-11-07T01:01:58.573Z,"112 km ENE of Port Blair, India",earthquake,,,,13,reviewed,us,us
1997-01-18T19:26:34.590Z,17.057,147.28,33,4.5,mb,,,,0.93,us,usp0007w19,2014-11-07T01:01:58.571Z,"261 km NE of Saipan, Northern Mariana Islands",earthquake,,,,2,reviewed,us,us
1997-01-18T19:08:56.460Z,-15.076,167.708,33,4.5,mb,,,,0.86,us,usp0007w18,2014-11-07T01:01:58.568Z,"68 km E of Port-Olry, Vanuatu",earthquake,,,,3,reviewed,us,us
1997-01-18T18:24:21.810Z,5.215,124.602,394.9,4.5,mb,,,,1.1,us,usp0007w16,2014-11-07T01:01:58.558Z,"78 km SSW of Katubao, Philippines",earthquake,,6.4,,18,reviewed,us,us
1997-01-18T18:20:35.190Z,-25.219,-179.415,500,4.7,mb,,,,0.9,us,usp0007w15,2014-11-07T01:01:58.543Z,"south of the Fiji Islands",earthquake,,,,10,reviewed,us,us
1997-01-18T18:19:46.670Z,46.215,13.011,10,2.7,ml,,,,1.05,us,usp0007w14,2014-11-07T01:01:58.540Z,"2 km ESE of Forgaria nel Friuli, Italy",earthquake,,,,,reviewed,us,vie
1997-01-18T17:13:50.680Z,24.179,122.668,55.6,5,mb,,,,0.88,us,usp0007w13,2014-11-07T01:01:58.531Z,"46 km SW of Yonakuni, Japan",earthquake,,6.2,,35,reviewed,us,us
1997-01-18T16:56:25.950Z,11.844,-61.086,90,3.3,mb,,,,1.3,us,usp0007w12,2014-11-07T01:01:58.529Z,"66 km ESE of Grenville, Grenada",earthquake,,11.1,,1,reviewed,us,us
1997-01-18T16:51:26.290Z,62.695,-148.3088,50.3,3.4,ml,,,,0.19,ak,ak997u1i645,2020-02-20T18:19:44.731Z,"84 km SSE of Cantwell, Alaska",earthquake,,2.5,,,reviewed,ak,ak
1997-01-18T16:47:14.790Z,38.6543333,-119.5455,0.231,2.53,md,18,209,0.7432,0.04,nc,nc491608,2016-12-25T18:05:59.853Z,"4 km NNW of Topaz, California",earthquake,0.84,6.86,0.04,12,reviewed,nc,nc
1997-01-18T16:27:51.590Z,38.861,70.518,33,4.6,mb,,,,0.91,us,usp0007w10,2014-11-07T01:01:58.519Z,"22 km SSE of Rasht, Tajikistan",earthquake,,,,11,reviewed,us,us
1997-01-18T16:03:22.810Z,46.417,10.301,10,3.1,ml,,,,1.02,us,usp0007w0z,2014-11-07T01:01:58.515Z,"4 km WSW of Valdisotto, Italy",earthquake,,,,,reviewed,us,str
1997-01-18T14:19:10.140Z,7.575,-72.958,150,3.9,mb,,,,0.88,us,usp0007w0x,2014-11-07T01:01:58.512Z,"19 km WSW of Arboledas, Colombia",earthquake,,,,1,reviewed,us,us
1997-01-18T13:08:49.860Z,36.401,25.594,33,4,mb,,,,1.36,us,usp0007w0u,2014-11-07T01:01:58.506Z,"13 km E of Mesariá, Greece",earthquake,,,,5,reviewed,us,us
1997-01-18T13:04:30.850Z,60.2318,-152.5468,92.8,3.5,ml,,,,0.29,ak,ak997tzfszx,2020-02-20T18:19:45.251Z,"52 km WNW of Ninilchik, Alaska",earthquake,,0.8,,,reviewed,ak,ak
1997-01-18T11:43:44.980Z,62.386,-149.3805,56.3,2.8,ml,,,,0.18,ak,ak997tyhbsy,2020-02-20T18:19:45.792Z,"34 km NE of Susitna North, Alaska",earthquake,,2.6,,,reviewed,ak,ak
1997-01-18T10:10:04.830Z,31.968,-115.783,5.791,2.85,mc,0,253,0.681,0.291,ci,ci7056795,2016-02-13T07:49:34.561Z,"65km WSW of Alberto Oviedo Mota, B.C., MX",earthquake,,,,42,reviewed,ci,ci
1997-01-18T09:54:42.730Z,-31.485,-66.73,134.5,4.5,mb,,,,0.64,us,usp0007w0q,2014-11-07T01:01:58.491Z,"106 km NW of Candelaria, Argentina",earthquake,,7.2,,1,reviewed,us,us
1997-01-18T09:24:16.730Z,-22.366,170.488,33,4.3,mb,,,,1.11,us,usp0007w0p,2014-11-07T01:01:58.489Z,"284 km ESE of Tadine, New Caledonia",earthquake,,,,1,reviewed,us,us
1997-01-18T08:09:49.710Z,-4.887,150.709,306.5,4.8,mb,,,,0.97,us,usp0007w0n,2014-11-07T01:01:58.486Z,"96 km NE of Kimbe, Papua New Guinea",earthquake,,6.3,,13,reviewed,us,us
1997-01-18T08:04:09.080Z,4.045,126.382,33,5.4,mwc,,,,1.04,us,usp0007w0m,2022-04-29T16:41:08.050Z,"181 km SE of Sarangani, Philippines",earthquake,,,,,reviewed,us,hrv
1997-01-18T07:38:27.330Z,36.527,71.385,93.2,4.4,mb,,,,0.77,us,usp0007w0k,2014-11-07T01:01:58.473Z,"21 km SW of Ashk?sham, Afghanistan",earthquake,,,,18,reviewed,us,us
1997-01-18T07:18:00.720Z,10.402,-61.416,33,3.5,md,,,,0.17,us,usp0007w0j,2014-11-07T01:01:58.472Z,"6 km ESE of Couva, Trinidad and Tobago",earthquake,,,,,reviewed,us,trn
1997-01-18T07:17:07.140Z,10.854,-61.887,10,3.1,md,,,,0.17,us,usp0007w0h,2014-11-07T01:01:58.470Z,"40 km WNW of Petit Valley, Trinidad and Tobago",earthquake,,,,,reviewed,us,trn
1997-01-18T06:38:52.610Z,-30.811,76.279,10,4.6,mb,,,,0.56,us,usp0007w0g,2014-11-07T01:01:58.468Z,"Mid-Indian Ridge",earthquake,,,,5,reviewed,us,us
1997-01-18T06:00:05.240Z,-34.019,-72.216,10,3.4,md,,,,0.7,us,usp0007w0f,2014-11-07T01:01:58.466Z,"73 km SW of San Antonio, Chile",earthquake,,,,,reviewed,us,san
1997-01-18T05:01:32.650Z,-71.235,-96.178,29.7,4.5,mb,,,,0.93,us,usp0007w0d,2014-11-07T01:01:58.463Z,"southern Pacific Ocean",earthquake,,,,3,reviewed,us,us
1997-01-18T04:41:49.870Z,-34.892,-179.277,33,4.2,mb,,,,0.36,us,usp0007w0c,2014-11-07T01:01:58.461Z,"south of the Kermadec Islands",earthquake,,,,3,reviewed,us,us
1997-01-18T04:11:12.230Z,34.307,32.389,33,4.1,mb,,,,1.02,us,usp0007w0b,2014-11-07T01:01:58.457Z,"49 km SW of Pissoúri, Cyprus",earthquake,,,,10,reviewed,us,us
1997-01-18T04:06:42.000Z,5.848,126.252,134.7,5.1,mb,,,,0.97,us,usp0007w0a,2014-11-07T01:01:58.448Z,"57 km S of Pondaguitan, Philippines",earthquake,,3.9,,33,reviewed,us,us
1997-01-18T03:14:36.450Z,-11.002,161.913,33,3.9,mb,,,,0.79,us,usp0007w09,2014-11-07T01:01:58.446Z,"60 km S of Kirakira, Solomon Islands",earthquake,,,,4,reviewed,us,us
1997-01-18T02:39:14.750Z,54.094,-158.119,33,4.4,mb,,,,1.08,us,usp0007w07,2014-11-07T01:01:58.440Z,"206 km SE of Sand Point, Alaska",earthquake,,,,14,reviewed,us,us
1997-01-18T02:31:10.830Z,44.875,147.064,65.9,3.8,mb,,,,1.32,us,usp0007w06,2014-11-07T01:01:58.439Z,"75 km WSW of Kuril’sk, Russia",earthquake,,26.3,,1,reviewed,us,us
1997-01-18T02:09:45.460Z,-23.892,179.717,500,3.8,mb,,,,0.28,us,usp0007w05,2014-11-07T01:01:58.437Z,"south of the Fiji Islands",earthquake,,,,3,reviewed,us,us
1997-01-18T01:31:58.260Z,-5.198,151.272,108.1,4.4,mb,,,,0.77,us,usp0007w04,2014-11-07T01:01:58.435Z,"131 km ENE of Kimbe, Papua New Guinea",earthquake,,10.3,,7,reviewed,us,us
1997-01-18T00:44:08.520Z,34.355,-118.74,16.356,3,ml,0,35.2,,0.224,ci,ci7056758,2016-02-11T20:21:39.943Z,"8km SE of Piru, California",earthquake,,0.308,,70,reviewed,ci,ci
1997-01-18T00:11:30.710Z,34.158,-116.424,0.332,3.27,ml,0,44.9,,0.202,ci,ci7056750,2016-02-12T04:03:17.609Z,"5km N of Yucca Valley, California",earthquake,,0.287,,89,reviewed,ci,ci
1997-01-18T00:04:51.900Z,11.043,-61.77,33,3.2,md,,,,0.48,us,usp0007w01,2014-11-07T01:01:58.428Z,"Windward Islands",earthquake,,,,,reviewed,us,trn
1997-01-17T23:24:09.890Z,-47.416,-13.451,10,5.8,mwc,,,,1.43,us,usp0007vzy,2022-04-29T16:41:06.332Z,"southern Mid-Atlantic Ridge",earthquake,,,,,reviewed,us,hrv
1997-01-17T23:22:50.570Z,-38.576,78.874,10,4.7,mb,,,,1.53,us,usp0007vzx,2014-11-07T01:01:58.414Z,"Mid-Indian Ridge",earthquake,,,,7,reviewed,us,us
1997-01-17T22:58:57.850Z,6.966,-72.888,150,4.5,mb,,,,1.2,us,usp0007vzw,2014-11-07T01:01:58.411Z,"3 km SE of Santa Bárbara, Colombia",earthquake,,,,3,reviewed,us,us
1997-01-17T22:57:51.010Z,-14.812,167.318,150,4.7,mb,,,,1.11,us,usp0007vzv,2014-11-07T01:01:58.404Z,"36 km NE of Port-Olry, Vanuatu",earthquake,,,,13,reviewed,us,us
1997-01-17T22:57:37.520Z,50.176,12.378,10,3.3,ml,,,,0.78,us,usp0007vzu,2014-11-07T01:01:58.400Z,"1 km ENE of Skalná, Czechia",earthquake,,,,,reviewed,us,str
1997-01-17T22:42:12.690Z,61.2113,-150.409,54.8,2.7,ml,,,,0.27,ak,ak997shhgr9,2020-02-20T18:19:47.424Z,"27 km W of Anchorage, Alaska",earthquake,,1,,,reviewed,ak,ak
1997-01-17T22:32:11.570Z,-24.308,-67.097,167.2,4.5,mb,,,,0.92,us,usp0007vzs,2014-11-07T01:01:58.392Z,"79 km W of San Antonio de los Cobres, Argentina",earthquake,,8.7,,6,reviewed,us,us
1997-01-17T21:57:29.140Z,-17.703,-178.491,550,4.5,mb,,,,1.04,us,usp0007vzr,2014-11-07T01:01:58.390Z,"235 km E of Levuka, Fiji",earthquake,,,,10,reviewed,us,us
1997-01-17T21:45:03.440Z,51.595,16.149,5,2.5,ml,,,,0.51,us,usp0007vzq,2014-11-07T01:01:58.387Z,"Poland",earthquake,,,,,reviewed,us,mox
1997-01-17T21:39:50.030Z,38.036,20.455,10,4.1,ml,,,,1.11,us,usp0007vzp,2014-11-07T01:01:58.384Z,"16 km S of Argostólion, Greece",earthquake,,,,,reviewed,us,rom
1997-01-17T21:14:15.890Z,0.908,-27.653,10,4.9,mb,,,,0.82,us,usp0007vzn,2014-11-07T01:01:58.374Z,"central Mid-Atlantic Ridge",earthquake,,,,40,reviewed,us,us
1997-01-17T21:13:28.120Z,0.947,-27.652,10,4.4,mb,,,,1.25,us,usp0007vzm,2014-11-07T01:01:58.372Z,"central Mid-Atlantic Ridge",earthquake,,,,3,reviewed,us,us
1997-01-17T21:10:41.170Z,0.965,-27.622,10,4.8,mb,,,,0.75,us,usp0007vzk,2014-11-07T01:01:58.365Z,"central Mid-Atlantic Ridge",earthquake,,,,28,reviewed,us,us
1997-01-17T20:58:39.190Z,-2.806,140.579,33,4.4,mb,,,,1.53,us,usp0007vzj,2014-11-07T01:01:58.363Z,"near the north coast of Papua, Indonesia",earthquake,,,,6,reviewed,us,us
1997-01-17T18:18:55.540Z,28.249,139.73,420.1,4.2,mb,,,,0.88,us,usp0007vzh,2014-11-07T01:01:58.360Z,"Bonin Islands, Japan region",earthquake,,6.9,,2,reviewed,us,us
1997-01-17T18:00:36.640Z,12.557,-87.965,100,3.2,mb,,,,1.49,us,usp0007vzg,2014-11-07T01:01:58.359Z,"near the coast of Nicaragua",earthquake,,,,1,reviewed,us,us
1997-01-17T16:11:43.190Z,28.369,130.274,33,3.3,mb,,,,1.18,us,usp0007vzc,2014-11-07T01:01:58.353Z,"77 km E of Naze, Japan",earthquake,,,,1,reviewed,us,us
1997-01-17T15:53:13.430Z,28.814,129.953,33,6.3,mwc,,,,1.04,us,usp0007vzb,2022-04-29T16:41:01.004Z,"67 km NE of Naze, Japan",earthquake,,,,,reviewed,us,hrv
1997-01-17T15:37:06.620Z,28.745,130.023,33,5.2,mb,,,,1.13,us,usp0007vza,2014-11-07T01:01:58.312Z,"67 km NE of Naze, Japan",earthquake,,,,59,reviewed,us,us
1997-01-17T14:59:31.130Z,44.528,-113.886,5,3.4,md,,,,0.15,us,usp0007vz9,2014-11-07T01:01:58.310Z,"Idaho-Montana border region",earthquake,,,,,reviewed,us,but
1997-01-17T14:25:58.280Z,36.041,-117.803,0.13,2.51,mc,0,109.4,0.0319,0.192,ci,ci7056686,2016-02-12T16:33:14.610Z,"13km E of Coso Junction, California",earthquake,,0.322,,47,reviewed,ci,ci
1997-01-17T13:55:44.180Z,-30.23,-72.509,50,4.5,mb,,,,0.73,us,usp0007vz8,2014-11-07T01:01:58.307Z,"116 km WSW of Coquimbo, Chile",earthquake,,,,3,reviewed,us,us
1997-01-17T13:52:41.880Z,-17.277,-178.891,500,4.6,mb,,,,1.24,us,usp0007vz7,2014-11-07T01:01:58.304Z,"208 km ESE of Labasa, Fiji",earthquake,,,,12,reviewed,us,us
1997-01-17T13:14:02.760Z,18.449,-67.443,10,3.2,md,,,,0.44,us,usp0007vz5,2014-11-07T01:01:58.301Z,"23 km WNW of Rincón, Puerto Rico",earthquake,,,,,reviewed,us,mpr
1997-01-17T12:05:01.630Z,-10.635,112.026,33,4,mb,,,,0.41,us,usp0007vz4,2014-11-07T01:01:58.300Z,"278 km S of Sumberpucung, Indonesia",earthquake,,,,1,reviewed,us,us
1997-01-17T11:35:49.960Z,11.008,-61.825,50,3.6,md,,,,0.29,us,usp0007vz3,2014-11-07T01:01:58.298Z,"45 km NW of Petit Valley, Trinidad and Tobago",earthquake,,,,,reviewed,us,trn
1997-01-17T11:20:22.060Z,-8.899,123.542,110.7,6.2,mwb,,,,0.96,us,usp0007vz2,2022-04-29T16:40:58.079Z,"81 km NNW of Naisano Dua, Indonesia",earthquake,,,,,reviewed,us,us
1997-01-17T11:16:16.600Z,-6.426,154.665,100,3.8,mb,,,,1.22,us,usp0007vz1,2014-11-07T01:01:58.254Z,"91 km W of Panguna, Papua New Guinea",earthquake,,,,5,reviewed,us,us
1997-01-17T11:06:31.310Z,-2.642,128.833,37.2,4.4,mb,,,,1.48,us,usp0007vz0,2014-11-07T01:01:58.251Z,"77 km N of Amahai, Indonesia",earthquake,,11.9,,9,reviewed,us,us
1997-01-17T10:49:01.140Z,-32.799,179.159,400,4,mb,,,,0.87,us,usp0007vyz,2014-11-07T01:01:58.249Z,"south of the Kermadec Islands",earthquake,,,,5,reviewed,us,us
1997-01-17T10:38:55.440Z,-1.704,123.984,33,4.4,mb,,,,1.35,us,usp0007vyy,2014-11-07T01:01:58.247Z,"157 km ESE of Luwuk, Indonesia",earthquake,,,,5,reviewed,us,us
1997-01-17T09:30:53.560Z,7.677,-36.759,10,4.1,mb,,,,0.67,us,usp0007vyx,2014-11-07T01:01:58.246Z,"central Mid-Atlantic Ridge",earthquake,,,,2,reviewed,us,us
1997-01-17T08:16:07.190Z,36.073,-117.658,0.357,2.56,mc,0,115.1,,0.171,ci,ci7056667,2016-02-12T01:32:06.932Z,"26km E of Coso Junction, California",earthquake,,0.313,,47,reviewed,ci,ci
1997-01-17T05:52:07.330Z,39.6078333,-120.1416667,6.113,2.89,md,23,237,0.5144,0.05,nc,nc491467,2016-12-25T18:03:02.955Z,"7 km ESE of Sierra Brooks, California",earthquake,0.73,2.28,0.15,30,reviewed,nc,nc
1997-01-17T05:13:39.860Z,36.517,71.032,250,3.5,mb,,,,0.46,us,usp0007vyt,2014-11-07T01:01:58.240Z,"42 km SSE of Jurm, Afghanistan",earthquake,,,,2,reviewed,us,us
1997-01-17T05:00:49.730Z,-22.09,-179.615,550,4.8,mb,,,,0.99,us,usp0007vys,2014-11-07T01:01:58.236Z,"south of the Fiji Islands",earthquake,,,,10,reviewed,us,us
1997-01-17T04:55:18.370Z,21.844,143.129,250,4,mb,,,,0.75,us,usp0007vyr,2014-11-07T01:01:58.234Z,"Mariana Islands region",earthquake,,,,2,reviewed,us,us
1997-01-17T04:29:01.950Z,68.827,-17.039,10,4.3,mb,,,,0.95,us,usp0007vyq,2014-11-07T01:01:58.230Z,"Iceland region",earthquake,,,,24,reviewed,us,us
1997-01-17T03:10:34.540Z,36.088,-117.643,0.577,2.52,mc,0,172,0.1179,0.181,ci,ci7056655,2016-02-13T07:49:24.056Z,"28km E of Coso Junction, California",earthquake,,0.359,,39,reviewed,ci,ci
1997-01-17T02:12:18.010Z,-4.163,151.142,33,4.1,mb,,,,1.4,us,usp0007vyp,2014-11-07T01:01:58.229Z,"113 km W of Rabaul, Papua New Guinea",earthquake,,,,2,reviewed,us,us
1997-01-17T01:02:16.540Z,-17.368,-178.979,550,4.6,mb,,,,0.96,us,usp0007vym,2014-11-07T01:01:58.219Z,"196 km ENE of Levuka, Fiji",earthquake,,,,17,reviewed,us,us
1997-01-17T00:57:20.160Z,-32.04,-70.149,120,3.7,md,,,,0.29,us,usp0007vyk,2014-11-07T01:01:58.216Z,"82 km ESE of Salamanca, Chile",earthquake,,,,,reviewed,us,san
1997-01-17T00:31:56.500Z,33.682,-117.064,-0.696,3.4,mc,0,81.6,0.03308,0.03,ci,ci3294148,2016-02-11T20:21:36.928Z,"3km SE of Winchester, California",quarry blast,,,,3,reviewed,ci,ci
1997-01-17T00:25:19.160Z,22.127,144.249,150,3.2,mb,,,,1.47,us,usp0007vyj,2014-11-07T01:01:58.215Z,"Volcano Islands, Japan region",earthquake,,,,1,reviewed,us,us
1997-01-17T00:18:58.290Z,18.536,-71.763,33,3.7,mb,,,,1.34,us,usp0007vyh,2014-11-07T01:01:58.213Z,"5 km SW of La Descubierta, Dominican Republic",earthquake,,,,1,reviewed,us,us
1997-01-16T23:37:44.620Z,-20.247,-177.879,500,4.1,mb,,,,1.23,us,usp0007vyg,2014-11-07T01:01:58.211Z,"295 km WNW of Haveluloto, Tonga",earthquake,,,,5,reviewed,us,us
1997-01-16T23:34:34.140Z,-58.368,-25.746,33,4.7,mb,,,,1.12,us,usp0007vyf,2014-11-07T01:01:58.209Z,"South Sandwich Islands region",earthquake,,,,5,reviewed,us,us
1997-01-16T23:29:07.120Z,37.857,-1.089,10,2.9,mblg,,,,1.41,us,usp0007vye,2014-11-07T01:01:58.207Z,"Spain",earthquake,,,,,reviewed,us,mdd
1997-01-16T23:00:23.670Z,-23.989,179.717,500,4.5,mb,,,,0.93,us,usp0007vyd,2014-11-07T01:01:58.205Z,"south of the Fiji Islands",earthquake,,,,8,reviewed,us,us
1997-01-16T22:13:15.530Z,61.264,-150.8515,49.3,2.6,ml,,,,0.11,ak,ak997qtrwpt,2020-02-20T18:19:49.457Z,"18 km NE of Beluga, Alaska",earthquake,,1.7,,,reviewed,ak,ak
1997-01-16T21:41:07.070Z,18.098,-102.675,28.3,5.5,mwc,,,,1.02,us,usp0007vyb,2022-04-29T16:40:52.696Z,"33 km WNW of El Habillal, Mexico",earthquake,,,,,reviewed,us,hrv
1997-01-16T21:23:23.570Z,-30.547,179.061,600,4.2,mb,,,,0.45,us,usp0007vya,2014-11-07T01:01:58.178Z,"Kermadec Islands region",earthquake,,,,5,reviewed,us,us
1997-01-16T20:46:39.820Z,37.3236667,-118.537,12.347,3.11,md,30,126,0.03604,0.12,nc,nc491428,2016-12-25T18:01:01.670Z,"8 km WSW of West Bishop, California",earthquake,0.35,1.1,0.29,51,reviewed,nc,nc
1997-01-16T20:38:16.420Z,-6.355,130.016,33,4,mb,,,,1.34,us,usp0007vy8,2014-11-07T01:01:58.175Z,"Banda Sea",earthquake,,,,2,reviewed,us,us
1997-01-16T20:18:54.840Z,3.078,-84.304,10,3.8,mb,,,,0.97,us,usp0007vy6,2014-11-07T01:01:58.173Z,"off the coast of Central America",earthquake,,,,1,reviewed,us,us
1997-01-16T19:46:51.820Z,-7.329,156.001,33,3.8,mb,,,,1.36,us,usp0007vy5,2014-11-07T01:01:58.171Z,"125 km SSE of Panguna, Papua New Guinea",earthquake,,,,4,reviewed,us,us
1997-01-16T19:26:21.670Z,-24.647,-116.485,10,4.3,mb,,,,0.55,us,usp0007vy4,2014-11-07T01:01:58.169Z,"southern East Pacific Rise",earthquake,,,,1,reviewed,us,us
1997-01-16T17:47:40.470Z,-7.445,156.176,33,3.9,mb,,,,1.45,us,usp0007vy2,2014-11-07T01:01:58.166Z,"103 km NW of Gizo, Solomon Islands",earthquake,,,,5,reviewed,us,us
1997-01-16T17:37:37.780Z,-7.508,156.216,33,4.6,mb,,,,1.13,us,usp0007vy1,2014-11-07T01:01:58.163Z,"95 km NW of Gizo, Solomon Islands",earthquake,,,,9,reviewed,us,us
1997-01-16T17:34:32.000Z,-9.806,161.008,100,3.7,mb,,,,1.11,us,usp0007vy0,2014-11-07T01:01:58.162Z,"119 km SSE of Auki, Solomon Islands",earthquake,,,,2,reviewed,us,us
1997-01-16T17:24:16.890Z,-2.23,125.975,33,4.5,mb,,,,1.37,us,usp0007vxz,2014-11-07T01:01:58.160Z,"294 km WNW of Ambon, Indonesia",earthquake,,,,3,reviewed,us,us
1997-01-16T16:42:01.150Z,-14.058,168.21,33,4,mb,,,,1.02,us,usp0007vxy,2014-11-07T01:01:58.158Z,"73 km ESE of Sola, Vanuatu",earthquake,,,,2,reviewed,us,us
1997-01-16T16:13:08.540Z,-22.298,-179.594,600,4.7,mb,,,,1.06,us,usp0007vxx,2014-11-07T01:01:58.155Z,"south of the Fiji Islands",earthquake,,,,12,reviewed,us,us
1997-01-16T16:02:49.420Z,40.3895,-124.9666667,23.223,3.43,md,26,259,0.4883,0.22,nc,nc491356,2016-12-25T18:00:20.059Z,"63 km WSW of Ferndale, California",earthquake,3.99,18.99,0.2,28,reviewed,nc,nc
1997-01-16T14:59:28.510Z,-21.028,-173.623,33,4.1,mb,,,,1.18,us,usp0007vxv,2014-11-07T01:01:58.151Z,"141 km ENE of ‘Ohonua, Tonga",earthquake,,,,3,reviewed,us,us
1997-01-16T14:57:12.970Z,30.906,138.669,400,3.8,mb,,,,0.72,us,usp0007vxu,2014-11-07T01:01:58.150Z,"Izu Islands, Japan region",earthquake,,,,1,reviewed,us,us
1997-01-16T14:18:22.250Z,-32.43,-72.007,10,3.4,md,,,,0.51,us,usp0007vxs,2014-11-07T01:01:58.147Z,"73 km W of La Ligua, Chile",earthquake,,,,,reviewed,us,san
1997-01-16T13:37:44.220Z,-6.895,72.097,10,4.4,mb,,,,0.89,us,usp0007vxr,2014-11-07T01:01:58.145Z,"Chagos Archipelago region",earthquake,,,,1,reviewed,us,us
1997-01-16T13:27:54.420Z,-31.555,-69.743,160,3.3,md,,,,0.42,us,usp0007vxq,2014-11-07T01:01:58.143Z,"39 km SW of Calingasta, Argentina",earthquake,,,,,reviewed,us,san
1997-01-16T11:44:22.880Z,-11.967,162.903,33,3.9,mb,,,,0.54,us,usp0007vxp,2014-11-07T01:01:58.141Z,"198 km SSE of Kirakira, Solomon Islands",earthquake,,,,2,reviewed,us,us
1997-01-16T11:28:41.710Z,1.297,121.569,33,4.4,mb,,,,0.87,us,usp0007vxm,2014-11-07T01:01:58.127Z,"186 km WNW of Gorontalo, Indonesia",earthquake,,,,7,reviewed,us,us
1997-01-16T10:40:58.260Z,-26.972,-176.637,33,4.8,mb,,,,0.98,us,usp0007vxk,2014-11-07T01:01:58.125Z,"south of the Fiji Islands",earthquake,,,,6,reviewed,us,us
1997-01-16T09:45:47.350Z,21.576,121.283,33,4.2,mb,,,,0.96,us,usp0007vxj,2014-11-07T01:01:58.123Z,"73 km SE of Hengchun, Taiwan",earthquake,,,,7,reviewed,us,us
1997-01-16T09:16:49.770Z,44.431,148.231,50,4.9,mb,,,,1.22,us,usp0007vxh,2014-11-07T01:01:58.120Z,"92 km SSE of Kuril’sk, Russia",earthquake,,,,2,reviewed,us,us
1997-01-16T08:13:11.100Z,-64.475,175.473,10,4.6,mb,,,,1.39,us,usp0007vxg,2014-11-07T01:01:58.118Z,"Balleny Islands region",earthquake,,,,5,reviewed,us,us
1997-01-16T07:49:58.740Z,47.4,149.966,250,4,mb,,,,1.14,us,usp0007vxf,2014-11-07T01:01:58.116Z,"290 km NE of Kuril’sk, Russia",earthquake,,,,4,reviewed,us,us
1997-01-16T07:36:56.300Z,37.3411667,-118.682,14.223,3.2,md,29,116,0.0955,0.03,nc,nc491295,2016-12-25T17:58:16.480Z,"12 km SW of Round Valley, California",earthquake,0.36,0.9,0.12,37,reviewed,nc,nc
1997-01-16T06:58:36.400Z,34.9388333,-120.7445,0.093,3.22,md,37,178,0.1072,0.13,nc,nc491290,2016-12-25T17:58:00.800Z,"16 km WSW of Guadalupe, California",earthquake,0.37,3.39,0.07,63,reviewed,nc,nc
1997-01-16T04:07:27.190Z,-6.109,142.189,33,4,mb,,,,1.07,us,usp0007vxb,2014-11-07T01:01:58.107Z,"88 km WSW of Tari, Papua New Guinea",earthquake,,,,4,reviewed,us,us
1997-01-16T03:48:28.110Z,-7.415,155.938,21,4.6,mb,,,,1.44,us,usp0007vxa,2014-11-07T01:01:58.104Z,"125 km NW of Gizo, Solomon Islands",earthquake,,,,12,reviewed,us,us
1997-01-16T03:41:20.160Z,17.224,120.507,50,3.9,mb,,,,1.51,us,usp0007vx9,2014-11-07T01:01:58.102Z,"5 km E of Tablac, Philippines",earthquake,,,,3,reviewed,us,us
1997-01-16T02:56:28.670Z,39.6218333,-120.0883333,-1.345,2.63,md,13,212,0.5117,0.17,nc,nc491254,2016-12-25T17:57:25.151Z,"11 km ESE of Sierra Brooks, California",earthquake,1.21,3.6,0.06,15,reviewed,nc,nc
1997-01-16T02:44:44.570Z,-15.819,167.1,100,4.5,mb,,,,1.41,us,usp0007vx7,2014-11-07T01:01:58.098Z,"33 km SSW of Luganville, Vanuatu",earthquake,,,,6,reviewed,us,us
1997-01-16T01:37:07.120Z,62.558,-151.3395,89,2.7,ml,,,,0.18,ak,ak997qhexjs,2020-02-20T18:19:54.515Z,"30 km WNW of Petersville, Alaska",earthquake,,5.2,,,reviewed,ak,ak
1997-01-16T01:27:50.200Z,31.518,85.05,33,4.5,mb,,,,1.18,us,usp0007vx5,2014-11-07T01:01:58.091Z,"243 km N of Saga, China",earthquake,,,,17,reviewed,us,us
1997-01-16T01:26:45.570Z,60.9377,-151.4953,66.8,2.5,ml,,,,0.21,ak,ak997qhcnn1,2020-02-20T18:19:55.021Z,"24 km SW of Tyonek, Alaska",earthquake,,2.7,,,reviewed,ak,ak
1997-01-16T01:07:19.800Z,21.876,121.461,30.4,5.3,mb,,,,1,us,usp0007vx3,2014-11-07T01:01:58.075Z,"75 km E of Hengchun, Taiwan",earthquake,,7.2,,61,reviewed,us,us
1997-01-15T23:26:24.360Z,46.7453333,-122.8046667,0.185,3.2,md,11,87,0.1029,0.17,uw,uw10415888,2016-07-23T17:29:35.650Z,"7 km SE of Bucoda, Washington",explosion,0.813,1.38,0.03,4,reviewed,uw,uw
1997-01-15T22:27:24.250Z,28.194,142.889,33,4.5,mb,,,,1.32,us,usp0007vx0,2014-11-07T01:01:58.072Z,"Bonin Islands, Japan region",earthquake,,,,1,reviewed,us,us
1997-01-15T22:10:52.870Z,-2.233,85.112,10,4.8,mb,,,,0.75,us,usp0007vwz,2014-11-07T01:01:58.066Z,"South Indian Ocean",earthquake,,,,38,reviewed,us,us
1997-01-15T20:42:39.730Z,-14.995,-75.695,33,4.4,mb,,,,0.92,us,usp0007vwy,2014-11-07T01:01:58.064Z,"62 km SW of Changuillo, Peru",earthquake,,,,5,reviewed,us,us
1997-01-15T20:16:09.800Z,60.1628,-153.1102,149.8,2.6,ml,,,,0.24,ak,ak997p52bpw,2020-02-20T18:19:55.442Z,"67 km E of Port Alsworth, Alaska",earthquake,,2.1,,,reviewed,ak,ak
1997-01-15T19:25:07.010Z,44.72,-126.13,10,2.6,mb,,,,0.46,us,usp0007vwt,2014-11-07T01:01:58.053Z,"163 km W of Depoe Bay, Oregon",earthquake,,,,1,reviewed,us,us
1997-01-15T19:23:56.540Z,37.4873333,-118.8003333,7.173,2.82,md,16,135,0.155,0.03,nc,nc491208,2016-12-25T17:56:45.562Z,"10 km SW of Aspen Springs, California",earthquake,0.34,1.89,0.18,29,reviewed,nc,nc
1997-01-15T18:54:34.920Z,-11.531,117.94,33,4.7,mb,,,,1.11,us,usp0007vwr,2014-11-07T01:01:58.048Z,"south of Sumbawa, Indonesia",earthquake,,,,7,reviewed,us,us
1997-01-15T18:29:52.060Z,37.8986667,-120.521,-0.485,2.7,md,9,122,0.03784,0.03,nc,nc491205,2016-12-25T17:56:31.947Z,"8 km WNW of Chinese Camp, California",quarry blast,0.51,8.12,0.08,12,reviewed,nc,nc
1997-01-15T18:06:35.810Z,59.8678,-151.7513,48.2,4.2,ml,,,,0.23,ak,ak997p3tdct,2020-02-20T18:19:55.892Z,"8 km S of Happy Valley, Alaska",earthquake,,1.1,,,reviewed,ak,ak
1997-01-15T17:43:19.490Z,12.581,125.42,33,4.7,mb,,,,0.91,us,usp0007vwp,2014-11-07T01:01:58.037Z,"20 km NE of Anito, Philippines",earthquake,,,,6,reviewed,us,us
1997-01-15T16:17:19.380Z,33.819,-117.001,11.8,3.3,ml,0,27.8,,0.263,ci,ci7056485,2016-02-12T11:22:37.940Z,"6km NW of San Jacinto, California",earthquake,,0.179,,76,reviewed,ci,ci
1997-01-15T15:28:11.330Z,28.98,51.953,33,4,mb,,,,1.01,us,usp0007vwk,2014-11-07T01:01:58.032Z,"62 km WNW of F?r?z?b?d, Iran",earthquake,,,,3,reviewed,us,us
1997-01-15T15:21:46.530Z,39.455,-120.4378333,0.214,2.57,md,6,304,0.4991,0.03,nc,nc491183,2016-12-25T17:56:13.900Z,"14 km N of Kingvale, California",earthquake,5.66,7.38,0.16,14,reviewed,nc,nc
1997-01-15T12:53:20.690Z,-21.641,-68.296,118.8,4.8,mb,,,,1,us,usp0007vwh,2014-11-07T01:01:58.027Z,"111 km NE of Calama, Chile",earthquake,,,,9,reviewed,us,us
1997-01-15T12:24:05.410Z,51.66,16.074,5,3.4,mb,,,,1.41,us,usp0007vwg,2014-11-07T01:01:58.023Z,"0 km WSW of G?ogów, Poland",earthquake,,,,1,reviewed,us,us
1997-01-15T11:59:55.280Z,22.33,143.796,150,3.2,mb,,,,0.88,us,usp0007vwf,2014-11-07T01:01:58.022Z,"Volcano Islands, Japan region",earthquake,,,,1,reviewed,us,us
1997-01-15T11:10:42.970Z,-9.587,124.423,100,4.4,mb,,,,1.52,us,usp0007vwe,2014-11-07T01:01:58.021Z,"16 km SSW of Kefamenanu, Indonesia",earthquake,,,,4,reviewed,us,us
1997-01-15T11:06:41.650Z,34.305,32.273,33,4,ml,,,,0.28,us,usp0007vwd,2014-11-07T01:01:58.019Z,"52 km SSW of Koloni, Cyprus",earthquake,,,,,reviewed,us,jer
1997-01-15T08:14:24.570Z,51.732,16.055,5,2.6,ml,,,,1.46,us,usp0007vwb,2014-11-07T01:01:58.015Z,"1 km SE of Kotla, Poland",earthquake,,,,,reviewed,us,mox
1997-01-15T07:58:26.270Z,-21.306,-174.151,33,4.5,mb,,,,0.36,us,usp0007vwa,2014-11-07T01:01:58.013Z,"82 km E of ‘Ohonua, Tonga",earthquake,,,,5,reviewed,us,us
1997-01-15T07:49:25.180Z,13.796,-87.111,250,3.5,mb,,,,1.4,us,usp0007vw9,2014-11-07T01:01:58.011Z,"15 km E of Cerro Grande, Honduras",earthquake,,,,1,reviewed,us,us
1997-01-15T07:36:35.870Z,-1.543,-24.072,10,4.2,mb,,,,1.41,us,usp0007vw8,2014-11-07T01:01:58.009Z,"central Mid-Atlantic Ridge",earthquake,,,,8,reviewed,us,us
1997-01-15T06:46:58.520Z,60.1347,-153.0472,151.8,2.7,ml,,,,0.23,ak,ak997owwsho,2020-02-20T18:19:58.613Z,"70 km ENE of Pedro Bay, Alaska",earthquake,,2.7,,,reviewed,ak,ak
1997-01-15T06:06:26.240Z,1.499,117.915,33,4.3,mb,,,,1.03,us,usp0007vw6,2014-11-07T01:01:58.004Z,"158 km NNE of Bontang, Indonesia",earthquake,,,,5,reviewed,us,us
1997-01-15T05:35:09.820Z,47.726,6.979,10,3.4,ml,,,,1.1,us,usp0007vw5,2014-11-07T01:01:57.996Z,"1 km SE of Rougemont-le-Château, France",earthquake,,,,,reviewed,us,grf
1997-01-15T05:10:02.440Z,51.091,15.653,5,2.5,ml,,,,1.22,us,usp0007vw4,2014-11-07T01:01:57.994Z,"5 km ESE of Lwówek ?l?ski, Poland",earthquake,,,,,reviewed,us,mox
1997-01-15T05:00:52.740Z,34.375,32.454,33,3.8,mb,,,,0.9,us,usp0007vw3,2014-11-07T01:01:57.991Z,"39 km SW of Pissoúri, Cyprus",earthquake,,,,3,reviewed,us,us
1997-01-15T04:37:25.270Z,10.521,-61.837,5,3.3,md,,,,0.33,us,usp0007vw2,2014-11-07T01:01:57.990Z,"36 km WSW of Mucurapo, Trinidad and Tobago",earthquake,,,,,reviewed,us,trn
1997-01-15T04:23:45.310Z,31.718,-116,5.842,2.69,mc,0,299.2,0.9289,0.355,ci,ci7056435,2016-02-12T01:31:57.624Z,"54km E of Maneadero, B.C., MX",earthquake,,,,32,reviewed,ci,ci
1997-01-15T04:06:39.750Z,-15.405,-75.049,50,4,mb,,,,1.28,us,usp0007vw1,2014-11-07T01:01:57.989Z,"12 km ESE of San Juan, Peru",earthquake,,,,2,reviewed,us,us
1997-01-15T02:47:02.310Z,52.319,-173.973,100,4,mb,,,,0.85,us,usp0007vvz,2014-11-07T01:01:57.984Z,"20 km NE of Atka, Alaska",earthquake,,,,2,reviewed,us,us
1997-01-15T01:29:21.120Z,3.529,-84.021,33,3.5,mb,,,,0.9,us,usp0007vvy,2014-11-07T01:01:57.983Z,"off the coast of Central America",earthquake,,,,1,reviewed,us,us
1997-01-15T01:26:28.670Z,2.828,-84.345,33,5,mwc,,,,0.77,us,usp0007vvx,2025-12-19T22:16:06.948Z,"off the coast of Central America",earthquake,,,,,reviewed,us,hrv
1997-01-15T01:10:41.360Z,-34.001,-71.278,80,3.7,md,,,,0.17,us,usp0007vvv,2014-11-07T01:01:57.974Z,"35 km S of Melipilla, Chile",earthquake,,,,,reviewed,us,san
1997-01-15T01:03:36.840Z,8.997,-83.12,20,3.9,mb,,,,1.18,us,usp0007vvu,2014-11-07T01:01:57.972Z,"25 km NW of San Vito, Costa Rica",earthquake,,,,1,reviewed,us,us
1997-01-14T23:55:31.690Z,31.3081667,-115.4898333,5.925,3.2,mh,19,293,1.352,0.29,ci,ci7056396,2016-02-12T13:55:35.216Z,"107km SSW of Alberto Oviedo Mota, B.C., MX",earthquake,5.19,31.61,,0,reviewed,ci,ci
1997-01-14T22:58:16.560Z,40.546,20.688,10,4.1,mb,,,,1.45,us,usp0007vvt,2014-11-07T01:01:57.967Z,"11 km SW of Korçë, Albania",earthquake,,,,1,reviewed,us,us
1997-01-14T22:57:47.230Z,62.1305,-141.2258,5.7,3.2,ml,,,,0.22,ak,ak997niypoj,2020-02-20T18:19:59.498Z,"60 km S of Alcan Border, Alaska",earthquake,,6.5,,,reviewed,ak,ak
1997-01-14T22:13:29.570Z,24.124,127.166,33,4,mb,,,,0.33,us,usp0007vvr,2014-11-07T01:01:57.964Z,"203 km ESE of Hirara, Japan",earthquake,,,,1,reviewed,us,us
1997-01-14T21:30:55.440Z,-36.758,176.836,200,4.8,mb,,,,0.9,us,usp0007vvq,2014-11-07T01:01:57.962Z,"92 km ENE of Tairua, New Zealand",earthquake,,,,4,reviewed,us,us
1997-01-14T21:11:17.210Z,12.681,143.715,33,5.4,mwc,,,,0.97,us,usp0007vvp,2025-12-19T22:16:05.880Z,"122 km WSW of Merizo Village, Guam",earthquake,,,,,reviewed,us,hrv
1997-01-14T20:06:04.090Z,24.59,122.627,100,3.2,mb,,,,0.75,us,usp0007vvn,2014-11-07T01:01:57.956Z,"40 km WNW of Yonakuni, Japan",earthquake,,,,1,reviewed,us,us
1997-01-14T19:53:10.770Z,12.918,-90.187,50,4,mb,,,,0.78,us,usp0007vvm,2014-11-07T01:01:57.954Z,"84 km SSW of Acajutla, El Salvador",earthquake,,,,1,reviewed,us,us
1997-01-14T19:39:11.500Z,24.853,127.728,39,4.4,mb,,,,1.23,us,usp0007vvk,2014-11-07T01:01:57.951Z,"141 km S of Itoman, Japan",earthquake,,,,7,reviewed,us,us
1997-01-14T19:17:50.550Z,40.814,78.786,22.6,4.3,mb,,,,0.86,us,usp0007vvj,2014-11-07T01:01:57.948Z,"114 km W of Aykol, China",earthquake,,,,10,reviewed,us,us
1997-01-14T19:09:42.980Z,40.842,-4.289,10,2.8,mblg,,,,1.51,us,usp0007vvh,2014-11-07T01:01:57.947Z,"3 km NW of Valdeprados, Spain",earthquake,,,,,reviewed,us,mdd
1997-01-14T18:56:07.320Z,-5.697,133.454,33,4.2,mb,,,,1.52,us,usp0007vvf,2014-11-07T01:01:57.944Z,"78 km E of Tual, Indonesia",earthquake,,,,5,reviewed,us,us
1997-01-14T18:49:00.230Z,35.023,121.654,39.4,3.9,mb,,,,1.11,us,usp0007vve,2014-11-07T01:01:57.942Z,"153 km SE of Qingshancun, China",earthquake,,,,2,reviewed,us,us
1997-01-14T18:05:23.010Z,21.581,143.023,300,4.6,mb,,,,0.93,us,usp0007vvc,2014-11-07T01:01:57.934Z,"Mariana Islands region",earthquake,,,,26,reviewed,us,us
1997-01-14T18:03:34.480Z,17.373,-61.623,54.6,4.8,mb,,,,0.88,us,usp0007vvb,2014-11-07T01:01:57.925Z,"34 km NNE of Piggotts, Antigua and Barbuda",earthquake,,3.8,,35,reviewed,us,us
1997-01-14T16:41:41.520Z,39.6101667,-120.0535,-0.855,2.74,md,18,216,0.5315,0.17,nc,nc491047,2016-12-25T17:54:06.758Z,"10 km NNW of Verdi, California",earthquake,1.58,5.97,0.15,22,reviewed,nc,nc
1997-01-14T14:46:52.350Z,30.538,131.519,37.1,4.1,ms,,,,0.84,us,usp0007vva,2014-11-07T01:01:57.922Z,"54 km ESE of Nishinoomote, Japan",earthquake,,,,1,reviewed,us,us
1997-01-14T14:20:52.460Z,-20.849,-178.898,600,4.3,mb,,,,0.84,us,usp0007vv9,2014-11-07T01:01:57.920Z,"Fiji region",earthquake,,,,8,reviewed,us,us
1997-01-14T13:42:52.490Z,53.317,170.616,33,3.3,mb,,,,1.29,us,usp0007vv8,2014-11-07T01:01:57.918Z,"179 km WNW of Attu Station, Alaska",earthquake,,,,1,reviewed,us,us
1997-01-14T12:42:36.050Z,27.443,140.022,500,2.8,mb,,,,1.24,us,usp0007vv7,2014-11-07T01:01:57.917Z,"Bonin Islands, Japan region",earthquake,,,,1,reviewed,us,us
1997-01-14T12:21:40.090Z,31.466,131.825,33,3.2,mb,,,,0.52,us,usp0007vv6,2014-11-07T01:01:57.916Z,"45 km ESE of Nichinan, Japan",earthquake,,,,1,reviewed,us,us
1997-01-14T11:47:55.190Z,37.403,141.373,50,3.3,mb,,,,1.08,us,usp0007vv5,2014-11-07T01:01:57.914Z,"34 km ESE of Namie, Japan",earthquake,,,,1,reviewed,us,us
1997-01-14T11:44:49.170Z,-34.04,-70.069,10,4,md,,,,0.16,us,usp0007vv4,2014-11-07T01:01:57.912Z,"55 km ENE of Machalí, Chile",earthquake,,,,,reviewed,us,san
1997-01-14T11:07:03.960Z,-23.238,-174.753,33,4.2,mb,,,,1.19,us,usp0007vv3,2014-11-07T01:01:57.911Z,"211 km S of ‘Ohonua, Tonga",earthquake,,,,3,reviewed,us,us
1997-01-14T10:36:25.040Z,39.6323333,-120.1266667,-1.063,2.53,md,16,202,0.4928,0.17,nc,nc491022,2016-12-25T17:53:35.047Z,"7 km E of Sierra Brooks, California",earthquake,0.47,1.22,0.18,10,reviewed,nc,nc
1997-01-14T09:59:45.590Z,27.74,53.695,33,3.6,mb,,,,0.54,us,usp0007vv2,2014-11-07T01:01:57.910Z,"44 km W of Ger?sh, Iran",earthquake,,,,1,reviewed,us,us
1997-01-14T09:15:26.890Z,-22.182,171.552,33,5.3,mwc,,,,1.3,us,usp0007vv1,2025-12-19T22:16:04.778Z,"southeast of the Loyalty Islands",earthquake,,,,,reviewed,us,hrv
1997-01-14T08:46:50.590Z,-17.219,-69.324,100,4.3,mb,,,,1.48,us,usp0007vv0,2014-11-07T01:01:57.901Z,"67 km SE of Mazo Cruz, Peru",earthquake,,,,1,reviewed,us,us
1997-01-14T08:13:00.210Z,49.333,155.66,33,5,mb,,,,0.87,us,usp0007vuz,2014-11-07T01:01:57.893Z,"153 km SSW of Severo-Kuril’sk, Russia",earthquake,,,,50,reviewed,us,us
1997-01-14T07:21:39.730Z,8.946,-82.961,10,4.1,md,,,,0.12,us,usp0007vuy,2014-11-07T01:01:57.891Z,"13 km N of San Vito, Costa Rica",earthquake,,,,,reviewed,us,upa
1997-01-14T06:20:58.930Z,34.317,141.227,33,5,mb,,,,0.94,us,usp0007vux,2014-11-07T01:01:57.885Z,"124 km SE of Katsuura, Japan",earthquake,,,,32,reviewed,us,us
1997-01-14T04:16:11.880Z,29.692,70.121,10,4.1,mb,,,,1,us,usp0007vuu,2014-11-07T01:01:57.882Z,"28 km WNW of Dajal, Pakistan",earthquake,,,,1,reviewed,us,us
1997-01-14T03:40:49.960Z,34.472,32.347,33,3.8,md,,,,0.4,us,usp0007vut,2014-11-07T01:01:57.881Z,"32 km SSW of Koloni, Cyprus",earthquake,,,,,reviewed,us,hlw
1997-01-14T03:30:34.270Z,34.32,32.522,33,4,mb,,,,1.15,us,usp0007vus,2014-11-07T01:01:57.878Z,"42 km SSW of Pissoúri, Cyprus",earthquake,,,,9,reviewed,us,us
1997-01-14T03:07:14.640Z,36.8313333,-121.5548333,6.093,2.96,md,63,26,0.01892,0.07,nc,nc491016,2016-12-25T17:52:50.310Z,"2 km SW of San Juan Bautista, California",earthquake,0.12,0.24,0.08,101,reviewed,nc,nc
1997-01-14T00:55:54.160Z,-31.663,-67.548,33,3.9,mb,,,,1.41,us,usp0007vup,2014-11-07T01:01:57.873Z,"69 km E of Caucete, Argentina",earthquake,,,,1,reviewed,us,us
1997-01-14T00:02:27.100Z,39.6226667,-120.1101667,-1.325,2.99,md,26,197,0.5054,0.22,nc,nc490989,2016-12-25T17:52:34.095Z,"9 km ESE of Sierra Brooks, California",earthquake,0.94,1.96,0.13,27,reviewed,nc,nc
1997-01-13T23:57:17.390Z,45.111,151.913,33,4.8,mb,,,,1.15,us,usp0007vuk,2014-11-07T01:01:57.867Z,"Kuril Islands",earthquake,,,,4,reviewed,us,us
1997-01-13T23:55:56.260Z,43.973,10.679,10,3.1,ml,,,,1.25,us,usp0007vuj,2014-11-07T01:01:57.863Z,"5 km NNE of Villa Basilica, Italy",earthquake,,,,,reviewed,us,the
1997-01-13T23:37:38.220Z,-30.501,-178.48,250,4.8,mb,,,,1.24,us,usp0007vuh,2014-11-07T01:01:57.860Z,"Kermadec Islands, New Zealand",earthquake,,,,9,reviewed,us,us
1997-01-13T23:33:15.730Z,16.954,147.21,33,4.2,mb,,,,0.94,us,usp0007vug,2014-11-07T01:01:57.858Z,"247 km NE of Saipan, Northern Mariana Islands",earthquake,,,,3,reviewed,us,us
1997-01-13T22:54:18.810Z,16.889,147.233,33,3.5,mb,,,,0.64,us,usp0007vue,2014-11-07T01:01:57.855Z,"243 km NE of Saipan, Northern Mariana Islands",earthquake,,,,1,reviewed,us,us
1997-01-13T22:42:47.150Z,40.2676667,-124.399,24.906,2.74,md,21,230,0.07207,0.06,nc,nc490984,2016-12-25T17:52:28.550Z,"34 km SW of Scotia, California",earthquake,1.12,0.81,0.14,27,reviewed,nc,nc
1997-01-13T21:04:10.540Z,-14.976,-75.947,33,4.1,mb,,,,1.03,us,usp0007vud,2014-11-07T01:01:57.853Z,"85 km WSW of Changuillo, Peru",earthquake,,,,3,reviewed,us,us
1997-01-13T20:24:19.040Z,4.243,127.037,100,4.1,mb,,,,1.05,us,usp0007vuc,2014-11-07T01:01:57.852Z,"216 km SE of Sarangani, Philippines",earthquake,,,,2,reviewed,us,us
1997-01-13T19:25:45.080Z,31.807,-115.95,5.62,2.74,mc,0,267.5,0.8382,0.288,ci,ci7056284,2016-02-13T02:48:19.952Z,"59km E of Maneadero, B.C., MX",earthquake,,,,29,reviewed,ci,ci
1997-01-13T18:58:05.450Z,37.059,143.093,35.7,4.7,mb,,,,1.04,us,usp0007vub,2014-11-07T01:01:57.848Z,"191 km ESE of Namie, Japan",earthquake,,,,7,reviewed,us,us
1997-01-13T18:53:05.840Z,17.186,146.914,33,3.5,mb,,,,0.92,us,usp0007vua,2014-11-07T01:01:57.846Z,"251 km NNE of Saipan, Northern Mariana Islands",earthquake,,,,1,reviewed,us,us
1997-01-13T18:15:57.660Z,34.332,32.398,33,4.1,mb,,,,1.05,us,usp0007vu9,2014-11-07T01:01:57.842Z,"46 km S of Koloni, Cyprus",earthquake,,,,12,reviewed,us,us
1997-01-13T17:56:25.380Z,40.6283333,-122.3736667,19.024,2.51,md,11,91,0.118,0.04,nc,nc490979,2016-12-25T17:52:06.458Z,"4 km NNE of Redding, California",earthquake,0.53,0.65,0.11,16,reviewed,nc,nc
1997-01-13T16:43:59.670Z,33.385,-116.981,7.898,2.93,ml,0,79.8,,0.256,ci,ci7056280,2016-02-12T16:32:57.325Z,"9km ENE of Pala, California",earthquake,,1.043,,60,reviewed,ci,ci
1997-01-13T16:32:49.090Z,43.705,-127.926,10,3.8,mb,,,,0.85,us,usp0007vu7,2014-11-07T01:01:57.837Z,"292 km WNW of Bandon, Oregon",earthquake,,,,2,reviewed,us,us
1997-01-13T16:14:21.220Z,36.86,71.351,150,3.2,mb,,,,0.35,us,usp0007vu6,2014-11-07T01:01:57.836Z,"25 km NW of Ashk?sham, Afghanistan",earthquake,,,,1,reviewed,us,us
1997-01-13T16:09:34.830Z,33.267,-116.01,3.569,3.87,ml,0,22.5,,0.226,ci,ci7056275,2016-02-12T13:55:26.450Z,"6km SW of Salton City, California",earthquake,,0.218,,67,reviewed,ci,ci
1997-01-13T15:57:26.110Z,-20.886,-178.692,600,4.1,mb,,,,1.05,us,usp0007vu4,2014-11-07T01:01:57.832Z,"Fiji region",earthquake,,,,5,reviewed,us,us
1997-01-13T15:45:31.610Z,63.2497,-151.0827,5.2,2.5,ml,,,,0.25,ak,ak997lr6q5l,2020-02-20T18:20:03.269Z,"Central Alaska",earthquake,,0.9,,,reviewed,ak,ak
1997-01-13T15:19:03.050Z,71.541,-4.706,10,4.4,mb,,,,1.42,us,usp0007vu2,2014-11-07T01:01:57.824Z,"159 km ENE of Olonkinbyen, Svalbard and Jan Mayen",earthquake,,,,24,reviewed,us,us
1997-01-13T14:54:38.950Z,40.2875,-124.3906667,20.936,4.2,mw,21,229,0.07477,0.09,nc,nc490946,2016-12-25T17:51:51.340Z,"32 km SW of Scotia, California",earthquake,0.91,0.28,,2,reviewed,nc,nc
1997-01-13T14:06:05.860Z,16.954,147.221,33,4.1,mb,,,,1.14,us,usp0007vu0,2014-11-07T01:01:57.817Z,"248 km NE of Saipan, Northern Mariana Islands",earthquake,,,,4,reviewed,us,us
1997-01-13T13:42:41.640Z,16.973,147.207,33,4.1,mb,,,,1,us,usp0007vtz,2014-11-07T01:01:57.814Z,"249 km NE of Saipan, Northern Mariana Islands",earthquake,,,,4,reviewed,us,us
1997-01-13T13:18:49.090Z,16.914,147.073,33,5.6,mwc,,,,1.32,us,usp0007vty,2022-04-29T16:40:45.327Z,"235 km NE of Saipan, Northern Mariana Islands",earthquake,,,,,reviewed,us,hrv
1997-01-13T11:37:20.340Z,34.364,141.102,40,5,mb,,,,0.95,us,usp0007vtw,2014-11-07T01:01:57.797Z,"112 km SE of Katsuura, Japan",earthquake,,8.1,,29,reviewed,us,us
1997-01-13T11:29:37.650Z,33.447,-116.901,12.531,3.76,ml,0,31.1,,0.237,ci,ci7056254,2016-02-12T11:22:22.855Z,"3km W of Aguanga, California",earthquake,,0.199,,70,reviewed,ci,ci
1997-01-13T10:19:26.110Z,34.305,32.326,33,5.7,mwc,,,,1.09,us,usp0007vtt,2022-04-29T16:40:39.734Z,"50 km SSW of Koloni, Cyprus",earthquake,,,,,reviewed,us,hrv
1997-01-13T09:02:36.530Z,37.141,-3.747,10,2.6,mblg,,,,0.86,us,usp0007vtr,2014-11-07T01:01:57.766Z,"5 km SSW of Santafé, Spain",earthquake,,,,,reviewed,us,mdd
1997-01-13T08:06:31.740Z,10.311,125.254,33,4.7,mb,,,,0.55,us,usp0007vtq,2014-11-07T01:01:57.765Z,"4 km S of Hinundayan, Philippines",earthquake,,,,1,reviewed,us,us
1997-01-13T07:51:32.780Z,27.679,131.572,33,4.7,mb,,,,0.55,us,usp0007vtp,2014-11-07T01:01:57.764Z,"219 km ESE of Naze, Japan",earthquake,,,,2,reviewed,us,us
1997-01-13T06:51:04.820Z,-8.048,122.591,250,4.7,mb,,,,1.23,us,usp0007vtn,2014-11-07T01:01:57.762Z,"75 km NNE of Maumere, Indonesia",earthquake,,,,5,reviewed,us,us
1997-01-13T06:43:50.180Z,17.979,-106.452,33,4.7,mb,,,,1.21,us,usp0007vtm,2014-11-07T01:01:57.760Z,"221 km SW of Emiliano Zapata, Mexico",earthquake,,,,4,reviewed,us,us
1997-01-13T06:26:30.900Z,0.486,99.225,100,4.3,mb,,,,1.08,us,usp0007vtk,2014-11-07T01:01:57.758Z,"98 km S of Padangsidempuan, Indonesia",earthquake,,,,3,reviewed,us,us
1997-01-13T05:51:11.330Z,63.338,-149.6443,101.7,3,ml,,,,0.26,ak,ak997ll9mu5,2020-02-20T18:20:03.652Z,"35 km W of Cantwell, Alaska",earthquake,,1.8,,,reviewed,ak,ak
1997-01-13T02:24:10.860Z,28.653,55.955,50,3.5,mb,,,,1.39,us,usp0007vtf,2014-11-07T01:01:57.749Z,"92 km SSE of Sirjan, Iran",earthquake,,,,1,reviewed,us,us
1997-01-13T01:47:21.230Z,34.513,-37.269,10,3.9,mb,,,,0.47,us,usp0007vte,2014-11-07T01:01:57.747Z,"northern Mid-Atlantic Ridge",earthquake,,,,2,reviewed,us,us
1997-01-13T01:39:08.370Z,-18.386,-174.855,100,4.8,mb,,,,1.09,us,usp0007vtd,2014-11-07T01:01:57.742Z,"96 km WNW of Neiafu, Tonga",earthquake,,,,11,reviewed,us,us
1997-01-13T01:00:17.080Z,-9.103,-75.069,126.4,5,mb,,,,0.86,us,usp0007vtc,2014-11-07T01:01:57.723Z,"34 km SSE of San Alejandro, Peru",earthquake,,,,37,reviewed,us,us
1997-01-13T00:46:32.880Z,51.079,179.201,33,3.6,mb,,,,0.97,us,usp0007vtb,2014-11-07T01:01:57.722Z,"Rat Islands, Aleutian Islands, Alaska",earthquake,,,,1,reviewed,us,us
1997-01-13T00:01:22.180Z,-56.274,-24.343,44.5,4.9,mb,,,,0.81,us,usp0007vta,2014-11-07T01:01:57.720Z,"South Sandwich Islands region",earthquake,,,,5,reviewed,us,us
1997-01-12T22:15:58.370Z,34.026,-117.232,14.501,2.84,ml,0,29,,0.193,ci,ci7056198,2016-02-12T06:26:01.670Z,"4km SE of Loma Linda, California",earthquake,,0.109,,59,reviewed,ci,ci
1997-01-12T20:20:58.020Z,36.485,25.752,50,4.1,mb,,,,1.31,us,usp0007vt8,2014-11-07T01:01:57.715Z,"28 km ENE of Mesariá, Greece",earthquake,,,,26,reviewed,us,us
1997-01-12T20:04:43.160Z,35.346,77.875,33,3.9,mb,,,,1.24,us,usp0007vt7,2014-11-07T01:01:57.712Z,"108 km ENE of Thang, India",earthquake,,,,1,reviewed,us,us
1997-01-12T18:35:41.940Z,-6.501,145.972,137.2,3.8,mb,,,,0.8,us,usp0007vt6,2014-11-07T01:01:57.711Z,"26 km SSE of Kainantu, Papua New Guinea",earthquake,,5.2,,5,reviewed,us,us
1997-01-12T17:43:37.650Z,-32.008,-70.398,120,3.7,mb,,,,0.41,us,usp0007vt5,2014-11-07T01:01:57.708Z,"59 km ESE of Salamanca, Chile",earthquake,,,,1,reviewed,us,us
1997-01-12T17:39:34.060Z,-15.532,-174.632,33,4.6,mb,,,,1.52,us,usp0007vt4,2014-11-07T01:01:57.706Z,"101 km WNW of Hihifo, Tonga",earthquake,,,,3,reviewed,us,us
1997-01-12T17:37:22.080Z,35.517,23.046,33,4.1,mb,,,,1.13,us,usp0007vt3,2014-11-07T01:01:57.701Z,"55 km W of Kíssamos, Greece",earthquake,,,,18,reviewed,us,us
1997-01-12T15:46:57.510Z,-3.52,145.994,33,4.1,mb,,,,1.53,us,usp0007vt0,2014-11-07T01:01:57.697Z,"189 km N of Madang, Papua New Guinea",earthquake,,,,6,reviewed,us,us
1997-01-12T15:02:18.900Z,23.867,-108.335,23.8,5,mb,,,,1.25,us,usp0007vsz,2014-11-07T01:01:57.695Z,"94 km SSW of Altata, Mexico",earthquake,,,,6,reviewed,us,us
1997-01-12T15:00:41.970Z,-33.332,-70.413,100,3.4,mb,,,,0.37,us,usp0007vsy,2014-11-07T01:01:57.693Z,"21 km NE of Villa Presidente Frei, Ñuñoa, Santiago, Chile, Chile",earthquake,,,,1,reviewed,us,us
1997-01-12T14:39:28.280Z,-18.243,-172.024,33,4.5,mb,,,,0.45,us,usp0007vsx,2014-11-07T01:01:57.691Z,"211 km ENE of Neiafu, Tonga",earthquake,,,,2,reviewed,us,us
1997-01-12T13:31:32.580Z,-34.088,-70.493,100,4.1,md,,,,0.2,us,usp0007vsv,2014-11-07T01:01:57.688Z,"17 km NE of Machalí, Chile",earthquake,,,,,reviewed,us,san
1997-01-12T12:55:39.920Z,35.779,-118.329,8.556,2.63,mc,0,104.3,0.08573,0.148,ci,ci7056154,2016-02-12T13:55:18.898Z,"9km ENE of Kernville, California",earthquake,,0.705,,66,reviewed,ci,ci
1997-01-12T12:10:51.340Z,40.956,19.672,10,4.8,mb,,,,1.33,us,usp0007vst,2021-10-20T18:04:37.696Z,"3 km WNW of Lushnjë, Albania",earthquake,,,,16,reviewed,us,us
1997-01-12T12:01:27.290Z,9.039,-83.198,10,4.4,md,,,,0.79,us,usp0007vss,2014-11-07T01:01:57.666Z,"20 km SE of Buenos Aires, Costa Rica",earthquake,,,,,reviewed,us,upa
1997-01-12T10:48:30.330Z,35.936,28.699,61.3,4.1,mb,,,,1.13,us,usp0007vsq,2014-11-07T01:01:57.660Z,"61 km ESE of Archángelos, Greece",earthquake,,8.8,,20,reviewed,us,us
1997-01-12T08:32:56.580Z,37.383,-2.109,10,3.5,mblg,,,,0.91,us,usp0007vsk,2014-11-07T01:01:57.654Z,"3 km E of Albox, Spain",earthquake,,,,,reviewed,us,mdd
1997-01-12T08:31:36.680Z,-32.676,-70.501,50,4.4,md,,,,0.68,us,usp0007vsj,2014-11-07T01:01:57.652Z,"19 km NNE of Los Andes, Chile",earthquake,,,,,reviewed,us,san
1997-01-12T08:30:16.470Z,-27.901,-66.611,150,4.5,mb,,,,0.7,us,usp0007vsh,2014-11-07T01:01:57.650Z,"45 km SW of Andalgalá, Argentina",earthquake,,,,3,reviewed,us,us
1997-01-12T07:39:53.910Z,-33.185,-71.424,50,3.4,md,,,,0.35,us,usp0007vsf,2014-11-07T01:01:57.647Z,"15 km S of Quilpué, Chile",earthquake,,,,,reviewed,us,san
1997-01-12T07:17:43.640Z,-3.073,-78.811,100,3.7,mb,,,,1.47,us,usp0007vse,2014-11-07T01:01:57.646Z,"17 km SSE of Nulti, Ecuador",earthquake,,,,1,reviewed,us,us
1997-01-12T06:01:08.000Z,49.6,-120.5,5,3.5,ml,,,,,us,usp0007vsd,2016-07-23T17:29:22.010Z,"15 km N of Princeton, Canada",earthquake,,,,,reviewed,pgc,pgc
1997-01-12T05:22:17.280Z,-33.582,-70.794,70,2.6,md,,,,0.24,us,usp0007vsb,2014-11-07T01:01:57.640Z,"8 km ENE of Peñaflor, Chile",earthquake,,,,,reviewed,us,san
1997-01-12T03:28:48.640Z,-16.979,176.595,33,4.8,mb,,,,1.54,us,usp0007vsa,2014-11-07T01:01:57.636Z,"115 km NW of Lautoka, Fiji",earthquake,,,,9,reviewed,us,us
1997-01-12T02:01:00.150Z,35.985,71.014,100,3.7,mb,,,,1.46,us,usp0007vs8,2014-11-07T01:01:57.634Z,"63 km N of P?r?n, Afghanistan",earthquake,,,,2,reviewed,us,us
1997-01-12T01:28:26.110Z,18.049,-102.424,33,4.9,mb,,,,1.11,us,usp0007vs7,2014-11-07T01:01:57.631Z,"7 km NW of El Habillal, Mexico",earthquake,,,,12,reviewed,us,us
1997-01-12T01:23:58.960Z,46.555,-1.019,10,4.3,ml,,,,1.35,us,usp0007vs6,2014-11-07T01:01:57.622Z,"2 km E of Sainte-Hermine, France",earthquake,,,,,reviewed,us,str
1997-01-12T00:10:26.880Z,18.322,-102.679,33,3.8,mb,,,,1.42,us,usp0007vs5,2014-11-07T01:01:57.620Z,"39 km SW of Tumbiscatío de Ruiz, Mexico",earthquake,,,,1,reviewed,us,us
1997-01-12T00:04:55.960Z,51.515,-178.598,33,3.4,mb,,,,1.11,us,usp0007vs4,2014-11-07T01:01:57.618Z,"141 km WSW of Adak, Alaska",earthquake,,,,1,reviewed,us,us
1997-01-12T00:01:48.310Z,36.058,-117.639,-0.67,3.45,ml,0,86.3,,0.188,ci,ci7056116,2016-02-13T02:48:14.207Z,"28km ENE of Little Lake, California",earthquake,,0.267,,59,reviewed,ci,ci
1997-01-12T00:00:33.890Z,11.123,125.793,33,4.3,mb,,,,0.72,us,usp0007vs2,2014-11-07T01:01:57.614Z,"12 km NE of Guiuan, Philippines",earthquake,,,,3,reviewed,us,us
1997-01-11T22:22:32.600Z,25.846,141.022,100,4.5,mb,,,,0.69,us,usp0007vs1,2014-11-07T01:01:57.612Z,"Volcano Islands, Japan region",earthquake,,,,1,reviewed,us,us
1997-01-11T21:03:15.090Z,63.9077,-150.1327,13.8,4.2,ml,,,,0.43,ak,ak997ijflg5,2020-02-20T18:20:09.602Z,"51 km WSW of Ferry, Alaska",earthquake,,0.5,,,reviewed,ak,ak
1997-01-11T20:28:53.630Z,-32.599,-70.362,100,2.9,md,,,,0.3,us,usp0007vry,2014-11-07T01:01:57.602Z,"34 km NE of Los Andes, Chile",earthquake,,,,,reviewed,us,san
1997-01-11T20:28:26.020Z,18.219,-102.756,33,7.2,mwb,,,,1.09,us,usp0007vrx,2022-10-21T21:12:52.521Z,"46 km WNW of El Habillal, Mexico",earthquake,,,,,reviewed,us,us
1997-01-11T20:13:54.490Z,-1.999,133.173,33,3.7,mb,,,,1.32,us,usp0007vrw,2014-11-07T01:01:57.554Z,"160 km SW of Manokwari, Indonesia",earthquake,,,,3,reviewed,us,us
1997-01-11T19:11:48.820Z,-5.86,147.272,33,4.1,mb,,,,1.34,us,usp0007vru,2014-11-07T01:01:57.550Z,"99 km NW of Finschhafen, Papua New Guinea",earthquake,,,,7,reviewed,us,us
1997-01-11T18:54:31.750Z,59.8457,-152.5582,77.9,2.6,ml,,,,0.24,ak,ak997ihy9fr,2020-02-20T18:20:10.386Z,"41 km W of Anchor Point, Alaska",earthquake,,1.4,,,reviewed,ak,ak
1997-01-11T18:45:28.280Z,-7.597,159.128,100,3.8,mb,,,,0.88,us,usp0007vrs,2014-11-07T01:01:57.544Z,"79 km NW of Buala, Solomon Islands",earthquake,,,,4,reviewed,us,us
1997-01-11T18:43:51.020Z,-32.831,-70.206,120,3.2,md,,,,0.23,us,usp0007vrr,2014-11-07T01:01:57.541Z,"36 km E of Los Andes, Chile",earthquake,,,,,reviewed,us,san
1997-01-11T17:10:56.240Z,-6.362,103.493,33,4.3,mb,,,,0.9,us,usp0007vrq,2014-11-07T01:01:57.538Z,"221 km WSW of Bandar Lampung, Indonesia",earthquake,,,,4,reviewed,us,us
1997-01-11T17:04:17.070Z,41.9623333,-122.1423333,12.383,3.18,md,16,222,0.3396,0.04,nc,nc490634,2016-12-25T17:45:31.003Z,"18 km W of Dorris, California",earthquake,0.56,1.2,0.09,22,reviewed,nc,nc
1997-01-11T16:57:49.250Z,37.054,-4.157,10,2.5,mblg,,,,0.25,us,usp0007vrn,2014-11-07T01:01:57.534Z,"8 km N of Zafarraya, Spain",earthquake,,,,,reviewed,us,mdd
1997-01-11T16:45:08.710Z,14.019,-91.188,100,4.5,mb,,,,1.44,us,usp0007vrm,2014-11-07T01:01:57.533Z,"16 km WSW of La Gomera, Guatemala",earthquake,,,,2,reviewed,us,us
1997-01-11T15:00:40.070Z,-17.31,-178.685,500,4.4,mb,,,,0.58,us,usp0007vrk,2014-11-07T01:01:57.531Z,"227 km ENE of Levuka, Fiji",earthquake,,,,6,reviewed,us,us
1997-01-11T14:35:12.060Z,8.858,93.695,33,5.3,mwc,,,,1.08,us,usp0007vrj,2022-04-29T16:40:27.514Z,"Nicobar Islands, India region",earthquake,,,,,reviewed,us,hrv
1997-01-11T14:34:09.770Z,40.3335,-125.8195,4.622,2.73,md,14,316,1.142,0.17,nc,nc490622,2016-12-25T17:45:12.053Z,"134 km WSW of Ferndale, California",earthquake,11.89,15.22,0.02,3,reviewed,nc,nc
1997-01-11T14:04:33.500Z,43.161,-0.188,10,2.7,ml,,,,1.28,us,usp0007vrg,2014-11-07T01:01:57.520Z,"3 km ESE of Coarraze, France",earthquake,,,,,reviewed,us,ldg
1997-01-11T13:39:03.940Z,47.997,7.461,10,2.7,ml,,,,0.66,us,usp0007vrf,2014-11-07T01:01:57.518Z,"2 km NW of Dessenheim, France",earthquake,,,,,reviewed,us,ldg
1997-01-11T13:32:33.570Z,39.546,54.421,33,3.7,mb,,,,0.95,us,usp0007vre,2014-11-07T01:01:57.515Z,"6 km NE of Balkanabat, Turkmenistan",earthquake,,,,2,reviewed,us,us
1997-01-11T12:55:42.730Z,32.782,-39.899,10,5.2,mwc,,,,1.29,us,usp0007vrd,2025-12-19T22:16:02.410Z,"northern Mid-Atlantic Ridge",earthquake,,,,,reviewed,us,hrv
1997-01-11T12:24:02.250Z,-17.476,-178.66,500,4.1,mb,,,,0.89,us,usp0007vrb,2014-11-07T01:01:57.503Z,"224 km ENE of Levuka, Fiji",earthquake,,,,8,reviewed,us,us
1997-01-11T11:18:08.000Z,-2.061,136.301,33,4.3,mb,,,,1.33,us,usp0007vra,2014-11-07T01:01:57.501Z,"100 km SSE of Biak, Indonesia",earthquake,,,,6,reviewed,us,us
1997-01-11T10:52:41.020Z,34.0213333,-117.2406667,15.523,2.5,ml,67,39,,0.19,ci,ci7056002,2016-04-01T19:40:36.288Z,"4km SSE of Loma Linda, CA",earthquake,0.32,0.66,,0,reviewed,ci,ci
1997-01-11T10:40:26.660Z,13.724,-103.64,10,3.3,mb,,,,1.01,us,usp0007vr9,2014-11-07T01:01:57.499Z,"off the coast of Guerrero, Mexico",earthquake,,,,1,reviewed,us,us
1997-01-11T09:47:49.100Z,62.1713,-141.1697,9.1,2.6,ml,,,,0.27,ak,ak997icjwbi,2020-02-20T18:20:11.497Z,"56 km S of Alcan Border, Alaska",earthquake,,6.4,,,reviewed,ak,ak
1997-01-11T09:16:57.100Z,42.731,83.418,22.7,4.3,mb,,,,0.96,us,usp0007vr6,2014-11-07T01:01:57.492Z,"78 km S of Xinyuan, China",earthquake,,,,3,reviewed,us,us
1997-01-11T08:38:21.530Z,36.567,71.046,212,4.5,mb,,,,1.08,us,usp0007vr5,2014-11-07T01:01:57.490Z,"38 km SSE of Jurm, Afghanistan",earthquake,,,,6,reviewed,us,us
1997-01-11T07:48:37.650Z,-7.382,129.188,150,4,mb,,,,1.51,us,usp0007vr4,2014-11-07T01:01:57.488Z,"272 km ENE of Lospalos, Timor Leste",earthquake,,,,4,reviewed,us,us
1997-01-11T07:41:10.000Z,-35.709,-71.325,130,3.1,md,,,,0.33,us,usp0007vr3,2014-11-07T01:01:57.486Z,"7 km ESE of Colbún, Chile",earthquake,,,,,reviewed,us,san
1997-01-11T07:01:54.340Z,6.971,-73.02,150,4.2,mb,,,,0.87,us,usp0007vr2,2014-11-07T01:01:57.484Z,"3 km ESE of Piedecuesta, Colombia",earthquake,,,,1,reviewed,us,us
1997-01-11T06:23:59.500Z,-3.478,134.274,33,4.3,mb,,,,1.02,us,usp0007vr1,2014-11-07T01:01:57.482Z,"136 km W of Nabire, Indonesia",earthquake,,,,4,reviewed,us,us
1997-01-11T06:00:20.350Z,-32.838,-70.984,10,3.9,md,,,,0.7,us,usp0007vr0,2014-11-07T01:01:57.479Z,"2 km W of Llaillay, Chile",earthquake,,,,,reviewed,us,san
1997-01-11T05:50:23.790Z,31.631,131.542,52.2,5.5,mwc,,,,1.2,us,usp0007vqz,2022-04-29T16:40:21.628Z,"16 km ENE of Nichinan, Japan",earthquake,,5.9,,,reviewed,us,hrv
1997-01-11T05:12:44.560Z,44.499,-114.555,5,3.3,ml,,,,0.34,us,usp0007vqy,2014-11-07T01:01:57.464Z,"25 km W of Challis, Idaho",earthquake,,,,,reviewed,us,but
1997-01-11T04:45:24.390Z,6.195,126.996,33,4.3,mb,,,,1.03,us,usp0007vqx,2014-11-07T01:01:57.461Z,"92 km ESE of Pondaguitan, Philippines",earthquake,,,,5,reviewed,us,us
1997-01-11T04:09:30.000Z,29.212,130.527,45.1,4.3,mb,,,,1.29,us,usp0007vqw,2014-11-07T01:01:57.454Z,"113 km S of Koshima, Japan",earthquake,,7.2,,8,reviewed,us,us
1997-01-11T04:09:26.350Z,-9.443,156.457,33,4,mb,,,,0.95,us,usp0007vqv,2014-11-07T01:01:57.452Z,"154 km SSW of Gizo, Solomon Islands",earthquake,,,,3,reviewed,us,us
1997-01-11T03:27:10.620Z,15.627,-96.808,33,3.8,mb,,,,0.88,us,usp0007vqt,2014-11-07T01:01:57.447Z,"22 km SSW of San Francisco Cozoaltepec, Mexico",earthquake,,,,2,reviewed,us,us
1997-01-11T02:06:26.540Z,34.199,26.757,33,4.3,mb,,,,1,us,usp0007vqr,2014-11-07T01:01:57.435Z,"120 km SSE of Palekastro, Greece",earthquake,,,,23,reviewed,us,us
1997-01-11T00:36:18.020Z,62.9223,-148.7122,57.6,2.5,ml,,,,0.22,ak,ak997i74klm,2020-02-20T18:20:12.633Z,"53 km SSE of Cantwell, Alaska",earthquake,,3.2,,,reviewed,ak,ak
1997-01-10T21:45:13.740Z,34.532,32.241,33,4.1,mb,,,,0.9,us,usp0007vqp,2014-11-07T01:01:57.426Z,"31 km SW of Koloni, Cyprus",earthquake,,,,7,reviewed,us,us
1997-01-10T21:22:03.510Z,23.03,93.622,100,4.2,mb,,,,0.6,us,usp0007vqn,2014-11-07T01:01:57.424Z,"14 km NNW of Falam, Myanmar",earthquake,,,,3,reviewed,us,us
1997-01-10T20:55:46.850Z,61.1055,-145.4392,25.1,3.4,ml,,,,0.3,ak,ak997gvm119,2020-02-20T18:20:13.061Z,"49 km E of Valdez, Alaska",earthquake,,20.9,,,reviewed,ak,ak
1997-01-10T20:44:13.640Z,39.6228333,-120.0845,-1.416,3.14,md,33,183,0.5117,0.15,nc,nc490580,2016-12-25T17:42:27.070Z,"11 km SW of Cold Springs, Nevada",earthquake,0.5,1.5,0.11,45,reviewed,nc,nc
1997-01-10T19:53:06.310Z,40.066,142.042,70.4,4.5,mb,,,,1.01,us,usp0007vqj,2014-11-07T01:01:57.407Z,"47 km N of Miyako, Japan",earthquake,,,,12,reviewed,us,us
1997-01-10T19:42:08.830Z,-20.979,-178.969,650,4.5,mb,,,,0.84,us,usp0007vqh,2014-11-07T01:01:57.397Z,"Fiji region",earthquake,,,,21,reviewed,us,us
1997-01-10T19:19:55.110Z,43.128,145.901,88.8,5.2,mwc,,,,0.9,us,usp0007vqf,2025-12-19T22:16:01.052Z,"34 km SE of Nemuro, Japan",earthquake,,,,,reviewed,us,hrv
1997-01-10T18:32:41.520Z,-5.885,105.584,33,5,mb,,,,1.07,us,usp0007vqe,2014-11-07T01:01:57.359Z,"60 km NNW of Labuan, Indonesia",earthquake,,,,21,reviewed,us,us
1997-01-10T18:25:23.530Z,43.861,10.87,10,2.8,ml,,,,0.72,us,usp0007vqd,2014-11-07T01:01:57.354Z,"3 km NNW of Larciano, Italy",earthquake,,,,,reviewed,us,ldg
1997-01-10T17:31:52.280Z,44.596,-114.318,5,2.6,ml,,,,0.28,us,usp0007vqc,2014-11-07T01:01:57.352Z,"12 km NW of Challis, Idaho",earthquake,,,,,reviewed,us,but
1997-01-10T16:28:35.100Z,72.694,4.616,10,4.6,mb,,,,0.99,us,usp0007vqa,2014-11-07T01:01:57.348Z,"Norwegian Sea",earthquake,,,,1,reviewed,us,us
1997-01-10T16:05:12.110Z,33.734,-120.059,5.363,2.88,mc,0,204.7,,0.382,ci,ci7055897,2016-02-12T13:55:11.429Z,"24km S of Santa Rosa Is., California",earthquake,,,,77,reviewed,ci,ci
1997-01-10T15:26:33.310Z,-20.35,-177.803,500,4.2,mb,,,,1.28,us,usp0007vq8,2014-11-07T01:01:57.344Z,"283 km WNW of Haveluloto, Tonga",earthquake,,,,3,reviewed,us,us
1997-01-10T14:42:36.060Z,-34.08,-178.9,33,4.3,mb,,,,1.29,us,usp0007vq7,2014-11-07T01:01:57.342Z,"south of the Kermadec Islands",earthquake,,,,1,reviewed,us,us
1997-01-10T13:57:34.820Z,-16.89,-178.776,400,4.2,mb,,,,0.7,us,usp0007vq6,2014-11-07T01:01:57.340Z,"204 km ESE of Labasa, Fiji",earthquake,,,,3,reviewed,us,us
1997-01-10T13:49:41.640Z,-54.065,-1.872,10,4.9,mb,,,,0.99,us,usp0007vq5,2014-11-07T01:01:57.338Z,"Bouvet Island region",earthquake,,,,3,reviewed,us,us
1997-01-10T13:32:34.340Z,64.6612,-149.4215,20.4,2.5,ml,,,,0.16,ak,ak997grb1d6,2020-02-20T18:20:13.829Z,"15 km WNW of Four Mile Road, Alaska",earthquake,,1,,,reviewed,ak,ak
1997-01-10T12:18:53.320Z,-4.333,126.204,400,4.4,mb,,,,0.96,us,usp0007vq2,2014-11-07T01:01:57.331Z,"230 km WSW of Ambon, Indonesia",earthquake,,,,5,reviewed,us,us
1997-01-10T11:47:49.590Z,-5.808,-80.959,33,4.7,mb,,,,1.03,us,usp0007vq1,2014-11-07T01:01:57.326Z,"31 km SSW of Sechura, Peru",earthquake,,,,9,reviewed,us,us
1997-01-10T10:41:53.950Z,-2.302,138.857,33,3.6,mb,,,,1.61,us,usp0007vq0,2014-11-07T01:01:57.324Z,"200 km W of Abepura, Indonesia",earthquake,,,,2,reviewed,us,us
1997-01-10T10:24:50.980Z,42.842,17.889,10,4,mb,,,,1.19,us,usp0007vpz,2014-11-07T01:01:57.312Z,"4 km E of Podgora, Croatia",earthquake,,,,2,reviewed,us,us
1997-01-10T09:56:45.270Z,-17.46,-178.196,500,4.2,mb,,,,0.71,us,usp0007vpy,2014-11-07T01:01:57.309Z,"272 km ENE of Levuka, Fiji",earthquake,,,,3,reviewed,us,us
1997-01-10T09:27:44.140Z,14.688,-91.874,150,3.7,mb,,,,1.23,us,usp0007vpw,2014-11-07T01:01:57.306Z,"2 km SSW of Coatepeque, Guatemala",earthquake,,,,2,reviewed,us,us
1997-01-10T09:08:30.590Z,28.874,67.316,33,4.4,mb,,,,1.1,us,usp0007vpv,2014-11-07T01:01:57.303Z,"52 km WSW of Bhag, Pakistan",earthquake,,,,5,reviewed,us,us
1997-01-10T08:50:16.390Z,11.141,-61.132,33,2.8,md,,,,0.5,us,usp0007vpu,2014-11-07T01:01:57.301Z,"43 km W of Scarborough, Trinidad and Tobago",earthquake,,,,,reviewed,us,trn
1997-01-10T08:46:41.700Z,-23.044,-68.383,100,4.1,mb,,,,1.04,us,usp0007vpt,2014-11-07T01:01:57.299Z,"23 km SW of San Pedro de Atacama, Chile",earthquake,,,,2,reviewed,us,us
1997-01-10T08:22:59.170Z,-14.689,27.108,20,4.1,mb,,,,1.35,us,usp0007vps,2014-11-07T01:01:57.296Z,"32 km N of Mumbwa, Zambia",earthquake,,,,1,reviewed,us,us
1997-01-10T08:09:10.820Z,-34.556,-179.837,58,5,mb,,,,1.28,us,usp0007vpr,2014-11-07T01:01:57.291Z,"south of the Kermadec Islands",earthquake,,,,11,reviewed,us,us
1997-01-10T07:08:08.020Z,34.356,-37.319,10,3.7,mb,,,,1.16,us,usp0007vpq,2014-11-07T01:01:57.289Z,"northern Mid-Atlantic Ridge",earthquake,,,,2,reviewed,us,us
1997-01-10T06:56:53.680Z,59.7298,-151.9672,56.6,3,ml,,,,0.27,ak,ak997gna6t4,2020-02-20T18:20:15.177Z,"9 km SW of Anchor Point, Alaska",earthquake,,1.3,,,reviewed,ak,ak
1997-01-10T06:42:12.530Z,-5.289,129.846,121.3,4.4,mb,,,,0.91,us,usp0007vpn,2014-11-07T01:01:57.266Z,"238 km SSE of Amahai, Indonesia",earthquake,,17,,3,reviewed,us,us
1997-01-10T05:39:21.070Z,24.872,125.425,33,3.6,mb,,,,1.55,us,usp0007vpk,2014-11-07T01:01:57.262Z,"14 km ENE of Hirara, Japan",earthquake,,,,1,reviewed,us,us
1997-01-10T05:05:03.350Z,40.8625,-123.8055,25.501,3.55,md,18,110,0.05676,0.07,nc,nc30125267,2016-12-25T17:40:25.540Z,"15 km E of Blue Lake, California",earthquake,0.38,0.68,0.1,39,reviewed,nc,nc
1997-01-10T04:52:33.840Z,38.659,73.617,100,3.3,mb,,,,0.81,us,usp0007vph,2014-11-07T01:01:57.256Z,"62 km NNW of Murghob, Tajikistan",earthquake,,,,1,reviewed,us,us
1997-01-10T04:25:27.120Z,51.665,15.792,5,3.6,ml,,,,1.35,us,usp0007vpg,2014-11-07T01:01:57.183Z,"5 km SE of Nowe Miasteczko, Poland",earthquake,,,,,reviewed,us,vie
1997-01-10T04:15:03.310Z,-6.095,153.45,200,4.4,mb,,,,1.41,us,usp0007vpf,2014-11-07T01:01:57.180Z,"New Britain region, Papua New Guinea",earthquake,,,,4,reviewed,us,us
1997-01-10T02:24:12.920Z,36.385,70.821,200.6,4.8,mb,,,,0.93,us,usp0007vpe,2014-11-07T01:01:57.164Z,"Hindu Kush region, Afghanistan",earthquake,,,,67,reviewed,us,us
1997-01-10T00:04:24.360Z,62.886,-149.9672,82.8,2.7,ml,,,,0.21,ak,ak997gjedok,2020-02-20T18:20:15.636Z,"49 km N of Chase, Alaska",earthquake,,4,,,reviewed,ak,ak
1997-01-09T23:50:41.250Z,63.2587,-151.0838,7.1,3.2,ml,,,,0.27,ak,ak997f9twcd,2020-02-20T18:20:16.237Z,"44 km SE of Denali National Park, Alaska",earthquake,,0.8,,,reviewed,ak,ak
1997-01-09T22:54:51.900Z,46.7611667,-122.8421667,1.736,3.4,md,7,97,0.1324,0.15,uw,uw10414218,2016-07-23T17:29:13.970Z,"4 km SSE of Bucoda, Washington",explosion,0.898,1.27,0.06,4,reviewed,uw,uw
1997-01-09T22:46:15.070Z,28.696,128.738,155.5,4.3,mb,,,,1.19,us,usp0007vp9,2014-11-07T01:01:57.148Z,"81 km WNW of Naze, Japan",earthquake,,7.5,,3,reviewed,us,us
1997-01-09T22:04:08.040Z,23.144,144.495,33,4.3,mb,,,,0.61,us,usp0007vp8,2014-11-07T01:01:57.146Z,"Volcano Islands, Japan region",earthquake,,,,4,reviewed,us,us
1997-01-09T21:51:25.520Z,43.461,147.773,33,4.6,mb,,,,1.41,us,usp0007vp7,2014-11-07T01:01:57.143Z,"92 km ESE of Shikotan, Russia",earthquake,,,,2,reviewed,us,us
1997-01-09T19:51:40.480Z,62.9205,-149.778,78.6,2.9,ml,,,,0.31,ak,ak997f7gdkw,2020-02-20T18:20:16.765Z,"55 km NNE of Chase, Alaska",earthquake,,1.5,,,reviewed,ak,ak
1997-01-09T19:48:12.790Z,46.966,0.396,5,2.5,ml,,,,1.28,us,usp0007vp5,2014-11-07T01:01:57.135Z,"7 km N of Saint-Gervais-les-Trois-Clochers, France",earthquake,,,,,reviewed,us,ldg
1997-01-09T19:23:32.130Z,32.44,-115.431,5.984,2.86,mc,0,209.2,0.3253,0.326,ci,ci7055773,2016-02-13T10:20:01.595Z,"16km SSW of Puebla, B.C., MX",earthquake,,,,47,reviewed,ci,ci
1997-01-09T19:08:07.740Z,34.521,24.525,33,3.3,mb,,,,0.71,us,usp0007vp4,2014-11-07T01:01:57.133Z,"53 km SE of Kastrí, Greece",earthquake,,,,1,reviewed,us,us
1997-01-09T18:46:17.800Z,12.179,96.384,33,4.8,mb,,,,1.22,us,usp0007vp3,2014-11-07T01:01:57.131Z,"242 km W of Myeik, Myanmar",earthquake,,,,3,reviewed,us,us
1997-01-09T18:13:26.220Z,-6.171,142.18,33,4.5,mb,,,,1.29,us,usp0007vp2,2014-11-07T01:01:57.128Z,"New Guinea, Papua New Guinea",earthquake,,,,9,reviewed,us,us
1997-01-09T17:47:17.250Z,0.785,-29.255,10,4.9,mb,,,,0.77,us,usp0007vp1,2014-11-07T01:01:57.123Z,"central Mid-Atlantic Ridge",earthquake,,,,13,reviewed,us,us
1997-01-09T16:23:38.010Z,44.278,148.856,33,4.4,mb,,,,1.09,us,usp0007vp0,2014-11-07T01:01:57.122Z,"130 km SE of Kuril’sk, Russia",earthquake,,,,2,reviewed,us,us
1997-01-09T16:21:50.860Z,-6.185,142.214,33,4.2,mb,,,,1.16,us,usp0007vnz,2014-11-07T01:01:57.119Z,"89 km WSW of Tari, Papua New Guinea",earthquake,,,,7,reviewed,us,us
1997-01-09T16:07:11.220Z,18.841,145.042,368.3,4.1,mb,,,,1.04,us,usp0007vny,2014-11-07T01:01:57.115Z,"Pagan region, Northern Mariana Islands",earthquake,,7.5,,10,reviewed,us,us
1997-01-09T15:15:42.820Z,-23.78,-179.937,500,4.8,mb,,,,0.91,us,usp0007vnx,2014-11-07T01:01:57.107Z,"south of the Fiji Islands",earthquake,,,,28,reviewed,us,us
1997-01-09T14:35:29.220Z,41.917,-126.0313333,3.753,2.78,md,8,308,1.641,0.08,nc,nc490471,2016-12-25T17:39:29.249Z,"141 km WSW of Pistol River, Oregon",earthquake,7.63,10.21,0.11,4,reviewed,nc,nc
1997-01-09T14:16:53.840Z,38.294,24.143,33,3.6,ml,,,,1.07,us,usp0007vnw,2014-11-07T01:01:57.103Z,"13 km NNW of Néa Stíra, Greece",earthquake,,,,,reviewed,us,the
1997-01-09T13:43:31.590Z,41.026,74.284,22.2,5.8,mwc,,,,0.96,us,usp0007vnv,2022-04-29T16:40:16.282Z,"Kyrgyzstan",earthquake,,,,,reviewed,us,hrv
1997-01-09T13:32:02.390Z,-8.291,114.855,33,3.8,mb,,,,0.66,us,usp0007vnu,2014-11-07T01:01:57.062Z,"14 km SW of Seririt, Indonesia",earthquake,,,,3,reviewed,us,us
1997-01-09T13:28:37.030Z,30.596,-115.576,5,3.7,ml,,,,0.98,us,usp0007vnt,2016-02-13T10:20:00.302Z,"34 km ENE of Lázaro Cárdenas, Mexico",earthquake,,,,,reviewed,us,us
1997-01-09T13:02:42.370Z,43.272,142.191,172.9,3.3,mb,,,,0.96,us,usp0007vns,2014-11-07T01:01:57.059Z,"17 km WSW of Shimo-furano, Japan",earthquake,,29.2,,1,reviewed,us,us
1997-01-09T12:46:28.990Z,-14.738,-173.949,33,4.6,mb,,,,0.68,us,usp0007vnr,2014-11-07T01:01:57.055Z,"135 km N of Hihifo, Tonga",earthquake,,,,3,reviewed,us,us
1997-01-09T12:14:53.710Z,59.2272,-144.533,10,2.6,ml,,,,0.67,ak,ak997f32fvf,2020-02-20T18:20:19.173Z,"161 km SSE of Cordova, Alaska",earthquake,,15.3,,,reviewed,ak,ak
1997-01-09T11:40:59.530Z,-5.652,151.008,100,5.1,mwc,,,,0.91,us,usp0007vnp,2025-12-19T22:15:58.719Z,"97 km E of Kimbe, Papua New Guinea",earthquake,,,,,reviewed,us,hrv
1997-01-09T09:41:36.720Z,47.168,146.208,354.7,4.5,mb,,,,1.06,us,usp0007vnn,2014-11-07T01:01:57.044Z,"northwest of the Kuril Islands",earthquake,,22,,1,reviewed,us,us
1997-01-09T09:01:54.230Z,34.371,-116.463,1.556,3.12,ml,0,67.2,,0.178,ci,ci7055744,2016-02-13T00:13:30.179Z,"29km N of Yucca Valley, California",earthquake,,0.45,,69,reviewed,ci,ci
1997-01-09T08:50:16.660Z,34.456,-37.284,10,5.5,mwc,,,,0.92,us,usp0007vnk,2025-12-19T22:15:57.577Z,"northern Mid-Atlantic Ridge",earthquake,,,,,reviewed,us,hrv
1997-01-09T08:42:43.840Z,52.593,142.476,33,4,mb,,,,0.67,us,usp0007vnj,2014-11-07T01:01:57.020Z,"77 km ENE of Lazarev, Russia",earthquake,,,,2,reviewed,us,us
1997-01-09T08:29:31.270Z,-17.691,168.322,108.3,5.4,mwc,,,,1.15,us,usp0007vnh,2025-12-19T22:15:56.479Z,"5 km N of Port-Vila, Vanuatu",earthquake,,,,,reviewed,us,hrv
1997-01-09T08:16:28.550Z,37.615,75.456,109.4,3.4,mb,,,,0.28,us,usp0007vng,2014-11-07T01:01:57.012Z,"144 km ESE of Murghob, Tajikistan",earthquake,,19.9,,1,reviewed,us,us
1997-01-09T07:52:16.150Z,53.701,-163.546,33,5.1,mwc,,,,0.94,us,usp0007vnf,2025-12-19T22:15:55.335Z,"128 km S of False Pass, Alaska",earthquake,,,,,reviewed,us,hrv
1997-01-09T07:27:53.420Z,-6.098,105.249,100,4.6,mb,,,,1.17,us,usp0007vne,2014-11-07T01:01:56.993Z,"71 km WNW of Labuan, Indonesia",earthquake,,,,4,reviewed,us,us
1997-01-09T06:48:44.510Z,32.959,103.585,33,3.2,mb,,,,1.52,us,usp0007vnd,2014-11-07T01:01:56.992Z,"169 km NW of Jiangyou, China",earthquake,,,,1,reviewed,us,us
1997-01-09T06:36:40.130Z,26.025,141.152,61.9,4.9,mb,,,,0.73,us,usp0007vnc,2014-11-07T01:01:56.985Z,"Bonin Islands, Japan region",earthquake,,,,16,reviewed,us,us
1997-01-09T04:19:11.910Z,59.475,-152.8535,99,3.6,ml,,,,0.24,ak,ak997eybydz,2020-02-20T18:20:20.147Z,"54 km WNW of Nanwalek, Alaska",earthquake,,0.8,,,reviewed,ak,ak
1997-01-09T03:31:51.500Z,38.7106667,-119.6425,1.235,2.87,md,32,196,0.7423,0.05,nc,nc490441,2016-12-25T17:37:37.521Z,"8 km W of Topaz Lake, Nevada",earthquake,0.47,1.06,0.1,33,reviewed,nc,nc
1997-01-09T03:07:25.990Z,33.2,-92.6,5,2.8,mblg,,,,,us,usp0007vn8,2014-11-07T01:01:56.974Z,"6 km E of El Dorado, Arkansas",earthquake,,,,,reviewed,macr,us
1997-01-09T00:14:38.110Z,9.579,-84.122,10,3.7,mb,,,,1.1,us,usp0007vn6,2014-11-07T01:01:56.970Z,"14 km SW of San Marcos, Costa Rica",earthquake,,,,1,reviewed,us,us
1997-01-08T23:29:57.760Z,-5.166,149.813,100,4.2,mb,,,,1.4,us,usp0007vn4,2014-11-07T01:01:56.967Z,"55 km NW of Kimbe, Papua New Guinea",earthquake,,,,5,reviewed,us,us
1997-01-08T23:20:41.650Z,12.423,-88.839,33,4.7,mb,,,,1.09,us,usp0007vn3,2014-11-07T01:01:56.964Z,"100 km SSW of Puerto El Triunfo, El Salvador",earthquake,,,,8,reviewed,us,us
1997-01-08T23:15:54.430Z,12.383,-88.907,54,4.6,mb,,,,0.78,us,usp0007vn1,2014-11-07T01:01:56.958Z,"106 km SSW of Puerto El Triunfo, El Salvador",earthquake,,7,,9,reviewed,us,us
1997-01-08T23:03:41.580Z,62.1227,-150.3633,52.4,2.7,ml,,,,0.18,ak,ak997dm0h7y,2020-02-20T18:20:21.597Z,"22 km SSW of Trapper Creek, Alaska",earthquake,,3.9,,,reviewed,ak,ak
1997-01-08T22:53:32.090Z,-32.82,-179.062,33,4.2,mb,,,,0.92,us,usp0007vmz,2014-11-07T01:01:56.952Z,"south of the Kermadec Islands",earthquake,,,,3,reviewed,us,us
1997-01-08T22:51:22.570Z,16.224,-95.359,33,4.9,mb,,,,1.03,us,usp0007vmy,2014-11-07T01:01:56.946Z,"4 km W of Rincón Moreno, Mexico",earthquake,,,,28,reviewed,us,us
1997-01-08T22:18:28.340Z,60.782,-150.7042,46.1,2.5,ml,,,,0.24,ak,ak997dli8c2,2020-02-20T18:20:23.121Z,"15 km S of Point Possession, Alaska",earthquake,,6.5,,,reviewed,ak,ak
1997-01-08T22:11:17.870Z,36.08,-117.651,-0.353,2.55,mc,0,165.3,0.1083,0.174,ci,ci7055693,2016-02-13T02:47:53.843Z,"27km E of Coso Junction, California",earthquake,,0.307,,46,reviewed,ci,ci
1997-01-08T20:14:10.560Z,7.383,127.143,41,4.6,mb,,,,1.16,us,usp0007vmv,2014-11-07T01:01:56.935Z,"62 km E of Baculin, Philippines",earthquake,,,,11,reviewed,us,us
1997-01-08T19:56:12.580Z,30.349,88.009,33,3.6,mb,,,,0.86,us,usp0007vmu,2014-11-07T01:01:56.934Z,"148 km NW of Rikaze, China",earthquake,,,,1,reviewed,us,us
1997-01-08T18:12:19.520Z,-17.402,-178.458,400,4,mb,,,,1.09,us,usp0007vms,2014-11-07T01:01:56.931Z,"247 km ENE of Levuka, Fiji",earthquake,,,,6,reviewed,us,us
1997-01-08T18:02:09.780Z,10.979,-86.454,33,4.6,mb,,,,1.24,us,usp0007vmr,2014-11-07T01:01:56.929Z,"70 km WSW of San Juan del Sur, Nicaragua",earthquake,,,,3,reviewed,us,us
1997-01-08T17:45:09.520Z,-17.576,-178.767,600,4.4,mb,,,,0.69,us,usp0007vmq,2014-11-07T01:01:56.927Z,"210 km ENE of Levuka, Fiji",earthquake,,,,6,reviewed,us,us
1997-01-08T17:44:48.280Z,59.9112,-152.7813,93,2.6,ml,,,,0.15,ak,ak997dioogs,2020-02-20T18:20:23.951Z,"55 km WNW of Anchor Point, Alaska",earthquake,,4.1,,,reviewed,ak,ak
1997-01-08T15:30:36.740Z,34.039,-117.249,15.824,2.89,ml,0,27.1,,0.211,ci,ci7055672,2016-02-12T11:22:04.577Z,"2km SE of Loma Linda, California",earthquake,,0.185,,75,reviewed,ci,ci
1997-01-08T14:06:30.760Z,-3.837,141.192,84.5,3.8,mb,,,,1.49,us,usp0007vmm,2014-11-07T01:01:56.918Z,"128 km S of Vanimo, Papua New Guinea",earthquake,,19.3,,3,reviewed,us,us
1997-01-08T13:12:23.190Z,-4.54,143.933,93.8,4.3,mb,,,,1.56,us,usp0007vmj,2014-11-07T01:01:56.914Z,"54 km SSW of Angoram, Papua New Guinea",earthquake,,10.3,,6,reviewed,us,us
1997-01-08T12:59:41.960Z,-6.311,130.371,125,3.9,mb,,,,1.18,us,usp0007vmh,2014-11-07T01:01:56.912Z,"274 km WSW of Tual, Indonesia",earthquake,,30.5,,4,reviewed,us,us
1997-01-08T12:54:12.370Z,-10.283,126.646,100,3.8,mb,,,,1.02,us,usp0007vmg,2014-11-07T01:01:56.910Z,"160 km S of Viqueque, Timor Leste",earthquake,,,,2,reviewed,us,us
1997-01-08T12:13:38.660Z,38.575,73.651,100,3.1,mb,,,,1.24,us,usp0007vmf,2014-11-07T01:01:56.909Z,"52 km NNW of Murghob, Tajikistan",earthquake,,,,1,reviewed,us,us
1997-01-08T09:59:01.900Z,31.583,80.603,33,3.9,mb,,,,1.59,us,usp0007vme,2014-11-07T01:01:56.907Z,"151 km NE of Josh?math, India",earthquake,,,,2,reviewed,us,us
1997-01-08T09:57:01.140Z,-33.998,-179.07,33,4.4,mb,,,,1.07,us,usp0007vmd,2014-11-07T01:01:56.905Z,"south of the Kermadec Islands",earthquake,,,,3,reviewed,us,us
1997-01-08T09:29:12.950Z,31.776,-116.229,5.094,2.96,mc,0,265.6,0.8774,0.283,ci,ci7055650,2016-02-12T01:31:21.797Z,"33km ENE of Maneadero, B.C., MX",earthquake,,,,53,reviewed,ci,ci
1997-01-08T07:48:48.820Z,9.813,126.722,33,3.9,mb,,,,0.99,us,usp0007vmc,2014-11-07T01:01:56.904Z,"67 km E of Union, Philippines",earthquake,,,,1,reviewed,us,us
1997-01-08T06:52:41.800Z,9.838,126.363,33,4.7,mb,,,,0.84,us,usp0007vmb,2014-11-07T01:01:56.900Z,"29 km E of Pilar, Philippines",earthquake,,,,10,reviewed,us,us
1997-01-08T06:43:04.830Z,17.672,-72.209,10,5.4,mwc,,,,0.84,us,usp0007vma,2025-12-19T22:15:54.107Z,"63 km S of Marigot, Haiti",earthquake,,,,,reviewed,us,hrv
1997-01-08T06:25:20.920Z,63.3502,-145.1993,5,2.5,ml,,,,0.2,ak,ak997dc0s3g,2020-02-20T18:20:26.253Z,"35 km NE of Paxson, Alaska",earthquake,,2.6,,,reviewed,ak,ak
1997-01-08T06:06:13.170Z,-7.557,128.906,150,4.6,mb,,,,1.23,us,usp0007vm8,2014-11-07T01:01:56.872Z,"235 km ENE of Lospalos, Timor Leste",earthquake,,,,2,reviewed,us,us
1997-01-08T05:36:11.760Z,32.429,90.7,33,3.7,mb,,,,0.84,us,usp0007vm7,2014-11-07T01:01:56.870Z,"166 km NW of Nagqu, China",earthquake,,,,1,reviewed,us,us
1997-01-08T04:45:58.530Z,42.574,-126.642,10,3.2,mb,,,,1.15,us,usp0007vm5,2014-11-07T01:01:56.867Z,"176 km W of Port Orford, Oregon",earthquake,,,,1,reviewed,us,us
1997-01-08T04:22:09.550Z,36.5951667,-121.1988333,6.71,2.59,md,57,35,0.02162,0.06,nc,nc490342,2016-12-25T17:34:36.960Z,"22 km NNE of Soledad, California",earthquake,0.12,0.36,0.11,64,reviewed,nc,nc
1997-01-08T03:36:51.090Z,-34.264,-70.094,5,3.1,md,,,,0.6,us,usp0007vm4,2014-11-07T01:01:56.865Z,"51 km E of Machalí, Chile",earthquake,,,,,reviewed,us,san
1997-01-08T03:22:26.630Z,38.884,22.534,33,3.9,mb,,,,1.17,us,usp0007vm3,2014-11-07T01:01:56.863Z,"6 km NE of Anthíli, Greece",earthquake,,,,1,reviewed,us,us
1997-01-08T02:23:35.040Z,60.21,-29.713,10,4.1,mb,,,,1.18,us,usp0007vm1,2014-11-07T01:01:56.859Z,"Reykjanes Ridge",earthquake,,,,7,reviewed,us,us
1997-01-08T01:33:38.490Z,40.3786667,-124.476,16.569,2.8,md,16,248,0.1432,0.06,nc,nc490340,2016-12-25T17:34:18.273Z,"28 km SW of Ferndale, California",earthquake,1.55,0.25,0.14,22,reviewed,nc,nc
1997-01-07T23:52:33.460Z,50.851,16.049,5,2.5,ml,,,,1.55,us,usp0007vky,2014-11-07T01:01:56.855Z,"2 km ENE of Marciszów, Poland",earthquake,,,,,reviewed,us,mox
1997-01-07T22:45:49.020Z,-24.387,-71.824,33,4.4,mb,,,,0.79,us,usp0007vkx,2014-11-07T01:01:56.853Z,"166 km WSW of Antofagasta, Chile",earthquake,,,,2,reviewed,us,us
1997-01-07T22:16:05.210Z,59.6087,-145.7992,10,3.4,ml,,,,0.18,ak,ak997bxyemh,2020-02-20T18:20:26.725Z,"104 km S of Cordova, Alaska",earthquake,,5.6,,,reviewed,ak,ak
1997-01-07T21:20:33.400Z,37.004,-4.284,10,2.9,mblg,,,,0.76,us,usp0007vkt,2014-11-07T01:01:56.842Z,"2 km WNW of Alfarnatejo, Spain",earthquake,,,,,reviewed,us,mdd
1997-01-07T20:39:51.400Z,-2.302,138.655,50,4.2,mb,,,,1.32,us,usp0007vks,2014-11-07T01:01:56.840Z,"222 km W of Abepura, Indonesia",earthquake,,,,5,reviewed,us,us
1997-01-07T20:09:20.740Z,40.033,143.339,26.1,4.7,mb,,,,0.96,us,usp0007vkr,2014-11-07T01:01:56.837Z,"127 km ENE of Miyako, Japan",earthquake,,8.2,,8,reviewed,us,us
1997-01-07T19:53:49.160Z,-2.308,138.592,50,4.5,mb,,,,1.26,us,usp0007vkq,2014-11-07T01:01:56.834Z,"229 km W of Abepura, Indonesia",earthquake,,,,7,reviewed,us,us
1997-01-07T19:04:09.460Z,37.866,71.683,100,3.9,mb,,,,0.52,us,usp0007vkp,2014-11-07T01:01:56.833Z,"43 km NNE of Khorugh, Tajikistan",earthquake,,,,1,reviewed,us,us
1997-01-07T18:44:00.150Z,20.092,121.337,33,4.4,mb,,,,0.6,us,usp0007vkn,2014-11-07T01:01:56.830Z,"77 km WSW of Basco, Philippines",earthquake,,,,8,reviewed,us,us
1997-01-07T18:00:51.860Z,-18.687,-174.741,33,5.2,mb,,,,0.94,us,usp0007vkm,2014-11-07T01:01:56.824Z,"79 km W of Neiafu, Tonga",earthquake,,,,12,reviewed,us,us
1997-01-07T17:41:04.420Z,28.66,143.345,33,4.6,mb,,,,0.42,us,usp0007vkk,2014-11-07T01:01:56.823Z,"Bonin Islands, Japan region",earthquake,,,,1,reviewed,us,us
1997-01-07T17:20:41.460Z,26.148,125.526,50,4.3,mb,,,,1.28,us,usp0007vkj,2014-11-07T01:01:56.820Z,"150 km N of Hirara, Japan",earthquake,,,,5,reviewed,us,us
1997-01-07T16:50:01.790Z,-4.293,131.391,33,3.8,mb,,,,1.33,us,usp0007vkh,2014-11-07T01:01:56.818Z,"211 km NW of Tual, Indonesia",earthquake,,,,4,reviewed,us,us
1997-01-07T16:23:46.850Z,63.3565,-145.2787,7.3,3.3,ml,,,,0.43,ak,ak997bufe7x,2020-02-20T18:20:27.594Z,"34 km NNE of Paxson, Alaska",earthquake,,0.7,,,reviewed,ak,ak
1997-01-07T14:06:19.830Z,43.082,-0.225,5,2.5,ml,,,,0.72,us,usp0007vkc,2014-11-07T01:01:56.807Z,"5 km SSW of Lestelle-Bétharram, France",earthquake,,,,,reviewed,us,ldg
1997-01-07T11:30:55.080Z,60.3632,-152.8305,150.2,3.1,ml,,,,0.18,ak,ak997brhquc,2020-02-20T18:20:28.799Z,"Southern Alaska",earthquake,,1.2,,,reviewed,ak,ak
1997-01-07T10:17:03.500Z,40.3698333,-125.0763333,37.013,3.04,md,13,304,0.5748,0.35,nc,nc490278,2016-12-25T17:32:23.912Z,"72 km WSW of Ferndale, California",earthquake,21.9,7.39,0.14,10,reviewed,nc,nc
1997-01-07T10:09:12.250Z,36.485,-3.404,10,2.8,mblg,,,,0.58,us,usp0007vk7,2014-11-07T01:01:56.796Z,"25 km SSE of Torrenueva, Spain",earthquake,,,,,reviewed,us,mdd
1997-01-07T09:02:53.890Z,42.292,142.914,61.8,4.9,mb,,,,0.97,us,usp0007vk6,2014-11-07T01:01:56.786Z,"45 km E of Shizunai-furukawach?, Japan",earthquake,,,,42,reviewed,us,us
1997-01-07T08:45:31.500Z,16.18,-98.677,33,4.5,mb,,,,0.84,us,usp0007vk5,2014-11-07T01:01:56.782Z,"30 km SW of Montecillos, Mexico",earthquake,,,,7,reviewed,us,us
1997-01-07T07:42:17.840Z,-3.359,128.051,34.6,5.1,mwc,,,,1.1,us,usp0007vk4,2022-04-29T16:40:15.055Z,"40 km NNW of Ambon, Indonesia",earthquake,,,,,reviewed,us,hrv
1997-01-07T07:34:51.600Z,36.7468333,-121.4341667,6.146,2.81,md,60,34,0.01441,0.1,nc,nc490276,2016-12-25T17:31:53.810Z,"9 km SW of Ridgemark, California",earthquake,0.14,0.36,0.12,95,reviewed,nc,nc
1997-01-07T05:47:43.770Z,12.315,-85.95,33,3.1,mb,,,,1.14,us,usp0007vk1,2014-11-07T01:01:56.771Z,"20 km SW of Teustepe, Nicaragua",earthquake,,,,1,reviewed,us,us
1997-01-07T05:35:39.620Z,-34.132,-70.55,100,2.5,md,,,,0.25,us,usp0007vk0,2014-11-07T01:01:56.769Z,"10 km ENE of Machalí, Chile",earthquake,,,,,reviewed,us,san
1997-01-07T05:23:56.590Z,51.262,15.866,5,2.7,ml,,,,0.78,us,usp0007vjz,2014-11-07T01:01:56.764Z,"5 km WSW of Chojnów, Poland",earthquake,,,,,reviewed,us,mox
1997-01-07T04:17:02.810Z,-55.547,-3.432,10,5.2,mwc,,,,0.91,us,usp0007vjy,2025-12-19T22:15:52.966Z,"southern Mid-Atlantic Ridge",earthquake,,,,,reviewed,us,hrv
1997-01-07T04:04:51.080Z,63.5517,-149.1047,7.9,3.1,ml,,,,0.23,ak,ak997bn64ok,2020-02-20T18:20:30.102Z,"19 km NNW of Cantwell, Alaska",earthquake,,0.9,,,reviewed,ak,ak
1997-01-07T03:29:50.930Z,59.3878,-144.901,10,3.4,ml,,,,0.53,ak,ak997bmq1yt,2020-02-20T18:20:30.566Z,"137 km SSE of Cordova, Alaska",earthquake,,9,,,reviewed,ak,ak
1997-01-07T02:14:21.870Z,34.738,24.855,41.1,4.8,mb,,,,1.31,us,usp0007vju,2014-11-07T01:01:56.697Z,"34 km S of Moíres, Greece",earthquake,,,,27,reviewed,us,us
1997-01-07T02:13:23.200Z,-32.996,-71.709,50,2.6,md,,,,0.45,us,usp0007vjt,2014-11-07T01:01:56.694Z,"8 km WNW of Valparaíso, Chile",earthquake,,,,,reviewed,us,san
1997-01-07T02:12:29.690Z,-5.802,-77.265,33,4.9,mb,,,,0.62,us,usp0007vjs,2014-11-07T01:01:56.685Z,"20 km N of Segunda Jerusalén - Azunguillo, Peru",earthquake,,,,32,reviewed,us,us
1997-01-07T01:11:01.000Z,19.415,145.299,223,4.5,mb,,,,0.96,us,usp0007vjr,2014-11-07T01:01:56.677Z,"Maug Islands region, Northern Mariana Islands",earthquake,,,,11,reviewed,us,us
1997-01-07T00:37:27.860Z,45.06,150.056,33,4.3,mb,,,,1.15,us,usp0007vjq,2014-11-07T01:01:56.672Z,"172 km E of Kuril’sk, Russia",earthquake,,,,5,reviewed,us,us
1997-01-06T23:21:15.450Z,-22.07,-179.549,600,4.8,mb,,,,1.03,us,usp0007vjp,2014-11-07T01:01:56.655Z,"south of the Fiji Islands",earthquake,,,,29,reviewed,us,us
1997-01-06T23:17:27.510Z,36.988,97.813,33,3.5,ml,,,,1.35,us,usp0007vjn,2014-11-07T01:01:56.651Z,"northern Qinghai, China",earthquake,,,,,reviewed,us,bji
1997-01-06T22:32:22.660Z,43.879,8.7,10,2.8,ml,,,,1.03,us,usp0007vjm,2014-11-07T01:01:56.647Z,"42 km SSE of Noli, Italy",earthquake,,,,,reviewed,us,gen
1997-01-06T22:24:24.930Z,-36.157,-71.883,80,3.9,md,,,,0.55,us,usp0007vjk,2014-11-07T01:01:56.644Z,"5 km WSW of Parral, Chile",earthquake,,,,,reviewed,us,san
1997-01-06T22:15:40.440Z,40.777,-125.3178333,4.652,4.2,mw,47,271,0.8054,0.1,nc,nc490257,2016-12-25T17:31:12.140Z,"91 km WNW of Ferndale, California",earthquake,1.82,9.94,,3,reviewed,nc,nc
1997-01-06T21:57:07.870Z,-32.813,-70.207,100,2.5,md,,,,0.23,us,usp0007vjh,2014-11-07T01:01:56.631Z,"36 km E of Los Andes, Chile",earthquake,,,,,reviewed,us,san
1997-01-06T21:56:57.700Z,37.379,-4.036,33,3,mblg,,,,0.51,us,usp0007vjg,2014-11-07T01:01:56.628Z,"6 km NNW of Montefrío, Spain",earthquake,,,,,reviewed,us,mdd
1997-01-06T20:50:32.140Z,32.13,-115.567,5.984,2.86,mc,0,260.1,0.5351,0.349,ci,ci7055536,2016-02-11T23:01:24.576Z,"39km WSW of Alberto Oviedo Mota, B.C., MX",earthquake,,,,25,reviewed,ci,ci
1997-01-06T14:17:05.480Z,40.457,23.586,10,4,ml,,,,1.05,us,usp0007vjb,2014-11-07T01:01:56.617Z,"3 km SSW of Arnaía, Greece",earthquake,,,,,reviewed,us,the
1997-01-06T14:03:48.550Z,37.042,97.842,33,5,mb,,,,0.77,us,usp0007vja,2022-04-29T16:40:09.459Z,"northern Qinghai, China",earthquake,,,,53,reviewed,us,us
1997-01-06T13:58:20.740Z,65.2247,-152.5357,-3,3.2,ml,,,,0.3,ak,ak997a5b6yi,2020-02-20T18:20:32.143Z,"northern Alaska",earthquake,,4.2,,,reviewed,ak,ak
1997-01-06T13:00:33.390Z,-24.315,-179.958,550,4.3,mb,,,,1,us,usp0007vj8,2014-11-07T01:01:56.596Z,"south of the Fiji Islands",earthquake,,,,4,reviewed,us,us
1997-01-06T12:58:29.660Z,62.201,-26.262,10,4.1,mb,,,,1.24,us,usp0007vj7,2014-11-07T01:01:56.591Z,"265 km SW of Grindavík, Iceland",earthquake,,,,5,reviewed,us,us
1997-01-06T12:35:08.110Z,62.178,-26.53,10,4.3,mb,,,,1.25,us,usp0007vj6,2014-11-07T01:01:56.588Z,"277 km SW of Grindavík, Iceland",earthquake,,,,4,reviewed,us,us
1997-01-06T11:27:40.050Z,62.189,-26.408,10,4.4,mb,,,,1.18,us,usp0007vj5,2014-11-07T01:01:56.584Z,"272 km SW of Grindavík, Iceland",earthquake,,,,2,reviewed,us,us
1997-01-06T11:22:28.230Z,62.404,-26.364,10,4.3,mb,,,,1.15,us,usp0007vj4,2014-11-07T01:01:56.581Z,"254 km SW of Grindavík, Iceland",earthquake,,,,5,reviewed,us,us
1997-01-06T10:58:26.910Z,62.181,-26.311,10,4.2,mb,,,,1.3,us,usp0007vj2,2014-11-07T01:01:56.576Z,"269 km SW of Grindavík, Iceland",earthquake,,,,5,reviewed,us,us
1997-01-06T10:42:34.850Z,-3.022,129.54,33,4.6,mb,,,,1.55,us,usp0007vj0,2014-11-07T01:01:56.570Z,"77 km ENE of Amahai, Indonesia",earthquake,,,,7,reviewed,us,us
1997-01-06T10:12:06.150Z,-0.694,134.991,33,4.1,mb,,,,1.18,us,usp0007vhz,2014-11-07T01:01:56.568Z,"104 km E of Manokwari, Indonesia",earthquake,,,,3,reviewed,us,us
1997-01-06T09:15:53.870Z,-20.456,-175.993,150,4.5,mb,,,,0.8,us,usp0007vhy,2014-11-07T01:01:56.563Z,"111 km NW of Nuku‘alofa, Tonga",earthquake,,,,11,reviewed,us,us
1997-01-06T08:12:13.420Z,39.566,-120.1995,5.721,2.64,md,14,261,0.7009,0.07,nc,nc490149,2016-12-25T17:29:27.607Z,"8 km S of Sierra Brooks, California",earthquake,2.82,2.38,0.1,15,reviewed,nc,nc
1997-01-06T06:44:55.060Z,63.0232,-149.1863,5.4,2.7,ml,,,,0.15,ak,ak997a128ci,2020-02-20T18:20:33.507Z,"42 km SSW of Cantwell, Alaska",earthquake,,4.7,,,reviewed,ak,ak
1997-01-06T06:25:16.690Z,-19.164,177.53,33,4.6,mb,,,,1.13,us,usp0007vhu,2014-11-07T01:01:56.552Z,"148 km SW of Suva, Fiji",earthquake,,,,1,reviewed,us,us
1997-01-06T05:21:32.230Z,-11.978,166.705,175.2,5,mb,,,,1,us,usp0007vhs,2014-11-07T01:01:56.534Z,"170 km SE of Lata, Solomon Islands",earthquake,,,,23,reviewed,us,us
1997-01-06T03:59:50.900Z,21.517,143.363,300,4.2,mb,,,,1.08,us,usp0007vhn,2014-11-07T01:01:56.523Z,"Mariana Islands region",earthquake,,,,2,reviewed,us,us
1997-01-06T02:51:13.510Z,-9.505,114.265,100,4.2,mb,,,,1.45,us,usp0007vhk,2014-11-07T01:01:56.519Z,"118 km S of Muncar, Indonesia",earthquake,,,,4,reviewed,us,us
1997-01-06T01:51:13.190Z,24.751,122.673,29.9,4.9,mb,,,,1.33,us,usp0007vhj,2014-11-07T01:01:56.516Z,"45 km NW of Yonakuni, Japan",earthquake,,11.9,,9,reviewed,us,us
1997-01-06T00:53:14.850Z,51.661,-177.234,60.2,4.3,mb,,,,0.93,us,usp0007vhg,2014-11-07T01:01:56.511Z,"47 km WSW of Adak, Alaska",earthquake,,9.9,,1,reviewed,us,us
1997-01-05T22:55:54.100Z,39.5835,-120.1381667,3.943,2.75,md,14,270,0.7459,0.13,nc,nc30125076,2016-12-25T17:28:37.152Z,"9 km SE of Sierra Brooks, California",earthquake,2.13,4.03,0.09,17,reviewed,nc,nc
1997-01-05T21:59:37.120Z,64.4315,-146.9022,9.3,3,ml,,,,0.34,ak,ak9978mjka8,2020-02-20T18:20:34.866Z,"Central Alaska",earthquake,,0.5,,,reviewed,ak,ak
1997-01-05T21:35:04.870Z,-33.29,-70.981,70,3.2,md,,,,0.25,us,usp0007vhd,2014-11-07T01:01:56.499Z,"9 km W of Lampa, Chile",earthquake,,,,,reviewed,us,san
1997-01-05T21:04:39.190Z,8.829,-82.543,10,4,md,,,,0.65,us,usp0007vhc,2014-11-07T01:01:56.497Z,"3 km SE of Cerro Punta, Panama",earthquake,,,,,reviewed,us,upa
1997-01-05T20:35:38.080Z,60.1322,-151.935,60.4,2.8,ml,,,,0.3,ak,ak9978lszkg,2020-02-20T18:20:35.316Z,"17 km WNW of Ninilchik, Alaska",earthquake,,1.4,,,reviewed,ak,ak
1997-01-05T20:31:26.020Z,28.768,130.734,33,3.5,mb,,,,1.45,us,usp0007vh9,2014-11-07T01:01:56.480Z,"130 km ENE of Naze, Japan",earthquake,,,,1,reviewed,us,us
1997-01-05T18:40:52.010Z,23.014,123.053,33,4.7,mb,,,,0.91,us,usp0007vh8,2014-11-07T01:01:56.468Z,"160 km S of Yonakuni, Japan",earthquake,,,,17,reviewed,us,us
1997-01-05T18:27:59.470Z,39.5818333,-120.1376667,2.253,2.93,md,24,264,0.745,0.17,nc,nc490084,2016-12-25T17:28:09.057Z,"9 km SE of Sierra Brooks, California",earthquake,1.77,2.44,0.11,26,reviewed,nc,nc
1997-01-05T18:12:38.440Z,39.1575,-110.8628333,5.89,2.5,md,12,101,0.2677,0.31,uu,uu50140415,2018-08-28T15:47:12.020Z,"14 km ESE of Castle Dale, Utah",earthquake,1.15,12.31,,10,reviewed,uu,uu
1997-01-05T17:01:19.200Z,-12.591,167.081,100,4.2,mb,,,,0.89,us,usp0007vh6,2014-11-07T01:01:56.453Z,"151 km NNW of Sola, Vanuatu",earthquake,,,,5,reviewed,us,us
1997-01-05T14:23:55.010Z,-17.751,-178.739,550,5,mb,,,,1.05,us,usp0007vh4,2014-11-07T01:01:56.435Z,"208 km E of Levuka, Fiji",earthquake,,,,15,reviewed,us,us
1997-01-05T12:38:07.360Z,-31.771,-70.36,130,3.8,md,,,,0.37,us,usp0007vh2,2014-11-07T01:01:56.401Z,"57 km E of Salamanca, Chile",earthquake,,,,,reviewed,us,san
1997-01-05T12:29:27.340Z,-5.695,154.521,129.8,5.1,mb,,,,1.22,us,usp0007vh1,2014-11-07T01:01:56.371Z,"126 km WNW of Panguna, Papua New Guinea",earthquake,,,,25,reviewed,us,us
1997-01-05T11:58:53.450Z,12.996,125.487,49,4.4,mb,,,,1.1,us,usp0007vh0,2014-11-07T01:01:56.358Z,"Samar, Philippines",earthquake,,,,3,reviewed,us,us
1997-01-05T11:25:49.940Z,-60.689,-32.785,10,4.6,mb,,,,1.23,us,usp0007vgy,2014-11-07T01:01:56.351Z,"Scotia Sea",earthquake,,,,2,reviewed,us,us
1997-01-05T10:45:04.790Z,2.42,129.108,200,4.1,mb,,,,1.3,us,usp0007vgw,2014-11-07T01:01:56.330Z,"144 km ENE of Tobelo, Indonesia",earthquake,,,,2,reviewed,us,us
1997-01-05T10:34:19.450Z,24.677,122.457,33,5.2,mwc,,,,1,us,usp0007vgv,2025-12-19T22:15:51.828Z,"59 km WNW of Yonakuni, Japan",earthquake,,,,,reviewed,us,hrv
1997-01-05T09:36:03.210Z,35.799,105.452,33,4.3,mb,,,,1.23,us,usp0007vgu,2014-11-07T01:01:56.265Z,"Gansu-Ningxia border region, China",earthquake,,,,2,reviewed,us,us
1997-01-05T09:32:45.550Z,-32.398,-71.356,70,2.9,md,,,,0.35,us,usp0007vgt,2014-11-07T01:01:56.185Z,"13 km WNW of La Ligua, Chile",earthquake,,,,,reviewed,us,san
1997-01-05T09:03:49.530Z,11.8,93.546,100,4.4,mb,,,,1.42,us,usp0007vgq,2014-11-07T01:01:56.113Z,"88 km E of Port Blair, India",earthquake,,,,1,reviewed,us,us
1997-01-05T08:47:25.400Z,29.845,80.532,33,5.6,mwc,,,,0.9,us,usp0007vgp,2022-04-29T16:40:01.014Z,"1 km E of Dh?rchula, India",earthquake,,,,,reviewed,us,hrv
1997-01-05T08:11:30.730Z,-8.927,125.076,33,4.5,mb,,,,0.94,us,usp0007vgn,2014-11-07T01:01:56.044Z,"17 km WNW of Maliana, Timor Leste",earthquake,,,,11,reviewed,us,us
1997-01-05T06:49:13.910Z,35.797,-117.638,3.754,2.56,mh,0,65.6,0.03785,0.173,ci,ci7055376,2016-02-12T19:10:16.955Z,"20km N of Ridgecrest, California",earthquake,,0.113,,0,reviewed,ci,ci
1997-01-05T05:30:02.280Z,35.107,28.104,10,3.8,mb,,,,1.15,us,usp0007vgk,2014-11-07T01:01:56.033Z,"92 km ESE of Karpathos, Greece",earthquake,,,,2,reviewed,us,us
1997-01-05T05:26:12.660Z,59.4482,-152.3662,67.5,2.5,ml,,,,0.29,ak,ak9978cti36,2020-02-20T18:20:36.789Z,"27 km WNW of Nanwalek, Alaska",earthquake,,1.4,,,reviewed,ak,ak
1997-01-05T04:27:18.920Z,3.281,96.286,100,4.1,mb,,,,1.33,us,usp0007vgg,2014-11-07T01:01:56.015Z,"89 km N of Sinabang, Indonesia",earthquake,,,,1,reviewed,us,us
1997-01-05T04:17:25.440Z,-31.896,-69.664,150,2.7,md,,,,0.49,us,usp0007vgf,2014-11-07T01:01:56.010Z,"66 km SSW of Calingasta, Argentina",earthquake,,,,,reviewed,us,san
1997-01-05T03:03:11.900Z,60.0395,-151.2895,56.9,2.5,ml,,,,0.28,ak,ak9978bhpcm,2020-02-20T18:20:37.271Z,"21 km E of Ninilchik, Alaska",earthquake,,1,,,reviewed,ak,ak
1997-01-05T01:11:05.300Z,44.84,-111.545,5.9,3.7,ml,,,,,us,usp0007vgb,2014-11-07T01:01:55.986Z,"29 km WNW of Hebgen Lake Estates, Montana",earthquake,,,,,reviewed,but,but
1997-01-05T00:20:10.460Z,60.8878,-151.4708,64,2.5,ml,,,,0.23,ak,ak99789t1li,2020-02-20T18:20:38.081Z,"24 km NNW of Nikiski, Alaska",earthquake,,1.3,,,reviewed,ak,ak
1997-01-05T00:17:48.540Z,-17.831,-178.547,650,4.6,mb,,,,0.75,us,usp0007vg9,2014-11-07T01:01:55.967Z,"227 km E of Levuka, Fiji",earthquake,,,,13,reviewed,us,us
1997-01-04T23:21:55.220Z,-49.962,126.795,10,4.6,mb,,,,1.09,us,usp0007vg8,2014-11-07T01:01:55.962Z,"western Indian-Antarctic Ridge",earthquake,,,,12,reviewed,us,us
1997-01-04T21:42:39.520Z,-32.474,-71.867,33,3.5,md,,,,0.52,us,usp0007vg6,2014-11-07T01:01:55.956Z,"59 km W of La Ligua, Chile",earthquake,,,,,reviewed,us,san
1997-01-04T21:29:01.400Z,46.7323333,-122.8035,-0.293,2.7,md,5,143,0.09331,0.01,uw,uw10412978,2016-07-23T17:28:53.130Z,"8 km SE of Bucoda, Washington",explosion,0.092,0.14,0.03,3,reviewed,uw,uw
1997-01-04T18:49:44.270Z,36.064,-117.645,0.264,2.64,mh,0,86.8,,0.184,ci,ci7055302,2016-02-13T00:13:04.598Z,"27km E of Coso Junction, California",earthquake,,0.231,,0,reviewed,ci,ci
1997-01-04T18:44:55.900Z,12.69,-88.882,56.6,5,mb,,,,1.06,us,usp0007vg1,2014-11-07T01:01:55.928Z,"74 km SSW of Puerto El Triunfo, El Salvador",earthquake,,5.5,,20,reviewed,us,us
1997-01-04T18:00:28.480Z,59.3275,-152.639,89.6,2.7,ml,,,,0.11,ak,ak9976wv928,2020-02-20T18:20:40.107Z,"Southern Alaska",earthquake,,2.9,,,reviewed,ak,ak
1997-01-04T17:58:52.230Z,43.535,7.831,10,3.2,ml,,,,1.22,us,usp0007vfy,2014-11-07T01:01:55.913Z,"30 km SSE of Bordighera, Italy",earthquake,,,,,reviewed,us,ldg
1997-01-04T17:18:54.050Z,-3.33,145.535,33,4.4,mb,,,,0.59,us,usp0007vfx,2014-11-07T01:01:55.911Z,"182 km ENE of Angoram, Papua New Guinea",earthquake,,,,3,reviewed,us,us
1997-01-04T17:16:37.940Z,49.32,156.471,33,4.5,mb,,,,0.52,us,usp0007vfw,2014-11-07T01:01:55.908Z,"152 km S of Severo-Kuril’sk, Russia",earthquake,,,,1,reviewed,us,us
1997-01-04T17:00:03.620Z,36.069,-117.652,0.667,2.55,mh,0,87.3,,0.184,ci,ci7055286,2016-02-13T07:48:53.810Z,"27km E of Coso Junction, California",earthquake,,0.318,,0,reviewed,ci,ci
1997-01-04T16:51:09.340Z,-18.125,-178.17,600,5.4,mwc,,,,0.94,us,usp0007vfv,2025-12-19T22:15:50.735Z,"266 km E of Levuka, Fiji",earthquake,,,,,reviewed,us,hrv
1997-01-04T16:38:04.580Z,11.928,-86.136,33,4.2,mb,,,,1.49,us,usp0007vfu,2014-11-07T01:01:55.867Z,"1 km WNW of Nandasmo, Nicaragua",earthquake,,,,2,reviewed,us,us
1997-01-04T16:33:36.300Z,43.227,140.913,100,4.1,mb,,,,0.4,us,usp0007vfs,2014-11-07T01:01:55.863Z,"8 km WNW of Otaru, Japan",earthquake,,,,1,reviewed,us,us
1997-01-04T16:22:13.960Z,11.783,125.226,45.9,4.9,mb,,,,0.86,us,usp0007vfr,2014-11-07T01:01:55.850Z,"19 km ESE of Tutubigan, Philippines",earthquake,,,,19,reviewed,us,us
1997-01-04T15:25:27.220Z,36.0695,-117.6471667,-1.408,3.45,ml,30,164,0.1064,0.22,ci,ci7055250,2016-02-11T23:01:13.331Z,"27km E of Coso Junction, California",earthquake,0.53,0.84,,0,reviewed,ci,ci
1997-01-04T14:58:35.020Z,36.0718333,-117.6513333,-1.503,3.97,ml,29,159,0.1043,0.28,ci,ci7055248,2016-04-01T22:55:22.281Z,"27km E of Coso Junction, CA",earthquake,0.72,1.2,,0,reviewed,ci,ci
1997-01-04T13:29:30.510Z,-7.355,128.341,150,5.2,mb,,,,0.92,us,usp0007vfm,2014-11-07T01:01:55.767Z,"196 km NE of Lospalos, Timor Leste",earthquake,,,,21,reviewed,us,us
1997-01-04T12:52:13.280Z,36.073,-117.683,-0.486,2.6,mh,28,158,0.0825,0.26,ci,ci7055237,2016-02-13T02:47:21.665Z,"24km E of Coso Junction, California",earthquake,0.49,0.74,,0,reviewed,ci,ci
1997-01-04T12:46:31.110Z,-17.469,-179.713,500,4.5,mb,,,,1.07,us,usp0007vfk,2014-11-07T01:01:55.763Z,"122 km ENE of Levuka, Fiji",earthquake,,,,4,reviewed,us,us
1997-01-04T11:21:45.230Z,-29.94,-71.575,39.3,4.8,mb,,,,0.91,us,usp0007vfg,2014-11-07T01:01:55.738Z,"22 km W of Coquimbo, Chile",earthquake,,,,15,reviewed,us,us
1997-01-04T11:02:25.650Z,-34.411,-70.463,10,3.3,md,,,,0.36,us,usp0007vff,2014-11-07T01:01:55.708Z,"30 km SE of Machalí, Chile",earthquake,,,,,reviewed,us,san
1997-01-04T10:15:00.330Z,36.0648333,-117.6531667,-1.143,2.6,mh,29,154,0.1001,0.32,ci,ci7055224,2016-02-12T01:31:05.907Z,"27km E of Coso Junction, California",earthquake,0.59,1.05,,0,reviewed,ci,ci
1997-01-04T10:13:21.630Z,-11.931,166.093,44.4,4.5,mb,,,,1.08,us,usp0007vfd,2014-11-07T01:01:55.653Z,"137 km SSE of Lata, Solomon Islands",earthquake,,,,10,reviewed,us,us
1997-01-04T09:59:06.700Z,-7.116,122.612,578.5,5.3,mwc,,,,0.95,us,usp0007vfc,2025-12-19T22:15:49.550Z,"172 km NNE of Maumere, Indonesia",earthquake,,,,,reviewed,us,hrv
1997-01-04T09:13:19.390Z,-32.982,-71.149,33,3.8,md,,,,0.4,us,usp0007vf9,2014-11-07T01:01:55.615Z,"11 km ENE of Limache, Chile",earthquake,,,,,reviewed,us,san
1997-01-04T09:01:10.700Z,-4.011,128.131,33,5.1,mb,,,,1.1,us,usp0007vf8,2014-11-07T01:01:55.597Z,"35 km S of Ambon, Indonesia",earthquake,,,,13,reviewed,us,us
1997-01-04T08:47:05.570Z,9.354,127.08,33,4.7,mb,,,,0.7,us,usp0007vf7,2014-11-07T01:01:55.595Z,"97 km E of Cortes, Philippines",earthquake,,,,3,reviewed,us,us
1997-01-04T08:46:10.110Z,38.652,-112.2676667,6.47,2.5,md,20,53,0.1565,0.32,uu,uu50140380,2018-08-28T15:47:07.410Z,"5 km WNW of Joseph, Utah",earthquake,0.56,1.51,,15,reviewed,uu,uu
1997-01-04T08:33:57.850Z,-28.888,74.063,10,4.5,mb,,,,0.22,us,usp0007vf5,2014-11-07T01:01:55.586Z,"Mid-Indian Ridge",earthquake,,,,2,reviewed,us,us
1997-01-04T06:35:16.880Z,59.1142,-154.1,106.7,3,ml,,,,0.19,ak,ak9976pxiyw,2020-02-20T18:20:41.977Z,"52 km SE of Kokhanok, Alaska",earthquake,,2.3,,,reviewed,ak,ak
1997-01-04T05:34:41.020Z,14.493,145.918,73.9,4.6,mb,,,,1.32,us,usp0007vex,2014-11-07T01:01:55.544Z,"61 km SSE of San Jose Village, Northern Mariana Islands",earthquake,,13.3,,5,reviewed,us,us
1997-01-04T04:14:09.080Z,-32.354,-71.671,33,3.6,md,,,,0.33,us,usp0007veu,2014-11-07T01:01:55.532Z,"42 km WNW of La Ligua, Chile",earthquake,,,,,reviewed,us,san
1997-01-04T04:04:48.580Z,-8.042,128.66,174.4,4.5,mb,,,,0.75,us,usp0007vet,2014-11-07T01:01:55.526Z,"190 km ENE of Lospalos, Timor Leste",earthquake,,12,,6,reviewed,us,us
1997-01-04T03:36:05.050Z,12.49,-89.053,50,5,ms,,,,1.03,us,usp0007ver,2014-11-07T01:01:55.492Z,"103 km SSW of Puerto El Triunfo, El Salvador",earthquake,,,,1,reviewed,us,us
1997-01-04T03:23:30.390Z,-32.953,-71.516,50,2.9,md,,,,0.47,us,usp0007veq,2014-11-07T01:01:55.487Z,"8 km NNE of Viña del Mar, Chile",earthquake,,,,,reviewed,us,san
1997-01-04T02:27:55.910Z,63.02,-150.4673,95.1,2.9,ml,,,,0.18,ak,ak9976ni5tz,2020-02-20T18:20:43.472Z,"60 km NNE of Petersville, Alaska",earthquake,,4.8,,,reviewed,ak,ak
1997-01-04T02:12:23.460Z,-6.905,155.417,33,4.6,mb,,,,0.74,us,usp0007vem,2014-11-07T01:01:55.460Z,"65 km S of Panguna, Papua New Guinea",earthquake,,,,16,reviewed,us,us
1997-01-04T01:53:59.070Z,36.063,-117.645,-0.163,2.66,mc,0,110.7,,0.175,ci,ci7055193,2016-02-12T11:21:36.964Z,"27km E of Coso Junction, California",earthquake,,0.342,,60,reviewed,ci,ci
1997-01-03T23:41:04.650Z,52.072,153.382,410.7,4.4,mb,,,,0.71,us,usp0007veh,2014-11-07T01:01:55.439Z,"224 km WNW of Ozernovskiy, Russia",earthquake,,13.7,,21,reviewed,us,us
1997-01-03T23:09:45.990Z,-3.055,130.201,33,4.6,mb,,,,1.02,us,usp0007veg,2014-11-07T01:01:55.431Z,"145 km ENE of Amahai, Indonesia",earthquake,,,,8,reviewed,us,us
1997-01-03T22:42:33.470Z,43.071,-0.511,10,2.8,ml,,,,1.26,us,usp0007vef,2014-11-07T01:01:55.427Z,"7 km WSW of Arudy, France",earthquake,,,,,reviewed,us,ldg
1997-01-03T22:42:20.800Z,45.23,6.513,10,2.5,ml,,,,0.49,us,usp0007vee,2014-11-07T01:01:55.418Z,"3 km ENE of Saint-Michel-de-Maurienne, France",earthquake,,,,,reviewed,us,gen
1997-01-03T22:40:41.040Z,61.061,167.134,10,4.7,mb,,,,1.23,us,usp0007ved,2014-11-07T01:01:55.401Z,"91 km NE of Tilichiki, Russia",earthquake,,,,19,reviewed,us,us
1997-01-03T22:06:49.110Z,21.785,121.409,33,4.3,mb,,,,1,us,usp0007veb,2014-11-07T01:01:55.393Z,"72 km ESE of Hengchun, Taiwan",earthquake,,,,2,reviewed,us,us
1997-01-03T21:51:28.390Z,60.958,167.396,10,5.4,mwc,,,,0.86,us,usp0007ve9,2022-04-29T16:39:54.188Z,"93 km NE of Tilichiki, Russia",earthquake,,,,,reviewed,us,hrv
1997-01-03T21:39:26.630Z,8.079,-82.816,33,4.8,mb,,,,1.19,us,usp0007ve8,2014-11-07T01:01:55.308Z,"6 km ESE of Limones, Panama",earthquake,,,,5,reviewed,us,us
1997-01-03T21:01:29.120Z,11.976,41.614,10,4.5,mb,,,,1.01,us,usp0007ve7,2014-11-07T01:01:55.303Z,"37 km NW of Gâlâfi, Djibouti",earthquake,,,,4,reviewed,us,us
1997-01-03T20:14:49.390Z,-4.871,153.485,33,4.1,mb,,,,1.03,us,usp0007ve5,2014-11-07T01:01:55.297Z,"147 km ESE of Kokopo, Papua New Guinea",earthquake,,,,1,reviewed,us,us
1997-01-03T17:54:26.150Z,-1.834,-12.881,10,4.7,mb,,,,1.01,us,usp0007ve2,2014-11-07T01:01:55.286Z,"north of Ascension Island",earthquake,,,,1,reviewed,us,us
1997-01-03T17:52:35.840Z,39.48,75.668,33,4.4,mb,,,,1.3,us,usp0007ve1,2014-11-07T01:01:55.281Z,"27 km W of Kashgar, China",earthquake,,,,1,reviewed,us,us
1997-01-03T15:35:12.300Z,9.071,93.663,33,4.6,mb,,,,1.05,us,usp0007vdy,2014-11-07T01:01:55.268Z,"Nicobar Islands, India region",earthquake,,,,9,reviewed,us,us
1997-01-03T15:05:43.540Z,-0.822,120.761,33,3.9,mb,,,,1.04,us,usp0007vdx,2014-11-07T01:01:55.253Z,"63 km N of Poso, Indonesia",earthquake,,,,3,reviewed,us,us
1997-01-03T13:19:46.480Z,-10.179,119.037,100,4.1,mb,,,,1.16,us,usp0007vdt,2014-11-07T01:01:55.230Z,"146 km WSW of Waingapu, Indonesia",earthquake,,,,4,reviewed,us,us
1997-01-03T12:43:29.890Z,7.596,-81.035,10,4.2,md,,,,1,us,usp0007vdr,2014-11-07T01:01:55.223Z,"14 km SSW of Tebario, Panama",earthquake,,,,,reviewed,us,upa
1997-01-03T12:40:18.790Z,-11.953,166.206,33,4.9,mb,,,,1.38,us,usp0007vdp,2014-11-07T01:01:55.208Z,"142 km SSE of Lata, Solomon Islands",earthquake,,,,15,reviewed,us,us
1997-01-03T12:10:00.940Z,-3.942,129.057,100,4,mb,,,,0.79,us,usp0007vdk,2014-11-07T01:01:55.200Z,"68 km SSE of Amahai, Indonesia",earthquake,,,,3,reviewed,us,us
1997-01-03T12:05:55.830Z,32.008,-115.749,5.731,2.55,mc,0,246.4,0.6398,0.233,ci,ci7055159,2016-02-13T05:15:00.637Z,"60km WSW of Alberto Oviedo Mota, B.C., MX",earthquake,,,,24,reviewed,ci,ci
1997-01-03T11:30:49.430Z,43.987,8.747,10,3,ml,,,,0.8,us,usp0007vdj,2014-11-07T01:01:55.187Z,"36 km SE of Noli, Italy",earthquake,,,,,reviewed,us,ldg
1997-01-03T09:59:49.040Z,-17.165,-178.926,500,4.2,mb,,,,0.42,us,usp0007vdg,2014-11-07T01:01:55.131Z,"199 km ESE of Labasa, Fiji",earthquake,,,,1,reviewed,us,us
1997-01-03T07:15:57.410Z,-11.855,166.343,33,4.3,mb,,,,1.54,us,usp0007vdf,2014-11-07T01:01:55.111Z,"138 km SSE of Lata, Solomon Islands",earthquake,,,,9,reviewed,us,us
1997-01-03T06:56:49.230Z,-12.006,166.147,33,4.4,mb,,,,1.37,us,usp0007vde,2014-11-07T01:01:55.104Z,"146 km SSE of Lata, Solomon Islands",earthquake,,,,10,reviewed,us,us
1997-01-03T05:52:25.560Z,44.249,9.845,10,2.8,ml,,,,0.82,us,usp0007vdd,2014-11-07T01:01:55.093Z,"0 km NE of Calice al Cornoviglio, Italy",earthquake,,,,,reviewed,us,ldg
1997-01-03T05:39:27.480Z,58.8733,-152.7125,62.6,3.2,ml,,,,0.19,ak,ak99751tmjw,2020-02-20T18:20:46.794Z,"70 km SW of Nanwalek, Alaska",earthquake,,2.3,,,reviewed,ak,ak
1997-01-03T05:29:34.710Z,60.2547,-152.0002,67.9,2.5,ml,,,,0.26,ak,ak99751rhy7,2020-02-20T18:20:47.288Z,"29 km NW of Ninilchik, Alaska",earthquake,,1,,,reviewed,ak,ak
1997-01-03T04:59:56.170Z,0.397,126.036,33,4.5,mb,,,,1.18,us,usp0007vd6,2014-11-07T01:01:55.053Z,"156 km WSW of Ternate, Indonesia",earthquake,,,,3,reviewed,us,us
1997-01-03T04:58:38.240Z,28.266,139.142,525.4,4.5,mb,,,,0.81,us,usp0007vd5,2014-11-07T01:01:55.047Z,"Bonin Islands, Japan region",earthquake,,6.9,,3,reviewed,us,us
1997-01-03T04:23:01.560Z,-11.98,166.146,33,4.9,ms,,,,1.01,us,usp0007vd3,2014-11-07T01:01:55.032Z,"143 km SSE of Lata, Solomon Islands",earthquake,,,,1,reviewed,us,us
1997-01-03T04:20:15.840Z,37.358,-121.7281667,2.548,2.74,md,85,35,0.02342,0.06,nc,nc489791,2016-12-25T17:22:57.770Z,"8 km ESE of East Foothills, California",earthquake,0.08,0.23,0.11,109,reviewed,nc,nc
1997-01-03T03:58:22.190Z,-19.224,-174.838,140.3,6,mwc,,,,0.91,us,usp0007vd2,2022-04-29T16:39:51.418Z,"82 km NW of Pangai, Tonga",earthquake,,,,,reviewed,us,hrv
1997-01-03T03:56:11.620Z,-22.807,-175.388,33,4.8,mb,,,,0.9,us,usp0007vd1,2014-11-07T01:01:54.937Z,"169 km SSW of ‘Ohonua, Tonga",earthquake,,,,14,reviewed,us,us
1997-01-03T03:23:25.700Z,-26.412,27.816,5,4.2,mb,,,,1.52,us,usp0007vd0,2014-11-07T01:01:54.934Z,"9 km NNW of Orange Farm, South Africa",earthquake,,,,2,reviewed,us,us
1997-01-03T02:22:18.080Z,13.506,-88.048,179.7,4.8,mb,,,,1.04,us,usp0007vcy,2014-11-07T01:01:54.896Z,"12 km NW of San Alejo, El Salvador",earthquake,,,,41,reviewed,us,us
1997-01-03T01:35:16.990Z,2.641,96.318,33,4.6,mb,,,,0.66,us,usp0007vcx,2014-11-07T01:01:54.892Z,"19 km NNW of Sinabang, Indonesia",earthquake,,,,3,reviewed,us,us
1997-01-03T01:22:10.400Z,1.813,126.93,84.8,4.5,mb,,,,0.9,us,usp0007vcw,2014-11-07T01:01:54.885Z,"120 km W of Tobelo, Indonesia",earthquake,,9.6,,7,reviewed,us,us
1997-01-03T00:56:53.990Z,24.048,123.749,33,4.6,mb,,,,1.07,us,usp0007vcv,2014-11-07T01:01:54.877Z,"52 km SW of Ishigaki, Japan",earthquake,,,,2,reviewed,us,us
1997-01-03T00:51:20.040Z,64.089,-18.109,10,4.2,mb,,,,1.19,us,usp0007vcu,2014-11-07T01:01:54.869Z,"128 km ENE of Vestmannaeyjar, Iceland",earthquake,,,,8,reviewed,us,us
1997-01-03T00:32:47.670Z,-29.775,-177.878,33,4.4,mb,,,,0.76,us,usp0007vct,2014-11-07T01:01:54.864Z,"Kermadec Islands, New Zealand",earthquake,,,,4,reviewed,us,us
1997-01-03T00:11:01.760Z,-34.422,-70.453,10,3.6,md,,,,0.34,us,usp0007vcs,2014-11-07T01:01:54.859Z,"32 km SE of Machalí, Chile",earthquake,,,,,reviewed,us,san
1997-01-03T00:00:38.220Z,34.483,32.158,10,4.5,mb,,,,1.02,us,usp0007vcr,2014-11-07T01:01:54.815Z,"40 km SW of Paphos, Cyprus",earthquake,,,,31,reviewed,us,us
1997-01-02T23:39:44.450Z,0.515,126.593,33,4.3,mb,,,,1.27,us,usp0007vcq,2014-11-07T01:01:54.811Z,"93 km WSW of Ternate, Indonesia",earthquake,,,,3,reviewed,us,us
1997-01-02T22:36:09.270Z,39.0165,-123.0623333,2.806,4,mw,40,55,0.04144,0.07,nc,nc30124970,2016-12-25T17:22:09.610Z,"6 km NE of Hopland, California",earthquake,0.16,0.62,,3,reviewed,nc,nc
1997-01-02T22:13:07.470Z,-32.48,-179.049,200,4.6,mb,,,,0.98,us,usp0007vcm,2014-11-07T01:01:54.784Z,"south of the Kermadec Islands",earthquake,,,,9,reviewed,us,us
1997-01-02T22:06:03.230Z,-29.594,-178.01,33,4.1,mb,,,,0.71,us,usp0007vck,2014-11-07T01:01:54.780Z,"Kermadec Islands, New Zealand",earthquake,,,,1,reviewed,us,us
1997-01-02T21:30:37.550Z,0.655,124.066,190.9,5.2,mb,,,,1.16,us,usp0007vcj,2014-11-07T01:01:54.768Z,"109 km SW of Tomohon, Indonesia",earthquake,,14.5,,19,reviewed,us,us
1997-01-02T20:58:38.950Z,-31.866,-67.166,128.1,4.5,mb,,,,1,us,usp0007vch,2014-11-07T01:01:54.757Z,"108 km ESE of Caucete, Argentina",earthquake,,,,4,reviewed,us,us
1997-01-02T20:45:38.880Z,47.217,154.329,33,3.4,mb,,,,1.07,us,usp0007vcg,2014-11-07T01:01:54.752Z,"Kuril Islands",earthquake,,,,1,reviewed,us,us
1997-01-02T20:36:59.210Z,59.8802,-152.8803,110.2,2.8,ml,,,,0.19,ak,ak9973n77fl,2020-02-20T18:20:48.190Z,"59 km W of Anchor Point, Alaska",earthquake,,2.7,,,reviewed,ak,ak
1997-01-02T20:09:01.800Z,-4.242,143.505,98.1,5.2,mwc,,,,1.23,us,usp0007vce,2025-12-19T22:15:48.388Z,"65 km WSW of Angoram, Papua New Guinea",earthquake,,6.1,,,reviewed,us,hrv
1997-01-02T19:24:33.120Z,-14.183,166.779,33,4.6,mb,,,,1.04,us,usp0007vcc,2014-11-07T01:01:54.678Z,"90 km WSW of Sola, Vanuatu",earthquake,,,,19,reviewed,us,us
1997-01-02T19:03:57.950Z,45.8493333,-118.132,9.449,2.7,md,24,141,,0.37,uw,uw10412578,2016-07-23T17:28:49.680Z,"21 km ESE of Milton-Freewater, Oregon",earthquake,1.544,1.75,0.06,10,reviewed,uw,uw
1997-01-02T18:20:20.870Z,-14.167,166.836,33,5.4,mwc,,,,1.05,us,usp0007vc9,2025-12-19T22:15:47.275Z,"83 km WSW of Sola, Vanuatu",earthquake,,,,,reviewed,us,hrv
1997-01-02T18:03:47.140Z,-4.609,135.435,33,4.3,mb,,,,1.26,us,usp0007vc8,2014-11-07T01:01:54.604Z,"138 km S of Nabire, Indonesia",earthquake,,,,4,reviewed,us,us
1997-01-02T17:44:39.600Z,-14.155,166.643,33,4.7,mb,,,,1.06,us,usp0007vc7,2014-11-07T01:01:54.495Z,"102 km WSW of Sola, Vanuatu",earthquake,,,,10,reviewed,us,us
1997-01-02T17:40:23.020Z,60.4147,-149.5993,29.8,3.4,ml,,,,0.25,ak,ak9973lfoou,2020-02-20T18:20:49.630Z,"12 km W of Crown Point, Alaska",earthquake,,0.7,,,reviewed,ak,ak
1997-01-02T16:37:27.430Z,81.403,119.075,10,3.4,mb,,,,1.27,us,usp0007vc4,2014-11-07T01:01:54.467Z,"east of Severnaya Zemlya",earthquake,,,,1,reviewed,us,us
1997-01-02T16:35:18.910Z,2.292,128.468,33,4.6,mb,,,,0.91,us,usp0007vc3,2014-11-07T01:01:54.460Z,"80 km NE of Tobelo, Indonesia",earthquake,,,,6,reviewed,us,us
1997-01-02T16:26:54.100Z,-23.857,-64.961,33,4.2,mb,,,,0.68,us,usp0007vc2,2014-11-07T01:01:54.445Z,"18 km WSW of Libertador General San Martín, Argentina",earthquake,,,,4,reviewed,us,us
1997-01-02T16:19:32.350Z,18.821,145.531,250,4.8,mb,,,,1.28,us,usp0007vc1,2014-11-07T01:01:54.437Z,"Pagan region, Northern Mariana Islands",earthquake,,,,4,reviewed,us,us
1997-01-02T16:16:12.180Z,37.167,-4.227,10,3,mblg,,,,0.68,us,usp0007vc0,2014-11-07T01:01:54.431Z,"6 km W of Loja, Spain",earthquake,,,,,reviewed,us,mdd
1997-01-02T16:06:42.760Z,-8.46,129.188,33,3.5,mb,,,,1.17,us,usp0007vbz,2014-11-07T01:01:54.427Z,"241 km E of Lospalos, Timor Leste",earthquake,,,,2,reviewed,us,us
1997-01-02T15:44:49.950Z,0.683,127.597,33,3.6,mb,,,,1.35,us,usp0007vby,2014-11-07T01:01:54.424Z,"7 km SE of Sofifi, Indonesia",earthquake,,,,2,reviewed,us,us
1997-01-02T15:44:26.830Z,-11.489,166.714,200,4.2,mb,,,,1.31,us,usp0007vbx,2014-11-07T01:01:54.420Z,"131 km SE of Lata, Solomon Islands",earthquake,,,,4,reviewed,us,us
1997-01-02T15:22:19.130Z,37.546,20.829,10,4.5,mb,,,,1.17,us,usp0007vbw,2014-11-07T01:01:54.400Z,"19 km S of Lithakiá, Greece",earthquake,,,,12,reviewed,us,us
1997-01-02T15:16:20.340Z,39.631,73.147,33,3,mb,,,,1.06,us,usp0007vbu,2014-11-07T01:01:54.389Z,"75 km E of Kyzyl-Eshme, Kyrgyzstan",earthquake,,,,1,reviewed,us,us
1997-01-02T14:26:40.770Z,-7.031,124.117,500,4.8,mb,,,,1.26,us,usp0007vbs,2014-11-07T01:01:54.375Z,"212 km NW of Maubara, Timor Leste",earthquake,,,,9,reviewed,us,us
1997-01-02T14:19:25.000Z,45.254,149.448,33,3.6,mb,,,,0.74,us,usp0007vbr,2014-11-07T01:01:54.371Z,"123 km E of Kuril’sk, Russia",earthquake,,,,1,reviewed,us,us
1997-01-02T12:51:31.020Z,0.529,126.533,33,4.4,mb,,,,1.31,us,usp0007vbq,2014-11-07T01:01:54.367Z,"99 km WSW of Ternate, Indonesia",earthquake,,,,3,reviewed,us,us
1997-01-02T12:37:34.960Z,0.429,126.232,33,4.5,mb,,,,1.33,us,usp0007vbp,2014-11-07T01:01:54.362Z,"134 km WSW of Ternate, Indonesia",earthquake,,,,3,reviewed,us,us
1997-01-02T12:37:09.920Z,38.7921667,-122.7441667,0.414,2.58,md,35,44,0.02883,0.05,nc,nc489665,2016-12-25T17:20:41.790Z,"3 km SSW of Cobb, California",earthquake,0.12,0.33,0.15,53,reviewed,nc,nc
1997-01-02T12:31:14.370Z,0.449,126.442,41.4,5.4,mwc,,,,1.08,us,usp0007vbn,2025-12-19T22:15:46.112Z,"111 km WSW of Ternate, Indonesia",earthquake,,13.7,,,reviewed,us,hrv
1997-01-02T12:13:25.110Z,34.492,-37.346,10,3.2,mb,,,,1.25,us,usp0007vbm,2014-11-07T01:01:54.340Z,"northern Mid-Atlantic Ridge",earthquake,,,,1,reviewed,us,us
1997-01-02T11:11:46.320Z,35.491,135.665,357.8,4.6,mb,,,,1.03,us,usp0007vbk,2014-11-07T01:01:54.304Z,"7 km W of Obama, Japan",earthquake,,2.7,,44,reviewed,us,us
1997-01-02T10:56:59.710Z,51.67,16.202,10,3.4,ml,,,,0.69,us,usp0007vbj,2014-11-07T01:01:54.293Z,"5 km SSW of Szlichtyngowa, Poland",earthquake,,,,,reviewed,us,vie
1997-01-02T10:52:35.030Z,10.568,92.742,33,5.1,mb,,,,0.95,us,usp0007vbh,2014-11-07T01:01:54.216Z,"121 km S of Port Blair, India",earthquake,,,,57,reviewed,us,us
1997-01-02T10:39:38.640Z,-34.429,-70.462,10,3.5,md,,,,0.34,us,usp0007vbg,2014-11-07T01:01:54.211Z,"32 km SSE of Machalí, Chile",earthquake,,,,,reviewed,us,san
1997-01-02T10:29:01.090Z,-40.114,176.195,33,4.3,mb,,,,0.62,us,usp0007vbf,2014-11-07T01:01:54.206Z,"56 km ENE of Palmerston North, New Zealand",earthquake,,,,1,reviewed,us,us
1997-01-02T10:28:10.640Z,-23.399,169.633,33,4,mb,,,,1.19,us,usp0007vbe,2014-11-07T01:01:54.201Z,"233 km ESE of Vao, New Caledonia",earthquake,,,,2,reviewed,us,us
1997-01-02T10:21:56.790Z,-6.224,129.739,100,4.1,mb,,,,1.11,us,usp0007vbd,2014-11-07T01:01:54.197Z,"Banda Sea",earthquake,,,,5,reviewed,us,us
1997-01-02T10:18:19.490Z,-23.989,-66.721,200,4.2,mb,,,,0.75,us,usp0007vbc,2014-11-07T01:01:54.190Z,"48 km WNW of San Antonio de los Cobres, Argentina",earthquake,,,,6,reviewed,us,us
1997-01-02T09:47:55.380Z,-4.165,128.257,33,3.9,mb,,,,1.19,us,usp0007vbb,2014-11-07T01:01:54.186Z,"52 km S of Ambon, Indonesia",earthquake,,,,3,reviewed,us,us
1997-01-02T09:47:02.070Z,-60.938,-50.832,10,4,mb,,,,1.23,us,usp0007vba,2014-11-07T01:01:54.183Z,"Scotia Sea",earthquake,,,,1,reviewed,us,us
1997-01-02T09:21:22.070Z,-6.504,156.092,33,4.1,mb,,,,0.51,us,usp0007vb9,2014-11-07T01:01:54.179Z,"60 km ESE of Kieta, Papua New Guinea",earthquake,,,,2,reviewed,us,us
1997-01-02T08:36:00.130Z,-1.787,133.771,33,3.6,mb,,,,0.38,us,usp0007vb8,2014-11-07T01:01:54.175Z,"107 km SSW of Manokwari, Indonesia",earthquake,,,,3,reviewed,us,us
1997-01-02T07:00:55.510Z,38.5991667,-119.6938333,3.925,2.8,md,18,267,0.6279,0.36,nc,nc489660,2016-12-25T17:20:12.965Z,"13 km SE of Markleeville, California",earthquake,5.02,11.47,0.05,14,reviewed,nc,nc
1997-01-02T06:31:43.700Z,22.374,121.126,33,4.5,mb,,,,1.1,us,usp0007vb4,2014-11-07T01:01:54.151Z,"56 km NE of Hengchun, Taiwan",earthquake,,,,6,reviewed,us,us
1997-01-02T04:47:36.230Z,31.92,-115.799,5.726,2.57,mc,0,252.8,0.7298,0.352,ci,ci7055060,2016-02-12T06:25:03.750Z,"68km WSW of Alberto Oviedo Mota, B.C., MX",earthquake,,,,27,reviewed,ci,ci
1997-01-02T03:52:31.650Z,30.536,77.844,33,3.5,mb,,,,0.85,us,usp0007vb2,2014-11-07T01:01:54.144Z,"10 km NE of Vik?snagar, India",earthquake,,,,1,reviewed,us,us
1997-01-02T02:57:51.650Z,-23.86,-179.87,500,5.4,mwc,,,,0.91,us,usp0007vaz,2025-12-19T22:15:44.918Z,"south of the Fiji Islands",earthquake,,,,,reviewed,us,hrv
1997-01-02T02:43:40.780Z,-10.398,124.075,33,3.9,mb,,,,1.24,us,usp0007vay,2014-11-07T01:01:54.077Z,"57 km ESE of Kupang, Indonesia",earthquake,,,,3,reviewed,us,us
1997-01-02T02:19:32.000Z,33.562,-118.184,5.767,2.51,ml,0,91,,0.287,ci,ci7055048,2016-02-11T20:20:21.361Z,"21km SSW of Seal Beach, California",earthquake,,,,42,reviewed,ci,ci
1997-01-02T01:43:19.550Z,-2.238,139.452,33,3.8,mb,,,,0.95,us,usp0007vaw,2014-11-07T01:01:54.070Z,"137 km WNW of Abepura, Indonesia",earthquake,,,,2,reviewed,us,us
1997-01-02T00:40:36.310Z,51.725,16.102,5,3.5,ml,,,,0.68,us,usp0007vav,2014-11-07T01:01:54.049Z,"5 km ESE of Kotla, Poland",earthquake,,,,,reviewed,us,vie
1997-01-01T22:43:32.310Z,-5.977,129.665,177,5,mb,,,,0.77,us,usp0007var,2014-11-07T01:01:53.957Z,"Banda Sea",earthquake,,7.6,,9,reviewed,us,us
1997-01-01T22:32:32.300Z,-0.127,123.823,115.4,5.8,mwc,,,,1.01,us,usp0007vaq,2022-04-29T16:39:49.621Z,"112 km SE of Gorontalo, Indonesia",earthquake,,,,,reviewed,us,hrv
1997-01-01T22:27:01.130Z,46.7768333,-120.4545,18.431,3.7,md,49,45,,0.33,uw,uw10410358,2016-07-23T17:28:46.460Z,"14 km NNE of Selah, Washington",earthquake,0.684,0.75,0.03,11,reviewed,uw,uw
1997-01-01T21:59:56.120Z,21.175,119.905,33,4,mb,,,,0.98,us,usp0007van,2014-11-07T01:01:53.792Z,"126 km SW of Hengchun, Taiwan",earthquake,,,,3,reviewed,us,us
1997-01-01T21:53:23.520Z,31.906,-115.792,5.726,2.95,mc,0,253.7,0.7433,0.27,ci,ci7055034,2016-02-12T01:30:59.036Z,"69km WSW of Alberto Oviedo Mota, B.C., MX",earthquake,,,,51,reviewed,ci,ci
1997-01-01T21:23:11.350Z,65.1263,-148.5945,11.4,2.6,ml,,,,0.25,ak,ak997206ejj,2020-02-20T18:20:51.617Z,"35 km E of Minto, Alaska",earthquake,,0.6,,,reviewed,ak,ak
1997-01-01T21:22:52.990Z,-17.541,167.639,33,4.1,mb,,,,1.17,us,usp0007vak,2014-11-07T01:01:53.774Z,"74 km WNW of Port-Vila, Vanuatu",earthquake,,,,1,reviewed,us,us
1997-01-01T20:34:13.860Z,47.984,152.713,100,4.5,mb,,,,1.29,us,usp0007vaj,2014-11-07T01:01:53.768Z,"Kuril Islands",earthquake,,,,1,reviewed,us,us
1997-01-01T19:57:11.440Z,-23.713,179.784,600,4.9,mb,,,,0.89,us,usp0007vag,2014-11-07T01:01:53.732Z,"south of the Fiji Islands",earthquake,,,,17,reviewed,us,us
1997-01-01T19:56:42.800Z,47.224,9.405,10,3,ml,,,,0.88,us,usp0007vaf,2014-11-07T01:01:53.701Z,"3 km NW of Gams, Switzerland",earthquake,,,,,reviewed,us,vie
1997-01-01T19:32:49.550Z,16.651,-94.352,100,4.2,mb,,,,1.03,us,usp0007vad,2014-11-07T01:01:53.677Z,"18 km N of Santo Domingo Zanatepec, Mexico",earthquake,,,,11,reviewed,us,us
1997-01-01T18:49:44.540Z,-2.684,130.7,33,3.5,mb,,,,0.81,us,usp0007vac,2014-11-07T01:01:53.673Z,"209 km SSW of Sorong, Indonesia",earthquake,,,,2,reviewed,us,us
1997-01-01T18:07:02.800Z,-8.562,157.579,33,4.3,mb,,,,1.05,us,usp0007vaa,2014-11-07T01:01:53.652Z,"95 km ESE of Gizo, Solomon Islands",earthquake,,,,12,reviewed,us,us
1997-01-01T17:54:34.660Z,-0.852,133.461,33,3.8,mb,,,,0.84,us,usp0007va9,2014-11-07T01:01:53.645Z,"67 km W of Manokwari, Indonesia",earthquake,,,,3,reviewed,us,us
1997-01-01T17:52:44.220Z,10.532,-63.278,33,3.5,mb,,,,1.11,us,usp0007va8,2014-11-07T01:01:53.637Z,"14 km S of Carúpano, Venezuela",earthquake,,,,1,reviewed,us,us
1997-01-01T17:47:35.460Z,47.448,-1.409,10,2.5,ml,,,,0.52,us,usp0007va7,2014-11-07T01:01:53.625Z,"1 km ENE of Les Touches, France",earthquake,,,,,reviewed,us,ldg
1997-01-01T17:24:22.670Z,36.981,135.508,360.9,4.1,mb,,,,0.35,us,usp0007va6,2014-11-07T01:01:53.618Z,"102 km NW of Mikuni, Japan",earthquake,,6.6,,1,reviewed,us,us
1997-01-01T16:53:00.060Z,14.722,-92.404,150,4.3,mb,,,,0.61,us,usp0007va5,2014-11-07T01:01:53.607Z,"near the coast of Chiapas, Mexico",earthquake,,,,6,reviewed,us,us
1997-01-01T16:18:53.370Z,52.161,-176.118,89.7,3.7,mb,,,,1,us,usp0007va4,2014-11-07T01:01:53.591Z,"47 km NE of Adak, Alaska",earthquake,,8.6,,2,reviewed,us,us
1997-01-01T15:41:28.280Z,37.168,-4.247,10,2.7,mblg,,,,0.5,us,usp0007va3,2014-11-07T01:01:53.583Z,"7 km ESE of Villanueva de Tapia, Spain",earthquake,,,,,reviewed,us,mdd
1997-01-01T15:31:09.850Z,-16.381,67.048,10,4.4,mb,,,,0.89,us,usp0007va2,2014-11-07T01:01:53.574Z,"Mid-Indian Ridge",earthquake,,,,3,reviewed,us,us
1997-01-01T15:05:39.380Z,30.632,132.949,33,4.6,mb,,,,1.09,us,usp0007va1,2014-11-07T01:01:53.552Z,"185 km SE of Nichinan, Japan",earthquake,,,,7,reviewed,us,us
1997-01-01T14:55:53.080Z,-16.591,67.023,10,4.7,mb,,,,0.81,us,usp0007va0,2014-11-07T01:01:53.532Z,"Mid-Indian Ridge",earthquake,,,,5,reviewed,us,us
1997-01-01T13:15:15.830Z,-22.176,-174.587,33,4.3,mb,,,,0.66,us,usp0007v9z,2014-11-07T01:01:53.528Z,"100 km SSE of ‘Ohonua, Tonga",earthquake,,,,1,reviewed,us,us
1997-01-01T12:54:03.960Z,-32.858,-71.363,50,3.7,md,,,,0.37,us,usp0007v9y,2014-11-07T01:01:53.519Z,"11 km WNW of Quillota, Chile",earthquake,,,,,reviewed,us,san
1997-01-01T12:34:27.950Z,3.524,127.303,100,4,mb,,,,1.23,us,usp0007v9x,2014-11-07T01:01:53.433Z,"Pulau-Pulau Talaud, Indonesia",earthquake,,,,4,reviewed,us,us
1997-01-01T11:46:34.040Z,-32.888,-178.389,33,4.7,mb,,,,1.15,us,usp0007v9w,2014-11-07T01:01:53.422Z,"south of the Kermadec Islands",earthquake,,,,6,reviewed,us,us
1997-01-01T11:44:56.620Z,34.407,-37.354,10,4.8,ms,,,,1.01,us,usp0007v9v,2014-11-07T01:01:53.378Z,"northern Mid-Atlantic Ridge",earthquake,,,,2,reviewed,us,us
1997-01-01T10:38:50.690Z,34.727,25.371,33,4.1,mb,,,,1.01,us,usp0007v9t,2014-11-07T01:01:53.340Z,"36 km SSE of Pýrgos, Greece",earthquake,,,,15,reviewed,us,us
1997-01-01T10:24:21.520Z,-2.229,138.456,33,3.4,mb,,,,0.47,us,usp0007v9s,2014-11-07T01:01:53.334Z,"245 km W of Abepura, Indonesia",earthquake,,,,2,reviewed,us,us
1997-01-01T09:44:11.860Z,-4.886,152.303,33,4.4,mb,,,,0.58,us,usp0007v9p,2014-11-07T01:01:53.309Z,"60 km S of Kokopo, Papua New Guinea",earthquake,,,,4,reviewed,us,us
1997-01-01T09:40:26.120Z,-33.967,-179.069,33,3.8,mb,,,,0.47,us,usp0007v9n,2014-11-07T01:01:53.303Z,"south of the Kermadec Islands",earthquake,,,,2,reviewed,us,us
1997-01-01T08:48:46.420Z,-34.76,-179.52,33,4.3,mb,,,,0.79,us,usp0007v9k,2014-11-07T01:01:53.287Z,"south of the Kermadec Islands",earthquake,,,,2,reviewed,us,us
1997-01-01T08:42:13.350Z,63.26,-151.1017,7.5,2.5,ml,,,,0.19,ak,ak9971sjufr,2020-02-20T18:20:54.439Z,"44 km SE of Denali National Park, Alaska",earthquake,,1.4,,,reviewed,ak,ak
1997-01-01T07:56:58.150Z,-4.426,140.027,33,3.4,mb,,,,0.96,us,usp0007v9h,2014-11-07T01:01:53.240Z,"213 km SSW of Abepura, Indonesia",earthquake,,,,3,reviewed,us,us
1997-01-01T07:10:39.960Z,-15.657,-72.2,100,3.6,mb,,,,0.46,us,usp0007v9g,2014-11-07T01:01:53.233Z,"8 km ENE of Ayo, Peru",earthquake,,,,1,reviewed,us,us
1997-01-01T05:49:22.270Z,34.35,-37.299,10,4.8,mb,,,,0.98,us,usp0007v9f,2014-11-07T01:01:53.179Z,"northern Mid-Atlantic Ridge",earthquake,,,,29,reviewed,us,us
1997-01-01T05:28:01.030Z,-15.097,-75.627,33,4.5,mb,,,,0.99,us,usp0007v9e,2014-11-07T01:01:53.142Z,"56 km WNW of Minas de Marcona, Peru",earthquake,,,,8,reviewed,us,us
1997-01-01T04:35:51.880Z,6.813,-72.894,163.7,5.3,mwc,,,,1.1,us,usp0007v9d,2025-12-19T22:15:43.824Z,"4 km W of San Andrés, Colombia",earthquake,,,,,reviewed,us,hrv
1997-01-01T03:53:58.320Z,-33.292,-71.913,20,3.8,md,,,,0.35,us,usp0007v9c,2014-11-07T01:01:52.985Z,"38 km SW of Valparaíso, Chile",earthquake,,,,,reviewed,us,san
1997-01-01T03:30:45.370Z,30.258,68.117,39.9,4.5,mb,,,,0.92,us,usp0007v9b,2014-11-07T01:01:52.922Z,"24 km NE of Harnai, Pakistan",earthquake,,,,7,reviewed,us,us
1997-01-01T02:44:01.510Z,2.524,127.537,124.7,3.8,mb,,,,0.82,us,usp0007v9a,2014-11-07T01:01:52.911Z,"102 km NNW of Tobelo, Indonesia",earthquake,,27.9,,3,reviewed,us,us
1997-01-01T02:32:27.640Z,-15.359,-173.361,83.3,4.2,mb,,,,1.01,us,usp0007v99,2014-11-07T01:01:52.878Z,"80 km NE of Hihifo, Tonga",earthquake,,,,6,reviewed,us,us
1997-01-01T02:22:17.320Z,63.3593,-147.4417,64,2.7,ml,,,,0.23,ak,ak9971ouysk,2020-02-20T18:20:55.598Z,"75 km E of Cantwell, Alaska",earthquake,,1.7,,,reviewed,ak,ak
1997-01-01T01:44:02.310Z,45.664,26.577,141.4,3.6,mb,,,,0.66,us,usp0007v97,2014-11-07T01:01:52.814Z,"10 km WSW of Nereju Mic, Romania",earthquake,,7.2,,1,reviewed,us,us
1997-01-01T00:30:20.330Z,13.03,-88.083,33,4.5,mb,,,,0.71,us,usp0007v96,2014-11-07T01:01:52.248Z,"18 km S of Intipucá, El Salvador",earthquake,,,,1,reviewed,us,us
