time,latitude,longitude,depth,mag,magType,nst,gap,dmin,rms,net,id,updated,place,type,horizontalError,depthError,magError,magNst,status,locationSource,magSource
1981-05-30T23:49:08.020Z,-3.328,152.512,33,4.8,mb,,,,1,us,usp0001dye,2014-11-07T00:29:31.961Z,"New Ireland region, Papua New Guinea",earthquake,,,,4,reviewed,us,us
1981-05-30T22:45:39.700Z,-3.364,152.519,33,4.4,mb,,,,1.2,us,usp0001dyd,2014-11-07T00:29:31.957Z,"100 km NNE of Rabaul, Papua New Guinea",earthquake,,,,2,reviewed,us,us
1981-05-30T22:33:27.890Z,-9.413,119.516,33,5.2,mb,,,,1.4,us,usp0001dyc,2014-11-07T00:29:31.951Z,"86 km WNW of Waingapu, Indonesia",earthquake,,,,1,reviewed,us,us
1981-05-30T21:35:53.950Z,44.737,9.701,33,3.4,ml,,,,1.4,us,usp0001dyb,2014-11-07T00:29:31.949Z,"1 km N of Morfasso, Italy",earthquake,,,,,reviewed,us,tri
1981-05-30T20:56:06.040Z,60.796,-151.648,82.4,4.3,mb,,,,1.2,us,usp0001dya,2014-11-07T00:29:31.945Z,"22 km WNW of Nikiski, Alaska",earthquake,,5.1,,6,reviewed,us,us
1981-05-30T16:03:05.800Z,-22.131,-67.148,159.9,4.4,mb,,,,1.1,us,usp0001dy8,2014-11-07T00:29:31.926Z,"138 km NE of San Pedro de Atacama, Chile",earthquake,,7,,3,reviewed,us,us
1981-05-30T15:11:28.200Z,-9.644,112.028,33,4.2,mb,,,,1.3,us,usp0001dy7,2014-11-07T00:29:31.922Z,"169 km S of Boyolangu, Indonesia",earthquake,,,,3,reviewed,us,us
1981-05-30T13:42:57.180Z,38.812,-122.7993333,0.986,2.68,md,21,58,0.03514,0.04,nc,nc1064142,2016-12-13T00:55:54.745Z,"6 km W of Cobb, California",earthquake,0.17,0.55,0.08,8,reviewed,nc,nc
1981-05-30T13:35:10.420Z,19.3196667,-155.2266667,6.615,2.6,ml,41,67,,0.14,hv,hv19811970,2020-03-31T19:43:19.020Z,"13 km S of Volcano, Hawaii",earthquake,0.44,0.74,0.03,2,reviewed,hv,hv
1981-05-30T11:22:59.830Z,-5.847,151.448,66,4.9,mb,,,,1,us,usp0001dy5,2014-11-07T00:29:31.910Z,"148 km ESE of Kimbe, Papua New Guinea",earthquake,,5.6,,3,reviewed,us,us
1981-05-30T09:47:17.220Z,-49.152,164.743,33,5.7,mb,,,,1.2,us,usp0001dy4,2022-04-28T01:06:25.355Z,"Auckland Islands, New Zealand region",earthquake,,,,15,reviewed,us,us
1981-05-30T09:12:46.810Z,-3.927,139.726,33,5.3,mb,,,,1.3,us,usp0001dy3,2014-11-07T00:29:31.889Z,"178 km SW of Abepura, Indonesia",earthquake,,,,2,reviewed,us,us
1981-05-30T08:02:38.720Z,-9.593,155.691,33,4.7,mb,,,,1,us,usp0001dy2,2014-11-07T00:29:31.885Z,"D'Entrecasteaux Islands region",earthquake,,,,2,reviewed,us,us
1981-05-30T07:46:28.470Z,-19.872,-178.752,608.1,4.3,mb,,,,1.3,us,usp0001dy1,2014-11-07T00:29:31.879Z,"285 km SE of Levuka, Fiji",earthquake,,9.9,,7,reviewed,us,us
1981-05-30T07:37:34.350Z,6.665,-72.874,179.5,4.1,mb,,,,0.7,us,usp0001dy0,2014-11-07T00:29:31.866Z,"7 km W of Molagavita, Colombia",earthquake,,3.3,,4,reviewed,us,us
1981-05-30T07:24:11.400Z,19.1815,-155.6886667,5.028,2.65,ml,31,124,,0.23,hv,hv19811969,2020-03-31T19:43:18.850Z,"14 km NNW of Wai‘?hinu, Hawaii",earthquake,0.6,2.74,,2,reviewed,hv,hv
1981-05-30T07:12:58.340Z,-1.154,120.405,63.4,4.8,mb,,,,1.5,us,usp0001dxy,2014-11-07T00:29:31.855Z,"Sulawesi, Indonesia",earthquake,,9.4,,5,reviewed,us,us
1981-05-30T05:08:33.410Z,25.558,-108.744,10,4.5,mb,,,,1.2,us,usp0001dxx,2014-11-07T00:29:31.850Z,"Sinaloa, Mexico",earthquake,,,,1,reviewed,us,us
1981-05-30T03:06:53.800Z,7.294,-73.608,113.6,4.2,mb,,,,1.5,us,usp0001dxw,2014-11-07T00:29:31.844Z,"16 km SW of Sabana de Torres, Colombia",earthquake,,9.8,,4,reviewed,us,us
1981-05-30T02:22:07.640Z,34.2541667,-119.6255,15.564,2.62,mc,29,114,,0.41,ci,ci516837,2016-04-01T23:53:47.002Z,"19km SSW of Carpinteria, CA",earthquake,0.77,1.65,,30,reviewed,ci,ci
1981-05-29T22:35:41.800Z,38.605,-118.151,3.599,2.52,mc,0,314.9,,0.288,ci,ci516815,2016-02-02T21:07:48.920Z,"42km ENE of Hawthorne, NV",earthquake,,,,4,reviewed,ci,ci
1981-05-29T22:04:54.710Z,33.893,-115.521,-0.684,2.57,mc,0,77.3,,0.173,ci,ci516814,2016-02-02T18:23:21.860Z,"23km NNW of Desert Center, CA",quarry blast,,,,22,reviewed,ci,ci
1981-05-29T20:58:33.880Z,40.3265,-124.5471667,29.129,2.92,md,10,266,0.2054,0.1,nc,nc1064128,2016-12-13T00:54:56.050Z,"36 km SW of Ferndale, California",earthquake,2.22,1.69,,1,reviewed,nc,nc
1981-05-29T19:49:28.280Z,19.3891667,-155.274,1.989,2.55,ml,34,37,,0.1,hv,hv19811966,2020-03-31T19:43:18.360Z,"7 km SW of Volcano, Hawaii",earthquake,0.22,0.2,0.23,2,reviewed,hv,hv
1981-05-29T19:19:03.010Z,-5.624,145.821,81.7,5.3,mb,,,,1.1,us,usp0001dxt,2022-04-28T01:06:19.287Z,"44 km S of Madang, Papua New Guinea",earthquake,,2.3,,14,reviewed,us,us
1981-05-29T19:04:48.250Z,35.045,-117.685,-0.962,2.51,mc,0,64.9,,0.138,ci,ci516810,2016-02-02T23:39:33.280Z,"6km NNW of Boron, CA",quarry blast,,,,34,reviewed,ci,ci
1981-05-29T17:20:16.650Z,46.521,-121.3805,6.694,2.9,md,51,45,,0.21,uw,uw10107038,2016-07-24T22:15:15.040Z,"24 km ESE of Packwood, Washington",earthquake,0.475,0.69,0.06,2,reviewed,uw,uw
1981-05-29T16:00:00.090Z,37.102,-116.004,0,4.2,mb,,,,,us,usp0001dxs,2016-04-01T20:38:12.577Z,"64 km SSW of Rachel, Nevada",nuclear explosion,,,,1,reviewed,doe,us
1981-05-29T15:47:58.710Z,40.346,-124.6746667,21.244,2.8,md,12,265,0.2964,0.06,nc,nc1064122,2016-12-13T00:54:32.961Z,"43 km SW of Ferndale, California",earthquake,2.17,0.91,0.27,5,reviewed,nc,nc
1981-05-29T15:12:30.730Z,47.624,-119.902,0.289,2.5,md,27,50,0.08278,0.18,uw,uw10106968,2016-07-24T22:15:13.400Z,"12 km ESE of Waterville, Washington",earthquake,0.05,1.04,0.16,6,reviewed,uw,uw
1981-05-29T12:26:03.700Z,-24.546,-176.516,42.9,5.4,mb,,,,1,us,usp0001dxp,2014-11-07T00:29:31.808Z,"south of the Fiji Islands",earthquake,,3.9,,16,reviewed,us,us
1981-05-29T11:37:59.820Z,19.3838333,-155.4556667,8.97,2.7,ml,43,32,,0.11,hv,hv19811961,2020-03-31T19:43:17.600Z,"20 km N of P?hala, Hawaii",earthquake,0.35,0.59,0.01,2,reviewed,hv,hv
1981-05-29T05:48:17.470Z,19.3113333,-155.3431667,1.575,2.67,ml,27,101,,0.1,hv,hv19811956,2020-03-31T19:43:16.800Z,"18 km SW of Volcano, Hawaii",earthquake,0.35,0.72,,2,reviewed,hv,hv
1981-05-29T05:31:30.610Z,38.911,20.898,33,3.8,mb,,,,1.3,us,usp0001dxn,2014-11-07T00:29:31.798Z,"1 km ESE of Vónitsa, Greece",earthquake,,,,11,reviewed,us,us
1981-05-29T04:35:20.700Z,43.422,-126.844,10,4.1,mb,,,,1,us,usp0001dxm,2014-11-07T00:29:31.796Z,"200 km W of Bandon, Oregon",earthquake,,,,2,reviewed,us,us
1981-05-29T03:39:40.010Z,36.504,68.907,33,4.6,mb,,,,1.2,us,usp0001dxj,2014-11-07T00:29:31.790Z,"25 km S of Kunduz, Afghanistan",earthquake,,,,3,reviewed,us,us
1981-05-29T02:17:41.700Z,10.883,125.309,106.7,4.7,mb,,,,1,us,usp0001dxh,2014-11-07T00:29:31.786Z,"26 km SSW of Balangiga, Philippines",earthquake,,3.5,,9,reviewed,us,us
1981-05-29T01:44:36.420Z,19.3216667,-155.1638333,7.832,2.56,ml,28,98,,0.09,hv,hv19811954,2020-03-31T19:43:16.500Z,"15 km SSE of Volcano, Hawaii",earthquake,0.43,0.77,0.11,2,reviewed,hv,hv
1981-05-29T01:26:10.720Z,-15.235,-175.059,228.1,4.3,mb,,,,1.2,us,usp0001dxf,2014-11-07T00:29:31.778Z,"157 km WNW of Hihifo, Tonga",earthquake,,21.5,,3,reviewed,us,us
1981-05-29T00:41:32.840Z,38.803,20.883,33,4,mb,,,,1,us,usp0001dxe,2014-11-07T00:29:31.772Z,"2 km N of Pálairos, Greece",earthquake,,,,3,reviewed,us,us
1981-05-28T23:14:09.540Z,31.851,78.411,33,5.6,ms,,,,1,us,usp0001dxc,2026-01-07T19:18:34.520Z,"western Xizang-India border region",earthquake,,,,1,reviewed,us,us
1981-05-28T22:18:55.430Z,-5.682,151.409,70.5,6,mb,,,,0.9,us,usp0001dxb,2025-12-19T21:51:37.530Z,"141 km E of Kimbe, Papua New Guinea",earthquake,,1.5,,41,reviewed,us,us
1981-05-28T21:04:21.970Z,-14.899,167.027,130.2,4.8,mb,,,,1.2,us,usp0001dx9,2014-11-07T00:29:31.687Z,"16 km NNW of Port-Olry, Vanuatu",earthquake,,12.1,,5,reviewed,us,us
1981-05-28T19:35:56.600Z,-17.08,-173.978,137,5.4,mb,,,,1,us,usp0001dx7,2025-12-19T21:51:36.672Z,"126 km S of Hihifo, Tonga",earthquake,,,,31,reviewed,us,us
1981-05-28T19:17:20.530Z,35.038,-117.691,-0.937,2.5,mc,0,67.1,,0.153,ci,ci516749,2016-02-03T03:43:14.100Z,"6km NW of Boron, CA",quarry blast,,,,37,reviewed,ci,ci
1981-05-28T19:08:20.880Z,60.174,-152.819,115.4,4.1,mb,,,,0.7,us,usp0001dx6,2014-11-07T00:29:31.674Z,"65 km WNW of Ninilchik, Alaska",earthquake,,4.8,,1,reviewed,us,us
1981-05-28T19:06:33.450Z,38.743,20.918,33,4,mb,,,,0.9,us,usp0001dx5,2014-11-07T00:29:31.665Z,"4 km NNW of Kandíla, Greece",earthquake,,,,2,reviewed,us,us
1981-05-28T18:14:33.620Z,24.863,123.61,114.7,5.2,mb,,,,0.5,us,usp0001dx4,2014-11-07T00:29:31.663Z,"76 km NE of Yonakuni, Japan",earthquake,,4.8,,1,reviewed,us,us
1981-05-28T17:11:30.270Z,19.3143333,-155.1888333,7.553,2.94,ml,45,110,,0.11,hv,hv19811950,2020-03-31T19:43:15.840Z,"14 km SSE of Volcano, Hawaii",earthquake,0.37,0.44,0.12,2,reviewed,hv,hv
1981-05-28T16:10:07.330Z,-14.692,167.28,125,5.9,mb,,,,1.1,us,usp0001dx3,2022-04-28T01:06:05.911Z,"44 km NNE of Port-Olry, Vanuatu",earthquake,,,,47,reviewed,us,us
1981-05-28T14:55:28.900Z,40.2626667,-123.4848333,22.249,3.05,md,20,134,0.2135,0.1,nc,nc1064097,2016-12-13T00:52:46.130Z,"13 km W of Ruth, California",earthquake,0.58,0.96,0.04,7,reviewed,nc,nc
1981-05-28T14:34:18.940Z,-22.525,-65.989,259.9,4.4,mb,,,,1.3,us,usp0001dx2,2014-11-07T00:29:31.610Z,"37 km NW of Abra Pampa, Argentina",earthquake,,8.7,,2,reviewed,us,us
1981-05-28T12:42:07.430Z,47.72,16.163,10,3.7,ml,,,,1,us,usp0001dx1,2014-11-07T00:29:31.605Z,"Austria-Hungary border region",earthquake,,,,,reviewed,us,fur
1981-05-28T11:44:41.780Z,19.3815,-155.2806667,1.419,2.81,ml,26,36,,0.1,hv,hv19811948,2020-03-31T19:43:15.530Z,"8 km SW of Volcano, Hawaii",earthquake,0.24,0.24,0.07,2,reviewed,hv,hv
1981-05-28T10:55:15.150Z,-7.294,129.06,101,4.8,mb,,,,1.3,us,usp0001dx0,2014-11-07T00:29:31.599Z,"Kepulauan Babar, Indonesia",earthquake,,11.3,,5,reviewed,us,us
1981-05-28T09:10:45.900Z,46.5253333,-121.394,2.136,5,md,60,29,,0.2,uw,uw10106318,2022-04-28T01:06:04.573Z,"23 km ESE of Packwood, Washington",earthquake,0.425,0.77,0.11,1,reviewed,uw,uw
1981-05-28T08:56:02.540Z,46.53,-121.3985,1.957,4.6,md,61,29,,0.21,uw,uw10106248,2016-07-24T22:15:05.310Z,"22 km ESE of Packwood, Washington",earthquake,0.453,0.82,0.05,5,reviewed,uw,uw
1981-05-28T07:29:57.480Z,-58.994,-25.582,116.9,4.6,mb,,,,0.8,us,usp0001dwx,2014-11-07T00:29:31.525Z,"South Sandwich Islands region",earthquake,,12.3,,2,reviewed,us,us
1981-05-28T07:28:24.020Z,38.885,20.913,38,4.5,mb,,,,1.5,us,usp0001dww,2014-11-07T00:29:31.469Z,"4 km SSE of Vónitsa, Greece",earthquake,,6.2,,18,reviewed,us,us
1981-05-28T06:27:01.640Z,38.882,20.928,33,3.9,mb,,,,1.1,us,usp0001dwv,2014-11-07T00:29:31.464Z,"Greece",earthquake,,,,4,reviewed,us,us
1981-05-28T06:03:26.930Z,52.357,157.353,70,4.9,mb,,,,0.8,us,usp0001dwu,2014-11-07T00:29:31.460Z,"90 km SW of Paratunka, Russia",earthquake,,,,17,reviewed,us,us
1981-05-27T22:20:15.300Z,37.477,-118.86,4.623,2.58,mc,0,166,,0.285,ci,ci516722,2016-02-02T21:07:44.740Z,"21km SSE of Mammoth Lakes, CA",earthquake,,,,7,reviewed,ci,ci
1981-05-27T21:26:07.840Z,54.012,108.793,33,5.1,mb,,,,1,us,usp0001dws,2025-12-19T21:51:35.858Z,"68 km NNW of Ust’-Barguzin, Russia",earthquake,,,,56,reviewed,us,us
1981-05-27T20:58:04.990Z,38.947,20.929,28.7,4.1,mb,,,,1.4,us,usp0001dwr,2014-11-07T00:29:31.436Z,"Greece",earthquake,,6.1,,3,reviewed,us,us
1981-05-27T19:15:12.160Z,35.043,-117.686,-0.937,2.58,mc,0,121.3,,0.178,ci,ci516569,2016-02-03T02:22:41.080Z,"6km NW of Boron, CA",quarry blast,,,,35,reviewed,ci,ci
1981-05-27T19:14:56.460Z,35.04,-117.686,-0.927,2.5,mc,0,36.6,,0.142,ci,ci516568,2016-02-03T02:22:40.530Z,"6km NW of Boron, CA",quarry blast,,4.078,,38,reviewed,ci,ci
1981-05-27T19:12:38.110Z,40.3418333,-124.5123333,27.204,2.61,md,15,248,0.1757,0.1,nc,nc1064074,2016-12-13T00:50:52.572Z,"33 km SW of Ferndale, California",earthquake,1.85,1.38,0.26,3,reviewed,nc,nc
1981-05-27T18:57:21.660Z,-48.561,164.047,33,5.3,ms,,,,1.5,us,usp0001dwq,2025-12-19T21:51:35.071Z,"off the west coast of the South Island of New Zealand",earthquake,,,,1,reviewed,us,us
1981-05-27T18:12:03.840Z,38.849,20.945,33,4.9,mb,,,,1.4,us,usp0001dwp,2026-01-07T19:18:33.154Z,"0 km SSE of Monastiráki, Greece",earthquake,,,,38,reviewed,us,us
1981-05-27T17:55:12.870Z,13.607,134.409,33,5,mb,,,,1.1,us,usp0001dwn,2014-11-07T00:29:31.402Z,"Philippine Sea",earthquake,,,,10,reviewed,us,us
1981-05-27T17:44:01.160Z,38.815,20.988,33,3.9,mb,,,,1.3,us,usp0001dwm,2014-11-07T00:29:31.396Z,"5 km SE of Monastiráki, Greece",earthquake,,,,3,reviewed,us,us
1981-05-27T17:12:33.790Z,38.788,20.915,33,4.2,mb,,,,0.8,us,usp0001dwk,2014-11-07T00:29:31.391Z,"2 km E of Pálairos, Greece",earthquake,,,,1,reviewed,us,us
1981-05-27T16:09:17.580Z,38.736,21.024,33,3.5,mb,,,,1,us,usp0001dwj,2014-11-07T00:29:31.386Z,"4 km NNW of Archontochóri, Greece",earthquake,,,,1,reviewed,us,us
1981-05-27T15:25:54.260Z,38.84,20.944,31.1,5,ms,,,,1.5,us,usp0001dwh,2026-01-07T19:18:32.059Z,"1 km S of Monastiráki, Greece",earthquake,,4.7,,2,reviewed,us,us
1981-05-27T15:04:02.460Z,38.85,20.925,33,5,ms,,,,1.4,us,usp0001dwe,2026-01-07T19:16:25.968Z,"1 km W of Monastiráki, Greece",earthquake,,,,3,reviewed,us,us
1981-05-27T12:01:43.180Z,35.8226667,-119.9841667,9.029,2.64,md,31,205,0.2351,0.19,nc,nc1064063,2016-12-13T00:49:57.200Z,"20 km S of Kettleman City, California",earthquake,0.65,0.92,0.14,17,reviewed,nc,nc
1981-05-27T11:24:58.090Z,19.3526667,-155.3,2.317,2.64,ml,20,69,,0.09,hv,hv19811937,2020-03-31T19:43:13.860Z,"12 km SW of Volcano, Hawaii",earthquake,0.34,0.69,0.03,1,reviewed,hv,hv
1981-05-27T10:02:44.080Z,46.368,-122.2521667,9.387,3.2,md,39,46,,0.31,uw,uw10105888,2016-07-24T22:15:01.270Z,"21 km S of Morton, Washington",earthquake,0.858,1.88,0.05,13,reviewed,uw,uw
1981-05-27T09:49:55.930Z,40.74,-125.1081667,14.415,2.79,md,15,300,0.673,0.05,nc,nc1064056,2016-12-13T00:49:18.051Z,"73 km WNW of Ferndale, California",earthquake,3.3,4.51,,1,reviewed,nc,nc
1981-05-27T09:47:53.910Z,-24.948,-176.982,81.5,5,mb,,,,1,us,usp0001dwa,2014-11-07T00:29:31.297Z,"south of the Fiji Islands",earthquake,,14.1,,6,reviewed,us,us
1981-05-27T08:06:15.260Z,-24.77,-177.523,244.5,4.5,mb,,,,1,us,usp0001dw8,2014-11-07T00:29:31.288Z,"south of the Fiji Islands",earthquake,,19.4,,5,reviewed,us,us
1981-05-27T07:51:46.400Z,-13.364,-73.52,33,4.1,mb,,,,1,us,usp0001dw7,2014-11-07T00:29:31.286Z,"13 km NNE of Ocobamba, Peru",earthquake,,,,1,reviewed,us,us
1981-05-27T05:46:15.910Z,42.593,-111.726,5,3.1,ml,,,,0.6,us,usp0001dw6,2014-11-07T00:29:31.285Z,"1 km N of Grace, Idaho",earthquake,,,,,reviewed,us,us
1981-05-27T04:48:22.780Z,47.205,153.573,33,4.7,mb,,,,0.8,us,usp0001dw5,2014-11-07T00:29:31.282Z,"Kuril Islands",earthquake,,,,10,reviewed,us,us
1981-05-27T04:28:00.410Z,-28.358,-69.697,97.3,4.8,mb,,,,1.1,us,usp0001dw4,2014-11-07T00:29:31.278Z,"106 km ENE of Vallenar, Chile",earthquake,,4.7,,3,reviewed,us,us
1981-05-27T04:23:07.210Z,-6.818,155.305,33,5,mb,,,,1,us,usp0001dw3,2014-11-07T00:29:31.274Z,"58 km SSW of Panguna, Papua New Guinea",earthquake,,,,9,reviewed,us,us
1981-05-27T03:58:12.180Z,49.952,79.008,0,5.4,mb,,,,0.8,us,usp0001dw2,2014-11-07T00:29:31.261Z,"95 km SSE of Kurchatov, Kazakhstan",nuclear explosion,,,,79,reviewed,us,us
1981-05-27T01:45:10.460Z,-25.363,179.848,460.3,5.3,mb,,,,1,us,usp0001dw1,2025-12-19T21:51:34.345Z,"south of the Fiji Islands",earthquake,,3.6,,26,reviewed,us,us
1981-05-27T00:26:26.990Z,-24.672,-177.153,76.7,5,mb,,,,1,us,usp0001dw0,2014-11-07T00:29:31.243Z,"south of the Fiji Islands",earthquake,,14.6,,5,reviewed,us,us
1981-05-26T22:39:07.150Z,39.5233333,-121.1753333,13.763,2.91,md,15,152,0.1604,0.1,nc,nc1064036,2016-12-13T00:47:46.772Z,"1 km SW of Clipper Mills, California",earthquake,0.63,1.39,0.2,19,reviewed,nc,nc
1981-05-26T21:37:23.230Z,-9.525,155.679,33,4.8,mb,,,,1.1,us,usp0001dvz,2014-11-07T00:29:31.241Z,"202 km SW of Gizo, Solomon Islands",earthquake,,,,3,reviewed,us,us
1981-05-26T21:10:23.910Z,47.6575,-120.286,1.897,2.6,md,25,55,0.1421,0.18,uw,uw10105718,2016-07-24T22:15:00.040Z,"6 km WSW of Entiat, Washington",earthquake,0.574,4.68,0.08,3,reviewed,uw,uw
1981-05-26T16:01:49.440Z,37.4518333,-121.7846667,6.97,2.66,md,69,26,0.01261,0.07,nc,nc1064026,2016-12-13T00:47:00.150Z,"8 km NNE of East Foothills, California",earthquake,0.13,0.43,0.1,47,reviewed,nc,nc
1981-05-26T15:58:26.400Z,37.568,72.314,71.7,4.8,mb,,,,1,us,usp0001dvy,2014-11-07T00:29:31.240Z,"67 km E of Khorugh, Tajikistan",earthquake,,17.4,,3,reviewed,us,us
1981-05-26T14:18:02.060Z,-5.169,104.217,48.3,5.1,mb,,,,1.5,us,usp0001dvx,2014-11-07T00:29:31.231Z,"82 km WSW of Kotabumi, Indonesia",earthquake,,7.2,,12,reviewed,us,us
1981-05-26T12:12:15.060Z,40.3955,-124.4075,27.446,3.5,ml,17,244,0.09009,0.08,nc,nc1064018,2016-12-13T00:46:24.918Z,"23 km SSW of Ferndale, California",earthquake,1.53,0.95,,0,reviewed,nc,nc
1981-05-26T12:08:39.870Z,19.4011667,-155.384,8.893,2.57,ml,44,37,,0.11,hv,hv19811928,2020-03-31T19:43:12.440Z,"16 km WSW of Volcano, Hawaii",earthquake,0.32,0.57,0.05,2,reviewed,hv,hv
1981-05-26T11:57:35.780Z,42.565,143.352,84.9,5.1,mb,,,,1,us,usp0001dvw,2014-11-07T00:29:31.222Z,"40 km SSE of Obihiro, Japan",earthquake,,3.5,,39,reviewed,us,us
1981-05-26T11:41:04.380Z,40.3703333,-124.9045,1.854,4.6,ml,60,253,0.4459,0.6,nc,nc1064017,2018-06-04T20:43:45.000Z,"58 km WSW of Ferndale, California",earthquake,3.86,6.41,,0,reviewed,nc,nc
1981-05-26T11:21:17.580Z,19.326,-155.22,8.125,2.74,ml,46,72,,0.1,hv,hv19811927,2020-03-31T19:43:12.280Z,"13 km S of Volcano, Hawaii",earthquake,0.37,0.36,0.14,2,reviewed,hv,hv
1981-05-26T11:18:05.290Z,-8.562,118.418,125.8,4.8,mb,,,,1.1,us,usp0001dvu,2014-11-07T00:29:31.216Z,"5 km WSW of Dompu, Indonesia",earthquake,,6.9,,7,reviewed,us,us
1981-05-26T10:10:04.640Z,19.3245,-155.1333333,7.272,3.04,ml,43,87,,0.09,hv,hv19811925,2020-03-31T19:43:11.950Z,"15 km S of Fern Forest, Hawaii",earthquake,0.36,0.51,0.21,2,reviewed,hv,hv
1981-05-26T09:27:55.330Z,44.912,10.645,33,3.6,ml,,,,1.1,us,usp0001dvt,2014-11-07T00:29:31.211Z,"1 km W of Guastalla, Italy",earthquake,,,,,reviewed,us,tri
1981-05-26T09:17:14.790Z,-13.159,166.378,33,4.6,mb,,,,1.3,us,usp0001dvs,2014-11-07T00:29:31.209Z,"149 km WNW of Sola, Vanuatu",earthquake,,,,2,reviewed,us,us
1981-05-26T07:11:58.580Z,37.4716667,-119.7095,13.85,2.79,md,22,99,0.327,0.4,nc,nc1064013,2016-12-13T00:45:58.265Z,"6 km W of Fish Camp, California",earthquake,0.7,3.63,0.06,3,reviewed,nc,nc
1981-05-26T06:47:46.910Z,6.156,127.441,47.6,5.7,mb,,,,1.1,us,usp0001dvq,2025-12-19T21:51:33.678Z,"141 km E of Pondaguitan, Philippines",earthquake,,1.9,,41,reviewed,us,us
1981-05-26T04:55:30.220Z,-3.004,-79.184,95.5,5.1,mb,,,,0.8,us,usp0001dvp,2014-11-07T00:29:31.183Z,"22 km WSW of Cuenca, Ecuador",earthquake,,5.7,,18,reviewed,us,us
1981-05-26T04:46:46.810Z,38.858,143.177,17.6,4.7,mb,,,,1.1,us,usp0001dvn,2026-01-07T19:18:30.951Z,"122 km ESE of Kamaishi, Japan",earthquake,,4.8,,13,reviewed,us,us
1981-05-26T03:33:27.570Z,34.949,-120.7701667,4.753,2.56,md,25,200,0.2964,0.12,nc,nc1064008,2016-12-13T00:45:38.100Z,"18 km W of Guadalupe, California",earthquake,0.53,0.89,0.14,13,reviewed,nc,nc
1981-05-26T03:11:02.930Z,-10.387,161.277,77,5.3,mb,,,,0.9,us,usp0001dvk,2022-04-28T01:05:53.689Z,"70 km W of Kirakira, Solomon Islands",earthquake,,,,20,reviewed,us,us
1981-05-26T01:26:32.760Z,37.641,72.526,161.8,4.2,mb,,,,0.6,us,usp0001dvj,2014-11-07T00:29:31.168Z,"78 km NNE of Khand?d, Afghanistan",earthquake,,10.2,,4,reviewed,us,us
1981-05-25T23:21:43.490Z,19.3563333,-155.2998333,1.774,2.68,ml,26,50,,0.11,hv,hv19811916,2020-03-31T19:43:10.500Z,"11 km SW of Volcano, Hawaii",earthquake,0.29,0.55,0.08,2,reviewed,hv,hv
1981-05-25T23:04:00.690Z,38.803,20.82,33,4.5,mb,,,,1.4,us,usp0001dvh,2014-11-07T00:29:31.163Z,"5 km WNW of Pálairos, Greece",earthquake,,,,8,reviewed,us,us
1981-05-25T22:50:18.200Z,36.76,-91.63,1.1,3,md,,,,,nm,nm601455,2016-04-14T14:56:47.760Z,"9 km WSW of Thomasville, Missouri",earthquake,,,,,reviewed,nm,nm
1981-05-25T21:59:02.910Z,-49.26,164.177,33,4.6,mb,,,,1.3,us,usp0001dvf,2014-11-07T00:29:31.157Z,"Auckland Islands, New Zealand region",earthquake,,,,1,reviewed,us,us
1981-05-25T20:54:38.260Z,-21.75,-179.788,605.3,4.7,mb,,,,0.9,us,usp0001dve,2014-11-07T00:29:31.148Z,"Fiji region",earthquake,,5.4,,7,reviewed,us,us
1981-05-25T19:46:08.730Z,36.614,-121.2238333,6.021,2.65,md,53,34,0.03964,0.07,nc,nc1064000,2016-12-13T00:45:01.470Z,"21 km SSE of Tres Pinos, California",earthquake,0.14,0.38,0.18,23,reviewed,nc,nc
1981-05-25T19:39:14.110Z,-49.26,164.189,33,4.5,mb,,,,1.4,us,usp0001dvd,2014-11-07T00:29:31.145Z,"Auckland Islands, New Zealand region",earthquake,,,,1,reviewed,us,us
1981-05-25T19:39:00.390Z,36.099,-117.8858333,4.933,2.59,ml,11,131,,0.55,ci,ci516535,2016-04-02T03:06:37.852Z,"8km NE of Coso Junction, CA",earthquake,1.99,31.61,0.236,4,reviewed,ci,ci
1981-05-25T18:25:56.330Z,15.196,146.274,38,5.3,mb,,,,1.2,us,usp0001dvc,2025-12-19T21:51:32.835Z,"55 km E of Saipan, Northern Mariana Islands",earthquake,,6.8,,17,reviewed,us,us
1981-05-25T18:23:52.990Z,-28.389,-67.659,160.6,4.1,mb,,,,1.4,us,usp0001dvb,2014-11-07T00:29:31.135Z,"37 km SSW of Tinogasta, Argentina",earthquake,,14.2,,1,reviewed,us,us
1981-05-25T17:30:55.320Z,37.4031667,-118.4685,13.709,3.28,md,16,146,0.2757,0.15,nc,nc1063999,2016-12-13T00:44:54.591Z,"4 km NNW of West Bishop, California",earthquake,0.57,1.53,0.09,11,reviewed,nc,nc
1981-05-25T14:45:27.960Z,19.359,-155.2931667,2.354,2.64,ml,28,53,,0.1,hv,hv19811907,2020-03-31T19:43:09.120Z,"11 km SW of Volcano, Hawaii",earthquake,0.29,0.5,,2,reviewed,hv,hv
1981-05-25T14:43:09.580Z,-4.065,141.83,117,4.5,mb,,,,0.9,us,usp0001dva,2014-11-07T00:29:31.133Z,"111 km W of Ambunti, Papua New Guinea",earthquake,,5.2,,3,reviewed,us,us
1981-05-25T14:37:50.080Z,11.285,125.399,78.2,5,mb,,,,1.2,us,usp0001dv9,2014-11-07T00:29:31.125Z,"15 km WNW of General MacArthur, Philippines",earthquake,,3.9,,21,reviewed,us,us
1981-05-25T13:38:59.700Z,40.3488333,-124.7763333,33.644,3.14,md,12,282,0.3739,0.07,nc,nc1063989,2016-12-13T00:44:14.418Z,"50 km WSW of Ferndale, California",earthquake,3.71,2.74,,1,reviewed,nc,nc
1981-05-25T13:27:49.660Z,1.971,129.387,28,5.4,mb,,,,1.1,us,usp0001dv8,2026-01-07T19:18:29.819Z,"155 km E of Tobelo, Indonesia",earthquake,,,,17,reviewed,us,us
1981-05-25T12:11:19.050Z,19.3336667,-155.2135,8.585,3.29,ml,46,72,,0.1,hv,hv19811904,2020-03-31T19:43:08.630Z,"12 km S of Volcano, Hawaii",earthquake,0.32,0.37,0.17,2,reviewed,hv,hv
1981-05-25T11:25:33.760Z,-7.048,129.507,161.3,4.3,mb,,,,1.3,us,usp0001dv7,2014-11-07T00:29:31.103Z,"Kepulauan Babar, Indonesia",earthquake,,9.8,,1,reviewed,us,us
1981-05-25T11:03:03.740Z,-49.286,164.423,33,4.7,mb,,,,1.4,us,usp0001dv6,2014-11-07T00:29:31.097Z,"Auckland Islands, New Zealand region",earthquake,,,,2,reviewed,us,us
1981-05-25T10:44:29.220Z,-49.358,164.174,33,5.1,mb,,,,1.3,us,usp0001dv5,2014-11-07T00:29:31.092Z,"Auckland Islands, New Zealand region",earthquake,,,,4,reviewed,us,us
1981-05-25T10:12:10.830Z,-0.058,122.321,157.7,4.4,mb,,,,0.6,us,usp0001dv4,2014-11-07T00:29:31.090Z,"105 km SW of Gorontalo, Indonesia",earthquake,,21.2,,1,reviewed,us,us
1981-05-25T09:19:41.350Z,46.152,141.872,33,5.1,mb,,,,0.9,us,usp0001dv3,2026-01-07T19:18:28.627Z,"30 km S of Shebunino, Russia",earthquake,,,,27,reviewed,us,us
1981-05-25T08:12:52.480Z,-13.285,166.474,33,4.4,mb,,,,1.4,us,usp0001dv2,2014-11-07T00:29:31.075Z,"133 km WNW of Sola, Vanuatu",earthquake,,,,2,reviewed,us,us
1981-05-25T05:25:14.460Z,-48.786,164.357,33,7.6,ms,,,,1.2,us,usp0001dv1,2025-12-19T21:51:32.072Z,"off the west coast of the South Island of New Zealand",earthquake,,,,10,reviewed,us,us
1981-05-25T04:59:57.380Z,68.205,53.656,0,5.5,mb,,,,0.9,us,usp0001dv0,2014-11-07T00:29:31.026Z,"62 km NNE of Iskateley, Russia",nuclear explosion,,,,82,reviewed,us,us
1981-05-25T04:59:20.610Z,36.1085,-117.8953333,-0.937,2.67,ml,11,131,,0.3,ci,ci516504,2016-04-01T20:37:31.591Z,"8km NE of Coso Junction, CA",earthquake,1.11,1.58,0.172,7,reviewed,ci,ci
1981-05-25T04:04:51.380Z,-38.323,175.181,175.9,4.6,mb,,,,1.1,us,usp0001duz,2014-11-07T00:29:31.020Z,"15 km S of Otorohanga, New Zealand",earthquake,,4.6,,2,reviewed,us,us
1981-05-25T03:50:00.390Z,32.5385,-117.8173333,5.819,2.6,ml,7,85,0.7632,0.19,ci,ci516497,2016-04-02T19:01:11.528Z,"58km ESE of San Clemente Is. (SE tip), CA",earthquake,3.52,31.61,0.04,3,reviewed,ci,ci
1981-05-25T03:20:02.820Z,-7.514,128.57,151.4,4.3,mb,,,,1.5,us,usp0001duy,2014-11-07T00:29:31.017Z,"206 km ENE of Lospalos, Timor Leste",earthquake,,18.3,,3,reviewed,us,us
1981-05-25T02:30:18.670Z,65.782,-155.622,33,3.6,ml,,,,1.5,us,usp0001dux,2014-11-07T00:29:31.015Z,"36 km ENE of Huslia, Alaska",earthquake,,,,,reviewed,us,pmr
1981-05-24T22:09:01.850Z,37.5035,-119.3653333,14.539,2.59,md,14,103,0.4387,0.07,nc,nc1063968,2016-12-13T00:42:43.208Z,"24 km E of Fish Camp, California",earthquake,0.5,1.24,0.39,7,reviewed,nc,nc
1981-05-24T22:07:06.790Z,38.44,45.266,33,4.6,mb,,,,1.2,us,usp0001duw,2014-11-07T00:29:30.983Z,"29 km ESE of Khowy, Iran",earthquake,,,,12,reviewed,us,us
1981-05-24T21:29:06.140Z,-18.717,-69.541,123.8,4.7,mb,,,,1.1,us,usp0001duv,2014-11-07T00:29:30.966Z,"84 km ESE of Arica, Chile",earthquake,,4.5,,9,reviewed,us,us
1981-05-24T21:12:23.470Z,38.582,45.472,38.5,4.4,mb,,,,1.4,us,usp0001duu,2014-11-07T00:29:30.960Z,"31 km WNW of Marand, Iran",earthquake,,7.9,,7,reviewed,us,us
1981-05-24T20:44:53.150Z,-19.375,168.869,206.1,4.2,mb,,,,1,us,usp0001dus,2014-11-07T00:29:30.932Z,"47 km WNW of Isangel, Vanuatu",earthquake,,5.1,,3,reviewed,us,us
1981-05-24T20:39:06.000Z,37.5103333,-119.367,15.366,3.13,md,29,82,0.3991,0.1,nc,nc1063966,2016-12-13T00:42:35.030Z,"24 km E of Fish Camp, California",earthquake,0.33,0.54,0.12,14,reviewed,nc,nc
1981-05-24T19:25:36.750Z,19.703,-75.39,33,4.6,mb,,,,1.3,us,usp0001dur,2014-11-07T00:29:30.900Z,"52 km SSW of Guantánamo, Cuba",earthquake,,,,2,reviewed,us,us
1981-05-24T16:47:31.270Z,-2.532,138.657,33,4.9,mb,,,,1,us,usp0001duq,2014-11-07T00:29:30.895Z,"219 km W of Abepura, Indonesia",earthquake,,,,5,reviewed,us,us
1981-05-24T16:25:39.210Z,-16.169,-173.811,85.7,4.5,mb,,,,0.8,us,usp0001dup,2014-11-07T00:29:30.891Z,"23 km S of Hihifo, Tonga",earthquake,,5.4,,7,reviewed,us,us
1981-05-24T14:13:50.950Z,38.365,22.661,33,3.4,ml,,,,1.1,us,usp0001dun,2014-11-07T00:29:30.889Z,"3 km SE of Antikyra, Greece",earthquake,,,,,reviewed,us,ath
1981-05-24T13:28:38.150Z,-18.725,169.228,251.6,4.7,mb,,,,1.1,us,usp0001dum,2014-11-07T00:29:30.884Z,"90 km N of Isangel, Vanuatu",earthquake,,7,,10,reviewed,us,us
1981-05-24T13:25:15.700Z,58.236,-31.983,10,4.7,mb,,,,1.2,us,usp0001duk,2014-11-07T00:29:30.879Z,"Reykjanes Ridge",earthquake,,,,23,reviewed,us,us
1981-05-24T13:22:14.580Z,58.003,-32.047,10,4.3,mb,,,,1.4,us,usp0001duj,2014-11-07T00:29:30.875Z,"Reykjanes Ridge",earthquake,,,,2,reviewed,us,us
1981-05-24T11:44:03.570Z,-22.156,-114.196,10,5.2,mb,,,,0.8,us,usp0001duh,2025-12-19T21:51:31.246Z,"Easter Island region",earthquake,,,,15,reviewed,us,us
1981-05-24T10:56:32.800Z,19.4041667,-155.2645,0.353,2.58,ml,17,120,,0.07,hv,hv19811892,2020-03-31T19:43:06.150Z,"5 km SW of Volcano, Hawaii",earthquake,0.27,0.27,,2,reviewed,hv,hv
1981-05-24T08:51:06.020Z,-5.576,-78.756,33,4.2,mb,,,,1.1,us,usp0001dug,2014-11-07T00:29:30.867Z,"12 km ENE of Las Pirias, Peru",earthquake,,,,1,reviewed,us,us
1981-05-24T06:35:56.770Z,-18.003,27.055,33,4.7,mb,,,,1.1,us,usp0001duf,2020-08-26T21:34:21.632Z,"34 km N of Kamativi Mine, Zimbabwe",earthquake,,,,2,reviewed,us,us
1981-05-24T05:40:32.880Z,-5.068,102.746,62.2,4.8,mb,,,,0.9,us,usp0001due,2014-11-07T00:29:30.857Z,"128 km SSW of Pagar Alam, Indonesia",earthquake,,7.8,,5,reviewed,us,us
1981-05-24T05:26:25.600Z,58.271,-32.007,10,4.8,mb,,,,1,us,usp0001dud,2026-01-07T19:18:27.437Z,"Reykjanes Ridge",earthquake,,,,35,reviewed,us,us
1981-05-24T03:44:14.370Z,36.9695,-121.6045,8.103,2.52,md,74,24,0.02072,0.16,nc,nc1063951,2016-12-13T00:41:28.450Z,"5 km SW of Gilroy, California",earthquake,0.23,0.55,0.12,31,reviewed,nc,nc
1981-05-24T03:16:53.850Z,42.147,17.795,10,3.7,ml,,,,1.3,us,usp0001duc,2014-11-07T00:29:30.824Z,"59 km SW of Cavtat, Croatia",earthquake,,,,,reviewed,us,tri
1981-05-24T02:41:59.600Z,-22.843,-67.896,105.1,4.7,mb,,,,0.8,us,usp0001dub,2014-11-07T00:29:30.822Z,"32 km ENE of San Pedro de Atacama, Chile",earthquake,,5.4,,3,reviewed,us,us
1981-05-24T02:10:01.790Z,40.3821667,-124.1113333,12.305,2.94,md,6,144,0.1964,0.08,nc,nc1063950,2016-12-13T00:41:21.336Z,"11 km S of Scotia, California",earthquake,2.17,2.13,0.1,5,reviewed,nc,nc
1981-05-24T02:04:42.190Z,40.4565,-124.1216667,8.875,2.75,md,3,150,0.1658,0.03,nc,nc1063949,2016-12-13T00:41:17.452Z,"3 km SSW of Scotia, California",earthquake,0.37,0.48,0.08,3,reviewed,nc,nc
1981-05-24T01:50:31.320Z,38.005,-118.7298333,3.841,3.12,md,13,107,0.06667,0.06,nc,nc1063948,2016-12-13T00:41:13.803Z,"30 km NW of Benton, California",earthquake,0.35,1.03,0.26,15,reviewed,nc,nc
1981-05-24T01:08:53.600Z,6.749,-72.962,177,4.2,mb,,,,0.7,us,usp0001du9,2014-11-07T00:29:30.813Z,"1 km ESE of Cepitá, Colombia",earthquake,,3.3,,3,reviewed,us,us
1981-05-24T00:46:55.540Z,37.548,-118.737,5.379,2.83,md,6,262,0.08198,0.05,nc,nc1063946,2016-12-13T00:41:05.736Z,"2 km WSW of Aspen Springs, California",earthquake,2.76,1.46,0.18,11,reviewed,nc,nc
1981-05-24T00:03:43.530Z,39.129,24.555,34.6,4,mb,,,,0.5,us,usp0001du7,2014-11-07T00:29:30.806Z,"24 km N of Skýros, Greece",earthquake,,5.1,,1,reviewed,us,us
1981-05-23T23:52:34.740Z,39.106,24.272,10,3.3,ml,,,,1,us,usp0001du6,2014-11-07T00:29:30.802Z,"33 km NW of Skýros, Greece",earthquake,,,,,reviewed,us,ath
1981-05-23T22:24:31.420Z,19.4175,-155.4336667,4.45,2.76,ml,42,52,,0.13,hv,hv19811888,2020-03-31T19:43:05.360Z,"21 km W of Volcano, Hawaii",earthquake,0.3,0.78,0.12,2,reviewed,hv,hv
1981-05-23T21:00:43.810Z,39.178,24.481,26.8,4.3,ms,,,,1.2,us,usp0001du4,2026-01-07T19:18:26.206Z,"31 km NNW of Skýros, Greece",earthquake,,2.8,,1,reviewed,us,us
1981-05-23T18:50:21.330Z,36.103,-117.8895,-0.586,3.09,mc,14,147,,0.21,ci,ci516438,2016-04-02T19:05:02.044Z,"8km NE of Coso Junction, CA",earthquake,0.69,1.69,,46,reviewed,ci,ci
1981-05-23T18:43:10.440Z,40.3361667,-124.593,27.366,3.33,md,21,265,0.2369,0.11,nc,nc1063938,2016-12-13T00:40:27.502Z,"38 km SW of Ferndale, California",earthquake,0.99,1,0.07,4,reviewed,nc,nc
1981-05-23T13:43:52.150Z,-20.311,-178.208,548.2,4.5,mb,,,,1.1,us,usp0001dtz,2014-11-07T00:29:30.672Z,"Fiji region",earthquake,,9.6,,9,reviewed,us,us
1981-05-23T12:52:18.430Z,30.794,68.56,33,4.9,mb,,,,0.9,us,usp0001dty,2026-01-07T19:18:25.056Z,"47 km N of Loralai, Pakistan",earthquake,,,,4,reviewed,us,us
1981-05-23T12:26:01.160Z,3.282,126.499,72,4.9,mb,,,,1.2,us,usp0001dtx,2014-11-07T00:29:30.661Z,"240 km NW of Tobelo, Indonesia",earthquake,,5.1,,9,reviewed,us,us
1981-05-23T11:17:42.020Z,-25.579,-176.532,44,4.7,mb,,,,0.9,us,usp0001dtw,2014-11-07T00:29:30.654Z,"south of the Fiji Islands",earthquake,,,,5,reviewed,us,us
1981-05-23T07:57:17.250Z,28.618,131.176,35,5.3,mb,,,,1.1,us,usp0001dtv,2025-12-19T21:51:30.561Z,"168 km E of Naze, Japan",earthquake,,,,40,reviewed,us,us
1981-05-23T03:10:14.040Z,39.043,23.636,33,3.1,ml,,,,0.6,us,usp0001dtu,2014-11-07T00:29:30.624Z,"11 km SW of Skópelos, Greece",earthquake,,,,,reviewed,us,ath
1981-05-23T02:17:35.640Z,-3.801,127.38,33,4.8,mb,,,,1.2,us,usp0001dtt,2014-11-07T00:29:30.621Z,"89 km W of Ambon, Indonesia",earthquake,,,,5,reviewed,us,us
1981-05-23T00:55:43.810Z,19.3328333,-155.222,7.665,2.59,ml,44,65,,0.11,hv,hv19811881,2020-03-31T19:43:04.100Z,"12 km S of Volcano, Hawaii",earthquake,0.38,0.47,0.12,2,reviewed,hv,hv
1981-05-22T23:46:04.300Z,30.639,141.896,33,4.5,mb,,,,0.8,us,usp0001dts,2014-11-07T00:29:30.617Z,"Izu Islands, Japan region",earthquake,,,,2,reviewed,us,us
1981-05-22T23:44:44.820Z,18.743,-155.5228333,24.697,3.8,ml,47,287,,0.09,hv,hv19811880,2020-03-31T19:43:03.930Z,"36 km S of Naalehu, Hawaii",earthquake,1.63,2.76,0.11,2,reviewed,hv,hv
1981-05-22T22:01:00.860Z,38.056,-118.827,3.599,2.62,mc,0,193.4,,0.2,ci,ci516395,2016-02-03T02:28:21.830Z,"48km NNE of Mammoth Lakes, CA",earthquake,,,,3,reviewed,ci,ci
1981-05-22T21:40:20.190Z,19.3588333,-155.3025,1.964,2.63,ml,25,55,,0.11,hv,hv19811879,2020-03-31T19:43:03.770Z,"11 km SW of Volcano, Hawaii",earthquake,0.28,0.52,,1,reviewed,hv,hv
1981-05-22T20:10:04.520Z,38.15,23.303,33,3.5,ml,,,,0.7,us,usp0001dtq,2014-11-07T00:29:30.610Z,"3 km WSW of Vília, Greece",earthquake,,24.6,,,reviewed,us,ath
1981-05-22T19:04:56.600Z,35.04,-117.684,-0.857,2.58,mc,0,115.6,,0.144,ci,ci516387,2016-02-03T03:43:08.850Z,"6km NW of Boron, CA",quarry blast,,,,36,reviewed,ci,ci
1981-05-22T18:30:37.150Z,37.031,141.613,35,5.2,mb,,,,0.9,us,usp0001dtp,2025-12-19T21:51:29.885Z,"64 km E of Iwaki, Japan",earthquake,,,,37,reviewed,us,us
1981-05-22T17:48:00.740Z,-19.299,-69.256,92.4,4.9,mb,,,,1.1,us,usp0001dtn,2014-11-07T00:29:30.592Z,"137 km NE of Iquique, Chile",earthquake,,8.8,,2,reviewed,us,us
1981-05-22T15:27:08.110Z,-8.003,26.981,33,4.5,mb,,,,0.6,us,usp0001dtm,2014-11-07T00:29:30.587Z,"181 km NE of Bukama, Democratic Republic of the Congo",earthquake,,,,2,reviewed,us,us
1981-05-22T14:30:09.830Z,19.756,-105.066,93,4.7,mb,,,,0.8,us,usp0001dtk,2014-11-07T00:29:30.579Z,"15 km NE of José María Morelos, Mexico",earthquake,,4.9,,12,reviewed,us,us
1981-05-22T11:36:24.130Z,27.379,101.093,33,4.8,mb,,,,1.2,us,usp0001dtf,2026-01-07T19:18:23.900Z,"103 km ENE of Lijiang, China",earthquake,,,,6,reviewed,us,us
1981-05-22T09:51:20.070Z,51.998,105.759,29,5.1,mb,,,,0.9,us,usp0001dte,2025-12-19T21:43:09.540Z,"32 km NNW of Babushkin, Russia",earthquake,,,,30,reviewed,us,us
1981-05-22T09:07:11.160Z,27.89,130.188,33,4.4,mb,,,,0.7,us,usp0001dtd,2014-11-07T00:29:30.533Z,"87 km SE of Naze, Japan",earthquake,,,,5,reviewed,us,us
1981-05-22T08:26:14.440Z,1.548,-75.893,42.5,4.2,mb,,,,0.7,us,usp0001dtc,2014-11-07T00:29:30.531Z,"14 km N of Belén de los Andaquíes, Colombia",earthquake,,6.1,,2,reviewed,us,us
1981-05-22T07:56:41.000Z,44.83,-110.997,7,4.2,ml,,,,,us,usp0001dtb,2014-11-07T00:29:30.527Z,"16 km ENE of Hebgen Lake Estates, Montana",earthquake,,,,,reviewed,nc,us
1981-05-22T06:16:57.300Z,-15.33,-175.317,33,4.5,mb,,,,1.2,us,usp0001dt9,2014-11-07T00:29:30.520Z,"177 km WNW of Hihifo, Tonga",earthquake,,,,2,reviewed,us,us
1981-05-22T04:59:20.250Z,61.128,156.621,10,5.2,mb,,,,0.8,us,usp0001dt7,2026-01-07T19:18:22.719Z,"160 km SSE of Omsukchan, Russia",earthquake,,,,46,reviewed,us,us
1981-05-22T03:08:14.080Z,-16.239,-71.563,125.8,5,mb,,,,1.1,us,usp0001dt6,2014-11-07T00:29:30.207Z,"8 km NE of Cono Norte, Peru",earthquake,,5,,2,reviewed,us,us
1981-05-22T02:55:22.290Z,-6.562,132.255,73,5.8,mb,,,,1.1,us,usp0001dt5,2025-12-19T21:51:29.100Z,"116 km SSW of Tual, Indonesia",earthquake,,,,40,reviewed,us,us
1981-05-22T02:06:21.640Z,-49.419,-7.792,10,4.6,mb,,,,1.1,us,usp0001dt4,2014-11-07T00:29:30.173Z,"southern Mid-Atlantic Ridge",earthquake,,,,2,reviewed,us,us
1981-05-22T01:19:00.630Z,41.0936667,-124.4636667,22.577,4.2,ml,13,283,0.3667,0.09,nc,nc1063884,2016-12-13T00:36:28.563Z,"27 km W of Trinidad, California",earthquake,3.77,10.49,,0,reviewed,nc,nc
1981-05-21T22:01:51.680Z,19.3943333,-155.2768333,1.559,2.64,ml,19,82,,0.11,hv,hv19811871,2020-03-31T19:43:02.500Z,"7 km SW of Volcano, Hawaii",earthquake,0.31,0.23,,1,reviewed,hv,hv
1981-05-21T22:01:16.020Z,19.3911667,-155.2773333,1.849,2.79,ml,20,48,,0.07,hv,hv19811870,2020-03-31T19:43:02.340Z,"7 km SW of Volcano, Hawaii",earthquake,0.29,0.2,0.09,1,reviewed,hv,hv
1981-05-21T20:29:31.510Z,59.775,-152.92,116.5,4.6,mb,,,,0.8,us,usp0001dt3,2014-11-07T00:29:30.171Z,"61 km W of Anchor Point, Alaska",earthquake,,4.3,,3,reviewed,us,us
1981-05-21T20:07:22.460Z,-6.026,154.186,33,4.5,mb,,,,1.1,us,usp0001dt2,2014-11-07T00:29:30.170Z,"147 km WNW of Panguna, Papua New Guinea",earthquake,,,,2,reviewed,us,us
1981-05-21T19:02:10.260Z,35.028,-117.686,-0.857,2.63,mc,0,60.7,,0.195,ci,ci516353,2016-02-02T21:01:46.950Z,"5km NW of Boron, CA",quarry blast,,,,39,reviewed,ci,ci
1981-05-21T19:01:55.340Z,35.033,-117.69,-0.857,2.52,mc,0,60.3,,0.204,ci,ci516352,2016-02-02T23:39:28.950Z,"5km NW of Boron, CA",quarry blast,,,,38,reviewed,ci,ci
1981-05-21T19:01:27.670Z,39.081,25.312,10,3.4,ml,,,,0.5,us,usp0001dt1,2014-11-07T00:29:30.167Z,"54 km W of Eresós, Greece",earthquake,,,,,reviewed,us,ath
1981-05-21T18:35:22.670Z,38.293,-117.273,-2.386,2.85,mc,0,271.4,,0.253,ci,ci516351,2016-02-03T00:59:32.270Z,"25km N of Tonopah, NV",quarry blast,,,,9,reviewed,ci,ci
1981-05-21T17:57:06.340Z,-22.18,-67.016,198.5,4.4,mb,,,,0.8,us,usp0001dt0,2014-11-07T00:29:30.165Z,"146 km NE of San Pedro de Atacama, Chile",earthquake,,4.9,,3,reviewed,us,us
1981-05-21T16:41:37.910Z,47.188,152.098,79.4,4.7,mb,,,,0.6,us,usp0001dsz,2014-11-07T00:29:30.158Z,"Kuril Islands",earthquake,,6.8,,20,reviewed,us,us
1981-05-21T16:15:12.020Z,-26.115,27.584,33,4.5,mb,,,,0.9,us,usp0001dsy,2020-08-26T21:34:10.751Z,"14 km WNW of Randfontein, South Africa",earthquake,,,,5,reviewed,us,us
1981-05-21T12:45:26.270Z,40.3553333,-123.6723333,22.176,2.87,md,19,141,0.08739,0.12,nc,nc1063872,2016-12-13T00:35:42.031Z,"17 km SW of Mad River, California",earthquake,0.69,0.6,0.1,6,reviewed,nc,nc
1981-05-21T12:08:36.120Z,40.357,-123.6565,21.434,2.89,md,25,143,0.0964,0.16,nc,nc1063869,2016-12-13T00:35:29.035Z,"16 km SW of Mad River, California",earthquake,0.61,0.55,0.13,7,reviewed,nc,nc
1981-05-21T10:57:39.730Z,19.1988333,-155.6945,5.378,3.39,ml,43,191,,0.21,hv,hv19811867,2020-03-31T19:43:01.840Z,"16 km NNE of Hawaiian Ocean View, Hawaii",earthquake,0.94,0.79,0.2,2,reviewed,hv,hv
1981-05-21T10:57:13.080Z,19.386,-155.2756667,2.269,2.55,ml,22,48,,0.1,hv,hv19811866,2020-03-31T19:43:01.680Z,"7 km SW of Volcano, Hawaii",earthquake,0.28,0.27,0.11,2,reviewed,hv,hv
1981-05-21T09:59:25.110Z,8.723,126.554,49.2,5.1,mb,,,,0.7,us,usp0001dsw,2014-11-07T00:29:30.148Z,"29 km ESE of Marihatag, Philippines",earthquake,,6.6,,1,reviewed,us,us
1981-05-21T09:42:58.190Z,-2.812,28.73,33,4.9,mb,,,,1,us,usp0001dsv,2022-04-27T23:02:27.688Z,"35 km S of Kabare, Democratic Republic of the Congo",earthquake,,,,14,reviewed,us,us
1981-05-21T08:53:59.300Z,-2.698,28.661,33,5,mb,,,,0.8,us,usp0001dsu,2014-11-07T00:29:30.137Z,"26 km SSW of Kabare, Democratic Republic of the Congo",earthquake,,,,2,reviewed,us,us
1981-05-21T08:19:10.070Z,17.734,-70.69,33,4.8,mb,,,,0.7,us,usp0001dst,2014-11-07T00:29:30.132Z,"57 km SE of La Ciénaga, Dominican Republic",earthquake,,,,16,reviewed,us,us
1981-05-21T06:30:18.820Z,-5.59,147.163,190.2,4.9,mb,,,,0.6,us,usp0001dsr,2014-11-07T00:29:30.129Z,"126 km N of Lae, Papua New Guinea",earthquake,,3.6,,1,reviewed,us,us
1981-05-21T04:22:10.410Z,17.607,-95.813,33,4.2,mb,,,,1.1,us,usp0001dsq,2014-11-07T00:29:30.127Z,"4 km NW of San Lorenzo, Mexico",earthquake,,,,2,reviewed,us,us
1981-05-21T03:44:21.370Z,37.5578333,-118.8221667,4.139,2.78,md,5,271,0.03243,0.07,nc,nc1063848,2016-12-13T00:33:59.805Z,"9 km W of Aspen Springs, California",earthquake,3.79,1.44,0.1,9,reviewed,nc,nc
1981-05-21T02:40:03.800Z,-6.384,150.889,78.6,4.4,mb,,,,0.9,us,usp0001dsp,2014-11-07T00:29:30.126Z,"124 km SE of Kimbe, Papua New Guinea",earthquake,,14.2,,2,reviewed,us,us
1981-05-21T02:32:47.260Z,-9.848,112.482,34.3,4.6,mb,,,,1.2,us,usp0001dsn,2014-11-07T00:29:30.122Z,"183 km S of Dampit, Indonesia",earthquake,,8.4,,4,reviewed,us,us
1981-05-21T00:28:06.550Z,-10.765,164.66,33,4.6,mb,,,,0.9,us,usp0001dsm,2014-11-07T00:29:30.120Z,"124 km W of Lata, Solomon Islands",earthquake,,,,3,reviewed,us,us
1981-05-20T23:46:54.080Z,-2.057,139.022,33,4.8,mb,,,,0.9,us,usp0001dsk,2014-11-07T00:29:30.117Z,"188 km WNW of Abepura, Indonesia",earthquake,,,,3,reviewed,us,us
1981-05-20T23:38:22.590Z,28.237,51.775,33,4.6,mb,,,,0.8,us,usp0001dsj,2014-11-07T00:29:30.115Z,"102 km SW of F?r?z?b?d, Iran",earthquake,,,,3,reviewed,us,us
1981-05-20T23:17:02.510Z,-30.116,-177.31,19,5.3,mb,,,,0.9,us,usp0001dsh,2025-12-19T21:51:28.395Z,"Kermadec Islands, New Zealand",earthquake,,,,6,reviewed,us,us
1981-05-20T18:37:52.200Z,36.9835,-121.0491667,2.706,2.85,md,69,92,0.04595,0.07,nc,nc1063836,2016-12-13T00:32:56.780Z,"16 km SW of Volta, California",earthquake,0.2,1.57,0.17,22,reviewed,nc,nc
1981-05-20T17:21:31.100Z,36.9843333,-121.0496667,4.126,3.9,ml,66,92,0.04505,0.08,nc,nc1063832,2016-12-13T00:32:30.210Z,"16 km SW of Volta, California",earthquake,0.24,0.83,,0,reviewed,nc,nc
1981-05-20T15:05:40.120Z,62.348,-150.978,95.1,3.7,mb,,,,0.5,us,usp0001dsf,2014-11-07T00:29:30.101Z,"19 km SSW of Petersville, Alaska",earthquake,,4.9,,1,reviewed,us,us
1981-05-20T14:38:55.670Z,-28.044,-66.619,181.9,4.4,mb,,,,1.2,us,usp0001dse,2014-11-07T00:29:30.096Z,"55 km NW of Pomán, Argentina",earthquake,,5.4,,3,reviewed,us,us
1981-05-20T14:36:15.670Z,51.079,158.067,33,4.3,mb,,,,1,us,usp0001dsd,2014-11-07T00:29:30.093Z,"118 km ESE of Ozernovskiy, Russia",earthquake,,,,5,reviewed,us,us
1981-05-20T13:51:23.700Z,42.015,144.455,43,5.4,mb,,,,0.8,us,usp0001dsc,2025-12-19T21:51:27.573Z,"106 km S of Kushiro, Japan",earthquake,,,,68,reviewed,us,us
1981-05-20T11:41:46.270Z,-22.58,-68.724,118.1,4.6,mb,,,,0.7,us,usp0001dsb,2014-11-07T00:29:30.075Z,"24 km ESE of Calama, Chile",earthquake,,3.4,,3,reviewed,us,us
1981-05-20T11:15:33.670Z,-17.068,-173.537,33,4.5,mb,,,,1.1,us,usp0001ds9,2014-11-07T00:29:30.069Z,"126 km SSE of Hihifo, Tonga",earthquake,,,,3,reviewed,us,us
1981-05-20T11:06:45.660Z,39.328,22.943,16,3.5,ml,,,,0.6,us,usp0001ds8,2014-11-07T00:29:30.067Z,"3 km S of Volos, Greece",earthquake,,2.9,,,reviewed,us,ath
1981-05-20T09:22:57.540Z,-16.711,-177.319,33,5,mb,,,,1.3,us,usp0001ds7,2014-11-07T00:29:30.063Z,"278 km SSE of Alo, Wallis and Futuna",earthquake,,16.1,,5,reviewed,us,us
1981-05-20T09:08:32.270Z,19.3815,-155.2808333,1.509,2.86,ml,47,36,,0.13,hv,hv19811858,2020-03-31T19:41:59.700Z,"8 km SW of Volcano, Hawaii",earthquake,0.23,0.25,0.23,2,reviewed,hv,hv
1981-05-20T08:52:14.520Z,19.3881667,-155.2776667,1.639,2.55,ml,41,36,,0.12,hv,hv19811857,2020-03-31T19:41:59.540Z,"7 km SW of Volcano, Hawaii",earthquake,0.21,0.21,0.1,2,reviewed,hv,hv
1981-05-20T05:42:44.930Z,3.53,122.669,554.3,5.1,mb,,,,1.1,us,usp0001ds6,2014-11-07T00:29:30.056Z,"289 km SSE of Tabiauan, Philippines",earthquake,,4.5,,16,reviewed,us,us
1981-05-20T03:01:47.840Z,4.877,-76.322,119.1,4.6,mb,,,,0.8,us,usp0001ds5,2014-11-07T00:29:30.052Z,"9 km WSW of San José del Palmar, Colombia",earthquake,,6.8,,5,reviewed,us,us
1981-05-19T22:33:28.300Z,35.199,24.692,65,4.2,mb,,,,0.6,us,usp0001ds3,2014-11-07T00:29:30.046Z,"11 km N of Agía Galíni, Greece",earthquake,,8,,1,reviewed,us,us
1981-05-19T20:19:38.170Z,51.501,-175.001,43.1,4.4,mb,,,,0.7,us,usp0001ds2,2014-11-07T00:29:30.040Z,"94 km SW of Atka, Alaska",earthquake,,4.3,,6,reviewed,us,us
1981-05-19T18:57:22.680Z,-17.104,-177.155,33,5.2,ms,,,,0.9,us,usp0001ds1,2025-12-19T21:51:26.759Z,"Fiji region",earthquake,,,,5,reviewed,us,us
1981-05-19T17:11:32.820Z,5.61,126.59,107.1,5.3,mb,,,,1,us,usp0001ds0,2025-12-19T21:51:25.947Z,"94 km SSE of Pondaguitan, Philippines",earthquake,,3.2,,25,reviewed,us,us
1981-05-19T16:44:31.710Z,40.1416667,-122.934,40.53,3.4,ml,63,53,0.3027,0.16,nc,nc1063797,2016-12-13T00:29:49.500Z,"Northern California",earthquake,0.28,1.29,,0,reviewed,nc,nc
1981-05-19T15:14:12.760Z,-16.729,-177.184,33,4.7,mb,,,,1.1,us,usp0001drz,2014-11-07T00:29:30.012Z,"285 km SSE of Alo, Wallis and Futuna",earthquake,,,,4,reviewed,us,us
1981-05-19T11:38:42.100Z,37.6468333,-118.868,3.996,2.61,md,9,171,0.06577,0.05,nc,nc1063786,2016-12-13T00:28:58.820Z,"9 km E of Mammoth Lakes, California",earthquake,0.72,1.52,0.19,4,reviewed,nc,nc
1981-05-19T11:13:47.510Z,-28.191,-70.924,39.9,4.7,mb,,,,1.1,us,usp0001drw,2014-11-07T00:29:29.999Z,"45 km NNW of Vallenar, Chile",earthquake,,5.2,,7,reviewed,us,us
1981-05-19T10:33:10.540Z,35.8231667,-120.113,12.394,3,md,25,250,0.1405,0.12,nc,nc1063782,2016-12-13T00:28:36.635Z,"20 km S of Avenal, California",earthquake,1.52,0.6,0.1,17,reviewed,nc,nc
1981-05-19T10:25:24.220Z,35.8248333,-120.0435,11.534,2.87,md,24,202,0.1919,0.1,nc,nc1063781,2016-12-13T00:28:31.928Z,"21 km SSE of Avenal, California",earthquake,1.29,0.73,0.1,13,reviewed,nc,nc
1981-05-19T09:56:41.260Z,33.181,-115.56,4.444,2.66,ml,36,40,0.04934,0.33,ci,ci516283,2016-04-02T06:21:52.424Z,"8km NW of Calipatria, CA",earthquake,0.48,0.95,,3,reviewed,ci,ci
1981-05-19T07:10:03.720Z,-7.453,128.785,165.2,4.2,mb,,,,0.4,us,usp0001drt,2014-11-07T00:29:29.987Z,"229 km ENE of Lospalos, Timor Leste",earthquake,,4.5,,3,reviewed,us,us
1981-05-19T04:02:24.580Z,10.749,125.771,74.4,4.7,mb,,,,0.7,us,usp0001drs,2014-11-07T00:29:29.985Z,"21 km SSW of Sulangan, Philippines",earthquake,,12.2,,2,reviewed,us,us
1981-05-19T01:16:31.730Z,37.589,-118.816,4.204,2.56,mc,0,179.1,,0.417,ci,ci516267,2016-02-02T22:26:14.090Z,"15km ESE of Mammoth Lakes, CA",earthquake,,,,6,reviewed,ci,ci
1981-05-18T23:39:55.060Z,19.293,-155.344,3.065,2.64,ml,36,125,,0.12,hv,hv19811845,2020-03-31T19:41:57.730Z,"17 km NE of P?hala, Hawaii",earthquake,0.4,1.16,0.15,2,reviewed,hv,hv
1981-05-18T22:38:19.030Z,33.1508333,-115.6331667,10.474,2.54,ml,28,36,0.08065,0.22,ci,ci516285,2016-04-02T12:47:34.581Z,"11km WNW of Calipatria, CA",earthquake,0.47,1.42,0.04,3,reviewed,ci,ci
1981-05-18T21:33:18.480Z,33.151,-115.6323333,12.984,2.5,ml,29,46,0.08122,0.23,ci,ci516259,2016-04-02T03:07:04.000Z,"11km WNW of Calipatria, CA",earthquake,0.49,1.05,0.011,3,reviewed,ci,ci
1981-05-18T21:32:48.310Z,37.218,-117.905,-0.334,3.23,mc,0,85.7,,0.099,ci,ci516260,2016-02-02T23:45:16.870Z,"35km E of Big Pine, CA",earthquake,,30.766,,17,reviewed,ci,ci
1981-05-18T21:32:45.270Z,-7.139,150.4,35.4,4.2,mb,,,,1.2,us,usp0001drq,2014-11-07T00:29:29.979Z,"139 km SE of Kandrian, Papua New Guinea",earthquake,,9.4,,1,reviewed,us,us
1981-05-18T21:15:13.960Z,33.154,-115.6363333,12.835,2.5,ml,33,59,0.08159,0.26,ci,ci516255,2016-04-02T15:55:36.970Z,"12km WNW of Calipatria, CA",earthquake,0.45,0.91,0.009,3,reviewed,ci,ci
1981-05-18T19:56:33.630Z,28.381,130.852,33.8,4.5,mb,,,,1.3,us,usp0001drp,2014-11-07T00:29:29.973Z,"134 km E of Naze, Japan",earthquake,,10.1,,3,reviewed,us,us
1981-05-18T19:36:12.420Z,26.951,55.256,33,4.8,mb,,,,0.7,us,usp0001drn,2022-04-28T01:05:35.065Z,"57 km NE of Bandar-e Lengeh, Iran",earthquake,,,,19,reviewed,us,us
1981-05-18T19:35:04.840Z,7.503,-36.939,10,4.7,mb,,,,1.1,us,usp0001drm,2014-11-07T00:29:29.961Z,"central Mid-Atlantic Ridge",earthquake,,,,2,reviewed,us,us
1981-05-18T18:02:10.550Z,51.495,-175.017,48.4,4.6,mb,,,,0.7,us,usp0001drk,2014-11-07T00:29:29.954Z,"96 km SW of Atka, Alaska",earthquake,,4.1,,8,reviewed,us,us
1981-05-18T15:42:58.090Z,-3.226,148.983,33,5.4,ms,,,,1,us,usp0001drh,2025-12-19T21:51:25.260Z,"214 km WSW of Kavieng, Papua New Guinea",earthquake,,,,1,reviewed,us,us
1981-05-18T15:31:56.030Z,37.023,137.71,34.9,5.4,ms,,,,1,us,usp0001drg,2026-01-07T19:16:25.401Z,"12 km W of Itoigawa, Japan",earthquake,,5.5,,5,reviewed,us,us
1981-05-18T14:39:14.340Z,37.9025,-121.9905,12.267,3.05,md,56,37,0.06757,0.09,nc,nc1063755,2016-12-13T00:26:40.980Z,"0 km ESE of North Gate, California",earthquake,0.16,0.36,0.08,20,reviewed,nc,nc
1981-05-18T14:30:57.950Z,51.61,-175.058,46.6,4.5,mb,,,,0.7,us,usp0001dre,2014-11-07T00:29:29.927Z,"87 km SW of Atka, Alaska",earthquake,,4,,7,reviewed,us,us
1981-05-18T13:47:58.590Z,19.3035,-155.3875,6.218,2.54,ml,47,91,,0.14,hv,hv19811841,2020-03-31T19:41:57.140Z,"Island of Hawaii, Hawaii",earthquake,0.4,0.7,0.04,2,reviewed,hv,hv
1981-05-18T10:08:18.410Z,-31.025,-179.196,33,5.5,ms,,,,1,us,usp0001drb,2025-12-19T21:51:24.561Z,"Kermadec Islands region",earthquake,,,,4,reviewed,us,us
1981-05-18T09:01:41.120Z,51.773,-174.992,52.1,4.3,mb,,,,0.9,us,usp0001dra,2014-11-07T00:29:29.882Z,"71 km SW of Atka, Alaska",earthquake,,4.9,,6,reviewed,us,us
1981-05-18T08:05:37.010Z,51.21,-174.719,33,3.9,mb,,,,1,us,usp0001dr9,2014-11-07T00:29:29.868Z,"115 km SSW of Atka, Alaska",earthquake,,16.5,,1,reviewed,us,us
1981-05-18T07:56:53.580Z,51.655,-175.037,43.6,4.7,mb,,,,0.6,us,usp0001dr8,2014-11-07T00:29:29.863Z,"83 km SW of Atka, Alaska",earthquake,,4.3,,7,reviewed,us,us
1981-05-18T07:17:13.400Z,-10.32,-78.4,58,5.2,mb,,,,0.8,us,usp0001dr7,2025-12-19T21:51:23.856Z,"38 km SW of Huarmey, Peru",earthquake,,,,12,reviewed,us,us
1981-05-18T06:36:04.050Z,50.953,-175.003,51.1,4.3,mb,,,,0.8,us,usp0001dr5,2014-11-07T00:29:29.849Z,"149 km SSW of Atka, Alaska",earthquake,,7.3,,1,reviewed,us,us
1981-05-18T06:11:57.460Z,-20.779,-71.206,40.4,4.5,mb,,,,0.7,us,usp0001dr4,2014-11-07T00:29:29.847Z,"126 km WSW of Iquique, Chile",earthquake,,6.3,,3,reviewed,us,us
1981-05-18T05:21:46.620Z,40.3298333,-124.6008333,23.586,3.28,md,30,242,0.2441,0.08,nc,nc1063746,2016-12-13T00:25:35.881Z,"39 km SW of Ferndale, California",earthquake,1.28,1.04,0.07,7,reviewed,nc,nc
1981-05-18T04:38:56.710Z,51.67,-175.292,33,4.3,mb,,,,0.9,us,usp0001dr3,2014-11-07T00:29:29.839Z,"95 km SW of Atka, Alaska",earthquake,,,,5,reviewed,us,us
1981-05-18T04:16:01.650Z,-14.074,-13.855,10,4.9,mb,,,,0.7,us,usp0001dr2,2014-11-07T00:29:29.837Z,"southern Mid-Atlantic Ridge",earthquake,,,,1,reviewed,us,us
1981-05-18T02:40:10.770Z,51.299,-175.033,37,5,ms,,,,0.9,us,usp0001dr1,2025-12-19T21:51:23.204Z,"115 km SSW of Atka, Alaska",earthquake,,,,7,reviewed,us,us
1981-05-18T00:46:55.730Z,-22.326,-68.128,89.1,4.3,mb,,,,0.7,us,usp0001dr0,2014-11-07T00:29:29.814Z,"65 km N of San Pedro de Atacama, Chile",earthquake,,5.9,,2,reviewed,us,us
1981-05-18T00:28:20.290Z,39.5123333,-121.1833333,11.893,2.53,md,18,151,0.1477,0.24,nc,nc1063744,2016-12-13T00:25:28.171Z,"3 km SW of Clipper Mills, California",earthquake,0.95,1.44,0.18,10,reviewed,nc,nc
1981-05-18T00:15:50.920Z,-33.759,-71.8,42.9,4,mb,,,,0.7,us,usp0001dqz,2014-11-07T00:29:29.811Z,"25 km SW of San Antonio, Chile",earthquake,,6.2,,2,reviewed,us,us
1981-05-17T22:22:38.020Z,-25.259,-73.475,33,4.9,mb,,,,0.8,us,usp0001dqx,2014-11-07T00:29:29.805Z,"Off the coast of Antofagasta, Chile",earthquake,,,,3,reviewed,us,us
1981-05-17T22:00:04.440Z,37.87,20.125,33,4.1,mb,,,,1,us,usp0001dqw,2026-01-07T19:18:21.618Z,"45 km SW of Lixoúri, Greece",earthquake,,,,18,reviewed,us,us
1981-05-17T20:19:27.460Z,35.487,-121.211,8.834,3.18,ml,15,212,0.1766,0.1,nc,nc1063737,2016-12-13T00:24:56.171Z,"14 km SW of Cambria, California",earthquake,0.48,1.25,,2,reviewed,nc,nc
1981-05-17T20:14:11.830Z,38.319,20.319,33,3.6,mb,,,,1,us,usp0001dqv,2014-11-07T00:29:29.785Z,"16 km NW of Lixoúri, Greece",earthquake,,,,2,reviewed,us,us
1981-05-17T19:21:45.570Z,19.3306667,-155.2281667,9.025,3.38,ml,47,61,,0.1,hv,hv19811834,2020-03-31T19:41:55.960Z,"12 km S of Volcano, Hawaii",earthquake,0.38,0.33,0.06,2,reviewed,hv,hv
1981-05-17T19:18:19.080Z,-7.626,129.028,119.4,4.8,mb,,,,0.8,us,usp0001dqt,2014-11-07T00:29:29.778Z,"244 km ENE of Lospalos, Timor Leste",earthquake,,7.3,,5,reviewed,us,us
1981-05-17T19:17:26.750Z,36.9625,-121.453,6.341,3,ml,74,27,0.04505,0.08,nc,nc1063735,2016-12-13T00:24:46.150Z,"11 km ESE of Gilroy, California",earthquake,0.15,0.38,,0,reviewed,nc,nc
1981-05-17T18:40:14.510Z,51.252,15.907,10,3.4,ml,,,,0.5,us,usp0001dqs,2014-11-07T00:29:29.776Z,"3 km SW of Chojnów, Poland",earthquake,,,,,reviewed,us,grf
1981-05-17T17:10:26.290Z,40.4793333,-121.546,-0.905,3.1,ml,8,113,0.06757,0.16,nc,nc1063729,2016-12-13T00:24:15.578Z,"Northern California",earthquake,0.47,2.29,,0,reviewed,nc,nc
1981-05-17T17:04:58.020Z,-27.223,-71.831,33,5.4,mb,,,,0.9,us,usp0001dqq,2025-12-19T21:43:08.716Z,"149 km W of Copiapó, Chile",earthquake,,,,6,reviewed,us,us
1981-05-17T14:33:19.590Z,37.4426667,-118.8093333,8.563,3.14,md,15,244,0.1486,0.09,nc,nc1063727,2016-12-13T00:24:07.418Z,"15 km SW of Aspen Springs, California",earthquake,1.2,0.93,0.12,11,reviewed,nc,nc
1981-05-17T13:08:26.290Z,-5.76,29.435,33,4.7,mb,,,,0.8,us,usp0001dqn,2025-12-19T21:51:22.455Z,"33 km NE of Kalemie, Democratic Republic of the Congo",earthquake,,,,4,reviewed,us,us
1981-05-17T12:07:38.730Z,-37.366,-16.869,10,5.2,mb,,,,0.6,us,usp0001dqm,2025-12-19T21:51:21.742Z,"southern Mid-Atlantic Ridge",earthquake,,,,15,reviewed,us,us
1981-05-17T11:40:53.600Z,19.3838333,-155.5046667,6.008,2.57,ml,38,45,,0.1,hv,hv19811830,2020-03-31T19:41:55.300Z,"20 km N of P?hala, Hawaii",earthquake,0.35,1,0.12,2,reviewed,hv,hv
1981-05-17T09:17:22.390Z,49.095,156.264,48,5.4,mb,,,,0.9,us,usp0001dqj,2025-12-19T21:51:20.874Z,"176 km S of Severo-Kuril’sk, Russia",earthquake,,,,67,reviewed,us,us
1981-05-17T09:00:02.590Z,53.679,-163.804,34.9,4.4,mb,,,,0.5,us,usp0001dqh,2014-11-07T00:29:29.703Z,"133 km S of False Pass, Alaska",earthquake,,3.1,,4,reviewed,us,us
1981-05-17T08:27:07.380Z,29.359,129.026,33,3.8,mb,,,,1,us,usp0001dqg,2026-01-07T19:18:20.536Z,"118 km NNW of Naze, Japan",earthquake,,,,1,reviewed,us,us
1981-05-17T07:47:44.760Z,40.596,21.546,10,3.3,ml,,,,0.8,us,usp0001dqf,2014-11-07T00:29:29.695Z,"4 km ENE of Léchovo, Greece",earthquake,,,,,reviewed,us,sko
1981-05-17T05:54:35.370Z,18.691,121.799,111.8,4.2,mb,,,,1.2,us,usp0001dqe,2014-11-07T00:29:29.690Z,"40 km NNE of Aparri, Philippines",earthquake,,5.7,,1,reviewed,us,us
1981-05-17T04:37:33.430Z,19.2955,-155.3876667,6.088,2.81,ml,37,95,,0.14,hv,hv19811827,2020-03-31T19:41:54.850Z,"14 km NE of P?hala, Hawaii",earthquake,0.41,0.94,0.11,1,reviewed,hv,hv
1981-05-17T01:12:01.600Z,40.148,-126.76,5,3.7,ml,,,,,us,usp0001dqc,2014-11-07T00:29:29.684Z,"217 km WSW of Ferndale, California",earthquake,,,,,reviewed,brk,brk
1981-05-16T23:55:47.140Z,-41.381,-85.846,10,5,ms,,,,1.1,us,usp0001dqb,2022-04-28T01:05:25.186Z,"West Chile Rise",earthquake,,,,4,reviewed,us,us
1981-05-16T23:10:01.490Z,-5.639,154.564,165.1,4.4,mb,,,,0.8,us,usp0001dqa,2014-11-07T00:29:29.676Z,"126 km NW of Panguna, Papua New Guinea",earthquake,,3.1,,2,reviewed,us,us
1981-05-16T22:43:09.990Z,19.3666667,-155.2883333,1.344,2.52,ml,23,54,,0.11,hv,hv19811821,2020-03-31T19:41:53.930Z,"10 km SW of Volcano, Hawaii",earthquake,0.27,0.38,0.18,2,reviewed,hv,hv
1981-05-16T22:24:51.560Z,51.466,175.922,52.4,4.4,mb,,,,1.1,us,usp0001dq9,2014-11-07T00:29:29.674Z,"242 km SE of Attu Station, Alaska",earthquake,,8.2,,3,reviewed,us,us
1981-05-16T19:58:18.760Z,46.521,149.843,155.7,4.7,mb,,,,0.9,us,usp0001dq6,2014-11-07T00:29:29.663Z,"209 km NE of Kuril’sk, Russia",earthquake,,8.5,,30,reviewed,us,us
1981-05-16T19:24:17.730Z,37.894,20.107,33,4.2,mb,,,,1,us,usp0001dq5,2014-11-07T00:29:29.657Z,"44 km SW of Lixoúri, Greece",earthquake,,,,9,reviewed,us,us
1981-05-16T18:34:59.440Z,37.946,20.15,33,3.8,ml,,,,0.8,us,usp0001dq4,2014-11-07T00:29:29.651Z,"37 km SW of Lixoúri, Greece",earthquake,,,,,reviewed,us,ath
1981-05-16T18:24:47.280Z,35.7976667,-120.349,9.675,2.97,md,36,85,0.03333,0.04,nc,nc1063707,2016-12-13T00:22:28.430Z,"13 km SSE of Parkfield, California",earthquake,0.19,0.33,0.15,19,reviewed,nc,nc
1981-05-16T16:45:20.220Z,38.61,20.334,57.4,3.9,mb,,,,0.7,us,usp0001dq3,2014-11-07T00:29:29.647Z,"40 km SW of Lefkáda, Greece",earthquake,,7.4,,3,reviewed,us,us
1981-05-16T16:02:59.110Z,37.906,20.076,33,4.6,mb,,,,0.9,us,usp0001dq2,2014-11-07T00:29:29.642Z,"45 km SW of Lixoúri, Greece",earthquake,,,,6,reviewed,us,us
1981-05-16T09:04:15.350Z,7.304,-77.334,27,5,mb,,,,0.8,us,usp0001dpx,2022-04-28T01:05:19.585Z,"28 km WSW of Riosucio, Colombia",earthquake,,,,32,reviewed,us,us
1981-05-16T04:02:56.380Z,19.2953333,-155.2136667,8.808,2.71,ml,43,144,,0.09,hv,hv19811811,2020-03-31T19:41:52.480Z,"16 km S of Volcano, Hawaii",earthquake,0.52,0.59,,1,reviewed,hv,hv
1981-05-16T03:58:59.450Z,40.6913333,-124.3701667,10.994,2.85,md,19,216,0.109,0.12,nc,nc1063689,2016-12-13T00:20:54.920Z,"11 km W of Indianola, California",earthquake,0.87,0.7,0.11,7,reviewed,nc,nc
1981-05-16T03:11:44.970Z,27.628,127.201,176,4.6,mb,,,,0.9,us,usp0001dpw,2014-11-07T00:29:29.608Z,"136 km NW of Nago, Japan",earthquake,,3.8,,13,reviewed,us,us
1981-05-16T01:25:51.800Z,39.5301667,-121.163,10.929,2.74,md,22,154,0.1703,0.08,nc,nc1063684,2016-12-13T00:20:29.051Z,"0 km WSW of Clipper Mills, California",earthquake,0.5,1.1,0.06,3,reviewed,nc,nc
1981-05-16T00:10:35.990Z,49.083,156.208,33,5.4,ms,,,,0.8,us,usp0001dpv,2025-12-19T21:51:19.966Z,"177 km S of Severo-Kuril’sk, Russia",earthquake,,,,9,reviewed,us,us
1981-05-15T22:23:13.690Z,34.823,140.822,33,4.7,mb,,,,0.7,us,usp0001dpu,2014-11-07T00:29:29.582Z,"58 km SE of Katsuura, Japan",earthquake,,,,7,reviewed,us,us
1981-05-15T21:52:17.600Z,38.586,-117.875,3.599,2.61,mc,0,308,,0.207,ci,ci516077,2016-02-02T22:26:09.560Z,"65km E of Hawthorne, NV",earthquake,,,,1,reviewed,ci,ci
1981-05-15T19:48:22.590Z,34.093,141.07,59.9,5,mb,,,,0.9,us,usp0001dpt,2025-12-19T21:51:19.298Z,"135 km SSE of Katsuura, Japan",earthquake,,4,,21,reviewed,us,us
1981-05-15T19:07:54.370Z,38.281,-118.132,3.812,2.5,mc,0,291.7,,0.13,ci,ci516065,2016-02-03T01:05:11.540Z,"51km ESE of Hawthorne, NV",earthquake,,,,5,reviewed,ci,ci
1981-05-15T19:07:27.280Z,35.038,-117.681,-0.859,2.66,mc,0,62.5,,0.167,ci,ci516064,2016-02-03T03:43:03.980Z,"5km NNW of Boron, CA",quarry blast,,,,37,reviewed,ci,ci
1981-05-15T18:14:24.980Z,58.247,-151.752,14.3,3.1,ml,,,,1.4,us,usp0001dpr,2014-11-07T00:29:29.560Z,"57 km NE of Ouzinkie, Alaska",earthquake,,9,,,reviewed,us,pmr
1981-05-15T18:12:07.240Z,-5.614,152.149,89.4,4,mb,,,,0.7,us,usp0001dpq,2014-11-07T00:29:29.558Z,"141 km S of Kokopo, Papua New Guinea",earthquake,,5.9,,1,reviewed,us,us
1981-05-15T17:22:43.650Z,29.504,81.942,33,5.1,mb,,,,0.8,us,usp0001dpp,2026-01-07T19:18:19.417Z,"34 km NW of Jumla, Nepal",earthquake,,,,36,reviewed,us,us
1981-05-15T13:47:57.630Z,19.3195,-155.259,7.54,2.74,ml,44,91,,0.12,hv,hv19811804,2020-03-31T19:41:51.420Z,"13 km S of Volcano, Hawaii",earthquake,0.41,0.56,0.18,2,reviewed,hv,hv
1981-05-15T12:10:23.580Z,-25.76,-68.848,93.7,4.1,mb,,,,0.7,us,usp0001dpk,2014-11-07T00:29:29.538Z,"137 km ENE of Diego de Almagro, Chile",earthquake,,5.5,,1,reviewed,us,us
1981-05-15T09:36:17.180Z,38.112,23.063,11.9,3.5,ml,,,,0.5,us,usp0001dpj,2014-11-07T00:29:29.533Z,"13 km NE of Perachóra, Greece",earthquake,,1.8,,,reviewed,us,ath
1981-05-15T04:35:43.780Z,19.6381667,-156.0855,31.669,2.83,ml,35,239,,0.1,hv,hv19811801,2020-03-31T19:41:50.960Z,"9 km W of Kailua-Kona, Hawaii",earthquake,0.96,1.58,,1,reviewed,hv,hv
1981-05-15T03:57:07.870Z,-56.073,-26.962,99.7,5.5,mb,,,,1.1,us,usp0001dph,2025-12-19T21:51:18.583Z,"South Sandwich Islands region",earthquake,,11.9,,11,reviewed,us,us
1981-05-15T03:03:03.390Z,19.326,-155.1215,7.616,2.56,ml,42,104,,0.09,hv,hv19811799,2020-03-31T19:41:50.650Z,"15 km S of Fern Forest, Hawaii",earthquake,0.4,0.53,0.02,2,reviewed,hv,hv
1981-05-15T02:21:36.450Z,40.4256667,-124.4953333,26.546,2.78,md,23,252,0.1306,0.13,nc,nc1063652,2016-12-13T00:18:01.652Z,"25 km SW of Ferndale, California",earthquake,1.72,0.95,0.15,8,reviewed,nc,nc
1981-05-15T01:51:15.510Z,38.359,73.217,118.9,4.6,mb,,,,0.6,us,usp0001dpf,2014-11-07T00:29:29.518Z,"68 km WNW of Murghob, Tajikistan",earthquake,,9.2,,12,reviewed,us,us
1981-05-14T23:57:25.180Z,38.666,22.638,34.2,3.5,ml,,,,0.3,us,usp0001dpc,2014-11-07T00:29:29.506Z,"5 km NE of Amfíkleia, Greece",earthquake,,14.5,,,reviewed,us,ath
1981-05-14T23:09:51.850Z,-5.63,101.885,33,4.6,mb,,,,1.2,us,usp0001dpb,2014-11-07T00:29:29.483Z,"206 km SSW of Bengkulu, Indonesia",earthquake,,,,6,reviewed,us,us
1981-05-14T21:59:42.770Z,33.88,-115.508,-0.429,2.77,mc,0,82.1,,0.192,ci,ci516037,2016-02-02T22:20:52.480Z,"21km NNW of Desert Center, CA",quarry blast,,,,25,reviewed,ci,ci
1981-05-14T21:22:51.510Z,23.112,120.614,28,4.2,mb,,,,1.3,us,usp0001dpa,2026-01-07T19:16:24.850Z,"15 km E of Yujing, Taiwan",earthquake,,3.1,,4,reviewed,us,us
1981-05-14T21:16:06.740Z,19.3453333,-155.22,8.584,3.22,ml,46,60,,0.12,hv,hv19811797,2020-03-31T19:41:50.320Z,"10 km S of Volcano, Hawaii",earthquake,0.33,0.41,0.12,2,reviewed,hv,hv
1981-05-14T19:11:45.820Z,35.037,-117.686,-0.835,2.76,mc,0,48,,0.171,ci,ci516031,2016-02-03T02:22:33.310Z,"5km NW of Boron, CA",quarry blast,,,,39,reviewed,ci,ci
1981-05-14T18:47:40.130Z,-4.957,153.576,85.4,5,mb,,,,0.9,us,usp0001dp7,2022-04-28T01:04:55.401Z,"160 km ESE of Kokopo, Papua New Guinea",earthquake,,4.1,,6,reviewed,us,us
1981-05-14T17:51:34.830Z,24.05,121.751,17.2,4,mb,,,,0.6,us,usp0001dp4,2026-01-07T19:18:18.293Z,"16 km ENE of Hualien City, Taiwan",earthquake,,1.9,,2,reviewed,us,us
1981-05-14T17:14:01.400Z,1.362,126.244,80.7,4.8,mb,,,,0.9,us,usp0001dp3,2014-11-07T00:29:29.421Z,"141 km WNW of Ternate, Indonesia",earthquake,,4.5,,11,reviewed,us,us
1981-05-14T16:28:10.230Z,12.326,141.918,33,4.4,mb,,,,0.3,us,usp0001dp2,2014-11-07T00:29:29.415Z,"Mariana Islands region",earthquake,,,,1,reviewed,us,us
1981-05-14T15:29:27.600Z,16.642,-95.241,57.3,4.5,mb,,,,0.8,us,usp0001dp1,2014-11-07T00:29:29.409Z,"7 km NNW of Santiago Laollaga, Mexico",earthquake,,4.6,,11,reviewed,us,us
1981-05-14T11:20:58.780Z,19.3896667,-155.2773333,1.729,2.55,ml,32,37,,0.11,hv,hv19811794,2020-03-31T19:41:49.520Z,"7 km SW of Volcano, Hawaii",earthquake,0.27,0.21,0.31,2,reviewed,hv,hv
1981-05-14T11:01:36.360Z,25.945,98.667,33,4.8,mb,,,,0.7,us,usp0001dp0,2026-01-07T19:16:24.205Z,"141 km ENE of Myitkyina, Myanmar",earthquake,,,,9,reviewed,us,us
1981-05-14T10:20:27.170Z,19.2198333,-155.772,6.647,2.96,md,18,314,,0.08,hv,hv19811793,2020-03-31T19:41:49.370Z,"16 km N of Hawaiian Ocean View, Hawaii",earthquake,6.82,1.08,0.03,2,reviewed,hv,hv
1981-05-14T10:16:26.090Z,19.3958333,-155.2766667,2.059,2.93,ml,25,76,,0.1,hv,hv19811792,2020-03-31T19:41:49.220Z,"Island of Hawaii, Hawaii",earthquake,0.32,0.24,0.06,2,reviewed,hv,hv
1981-05-14T09:27:32.120Z,24.938,122.146,5,4.5,mb,,,,0.9,us,usp0001dnx,2014-11-07T00:29:29.392Z,"35 km ESE of Jiufen, Taiwan",earthquake,,,,4,reviewed,us,us
1981-05-14T08:22:05.370Z,-18.068,-174.536,75.4,5.1,mb,,,,0.6,us,usp0001dnw,2014-11-07T00:29:29.379Z,"86 km NW of Neiafu, Tonga",earthquake,,7.1,,18,reviewed,us,us
1981-05-14T07:24:44.390Z,49.063,156.365,33,5,mb,,,,0.7,us,usp0001dnv,2026-01-07T19:18:17.156Z,"180 km S of Severo-Kuril’sk, Russia",earthquake,,,,32,reviewed,us,us
1981-05-14T07:03:30.250Z,19.3268333,-155.2215,9.205,3.47,ml,46,69,,0.11,hv,hv19811789,2020-03-31T19:41:48.740Z,"12 km S of Volcano, Hawaii",earthquake,0.43,0.38,0.27,2,reviewed,hv,hv
1981-05-14T06:12:54.010Z,5.708,126.927,151.9,4.4,mb,,,,0.6,us,usp0001dnu,2014-11-07T00:29:29.289Z,"109 km SE of Pondaguitan, Philippines",earthquake,,2.2,,4,reviewed,us,us
1981-05-14T05:11:04.210Z,39.4915,-111.0781667,2.8,3.85,md,29,133,,0.34,uu,uu50001545,2018-08-28T02:43:33.470Z,"5 km W of Hiawatha, Utah",earthquake,0.79,1.22,,3,reviewed,uu,uu
1981-05-14T00:51:36.380Z,59.92,-141.037,15,4.2,ml,,,,1.2,us,usp0001dnr,2014-11-07T00:29:29.245Z,"84 km WNW of Yakutat, Alaska",earthquake,,,,,reviewed,us,pmr
1981-05-13T21:35:36.710Z,23.969,122.598,33,4.3,mb,,,,0.9,us,usp0001dnq,2014-11-07T00:29:29.239Z,"68 km SW of Yonakuni, Japan",earthquake,,,,3,reviewed,us,us
1981-05-13T21:33:30.680Z,56.953,-34.074,10,4.6,mb,,,,0.9,us,usp0001dnp,2014-11-07T00:29:29.233Z,"Reykjanes Ridge",earthquake,,,,27,reviewed,us,us
1981-05-13T20:56:56.670Z,19.3041667,-155.3828333,4.808,2.56,ml,39,94,,0.13,hv,hv19811786,2020-03-31T19:41:48.240Z,"15 km NE of P?hala, Hawaii",earthquake,0.36,0.89,0.35,2,reviewed,hv,hv
1981-05-13T20:50:40.270Z,47.112,152.236,33,4.6,mb,,,,0.6,us,usp0001dnn,2014-11-07T00:29:29.227Z,"Kuril Islands",earthquake,,,,4,reviewed,us,us
1981-05-13T19:51:35.990Z,33.394,141.54,27.5,4.5,mb,,,,0.7,us,usp0001dnm,2014-11-07T00:29:29.225Z,"224 km SSE of Katsuura, Japan",earthquake,,4.2,,1,reviewed,us,us
1981-05-13T19:51:25.710Z,37.503,-118.834,4.623,2.7,mc,0,113.2,,0.428,ci,ci516018,2016-02-02T22:26:08.080Z,"20km SE of Mammoth Lakes, CA",earthquake,,,,6,reviewed,ci,ci
1981-05-13T19:05:59.990Z,35.043,-117.682,-0.857,2.62,mc,0,64.3,,0.154,ci,ci516015,2016-02-03T03:43:01.880Z,"6km NNW of Boron, CA",quarry blast,,,,40,reviewed,ci,ci
1981-05-13T17:08:22.440Z,37.502,-118.814,4.563,2.89,mc,0,112.3,,0.621,ci,ci516007,2016-02-03T03:49:01.020Z,"21km SE of Mammoth Lakes, CA",earthquake,,,,5,reviewed,ci,ci
1981-05-13T09:35:03.610Z,40.3931667,-125.0976667,64.358,2.72,md,6,316,0.6847,0.3,nc,nc1063586,2016-12-13T00:12:51.340Z,"73 km WSW of Ferndale, California",earthquake,16.69,19.15,,1,reviewed,nc,nc
1981-05-13T07:44:07.270Z,0.961,126.071,61.7,4.9,mb,,,,0.5,us,usp0001dnf,2014-11-07T00:29:29.209Z,"134 km ESE of Tondano, Indonesia",earthquake,,4.9,,2,reviewed,us,us
1981-05-13T06:53:22.860Z,24.257,125.142,33,4.5,mb,,,,0.7,us,usp0001dne,2014-11-07T00:29:29.207Z,"62 km SSW of Hirara, Japan",earthquake,,,,3,reviewed,us,us
1981-05-13T05:33:38.580Z,32.012,-116.4208333,5.577,3.23,ml,41,216,,0.48,ci,ci515986,2016-04-01T20:40:54.057Z,"24km NE of Ensenada, B.C., MX",earthquake,2.43,31.61,0.049,4,reviewed,ci,ci
1981-05-13T05:04:30.260Z,46.3638333,-122.25,9.284,3,md,35,41,0.08652,0.26,uw,uw10101668,2016-07-24T22:14:20.680Z,"21 km S of Morton, Washington",earthquake,0.653,1.63,0.06,14,reviewed,uw,uw
1981-05-13T05:00:36.180Z,46.3628333,-122.2481667,9.379,4.5,md,38,41,0.08679,0.28,uw,uw10101583,2020-09-21T18:39:19.774Z,"21 km S of Morton, Washington",earthquake,0.747,2.01,0.04,15,reviewed,uw,uw
1981-05-13T04:38:25.330Z,3.869,-76.908,71.6,4.7,mb,,,,0.9,us,usp0001dna,2020-08-26T21:33:59.559Z,"13 km E of Buenaventura, Colombia",earthquake,,6.5,,6,reviewed,us,us
1981-05-13T03:58:11.040Z,-1.36,-78.433,33,4.7,mb,,,,1.4,us,usp0001dn9,2014-11-07T00:29:29.193Z,"4 km NNW of Baños, Ecuador",earthquake,,,,2,reviewed,us,us
1981-05-13T03:37:52.790Z,-9.946,150.794,33,3.8,mb,,,,0.9,us,usp0001dn8,2014-11-07T00:29:29.190Z,"55 km NE of Alotau, Papua New Guinea",earthquake,,,,1,reviewed,us,us
1981-05-13T02:07:54.010Z,32.682,82.403,33,4.9,mb,,,,0.8,us,usp0001dn6,2025-12-19T21:43:08.005Z,"289 km NNE of Burang, China",earthquake,,,,23,reviewed,us,us
1981-05-13T01:39:54.820Z,5.829,127.008,145,6,mb,,,,1,us,usp0001dn5,2022-04-28T01:04:47.666Z,"109 km ESE of Pondaguitan, Philippines",earthquake,,,,50,reviewed,us,us
1981-05-13T01:29:36.330Z,38.311,23.24,2.2,3.8,ml,,,,0.6,us,usp0001dn4,2014-11-07T00:29:29.120Z,"5 km E of Vágia, Greece",earthquake,,1.4,,,reviewed,us,ath
1981-05-13T01:00:42.600Z,37.576,-118.834,3.904,3.01,mc,0,121.3,,0.584,ci,ci515980,2016-02-02T21:07:29.670Z,"14km ESE of Mammoth Lakes, CA",earthquake,,,,7,reviewed,ci,ci
1981-05-12T23:48:40.370Z,-9.794,150.742,18.2,5.3,mb,,,,0.9,us,usp0001dn3,2022-04-28T01:04:45.729Z,"65 km NNE of Alotau, Papua New Guinea",earthquake,,3.2,,5,reviewed,us,us
1981-05-12T21:40:03.070Z,19.323,-155.1873333,8.093,3.07,ml,44,98,,0.12,hv,hv19811777,2020-03-31T19:41:46.840Z,"14 km SSE of Volcano, Hawaii",earthquake,0.41,0.52,0.11,2,reviewed,hv,hv
1981-05-12T19:16:18.080Z,35.043,-117.685,-0.941,2.58,mc,0,117.4,,0.152,ci,ci515872,2016-02-03T03:43:00.480Z,"6km NNW of Boron, CA",quarry blast,,,,37,reviewed,ci,ci
1981-05-12T17:43:03.470Z,42.83,45.765,33,5.1,mb,,,,0.9,us,usp0001dmz,2026-01-07T19:16:23.498Z,"7 km SE of Shatoy, Russia",earthquake,,,,59,reviewed,us,us
1981-05-12T16:01:26.220Z,46.3376667,-122.2423333,9.704,2.7,md,29,36,0.07628,0.17,uw,uw10101323,2016-07-24T22:14:17.240Z,"24 km S of Morton, Washington",earthquake,0.446,1.05,0.06,13,reviewed,uw,uw
1981-05-12T14:10:17.470Z,19.3618333,-155.2946667,2.164,2.57,ml,27,52,,0.11,hv,hv19811775,2020-03-31T19:41:46.540Z,"10 km SW of Volcano, Hawaii",earthquake,0.32,0.57,0.17,2,reviewed,hv,hv
1981-05-12T12:42:43.720Z,-36.044,47.98,10,5.2,ms,,,,0.7,us,usp0001dmx,2014-11-07T00:29:29.032Z,"Southwest Indian Ridge",earthquake,,,,2,reviewed,us,us
1981-05-12T10:18:14.010Z,43.544,-110.494,5,3,ml,,,,0.4,us,usp0001dmw,2014-11-07T00:29:29.028Z,"13 km SE of Kelly, Wyoming",earthquake,,,,,reviewed,us,us
1981-05-12T09:48:29.600Z,19.3288333,-155.1928333,8.513,2.76,ml,40,88,,0.11,hv,hv19811770,2020-03-31T19:41:45.760Z,"13 km SSE of Volcano, Hawaii",earthquake,0.39,0.61,0.07,2,reviewed,hv,hv
1981-05-12T09:22:30.180Z,38.085,23.242,33,3.8,ml,,,,1.4,us,usp0001dmv,2014-11-07T00:29:29.024Z,"12 km SW of Vília, Greece",earthquake,,,,,reviewed,us,ath
1981-05-12T06:38:24.100Z,19.3086667,-155.3848333,4.848,2.51,ml,32,90,,0.12,hv,hv19811769,2020-03-31T19:41:45.580Z,"15 km NE of P?hala, Hawaii",earthquake,0.33,1.05,0.06,1,reviewed,hv,hv
1981-05-12T04:48:09.220Z,34.733,24.03,33,4.3,mb,,,,1.1,us,usp0001dmu,2014-11-07T00:29:29.018Z,"12 km SSW of Kastrí, Greece",earthquake,,,,9,reviewed,us,us
1981-05-12T02:50:50.670Z,-4.21,142.661,49.7,4.9,mb,,,,1.1,us,usp0001dmt,2014-11-07T00:29:29.010Z,"17 km W of Ambunti, Papua New Guinea",earthquake,,7.5,,6,reviewed,us,us
1981-05-12T02:33:35.160Z,50.56,-129.446,27,4.5,mb,,,,0.8,us,usp0001dms,2014-11-07T00:29:28.986Z,"167 km W of Port McNeill, Canada",earthquake,,7.9,,8,reviewed,us,us
1981-05-11T22:32:14.360Z,39.758,20.044,10,3.1,mb,,,,0.6,us,usp0001dmr,2014-11-07T00:29:28.981Z,"3 km ESE of Ksamil, Albania",earthquake,,,,1,reviewed,us,us
1981-05-11T19:15:25.380Z,36.841,28.094,26.7,4.7,mb,,,,0.9,us,usp0001dmq,2026-01-07T19:18:16.061Z,"12 km WNW of ?çmeler, Turkey",earthquake,,2.5,,28,reviewed,us,us
1981-05-11T13:40:02.320Z,44.016,145.21,149.6,4.8,mb,,,,0.7,us,usp0001dmm,2014-11-07T00:29:28.918Z,"40 km N of Shibetsu, Japan",earthquake,,8.9,,6,reviewed,us,us
1981-05-11T13:25:04.100Z,43.357,18.671,10,3.4,ml,,,,0.9,us,usp0001dmk,2014-11-07T00:29:28.910Z,"18 km SSW of Fo?a, Bosnia and Herzegovina",earthquake,,,,,reviewed,us,sko
1981-05-11T11:50:28.640Z,37.734,-122.1278333,10.588,2.84,md,62,31,0.05045,0.07,nc,nc1063512,2016-12-13T00:07:19.330Z,"2 km ENE of San Leandro, California",earthquake,0.15,0.35,0.12,45,reviewed,nc,nc
1981-05-11T10:11:56.050Z,38.8946667,-122.6788333,4.97,2.99,md,38,119,0.03784,0.11,nc,nc1063506,2016-12-13T00:06:48.770Z,"6 km WSW of Lower Lake, California",earthquake,0.3,0.53,0.15,36,reviewed,nc,nc
1981-05-11T06:13:20.610Z,48.914,156.258,33,5.4,mb,,,,1,us,usp0001dmj,2026-01-07T19:16:22.742Z,"196 km S of Severo-Kuril’sk, Russia",earthquake,,,,63,reviewed,us,us
1981-05-11T06:07:49.170Z,49.017,156.251,33,4.8,mb,,,,0.9,us,usp0001dmh,2026-01-07T19:16:22.161Z,"184 km S of Severo-Kuril’sk, Russia",earthquake,,,,26,reviewed,us,us
1981-05-11T02:52:12.950Z,41.1886667,-123.5778333,38.91,3.02,ml,21,261,0.3252,0.08,nc,nc1063491,2016-12-13T00:05:37.187Z,"28 km N of Willow Creek, California",earthquake,2.17,0.43,,2,reviewed,nc,nc
1981-05-11T02:43:21.660Z,-19.085,-69.756,106.7,5,mb,,,,0.9,us,usp0001dmg,2014-11-07T00:29:28.789Z,"88 km SE of Arica, Chile",earthquake,,3.5,,11,reviewed,us,us
1981-05-11T01:50:59.410Z,-21.687,-71.083,33,4.6,mb,,,,0.8,us,usp0001dmf,2014-11-07T00:29:28.759Z,"101 km WNW of Tocopilla, Chile",earthquake,,,,2,reviewed,us,us
1981-05-11T01:10:49.860Z,3.529,126.387,52.3,4.9,mb,,,,1.1,us,usp0001dme,2014-11-07T00:29:28.734Z,"231 km SSE of Sarangani, Philippines",earthquake,,8.5,,8,reviewed,us,us
1981-05-10T23:53:36.400Z,37.333,20.803,33,4,mb,,,,0.7,us,usp0001dmd,2014-11-07T00:29:28.706Z,"42 km S of Lithakiá, Greece",earthquake,,,,4,reviewed,us,us
1981-05-10T23:33:01.120Z,40.624,22.675,10,3.4,mb,,,,0.4,us,usp0001dmc,2014-11-07T00:29:28.685Z,"1 km NNW of Néa Málgara, Greece",earthquake,,,,1,reviewed,us,us
1981-05-10T22:52:43.610Z,56.227,-161.463,202.3,4.3,mb,,,,1,us,usp0001dmb,2014-11-07T00:29:28.679Z,"29 km NNW of Nelson Lagoon, Alaska",earthquake,,5.5,,4,reviewed,us,us
1981-05-10T22:23:50.200Z,13.315,-60.943,115.7,4.7,mb,,,,0.7,us,usp0001dma,2014-11-07T00:29:28.667Z,"19 km ENE of Georgetown, Saint Vincent and the Grenadines",earthquake,,2.8,,11,reviewed,us,us
1981-05-10T21:06:25.810Z,37.5605,-118.8443333,7.883,3,md,10,272,0.03333,0.03,nc,nc1063479,2016-12-13T00:04:48.448Z,"11 km W of Aspen Springs, California",earthquake,2.17,1.53,0.06,13,reviewed,nc,nc
1981-05-10T19:12:28.350Z,61.509,-146.361,33,3,ml,,,,0.9,us,usp0001dm9,2014-11-07T00:29:28.661Z,"42 km N of Valdez, Alaska",earthquake,,,,,reviewed,us,pmr
1981-05-10T16:18:41.310Z,2.754,126.385,58.4,4.8,mb,,,,0.9,us,usp0001dm7,2014-11-07T00:29:28.644Z,"210 km NE of Laikit, Laikit II (Dimembe), Indonesia",earthquake,,6.2,,3,reviewed,us,us
1981-05-10T13:59:52.610Z,19.3886667,-155.2786667,1.839,2.67,ml,40,35,,0.12,hv,hv19811758,2020-03-31T19:41:43.900Z,"7 km SW of Volcano, Hawaii",earthquake,0.24,0.26,0.17,2,reviewed,hv,hv
1981-05-10T13:58:40.830Z,19.3618333,-155.3025,1.804,2.56,ml,31,49,,0.11,hv,hv19811757,2020-03-31T19:41:43.750Z,"11 km SW of Volcano, Hawaii",earthquake,0.28,0.54,,2,reviewed,hv,hv
1981-05-10T11:35:36.040Z,25.632,142.761,33,4.6,mb,,,,0.6,us,usp0001dm6,2014-11-07T00:29:28.634Z,"Volcano Islands, Japan region",earthquake,,,,6,reviewed,us,us
1981-05-10T10:03:45.470Z,44.038,19.044,15.6,4,ml,,,,1,us,usp0001dm5,2014-11-07T00:29:28.621Z,"8 km ESE of Han Pijesak, Bosnia and Herzegovina",earthquake,,4.3,,,reviewed,us,tri
1981-05-10T08:35:01.880Z,-10.28,161.435,91.4,4.5,mb,,,,1,us,usp0001dm4,2014-11-07T00:29:28.610Z,"56 km WNW of Kirakira, Solomon Islands",earthquake,,5.5,,7,reviewed,us,us
1981-05-10T07:38:57.330Z,27.145,100.105,33,4.4,mb,,,,1.2,us,usp0001dm3,2014-11-07T00:29:28.601Z,"32 km NNW of Lijiang, China",earthquake,,,,4,reviewed,us,us
1981-05-10T07:12:29.510Z,19.3923333,-155.2753333,1.769,2.57,ml,24,43,,0.11,hv,hv19811751,2020-03-31T19:41:42.830Z,"7 km SW of Volcano, Hawaii",earthquake,0.31,0.24,0.1,2,reviewed,hv,hv
1981-05-10T06:16:59.140Z,38.505,20.073,39.6,3.9,mb,,,,1,us,usp0001dm2,2014-11-07T00:29:28.590Z,"46 km NW of Lixoúri, Greece",earthquake,,6.2,,3,reviewed,us,us
1981-05-10T05:52:01.460Z,19.4088333,-155.3786667,9.543,2.63,ml,46,37,,0.12,hv,hv19811750,2020-03-31T19:41:42.670Z,"15 km WSW of Volcano, Hawaii",earthquake,0.35,0.46,0.14,2,reviewed,hv,hv
1981-05-10T04:13:31.430Z,43.409,-126.723,10,4.9,mb,,,,0.9,us,usp0001dm1,2014-11-07T00:29:28.558Z,"190 km W of Bandon, Oregon",earthquake,,,,14,reviewed,us,us
1981-05-10T03:25:58.100Z,27.09,100.239,51.7,4.4,mb,,,,1.1,us,usp0001dm0,2014-11-07T00:29:28.551Z,"24 km N of Lijiang, China",earthquake,,7.3,,5,reviewed,us,us
1981-05-10T02:44:41.980Z,39.603,15.343,287.5,4.6,mb,,,,1,us,usp0001dkz,2014-11-07T00:29:28.507Z,"41 km WSW of Diamante, Italy",earthquake,,1.9,,33,reviewed,us,us
1981-05-10T02:23:03.560Z,-28.539,-71.404,33,4.6,mb,,,,1,us,usp0001dky,2014-11-07T00:29:28.500Z,"63 km W of Vallenar, Chile",earthquake,,,,2,reviewed,us,us
1981-05-10T01:46:49.980Z,37.662,-118.882,3.904,2.88,mc,0,246.8,,0.395,ci,ci515714,2016-02-02T18:29:03.470Z,"9km ENE of Mammoth Lakes, CA",earthquake,,,,6,reviewed,ci,ci
1981-05-10T01:32:28.760Z,-4.923,153.064,35.9,4.7,mb,,,,1,us,usp0001dkx,2014-11-07T00:29:28.494Z,"109 km SE of Kokopo, Papua New Guinea",earthquake,,9.1,,3,reviewed,us,us
1981-05-10T00:47:55.510Z,38.302,23.322,10,3.4,mb,,,,0.8,us,usp0001dkw,2014-11-07T00:29:28.482Z,"2 km S of Thívai, Greece",earthquake,,,,2,reviewed,us,us
1981-05-10T00:36:02.020Z,38.5285,-122.6426667,6.021,2.51,md,26,79,0.02883,0.07,nc,nc1063443,2016-12-13T00:02:09.535Z,"7 km SW of Calistoga, California",earthquake,0.23,0.43,0.17,19,reviewed,nc,nc
1981-05-09T23:36:38.570Z,1.616,127.393,130.6,5.4,mb,,,,1,us,usp0001dkv,2014-11-07T00:29:28.454Z,"69 km W of Tobelo, Indonesia",earthquake,,3.6,,18,reviewed,us,us
1981-05-09T22:58:12.660Z,32.9561667,-115.5371667,19.056,2.95,ml,42,70,0.09331,0.34,ci,ci515709,2016-04-02T19:03:03.185Z,"3km SSW of Brawley, CA",earthquake,0.68,1.11,0.12,5,reviewed,ci,ci
1981-05-09T21:29:10.570Z,12.521,143.382,33,4.4,mb,,,,0.8,us,usp0001dkt,2014-11-07T00:29:28.436Z,"162 km WSW of Merizo Village, Guam",earthquake,,,,3,reviewed,us,us
1981-05-09T18:11:47.840Z,40.5405,-125.8213333,4.622,3.8,ml,34,301,1.135,0.15,nc,nc1063432,2016-12-13T00:01:15.179Z,"131 km W of Ferndale, California",earthquake,6.61,13.81,,0,reviewed,nc,nc
1981-05-09T16:54:22.800Z,-23.546,178.955,544.3,4.7,mb,,,,0.7,us,usp0001dkr,2014-11-07T00:29:28.415Z,"south of the Fiji Islands",earthquake,,6,,5,reviewed,us,us
1981-05-09T16:06:25.540Z,-5.16,154.7,73,5.9,mb,,,,0.8,us,usp0001dkq,2025-12-19T21:51:17.778Z,"152 km NW of Arawa, Papua New Guinea",earthquake,,1.8,,54,reviewed,us,us
1981-05-09T14:00:57.680Z,38.24,23.198,18.2,4.3,mb,,,,0.9,us,usp0001dkp,2026-01-07T19:18:14.815Z,"1 km WNW of Kaparéllion, Greece",earthquake,,1.9,,8,reviewed,us,us
1981-05-09T12:35:50.840Z,33.994,-107.03,5,3.1,ml,,,,0.7,us,usp0001dkn,2014-11-07T00:29:28.264Z,"13 km W of Luis Lopez, New Mexico",earthquake,,,,,reviewed,us,us
1981-05-09T09:50:40.770Z,-26.581,-64.911,49.7,5.5,mb,,,,1.1,us,usp0001dkm,2022-04-28T01:04:27.182Z,"19 km WSW of Burruyacú, Argentina",earthquake,,5,,12,reviewed,us,us
1981-05-09T09:40:00.640Z,-20.417,169.276,57.5,5.3,mb,,,,0.9,us,usp0001dkk,2025-12-19T21:51:16.959Z,"96 km S of Isangel, Vanuatu",earthquake,,4.7,,8,reviewed,us,us
1981-05-09T08:39:38.710Z,37.3616667,-119.2443333,2.711,3.12,md,12,133,0.436,0.36,nc,nc1063424,2016-12-13T00:00:37.820Z,"17 km N of Big Creek, California",earthquake,1.05,28.99,0.25,15,reviewed,nc,nc
1981-05-09T07:22:49.930Z,34.355,25.711,50.8,4.5,mb,,,,1,us,usp0001dkj,2014-11-07T00:29:28.098Z,"72 km S of Néa Anatolí, Greece",earthquake,,5.3,,18,reviewed,us,us
1981-05-09T06:55:41.700Z,38.7978333,-122.7943333,1.073,2.57,md,29,34,0.03063,0.07,nc,nc1063422,2016-12-13T00:00:27.840Z,"6 km WSW of Cobb, California",earthquake,0.18,0.38,0.15,36,reviewed,nc,nc
1981-05-09T05:51:03.530Z,-41.636,42.834,10,4.7,mb,,,,1.2,us,usp0001dkh,2014-11-07T00:29:28.091Z,"Prince Edward Islands region",earthquake,,,,3,reviewed,us,us
1981-05-09T02:15:47.280Z,39.334,22.853,10,2.9,ml,,,,0.6,us,usp0001dkg,2014-11-07T00:29:28.086Z,"6 km NNE of Néa Anchiálos, Greece",earthquake,,,,,reviewed,us,ath
1981-05-09T01:31:33.510Z,64.575,-20.942,10,4.3,mb,,,,1.2,us,usp0001dkf,2014-11-07T00:29:28.080Z,"47 km E of Borgarnes, Iceland",earthquake,,,,4,reviewed,us,us
1981-05-08T23:34:44.980Z,42.66,139.129,200.4,6,mb,,,,0.9,us,usp0001dke,2022-04-28T01:04:19.970Z,"118 km WSW of Iwanai, Japan",earthquake,,2.9,,73,reviewed,us,us
1981-05-08T22:24:56.270Z,37.3578333,-121.6585,6.433,2.68,md,74,50,0.07928,0.06,nc,nc1063406,2016-12-12T23:58:48.770Z,"14 km E of East Foothills, California",earthquake,0.12,0.3,0.11,63,reviewed,nc,nc
1981-05-08T22:07:49.020Z,37.613,26.819,10,3.7,ml,,,,1.1,us,usp0001dkd,2014-11-07T00:29:27.925Z,"12 km SW of Chóra, Greece",earthquake,,,,,reviewed,us,ath
1981-05-08T21:01:00.090Z,19.2255,-155.4665,6.253,2.59,ml,39,139,,0.16,hv,hv19811745,2020-03-31T19:41:41.810Z,"2 km NNE of P?hala, Hawaii",earthquake,0.54,0.83,0.15,2,reviewed,hv,hv
1981-05-08T20:59:32.600Z,1.738,127.207,136.6,5.1,mb,,,,0.9,us,usp0001dkc,2014-11-07T00:29:27.918Z,"89 km W of Tobelo, Indonesia",earthquake,,4.4,,3,reviewed,us,us
1981-05-08T19:51:36.490Z,39.992,23.987,11.5,3.1,ml,,,,1.2,us,usp0001dka,2014-11-07T00:29:27.907Z,"6 km SE of Sykiá, Greece",earthquake,,2.7,,,reviewed,us,ath
1981-05-08T19:10:14.830Z,38.031,-118.998,4.209,2.76,mc,0,275.8,,0.593,ci,ci515809,2016-02-03T02:28:06.010Z,"44km N of Mammoth Lakes, CA",earthquake,,,,5,reviewed,ci,ci
1981-05-08T18:32:25.380Z,37.68,-118.891,4.209,2.78,mc,0,224.9,,0.901,ci,ci515804,2016-02-02T23:45:00.680Z,"9km ENE of Mammoth Lakes, CA",earthquake,,,,6,reviewed,ci,ci
1981-05-08T17:10:01.530Z,37.556,-118.834,4.209,2.82,mc,0,154.9,,0.69,ci,ci515802,2016-02-03T01:05:04.270Z,"16km SE of Mammoth Lakes, CA",earthquake,,,,5,reviewed,ci,ci
1981-05-08T17:04:12.750Z,-16.473,-172.982,33,5.1,mb,,,,0.9,us,usp0001dk9,2025-12-19T21:51:16.275Z,"104 km ESE of Hihifo, Tonga",earthquake,,,,8,reviewed,us,us
1981-05-08T15:57:36.150Z,39.574,-122.2651667,18.621,3.17,md,40,89,0.4901,0.13,nc,nc1063397,2016-12-12T23:57:51.970Z,"7 km SW of Artois, California",earthquake,0.33,0.47,0.18,14,reviewed,nc,nc
1981-05-08T09:19:30.290Z,35.832,27.227,114.2,4.5,mb,,,,0.8,us,usp0001dk8,2014-11-07T00:29:27.786Z,"36 km N of Karpathos, Greece",earthquake,,3,,22,reviewed,us,us
1981-05-08T08:20:34.240Z,0.856,99.588,156.8,4.2,mb,,,,0.9,us,usp0001dk7,2014-11-07T00:29:27.782Z,"67 km SSE of Padangsidempuan, Indonesia",earthquake,,3.7,,2,reviewed,us,us
1981-05-08T06:44:46.670Z,44.853,146.195,134.3,5.2,mb,,,,0.9,us,usp0001dk6,2014-11-07T00:29:27.749Z,"91 km NNE of Otrada, Russia",earthquake,,5.8,,66,reviewed,us,us
1981-05-08T05:18:35.450Z,49.077,156.169,33,5.1,mb,,,,0.8,us,usp0001dk5,2026-01-07T19:18:13.556Z,"177 km S of Severo-Kuril’sk, Russia",earthquake,,,,39,reviewed,us,us
1981-05-08T03:03:04.210Z,-58.891,-25.42,33,5.1,mb,,,,0.7,us,usp0001dk4,2014-11-07T00:29:27.721Z,"South Sandwich Islands region",earthquake,,,,2,reviewed,us,us
1981-05-08T02:59:02.810Z,-5.514,151.453,33,4.4,mb,,,,1.3,us,usp0001dk3,2014-11-07T00:29:27.713Z,"145 km E of Kimbe, Papua New Guinea",earthquake,,,,1,reviewed,us,us
1981-05-08T02:11:38.380Z,49.063,156.306,33,4.8,mb,,,,0.8,us,usp0001dk2,2014-11-07T00:29:27.701Z,"179 km S of Severo-Kuril’sk, Russia",earthquake,,,,18,reviewed,us,us
1981-05-08T01:36:15.380Z,49.079,156.208,33,5.4,mb,,,,0.9,us,usp0001dk1,2025-12-19T21:51:15.390Z,"177 km S of Severo-Kuril’sk, Russia",earthquake,,,,60,reviewed,us,us
1981-05-08T01:29:31.320Z,49.051,156.206,33,5.3,mb,,,,0.9,us,usp0001dk0,2026-01-07T19:18:12.404Z,"180 km S of Severo-Kuril’sk, Russia",earthquake,,,,56,reviewed,us,us
1981-05-08T01:12:59.830Z,49.106,156.18,33,4.9,mb,,,,0.8,us,usp0001djz,2014-11-07T00:29:27.556Z,"174 km S of Severo-Kuril’sk, Russia",earthquake,,,,32,reviewed,us,us
1981-05-08T00:11:43.490Z,45.684,26.587,150.4,3.8,mb,,,,1.1,us,usp0001djy,2014-11-07T00:29:27.551Z,"8 km WSW of Nereju Mic, Romania",earthquake,,5.4,,3,reviewed,us,us
1981-05-07T21:45:49.030Z,-18.098,-69.638,156,4.5,mb,,,,1,us,usp0001djx,2014-11-07T00:29:27.546Z,"49 km SE of Palca, Peru",earthquake,,6.2,,1,reviewed,us,us
1981-05-07T21:01:03.270Z,37.411,68.595,33,4.4,mb,,,,0.8,us,usp0001djw,2014-11-07T00:29:27.537Z,"9 km NW of D?stí, Tajikistan",earthquake,,,,7,reviewed,us,us
1981-05-07T19:53:17.920Z,-3.275,153.609,456.7,5.3,mb,,,,0.9,us,usp0001djv,2022-04-28T01:04:02.907Z,"190 km NE of Kokopo, Papua New Guinea",earthquake,,2.2,,24,reviewed,us,us
1981-05-07T19:18:57.810Z,35.045,-117.684,-0.962,2.58,mc,0,68,,0.146,ci,ci515586,2016-02-03T03:42:55.800Z,"6km NNW of Boron, CA",quarry blast,,,,36,reviewed,ci,ci
1981-05-07T17:18:44.600Z,51.309,-173.249,33,4.4,mb,,,,1,us,usp0001dju,2014-11-07T00:29:27.491Z,"118 km SSE of Atka, Alaska",earthquake,,,,3,reviewed,us,us
1981-05-07T16:50:27.420Z,19.331,-155.1375,8.302,3,ml,45,79,,0.09,hv,hv19811729,2020-03-31T19:40:39.390Z,"14 km S of Fern Forest, Hawaii",earthquake,0.43,0.38,0.19,2,reviewed,hv,hv
1981-05-07T14:58:26.530Z,32.4621667,-115.4416667,5.965,2.56,mc,16,207,0.3044,0.63,ci,ci515554,2016-04-02T12:45:36.577Z,"14km SW of Puebla, B.C., MX",earthquake,2.62,31.61,,20,reviewed,ci,ci
1981-05-07T12:47:59.680Z,19.3251667,-155.209,8.335,3.29,ml,45,82,,0.11,hv,hv19811728,2020-03-31T19:40:39.180Z,"13 km SSE of Volcano, Hawaii",earthquake,0.36,0.32,0.21,2,reviewed,hv,hv
1981-05-07T09:16:07.460Z,37.5146667,-118.7641667,8.371,2.85,md,18,156,0.2586,0.07,nc,nc1063380,2016-12-12T23:56:35.691Z,"6 km SW of Aspen Springs, California",earthquake,0.52,1.87,0.14,2,reviewed,nc,nc
1981-05-07T09:01:56.320Z,-36.395,-97.932,10,4.8,mb,,,,0.8,us,usp0001djt,2014-11-07T00:29:27.480Z,"West Chile Rise",earthquake,,,,4,reviewed,us,us
1981-05-07T07:47:48.000Z,39.429,72.551,65.3,5.1,mb,,,,0.8,us,usp0001djs,2026-01-07T19:18:11.235Z,"28 km ESE of Kyzyl-Eshme, Kyrgyzstan",earthquake,,4.5,,29,reviewed,us,us
1981-05-07T07:37:37.160Z,34.0916667,-117.2873333,3.257,2.8,mc,80,28,,0.29,ci,ci515580,2016-02-02T18:28:57.460Z,"3km NE of Colton, CA",earthquake,0.3,0.68,,46,reviewed,ci,ci
1981-05-07T06:28:59.870Z,31.349,66.689,33,3.8,mb,,,,0.8,us,usp0001djr,2014-11-07T00:29:27.432Z,"52 km NNE of Chaman, Pakistan",earthquake,,,,1,reviewed,us,us
1981-05-07T06:04:02.020Z,34.0916667,-117.2901667,7.247,2.54,ml,14,71,,0.11,ci,ci515575,2016-02-02T18:52:53.220Z,"3km NE of Colton, CA",earthquake,0.41,3.39,0.122,7,reviewed,ci,ci
1981-05-07T05:10:30.830Z,46.818,152.728,33,5.1,mb,,,,0.8,us,usp0001djq,2026-01-07T19:18:10.004Z,"Kuril Islands",earthquake,,,,25,reviewed,us,us
1981-05-07T04:28:20.260Z,31.603,140.733,77.3,4.8,mb,,,,0.9,us,usp0001djp,2025-12-19T21:51:14.583Z,"Izu Islands, Japan region",earthquake,,7.6,,15,reviewed,us,us
1981-05-07T04:25:25.000Z,19.3101667,-155.3526667,8.385,2.75,ml,43,103,,0.12,hv,hv19811722,2020-03-31T19:40:38.210Z,"17 km NE of P?hala, Hawaii",earthquake,0.4,0.53,0.13,2,reviewed,hv,hv
1981-05-07T02:18:27.700Z,37.9243333,-118.535,8.625,3.6,ml,9,119,0.1577,0.02,nc,nc1063373,2016-12-12T23:55:43.814Z,"12 km NNW of Benton, California",earthquake,0.34,1.29,,0,reviewed,nc,nc
1981-05-07T01:38:17.870Z,32.202,-108.898,5,3.2,ml,,,,0.5,us,usp0001djm,2014-11-07T00:29:27.374Z,"12 km N of Cotton City, New Mexico",earthquake,,,,,reviewed,us,us
1981-05-07T01:02:37.460Z,37.9241667,-118.5345,8.555,4.5,ml,10,119,0.1577,0.03,nc,nc1063372,2016-12-12T23:55:39.632Z,"12 km NNW of Benton, California",earthquake,0.4,1.35,,0,reviewed,nc,nc
1981-05-06T22:42:11.150Z,32.9785,-115.7463333,11.132,2.51,ml,32,68,0.07041,0.26,ci,ci515520,2016-04-02T03:06:29.714Z,"13km WSW of Westmorland, CA",earthquake,0.56,1.21,0.085,3,reviewed,ci,ci
1981-05-06T21:52:38.340Z,21.824,123.661,28,4.3,mb,,,,0.8,us,usp0001djj,2014-11-07T00:29:27.349Z,"232 km NE of Basco, Philippines",earthquake,,2.9,,2,reviewed,us,us
1981-05-06T21:36:06.810Z,-1.886,-80.885,33,6.4,ms,,,,1,us,usp0001djh,2025-12-19T21:51:13.759Z,"37 km NNE of Salinas, Ecuador",earthquake,,,,12,reviewed,us,us
1981-05-06T21:34:48.860Z,-2.025,-80.977,33,5.3,mb,,,,1,us,usp0001djg,2025-12-19T21:51:12.864Z,"21 km N of Salinas, Ecuador",earthquake,,,,38,reviewed,us,us
1981-05-06T21:34:12.240Z,3.954,95.364,33,4.1,mb,,,,1.1,us,usp0001djf,2014-11-07T00:29:27.239Z,"87 km WSW of Meulaboh, Indonesia",earthquake,,,,2,reviewed,us,us
1981-05-06T20:55:51.090Z,19.3148333,-155.3625,2.905,2.61,ml,33,95,,0.11,hv,hv19811719,2020-03-31T19:40:37.730Z,"17 km NE of P?hala, Hawaii",earthquake,0.34,0.78,0.15,2,reviewed,hv,hv
1981-05-06T19:26:01.970Z,43.407,-110.651,5,3.7,ml,,,,0.5,us,usp0001djd,2014-11-07T00:29:27.228Z,"11 km E of South Park, Wyoming",earthquake,,,,,reviewed,us,us
1981-05-06T19:07:23.590Z,35.046,-117.688,-0.962,2.56,mc,0,70.4,,0.123,ci,ci515534,2016-02-03T02:22:25.940Z,"6km NW of Boron, CA",quarry blast,,,,34,reviewed,ci,ci
1981-05-06T19:06:59.750Z,35.045,-117.683,-0.962,2.6,mc,0,36.7,,0.141,ci,ci515533,2016-02-02T18:23:02.410Z,"6km NNW of Boron, CA",quarry blast,,,,34,reviewed,ci,ci
1981-05-06T17:35:15.300Z,-20.901,-176.777,283.4,4.8,mb,,,,1.1,us,usp0001djc,2014-11-07T00:29:27.205Z,"164 km W of Haveluloto, Tonga",earthquake,,5.9,,9,reviewed,us,us
1981-05-06T17:12:07.970Z,39.189,21.704,10,3.9,mb,,,,1,us,usp0001djb,2014-11-07T00:29:27.192Z,"18 km SSW of Morfovoúni, Greece",earthquake,,,,1,reviewed,us,us
1981-05-06T15:41:13.010Z,-32.601,-71.597,66.6,4.9,mb,,,,0.9,us,usp0001dj8,2014-11-07T00:29:27.171Z,"38 km WSW of La Ligua, Chile",earthquake,,5.8,,5,reviewed,us,us
1981-05-06T15:32:34.450Z,22.747,94.236,46.7,4.6,mb,,,,0.7,us,usp0001dj7,2014-11-07T00:29:27.161Z,"60 km ESE of Falam, Myanmar",earthquake,,4.2,,4,reviewed,us,us
1981-05-06T11:47:37.470Z,36.6348333,-121.1763333,6.831,2.64,md,50,43,0.02973,0.13,nc,nc1063361,2016-12-12T23:54:48.260Z,"21 km SE of Tres Pinos, California",earthquake,0.22,0.56,0.16,37,reviewed,nc,nc
1981-05-06T10:49:04.730Z,-1.686,99.477,33,4.4,mb,,,,1.2,us,usp0001dj6,2014-11-07T00:29:27.156Z,"127 km SW of Padang, Indonesia",earthquake,,,,1,reviewed,us,us
1981-05-06T10:25:14.400Z,32.3123333,-115.2491667,5.967,2.85,mc,10,191,,0.32,ci,ci515503,2016-02-03T02:28:02.470Z,"7km SW of Delta, B.C., MX",earthquake,2.38,31.61,,22,reviewed,ci,ci
1981-05-06T09:16:29.080Z,36.8465,-121.5748333,5.244,2.92,md,56,34,0.01892,0.11,nc,nc1063359,2016-12-12T23:54:33.940Z,"3 km W of San Juan Bautista, California",earthquake,0.2,0.35,0.17,44,reviewed,nc,nc
1981-05-06T07:33:13.450Z,-4.886,133.52,33,4.4,mb,,,,1.3,us,usp0001dj4,2014-11-07T00:29:27.115Z,"118 km NE of Tual, Indonesia",earthquake,,,,2,reviewed,us,us
1981-05-06T05:56:58.860Z,33.721,-118.0323333,6.58,2.96,ml,52,94,,0.37,ci,ci515493,2016-04-02T12:50:10.091Z,"4km NW of Huntington Beach, CA",earthquake,0.64,1.51,0.102,7,reviewed,ci,ci
1981-05-06T04:41:19.640Z,41.755,24.019,10,3.1,mb,,,,0.8,us,usp0001dj2,2014-11-07T00:29:27.100Z,"15 km N of Satovcha, Bulgaria",earthquake,,,,1,reviewed,us,us
1981-05-06T01:36:18.450Z,19.897,121.245,33,4.7,mb,,,,1.1,us,usp0001dj1,2026-01-07T19:18:07.648Z,"97 km SW of Basco, Philippines",earthquake,,,,6,reviewed,us,us
1981-05-06T01:08:11.140Z,19.953,-155.2771667,34.727,2.54,ml,46,184,,0.11,hv,hv19811710,2020-03-31T19:40:36.330Z,"5 km SW of Laup?hoehoe, Hawaii",earthquake,0.78,1.31,0.04,2,reviewed,hv,hv
1981-05-06T00:18:24.390Z,39.307,22.773,29.8,4.4,mb,,,,1,us,usp0001dj0,2026-01-07T19:18:06.557Z,"4 km NW of Néa Anchiálos, Greece",earthquake,,2.2,,23,reviewed,us,us
1981-05-05T21:28:01.600Z,61.664,-149.663,64.1,4.4,mb,,,,0.9,us,usp0001dhz,2014-11-07T00:29:26.968Z,"5 km NW of Meadow Lakes, Alaska",earthquake,,1.8,,17,reviewed,us,us
1981-05-05T21:21:56.700Z,35.327,-82.422,10.2,3.5,mb_lg,,77,0.31476,0.2,se,se60121,2022-06-28T13:47:35.594Z,"2 km NE of Barker Heights, North Carolina",earthquake,,2.1,,,reviewed,se,us
1981-05-05T20:52:47.080Z,39.881,20.157,10,3.9,mb,,,,1,us,usp0001dhw,2014-11-07T00:29:25.532Z,"9 km SSE of Delvinë, Albania",earthquake,,,,2,reviewed,us,us
1981-05-05T20:33:58.540Z,-6.025,153.992,33,5.2,mb,,,,1,us,usp0001dhv,2014-11-07T00:29:25.433Z,"168 km W of Panguna, Papua New Guinea",earthquake,,,,9,reviewed,us,us
1981-05-05T19:46:11.840Z,35.0386667,-118.4386667,5.582,2.52,mc,24,58,0.1625,0.15,ci,ci515478,2016-04-02T12:50:07.601Z,"10km S of Tehachapi, CA",earthquake,0.39,2.57,,31,reviewed,ci,ci
1981-05-05T19:06:27.260Z,35.046,-117.686,-0.962,2.52,mc,0,64.2,,0.149,ci,ci515434,2016-02-03T00:59:18.250Z,"6km NNW of Boron, CA",quarry blast,,,,31,reviewed,ci,ci
1981-05-05T17:37:33.850Z,-10.558,120.309,33,3.8,mb,,,,0.4,us,usp0001dhu,2014-11-07T00:29:25.428Z,"99 km S of Waingapu, Indonesia",earthquake,,,,2,reviewed,us,us
1981-05-05T16:55:56.300Z,19.3966667,-155.2761667,2.079,2.59,ml,23,79,,0.09,hv,hv19811708,2020-03-31T19:40:35.990Z,"6 km SW of Volcano, Hawaii",earthquake,0.31,0.2,,1,reviewed,hv,hv
1981-05-05T15:18:26.630Z,-3.492,99.617,31,5.2,mb,,,,0.9,us,usp0001dht,2026-01-07T19:18:05.416Z,"253 km SW of Sungai Penuh, Indonesia",earthquake,,,,6,reviewed,us,us
1981-05-05T14:34:53.310Z,36.4028333,-118.0493333,4.531,3.09,ml,11,149,,0.52,ci,ci515421,2016-04-01T20:40:19.513Z,"14km NNW of Olancha, CA",earthquake,1.86,31.61,0.071,6,reviewed,ci,ci
1981-05-05T13:59:07.020Z,36.3895,-118.0635,4.719,3.05,ml,12,147,,0.32,ci,ci515420,2016-04-02T06:22:35.692Z,"13km NNW of Olancha, CA",earthquake,1.09,31.61,0.069,7,reviewed,ci,ci
1981-05-05T11:14:04.230Z,19.298,-155.3878333,2.808,2.55,ml,41,93,,0.12,hv,hv19811701,2020-03-31T19:40:34.870Z,"14 km NE of P?hala, Hawaii",earthquake,0.34,1,0.35,2,reviewed,hv,hv
1981-05-05T09:15:18.660Z,27.119,140.261,430.8,4.6,mb,,,,0.8,us,usp0001dhq,2014-11-07T00:29:25.385Z,"Bonin Islands, Japan region",earthquake,,7.3,,9,reviewed,us,us
1981-05-05T06:03:53.010Z,40.3203333,-124.5498333,25.791,3.4,ml,39,235,0.2243,0.07,nc,nc1063322,2016-12-12T23:51:53.760Z,"37 km SW of Ferndale, California",earthquake,0.97,1.51,,0,reviewed,nc,nc
1981-05-05T06:03:36.790Z,38.903,23.26,10,3.3,ml,,,,0.3,us,usp0001dhp,2014-11-07T00:29:25.380Z,"10 km NNE of Roviés, Greece",earthquake,,,,,reviewed,us,ath
1981-05-05T03:48:35.980Z,40.656,21.56,10,3,mb,,,,0.7,us,usp0001dhm,2014-11-07T00:29:25.370Z,"6 km SW of Xinó Neró, Greece",earthquake,,,,1,reviewed,us,us
1981-05-05T01:41:47.390Z,0.897,100.049,209.4,4.2,mb,,,,0.6,us,usp0001dhj,2014-11-07T00:29:25.359Z,"101 km ESE of Padangsidempuan, Indonesia",earthquake,,3.5,,1,reviewed,us,us
1981-05-05T01:06:44.650Z,40.4243333,-125.3706667,8.497,3.19,md,25,283,0.791,0.11,nc,nc1063313,2016-12-12T23:51:10.614Z,"95 km W of Ferndale, California",earthquake,2.74,6.23,0.09,10,reviewed,nc,nc
1981-05-04T23:54:06.080Z,6.185,126.449,69.6,4.7,mb,,,,1.2,us,usp0001dhh,2014-11-07T00:29:25.338Z,"35 km ESE of Pondaguitan, Philippines",earthquake,,7.3,,3,reviewed,us,us
1981-05-04T23:50:14.210Z,19.3331667,-155.214,8.655,2.89,ml,46,72,,0.11,hv,hv19811697,2020-03-31T19:40:34.150Z,"12 km S of Volcano, Hawaii",earthquake,0.32,0.42,0.11,2,reviewed,hv,hv
1981-05-04T23:10:00.540Z,34.1421667,-119.2075,10.254,2.52,mc,12,206,0.1227,0.31,ci,ci515437,2016-02-02T18:28:52.240Z,"1km WSW of Port Hueneme, CA",earthquake,1.89,2.39,,6,reviewed,ci,ci
1981-05-04T18:42:33.800Z,12.084,140.573,33,4.8,mb,,,,0.9,us,usp0001dhg,2014-11-07T00:29:25.326Z,"256 km N of Fais, Micronesia",earthquake,,,,3,reviewed,us,us
1981-05-04T18:41:03.000Z,33.4735,-116.4498333,13.635,2.96,ml,55,30,,0.34,ci,ci515372,2016-04-02T12:50:14.712Z,"23km ESE of Anza, CA",earthquake,0.49,0.8,0.062,6,reviewed,ci,ci
1981-05-04T16:43:00.300Z,19.2765,-155.5101667,5.371,2.53,ml,39,49,,0.17,hv,hv19811695,2020-03-31T19:40:33.850Z,"8 km NNW of P?hala, Hawaii",earthquake,0.43,1.07,0.09,1,reviewed,hv,hv
1981-05-04T16:40:14.970Z,47.443,151.871,94.9,4.6,mb,,,,0.8,us,usp0001dhe,2014-11-07T00:29:25.216Z,"Kuril Islands",earthquake,,12.8,,14,reviewed,us,us
1981-05-04T16:24:02.350Z,32.339,-115.2868333,5.768,2.81,mc,11,225,0.4835,0.34,ci,ci515365,2016-02-02T18:28:50.700Z,"9km WSW of Delta, B.C., MX",earthquake,2.97,31.61,,22,reviewed,ci,ci
1981-05-04T16:13:57.080Z,34.465,45.732,33,4.7,mb,,,,1,us,usp0001dhd,2026-01-07T19:18:04.206Z,"12 km W of Sarpol-e Z?ah?b, Iran",earthquake,,,,19,reviewed,us,us
1981-05-04T14:58:08.480Z,33.4753333,-116.4578333,13.845,2.78,ml,45,32,,0.34,ci,ci515352,2016-04-02T09:37:02.105Z,"22km ESE of Anza, CA",earthquake,0.48,0.77,0.133,5,reviewed,ci,ci
1981-05-04T14:48:11.820Z,-17.093,173.957,33,5,ms,,,,1.1,us,usp0001dhc,2014-11-07T00:29:25.152Z,"Fiji region",earthquake,,,,3,reviewed,us,us
1981-05-04T13:31:23.220Z,2.874,99.34,191.7,4,mb,,,,0.9,us,usp0001dha,2014-11-07T00:29:24.747Z,"31 km ESE of Pematangsiantar, Indonesia",earthquake,,4.2,,2,reviewed,us,us
1981-05-04T11:05:09.830Z,23.804,114.517,35,5.02,mw,,,,,iscgemsup,iscgemsup626173,2026-01-07T19:18:02.931Z,"18 km WNW of Heyuan, China",earthquake,,25,0.34,,reviewed,iscgemsup,iscgemsup
1981-05-04T10:58:46.270Z,-13.898,166.218,34.6,5.1,mb,,,,1.1,us,usp0001dh9,2026-01-07T19:18:01.633Z,"144 km W of Sola, Vanuatu",earthquake,,7.5,,8,reviewed,us,us
1981-05-04T10:55:29.700Z,32.235,-108.882,5,3,ml,,,,0.5,us,usp0001dh8,2014-11-07T00:29:24.694Z,"16 km N of Cotton City, New Mexico",earthquake,,,,,reviewed,us,us
1981-05-04T08:20:22.310Z,36.6345,-121.179,7.832,2.78,md,51,43,0.03063,0.1,nc,nc1063284,2016-12-12T23:49:02.590Z,"21 km SE of Tres Pinos, California",earthquake,0.19,0.41,0.06,18,reviewed,nc,nc
1981-05-04T06:58:29.170Z,33.21,-115.6423333,13.825,2.62,mc,45,34,,0.31,ci,ci515417,2016-02-02T23:44:49.670Z,"12km WSW of Niland, CA",earthquake,0.53,0.92,,31,reviewed,ci,ci
1981-05-04T05:51:43.980Z,32.0603333,-115.4933333,5.809,2.58,mc,22,228,,0.48,ci,ci515412,2016-02-02T21:07:08.950Z,"36km WSW of Alberto Oviedo Mota, B.C., MX",earthquake,1.98,31.61,,20,reviewed,ci,ci
1981-05-04T05:13:03.650Z,-13.968,166.489,40.9,4.8,mb,,,,1.1,us,usp0001dh6,2014-11-07T00:29:24.669Z,"115 km W of Sola, Vanuatu",earthquake,,6.6,,4,reviewed,us,us
1981-05-04T01:58:47.910Z,38.199,23.258,10,3.6,ml,,,,0.7,us,usp0001dh5,2014-11-07T00:29:24.663Z,"5 km SE of Kaparéllion, Greece",earthquake,,,,,reviewed,us,ath
1981-05-04T01:56:46.830Z,19.3045,-155.3851667,5.428,2.58,ml,38,92,,0.12,hv,hv19811688,2020-03-31T19:40:32.740Z,"14 km NE of P?hala, Hawaii",earthquake,0.38,0.86,0.25,2,reviewed,hv,hv
1981-05-03T22:48:45.500Z,40.666,21.584,10,3.4,mb,,,,1,us,usp0001dh3,2014-11-07T00:29:24.648Z,"4 km SW of Xinó Neró, Greece",earthquake,,,,1,reviewed,us,us
1981-05-03T21:04:43.990Z,59.991,-153.426,141.6,4,mb,,,,0.6,us,usp0001dh0,2014-11-07T00:29:24.622Z,"44 km ENE of Pedro Bay, Alaska",earthquake,,3.6,,1,reviewed,us,us
1981-05-03T20:41:10.440Z,40.799,28.142,23.7,4.2,mb,,,,0.7,us,usp0001dgz,2014-11-07T00:29:24.600Z,"24 km SE of Marmara Ere?lisi, Turkey",earthquake,,1.9,,4,reviewed,us,us
1981-05-03T19:54:43.870Z,36.412,30.701,58.8,4.1,mb,,,,0.9,us,usp0001dgy,2014-11-07T00:29:24.580Z,"18 km ESE of Tekirova, Turkey",earthquake,,4.2,,9,reviewed,us,us
1981-05-03T19:19:48.810Z,24.69,122.21,72.7,3.9,mb,,,,0.6,us,usp0001dgx,2014-11-07T00:29:24.563Z,"46 km E of Yilan, Taiwan",earthquake,,2.7,,2,reviewed,us,us
1981-05-03T19:15:32.130Z,59.416,-153.081,114.8,3.8,mb,,,,0.5,us,usp0001dgw,2014-11-07T00:29:24.557Z,"66 km W of Nanwalek, Alaska",earthquake,,4,,1,reviewed,us,us
1981-05-03T19:15:09.980Z,33.202,-115.6538333,12.955,2.5,ml,53,30,,0.43,ci,ci515279,2016-04-01T23:55:55.394Z,"13km WSW of Niland, CA",earthquake,0.57,1.13,0.015,3,reviewed,ci,ci
1981-05-03T17:39:23.790Z,-30.054,-179.798,428.9,5,mb,,,,1.1,us,usp0001dgv,2025-12-19T21:51:12.090Z,"Kermadec Islands region",earthquake,,5.1,,15,reviewed,us,us
1981-05-03T16:27:58.430Z,37.5578333,-118.8271667,3.411,3.29,md,12,172,0.1568,0.03,nc,nc1063264,2016-12-12T23:47:36.552Z,"10 km W of Aspen Springs, California",earthquake,0.56,1.46,0.19,18,reviewed,nc,nc
1981-05-03T15:24:37.740Z,33.1035,-115.5935,13.624,2.56,mc,34,49,0.06708,0.28,ci,ci515312,2016-04-02T09:35:29.290Z,"8km WSW of Calipatria, CA",earthquake,0.49,0.94,,27,reviewed,ci,ci
1981-05-03T13:58:42.760Z,40.666,21.535,10,3.6,mb,,,,0.8,us,usp0001dgu,2014-11-07T00:29:24.477Z,"7 km WSW of Xinó Neró, Greece",earthquake,,,,2,reviewed,us,us
1981-05-03T13:44:16.660Z,14.678,-94.148,33,4.6,mb,,,,1,us,usp0001dgs,2014-11-07T00:29:24.410Z,"135 km SW of El Palmarcito, Mexico",earthquake,,,,16,reviewed,us,us
1981-05-03T13:30:27.030Z,40.684,21.53,10.1,3.5,mb,,,,0.8,us,usp0001dgr,2014-11-07T00:29:24.390Z,"7 km W of Xinó Neró, Greece",earthquake,,1.7,,2,reviewed,us,us
1981-05-03T13:15:20.080Z,-9.427,153.82,33,4.4,mb,,,,0.7,us,usp0001dgq,2014-11-07T00:29:24.383Z,"D'Entrecasteaux Islands region",earthquake,,,,2,reviewed,us,us
1981-05-03T12:49:07.450Z,-24.886,-179.615,457.9,4.9,mb,,,,1,us,usp0001dgn,2014-11-07T00:29:24.332Z,"south of the Fiji Islands",earthquake,,5,,12,reviewed,us,us
1981-05-03T12:41:26.280Z,9.711,125.734,117.7,4.8,mb,,,,0.9,us,usp0001dgm,2014-11-07T00:29:24.304Z,"13 km NNE of Gigaquit, Philippines",earthquake,,3.8,,11,reviewed,us,us
1981-05-03T12:40:03.750Z,38.181,23.169,10,3.4,ml,,,,1.1,us,usp0001dgk,2014-11-07T00:29:24.293Z,"7 km SSW of Kaparéllion, Greece",earthquake,,,,,reviewed,us,ath
1981-05-03T11:51:32.380Z,43.335,81.884,33,4.5,mb,,,,0.8,us,usp0001dgj,2014-11-07T00:29:24.282Z,"82 km SE of Qapqal, China",earthquake,,,,4,reviewed,us,us
1981-05-03T08:48:57.200Z,-4.759,102.29,33,5.2,mb,,,,0.9,us,usp0001dgh,2026-01-07T19:18:00.343Z,"106 km S of Bengkulu, Indonesia",earthquake,,,,17,reviewed,us,us
1981-05-03T05:56:10.190Z,-22.572,171.249,33,4.9,mb,,,,0.6,us,usp0001dgg,2014-11-07T00:29:24.212Z,"southeast of the Loyalty Islands",earthquake,,,,2,reviewed,us,us
1981-05-02T23:56:56.040Z,33.2096667,-115.6373333,11.905,2.85,mc,38,34,0.07479,0.28,ci,ci515240,2016-02-03T03:48:40.120Z,"12km WSW of Niland, CA",earthquake,0.51,1.13,,34,reviewed,ci,ci
1981-05-02T21:50:20.600Z,32.931,-116.277,11.517,3.33,ml,59,81,,0.43,ci,ci515236,2016-04-01T20:40:27.028Z,"26km ENE of Pine Valley, CA",earthquake,0.78,1.26,0.078,7,reviewed,ci,ci
1981-05-02T19:16:32.430Z,-17.812,-71.762,15.9,5.1,mb,,,,0.7,us,usp0001dgd,2014-11-07T00:29:24.173Z,"47 km WSW of Pacocha, Peru",earthquake,,8.1,,1,reviewed,us,us
1981-05-02T17:10:46.260Z,19.3291667,-155.1306667,8.372,3.39,ml,44,88,,0.1,hv,hv19811675,2020-03-31T19:40:30.670Z,"15 km S of Fern Forest, Hawaii",earthquake,0.5,0.37,0.06,3,reviewed,hv,hv
1981-05-02T16:04:55.600Z,36.355,71.085,228.7,6.3,mb,,,,0.9,us,usp0001dgc,2022-04-28T01:03:51.721Z,"54 km SW of Ashk?sham, Afghanistan",earthquake,,2,,60,reviewed,us,us
1981-05-02T15:37:52.190Z,33.0223333,-115.6938333,13.589,2.92,ml,38,70,,0.26,ci,ci515244,2016-04-02T19:03:28.457Z,"7km WSW of Westmorland, CA",earthquake,0.5,0.74,0.02,3,reviewed,ci,ci
1981-05-02T13:27:30.910Z,49.018,-128.405,10,4.2,mb,,,,0.8,us,usp0001dgb,2014-11-07T00:29:23.897Z,"183 km W of Tofino, Canada",earthquake,,,,2,reviewed,us,us
1981-05-02T12:36:07.460Z,19.2978333,-155.218,10.063,3.92,ml,46,104,,0.12,hv,hv19811672,2020-03-31T19:40:30.160Z,"16 km S of Volcano, Hawaii",earthquake,0.6,0.47,0.06,4,reviewed,hv,hv
1981-05-02T11:54:39.440Z,13.349,120.56,60.1,5.4,mb,,,,0.8,us,usp0001dga,2025-12-19T21:43:07.330Z,"10 km W of Cabacao, Philippines",earthquake,,2.5,,56,reviewed,us,us
1981-05-02T10:56:15.100Z,32.5043333,-115.427,5.997,2.52,mc,18,200,0.2341,0.37,ci,ci515199,2016-04-02T09:33:18.061Z,"10km SW of Puebla, B.C., MX",earthquake,1.76,31.61,,27,reviewed,ci,ci
1981-05-02T07:16:38.610Z,26.308,126.267,116.8,4.3,mb,,,,0.8,us,usp0001dg9,2014-11-07T00:29:23.744Z,"141 km W of Itoman, Japan",earthquake,,9.1,,7,reviewed,us,us
1981-05-02T06:14:39.810Z,-7.248,129.419,153.2,4.7,mb,,,,0.8,us,usp0001dg7,2014-11-07T00:29:23.725Z,"Kepulauan Babar, Indonesia",earthquake,,13.9,,2,reviewed,us,us
1981-05-02T04:46:07.730Z,-22.284,169.696,33,4.4,mb,,,,1.3,us,usp0001dg6,2014-11-07T00:29:23.714Z,"204 km ESE of Tadine, New Caledonia",earthquake,,,,2,reviewed,us,us
1981-05-02T02:15:23.420Z,35.8506667,-117.6693333,-1.231,2.52,mc,10,117,,0.21,ci,ci515230,2016-02-03T01:04:45.250Z,"23km ESE of Little Lake, CA",earthquake,0.63,1.34,,27,reviewed,ci,ci
1981-05-02T02:11:05.760Z,35.8228333,-117.7791667,-1.121,3.24,ml,18,82,0.105,0.53,ci,ci515228,2016-04-02T15:58:24.613Z,"17km SE of Little Lake, CA",earthquake,1.18,2.17,0.099,12,reviewed,ci,ci
1981-05-01T23:03:33.720Z,33.204,-115.642,11.745,2.75,ml,40,48,0.08162,0.29,ci,ci515225,2016-04-02T15:58:23.230Z,"12km WSW of Niland, CA",earthquake,0.51,1.14,0.122,5,reviewed,ci,ci
1981-05-01T21:51:07.900Z,48.3195,-121.8928333,0.889,2.5,md,15,70,0.1264,0.26,uw,uw10098908,2016-07-24T22:10:42.720Z,"6 km NNE of Oso, Washington",earthquake,0.986,1.5,0.14,4,reviewed,uw,uw
1981-05-01T20:42:38.810Z,31.5185,-115.7598333,5.925,3.73,ml,39,274,,0.51,ci,ci515213,2016-04-02T04:11:46.939Z,"80km ESE of Maneadero, B.C., MX",earthquake,4.3,31.61,0.048,4,reviewed,ci,ci
1981-05-01T19:03:27.090Z,35.043,-117.682,-0.962,2.84,mc,0,34.5,,0.262,ci,ci515105,2016-02-03T03:42:45.330Z,"6km NNW of Boron, CA",quarry blast,,,,45,reviewed,ci,ci
1981-05-01T16:57:53.200Z,2.829,-79.066,33,4.7,mb,,,,0.9,us,usp0001dg3,2014-11-07T00:29:23.659Z,"77 km WNW of Mosquera, Colombia",earthquake,,,,5,reviewed,us,us
1981-05-01T15:13:11.480Z,57.432,-33.025,10,4.2,mb,,,,0.7,us,usp0001dg1,2014-11-07T00:29:23.604Z,"Reykjanes Ridge",earthquake,,,,18,reviewed,us,us
1981-05-01T13:56:46.340Z,16.44,-98.839,33,4.4,mb,,,,0.7,us,usp0001dg0,2014-11-07T00:29:23.589Z,"13 km WSW of Barra de Tecoanapa, Mexico",earthquake,,,,5,reviewed,us,us
1981-05-01T12:17:58.000Z,-13.716,166.245,33,5.2,mb,,,,1.2,us,usp0001dfz,2014-11-07T00:29:23.510Z,"142 km W of Sola, Vanuatu",earthquake,,,,8,reviewed,us,us
1981-05-01T11:54:37.010Z,3.6,126.54,95.6,4.6,mb,,,,0.9,us,usp0001dfy,2014-11-07T00:29:23.490Z,"Pulau-Pulau Talaud, Indonesia",earthquake,,5.5,,4,reviewed,us,us
1981-05-01T10:06:22.930Z,46.3655,-122.2555,10.247,3.1,md,34,41,0.08492,0.2,uw,uw10098383,2016-07-24T22:10:36.400Z,"21 km S of Morton, Washington",earthquake,0.574,1.44,0.05,14,reviewed,uw,uw
1981-05-01T08:55:04.030Z,33.117,53.974,33,4.5,mb,,,,1.1,us,usp0001dfw,2014-11-07T00:29:23.453Z,"89 km N of Ardak?n, Iran",earthquake,,,,4,reviewed,us,us
1981-05-01T07:58:49.450Z,43.311,150.224,33,4.9,mb,,,,0.7,us,usp0001dfv,2014-11-07T00:29:23.405Z,"east of the Kuril Islands",earthquake,,,,16,reviewed,us,us
1981-05-01T07:20:48.930Z,36.167,1.575,10,4.3,mb,,,,0.9,us,usp0001dfu,2014-11-07T00:29:23.389Z,"4 km ESE of Oued Fodda, Algeria",earthquake,,,,2,reviewed,us,us
1981-05-01T06:17:25.330Z,9.953,-84.857,90.2,5.1,mb,,,,1.2,us,usp0001dft,2022-04-28T01:03:39.149Z,"3 km SW of Puntarenas, Costa Rica",earthquake,,8.2,,18,reviewed,us,us
1981-05-01T05:50:27.290Z,12.059,-87.837,59.5,5,mb,,,,1,us,usp0001dfs,2014-11-07T00:29:23.260Z,"86 km WSW of Corinto, Nicaragua",earthquake,,8.7,,20,reviewed,us,us
1981-05-01T04:08:10.420Z,22.964,94.593,101.4,5,mb,,,,0.7,us,usp0001dfr,2016-11-09T22:25:28.429Z,"77 km SSE of Mawlaik, Myanmar",earthquake,,3,,34,reviewed,us,us
1981-05-01T03:15:03.100Z,-22.167,-67.334,162.8,4.3,mb,,,,1.1,us,usp0001dfq,2014-11-07T00:29:23.093Z,"121 km NE of San Pedro de Atacama, Chile",earthquake,,6.6,,2,reviewed,us,us
1981-05-01T03:03:32.270Z,14.144,144.602,148,4.8,mb,,,,0.7,us,usp0001dfp,2014-11-07T00:29:22.390Z,"73 km NNW of Dededo Village, Guam",earthquake,,18.3,,4,reviewed,us,us
1981-05-01T01:50:58.340Z,19.3715,-155.464,3.088,2.53,ml,34,43,,0.11,hv,hv19811658,2020-03-31T17:25:37.550Z,"18 km N of P?hala, Hawaii",earthquake,0.34,0.75,0.09,2,reviewed,hv,hv
1981-05-01T01:31:06.450Z,38.386,-118.127,3.599,3.16,mc,0,241.9,,0.521,ci,ci515158,2016-02-02T23:44:36.780Z,"46km ESE of Hawthorne, NV",earthquake,,,,5,reviewed,ci,ci
1981-05-01T00:33:44.780Z,33.0433333,-115.6945,11.789,2.7,mc,37,55,0.04389,0.31,ci,ci515156,2016-04-02T12:46:38.119Z,"7km W of Westmorland, CA",earthquake,0.57,1.12,,33,reviewed,ci,ci
