time,latitude,longitude,depth,mag,magType,nst,gap,dmin,rms,net,id,updated,place,type,horizontalError,depthError,magError,magNst,status,locationSource,magSource
1991-10-30T23:40:15.570Z,43.361,-0.746,10,2.5,ml,,,,1,us,usp0004yn1,2014-11-07T00:49:28.505Z,"4 km NNE of Navarrenx, France",earthquake,,,,,reviewed,us,ldg
1991-10-30T23:37:35.580Z,-13.365,166.802,33,4.9,mb,,,,1.3,us,usp0004yn0,2014-11-07T00:49:28.503Z,"98 km NW of Sola, Vanuatu",earthquake,,,,4,reviewed,us,us
1991-10-30T21:53:18.030Z,58.222,-142.808,10,3.9,mb,,,,,us,usp0004ymw,2020-09-14T19:12:18.885Z,"230 km SW of Yakutat, Alaska",earthquake,,,,1,reviewed,aei,us
1991-10-30T21:52:57.430Z,-17.704,-174.802,201,4.7,mb,,,,1,us,usp0004ymv,2014-11-07T00:49:28.482Z,"135 km NW of Neiafu, Tonga",earthquake,,,,15,reviewed,us,us
1991-10-30T20:41:18.350Z,41.7746667,-125.7258333,3.95,3.09,md,14,300,1.386,0.08,nc,nc236079,2016-12-18T19:52:21.996Z,"123 km WSW of Brookings, Oregon",earthquake,4.77,10.52,0.09,17,reviewed,nc,nc
1991-10-30T17:56:56.810Z,23.384,142.786,55,4.9,mb,,,,1.1,us,usp0004ymt,2014-11-07T00:49:28.473Z,"Volcano Islands, Japan region",earthquake,,,,25,reviewed,us,us
1991-10-30T17:55:08.550Z,13.571,-90.437,33,4.7,mb,,,,1.1,us,usp0004yms,2014-11-07T00:49:28.470Z,"49 km SE of Iztapa, Guatemala",earthquake,,,,11,reviewed,us,us
1991-10-30T17:46:44.510Z,13.579,-90.485,33,4.9,mb,,,,1,us,usp0004ymr,2014-11-07T00:49:28.465Z,"45 km SSE of Iztapa, Guatemala",earthquake,,,,16,reviewed,us,us
1991-10-30T17:15:05.420Z,59.814,-153.6343,133.8,2.5,ml,,,,0.16,ak,ak991dxe1r2m,2020-09-14T19:12:19.731Z,"26 km E of Pedro Bay, Alaska",earthquake,,1.8,,,reviewed,ak,ak
1991-10-30T16:37:18.220Z,-18.003,-173.276,33,5,mb,,,,0.8,us,usp0004ymq,2014-11-07T00:49:28.463Z,"103 km NE of Neiafu, Tonga",earthquake,,,,5,reviewed,us,us
1991-10-30T16:24:20.770Z,45.029,9.937,13.7,3.3,ml,,,,0.9,us,usp0004ymp,2014-11-07T00:49:28.458Z,"1 km NW of San Pietro in Cerro, Italy",earthquake,,2,,,reviewed,us,ldg
1991-10-30T16:01:38.370Z,36.623,71.358,173.3,5,mb,,,,0.9,us,usp0004ymn,2014-11-07T00:49:28.446Z,"17 km WSW of Ashk?sham, Afghanistan",earthquake,,7.1,,61,reviewed,us,us
1991-10-30T15:35:51.490Z,45.014,9.951,10,3.1,ml,,,,1.1,us,usp0004ymm,2014-11-07T00:49:28.442Z,"0 km S of San Pietro in Cerro, Italy",earthquake,,,,,reviewed,us,ldg
1991-10-30T15:35:33.650Z,44.99,9.933,10,2.6,ml,,,,0.7,us,usp0004ymk,2014-11-07T00:49:28.440Z,"0 km ESE of Cortemaggiore, Italy",earthquake,,,,,reviewed,us,gen
1991-10-30T14:54:12.600Z,34.904,-84.713,8.1,3.1,md,,69,0.05396,0.3,se,se61170,2022-06-28T14:37:34.896Z,"9 km NNE of Eton, Georgia",earthquake,,0.4,,,reviewed,se,se
1991-10-30T14:48:36.750Z,44.194,12.192,10,3.3,ml,,,,0.8,us,usp0004ymh,2014-11-07T00:49:28.435Z,"0 km SSW of Santa Maria Nuova, Italy",earthquake,,,,,reviewed,us,vie
1991-10-30T13:43:32.980Z,6.689,-72.89,166.4,4.7,mb,,,,0.8,us,usp0004yme,2014-11-07T00:49:28.429Z,"9 km W of Molagavita, Colombia",earthquake,,6,,12,reviewed,us,us
1991-10-30T13:10:15.620Z,42.368,23.876,10,2.8,md,,,,0.7,us,usp0004ymc,2014-11-07T00:49:28.426Z,"8 km SE of Ihtiman, Bulgaria",earthquake,,,,,reviewed,us,the
1991-10-30T12:49:20.160Z,14.66,-60.102,31.4,2.9,ml,,,,0.7,us,usp0004ym9,2014-11-07T00:49:28.421Z,"80 km E of Le Vauclin, Martinique",earthquake,,15.1,,,reviewed,us,fdf
1991-10-30T12:42:06.070Z,36.497,141.558,33,4,mb,,,,0.8,us,usp0004ym8,2014-11-07T00:49:28.420Z,"79 km ESE of Takahagi, Japan",earthquake,,,,2,reviewed,us,us
1991-10-30T10:35:41.440Z,-15.31,-173.187,17.8,6.2,mwb,,,,1.2,us,usp0004ym4,2022-04-28T17:24:22.195Z,"96 km NE of Hihifo, Tonga",earthquake,,,,,reviewed,us,us
1991-10-30T09:01:58.490Z,9.696,-82.197,10,4.6,mb,,,,1.1,us,usp0004ym2,2014-11-07T00:49:28.364Z,"38 km N of Bastimentos, Panama",earthquake,,,,11,reviewed,us,us
1991-10-30T06:57:03.580Z,4.862,126.366,104.2,4.7,mb,,,,1,us,usp0004ym1,2014-11-07T00:49:28.362Z,"116 km ESE of Sarangani, Philippines",earthquake,,20.8,,7,reviewed,us,us
1991-10-30T04:57:38.980Z,3.432,-75.978,140,2.7,md,,,,0.2,us,usp0004ykz,2014-11-07T00:49:28.358Z,"29 km E of Pradera, Colombia",earthquake,,,,,reviewed,us,uvc
1991-10-30T04:56:21.900Z,-16.284,-173.478,33,5,mb,,,,1.2,us,usp0004yky,2014-11-07T00:49:28.352Z,"49 km SE of Hihifo, Tonga",earthquake,,,,8,reviewed,us,us
1991-10-30T04:22:10.070Z,-14.296,166.413,33,4.7,mb,,,,0.3,us,usp0004ykx,2014-11-07T00:49:28.350Z,"108 km NW of Port-Olry, Vanuatu",earthquake,,,,1,reviewed,us,us
1991-10-30T04:02:42.550Z,-5.657,153.899,69.1,5.5,mw,,,,1,us,usp0004ykw,2022-04-28T19:03:07.173Z,"190 km WNW of Panguna, Papua New Guinea",earthquake,,,,,reviewed,us,hrv
1991-10-30T03:17:13.960Z,-31.928,-72.219,27.5,4.5,md,,,,0.8,us,usp0004yku,2014-11-07T00:49:28.330Z,"104 km WSW of Illapel, Chile",earthquake,,5.4,,,reviewed,us,san
1991-10-30T02:33:42.840Z,44.988,9.929,10,2.8,ml,,,,0.8,us,usp0004ykt,2014-11-07T00:49:28.326Z,"0 km S of Cortemaggiore, Italy",earthquake,,,,,reviewed,us,ldg
1991-10-30T01:50:54.670Z,44.994,9.916,10,2.7,ml,,,,0.9,us,usp0004ykr,2014-11-07T00:49:28.323Z,"1 km WNW of Cortemaggiore, Italy",earthquake,,,,,reviewed,us,ldg
1991-10-30T01:04:02.460Z,59.8995,-152.3917,95.4,2.6,ml,,,,0.24,ak,ak991dx4ggae,2020-09-14T19:12:21.785Z,"34 km WNW of Anchor Point, Alaska",earthquake,,1,,,reviewed,ak,ak
1991-10-30T01:02:43.450Z,-7.106,154.855,30.9,5.2,mb,,,,1,us,usp0004ykp,2014-11-07T00:49:28.312Z,"111 km SW of Panguna, Papua New Guinea",earthquake,,,,17,reviewed,us,us
1991-10-30T01:01:34.100Z,38.106,20.848,55.8,4.1,mb,,,,1.1,us,usp0004ykn,2014-11-07T00:49:28.295Z,"8 km SE of Póros, Greece",earthquake,,7.9,,4,reviewed,us,us
1991-10-30T00:47:06.190Z,44.985,9.9,11.8,2.8,ml,,,,0.8,us,usp0004ykm,2014-11-07T00:49:28.291Z,"2 km WSW of Cortemaggiore, Italy",earthquake,,2.4,,,reviewed,us,ldg
1991-10-29T23:13:57.430Z,-16.184,167.99,177,5.6,mw,,,,0.9,us,usp0004ykk,2022-04-28T19:03:05.865Z,"62 km E of Lakatoro, Vanuatu",earthquake,,,,,reviewed,us,hrv
1991-10-29T21:46:18.770Z,-7.014,129.48,156.3,4.5,mb,,,,1.4,us,usp0004ykh,2014-11-07T00:49:28.268Z,"Kepulauan Babar, Indonesia",earthquake,,23,,5,reviewed,us,us
1991-10-29T21:18:25.070Z,39.7105,-110.7066667,5.25,3.02,md,13,196,0.133,0.14,uu,uu50060355,2018-08-28T04:27:30.440Z,"8 km ENE of Kenilworth, Utah",earthquake,0.97,0.82,,4,reviewed,uu,uu
1991-10-29T20:22:58.000Z,59.7712,-153.1655,115.3,3,ml,,,,0.17,ak,ak991dvscbgo,2020-09-14T19:12:22.604Z,"52 km E of Pedro Bay, Alaska",earthquake,,0.8,,,reviewed,ak,ak
1991-10-29T19:08:13.300Z,60.7405,-151.0017,16.9,3.2,ml,,,,0.27,ak,ak991dvrnsdu,2020-09-14T19:12:23.446Z,"Kenai Peninsula, Alaska",earthquake,,0.6,,,reviewed,ak,ak
1991-10-29T18:48:44.170Z,41.179,19.87,5,3.2,md,,,,1.2,us,usp0004ykb,2014-11-07T00:49:28.251Z,"9 km WSW of Krrabë, Albania",earthquake,,,,,reviewed,us,ath
1991-10-29T18:18:45.700Z,-7.7,158.941,33,4.7,mb,,,,1.2,us,usp0004yka,2014-11-07T00:49:28.249Z,"87 km NW of Buala, Solomon Islands",earthquake,,,,3,reviewed,us,us
1991-10-29T17:49:32.420Z,39.711,29.238,10,3.8,md,,,,0.8,us,usp0004yk9,2014-11-07T00:49:28.246Z,"22 km S of Keles, Turkey",earthquake,,,,,reviewed,us,ath
1991-10-29T16:53:19.820Z,31.899,-115.88,5.659,3.46,ml,0,245.8,,0.368,ci,ci2033021,2016-02-04T22:49:06.650Z,"68km ENE of Maneadero, B.C., MX",earthquake,,,,6,reviewed,ci,ci
1991-10-29T16:50:35.930Z,-6.6,130.806,104.5,5.2,mb,,,,1.1,us,usp0004yk6,2014-11-07T00:49:28.241Z,"240 km WSW of Tual, Indonesia",earthquake,,11.7,,2,reviewed,us,us
1991-10-29T16:30:20.260Z,37.273,106.032,33,4.6,mb,,,,1.3,us,usp0004yk5,2014-11-07T00:49:28.237Z,"134 km S of Yinchuan, China",earthquake,,,,13,reviewed,us,us
1991-10-29T15:49:35.070Z,42.037,20.17,9.9,3.4,md,,,,0.9,us,usp0004yk4,2014-11-07T00:49:28.233Z,"12 km ESE of Fushë-Arrëz, Albania",earthquake,,2.3,,,reviewed,us,ath
1991-10-29T15:35:50.940Z,41.977,20.1,10,2.6,ml,,,,1.2,us,usp0004yk3,2014-11-07T00:49:28.231Z,"11 km SE of Fushë-Arrëz, Albania",earthquake,,,,,reviewed,us,ttg
1991-10-29T15:26:24.610Z,11.285,-60.768,10,3.1,md,,,,0.5,us,usp0004yk2,2014-11-07T00:49:28.230Z,"11 km NNW of Scarborough, Trinidad and Tobago",earthquake,,,,,reviewed,us,trn
1991-10-29T14:50:11.960Z,34.015,-116.433,8.823,2.76,mc,0,50.5,,0.081,ci,ci2033009,2016-02-05T00:53:55.480Z,"9km NE of Desert Hot Springs, CA",earthquake,,0.078,,59,reviewed,ci,ci
1991-10-29T13:39:20.990Z,2.742,-76.065,20,3.2,md,,,,0.2,us,usp0004yjz,2014-11-07T00:49:28.224Z,"14 km NW of Belalcázar, Colombia",earthquake,,,,,reviewed,us,uvc
1991-10-29T12:50:08.250Z,43.448,5.407,10,2.6,ml,,,,0.6,us,usp0004yjy,2014-11-07T00:49:28.222Z,"0 km SW of Bouc-Bel-Air, France",earthquake,,,,,reviewed,us,str
1991-10-29T12:36:09.100Z,11.305,-60.817,10,3.8,md,,,,0.3,us,usp0004yjw,2014-11-07T00:49:28.219Z,"16 km NNW of Scarborough, Trinidad and Tobago",earthquake,,,,,reviewed,us,trn
1991-10-29T12:26:04.260Z,45.328,14.724,10,3.1,md,,,,1.2,us,usp0004yjv,2014-11-07T00:49:28.218Z,"2 km NNE of Fužine, Croatia",earthquake,,,,,reviewed,us,lju
1991-10-29T11:27:35.610Z,-3.94,131.368,33,4.5,mb,,,,1.2,us,usp0004yjt,2014-11-07T00:49:28.215Z,"241 km NW of Tual, Indonesia",earthquake,,,,4,reviewed,us,us
1991-10-29T10:46:46.680Z,10.818,-62.342,10,3.7,md,,,,0.2,us,usp0004yjs,2014-11-07T00:49:28.213Z,"27 km N of Güiria, Venezuela",earthquake,,,,,reviewed,us,trn
1991-10-29T09:24:40.070Z,44.012,148.245,79,5.2,mb,,,,0.8,us,usp0004yjp,2014-11-07T00:49:28.208Z,"124 km E of Shikotan, Russia",earthquake,,12.6,,4,reviewed,us,us
1991-10-29T06:49:33.940Z,40.821,22.942,10,2.8,md,,,,0.6,us,usp0004yjk,2014-11-07T00:49:28.203Z,"2 km SE of Néa Sánta, Greece",earthquake,,,,,reviewed,us,the
1991-10-29T06:46:48.910Z,5.067,-76.682,90,3.4,md,,,,0.5,us,usp0004yjj,2014-11-07T00:49:28.202Z,"4 km SW of Condoto, Colombia",earthquake,,,,,reviewed,us,uvc
1991-10-29T05:28:18.000Z,44.871,11.322,10,3.2,ml,,,,0.8,us,usp0004yjg,2014-11-07T00:49:28.199Z,"1 km SSW of Scortichino, Italy",earthquake,,,,,reviewed,us,vie
1991-10-29T05:23:02.810Z,38.42,21.982,10,3.1,md,,,,0.8,us,usp0004yjf,2014-11-07T00:49:28.197Z,"13 km N of Kamárai, Greece",earthquake,,,,,reviewed,us,ath
1991-10-29T04:25:29.260Z,63.5935,-149.936,134.6,2.5,ml,,,,0.15,ak,ak991dvitypq,2020-09-14T19:12:27.240Z,"52 km WSW of McKinley Park, Alaska",earthquake,,2.3,,,reviewed,ak,ak
1991-10-29T04:21:57.520Z,27.203,55.743,33,4.6,mb,,,,1.2,us,usp0004yjd,2014-11-07T00:49:28.193Z,"53 km W of Bandar Abbas, Iran",earthquake,,,,5,reviewed,us,us
1991-10-29T03:59:12.610Z,15.839,-60.839,33,2.7,ml,,,,0.7,us,usp0004yjc,2014-11-07T00:49:28.191Z,"51 km E of Grand-Bourg, Guadeloupe",earthquake,,,,,reviewed,us,fdf
1991-10-29T03:27:04.450Z,34.078,-117.247,12.222,3.3,ml,0,25.5,,0.208,ci,ci2032999,2016-02-04T22:59:52.060Z,"4km NNE of Loma Linda, CA",earthquake,,0.247,,31,reviewed,ci,ci
1991-10-29T02:32:58.110Z,-7.973,159.243,33,4.6,mb,,,,1.2,us,usp0004yj8,2014-11-07T00:49:28.183Z,"42 km WNW of Buala, Solomon Islands",earthquake,,,,3,reviewed,us,us
1991-10-29T00:53:20.200Z,45.895,2.97,5,2.6,ml,,,,0.8,us,usp0004yj4,2014-11-07T00:49:28.175Z,"2 km WSW of Charbonnières-les-Varennes, France",earthquake,,,,,reviewed,us,ldg
1991-10-29T00:47:14.890Z,36.381,-4.558,103.8,3.2,md,,,,0.6,us,usp0004yj3,2014-11-07T00:49:28.171Z,"18 km SSE of Fuengirola, Spain",earthquake,,6.8,,,reviewed,us,rba
1991-10-28T23:12:19.750Z,-7.495,154.36,171.9,4.4,mb,,,,1.3,us,usp0004yj1,2014-11-07T00:49:28.168Z,"180 km SW of Panguna, Papua New Guinea",earthquake,,13.9,,6,reviewed,us,us
1991-10-28T22:50:39.470Z,-16.327,178.005,10,4.8,mb,,,,1,us,usp0004yj0,2014-11-07T00:49:28.164Z,"138 km NNE of Ba, Fiji",earthquake,,,,4,reviewed,us,us
1991-10-28T22:36:06.210Z,4.403,-76.43,10,2.5,md,,,,0.8,us,usp0004yhz,2014-11-07T00:49:28.163Z,"24 km NNW of Trujillo, Colombia",earthquake,,,,,reviewed,us,uvc
1991-10-28T21:54:52.230Z,5.758,-82.479,33,4.5,mb,,,,1,us,usp0004yhy,2014-11-07T00:49:28.161Z,"251 km SSW of Río Grande, Panama",earthquake,,,,5,reviewed,us,us
1991-10-28T21:50:34.910Z,37.629,72.214,86.4,5.1,mb,,,,1,us,usp0004yhx,2014-11-07T00:49:28.148Z,"60 km ENE of Khorugh, Tajikistan",earthquake,,12.1,,56,reviewed,us,us
1991-10-28T20:58:26.100Z,41.07,-73.578,10,3,mblg,,,,,us,usp0004yhu,2014-11-07T00:49:28.144Z,"3 km WNW of Stamford, Connecticut",earthquake,,,,,reviewed,wes,wes
1991-10-28T20:18:14.680Z,29.816,142.306,33,4.3,mb,,,,1.2,us,usp0004yhs,2014-11-07T00:49:28.140Z,"Izu Islands, Japan region",earthquake,,,,8,reviewed,us,us
1991-10-28T20:16:17.630Z,4.701,-76.112,100,3,md,,,,0.5,us,usp0004yhr,2014-11-07T00:49:28.139Z,"2 km SSE of Argelia, Colombia",earthquake,,,,,reviewed,us,uvc
1991-10-28T19:56:29.740Z,4.903,-76.182,100,2.9,md,,,,0.4,us,usp0004yhq,2014-11-07T00:49:28.138Z,"5 km E of San José del Palmar, Colombia",earthquake,,,,,reviewed,us,uvc
1991-10-28T18:25:39.210Z,40.851,25.686,10,2.9,md,,,,0.9,us,usp0004yhn,2014-11-07T00:49:28.135Z,"16 km W of Alexandroupoli, Greece",earthquake,,,,,reviewed,us,the
1991-10-28T18:11:53.750Z,60.0262,-152.9345,111.5,2.8,ml,,,,0.25,ak,ak991du3jqjz,2020-09-14T19:12:28.566Z,"67 km W of Happy Valley, Alaska",earthquake,,1.6,,,reviewed,ak,ak
1991-10-28T17:52:12.060Z,1.134,96.792,33,5,mb,,,,1.5,us,usp0004yhj,2014-11-07T00:49:28.128Z,"155 km SSE of Sinabang, Indonesia",earthquake,,,,2,reviewed,us,us
1991-10-28T15:36:51.000Z,36.675,71.046,174.9,4.8,mb,,,,1,us,usp0004yhh,2014-11-07T00:49:28.127Z,"28 km SE of Jurm, Afghanistan",earthquake,,18.1,,4,reviewed,us,us
1991-10-28T14:59:42.830Z,-3.593,141.495,33,4,mb,,,,1.6,us,usp0004yhe,2014-11-07T00:49:28.123Z,"102 km SSE of Vanimo, Papua New Guinea",earthquake,,,,2,reviewed,us,us
1991-10-28T14:21:43.940Z,-7.114,129.096,158.1,3.8,mb,,,,1.2,us,usp0004yhd,2014-11-07T00:49:28.122Z,"278 km NE of Lospalos, Timor Leste",earthquake,,35.1,,2,reviewed,us,us
1991-10-28T14:15:16.870Z,38.764,21.781,10,3,md,,,,0.9,us,usp0004yhc,2014-11-07T00:49:28.120Z,"16 km S of Karpenísi, Greece",earthquake,,,,,reviewed,us,ath
1991-10-28T13:14:34.080Z,59.938,6.058,10,3,md,,,,0.9,us,usp0004yhb,2014-11-07T00:49:28.118Z,"5 km SSE of Rosendal, Norway",earthquake,,,,,reviewed,us,ber
1991-10-28T12:31:20.310Z,42.508,24.078,10,2.9,md,,,,0.6,us,usp0004yha,2014-11-07T00:49:28.117Z,"9 km W of Panagyurishte, Bulgaria",earthquake,,,,,reviewed,us,the
1991-10-28T12:30:39.720Z,3.446,-76.245,120,2.6,md,,,,0.5,us,usp0004yh9,2014-11-07T00:49:28.116Z,"2 km N of Pradera, Colombia",earthquake,,,,,reviewed,us,uvc
1991-10-28T11:47:24.690Z,34.137,46.865,35.9,4.5,mb,,,,1.4,us,usp0004yh5,2014-11-07T00:49:28.108Z,"26 km SW of Kermanshah, Iran",earthquake,,9.1,,5,reviewed,us,us
1991-10-28T11:30:36.750Z,-2.622,134.461,33,4.6,mb,,,,1.2,us,usp0004yh4,2014-11-07T00:49:28.106Z,"141 km NW of Nabire, Indonesia",earthquake,,,,4,reviewed,us,us
1991-10-28T10:39:24.300Z,37.4245,-118.6165,10.905,3,ml,23,116,0.08288,0.04,nc,nc235502,2016-12-18T19:43:44.900Z,"2 km WNW of Round Valley, California",earthquake,0.36,1.25,,0,reviewed,nc,nc
1991-10-28T10:36:27.900Z,44.184,12.224,10,3.5,ml,,,,0.9,us,usp0004yh1,2014-11-07T00:49:28.098Z,"2 km SE of Santa Maria Nuova, Italy",earthquake,,,,,reviewed,us,vie
1991-10-28T10:28:43.300Z,-4.817,143.826,140.4,4.4,mb,,,,0.3,us,usp0004ygz,2014-11-07T00:49:28.096Z,"75 km N of Wabag, Papua New Guinea",earthquake,,21.9,,3,reviewed,us,us
1991-10-28T08:38:40.770Z,28.212,51.343,10,4,mb,,,,0.8,us,usp0004ygy,2014-11-07T00:49:28.094Z,"97 km SSE of Bushehr, Iran",earthquake,,,,2,reviewed,us,us
1991-10-28T08:06:07.670Z,-5.599,152.121,49.3,5.3,mb,,,,1,us,usp0004ygx,2014-11-07T00:49:28.092Z,"139 km S of Kokopo, Papua New Guinea",earthquake,,14.4,,3,reviewed,us,us
1991-10-28T05:56:04.370Z,35.559,-118.429,8.39,2.61,mc,0,133.2,,0.073,ci,ci154063,2016-02-04T22:15:07.360Z,"6km ESE of Bodfish, CA",earthquake,,0.459,,34,reviewed,ci,ci
1991-10-28T05:50:57.170Z,-5.98,151.934,163.2,4.6,mb,,,,1.5,us,usp0004ygu,2014-11-07T00:49:28.088Z,"184 km SSW of Kokopo, Papua New Guinea",earthquake,,26.9,,2,reviewed,us,us
1991-10-28T05:32:09.870Z,40.3786667,-125.0793333,4.105,4,ml,111,248,0.5757,3.52,nc,nc235497,2016-12-18T19:43:13.853Z,"off the coast of Northern California",earthquake,11.8,24.74,,0,reviewed,nc,nc
1991-10-28T05:31:35.500Z,40.263,-128.318,5,3.5,mb,,,,,us,usp0004ygt,2014-11-07T00:49:28.086Z,"off the coast of Northern California",earthquake,,,,1,reviewed,brk,us
1991-10-28T03:35:59.290Z,33.986,26.687,10,3.8,md,,,,0.1,us,usp0004ygp,2014-11-07T00:49:28.081Z,"140 km SSE of Palekastro, Greece",earthquake,,,,,reviewed,us,ath
1991-10-28T03:33:33.170Z,5.883,-82.323,10,4.1,mb,,,,0.5,us,usp0004ygn,2014-11-07T00:49:28.079Z,"230 km SW of Arenas, Panama",earthquake,,,,1,reviewed,us,us
1991-10-28T02:59:17.800Z,19.4918333,-155.4473333,3.971,2.74,ml,43,45,,0.1,hv,hv388194,2020-03-31T18:54:47.950Z,"23 km WNW of Volcano, Hawaii",earthquake,0.28,0.91,0.15,1,reviewed,hv,hv
1991-10-28T02:34:56.470Z,44.16,21.277,10,3,m,,,,1.2,us,usp0004ygm,2014-11-07T00:49:28.078Z,"14 km E of Lapovo, Serbia",earthquake,,,,,reviewed,us,beo
1991-10-28T02:19:35.060Z,53.529,-164.531,33,4.8,mb,,,,0.8,us,usp0004ygk,2020-09-14T19:12:31.274Z,"106 km SE of Akutan, Alaska",earthquake,,,,34,reviewed,us,us
1991-10-28T02:15:25.250Z,39.0256667,-122.5868333,-0.831,2.63,md,32,39,0.07838,0.18,nc,nc235490,2016-12-18T19:42:58.180Z,"7 km E of Clearlake Oaks, California",earthquake,0.28,2.07,0.15,33,reviewed,nc,nc
1991-10-28T01:09:10.860Z,33.827,131.222,17,5.2,mw,,,,1.1,us,usp0004ygj,2022-04-28T19:03:03.758Z,"13 km SSW of Ube, Japan",earthquake,,,,,reviewed,us,hrv
1991-10-28T00:21:32.460Z,44.265,21.456,67.1,4.8,mb,,,,1.1,us,usp0004ygg,2014-11-07T00:49:28.041Z,"30 km ENE of Lapovo, Serbia",earthquake,,7,,23,reviewed,us,us
1991-10-28T00:16:10.250Z,34.714,-120.247,0.237,2.55,mc,0,103.4,,0.121,ci,ci2032906,2016-02-04T22:15:06.230Z,"4km SE of Los Alamos, CA",earthquake,,0.622,,6,reviewed,ci,ci
1991-10-27T23:17:37.950Z,64.8573,-149.037,17.2,2.5,ml,,,,0.22,ak,ak991dsj0t5v,2020-09-14T19:12:31.887Z,"28 km N of Four Mile Road, Alaska",earthquake,,1.2,,,reviewed,ak,ak
1991-10-27T23:06:04.610Z,-0.008,-16.659,10,4.8,mb,,,,1.3,us,usp0004ygd,2014-11-07T00:49:28.033Z,"north of Ascension Island",earthquake,,,,22,reviewed,us,us
1991-10-27T22:05:03.580Z,-57.761,-25.37,33,5.8,mw,,,,1,us,usp0004ygb,2022-04-28T19:02:57.015Z,"South Sandwich Islands region",earthquake,,,,,reviewed,us,hrv
1991-10-27T22:03:09.460Z,-2.577,126.303,56.8,5.4,ms,,,,0.9,us,usp0004yga,2014-11-07T00:49:28.016Z,"242 km WNW of Ambon, Indonesia",earthquake,,11.3,,1,reviewed,us,us
1991-10-27T20:57:10.190Z,-3.084,152.512,33,4.8,mb,,,,1.2,us,usp0004yg8,2014-11-07T00:49:28.013Z,"129 km NNE of Rabaul, Papua New Guinea",earthquake,,,,2,reviewed,us,us
1991-10-27T20:54:05.780Z,33.647,-116.745,12.032,3.74,ml,0,34.8,,0.227,ci,ci2032895,2016-02-04T22:49:05.920Z,"11km SSW of Idyllwild, CA",earthquake,,0.325,,38,reviewed,ci,ci
1991-10-27T20:40:36.600Z,10.318,125.207,33,4.8,mb,,,,0.8,us,usp0004yg6,2014-11-07T00:49:28.008Z,"6 km SW of Hinundayan, Philippines",earthquake,,,,10,reviewed,us,us
1991-10-27T20:35:06.540Z,44.339,7.216,10,2.5,ml,,,,0.5,us,usp0004yg5,2014-11-07T00:49:28.005Z,"2 km N of Aisone, Italy",earthquake,,,,,reviewed,us,ldg
1991-10-27T19:33:39.770Z,-26.919,26.793,5,3.9,mblg,,,,1.5,us,usp0004yg2,2014-11-07T00:49:27.999Z,"8 km SSE of Stilfontein, South Africa",earthquake,,,,,reviewed,us,bul
1991-10-27T18:57:13.240Z,18.302,-99.253,55.5,3.9,mb,,,,1.1,us,usp0004yg1,2014-11-07T00:49:27.997Z,"7 km NW of San Miguel de las Palmas, Mexico",earthquake,,13.1,,1,reviewed,us,us
1991-10-27T17:53:12.310Z,57.609,-143.104,10,3.7,ml,,,,,us,usp0004yg0,2020-09-14T19:12:33.188Z,"291 km SW of Yakutat, Alaska",earthquake,,,,,reviewed,aei,aei
1991-10-27T16:18:22.380Z,44.643,-114.135,5,3.6,ml,,,,0.6,us,usp0004yfy,2014-11-07T00:49:27.990Z,"17 km NNE of Challis, Idaho",earthquake,,,,,reviewed,us,gs/
1991-10-27T16:17:31.060Z,-22.086,-67.4,178.4,5.5,mw,,,,0.9,us,usp0004yfx,2025-12-19T20:53:22.262Z,"123 km NE of San Pedro de Atacama, Chile",earthquake,,,,,reviewed,us,hrv
1991-10-27T14:08:12.080Z,72.149,-1.142,10,3.3,md,,,,0.8,us,usp0004yfv,2014-11-07T00:49:27.965Z,"Jan Mayen Island region",earthquake,,,,,reviewed,us,ber
1991-10-27T13:55:12.960Z,2.814,-75.255,60,3.7,md,,,,1.1,us,usp0004yfu,2014-11-07T00:49:27.964Z,"4 km N of Rivera, Colombia",earthquake,,,,,reviewed,us,uvc
1991-10-27T13:19:56.150Z,29.5,79.049,33,3.9,ml,,,,0.7,us,usp0004yft,2014-11-07T00:49:27.962Z,"14 km NNW of R?mnagar, India",earthquake,,,,,reviewed,us,ndi
1991-10-27T12:47:38.550Z,28.419,51.229,33,4,mb,,,,1.5,us,usp0004yfs,2014-11-07T00:49:27.961Z,"72 km SSE of Bushehr, Iran",earthquake,,,,2,reviewed,us,us
1991-10-27T12:22:57.680Z,-5.25,152.67,58.3,4.6,mb,,,,0.2,us,usp0004yfr,2014-11-07T00:49:27.959Z,"109 km SSE of Kokopo, Papua New Guinea",earthquake,,15.9,,2,reviewed,us,us
1991-10-27T12:08:43.550Z,61.61,-150.5773,12.6,2.7,ml,,,,0.41,ak,ak991dscf4hv,2020-09-14T19:12:33.893Z,"8 km NNW of Susitna, Alaska",earthquake,,0.5,,,reviewed,ak,ak
1991-10-27T10:22:46.550Z,-5.198,152.691,64,5.7,mw,,,,1,us,usp0004yfp,2022-04-28T19:02:54.335Z,"105 km SSE of Kokopo, Papua New Guinea",earthquake,,,,,reviewed,us,hrv
1991-10-27T09:05:04.230Z,-18.696,-177.855,432.2,4.8,mb,,,,1.1,us,usp0004yfn,2014-11-07T00:49:27.926Z,"Fiji region",earthquake,,6.6,,24,reviewed,us,us
1991-10-27T07:01:23.270Z,40.198,63.054,38.7,5,mb,,,,0.9,us,usp0004yfg,2022-04-28T19:02:52.841Z,"35 km WNW of Gazli, Uzbekistan",earthquake,,,,62,reviewed,us,us
1991-10-27T06:38:07.630Z,31.79,130.884,135.6,4.6,mb,,,,0.9,us,usp0004yff,2014-11-07T00:49:27.907Z,"12 km ENE of Kokubu-matsuki, Japan",earthquake,,14.1,,13,reviewed,us,us
1991-10-27T06:33:54.360Z,63.5182,-150.0053,138.3,2.6,ml,,,,0.11,ak,ak991ds8zwlo,2020-09-14T19:12:34.320Z,"54 km WNW of Cantwell, Alaska",earthquake,,2.6,,,reviewed,ak,ak
1991-10-27T06:10:06.880Z,36.0201667,-120.5808333,4.638,2.53,md,57,42,0.04505,0.08,nc,nc235462,2016-12-18T19:40:56.380Z,"18 km NW of Parkfield, California",earthquake,0.15,0.21,0.11,72,reviewed,nc,nc
1991-10-27T05:43:51.550Z,-4.884,151.286,186,4.3,mb,,,,1.2,us,usp0004yfd,2014-11-07T00:49:27.905Z,"123 km SW of Rabaul, Papua New Guinea",earthquake,,15.5,,4,reviewed,us,us
1991-10-27T05:06:45.980Z,35.963,141.38,28.6,5.2,mb,,,,0.9,us,usp0004yfa,2014-11-07T00:49:27.877Z,"55 km ENE of Hasaki, Japan",earthquake,,,,72,reviewed,us,us
1991-10-27T04:46:10.860Z,-32.251,-72.013,33,4.1,md,,,,0.5,us,usp0004yf9,2014-11-07T00:49:27.845Z,"76 km WNW of La Ligua, Chile",earthquake,,,,,reviewed,us,san
1991-10-27T04:00:05.020Z,35.72,-2.837,10,2.8,mblg,,,,0.3,us,usp0004yf7,2014-11-07T00:49:27.819Z,"48 km N of Melilla, Spain",earthquake,,,,,reviewed,us,mdd
1991-10-27T03:21:17.600Z,49.51,-117.61,7,3.3,md,,,,,us,usp0004yf6,2016-07-23T22:38:06.820Z,"21 km N of Castlegar, Canada",earthquake,,,,,reviewed,pgc,sea
1991-10-27T02:33:55.600Z,61.2497,-151.0367,61.7,2.6,ml,,,,0.25,ak,ak991ds6m6a0,2020-09-14T19:12:35.065Z,"12 km NNE of Beluga, Alaska",earthquake,,0.9,,,reviewed,ak,ak
1991-10-27T02:12:27.170Z,19.358,-155.0828333,8.416,3,ml,51,83,,0.1,hv,hv388103,2020-03-31T18:54:46.880Z,"13 km SSE of Fern Forest, Hawaii",earthquake,0.41,0.3,0.07,2,reviewed,hv,hv
1991-10-27T01:54:25.580Z,-10.607,119.302,33,4.6,mb,,,,1.5,us,usp0004yf2,2014-11-07T00:49:27.807Z,"148 km SW of Waingapu, Indonesia",earthquake,,,,3,reviewed,us,us
1991-10-27T00:55:01.300Z,40.296,25.28,5,2.9,md,,,,1,us,usp0004yez,2014-11-07T00:49:27.802Z,"Aegean Sea",earthquake,,,,,reviewed,us,the
1991-10-27T00:40:23.370Z,30.434,78.549,33,4.2,mb,,,,0.7,us,usp0004yey,2014-11-07T00:49:27.801Z,"Uttaranchal, India",earthquake,,,,3,reviewed,us,us
1991-10-27T00:34:27.040Z,17.789,-61.027,33,3.1,ml,,,,0.5,us,usp0004yex,2014-11-07T00:49:27.799Z,"87 km ENE of Codrington, Antigua and Barbuda",earthquake,,,,,reviewed,us,fdf
1991-10-27T00:31:33.640Z,41.906,-126.835,10,4.6,mb,,,,1,us,usp0004yew,2016-12-18T19:40:25.772Z,"206 km WSW of Pistol River, Oregon",earthquake,,,,22,reviewed,us,us
1991-10-27T00:04:49.350Z,-35.568,-178.82,99.5,5.2,mb,,,,1,us,usp0004yev,2014-11-07T00:49:27.788Z,"east of the North Island of New Zealand",earthquake,,25.7,,2,reviewed,us,us
1991-10-26T23:36:03.060Z,3.939,-76.314,110,2.7,md,,,,0.5,us,usp0004yet,2014-11-07T00:49:27.785Z,"Colombia",earthquake,,,,,reviewed,us,uvc
1991-10-26T23:23:30.420Z,40.669,23.435,10,2.7,md,,,,0.5,us,usp0004yes,2014-11-07T00:49:27.783Z,"4 km N of Néa Apollonía, Greece",earthquake,,,,,reviewed,us,the
1991-10-26T22:57:21.050Z,11.054,-62.172,33,3.4,md,,,,1,us,usp0004yer,2014-11-07T00:49:27.781Z,"54 km NNE of Güiria, Venezuela",earthquake,,,,,reviewed,us,trn
1991-10-26T21:41:05.300Z,43.861,39.507,33,4,mb,,,,1.3,us,usp0004yeq,2014-11-07T00:49:27.780Z,"14 km NNW of Vardane, Russia",earthquake,,,,3,reviewed,us,us
1991-10-26T20:36:39.040Z,-6.115,151.463,58.4,4.3,mb,,,,1.1,us,usp0004yen,2014-11-07T00:49:27.777Z,"159 km ESE of Kimbe, Papua New Guinea",earthquake,,31.1,,2,reviewed,us,us
1991-10-26T20:31:03.480Z,33.172,48.184,33,4.1,mb,,,,0.7,us,usp0004yem,2014-11-07T00:49:27.776Z,"37 km SSE of Vas??n, Iran",earthquake,,,,2,reviewed,us,us
1991-10-26T20:18:23.910Z,44.748,2.859,10,3.1,ml,,,,0.6,us,usp0004yek,2014-11-07T00:49:27.772Z,"France",earthquake,,,,,reviewed,us,str
1991-10-26T20:17:05.120Z,33.011,-115.825,3.234,2.58,mc,0,59.9,,0.146,ci,ci2032825,2016-02-04T22:59:51.200Z,"19km W of Westmorland, CA",earthquake,,0.047,,30,reviewed,ci,ci
1991-10-26T18:18:05.830Z,-5.111,143.634,122.8,3.6,mb,,,,0.1,us,usp0004yef,2014-11-07T00:49:27.766Z,"43 km NNW of Wabag, Papua New Guinea",earthquake,,18.4,,2,reviewed,us,us
1991-10-26T17:47:48.040Z,-11.968,123.959,33,3.7,mb,,,,1,us,usp0004yeb,2014-11-07T00:49:27.759Z,"202 km S of Kupang, Indonesia",earthquake,,,,2,reviewed,us,us
1991-10-26T17:18:05.400Z,4.467,-76.222,120,3.1,md,,,,0.5,us,usp0004ye8,2014-11-07T00:49:27.755Z,"4 km SSE of El Dovio, Colombia",earthquake,,,,,reviewed,us,uvc
1991-10-26T17:17:57.550Z,58.3292,-153.0533,71,2.9,ml,,,,0.26,ak,ak991dqrwwjv,2020-09-14T19:12:37.155Z,"31 km NNW of Aleneva, Alaska",earthquake,,2,,,reviewed,ak,ak
1991-10-26T17:08:20.220Z,13.911,-91,33,4.2,mb,,,,1.1,us,usp0004ye6,2014-11-07T00:49:27.749Z,"19 km W of Puerto San José, Guatemala",earthquake,,,,4,reviewed,us,us
1991-10-26T16:42:31.350Z,1.624,127.364,33,4.6,mb,,,,0.9,us,usp0004ye3,2014-11-07T00:49:27.745Z,"72 km W of Tobelo, Indonesia",earthquake,,,,2,reviewed,us,us
1991-10-26T15:36:40.970Z,42.085,144.229,66.3,4.5,mb,,,,0.9,us,usp0004ye1,2014-11-07T00:49:27.740Z,"99 km S of Kushiro, Japan",earthquake,,5.8,,7,reviewed,us,us
1991-10-26T14:42:13.620Z,40.3511667,-124.4343333,19.296,3.6,ml,14,244,0.1414,0.05,nc,nc235430,2016-12-18T19:39:40.930Z,"28 km SSW of Ferndale, California",earthquake,1.25,0.26,,0,reviewed,nc,nc
1991-10-26T14:28:03.150Z,24.78,97.21,33,4.5,mb,,,,1.3,us,usp0004yds,2014-11-07T00:49:27.728Z,"58 km N of Bhamo, Myanmar",earthquake,,,,5,reviewed,us,us
1991-10-26T14:24:54.090Z,3.855,-76.121,33,2.7,md,,,,1.4,us,usp0004ydr,2014-11-07T00:49:27.727Z,"18 km NW of La Cumbre, Colombia",earthquake,,,,,reviewed,us,uvc
1991-10-26T14:08:36.800Z,-6.97,130.005,177.4,4.4,mb,,,,1.2,us,usp0004ydq,2014-11-07T00:49:27.725Z,"Banda Sea",earthquake,,20.5,,2,reviewed,us,us
1991-10-26T13:37:02.320Z,3.395,-76.83,90,2.9,md,,,,0.4,us,usp0004ydp,2014-11-07T00:49:27.724Z,"28 km SE of Buenaventura, Colombia",earthquake,,,,,reviewed,us,uvc
1991-10-26T12:43:37.940Z,44.168,12.204,12.1,3.2,ml,,,,0.9,us,usp0004ydj,2014-11-07T00:49:27.714Z,"3 km E of Panighina, Italy",earthquake,,2.5,,,reviewed,us,vie
1991-10-26T12:10:48.060Z,-14.922,167.331,157,4.9,mb,,,,1.1,us,usp0004ydg,2014-11-07T00:49:27.703Z,"30 km ENE of Port-Olry, Vanuatu",earthquake,,11.9,,28,reviewed,us,us
1991-10-26T11:27:36.760Z,-3.056,139.289,33,4.6,mb,,,,0.4,us,usp0004ydd,2014-11-07T00:49:27.699Z,"157 km WSW of Abepura, Indonesia",earthquake,,,,2,reviewed,us,us
1991-10-26T10:35:31.510Z,28.988,130.212,33,4,mb,,,,1.2,us,usp0004ydc,2014-11-07T00:49:27.697Z,"99 km NE of Naze, Japan",earthquake,,,,2,reviewed,us,us
1991-10-26T09:35:28.810Z,39.3303333,-111.1305,8.2,2.68,md,8,88,0.3169,0.19,uu,uu50060310,2018-08-28T04:27:25.960Z,"13 km NNW of Orangeville, Utah",earthquake,0.75,6.04,,4,reviewed,uu,uu
1991-10-26T08:44:15.180Z,12.271,126.89,33,4.6,mb,,,,0.5,us,usp0004yda,2014-11-07T00:49:27.694Z,"150 km E of San Policarpo, Philippines",earthquake,,,,7,reviewed,us,us
1991-10-26T08:37:40.680Z,61.724,-150.5518,49.2,2.7,ml,,,,0.21,ak,ak991dqmo94k,2020-09-14T19:12:38.333Z,"20 km N of Susitna, Alaska",earthquake,,1,,,reviewed,ak,ak
1991-10-26T08:13:23.390Z,19.9005,-155.9018333,36.836,2.76,ml,42,204,,0.1,hv,hv388041,2020-03-31T18:54:46.250Z,"10 km SW of Puako, Hawaii",earthquake,1.19,1.3,,1,reviewed,hv,hv
1991-10-26T05:27:59.650Z,7.359,-34.869,10,5.4,mw,,,,0.9,us,usp0004yd2,2025-12-19T20:53:21.538Z,"central Mid-Atlantic Ridge",earthquake,,,,,reviewed,us,hrv
1991-10-26T05:27:56.260Z,41.81,20.126,10,2.7,ml,,,,0.8,us,usp0004yd1,2014-11-07T00:49:27.665Z,"4 km NE of Kurbnesh, Albania",earthquake,,,,,reviewed,us,ttg
1991-10-26T03:52:05.310Z,44.181,12.169,9.3,3,ml,,,,1,us,usp0004ycy,2014-11-07T00:49:27.656Z,"1 km NNE of Panighina, Italy",earthquake,,2.8,,,reviewed,us,vie
1991-10-26T02:36:53.150Z,44.175,12.199,10,3,ml,,,,0.8,us,usp0004ycv,2014-11-07T00:49:27.649Z,"2 km S of Santa Maria Nuova, Italy",earthquake,,,,,reviewed,us,ldg
1991-10-26T02:27:31.570Z,18.506,145.668,192,6,mwb,,,,1.1,us,usp0004ycu,2022-04-28T19:02:51.032Z,"Pagan region, Northern Mariana Islands",earthquake,,,,,reviewed,us,us
1991-10-26T02:25:20.470Z,44.157,12.19,18.3,3.3,ml,,,,1,us,usp0004yct,2014-11-07T00:49:27.615Z,"2 km SE of Panighina, Italy",earthquake,,3,,,reviewed,us,vie
1991-10-26T01:48:42.320Z,46.137,6.377,10,2.6,ml,,,,1.1,us,usp0004ycr,2014-11-07T00:49:27.610Z,"0 km N of Peillonnex, France",earthquake,,,,,reviewed,us,ldg
1991-10-26T01:44:25.170Z,60.0463,-153.123,122.3,3.1,ml,,,,0.23,ak,ak991dqijoph,2020-09-14T19:12:40.836Z,"62 km ENE of Pedro Bay, Alaska",earthquake,,1.4,,,reviewed,ak,ak
1991-10-26T01:11:17.620Z,34.489,33.107,26.2,4,mb,,,,1.3,us,usp0004ycm,2014-11-07T00:49:27.599Z,"22 km SSE of Limassol, Cyprus",earthquake,,14.3,,7,reviewed,us,us
1991-10-25T23:46:17.170Z,64.686,-137.635,3.3,3.3,ml,,,,,us,usp0004ycg,2020-09-14T19:12:41.687Z,"111 km NE of Dawson City, Canada",earthquake,,,,,reviewed,aei,aei
1991-10-25T23:22:53.480Z,62.4493,-150.7698,88,3,ml,,,,0.27,ak,ak991dp7z7yc,2020-09-14T19:12:42.034Z,"5 km S of Petersville, Alaska",earthquake,,9.1,,,reviewed,ak,ak
1991-10-25T21:51:31.120Z,54.583,161.903,53,4.6,mb,,,,0.7,us,usp0004yca,2014-11-07T00:49:27.580Z,"183 km SE of Atlasovo, Russia",earthquake,,,,25,reviewed,us,us
1991-10-25T21:24:41.270Z,38.331,22.227,35.6,4.6,mb,,,,1.1,us,usp0004yc9,2014-11-07T00:49:27.559Z,"13 km NE of Témeni, Greece",earthquake,,3.6,,45,reviewed,us,us
1991-10-25T21:06:04.010Z,-38.202,175.949,228.7,4.6,mb,,,,1.2,us,usp0004yc8,2014-11-07T00:49:27.552Z,"8 km ENE of Tokoroa, New Zealand",earthquake,,3.6,,15,reviewed,us,us
1991-10-25T20:23:57.040Z,36.654,-121.2725,5.156,2.66,md,68,39,0.01351,0.05,nc,nc235410,2016-12-18T19:37:15.950Z,"15 km SSE of Tres Pinos, California",earthquake,0.1,0.27,0.14,57,reviewed,nc,nc
1991-10-25T18:48:41.090Z,47.087,4.772,10,3.2,ml,,,,1.2,us,usp0004yc4,2014-11-07T00:49:27.542Z,"4 km NW of Savigny-lès-Beaune, France",earthquake,,,,,reviewed,us,ldg
1991-10-25T18:40:31.670Z,4.23,-76.781,75,3.9,md,,,,0.7,us,usp0004yc3,2014-11-07T00:49:27.541Z,"46 km NW of Darien, Colombia",earthquake,,,,,reviewed,us,uvc
1991-10-25T18:34:36.740Z,40.675,23.4,10,2.5,md,,,,0.4,us,usp0004yc2,2014-11-07T00:49:27.539Z,"6 km NNW of Néa Apollonía, Greece",earthquake,,,,,reviewed,us,the
1991-10-25T18:05:21.260Z,41.289,23.297,10,4.1,mb,,,,1.1,us,usp0004yc1,2014-11-07T00:49:27.532Z,"1 km N of Néo Petrítsi, Greece",earthquake,,,,5,reviewed,us,us
1991-10-25T17:13:37.090Z,-5.381,146.725,159.7,4.6,mb,,,,0.6,us,usp0004ybz,2014-11-07T00:49:27.527Z,"105 km E of Madang, Papua New Guinea",earthquake,,4.9,,11,reviewed,us,us
1991-10-25T16:52:55.860Z,40.683,23.359,10,3.3,md,,,,1,us,usp0004yby,2014-11-07T00:49:27.524Z,"7 km SSW of Askós, Greece",earthquake,,,,,reviewed,us,the
1991-10-25T15:42:06.260Z,47.1233333,-123.6175,38.025,3.4,md,44,117,0.2647,0.22,uw,uw10283153,2016-07-23T22:37:56.410Z,"14 km ENE of Aberdeen Gardens, Washington",earthquake,0.05,0.05,0.02,25,reviewed,uw,uw
1991-10-25T15:05:55.860Z,41.1218333,-123.3655,30.05,2.51,md,8,109,0.1703,0.04,nc,nc247103,2016-12-18T19:36:11.580Z,"30 km NE of Willow Creek, California",earthquake,0.53,1.33,0.13,6,reviewed,nc,nc
1991-10-25T14:40:39.880Z,23.788,122.952,26.8,5.2,mb,,,,1,us,usp0004ybt,2014-11-07T00:49:27.500Z,"75 km S of Yonakuni, Japan",earthquake,,4.2,,57,reviewed,us,us
1991-10-25T14:19:55.600Z,35.361,-117.659,11.222,3.09,mc,0,70.5,,0.036,ci,ci2032667,2016-02-04T23:45:54.800Z,"3km WSW of Johannesburg, CA",earthquake,,0.247,,9,reviewed,ci,ci
1991-10-25T13:48:21.590Z,13.399,120.437,22.7,5.2,mb,,,,1,us,usp0004ybr,2022-04-28T19:02:45.435Z,"3 km SW of Paluan, Philippines",earthquake,,,,44,reviewed,us,us
1991-10-25T13:41:39.080Z,34.173,-116.93,12.797,2.61,ml,0,53.3,,0.129,ci,ci2032666,2016-02-04T23:23:06.220Z,"8km SSW of Big Bear Lake, CA",earthquake,,0.054,,4,reviewed,ci,ci
1991-10-25T13:25:39.140Z,48.787,154.863,33,4.7,mb,,,,0.7,us,usp0004ybq,2014-11-07T00:49:27.482Z,"228 km SSW of Severo-Kuril’sk, Russia",earthquake,,,,19,reviewed,us,us
1991-10-25T13:25:02.660Z,-31.479,-177.773,33,5.4,mw,,,,1.2,us,usp0004ybp,2025-12-19T20:53:20.691Z,"Kermadec Islands region",earthquake,,,,,reviewed,us,hrv
1991-10-25T12:42:10.570Z,-28.554,-71.91,33,4.8,mb,,,,1.2,us,usp0004ybn,2014-11-07T00:49:27.472Z,"112 km W of Vallenar, Chile",earthquake,,,,5,reviewed,us,us
1991-10-25T11:30:02.040Z,43.746,7.624,10,2.5,ml,,,,1.1,us,usp0004ybm,2014-11-07T00:49:27.470Z,"4 km SSW of Vallecrosia, Italy",earthquake,,,,,reviewed,us,ldg
1991-10-25T11:02:01.410Z,59.2322,-136.2808,-3,3.1,ml,,,,0.47,ak,ak991dp0pmct,2020-09-14T19:12:45.673Z,"25 km SW of Covenant Life, Alaska",earthquake,,5.2,,,reviewed,ak,ak
1991-10-25T10:39:01.380Z,43.301,144.351,98.1,5.5,mwb,,,,0.8,us,usp0004ybg,2025-12-19T20:53:19.870Z,"36 km N of Kushiro, Japan",earthquake,,,,,reviewed,us,us
1991-10-25T10:08:50.300Z,-33.229,-72.123,42.8,4.7,mb,,,,0.9,us,usp0004ybe,2014-11-07T00:49:27.410Z,"50 km WSW of Valparaíso, Chile",earthquake,,7.9,,7,reviewed,us,us
1991-10-25T09:48:28.920Z,34.636,-118.584,8.622,2.92,ml,0,36.1,,0.174,ci,ci2032660,2016-02-05T00:42:35.360Z,"14km WSW of Lake Hughes, CA",earthquake,,0.063,,8,reviewed,ci,ci
1991-10-25T09:18:41.400Z,19.108,-107.88,10,4,mb,,,,0.8,us,usp0004ybb,2014-11-07T00:49:27.405Z,"273 km WSW of La Cruz de Loreto, Mexico",earthquake,,,,7,reviewed,us,us
1991-10-25T09:03:42.720Z,35.8123333,-121.3321667,7.524,2.58,md,53,166,0.04144,0.09,nc,nc235384,2016-12-18T19:35:35.370Z,"22 km NW of San Simeon, California",earthquake,0.26,0.27,0.13,85,reviewed,nc,nc
1991-10-25T08:43:42.000Z,61.5182,-147.8617,30.3,2.6,ml,,,,0.37,ak,ak991doz6714,2020-09-14T19:12:47.234Z,"34 km SSW of Glacier View, Alaska",earthquake,,1.5,,,reviewed,ak,ak
1991-10-25T08:22:37.300Z,35.745,-116.541,5.278,2.98,mc,0,236.9,,0.176,ci,ci2032657,2016-02-04T22:26:21.440Z,"31km WSW of Tecopa, CA",earthquake,,,,55,reviewed,ci,ci
1991-10-25T08:06:29.270Z,-23.833,-179.978,542.7,4.7,mb,,,,1,us,usp0004yb8,2014-11-07T00:49:27.393Z,"south of the Fiji Islands",earthquake,,19,,15,reviewed,us,us
1991-10-25T07:33:58.550Z,3.895,-76.078,33,2.8,md,,,,1,us,usp0004yb7,2014-11-07T00:49:27.392Z,"20 km ESE of San Pedro, Colombia",earthquake,,,,,reviewed,us,uvc
1991-10-25T07:22:08.080Z,-41.075,44.177,10,4.8,mb,,,,1.2,us,usp0004yb6,2014-11-07T00:49:27.389Z,"Crozet Islands region",earthquake,,,,13,reviewed,us,us
1991-10-25T07:10:32.840Z,63.5038,-150.546,17.9,2.5,ml,,,,0.27,ak,ak991doydo38,2020-09-14T19:12:48.069Z,"58 km E of Denali National Park, Alaska",earthquake,,0.3,,,reviewed,ak,ak
1991-10-25T05:44:23.950Z,41.276,20.914,14.4,3.6,ml,,,,1.1,us,usp0004yb4,2014-11-07T00:49:27.382Z,"7 km ESE of Bel?išta, North Macedonia",earthquake,,2.3,,,reviewed,us,ttg
1991-10-25T05:22:06.100Z,-0.757,127.421,33,5.1,mb,,,,1,us,usp0004yb3,2014-11-07T00:49:27.379Z,"165 km S of Sofifi, Indonesia",earthquake,,,,13,reviewed,us,us
1991-10-25T04:08:38.810Z,36.005,69.92,104.1,4.4,mb,,,,0.5,us,usp0004yb0,2014-11-07T00:49:27.373Z,"63 km S of Farkh?r, Afghanistan",earthquake,,20.4,,6,reviewed,us,us
1991-10-25T01:52:34.070Z,31.607,57.231,72.2,4.2,mb,,,,0.9,us,usp0004yay,2014-11-07T00:49:27.370Z,"55 km NE of R?var, Iran",earthquake,,9.5,,7,reviewed,us,us
1991-10-24T23:12:20.650Z,-2.695,101.106,51.8,5.1,mb,,,,1.1,us,usp0004yaw,2014-11-07T00:49:27.231Z,"77 km SSW of Sungai Penuh, Indonesia",earthquake,,,,28,reviewed,us,us
1991-10-24T23:01:12.560Z,37.241,-4.066,10,2.6,mblg,,,,1.2,us,usp0004yav,2014-11-07T00:49:27.207Z,"5 km NNW of Huétor-Tájar, Spain",earthquake,,,,,reviewed,us,mdd
1991-10-24T22:58:23.730Z,4.341,-76.43,50,2.9,md,,,,0.7,us,usp0004yau,2014-11-07T00:49:27.205Z,"18 km NW of Trujillo, Colombia",earthquake,,,,,reviewed,us,uvc
1991-10-24T21:20:32.080Z,60.9572,-150.6285,47,2.6,ml,,,,0.35,ak,ak991dnj8j60,2020-09-14T19:12:50.730Z,"5 km NE of Point Possession, Alaska",earthquake,,1.3,,,reviewed,ak,ak
1991-10-24T18:46:14.100Z,38.382,21.968,5,3.1,ml,,,,0.9,us,usp0004yaj,2014-11-07T00:49:27.189Z,"9 km NNW of Kamárai, Greece",earthquake,,,,,reviewed,us,ath
1991-10-24T18:21:22.360Z,36.879,22.912,10,3.2,ml,,,,0.2,us,usp0004yah,2014-11-07T00:49:27.187Z,"9 km NE of Moláoi, Greece",earthquake,,,,,reviewed,us,ath
1991-10-24T18:19:21.440Z,58.8448,-137.5965,-2.3,3.2,ml,,,,0.4,ak,ak991dnhfztc,2020-09-14T19:12:52.276Z,"102 km NW of Elfin Cove, Alaska",earthquake,,2.9,,,reviewed,ak,ak
1991-10-24T17:13:54.920Z,-6.792,105.823,85.1,4.6,mb,,,,1.2,us,usp0004yad,2014-11-07T00:49:27.180Z,"45 km S of Labuan, Indonesia",earthquake,,18.9,,3,reviewed,us,us
1991-10-24T16:38:42.990Z,45.355,21.256,33,3.3,m,,,,1.2,us,usp0004yab,2014-11-07T00:49:27.155Z,"0 km ENE of Denta, Romania",earthquake,,,,,reviewed,us,beo
1991-10-24T15:46:09.780Z,64.4517,-153.2328,-3,2.9,ml,,,,0.37,ak,ak991dnftgfm,2020-09-14T19:12:53.677Z,"77 km NW of Lake Minchumina, Alaska",earthquake,,2,,,reviewed,ak,ak
1991-10-24T15:32:48.680Z,40.455,-126.0655,10.202,3.1,ml,24,284,1.321,0.25,nc,nc235305,2016-12-18T19:33:17.787Z,"153 km W of Ferndale, California",earthquake,6.94,7.67,,0,reviewed,nc,nc
1991-10-24T15:22:57.660Z,15.433,-60.676,28.1,2.9,ml,,,,0.3,us,usp0004ya9,2014-11-07T00:49:27.150Z,"62 km E of Castle Bruce, Dominica",earthquake,,5,,,reviewed,us,fdf
1991-10-24T15:09:26.830Z,4.599,129.002,33,4.6,mb,,,,1.4,us,usp0004ya8,2014-11-07T00:49:27.148Z,"294 km NW of Tobi Village, Palau",earthquake,,,,7,reviewed,us,us
1991-10-24T15:00:03.500Z,5.058,-76.479,100,4.1,md,,,,0.6,us,usp0004ya7,2014-11-07T00:49:27.146Z,"18 km NE of Nóvita, Colombia",earthquake,,,,,reviewed,us,uvc
1991-10-24T14:38:20.360Z,61.0627,-152.779,191.9,4.4,mb,,,,0.24,ak,ak991dnf6bx0,2020-09-14T19:12:54.087Z,"88 km W of Tyonek, Alaska",earthquake,,1.8,,,reviewed,ak,ak
1991-10-24T12:06:12.960Z,23.022,121.417,10,4.2,mb,,,,0.4,us,usp0004y9x,2014-11-07T00:49:27.127Z,"98 km E of Yujing, Taiwan",earthquake,,,,1,reviewed,us,us
1991-10-24T11:18:21.550Z,1.914,-75.513,33,3,md,,,,0.7,us,usp0004y9t,2014-11-07T00:49:27.122Z,"29 km ESE of Guadalupe, Colombia",earthquake,,,,,reviewed,us,uvc
1991-10-24T11:03:26.190Z,64.7142,-152.796,10.1,3.3,ml,,,,0.44,ak,ak991dnd6jhn,2020-09-14T19:12:54.970Z,"61 km SSW of Tanana, Alaska",earthquake,,1.9,,,reviewed,ak,ak
1991-10-24T10:40:29.460Z,63.1407,-150.3903,111.9,2.8,ml,,,,0.18,ak,ak991dnct1mq,2020-09-14T19:12:55.393Z,"74 km NNE of Petersville, Alaska",earthquake,,1.7,,,reviewed,ak,ak
1991-10-24T09:36:55.000Z,4.53,-77.253,90,2.9,md,,,,0.2,us,usp0004y9m,2014-11-07T00:49:27.107Z,"32 km NNE of Santa Genoveva de Docordó, Colombia",earthquake,,,,,reviewed,us,uvc
1991-10-24T08:54:55.290Z,34.127,139.173,16.2,4.6,mb,,,,1,us,usp0004y9k,2014-11-07T00:49:27.105Z,"64 km SSE of Shimoda, Japan",earthquake,,6.9,,8,reviewed,us,us
1991-10-24T08:46:55.910Z,34.173,139.15,16.1,4.6,mb,,,,0.7,us,usp0004y9j,2014-11-07T00:49:27.102Z,"58 km SSE of Shimoda, Japan",earthquake,,5.9,,7,reviewed,us,us
1991-10-24T06:47:10.500Z,36.401,-89.558,3,2.5,md,,,,,nm,nm603908,2016-04-14T18:59:12.920Z,"8 km WNW of Tiptonville, Tennessee",earthquake,,,,,reviewed,nm,nm
1991-10-24T06:29:56.550Z,-8.063,119.618,159,4.5,mb,,,,1.3,us,usp0004y9h,2014-11-07T00:49:27.101Z,"56 km NNW of Labuan Bajo, Indonesia",earthquake,,28.7,,3,reviewed,us,us
1991-10-24T05:39:31.210Z,-5.653,128.636,341.9,4.9,mb,,,,0.9,us,usp0004y9g,2014-11-07T00:49:27.098Z,"222 km SSE of Ambon, Indonesia",earthquake,,22.4,,7,reviewed,us,us
1991-10-24T04:22:38.140Z,33.597,-117.978,9.153,2.86,ml,0,93,,0.242,ci,ci2032522,2016-02-04T23:11:28.460Z,"5km WSW of Newport Beach, CA",earthquake,,0.361,,17,reviewed,ci,ci
1991-10-24T03:54:26.390Z,10.86,-62.28,57.5,2.8,md,,,,0.4,us,usp0004y9c,2014-11-07T00:49:27.091Z,"31 km N of Güiria, Venezuela",earthquake,,39.1,,,reviewed,us,trn
1991-10-24T02:30:37.510Z,16.046,-61.228,33,2.5,ml,,,,1,us,usp0004y9a,2014-11-07T00:49:27.087Z,"20 km NNE of Grand-Bourg, Guadeloupe",earthquake,,,,,reviewed,us,fdf
1991-10-24T02:18:01.500Z,3.679,-32.209,10,4.6,mb,,,,0.9,us,usp0004y99,2014-11-07T00:49:27.085Z,"central Mid-Atlantic Ridge",earthquake,,,,4,reviewed,us,us
1991-10-24T01:43:05.550Z,43.264,-6.973,10,2.8,mblg,,,,1.6,us,usp0004y96,2014-11-07T00:49:27.081Z,"0 km WSW of San Martín de Oscos, Spain",earthquake,,,,,reviewed,us,mdd
1991-10-24T00:03:17.260Z,37.388,74.715,33,5.2,mb,,,,0.8,us,usp0004y90,2014-11-07T00:49:27.072Z,"109 km SE of Murghob, Tajikistan",earthquake,,,,1,reviewed,us,us
1991-10-23T23:59:44.200Z,51.25,178.348,33,5.6,mw,,,,0.9,us,usp0004y8z,2022-04-28T19:02:40.569Z,"Rat Islands, Aleutian Islands, Alaska",earthquake,,,,,reviewed,us,hrv
1991-10-23T23:31:06.050Z,60.0102,-152.7497,105.8,2.6,ml,,,,0.2,ak,ak991dlwycr1,2020-09-14T19:13:00.215Z,"57 km W of Happy Valley, Alaska",earthquake,,0.7,,,reviewed,ak,ak
1991-10-23T23:18:37.090Z,51.246,178.376,33,5.3,mw,,,,0.9,us,usp0004y8w,2022-04-28T19:02:39.071Z,"Rat Islands, Aleutian Islands, Alaska",earthquake,,,,,reviewed,us,hrv
1991-10-23T22:15:10.840Z,-26.46,-175.27,33,5.1,mb,,,,0.8,us,usp0004y8s,2014-11-07T00:49:27.021Z,"south of Tonga",earthquake,,,,2,reviewed,us,us
1991-10-23T21:36:01.270Z,37.682,15.211,43.5,3.6,mb,,,,1,us,usp0004y8a,2014-11-07T00:49:27.001Z,"2 km ESE of Carruba, Italy",earthquake,,9.8,,1,reviewed,us,us
1991-10-23T21:16:02.880Z,38.933,-111.3936667,8.09,2.72,md,9,98,0.1546,0.09,uu,uu50060255,2018-08-28T04:27:20.140Z,"12 km W of Emery, Utah",earthquake,0.91,1.12,,3,reviewed,uu,uu
1991-10-23T21:14:30.220Z,-0.492,119.99,74.8,4.9,mb,,,,1.4,us,usp0004y89,2014-11-07T00:49:26.998Z,"47 km NNE of Palu, Indonesia",earthquake,,17.6,,12,reviewed,us,us
1991-10-23T20:45:07.750Z,33.082,57.32,33,4.6,mb,,,,0.7,us,usp0004y88,2014-11-07T00:49:26.993Z,"67 km SSE of Tabas, Iran",earthquake,,,,33,reviewed,us,us
1991-10-23T20:41:57.190Z,33.135,57.245,33,4.5,mb,,,,0.8,us,usp0004y87,2014-11-07T00:49:26.990Z,"59 km SSE of Tabas, Iran",earthquake,,,,9,reviewed,us,us
1991-10-23T20:37:09.110Z,20.836,122.158,29.1,4.4,ms,,,,1.2,us,usp0004y86,2014-11-07T00:49:26.983Z,"47 km NNE of Basco, Philippines",earthquake,,,,2,reviewed,us,us
1991-10-23T20:16:28.880Z,20.985,122.682,33,4.4,mb,,,,1.4,us,usp0004y85,2014-11-07T00:49:26.981Z,"94 km NE of Basco, Philippines",earthquake,,,,3,reviewed,us,us
1991-10-23T19:47:58.790Z,39.1121667,-110.848,3.59,2.51,md,8,88,0.2522,0.28,uu,uu50060250,2018-08-28T04:27:19.480Z,"18 km SE of Castle Dale, Utah",earthquake,1.06,15.59,,4,reviewed,uu,uu
1991-10-23T18:22:49.430Z,37.178,142.085,26.9,4.9,mb,,,,1.1,us,usp0004y82,2014-11-07T00:49:26.970Z,"101 km ESE of Namie, Japan",earthquake,,,,26,reviewed,us,us
1991-10-23T18:11:30.040Z,27.817,103.395,33,3.7,ml,,,,0.6,us,usp0004y81,2014-11-07T00:49:26.968Z,"Sichuan-Yunnan-Guizhou region, China",earthquake,,,,,reviewed,us,bji
1991-10-23T17:19:47.140Z,38.651,73.731,33,4.7,mb,,,,1.3,us,usp0004y7z,2014-11-07T00:49:26.965Z,"57 km NNW of Murghob, Tajikistan",earthquake,,,,6,reviewed,us,us
1991-10-23T15:50:25.420Z,-4.259,128.378,33,4.3,mb,,,,1.2,us,usp0004y7x,2014-11-07T00:49:26.962Z,"65 km SSE of Ambon, Indonesia",earthquake,,,,4,reviewed,us,us
1991-10-23T15:37:36.270Z,37.029,20.826,10,3.2,md,,,,1,us,usp0004y7w,2014-11-07T00:49:26.960Z,"68 km WSW of Filiatrá, Greece",earthquake,,,,,reviewed,us,ath
1991-10-23T14:38:43.980Z,-37.317,177.036,257.3,4.9,mb,,,,0.9,us,usp0004y7v,2014-11-07T00:49:26.952Z,"71 km N of Whakatane, New Zealand",earthquake,,3.3,,14,reviewed,us,us
1991-10-23T13:56:21.040Z,58.0893,-154.6762,102.1,2.8,ml,,,,0.22,ak,ak991dlr5erc,2020-09-14T19:13:02.270Z,"59 km NNW of Karluk, AK",earthquake,,2.1,,,reviewed,ak,ak
1991-10-23T12:53:05.250Z,33.429,-116.445,12.244,3.74,mc,0,127.4,,0.168,ci,ci2032425,2016-02-05T00:20:17.220Z,"20km NNW of Borrego Springs, CA",earthquake,,0.472,,3,reviewed,ci,ci
1991-10-23T12:50:28.580Z,21.3565,-157.3803333,23.15,4.01,ml,40,341,,0.13,hv,hv387802,2020-03-31T18:54:44.370Z,"29 km NW of Maunaloa, Hawaii",earthquake,3.31,4.76,0.07,3,reviewed,hv,hv
1991-10-23T12:49:39.680Z,9.927,126.004,81.3,5.3,mb,,,,1.1,us,usp0004y7q,2014-11-07T00:49:26.931Z,"3 km S of San Benito, Philippines",earthquake,,11.7,,43,reviewed,us,us
1991-10-23T12:24:56.350Z,-11.343,166.403,135.6,5.5,mw,,,,1,us,usp0004y7p,2022-04-28T19:02:37.617Z,"95 km SE of Lata, Solomon Islands",earthquake,,,,,reviewed,us,hrv
1991-10-23T10:32:11.990Z,6.87,123.878,53.1,4.8,mb,,,,1.4,us,usp0004y7h,2014-11-07T00:49:26.901Z,"17 km WNW of Gadung, Philippines",earthquake,,14.7,,6,reviewed,us,us
1991-10-23T10:06:15.190Z,40.4798333,-123.419,30.854,3.3,ml,70,38,0.1405,0.11,nc,nc235186,2016-12-18T19:30:27.940Z,"8 km ENE of Mad River, California",earthquake,0.17,0.98,,0,reviewed,nc,nc
1991-10-23T09:00:09.700Z,49.51,-117.61,7,3,md,,,,,us,usp0004y7e,2016-07-23T22:37:47.570Z,"21 km N of Castlegar, Canada",earthquake,,,,,reviewed,pgc,sea
1991-10-23T07:41:13.260Z,-18.262,-179.369,623,4.9,mb,,,,1.1,us,usp0004y7c,2014-11-07T00:49:26.892Z,"140 km E of Levuka, Fiji",earthquake,,43.1,,5,reviewed,us,us
1991-10-23T07:20:31.120Z,-17.715,-178.787,557.3,5,mb,,,,1.1,us,usp0004y7b,2014-11-07T00:49:26.889Z,"204 km ENE of Levuka, Fiji",earthquake,,7.3,,13,reviewed,us,us
1991-10-23T05:27:24.380Z,59.658,-152.201,82.6,2.6,ml,,,,0.25,ak,ak991dlm7qeu,2020-09-14T19:13:04.119Z,"24 km WSW of Anchor Point, Alaska",earthquake,,0.8,,,reviewed,ak,ak
1991-10-23T05:27:17.640Z,-6.986,105.401,61.1,5.4,mw,,,,1.5,us,usp0004y75,2025-12-19T20:53:19.016Z,"82 km SW of Labuan, Indonesia",earthquake,,15.1,,,reviewed,us,hrv
1991-10-23T04:21:32.380Z,4.873,-76.693,90,2.9,md,,,,0.4,us,usp0004y73,2014-11-07T00:49:26.868Z,"13 km SW of Nóvita, Colombia",earthquake,,,,,reviewed,us,uvc
1991-10-23T04:15:58.620Z,2.218,127.165,104.6,5,mb,,,,0.9,us,usp0004y72,2014-11-07T00:49:26.864Z,"108 km WNW of Tobelo, Indonesia",earthquake,,14.1,,19,reviewed,us,us
1991-10-23T04:11:12.950Z,3.677,124.164,33,5,mb,,,,1,us,usp0004y71,2014-11-07T00:49:26.862Z,"239 km SW of Sarangani, Philippines",earthquake,,,,4,reviewed,us,us
1991-10-23T04:02:42.390Z,59.6852,-152.3007,71.6,2.6,ml,,,,0.24,ak,ak991dllgzan,2020-09-14T19:13:04.539Z,"28 km WSW of Anchor Point, Alaska",earthquake,,0.8,,,reviewed,ak,ak
1991-10-23T02:46:52.840Z,4.269,-76.786,75,2.6,md,,,,0.4,us,usp0004y6z,2014-11-07T00:49:26.855Z,"45 km SSW of Sipí, Colombia",earthquake,,,,,reviewed,us,uvc
1991-10-23T02:38:08.160Z,16.612,-61.77,33,2.6,ml,,,,1.2,us,usp0004y6y,2014-11-07T00:49:26.853Z,"31 km NNW of Sainte-Rose, Guadeloupe",earthquake,,,,,reviewed,us,fdf
1991-10-23T02:09:08.460Z,37.871,22.21,10,3.2,ml,,,,0.9,us,usp0004y6w,2014-11-07T00:49:26.851Z,"19 km SSE of Kalávryta, Greece",earthquake,,,,,reviewed,us,ath
1991-10-23T01:13:08.020Z,3.996,-76.735,70,2.6,md,,,,0.4,us,usp0004y6v,2014-11-07T00:49:26.850Z,"28 km WNW of Darien, Colombia",earthquake,,,,,reviewed,us,uvc
1991-10-22T23:21:45.570Z,37.2715,-121.6495,7.023,3.5,ml,107,48,0.02432,0.04,nc,nc235103,2016-12-18T19:28:36.960Z,"15 km N of Morgan Hill, California",earthquake,0.09,0.24,,0,reviewed,nc,nc
1991-10-22T22:07:25.990Z,37.099,-3.729,10,2.9,mblg,,,,0.9,us,usp0004y6s,2014-11-07T00:49:26.843Z,"4 km NE of Escúzar, Spain",earthquake,,,,,reviewed,us,mdd
1991-10-22T22:07:04.050Z,4.982,-76.49,90,3,md,,,,0.1,us,usp0004y6r,2014-11-07T00:49:26.841Z,"13 km ENE of Nóvita, Colombia",earthquake,,,,,reviewed,us,uvc
1991-10-22T20:38:58.200Z,64.63,-138.306,26.7,4.8,mb,,,,,us,usp0004y6j,2020-09-14T19:13:06.874Z,"83 km NE of Dawson City, Canada",earthquake,,,,18,reviewed,aei,us
1991-10-22T19:39:19.860Z,59.6698,-153.1215,106.3,2.6,ml,,,,0.19,ak,ak991dk730mq,2020-09-14T19:13:07.324Z,"56 km ESE of Pedro Bay, Alaska",earthquake,,1,,,reviewed,ak,ak
1991-10-22T19:23:42.390Z,38.7906667,-122.7763333,1.341,2.93,md,42,38,0.02252,0.1,nc,nc234887,2016-12-18T19:27:53.580Z,"5 km SW of Cobb, California",earthquake,0.17,0.4,0.12,41,reviewed,nc,nc
1991-10-22T18:38:57.510Z,62.9868,-149.2883,84,3.5,ml,,,,0.15,ak,ak991dk6hg7r,2020-09-14T19:13:08.672Z,"48 km SSW of Cantwell, Alaska",earthquake,,1.3,,,reviewed,ak,ak
1991-10-22T18:16:42.860Z,11.152,-62.02,10,3.1,md,,,,0.8,us,usp0004y6b,2014-11-07T00:49:26.468Z,"70 km NNE of Güiria, Venezuela",earthquake,,,,,reviewed,us,trn
1991-10-22T17:53:34.270Z,36.512,-12.7,10,3.5,mb,,,,1.1,us,usp0004y6a,2014-11-07T00:49:26.463Z,"Azores-Cape St. Vincent Ridge",earthquake,,,,1,reviewed,us,us
1991-10-22T16:39:56.520Z,38.726,20.524,10,4,mb,,,,1.2,us,usp0004y69,2014-11-07T00:49:26.457Z,"19 km SW of Lefkáda, Greece",earthquake,,,,4,reviewed,us,us
1991-10-22T16:39:52.870Z,6.755,-72.98,157.2,4.4,mb,,,,1,us,usp0004y68,2014-11-07T00:49:26.454Z,"0 km W of Cepitá, Colombia",earthquake,,5.9,,1,reviewed,us,us
1991-10-22T16:00:56.160Z,50.796,19.457,10,3,ml,,,,0.6,us,usp0004y64,2014-11-07T00:49:26.449Z,"5 km W of Przyrów, Poland",earthquake,,,,,reviewed,us,war
1991-10-22T15:44:23.140Z,46.662,-0.047,7.9,2.7,ml,,,,0.7,us,usp0004y62,2014-11-07T00:49:26.445Z,"6 km SSW of Thénezay, France",earthquake,,4.8,,,reviewed,us,ldg
1991-10-22T15:05:01.370Z,9.632,125.273,113.9,4.9,mb,,,,1.3,us,usp0004y60,2014-11-07T00:49:26.442Z,"23 km NW of Cantapoy, Philippines",earthquake,,19.6,,3,reviewed,us,us
1991-10-22T12:43:42.610Z,37.5905,-121.8203333,9.313,2.84,md,91,29,0.03514,0.13,nc,nc234856,2016-12-18T19:26:40.720Z,"6 km E of Sunol, California",earthquake,0.12,0.24,0.11,62,reviewed,nc,nc
1991-10-22T12:11:08.920Z,29.593,51.515,33,4.3,mb,,,,0.9,us,usp0004y5x,2014-11-07T00:49:26.437Z,"13 km WSW of K?zer?n, Iran",earthquake,,,,3,reviewed,us,us
1991-10-22T09:02:13.570Z,44.552,-115.76,5,3.2,ml,,,,0.7,us,usp0004y5w,2014-11-07T00:49:26.436Z,"22 km E of Cascade, Idaho",earthquake,,,,,reviewed,us,but
1991-10-22T06:32:22.810Z,33.705,-119.105,5.779,2.94,ml,0,71.9,,0.216,ci,ci2032326,2016-02-04T22:59:49.770Z,"26km N of Santa Barbara Is., CA",earthquake,,,,7,reviewed,ci,ci
1991-10-22T04:36:53.380Z,12.533,-60.872,33,3.3,md,,,,0.6,us,usp0004y5r,2014-11-07T00:49:26.428Z,"63 km E of Hillsborough, Grenada",earthquake,,,,,reviewed,us,trn
1991-10-22T04:29:30.120Z,36.668,-121.2868333,2.822,2.81,md,69,40,0.01081,0.07,nc,nc234828,2016-12-18T19:24:54.900Z,"13 km SSE of Tres Pinos, California",earthquake,0.12,0.26,0.12,41,reviewed,nc,nc
1991-10-22T04:08:39.850Z,38.7793333,-122.8438333,6.988,2.62,md,11,95,0.01532,0.05,nc,nc235036,2016-12-18T19:24:21.318Z,"9 km NNE of Geyserville, California",earthquake,0.55,0.74,0.22,12,reviewed,nc,nc
1991-10-22T04:07:35.320Z,38.8318333,-122.8218333,1.186,3.16,md,48,67,0.03243,0.06,nc,nc234990,2016-12-18T19:24:16.210Z,"8 km W of Cobb, California",earthquake,0.13,1.08,0.2,64,reviewed,nc,nc
1991-10-22T04:06:38.980Z,38.828,-122.82,1.52,3.15,md,51,29,0.02793,0.06,nc,nc234825,2016-12-18T19:24:07.380Z,"8 km W of Cobb, California",earthquake,0.11,0.37,0.18,74,reviewed,nc,nc
1991-10-22T04:03:03.110Z,38.7926667,-122.776,-0.449,3.3,ml,47,40,0.02072,0.07,nc,nc234824,2016-12-18T19:23:55.250Z,"5 km SW of Cobb, California",earthquake,0.11,0.36,,0,reviewed,nc,nc
1991-10-22T04:01:34.670Z,38.7935,-122.7685,0.441,2.6,md,17,72,0.02523,0.02,nc,nc235151,2016-12-18T19:23:36.666Z,"5 km SW of Cobb, California",earthquake,0.17,0.71,0.08,8,reviewed,nc,nc
1991-10-22T04:00:42.040Z,38.7881667,-122.776,0.751,3.31,md,52,34,0.02432,0.06,nc,nc234823,2016-12-18T19:23:31.780Z,"5 km SW of Cobb, California",earthquake,0.11,0.3,0.24,82,reviewed,nc,nc
1991-10-22T03:12:42.150Z,11.334,-62.027,33,3.6,md,,,,1.1,us,usp0004y5d,2014-11-07T00:49:26.407Z,"84 km SSW of Saint George's, Grenada",earthquake,,,,,reviewed,us,trn
1991-10-22T02:53:50.500Z,16.613,-95.372,38.1,4.7,mb,,,,1.1,us,usp0004y5c,2014-11-07T00:49:26.400Z,"14 km S of Santa María Guenagati, Mexico",earthquake,,,,19,reviewed,us,us
1991-10-21T23:45:28.760Z,35.032,22.576,10.1,4.4,mb,,,,1.3,us,usp0004y58,2014-11-07T00:49:26.380Z,"103 km WSW of Palaióchora, Greece",earthquake,,5.5,,36,reviewed,us,us
1991-10-21T23:25:53.960Z,39.049,20.693,10,2.8,md,,,,0.6,us,usp0004y57,2014-11-07T00:49:26.378Z,"11 km NNW of Préveza, Greece",earthquake,,,,,reviewed,us,the
1991-10-21T22:59:23.190Z,-41.275,-90.192,10,4.8,mb,,,,0.9,us,usp0004y56,2014-11-07T00:49:26.375Z,"southeast of Easter Island",earthquake,,,,3,reviewed,us,us
1991-10-21T22:58:06.590Z,45.11,14.954,10,2.8,ml,,,,1.1,us,usp0004y55,2014-11-07T00:49:26.373Z,"13 km E of Novi Vinodolski, Croatia",earthquake,,,,,reviewed,us,vie
1991-10-21T22:44:48.410Z,17.037,145.698,181.7,5,mb,,,,1,us,usp0004y53,2014-11-07T00:49:26.362Z,"202 km N of Saipan, Northern Mariana Islands",earthquake,,6.5,,34,reviewed,us,us
1991-10-21T21:18:02.630Z,59.9837,-151.8223,45.9,3,ml,,,,0.3,ak,ak991diklzzb,2020-09-14T19:13:14.720Z,"6 km NW of Happy Valley, Alaska",earthquake,,0.8,,,reviewed,ak,ak
1991-10-21T19:47:51.010Z,41.335,25.467,10,3,md,,,,0.9,us,usp0004y4y,2014-11-07T00:49:26.351Z,"8 km E of Kirkovo, Bulgaria",earthquake,,,,,reviewed,us,the
1991-10-21T19:46:31.390Z,18.011,-68.26,43.2,4.8,mb,,,,1,us,usp0004y4x,2014-11-07T00:49:26.338Z,"54 km SE of Boca de Yuma, Dominican Republic",earthquake,,4.7,,40,reviewed,us,us
1991-10-21T18:27:10.680Z,37.146,21.017,57.6,3.9,mb,,,,1.2,us,usp0004y4v,2014-11-07T00:49:26.325Z,"50 km W of Filiatrá, Greece",earthquake,,6.9,,11,reviewed,us,us
1991-10-21T17:28:28.720Z,19.169,121.214,33,4,mb,,,,1.1,us,usp0004y4t,2014-11-07T00:49:26.322Z,"61 km N of Namuac, Philippines",earthquake,,,,2,reviewed,us,us
1991-10-21T17:10:05.230Z,39.27,20.21,10,2.6,md,,,,0.8,us,usp0004y4s,2014-11-07T00:49:26.321Z,"8 km NNE of Gáïos, Greece",earthquake,,,,,reviewed,us,the
1991-10-21T16:48:22.910Z,2.494,-75.425,33,3.8,md,,,,0.4,us,usp0004y4r,2014-11-07T00:49:26.318Z,"10 km SSE of Hobo, Colombia",earthquake,,,,,reviewed,us,uvc
1991-10-21T16:34:49.330Z,-31.596,-68.196,10,4,md,,,,1.1,us,usp0004y4q,2014-11-07T00:49:26.315Z,"10 km NE of Caucete, Argentina",earthquake,,,,,reviewed,us,san
1991-10-21T16:03:26.350Z,23.292,125.626,45.3,4.4,mb,,,,1.2,us,usp0004y4n,2014-11-07T00:49:26.069Z,"170 km S of Hirara, Japan",earthquake,,,,14,reviewed,us,us
1991-10-21T15:02:14.940Z,4.831,-76.412,70,3.4,md,,,,0.8,us,usp0004y4h,2014-11-07T00:49:25.992Z,"Colombia",earthquake,,,,,reviewed,us,uvc
1991-10-21T14:53:36.970Z,31.945,-116.348,5.469,2.56,mc,0,312.5,,0.113,ci,ci2032228,2016-02-04T23:11:26.350Z,"27km ENE of Ensenada, B.C., MX",earthquake,,,,8,reviewed,ci,ci
1991-10-21T14:02:47.380Z,30.777,78.8,33,4,mb,,,,0.6,us,usp0004y4f,2014-11-07T00:49:25.989Z,"34 km E of Uttark?shi, India",earthquake,,,,1,reviewed,us,us
1991-10-21T13:44:56.240Z,41.863,20.112,15.5,3,ml,,,,1.1,us,usp0004y4d,2014-11-07T00:49:25.985Z,"9 km NNE of Kurbnesh, Albania",earthquake,,6.1,,,reviewed,us,ttg
1991-10-21T13:26:02.910Z,-2.588,125.837,33,4.9,mb,,,,1.3,us,usp0004y4c,2014-11-07T00:49:25.983Z,"288 km WNW of Ambon, Indonesia",earthquake,,,,1,reviewed,us,us
1991-10-21T12:01:17.300Z,41.268,23.317,10,2.6,md,,,,0.4,us,usp0004y4a,2014-11-07T00:49:25.980Z,"2 km ESE of Néo Petrítsi, Greece",earthquake,,,,,reviewed,us,the
1991-10-21T11:58:19.310Z,41.982,46.746,33,4.5,mb,,,,1.3,us,usp0004y49,2014-11-07T00:49:25.976Z,"29 km SSW of Tsurib, Russia",earthquake,,,,10,reviewed,us,us
1991-10-21T11:40:45.230Z,-8.195,115.655,148,4.8,mb,,,,0.6,us,usp0004y48,2014-11-07T00:49:25.974Z,"28 km N of Amlapura, Indonesia",earthquake,,37.9,,4,reviewed,us,us
1991-10-21T10:27:51.270Z,40.705,21.38,10,2.7,md,,,,0.8,us,usp0004y46,2014-11-07T00:49:25.970Z,"8 km SSW of Flórina, Greece",earthquake,,,,,reviewed,us,the
1991-10-21T09:49:12.080Z,-23.544,-179.949,589.3,4.8,mb,,,,0.9,us,usp0004y45,2014-11-07T00:49:25.966Z,"south of the Fiji Islands",earthquake,,20.5,,19,reviewed,us,us
1991-10-21T08:32:20.300Z,3.802,-77,33,2.5,md,,,,0.1,us,usp0004y43,2014-11-07T00:49:25.964Z,"9 km SSE of Buenaventura, Colombia",earthquake,,,,,reviewed,us,uvc
1991-10-21T07:24:34.040Z,3.049,-76.285,110,3,md,,,,0.1,us,usp0004y40,2014-11-07T00:49:25.960Z,"10 km N of Toribío, Colombia",earthquake,,,,,reviewed,us,uvc
1991-10-21T07:21:18.350Z,43.228,17.196,10,2.5,ml,,,,1.1,us,usp0004y3z,2014-11-07T00:49:25.958Z,"12 km ESE of Tu?epi, Croatia",earthquake,,,,,reviewed,us,ttg
1991-10-21T06:25:58.460Z,41.406,25.52,10,2.6,md,,,,0.6,us,usp0004y3y,2014-11-07T00:49:25.956Z,"13 km WSW of Krumovgrad, Bulgaria",earthquake,,,,,reviewed,us,the
1991-10-21T06:20:10.080Z,40.695,21.392,10,2.5,md,,,,1,us,usp0004y3w,2014-11-07T00:49:25.953Z,"9 km S of Flórina, Greece",earthquake,,,,,reviewed,us,the
1991-10-21T06:19:37.760Z,1.965,122.494,461.7,4.5,mb,,,,0.3,us,usp0004y3v,2014-11-07T00:49:25.951Z,"170 km NNW of Gorontalo, Indonesia",earthquake,,14.3,,3,reviewed,us,us
1991-10-21T06:06:14.480Z,61.5508,-150.0332,38.5,3.2,ml,,,,0.25,ak,ak991dibly88,2020-09-14T19:13:16.518Z,"5 km NW of Big Lake, Alaska",earthquake,,0.9,,,reviewed,ak,ak
1991-10-21T05:50:28.020Z,3.792,-76.001,100,3,md,,,,0.3,us,usp0004y3t,2014-11-07T00:49:25.944Z,"7 km NNE of La Cumbre, Colombia",earthquake,,,,,reviewed,us,uvc
1991-10-21T02:09:46.170Z,48.363,17.537,10,2.6,ml,,,,1.4,us,usp0004y3p,2014-11-07T00:49:25.938Z,"4 km WSW of Trnava, Slovakia",earthquake,,,,,reviewed,us,vie
1991-10-21T00:51:01.120Z,45.6311667,-122.8871667,19.77,3,md,42,48,,0.25,uw,uw10282588,2016-07-23T22:37:36.790Z,"8 km N of Bethany, Oregon",earthquake,0.531,1.4,0.01,15,reviewed,uw,uw
1991-10-21T00:44:03.200Z,19.409,-155.2753333,0.623,2.57,ml,16,90,,0.12,hv,hv387613,2020-03-31T18:54:42.750Z,"5 km SW of Volcano, Hawaii",earthquake,0.31,0.21,0.03,2,reviewed,hv,hv
1991-10-20T23:29:26.470Z,59.3417,-151.9532,60.5,3,ml,,,,0.26,ak,ak991dgybxev,2020-09-14T19:13:17.018Z,"2 km SW of Nanwalek, Alaska",earthquake,,1,,,reviewed,ak,ak
1991-10-20T22:07:21.640Z,-0.856,146.611,33,5,mb,,,,0.9,us,usp0004y3h,2014-11-07T00:49:25.921Z,"149 km NNW of Lorengau, Papua New Guinea",earthquake,,,,14,reviewed,us,us
1991-10-20T21:54:58.870Z,36.14,31.687,10,4.1,md,,,,1.6,us,usp0004y3g,2014-11-07T00:49:25.920Z,"52 km SSW of Türkler, Turkey",earthquake,,,,,reviewed,us,hlw
1991-10-20T21:35:29.550Z,-26.17,71.12,10,4.6,mb,,,,0.7,us,usp0004y3f,2014-11-07T00:49:25.918Z,"Mid-Indian Ridge",earthquake,,,,2,reviewed,us,us
1991-10-20T21:12:42.780Z,48.54,7.697,12.8,3.1,ml,,,,1.1,us,usp0004y3e,2014-11-07T00:49:25.914Z,"1 km WSW of Ostwald, France",earthquake,,2.8,,,reviewed,us,ldg
1991-10-20T21:06:30.760Z,44.6448333,-110.1066667,3.19,2.56,md,8,202,0.06135,0.06,uu,uu50060220,2018-08-28T04:27:15.570Z,"41 km SSW of Silver Gate, Montana",earthquake,0.55,0.91,,6,reviewed,uu,uu
1991-10-20T19:19:39.410Z,59.7127,-153.0817,97.7,2.5,ml,,,,0.22,ak,ak991dgvw2tx,2020-09-14T19:13:17.766Z,"58 km E of Pedro Bay, Alaska",earthquake,,0.9,,,reviewed,ak,ak
1991-10-20T19:10:36.750Z,-6.693,146.679,55.9,3.6,mb,,,,1.4,us,usp0004y3a,2014-11-07T00:49:25.906Z,"35 km W of Lae, Papua New Guinea",earthquake,,9.6,,2,reviewed,us,us
1991-10-20T17:50:22.580Z,40.388,25.925,10,3.1,md,,,,0.4,us,usp0004y37,2014-11-07T00:49:25.900Z,"20 km N of Gökçeada, Turkey",earthquake,,,,,reviewed,us,ath
1991-10-20T17:25:38.730Z,32.725,-115.925,5.807,3.13,mc,0,191.5,,0.009,ci,ci2032172,2016-02-04T22:15:01.870Z,"6km E of Ocotillo, CA",earthquake,,,,1,reviewed,ci,ci
1991-10-20T16:47:01.530Z,36.8146667,-121.2796667,9.211,3.3,ml,90,39,0.01532,0.06,nc,nc234702,2016-12-18T19:14:36.810Z,"4 km NE of Tres Pinos, California",earthquake,0.12,0.18,,0,reviewed,nc,nc
1991-10-20T15:59:48.030Z,40.175,25.63,8.9,3.5,md,,,,0.7,us,usp0004y32,2014-11-07T00:49:25.891Z,"23 km W of Gökçeada, Turkey",earthquake,,2.4,,,reviewed,us,ath
1991-10-20T15:25:08.630Z,40.884,20.935,10,3,ml,,,,0.9,us,usp0004y31,2014-11-07T00:49:25.889Z,"15 km WSW of Krani, North Macedonia",earthquake,,,,,reviewed,us,sko
1991-10-20T14:44:15.810Z,59.4845,-151.6348,49.2,3.2,ml,,,,0.27,ak,ak991dgt27vx,2020-09-14T19:13:18.910Z,"1 km NE of Seldovia Village, Alaska",earthquake,,0.9,,,reviewed,ak,ak
1991-10-20T11:17:30.020Z,20.633,121.964,23.9,4.3,mb,,,,1.2,us,usp0004y2x,2014-11-07T00:49:25.879Z,"20 km N of Basco, Philippines",earthquake,,,,10,reviewed,us,us
1991-10-20T09:51:27.810Z,33.336,135.247,40.9,5.1,mw,,,,0.9,us,usp0004y2v,2022-04-28T19:02:36.523Z,"45 km SSW of Tanabe, Japan",earthquake,,,,,reviewed,us,hrv
1991-10-20T09:30:38.710Z,-22.815,171.405,33,4.5,mb,,,,1.5,us,usp0004y2s,2014-11-07T00:49:25.860Z,"southeast of the Loyalty Islands",earthquake,,,,5,reviewed,us,us
1991-10-20T07:56:31.740Z,30.847,78.777,33,4.2,mb,,,,0.6,us,usp0004y2p,2014-11-07T00:49:25.857Z,"34 km ENE of Uttark?shi, India",earthquake,,,,2,reviewed,us,us
1991-10-20T06:01:43.650Z,16.753,147.075,33,4.6,mb,,,,1.5,us,usp0004y2m,2014-11-07T00:49:25.854Z,"221 km NE of Saipan, Northern Mariana Islands",earthquake,,,,4,reviewed,us,us
1991-10-20T05:46:50.990Z,12.489,-87.89,79.3,4.7,mb,,,,1.1,us,usp0004y2k,2014-11-07T00:49:25.847Z,"55 km WSW of Jiquilillo, Nicaragua",earthquake,,,,13,reviewed,us,us
1991-10-20T05:35:21.080Z,38.389,21.765,20.6,3.9,mb,,,,1.3,us,usp0004y2h,2014-11-07T00:49:25.838Z,"5 km W of Náfpaktos, Greece",earthquake,,4.4,,9,reviewed,us,us
1991-10-20T05:32:26.850Z,30.79,78.686,26.5,4.9,mb,,,,0.9,us,usp0004y2g,2022-04-28T19:02:34.889Z,"24 km ENE of Uttark?shi, India",earthquake,,,,39,reviewed,us,us
1991-10-20T05:23:14.220Z,40.3151667,-124.3131667,10.136,3.2,ml,16,178,0.06757,0.16,nc,nc234675,2016-12-18T19:11:54.860Z,"25 km SW of Scotia, California",earthquake,0.62,0.31,,0,reviewed,nc,nc
1991-10-20T05:07:18.070Z,3.806,-76.993,33,2.6,md,,,,0.2,us,usp0004y2d,2014-11-07T00:49:25.828Z,"9 km SSE of Buenaventura, Colombia",earthquake,,,,,reviewed,us,uvc
1991-10-20T04:31:42.130Z,-4.831,129.169,231.4,4.9,mb,,,,1.1,us,usp0004y2c,2014-11-07T00:49:25.823Z,"166 km SE of Ambon, Indonesia",earthquake,,,,23,reviewed,us,us
1991-10-20T04:20:28.930Z,30.899,78.832,33,4.5,mb,,,,0.9,us,usp0004y2a,2014-11-07T00:49:25.819Z,"41 km ENE of Uttark?shi, India",earthquake,,,,6,reviewed,us,us
1991-10-20T04:19:01.240Z,36.8708333,-121.6033333,6.917,2.55,md,82,52,0.01622,0.08,nc,nc234674,2016-12-18T19:11:44.750Z,"4 km ESE of Aromas, California",earthquake,0.12,0.21,0.12,82,reviewed,nc,nc
1991-10-20T03:38:43.340Z,53.337,-166.977,33,4.3,mb,,,,1.6,us,usp0004y28,2020-09-14T19:13:21.710Z,"66 km SSW of Unalaska, Alaska",earthquake,,,,5,reviewed,us,us
1991-10-20T03:34:30.860Z,30.945,78.922,33,4.3,mb,,,,0.7,us,usp0004y27,2014-11-07T00:49:25.815Z,"51 km ENE of Uttark?shi, India",earthquake,,,,2,reviewed,us,us
1991-10-20T03:15:13.280Z,10.909,141.23,33,4.2,mb,,,,1.5,us,usp0004y26,2014-11-07T00:49:25.813Z,"148 km NNE of Fais, Micronesia",earthquake,,,,1,reviewed,us,us
1991-10-20T02:42:06.050Z,56.444,2.936,10,3.4,ml,,,,0.5,us,usp0004y25,2014-11-07T00:49:25.811Z,"North Sea",earthquake,,,,,reviewed,us,ldg
1991-10-20T01:32:23.100Z,53.714,-167.176,33,4.5,mb,,,,1.3,us,usp0004y24,2020-09-14T19:13:22.362Z,"45 km WSW of Unalaska, Alaska",earthquake,,,,14,reviewed,us,us
1991-10-20T01:17:03.140Z,53.819,-166.923,33,5.4,mw,,,,1.2,us,usp0004y20,2022-04-28T19:02:29.581Z,"26 km WSW of Dutch Harbor, Alaska",earthquake,,,,,reviewed,us,hrv
1991-10-20T01:13:05.070Z,36.0631667,-120.1305,4.031,2.95,md,62,86,0.01712,0.1,nc,nc234672,2016-12-18T19:11:20.970Z,"6 km N of Avenal, California",earthquake,0.16,0.21,0.14,141,reviewed,nc,nc
1991-10-20T00:50:48.970Z,53.522,-167.093,33,4.6,mb,,,,1.4,us,usp0004y1z,2020-09-14T19:13:23.312Z,"Fox Islands, Aleutian Islands, Alaska",earthquake,,,,8,reviewed,us,us
1991-10-20T00:45:07.370Z,29.583,51.29,33,4.2,mb,,,,1.1,us,usp0004y1y,2014-11-07T00:49:25.785Z,"southern Iran",earthquake,,,,1,reviewed,us,us
1991-10-19T23:38:15.790Z,1.901,-77.156,110,3.7,md,,,,0.7,us,usp0004y1w,2014-11-07T00:49:25.783Z,"11 km N of Mercaderes, Colombia",earthquake,,,,,reviewed,us,uvc
1991-10-19T22:41:15.440Z,30.747,78.723,17,4.8,mb,,,,1,us,usp0004y1t,2014-11-07T00:49:25.776Z,"26 km E of Uttark?shi, India",earthquake,,,,13,reviewed,us,us
1991-10-19T22:17:39.520Z,19.2476667,-155.5815,4.021,3.33,ml,45,70,,0.12,hv,hv387519,2020-03-31T18:54:41.730Z,"11 km WNW of P?hala, Hawaii",earthquake,0.3,0.85,,1,reviewed,hv,hv
1991-10-19T21:23:14.300Z,30.78,78.774,10.3,6.8,mwb,,,,1.2,us,usp0004y1r,2022-04-28T19:02:24.458Z,"32 km E of Uttark?shi, India",earthquake,,,,,reviewed,us,us
1991-10-19T20:18:59.500Z,38.316,-8.059,10,2.8,m,,,,0.7,us,usp0004y1q,2014-11-07T00:49:25.697Z,"9 km NW of Alvito, Portugal",earthquake,,,,,reviewed,us,lis
1991-10-19T20:16:35.300Z,35.693,54.965,30,4,ml,,,,0.7,us,usp0004y1p,2014-11-07T00:49:25.695Z,"76 km SE of D?mgh?n, Iran",earthquake,,10.7,,,reviewed,us,teh
1991-10-19T19:21:29.510Z,36.077,-117.971,3.633,2.53,mc,0,141.7,,0.081,ci,ci2032112,2016-02-05T00:31:34.890Z,"4km NNW of Coso Junction, CA",earthquake,,0.033,,28,reviewed,ci,ci
1991-10-19T19:09:53.150Z,36.864,-121.5985,7.387,2.51,md,73,51,0.02072,0.07,nc,nc234665,2016-12-18T19:10:44.470Z,"4 km SE of Aromas, California",earthquake,0.13,0.23,0.12,77,reviewed,nc,nc
1991-10-19T17:22:15.570Z,40.642,21.359,11,3.8,ml,,,,0.9,us,usp0004y1m,2014-11-07T00:49:25.689Z,"12 km WNW of Léchovo, Greece",earthquake,,2.5,,,reviewed,us,ath
1991-10-19T16:45:06.680Z,-20.992,-178.599,603.7,5.1,mb,,,,1.1,us,usp0004y1j,2014-11-07T00:49:25.671Z,"Fiji region",earthquake,,,,44,reviewed,us,us
1991-10-19T15:30:21.300Z,34.755,-85.184,12.5,2.5,md,,177,0.2608,0.2,se,se61164,2022-06-28T14:37:27.653Z,"10 km ENE of LaFayette, Georgia",earthquake,,0.6,,,reviewed,se,se
1991-10-19T14:03:22.670Z,35.172,139.452,33,4.6,mb,,,,0.7,us,usp0004y1e,2014-11-07T00:49:25.666Z,"15 km WNW of Miura, Japan",earthquake,,,,1,reviewed,us,us
1991-10-19T13:43:10.420Z,44.319,9.86,10,2.7,ml,,,,1.1,us,usp0004y1d,2014-11-07T00:49:25.662Z,"2 km W of Mulazzo, Italy",earthquake,,,,,reviewed,us,ldg
1991-10-19T10:49:46.510Z,39.603,21.022,5,3.2,md,,,,1,us,usp0004y1c,2014-11-07T00:49:25.660Z,"9 km E of Koutselió, Greece",earthquake,,,,,reviewed,us,ath
1991-10-19T10:01:53.090Z,3.075,-79.57,33,4.3,md,,,,0.3,us,usp0004y19,2014-11-07T00:49:25.655Z,"139 km WNW of Mosquera, Colombia",earthquake,,,,,reviewed,us,uvc
1991-10-19T09:59:14.220Z,37.563,142.798,23.8,4.6,mb,,,,1,us,usp0004y18,2014-11-07T00:49:25.652Z,"159 km E of Namie, Japan",earthquake,,7.8,,1,reviewed,us,us
1991-10-19T09:31:10.380Z,43.35,8.243,26.6,2.5,ml,,,,0.2,us,usp0004y16,2014-11-07T00:49:25.647Z,"Ligurian Sea",earthquake,,3.9,,,reviewed,us,ldg
1991-10-19T08:48:19.220Z,-9.012,117.17,96.7,5.5,mw,,,,1.1,us,usp0004y13,2025-12-19T20:53:18.341Z,"63 km SSW of Sumbawa Besar, Indonesia",earthquake,,,,,reviewed,us,hrv
1991-10-19T07:55:50.600Z,-7.37,127.562,131.7,4.6,mb,,,,1,us,usp0004y11,2014-11-07T00:49:25.455Z,"141 km NNE of Lospalos, Timor Leste",earthquake,,49,,2,reviewed,us,us
1991-10-19T07:21:27.680Z,16.901,-60.612,33,3.1,ml,,,,0.7,us,usp0004y10,2014-11-07T00:49:25.452Z,"82 km NE of Beauséjour, Guadeloupe",earthquake,,,,,reviewed,us,fdf
1991-10-19T07:02:11.930Z,16.871,94.641,33,4.4,mb,,,,0.9,us,usp0004y0z,2014-11-07T00:49:25.448Z,"near the south coast of Myanmar",earthquake,,,,3,reviewed,us,us
1991-10-19T06:03:03.700Z,53.641,-167.066,33,4.2,mb,,,,1.5,us,usp0004y0w,2020-09-14T19:13:26.462Z,"43 km SW of Unalaska, Alaska",earthquake,,,,2,reviewed,us,us
1991-10-19T05:45:46.510Z,53.639,-167.022,33,4.6,mb,,,,0.9,us,usp0004y0u,2020-09-14T19:13:26.743Z,"41 km SW of Unalaska, Alaska",earthquake,,,,10,reviewed,us,us
1991-10-19T05:45:27.890Z,44.128,149.803,33,4.6,mb,,,,1.2,us,usp0004y0t,2014-11-07T00:49:25.411Z,"195 km SE of Kuril’sk, Russia",earthquake,,,,13,reviewed,us,us
1991-10-19T05:33:34.860Z,44.412,149.714,33,4.2,mb,,,,1.3,us,usp0004y0r,2014-11-07T00:49:25.408Z,"171 km ESE of Kuril’sk, Russia",earthquake,,,,5,reviewed,us,us
1991-10-19T05:18:48.000Z,44.289,149.595,46.4,5.6,mb,,,,0.9,us,usp0004y0n,2022-04-28T19:02:18.800Z,"171 km SE of Kuril’sk, Russia",earthquake,,,,97,reviewed,us,us
1991-10-19T05:17:23.120Z,40.72,21.409,10,3,md,,,,1,us,usp0004y0m,2014-11-07T00:49:25.359Z,"6 km S of Flórina, Greece",earthquake,,,,,reviewed,us,ath
1991-10-19T05:10:53.600Z,53.865,-167.089,33,4.9,mb,,,,1.2,us,usp0004y0k,2020-09-14T19:13:27.019Z,"36 km W of Dutch Harbor, Alaska",earthquake,,,,38,reviewed,us,us
1991-10-19T04:59:08.290Z,53.736,-167.234,33,5.4,mw,,,,1.1,us,usp0004y0h,2022-04-28T19:02:12.955Z,"48 km WSW of Unalaska, Alaska",earthquake,,,,,reviewed,us,hrv
1991-10-19T04:57:40.920Z,40.641,21.363,10,3.9,ml,,,,1.4,us,usp0004y0g,2014-11-07T00:49:25.330Z,"12 km WNW of Léchovo, Greece",earthquake,,,,,reviewed,us,ath
1991-10-19T04:14:26.670Z,34.308,26.275,50.3,4.1,mb,,,,1.2,us,usp0004y0e,2014-11-07T00:49:25.323Z,"92 km SSE of Ierápetra, Greece",earthquake,,7.9,,18,reviewed,us,us
1991-10-19T04:09:07.530Z,53.695,-167.137,33,5,mb,,,,1,us,usp0004y0d,2020-09-14T19:13:27.582Z,"44 km WSW of Unalaska, Alaska",earthquake,,,,29,reviewed,us,us
1991-10-19T03:36:53.040Z,3.793,-76.875,100,2.8,md,,,,0.1,us,usp0004y0a,2014-11-07T00:49:25.309Z,"19 km ESE of Buenaventura, Colombia",earthquake,,,,,reviewed,us,uvc
1991-10-19T02:07:42.780Z,38.8191667,-122.78,1.973,2.5,md,36,44,0.01622,0.05,nc,nc234625,2016-12-18T19:08:36.180Z,"Northern California",earthquake,0.16,0.35,0.11,27,reviewed,nc,nc
1991-10-19T01:55:27.530Z,0.945,97.408,26.8,5.1,mb,,,,1,us,usp0004y08,2014-11-07T00:49:25.304Z,"154 km SSW of Singkil, Indonesia",earthquake,,,,22,reviewed,us,us
1991-10-19T01:29:21.900Z,-31.346,-179.647,442.4,4.2,mb,,,,0.7,us,usp0004y06,2014-11-07T00:49:25.301Z,"Kermadec Islands region",earthquake,,21.7,,1,reviewed,us,us
1991-10-18T23:31:16.660Z,36.066,139.966,66.3,4.9,mb,,,,0.8,us,usp0004y02,2014-11-07T00:49:25.294Z,"5 km S of Ishige, Japan",earthquake,,4.3,,10,reviewed,us,us
1991-10-18T23:28:20.710Z,39.731,-121.0345,42.947,2.67,md,7,254,0.3946,0.35,nc,nc234610,2016-12-18T19:07:55.017Z,"Northern California",earthquake,10.07,4.59,0.1,5,reviewed,nc,nc
1991-10-18T23:22:02.000Z,2.559,127.839,23,5,mb,,,,1.1,us,usp0004y01,2014-11-07T00:49:25.289Z,"93 km NNW of Tobelo, Indonesia",earthquake,,,,18,reviewed,us,us
1991-10-18T20:33:31.310Z,42.81,17.382,10,3.4,ml,,,,1.3,us,usp0004xzy,2014-11-07T00:49:25.281Z,"21 km SE of Lumbarda, Croatia",earthquake,,,,,reviewed,us,zag
1991-10-18T20:09:47.950Z,43.051,17.815,10,3.1,ml,,,,0.7,us,usp0004xzx,2014-11-07T00:49:25.277Z,"9 km SSW of Crni?i, Bosnia and Herzegovina",earthquake,,,,,reviewed,us,zag
1991-10-18T19:58:35.120Z,5.75,-78.44,33,4,md,,,,0.6,us,usp0004xzw,2014-11-07T00:49:25.276Z,"126 km WSW of Bahía Solano, Colombia",earthquake,,,,,reviewed,us,upa
1991-10-18T19:57:38.810Z,45.6331667,-122.8615,18.08,2.8,md,38,47,0.08524,0.14,uw,uw10281998,2016-07-23T22:37:26.420Z,"8 km N of Bethany, Oregon",earthquake,0.312,0.61,0.04,15,reviewed,uw,uw
1991-10-18T19:27:59.130Z,-24.009,-175.83,18,5.3,mb,,,,1.5,us,usp0004xzu,2014-11-07T00:49:25.267Z,"south of Tonga",earthquake,,,,14,reviewed,us,us
1991-10-18T19:12:00.000Z,37.063,-116.045,0,5.2,mb,,,,,us,usp0004xzt,2016-04-02T08:49:26.081Z,"64 km NNW of Indian Springs, Nevada",nuclear explosion,,,,46,reviewed,doe,us
1991-10-18T19:10:10.410Z,7.817,122.127,35.5,5.6,mw,,,,1.1,us,usp0004xzs,2022-04-28T19:02:11.066Z,"12 km N of Siocon, Philippines",earthquake,,,,,reviewed,us,hrv
1991-10-18T17:22:55.150Z,-24.295,-177.561,197.5,6.5,mwb,,,,1.1,us,usp0004xzr,2022-04-28T19:02:05.307Z,"south of the Fiji Islands",earthquake,,,,,reviewed,us,us
1991-10-18T16:48:50.000Z,33.702,36.792,10,4.9,mb,,,,1.5,us,usp0004xzq,2014-11-07T00:49:25.191Z,"12 km SSE of Jayr?d, Syria",earthquake,,,,5,reviewed,us,us
1991-10-18T16:23:44.350Z,41.642,47.638,33,4.5,mb,,,,1.2,us,usp0004xzp,2014-11-07T00:49:25.187Z,"13 km WNW of Kurakh, Russia",earthquake,,,,10,reviewed,us,us
1991-10-18T15:46:10.150Z,3.673,-77.026,10,3.2,md,,,,0.6,us,usp0004xzn,2014-11-07T00:49:25.186Z,"10 km NNW of Buenaventura, Colombia",earthquake,,,,,reviewed,us,uvc
1991-10-18T14:55:39.030Z,5.035,-76.096,90,3.9,md,,,,0.5,us,usp0004xzm,2014-11-07T00:49:25.185Z,"10 km WNW of La Celia, Colombia",earthquake,,,,,reviewed,us,uvc
1991-10-18T14:50:40.910Z,6.39,-77.578,25.4,4.7,mb,,,,1.3,us,usp0004xzk,2014-11-07T00:49:25.181Z,"26 km NW of Bahía Solano, Colombia",earthquake,,10.9,,8,reviewed,us,us
1991-10-18T14:49:57.690Z,38.049,20.362,13.3,3.2,md,,,,1,us,usp0004xzj,2014-11-07T00:49:25.178Z,"18 km SSW of Lixoúri, Greece",earthquake,,3.9,,,reviewed,us,the
1991-10-18T14:04:54.930Z,35.692,28.484,52.4,5.1,mw,,,,1.3,us,usp0004xzh,2022-04-28T19:01:59.364Z,"61 km SE of Lárdos, Greece",earthquake,,,,,reviewed,us,hrv
1991-10-18T12:51:56.720Z,-32.303,-71.666,33,4.2,md,,,,1,us,usp0004xzf,2014-11-07T00:49:25.134Z,"44 km WNW of La Ligua, Chile",earthquake,,,,,reviewed,us,san
1991-10-18T11:51:15.260Z,35.762,-118.038,9.88,3.01,mc,0,121.1,,0.04,ci,ci2032014,2016-02-04T22:14:58.970Z,"23km SSW of Little Lake, CA",earthquake,,0.066,,2,reviewed,ci,ci
1991-10-18T11:16:03.680Z,37.1173333,-121.8538333,3.681,3.21,md,93,39,0.01712,0.09,nc,nc234581,2016-12-18T19:06:10.290Z,"9 km N of Day Valley, California",earthquake,0.14,0.25,0.09,48,reviewed,nc,nc
1991-10-18T11:00:17.870Z,38.8018333,-122.7676667,1.213,2.52,md,34,45,0.02162,0.07,nc,nc234579,2016-12-18T19:05:57.380Z,"4 km WSW of Cobb, California",earthquake,0.16,0.34,0.24,24,reviewed,nc,nc
1991-10-18T10:57:13.070Z,34.476,139.494,33,4.4,mb,,,,0.9,us,usp0004xzc,2014-11-07T00:49:25.129Z,"55 km ESE of Shimoda, Japan",earthquake,,,,2,reviewed,us,us
1991-10-18T10:32:18.590Z,31.932,141.628,33,5.2,mb,,,,1,us,usp0004xza,2014-11-07T00:49:25.121Z,"Izu Islands, Japan region",earthquake,,,,40,reviewed,us,us
1991-10-18T09:59:05.580Z,35.9208333,-120.4696667,4.733,2.9,md,60,47,0.01802,0.08,nc,nc234575,2016-12-18T19:05:09.880Z,"4 km NW of Parkfield, California",earthquake,0.14,0.2,0.09,90,reviewed,nc,nc
1991-10-18T09:07:22.610Z,-20.468,114.003,33,4.5,mb,,,,1,us,usp0004xz9,2014-11-07T00:49:25.118Z,"162 km N of Exmouth, Australia",earthquake,,,,3,reviewed,us,us
1991-10-18T09:01:04.180Z,60.6402,-151.0153,51.4,2.7,ml,,,,0.32,ak,ak991dder46q,2020-09-14T19:13:29.733Z,"12 km NNE of Ridgeway, Alaska",earthquake,,0.9,,,reviewed,ak,ak
1991-10-18T08:56:15.410Z,16.786,121.043,33,4.8,mb,,,,1.7,us,usp0004xz5,2014-11-07T00:49:25.109Z,"6 km W of Baguinge, Philippines",earthquake,,,,7,reviewed,us,us
1991-10-18T08:13:03.580Z,3.812,-76.089,110,2.7,md,,,,0.5,us,usp0004xz3,2014-11-07T00:49:25.107Z,"12 km NW of La Cumbre, Colombia",earthquake,,,,,reviewed,us,uvc
1991-10-18T05:53:12.790Z,39.157,143.376,28.3,4.9,mb,,,,0.9,us,usp0004xz0,2014-11-07T00:49:25.100Z,"127 km ESE of Yamada, Japan",earthquake,,,,14,reviewed,us,us
1991-10-18T04:06:39.230Z,3.752,-76.304,100,2.7,md,,,,0.2,us,usp0004xyw,2014-11-07T00:49:25.096Z,"3 km ESE of Guacarí, Colombia",earthquake,,,,,reviewed,us,uvc
1991-10-18T03:52:05.670Z,23.725,121.869,10,4.7,mb,,,,1.1,us,usp0004xyv,2014-11-07T00:49:25.090Z,"38 km SE of Hualien City, Taiwan",earthquake,,,,16,reviewed,us,us
1991-10-18T03:12:47.300Z,41.214,24.027,8.1,3.7,md,,,,0.9,us,usp0004xyu,2014-11-07T00:49:25.085Z,"2 km NNE of Petroússa, Greece",earthquake,,2.6,,,reviewed,us,the
1991-10-18T02:49:51.890Z,45.6328333,-122.896,19.539,3.1,md,35,83,,0.18,uw,uw10281713,2016-07-23T22:37:18.530Z,"8 km ENE of North Plains, Oregon",earthquake,0.511,1.53,0.05,39,reviewed,uw,uw
1991-10-18T02:31:56.790Z,16.98,-61.272,31,2.9,ml,,,,0.2,us,usp0004xyr,2014-11-07T00:49:25.076Z,"54 km E of Falmouth, Antigua and Barbuda",earthquake,,7.2,,,reviewed,us,fdf
1991-10-18T02:03:53.440Z,36.076,-117.972,3.613,2.67,ml,0,87.1,,0.078,ci,ci2031983,2016-02-05T00:53:46.920Z,"4km NNW of Coso Junction, CA",earthquake,,0.032,,4,reviewed,ci,ci
1991-10-18T01:32:31.610Z,-49.503,164.569,33,4.6,mb,,,,1,us,usp0004xyp,2014-11-07T00:49:25.073Z,"Auckland Islands, New Zealand region",earthquake,,,,1,reviewed,us,us
1991-10-17T21:33:30.700Z,-17.83,-175.476,268.9,5,mb,,,,1.2,us,usp0004xyf,2014-11-07T00:49:24.891Z,"182 km WNW of Neiafu, Tonga",earthquake,,,,16,reviewed,us,us
1991-10-17T21:32:19.130Z,-14.775,-71.552,118.8,4.5,mb,,,,1.3,us,usp0004xye,2014-11-07T00:49:24.829Z,"3 km NW of Coporaque, Peru",earthquake,,20.4,,1,reviewed,us,us
1991-10-17T21:30:07.220Z,28.611,-43.538,10,4.8,mb,,,,1.2,us,usp0004xyd,2014-11-07T00:49:24.825Z,"northern Mid-Atlantic Ridge",earthquake,,,,12,reviewed,us,us
1991-10-17T21:02:51.280Z,28.533,-43.551,10,5.5,mw,,,,1,us,usp0004xyc,2022-04-28T19:01:57.706Z,"northern Mid-Atlantic Ridge",earthquake,,,,,reviewed,us,hrv
1991-10-17T21:01:52.080Z,28.67,-43.628,10,4.6,mb,,,,0.9,us,usp0004xyb,2014-11-07T00:49:24.798Z,"northern Mid-Atlantic Ridge",earthquake,,,,9,reviewed,us,us
1991-10-17T20:49:50.500Z,57.745,-142.625,10,2.5,ml,,,,,us,usp0004xya,2020-09-14T19:13:32.204Z,"261 km SW of Yakutat, Alaska",earthquake,,,,,reviewed,aei,aei
1991-10-17T19:52:08.980Z,32.104,-116.591,5.513,2.7,mc,0,288.4,,0.156,ci,ci2031955,2016-02-04T22:26:13.010Z,"24km NNE of El Sauzal, B.C., MX",earthquake,,,,18,reviewed,ci,ci
1991-10-17T19:36:44.940Z,28.929,-43.548,10,4.7,mb,,,,0.8,us,usp0004xy9,2014-11-07T00:49:24.793Z,"northern Mid-Atlantic Ridge",earthquake,,,,12,reviewed,us,us
1991-10-17T19:16:27.490Z,36.415,53.135,33,4.1,mb,,,,1.7,us,usp0004xy8,2014-11-07T00:49:24.792Z,"17 km SSE of Sari, Iran",earthquake,,,,1,reviewed,us,us
1991-10-17T18:11:57.500Z,53.11,159.615,32.2,5.1,mb,,,,1,us,usp0004xy7,2014-11-07T00:49:24.785Z,"65 km E of Petropavlovsk-Kamchatsky, Russia",earthquake,,,,42,reviewed,us,us
1991-10-17T17:46:56.820Z,86.986,63.221,10,5.3,mw,,,,1,us,usp0004xy6,2025-12-19T20:53:17.624Z,"north of Franz Josef Land",earthquake,,,,,reviewed,us,hrv
1991-10-17T16:57:27.120Z,42.936,144.998,64.7,5.1,mb,,,,0.9,us,usp0004xy5,2014-11-07T00:49:24.758Z,"51 km E of Kushiro, Japan",earthquake,,,,69,reviewed,us,us
1991-10-17T16:46:24.520Z,-28.925,-178.006,30.9,5,mb,,,,1.5,us,usp0004xy4,2014-11-07T00:49:24.752Z,"Kermadec Islands region",earthquake,,,,14,reviewed,us,us
1991-10-17T15:49:06.000Z,-5.34,135.378,33,4.7,mb,,,,0.8,us,usp0004xy3,2014-11-07T00:49:24.750Z,"219 km S of Nabire, Indonesia",earthquake,,,,3,reviewed,us,us
1991-10-17T15:43:25.620Z,-17.971,-178.654,555.6,5.4,mw,,,,1,us,usp0004xy2,2025-12-19T20:53:16.814Z,"215 km E of Levuka, Fiji",earthquake,,,,,reviewed,us,hrv
1991-10-17T15:02:14.150Z,45.382,21.167,10,3.4,m,,,,1.7,us,usp0004xxz,2014-11-07T00:49:24.723Z,"2 km ESE of Banloc, Romania",earthquake,,,,,reviewed,us,beo
1991-10-17T14:37:51.460Z,45.234,21.108,10,3.5,m,,,,0.8,us,usp0004xxy,2014-11-07T00:49:24.720Z,"1 km NW of Plandište, Serbia",earthquake,,,,,reviewed,us,beo
1991-10-17T14:09:09.680Z,-4.781,135.737,33,4.6,mb,,,,1.6,us,usp0004xxw,2014-11-07T00:49:24.716Z,"159 km S of Nabire, Indonesia",earthquake,,,,3,reviewed,us,us
1991-10-17T13:22:47.600Z,63.8245,-148.5032,97.2,2.6,ml,,,,0.17,ak,ak991dbtq3i0,2020-09-14T19:13:33.952Z,"22 km ENE of McKinley Park, Alaska",earthquake,,1,,,reviewed,ak,ak
1991-10-17T12:32:54.790Z,62.7502,-149.2107,75.7,3.1,ml,,,,0.24,ak,ak991dbt6tlz,2020-09-14T19:13:34.352Z,"56 km NE of Chase, Alaska",earthquake,,0.9,,,reviewed,ak,ak
1991-10-17T11:49:54.640Z,59.2418,-153.4938,100.5,3,ml,,,,0.19,ak,ak991dbsp160,2020-09-14T19:13:34.857Z,"66 km ESE of Pope-Vannoy Landing, Alaska",earthquake,,0.9,,,reviewed,ak,ak
1991-10-17T11:02:57.600Z,-6.21,135.326,33,4.1,mb,,,,1.1,us,usp0004xxr,2014-11-07T00:49:24.700Z,"292 km ESE of Tual, Indonesia",earthquake,,,,1,reviewed,us,us
1991-10-17T10:26:39.400Z,15.716,-60.745,10,3.5,ml,,,,0.5,us,usp0004xxq,2014-11-07T00:49:24.698Z,"60 km ENE of Marigot, Dominica",earthquake,,,,,reviewed,us,fdf
1991-10-17T09:16:28.620Z,17.911,119.89,33,4.3,mb,,,,1.1,us,usp0004xxp,2014-11-07T00:49:24.697Z,"55 km WNW of Puro Pinget, Philippines",earthquake,,,,1,reviewed,us,us
1991-10-17T09:05:20.230Z,-15.3,-173.556,35.5,6.1,mwb,,,,1.2,us,usp0004xxn,2022-04-28T19:01:55.492Z,"76 km NNE of Hihifo, Tonga",earthquake,,,,,reviewed,us,us
1991-10-17T07:40:03.760Z,36.3813333,-120.5606667,18.563,2.84,md,59,103,0.1342,0.11,nc,nc234523,2016-12-18T19:01:17.750Z,"20 km SW of Three Rocks, California",earthquake,0.25,0.43,0.15,149,reviewed,nc,nc
1991-10-17T05:42:48.970Z,2.114,-76.086,33,4.5,md,,,,1,us,usp0004xxm,2014-11-07T00:49:24.658Z,"14 km NW of Oporapa, Colombia",earthquake,,,,,reviewed,us,uvc
1991-10-17T05:35:27.220Z,60.0982,-152.9262,111.4,2.8,ml,,,,0.24,ak,ak991dbp1dea,2020-09-14T19:13:35.606Z,"68 km WNW of Happy Valley, Alaska",earthquake,,0.7,,,reviewed,ak,ak
1991-10-17T05:20:57.880Z,-4.524,135.375,22.5,5.9,mw,,,,1.2,us,usp0004xxj,2022-04-28T19:01:53.870Z,"129 km S of Nabire, Indonesia",earthquake,,,,,reviewed,us,hrv
1991-10-17T04:48:14.040Z,-34.372,-70.794,80,4.1,md,,,,0.4,us,usp0004xxg,2014-11-07T00:49:24.625Z,"7 km ENE of Rengo, Chile",earthquake,,,,,reviewed,us,san
1991-10-17T04:36:38.330Z,61.2088,-151.4263,68.8,2.7,ml,,,,0.28,ak,ak991dbog6d5,2020-09-14T19:13:36.082Z,"19 km WNW of Beluga, Alaska",earthquake,,0.7,,,reviewed,ak,ak
1991-10-17T04:28:28.220Z,62.0428,-151.5013,96.2,2.8,ml,,,,0.34,ak,ak991dboefuu,2020-09-14T19:13:36.522Z,"7 km NW of Skwentna, Alaska",earthquake,,0.7,,,reviewed,ak,ak
1991-10-17T04:19:49.490Z,-7.008,127.823,338,4.7,mb,,,,0.8,us,usp0004xxd,2014-11-07T00:49:24.612Z,"190 km NNE of Lospalos, Timor Leste",earthquake,,11.5,,2,reviewed,us,us
1991-10-17T04:13:41.660Z,-32.325,-178.602,33,5.4,mb,,,,1.3,us,usp0004xxc,2014-11-07T00:49:24.609Z,"south of the Kermadec Islands",earthquake,,,,3,reviewed,us,us
1991-10-17T01:52:33.440Z,17.14,-61.987,23.2,2.7,ml,,,,0.2,us,usp0004xxa,2014-11-07T00:49:24.607Z,"14 km NW of Bolands, Antigua and Barbuda",earthquake,,10.5,,,reviewed,us,fdf
1991-10-17T00:07:38.120Z,63.2762,-150.4335,127.3,2.6,ml,,,,0.12,ak,ak991dblw85w,2020-09-14T19:13:38.445Z,"70 km ESE of Denali National Park, Alaska",earthquake,,3.2,,,reviewed,ak,ak
1991-10-16T23:32:16.730Z,48.84,154.972,33,4.8,mb,,,,0.8,us,usp0004xx5,2014-11-07T00:49:24.600Z,"220 km SSW of Severo-Kuril’sk, Russia",earthquake,,,,5,reviewed,us,us
1991-10-16T18:19:41.650Z,39.676,118.484,10,3.7,ml,,,,1.7,us,usp0004xx0,2014-11-07T00:49:24.593Z,"4 km SE of Linxi, China",earthquake,,,,,reviewed,us,bji
1991-10-16T18:16:33.830Z,-6.918,155.547,33,4.6,mb,,,,0.7,us,usp0004xwz,2014-11-07T00:49:24.591Z,"66 km S of Panguna, Papua New Guinea",earthquake,,,,2,reviewed,us,us
1991-10-16T17:56:45.770Z,3.929,-76.959,33,2.7,md,,,,0.2,us,usp0004xwy,2014-11-07T00:49:24.590Z,"9 km NE of Buenaventura, Colombia",earthquake,,,,,reviewed,us,uvc
1991-10-16T17:39:30.040Z,48.406,155.284,28.5,5,mb,,,,1.2,us,usp0004xww,2014-11-07T00:49:24.581Z,"259 km SSW of Severo-Kuril’sk, Russia",earthquake,,,,43,reviewed,us,us
1991-10-16T17:23:57.370Z,49.091,-0.719,10,2.7,ml,,,,0.5,us,usp0004xwv,2014-11-07T00:49:24.580Z,"4 km NE of Cahagnes, France",earthquake,,,,,reviewed,us,ldg
1991-10-16T17:18:57.250Z,3.84,-77.006,33,3.5,md,,,,0.6,us,usp0004xwu,2014-11-07T00:49:24.578Z,"5 km SSE of Buenaventura, Colombia",earthquake,,,,,reviewed,us,uvc
1991-10-16T17:06:22.480Z,-10.502,123.878,58.6,4.7,mb,,,,1.6,us,usp0004xwt,2014-11-07T00:49:24.575Z,"47 km SE of Kupang, Indonesia",earthquake,,24.8,,6,reviewed,us,us
1991-10-16T16:40:11.370Z,4.263,-76.332,110,3.3,md,,,,0.8,us,usp0004xws,2014-11-07T00:49:24.574Z,"5 km NNW of Trujillo, Colombia",earthquake,,,,,reviewed,us,uvc
1991-10-16T16:29:20.280Z,34.742,58.921,33,4.4,mb,,,,1.1,us,usp0004xwr,2014-11-07T00:49:24.572Z,"48 km NNE of Gon?b?d, Iran",earthquake,,,,1,reviewed,us,us
1991-10-16T16:09:34.840Z,60.6928,-151.914,80.5,2.5,ml,,,,0.2,ak,ak991da7w8j0,2020-09-14T19:13:41.354Z,"33 km WNW of Salamatof, Alaska",earthquake,,0.7,,,reviewed,ak,ak
1991-10-16T14:07:13.500Z,36.8641667,-121.5956667,6.889,2.8,md,80,51,0.02072,0.08,nc,nc234480,2016-12-18T18:58:30.520Z,"Central California",earthquake,0.12,0.22,0.13,104,reviewed,nc,nc
1991-10-16T13:14:53.700Z,63.4368,-144.4275,9.5,3.3,ml,,,,1.09,ak,ak991da651qy,2020-09-14T19:13:41.839Z,"Central Alaska",earthquake,,7.5,,,reviewed,ak,ak
1991-10-16T13:06:45.920Z,-4.624,134.344,33,4.6,mb,,,,1.4,us,usp0004xwj,2014-11-07T00:49:24.563Z,"189 km SW of Nabire, Indonesia",earthquake,,,,4,reviewed,us,us
1991-10-16T11:53:54.180Z,-10.427,123.699,33,5.1,mb,,,,1.2,us,usp0004xwf,2014-11-07T00:49:24.554Z,"30 km SSE of Kupang, Indonesia",earthquake,,,,20,reviewed,us,us
1991-10-16T11:49:55.860Z,-4.388,134.606,33,4.3,mb,,,,1.6,us,usp0004xwe,2014-11-07T00:49:24.553Z,"150 km SW of Nabire, Indonesia",earthquake,,,,2,reviewed,us,us
1991-10-16T11:34:54.370Z,-14.056,167.277,206.5,4.6,mb,,,,1.1,us,usp0004xwc,2014-11-07T00:49:24.546Z,"35 km SW of Sola, Vanuatu",earthquake,,28.5,,7,reviewed,us,us
1991-10-16T11:22:29.980Z,57.006,-154.4317,70.5,3.3,ml,,,,0.17,ak,ak991da4zufq,2020-09-14T19:13:42.829Z,"17 km WNW of Akhiok, Alaska",earthquake,,12.2,,,reviewed,ak,ak
1991-10-16T10:53:54.800Z,-4.729,143.708,115.7,4.6,mb,,,,0.9,us,usp0004xwa,2014-11-07T00:49:24.540Z,"New Guinea, Papua New Guinea",earthquake,,14,,4,reviewed,us,us
1991-10-16T10:05:59.320Z,-24.606,-69.022,99.5,4.6,mb,,,,1.6,us,usp0004xw9,2014-11-07T00:49:24.537Z,"172 km ENE of Taltal, Chile",earthquake,,,,2,reviewed,us,us
1991-10-16T08:44:38.520Z,60.7085,-151.6563,72.5,2.6,ml,,,,0.28,ak,ak991da3ca18,2020-09-14T19:13:43.189Z,"20 km W of Nikiski, Alaska",earthquake,,0.7,,,reviewed,ak,ak
1991-10-16T08:11:44.000Z,12.489,-59.98,33,4.2,mb,,,,1.3,us,usp0004xw3,2014-11-07T00:49:24.508Z,"78 km SSW of Bridgetown, Barbados",earthquake,,,,1,reviewed,us,us
1991-10-16T06:59:59.610Z,-7.283,129.829,130.3,4.4,mb,,,,1.7,us,usp0004xw1,2014-11-07T00:49:24.504Z,"Kepulauan Babar, Indonesia",earthquake,,32.6,,1,reviewed,us,us
1991-10-16T06:05:55.080Z,32.456,142.312,35.1,5.1,mb,,,,0.9,us,usp0004xw0,2014-11-07T00:49:24.478Z,"Izu Islands, Japan region",earthquake,,,,50,reviewed,us,us
1991-10-16T05:25:19.920Z,-7.508,128.117,151.4,5,mb,,,,1.2,us,usp0004xvz,2014-11-07T00:49:24.475Z,"166 km NE of Lospalos, Timor Leste",earthquake,,13.6,,13,reviewed,us,us
1991-10-16T03:23:20.150Z,58.7642,-153.2145,61.2,2.5,ml,,,,0.11,ak,ak991da08kjz,2020-09-14T19:13:44.030Z,"80 km NNW of Aleneva, Alaska",earthquake,,1.7,,,reviewed,ak,ak
1991-10-16T03:06:14.900Z,-9.633,119.806,45.8,5.2,mb,,,,1.5,us,usp0004xvv,2014-11-07T00:49:24.462Z,"50 km W of Waingapu, Indonesia",earthquake,,,,30,reviewed,us,us
1991-10-16T01:36:08.490Z,57.255,-152.5397,46.6,2.8,ml,,,,0.26,ak,ak991d9z4gr5,2020-09-14T19:13:45.135Z,"42 km SSW of Chiniak, Alaska",earthquake,,0.8,,,reviewed,ak,ak
1991-10-15T23:15:28.890Z,40.375,106.11,10,3.7,ml,,,,0.7,us,usp0004xvr,2014-11-07T00:49:24.356Z,"97 km NW of Wuhai, China",earthquake,,,,,reviewed,us,bji
1991-10-15T23:00:55.060Z,34.433,26.24,21.3,5.2,mb,,,,1.4,us,usp0004xvq,2014-11-07T00:49:24.204Z,"78 km SE of Ierápetra, Greece",earthquake,,6.7,,44,reviewed,us,us
1991-10-15T20:20:09.270Z,43.91,87.077,29.9,4.3,mb,,,,0.9,us,usp0004xvn,2014-11-07T00:49:24.200Z,"21 km WSW of Changji, China",earthquake,,,,2,reviewed,us,us
1991-10-15T19:11:00.950Z,30.565,79.311,33,4.5,mb,,,,1.1,us,usp0004xvj,2014-11-07T00:49:24.195Z,"19 km NW of P?palkoti, India",earthquake,,,,9,reviewed,us,us
1991-10-15T18:47:57.520Z,-9.271,158.888,33,4.1,mb,,,,0.5,us,usp0004xvg,2014-11-07T00:49:24.191Z,"102 km WNW of Malango, Solomon Islands",earthquake,,,,3,reviewed,us,us
1991-10-15T17:54:06.630Z,-9.172,158.458,33,4.5,mb,,,,0.7,us,usp0004xve,2014-11-07T00:49:24.188Z,"149 km WNW of Malango, Solomon Islands",earthquake,,,,5,reviewed,us,us
1991-10-15T16:18:01.730Z,-6.494,130.043,136.8,6.2,mw,,,,1.1,us,usp0004xvd,2022-04-28T19:01:52.301Z,"Banda Sea",earthquake,,,,,reviewed,us,hrv
1991-10-15T15:51:52.520Z,3.909,-77.006,33,2.5,md,,,,0.1,us,usp0004xvc,2014-11-07T00:49:24.138Z,"4 km NE of Buenaventura, Colombia",earthquake,,,,,reviewed,us,uvc
1991-10-15T15:28:34.900Z,60.9783,-147.299,24.7,2.6,ml,,,,0.33,ak,ak991d8jvj1e,2020-09-14T19:13:45.848Z,"35 km WNW of Tatitlek, Alaska",earthquake,,0.5,,,reviewed,ak,ak
1991-10-15T15:26:39.850Z,35.545,22.608,33,3.1,ml,,,,0.8,us,usp0004xva,2014-11-07T00:49:24.135Z,"75 km SSW of Kýthira, Greece",earthquake,,,,,reviewed,us,ath
1991-10-15T13:25:32.790Z,-31.94,-69.384,100,4,md,,,,1,us,usp0004xv8,2014-11-07T00:49:24.131Z,"67 km S of Calingasta, Argentina",earthquake,,,,,reviewed,us,san
1991-10-15T11:18:18.820Z,33.895,-116.164,3.274,2.88,ml,0,99.7,,0.124,ci,ci2031745,2016-02-04T22:37:33.680Z,"20km NNE of Indio, CA",earthquake,,0.021,,4,reviewed,ci,ci
1991-10-15T10:56:22.280Z,-16.807,177.22,16.9,4.7,mb,,,,1.6,us,usp0004xv6,2014-11-07T00:49:24.126Z,"92 km NNW of Lautoka, Fiji",earthquake,,10.4,,2,reviewed,us,us
1991-10-15T10:34:36.390Z,-9.121,158.48,33,4.3,mb,,,,0.7,us,usp0004xv5,2014-11-07T00:49:24.125Z,"150 km WNW of Malango, Solomon Islands",earthquake,,,,2,reviewed,us,us
1991-10-15T09:07:17.410Z,-9.131,158.395,25.7,5.3,mw,,,,1.2,us,usp0004xv2,2022-04-28T19:01:51.336Z,"158 km WNW of Malango, Solomon Islands",earthquake,,,,,reviewed,us,hrv
1991-10-15T07:45:11.540Z,10.456,-62.719,45.4,4.9,mb,,,,1.2,us,usp0004xuz,2014-11-07T00:49:24.103Z,"47 km WSW of Güiria, Venezuela",earthquake,,6.3,,10,reviewed,us,us
1991-10-15T07:43:57.300Z,63.5085,-149.8627,7.6,2.6,ml,,,,0.21,ak,ak991d8f7bo2,2020-09-14T19:13:46.907Z,"47 km WNW of Cantwell, Alaska",earthquake,,0.7,,,reviewed,ak,ak
1991-10-15T05:34:50.310Z,17.847,-77.198,10,2.5,md,,,,0.1,us,usp0004xuu,2014-11-07T00:49:24.097Z,"5 km SE of Hayes, Jamaica",earthquake,,,,,reviewed,us,hoj
1991-10-15T04:42:53.830Z,33.457,-116.466,9.283,2.63,mc,0,87,,0.046,ci,ci2031731,2016-02-04T22:26:11.360Z,"22km ESE of Anza, CA",earthquake,,0.85,,3,reviewed,ci,ci
1991-10-15T04:26:29.810Z,-8.812,158.011,33,4.3,mb,,,,1.7,us,usp0004xur,2014-11-07T00:49:24.094Z,"150 km ESE of Gizo, Solomon Islands",earthquake,,,,3,reviewed,us,us
1991-10-15T04:03:55.770Z,2.442,-77.273,90,4,md,,,,0.6,us,usp0004xuq,2014-11-07T00:49:24.092Z,"20 km N of Argelia, Colombia",earthquake,,,,,reviewed,us,uvc
1991-10-15T03:30:22.150Z,-9.029,158.214,16.2,5,mb,,,,0.9,us,usp0004xup,2014-11-07T00:49:24.087Z,"180 km WSW of Buala, Solomon Islands",earthquake,,,,18,reviewed,us,us
1991-10-15T03:12:32.110Z,34.426,46.694,9.6,4.4,mb,,,,1.4,us,usp0004xun,2014-11-07T00:49:24.082Z,"33 km W of Kahr?z, Iran",earthquake,,5.2,,9,reviewed,us,us
1991-10-15T03:10:21.240Z,5.466,-82.513,33,4,mb,,,,1,us,usp0004xum,2014-11-07T00:49:24.080Z,"278 km SW of Arenas, Panama",earthquake,,,,1,reviewed,us,us
1991-10-15T02:12:07.420Z,36.223,27.023,10,3.5,md,,,,1.6,us,usp0004xuh,2014-11-07T00:49:24.074Z,"44 km SSW of Mandráki, Greece",earthquake,,,,,reviewed,us,ath
1991-10-15T00:44:55.230Z,38.9423333,-111.3938333,3,2.52,md,7,98,0.1638,0.09,uu,uu50060095,2018-08-28T04:27:00.070Z,"12 km W of Emery, Utah",earthquake,0.55,6.62,,5,reviewed,uu,uu
1991-10-15T00:31:42.290Z,6.879,-73.099,161,4.4,mb,,,,1.2,us,usp0004xue,2014-11-07T00:49:24.069Z,"13 km SSW of Piedecuesta, Colombia",earthquake,,11.7,,1,reviewed,us,us
1991-10-14T23:16:11.840Z,40.176,25.254,10,3.8,ml,,,,0.6,us,usp0004xud,2014-11-07T00:49:24.064Z,"37 km NNE of Mýrina, Greece",earthquake,,,,,reviewed,us,ath
1991-10-14T22:32:52.140Z,-17.256,-174.368,180.6,4.5,mb,,,,1,us,usp0004xub,2014-11-07T00:49:24.035Z,"156 km SSW of Hihifo, Tonga",earthquake,,22.9,,8,reviewed,us,us
1991-10-14T21:59:34.620Z,4.221,-76.94,33,3.1,md,,,,0.9,us,usp0004xua,2014-11-07T00:49:24.034Z,"39 km NNE of Buenaventura, Colombia",earthquake,,,,,reviewed,us,uvc
1991-10-14T20:56:13.580Z,45.452,21.129,10.6,4,m,,,,1.2,us,usp0004xu9,2014-11-07T00:49:24.030Z,"1 km SSW of Ghilad, Romania",earthquake,,4,,,reviewed,us,beo
1991-10-14T20:40:47.750Z,44.088,19.138,10,3.1,ml,,,,1.3,us,usp0004xu8,2014-11-07T00:49:24.026Z,"9 km SSE of Mili?i, Bosnia and Herzegovina",earthquake,,,,,reviewed,us,ttg
1991-10-14T20:36:18.250Z,-9.22,158.824,34.2,4.9,mb,,,,1.1,us,usp0004xu7,2014-11-07T00:49:24.022Z,"111 km WNW of Malango, Solomon Islands",earthquake,,,,11,reviewed,us,us
1991-10-14T20:34:46.590Z,52.917,-175.389,234.5,4.6,mb,,,,0.9,us,usp0004xu6,2020-09-14T19:13:48.638Z,"113 km NW of Atka, Alaska",earthquake,,6.7,,19,reviewed,us,us
1991-10-14T19:56:08.460Z,-9.176,158.339,25.2,4.8,mb,,,,0.9,us,usp0004xu4,2014-11-07T00:49:24.011Z,"161 km WNW of Malango, Solomon Islands",earthquake,,,,13,reviewed,us,us
1991-10-14T19:54:00.350Z,36.629,141.113,52.2,4.6,mb,,,,1.2,us,usp0004xu3,2014-11-07T00:49:24.006Z,"36 km ESE of Takahagi, Japan",earthquake,,7,,6,reviewed,us,us
1991-10-14T19:31:51.800Z,-9.207,158.728,26.1,5,ms,,,,1,us,usp0004xu1,2014-11-07T00:49:23.999Z,"121 km WNW of Malango, Solomon Islands",earthquake,,,,1,reviewed,us,us
1991-10-14T19:20:44.350Z,-4.611,102.854,83.9,4.3,mb,,,,0.5,us,usp0004xu0,2014-11-07T00:49:23.998Z,"78 km SW of Pagar Alam, Indonesia",earthquake,,10.9,,2,reviewed,us,us
1991-10-14T19:10:06.120Z,-9.133,158.671,33,3.9,mb,,,,0.6,us,usp0004xtz,2014-11-07T00:49:23.996Z,"130 km WNW of Malango, Solomon Islands",earthquake,,,,2,reviewed,us,us
1991-10-14T18:30:39.320Z,-9.113,158.675,33,4.4,mb,,,,1.2,us,usp0004xtx,2014-11-07T00:49:23.994Z,"131 km WNW of Malango, Solomon Islands",earthquake,,,,2,reviewed,us,us
1991-10-14T18:16:23.240Z,-8.94,158.23,21.8,4.9,mb,,,,1.1,us,usp0004xtw,2014-11-07T00:49:23.989Z,"173 km WSW of Buala, Solomon Islands",earthquake,,,,14,reviewed,us,us
1991-10-14T16:55:53.010Z,-9.026,158.356,18.9,6.1,ms,,,,0.9,us,usp0004xtu,2022-04-28T19:01:45.531Z,"166 km WNW of Malango, Solomon Islands",earthquake,,,,1,reviewed,us,us
1991-10-14T16:53:15.400Z,11.326,-60.804,10,4.2,mb,,,,0.9,us,usp0004xtt,2014-11-07T00:49:23.976Z,"17 km NNW of Scarborough, Trinidad and Tobago",earthquake,,,,2,reviewed,us,us
1991-10-14T16:16:57.220Z,-9.08,158.599,31.3,6.4,ms,,,,0.9,us,usp0004xts,2022-04-28T19:01:43.651Z,"140 km WNW of Malango, Solomon Islands",earthquake,,,,2,reviewed,us,us
1991-10-14T15:59:15.680Z,-4.533,135.564,33,5.3,mb,,,,1,us,usp0004xtr,2014-11-07T00:49:23.948Z,"129 km S of Nabire, Indonesia",earthquake,,,,12,reviewed,us,us
1991-10-14T15:58:12.790Z,-9.094,158.442,23.4,7.2,mw,,,,1.3,us,usp0004xtq,2022-04-28T19:01:37.662Z,"155 km WNW of Malango, Solomon Islands",earthquake,,,,,reviewed,us,hrv
1991-10-14T15:46:46.910Z,14.282,-90.8,31.5,4.4,mb,,,,1.2,us,usp0004xtp,2014-11-07T00:49:23.890Z,"Guatemala",earthquake,,13.6,,1,reviewed,us,us
1991-10-14T15:30:19.740Z,38.9408333,-111.386,2.61,2.72,md,8,99,0.1633,0.13,uu,uu50060090,2018-08-28T04:26:59.420Z,"12 km W of Emery, Utah",earthquake,0.66,7.83,,3,reviewed,uu,uu
1991-10-14T15:24:02.550Z,38.9386667,-111.3871667,3.25,2.76,md,7,99,0.161,0.09,uu,uu50060085,2018-08-28T04:26:58.780Z,"12 km W of Emery, Utah",earthquake,0.46,4.9,,4,reviewed,uu,uu
1991-10-14T15:23:21.670Z,51.212,15.734,10,2.8,ml,,,,1.6,us,usp0004xtn,2014-11-07T00:49:23.888Z,"4 km W of Olszanica, Poland",earthquake,,,,,reviewed,us,war
1991-10-14T15:07:18.770Z,4.199,-76.225,110,3.6,md,,,,0.6,us,usp0004xtm,2014-11-07T00:49:23.887Z,"7 km WNW of Andalucía, Colombia",earthquake,,,,,reviewed,us,uvc
1991-10-14T14:35:55.730Z,-18.094,-178.442,582.8,5.4,mw,,,,1.1,us,usp0004xtj,2025-12-19T20:53:16.096Z,"237 km E of Levuka, Fiji",earthquake,,3.9,,,reviewed,us,hrv
1991-10-14T14:02:34.730Z,-4.655,144.353,160.3,4,mb,,,,1.4,us,usp0004xth,2014-11-07T00:49:23.871Z,"72 km SSE of Angoram, Papua New Guinea",earthquake,,17.8,,1,reviewed,us,us
1991-10-14T12:45:22.870Z,40.3195,-124.5963333,19.776,2.71,md,30,237,0.2324,0.09,nc,nc234380,2016-12-18T18:51:55.090Z,"40 km SW of Ferndale, California",earthquake,1.27,0.35,0.16,19,reviewed,nc,nc
1991-10-14T09:18:02.280Z,2.299,-74.857,33,3.2,md,,,,0.2,us,usp0004xtb,2014-11-07T00:49:23.861Z,"54 km NE of Puerto Rico, Colombia",earthquake,,,,,reviewed,us,uvc
1991-10-14T08:29:46.320Z,39.694,20.681,15.5,3.7,mb,,,,1.2,us,usp0004xta,2014-11-07T00:49:23.855Z,"4 km WSW of Rodotópi, Greece",earthquake,,4.7,,2,reviewed,us,us
1991-10-14T08:20:09.550Z,1.773,127.312,137.2,5,mb,,,,0.7,us,usp0004xt9,2014-11-07T00:49:23.853Z,"77 km W of Tobelo, Indonesia",earthquake,,7.4,,8,reviewed,us,us
1991-10-14T08:18:29.790Z,23.977,122.634,45.3,4.3,mb,,,,1.1,us,usp0004xt8,2014-11-07T00:49:23.850Z,"65 km SW of Yonakuni, Japan",earthquake,,16.5,,6,reviewed,us,us
1991-10-14T08:09:53.600Z,16.963,-60.793,33,2.9,ml,,,,0.4,us,usp0004xt7,2014-11-07T00:49:23.849Z,"78 km NNE of Beauséjour, Guadeloupe",earthquake,,,,,reviewed,us,fdf
1991-10-14T07:29:37.440Z,36.482,-11.566,33,3.6,md,,,,1.3,us,usp0004xt5,2014-11-07T00:49:23.844Z,"241 km WSW of Sagres, Portugal",earthquake,,,,,reviewed,us,rba
1991-10-14T06:57:23.080Z,2.436,127.756,33,4.6,mb,,,,1.7,us,usp0004xt4,2014-11-07T00:49:23.842Z,"83 km NNW of Tobelo, Indonesia",earthquake,,,,4,reviewed,us,us
1991-10-14T06:55:13.560Z,2.534,128.033,33,4.7,mb,,,,1.6,us,usp0004xt3,2014-11-07T00:49:23.839Z,"89 km N of Tobelo, Indonesia",earthquake,,,,5,reviewed,us,us
1991-10-14T05:55:25.170Z,-6.045,154.442,417.5,5.2,mb,,,,0.9,us,usp0004xt2,2014-11-07T00:49:23.822Z,"119 km WNW of Panguna, Papua New Guinea",earthquake,,5.4,,19,reviewed,us,us
1991-10-14T04:38:17.360Z,6.805,-73.06,157.5,4,mb,,,,1,us,usp0004xt0,2014-11-07T00:49:23.819Z,"northern Colombia",earthquake,,8.2,,2,reviewed,us,us
1991-10-14T02:49:37.590Z,3.867,-76.773,33,3.1,md,,,,1.1,us,usp0004xsw,2014-11-07T00:49:23.792Z,"25 km NNW of Dagua, Colombia",earthquake,,,,,reviewed,us,uvc
1991-10-14T00:37:14.790Z,2.608,-75.757,33,3.5,md,,,,0.2,us,usp0004xst,2014-11-07T00:49:23.787Z,"9 km NE of Nátaga, Colombia",earthquake,,,,,reviewed,us,uvc
1991-10-13T23:12:57.660Z,59.8983,-152.4437,88.5,3.1,ml,,,,0.26,ak,ak991d5dgx6u,2020-09-14T19:13:52.016Z,"36 km WNW of Anchor Point, Alaska",earthquake,,0.8,,,reviewed,ak,ak
1991-10-13T19:46:46.150Z,34.27,-117.952,7.695,2.7,ml,0,34,,0.174,ci,ci2031646,2016-02-05T00:42:21.870Z,"14km N of Bradbury, CA",earthquake,,0.153,,5,reviewed,ci,ci
1991-10-13T19:03:38.110Z,26.244,140.252,188.7,4,mb,,,,1.6,us,usp0004xsp,2014-11-07T00:49:23.778Z,"Bonin Islands, Japan region",earthquake,,32.8,,5,reviewed,us,us
1991-10-13T18:12:20.330Z,-56.097,-122.633,10,6.3,mw,,,,1.3,us,usp0004xsk,2024-01-17T20:45:18.866Z,"southern East Pacific Rise",earthquake,,,,,reviewed,us,hrv
1991-10-13T17:43:45.370Z,61.809,-154.0675,-2.3,2.7,ml,,,,0.4,ak,ak991d5a2xt5,2020-09-14T19:13:52.830Z,"88 km NE of Lime Village, Alaska",earthquake,,1.6,,,reviewed,ak,ak
1991-10-13T17:14:43.370Z,19.307,-155.2216667,7.895,2.51,ml,41,84,,0.11,hv,hv386920,2020-03-31T18:54:37.020Z,"15 km S of Volcano, Hawaii",earthquake,0.44,0.54,0.06,2,reviewed,hv,hv
1991-10-13T16:27:03.620Z,37.34,-2.381,10,2.7,mblg,,,,0.8,us,usp0004xsf,2014-11-07T00:49:23.747Z,"0 km ENE of Suflí, Spain",earthquake,,,,,reviewed,us,mdd
1991-10-13T16:07:34.050Z,-31.863,-70.362,132.1,4.7,mb,,,,0.9,us,usp0004xse,2014-11-07T00:49:23.744Z,"57 km E of Salamanca, Chile",earthquake,,7.9,,2,reviewed,us,us
1991-10-13T15:38:23.340Z,27.789,53.017,21.8,4.7,mb,,,,1.3,us,usp0004xsd,2014-11-07T00:49:23.741Z,"29 km NNE of Mohr, Iran",earthquake,,10.4,,6,reviewed,us,us
1991-10-13T15:33:06.490Z,-34.014,-70.605,10,4.1,md,,,,0.8,us,usp0004xsc,2014-11-07T00:49:23.739Z,"12 km ENE of Graneros, Chile",earthquake,,,,,reviewed,us,san
1991-10-13T15:33:00.210Z,4.04,-77.04,33,3.3,md,,,,0.5,us,usp0004xsb,2014-11-07T00:49:23.738Z,"near the west coast of Colombia",earthquake,,,,,reviewed,us,uvc
1991-10-13T14:25:40.770Z,38.345,22.123,5,3,ml,,,,1.6,us,usp0004xs9,2014-11-07T00:49:23.735Z,"10 km NE of Rododáfni, Greece",earthquake,,,,,reviewed,us,ath
1991-10-13T14:24:42.090Z,41.8351667,-125.5835,14.02,2.95,md,15,303,1.277,0.06,nc,nc247081,2016-12-18T18:49:18.951Z,"109 km WSW of Pistol River, Oregon",earthquake,3.8,5.69,0.07,10,reviewed,nc,nc
1991-10-13T13:44:53.660Z,-4.691,129.422,137.4,4.8,mb,,,,1.3,us,usp0004xs6,2014-11-07T00:49:23.730Z,"159 km SSE of Amahai, Indonesia",earthquake,,12.1,,6,reviewed,us,us
1991-10-13T12:55:12.510Z,17.499,-95.66,106.2,3.9,mb,,,,1.3,us,usp0004xs5,2014-11-07T00:49:23.728Z,"6 km SSW of Tatahuicapá, Mexico",earthquake,,11.1,,3,reviewed,us,us
1991-10-13T11:39:02.080Z,2.48,-76.991,90,4.1,md,,,,0.4,us,usp0004xs3,2014-11-07T00:49:23.725Z,"16 km WSW of Villa Rica, Colombia",earthquake,,,,,reviewed,us,uvc
1991-10-13T07:55:50.650Z,-20.504,-69.149,115.9,4.5,mb,,,,1.6,us,usp0004xs1,2014-11-07T00:49:23.722Z,"109 km ESE of Iquique, Chile",earthquake,,12.9,,2,reviewed,us,us
1991-10-13T07:28:27.530Z,27.866,51.748,33,4.3,mb,,,,1.1,us,usp0004xrz,2014-11-07T00:49:23.718Z,"117 km WNW of Mohr, Iran",earthquake,,,,2,reviewed,us,us
1991-10-13T06:12:23.760Z,2.422,126.903,33,5,mb,,,,1.1,us,usp0004xry,2014-11-07T00:49:23.715Z,"145 km WNW of Tobelo, Indonesia",earthquake,,,,10,reviewed,us,us
1991-10-13T05:18:31.540Z,39.575,21.207,10,2.5,md,,,,1,us,usp0004xrx,2014-11-07T00:49:23.713Z,"10 km ENE of Prámanta, Greece",earthquake,,,,,reviewed,us,the
1991-10-13T03:47:37.360Z,52.684,158.961,33,4.6,mb,,,,0.9,us,usp0004xrt,2014-11-07T00:49:23.707Z,"45 km SSE of Petropavlovsk-Kamchatsky, Russia",earthquake,,,,7,reviewed,us,us
1991-10-13T01:46:12.180Z,9.746,126.69,33,4.8,mb,,,,1.2,us,usp0004xrr,2014-11-07T00:49:23.704Z,"63 km E of Union, Philippines",earthquake,,,,8,reviewed,us,us
1991-10-13T00:57:53.280Z,2.453,127.727,26.5,5.9,mw,,,,1.3,us,usp0004xrq,2022-04-28T19:01:25.789Z,"86 km NNW of Tobelo, Indonesia",earthquake,,,,,reviewed,us,hrv
1991-10-13T00:55:18.760Z,2.325,127.62,24.4,5,mb,,,,1,us,usp0004xrp,2014-11-07T00:49:23.680Z,"78 km NNW of Tobelo, Indonesia",earthquake,,,,11,reviewed,us,us
1991-10-13T00:47:47.950Z,-34.019,-68.237,10.2,4,md,,,,0.7,us,usp0004xrn,2014-11-07T00:49:23.678Z,"66 km N of San Rafael, Argentina",earthquake,,3.7,,,reviewed,us,san
1991-10-13T00:46:55.230Z,-1.796,134.102,33,4.8,mb,,,,0.7,us,usp0004xrm,2014-11-07T00:49:23.676Z,"103 km S of Manokwari, Indonesia",earthquake,,,,6,reviewed,us,us
1991-10-12T23:03:51.740Z,61.933,-148.4823,35.5,2.5,ml,,,,0.3,ak,ak991d3pvmsm,2020-09-14T19:13:55.691Z,"15 km N of Chickaloon, Alaska",earthquake,,1,,,reviewed,ak,ak
1991-10-12T21:54:33.060Z,59.8933,-152.9887,117.4,4.1,mb,,,,0.15,ak,ak991d3oznnu,2020-09-14T19:13:56.742Z,"63 km E of Pedro Bay, Alaska",earthquake,,0.8,,,reviewed,ak,ak
1991-10-12T21:00:17.880Z,40.19,25.625,10,2.9,md,,,,1,us,usp0004xrg,2014-11-07T00:49:23.659Z,"24 km W of Gökçeada, Turkey",earthquake,,,,,reviewed,us,ath
1991-10-12T20:49:22.870Z,40.164,25.585,10,3,md,,,,0.6,us,usp0004xrf,2014-11-07T00:49:23.657Z,"27 km W of Gökçeada, Turkey",earthquake,,,,,reviewed,us,ath
1991-10-12T20:07:05.010Z,-17.084,168.121,33,4.8,ms,,,,1.2,us,usp0004xrd,2014-11-07T00:49:23.653Z,"75 km NNW of Port-Vila, Vanuatu",earthquake,,,,1,reviewed,us,us
1991-10-12T18:59:21.410Z,15.426,-98.339,33,4,mb,,,,1.1,us,usp0004xrc,2014-11-07T00:49:23.651Z,"91 km S of Corralero, Mexico",earthquake,,,,2,reviewed,us,us
1991-10-12T18:42:38.420Z,-7.025,130.124,139.7,5,mb,,,,1,us,usp0004xrb,2014-11-07T00:49:23.648Z,"Pulau Pulau Tanimbar, Indonesia",earthquake,,11,,7,reviewed,us,us
1991-10-12T18:19:42.980Z,37.513,23.514,10,3.5,md,,,,1.1,us,usp0004xra,2014-11-07T00:49:23.646Z,"5 km ENE of Póros, Greece",earthquake,,,,,reviewed,us,ath
1991-10-12T17:56:37.730Z,41.593,20.873,10,2.6,md,,,,0.5,us,usp0004xr9,2014-11-07T00:49:23.644Z,"5 km WSW of Zajas, North Macedonia",earthquake,,,,,reviewed,us,the
1991-10-12T16:59:35.460Z,33.897,-116.158,3.374,2.53,mc,0,101.2,,0.08,ci,ci2031546,2016-02-04T23:11:12.650Z,"20km NNE of Indio, CA",earthquake,,0.011,,40,reviewed,ci,ci
1991-10-12T16:58:14.020Z,40.3056667,-124.5515,19.936,3,ml,27,234,0.1955,0.07,nc,nc234304,2016-12-18T18:46:50.870Z,"38 km SW of Ferndale, California",earthquake,0.95,0.25,,0,reviewed,nc,nc
1991-10-12T16:37:41.420Z,40.195,25.626,10,3.5,ml,,,,0.7,us,usp0004xr7,2014-11-07T00:49:23.639Z,"Aegean Sea",earthquake,,,,,reviewed,us,ath
1991-10-12T16:32:37.910Z,40.199,25.64,12,4.8,mb,,,,1,us,usp0004xr6,2014-11-07T00:49:23.629Z,"22 km W of Gökçeada, Turkey",earthquake,,1.8,,6,reviewed,us,us
1991-10-12T16:26:24.860Z,-13.742,166.673,43.8,6.3,mwb,,,,1.2,us,usp0004xr5,2022-04-28T19:01:20.136Z,"96 km W of Sola, Vanuatu",earthquake,,,,,reviewed,us,us
1991-10-12T16:22:28.570Z,35.844,22.384,55.8,4.4,mb,,,,1.2,us,usp0004xr4,2014-11-07T00:49:23.574Z,"64 km WSW of Kýthira, Greece",earthquake,,33.1,,1,reviewed,us,us
1991-10-12T15:24:51.320Z,39.794,113.876,10,3.5,ml,,,,0.3,us,usp0004xr2,2014-11-07T00:49:23.571Z,"60 km SE of Datong, China",earthquake,,,,,reviewed,us,bji
1991-10-12T15:21:35.150Z,33.894,-116.161,2.934,3.17,ml,0,100.3,,0.126,ci,ci2031534,2016-02-05T01:05:31.400Z,"20km NNE of Indio, CA",earthquake,,0.023,,4,reviewed,ci,ci
1991-10-12T15:01:20.190Z,33.893,-116.167,3.384,2.99,ml,0,99.1,,0.081,ci,ci751515,2016-02-04T23:45:38.150Z,"20km NNE of Indio, CA",earthquake,,0.012,,3,reviewed,ci,ci
1991-10-12T15:00:49.430Z,33.895,-116.167,3.424,2.62,ml,0,99.3,,0.101,ci,ci154358,2016-02-05T00:08:40.520Z,"20km NNE of Indio, CA",earthquake,,0.019,,3,reviewed,ci,ci
1991-10-12T14:58:49.960Z,33.892,-116.16,2.084,3.16,ml,0,100.1,,0.184,ci,ci2031531,2016-02-05T01:05:30.450Z,"20km NNE of Indio, CA",earthquake,,0.203,,6,reviewed,ci,ci
1991-10-12T14:57:49.940Z,33.895,-116.162,2.954,3.03,mc,0,100.2,,0.093,ci,ci751514,2016-02-05T00:08:39.920Z,"20km NNE of Indio, CA",earthquake,,0.015,,81,reviewed,ci,ci
1991-10-12T14:45:25.080Z,33.891,-116.165,2.154,2.62,mc,0,136.5,,0.122,ci,ci154356,2016-02-05T00:53:38.630Z,"20km NNE of Indio, CA",earthquake,,0.148,,12,reviewed,ci,ci
1991-10-12T14:44:46.700Z,33.89,-116.165,3.154,3.57,ml,0,99.1,,0.095,ci,ci751511,2016-02-04T22:14:49.390Z,"19km NNE of Indio, CA",earthquake,,0.01,,27,reviewed,ci,ci
1991-10-12T14:39:32.100Z,33.89,-116.164,2.054,4.01,ml,0,99.3,,0.251,ci,ci751510,2016-02-05T01:05:29.800Z,"19km NNE of Indio, CA",earthquake,,0.41,,30,reviewed,ci,ci
1991-10-12T13:52:12.520Z,21.681,119.7,32.6,4.2,mb,,,,0.6,us,usp0004xqw,2014-11-07T00:49:23.562Z,"113 km WSW of Hengchun, Taiwan",earthquake,,6.5,,3,reviewed,us,us
1991-10-12T13:07:28.820Z,-5.261,151.956,66.6,4,mb,,,,1.1,us,usp0004xqv,2014-11-07T00:49:23.560Z,"107 km SSW of Kokopo, Papua New Guinea",earthquake,,11.7,,8,reviewed,us,us
1991-10-12T12:23:47.230Z,37.791,101.176,36.2,4.3,mb,,,,1.1,us,usp0004xqu,2014-11-07T00:49:23.558Z,"119 km SW of Jinchang, China",earthquake,,14.5,,3,reviewed,us,us
1991-10-12T12:03:04.670Z,31.582,-115.616,5.925,3.64,ml,0,276.5,,0.547,ci,ci751496,2016-02-05T01:05:28.880Z,"83km SSW of Alberto Oviedo Mota, B.C., MX",earthquake,,,,5,reviewed,ci,ci
1991-10-12T11:50:53.140Z,33.897,-116.161,3.324,3.31,ml,0,100.5,,0.097,ci,ci751493,2016-02-04T23:11:10.240Z,"20km NNE of Indio, CA",earthquake,,0.01,,23,reviewed,ci,ci
1991-10-12T10:57:11.720Z,37.008,-5.391,10,2.8,mblg,,,,1.1,us,usp0004xqr,2014-11-07T00:49:23.553Z,"5 km NE of Coripe, Spain",earthquake,,,,,reviewed,us,mdd
1991-10-12T09:52:36.390Z,-2.719,152.883,42.5,4,mb,,,,1.1,us,usp0004xqq,2014-11-07T00:49:23.551Z,"182 km NNE of Rabaul, Papua New Guinea",earthquake,,25.6,,4,reviewed,us,us
1991-10-12T08:48:09.680Z,2.353,-93.409,10,4.4,mb,,,,1,us,usp0004xqp,2014-11-07T00:49:23.549Z,"Galapagos Islands, Ecuador region",earthquake,,,,4,reviewed,us,us
1991-10-12T08:36:41.150Z,31.951,-115.858,5.726,2.79,mc,0,250.5,,0.318,ci,ci751477,2016-02-05T00:31:20.420Z,"72km WSW of Alberto Oviedo Mota, B.C., MX",earthquake,,,,15,reviewed,ci,ci
1991-10-12T08:33:18.480Z,31.924,-115.851,5.726,3.6,ml,0,252.3,,0.393,ci,ci751475,2021-03-09T23:59:20.503Z,"71km ENE of Maneadero, B.C., MX",earthquake,,,,5,reviewed,ci,ci
1991-10-12T07:32:07.420Z,43.104,18.047,10,2.5,ml,,,,0.6,us,usp0004xqm,2014-11-07T00:49:23.546Z,"7 km ENE of Stolac, Bosnia and Herzegovina",earthquake,,,,,reviewed,us,ttg
1991-10-12T06:27:58.750Z,-34.544,-70.709,98.6,4,md,,,,0.3,us,usp0004xqj,2014-11-07T00:49:23.541Z,"20 km SE of Rengo, Chile",earthquake,,11.1,,,reviewed,us,san
1991-10-12T05:53:56.920Z,36.8586667,-121.5941667,5.849,2.82,md,67,48,0.02613,0.1,nc,nc234416,2016-12-18T18:44:54.490Z,"5 km WNW of San Juan Bautista, California",earthquake,0.16,0.25,0.19,34,reviewed,nc,nc
1991-10-12T05:53:29.950Z,36.8598333,-121.5923333,6.919,3.02,md,83,48,0.02432,0.08,nc,nc234273,2016-12-18T18:44:46.190Z,"5 km WNW of San Juan Bautista, California",earthquake,0.12,0.23,0.24,104,reviewed,nc,nc
1991-10-12T05:51:11.690Z,58.216,-142.892,10,4.2,mb,,,,,us,usp0004xqg,2020-09-14T19:14:02.325Z,"235 km SW of Yakutat, Alaska",earthquake,,,,2,reviewed,aei,us
1991-10-12T05:41:20.190Z,33.896,-116.162,3.504,2.98,ml,0,100.2,,0.092,ci,ci751466,2016-02-04T22:48:45.010Z,"20km NNE of Indio, CA",earthquake,,0.01,,5,reviewed,ci,ci
1991-10-12T05:08:36.360Z,22.798,121.536,7.7,5.1,mb,,,,1.3,us,usp0004xqd,2014-11-07T00:49:23.519Z,"115 km ESE of Yujing, Taiwan",earthquake,,,,29,reviewed,us,us
1991-10-12T05:00:54.670Z,60.2492,-151.0835,55.1,2.7,ml,,,,0.22,ak,ak991d3f56zf,2020-09-14T19:14:02.788Z,"14 km SE of Kasilof, Alaska",earthquake,,1.4,,,reviewed,ak,ak
1991-10-12T03:40:47.910Z,33.896,-116.163,3.914,2.61,ml,0,100.2,,0.08,ci,ci751459,2016-02-04T22:14:46.920Z,"20km NNE of Indio, CA",earthquake,,0.007,,4,reviewed,ci,ci
1991-10-12T02:46:02.630Z,33.896,-116.161,3.524,2.7,ml,0,100.3,,0.075,ci,ci154322,2016-02-04T22:48:43.830Z,"20km NNE of Indio, CA",earthquake,,0.015,,5,reviewed,ci,ci
1991-10-12T02:45:28.010Z,33.896,-116.163,3.424,2.97,ml,0,100,,0.087,ci,ci751455,2016-02-04T23:33:51.960Z,"20km NNE of Indio, CA",earthquake,,0.012,,12,reviewed,ci,ci
1991-10-12T01:49:42.470Z,19.614,120.983,33,4.6,mb,,,,1.5,us,usp0004xq6,2014-11-07T00:49:23.504Z,"111 km N of Claveria, Philippines",earthquake,,,,5,reviewed,us,us
1991-10-12T01:37:31.230Z,39.532,20.631,11.6,3.3,md,,,,1.1,us,usp0004xq5,2014-11-07T00:49:23.501Z,"12 km ENE of Paramythiá, Greece",earthquake,,3.5,,,reviewed,us,ath
1991-10-11T23:10:01.480Z,10.382,-61.217,33,2.6,md,,,,1.5,us,usp0004xq1,2014-11-07T00:49:23.494Z,"8 km E of Tabaquite, Trinidad and Tobago",earthquake,,,,,reviewed,us,trn
1991-10-11T22:48:43.380Z,12.368,143.324,33,4.6,mb,,,,1.1,us,usp0004xq0,2014-11-07T00:49:23.493Z,"176 km SW of Merizo Village, Guam",earthquake,,,,5,reviewed,us,us
1991-10-11T21:05:04.350Z,10.163,124.991,33,4.8,mb,,,,1.2,us,usp0004xpz,2014-11-07T00:49:23.489Z,"0 km WNW of Malitbog, Philippines",earthquake,,,,13,reviewed,us,us
1991-10-11T20:56:55.280Z,10.338,124.924,67.4,4.7,mb,,,,1.1,us,usp0004xpy,2014-11-07T00:49:23.486Z,"5 km E of Anahawan, Philippines",earthquake,,14.8,,7,reviewed,us,us
1991-10-11T20:22:16.280Z,-20.599,-178.501,612.9,5,mb,,,,1.1,us,usp0004xpx,2014-11-07T00:49:23.474Z,"Fiji region",earthquake,,4.3,,29,reviewed,us,us
1991-10-11T20:04:25.800Z,-6.061,130.336,106.2,5.1,mb,,,,1,us,usp0004xpw,2014-11-07T00:49:23.470Z,"271 km W of Tual, Indonesia",earthquake,,17,,20,reviewed,us,us
1991-10-11T19:23:31.630Z,51.633,16.259,10,3.8,ml,,,,0.7,us,usp0004xpv,2014-11-07T00:49:23.466Z,"7 km ENE of Gr?bocice, Poland",earthquake,,,,,reviewed,us,grf
1991-10-11T18:43:00.360Z,45.831,11.659,10,2.7,ml,,,,1,us,usp0004xpt,2014-11-07T00:49:23.462Z,"2 km SSW of Valstagna, Italy",earthquake,,,,,reviewed,us,vie
1991-10-11T16:12:30.300Z,-16.89,-174.173,130.7,5,mb,,,,1.3,us,usp0004xpn,2014-11-07T00:49:23.447Z,"111 km SSW of Hihifo, Tonga",earthquake,,,,24,reviewed,us,us
1991-10-11T14:11:06.840Z,61.7578,-151.2163,74.6,3.2,ml,,,,0.18,ak,ak991d1x104c,2020-09-14T19:14:07.846Z,"27 km SSE of Skwentna, Alaska",earthquake,,1.1,,,reviewed,ak,ak
1991-10-11T13:49:44.830Z,63.2877,-151.395,7.4,2.6,ml,,,,0.27,ak,ak991d1wnsnn,2020-09-14T19:14:08.648Z,"32 km SSE of Denali National Park, Alaska",earthquake,,1.2,,,reviewed,ak,ak
1991-10-11T12:51:16.570Z,58.545,-143.586,10,2.6,ml,,,,,us,usp0004xpe,2020-09-14T19:14:09.388Z,"247 km WSW of Yakutat, Alaska",earthquake,,,,,reviewed,aei,aei
1991-10-11T11:52:16.070Z,43.07,138.928,148.3,4.5,mb,,,,1.2,us,usp0004xpd,2014-11-07T00:49:23.422Z,"129 km W of Iwanai, Japan",earthquake,,28.3,,10,reviewed,us,us
1991-10-11T11:11:48.100Z,3.257,-77.118,80,3.2,md,,,,0.4,us,usp0004xpc,2014-11-07T00:49:23.420Z,"38 km SSW of Buenaventura, Colombia",earthquake,,,,,reviewed,us,uvc
1991-10-11T10:44:50.080Z,-7.599,117.454,312.5,5.1,mb,,,,1,us,usp0004xpb,2014-11-07T00:49:23.403Z,"90 km N of Pototano, Indonesia",earthquake,,,,59,reviewed,us,us
1991-10-11T10:13:32.270Z,38.937,-111.3943333,-3.37,2.67,md,10,98,0.1584,0.14,uu,uu50060010,2018-08-28T04:26:48.920Z,"12 km W of Emery, Utah",earthquake,0.8,2.17,,3,reviewed,uu,uu
1991-10-11T09:50:43.390Z,52.828,154.537,33,5,mb,,,,1.3,us,usp0004xpa,2014-11-07T00:49:23.401Z,"200 km NW of Ozernovskiy, Russia",earthquake,,,,6,reviewed,us,us
1991-10-11T09:49:55.320Z,53.821,155.195,405.9,4.5,mb,,,,0.8,us,usp0004xp9,2014-11-07T00:49:23.370Z,"222 km WNW of Yelizovo, Russia",earthquake,,,,30,reviewed,us,us
1991-10-11T08:10:27.630Z,-22.775,-67.558,164.2,4.7,mb,,,,1.3,us,usp0004xp8,2014-11-07T00:49:23.364Z,"67 km ENE of San Pedro de Atacama, Chile",earthquake,,9.1,,10,reviewed,us,us
1991-10-11T07:21:30.210Z,-5.585,154.298,113.4,5.2,mb,,,,0.8,us,usp0004xp6,2014-11-07T00:49:23.356Z,"154 km WNW of Panguna, Papua New Guinea",earthquake,,7.3,,23,reviewed,us,us
1991-10-11T07:07:52.500Z,40.139,24.967,10,3.3,md,,,,0.8,us,usp0004xp5,2014-11-07T00:49:23.352Z,"30 km NNW of Mýrina, Greece",earthquake,,,,,reviewed,us,the
1991-10-11T06:11:27.150Z,-26.326,27.51,5,3.5,mblg,,,,1.4,us,usp0004xp3,2014-11-07T00:49:23.347Z,"11 km ENE of Carletonville, South Africa",earthquake,,,,,reviewed,us,bul
1991-10-11T05:59:37.820Z,-6.342,130.06,128.6,4.9,mb,,,,1.2,us,usp0004xp2,2014-11-07T00:49:23.341Z,"Banda Sea",earthquake,,,,14,reviewed,us,us
1991-10-11T05:42:33.960Z,24.841,122.084,10,4.2,mb,,,,0.3,us,usp0004xp1,2014-11-07T00:49:23.340Z,"34 km ENE of Yilan, Taiwan",earthquake,,,,1,reviewed,us,us
1991-10-11T05:32:58.140Z,-31.987,-71.561,33,4.3,md,,,,0.5,us,usp0004xp0,2014-11-07T00:49:23.338Z,"53 km SW of Illapel, Chile",earthquake,,,,,reviewed,us,san
1991-10-11T04:54:06.450Z,37.076,21.063,10,3.4,md,,,,1.5,us,usp0004xnz,2014-11-07T00:49:23.336Z,"47 km W of Filiatrá, Greece",earthquake,,,,,reviewed,us,the
1991-10-11T04:51:26.430Z,37.018,21.022,10,3.5,md,,,,1.2,us,usp0004xny,2014-11-07T00:49:23.333Z,"52 km WSW of Filiatrá, Greece",earthquake,,,,,reviewed,us,the
1991-10-11T04:41:04.010Z,37.219,20.983,10,3.4,mb,,,,1.5,us,usp0004xnx,2014-11-07T00:49:23.330Z,"53 km W of Filiatrá, Greece",earthquake,,,,1,reviewed,us,us
1991-10-11T03:43:11.830Z,50.998,-176.625,33,4.6,mb,,,,0.8,us,usp0004xnw,2020-09-14T19:14:11.251Z,"97 km S of Adak, Alaska",earthquake,,,,2,reviewed,us,us
1991-10-11T03:14:41.090Z,31.658,50.742,38.1,5.2,mb,,,,1.1,us,usp0004xnv,2022-04-28T19:01:14.425Z,"61 km WSW of Bor?jen, Iran",earthquake,,5.6,,37,reviewed,us,us
1991-10-11T03:07:53.340Z,51.216,-176.959,33,5,mb,,,,1.3,us,usp0004xnu,2020-09-14T19:14:11.536Z,"76 km SSW of Adak, Alaska",earthquake,,,,5,reviewed,us,us
1991-10-11T03:01:51.270Z,-2.769,153.07,27.5,5.6,mw,,,,1.2,us,usp0004xnt,2022-04-28T19:01:09.053Z,"187 km NNE of Rabaul, Papua New Guinea",earthquake,,,,,reviewed,us,hrv
1991-10-11T02:56:29.960Z,36.1938333,-120.3036667,9.483,2.65,md,52,58,0.06396,0.07,nc,nc234194,2016-12-18T18:37:46.410Z,"7 km NE of Coalinga, California",earthquake,0.14,0.23,0.09,55,reviewed,nc,nc
1991-10-11T02:44:31.590Z,-50.145,164.679,33,4.4,mb,,,,1.2,us,usp0004xns,2014-11-07T00:49:23.292Z,"Auckland Islands, New Zealand region",earthquake,,,,1,reviewed,us,us
1991-10-11T02:26:51.090Z,-6.014,147.909,53.6,4,mb,,,,1.5,us,usp0004xnr,2014-11-07T00:49:23.290Z,"60 km N of Finschhafen, Papua New Guinea",earthquake,,24,,4,reviewed,us,us
1991-10-11T02:26:29.000Z,21.926,105.213,10,4.1,mb,,,,1.4,us,usp0004xnq,2014-11-07T00:49:23.288Z,"11 km N of Tuyên Quang, Vietnam",earthquake,,,,2,reviewed,us,us
1991-10-11T02:16:30.390Z,-29.573,-177.535,33,5.2,mb,,,,1.2,us,usp0004xnp,2014-11-07T00:49:23.281Z,"Kermadec Islands, New Zealand",earthquake,,,,11,reviewed,us,us
1991-10-11T02:02:14.920Z,10.753,-60.986,10,2.8,md,,,,0.6,us,usp0004xnm,2014-11-07T00:49:23.277Z,"24 km NE of Sangre Grande, Trinidad and Tobago",earthquake,,,,,reviewed,us,trn
1991-10-10T23:50:39.230Z,18.136,-76.264,10,2.8,md,,,,0.1,us,usp0004xne,2014-11-07T00:49:23.266Z,"10 km N of Manchioneal, Jamaica",earthquake,,,,,reviewed,us,hoj
1991-10-10T23:34:51.480Z,38.411,22.13,10,3,ml,,,,1.3,us,usp0004xnd,2014-11-07T00:49:23.264Z,"13 km SSW of Lidoríki, Greece",earthquake,,,,,reviewed,us,ath
1991-10-10T23:34:15.130Z,3.635,-83.264,10,4.4,mb,,,,1,us,usp0004xnc,2014-11-07T00:49:23.261Z,"off the coast of Central America",earthquake,,,,7,reviewed,us,us
1991-10-10T23:21:35.730Z,3.832,-82.996,10,4.7,mb,,,,1,us,usp0004xnb,2014-11-07T00:49:23.259Z,"south of Panama",earthquake,,,,7,reviewed,us,us
1991-10-10T23:20:07.590Z,3.514,-83.322,10,5,mb,,,,1.1,us,usp0004xna,2014-11-07T00:49:23.253Z,"off the coast of Central America",earthquake,,,,18,reviewed,us,us
1991-10-10T22:47:25.860Z,37.908,22.064,10,3,ml,,,,1,us,usp0004xn7,2014-11-07T00:49:23.248Z,"14 km SSW of Kalávryta, Greece",earthquake,,,,,reviewed,us,ath
1991-10-10T21:26:20.170Z,62.7818,-149.251,11.2,2.8,ml,,,,0.21,ak,ak991d0dqxmp,2020-09-14T19:14:12.176Z,"57 km NE of Chase, Alaska",earthquake,,0.7,,,reviewed,ak,ak
1991-10-10T20:46:32.940Z,3.841,-76.093,33,2.7,md,,,,1.5,us,usp0004xn2,2014-11-07T00:49:23.235Z,"15 km NNW of La Cumbre, Colombia",earthquake,,,,,reviewed,us,uvc
1991-10-10T20:28:47.320Z,61.527,-146.6257,32.2,3.1,ml,,,,0.26,ak,ak991d0d5zjw,2020-09-14T19:14:12.980Z,"46 km NNW of Valdez, Alaska",earthquake,,0.9,,,reviewed,ak,ak
1991-10-10T19:55:09.820Z,-25.22,178.879,560,4.5,mb,,,,1.2,us,usp0004xmz,2014-11-07T00:49:23.225Z,"south of the Fiji Islands",earthquake,,,,3,reviewed,us,us
1991-10-10T18:51:12.600Z,36.198,-120.3065,9.793,2.53,md,49,57,0.05946,0.1,nc,nc234179,2016-12-18T18:36:20.770Z,"8 km NE of Coalinga, California",earthquake,0.14,0.31,0.1,52,reviewed,nc,nc
1991-10-10T18:22:04.690Z,33.06,-115,-0.253,2.74,mc,0,174.1,,0.052,ci,ci2031363,2016-02-05T01:05:20.760Z,"45km NE of Holtville, CA",quarry blast,,,,1,reviewed,ci,ci
1991-10-10T14:45:43.680Z,59.1777,-153.0472,79.3,4.6,mb,,,,0.18,ak,ak991d09p0tc,2020-09-14T19:14:13.401Z,"67 km WSW of Nanwalek, Alaska",earthquake,,1.6,,,reviewed,ak,ak
1991-10-10T14:05:33.110Z,59.7817,-151.459,50.5,2.6,ml,,,,0.26,ak,ak991d09gfcv,2020-09-14T19:14:13.959Z,"9 km ESE of Nikolaevsk, Alaska",earthquake,,0.8,,,reviewed,ak,ak
1991-10-10T13:19:27.590Z,33.609,138.542,33,4.2,mb,,,,0.4,us,usp0004xmr,2014-11-07T00:49:23.197Z,"114 km SSE of ?yama, Japan",earthquake,,,,1,reviewed,us,us
1991-10-10T11:05:11.840Z,3.424,-76.459,33,3.1,md,,,,0.2,us,usp0004xmk,2014-11-07T00:49:23.189Z,"7 km ESE of Cali, Colombia",earthquake,,,,,reviewed,us,uvc
1991-10-10T09:43:26.460Z,-31.777,-69.098,33,4,md,,,,1.1,us,usp0004xmh,2014-11-07T00:49:23.186Z,"42 km SW of Villa Basilio Nievas, Argentina",earthquake,,,,,reviewed,us,san
1991-10-10T08:52:37.550Z,13.291,121.088,53.2,5,mb,,,,0.9,us,usp0004xme,2014-11-07T00:49:23.177Z,"3 km WSW of Dulangan, Philippines",earthquake,,,,19,reviewed,us,us
1991-10-10T08:29:08.250Z,2.73,-75.031,10,3.9,md,,,,0.6,us,usp0004xmd,2014-11-07T00:49:23.176Z,"25 km ESE of Rivera, Colombia",earthquake,,,,,reviewed,us,uvc
1991-10-10T07:49:10.570Z,2.599,-75.677,10,3.1,md,,,,0.5,us,usp0004xma,2014-11-07T00:49:23.171Z,"7 km SW of Íquira, Colombia",earthquake,,,,,reviewed,us,uvc
1991-10-10T07:04:02.530Z,-31.656,57.778,10,5.1,mb,,,,0.9,us,usp0004xm7,2014-11-07T00:49:23.165Z,"Southwest Indian Ridge",earthquake,,,,7,reviewed,us,us
1991-10-10T06:40:11.240Z,34.551,-119.378,12.203,2.88,mc,0,202.2,,0.048,ci,ci2031336,2016-02-04T23:11:06.330Z,"17km NW of Ojai, CA",earthquake,,0.184,,3,reviewed,ci,ci
1991-10-10T06:32:16.760Z,6.935,-73.145,170.6,3.7,mb,,,,0.9,us,usp0004xm5,2014-11-07T00:49:23.161Z,"12 km WSW of Piedecuesta, Colombia",earthquake,,8.1,,1,reviewed,us,us
1991-10-10T06:10:03.980Z,42.331,25.128,5,3.2,md,,,,1,us,usp0004xm3,2014-11-07T00:49:23.157Z,"4 km ESE of Brezovo, Bulgaria",earthquake,,,,,reviewed,us,the
1991-10-10T03:13:33.870Z,38.958,25.792,23.5,3.3,ml,,,,1.4,us,usp0004xm1,2014-11-07T00:49:23.154Z,"26 km SSW of Eresós, Greece",earthquake,,9.7,,,reviewed,us,ath
1991-10-10T02:44:49.640Z,41.399,43.259,10,4.4,mb,,,,1.1,us,usp0004xm0,2014-11-07T00:49:23.151Z,"19 km W of Akhalk’alak’i, Georgia",earthquake,,,,3,reviewed,us,us
1991-10-10T01:32:29.440Z,-17.505,-174.535,152,5.6,mw,,,,1.1,us,usp0004xkw,2022-04-28T19:01:02.979Z,"139 km NNW of Neiafu, Tonga",earthquake,,,,,reviewed,us,hrv
1991-10-10T00:41:29.920Z,38.101,22.031,10,3.1,md,,,,1,us,usp0004xku,2014-11-07T00:49:23.123Z,"10 km NW of Kalávryta, Greece",earthquake,,,,,reviewed,us,ath
1991-10-10T00:38:17.930Z,43.129,-126.563,10,4.2,mb,,,,0.6,us,usp0004xkt,2016-07-23T22:36:54.780Z,"173 km W of Langlois, Oregon",earthquake,,,,1,reviewed,us,us
1991-10-10T00:06:14.440Z,-13.95,167.242,199.6,5.1,mb,,,,1,us,usp0004xks,2014-11-07T00:49:23.098Z,"34 km WSW of Sola, Vanuatu",earthquake,,,,40,reviewed,us,us
1991-10-09T22:10:51.390Z,46.7808333,-122.8326667,5.753,3.1,md,17,91,0.2845,0.08,uw,uw10280133,2016-07-23T22:36:53.970Z,"3 km SE of Bucoda, Washington",explosion,0.297,0.81,0.03,3,reviewed,uw,uw
1991-10-09T20:17:16.670Z,43.429,5.446,5,2.8,ml,,,,0.6,us,usp0004xkq,2014-11-07T00:49:23.095Z,"0 km ESE of Simiane-Collongue, France",earthquake,,,,,reviewed,us,str
1991-10-09T20:02:23.320Z,39.755,141.929,76.1,4.7,mb,,,,0.7,us,usp0004xkp,2014-11-07T00:49:23.092Z,"12 km N of Miyako, Japan",earthquake,,5.6,,4,reviewed,us,us
1991-10-09T19:47:01.550Z,60.0533,-152.7708,115,2.5,ml,,,,0.47,ak,ak991cyp56iz,2020-09-14T19:14:15.510Z,"59 km W of Happy Valley, Alaska",earthquake,,0.5,,,reviewed,ak,ak
1991-10-09T17:22:05.400Z,1.804,31.293,33,5.6,mw,,,,1,us,usp0004xkm,2022-04-28T19:00:56.609Z,"20 km N of Kigorobya, Uganda",earthquake,,,,,reviewed,us,hrv
1991-10-09T17:21:57.410Z,-11.421,-77.537,49.6,4.9,ms,,,,1,us,usp0004xkk,2014-11-07T00:49:23.053Z,"33 km WNW of Chancay, Peru",earthquake,,,,1,reviewed,us,us
1991-10-09T17:19:15.870Z,2.907,-74.785,33,4.1,md,,,,0.6,us,usp0004xkh,2014-11-07T00:49:23.051Z,"40 km SE of Baraya, Colombia",earthquake,,,,,reviewed,us,uvc
1991-10-09T17:17:43.610Z,3.811,-76.943,33,2.7,md,,,,0.7,us,usp0004xkg,2014-11-07T00:49:23.049Z,"12 km SE of Buenaventura, Colombia",earthquake,,,,,reviewed,us,uvc
1991-10-09T16:10:04.960Z,61.9732,-151.3877,80,2.8,ml,,,,0.24,ak,ak991cyn4yhc,2020-09-14T19:14:16.335Z,"1 km SSE of Skwentna, Alaska",earthquake,,0.7,,,reviewed,ak,ak
1991-10-09T15:48:02.610Z,53.801,-166.079,33,4.9,mb,,,,0.8,us,usp0004xke,2020-09-14T19:14:16.795Z,"31 km ESE of Unalaska, Alaska",earthquake,,,,9,reviewed,us,us
1991-10-09T15:39:24.590Z,53.516,-165.906,33,5.3,mw,,,,1.2,us,usp0004xkd,2022-04-28T19:00:51.037Z,"57 km SE of Unalaska, Alaska",earthquake,,,,,reviewed,us,hrv
1991-10-09T14:59:04.470Z,59.5028,-151.9298,68.3,3.2,ml,,,,0.21,ak,ak991cym8lbj,2020-09-14T19:14:18.141Z,"14 km WNW of Seldovia, Alaska",earthquake,,0.7,,,reviewed,ak,ak
1991-10-09T14:34:36.090Z,62.7848,-149.2808,76,2.6,ml,,,,0.2,ak,ak991cym3aux,2020-09-14T19:14:18.649Z,"Central Alaska",earthquake,,1.3,,,reviewed,ak,ak
1991-10-09T14:20:15.950Z,59.942,-139.079,15,3,ml,,,,0.3,ak,ak991cym09a3,2020-09-14T19:14:19.500Z,"57 km NE of Yakutat, Alaska",earthquake,,16.1,,,reviewed,ak,ak
1991-10-09T12:19:18.530Z,0.904,-87.389,10,5.4,mw,,,,1.2,us,usp0004xk9,2025-12-19T20:53:15.100Z,"Galapagos Islands, Ecuador region",earthquake,,,,,reviewed,us,hrv
1991-10-09T11:42:41.640Z,38.137,22.429,10,2.5,md,,,,0.2,us,usp0004xk7,2014-11-07T00:49:23.000Z,"6 km E of Aíyira, Greece",earthquake,,,,,reviewed,us,the
1991-10-09T10:30:30.500Z,59.7427,-152.6978,87.6,2.5,ml,,,,0.18,ak,ak991cyjop56,2020-09-14T19:14:20.248Z,"48 km W of Anchor Point, Alaska",earthquake,,1.8,,,reviewed,ak,ak
1991-10-09T09:31:03.520Z,36.166,-118.7,-0.733,2.55,ml,0,87.2,,0.143,ci,ci2031253,2016-02-05T01:05:18.130Z,"31km ENE of Porterville, CA",earthquake,,,,4,reviewed,ci,ci
1991-10-09T08:17:50.300Z,36.174,31.394,79.1,4.2,mb,,,,1,us,usp0004xk5,2014-11-07T00:49:22.992Z,"59 km SSW of Okurcalar, Turkey",earthquake,,8.9,,4,reviewed,us,us
1991-10-09T06:59:32.220Z,59.2473,-145.0053,10,3.1,ml,,,,0.54,ak,ak991cyhh6me,2020-09-14T19:14:20.695Z,"150 km SSE of Cordova, Alaska",earthquake,,8.6,,,reviewed,ak,ak
1991-10-09T06:58:27.270Z,31.985,137.813,391.1,4.6,mb,,,,0.6,us,usp0004xk2,2014-11-07T00:49:22.985Z,"258 km SE of Shing?, Japan",earthquake,,9.8,,17,reviewed,us,us
1991-10-09T04:05:13.110Z,50.276,18.97,10,2.8,ml,,,,1.5,us,usp0004xk0,2014-11-07T00:49:22.982Z,"3 km S of Chorzów, Poland",earthquake,,,,,reviewed,us,war
1991-10-09T03:44:51.840Z,38.8215,-122.8013333,2.87,2.74,md,42,74,0.01441,0.06,nc,nc234089,2016-12-18T18:31:42.530Z,"6 km W of Cobb, California",earthquake,0.16,0.33,0.15,37,reviewed,nc,nc
1991-10-09T03:42:25.380Z,39.88,-122.0268333,15.213,3.3,ml,60,45,0.2018,0.21,nc,nc234088,2016-12-18T18:31:35.020Z,"6 km SSE of Vina, California",earthquake,0.3,0.8,,0,reviewed,nc,nc
1991-10-09T03:38:40.420Z,60.187,-151.4448,53.6,2.7,ml,,,,0.22,ak,ak991cyfkeei,2020-09-14T19:14:21.866Z,"5 km SSW of Clam Gulch, Alaska",earthquake,,1.2,,,reviewed,ak,ak
1991-10-09T03:09:17.960Z,45.083,-126.112,10,3,md,,,,0.5,us,usp0004xjx,2016-07-23T22:36:48.850Z,"164 km W of Depoe Bay, Oregon",earthquake,,,,,reviewed,us,sea
1991-10-09T03:06:18.870Z,31.973,-116.94,5.471,2.52,mc,0,291.9,,0.224,ci,ci2031239,2016-02-05T00:31:16.380Z,"26km WNW of El Sauzal, B.C., MX",earthquake,,,,9,reviewed,ci,ci
1991-10-09T02:38:29.620Z,29.591,51.319,33,4,mb,,,,0.6,us,usp0004xjw,2014-11-07T00:49:22.970Z,"32 km W of K?zer?n, Iran",earthquake,,,,2,reviewed,us,us
1991-10-09T02:21:16.700Z,39.048,29.616,8.5,3.6,mb,,,,0.7,us,usp0004xjv,2014-11-07T00:49:22.965Z,"20 km ENE of Gediz, Turkey",earthquake,,2,,1,reviewed,us,us
1991-10-09T01:01:01.260Z,63.0178,-148.1323,10.9,2.8,ml,,,,0.28,ak,ak991cye5ioe,2020-09-14T19:14:22.310Z,"58 km SE of Cantwell, Alaska",earthquake,,0.7,,,reviewed,ak,ak
1991-10-09T00:14:37.490Z,44.342,7.535,10,2.5,ml,,,,0.6,us,usp0004xjr,2014-11-07T00:49:22.953Z,"1 km NW of Boves, Italy",earthquake,,,,,reviewed,us,gen
1991-10-08T23:58:44.590Z,60.2198,-153.4988,177.8,3.1,ml,,,,0.28,ak,ak991cx420nf,2020-09-14T19:14:23.083Z,"45 km E of Port Alsworth, Alaska",earthquake,,1.8,,,reviewed,ak,ak
1991-10-08T22:41:37.480Z,-5.353,102.585,33,3.9,mb,,,,0.7,us,usp0004xjp,2014-11-07T00:49:22.945Z,"164 km SSW of Pagar Alam, Indonesia",earthquake,,,,2,reviewed,us,us
1991-10-08T22:24:43.230Z,-20.907,-178.577,617.2,4.9,mb,,,,0.9,us,usp0004xjn,2014-11-07T00:49:22.910Z,"Fiji region",earthquake,,7.6,,43,reviewed,us,us
1991-10-08T19:53:12.410Z,-8.169,125.774,20.4,4.7,mb,,,,1.1,us,usp0004xjh,2014-11-07T00:49:22.900Z,"40 km N of Metinaro, Timor Leste",earthquake,,,,5,reviewed,us,us
1991-10-08T19:30:49.890Z,45.944,7.62,5,2.5,ml,,,,0.7,us,usp0004xjg,2014-11-07T00:49:22.898Z,"7 km N of Paquier, Italy",earthquake,,,,,reviewed,us,ldg
1991-10-08T19:16:56.300Z,1.749,-77.757,33,4,md,,,,0.6,us,usp0004xjf,2014-11-07T00:49:22.896Z,"22 km WNW of Cumbitara, Colombia",earthquake,,,,,reviewed,us,uvc
1991-10-08T18:51:20.120Z,-2.04,27.446,10,4.8,mb,,,,1.4,us,usp0004xje,2014-11-07T00:49:22.893Z,"157 km WNW of Kabare, Democratic Republic of the Congo",earthquake,,,,3,reviewed,us,us
1991-10-08T16:22:27.020Z,37.217,-3.651,10,2.7,mblg,,,,1.3,us,usp0004xjc,2014-11-07T00:49:22.890Z,"1 km SSE of Albolote, Spain",earthquake,,,,,reviewed,us,mdd
1991-10-08T15:39:38.700Z,28.568,130.127,32.7,4.9,mb,,,,1.1,us,usp0004xja,2014-11-07T00:49:22.880Z,"66 km ENE of Naze, Japan",earthquake,,,,34,reviewed,us,us
1991-10-08T14:48:19.680Z,23.879,121.811,10,3.7,mb,,,,1,us,usp0004xj8,2014-11-07T00:49:22.876Z,"23 km ESE of Hualien City, Taiwan",earthquake,,,,1,reviewed,us,us
1991-10-08T14:12:58.630Z,51.551,158.437,35.1,4.6,mb,,,,1,us,usp0004xj7,2014-11-07T00:49:22.872Z,"134 km E of Ozernovskiy, Russia",earthquake,,,,14,reviewed,us,us
1991-10-08T10:51:02.520Z,40.58,139.512,192.2,4.6,mb,,,,0.9,us,usp0004xj2,2014-11-07T00:49:22.852Z,"60 km NW of Noshiro, Japan",earthquake,,3.8,,42,reviewed,us,us
1991-10-08T10:40:27.930Z,37.23,21.123,10,3.9,ml,,,,1.2,us,usp0004xj1,2014-11-07T00:49:22.851Z,"41 km W of Filiatrá, Greece",earthquake,,,,,reviewed,us,ath
1991-10-08T10:33:22.600Z,-31.337,-69.311,33,4.2,md,,,,1.4,us,usp0004xj0,2014-11-07T00:49:22.848Z,"10 km E of Calingasta, Argentina",earthquake,,,,,reviewed,us,san
1991-10-08T09:37:40.920Z,60.0805,-147.8448,17.9,2.9,ml,,,,0.3,ak,ak991cwvlfv0,2020-09-14T19:14:25.152Z,"9 km E of Chenega, Alaska",earthquake,,0.4,,,reviewed,ak,ak
1991-10-08T08:51:46.980Z,45.477,21.151,25,3.7,m,,,,0.9,us,usp0004xhx,2014-11-07T00:49:22.833Z,"1 km NE of Ghilad, Romania",earthquake,,5,,,reviewed,us,beo
1991-10-08T08:00:53.150Z,51.028,-176.57,33,3.8,mb,,,,1.1,us,usp0004xhw,2020-09-14T19:14:25.614Z,"94 km S of Adak, Alaska",earthquake,,,,1,reviewed,us,us
1991-10-08T07:55:19.880Z,14.637,-60.28,33,2.8,ml,,,,0.9,us,usp0004xhv,2014-11-07T00:49:22.814Z,"61 km E of Le Vauclin, Martinique",earthquake,,,,,reviewed,us,fdf
1991-10-08T06:31:14.830Z,60.212,-151.1155,60.2,2.9,ml,,,,0.19,ak,ak991cwtrsqj,2020-09-14T19:14:26.618Z,"15 km E of Clam Gulch, Alaska",earthquake,,1,,,reviewed,ak,ak
1991-10-08T06:02:45.810Z,40.5136667,-124.2175,19.946,3,ml,14,124,0.0991,0.05,nc,nc233568,2016-12-18T18:28:12.989Z,"7 km SSE of Ferndale, California",earthquake,0.41,0.38,,0,reviewed,nc,nc
1991-10-08T05:34:37.410Z,-25.421,179.65,503.1,4.8,mb,,,,1.1,us,usp0004xhs,2014-11-07T00:49:22.795Z,"south of the Fiji Islands",earthquake,,14.4,,24,reviewed,us,us
1991-10-08T05:11:36.000Z,34.172,-117.685,10.936,2.54,ml,0,45.4,,0.08,ci,ci2031142,2016-02-04T22:37:20.710Z,"9km NNW of Upland, CA",earthquake,,0.019,,4,reviewed,ci,ci
1991-10-08T04:11:10.930Z,34.172,-117.686,9.966,2.85,ml,0,45.2,,0.134,ci,ci2031141,2016-02-04T22:25:59.060Z,"9km NNE of Claremont, CA",earthquake,,0.059,,5,reviewed,ci,ci
1991-10-08T03:31:15.600Z,45.587,149.049,145.9,6,mw,,,,0.9,us,usp0004xhr,2022-04-28T19:00:49.226Z,"100 km ENE of Kuril’sk, Russia",earthquake,,,,,reviewed,us,hrv
1991-10-08T01:20:14.730Z,2.672,-75.725,10,3.2,md,,,,0.5,us,usp0004xhp,2014-11-07T00:49:22.710Z,"10 km WNW of Íquira, Colombia",earthquake,,,,,reviewed,us,uvc
1991-10-07T23:22:06.970Z,38.8025,-122.7833333,1.023,3.4,ml,52,39,0.00991,0.07,nc,nc233527,2016-12-18T18:26:33.780Z,"5 km WSW of Cobb, California",earthquake,0.12,0.27,,0,reviewed,nc,nc
1991-10-07T21:02:34.750Z,5.18,125.811,77.4,4.4,mb,,,,1.2,us,usp0004xhj,2014-11-07T00:49:22.699Z,"45 km ESE of Sarangani, Philippines",earthquake,,22.8,,8,reviewed,us,us
1991-10-07T19:56:21.140Z,-10.553,117.161,50.2,5.4,mw,,,,1.3,us,usp0004xhh,2025-12-19T20:53:14.397Z,"226 km SSE of Praya, Indonesia",earthquake,,14,,,reviewed,us,hrv
1991-10-07T19:32:58.190Z,40.7446667,-121.5556667,4.826,2.8,md,28,158,0.2072,0.23,nc,nc233476,2016-12-18T18:25:54.669Z,"10 km SSW of Hat Creek, California",earthquake,0.89,4.39,0.14,22,reviewed,nc,nc
1991-10-07T17:43:41.990Z,31.957,-115.795,5.883,2.61,mc,0,254.1,,0.274,ci,ci751267,2016-02-05T00:08:29.780Z,"66km WSW of Alberto Oviedo Mota, B.C., MX",earthquake,,,,8,reviewed,ci,ci
1991-10-07T15:44:34.300Z,35.585,-118.474,8.099,2.5,mc,0,72.7,,0.085,ci,ci2031110,2016-02-04T22:14:41.350Z,"2km ESE of Bodfish, CA",earthquake,,0.165,,31,reviewed,ci,ci
1991-10-07T13:01:41.710Z,61.5657,-151.6337,83.1,2.5,ml,,,,0.19,ak,ak991cva842j,2020-09-14T19:14:30.163Z,"48 km SSW of Skwentna, Alaska",earthquake,,0.9,,,reviewed,ak,ak
1991-10-07T12:29:35.250Z,36.841,34.826,33,4.4,mb,,,,1.1,us,usp0004xh8,2014-11-07T00:49:22.662Z,"10 km SW of Tarsus, Turkey",earthquake,,,,1,reviewed,us,us
1991-10-07T12:11:14.520Z,37.5185,-121.407,-0.182,3,ml,88,178,0.02793,0.07,nc,nc233458,2016-12-18T18:25:06.310Z,"17 km NW of Diablo Grande, California",earthquake,0.22,1.68,,0,reviewed,nc,nc
1991-10-07T11:56:56.170Z,-17.407,-179.194,611.3,4.8,mb,,,,1,us,usp0004xh6,2014-11-07T00:49:22.657Z,"174 km ENE of Levuka, Fiji",earthquake,,44.6,,1,reviewed,us,us
1991-10-07T11:28:49.480Z,3.309,125.719,113.1,5,mb,,,,1.3,us,usp0004xh5,2014-11-07T00:49:22.647Z,"217 km NNE of Laikit, Laikit II (Dimembe), Indonesia",earthquake,,,,22,reviewed,us,us
1991-10-07T11:09:35.650Z,-16.339,178.072,10,4.5,mb,,,,1.2,us,usp0004xh4,2014-11-07T00:49:22.644Z,"138 km W of Labasa, Fiji",earthquake,,,,2,reviewed,us,us
1991-10-07T10:38:31.930Z,33.638,141.007,50.6,5,mb,,,,1.1,us,usp0004xh3,2014-11-07T00:49:22.634Z,"178 km SSE of Katsuura, Japan",earthquake,,,,18,reviewed,us,us
1991-10-07T09:56:10.250Z,19.4396667,-155.443,6.202,2.63,ml,40,47,,0.12,hv,hv386280,2020-03-31T18:54:32.090Z,"21 km W of Volcano, Hawaii",earthquake,0.33,0.97,0.33,2,reviewed,hv,hv
1991-10-07T08:40:46.150Z,36.521,31.066,10,4,md,,,,1.5,us,usp0004xh0,2014-11-07T00:49:22.629Z,"37 km SSW of Bo?azkent, Turkey",earthquake,,,,,reviewed,us,hlw
1991-10-07T08:39:37.440Z,3.556,-76.659,33,3.4,md,,,,0.8,us,usp0004xgz,2014-11-07T00:49:22.627Z,"11 km SSE of Dagua, Colombia",earthquake,,,,,reviewed,us,uvc
1991-10-07T08:30:14.210Z,3.989,-77.288,33,3.9,md,,,,0.7,us,usp0004xgy,2014-11-07T00:49:22.624Z,"30 km WNW of Buenaventura, Colombia",earthquake,,,,,reviewed,us,uvc
1991-10-07T08:23:42.060Z,0.174,-16.683,10,4.7,mb,,,,1.2,us,usp0004xgx,2014-11-07T00:49:22.621Z,"north of Ascension Island",earthquake,,,,7,reviewed,us,us
1991-10-07T07:55:30.390Z,17.281,-60.902,33,2.9,ml,,,,0.8,us,usp0004xgw,2014-11-07T00:49:22.619Z,"94 km ENE of Parham, Antigua and Barbuda",earthquake,,,,,reviewed,us,fdf
1991-10-07T07:41:55.630Z,36.115,-9.643,97.3,3.7,md,,,,0.7,us,usp0004xgv,2014-11-07T00:49:22.612Z,"117 km SSW of Sagres, Portugal",earthquake,,14.3,,,reviewed,us,rba
1991-10-07T07:01:08.830Z,31.945,-115.803,5.783,2.51,mc,0,255.1,,0.29,ci,ci751244,2016-02-04T23:11:02.300Z,"67km WSW of Alberto Oviedo Mota, B.C., MX",earthquake,,,,20,reviewed,ci,ci
1991-10-07T06:59:12.520Z,36.4365,-121.0116667,5.149,2.78,md,62,53,0.01351,0.08,nc,nc233444,2016-12-18T18:23:59.780Z,"24 km ENE of Greenfield, California",earthquake,0.16,0.38,0.15,29,reviewed,nc,nc
1991-10-07T06:27:00.060Z,3.754,-76.981,33,3,md,,,,0.4,us,usp0004xgt,2014-11-07T00:49:22.607Z,"15 km SSE of Buenaventura, Colombia",earthquake,,,,,reviewed,us,uvc
1991-10-07T05:11:19.350Z,61.393,-150.3522,12.5,2.9,ml,,,,0.4,ak,ak991cv5iqnz,2020-09-14T19:14:33.358Z,"18 km SSE of Susitna, Alaska",earthquake,,0.4,,,reviewed,ak,ak
1991-10-07T04:35:36.320Z,-6.732,127.328,420.8,4.6,mb,,,,1.2,us,usp0004xgp,2014-11-07T00:49:22.588Z,"201 km N of Lospalos, Timor Leste",earthquake,,13.1,,9,reviewed,us,us
1991-10-07T04:13:27.100Z,35.401,-118.655,0.477,2.76,ml,0,68.5,,0.122,ci,ci2031075,2016-02-04T23:33:45.570Z,"26km SW of Bodfish, CA",earthquake,,0.048,,7,reviewed,ci,ci
1991-10-07T04:06:53.240Z,70.073,-143.357,10,3.6,ml,,,,-1,ak,ak991cv4wb3g,2020-09-14T19:14:34.141Z,"12 km ESE of Kaktovik, Alaska",earthquake,,-1,,,reviewed,ak,ak
1991-10-07T03:50:59.190Z,37.233,-3.761,5,2.8,mblg,,,,1.1,us,usp0004xgm,2014-11-07T00:49:22.583Z,"2 km SSW of Pinos Puente, Spain",earthquake,,,,,reviewed,us,mdd
1991-10-07T02:08:16.120Z,5.142,-77.52,33,4.5,md,,,,0.6,us,usp0004xgk,2014-11-07T00:49:22.581Z,"26 km NW of Pizarro, Colombia",earthquake,,,,,reviewed,us,uvc
1991-10-07T01:39:19.420Z,61.406,-146.4697,15.4,2.6,ml,,,,0.24,ak,ak991cv3b0au,2020-09-14T19:14:35.479Z,"31 km NNW of Valdez, Alaska",earthquake,,1,,,reviewed,ak,ak
1991-10-07T01:13:16.270Z,37.6898333,-121.732,2.544,3.09,md,65,75,0.04054,0.24,nc,nc233435,2016-12-18T18:23:07.140Z,"3 km ENE of Livermore, California",earthquake,0.24,0.5,0.18,24,reviewed,nc,nc
1991-10-07T00:06:58.040Z,37.104,-5.588,10,2.7,mblg,,,,1,us,usp0004xgg,2014-11-07T00:49:22.568Z,"4 km ENE of El Coronil, Spain",earthquake,,,,,reviewed,us,mdd
1991-10-06T23:44:21.320Z,11.074,-61.974,33,2.9,md,,,,0.2,us,usp0004xgf,2014-11-07T00:49:22.565Z,"62 km NW of Petit Valley, Trinidad and Tobago",earthquake,,,,,reviewed,us,trn
1991-10-06T23:28:26.660Z,44.219,9.929,10.3,3,ml,,,,0.7,us,usp0004xge,2014-11-07T00:49:22.558Z,"1 km NW of Podenzana, Italy",earthquake,,2.3,,,reviewed,us,ldg
1991-10-06T22:46:19.220Z,38.344,23.894,10,3.1,md,,,,0.6,us,usp0004xgd,2014-11-07T00:49:22.554Z,"5 km S of Amárynthos, Greece",earthquake,,,,,reviewed,us,ath
1991-10-06T22:22:58.260Z,42.365,21.255,10,2.6,ml,,,,0.9,us,usp0004xgc,2014-11-07T00:49:22.550Z,"8 km E of Ferizaj, Kosovo",earthquake,,,,,reviewed,us,ttg
1991-10-06T20:48:47.070Z,17.046,-100.201,13.3,4,mb,,,,1.1,us,usp0004xgb,2014-11-07T00:49:22.512Z,"5 km ENE of El Papayo, Mexico",earthquake,,5.3,,4,reviewed,us,us
1991-10-06T20:11:48.080Z,44.244,9.878,5,2.9,ml,,,,0.8,us,usp0004xga,2014-11-07T00:49:22.508Z,"3 km WSW of Tresana, Italy",earthquake,,,,,reviewed,us,ldg
1991-10-06T19:52:07.310Z,-59.057,-25.568,33,5.1,mb,,,,1.2,us,usp0004xg9,2014-11-07T00:49:22.502Z,"South Sandwich Islands region",earthquake,,,,10,reviewed,us,us
1991-10-06T19:19:29.110Z,-5.995,151.393,80.7,4.2,mb,,,,0.6,us,usp0004xg7,2014-11-07T00:49:22.497Z,"147 km ESE of Kimbe, Papua New Guinea",earthquake,,20.8,,2,reviewed,us,us
1991-10-06T18:51:00.480Z,39.677,21.19,10,3,md,,,,1.1,us,usp0004xg6,2014-11-07T00:49:22.494Z,"10 km S of Metsovo, Greece",earthquake,,,,,reviewed,us,ath
1991-10-06T18:03:30.290Z,17.68,119.138,33,4.3,mb,,,,1,us,usp0004xg4,2014-11-07T00:49:22.486Z,"129 km W of Puro Pinget, Philippines",earthquake,,,,8,reviewed,us,us
1991-10-06T17:25:03.250Z,44.215,9.949,10,3.4,ml,,,,1,us,usp0004xg2,2014-11-07T00:49:22.470Z,"1 km NNE of Montale, Italy",earthquake,,,,,reviewed,us,ldg
1991-10-06T16:48:21.160Z,-7.358,-74.827,142.8,5.3,mw,,,,0.9,us,usp0004xg1,2025-12-19T20:53:13.578Z,"21 km E of Contamana, Peru",earthquake,,,,,reviewed,us,hrv
1991-10-06T16:17:31.470Z,-31.176,-68.191,113.3,4.6,mb,,,,1,us,usp0004xg0,2014-11-07T00:49:22.414Z,"40 km NE of San Martín, Argentina",earthquake,,4.5,,5,reviewed,us,us
1991-10-06T16:07:53.150Z,-1.887,-77.052,174.2,4.6,mb,,,,0.9,us,usp0004xfz,2014-11-07T00:49:22.406Z,"103 km ESE of Palora, Ecuador",earthquake,,6.5,,6,reviewed,us,us
1991-10-06T15:50:23.420Z,60.0625,-150.5832,45.7,4.2,mb,,,,0.17,ak,ak991cto63gm,2020-09-14T19:14:37.392Z,"30 km NE of Fox River, Alaska",earthquake,,4.6,,,reviewed,ak,ak
1991-10-06T14:42:48.910Z,44.867,17.968,10,2.7,ml,,,,1.4,us,usp0004xfv,2014-11-07T00:49:22.384Z,"13 km SSE of Derventa, Bosnia and Herzegovina",earthquake,,,,,reviewed,us,ttg
1991-10-06T14:14:51.610Z,2.757,-80.283,33,4.7,md,,,,0.4,us,usp0004xfu,2014-11-07T00:49:22.381Z,"197 km WNW of Tumaco, Colombia",earthquake,,,,,reviewed,us,uvc
1991-10-06T13:41:13.110Z,9.021,122.609,75.7,4.8,mb,,,,1.1,us,usp0004xft,2014-11-07T00:49:22.373Z,"36 km WSW of Bonawon, Philippines",earthquake,,14.3,,11,reviewed,us,us
1991-10-06T13:22:00.350Z,36.8718333,-121.606,7.187,2.7,md,84,52,0.01712,0.07,nc,nc233391,2016-12-18T18:19:58.920Z,"3 km ESE of Aromas, California",earthquake,0.12,0.22,0.14,91,reviewed,nc,nc
1991-10-06T12:18:12.020Z,37.677,101.437,10,4.1,mb,,,,1.3,us,usp0004xfq,2014-11-07T00:49:22.360Z,"108 km WSW of Wuwei, China",earthquake,,,,2,reviewed,us,us
1991-10-06T12:06:51.210Z,39.241,23.452,10,2.9,ml,,,,1.2,us,usp0004xfp,2014-11-07T00:49:22.356Z,"9 km NNW of Skiáthos, Greece",earthquake,,,,,reviewed,us,ath
1991-10-06T10:50:44.460Z,21.384,104.231,10,4.5,mb,,,,1.2,us,usp0004xfn,2014-11-07T00:49:22.346Z,"33 km E of S?n La, Vietnam",earthquake,,,,15,reviewed,us,us
1991-10-06T10:32:46.970Z,51.092,-176.499,33,4.7,mb,,,,1,us,usp0004xfm,2020-09-14T19:14:38.449Z,"87 km S of Adak, Alaska",earthquake,,,,27,reviewed,us,us
1991-10-06T10:14:50.800Z,38.631,-118.68,5,2.9,ml,,,,1.5,us,usp0004xfk,2014-11-07T00:49:22.330Z,"6 km ESE of Walker Lake, Nevada",earthquake,,,,,reviewed,us,gs$
1991-10-06T10:12:53.100Z,51.077,-176.496,33,5.1,mb,,,,1.1,us,usp0004xfj,2020-09-14T19:14:38.732Z,"89 km S of Adak, Alaska",earthquake,,,,40,reviewed,us,us
1991-10-06T09:52:32.640Z,12.886,-90.488,33,4.2,mb,,,,0.9,us,usp0004xfh,2014-11-07T00:49:22.287Z,"106 km SW of Acajutla, El Salvador",earthquake,,,,5,reviewed,us,us
1991-10-06T09:48:49.950Z,37.145,101.357,10,4.2,mb,,,,0.7,us,usp0004xfg,2014-11-07T00:49:22.283Z,"67 km NNW of Xining, China",earthquake,,,,8,reviewed,us,us
1991-10-06T09:26:30.920Z,3.762,126.087,109,4.7,mb,,,,1.1,us,usp0004xff,2014-11-07T00:49:22.277Z,"194 km SSE of Sarangani, Philippines",earthquake,,18.3,,5,reviewed,us,us
1991-10-06T09:23:09.560Z,36.88,-121.6126667,6.548,2.83,md,43,52,0.01712,0.07,nc,nc234195,2016-12-18T18:18:06.980Z,"2 km ESE of Aromas, California",earthquake,0.16,0.27,0.16,28,reviewed,nc,nc
1991-10-06T09:22:10.960Z,36.8813333,-121.6146667,7.168,3.2,ml,87,52,0.01892,0.09,nc,nc233369,2016-12-18T18:17:59.210Z,"2 km ESE of Aromas, California",earthquake,0.14,0.26,,0,reviewed,nc,nc
1991-10-06T09:19:51.040Z,3.835,-76.005,110,3,md,,,,0.3,us,usp0004xfd,2014-11-07T00:49:22.265Z,"12 km N of La Cumbre, Colombia",earthquake,,,,,reviewed,us,uvc
1991-10-06T09:15:22.010Z,4.187,-77.02,33,2.7,md,,,,0.5,us,usp0004xfc,2014-11-07T00:49:22.263Z,"33 km N of Buenaventura, Colombia",earthquake,,,,,reviewed,us,uvc
1991-10-06T07:51:33.670Z,-16.773,168.082,22.2,5.4,mw,,,,1.2,us,usp0004xf9,2022-04-28T19:00:42.832Z,"102 km SE of Lakatoro, Vanuatu",earthquake,,,,,reviewed,us,hrv
1991-10-06T07:50:36.850Z,19.264,144.734,49.9,4.8,mb,,,,1,us,usp0004xf8,2014-11-07T00:49:22.226Z,"Maug Islands region, Northern Mariana Islands",earthquake,,11.7,,15,reviewed,us,us
1991-10-06T07:30:43.600Z,48.963,-129.025,10,3.8,mb,,,,,us,usp0004xf7,2014-11-07T00:49:22.220Z,"226 km WSW of Vernon, Canada",earthquake,,,,4,reviewed,pgc,us
1991-10-06T06:10:45.320Z,33.484,-116.494,11.178,3.12,ml,0,30.3,,0.32,ci,ci152794,2016-02-05T00:08:27.730Z,"18km ESE of Anza, CA",earthquake,,0.838,,11,reviewed,ci,ci
1991-10-06T06:10:41.760Z,59.4673,-151.6693,49.8,4.2,mb,,,,0.22,ak,ak991ctiknsg,2020-09-14T19:14:39.407Z,"1 km SW of Seldovia Village, Alaska",earthquake,,1,,,reviewed,ak,ak
1991-10-06T04:31:02.300Z,19.7591667,-156.128,41.596,2.83,ml,46,249,,0.1,hv,hv386141,2020-03-31T18:54:31.630Z,"15 km WNW of Kalaoa, Hawaii",earthquake,1.16,1.25,0.03,2,reviewed,hv,hv
1991-10-06T04:16:38.160Z,35.451,-118.277,2.265,3.25,ml,0,32.7,,0.126,ci,ci2031028,2016-02-04T22:59:31.960Z,"25km SE of Bodfish, CA",earthquake,,0.043,,18,reviewed,ci,ci
1991-10-06T04:11:15.230Z,17.544,-61.907,22.8,3,ml,,,,0.3,us,usp0004xf1,2014-11-07T00:49:22.170Z,"12 km SW of Codrington, Antigua and Barbuda",earthquake,,9.7,,,reviewed,us,fdf
1991-10-06T03:34:46.430Z,-8.992,113.301,148.9,4.3,mb,,,,1.3,us,usp0004xf0,2014-11-07T00:49:22.165Z,"78 km S of Kencong, Indonesia",earthquake,,13.9,,5,reviewed,us,us
1991-10-06T02:46:24.690Z,-64.748,177.705,10,5.4,mw,,,,0.9,us,usp0004xey,2025-12-19T20:53:12.888Z,"Balleny Islands region",earthquake,,,,,reviewed,us,hrv
1991-10-06T01:46:47.580Z,41.096,43.409,18.3,5.1,mw,,,,1.1,us,usp0004xex,2022-04-28T19:00:37.380Z,"24 km SW of Ninotsminda, Georgia",earthquake,,,,,reviewed,us,hrv
1991-10-06T01:16:59.970Z,-17.967,-178.314,500.2,4.7,mb,,,,1.1,us,usp0004xew,2014-11-07T00:49:22.074Z,"251 km E of Levuka, Fiji",earthquake,,,,17,reviewed,us,us
1991-10-05T23:03:03.120Z,3.826,-77.042,33,3,md,,,,0.4,us,usp0004xeu,2014-11-07T00:49:22.067Z,"6 km SSW of Buenaventura, Colombia",earthquake,,,,,reviewed,us,uvc
1991-10-05T22:47:01.260Z,54.239,-164.329,33,4.7,mb,,,,1.1,us,usp0004xet,2020-09-14T19:14:42.854Z,"90 km SW of False Pass, Alaska",earthquake,,,,3,reviewed,us,us
1991-10-05T22:23:56.050Z,33.995,-117.584,4.046,2.7,mc,0,205.3,,0.032,ci,ci2031016,2016-02-04T22:48:37.790Z,"6km W of Mira Loma, CA",earthquake,,0.081,,1,reviewed,ci,ci
1991-10-05T20:16:26.000Z,21.878,144.279,33,4.6,mb,,,,1.1,us,usp0004xep,2014-11-07T00:49:22.046Z,"Mariana Islands region",earthquake,,,,8,reviewed,us,us
1991-10-05T19:57:18.350Z,-6.12,151.114,33,4.6,mb,,,,0.7,us,usp0004xen,2014-11-07T00:49:22.042Z,"125 km ESE of Kimbe, Papua New Guinea",earthquake,,,,3,reviewed,us,us
1991-10-05T19:45:03.420Z,38.0438333,-119.1316667,9.294,2.74,md,44,196,0.03964,0.1,nc,nc233310,2016-12-18T18:15:52.650Z,"1 km ENE of Mono City, California",earthquake,0.31,0.51,0.28,43,reviewed,nc,nc
1991-10-05T18:48:25.990Z,29.536,32.591,31.3,4.2,md,,,,0.8,us,usp0004xem,2014-11-07T00:49:22.035Z,"27 km ESE of Ain Sukhna, Egypt",earthquake,,7,,,reviewed,us,hlw
1991-10-05T18:35:06.990Z,46.259,13.343,10,2.5,md,,,,1.1,us,usp0004xek,2014-11-07T00:49:22.026Z,"1 km N of Taipana, Italy",earthquake,,,,,reviewed,us,lju
1991-10-05T17:09:20.610Z,37.531,72.322,177.3,4.4,mb,,,,0.5,us,usp0004xeh,2014-11-07T00:49:22.016Z,"64 km N of Khand?d, Afghanistan",earthquake,,28.1,,5,reviewed,us,us
1991-10-05T16:05:47.500Z,37.736,71.123,33,4.6,mb,,,,0.2,us,usp0004xee,2014-11-07T00:49:22.004Z,"46 km NW of Khorugh, Tajikistan",earthquake,,,,1,reviewed,us,us
1991-10-05T16:05:12.600Z,4.084,126.08,173.9,4.7,mb,,,,1,us,usp0004xed,2014-11-07T00:49:21.995Z,"161 km SSE of Sarangani, Philippines",earthquake,,21.9,,18,reviewed,us,us
1991-10-05T14:56:29.420Z,46.236,13.278,10,3.5,ml,,,,1.2,us,usp0004xec,2014-11-07T00:49:21.977Z,"3 km NNE of Nimis, Italy",earthquake,,,,,reviewed,us,vie
1991-10-05T13:10:57.500Z,34.007,-117.579,2.955,2.88,ml,0,34.5,,0.188,ci,ci2030973,2016-02-04T22:14:39.780Z,"6km WNW of Mira Loma, CA",earthquake,,0.018,,9,reviewed,ci,ci
1991-10-05T13:09:34.320Z,-24.707,179.977,500.5,5,mb,,,,1.1,us,usp0004xe7,2014-11-07T00:49:21.943Z,"south of the Fiji Islands",earthquake,,15,,37,reviewed,us,us
1991-10-05T12:47:45.770Z,43.953,11.762,11.8,3.3,ml,,,,1.1,us,usp0004xe6,2014-11-07T00:49:21.928Z,"central Italy",earthquake,,2.9,,,reviewed,us,ldg
1991-10-05T12:09:54.670Z,10.144,126.266,33,4.4,mb,,,,0.7,us,usp0004xe5,2014-11-07T00:49:21.923Z,"28 km ENE of Santa Monica, Philippines",earthquake,,,,5,reviewed,us,us
1991-10-05T11:56:17.790Z,63.039,-150.4088,100.9,2.5,ml,,,,0.15,ak,ak991cryaaer,2020-09-14T19:14:46.377Z,"63 km NNE of Petersville, Alaska",earthquake,,1.1,,,reviewed,ak,ak
1991-10-05T10:39:19.400Z,50.714,-130.384,10,4.6,mb,,,,,us,usp0004xe3,2014-11-07T00:49:21.883Z,"233 km W of Port McNeill, Canada",earthquake,,,,15,reviewed,pgc,us
1991-10-05T10:14:13.970Z,40.7518333,-121.5518333,8.056,3.1,ml,24,147,0.2144,0.1,nc,nc233280,2016-12-18T18:13:57.090Z,"9 km SSW of Hat Creek, California",earthquake,0.39,1.98,,0,reviewed,nc,nc
1991-10-05T10:08:29.100Z,40.7455,-121.5513333,16.42,2.72,md,15,181,0.2081,0.08,nc,nc233278,2016-12-18T18:13:41.010Z,"9 km SSW of Hat Creek, California",earthquake,0.54,0.75,0.17,15,reviewed,nc,nc
1991-10-05T10:06:13.000Z,40.7528333,-121.554,11.726,3.5,ml,34,147,0.2153,0.11,nc,nc233276,2016-12-18T18:13:35.890Z,"9 km SSW of Hat Creek, California",earthquake,0.36,0.91,,0,reviewed,nc,nc
1991-10-05T10:00:46.950Z,38.9766667,-123.1766667,2.96,2.72,md,34,58,0.03874,0.06,nc,nc233275,2016-12-18T18:13:24.400Z,"near the coast of Northern California",earthquake,0.17,0.58,0.11,31,reviewed,nc,nc
1991-10-05T09:58:25.520Z,39.9091667,-122.0328333,21.533,2.69,md,36,105,0.209,0.62,nc,nc233273,2016-12-18T18:13:16.830Z,"3 km SE of Vina, California",earthquake,1.15,0.98,0.18,22,reviewed,nc,nc
1991-10-05T07:32:41.090Z,0.69,121.193,104.3,5,mb,,,,0.9,us,usp0004xdt,2014-11-07T00:49:21.845Z,"208 km W of Gorontalo, Indonesia",earthquake,,8.9,,16,reviewed,us,us
1991-10-05T07:24:27.960Z,52.149,-169.243,33,5.3,mb,,,,1.1,us,usp0004xds,2022-04-28T19:00:36.089Z,"91 km SSW of Nikolski, Alaska",earthquake,,,,93,reviewed,us,us
1991-10-05T05:58:50.480Z,-19.123,-172.984,33,5.1,mb,,,,1.1,us,usp0004xdp,2014-11-07T00:49:21.778Z,"Tonga region",earthquake,,,,15,reviewed,us,us
1991-10-05T05:56:00.990Z,46.276,13.337,10,2.5,md,,,,0.2,us,usp0004xdm,2014-11-07T00:49:21.772Z,"3 km N of Taipana, Italy",earthquake,,,,,reviewed,us,lju
1991-10-05T05:31:37.500Z,46.324,13.408,5,2.8,md,,,,1.3,us,usp0004xdk,2014-11-07T00:49:21.768Z,"9 km SE of Prato, Italy",earthquake,,,,,reviewed,us,lju
1991-10-05T05:16:09.160Z,35.369,-118.66,1.657,2.51,mc,0,71.5,,0.121,ci,ci2030957,2016-02-04T22:14:38.360Z,"23km NE of Arvin, CA",earthquake,,0.03,,50,reviewed,ci,ci
1991-10-05T05:14:58.200Z,46.207,13.264,10,4.5,ml,,,,1.2,us,usp0004xdh,2014-11-07T00:49:21.729Z,"0 km W of Nimis, Italy",earthquake,,,,,reviewed,us,vie
1991-10-05T04:42:41.610Z,56.6473,-156.5178,-3,4.4,mb,,,,0.16,ak,ak991cru1azl,2020-09-14T19:14:49.862Z,"110 km SSE of Ugashik, Alaska",earthquake,,10.9,,,reviewed,ak,ak
1991-10-05T04:38:36.100Z,40.108,19.896,5,2.7,md,,,,0.9,us,usp0004xdf,2014-11-07T00:49:21.718Z,"12 km E of Himarë, Albania",earthquake,,,,,reviewed,us,the
1991-10-05T03:09:16.830Z,19.372,-155.4086667,10.294,3.53,ml,50,26,,0.12,hv,hv386039,2020-03-31T18:54:30.840Z,"19 km WSW of Volcano, Hawaii",earthquake,0.35,0.39,0.11,2,reviewed,hv,hv
1991-10-05T03:04:33.200Z,-28.279,-71,99.5,4.1,mb,,,,1,us,usp0004xdd,2014-11-07T00:49:21.708Z,"40 km NW of Vallenar, Chile",earthquake,,12.6,,1,reviewed,us,us
1991-10-05T01:56:09.120Z,47.77,146.597,404.3,4.5,mb,,,,0.8,us,usp0004xdc,2014-11-07T00:49:21.701Z,"290 km E of Dolinsk, Russia",earthquake,,17.6,,25,reviewed,us,us
1991-10-05T01:46:35.230Z,41.7751667,-125.4446667,32.72,3.02,md,5,322,1.176,0.09,nc,nc233246,2016-12-18T18:11:24.401Z,"101 km WSW of Brookings, Oregon",earthquake,9.46,8.45,0.16,2,reviewed,nc,nc
1991-10-05T00:56:45.960Z,38.913,22.573,10,3.3,ml,,,,1.1,us,usp0004xdb,2014-11-07T00:49:21.695Z,"3 km W of Stylída, Greece",earthquake,,,,,reviewed,us,ath
1991-10-05T00:56:36.720Z,80.465,-1.207,10,4.6,mb,,,,1.1,us,usp0004xda,2014-11-07T00:49:21.682Z,"north of Svalbard",earthquake,,,,29,reviewed,us,us
1991-10-05T00:14:54.060Z,-31.989,-71.813,10,4.1,md,,,,0.3,us,usp0004xd9,2014-11-07T00:49:21.678Z,"72 km WSW of Illapel, Chile",earthquake,,,,,reviewed,us,san
1991-10-04T22:11:39.200Z,-8.909,115.83,101.5,4.7,mb,,,,1.2,us,usp0004xd8,2014-11-07T00:49:21.670Z,"33 km SW of Lembar, Indonesia",earthquake,,15,,14,reviewed,us,us
1991-10-04T21:53:24.780Z,40.3256667,-124.3003333,9.596,2.57,md,10,165,0.07838,0.11,nc,nc233213,2016-12-18T18:10:25.057Z,"24 km SW of Scotia, California",earthquake,0.66,0.56,0.1,16,reviewed,nc,nc
1991-10-04T21:44:39.190Z,39.278,117.996,10,3.7,ml,,,,0.9,us,usp0004xd7,2014-11-07T00:49:21.666Z,"2 km ENE of Gaozhuang, China",earthquake,,,,,reviewed,us,bji
1991-10-04T21:10:55.030Z,51.725,-177.677,33,4.7,mb,,,,1,us,usp0004xd6,2020-09-14T19:14:51.955Z,"73 km WSW of Adak, Alaska",earthquake,,,,3,reviewed,us,us
1991-10-04T21:09:15.510Z,36.771,30.53,30.1,4,mb,,,,0.7,us,usp0004xd5,2014-11-07T00:49:21.658Z,"12 km N of Göynük, Turkey",earthquake,,4.2,,8,reviewed,us,us
1991-10-04T20:45:50.090Z,3.055,-76.456,151.5,4.7,mb,,,,0.9,us,usp0004xd4,2014-11-07T00:49:21.649Z,"5 km WNW of Caloto, Colombia",earthquake,,3,,7,reviewed,us,us
1991-10-04T20:01:55.780Z,50.275,18.931,10,3.7,ml,,,,1.1,us,usp0004xd1,2014-11-07T00:49:21.638Z,"2 km SSE of ?wi?toch?owice, Poland",earthquake,,,,,reviewed,us,war
1991-10-04T19:26:04.860Z,43.35,147.091,42.7,4.6,mb,,,,1.1,us,usp0004xd0,2014-11-07T00:49:21.632Z,"58 km SSE of Shikotan, Russia",earthquake,,12.5,,6,reviewed,us,us
1991-10-04T16:46:01.430Z,43.914,7.486,10,2.6,ml,,,,0.9,us,usp0004xcy,2014-11-07T00:49:21.623Z,"3 km SW of Breil-sur-Roya, France",earthquake,,,,,reviewed,us,ldg
1991-10-04T13:24:02.310Z,-4.336,144.392,33,4.2,mb,,,,1,us,usp0004xcw,2014-11-07T00:49:21.618Z,"47 km SE of Angoram, Papua New Guinea",earthquake,,,,4,reviewed,us,us
1991-10-04T13:15:06.460Z,43.438,5.442,10,2.5,ml,,,,1,us,usp0004xcv,2014-11-07T00:49:21.614Z,"1 km NE of Simiane-Collongue, France",earthquake,,,,,reviewed,us,str
1991-10-04T13:14:50.170Z,-23.348,178.912,580,4.7,mb,,,,1.2,us,usp0004xcu,2014-11-07T00:49:21.608Z,"south of the Fiji Islands",earthquake,,,,7,reviewed,us,us
1991-10-04T13:06:28.310Z,59.8577,-150.406,29,2.7,ml,,,,0.26,ak,ak991cqbn44v,2020-09-14T19:14:53.580Z,"30 km E of Fox River, Alaska",earthquake,,1.7,,,reviewed,ak,ak
1991-10-04T11:12:16.990Z,59.9038,-153.2485,116.1,2.6,ml,,,,0.25,ak,ak991cqahicj,2020-09-14T19:14:54.668Z,"49 km ENE of Pedro Bay, Alaska",earthquake,,0.6,,,reviewed,ak,ak
1991-10-04T10:01:17.410Z,33.941,-116.541,8.356,2.61,ml,0,44.7,,0.148,ci,ci2030883,2016-02-04T23:33:40.520Z,"4km WSW of Desert Hot Springs, CA",earthquake,,0.945,,4,reviewed,ci,ci
1991-10-04T08:52:59.400Z,3.377,-76.771,33,3.3,md,,,,1.2,us,usp0004xcn,2014-11-07T00:49:21.575Z,"28 km WSW of Cali, Colombia",earthquake,,,,,reviewed,us,uvc
1991-10-04T08:31:15.340Z,34.279,139.343,31.9,4.3,mb,,,,0.7,us,usp0004xcm,2014-11-07T00:49:21.571Z,"57 km SE of Shimoda, Japan",earthquake,,7.1,,1,reviewed,us,us
1991-10-04T07:55:54.700Z,59.8603,-151.7647,61.9,2.7,ml,,,,0.26,ak,ak991cq8d2mm,2020-09-14T19:14:55.085Z,"9 km S of Happy Valley, Alaska",earthquake,,0.9,,,reviewed,ak,ak
1991-10-04T05:20:59.770Z,-7.007,129.346,107.7,4.8,mb,,,,0.8,us,usp0004xcf,2014-11-07T00:49:21.547Z,"Kepulauan Babar, Indonesia",earthquake,,24,,10,reviewed,us,us
1991-10-04T04:55:47.300Z,38.563,24.23,21.9,3.1,md,,,,0.7,us,usp0004xce,2014-11-07T00:49:21.544Z,"10 km E of Oxílithos, Greece",earthquake,,7.6,,,reviewed,us,ath
1991-10-04T04:30:46.100Z,43.388,5.422,10,2.9,ml,,,,1.1,us,usp0004xcd,2014-11-07T00:49:21.540Z,"3 km NNW of Mouret, France",earthquake,,,,,reviewed,us,str
1991-10-04T04:02:45.730Z,3.685,-74.847,10,3.5,md,,,,1.1,us,usp0004xcc,2014-11-07T00:49:21.537Z,"11 km SE of Prado, Colombia",earthquake,,,,,reviewed,us,uvc
1991-10-04T02:03:38.460Z,-6.108,130.028,205.4,4.7,mb,,,,1.1,us,usp0004xcb,2014-11-07T00:49:21.534Z,"Banda Sea",earthquake,,33,,2,reviewed,us,us
1991-10-03T23:57:24.190Z,34.005,26.05,33,4.5,mb,,,,1.4,us,usp0004xca,2014-11-07T00:49:21.524Z,"115 km SSE of Ierápetra, Greece",earthquake,,,,11,reviewed,us,us
1991-10-03T23:19:36.080Z,-7.115,129.024,136.9,4.4,mb,,,,1.2,us,usp0004xc9,2014-11-07T00:49:21.520Z,"272 km NE of Lospalos, Timor Leste",earthquake,,35.1,,3,reviewed,us,us
1991-10-03T20:43:31.160Z,-16.852,168.156,15.8,5.6,ms,,,,1.2,us,usp0004xc8,2022-04-28T19:00:35.013Z,"99 km N of Port-Vila, Vanuatu",earthquake,,,,6,reviewed,us,us
1991-10-03T20:24:17.380Z,-16.817,167.887,10,5.5,ms,,,,1.2,us,usp0004xc7,2022-04-28T19:00:33.841Z,"93 km SSE of Lakatoro, Vanuatu",earthquake,,,,2,reviewed,us,us
1991-10-03T20:20:10.210Z,-17.029,167.941,10,5.7,mw,,,,1,us,usp0004xc6,2022-04-28T19:00:32.702Z,"87 km NNW of Port-Vila, Vanuatu",earthquake,,,,,reviewed,us,hrv
1991-10-03T19:07:38.790Z,-33.948,179.622,33,5.2,mb,,,,1.1,us,usp0004xc2,2014-11-07T00:49:21.376Z,"south of the Kermadec Islands",earthquake,,,,8,reviewed,us,us
1991-10-03T18:15:47.930Z,43.919,7.493,10,3,ml,,,,0.7,us,usp0004xc1,2014-11-07T00:49:21.367Z,"2 km SW of Breil-sur-Roya, France",earthquake,,,,,reviewed,us,ldg
1991-10-03T16:35:24.880Z,-5.567,145.535,126.1,4.7,mb,,,,1.3,us,usp0004xc0,2014-11-07T00:49:21.362Z,"47 km SW of Madang, Papua New Guinea",earthquake,,9.9,,4,reviewed,us,us
1991-10-03T15:46:14.340Z,-10.147,160.867,45.1,5.1,mb,,,,1,us,usp0004xbz,2014-11-07T00:49:21.340Z,"120 km WNW of Kirakira, Solomon Islands",earthquake,,12.1,,24,reviewed,us,us
1991-10-03T15:31:10.070Z,40.756,-121.554,4.676,2.73,md,22,179,0.2189,0.12,nc,nc233112,2016-12-18T18:06:34.643Z,"8 km SSW of Hat Creek, California",earthquake,0.62,2.19,0.17,18,reviewed,nc,nc
1991-10-03T15:10:39.350Z,40.742,-121.5465,12.543,3.5,ml,21,160,0.2054,0.07,nc,nc233111,2016-12-18T18:06:30.709Z,"10 km SSW of Hat Creek, California",earthquake,0.53,1.34,,0,reviewed,nc,nc
1991-10-03T14:58:42.490Z,-5.878,151.095,87.7,4.7,mb,,,,1.2,us,usp0004xby,2014-11-07T00:49:21.337Z,"112 km ESE of Kimbe, Papua New Guinea",earthquake,,26.3,,1,reviewed,us,us
1991-10-03T14:21:32.110Z,-46.769,-10.543,10,4.9,mb,,,,1.4,us,usp0004xbx,2014-11-07T00:49:21.330Z,"southern Mid-Atlantic Ridge",earthquake,,,,5,reviewed,us,us
1991-10-03T13:09:06.970Z,-3.682,149.781,42,4.4,mb,,,,1.2,us,usp0004xbw,2014-11-07T00:49:21.323Z,"166 km SW of Kavieng, Papua New Guinea",earthquake,,13.8,,7,reviewed,us,us
1991-10-03T12:01:40.860Z,-33.221,-179.353,33,5.1,mb,,,,1.2,us,usp0004xbv,2014-11-07T00:49:21.297Z,"south of the Kermadec Islands",earthquake,,,,4,reviewed,us,us
1991-10-03T11:46:04.900Z,36.856,-89.449,1.9,2.7,md,,,,,nm,nm603904,2016-04-14T18:58:48.630Z,"5 km S of Bertrand, Missouri",earthquake,,,,,reviewed,nm,nm
1991-10-03T11:37:37.660Z,40.811,22.886,10,2.5,md,,,,0.7,us,usp0004xbt,2014-11-07T00:49:21.287Z,"4 km SW of Néa Sánta, Greece",earthquake,,,,,reviewed,us,the
1991-10-03T10:20:02.780Z,40.584,-121.6808333,11.343,2.51,md,8,89,0.0955,0.08,nc,nc233090,2016-12-18T18:05:21.213Z,"20 km ENE of Shingletown, California",earthquake,0.43,2.91,0.11,10,reviewed,nc,nc
1991-10-03T10:07:51.200Z,-30.059,-73.141,33,4.3,md,,,,0.9,us,usp0004xbr,2014-11-07T00:49:21.279Z,"174 km W of Coquimbo, Chile",earthquake,,,,,reviewed,us,san
1991-10-03T08:56:22.670Z,60.6943,-152.0608,80.7,3.2,ml,,,,0.23,ak,ak991colfazf,2020-09-14T19:14:58.549Z,"41 km WNW of Salamatof, Alaska",earthquake,,1.3,,,reviewed,ak,ak
1991-10-03T08:38:55.060Z,-24.397,-70.593,71.7,4.2,mb,,,,1.3,us,usp0004xbm,2014-11-07T00:49:21.247Z,"84 km SSW of Antofagasta, Chile",earthquake,,12.2,,1,reviewed,us,us
1991-10-03T07:46:03.640Z,60.1885,-153.9507,164.2,2.8,ml,,,,0.14,ak,ak991cokror0,2020-09-14T19:14:59.074Z,"20 km E of Port Alsworth, Alaska",earthquake,,7.5,,,reviewed,ak,ak
1991-10-03T06:39:25.060Z,48.023,7.111,10,2.7,ml,,,,0.9,us,usp0004xbj,2014-11-07T00:49:21.229Z,"2 km SW of Munster, France",earthquake,,,,,reviewed,us,ldg
1991-10-03T06:36:46.500Z,36.1613333,-120.1213333,8.197,3.12,md,43,136,0.09189,0.06,nc,nc233082,2016-12-18T18:04:45.920Z,"4 km SSW of Huron, California",earthquake,0.24,0.36,0.12,98,reviewed,nc,nc
1991-10-03T06:32:23.870Z,-20.077,177.971,110.3,4.4,mb,,,,1,us,usp0004xbg,2014-11-07T00:49:21.221Z,"219 km SSW of Suva, Fiji",earthquake,,40.2,,1,reviewed,us,us
1991-10-03T06:15:37.000Z,36.7918333,-121.5308333,10.632,2.77,md,78,36,0.03604,0.11,nc,nc233081,2016-12-18T18:04:32.620Z,"5 km S of San Juan Bautista, California",earthquake,0.17,0.32,0.11,108,reviewed,nc,nc
1991-10-03T06:07:01.800Z,2.951,-78.339,33,4.2,md,,,,0.2,us,usp0004xbe,2014-11-07T00:49:21.212Z,"50 km NNE of Mosquera, Colombia",earthquake,,,,,reviewed,us,uvc
1991-10-03T05:57:49.060Z,37.6305,-118.8633333,4.834,2.66,md,36,66,0.02252,0.06,nc,nc233080,2016-12-18T18:04:22.740Z,"9 km ESE of Mammoth Lakes, California",earthquake,0.22,0.34,0.2,28,reviewed,nc,nc
1991-10-03T05:05:34.110Z,43.132,-0.413,10,3,ml,,,,0.8,us,usp0004xbc,2014-11-07T00:49:21.197Z,"3 km NNE of Arudy, France",earthquake,,,,,reviewed,us,ldg
1991-10-03T04:09:59.330Z,36.8833333,-121.617,7.098,2.97,md,88,53,0.01982,0.08,nc,nc233075,2016-12-18T18:03:47.400Z,"2 km ESE of Aromas, California",earthquake,0.13,0.26,0.13,101,reviewed,nc,nc
1991-10-03T02:52:29.300Z,-12.913,167.447,33,4.8,mb,,,,0.8,us,usp0004xb8,2014-11-07T00:49:21.165Z,"107 km N of Sola, Vanuatu",earthquake,,,,6,reviewed,us,us
1991-10-03T02:40:26.860Z,38.882,15.116,10,3.2,ml,,,,0.8,us,usp0004xb6,2014-11-07T00:49:21.152Z,"41 km NNE of Santa Marina Salina, Italy",earthquake,,,,,reviewed,us,rom
1991-10-03T02:29:36.450Z,19.2478333,-156.3198333,34.189,4.35,ml,50,277,,0.09,hv,hv385853,2020-03-31T18:54:28.170Z,"50 km WSW of Captain Cook, Hawaii",earthquake,1.03,1.69,0.01,3,reviewed,hv,hv
1991-10-03T02:17:10.080Z,6.71,-72.968,171.3,4.7,mb,,,,1.1,us,usp0004xb3,2014-11-07T00:49:21.122Z,"4 km S of Cepitá, Colombia",earthquake,,5.4,,9,reviewed,us,us
1991-10-02T23:58:05.220Z,40.655,23.169,10,2.7,md,,,,0.9,us,usp0004xb0,2014-11-07T00:49:21.106Z,"4 km ESE of Ágios Vasíleios, Greece",earthquake,,,,,reviewed,us,the
1991-10-02T23:22:16.320Z,39.872,24.076,10,2.7,md,,,,0.7,us,usp0004xaz,2014-11-07T00:49:21.097Z,"21 km SSE of Sykiá, Greece",earthquake,,,,,reviewed,us,the
1991-10-02T23:13:02.500Z,63.3782,-151.3038,12.1,3.4,ml,,,,0.45,ak,ak991cn6k77u,2020-09-14T19:15:01.267Z,"27 km SE of Denali National Park, Alaska",earthquake,,0.5,,,reviewed,ak,ak
1991-10-02T22:17:13.150Z,43.413,5.438,10,2.5,ml,,,,0.9,us,usp0004xav,2014-11-07T00:49:21.053Z,"1 km S of Simiane-Collongue, France",earthquake,,,,,reviewed,us,str
1991-10-02T22:00:37.730Z,-16.202,-174.776,33,4.7,mb,,,,1.2,us,usp0004xau,2014-11-07T00:49:21.044Z,"108 km WSW of Hihifo, Tonga",earthquake,,,,10,reviewed,us,us
1991-10-02T21:24:26.560Z,30.522,137.697,480,4.5,mb,,,,0.7,us,usp0004xat,2014-11-07T00:49:21.039Z,"Izu Islands, Japan region",earthquake,,,,4,reviewed,us,us
1991-10-02T20:29:56.020Z,51.517,16.155,10,3.5,ml,,,,0.9,us,usp0004xas,2014-11-07T00:49:21.031Z,"Poland",earthquake,,,,,reviewed,us,vie
1991-10-02T20:04:56.940Z,51.561,16.183,10.1,3.5,ml,,,,0.4,us,usp0004xaq,2014-11-07T00:49:21.016Z,"Poland",earthquake,,2.9,,,reviewed,us,vie
1991-10-02T19:11:30.600Z,44.966,11.414,26.2,3.8,ml,,,,1.1,us,usp0004xan,2014-11-07T00:49:20.989Z,"2 km NW of Ficarolo, Italy",earthquake,,4.8,,,reviewed,us,grf
1991-10-02T19:03:54.710Z,37.375,36.047,10,4.3,mb,,,,0.8,us,usp0004xak,2014-11-07T00:49:20.977Z,"4 km W of Kadirli, Turkey",earthquake,,,,8,reviewed,us,us
1991-10-02T18:58:57.430Z,36.8965,-121.6238333,5.731,2.89,md,90,45,0.02793,0.08,nc,nc232783,2016-12-18T18:01:24.430Z,"1 km ENE of Aromas, California",earthquake,0.12,0.22,0.15,117,reviewed,nc,nc
1991-10-02T18:42:21.370Z,33.879,-117.77,7.858,3.3,ml,0,62.7,,0.128,ci,ci2030758,2016-02-05T00:42:04.010Z,"4km ESE of Yorba Linda, CA",earthquake,,0.287,,9,reviewed,ci,ci
1991-10-02T18:31:52.650Z,51.587,16.184,11.3,3.7,ml,,,,0.5,us,usp0004xag,2014-11-07T00:49:20.956Z,"1 km SE of Gr?bocice, Poland",earthquake,,4.3,,,reviewed,us,grf
1991-10-02T17:49:10.750Z,-10.272,161.064,95.4,5.6,mw,,,,1.1,us,usp0004xae,2022-04-28T19:00:31.627Z,"95 km WNW of Kirakira, Solomon Islands",earthquake,,,,,reviewed,us,hrv
1991-10-02T17:41:21.400Z,-24.087,-179.705,551.5,4.6,mb,,,,1.3,us,usp0004xad,2014-11-07T00:49:20.871Z,"south of the Fiji Islands",earthquake,,46.8,,11,reviewed,us,us
1991-10-02T16:18:35.100Z,-46.539,-10.443,10,5,mb,,,,1.2,us,usp0004xac,2014-11-07T00:49:20.863Z,"southern Mid-Atlantic Ridge",earthquake,,,,3,reviewed,us,us
1991-10-02T15:59:49.230Z,10.557,-61.646,33,2.9,md,,,,1.3,us,usp0004xab,2014-11-07T00:49:20.857Z,"16 km SW of Mucurapo, Trinidad and Tobago",earthquake,,,,,reviewed,us,trn
1991-10-02T15:37:28.180Z,15.181,-90.323,33,4.4,mb,,,,1.3,us,usp0004xaa,2014-11-07T00:49:20.854Z,"8 km N of Salamá, Guatemala",earthquake,,,,1,reviewed,us,us
1991-10-02T15:20:27.100Z,40.447,33.294,33,4.2,mb,,,,0.8,us,usp0004xa9,2014-11-07T00:49:20.841Z,"4 km SSE of ?abanözü, Turkey",earthquake,,,,1,reviewed,us,us
1991-10-02T14:46:00.710Z,-9.394,123.049,243.8,4.8,mb,,,,1,us,usp0004xa8,2014-11-07T00:49:20.835Z,"82 km WNW of Naisano Dua, Indonesia",earthquake,,20.5,,4,reviewed,us,us
1991-10-02T14:41:22.720Z,36.872,71.981,292.8,3.8,mb,,,,0.6,us,usp0004xa7,2014-11-07T00:49:20.829Z,"31 km WSW of Khand?d, Afghanistan",earthquake,,20.7,,5,reviewed,us,us
1991-10-02T14:32:55.190Z,-10.402,161.363,91.4,5.4,mw,,,,0.8,us,usp0004xa6,2025-12-19T20:53:12.174Z,"61 km W of Kirakira, Solomon Islands",earthquake,,,,,reviewed,us,hrv
1991-10-02T14:02:31.720Z,63.2275,-149.4887,14.2,4.8,mb,,,,0.22,ak,ak991cn1505g,2020-09-14T19:15:01.771Z,"32 km SW of Cantwell, Alaska",earthquake,,0.4,,,reviewed,ak,ak
1991-10-02T13:50:35.050Z,60.1162,-153.2833,124.9,2.5,ml,,,,0.18,ak,ak991cn0tv69,2020-09-14T19:15:02.268Z,"58 km E of Port Alsworth, Alaska",earthquake,,0.7,,,reviewed,ak,ak
1991-10-02T13:49:25.790Z,63.2968,-149.7623,105.1,2.5,ml,,,,0.19,ak,ak991cn0tmqr,2020-09-14T19:15:02.679Z,"41 km WSW of Cantwell, Alaska",earthquake,,1.4,,,reviewed,ak,ak
1991-10-02T13:38:21.490Z,61.9657,-147.0225,49.5,2.5,ml,,,,0.35,ak,ak991cn0r9j9,2020-09-14T19:15:03.078Z,"8 km ENE of Eureka Roadhouse, Alaska",earthquake,,0.6,,,reviewed,ak,ak
1991-10-02T12:36:51.970Z,42.858,24.113,10,2.9,md,,,,1.4,us,usp0004xa3,2014-11-07T00:49:20.633Z,"9 km ENE of Etropole, Bulgaria",earthquake,,,,,reviewed,us,the
1991-10-02T10:22:44.530Z,61.3787,-150.5613,47.8,3.1,ml,,,,0.28,ak,ak991cmyvl1h,2020-09-14T19:15:03.539Z,"18 km S of Susitna, Alaska",earthquake,,1,,,reviewed,ak,ak
1991-10-02T09:50:14.440Z,43.629,17.446,10,3.2,ml,,,,1.2,us,usp0004x9z,2014-11-07T00:49:20.566Z,"17 km NE of Drežnica, Bosnia and Herzegovina",earthquake,,,,,reviewed,us,zag
1991-10-02T09:48:48.860Z,40.7545,-121.5361667,8.903,2.85,md,30,150,0.2189,0.07,nc,nc232750,2016-12-18T17:58:24.190Z,"8 km SSW of Hat Creek, California",earthquake,0.33,1.27,0.12,36,reviewed,nc,nc
1991-10-02T09:10:01.390Z,45.6575,-123.193,7.027,2.5,md,26,73,0.21,0.25,uw,uw10277653,2016-07-23T22:36:19.710Z,"7 km NW of Banks, Oregon",explosion,1.054,2.98,0.12,3,reviewed,uw,uw
1991-10-02T09:02:37.560Z,4.66,-76.33,110,3.8,md,,,,0.5,us,usp0004x9y,2014-11-07T00:49:20.561Z,"16 km SW of El Cairo, Colombia",earthquake,,,,,reviewed,us,uvc
1991-10-02T08:21:26.530Z,-10.767,164.805,33,4.5,ms,,,,1.2,us,usp0004x9x,2014-11-07T00:49:20.549Z,"Santa Cruz Islands region",earthquake,,,,1,reviewed,us,us
1991-10-02T08:05:46.800Z,59.8652,-150.5823,39.4,2.9,ml,,,,0.27,ak,ak991cmxl2u0,2020-09-14T19:15:04.032Z,"21 km E of Fox River, Alaska",earthquake,,2,,,reviewed,ak,ak
1991-10-02T07:30:37.270Z,-4.519,142.688,77.4,4.4,mb,,,,0.8,us,usp0004x9v,2014-11-07T00:49:20.492Z,"36 km SSW of Ambunti, Papua New Guinea",earthquake,,15.7,,6,reviewed,us,us
1991-10-02T06:38:58.960Z,-7.517,127.476,66.9,4.9,mb,,,,1.2,us,usp0004x9u,2014-11-07T00:49:20.480Z,"122 km NNE of Lospalos, Timor Leste",earthquake,,22.6,,5,reviewed,us,us
1991-10-02T06:37:27.130Z,-6.12,150.926,10,5.1,mb,,,,1,us,usp0004x9t,2014-11-07T00:49:20.450Z,"New Britain region, Papua New Guinea",earthquake,,,,4,reviewed,us,us
1991-10-02T03:59:29.240Z,11.902,143.849,33,4.5,mb,,,,0.4,us,usp0004x9s,2014-11-07T00:49:20.443Z,"175 km SSW of Merizo Village, Guam",earthquake,,,,2,reviewed,us,us
1991-10-02T03:04:45.850Z,6.696,-72.957,173.4,4.6,mb,,,,0.8,us,usp0004x9r,2014-11-07T00:49:20.425Z,"6 km SSE of Cepitá, Colombia",earthquake,,5.2,,2,reviewed,us,us
1991-10-02T02:34:06.350Z,36.9053333,-121.6356667,5.511,3.3,ml,90,37,0.03333,0.08,nc,nc232723,2016-12-18T17:57:21.000Z,"1 km NNE of Aromas, California",earthquake,0.13,0.26,,0,reviewed,nc,nc
1991-10-02T01:23:51.710Z,5.136,-77.228,10,3.8,md,,,,0.7,us,usp0004x9p,2014-11-07T00:49:20.405Z,"25 km NE of Pizarro, Colombia",earthquake,,,,,reviewed,us,upa
1991-10-02T01:11:37.310Z,-23.986,-66.764,199.6,4.8,mb,,,,0.9,us,usp0004x9n,2014-11-07T00:49:20.376Z,"52 km WNW of San Antonio de los Cobres, Argentina",earthquake,,5.6,,7,reviewed,us,us
1991-10-02T00:37:04.990Z,36.9043333,-121.6341667,5.141,2.92,md,88,37,0.03514,0.09,nc,nc232722,2016-12-18T17:57:11.363Z,"1 km NNE of Aromas, California",quarry blast,0.11,0.21,0.09,79,reviewed,nc,nc
1991-10-01T23:05:56.730Z,-5.664,146.025,57.3,4.1,mb,,,,0.3,us,usp0004x9k,2014-11-07T00:49:20.358Z,"55 km SSE of Madang, Papua New Guinea",earthquake,,6.4,,2,reviewed,us,us
1991-10-01T22:29:18.840Z,48.115,9.187,10,2.5,ml,,,,1.4,us,usp0004x9j,2014-11-07T00:49:20.349Z,"4 km NW of Sigmaringen, Germany",earthquake,,,,,reviewed,us,ldg
1991-10-01T22:08:03.390Z,40.7556667,-121.5411667,4.513,2.68,md,22,154,0.2189,0.1,nc,nc232712,2016-12-18T17:56:39.846Z,"8 km SSW of Hat Creek, California",earthquake,0.36,2.41,0.1,23,reviewed,nc,nc
1991-10-01T21:56:27.340Z,33.722,-116.844,16.625,2.56,ml,0,36,,0.132,ci,ci2030706,2016-02-04T22:59:29.580Z,"5km ESE of Valle Vista, CA",earthquake,,0.06,,3,reviewed,ci,ci
1991-10-01T20:50:07.720Z,15.051,-94.765,47,4.8,mb,,,,1.1,us,usp0004x9h,2014-11-07T00:49:20.332Z,"130 km S of San Mateo del Mar, Mexico",earthquake,,8.7,,6,reviewed,us,us
1991-10-01T20:30:20.060Z,35.705,65.512,12.4,5.3,mb,,,,1,us,usp0004x9g,2022-04-28T19:00:30.443Z,"18 km NNW of Qal‘ah-ye Shahr, Afghanistan",earthquake,,,,66,reviewed,us,us
1991-10-01T18:25:51.850Z,60.9682,-150.302,45.7,2.8,ml,,,,0.42,ak,ak991clg4d3l,2020-09-14T19:15:04.862Z,"21 km ENE of Point Possession, Alaska",earthquake,,1.4,,,reviewed,ak,ak
1991-10-01T16:46:58.610Z,36.7886667,-121.5223333,10.059,3.01,md,66,36,0.03423,0.07,nc,nc232700,2016-12-18T17:56:08.390Z,"6 km SSE of San Juan Bautista, California",earthquake,0.15,0.29,0.12,130,reviewed,nc,nc
1991-10-01T15:24:51.980Z,36.5575,-121.0736667,5.154,2.83,md,70,35,0.03423,0.13,nc,nc232693,2016-12-18T17:55:32.810Z,"27 km ENE of Soledad, California",earthquake,0.17,0.41,0.14,46,reviewed,nc,nc
1991-10-01T15:04:59.350Z,1.108,124.526,33,4.5,mb,,,,0.8,us,usp0004x9c,2014-11-07T00:49:20.108Z,"38 km SW of Tomohon, Indonesia",earthquake,,,,7,reviewed,us,us
1991-10-01T13:28:49.640Z,38.21,-1.365,10,2.6,mblg,,,,0.8,us,usp0004x9b,2014-11-07T00:49:20.097Z,"3 km E of Abarán, Spain",earthquake,,,,,reviewed,us,mdd
1991-10-01T13:23:44.360Z,23.882,121.84,30.7,4.3,mb,,,,1.4,us,usp0004x9a,2014-11-07T00:49:20.072Z,"26 km ESE of Hualien City, Taiwan",earthquake,,7.7,,5,reviewed,us,us
1991-10-01T10:47:52.980Z,-19.358,-177.592,441.2,4.6,mb,,,,1,us,usp0004x98,2014-11-07T00:49:20.040Z,"Fiji region",earthquake,,37,,15,reviewed,us,us
1991-10-01T10:24:24.540Z,-31.518,-178.812,33,5.3,mb,,,,1.2,us,usp0004x97,2014-11-07T00:49:20.014Z,"Kermadec Islands region",earthquake,,,,9,reviewed,us,us
1991-10-01T09:11:17.370Z,11.653,-62.423,100,3.1,md,,,,0.9,us,usp0004x94,2014-11-07T00:49:19.983Z,"Windward Islands",earthquake,,,,,reviewed,us,trn
1991-10-01T08:46:03.750Z,60.508,-155.888,-3,2.5,ml,,,,0.26,ak,ak991claafdj,2020-09-14T19:15:05.638Z,"82 km NW of Nondalton, Alaska",earthquake,,7.8,,,reviewed,ak,ak
1991-10-01T08:11:34.320Z,34.132,-117.722,8.956,2.89,ml,0,51.7,,0.116,ci,ci2030675,2016-02-04T23:57:04.830Z,"4km N of Claremont, CA",earthquake,,0.066,,6,reviewed,ci,ci
1991-10-01T07:38:47.230Z,-9.764,111.767,33,4.4,mb,,,,1.5,us,usp0004x93,2014-11-07T00:49:19.968Z,"182 km S of Boyolangu, Indonesia",earthquake,,,,7,reviewed,us,us
1991-10-01T07:20:46.560Z,65.575,-144.47,16.4,3.1,ml,,,,0.4,ak,ak991cl9jigg,2020-09-14T19:15:06.348Z,"15 km E of Central, Alaska",earthquake,,0.9,,,reviewed,ak,ak
1991-10-01T06:36:49.810Z,-55.759,-27.943,33,5,mb,,,,0.5,us,usp0004x91,2014-11-07T00:49:19.933Z,"South Sandwich Islands region",earthquake,,,,2,reviewed,us,us
1991-10-01T05:12:07.470Z,-6.207,151.206,54.8,4.4,mb,,,,1.2,us,usp0004x90,2014-11-07T00:49:19.916Z,"New Britain region, Papua New Guinea",earthquake,,26.2,,5,reviewed,us,us
1991-10-01T04:43:48.390Z,61.8517,-150.724,60.2,2.8,ml,,,,0.19,ak,ak991cl7w593,2020-09-14T19:15:06.708Z,"36 km NNW of Susitna, Alaska",earthquake,,1,,,reviewed,ak,ak
1991-10-01T01:03:06.690Z,58.006,-142.457,10,2.6,ml,,,,,us,usp0004x8s,2020-09-14T19:15:08.494Z,"Gulf of Alaska",earthquake,,,,,reviewed,aei,aei
1991-10-01T00:47:15.550Z,37.0045,-121.9296667,5.732,2.67,md,78,90,0.04414,0.08,nc,nc232636,2016-12-18T17:52:45.200Z,"3 km NE of Soquel, California",earthquake,0.11,0.27,0.12,98,reviewed,nc,nc
1991-10-01T00:40:01.550Z,40.5741667,-125.0141667,18.004,3,ml,34,263,0.5261,0.09,nc,nc232635,2016-12-18T17:52:36.999Z,"off the coast of Northern California",earthquake,1.49,10.46,,0,reviewed,nc,nc
