time,latitude,longitude,depth,mag,magType,nst,gap,dmin,rms,net,id,updated,place,type,horizontalError,depthError,magError,magNst,status,locationSource,magSource
1999-09-29T22:30:18.710Z,62.9728,-150.2626,97.5,2.5,ml,,,,0.52,ak,ak999ci7gejz,2020-02-20T19:52:03.456Z,"58 km N of Chase, Alaska",earthquake,,1.7,,,reviewed,ak,ak
1999-09-29T20:59:18.870Z,39.9403333,-120.4825,-1.189,2.79,md,48,131,0.2234,0.31,nc,nc21056255,2016-12-30T20:56:49.595Z,"7 km N of Lake Davis, California",earthquake,0.49,1.83,0.16,43,reviewed,nc,nc
1999-09-29T19:47:52.480Z,-20.748,-67.079,222,3.8,mb,,,,1.02,us,usp0009f6n,2014-11-07T01:08:33.738Z,"41 km SW of Uyuni, Bolivia",earthquake,,9,,1,reviewed,us,us
1999-09-29T18:37:27.927Z,59.4973,-152.7544,73.4,2.6,ml,,,,0.45,ak,ak999ci546uw,2020-02-20T19:52:05.181Z,"49 km WNW of Nanwalek, Alaska",earthquake,,0.7,,,reviewed,ak,ak
1999-09-29T18:01:31.830Z,-30.738,-71.993,33,6,mwb,,,,0.83,us,usp0009f6m,2022-04-29T18:19:13.437Z,"77 km W of Ovalle, Chile",earthquake,,,,,reviewed,us,us
1999-09-29T16:46:30.260Z,38.937,28.978,10,3.9,md,,,,0.84,us,usp0009f6j,2014-11-07T01:08:33.715Z,"14 km WSW of Pazarlar, Turkey",earthquake,,,,,reviewed,us,isk
1999-09-29T16:12:52.770Z,-23.713,-175.662,33,4.9,mb,,,,0.92,us,usp0009f6h,2014-11-07T01:08:33.704Z,"273 km SSW of ‘Ohonua, Tonga",earthquake,,,,21,reviewed,us,us
1999-09-29T15:57:01.640Z,27.208,53.159,33,4.5,mb,,,,0.99,us,usp0009f6g,2014-11-07T01:08:33.698Z,"47 km SE of Mohr, Iran",earthquake,,,,19,reviewed,us,us
1999-09-29T15:12:04.700Z,-33.527,-71.893,12.8,3,md,,,,,us,usp0009f6e,2014-11-07T01:08:33.694Z,"26 km W of Cartagena, Chile",earthquake,,,,,reviewed,guc,guc
1999-09-29T15:10:38.640Z,40.2873333,-120.047,-2.106,2.91,md,37,202,0.2586,0.49,nc,nc21056191,2016-12-30T20:56:20.599Z,"17 km NNE of Herlong, California",earthquake,1.88,2.48,0.1,38,reviewed,nc,nc
1999-09-29T14:50:03.610Z,-52.23,138.938,10,4.4,mb,,,,1.13,us,usp0009f6d,2014-11-07T01:08:33.692Z,"west of Macquarie Island",earthquake,,,,6,reviewed,us,us
1999-09-29T13:55:12.020Z,12.268,141.63,33,4.4,mb,,,,1.12,us,usp0009f6c,2014-11-07T01:08:33.690Z,"Mariana Islands region",earthquake,,,,2,reviewed,us,us
1999-09-29T13:15:09.520Z,-31.342,-68.364,100,2.9,md,,,,1.24,us,usp0009f6b,2014-11-07T01:08:33.688Z,"16 km NE of San Martín, Argentina",earthquake,,,,,reviewed,us,guc
1999-09-29T12:06:21.260Z,-32.979,-72.184,29.1,3.9,md,,,,,us,usp0009f6a,2014-11-07T01:08:33.686Z,"52 km W of Valparaíso, Chile",earthquake,,,,,reviewed,guc,guc
1999-09-29T11:09:18.490Z,17.925,-67.168,1.1,3,ml,,,,,us,usp0009f69,2014-11-07T01:08:33.685Z,"5 km SSE of Pole Ojea, Puerto Rico",earthquake,,,,,reviewed,mpr,mpr
1999-09-29T08:32:47.200Z,17.522,-94.929,151.9,4.1,md,,,,,us,usp0009f68,2014-11-07T01:08:33.683Z,"14 km NE of Jesús Carranza, Mexico",earthquake,,,,,reviewed,unm,unm
1999-09-29T07:57:22.360Z,-14.479,174.073,33,4.7,ms,,,,1.15,us,usp0009f66,2014-11-07T01:08:33.673Z,"Fiji region",earthquake,,,,52,reviewed,us,us
1999-09-29T07:21:01.000Z,53.67,-116.65,5,3.6,mblg,,,,,us,usp0009f64,2014-11-07T01:08:33.659Z,"17 km NW of Edson, Canada",earthquake,,,,,reviewed,pgc,pgc
1999-09-29T06:50:11.280Z,-32.565,-70.404,96.5,3.3,md,,,,,us,usp0009f63,2014-11-07T01:08:33.657Z,"34 km NNE of Los Andes, Chile",earthquake,,,,,reviewed,guc,guc
1999-09-29T06:22:03.170Z,41.3713333,-123.431,36.995,3.89,mw,68,49,0.09403,0.2,nc,nc21056120,2023-02-13T21:58:59.780Z,"4km E of Somes Bar, CA",earthquake,0.28,0.34,,3,reviewed,nc,nc
1999-09-29T04:42:51.900Z,1.959,125.047,141.8,5.4,mwc,,,,1.04,us,usp0009f61,2025-12-19T22:33:44.644Z,"52 km N of Laikit, Laikit II (Dimembe), Indonesia",earthquake,,,,,reviewed,us,hrv
1999-09-29T03:58:59.330Z,-12.95,166.833,33,4.8,mb,,,,1.19,us,usp0009f5z,2014-11-07T01:08:33.627Z,"128 km NW of Sola, Vanuatu",earthquake,,,,22,reviewed,us,us
1999-09-29T02:13:19.550Z,-27.77,65.89,10,4.6,mb,,,,0.59,us,usp0009f5y,2014-11-07T01:08:33.626Z,"Indian Ocean Triple Junction",earthquake,,,,1,reviewed,us,us
1999-09-29T02:07:45.370Z,18.17,-66.842,25.4,2.9,ml,,,,,us,usp0009f5x,2014-11-07T01:08:33.624Z,"12 km W of Adjuntas, Puerto Rico",earthquake,,,,,reviewed,mpr,mpr
1999-09-29T01:47:34.010Z,34.175,-119.995,5.363,2.72,ml,0,154.2,0.3522,0.66,ci,ci9106513,2016-02-16T08:55:29.393Z,"13km NNW of Santa Cruz Is. (NW end), California",earthquake,,,,59,reviewed,ci,ci
1999-09-29T00:13:05.580Z,40.739,29.346,10,5.2,mwc,,,,1.23,us,usp0009f5w,2022-04-29T18:19:07.304Z,"8 km NNW of Ta?köprü, Turkey",earthquake,,,,,reviewed,us,hrv
1999-09-28T23:21:55.940Z,54.661,168.172,33,4.9,mb,,,,1.04,us,usp0009f5v,2014-11-07T01:08:33.596Z,"Komandorskiye Ostrova, Russia region",earthquake,,,,27,reviewed,us,us
1999-09-28T23:01:31.610Z,23.743,120.76,33,4.1,mb,,,,1.43,us,usp0009f5u,2014-11-07T01:08:33.594Z,"0 km ESE of Lugu, Taiwan",earthquake,,,,1,reviewed,us,us
1999-09-28T21:47:37.900Z,54.681,168.3,33,4.5,mb,,,,1.02,us,usp0009f5t,2014-11-07T01:08:33.590Z,"Komandorskiye Ostrova, Russia region",earthquake,,,,10,reviewed,us,us
1999-09-28T17:16:33.230Z,23.912,121.245,33,3.9,mb,,,,0.8,us,usp0009f5r,2014-11-07T01:08:33.583Z,"28 km ESE of Puli, Taiwan",earthquake,,,,1,reviewed,us,us
1999-09-28T16:47:50.970Z,54.738,168.074,33,4.4,mb,,,,0.94,us,usp0009f5p,2014-11-07T01:08:33.366Z,"Komandorskiye Ostrova, Russia region",earthquake,,,,1,reviewed,us,us
1999-09-28T16:31:46.760Z,54.594,168.257,33,4.6,mb,,,,1.28,us,usp0009f5m,2014-11-07T01:08:33.247Z,"Komandorskiye Ostrova, Russia region",earthquake,,,,13,reviewed,us,us
1999-09-28T16:09:00.680Z,50.76,176.06,0,3.4,ml,,,,,us,usp0009f5k,2014-11-07T01:08:33.241Z,"Rat Islands, Aleutian Islands, Alaska",earthquake,,,,,reviewed,aeic,pmr
1999-09-28T16:00:42.260Z,-31.946,-69.865,100,4.2,md,,,,0.93,us,usp0009f5j,2014-11-07T01:08:33.183Z,"79 km SSW of Calingasta, Argentina",earthquake,,,,,reviewed,us,guc
1999-09-28T15:43:41.700Z,23.1,121.114,33,4.6,mb,,,,1.23,us,usp0009f5h,2014-11-07T01:08:33.150Z,"66 km E of Yujing, Taiwan",earthquake,,,,11,reviewed,us,us
1999-09-28T15:30:17.900Z,35.58,-3.81,14.5,2.8,mblg,,,,,us,usp0009f5g,2014-11-07T01:08:33.144Z,"38 km NNE of Al Hoceïma, Morocco",earthquake,,,,,reviewed,mdd,mdd
1999-09-28T14:59:21.799Z,60.0862,-152.9321,98.7,2.5,ml,,,,0.65,ak,ak999cgfbt83,2020-02-20T19:52:10.569Z,"68 km WNW of Happy Valley, Alaska",earthquake,,0.5,,,reviewed,ak,ak
1999-09-28T14:36:24.060Z,-4.346,132.682,33,4.2,mb,,,,1.03,us,usp0009f5f,2014-11-07T01:08:33.141Z,"142 km N of Tual, Indonesia",earthquake,,,,5,reviewed,us,us
1999-09-28T14:14:18.900Z,35.59,-3.64,10.6,2.7,mblg,,,,,us,usp0009f5e,2014-11-07T01:08:33.121Z,"Strait of Gibraltar",earthquake,,,,,reviewed,mdd,mdd
1999-09-28T13:48:17.070Z,-16.179,-175.933,356.9,5.3,mwc,,,,0.95,us,usp0009f5d,2025-12-19T22:33:43.900Z,"229 km W of Hihifo, Tonga",earthquake,,,,,reviewed,us,hrv
1999-09-28T13:16:47.090Z,-27.683,65.535,10,4.6,mb,,,,1.08,us,usp0009f5c,2014-11-07T01:08:33.080Z,"Indian Ocean Triple Junction",earthquake,,,,3,reviewed,us,us
1999-09-28T12:21:46.150Z,-23.342,-67.799,141.6,4,mb,,,,1.19,us,usp0009f5b,2014-11-07T01:08:33.078Z,"63 km SE of San Pedro de Atacama, Chile",earthquake,,11.1,,3,reviewed,us,us
1999-09-28T11:48:01.420Z,54.759,168.058,33,3.9,mb,,,,1.36,us,usp0009f5a,2014-11-07T01:08:33.077Z,"Komandorskiye Ostrova, Russia region",earthquake,,,,2,reviewed,us,us
1999-09-28T11:06:20.150Z,54.712,168.086,33,3.9,mb,,,,1.15,us,usp0009f59,2014-11-07T01:08:33.074Z,"Komandorskiye Ostrova, Russia region",earthquake,,,,5,reviewed,us,us
1999-09-28T09:35:21.880Z,-35.026,-71.201,86.7,3.2,md,,,,,us,usp0009f58,2014-11-07T01:08:33.072Z,"5 km SE of Curicó, Chile",earthquake,,,,,reviewed,guc,guc
1999-09-28T08:45:20.830Z,40.643,25.975,17,3.2,md,,,,,us,usp0009f57,2014-11-07T01:08:33.070Z,"Aegean Sea",earthquake,,,,,reviewed,isk,isk
1999-09-28T08:27:25.130Z,54.67,168.128,33,4.3,mb,,,,1.26,us,usp0009f56,2014-11-07T01:08:33.066Z,"Komandorskiye Ostrova, Russia region",earthquake,,,,14,reviewed,us,us
1999-09-28T08:02:45.630Z,54.528,168.186,33,4,mb,,,,0.56,us,usp0009f55,2014-11-07T01:08:33.023Z,"Komandorskiye Ostrova, Russia region",earthquake,,,,3,reviewed,us,us
1999-09-28T07:24:57.990Z,34.697,-116.669,1.799,2.53,ml,0,74.5,0.06454,0.227,ci,ci9106429,2016-02-16T06:36:58.284Z,"39km NE of Lucerne Valley, California",earthquake,,0.413,,116,reviewed,ci,ci
1999-09-28T07:01:10.660Z,-33.185,-70.773,77.4,2.5,md,,,,,us,usp0009f54,2014-11-07T01:08:33.020Z,"14 km NE of Lampa, Chile",earthquake,,,,,reviewed,guc,guc
1999-09-28T06:37:07.240Z,54.402,168.214,33,4.1,mb,,,,0.85,us,usp0009f52,2014-11-07T01:08:33.006Z,"Komandorskiye Ostrova, Russia region",earthquake,,,,3,reviewed,us,us
1999-09-28T05:53:51.290Z,24.006,120.72,33,4.6,mb,,,,1.12,us,usp0009f51,2014-11-07T01:08:33.001Z,"6 km NE of Zhongxing New Village, Taiwan",earthquake,,,,13,reviewed,us,us
1999-09-28T05:52:04.940Z,24.237,121.15,33,4.2,mb,,,,1.36,us,usp0009f50,2014-11-07T01:08:32.977Z,"35 km NNE of Puli, Taiwan",earthquake,,,,1,reviewed,us,us
1999-09-28T05:44:05.940Z,54.58,168.334,33,5.3,mwc,,,,1.01,us,usp0009f4z,2022-04-29T18:19:05.704Z,"Komandorskiye Ostrova, Russia region",earthquake,,,,,reviewed,us,hrv
1999-09-28T05:43:27.300Z,54.725,168.115,33,4.4,mb,,,,0.99,us,usp0009f4y,2014-11-07T01:08:32.874Z,"Komandorskiye Ostrova, Russia region",earthquake,,,,12,reviewed,us,us
1999-09-28T05:41:42.440Z,54.701,168.191,33,4.6,mb,,,,0.91,us,usp0009f4x,2014-11-07T01:08:32.870Z,"Komandorskiye Ostrova, Russia region",earthquake,,,,13,reviewed,us,us
1999-09-28T05:27:44.700Z,39.08,-0.6,5.6,3,ml,,,,,us,usp0009f4w,2014-11-07T01:08:32.865Z,"0 km W of Antella, Spain",earthquake,,,,,reviewed,mdd,ldg
1999-09-28T05:26:28.230Z,54.772,168.089,33,4.8,mb,,,,0.99,us,usp0009f4v,2014-11-07T01:08:32.861Z,"Komandorskiye Ostrova, Russia region",earthquake,,,,26,reviewed,us,us
1999-09-28T05:25:04.180Z,54.835,168.028,33,4.5,mb,,,,0.9,us,usp0009f4u,2014-11-07T01:08:32.859Z,"Komandorskiye Ostrova, Russia region",earthquake,,,,5,reviewed,us,us
1999-09-28T05:16:59.840Z,54.651,168.301,33,4.2,mb,,,,0.62,us,usp0009f4t,2014-11-07T01:08:32.856Z,"Komandorskiye Ostrova, Russia region",earthquake,,,,3,reviewed,us,us
1999-09-28T05:00:42.960Z,54.59,168.263,33,6.1,mwc,,,,1.02,us,usp0009f4s,2022-04-29T18:19:04.104Z,"Komandorskiye Ostrova, Russia region",earthquake,,,,,reviewed,us,hrv
1999-09-28T04:53:16.030Z,37.5713333,-118.8693333,4.279,2.74,md,28,65,0.03694,0.04,nc,nc21055870,2016-12-30T20:51:01.750Z,"12 km SE of Mammoth Lakes, California",earthquake,0.24,0.36,0.16,41,reviewed,nc,nc
1999-09-28T04:43:46.780Z,54.667,168.242,33,4.7,mb,,,,0.97,us,usp0009f4r,2014-11-07T01:08:32.817Z,"Komandorskiye Ostrova, Russia region",earthquake,,,,30,reviewed,us,us
1999-09-28T03:30:30.670Z,-32.358,-71.487,28.7,3.7,md,,,,,us,usp0009f4q,2014-11-07T01:08:32.815Z,"26 km WNW of La Ligua, Chile",earthquake,,,,,reviewed,guc,guc
1999-09-28T02:44:50.080Z,-27.611,65.492,10,4,mb,,,,0.74,us,usp0009f4p,2014-11-07T01:08:32.813Z,"Indian Ocean Triple Junction",earthquake,,,,1,reviewed,us,us
1999-09-28T02:35:07.690Z,62.7039,-149.5802,5.7,3,ml,,,,0.81,ak,ak999cg81fox,2020-02-20T19:52:14.684Z,"39 km NE of Chase, Alaska",earthquake,,0.7,,,reviewed,ak,ak
1999-09-28T02:15:18.980Z,-27.673,65.492,10,5,mwc,,,,1.09,us,usp0009f4m,2025-12-19T22:33:43.165Z,"Indian Ocean Triple Junction",earthquake,,,,,reviewed,us,hrv
1999-09-28T01:21:43.230Z,51.555,156.578,157.6,4,mb,,,,1.52,us,usp0009f4j,2014-11-07T01:08:32.803Z,"8 km NE of Ozernovskiy, Russia",earthquake,,15.5,,2,reviewed,us,us
1999-09-28T00:52:41.000Z,39.08,-0.6,10,2.9,ml,,,,,us,usp0009f4h,2014-11-07T01:08:32.799Z,"0 km W of Antella, Spain",earthquake,,,,,reviewed,mdd,ldg
1999-09-28T00:47:24.000Z,39.68,-118.03,10.8,2.9,md,,,,,us,usp0009f4g,2014-11-07T01:08:32.797Z,"65 km ENE of Fallon Station, Nevada",earthquake,,,,,reviewed,ren,ren
1999-09-27T23:30:04.160Z,24.021,121.449,33,4.2,mb,,,,1.42,us,usp0009f4e,2014-11-07T01:08:32.792Z,"16 km WNW of Hualien City, Taiwan",earthquake,,,,4,reviewed,us,us
1999-09-27T23:20:21.700Z,35.15,-3.59,21,2.5,mblg,,,,,us,usp0009f4d,2014-11-07T01:08:32.790Z,"23 km ENE of Bni Bouayach, Morocco",earthquake,,,,,reviewed,mdd,mdd
1999-09-27T23:02:48.890Z,53.637,-165.892,61.2,4.7,mb,,,,1.02,us,usp0009f4c,2020-02-20T19:52:20.304Z,"49 km ESE of Unalaska, Alaska",earthquake,,,,29,reviewed,us,us
1999-09-27T23:01:39.580Z,54.669,168.238,33,5,mwc,,,,1.1,us,usp0009f4b,2022-04-29T18:19:02.539Z,"Komandorskiye Ostrova, Russia region",earthquake,,,,,reviewed,us,hrv
1999-09-27T22:26:45.580Z,-27.591,65.405,10,4.7,mb,,,,1.25,us,usp0009f4a,2014-11-07T01:08:32.777Z,"Indian Ocean Triple Junction",earthquake,,,,6,reviewed,us,us
1999-09-27T22:17:52.150Z,-27.714,65.549,10,4.9,mwc,,,,1.39,us,usp0009f49,2016-11-09T23:35:25.628Z,"Indian Ocean Triple Junction",earthquake,,,,,reviewed,us,hrv
1999-09-27T22:01:28.970Z,46.7556667,-122.7983333,5.153,2.5,md,13,82,0.319,0.22,uw,uw10489748,2016-07-23T19:05:08.280Z,"7 km SE of Bucoda, Washington",explosion,1.142,2.96,0.03,5,reviewed,uw,uw
1999-09-27T21:18:26.040Z,-14.509,167.678,33,4.7,mb,,,,1.06,us,usp0009f47,2014-11-07T01:08:32.768Z,"71 km S of Sola, Vanuatu",earthquake,,,,10,reviewed,us,us
1999-09-27T19:47:34.360Z,23.689,121.043,33,3.4,mb,,,,0.77,us,usp0009f46,2014-11-07T01:08:32.766Z,"30 km ESE of Lugu, Taiwan",earthquake,,,,1,reviewed,us,us
1999-09-27T19:25:37.890Z,51.21,16.11,5,3.2,ml,,,,0.52,us,usp0009f45,2014-11-07T01:08:32.765Z,"3 km W of Legnica, Poland",earthquake,,,,,reviewed,us,vie
1999-09-27T18:50:00.420Z,40.1333333,-122.1558333,28.866,3,ml,26,104,0.07838,0.18,nc,nc30220855,2016-12-30T20:48:57.750Z,"5 km NNE of Proberta, California",earthquake,0.45,0.27,,3,reviewed,nc,nc
1999-09-27T18:44:09.720Z,40.1373333,-122.138,27.97,3.18,ml,22,84,0.07207,0.16,nc,nc21055782,2016-12-30T20:48:35.890Z,"6 km NNE of Proberta, California",earthquake,0.41,0.46,,7,reviewed,nc,nc
1999-09-27T18:10:02.790Z,23.694,121.576,33,4.6,mb,,,,0.98,us,usp0009f41,2014-11-07T01:08:32.756Z,"31 km S of Hualien City, Taiwan",earthquake,,,,15,reviewed,us,us
1999-09-27T17:04:07.830Z,-5.975,148.468,79,4.5,mb,,,,0.8,us,usp0009f40,2014-11-07T01:08:32.753Z,"94 km NE of Finschhafen, Papua New Guinea",earthquake,,9.2,,7,reviewed,us,us
1999-09-27T16:01:14.720Z,63.858,-21.072,10,4.3,mb,,,,1.32,us,usp0009f3z,2014-11-07T01:08:32.750Z,"9 km SSW of Selfoss, Iceland",earthquake,,,,13,reviewed,us,us
1999-09-27T15:35:22.650Z,-7.553,30.294,10,4.1,mb,,,,1.31,us,usp0009f3y,2014-11-07T01:08:32.749Z,"36 km WSW of Kirando, Tanzania",earthquake,,,,3,reviewed,us,us
1999-09-27T14:42:49.130Z,2.667,127.914,33,5.7,mwc,,,,1.07,us,usp0009f3x,2022-04-29T18:18:57.006Z,"104 km N of Tobelo, Indonesia",earthquake,,,,,reviewed,us,hrv
1999-09-27T13:45:51.346Z,55.7317,-161.5634,166.6,3,ml,,,,0.47,ak,ak999cer43dq,2020-02-20T19:52:18.138Z,"37 km SW of Nelson Lagoon, Alaska",earthquake,,1.2,,,reviewed,ak,ak
1999-09-27T13:32:50.100Z,18.873,-98.724,9.9,3.5,md,,,,,us,usp0009f3w,2014-11-07T01:08:32.735Z,"1 km WSW of San Antonio Alpanocan, Mexico",earthquake,,,,,reviewed,unm,unm
1999-09-27T11:58:06.970Z,-4.742,103.083,68.1,5.4,mwc,,,,0.88,us,usp0009f3u,2022-04-29T18:18:55.460Z,"81 km SSW of Pagar Alam, Indonesia",earthquake,,8.6,,,reviewed,us,hrv
1999-09-27T11:55:10.530Z,23.662,121.52,33,5.3,mb,,,,1.12,us,usp0009f3t,2014-11-07T01:08:32.717Z,"35 km SSW of Hualien City, Taiwan",earthquake,,,,52,reviewed,us,us
1999-09-27T11:49:16.590Z,34.617,101.436,33,5,mb,,,,0.84,us,usp0009f3s,2022-04-29T18:18:54.081Z,"194 km SW of Linxia Chengguanzhen, China",earthquake,,,,30,reviewed,us,us
1999-09-27T10:47:12.580Z,-38.975,-70.92,158,4.4,mb,,,,0.95,us,usp0009f3q,2014-11-07T01:08:32.707Z,"29 km N of Aluminé, Argentina",earthquake,,20.4,,1,reviewed,us,us
1999-09-27T10:14:24.460Z,-34.19,-70.044,0.9,3.4,md,,,,,us,usp0009f3p,2014-11-07T01:08:32.705Z,"55 km E of Machalí, Chile",earthquake,,,,,reviewed,guc,guc
1999-09-27T09:32:48.420Z,-6.339,133.392,33,4.5,mb,,,,1.34,us,usp0009f3n,2014-11-07T01:08:32.703Z,"105 km SE of Tual, Indonesia",earthquake,,,,3,reviewed,us,us
1999-09-27T09:01:18.120Z,-32.102,-71.841,16.9,4,md,,,,,us,usp0009f3m,2014-11-07T01:08:32.701Z,"69 km NW of La Ligua, Chile",earthquake,,,,,reviewed,guc,guc
1999-09-27T08:05:28.995Z,60.1231,-150.0609,36.2,3.2,ml,,,,0.71,ak,ak999cenwazn,2020-02-20T19:52:19.178Z,"34 km W of Seward, Alaska",earthquake,,1.1,,,reviewed,ak,ak
1999-09-27T07:37:18.560Z,-32.038,-71.678,20.8,3.8,md,,,,,us,usp0009f3h,2014-11-07T01:08:32.695Z,"62 km NW of La Ligua, Chile",earthquake,,,,,reviewed,guc,guc
1999-09-27T07:28:23.220Z,23.95,121.089,33,4.9,mb,,,,1.28,us,usp0009f3g,2014-11-07T01:08:32.687Z,"12 km E of Puli, Taiwan",earthquake,,,,25,reviewed,us,us
1999-09-27T07:22:38.850Z,-4.413,143.27,105.5,4.5,mb,,,,0.87,us,usp0009f3f,2014-11-07T01:08:32.684Z,"54 km ESE of Ambunti, Papua New Guinea",earthquake,,8.4,,8,reviewed,us,us
1999-09-27T07:00:44.540Z,24.023,121.171,33,4.8,mb,,,,1.2,us,usp0009f3e,2014-11-07T01:08:32.680Z,"21 km ENE of Puli, Taiwan",earthquake,,,,9,reviewed,us,us
1999-09-27T06:40:11.150Z,-34.063,-70.1,6.5,3.3,md,,,,,us,usp0009f3d,2014-11-07T01:08:32.678Z,"52 km ENE of Machalí, Chile",earthquake,,,,,reviewed,guc,guc
1999-09-27T05:40:48.000Z,47.301,10.02,10,2.6,ml,,,,0.71,us,usp0009f3b,2014-11-07T01:08:32.673Z,"1 km SSE of Schoppernau, Austria",earthquake,,,,,reviewed,us,str
1999-09-27T04:41:17.600Z,40.753,29.972,5.3,2.9,md,,,,,us,usp0009f3a,2014-11-07T01:08:32.672Z,"3 km WNW of Köseköy, Turkey",earthquake,,,,,reviewed,isk,isk
1999-09-27T04:34:33.720Z,-31.173,-67.942,33,3.8,md,,,,1.41,us,usp0009f39,2014-11-07T01:08:32.669Z,"60 km ENE of San Martín, Argentina",earthquake,,,,,reviewed,us,guc
1999-09-27T04:11:48.320Z,24.138,121.286,33,4.7,mb,,,,0.61,us,usp0009f38,2014-11-07T01:08:32.665Z,"36 km WNW of Hualien City, Taiwan",earthquake,,,,10,reviewed,us,us
1999-09-27T04:05:43.500Z,-20.93,-67.314,176.6,4.1,mb,,,,0.74,us,usp0009f37,2014-11-07T01:08:32.663Z,"72 km SW of Uyuni, Bolivia",earthquake,,8.8,,6,reviewed,us,us
1999-09-27T04:03:26.690Z,24.046,121.584,33,4.7,mb,,,,1.28,us,usp0009f36,2014-11-07T01:08:32.659Z,"7 km NNW of Hualien City, Taiwan",earthquake,,,,15,reviewed,us,us
1999-09-27T04:02:02.500Z,39.124,26.906,19.5,3.5,md,,,,,us,usp0009f35,2014-11-07T01:08:32.657Z,"6 km NNE of Dikili, Turkey",earthquake,,,,,reviewed,isk,isk
1999-09-27T03:13:28.860Z,-6.486,147.768,58.8,4.6,mb,,,,1,us,usp0009f33,2014-11-07T01:08:32.653Z,"11 km NW of Finschhafen, Papua New Guinea",earthquake,,8.2,,7,reviewed,us,us
1999-09-27T02:36:14.560Z,-26.93,-63.329,560.5,4.1,mb,,,,0.81,us,usp0009f32,2014-11-07T01:08:32.650Z,"14 km NW of El Hoyo, Argentina",earthquake,,9.2,,8,reviewed,us,us
1999-09-27T02:31:24.550Z,28.65,51.284,33,4.6,mb,,,,0.84,us,usp0009f30,2014-11-07T01:08:32.628Z,"56 km SE of Bushehr, Iran",earthquake,,,,46,reviewed,us,us
1999-09-27T01:39:49.790Z,-37.401,178.562,33,4.7,mb,,,,0.92,us,usp0009f2z,2014-11-07T01:08:32.626Z,"131 km ENE of Opotiki, New Zealand",earthquake,,,,4,reviewed,us,us
1999-09-27T01:19:10.610Z,-32.931,-70.074,127.1,2.9,md,,,,,us,usp0009f2y,2014-11-07T01:08:32.624Z,"50 km ESE of Los Andes, Chile",earthquake,,,,,reviewed,guc,guc
1999-09-27T00:53:15.010Z,16.606,120.067,60,4.7,mb,,,,0.87,us,usp0009f2x,2014-11-07T01:08:32.622Z,"25 km NE of Binabalian, Philippines",earthquake,,,,2,reviewed,us,us
1999-09-26T23:50:32.520Z,-9.425,159.719,58.3,5.4,mwc,,,,0.78,us,usp0009f2w,2022-04-29T18:18:48.774Z,"25 km W of Honiara, Solomon Islands",earthquake,,,,,reviewed,us,hrv
1999-09-26T23:44:12.080Z,40.749,29.733,5.5,3.3,md,,,,,us,usp0009f2v,2014-11-07T01:08:32.612Z,"4 km NNW of Hal?dere, Turkey",earthquake,,,,,reviewed,isk,isk
1999-09-26T23:38:38.620Z,44.589,148.204,61,5.1,mwc,,,,0.78,us,usp0009f2u,2025-12-19T22:33:42.477Z,"75 km SSE of Kuril’sk, Russia",earthquake,,6.5,,,reviewed,us,hrv
1999-09-26T21:15:23.300Z,4.473,-76.43,104.3,4.1,mb,,,,0.91,us,usp0009f2r,2014-11-07T01:08:32.585Z,"21 km W of El Dovio, Colombia",earthquake,,5.6,,2,reviewed,us,us
1999-09-26T20:19:39.810Z,-20.883,-177.556,500,4.5,mb,,,,1.05,us,usp0009f2q,2014-11-07T01:08:32.583Z,"245 km W of Haveluloto, Tonga",earthquake,,,,1,reviewed,us,us
1999-09-26T20:11:22.000Z,37.37,-117.09,9,4.4,ml,,,,,us,usp0009f2p,2016-04-02T10:32:51.122Z,"39 km SSE of Goldfield, Nevada",earthquake,,,,,reviewed,ren,brk
1999-09-26T18:55:45.670Z,44.818,146.889,182.3,3.8,mb,,,,1.24,us,usp0009f2n,2014-11-07T01:08:32.578Z,"90 km WSW of Kuril’sk, Russia",earthquake,,18.1,,1,reviewed,us,us
1999-09-26T18:32:57.790Z,-9.376,150.409,33,3.8,mb,,,,1.03,us,usp0009f2m,2014-11-07T01:08:32.576Z,"104 km N of Alotau, Papua New Guinea",earthquake,,,,2,reviewed,us,us
1999-09-26T18:22:40.250Z,24.233,121.747,33,3.9,mb,,,,0.52,us,usp0009f2k,2014-11-07T01:08:32.574Z,"31 km NNE of Hualien City, Taiwan",earthquake,,,,1,reviewed,us,us
1999-09-26T17:45:25.700Z,28.09,-15.79,21.3,3,mblg,,,,,us,usp0009f2j,2014-11-07T01:08:32.573Z,"8 km W of Agaete, Spain",earthquake,,,,,reviewed,mdd,mdd
1999-09-26T16:51:08.310Z,-4.65,129.368,187,4.7,mb,,,,0.96,us,usp0009f2h,2014-11-07T01:08:32.569Z,"153 km SSE of Amahai, Indonesia",earthquake,,10,,13,reviewed,us,us
1999-09-26T16:15:38.000Z,37.38,-117.1,9,4.5,ml,,,,,us,usp0009f2g,2016-04-02T07:12:55.448Z,"38 km SSE of Goldfield, Nevada",earthquake,,,,,reviewed,ren,brk
1999-09-26T16:03:48.900Z,27.07,130.296,33,5.2,mwc,,,,0.99,us,usp0009f2e,2025-12-19T22:33:41.622Z,"164 km SSE of Naze, Japan",earthquake,,,,,reviewed,us,hrv
1999-09-26T15:56:05.780Z,-32.182,-71.712,9.9,3.5,md,,,,,us,usp0009f2d,2014-11-07T01:08:32.552Z,"54 km WNW of La Ligua, Chile",earthquake,,,,,reviewed,guc,guc
1999-09-26T15:01:58.164Z,58.8295,-152.3536,2.7,3.1,ml,,,,0.67,ak,ak999cd4i748,2020-02-20T19:52:23.598Z,"63 km SSW of Nanwalek, Alaska",earthquake,,1.4,,,reviewed,ak,ak
1999-09-26T15:01:39.311Z,63.2039,-150.4712,132.5,3.4,ml,,,,0.65,ak,ak999cd4i5nv,2020-02-20T19:52:23.110Z,"73 km ESE of Denali National Park, Alaska",earthquake,,1.8,,,reviewed,ak,ak
1999-09-26T14:54:42.274Z,60.0537,-152.3042,63.3,2.6,ml,,,,0.67,ak,ak999cd4838j,2020-02-20T19:52:23.971Z,"34 km WNW of Happy Valley, Alaska",earthquake,,1,,,reviewed,ak,ak
1999-09-26T14:41:23.670Z,43.819,-28.954,10,4.5,mb,,,,1.05,us,usp0009f2a,2014-11-07T01:08:32.546Z,"northern Mid-Atlantic Ridge",earthquake,,,,6,reviewed,us,us
1999-09-26T14:39:00.297Z,60.9307,-146.8237,18.5,2.5,ml,,,,0.66,ak,ak999cd44s99,2020-02-20T19:52:24.391Z,"10 km NW of Tatitlek, Alaska",earthquake,,0.4,,,reviewed,ak,ak
1999-09-26T14:22:10.456Z,61.3243,-149.748,35.1,2.7,ml,,,,0.42,ak,ak999cd415v9,2020-02-20T19:52:24.766Z,"9 km W of Eagle River, Alaska",earthquake,,0.6,,,reviewed,ak,ak
1999-09-26T14:03:46.080Z,40.403,29.16,9.5,2.7,md,,,,,us,usp0009f26,2014-11-07T01:08:32.537Z,"2 km WSW of Umurbey, Turkey",earthquake,,,,,reviewed,isk,isk
1999-09-26T13:44:01.200Z,42.8,-0.3,2,2.8,ml,,,,,us,usp0009f25,2014-11-07T01:08:32.534Z,"4 km NE of Sallent de Gállego, Spain",earthquake,,,,,reviewed,ldg,str
1999-09-26T12:54:21.540Z,-32.548,-71.611,24.2,4.2,md,,,,,us,usp0009f24,2014-11-07T01:08:32.531Z,"37 km WSW of La Ligua, Chile",earthquake,,,,,reviewed,guc,guc
1999-09-26T11:18:49.340Z,-31.959,-70.83,103.1,2.9,md,,,,,us,usp0009f21,2014-11-07T01:08:32.527Z,"23 km SSE of Salamanca, Chile",earthquake,,,,,reviewed,guc,guc
1999-09-26T11:12:53.050Z,40.033,30.055,10,3.9,mb,,,,1,us,usp0009f20,2014-11-07T01:08:32.525Z,"8 km SSE of Küplü, Turkey",earthquake,,,,1,reviewed,us,us
1999-09-26T09:27:19.430Z,-56.026,-27.815,132.3,4.4,mb,,,,0.98,us,usp0009f1y,2014-11-07T01:08:32.520Z,"South Sandwich Islands region",earthquake,,23.7,,6,reviewed,us,us
1999-09-26T07:46:39.500Z,39.088,27.833,0.1,2.9,md,,,,,us,usp0009f1v,2014-11-07T01:08:32.516Z,"14 km E of K?rka?aç, Turkey",earthquake,,,,,reviewed,isk,isk
1999-09-26T07:43:03.600Z,-32.662,-71.689,42.2,3.4,md,,,,,us,usp0009f1u,2014-11-07T01:08:32.514Z,"41 km N of Valparaíso, Chile",earthquake,,,,,reviewed,guc,guc
1999-09-26T07:00:38.770Z,51.414,16.008,5,3.3,ml,,,,1.02,us,usp0009f1s,2014-11-07T01:08:32.510Z,"7 km E of Chocianów, Poland",earthquake,,,,,reviewed,us,grf
1999-09-26T06:57:19.980Z,34.287,-118.442,8.644,2.88,ml,0,38.9,,0.343,ci,ci9106224,2016-02-17T04:22:23.615Z,"0km NW of Pacoima, California",earthquake,,0.273,,162,reviewed,ci,ci
1999-09-26T06:38:38.540Z,39.02,27.955,10,4.1,mb,,,,1.15,us,usp0009f1p,2014-11-07T01:08:32.500Z,"15 km NE of Akhisar, Turkey",earthquake,,,,19,reviewed,us,us
1999-09-26T06:22:05.520Z,58.311,-32.077,10,3.9,mb,,,,1.44,us,usp0009f1n,2014-11-07T01:08:32.498Z,"Reykjanes Ridge",earthquake,,,,1,reviewed,us,us
1999-09-26T05:45:52.360Z,23.584,121.122,33,4,mb,,,,1.16,us,usp0009f1k,2014-11-07T01:08:32.494Z,"41 km ESE of Lugu, Taiwan",earthquake,,,,1,reviewed,us,us
1999-09-26T04:15:25.920Z,46.227,12.493,10,2.9,ml,,,,1.12,us,usp0009f1h,2014-11-07T01:08:32.489Z,"4 km SSW of Claut, Italy",earthquake,,,,,reviewed,us,grf
1999-09-26T03:01:41.720Z,51.507,16.096,5,3.5,ml,,,,0.46,us,usp0009f1g,2014-11-07T01:08:32.486Z,"1 km ENE of Polkowice, Poland",earthquake,,,,,reviewed,us,vie
1999-09-26T03:01:26.560Z,38.7648333,-122.7386667,2.011,2.54,md,43,31,0.01982,0.05,nc,nc21055529,2016-12-30T20:44:16.810Z,"6 km SSW of Cobb, California",earthquake,0.1,0.25,0.12,54,reviewed,nc,nc
1999-09-25T23:52:48.660Z,23.738,121.158,17,6.5,mwc,,,,0.91,us,usp0009f1e,2022-04-29T18:18:43.298Z,"31 km SE of Puli, Taiwan",earthquake,,,,,reviewed,us,hrv
1999-09-25T23:22:19.850Z,-32.431,-71.319,45.1,3.3,md,,,,,us,usp0009f1d,2014-11-07T01:08:32.348Z,"8 km WNW of La Ligua, Chile",earthquake,,,,,reviewed,guc,guc
1999-09-25T22:37:35.110Z,-0.391,125.648,33,4.1,mb,,,,1.04,us,usp0009f1c,2014-11-07T01:08:32.327Z,"204 km SSE of Tondano, Indonesia",earthquake,,,,1,reviewed,us,us
1999-09-25T21:54:08.840Z,23.506,120.987,33,4.6,mb,,,,1.28,us,usp0009f1a,2014-11-07T01:08:32.274Z,"35 km SE of Lugu, Taiwan",earthquake,,,,7,reviewed,us,us
1999-09-25T20:59:53.430Z,36.5081667,-121.4255,13.682,2.72,md,4,151,0.1243,0,nc,nc40105523,2016-12-30T20:42:55.292Z,"1 km E of Gonzales, California",earthquake,1.03,1.07,,1,reviewed,nc,nc
1999-09-25T20:51:56.640Z,23.166,120.896,33,4.5,mb,,,,1.32,us,usp0009f19,2014-11-07T01:08:32.005Z,"44 km E of Yujing, Taiwan",earthquake,,,,9,reviewed,us,us
1999-09-25T20:49:20.750Z,42.47,1.73,10,2.8,ml,,,,,us,usp0009f18,2014-11-07T01:08:31.997Z,"7 km NW of Éller, Spain",earthquake,,,,,reviewed,str,ldg
1999-09-25T20:46:29.880Z,37.934,23.631,10,4.1,mb,,,,0.82,us,usp0009f17,2014-11-07T01:08:31.897Z,"1 km WSW of Piraeus, Greece",earthquake,,,,2,reviewed,us,us
1999-09-25T19:19:30.010Z,28.711,51.208,33,4.9,ms,,,,0.83,us,usp0009f16,2014-11-07T01:08:31.843Z,"46 km SE of Bushehr, Iran",earthquake,,,,22,reviewed,us,us
1999-09-25T18:04:21.650Z,34.846,31.666,25,2.9,ml,,,,,us,usp0009f15,2014-11-07T01:08:31.842Z,"65 km W of Pégeia, Cyprus",earthquake,,,,,reviewed,css,css
1999-09-25T17:42:38.545Z,59.9287,-152.3519,71.8,2.5,ml,,,,0.65,ak,ak999cbiegoe,2020-02-20T19:52:28.646Z,"33 km WNW of Anchor Point, Alaska",earthquake,,1.3,,,reviewed,ak,ak
1999-09-25T17:26:01.200Z,23.931,121.323,33,4.4,mb,,,,0.33,us,usp0009f14,2014-11-07T01:08:31.841Z,"29 km W of Hualien City, Taiwan",earthquake,,,,1,reviewed,us,us
1999-09-25T17:22:02.930Z,51.604,16.164,5,3.3,ml,,,,0.56,us,usp0009f13,2014-11-07T01:08:31.837Z,"0 km NNW of Gr?bocice, Poland",earthquake,,,,,reviewed,us,grf
1999-09-25T17:01:05.260Z,-2.162,125.669,33,4.8,mb,,,,1.15,us,usp0009f12,2014-11-07T01:08:31.834Z,"Pulau-Pulau Sula, Indonesia",earthquake,,,,13,reviewed,us,us
1999-09-25T17:00:13.400Z,-43.17,170.93,5,4,ml,,,,,us,usp0009f11,2014-11-07T01:08:31.832Z,"50 km S of Hokitika, New Zealand",earthquake,,,,,reviewed,wel,wel
1999-09-25T15:59:35.740Z,-22.02,-175.144,33,5.4,mwc,,,,1.21,us,usp0009f10,2025-12-19T22:33:40.791Z,"78 km SSW of ‘Ohonua, Tonga",earthquake,,,,,reviewed,us,hrv
1999-09-25T15:22:04.400Z,17.025,-100.158,10.5,3.9,md,,,,,us,usp0009f0z,2014-11-07T01:08:31.822Z,"5 km NW of El Espinalillo, Mexico",earthquake,,,,,reviewed,unm,unm
1999-09-25T15:01:43.700Z,-43.2,170.86,12,4.1,ml,,,,,us,usp0009f0y,2014-11-07T01:08:31.821Z,"54 km S of Hokitika, New Zealand",earthquake,,,,,reviewed,wel,wel
1999-09-25T13:12:36.570Z,32.518,-115.448,5.984,2.85,ml,0,192.2,0.269,0.353,ci,ci9106173,2016-02-17T06:45:45.070Z,"10km WSW of Puebla, B.C., MX",earthquake,,,,74,reviewed,ci,ci
1999-09-25T12:38:14.440Z,52.404,-32.022,10,3.9,mb,,,,1.37,us,usp0009f0u,2014-11-07T01:08:31.814Z,"Reykjanes Ridge",earthquake,,,,2,reviewed,us,us
1999-09-25T12:25:00.630Z,50.769,157.759,53,4.6,mb,,,,1.01,us,usp0009f0t,2014-11-07T01:08:31.810Z,"115 km E of Severo-Kuril’sk, Russia",earthquake,,13.8,,20,reviewed,us,us
1999-09-25T12:16:56.140Z,-5.688,152.99,33,4.3,mb,,,,1.24,us,usp0009f0s,2014-11-07T01:08:31.809Z,"168 km SSE of Kokopo, Papua New Guinea",earthquake,,,,7,reviewed,us,us
1999-09-25T11:33:46.900Z,36.58,-5.7,0.6,2.5,mblg,,,,,us,usp0009f0p,2014-11-07T01:08:31.803Z,"9 km SSW of Algar, Spain",earthquake,,,,,reviewed,mdd,mdd
1999-09-25T11:28:49.490Z,-31.865,-69.959,150,3.6,md,,,,0.5,us,usp0009f0n,2014-11-07T01:08:31.801Z,"77 km SW of Calingasta, Argentina",earthquake,,,,,reviewed,us,guc
1999-09-25T11:24:17.070Z,-11.997,122.48,33,3.7,mb,,,,0.42,us,usp0009f0m,2014-11-07T01:08:31.799Z,"236 km SSW of Kupang, Indonesia",earthquake,,,,1,reviewed,us,us
1999-09-25T10:30:13.130Z,14.198,-61.139,15.1,2.6,md,,,,,us,usp0009f0j,2014-11-07T01:08:31.797Z,"25 km NW of Gros Islet, Saint Lucia",earthquake,,,,,reviewed,fdf,fdf
1999-09-25T09:56:24.180Z,29.406,51.755,33,4.5,mb,,,,1.03,us,usp0009f0h,2014-11-07T01:08:31.793Z,"25 km SSE of K?zer?n, Iran",earthquake,,,,15,reviewed,us,us
1999-09-25T09:54:36.210Z,-10.848,119.19,10,4.4,mb,,,,0.95,us,usp0009f0g,2014-11-07T01:08:31.791Z,"176 km SW of Waingapu, Indonesia",earthquake,,,,2,reviewed,us,us
1999-09-25T09:50:32.080Z,-4.539,-105.049,10,4.6,mb,,,,1.16,us,usp0009f0f,2014-11-07T01:08:31.788Z,"central East Pacific Rise",earthquake,,,,9,reviewed,us,us
1999-09-25T09:30:19.530Z,20.1108333,-153.9038333,6.766,2.64,ml,34,333,,0.15,hv,hv1267903,2020-03-31T21:00:45.700Z,"123 km ENE of Hawaiian Beaches, Hawaii",earthquake,9.83,12.47,0.23,6,reviewed,hv,hv
1999-09-25T08:43:31.590Z,23.56,121.206,33,5.1,mwc,,,,0.85,us,usp0009f0e,2025-12-19T22:18:13.665Z,"50 km ESE of Lugu, Taiwan",earthquake,,,,,reviewed,us,hrv
1999-09-25T08:39:45.910Z,-22.88,-66.273,260.9,4,mb,,,,0.89,us,usp0009f0d,2014-11-07T01:08:31.775Z,"61 km WSW of Abra Pampa, Argentina",earthquake,,6.4,,4,reviewed,us,us
1999-09-25T07:49:45.910Z,36.035,-117.758,0.747,2.57,ml,0,121.6,0.01114,0.124,ci,ci9106149,2016-02-16T04:16:50.335Z,"17km E of Coso Junction, California",earthquake,,0.154,,67,reviewed,ci,ci
1999-09-25T07:11:12.520Z,40.413,22.164,33,3.3,md,,,,0.81,us,usp0009f0c,2014-11-07T01:08:31.769Z,"7 km NNW of Rizómata, Greece",earthquake,,,,,reviewed,us,pdg
1999-09-25T07:04:24.410Z,40.626,30.55,5,3.2,md,,,,,us,usp0009f0b,2014-11-07T01:08:31.767Z,"1 km SSE of Karapürçek, Turkey",earthquake,,,,,reviewed,isk,isk
1999-09-25T06:51:28.370Z,-5.494,147.772,10,4.3,mb,,,,0.73,us,usp0009f09,2014-11-07T01:08:31.765Z,"117 km N of Finschhafen, Papua New Guinea",earthquake,,,,5,reviewed,us,us
1999-09-25T06:45:10.570Z,-2.648,138.809,10,4.1,mb,,,,0.98,us,usp0009f08,2014-11-07T01:08:31.763Z,"202 km W of Abepura, Indonesia",earthquake,,,,5,reviewed,us,us
1999-09-25T06:13:13.240Z,24.229,121.385,33,4.3,mb,,,,1.45,us,usp0009f07,2014-11-07T01:08:31.761Z,"35 km NW of Hualien City, Taiwan",earthquake,,,,2,reviewed,us,us
1999-09-25T06:08:19.170Z,31.886,-115.736,8.306,3.27,ml,0,255.1,0.7612,0.372,ci,ci9106152,2016-04-02T00:47:51.712Z,"66km SW of Alberto Oviedo Mota, B.C., MX",earthquake,,5.774,,85,reviewed,ci,ci
1999-09-25T05:27:21.490Z,-21.664,-177.293,258,4.4,mb,,,,0.94,us,usp0009f05,2014-11-07T01:08:31.755Z,"222 km WSW of Haveluloto, Tonga",earthquake,,,,17,reviewed,us,us
1999-09-25T05:19:12.210Z,-18.985,-174.437,150,4.6,mb,,,,1.4,us,usp0009f04,2014-11-07T01:08:31.753Z,"60 km SW of Neiafu, Tonga",earthquake,,,,1,reviewed,us,us
1999-09-25T05:18:30.570Z,-18.959,-175.108,165.1,5.4,mwc,,,,0.83,us,usp0009f03,2025-12-19T22:41:04.258Z,"123 km WSW of Neiafu, Tonga",earthquake,,,,,reviewed,us,hrv
1999-09-25T05:08:06.510Z,-31.565,-68.875,102.6,4.1,md,,,,0.95,us,usp0009f02,2014-11-07T01:08:31.732Z,"13 km W of Villa Basilio Nievas, Argentina",earthquake,,22.2,,,reviewed,us,guc
1999-09-25T05:00:35.130Z,33.206,-116.391,5.381,2.91,mc,0,115.3,0.2442,0.148,ci,ci9106142,2016-02-17T01:59:06.895Z,"6km SSW of Borrego Springs, California",earthquake,,,,5,reviewed,ci,ci
1999-09-25T04:30:42.160Z,27.196,126.673,182.8,4.2,mb,,,,1.08,us,usp0009f01,2014-11-07T01:08:31.730Z,"142 km NW of Ishikawa, Japan",earthquake,,11.6,,3,reviewed,us,us
1999-09-25T04:19:17.950Z,23.889,121.592,33,4.7,mb,,,,1.3,us,usp0009f00,2014-11-07T01:08:31.726Z,"9 km S of Hualien City, Taiwan",earthquake,,,,16,reviewed,us,us
1999-09-25T04:00:21.060Z,-24.056,178.744,550,4.2,mb,,,,0.95,us,usp0009ezz,2014-11-07T01:08:31.723Z,"south of the Fiji Islands",earthquake,,,,8,reviewed,us,us
1999-09-25T02:42:43.430Z,-5.483,145.544,107.8,4.1,mb,,,,1.36,us,usp0009ezw,2014-11-07T01:08:31.717Z,"39 km SW of Madang, Papua New Guinea",earthquake,,,,2,reviewed,us,us
1999-09-25T02:05:09.040Z,1.324,122.696,33,4.5,mb,,,,1.39,us,usp0009ezs,2014-11-07T01:08:31.708Z,"96 km NNW of Gorontalo, Indonesia",earthquake,,,,9,reviewed,us,us
1999-09-25T01:43:56.720Z,37.4173333,-118.5553333,1.31,3.04,md,20,179,0.07027,0.06,nc,nc21055331,2016-12-30T20:41:19.560Z,"1 km W of Mesa, California",earthquake,0.89,2.57,0.07,37,reviewed,nc,nc
1999-09-25T01:37:51.040Z,57.768,-33.001,10,4,mb,,,,1.1,us,usp0009ezq,2014-11-07T01:08:31.705Z,"Reykjanes Ridge",earthquake,,,,1,reviewed,us,us
1999-09-25T01:37:29.250Z,0.574,-25.023,10,4.7,mb,,,,0.68,us,usp0009ezp,2014-11-07T01:08:31.702Z,"central Mid-Atlantic Ridge",earthquake,,,,9,reviewed,us,us
1999-09-25T01:21:20.220Z,-17.956,-172.665,33,4.5,mb,,,,1.22,us,usp0009ezn,2014-11-07T01:08:31.699Z,"159 km ENE of Neiafu, Tonga",earthquake,,,,10,reviewed,us,us
1999-09-25T01:18:24.800Z,36.2025,-117.913,-0.106,2.99,ml,31,170,0.0968,0.22,ci,ci9106131,2016-04-02T11:20:14.854Z,"12km SE of Olancha, CA",earthquake,0.8,1.07,,109,reviewed,ci,ci
1999-09-25T00:52:08.110Z,38.484,16.958,10,3.7,md,,,,0.63,us,usp0009ezk,2014-11-07T01:08:31.694Z,"33 km E of Guardavalle Marina, Italy",earthquake,,,,,reviewed,us,rom
1999-09-25T00:44:20.090Z,5.091,126.389,33,4.4,mb,,,,0.81,us,usp0009ezj,2014-11-07T01:08:31.692Z,"108 km ESE of Sarangani, Philippines",earthquake,,,,3,reviewed,us,us
1999-09-25T00:31:57.840Z,-33.461,-70.264,109.3,2.5,md,,,,,us,usp0009ezh,2014-11-07T01:08:31.691Z,"29 km E of Villa Presidente Frei, Ñuñoa, Santiago, Chile, Chile",earthquake,,,,,reviewed,guc,guc
1999-09-25T00:24:40.100Z,16.944,-61.768,63.1,3.6,md,,,,,us,usp0009ezg,2014-11-07T01:08:31.689Z,"9 km S of Falmouth, Antigua and Barbuda",earthquake,,,,,reviewed,fdf,fdf
1999-09-24T23:42:08.850Z,14.026,-90.224,33,4,mb,,,,0.96,us,usp0009ezf,2014-11-07T01:08:31.686Z,"5 km NNW of Pasaco, Guatemala",earthquake,,,,5,reviewed,us,us
1999-09-24T22:45:53.421Z,60.1519,-151.6502,83.3,3.2,ml,,,,0.72,ak,ak999c9xuyi6,2020-02-20T19:52:32.422Z,"11 km N of Ninilchik, Alaska",earthquake,,0.7,,,reviewed,ak,ak
1999-09-24T21:18:10.720Z,-25.685,179.412,500,4.3,mb,,,,1.22,us,usp0009ezb,2014-11-07T01:08:31.679Z,"south of the Fiji Islands",earthquake,,,,6,reviewed,us,us
1999-09-24T21:16:09.460Z,39.688,-30.297,10,4.3,mb,,,,1.2,us,usp0009eza,2014-11-07T01:08:31.677Z,"75 km ENE of Santa Cruz das Flores, Portugal",earthquake,,,,4,reviewed,us,us
1999-09-24T20:52:52.630Z,39.702,-30.128,10,4.4,mb,,,,1.29,us,usp0009ez9,2014-11-07T01:08:31.675Z,"90 km ENE of Santa Cruz das Flores, Portugal",earthquake,,,,2,reviewed,us,us
1999-09-24T20:47:52.670Z,48.36,7.05,2,2.5,ml,,,,,us,usp0009ez8,2014-11-07T01:08:31.671Z,"6 km SE of Senones, France",earthquake,,,,,reviewed,str,ldg
1999-09-24T20:33:15.140Z,31.905,-115.724,5.62,2.6,mc,0,268.8,0.7422,0.32,ci,ci9106102,2016-02-16T08:55:19.995Z,"63km SW of Alberto Oviedo Mota, B.C., MX",earthquake,,,,7,reviewed,ci,ci
1999-09-24T20:10:45.300Z,40.771,29.195,8.7,3.4,md,,,,,us,usp0009ez6,2014-11-07T01:08:31.666Z,"11 km SSE of Adalar, Turkey",earthquake,,,,,reviewed,isk,isk
1999-09-24T19:51:05.030Z,1.262,127.13,150,4,mb,,,,0.88,us,usp0009ez5,2014-11-07T01:08:31.664Z,"59 km NNW of Ternate, Indonesia",earthquake,,,,6,reviewed,us,us
1999-09-24T19:34:35.740Z,31.92,-115.762,5.726,2.74,ml,0,256.6,0.7278,0.276,ci,ci9106095,2016-02-17T06:45:43.732Z,"65km WSW of Alberto Oviedo Mota, B.C., MX",earthquake,,,,49,reviewed,ci,ci
1999-09-24T19:30:25.420Z,32.421,-115.176,5.983,2.67,ml,0,214,0.3559,0.206,ci,ci9106093,2016-02-16T21:03:14.388Z,"8km NNE of Delta, B.C., MX",earthquake,,,,41,reviewed,ci,ci
1999-09-24T19:17:14.580Z,28.645,51.328,33,5.3,mwc,,,,0.83,us,usp0009ez4,2022-04-29T18:18:41.894Z,"59 km SE of Bushehr, Iran",earthquake,,,,,reviewed,us,hrv
1999-09-24T19:08:03.640Z,37.488,38.626,10,4.3,mb,,,,1.22,us,usp0009ez3,2014-11-07T01:08:31.628Z,"16 km NNE of Bozova, Turkey",earthquake,,,,27,reviewed,us,us
1999-09-24T18:05:07.850Z,36.715,141.615,33,4.2,mb,,,,1.37,us,usp0009eyz,2014-11-07T01:08:31.621Z,"75 km ESE of Iwaki, Japan",earthquake,,,,6,reviewed,us,us
1999-09-24T18:01:57.800Z,16.593,-99.856,6,3.8,md,,,,,us,usp0009eyy,2014-11-07T01:08:31.619Z,"26 km WSW of San Andrés Playa Encantada (El Podrido), Mexico",earthquake,,,,,reviewed,unm,unm
1999-09-24T15:59:42.900Z,46.7,-3.3,2,2.7,ml,,,,,us,usp0009eyt,2014-11-07T01:08:31.612Z,"72 km S of Le Palais, France",earthquake,,,,,reviewed,ldg,ldg
1999-09-24T15:37:43.000Z,43.22,17.39,13,3,ml,,,,,us,usp0009eys,2014-11-07T01:08:31.609Z,"2 km NE of Vrgorac, Croatia",earthquake,,,,,reviewed,zag,vie
1999-09-24T14:56:49.390Z,9.88,126.437,33,4.2,mb,,,,1.04,us,usp0009eyp,2014-11-07T01:08:31.604Z,"37 km E of Pilar, Philippines",earthquake,,,,4,reviewed,us,us
1999-09-24T14:37:09.330Z,-32.515,-71.77,5.9,3.4,md,,,,,us,usp0009eym,2014-11-07T01:08:31.601Z,"51 km W of La Ligua, Chile",earthquake,,,,,reviewed,guc,guc
1999-09-24T14:34:20.360Z,-33.661,179.253,250,3.9,mb,,,,1.04,us,usp0009eyk,2014-11-07T01:08:31.599Z,"south of the Kermadec Islands",earthquake,,,,3,reviewed,us,us
1999-09-24T14:29:59.450Z,-32.749,-71.502,14.2,3.2,md,,,,,us,usp0009eyj,2014-11-07T01:08:31.596Z,"27 km W of Hacienda La Calera, Chile",earthquake,,,,,reviewed,guc,guc
1999-09-24T14:22:21.330Z,23.606,121.102,33,4.3,mb,,,,1.2,us,usp0009eyh,2014-11-07T01:08:31.594Z,"38 km ESE of Lugu, Taiwan",earthquake,,,,4,reviewed,us,us
1999-09-24T14:21:32.650Z,36.206,-117.891,1.651,2.7,ml,0,208.7,0.2047,0.193,ci,ci9106072,2016-02-16T13:40:19.115Z,"13km SE of Olancha, California",earthquake,,0.524,,51,reviewed,ci,ci
1999-09-24T13:44:49.780Z,40.804,30.297,10,3.8,md,,,,,us,usp0009eyf,2014-11-07T01:08:31.591Z,"9 km WNW of Adapazar?, Turkey",earthquake,,,,,reviewed,isk,isk
1999-09-24T13:19:07.090Z,38.3966667,-122.6281667,3.258,2.83,md,56,32,0.02793,0.11,nc,nc21055182,2016-12-30T20:39:02.010Z,"7 km WSW of Kenwood, California",earthquake,0.1,0.35,0.1,61,reviewed,nc,nc
1999-09-24T12:05:29.740Z,85.473,86.052,10,4.6,mb,,,,1.15,us,usp0009eyc,2014-11-07T01:08:31.584Z,"north of Severnaya Zemlya",earthquake,,,,18,reviewed,us,us
1999-09-24T11:44:33.199Z,51.9524,-170.949,20,3.2,ml,,,,0.37,ak,ak999c9raxkn,2020-02-20T19:51:33.282Z,"179 km SW of Nikolski, Alaska",earthquake,,0,,,reviewed,ak,ak
1999-09-24T11:34:21.930Z,19.5428333,-155.1531667,22.318,2.52,ml,33,88,,0.13,hv,hv1267807,2020-03-31T21:00:24.810Z,"4 km WSW of Mountain View, Hawaii",earthquake,0.46,0.93,0.28,8,reviewed,hv,hv
1999-09-24T09:17:32.350Z,23.794,120.726,33,3.7,mb,,,,1.13,us,usp0009eyb,2014-11-07T01:08:31.583Z,"5 km NNW of Lugu, Taiwan",earthquake,,,,1,reviewed,us,us
1999-09-24T09:02:26.010Z,-33.611,-72.013,29.5,3.4,md,,,,,us,usp0009eya,2014-11-07T01:08:31.581Z,"37 km W of San Antonio, Chile",earthquake,,,,,reviewed,guc,guc
1999-09-24T08:58:01.300Z,52.075,-170.962,33,4.4,mb,,,,1.08,us,usp0009ey9,2020-02-20T19:51:33.582Z,"171 km SW of Nikolski, Alaska",earthquake,,,,5,reviewed,us,us
1999-09-24T08:16:41.890Z,4.253,62.527,10,4.1,mb,,,,1.08,us,usp0009ey8,2014-11-07T01:08:31.577Z,"Carlsberg Ridge",earthquake,,,,1,reviewed,us,us
1999-09-24T07:28:04.230Z,36.8518333,-121.5816667,6.517,2.75,md,73,39,0.03333,0.08,nc,nc30220851,2016-12-30T20:36:36.300Z,"3 km W of San Juan Bautista, California",earthquake,0.12,0.24,0.08,87,reviewed,nc,nc
1999-09-24T07:21:14.230Z,36.8518333,-121.5828333,6.471,3.13,ml,77,39,0.02523,0.09,nc,nc21055110,2016-12-30T20:36:09.090Z,"4 km W of San Juan Bautista, California",earthquake,0.14,0.26,,11,reviewed,nc,nc
1999-09-24T06:33:25.660Z,24.085,121.166,33,3.6,mb,,,,1.39,us,usp0009ey6,2014-11-07T01:08:31.573Z,"23 km ENE of Puli, Taiwan",earthquake,,,,1,reviewed,us,us
1999-09-24T06:00:26.540Z,37.5648333,-118.7965,1.291,2.74,md,28,83,0.03604,0.05,nc,nc21055086,2016-12-30T20:35:23.310Z,"7 km W of Aspen Springs, California",earthquake,0.23,0.5,0.12,37,reviewed,nc,nc
1999-09-24T04:47:46.190Z,-32.165,-71.769,22,3.8,md,,,,,us,usp0009ey4,2014-11-07T01:08:31.569Z,"59 km WNW of La Ligua, Chile",earthquake,,,,,reviewed,guc,guc
1999-09-24T04:27:23.450Z,2.863,125.929,112,4.5,mb,,,,1.29,us,usp0009ey3,2014-11-07T01:08:31.567Z,"185 km NE of Laikit, Laikit II (Dimembe), Indonesia",earthquake,,22.3,,8,reviewed,us,us
1999-09-24T04:11:14.580Z,37.5666667,-118.7983333,1.341,2.97,md,24,82,0.03423,0.04,nc,nc21055054,2016-12-30T20:33:59.660Z,"7 km W of Aspen Springs, California",earthquake,0.25,0.53,0.11,35,reviewed,nc,nc
1999-09-24T03:42:52.870Z,36.206,-117.898,-0.223,3.33,ml,0,89.8,0.09475,0.162,ci,ci9106025,2016-04-02T04:00:04.025Z,"13km SE of Olancha, CA",earthquake,,0.339,,133,reviewed,ci,ci
1999-09-24T03:38:29.420Z,24.294,121.067,33,4.2,mb,,,,1.28,us,usp0009ey0,2014-11-07T01:08:31.560Z,"37 km NNE of Puli, Taiwan",earthquake,,,,4,reviewed,us,us
1999-09-24T01:29:01.620Z,37.119,71.505,112.4,4.6,mb,,,,0.93,us,usp0009exz,2014-11-07T01:08:31.554Z,"41 km S of Khorugh, Tajikistan",earthquake,,,,23,reviewed,us,us
1999-09-24T00:47:52.970Z,23.826,121.583,33,4.5,mb,,,,1.34,us,usp0009exy,2014-11-07T01:08:31.553Z,"16 km S of Hualien City, Taiwan",earthquake,,,,1,reviewed,us,us
1999-09-24T00:06:48.670Z,-36.395,-97.119,10,4.3,mb,,,,1.14,us,usp0009exx,2014-11-07T01:08:31.551Z,"West Chile Rise",earthquake,,,,8,reviewed,us,us
1999-09-23T23:51:43.850Z,-54.162,-136.49,10,5.4,mwc,,,,1.22,us,usp0009exw,2025-12-19T22:41:03.182Z,"Pacific-Antarctic Ridge",earthquake,,,,,reviewed,us,hrv
1999-09-23T22:23:15.700Z,-6.976,124.653,469.3,4.6,mb,,,,1.32,us,usp0009exu,2014-11-07T01:08:31.538Z,"190 km NNW of Maubara, Timor Leste",earthquake,,12.4,,5,reviewed,us,us
1999-09-23T21:59:31.520Z,-54.319,-136.685,10,4.6,mb,,,,1.37,us,usp0009exr,2014-11-07T01:08:31.533Z,"Pacific-Antarctic Ridge",earthquake,,,,6,reviewed,us,us
1999-09-23T21:54:31.900Z,46.7523333,-122.7985,8.221,2.6,md,11,79,0.3212,0.24,uw,uw10488758,2016-07-23T19:04:56.300Z,"7 km SE of Bucoda, Washington",explosion,1.032,0.1,0.04,2,reviewed,uw,uw
1999-09-23T21:39:03.000Z,23.98,121.38,16.1,5,mb,,,,,us,usp0009exq,2014-11-07T01:08:31.526Z,"22 km W of Hualien City, Taiwan",earthquake,,,,21,reviewed,tap,us
1999-09-23T21:16:08.100Z,8.932,-84.168,3,4.4,md,,,,,us,usp0009exn,2014-11-07T01:08:31.523Z,"55 km S of Quepos, Costa Rica",earthquake,,,,,reviewed,casc,casc
1999-09-23T21:03:22.270Z,-17.785,-178.829,600,4.3,mb,,,,1.11,us,usp0009exm,2014-11-07T01:08:31.521Z,"198 km E of Levuka, Fiji",earthquake,,,,7,reviewed,us,us
1999-09-23T20:58:56.902Z,59.0113,-152.7657,65.6,2.7,ml,,,,0.72,ak,ak999c897jdm,2020-02-20T19:52:33.933Z,"61 km SW of Nanwalek, Alaska",earthquake,,0.8,,,reviewed,ak,ak
1999-09-23T20:45:22.780Z,12.406,142.642,33,4.2,mb,,,,1.29,us,usp0009exj,2014-11-07T01:08:31.519Z,"239 km WSW of Merizo Village, Guam",earthquake,,,,1,reviewed,us,us
1999-09-23T18:50:39.300Z,23.62,120.8,2.5,4.1,mb,,,,,us,usp0009exf,2014-11-07T01:08:31.514Z,"14 km SSE of Lugu, Taiwan",earthquake,,,,1,reviewed,tap,us
1999-09-23T17:44:42.340Z,-32.109,-71.155,66,2.8,md,,,,,us,usp0009exd,2014-11-07T01:08:31.511Z,"38 km N of La Ligua, Chile",earthquake,,,,,reviewed,guc,guc
1999-09-23T17:29:13.000Z,38,-0.8,6.2,2.7,mblg,,,,,us,usp0009exc,2014-11-07T01:08:31.508Z,"2 km NNW of San Miguel de Salinas, Spain",earthquake,,,,,reviewed,mdd,mdd
1999-09-23T16:36:42.680Z,38.1,23.536,21.9,4.3,mb,,,,1.06,us,usp0009exb,2014-11-07T01:08:31.506Z,"2 km NNE of Magoúla, Greece",earthquake,,5.5,,2,reviewed,us,us
1999-09-23T16:15:50.760Z,-6.842,154.381,33,4.6,mb,,,,0.99,us,usp0009exa,2014-11-07T01:08:31.502Z,"135 km WSW of Panguna, Papua New Guinea",earthquake,,,,9,reviewed,us,us
1999-09-23T16:11:27.860Z,-34.905,-70.999,91,3.3,md,,,,,us,usp0009ex9,2014-11-07T01:08:31.500Z,"15 km ESE of Teno, Chile",earthquake,,,,,reviewed,guc,guc
1999-09-23T16:09:52.850Z,24.341,121.312,33,4.5,mb,,,,1.26,us,usp0009ex8,2014-11-07T01:08:31.498Z,"50 km NW of Hualien City, Taiwan",earthquake,,,,3,reviewed,us,us
1999-09-23T15:53:09.700Z,51.532,7.869,10,3.1,ml,,,,1.4,us,usp0009ex7,2014-11-07T01:08:31.495Z,"3 km N of Wickede, Germany",earthquake,,,,,reviewed,us,str
1999-09-23T15:11:46.040Z,23.831,121.178,33,4.6,ml,,,,0.67,us,usp0009ex5,2014-11-07T01:08:31.492Z,"25 km SE of Puli, Taiwan",earthquake,,,,,reviewed,us,tap
1999-09-23T14:37:20.763Z,61.0118,-146.6217,20.2,2.5,ml,,,,0.69,ak,ak999c85icx8,2020-02-20T19:52:35.673Z,"16 km N of Tatitlek, Alaska",earthquake,,0.6,,,reviewed,ak,ak
1999-09-23T13:49:48.457Z,61.4715,-150.0211,42.1,2.5,ml,,,,0.55,ak,ak999c84zk1p,2020-02-20T19:52:36.032Z,"6 km SSW of Big Lake, Alaska",earthquake,,0.8,,,reviewed,ak,ak
1999-09-23T13:07:45.220Z,-6.38,129.936,104.7,4.6,mb,,,,0.6,us,usp0009ex1,2014-11-07T01:08:31.487Z,"Banda Sea",earthquake,,21,,1,reviewed,us,us
1999-09-23T12:45:16.260Z,42.394,84.471,33,4.9,mb,,,,1.04,us,usp0009ex0,2022-04-29T18:18:40.461Z,"148 km ENE of Kuqa, China",earthquake,,,,34,reviewed,us,us
1999-09-23T12:44:34.680Z,23.813,121.265,33,5.3,mwc,,,,0.86,us,usp0009ewz,2025-12-19T22:33:40.049Z,"34 km ESE of Puli, Taiwan",earthquake,,,,,reviewed,us,hrv
1999-09-23T11:36:25.460Z,-5.546,148.175,55.7,4.3,mb,,,,0.81,us,usp0009ewx,2014-11-07T01:08:31.465Z,"117 km NNE of Finschhafen, Papua New Guinea",earthquake,,16.3,,3,reviewed,us,us
1999-09-23T11:08:39.790Z,-4.934,152.052,85.3,4.7,mb,,,,0.88,us,usp0009eww,2014-11-07T01:08:31.463Z,"69 km SSW of Kokopo, Papua New Guinea",earthquake,,57.4,,7,reviewed,us,us
1999-09-23T10:50:02.650Z,-22.338,-179.861,600,4.4,mb,,,,1.23,us,usp0009ewv,2014-11-07T01:08:31.462Z,"south of the Fiji Islands",earthquake,,,,8,reviewed,us,us
1999-09-23T09:07:04.600Z,44.21,-7.89,15.7,3.4,ml,,,,,us,usp0009ewu,2014-11-07T01:08:31.457Z,"52 km N of Cariño, Spain",earthquake,,,,,reviewed,mdd,ldg
1999-09-23T08:32:24.390Z,5.712,126.858,165.6,4.4,mb,,,,0.8,us,usp0009ewt,2014-11-07T01:08:31.454Z,"104 km SE of Pondaguitan, Philippines",earthquake,,47,,9,reviewed,us,us
1999-09-23T08:20:37.000Z,37,-5.39,3.7,2.5,mblg,,,,,us,usp0009ews,2014-11-07T01:08:31.451Z,"5 km ENE of Coripe, Spain",earthquake,,,,,reviewed,mdd,mdd
1999-09-23T07:19:23.490Z,40.787,29.808,12.6,2.6,md,,,,,us,usp0009ewq,2014-11-07T01:08:31.447Z,"3 km NE of Körfez, Turkey",earthquake,,,,,reviewed,isk,isk
1999-09-23T06:24:12.750Z,40.741,29.811,7.8,3.3,md,,,,,us,usp0009ewk,2014-11-07T01:08:31.438Z,"1 km S of Derince, Turkey",earthquake,,,,,reviewed,isk,isk
1999-09-23T06:08:38.800Z,37,-5.41,3.3,2.8,mblg,,,,,us,usp0009ewh,2014-11-07T01:08:31.433Z,"3 km NE of Coripe, Spain",earthquake,,,,,reviewed,mdd,mdd
1999-09-23T06:07:48.180Z,44.122,7.14,10.4,2.8,ml,,,,,us,usp0009ewg,2014-11-07T01:08:31.428Z,"10 km WNW of Saint-Martin-Vésubie, France",earthquake,,,,,reviewed,gen,gen
1999-09-23T05:42:49.500Z,23.97,120.99,21.1,4.5,mb,,,,,us,usp0009ewf,2014-11-07T01:08:31.423Z,"2 km E of Puli, Taiwan",earthquake,,,,12,reviewed,tap,us
1999-09-23T05:14:08.110Z,-7.058,-80.596,33,4.3,mb,,,,1.15,us,usp0009ewe,2014-11-07T01:08:31.420Z,"77 km WSW of Pimentel, Peru",earthquake,,,,5,reviewed,us,us
1999-09-23T03:15:35.000Z,-40.48,177.21,33,3.4,ml,,,,,us,usp0009ewd,2014-11-07T01:08:31.418Z,"96 km ENE of Castlepoint, New Zealand",earthquake,,,,,reviewed,wel,wel
1999-09-23T02:44:55.220Z,37.4796667,-118.8375,2.419,2.77,md,27,148,0.04685,0.03,nc,nc21054778,2016-12-30T20:31:05.380Z,"13 km SW of Aspen Springs, California",earthquake,0.42,0.46,0.18,37,reviewed,nc,nc
1999-09-23T02:17:34.506Z,61.2561,-146.7649,15.6,3,ml,,,,0.66,ak,ak999c7y8wei,2020-02-20T19:52:37.740Z,"26 km WNW of Valdez, Alaska",earthquake,,0.9,,,reviewed,ak,ak
1999-09-23T01:45:47.440Z,-58.296,158.023,10,4.4,mb,,,,0.91,us,usp0009ew7,2014-11-07T01:08:31.407Z,"Macquarie Island region",earthquake,,,,8,reviewed,us,us
1999-09-23T01:18:29.600Z,-34.803,-70.435,146.2,3.7,md,,,,,us,usp0009ew6,2014-11-07T01:08:31.404Z,"56 km E of Chimbarongo, Chile",earthquake,,,,,reviewed,guc,guc
1999-09-23T01:02:02.180Z,4.688,127.774,141.2,4.5,mb,,,,0.86,us,usp0009ew5,2014-11-07T01:08:31.402Z,"255 km SE of Pondaguitan, Philippines",earthquake,,23.2,,4,reviewed,us,us
1999-09-23T00:46:04.300Z,24.21,121.21,20.4,4.8,mb,,,,,us,usp0009ew4,2014-11-07T01:08:31.398Z,"36 km NE of Puli, Taiwan",earthquake,,,,10,reviewed,tap,us
1999-09-23T00:43:23.740Z,6.886,126.911,33,4.8,mb,,,,0.93,us,usp0009ew3,2014-11-07T01:08:31.394Z,"53 km ESE of San Ignacio, Philippines",earthquake,,,,15,reviewed,us,us
1999-09-23T00:24:02.150Z,6.825,126.789,33,4.3,mb,,,,0.61,us,usp0009ew2,2014-11-07T01:08:31.391Z,"45 km ESE of Tarragona, Philippines",earthquake,,,,4,reviewed,us,us
1999-09-23T00:04:59.970Z,-32.005,-70.979,84.2,2.9,md,,,,,us,usp0009ew1,2014-11-07T01:08:31.389Z,"25 km S of Salamanca, Chile",earthquake,,,,,reviewed,guc,guc
1999-09-22T23:25:45.720Z,-31.941,-71.601,26.7,3.6,md,,,,,us,usp0009ew0,2014-11-07T01:08:31.387Z,"53 km SW of Illapel, Chile",earthquake,,,,,reviewed,guc,guc
1999-09-22T22:27:13.130Z,38.395,-122.6345,8.988,4.2,ml,66,48,0.02252,0.11,nc,nc21054737,2022-06-17T23:50:42.624Z,"7 km WSW of Kenwood, California",earthquake,0.16,0.48,,15,reviewed,nc,nc
1999-09-22T22:20:20.960Z,26.648,-110.068,10,4.3,mb,,,,0.89,us,usp0009evy,2014-11-07T01:08:31.380Z,"38 km SW of Pozo Dulce, Mexico",earthquake,,,,5,reviewed,us,us
1999-09-22T21:48:25.210Z,23.775,121.466,33,4.4,mb,,,,1.07,us,usp0009evx,2014-11-07T01:08:31.378Z,"26 km SSW of Hualien City, Taiwan",earthquake,,,,3,reviewed,us,us
1999-09-22T21:09:19.480Z,-27.198,-73.683,33,4.8,mb,,,,0.94,us,usp0009evv,2014-11-07T01:08:31.368Z,"Off the coast of Atacama, Chile",earthquake,,,,24,reviewed,us,us
1999-09-22T20:59:58.006Z,59.7326,-152.3643,69.5,2.9,ml,,,,0.63,ak,ak999c6loeoo,2020-02-20T19:52:39.422Z,"30 km W of Anchor Point, Alaska",earthquake,,0.8,,,reviewed,ak,ak
1999-09-22T20:42:42.200Z,35.84,-4.96,0,2.9,mblg,,,,,us,usp0009evu,2014-11-07T01:08:31.365Z,"33 km E of Ceuta, Spain",earthquake,,,,,reviewed,mdd,mdd
1999-09-22T20:34:37.690Z,23.932,121.576,33,4.5,mb,,,,1.29,us,usp0009evt,2014-11-07T01:08:31.337Z,"5 km SSW of Hualien City, Taiwan",earthquake,,,,3,reviewed,us,us
1999-09-22T20:14:57.339Z,61.7442,-149.7287,36.3,2.8,ml,,,,0.59,ak,ak999c6leret,2020-02-20T19:51:42.036Z,"13 km NNE of Houston, Alaska",earthquake,,1,,,reviewed,ak,ak
1999-09-22T19:20:58.030Z,-32.625,-71.654,27.4,3.6,md,,,,,us,usp0009evr,2014-11-07T01:08:31.334Z,"44 km WSW of La Ligua, Chile",earthquake,,,,,reviewed,guc,guc
1999-09-22T18:25:11.170Z,41.028,20.316,5,3,md,,,,0.95,us,usp0009evp,2014-11-07T01:08:31.329Z,"18 km S of Librazhd-Qendër, Albania",earthquake,,,,,reviewed,us,pdg
1999-09-22T18:00:19.380Z,-32.696,-71.684,30.8,3.7,md,,,,,us,usp0009evn,2014-11-07T01:08:31.327Z,"38 km N of Valparaíso, Chile",earthquake,,,,,reviewed,guc,guc
1999-09-22T17:35:31.350Z,45.575,142.656,292.1,5,mb,,,,0.72,us,usp0009evm,2014-11-07T01:08:31.309Z,"69 km ENE of Makubetsu, Japan",earthquake,,,,85,reviewed,us,us
1999-09-22T17:00:00.970Z,-31.776,-71.574,39.4,3.8,md,,,,,us,usp0009evk,2014-11-07T01:08:31.307Z,"41 km WSW of Illapel, Chile",earthquake,,,,,reviewed,guc,guc
1999-09-22T16:49:05.680Z,1.845,99.565,33,4.6,mb,,,,0.86,us,usp0009evj,2014-11-07T01:08:31.305Z,"30 km SW of Bandar, Indonesia",earthquake,,,,1,reviewed,us,us
1999-09-22T16:30:16.437Z,64.9517,-147.5156,13.7,3,ml,,,,0.95,ak,ak999c6j4daj,2020-02-20T19:51:42.699Z,"4 km E of Fox, Alaska",earthquake,,0.4,,,reviewed,ak,ak
1999-09-22T15:23:05.000Z,37.4,-117.18,5.8,3,md,,,,,us,usp0009evg,2016-02-15T23:32:16.889Z,"34 km S of Goldfield, Nevada",earthquake,,,,,reviewed,ren,ren
1999-09-22T15:13:07.170Z,44.816,17.413,10,4.1,ml,,,,0.7,us,usp0009evf,2014-11-07T01:08:31.297Z,"12 km NE of ?elinac, Bosnia and Herzegovina",earthquake,,,,,reviewed,us,vie
1999-09-22T14:40:52.000Z,37.41,-117.19,4.9,2.8,md,,,,,us,usp0009eve,2014-11-07T01:08:31.296Z,"33 km S of Goldfield, Nevada",earthquake,,,,,reviewed,ren,ren
1999-09-22T13:32:52.870Z,24.051,121.167,33,4,mb,,,,1.22,us,usp0009evd,2014-11-07T01:08:31.294Z,"22 km ENE of Puli, Taiwan",earthquake,,,,1,reviewed,us,us
1999-09-22T13:19:24.220Z,-0.707,127.319,33,4.6,mb,,,,1.12,us,usp0009evc,2014-11-07T01:08:31.292Z,"161 km S of Sofifi, Indonesia",earthquake,,,,4,reviewed,us,us
1999-09-22T13:11:28.220Z,24.125,121.747,33,4.2,mb,,,,1.35,us,usp0009evb,2014-11-07T01:08:31.290Z,"21 km NE of Hualien City, Taiwan",earthquake,,,,3,reviewed,us,us
1999-09-22T12:41:09.500Z,40.2288333,-124.1591667,11.446,2.78,md,18,83,0.04414,0.17,nc,nc21054565,2016-12-30T20:28:52.990Z,"near the coast of Northern California",earthquake,0.55,0.52,0.11,31,reviewed,nc,nc
1999-09-22T12:35:49.900Z,23.587,120.834,33,4.5,mb,,,,1.18,us,usp0009ev9,2014-11-07T01:08:31.286Z,"19 km SSE of Lugu, Taiwan",earthquake,,,,2,reviewed,us,us
1999-09-22T12:24:27.000Z,38.263,89.662,33,4.6,mb,,,,1.42,us,usp0009ev8,2014-11-07T01:08:31.263Z,"southern Xinjiang, China",earthquake,,,,5,reviewed,us,us
1999-09-22T12:17:19.280Z,23.596,121.114,33,5.3,mwc,,,,0.88,us,usp0009ev7,2025-12-19T22:33:39.382Z,"40 km ESE of Lugu, Taiwan",earthquake,,,,,reviewed,us,hrv
1999-09-22T10:42:40.820Z,51.486,-178.592,33,4.4,mb,,,,0.88,us,usp0009ev6,2014-11-07T01:08:31.247Z,"142 km WSW of Adak, Alaska",earthquake,,,,15,reviewed,us,us
1999-09-22T10:12:33.140Z,39.618,-8.86,10,3.1,mblg,,,,1.06,us,usp0009ev5,2014-11-07T01:08:31.241Z,"3 km WNW of Porto de Mós, Portugal",earthquake,,,,,reviewed,us,mdd
1999-09-22T10:02:22.290Z,41.826,-81.476,18,2.8,mblg,,,,,us,usp0009ev4,2014-11-07T01:08:31.239Z,"16 km NW of Mentor-on-the-Lake, Ohio",earthquake,,,,,reviewed,ott,ott
1999-09-22T09:15:58.660Z,23.916,121.69,33,3.8,mb,,,,1.08,us,usp0009ev3,2014-11-07T01:08:31.237Z,"11 km SE of Hualien City, Taiwan",earthquake,,,,1,reviewed,us,us
1999-09-22T08:37:12.100Z,17.133,-100.744,33,4,mb,,,,1.13,us,usp0009ev2,2014-11-07T01:08:31.232Z,"8 km S of Nuxco, Mexico",earthquake,,,,10,reviewed,us,us
1999-09-22T07:58:39.020Z,55.703,-35.232,33,4.5,mb,,,,1.02,us,usp0009ev1,2014-11-07T01:08:31.228Z,"Reykjanes Ridge",earthquake,,,,12,reviewed,us,us
1999-09-22T07:22:57.020Z,1.759,99.448,33,4.7,mb,,,,1.1,us,usp0009ev0,2014-11-07T01:08:31.224Z,"46 km NNE of Padangsidempuan, Indonesia",earthquake,,,,9,reviewed,us,us
1999-09-22T07:17:44.950Z,43.572,146.785,33,4.8,mb,,,,0.73,us,usp0009euz,2014-11-07T01:08:31.219Z,"25 km SSE of Shikotan, Russia",earthquake,,,,21,reviewed,us,us
1999-09-22T06:50:08.590Z,23.812,122.247,33,4,mb,,,,1.41,us,usp0009euy,2014-11-07T01:08:31.218Z,"67 km ESE of Hualien City, Taiwan",earthquake,,,,2,reviewed,us,us
1999-09-22T05:58:01.941Z,60.1825,-152.4978,97.8,2.5,ml,,,,0.48,ak,ak999c6cqkki,2020-02-20T19:52:40.174Z,"48 km WNW of Ninilchik, Alaska",earthquake,,1.3,,,reviewed,ak,ak
1999-09-22T03:47:47.860Z,23.68,121.151,33,4.6,ml,,,,1.45,us,usp0009euv,2014-11-07T01:08:31.214Z,"36 km SSE of Puli, Taiwan",earthquake,,,,,reviewed,us,tap
1999-09-22T03:09:01.120Z,23.551,120.789,33,4.4,mb,,,,0.92,us,usp0009euu,2014-11-07T01:08:31.211Z,"21 km S of Lugu, Taiwan",earthquake,,,,6,reviewed,us,us
1999-09-22T03:04:19.000Z,37.86,-117.5,3.6,2.9,md,,,,,us,usp0009eut,2014-11-07T01:08:31.209Z,"16 km NE of Silver Peak, Nevada",earthquake,,,,,reviewed,ren,ren
1999-09-22T03:02:32.080Z,62.1186,-148.0688,20,2.6,ml,,,,0.67,ak,ak999c6b7rl4,2020-02-20T19:52:40.585Z,"Central Alaska",earthquake,,1.5,,,reviewed,ak,ak
1999-09-22T02:19:32.820Z,23.754,121.481,33,4.9,mb,,,,1.07,us,usp0009eur,2014-11-07T01:08:31.202Z,"27 km SSW of Hualien City, Taiwan",earthquake,,,,26,reviewed,us,us
1999-09-22T01:28:46.670Z,23.65,121.145,33,4.2,mb,,,,0.97,us,usp0009euq,2014-11-07T01:08:31.199Z,"39 km SSE of Puli, Taiwan",earthquake,,,,2,reviewed,us,us
1999-09-22T00:49:42.770Z,23.642,121.136,33,5.8,mwc,,,,0.8,us,usp0009eup,2022-04-29T18:18:39.144Z,"39 km SSE of Puli, Taiwan",earthquake,,,,,reviewed,us,hrv
1999-09-22T00:32:01.090Z,23.944,121.115,33,4.4,mb,,,,0.76,us,usp0009eun,2014-11-07T01:08:31.161Z,"15 km E of Puli, Taiwan",earthquake,,,,1,reviewed,us,us
1999-09-22T00:25:43.320Z,23.563,121.209,33,4.6,mb,,,,0.9,us,usp0009eum,2014-11-07T01:08:31.159Z,"50 km ESE of Lugu, Taiwan",earthquake,,,,1,reviewed,us,us
1999-09-22T00:14:39.150Z,23.729,121.167,26,6.4,mwc,,,,0.89,us,usp0009euk,2022-04-29T18:18:37.577Z,"33 km SE of Puli, Taiwan",earthquake,,,,,reviewed,us,hrv
1999-09-21T23:43:56.580Z,51.632,16.179,5,3.4,ml,,,,0.71,us,usp0009euj,2014-11-07T01:08:31.117Z,"3 km NNE of Gr?bocice, Poland",earthquake,,,,,reviewed,us,vie
1999-09-21T22:48:24.120Z,-5.774,152.613,137,4.1,mb,,,,0.94,us,usp0009euh,2014-11-07T01:08:31.115Z,"162 km SSE of Kokopo, Papua New Guinea",earthquake,,44.3,,1,reviewed,us,us
1999-09-21T22:32:22.400Z,-5.69,153.046,33,5,mb,,,,0.8,us,usp0009eug,2014-11-07T01:08:31.112Z,"172 km SSE of Kokopo, Papua New Guinea",earthquake,,,,6,reviewed,us,us
1999-09-21T22:28:17.790Z,-32.454,-72.033,10.2,3.7,md,,,,,us,usp0009euf,2014-11-07T01:08:31.110Z,"74 km NNW of Valparaíso, Chile",earthquake,,,,,reviewed,guc,guc
1999-09-21T22:24:44.080Z,-63.68,-167.163,10,5.6,mwc,,,,1.2,us,usp0009eue,2022-04-29T18:27:41.773Z,"Pacific-Antarctic Ridge",earthquake,,,,,reviewed,us,hrv
1999-09-21T22:17:03.810Z,23.795,121.425,33,5.1,mb,,,,0.93,us,usp0009eud,2014-11-07T01:08:31.095Z,"27 km SW of Hualien City, Taiwan",earthquake,,,,30,reviewed,us,us
1999-09-21T21:14:44.230Z,55.478,-35.16,10,4.5,mb,,,,1.21,us,usp0009eu9,2014-11-07T01:08:31.087Z,"Reykjanes Ridge",earthquake,,,,13,reviewed,us,us
1999-09-21T21:12:26.720Z,-33.591,-71.959,7,3.6,md,,,,,us,usp0009eu8,2014-11-07T01:08:31.085Z,"32 km W of San Antonio, Chile",earthquake,,,,,reviewed,guc,guc
1999-09-21T21:03:06.300Z,23.54,120.727,33,4.3,mb,,,,1.06,us,usp0009eu7,2014-11-07T01:08:31.084Z,"23 km S of Lugu, Taiwan",earthquake,,,,2,reviewed,us,us
1999-09-21T20:40:00.800Z,-33.6,-72.033,15.4,3.5,md,,,,,us,usp0009eu6,2014-11-07T01:08:31.082Z,"39 km W of San Antonio, Chile",earthquake,,,,,reviewed,guc,guc
1999-09-21T20:28:15.210Z,19.3946667,-155.2818333,18.121,2.83,ml,22,70,,0.13,hv,hv1267501,2020-03-31T21:00:22.680Z,"7 km SW of Volcano, Hawaii",earthquake,0.65,0.54,0.06,5,reviewed,hv,hv
1999-09-21T19:33:22.420Z,44.817,149.861,33,4,mb,,,,1.27,us,usp0009eu4,2014-11-07T01:08:31.079Z,"162 km ESE of Kuril’sk, Russia",earthquake,,,,1,reviewed,us,us
1999-09-21T19:13:27.370Z,-5.762,147.544,104.3,4.4,mb,,,,1.38,us,usp0009eu2,2014-11-07T01:08:31.076Z,"94 km NNW of Finschhafen, Papua New Guinea",earthquake,,9.2,,2,reviewed,us,us
1999-09-21T19:10:23.400Z,37.89,-1.1,9.6,2.8,mblg,,,,,us,usp0009eu1,2014-11-07T01:08:31.071Z,"8 km NNW of Los Martínez, Spain",earthquake,,,,,reviewed,mdd,mdd
1999-09-21T18:58:44.410Z,23.768,120.856,33,4.5,mb,,,,1.06,us,usp0009eu0,2014-11-07T01:08:31.070Z,"10 km ENE of Lugu, Taiwan",earthquake,,,,1,reviewed,us,us
1999-09-21T18:18:39.950Z,24.058,121.153,33,5.2,mwc,,,,1.18,us,usp0009ety,2025-12-19T22:33:38.738Z,"21 km ENE of Puli, Taiwan",earthquake,,,,,reviewed,us,hrv
1999-09-21T17:38:36.800Z,23.81,121.32,13.7,5.2,mb,,,,,us,usp0009etx,2014-11-07T01:08:31.051Z,"34 km WSW of Hualien City, Taiwan",earthquake,,,,44,reviewed,tap,us
1999-09-21T17:32:06.690Z,-33.043,-70.848,70.6,2.6,md,,,,,us,usp0009etw,2014-11-07T01:08:31.050Z,"24 km SSE of Llaillay, Chile",earthquake,,,,,reviewed,guc,guc
1999-09-21T17:07:11.910Z,24.365,120.822,33,4.2,mb,,,,1.52,us,usp0009etu,2014-11-07T01:08:31.046Z,"27 km NNE of Taichung, Taiwan",earthquake,,,,1,reviewed,us,us
1999-09-21T16:46:11.890Z,54.581,168.451,10,3.7,mb,,,,1.19,us,usp0009ets,2014-11-07T01:08:31.042Z,"Komandorskiye Ostrova, Russia region",earthquake,,,,1,reviewed,us,us
1999-09-21T16:16:19.850Z,23.823,121.311,33,4.3,mb,,,,1.15,us,usp0009etr,2014-11-07T01:08:31.039Z,"34 km WSW of Hualien City, Taiwan",earthquake,,,,5,reviewed,us,us
1999-09-21T15:56:31.800Z,14.608,145.272,306.1,3.4,mb,,,,1.33,us,usp0009etq,2014-11-07T01:08:31.037Z,"54 km SW of San Jose Village, Northern Mariana Islands",earthquake,,50.7,,2,reviewed,us,us
1999-09-21T15:42:48.390Z,35.7913333,-121.2568333,9.157,3.5,mw,44,178,0.1378,0.06,nc,nc21054260,2016-12-30T20:26:33.840Z,"17 km NNW of San Simeon, California",earthquake,0.23,0.63,,2,reviewed,nc,nc
1999-09-21T15:31:09.100Z,45,7.2,2,2.5,ml,,,,,us,usp0009etn,2014-11-07T01:08:31.030Z,"4 km N of Perosa Argentina, Italy",earthquake,,,,,reviewed,ldg,ldg
1999-09-21T15:28:11.840Z,23.533,121.064,33,4.6,mb,,,,1.4,us,usp0009etm,2014-11-07T01:08:31.026Z,"39 km SE of Lugu, Taiwan",earthquake,,,,17,reviewed,us,us
1999-09-21T14:40:08.640Z,24.078,121.509,33,4,mb,,,,1.38,us,usp0009etk,2014-11-07T01:08:31.024Z,"Taiwan",earthquake,,,,3,reviewed,us,us
1999-09-21T14:36:03.630Z,51.598,16.087,5,4.5,ml,,,,1.12,us,usp0009etj,2020-09-15T20:59:11.123Z,"5 km W of Gr?bocice, Poland",earthquake,,,,,reviewed,us,grf
1999-09-21T14:32:16.960Z,23.867,121.449,33,4.3,mb,,,,0.76,us,usp0009eth,2014-11-07T01:08:31.015Z,"19 km SW of Hualien City, Taiwan",earthquake,,,,3,reviewed,us,us
1999-09-21T14:29:25.250Z,23.794,121.222,33,4.1,mb,,,,1.5,us,usp0009etg,2014-11-07T01:08:31.013Z,"32 km SE of Puli, Taiwan",earthquake,,,,1,reviewed,us,us
1999-09-21T14:21:03.680Z,33.061,141.402,33,4.9,mb,,,,0.95,us,usp0009etf,2014-11-07T01:08:31.007Z,"252 km SSE of Katsuura, Japan",earthquake,,,,18,reviewed,us,us
1999-09-21T14:11:41.480Z,13.939,-90.791,78.1,4.5,mb,,,,1.19,us,usp0009ete,2014-11-07T01:08:31.000Z,"3 km ENE of Puerto San José, Guatemala",earthquake,,,,18,reviewed,us,us
1999-09-21T13:32:23.220Z,24.178,121.199,33,3.8,mb,,,,0.51,us,usp0009etc,2014-11-07T01:08:30.997Z,"Taiwan",earthquake,,,,2,reviewed,us,us
1999-09-21T13:09:17.250Z,40.6185,-124.2913333,22.026,3.11,md,34,180,0.1477,0.06,nc,nc21054215,2016-12-30T20:25:48.310Z,"5 km NNW of Ferndale, California",earthquake,0.28,0.35,0.11,44,reviewed,nc,nc
1999-09-21T12:46:21.330Z,40.772,27.623,18.6,3.3,md,,,,,us,usp0009eta,2014-11-07T01:08:30.994Z,"18 km SE of Kumba?, Turkey",earthquake,,,,,reviewed,isk,isk
1999-09-21T11:49:46.480Z,44.715,149.898,33,5.2,mwc,,,,0.83,us,usp0009et9,2025-12-19T22:33:38.090Z,"169 km ESE of Kuril’sk, Russia",earthquake,,,,,reviewed,us,hrv
1999-09-21T11:39:36.240Z,23.523,120.393,33,4.1,mb,,,,0.73,us,usp0009et8,2014-11-07T01:08:30.966Z,"6 km NW of Pizitou, Taiwan",earthquake,,,,2,reviewed,us,us
1999-09-21T11:07:43.350Z,23.595,121.022,33,4.6,mb,,,,1.03,us,usp0009et7,2014-11-07T01:08:30.963Z,"32 km ESE of Lugu, Taiwan",earthquake,,,,12,reviewed,us,us
1999-09-21T09:41:49.140Z,23.676,121.076,33,3.7,mb,,,,1.01,us,usp0009et6,2014-11-07T01:08:30.961Z,"33 km ESE of Lugu, Taiwan",earthquake,,,,1,reviewed,us,us
1999-09-21T09:10:19.300Z,23.628,120.636,33,4.2,mb,,,,1.26,us,usp0009et4,2014-11-07T01:08:30.958Z,"13 km SE of Douliu, Taiwan",earthquake,,,,2,reviewed,us,us
1999-09-21T08:56:18.570Z,16.935,-62.019,68,2.7,md,,,,,us,usp0009et3,2014-11-07T01:08:30.957Z,"21 km SW of Bolands, Antigua and Barbuda",earthquake,,,,,reviewed,trn,trn
1999-09-21T08:26:53.550Z,26.126,126.566,68.3,4.3,mb,,,,1.23,us,usp0009et2,2014-11-07T01:08:30.955Z,"110 km W of Itoman, Japan",earthquake,,14.2,,7,reviewed,us,us
1999-09-21T08:03:18.810Z,23.523,120.791,33,4.1,mb,,,,0.98,us,usp0009et0,2014-11-07T01:08:30.951Z,"25 km S of Lugu, Taiwan",earthquake,,,,5,reviewed,us,us
1999-09-21T07:48:00.930Z,9.366,93.512,33,4.5,mb,,,,1.14,us,usp0009esz,2014-11-07T01:08:30.948Z,"267 km SSE of Port Blair, India",earthquake,,,,5,reviewed,us,us
1999-09-21T07:46:08.500Z,24.086,121.155,33,4.6,mb,,,,1.01,us,usp0009esy,2014-11-07T01:08:30.945Z,"23 km NE of Puli, Taiwan",earthquake,,,,10,reviewed,us,us
1999-09-21T07:40:55.460Z,24.155,121.161,33,4.3,mb,,,,1.24,us,usp0009esx,2014-11-07T01:08:30.943Z,"28 km NE of Puli, Taiwan",earthquake,,,,3,reviewed,us,us
1999-09-21T07:06:05.200Z,23.695,121.352,33,5.1,mb,,,,0.85,us,usp0009esw,2014-11-07T01:08:30.936Z,"40 km SW of Hualien City, Taiwan",earthquake,,,,33,reviewed,us,us
1999-09-21T06:36:30.890Z,24.134,121.048,33,3.8,mb,,,,1.37,us,usp0009esv,2014-11-07T01:08:30.934Z,"20 km NNE of Puli, Taiwan",earthquake,,,,1,reviewed,us,us
1999-09-21T06:19:01.290Z,37.473,142.323,33,3.8,mb,,,,1.27,us,usp0009est,2014-11-07T01:08:30.931Z,"117 km E of Namie, Japan",earthquake,,,,1,reviewed,us,us
1999-09-21T06:10:07.900Z,39.35,27.85,26.7,3.2,md,,,,,us,usp0009ess,2014-11-07T01:08:30.930Z,"17 km ESE of Sava?tepe, Turkey",earthquake,,,,,reviewed,isk,isk
1999-09-21T05:53:38.140Z,23.532,121.161,33,4.3,mb,,,,0.9,us,usp0009esr,2014-11-07T01:08:30.928Z,"47 km ESE of Lugu, Taiwan",earthquake,,,,2,reviewed,us,us
1999-09-21T05:52:08.040Z,24.128,121.09,33,4,mb,,,,0.61,us,usp0009esq,2014-11-07T01:08:30.926Z,"21 km NE of Puli, Taiwan",earthquake,,,,2,reviewed,us,us
1999-09-21T05:33:50.760Z,39.324,27.807,10.4,3,md,,,,,us,usp0009esp,2014-11-07T01:08:30.925Z,"14 km ESE of Sava?tepe, Turkey",earthquake,,,,,reviewed,isk,isk
1999-09-21T05:26:15.860Z,23.786,121.279,33,3.7,mb,,,,1.27,us,usp0009esn,2014-11-07T01:08:30.923Z,"37 km ESE of Puli, Taiwan",earthquake,,,,4,reviewed,us,us
1999-09-21T04:59:46.450Z,23.949,121.56,33,3.9,mb,,,,1.12,us,usp0009esm,2014-11-07T01:08:30.921Z,"Taiwan",earthquake,,,,1,reviewed,us,us
1999-09-21T04:34:33.090Z,40.651,27.671,9.2,2.8,md,,,,,us,usp0009esk,2014-11-07T01:08:30.920Z,"Western Turkey",earthquake,,,,,reviewed,isk,isk
1999-09-21T03:31:50.990Z,23.983,121.093,33,4.7,mb,,,,1.04,us,usp0009esh,2014-11-07T01:08:30.914Z,"12 km E of Puli, Taiwan",earthquake,,,,13,reviewed,us,us
1999-09-21T03:05:42.700Z,51.016,157.999,58.7,4.5,mb,,,,0.84,us,usp0009esg,2014-11-07T01:08:30.910Z,"117 km ESE of Ozernovskiy, Russia",earthquake,,,,18,reviewed,us,us
1999-09-21T03:01:32.370Z,24.098,121.605,33,4.8,mb,,,,0.83,us,usp0009esf,2014-11-07T01:08:30.905Z,"13 km N of Hualien City, Taiwan",earthquake,,,,12,reviewed,us,us
1999-09-21T02:45:42.400Z,24.051,121.138,33,4.4,mb,,,,0.65,us,usp0009ese,2014-11-07T01:08:30.903Z,"Taiwan",earthquake,,,,1,reviewed,us,us
1999-09-21T02:42:37.960Z,-41.673,-16.343,10,4.5,mb,,,,0.88,us,usp0009esd,2014-11-07T01:08:30.900Z,"southern Mid-Atlantic Ridge",earthquake,,,,6,reviewed,us,us
1999-09-21T02:34:40.550Z,23.415,120.608,33,4.3,mb,,,,1.42,us,usp0009esc,2014-11-07T01:08:30.898Z,"18 km ESE of Pizitou, Taiwan",earthquake,,,,4,reviewed,us,us
1999-09-21T02:24:45.750Z,23.831,121.151,33,4.4,mb,,,,0.79,us,usp0009esb,2014-11-07T01:08:30.895Z,"23 km SE of Puli, Taiwan",earthquake,,,,4,reviewed,us,us
1999-09-21T02:07:09.880Z,-41.739,-16.251,10,5.4,mb,,,,1.08,us,usp0009esa,2014-11-07T01:08:30.888Z,"southern Mid-Atlantic Ridge",earthquake,,,,25,reviewed,us,us
1999-09-21T01:58:59.650Z,26.094,126.002,33,4.8,mb,,,,1.25,us,usp0009es9,2014-11-07T01:08:30.886Z,"159 km NNE of Hirara, Japan",earthquake,,,,4,reviewed,us,us
1999-09-21T01:54:15.260Z,23.934,121.698,33,4,mb,,,,1.36,us,usp0009es8,2014-11-07T01:08:30.884Z,"10 km ESE of Hualien City, Taiwan",earthquake,,,,1,reviewed,us,us
1999-09-21T01:37:10.270Z,23.647,120.804,33,4.4,mb,,,,1.05,us,usp0009es7,2014-11-07T01:08:30.881Z,"12 km SSE of Lugu, Taiwan",earthquake,,,,8,reviewed,us,us
1999-09-21T01:17:42.980Z,24.228,121.202,33,4.4,mb,,,,0.71,us,usp0009es4,2014-11-07T01:08:30.875Z,"37 km NE of Puli, Taiwan",earthquake,,,,3,reviewed,us,us
1999-09-21T00:47:36.100Z,28.1,-16.19,0,2.8,mblg,,,,,us,usp0009es2,2014-11-07T01:08:30.873Z,"28 km ESE of Fasnia, Spain",earthquake,,,,,reviewed,mdd,mdd
1999-09-21T00:45:41.820Z,23.783,121.049,33,4.9,mb,,,,0.86,us,usp0009es1,2014-11-07T01:08:30.868Z,"21 km SSE of Puli, Taiwan",earthquake,,,,24,reviewed,us,us
1999-09-21T00:19:50.070Z,23.721,121.537,33,4.4,mb,,,,1.1,us,usp0009erz,2014-11-07T01:08:30.864Z,"29 km SSW of Hualien City, Taiwan",earthquake,,,,2,reviewed,us,us
1999-09-21T00:16:40.980Z,23.798,121.403,33,4.1,mb,,,,0.57,us,usp0009ery,2014-11-07T01:08:30.862Z,"28 km SW of Hualien City, Taiwan",earthquake,,,,1,reviewed,us,us
1999-09-21T00:15:24.700Z,-40.94,174.03,33,4.1,ml,,,,,us,usp0009erx,2014-11-07T01:08:30.860Z,"38 km N of Picton, New Zealand",earthquake,,,,,reviewed,wel,wel
1999-09-20T23:46:08.770Z,23.452,120.061,33,4.3,mb,,,,0.74,us,usp0009erw,2014-11-07T01:08:30.857Z,"39 km W of Pizitou, Taiwan",earthquake,,,,1,reviewed,us,us
1999-09-20T23:18:16.850Z,23.588,120.99,33,4.8,mb,,,,1.31,us,usp0009erv,2014-11-07T01:08:30.813Z,"29 km SE of Lugu, Taiwan",earthquake,,,,16,reviewed,us,us
1999-09-20T23:01:45.960Z,23.266,121.105,33,4.2,mb,,,,1.39,us,usp0009eru,2014-11-07T01:08:30.810Z,"64 km SE of Lugu, Taiwan",earthquake,,,,2,reviewed,us,us
1999-09-20T22:56:46.480Z,23.919,121.03,33,4.3,mb,,,,1.36,us,usp0009ers,2014-11-07T01:08:30.807Z,"8 km SE of Puli, Taiwan",earthquake,,,,3,reviewed,us,us
1999-09-20T22:52:40.220Z,44.966,7.056,3.7,2.7,ml,,,,,us,usp0009err,2014-11-07T01:08:30.804Z,"0 km N of Massello, Italy",earthquake,,,,,reviewed,gen,gen
1999-09-20T22:22:50.450Z,23.59,120.727,33,4.5,mb,,,,1.17,us,usp0009erm,2014-11-07T01:08:30.797Z,"17 km S of Lugu, Taiwan",earthquake,,,,4,reviewed,us,us
1999-09-20T22:16:40.620Z,40.715,27.59,5.9,3.2,md,,,,,us,usp0009erk,2014-11-07T01:08:30.795Z,"14 km NNE of Marmara, Turkey",earthquake,,,,,reviewed,isk,isk
1999-09-20T22:12:59.570Z,32.096,-114.639,5.972,2.64,mc,0,291.3,0.4623,0.251,ci,ci9105749,2016-02-16T11:16:18.524Z,"36km ESE of Estacion Coahuila, B.C., MX",earthquake,,,,6,reviewed,ci,ci
1999-09-20T21:54:49.480Z,23.584,120.95,33,5.3,mb,,,,1.08,us,usp0009erj,2014-11-07T01:08:30.788Z,"27 km SE of Lugu, Taiwan",earthquake,,,,23,reviewed,us,us
1999-09-20T21:54:31.910Z,38.699,-9.281,10,3.8,mblg,,,,1.13,us,usp0009erh,2014-11-07T01:08:30.780Z,"0 km SW of Caxias, Portugal",earthquake,,,,,reviewed,us,mdd
1999-09-20T21:48:36.400Z,-41.98,174.78,30,3.3,ml,,,,,us,usp0009erg,2014-11-07T01:08:30.778Z,"74 km S of Brooklyn, New Zealand",earthquake,,,,,reviewed,wel,wel
1999-09-20T21:46:42.870Z,23.39,120.964,33,6.4,mwc,,,,1.41,us,usp0009erf,2022-04-29T18:18:36.137Z,"44 km SSE of Lugu, Taiwan",earthquake,,,,,reviewed,us,hrv
1999-09-20T21:44:31.850Z,40.707,27.591,7.9,3.7,md,,,,,us,usp0009ere,2014-11-07T01:08:30.748Z,"13 km NNE of Marmara, Turkey",earthquake,,,,,reviewed,isk,isk
1999-09-20T21:44:17.250Z,54.487,168.404,33,4.7,mb,,,,1.41,us,usp0009erd,2014-11-07T01:08:30.734Z,"Komandorskiye Ostrova, Russia region",earthquake,,,,2,reviewed,us,us
1999-09-20T21:41:22.990Z,23.512,120.768,33,4.6,mb,,,,0.93,us,usp0009erc,2014-11-07T01:08:30.732Z,"26 km S of Lugu, Taiwan",earthquake,,,,7,reviewed,us,us
1999-09-20T21:27:59.200Z,40.644,27.589,10,4.8,mb,,,,1.18,us,usp0009era,2014-11-07T01:08:30.714Z,"7 km NNE of Marmara, Turkey",earthquake,,,,56,reviewed,us,us
1999-09-20T21:27:58.250Z,24.051,121.299,33,4.7,mb,,,,0.94,us,usp0009er9,2014-11-07T01:08:30.712Z,"32 km WNW of Hualien City, Taiwan",earthquake,,,,3,reviewed,us,us
1999-09-20T21:24:35.530Z,23.918,121.166,33,4.8,mb,,,,0.6,us,usp0009er8,2014-11-07T01:08:30.709Z,"20 km ESE of Puli, Taiwan",earthquake,,,,3,reviewed,us,us
1999-09-20T21:23:27.600Z,23.673,120.878,33,4.6,mb,,,,1.48,us,usp0009er7,2014-11-07T01:08:30.706Z,"15 km ESE of Lugu, Taiwan",earthquake,,,,4,reviewed,us,us
1999-09-20T21:21:12.760Z,23.825,121.235,33,4.4,mb,,,,1.06,us,usp0009er6,2014-11-07T01:08:30.704Z,"31 km ESE of Puli, Taiwan",earthquake,,,,2,reviewed,us,us
1999-09-20T21:15:27.180Z,23.435,121.54,33,3.9,mb,,,,1.19,us,usp0009er5,2014-11-07T01:08:30.702Z,"60 km S of Hualien City, Taiwan",earthquake,,,,1,reviewed,us,us
1999-09-20T21:08:01.000Z,23.728,121.219,33,4.5,mb,,,,1.35,us,usp0009er3,2014-11-07T01:08:30.699Z,"36 km SE of Puli, Taiwan",earthquake,,,,1,reviewed,us,us
1999-09-20T21:07:57.000Z,37.38,-117.1,8.1,3.3,md,,,,,us,usp0009er2,2016-02-16T08:55:14.732Z,"38 km SSE of Goldfield, Nevada",earthquake,,,,,reviewed,ren,ren
1999-09-20T21:02:18.140Z,-32.566,-71.7,28.8,3.6,md,,,,,us,usp0009er1,2014-11-07T01:08:30.696Z,"45 km WSW of La Ligua, Chile",earthquake,,,,,reviewed,guc,guc
1999-09-20T20:43:51.130Z,23.597,121.446,33,4.9,mb,,,,1.36,us,usp0009er0,2014-11-07T01:08:30.688Z,"45 km SSW of Hualien City, Taiwan",earthquake,,,,23,reviewed,us,us
1999-09-20T20:40:05.640Z,23.8,121.485,33,5.1,mb,,,,0.98,us,usp0009eqz,2014-11-07T01:08:30.682Z,"23 km SSW of Hualien City, Taiwan",earthquake,,,,26,reviewed,us,us
1999-09-20T20:29:21.060Z,23.648,121.091,33,4.2,mb,,,,0.95,us,usp0009eqx,2014-11-07T01:08:30.679Z,"36 km ESE of Lugu, Taiwan",earthquake,,,,1,reviewed,us,us
1999-09-20T20:24:17.900Z,23.745,121.097,33,4.9,mb,,,,0.89,us,usp0009eqw,2014-11-07T01:08:30.677Z,"27 km SSE of Puli, Taiwan",earthquake,,,,1,reviewed,us,us
1999-09-20T20:22:01.400Z,24.07,121.078,33,4.9,mb,,,,1.14,us,usp0009eqv,2014-11-07T01:08:30.673Z,"15 km NE of Puli, Taiwan",earthquake,,,,8,reviewed,us,us
1999-09-20T20:11:40.870Z,23.861,120.965,33,4.8,mb,,,,0.95,us,usp0009eqt,2014-11-07T01:08:30.670Z,"11 km S of Puli, Taiwan",earthquake,,,,1,reviewed,us,us
1999-09-20T20:08:12.980Z,24.031,121.032,33,4.6,mb,,,,0.88,us,usp0009eqs,2014-11-07T01:08:30.668Z,"9 km NE of Puli, Taiwan",earthquake,,,,4,reviewed,us,us
1999-09-20T20:02:17.560Z,23.976,120.901,33,5,mb,,,,0.97,us,usp0009eqr,2017-04-26T17:56:16.103Z,"7 km W of Puli, Taiwan",earthquake,,,,14,reviewed,us,us
1999-09-20T19:57:53.970Z,23.926,121.023,33,4.5,mb,,,,0.8,us,usp0009eqq,2014-11-07T01:08:30.661Z,"7 km SE of Puli, Taiwan",earthquake,,,,6,reviewed,us,us
1999-09-20T19:43:03.210Z,23.827,121.321,33,4.8,mb,,,,1.06,us,usp0009eqn,2014-11-07T01:08:30.657Z,"33 km WSW of Hualien City, Taiwan",earthquake,,,,2,reviewed,us,us
1999-09-20T19:40:36.480Z,23.408,120.768,33,5,mb,,,,1.44,us,usp0009eqm,2014-11-07T01:08:30.649Z,"34 km ESE of Pizitou, Taiwan",earthquake,,,,27,reviewed,us,us
1999-09-20T19:28:43.910Z,23.775,121.112,33,4.8,mb,,,,1.06,us,usp0009eqk,2014-11-07T01:08:30.647Z,"25 km SE of Puli, Taiwan",earthquake,,,,3,reviewed,us,us
1999-09-20T19:18:54.400Z,24.094,121.058,33,4.5,mb,,,,0.6,us,usp0009eqj,2014-11-07T01:08:30.645Z,"16 km NNE of Puli, Taiwan",earthquake,,,,1,reviewed,us,us
1999-09-20T18:50:49.450Z,23.871,121.168,33,4.9,mb,,,,1.03,us,usp0009eqd,2014-11-07T01:08:30.606Z,"22 km ESE of Puli, Taiwan",earthquake,,,,1,reviewed,us,us
1999-09-20T18:40:09.680Z,38.7828333,-122.7503333,0.251,2.5,md,32,38,0.02793,0.04,nc,nc21054047,2016-12-30T20:22:21.280Z,"4 km SSW of Cobb, California",earthquake,0.13,0.33,0.15,33,reviewed,nc,nc
1999-09-20T18:39:16.320Z,23.9,121.246,33,4.1,mb,,,,0.93,us,usp0009eqb,2014-11-07T01:08:30.602Z,"29 km ESE of Puli, Taiwan",earthquake,,,,1,reviewed,us,us
1999-09-20T18:32:55.530Z,23.747,121.219,33,4.5,mb,,,,1.17,us,usp0009eqa,2014-11-07T01:08:30.591Z,"35 km SE of Puli, Taiwan",earthquake,,,,3,reviewed,us,us
1999-09-20T18:28:02.660Z,23.678,121.196,33,4.9,mb,,,,0.86,us,usp0009eq9,2014-11-07T01:08:30.588Z,"39 km SE of Puli, Taiwan",earthquake,,,,7,reviewed,us,us
1999-09-20T18:16:18.510Z,23.756,121.246,33,6.2,mb,,,,0.9,us,usp0009eq7,2022-05-09T19:12:58.799Z,"36 km SE of Puli, Taiwan",earthquake,,,,88,reviewed,us,us
1999-09-20T18:11:53.650Z,23.746,121.189,33,6.1,mb,,,,0.83,us,usp0009eq6,2022-04-29T18:18:34.462Z,"33 km SE of Puli, Taiwan",earthquake,,,,99,reviewed,us,us
1999-09-20T18:03:44.290Z,23.57,121.299,33,6.3,mb,,,,1.42,us,usp0009eq5,2022-04-29T18:18:32.864Z,"54 km SW of Hualien City, Taiwan",earthquake,,,,80,reviewed,us,us
1999-09-20T17:57:16.090Z,23.785,121.202,33,6.1,mb,,,,0.83,us,usp0009eq2,2022-04-29T18:18:31.271Z,"31 km SE of Puli, Taiwan",earthquake,,,,84,reviewed,us,us
1999-09-20T17:47:18.490Z,23.772,120.982,33,7.7,mwc,,,,1.11,us,usp0009eq0,2022-04-29T18:27:36.664Z,"21 km S of Puli, Taiwan",earthquake,,,,,reviewed,us,hrv
1999-09-20T17:08:47.500Z,42.5,2.1,2,2.7,ml,,,,,us,usp0009epz,2014-11-07T01:08:30.450Z,"4 km E of Font-Romeu-Odeillo-Via, France",earthquake,,,,,reviewed,ldg,str
1999-09-20T16:31:49.100Z,40.4013333,-125.5815,6.382,2.97,md,27,298,0.9541,0.07,nc,nc21054022,2016-12-30T20:21:33.605Z,"113 km W of Ferndale, California",earthquake,3.39,9.91,0.18,17,reviewed,nc,nc
1999-09-20T15:15:47.110Z,36.6341667,-121.2525,10.47,2.54,md,69,39,0.03694,0.05,nc,nc21054014,2016-12-30T20:21:26.940Z,"18 km SSE of Tres Pinos, California",earthquake,0.1,0.22,0.12,74,reviewed,nc,nc
1999-09-20T14:39:17.210Z,-31.903,-70.304,114.8,2.6,md,,,,,us,usp0009epx,2014-11-07T01:08:30.447Z,"63 km ESE of Salamanca, Chile",earthquake,,,,,reviewed,guc,guc
1999-09-20T14:05:19.400Z,34.327,-116.846,4.034,2.79,mc,0,91.9,0.02598,0.167,ci,ci9105701,2016-02-16T11:16:17.280Z,"7km N of Big Bear City, California",earthquake,,0.343,,5,reviewed,ci,ci
1999-09-20T13:16:08.790Z,-31.51,-71.756,27,4.3,md,,,,,us,usp0009epw,2014-11-07T01:08:30.445Z,"57 km WNW of Illapel, Chile",earthquake,,,,,reviewed,guc,guc
1999-09-20T12:20:07.160Z,-32.517,-70.884,74.3,2.8,md,,,,,us,usp0009epv,2014-11-07T01:08:30.443Z,"29 km NNW of San Felipe, Chile",earthquake,,,,,reviewed,guc,guc
1999-09-20T12:09:36.830Z,26.544,142.308,33,4.9,mb,,,,0.91,us,usp0009epu,2014-11-07T01:08:30.437Z,"Bonin Islands, Japan region",earthquake,,,,8,reviewed,us,us
1999-09-20T12:00:02.330Z,-6.429,129.377,175.7,4.1,mb,,,,0.91,us,usp0009ept,2014-11-07T01:08:30.435Z,"Banda Sea",earthquake,,13.5,,3,reviewed,us,us
1999-09-20T11:43:53.390Z,44.227,7.89,9.8,2.9,ml,,,,,us,usp0009eps,2014-11-07T01:08:30.430Z,"5 km SSW of Pamparato, Italy",earthquake,,,,,reviewed,gen,gen
1999-09-20T11:16:54.060Z,47.607,-121.7643333,16.357,2.8,md,53,34,,0.23,uw,uw10484873,2016-07-23T19:04:30.640Z,"Washington",earthquake,0.38,0.62,0.04,11,reviewed,uw,uw
1999-09-20T11:08:00.510Z,47.6641667,-121.6115,3.735,2.7,md,16,63,0.06116,0.23,uw,uw10484763,2016-07-23T19:04:29.080Z,"15 km SW of Baring, Washington",explosion,0.856,2.57,0.02,7,reviewed,uw,uw
1999-09-20T10:18:53.390Z,31.839,-40.68,10,4.8,mb,,,,0.76,us,usp0009epq,2014-11-07T01:08:30.419Z,"northern Mid-Atlantic Ridge",earthquake,,,,24,reviewed,us,us
1999-09-20T09:32:42.710Z,46.334,153.463,33,5.5,mwc,,,,1.06,us,usp0009epp,2025-12-19T22:33:37.477Z,"Kuril Islands",earthquake,,,,,reviewed,us,hrv
1999-09-20T09:05:35.130Z,-3.122,137.333,33,4.1,mb,,,,1.32,us,usp0009epn,2014-11-07T01:08:30.388Z,"205 km E of Nabire, Indonesia",earthquake,,,,2,reviewed,us,us
1999-09-20T07:53:50.440Z,54.64,168.254,33,4.3,mb,,,,1.17,us,usp0009epk,2014-11-07T01:08:30.383Z,"Komandorskiye Ostrova, Russia region",earthquake,,,,11,reviewed,us,us
1999-09-20T07:42:33.430Z,54.798,168.155,33,4.3,mb,,,,1.03,us,usp0009epj,2014-11-07T01:08:30.381Z,"Komandorskiye Ostrova, Russia region",earthquake,,,,3,reviewed,us,us
1999-09-20T07:34:12.120Z,54.568,168.335,33,4.9,mb,,,,1.08,us,usp0009eph,2014-11-07T01:08:30.373Z,"Komandorskiye Ostrova, Russia region",earthquake,,,,29,reviewed,us,us
1999-09-20T07:05:16.280Z,34.323,-116.842,3.632,2.74,ml,0,43,,0.161,ci,ci3320343,2016-02-16T11:16:16.050Z,"7km N of Big Bear City, California",earthquake,,0.2,,116,reviewed,ci,ci
1999-09-20T07:02:49.180Z,34.322,-116.846,1.494,4.12,ml,0,27.7,,0.214,ci,ci9105672,2016-04-02T10:32:46.972Z,"7km N of Big Bear City, CA",earthquake,,0.194,,207,reviewed,ci,ci
1999-09-20T06:56:59.800Z,38.38,15.752,178.1,4.1,mb,,,,1.09,us,usp0009epe,2014-11-07T01:08:30.364Z,"8 km WNW of Palmi, Italy",earthquake,,5.3,,5,reviewed,us,us
1999-09-20T06:00:53.430Z,-33.048,-70.554,98.1,2.8,md,,,,,us,usp0009epd,2014-11-07T01:08:30.362Z,"24 km S of Los Andes, Chile",earthquake,,,,,reviewed,guc,guc
1999-09-20T05:58:26.690Z,15.702,-61.02,30.5,3.1,md,,,,,us,usp0009epc,2014-11-07T01:08:30.360Z,"33 km ENE of Marigot, Dominica",earthquake,,,,,reviewed,fdf,trn
1999-09-20T05:45:55.600Z,10.459,92.879,33,4.4,mb,,,,0.72,us,usp0009epb,2014-11-07T01:08:30.358Z,"134 km S of Port Blair, India",earthquake,,,,2,reviewed,us,us
1999-09-20T05:01:10.720Z,36.126,31.364,26.9,3.6,md,,,,,us,usp0009epa,2014-11-07T01:08:30.356Z,"65 km SSW of Okurcalar, Turkey",earthquake,,,,,reviewed,isk,isk
1999-09-20T04:17:06.580Z,37.4781667,-118.8418333,3.898,2.53,md,28,146,0.04595,0.04,nc,nc21053903,2016-12-30T20:18:59.330Z,"14 km SW of Aspen Springs, California",earthquake,0.31,0.74,0.22,31,reviewed,nc,nc
1999-09-20T04:16:34.210Z,51.234,-176.859,33,4.3,mb,,,,1.27,us,usp0009ep8,2014-11-07T01:08:30.350Z,"72 km SSW of Adak, Alaska",earthquake,,,,3,reviewed,us,us
1999-09-20T03:18:55.860Z,36.795,-121.4193333,10.027,2.62,md,60,28,0.04865,0.15,nc,nc21053893,2016-12-30T20:18:33.190Z,"5 km WSW of Ridgemark, California",earthquake,0.21,0.4,0.07,58,reviewed,nc,nc
1999-09-20T02:28:15.860Z,4.693,-73.15,33,4,mb,,,,1.17,us,usp0009ep6,2014-11-07T01:08:30.346Z,"14 km S of San Luis de Gaceno, Colombia",earthquake,,,,2,reviewed,us,us
1999-09-20T02:26:12.680Z,40.697,25.793,10,3.7,md,,,,0.67,us,usp0009ep5,2014-11-07T01:08:30.307Z,"18 km SSW of Alexandroupoli, Greece",earthquake,,,,,reviewed,us,isk
1999-09-20T00:16:54.070Z,40.639,29.105,5.6,2.7,md,,,,,us,usp0009ep3,2014-11-07T01:08:30.304Z,"1 km WSW of Ç?narc?k, Turkey",earthquake,,,,,reviewed,isk,isk
1999-09-20T00:16:39.270Z,31,-120,5.783,4.23,ml,0,325.1,2.277,5.838,ci,ci9105643,2016-04-02T10:32:44.999Z,"253km S of San Nicolas Is., CA",earthquake,,,,12,reviewed,ci,ci
1999-09-20T00:07:43.230Z,40.676,30.503,5.3,3.4,md,,,,,us,usp0009ep2,2014-11-07T01:08:30.303Z,"4 km NW of Karapürçek, Turkey",earthquake,,,,,reviewed,isk,isk
1999-09-19T22:59:28.600Z,17.557,-99.355,45.9,3.6,md,,,,,us,usp0009ep1,2014-11-07T01:08:30.301Z,"4 km ESE of Tixtla de Guerrero, Mexico",earthquake,,,,,reviewed,unm,unm
1999-09-19T22:17:07.470Z,53.799,-162.904,33,4.5,mb,,,,1.15,us,usp0009ep0,2020-02-20T19:51:34.536Z,"122 km SSE of False Pass, Alaska",earthquake,,,,1,reviewed,us,us
1999-09-19T20:55:50.940Z,-24.155,-111.937,10,4.8,mb,,,,0.72,us,usp0009enz,2014-11-07T01:08:30.296Z,"Easter Island region",earthquake,,,,10,reviewed,us,us
1999-09-19T20:30:54.330Z,40.649,30.502,3.8,3.2,md,,,,,us,usp0009eny,2014-11-07T01:08:30.295Z,"3 km WNW of Karapürçek, Turkey",earthquake,,,,,reviewed,isk,isk
1999-09-19T20:26:35.770Z,40.636,30.527,10,4.3,mb,,,,1.02,us,usp0009enx,2014-11-07T01:08:30.290Z,"1 km WSW of Karapürçek, Turkey",earthquake,,,,11,reviewed,us,us
1999-09-19T20:25:22.470Z,51.982,-175.781,67.9,4.2,mb,,,,1.13,us,usp0009enw,2014-11-07T01:08:30.288Z,"59 km E of Adak, Alaska",earthquake,,,,7,reviewed,us,us
1999-09-19T19:59:24.050Z,-6.816,154.609,33,5.3,mwc,,,,0.92,us,usp0009enu,2025-12-19T22:33:36.807Z,"111 km WSW of Panguna, Papua New Guinea",earthquake,,,,,reviewed,us,hrv
1999-09-19T19:27:15.178Z,53.8996,-164.0037,20,2.5,ml,,,,0.35,ak,ak999c1m9zdp,2020-02-20T19:51:34.864Z,"113 km SSW of False Pass, Alaska",earthquake,,0,,,reviewed,ak,ak
1999-09-19T19:10:14.100Z,0.373,122.55,104.6,4.2,mb,,,,0.35,us,usp0009ens,2014-11-07T01:08:30.278Z,"59 km WSW of Gorontalo, Indonesia",earthquake,,37.8,,4,reviewed,us,us
1999-09-19T18:56:46.900Z,20.251,-99.262,1.7,3.3,md,,,,,us,usp0009enr,2014-11-07T01:08:30.277Z,"1 km W of Tunititlán, Mexico",earthquake,,,,,reviewed,unm,unm
1999-09-19T18:36:33.360Z,39.023,27.634,0.2,3.1,md,,,,,us,usp0009enq,2014-11-07T01:08:30.275Z,"5 km NW of Zeytinliova, Turkey",earthquake,,,,,reviewed,isk,isk
1999-09-19T18:24:05.690Z,32.961,137.947,340.6,4.1,mb,,,,0.8,us,usp0009enp,2014-11-07T01:08:30.274Z,"183 km S of ?yama, Japan",earthquake,,19.9,,1,reviewed,us,us
1999-09-19T18:19:53.270Z,40.68,29.175,2.6,3.1,md,,,,,us,usp0009enn,2014-11-07T01:08:30.272Z,"3 km NNE of Koruköy, Turkey",earthquake,,,,,reviewed,isk,isk
1999-09-19T17:59:53.480Z,40.895,30.35,12.6,2.8,md,,,,,us,usp0009enm,2014-11-07T01:08:30.271Z,"10 km W of Sö?ütlü, Turkey",earthquake,,,,,reviewed,isk,isk
1999-09-19T17:42:08.460Z,-55.742,-25.098,33,4.9,mb,,,,1.03,us,usp0009enk,2014-11-07T01:08:30.256Z,"South Sandwich Islands region",earthquake,,,,5,reviewed,us,us
1999-09-19T17:25:04.740Z,54.717,168.254,33,4.3,mb,,,,1.07,us,usp0009enj,2014-11-07T01:08:30.254Z,"Komandorskiye Ostrova, Russia region",earthquake,,,,3,reviewed,us,us
1999-09-19T16:47:51.710Z,-9.072,123.475,33,4.7,mb,,,,0.81,us,usp0009enh,2014-11-07T01:08:30.251Z,"66 km NNW of Naisano Dua, Indonesia",earthquake,,,,7,reviewed,us,us
1999-09-19T16:47:00.160Z,43.154,46.879,43.5,4.8,mb,,,,1.33,us,usp0009eng,2022-04-29T18:18:28.546Z,"3 km S of Kizilyurt, Russia",earthquake,,6.5,,42,reviewed,us,us
1999-09-19T16:31:33.520Z,40.779,29.199,21,2.7,md,,,,,us,usp0009ene,2014-11-07T01:08:30.236Z,"11 km SSE of Adalar, Turkey",earthquake,,,,,reviewed,isk,isk
1999-09-19T15:50:36.540Z,38.84,27.858,26.9,3.5,md,,,,,us,usp0009enc,2014-11-07T01:08:30.233Z,"8 km S of Akhisar, Turkey",earthquake,,,,,reviewed,isk,isk
1999-09-19T15:42:05.620Z,40.72,30.023,16.7,3,md,,,,,us,usp0009enb,2014-11-07T01:08:30.231Z,"2 km SSE of Köseköy, Turkey",earthquake,,,,,reviewed,isk,isk
1999-09-19T12:16:35.750Z,32.011,-114.672,5.975,2.77,ml,0,290.1,0.5506,0.272,ci,ci9105588,2016-02-16T08:55:06.487Z,"37km ESE of Estacion Coahuila, B.C., MX",earthquake,,,,27,reviewed,ci,ci
1999-09-19T11:16:14.860Z,-16.581,-74.023,33,4.8,mb,,,,0.9,us,usp0009en6,2014-11-07T01:08:30.219Z,"59 km SW of Atico, Peru",earthquake,,,,12,reviewed,us,us
1999-09-19T11:11:52.960Z,46.3985,-120.101,10.81,2.73,ml,49,32,,0.14,uw,uw10483958,2025-08-19T18:11:33.330Z,"7 km N of Outlook, Washington",earthquake,0.26,0.53,0.14516462410972,57,reviewed,uw,uw
1999-09-19T09:31:05.700Z,16.128,-96.605,16,4.1,md,,,,,us,usp0009en4,2014-11-07T01:08:30.198Z,"6 km S of Santa Lucía, Mexico",earthquake,,,,,reviewed,unm,unm
1999-09-19T07:57:19.750Z,-5.019,102.298,33,4.6,mb,,,,1.04,us,usp0009en2,2014-11-07T01:08:30.192Z,"134 km S of Bengkulu, Indonesia",earthquake,,,,5,reviewed,us,us
1999-09-19T07:14:26.238Z,56.1882,-153.1692,21.1,4.5,mb,,,,0.56,ak,ak999c1f20nz,2020-02-20T19:51:35.790Z,"104 km SE of Akhiok, Alaska",earthquake,,10.8,,,reviewed,ak,ak
1999-09-19T06:46:17.540Z,26.472,129.021,33,4.2,mb,,,,1.03,us,usp0009emz,2014-11-07T01:08:30.187Z,"104 km E of Nago, Japan",earthquake,,,,3,reviewed,us,us
1999-09-19T05:37:23.370Z,-5.706,153.263,70,4.7,mb,,,,1.25,us,usp0009emw,2014-11-07T01:08:30.181Z,"186 km SE of Kokopo, Papua New Guinea",earthquake,,24.2,,10,reviewed,us,us
1999-09-19T04:59:28.320Z,-32.988,-68.323,6,3.8,md,,,,,us,usp0009emt,2014-11-07T01:08:30.176Z,"17 km NE of San Martín, Argentina",earthquake,,,,,reviewed,guc,guc
1999-09-19T04:32:27.520Z,-32.65,-71.528,32.3,3.3,md,,,,,us,usp0009ems,2014-11-07T01:08:30.174Z,"32 km WNW of Hacienda La Calera, Chile",earthquake,,,,,reviewed,guc,guc
1999-09-19T04:21:44.410Z,46.4413333,-119.6258333,19.441,3.1,md,36,35,0.05235,0.25,uw,uw10483853,2017-04-02T05:21:13.985Z,"22 km NNW of Benton City, Washington",earthquake,0.622,0.75,0.03,10,reviewed,uw,uw
1999-09-19T04:15:18.570Z,-31.987,-69.785,156.1,3.4,md,,,,,us,usp0009emq,2014-11-07T01:08:30.167Z,"80 km SSW of Calingasta, Argentina",earthquake,,,,,reviewed,guc,guc
1999-09-19T03:18:54.570Z,-3.624,150.875,430.5,5.9,mwc,,,,0.89,us,usp0009emp,2022-04-29T18:18:25.616Z,"116 km S of Kavieng, Papua New Guinea",earthquake,,,,,reviewed,us,hrv
1999-09-19T02:28:18.000Z,4.94,-73.49,30,4.4,ml,,,,,us,usp0009emn,2014-11-07T01:08:30.145Z,"2 km S of Guayatá, Colombia",earthquake,,,,,reviewed,rsnc,rsnc
1999-09-19T02:26:48.960Z,40.622,29.11,8.3,2.7,md,,,,,us,usp0009emm,2014-11-07T01:08:30.144Z,"2 km SSW of Ç?narc?k, Turkey",earthquake,,,,,reviewed,isk,isk
1999-09-19T02:11:03.200Z,20.588,-99.34,14,3.4,md,,,,,us,usp0009emk,2014-11-07T01:08:30.142Z,"5 km NNW of Tasquillo, Mexico",earthquake,,,,,reviewed,unm,unm
1999-09-19T01:13:41.120Z,40.707,29.964,5.5,2.8,md,,,,,us,usp0009emj,2014-11-07T01:08:30.141Z,"2 km N of Yuvac?k, Turkey",earthquake,,,,,reviewed,isk,isk
1999-09-19T00:27:23.060Z,46.419,153.377,45.6,5.8,mwc,,,,1.12,us,usp0009emg,2022-04-29T18:18:24.323Z,"Kuril Islands",earthquake,,12,,,reviewed,us,hrv
1999-09-18T23:51:30.480Z,-19.713,169.205,102.8,5.9,mwc,,,,0.96,us,usp0009emf,2022-04-29T18:18:22.290Z,"20 km SSW of Isangel, Vanuatu",earthquake,,,,,reviewed,us,hrv
1999-09-18T23:25:19.540Z,-22.846,-66.198,261.7,4.4,mb,,,,1.32,us,usp0009eme,2014-11-07T01:08:30.087Z,"53 km WSW of Abra Pampa, Argentina",earthquake,,,,16,reviewed,us,us
1999-09-18T22:13:28.170Z,40.778,29.917,9.1,2.8,md,,,,,us,usp0009emd,2014-11-07T01:08:30.085Z,"1 km NW of ?zmit, Turkey",earthquake,,,,,reviewed,isk,isk
1999-09-18T22:02:56.056Z,60.1128,-151.572,81.8,2.5,ml,,,,0.42,ak,ak999c00dnyd,2020-02-20T19:51:46.254Z,"8 km NE of Ninilchik, Alaska",earthquake,,1.5,,,reviewed,ak,ak
1999-09-18T21:28:33.170Z,51.207,157.556,60,6,mwc,,,,0.89,us,usp0009emb,2022-04-29T19:03:09.049Z,"80 km ESE of Ozernovskiy, Russia",earthquake,,,,,reviewed,us,hrv
1999-09-18T21:23:45.380Z,14.456,-91.354,33,4.1,mb,,,,1.18,us,usp0009ema,2014-11-07T01:08:30.032Z,"7 km NNW of Río Bravo, Guatemala",earthquake,,,,6,reviewed,us,us
1999-09-18T21:14:40.800Z,40.603,29.05,21.8,2.9,md,,,,,us,usp0009em9,2014-11-07T01:08:30.030Z,"3 km SSE of Kocadere, Turkey",earthquake,,,,,reviewed,isk,isk
1999-09-18T20:28:36.030Z,-32.602,-71.515,24.1,3.9,md,,,,,us,usp0009em8,2014-11-07T01:08:30.028Z,"31 km WSW of La Ligua, Chile",earthquake,,,,,reviewed,guc,guc
1999-09-18T20:11:38.600Z,1.264,122.659,40.4,4.8,mb,,,,1.24,us,usp0009em6,2014-11-07T01:08:30.022Z,"92 km NNW of Gorontalo, Indonesia",earthquake,,,,13,reviewed,us,us
1999-09-18T19:58:57.810Z,19.3855,-155.2386667,2.881,3.5,md,31,45,,0.13,hv,hv1267113,2020-03-31T21:00:18.470Z,"6 km S of Volcano, Hawaii",earthquake,0.36,0.6,,,reviewed,hv,hv
1999-09-18T19:44:53.060Z,-13.495,167.902,33,3.9,mb,,,,0.92,us,usp0009em5,2014-11-07T01:08:30.019Z,"56 km NE of Sola, Vanuatu",earthquake,,,,1,reviewed,us,us
1999-09-18T19:25:27.170Z,35.7926667,-121.2533333,8.866,3.4,ml,47,176,0.1369,0.05,nc,nc21053505,2016-12-30T20:12:37.840Z,"17 km NNW of San Simeon, California",earthquake,0.2,0.59,,5,reviewed,nc,nc
1999-09-18T19:15:31.772Z,61.5214,-146.5113,12.9,2.5,ml,,,,0.45,ak,ak999bzyo3kp,2020-02-20T19:52:55.732Z,"44 km NNW of Valdez, Alaska",earthquake,,1.3,,,reviewed,ak,ak
1999-09-18T19:15:29.130Z,40.659,29.14,12,2.6,md,,,,,us,usp0009em2,2014-11-07T01:08:30.014Z,"2 km NE of Ç?narc?k, Turkey",earthquake,,,,,reviewed,isk,isk
1999-09-18T18:52:09.880Z,21.684,143.35,200,4.3,mb,,,,1.5,us,usp0009em1,2014-11-07T01:08:30.012Z,"Mariana Islands region",earthquake,,,,1,reviewed,us,us
1999-09-18T17:52:21.840Z,40.781,30.303,12.7,2.9,md,,,,,us,usp0009em0,2014-11-07T01:08:30.010Z,"8 km W of Adapazar?, Turkey",earthquake,,,,,reviewed,isk,isk
1999-09-18T17:18:02.520Z,85.168,17.457,10,4.5,mb,,,,0.9,us,usp0009ekz,2014-11-07T01:08:30.008Z,"north of Svalbard",earthquake,,,,1,reviewed,us,us
1999-09-18T17:14:28.990Z,40.621,29.137,5.5,2.7,md,,,,,us,usp0009eky,2014-11-07T01:08:30.007Z,"2 km SSE of Ç?narc?k, Turkey",earthquake,,,,,reviewed,isk,isk
1999-09-18T17:00:02.100Z,16.086,-97.982,16,3.8,md,,,,,us,usp0009ekx,2014-11-07T01:08:30.005Z,"9 km S of Santa María Chico Ometepec, Mexico",earthquake,,,,,reviewed,unm,unm
1999-09-18T16:57:30.270Z,1.29,127.286,170.2,4.7,mb,,,,0.95,us,usp0009ekw,2014-11-07T01:08:30.003Z,"56 km N of Ternate, Indonesia",earthquake,,13.4,,4,reviewed,us,us
1999-09-18T16:30:04.740Z,33.182,75.22,33,4.3,mb,,,,1.43,us,usp0009ekv,2014-11-07T01:08:30.001Z,"6 km SSW of R?mban, India",earthquake,,,,2,reviewed,us,us
1999-09-18T16:14:21.000Z,37.86,-117.5,2,3,ml,,,,,us,usp0009eku,2016-02-16T04:16:27.829Z,"16 km NE of Silver Peak, Nevada",earthquake,,,,,reviewed,ren,us
1999-09-18T15:06:53.580Z,-32.156,-71.049,58.3,3.3,md,,,,,us,usp0009ekt,2014-11-07T01:08:29.998Z,"37 km NNE of La Ligua, Chile",earthquake,,,,,reviewed,guc,guc
1999-09-18T13:38:16.440Z,32.762,-115.438,14.247,2.88,ml,0,140.1,0.04387,0.343,ci,ci9105508,2016-02-16T13:39:51.487Z,"8km SW of Holtville, California",earthquake,,0.252,,54,reviewed,ci,ci
1999-09-18T13:29:25.880Z,46.2,7.26,2,2.9,ml,,,,,us,usp0009ekq,2014-11-07T01:08:29.991Z,"1 km S of Ardon, Switzerland",earthquake,,,,,reviewed,str,vie
1999-09-18T13:07:54.880Z,19.3721667,-154.8346667,43.425,2.81,ml,28,279,,0.12,hv,hv1267070,2020-03-31T21:00:18.320Z,"13 km SE of Leilani Estates, Hawaii",earthquake,1.46,0.89,0.07,4,reviewed,hv,hv
1999-09-18T12:52:35.280Z,-4.028,103.321,33,5.4,mwc,,,,1.23,us,usp0009ekp,2022-04-29T18:18:16.143Z,"8 km E of Pagar Alam, Indonesia",earthquake,,,,,reviewed,us,hrv
1999-09-18T11:19:37.300Z,6.462,-76.165,62.2,4.4,mb,,,,0.95,us,usp0009ekm,2014-11-07T01:08:29.970Z,"16 km NNW of Urrao, Colombia",earthquake,,13.4,,10,reviewed,us,us
1999-09-18T11:19:00.630Z,51.569,16.231,5,3.3,ml,,,,0.93,us,usp0009ekk,2014-11-07T01:08:29.967Z,"5 km SE of Gr?bocice, Poland",earthquake,,,,,reviewed,us,vie
1999-09-18T11:11:09.175Z,61.6299,-150.7475,66.8,3.3,ml,,,,0.56,ak,ak999bztvq4l,2020-02-20T19:52:56.394Z,"15 km NW of Susitna, Alaska",earthquake,,1.4,,,reviewed,ak,ak
1999-09-18T11:00:54.080Z,-15.971,-177.104,33,5.4,mwc,,,,1.13,us,usp0009ekh,2025-12-19T22:33:36.076Z,"213 km SSE of Alo, Wallis and Futuna",earthquake,,,,,reviewed,us,hrv
1999-09-18T09:26:14.460Z,-23.941,-66.786,203.1,3.7,mb,,,,0.89,us,usp0009ekg,2014-11-07T01:08:29.955Z,"56 km WNW of San Antonio de los Cobres, Argentina",earthquake,,13.5,,6,reviewed,us,us
1999-09-18T09:07:35.030Z,37.5573333,-118.8018333,2.014,3.35,ml,33,97,0.03964,0.04,nc,nc21053350,2016-12-30T20:09:42.260Z,"7 km W of Aspen Springs, California",earthquake,0.24,0.52,,2,reviewed,nc,nc
1999-09-18T08:09:38.240Z,-4.998,145.638,51.4,4.3,mb,,,,1.23,us,usp0009eke,2014-11-07T01:08:29.950Z,"29 km NNW of Madang, Papua New Guinea",earthquake,,10.2,,1,reviewed,us,us
1999-09-18T07:54:24.420Z,-6.532,154.907,63,4.6,mb,,,,1.16,us,usp0009ekd,2014-11-07T01:08:29.947Z,"68 km WSW of Panguna, Papua New Guinea",earthquake,,22.8,,7,reviewed,us,us
1999-09-18T07:51:53.550Z,-49.167,126.69,10,5.3,mwc,,,,1.28,us,usp0009ekc,2025-12-19T22:33:35.449Z,"western Indian-Antarctic Ridge",earthquake,,,,,reviewed,us,hrv
1999-09-18T07:20:23.900Z,16.356,-99.688,0,4,md,,,,,us,usp0009ekb,2014-11-07T01:08:29.941Z,"37 km S of San Andrés Playa Encantada (El Podrido), Mexico",earthquake,,,,,reviewed,unm,unm
1999-09-18T06:50:58.120Z,-6.443,147.799,48.8,5.6,mwc,,,,1.05,us,usp0009eka,2022-04-29T18:18:14.360Z,"13 km NNW of Finschhafen, Papua New Guinea",earthquake,,6.6,,,reviewed,us,hrv
1999-09-18T05:45:09.500Z,-1.051,132.903,33,4.5,mb,,,,1.21,us,usp0009ek9,2014-11-07T01:08:29.929Z,"130 km W of Manokwari, Indonesia",earthquake,,,,7,reviewed,us,us
1999-09-18T04:58:47.130Z,15.306,-61.179,134,3.5,md,,,,,us,usp0009ek7,2014-11-07T01:08:29.926Z,"7 km ESE of La Plaine, Dominica",earthquake,,,,,reviewed,fdf,trn
1999-09-18T04:37:32.640Z,-1.034,137.326,33,4.3,mb,,,,1.13,us,usp0009ek6,2014-11-07T01:08:29.925Z,"139 km E of Biak, Indonesia",earthquake,,,,2,reviewed,us,us
1999-09-18T04:32:29.760Z,-34.513,-70.574,123,3.2,md,,,,,us,usp0009ek5,2014-11-07T01:08:29.923Z,"28 km ESE of Rengo, Chile",earthquake,,,,,reviewed,guc,guc
1999-09-18T04:19:14.200Z,-14.979,167.642,33,4,mb,,,,0.76,us,usp0009ek3,2014-11-07T01:08:29.919Z,"61 km E of Port-Olry, Vanuatu",earthquake,,,,1,reviewed,us,us
1999-09-18T04:01:04.400Z,-4.422,-104.444,10,5.6,mwc,,,,0.79,us,usp0009ek1,2022-04-29T18:18:12.877Z,"central East Pacific Rise",earthquake,,,,,reviewed,us,hrv
1999-09-18T03:10:11.260Z,23.846,141.915,33,4.2,mb,,,,1.17,us,usp0009ejz,2014-11-07T01:08:29.901Z,"Volcano Islands, Japan region",earthquake,,,,2,reviewed,us,us
1999-09-18T02:19:33.770Z,18.388,145.26,508,4.2,mb,,,,0.92,us,usp0009ejy,2014-11-07T01:08:29.898Z,"Pagan region, Northern Mariana Islands",earthquake,,28.6,,8,reviewed,us,us
1999-09-18T02:18:50.430Z,-32.091,-71.64,47,3.3,md,,,,,us,usp0009ejx,2014-11-07T01:08:29.897Z,"55 km NW of La Ligua, Chile",earthquake,,,,,reviewed,guc,guc
1999-09-18T01:53:08.870Z,-35.52,-71.485,88.3,2.7,md,,,,,us,usp0009ejw,2014-11-07T01:08:29.895Z,"1 km N of San Clemente, Chile",earthquake,,,,,reviewed,guc,guc
1999-09-18T01:23:03.000Z,37.39,-117.11,7.8,3.2,md,,,,,us,usp0009eju,2016-02-16T04:16:26.704Z,"37 km SSE of Goldfield, Nevada",earthquake,,,,,reviewed,ren,ren
1999-09-18T00:48:24.660Z,40.607,29.297,10,4.5,mb,,,,1.05,us,usp0009ejt,2014-11-07T01:08:29.881Z,"5 km SSE of Yalova, Turkey",earthquake,,,,47,reviewed,us,us
1999-09-17T23:48:11.200Z,-14.408,-178.21,33,5.5,mwc,,,,0.88,us,usp0009ejr,2022-04-29T18:18:10.272Z,"13 km SSW of Leava, Wallis and Futuna",earthquake,,,,,reviewed,us,hrv
1999-09-17T23:26:36.810Z,-35.891,-72.048,32.6,3.8,md,,,,,us,usp0009ejq,2014-11-07T01:08:29.825Z,"26 km ENE of Cauquenes, Chile",earthquake,,,,,reviewed,guc,guc
1999-09-17T22:54:02.220Z,24.014,141.794,33,4.7,mb,,,,1.04,us,usp0009ejp,2014-11-07T01:08:29.700Z,"Volcano Islands, Japan region",earthquake,,,,15,reviewed,us,us
1999-09-17T22:44:47.931Z,53.6853,-164.7508,44.1,2.8,ml,,,,0.35,ak,ak999byd3awp,2020-02-20T19:51:36.125Z,"83 km SE of Akutan, Alaska",earthquake,,8.9,,,reviewed,ak,ak
1999-09-17T22:23:28.760Z,-5.543,147.521,188.9,4.6,mb,,,,0.85,us,usp0009ejn,2014-11-07T01:08:29.698Z,"117 km NNW of Finschhafen, Papua New Guinea",earthquake,,7.4,,6,reviewed,us,us
1999-09-17T21:31:47.950Z,54.87,-162.041,65.3,4.6,mb,,,,0.87,us,usp0009ejm,2020-02-20T19:51:47.189Z,"27 km SE of King Cove, Alaska",earthquake,,,,30,reviewed,us,us
1999-09-17T21:29:52.560Z,19.353,144.895,500,3.9,mb,,,,1.14,us,usp0009ejk,2014-11-07T01:08:29.655Z,"Maug Islands region, Northern Mariana Islands",earthquake,,,,1,reviewed,us,us
1999-09-17T21:01:28.460Z,-22.52,-66.105,260.5,4.4,mb,,,,1.04,us,usp0009ejj,2014-11-07T01:08:29.649Z,"47 km WNW of Abra Pampa, Argentina",earthquake,,,,25,reviewed,us,us
1999-09-17T20:14:47.320Z,29.141,52.559,33,4.5,mb,,,,0.97,us,usp0009ejh,2014-11-07T01:08:29.643Z,"24 km WSW of Akbar?b?d, Iran",earthquake,,,,32,reviewed,us,us
1999-09-17T19:50:04.880Z,40.711,30.154,10,4.3,mb,,,,1.08,us,usp0009ejg,2014-11-07T01:08:29.636Z,"9 km WNW of Sapanca, Turkey",earthquake,,,,21,reviewed,us,us
1999-09-17T19:44:45.280Z,-32.933,-71.457,55.8,2.5,md,,,,,us,usp0009ejf,2014-11-07T01:08:29.634Z,"12 km N of Quilpué, Chile",earthquake,,,,,reviewed,guc,guc
1999-09-17T19:27:02.280Z,51.624,16.186,5,3.2,ml,,,,0.48,us,usp0009eje,2014-11-07T01:08:29.631Z,"3 km NNE of Gr?bocice, Poland",earthquake,,,,,reviewed,us,vie
1999-09-17T19:21:29.160Z,-15.524,-177.65,33,4.5,mb,,,,0.89,us,usp0009ejb,2014-11-07T01:08:29.626Z,"143 km SSE of Alo, Wallis and Futuna",earthquake,,,,5,reviewed,us,us
1999-09-17T19:12:12.654Z,51.904,-176.7649,160.4,2.5,ml,,,,0.24,ak,ak999byb42gh,2020-02-20T19:51:36.440Z,"9 km WNW of Adak, Alaska",earthquake,,2.2,,,reviewed,ak,ak
1999-09-17T18:35:11.420Z,-32.528,-70.493,97.2,2.6,md,,,,,us,usp0009eja,2014-11-07T01:08:29.624Z,"32 km NE of San Felipe, Chile",earthquake,,,,,reviewed,guc,guc
1999-09-17T18:15:25.100Z,47.5,-2.9,2,2.6,ml,,,,,us,usp0009ej8,2014-11-07T01:08:29.618Z,"4 km W of Saint-Gildas-de-Rhuys, France",earthquake,,,,,reviewed,ldg,ldg
1999-09-17T17:20:07.000Z,37.38,-117.09,8.2,3.1,md,,,,,us,usp0009ej7,2016-02-17T04:21:49.678Z,"38 km SSE of Goldfield, Nevada",earthquake,,,,,reviewed,ren,ren
1999-09-17T17:16:39.100Z,47.5,-2.9,2,2.7,ml,,,,,us,usp0009ej6,2014-11-07T01:08:29.613Z,"4 km W of Saint-Gildas-de-Rhuys, France",earthquake,,,,,reviewed,ldg,ldg
1999-09-17T16:36:37.430Z,1.987,128.66,33,3.9,mb,,,,0.87,us,usp0009ej4,2014-11-07T01:08:29.610Z,"77 km ENE of Tobelo, Indonesia",earthquake,,,,2,reviewed,us,us
1999-09-17T16:21:46.855Z,51.3141,-178.5493,20,3.5,ml,,,,0.41,ak,ak999by9drq5,2020-02-20T19:51:36.739Z,"146 km WSW of Adak, Alaska",earthquake,,0,,,reviewed,ak,ak
1999-09-17T16:18:02.067Z,54.5797,-163.0388,14.6,2.5,ml,,,,0.58,ak,ak999by9d14e,2020-02-20T19:51:47.631Z,"38 km SE of False Pass, Alaska",earthquake,,1.3,,,reviewed,ak,ak
1999-09-17T15:24:17.720Z,24.568,141.3,176.3,4.6,mb,,,,0.76,us,usp0009ej1,2014-11-07T01:08:29.602Z,"Volcano Islands, Japan region",earthquake,,14.5,,4,reviewed,us,us
1999-09-17T14:58:57.750Z,-13.752,167.28,200,5.1,mb,,,,0.94,us,usp0009ej0,2014-11-07T01:08:29.524Z,"32 km WNW of Sola, Vanuatu",earthquake,,,,7,reviewed,us,us
1999-09-17T14:54:48.720Z,-13.79,167.238,196.8,6.3,mwc,,,,0.99,us,usp0009ehz,2022-04-29T18:18:08.575Z,"35 km WNW of Sola, Vanuatu",earthquake,,,,,reviewed,us,hrv
1999-09-17T14:17:50.550Z,13.931,-91.494,33,3.8,mb,,,,0.71,us,usp0009ehy,2014-11-07T01:08:29.471Z,"36 km SW of Nueva Concepción, Guatemala",earthquake,,,,3,reviewed,us,us
1999-09-17T13:51:58.690Z,44.539,7.142,9.9,2.7,ml,,,,,us,usp0009ehx,2014-11-07T01:08:29.467Z,"3 km NNE of Stroppo, Italy",earthquake,,,,,reviewed,gen,ldg
1999-09-17T13:35:18.180Z,43.492,-127.12,10,3.8,mb,,,,0.68,us,usp0009ehv,2014-11-07T01:08:29.459Z,"223 km W of Bandon, Oregon",earthquake,,,,2,reviewed,us,us
1999-09-17T13:34:30.910Z,-32.596,-71.527,30.4,3.5,md,,,,,us,usp0009ehu,2014-11-07T01:08:29.457Z,"32 km WSW of La Ligua, Chile",earthquake,,,,,reviewed,guc,guc
1999-09-17T13:27:58.110Z,19.769,-155.0803333,33.354,2.74,ml,29,196,,0.11,hv,hv1266952,2020-03-31T21:00:17.760Z,"1 km ENE of Paukaa, Hawaii",earthquake,0.77,1.4,0.02,5,reviewed,hv,hv
1999-09-17T13:19:08.030Z,-33.91,-71.423,51.5,3.5,md,,,,,us,usp0009eht,2014-11-07T01:08:29.454Z,"31 km SW of Melipilla, Chile",earthquake,,,,,reviewed,guc,guc
1999-09-17T12:47:56.710Z,40.768,30.627,5.3,2.8,md,,,,,us,usp0009ehs,2014-11-07T01:08:29.452Z,"9 km N of Akyaz?, Turkey",earthquake,,,,,reviewed,isk,isk
1999-09-17T09:15:36.390Z,36.8096667,-121.5306667,6.85,2.76,md,65,35,0.02703,0.06,nc,nc21053139,2016-12-30T20:06:14.800Z,"4 km S of San Juan Bautista, California",earthquake,0.11,0.22,0.11,85,reviewed,nc,nc
1999-09-17T08:54:23.970Z,-1.076,-78.491,10,4.8,mb,,,,1.12,us,usp0009ehp,2014-11-07T01:08:29.379Z,"11 km ESE of San Miguel de Salcedo, Ecuador",earthquake,,,,21,reviewed,us,us
1999-09-17T08:43:11.390Z,-31.849,-69.99,148.9,2.8,md,,,,,us,usp0009ehn,2014-11-07T01:08:29.377Z,"78 km SW of Calingasta, Argentina",earthquake,,,,,reviewed,guc,guc
1999-09-17T07:52:02.310Z,14.771,-61.029,3.5,2.7,md,,,,,us,usp0009ehk,2014-11-07T01:08:29.375Z,"4 km WSW of Sainte-Marie, Martinique",earthquake,,,,,reviewed,fdf,trn
1999-09-17T07:02:00.260Z,-32.306,-71.408,45.1,3.1,md,,,,,us,usp0009ehg,2014-11-07T01:08:29.371Z,"23 km NW of La Ligua, Chile",earthquake,,,,,reviewed,guc,guc
1999-09-17T06:53:36.590Z,-9.062,-109.67,10,4.4,mb,,,,1.2,us,usp0009ehf,2014-11-07T01:08:29.368Z,"central East Pacific Rise",earthquake,,,,9,reviewed,us,us
1999-09-17T04:30:59.012Z,51.1702,-176.5223,14.8,2.9,ml,,,,0.8,ak,ak999by2aiul,2020-02-20T19:51:37.641Z,"78 km S of Adak, Alaska",earthquake,,184.8,,,reviewed,ak,ak
1999-09-17T03:45:17.010Z,-6.34,-74.952,91.1,4.5,mb,,,,0.89,us,usp0009ehe,2014-11-07T01:08:29.363Z,"88 km E of Navarro, Peru",earthquake,,19.5,,21,reviewed,us,us
1999-09-17T03:39:54.390Z,51.286,178.865,33,4.1,mb,,,,1.14,us,usp0009ehc,2020-02-20T19:51:37.943Z,"Rat Islands, Aleutian Islands, Alaska",earthquake,,,,6,reviewed,us,us
1999-09-17T03:25:56.080Z,51.1343,-176.5021,18.2,3.3,ml,,,,0.21,ak,ak999by1o0fs,2020-02-20T19:51:38.246Z,"82 km S of Adak, Alaska",earthquake,,1.7,,,reviewed,ak,ak
1999-09-17T03:07:18.850Z,24.721,141.593,33,4.6,mb,,,,1.11,us,usp0009eha,2014-11-07T01:08:29.355Z,"Volcano Islands, Japan region",earthquake,,,,10,reviewed,us,us
1999-09-17T02:13:59.170Z,19.3688333,-155.224,2.942,2.68,ml,27,49,,0.13,hv,hv1266892,2020-03-31T21:00:17.590Z,"8 km S of Volcano, Hawaii",earthquake,0.48,1.32,0.1,4,reviewed,hv,hv
1999-09-17T01:47:20.000Z,-39.54,178.09,33,4,ml,,,,,us,usp0009eh9,2014-11-07T01:08:29.354Z,"84 km SE of Wairoa, New Zealand",earthquake,,,,,reviewed,wel,wel
1999-09-17T00:47:58.948Z,60.2278,-152.7398,105,3.3,ml,,,,0.61,ak,ak999by00fli,2020-02-20T19:52:59.206Z,"62 km WNW of Ninilchik, Alaska",earthquake,,0.7,,,reviewed,ak,ak
1999-09-16T23:55:55.870Z,17.485,-67.496,33.7,2.8,md,,,,,us,usp0009eh6,2014-11-07T01:08:29.350Z,"63 km SSW of Pole Ojea, Puerto Rico",earthquake,,,,,reviewed,mpr,mpr
1999-09-16T23:33:28.600Z,15.979,-98.325,8,4,md,,,,,us,usp0009eh5,2014-11-07T01:08:29.348Z,"32 km SSW of Corralero, Mexico",earthquake,,,,,reviewed,unm,unm
1999-09-16T23:21:33.770Z,44.396,146.289,119.9,4.5,mb,,,,0.88,us,usp0009eh4,2014-11-07T01:08:29.341Z,"49 km NE of Otrada, Russia",earthquake,,7.7,,48,reviewed,us,us
1999-09-16T23:04:47.530Z,-34.611,-72.475,29.2,3.8,md,,,,,us,usp0009eh3,2014-11-07T01:08:29.339Z,"80 km N of Constitución, Chile",earthquake,,,,,reviewed,guc,guc
1999-09-16T22:46:08.909Z,59.9593,-152.6369,95.6,3,ml,,,,0.77,ak,ak999bwpkau2,2020-02-20T19:52:59.663Z,"49 km WNW of Anchor Point, Alaska",earthquake,,0.8,,,reviewed,ak,ak
1999-09-16T22:21:37.070Z,-33.854,-70.392,115.3,2.6,md,,,,,us,usp0009eh1,2014-11-07T01:08:29.337Z,"31 km SSE of Puente Alto, Chile",earthquake,,,,,reviewed,guc,guc
1999-09-16T21:47:43.500Z,46.334,13.675,10,2.8,ml,,,,0.22,us,usp0009eh0,2014-11-07T01:08:29.335Z,"9 km E of Bovec, Slovenia",earthquake,,,,,reviewed,us,vie
1999-09-16T21:46:55.620Z,46.273,13.727,10,3,ml,,,,0.86,us,usp0009egz,2014-11-07T01:08:29.331Z,"10 km N of Tolmin, Slovenia",earthquake,,,,,reviewed,us,vie
1999-09-16T21:44:19.500Z,37.2,-2.15,5.4,2.5,mblg,,,,,us,usp0009egy,2014-11-07T01:08:29.329Z,"5 km ENE of Uleila del Campo, Spain",earthquake,,,,,reviewed,mdd,mdd
1999-09-16T20:26:58.882Z,62.93,-150.3123,15.5,2.7,ml,,,,0.84,ak,ak999bwo995s,2020-02-20T19:53:00.457Z,"53 km NNE of Petersville, Alaska",earthquake,,0.6,,,reviewed,ak,ak
1999-09-16T19:58:32.520Z,-9.01,118.338,33,4.3,mb,,,,0.79,us,usp0009egw,2014-11-07T01:08:29.326Z,"54 km SSW of Dompu, Indonesia",earthquake,,,,3,reviewed,us,us
1999-09-16T18:49:44.020Z,18.204,-67.887,18.6,3.4,md,,,,,us,usp0009egt,2014-11-07T01:08:29.321Z,"68 km SE of Punta Cana, Dominican Republic",earthquake,,,,,reviewed,mpr,mpr
1999-09-16T18:33:58.500Z,7.183,94.22,33,4.6,mb,,,,1.37,us,usp0009egs,2014-11-07T01:08:29.318Z,"187 km NW of Sabang, Indonesia",earthquake,,,,11,reviewed,us,us
1999-09-16T17:58:45.530Z,40.484,30.213,7,3.5,md,,,,,us,usp0009egq,2014-11-07T01:08:29.315Z,"4 km SE of Pamukova, Turkey",earthquake,,,,,reviewed,isk,isk
1999-09-16T17:39:57.990Z,36.023,-117.8873333,3.437,3.1,mc,14,99,0.07635,0.17,ci,ci9105217,2016-02-16T23:32:59.556Z,"6km ESE of Coso Junction, California",earthquake,0.41,0.46,,77,reviewed,ci,ci
1999-09-16T17:39:49.540Z,36.025,-117.88,3.878,3.08,ml,0,49,0.07254,0.106,ci,ci9105210,2016-02-16T08:55:01.498Z,"6km ESE of Coso Junction, California",earthquake,,0.131,,103,reviewed,ci,ci
1999-09-16T17:34:52.370Z,46.27,153.586,33,5.2,mwc,,,,0.88,us,usp0009egm,2025-12-19T22:33:34.823Z,"Kuril Islands",earthquake,,,,,reviewed,us,hrv
1999-09-16T17:12:33.280Z,-31.249,-68.901,150,3.2,md,,,,1.13,us,usp0009egj,2014-11-07T01:08:29.287Z,"36 km NNW of Villa Basilio Nievas, Argentina",earthquake,,,,,reviewed,us,guc
1999-09-16T16:12:02.130Z,21.221,120.191,33,4.7,mb,,,,0.96,us,usp0009egh,2014-11-07T01:08:29.283Z,"103 km SSW of Hengchun, Taiwan",earthquake,,,,18,reviewed,us,us
1999-09-16T15:10:55.500Z,17.359,-94.558,186.8,3.8,md,,,,,us,usp0009egf,2014-11-07T01:08:29.279Z,"9 km N of Poblado Cinco, Mexico",earthquake,,,,,reviewed,unm,unm
1999-09-16T14:18:36.450Z,44.264,148.437,33,5.1,mb,,,,1,us,usp0009ege,2014-11-07T01:08:29.271Z,"115 km SSE of Kuril’sk, Russia",earthquake,,,,50,reviewed,us,us
1999-09-16T14:15:23.640Z,63.4382,-151.4351,1.8,3,ml,,,,0.92,ak,ak999bwkm7xo,2020-02-20T19:53:01.573Z,"18 km SE of Denali National Park, Alaska",earthquake,,0.8,,,reviewed,ak,ak
1999-09-16T13:44:09.660Z,21.233,120.23,33,4.7,mb,,,,0.7,us,usp0009egc,2014-11-07T01:08:29.266Z,"100 km SSW of Hengchun, Taiwan",earthquake,,,,16,reviewed,us,us
1999-09-16T13:31:09.910Z,-32.322,-71.869,32.9,4,md,,,,,us,usp0009egb,2014-11-07T01:08:29.263Z,"61 km WNW of La Ligua, Chile",earthquake,,,,,reviewed,guc,guc
1999-09-16T13:11:52.820Z,2.665,127.935,43.7,5.2,mwc,,,,1.17,us,usp0009ega,2022-04-29T18:18:07.191Z,"103 km N of Tobelo, Indonesia",earthquake,,16,,,reviewed,us,hrv
1999-09-16T13:10:14.620Z,40.758,29.928,13.6,2.5,md,,,,,us,usp0009eg9,2014-11-07T01:08:29.255Z,"0 km S of ?zmit, Turkey",earthquake,,,,,reviewed,isk,isk
1999-09-16T13:08:57.290Z,-22.97,-63.696,532.7,4.5,mb,,,,0.89,us,usp0009eg8,2014-11-07T01:08:29.252Z,"43 km SSE of General Mosconi, Argentina",earthquake,,10.3,,6,reviewed,us,us
1999-09-16T12:13:44.410Z,3.052,128.407,227.4,4.8,mb,,,,1.09,us,usp0009eg6,2014-11-07T01:08:29.244Z,"152 km NNE of Tobelo, Indonesia",earthquake,,,,31,reviewed,us,us
1999-09-16T11:54:11.290Z,21.386,120.104,33,4.6,mb,,,,0.85,us,usp0009eg5,2014-11-07T01:08:29.242Z,"95 km SW of Hengchun, Taiwan",earthquake,,,,6,reviewed,us,us
1999-09-16T11:21:12.790Z,-14.672,166.736,33,4.7,mb,,,,0.98,us,usp0009eg4,2014-11-07T01:08:29.235Z,"54 km NW of Port-Olry, Vanuatu",earthquake,,,,23,reviewed,us,us
1999-09-16T09:35:06.600Z,-14.706,166.693,33,5.1,mb,,,,1.15,us,usp0009eg3,2014-11-07T01:08:29.216Z,"55 km NW of Port-Olry, Vanuatu",earthquake,,,,33,reviewed,us,us
1999-09-16T09:25:20.760Z,39.03,26.533,0.1,3.7,md,,,,,us,usp0009eg2,2014-11-07T01:08:29.215Z,"3 km SSW of Loutrá, Greece",earthquake,,,,,reviewed,isk,isk
1999-09-16T08:20:11.270Z,39.32,27.969,5.6,3.4,md,,,,,us,usp0009eg1,2014-11-07T01:08:29.214Z,"16 km WSW of Bigadiç, Turkey",earthquake,,,,,reviewed,isk,isk
1999-09-16T06:48:35.370Z,36.812,42.216,33,4.2,mb,,,,1.44,us,usp0009eg0,2014-11-07T01:08:29.212Z,"41 km SSW of Bostanc?, Turkey",earthquake,,,,2,reviewed,us,us
1999-09-16T05:50:39.640Z,40.705,29.964,12.9,2.8,md,,,,,us,usp0009efy,2014-11-07T01:08:29.208Z,"1 km N of Yuvac?k, Turkey",earthquake,,,,,reviewed,isk,isk
1999-09-16T05:39:33.870Z,39.247,27.784,10.6,3.5,md,,,,,us,usp0009efx,2014-11-07T01:08:29.207Z,"16 km ENE of Soma, Turkey",earthquake,,,,,reviewed,isk,isk
1999-09-16T05:34:15.010Z,-32.046,-71.305,56.2,3,md,,,,,us,usp0009efw,2014-11-07T01:08:29.205Z,"43 km SW of Salamanca, Chile",earthquake,,,,,reviewed,guc,guc
1999-09-16T05:00:35.110Z,39.244,27.782,13.3,3.1,md,,,,,us,usp0009efv,2014-11-07T01:08:29.203Z,"16 km ENE of Soma, Turkey",earthquake,,,,,reviewed,isk,isk
1999-09-16T04:37:08.290Z,36.5308333,-89.7213333,6.72,2.5,md,27,83,0.04216,0.07,nm,nm60014494,2016-04-13T19:09:24.340Z,"8 km ESE of Risco, Missouri",earthquake,0.3,0.7,0.185,20,reviewed,nm,nm
1999-09-16T04:00:57.040Z,-6.969,147.213,63.3,4.3,mb,,,,1.2,us,usp0009efu,2014-11-07T01:08:29.202Z,"36 km SE of Lae, Papua New Guinea",earthquake,,13.2,,2,reviewed,us,us
1999-09-16T03:02:44.510Z,36.022,-117.882,2.398,3.55,ml,0,48.4,0.07217,0.135,ci,ci9105143,2016-02-17T09:07:18.544Z,"6km ESE of Coso Junction, California",earthquake,,0.12,,130,reviewed,ci,ci
1999-09-16T02:57:37.060Z,46.286,13.647,5,3,ml,,,,0.82,us,usp0009efs,2014-11-07T01:08:29.192Z,"6 km NE of Kobarid, Slovenia",earthquake,,,,,reviewed,us,vie
1999-09-16T02:23:07.970Z,12.864,-86.164,33,4,mb,,,,1.3,us,usp0009efr,2014-11-07T01:08:29.174Z,"15 km NNW of Ciudad Darío, Nicaragua",earthquake,,,,2,reviewed,us,us
1999-09-16T02:04:04.830Z,36.8058333,-121.516,4.94,2.64,md,61,34,0.01802,0.08,nc,nc21052856,2016-12-30T20:02:27.190Z,"4 km SSE of San Juan Bautista, California",earthquake,0.12,0.26,0.11,79,reviewed,nc,nc
1999-09-16T00:35:05.610Z,38.339,-109.1355,6.14,2.99,md,7,297,1.332,0.1,uu,uu50187600,2018-08-28T17:21:12.840Z,"Utah",earthquake,6.6,1.54,,3,reviewed,uu,uu
1999-09-16T00:19:18.960Z,36.6326667,-121.2501667,10.82,3.54,ml,76,40,0.03874,0.07,nc,nc21052850,2016-12-30T20:02:05.540Z,"18 km SSE of Tres Pinos, California",earthquake,0.14,0.25,,12,reviewed,nc,nc
1999-09-15T23:06:23.854Z,60.1638,-141.4982,9.8,2.6,ml,,,,0.73,ak,ak999bv2dugh,2020-02-20T19:53:04.040Z,"120 km NW of Yakutat, Alaska",earthquake,,0.9,,,reviewed,ak,ak
1999-09-15T20:38:54.900Z,52.74,-168.456,33,4.4,mb,,,,1,us,usp0009efj,2020-02-20T19:51:33.901Z,"35 km SE of Nikolski, Alaska",earthquake,,,,16,reviewed,us,us
1999-09-15T19:38:56.160Z,44.362,149.427,33,5,mwc,,,,0.98,us,usp0009efg,2016-11-09T23:29:50.401Z,"155 km SE of Kuril’sk, Russia",earthquake,,,,,reviewed,us,hrv
1999-09-15T19:20:15.740Z,19.4226667,-155.247,14.641,2.58,ml,21,142,,0.13,hv,hv1266719,2020-03-31T21:00:15.340Z,"2 km SSW of Volcano, Hawaii",earthquake,0.96,0.41,0.09,3,reviewed,hv,hv
1999-09-15T19:06:01.030Z,32.47,-115.511,5.984,2.51,ml,0,198.5,0.2551,0.254,ci,ci3320235,2016-02-16T18:34:22.023Z,"14km SSE of Progreso, B.C., MX",earthquake,,,,29,reviewed,ci,ci
1999-09-15T18:47:01.370Z,37.4121667,-116.9425,3.5,2.5,mh,4,337,1.395,0.24,ci,ci9105075,2016-02-16T01:54:33.098Z,"58km NNW of Beatty, Nevada",earthquake,7.3,31.61,,0,reviewed,ci,ci
1999-09-15T18:30:02.000Z,-40.35,174.57,0,3.1,ml,,,,,us,usp0009eff,2014-11-07T01:08:28.838Z,"61 km SW of Wanganui, New Zealand",earthquake,,,,,reviewed,wel,wel
1999-09-15T18:25:49.490Z,-33.592,-70.355,12.1,3.3,md,,,,,us,usp0009efe,2014-11-07T01:08:28.837Z,"20 km E of Puente Alto, Chile",earthquake,,,,,reviewed,guc,guc
1999-09-15T17:55:58.680Z,-14.886,-71.503,111.4,4.3,mb,,,,0.95,us,usp0009efd,2014-11-07T01:08:28.835Z,"10 km SSE of Coporaque, Peru",earthquake,,17.6,,2,reviewed,us,us
1999-09-15T17:05:52.340Z,32.282,-117.764,5.857,2.7,mc,0,227.3,0.8267,0.374,ci,ci9105068,2016-02-16T04:16:12.363Z,"69km W of Rosarito, B.C., MX",earthquake,,,,12,reviewed,ci,ci
1999-09-15T16:43:07.540Z,-18.142,-177.755,500,4.1,mb,,,,0.94,us,usp0009efc,2014-11-07T01:08:28.829Z,"Fiji region",earthquake,,,,11,reviewed,us,us
1999-09-15T14:37:47.200Z,44.4,7.3,4,2.7,ml,,,,,us,usp0009efb,2014-11-07T01:08:28.826Z,"2 km WSW of Monterosso Grana, Italy",earthquake,,,,,reviewed,ldg,ldg
1999-09-15T14:37:16.300Z,-40.76,175.66,28,3,ml,,,,,us,usp0009efa,2014-11-07T01:08:28.824Z,"22 km N of Masterton, New Zealand",earthquake,,,,,reviewed,wel,wel
1999-09-15T13:06:50.840Z,-31.688,-71.757,30.1,3.7,md,,,,,us,usp0009ef9,2014-11-07T01:08:28.822Z,"56 km W of Illapel, Chile",earthquake,,,,,reviewed,guc,guc
1999-09-15T12:03:11.590Z,-32.458,-69.323,100,4,md,,,,0.91,us,usp0009ef8,2014-11-07T01:08:28.820Z,"66 km NW of Mendoza, Argentina",earthquake,,,,,reviewed,us,guc
1999-09-15T11:30:00.080Z,-31.766,-71.835,26.4,3.8,md,,,,,us,usp0009ef7,2014-11-07T01:08:28.818Z,"64 km WSW of Illapel, Chile",earthquake,,,,,reviewed,guc,guc
1999-09-15T09:58:35.420Z,-15.165,-70.716,199.2,4.2,mb,,,,1.28,us,usp0009ef5,2014-11-07T01:08:28.813Z,"6 km WNW of Vilavila, Peru",earthquake,,10,,6,reviewed,us,us
1999-09-15T09:33:33.260Z,40.658,30.779,9.8,3.2,md,,,,,us,usp0009ef4,2014-11-07T01:08:28.811Z,"13 km ESE of Akyaz?, Turkey",earthquake,,,,,reviewed,isk,isk
1999-09-15T09:02:11.730Z,40.631,30.285,6.6,2.9,md,,,,,us,usp0009ef3,2014-11-07T01:08:28.809Z,"6 km SSE of Sapanca, Turkey",earthquake,,,,,reviewed,isk,isk
1999-09-15T08:10:20.780Z,12.605,-87.725,33,4.2,mb,,,,1.01,us,usp0009ef2,2014-11-07T01:08:28.804Z,"33 km WSW of Jiquilillo, Nicaragua",earthquake,,,,12,reviewed,us,us
1999-09-15T07:03:20.830Z,37.4871667,-118.8473333,5.431,2.69,md,13,199,0.1559,0.03,nc,nc21052698,2016-12-30T19:59:46.897Z,"14 km WSW of Aspen Springs, California",earthquake,0.99,1.88,0.18,15,reviewed,nc,nc
1999-09-15T06:12:53.440Z,39.335,27.892,5.2,3,md,,,,,us,usp0009ef1,2014-11-07T01:08:28.803Z,"21 km ESE of Sava?tepe, Turkey",earthquake,,,,,reviewed,isk,isk
1999-09-15T05:20:46.490Z,36.024,-117.881,3.688,2.9,ml,0,66.7,0.07262,0.108,ci,ci9105036,2016-02-17T04:21:37.226Z,"6km ESE of Coso Junction, California",earthquake,,0.111,,99,reviewed,ci,ci
1999-09-15T03:54:50.320Z,-33.089,-70.99,70.9,2.6,md,,,,,us,usp0009eey,2014-11-07T01:08:28.797Z,"24 km NNW of Lampa, Chile",earthquake,,,,,reviewed,guc,guc
1999-09-15T03:01:24.340Z,-20.934,-67.275,218,6.4,mwc,,,,0.98,us,usp0009eex,2022-04-29T18:18:05.472Z,"70 km SW of Uyuni, Bolivia",earthquake,,,,,reviewed,us,hrv
1999-09-15T02:59:01.140Z,-20.201,-177.924,500,4.3,mb,,,,0.76,us,usp0009eew,2014-11-07T01:08:28.737Z,"Fiji region",earthquake,,,,17,reviewed,us,us
1999-09-15T02:58:19.786Z,57.3413,-153.5932,24.9,3.2,ml,,,,0.62,ak,ak999buq6voa,2020-02-20T19:53:08.032Z,"23 km NW of Old Harbor, Alaska",earthquake,,5.1,,,reviewed,ak,ak
1999-09-15T01:49:26.840Z,43.096,18.964,3,3.2,md,,,,,us,usp0009eeu,2014-11-07T01:08:28.733Z,"11 km ESE of Plužine, Montenegro",earthquake,,,,,reviewed,pdg,pdg
1999-09-15T01:30:45.570Z,-4.766,144.381,33,4.7,mb,,,,1.39,us,usp0009eet,2014-11-07T01:08:28.730Z,"85 km SSE of Angoram, Papua New Guinea",earthquake,,,,8,reviewed,us,us
1999-09-15T01:29:23.880Z,-33.25,-72.105,34.1,3.5,md,,,,,us,usp0009ees,2014-11-07T01:08:28.728Z,"50 km WSW of Valparaíso, Chile",earthquake,,,,,reviewed,guc,guc
1999-09-14T22:17:24.430Z,15.09,146.223,91.5,5.5,mwc,,,,1.04,us,usp0009eeq,2022-04-29T18:17:59.739Z,"52 km ESE of Saipan, Northern Mariana Islands",earthquake,,,,,reviewed,us,hrv
1999-09-14T21:37:03.220Z,46.7503333,-122.8011667,4.533,2.6,md,12,82,0.3213,0.19,uw,uw10481538,2016-07-23T19:04:00.590Z,"7 km SE of Bucoda, Washington",explosion,0.75,1.65,0.02,4,reviewed,uw,uw
1999-09-14T20:54:35.400Z,-42.97,171.72,12,4.6,ml,,,,,us,usp0009een,2014-11-07T01:08:28.710Z,"52 km NW of Oxford, New Zealand",earthquake,,,,,reviewed,wel,wel
1999-09-14T18:28:19.260Z,36.715,69.882,33,4.5,mb,,,,1.22,us,usp0009eem,2014-11-07T01:08:28.707Z,"15 km N of Farkh?r, Afghanistan",earthquake,,,,13,reviewed,us,us
1999-09-14T18:14:33.860Z,19.375,-155.2363333,-0.458,3.3,md,21,94,,0.09,hv,hv1266632,2020-03-31T21:00:14.380Z,"7 km S of Volcano, Hawaii",earthquake,0.21,0.39,,,reviewed,hv,hv
1999-09-14T18:09:41.020Z,3.394,126.396,33,4.5,mb,,,,0.62,us,usp0009eek,2014-11-07T01:08:28.705Z,"245 km SSE of Sarangani, Philippines",earthquake,,,,6,reviewed,us,us
1999-09-14T17:29:38.100Z,-26.91,26.622,5,4.4,mb,,,,1.25,us,usp0009eej,2014-11-07T01:08:28.704Z,"7 km SW of Klerksdorp, South Africa",earthquake,,,,1,reviewed,us,us
1999-09-14T15:47:24.770Z,39.833,15.202,296.9,4.8,mb,,,,1.08,us,usp0009eeg,2014-11-07T01:08:28.677Z,"23 km SW of Marina di Camerota, Italy",earthquake,,1.8,,76,reviewed,us,us
1999-09-14T15:45:39.080Z,33.969,-116.334,6.357,2.52,ml,0,51.4,,0.211,ci,ci9104956,2016-02-16T06:36:23.201Z,"16km E of Desert Hot Springs, California",earthquake,,1.414,,75,reviewed,ci,ci
1999-09-14T14:32:40.530Z,34.256,-118.605,18.117,2.54,mc,0,115.3,0.05778,0.136,ci,ci9104933,2016-02-16T08:54:52.908Z,"0km WSW of Chatsworth, California",earthquake,,2.075,,5,reviewed,ci,ci
1999-09-14T14:07:29.700Z,-39.7,176.51,12,4,ml,,,,,us,usp0009eee,2014-11-07T01:08:28.674Z,"29 km WSW of Hastings, New Zealand",earthquake,,,,,reviewed,wel,wel
1999-09-14T13:35:44.570Z,40.669,29.046,13.2,3,md,,,,,us,usp0009eed,2014-11-07T01:08:28.672Z,"4 km NNE of Kocadere, Turkey",earthquake,,,,,reviewed,isk,isk
1999-09-14T12:54:30.960Z,31.578,104.228,33,4.9,mb,,,,0.76,us,usp0009eec,2022-04-29T18:17:58.292Z,"44 km WNW of Mianyang, China",earthquake,,,,28,reviewed,us,us
1999-09-14T12:23:37.910Z,23.952,141.711,33,5.1,mwc,,,,0.78,us,usp0009eeb,2025-12-19T22:33:34.092Z,"Volcano Islands, Japan region",earthquake,,,,,reviewed,us,hrv
1999-09-14T11:57:14.920Z,36.024,-117.881,3.508,3.12,ml,0,66.9,0.07262,0.106,ci,ci9104930,2016-02-17T11:31:22.747Z,"6km ESE of Coso Junction, California",earthquake,,0.138,,100,reviewed,ci,ci
1999-09-14T10:54:39.700Z,-3.802,139.309,57.8,4.6,mb,,,,0.81,us,usp0009ee8,2014-11-07T01:08:28.650Z,"198 km SW of Abepura, Indonesia",earthquake,,18.4,,8,reviewed,us,us
1999-09-14T10:06:50.820Z,40.625,29.109,6.4,2.7,md,,,,,us,usp0009ee6,2014-11-07T01:08:28.647Z,"2 km SSW of Ç?narc?k, Turkey",earthquake,,,,,reviewed,isk,isk
1999-09-14T09:18:04.820Z,41.175,-126.3418333,8.542,3,md,49,297,1.677,0.14,nc,nc21052576,2016-12-30T19:57:36.349Z,"185 km W of Trinidad, California",earthquake,2.69,5.89,0.12,13,reviewed,nc,nc
1999-09-14T09:03:44.550Z,-6.995,147.201,33,4.3,mb,,,,1.55,us,usp0009ee5,2014-11-07T01:08:28.646Z,"37 km SE of Lae, Papua New Guinea",earthquake,,,,5,reviewed,us,us
1999-09-14T09:02:00.075Z,62.1358,-150.6557,57.5,3.5,ml,,,,0.77,ak,ak999bt6hisn,2020-02-20T19:53:10.459Z,"29 km SW of Trapper Creek, Alaska",earthquake,,1.3,,,reviewed,ak,ak
1999-09-14T07:15:57.920Z,32.065,-116.394,5.595,2.68,mc,0,280.3,0.6312,0.185,ci,ci9104908,2016-02-16T13:39:26.146Z,"30km NE of Ensenada, B.C., MX",earthquake,,,,13,reviewed,ci,ci
1999-09-14T05:44:28.150Z,52.079,-169.569,33,4.6,mb,,,,0.99,us,usp0009ee2,2020-02-20T19:51:38.548Z,"107 km SSW of Nikolski, Alaska",earthquake,,,,11,reviewed,us,us
1999-09-14T05:41:44.700Z,16.202,-94.621,67.3,4,md,,,,,us,usp0009ee1,2014-11-07T01:08:28.635Z,"3 km SSE of San Francisco del Mar Viejo, Mexico",earthquake,,,,,reviewed,unm,unm
1999-09-14T04:01:25.900Z,-55.989,-27.809,33,5.5,mb,,,,0.91,us,usp0009ee0,2014-11-07T01:08:28.627Z,"South Sandwich Islands region",earthquake,,,,10,reviewed,us,us
1999-09-14T03:06:38.110Z,44.079,8.65,3,2.7,ml,,,,,us,usp0009edz,2014-11-07T01:08:28.625Z,"23 km SE of Noli, Italy",earthquake,,,,,reviewed,gen,gen
1999-09-14T02:30:42.130Z,10.945,93.416,10,4.1,mb,,,,1,us,usp0009edy,2014-11-07T01:08:28.623Z,"108 km SE of Port Blair, India",earthquake,,,,1,reviewed,us,us
1999-09-14T02:10:10.808Z,61.1732,-149.8193,36.1,2.5,ml,,,,0.68,ak,ak999bt2d848,2020-02-20T19:51:50.764Z,"6 km SE of Anchorage, Alaska",earthquake,,0.7,,,reviewed,ak,ak
1999-09-14T02:03:38.920Z,13.909,-89.832,33,4,mb,,,,1.15,us,usp0009edx,2014-11-07T01:08:28.621Z,"1 km SE of Ahuachapán, El Salvador",earthquake,,,,9,reviewed,us,us
1999-09-14T00:56:23.100Z,17.105,-95.755,128.8,3.9,md,,,,,us,usp0009edw,2014-11-07T01:08:28.619Z,"7 km SSE of San Juan Cotzocón, Mexico",earthquake,,,,,reviewed,unm,unm
1999-09-13T23:32:07.710Z,31.907,50.59,33,4.8,mb,,,,0.8,us,usp0009edv,2020-09-15T20:57:45.485Z,"38 km S of F?rs?n, Iran",earthquake,,,,64,reviewed,us,us
1999-09-13T23:27:11.000Z,45.5,5.4,2,4,ml,,,,,us,usp0009edu,2014-11-07T01:08:28.589Z,"1 km NE of Biol, France",earthquake,,,,,reviewed,ldg,ldg
1999-09-13T22:56:39.900Z,49.4,6.9,2,2.5,ml,,,,,us,usp0009eds,2014-11-07T01:08:28.584Z,"Germany",earthquake,,,,,reviewed,ldg,ldg
1999-09-13T22:36:54.830Z,31.898,-115.82,5.62,2.94,mc,0,311.4,0.7521,0.19,ci,ci9104875,2016-02-16T08:54:47.546Z,"71km WSW of Alberto Oviedo Mota, B.C., MX",earthquake,,,,12,reviewed,ci,ci
1999-09-13T20:53:03.170Z,44.7481667,-111.0943333,12.1,3.11,ml,17,100,0.04878,0.26,uu,uu50187495,2018-08-28T17:21:01.680Z,"7 km ESE of Hebgen Lake Estates, Montana",earthquake,1.22,1.51,,2,reviewed,uu,uu
1999-09-13T20:12:04.350Z,21.612,143.219,312.1,4.6,mb,,,,0.77,us,usp0009edq,2014-11-07T01:08:28.578Z,"Mariana Islands region",earthquake,,25.9,,2,reviewed,us,us
1999-09-13T13:57:42.130Z,37.5358333,-118.8136667,2.734,2.91,md,33,110,0.05586,0.04,nc,nc21052388,2016-12-30T19:53:04.810Z,"9 km WSW of Aspen Springs, California",earthquake,0.23,0.47,0.14,46,reviewed,nc,nc
1999-09-13T13:18:35.490Z,39.291,27.861,9.4,3,md,,,,,us,usp0009edk,2014-11-07T01:08:28.570Z,"20 km ESE of Sava?tepe, Turkey",earthquake,,,,,reviewed,isk,isk
1999-09-13T13:10:32.810Z,40.723,30.174,9.1,2.7,md,,,,,us,usp0009edh,2014-11-07T01:08:28.566Z,"8 km WNW of Sapanca, Turkey",earthquake,,,,,reviewed,isk,isk
1999-09-13T12:40:09.860Z,5.175,126.272,149.8,4.5,mb,,,,1.13,us,usp0009edf,2014-11-07T01:08:28.561Z,"93 km ESE of Sarangani, Philippines",earthquake,,25.2,,7,reviewed,us,us
1999-09-13T11:55:28.180Z,40.709,30.045,13,5.9,mwb,,,,0.93,us,usp0009ede,2022-04-29T18:17:56.667Z,"4 km SE of Köseköy, Turkey",earthquake,,,,,reviewed,us,us
1999-09-13T10:57:02.700Z,40.568,19.631,10,3.7,md,,,,1.02,us,usp0009edd,2014-11-07T01:08:28.510Z,"4 km N of Selenicë, Albania",earthquake,,,,,reviewed,us,pdg
1999-09-13T09:17:47.080Z,40.727,29.194,5.6,2.6,md,,,,,us,usp0009edc,2014-11-07T01:08:28.508Z,"8 km NNE of Koruköy, Turkey",earthquake,,,,,reviewed,isk,isk
1999-09-13T09:16:04.630Z,-16.715,-173.079,33,4.6,mb,,,,0.93,us,usp0009edb,2014-11-07T01:08:28.505Z,"113 km SE of Hihifo, Tonga",earthquake,,,,14,reviewed,us,us
1999-09-13T08:34:57.381Z,62.3039,-150.0673,6,2.8,ml,,,,0.87,ak,ak999brijq16,2020-02-20T19:53:12.708Z,"3 km SE of Talkeetna, Alaska",earthquake,,2.7,,,reviewed,ak,ak
1999-09-13T07:58:57.440Z,-34.747,-71.666,34.5,3.6,md,,,,,us,usp0009ed9,2014-11-07T01:08:28.501Z,"30 km WSW of Santa Cruz, Chile",earthquake,,,,,reviewed,guc,guc
1999-09-13T07:30:10.400Z,-15.192,-174.673,33,4.8,mb,,,,1.3,us,usp0009ed8,2014-11-07T01:08:28.495Z,"126 km NW of Hihifo, Tonga",earthquake,,,,13,reviewed,us,us
1999-09-13T06:55:50.630Z,5.444,126.324,33,4.2,mb,,,,1.22,us,usp0009ed6,2014-11-07T01:08:28.492Z,"92 km SE of Caburan, Philippines",earthquake,,,,3,reviewed,us,us
1999-09-13T06:18:03.400Z,-49.275,120.748,10,4.5,mb,,,,1.42,us,usp0009ed5,2014-11-07T01:08:28.490Z,"western Indian-Antarctic Ridge",earthquake,,,,7,reviewed,us,us
1999-09-13T05:46:30.390Z,32.002,-114.655,5.975,2.89,ml,0,296.1,0.557,0.277,ci,ci9104782,2016-02-16T16:06:46.582Z,"39km ESE of Estacion Coahuila, B.C., MX",earthquake,,,,40,reviewed,ci,ci
1999-09-13T05:45:06.750Z,15.831,-91.979,253.5,4.2,mb,,,,1.09,us,usp0009ed4,2014-11-07T01:08:28.485Z,"3 km WNW of Joaquín Miguel Gutiérrez, Mexico",earthquake,,6.1,,12,reviewed,us,us
1999-09-13T05:26:56.360Z,-6.269,147.367,54.3,4.3,mb,,,,1.48,us,usp0009ed3,2014-11-07T01:08:28.482Z,"61 km WNW of Finschhafen, Papua New Guinea",earthquake,,11.1,,4,reviewed,us,us
1999-09-13T05:11:36.470Z,10.9,-61.328,31,2.9,md,,,,,us,usp0009ed2,2014-11-07T01:08:28.481Z,"27 km N of Paradise, Trinidad and Tobago",earthquake,,,,,reviewed,trn,trn
1999-09-13T04:53:13.149Z,58.552,-155.3144,145.5,2.9,ml,,,,0.97,ak,ak999brg9ysy,2020-02-20T19:51:52.057Z,"79 km ESE of King Salmon, Alaska",earthquake,,3.3,,,reviewed,ak,ak
1999-09-13T04:43:19.420Z,-3.636,149.515,56.7,5.6,mwc,,,,1.23,us,usp0009ed1,2022-04-29T18:17:51.492Z,"184 km SW of Kavieng, Papua New Guinea",earthquake,,13,,,reviewed,us,hrv
1999-09-13T03:41:36.490Z,-31.157,-69.738,100,3.5,md,,,,0.86,us,usp0009ecz,2014-11-07T01:08:28.469Z,"36 km WNW of Calingasta, Argentina",earthquake,,,,,reviewed,us,guc
1999-09-13T02:50:09.171Z,62.9322,-148.2994,65.1,2.9,ml,,,,1.02,ak,ak999brf2g51,2020-02-20T19:53:16.755Z,"60 km SSE of Cantwell, Alaska",earthquake,,1.3,,,reviewed,ak,ak
1999-09-13T02:14:32.650Z,35.664,137.288,262.2,4.4,mb,,,,0.87,us,usp0009ecx,2014-11-07T01:08:28.463Z,"15 km SSE of Gero, Japan",earthquake,,4.5,,24,reviewed,us,us
1999-09-13T01:53:18.000Z,37.75,-4.62,1.2,2.5,mblg,,,,,us,usp0009ecw,2014-11-07T01:08:28.460Z,"9 km NW of Espejo, Spain",earthquake,,,,,reviewed,mdd,mdd
1999-09-13T01:12:48.130Z,40.3433333,-120.0971667,13.824,2.67,md,23,270,0.2775,0.5,nc,nc21052288,2016-12-30T19:50:52.733Z,"22 km N of Herlong, California",earthquake,9.07,1.58,0.3,3,reviewed,nc,nc
1999-09-13T00:35:16.000Z,9.151,-84.05,20,4.2,md,,,,,us,usp0009ecv,2014-11-07T01:08:28.458Z,"33 km SSE of Quepos, Costa Rica",earthquake,,,,,reviewed,casc,casc
1999-09-13T00:26:48.520Z,-32.349,-71.533,33.1,3.5,md,,,,,us,usp0009ecu,2014-11-07T01:08:28.455Z,"30 km WNW of La Ligua, Chile",earthquake,,,,,reviewed,guc,guc
1999-09-12T22:56:46.390Z,35.486,139.974,64.5,5.4,mwc,,,,0.7,us,usp0009ect,2025-12-19T22:33:33.444Z,"10 km WSW of Ichihara, Japan",earthquake,,,,,reviewed,us,hrv
1999-09-12T22:48:34.770Z,15.019,-60.864,132.2,3.2,md,,,,,us,usp0009ecs,2014-11-07T01:08:28.430Z,"29 km NE of Le Lorrain, Martinique",earthquake,,,,,reviewed,fdf,fdf
1999-09-12T22:21:35.600Z,19.3676667,-155.233,-0.448,3.4,md,22,123,,0.11,hv,hv1266394,2020-03-31T20:59:35.980Z,"8 km S of Volcano, Hawaii",earthquake,0.33,0.52,,,reviewed,hv,hv
1999-09-12T22:17:24.700Z,44.793,-112.77,10.9,3,ml,,,,,us,usp0009ecr,2014-11-07T01:08:28.427Z,"22 km NW of Lima, Montana",earthquake,,,,,reviewed,but,but
1999-09-12T22:15:43.417Z,59.74,-153.3893,126.1,2.5,ml,,,,0.53,ak,ak999bq38cbp,2020-02-20T19:53:18.873Z,"40 km E of Pedro Bay, Alaska",earthquake,,0.9,,,reviewed,ak,ak
1999-09-12T21:40:36.700Z,19.3731667,-155.227,-0.639,3.4,md,13,92,,0.12,hv,hv1266385,2020-03-31T20:59:35.840Z,"7 km S of Volcano, Hawaii",earthquake,0.35,0.68,,,reviewed,hv,hv
1999-09-12T21:22:14.130Z,-4.552,123.13,33,4.6,mb,,,,1.35,us,usp0009ecq,2014-11-07T01:08:28.424Z,"80 km ENE of Katabu, Indonesia",earthquake,,,,9,reviewed,us,us
1999-09-12T20:32:02.250Z,41.026,141.362,33,4.3,mb,,,,1.38,us,usp0009ecn,2014-11-07T01:08:28.420Z,"31 km SSE of Mutsu, Japan",earthquake,,,,6,reviewed,us,us
1999-09-12T20:18:27.810Z,36.235,69.483,49.8,4.7,mb,,,,0.76,us,usp0009ecm,2014-11-07T01:08:28.414Z,"36 km ENE of Nahr?n, Afghanistan",earthquake,,13.2,,27,reviewed,us,us
1999-09-12T20:09:56.470Z,40.3505,-124.7963333,12.745,2.7,md,18,246,0.3721,0.05,nc,nc21052250,2016-12-30T19:50:25.649Z,"51 km WSW of Ferndale, California",earthquake,1.17,0.83,0.18,13,reviewed,nc,nc
1999-09-12T19:25:17.040Z,19.3675,-155.3175,26.682,2.61,ml,17,52,,0.11,hv,hv1266356,2020-03-31T20:59:35.430Z,"12 km SW of Volcano, Hawaii",earthquake,0.78,1.18,0.1,4,reviewed,hv,hv
1999-09-12T18:54:21.620Z,19.3898333,-155.2398333,2.082,3.1,md,25,124,,0.11,hv,hv1266347,2020-03-31T20:59:35.150Z,"5 km S of Volcano, Hawaii",earthquake,0.35,0.57,,,reviewed,hv,hv
1999-09-12T18:49:46.820Z,2.884,126.77,33,4.7,mb,,,,0.96,us,usp0009eck,2014-11-07T01:08:28.411Z,"187 km NW of Tobelo, Indonesia",earthquake,,,,9,reviewed,us,us
1999-09-12T18:03:41.060Z,2.867,126.954,33,4.5,mb,,,,1.17,us,usp0009ecj,2014-11-07T01:08:28.409Z,"172 km NW of Tobelo, Indonesia",earthquake,,,,3,reviewed,us,us
1999-09-12T18:00:15.880Z,5.426,126.156,33,4.5,mb,,,,1.08,us,usp0009ech,2014-11-07T01:08:28.405Z,"76 km E of Sarangani, Philippines",earthquake,,,,7,reviewed,us,us
1999-09-12T17:59:03.340Z,-12.712,167.077,33,4.5,mb,,,,1.39,us,usp0009ecg,2014-11-07T01:08:28.403Z,"138 km NNW of Sola, Vanuatu",earthquake,,,,3,reviewed,us,us
1999-09-12T16:35:26.000Z,54.169,-162.448,6.1,3.3,ml,,,,,us,usp0009ecf,2020-02-20T19:53:19.660Z,"Alaska Peninsula",earthquake,,,,,reviewed,aeic,aeic
1999-09-12T15:59:36.770Z,19.3588333,-155.1238333,7.588,3.17,ml,33,117,,0.12,hv,hv1266308,2020-03-31T20:59:34.280Z,"11 km S of Fern Forest, Hawaii",earthquake,0.39,0.44,0.06,4,reviewed,hv,hv
1999-09-12T15:29:40.400Z,17.505,-95.425,136.2,4.1,md,,,,,us,usp0009ecd,2014-11-07T01:08:28.397Z,"6 km N of María Lombardo de Caso, Mexico",earthquake,,,,,reviewed,unm,unm
1999-09-12T14:30:15.170Z,19.3806667,-155.2391667,1.711,2.68,ml,14,138,,0.08,hv,hv1266269,2020-03-31T20:59:32.860Z,"6 km S of Volcano, Hawaii",earthquake,0.41,0.52,0.1,2,reviewed,hv,hv
1999-09-12T13:32:21.070Z,19.3896667,-155.2446667,2.602,3,md,24,99,,0.1,hv,hv1266236,2020-03-31T20:59:31.330Z,"5 km S of Volcano, Hawaii",earthquake,0.36,0.53,,,reviewed,hv,hv
1999-09-12T13:25:23.000Z,47.59,8.52,5,3.5,ml,,,,,us,usp0009ecb,2014-11-07T01:08:28.384Z,"1 km N of Seglingen, Switzerland",earthquake,,,,,reviewed,fbb,grf
1999-09-12T13:12:19.690Z,2.967,126.959,33,5.2,mwc,,,,1.18,us,usp0009eca,2025-12-19T22:33:32.747Z,"180 km NW of Tobelo, Indonesia",earthquake,,,,,reviewed,us,hrv
1999-09-12T12:45:29.243Z,59.7806,-153.345,129.3,2.5,ml,,,,0.61,ak,ak999bpxgenw,2020-02-20T19:53:20.354Z,"42 km E of Pedro Bay, Alaska",earthquake,,0.9,,,reviewed,ak,ak
1999-09-12T12:22:48.660Z,19.3676667,-155.2058333,3.783,2.67,ml,30,54,,0.12,hv,hv1266194,2020-03-31T20:59:27.850Z,"8 km SSE of Volcano, Hawaii",earthquake,0.39,1.05,0.14,2,reviewed,hv,hv
1999-09-12T11:55:48.610Z,19.3655,-155.2068333,1.113,2.59,ml,22,74,,0.12,hv,hv1266173,2020-03-31T20:59:25.840Z,"9 km SSE of Volcano, Hawaii",earthquake,0.41,0.72,0.04,4,reviewed,hv,hv
1999-09-12T11:45:49.170Z,19.3666667,-155.2106667,0.303,2.73,ml,30,53,,0.12,hv,hv1266163,2020-03-31T20:59:24.950Z,"8 km SSE of Volcano, Hawaii",earthquake,0.36,0.61,,1,reviewed,hv,hv
1999-09-12T11:44:44.700Z,19.3671667,-155.2021667,-0.487,2.62,ml,18,74,,0.13,hv,hv1266162,2020-03-31T20:59:24.780Z,"9 km SSE of Volcano, Hawaii",earthquake,0.39,0.48,0.08,5,reviewed,hv,hv
1999-09-12T11:41:10.550Z,19.3623333,-155.2071667,3.179,2.65,ml,23,74,,0.13,hv,hv1266533,2020-03-31T20:59:24.630Z,"9 km SSE of Volcano, Hawaii",earthquake,0.46,1.28,0.06,4,reviewed,hv,hv
1999-09-12T11:36:24.330Z,35.952,69.806,105.8,4.4,mb,,,,1.26,us,usp0009ec9,2014-11-07T01:08:28.342Z,"61 km ESE of Nahr?n, Afghanistan",earthquake,,,,13,reviewed,us,us
1999-09-12T11:34:25.180Z,19.3656667,-155.2105,2.523,2.67,ml,25,56,,0.12,hv,hv1266155,2020-03-31T20:59:23.540Z,"8 km SSE of Volcano, Hawaii",earthquake,0.41,0.95,0.04,6,reviewed,hv,hv
1999-09-12T11:15:55.460Z,-31.894,-69.683,163.2,3.3,md,,,,,us,usp0009ec8,2014-11-07T01:08:28.339Z,"66 km SSW of Calingasta, Argentina",earthquake,,,,,reviewed,guc,guc
1999-09-12T10:50:41.280Z,48.58,8.23,2,3.1,ml,,,,,us,usp0009ec7,2014-11-07T01:08:28.317Z,"4 km E of Seebach, Germany",earthquake,,,,,reviewed,str,vie
1999-09-12T10:46:44.220Z,37.355,-117.106,5,3.1,ml,,,,0.25,us,usp0009ec6,2016-02-16T16:06:41.681Z,"40 km SSE of Goldfield, Nevada",earthquake,,,,,reviewed,us,us
1999-09-12T09:32:53.800Z,45.01,-112.83,1.5,3.1,ml,,,,,us,usp0009ec4,2014-11-07T01:08:28.308Z,"27 km SSW of Dillon, Montana",earthquake,,,,,reviewed,but,but
1999-09-12T09:00:08.160Z,31.049,77.672,33,4.5,mb,,,,1.03,us,usp0009ec3,2014-11-07T01:08:28.305Z,"6 km SSE of Jubbal, India",earthquake,,,,16,reviewed,us,us
1999-09-12T07:54:51.400Z,57.7,-143.044,9.6,3.2,ml,,,,,us,usp0009ec2,2020-02-20T19:53:21.059Z,"281 km SW of Yakutat, Alaska",earthquake,,,,,reviewed,aeic,aeic
1999-09-12T07:39:38.050Z,40.426,142.836,33,3.9,mb,,,,1.29,us,usp0009ec1,2014-11-07T01:08:28.302Z,"113 km E of Hachinohe, Japan",earthquake,,,,1,reviewed,us,us
1999-09-12T07:04:30.180Z,28.915,142.257,33,4.4,mb,,,,0.85,us,usp0009ebz,2014-11-07T01:08:28.297Z,"Bonin Islands, Japan region",earthquake,,,,11,reviewed,us,us
1999-09-12T06:48:09.360Z,-30.029,-177.548,33,4.7,mb,,,,1.01,us,usp0009eby,2014-11-07T01:08:28.295Z,"Kermadec Islands, New Zealand",earthquake,,,,1,reviewed,us,us
1999-09-12T06:22:15.740Z,49.999,-28.988,10,4.4,mb,,,,1.26,us,usp0009ebw,2014-11-07T01:08:28.283Z,"northern Mid-Atlantic Ridge",earthquake,,,,34,reviewed,us,us
1999-09-12T06:17:40.550Z,38.069,23.763,10,3.9,mb,,,,1.38,us,usp0009ebv,2014-11-07T01:08:28.274Z,"0 km N of Metamórfosi, Greece",earthquake,,,,36,reviewed,us,us
1999-09-12T06:06:36.130Z,44.451,7.286,11.1,2.5,ml,,,,,us,usp0009ebu,2014-11-07T01:08:28.270Z,"3 km S of Cartignano, Italy",earthquake,,,,,reviewed,gen,gen
1999-09-12T04:33:13.920Z,-33.961,-72.136,34.8,4.1,md,,,,,us,usp0009ebr,2014-11-07T01:08:28.262Z,"63 km SW of San Antonio, Chile",earthquake,,,,,reviewed,guc,guc
1999-09-12T04:15:21.510Z,-21.159,-178.349,500,4.3,mb,,,,1.08,us,usp0009ebq,2014-11-07T01:08:28.260Z,"Fiji region",earthquake,,,,6,reviewed,us,us
1999-09-12T03:41:15.224Z,64.0774,-147.2745,13.5,3.1,ml,,,,0.97,ak,ak999bps2m9u,2020-02-20T19:53:21.446Z,"46 km SW of Harding-Birch Lakes, Alaska",earthquake,,0.7,,,reviewed,ak,ak
1999-09-12T03:03:18.500Z,28.97,142.053,33,5.9,mwb,,,,1.05,us,usp0009ebn,2022-04-29T18:17:46.015Z,"Bonin Islands, Japan region",earthquake,,,,,reviewed,us,us
1999-09-12T02:45:35.880Z,33.698,-116.727,15.846,2.6,ml,0,45.8,,0.186,ci,ci9104687,2016-02-17T04:21:32.052Z,"5km S of Idyllwild, California",earthquake,,0.655,,114,reviewed,ci,ci
1999-09-12T02:41:13.610Z,45.814,12.807,10,2.8,ml,,,,1.03,us,usp0009ebj,2014-11-07T01:08:28.224Z,"2 km SE of Cinto Caomaggiore, Italy",earthquake,,,,,reviewed,us,vie
1999-09-12T01:56:30.800Z,16.317,-93.897,153.2,3.7,md,,,,,us,usp0009ebh,2014-11-07T01:08:28.223Z,"7 km SSW of Tierra y Libertad, Mexico",earthquake,,,,,reviewed,unm,unm
1999-09-12T01:21:20.520Z,33.937,-116.359,9.007,3.17,ml,0,30.4,,0.276,ci,ci9104691,2016-02-17T01:58:23.594Z,"13km NNE of Thousand Palms, California",earthquake,,0.39,,146,reviewed,ci,ci
1999-09-12T00:36:08.300Z,46.4,7.5,2,2.5,ml,,,,,us,usp0009ebe,2014-11-07T01:08:28.214Z,"7 km SE of Lenk, Switzerland",earthquake,,,,,reviewed,ldg,vie
1999-09-12T00:29:31.210Z,-33.992,-72.117,7.8,3.7,md,,,,,us,usp0009ebd,2014-11-07T01:08:28.212Z,"64 km SW of San Antonio, Chile",earthquake,,,,,reviewed,guc,guc
1999-09-12T00:25:33.690Z,-33.937,-72.134,11.3,3.8,md,,,,,us,usp0009ebc,2014-11-07T01:08:28.210Z,"61 km SW of San Antonio, Chile",earthquake,,,,,reviewed,guc,guc
1999-09-11T23:40:34.000Z,45.19,13.301,5,3,ml,,,,0.73,us,usp0009ebb,2014-11-07T01:08:28.205Z,"23 km W of Pore?, Croatia",earthquake,,,,,reviewed,us,vie
1999-09-11T21:45:32.370Z,-31.043,-68.872,150,3.1,md,,,,0.9,us,usp0009eb8,2014-11-07T01:08:28.200Z,"54 km NW of Albardón, Argentina",earthquake,,,,,reviewed,us,guc
1999-09-11T21:23:24.450Z,60.312,-137.016,10,4.6,mb,,,,1.14,us,usp0009eb7,2020-02-20T19:51:38.865Z,"56 km SSE of Haines Junction, Canada",earthquake,,,,12,reviewed,us,us
1999-09-11T21:18:57.410Z,20.232,-156.7016667,34.056,3.09,ml,33,316,,0.11,hv,hv1266066,2020-03-31T20:59:22.050Z,"54 km SSW of M?kena, Hawaii",earthquake,1.29,2.33,0.07,8,reviewed,hv,hv
1999-09-11T21:01:43.300Z,42.79,-7.29,4,2.5,mblg,,,,,us,usp0009eb6,2014-11-07T01:08:28.192Z,"7 km NNE of Samos, Spain",earthquake,,,,,reviewed,mdd,mdd
1999-09-11T20:05:52.600Z,15.834,-98.997,15.1,3.9,md,,,,,us,usp0009eb5,2014-11-07T01:08:28.190Z,"79 km SSW of Barra de Tecoanapa, Mexico",earthquake,,,,,reviewed,unm,unm
1999-09-11T19:42:54.200Z,47.1,-2.8,4,3.2,ml,,,,,us,usp0009eb3,2014-11-07T01:08:28.185Z,"30 km SW of Le Croisic, France",earthquake,,,,,reviewed,ldg,ldg
1999-09-11T19:13:45.400Z,42.78,-7.27,4.1,2.8,ml,,,,,us,usp0009eb1,2014-11-07T01:08:28.177Z,"7 km NE of Samos, Spain",earthquake,,,,,reviewed,mdd,ldg
1999-09-11T17:59:33.295Z,59.9651,-140.6186,3.5,2.5,ml,,,,0.82,ak,ak999bocz8j5,2020-02-20T19:53:23.728Z,"68 km NW of Yakutat, Alaska",earthquake,,3.6,,,reviewed,ak,ak
1999-09-11T17:01:49.990Z,40.5521667,-122.23,21.04,2.54,md,22,58,0.1721,0.07,nc,nc21052022,2016-12-30T19:45:39.424Z,"1 km SSE of Palo Cedro, California",earthquake,0.24,0.63,0.15,30,reviewed,nc,nc
1999-09-11T16:43:01.320Z,32.099,-114.686,5.972,3.1,mc,0,280.2,0.4673,0.316,ci,ci9104651,2016-02-17T06:45:00.260Z,"32km ESE of Estacion Coahuila, B.C., MX",earthquake,,,,18,reviewed,ci,ci
1999-09-11T15:26:47.860Z,36.4533333,-89.5423333,8.37,2.5,md,34,74,0.05402,0.06,nm,nm60014490,2016-04-13T19:08:56.810Z,"9 km SE of Marston, Missouri",earthquake,0.3,0.8,0.139,25,reviewed,nm,nm
1999-09-11T15:22:53.200Z,49.888,-29.035,10,4.2,mb,,,,1.14,us,usp0009eay,2014-11-07T01:08:28.166Z,"northern Mid-Atlantic Ridge",earthquake,,,,25,reviewed,us,us
1999-09-11T14:25:31.840Z,18.747,-66.132,25,3.2,ml,,,,,us,usp0009eav,2014-11-07T01:08:28.159Z,"31 km N of San Juan, Puerto Rico",earthquake,,,,,reviewed,mpr,mpr
1999-09-11T14:00:21.830Z,-15.297,-175.904,325.6,4.7,mb,,,,0.9,us,usp0009eau,2014-11-07T01:08:28.151Z,"224 km S of Mata-Utu, Wallis and Futuna",earthquake,,,,21,reviewed,us,us
1999-09-11T13:26:12.060Z,-6.792,129.631,133.3,4.4,mb,,,,1.09,us,usp0009eat,2014-11-07T01:08:28.148Z,"Banda Sea",earthquake,,18.2,,6,reviewed,us,us
1999-09-11T12:40:23.260Z,-34.014,-72.218,28.1,3.4,md,,,,,us,usp0009eaq,2014-11-07T01:08:28.143Z,"73 km SW of San Antonio, Chile",earthquake,,,,,reviewed,guc,guc
1999-09-11T12:32:51.580Z,51.604,5.586,10,3.7,ml,,,,0.85,us,usp0009eap,2014-11-07T01:08:28.126Z,"1 km WNW of Erp, Netherlands",earthquake,,,,,reviewed,us,ldg
1999-09-11T12:26:54.000Z,37.4,-117.1,6.1,2.8,md,,,,,us,usp0009ean,2016-02-17T04:21:29.394Z,"36 km SSE of Goldfield, Nevada",earthquake,,,,,reviewed,ren,ren
1999-09-11T10:08:26.400Z,16.618,-99.665,6.8,3.8,md,,,,,us,usp0009eak,2014-11-07T01:08:28.120Z,"8 km SSW of San Andrés Playa Encantada (El Podrido), Mexico",earthquake,,,,,reviewed,unm,unm
1999-09-11T09:15:58.540Z,2.249,128.018,33,5.2,mwc,,,,0.93,us,usp0009eaj,2022-04-29T18:17:39.724Z,"57 km N of Tobelo, Indonesia",earthquake,,,,,reviewed,us,hrv
1999-09-11T09:14:51.400Z,15.808,-98.799,16.1,4.2,md,,,,,us,usp0009eah,2014-11-07T01:08:28.106Z,"69 km SSW of Santiago Tepextla, Mexico",earthquake,,,,,reviewed,unm,unm
1999-09-11T07:21:59.190Z,-32.574,-179.388,250,4.4,mb,,,,1.09,us,usp0009eaf,2014-11-07T01:08:28.099Z,"south of the Kermadec Islands",earthquake,,,,8,reviewed,us,us
1999-09-11T07:16:26.500Z,-32.613,-178.501,46.3,4.8,mb,,,,1.45,us,usp0009eae,2014-11-07T01:08:28.096Z,"south of the Kermadec Islands",earthquake,,,,6,reviewed,us,us
1999-09-11T04:36:30.140Z,53.031,173.663,130.3,4.5,mb,,,,0.96,us,usp0009eac,2014-11-07T01:08:28.083Z,"38 km ENE of Attu Station, Alaska",earthquake,,,,49,reviewed,us,us
1999-09-11T04:07:18.100Z,16.923,-100.459,10.1,3.6,md,,,,,us,usp0009eab,2014-11-07T01:08:28.081Z,"19 km S of Hacienda de Cabañas, Mexico",earthquake,,,,,reviewed,unm,unm
1999-09-11T03:19:22.750Z,13.882,144.853,185,4,mb,,,,1.43,us,usp0009eaa,2014-11-07T01:08:28.080Z,"38 km N of Yigo Village, Guam",earthquake,,10.4,,3,reviewed,us,us
1999-09-11T02:20:06.750Z,40.4536667,-125.2756667,22.919,2.54,md,13,283,0.8838,0.08,nc,nc21051890,2016-12-30T19:43:20.865Z,"86 km W of Ferndale, California",earthquake,1.5,8.75,,2,reviewed,nc,nc
1999-09-11T01:12:57.500Z,49.48,6.69,2,4,ml,,,,,us,usp0009ea7,2014-11-07T01:08:28.062Z,"4 km SSE of Britten, Germany",earthquake,,,,,reviewed,str,ldg
1999-09-11T00:21:53.470Z,59.2387,-153.3332,108.1,3.2,ml,,,,0.74,ak,ak999bo2mrlf,2020-02-20T19:53:25.986Z,"74 km ESE of Pope-Vannoy Landing, Alaska",earthquake,,1.1,,,reviewed,ak,ak
1999-09-11T00:12:47.947Z,57.1072,-155.6999,67.7,2.8,ml,,,,0.96,ak,ak999bo2ktq2,2020-02-20T19:53:22.753Z,"90 km SW of Karluk, Alaska",earthquake,,15.5,,,reviewed,ak,ak
1999-09-11T00:01:45.280Z,-33.523,-70.905,66.4,3.2,md,,,,,us,usp0009ea4,2014-11-07T01:08:28.058Z,"9 km NNW of Peñaflor, Chile",earthquake,,,,,reviewed,guc,guc
1999-09-10T22:59:36.460Z,37.906,69.978,33,4,mb,,,,1.2,us,usp0009ea3,2014-11-07T01:08:28.055Z,"17 km E of K?lob, Tajikistan",earthquake,,,,4,reviewed,us,us
1999-09-10T20:41:31.350Z,43.213,20.562,11,2.7,md,,,,,us,usp0009ea1,2014-11-07T01:08:28.051Z,"9 km SSW of Raška, Serbia",earthquake,,,,,reviewed,pdg,pdg
1999-09-10T19:41:41.600Z,-20.819,-68.333,135.2,4.8,mb,,,,0.94,us,usp0009e9z,2014-11-07T01:08:28.034Z,"156 km WSW of Colchani, Bolivia",earthquake,,6.8,,24,reviewed,us,us
1999-09-10T19:37:44.810Z,-32.831,-178.27,33,6,mwb,,,,1.19,us,usp0009e9y,2022-04-29T18:17:38.379Z,"south of the Kermadec Islands",earthquake,,,,,reviewed,us,us
1999-09-10T19:23:25.300Z,17.022,-99.948,49.3,3.6,md,,,,,us,usp0009e9x,2014-11-07T01:08:28.014Z,"4 km SSE of Tixtlancingo, Mexico",earthquake,,,,,reviewed,unm,unm
1999-09-10T18:55:34.500Z,16.21,-97.965,18.5,3.7,md,,,,,us,usp0009e9u,2014-11-07T01:08:28.006Z,"2 km NNE of Collantes, Mexico",earthquake,,,,,reviewed,unm,unm
1999-09-10T17:18:26.270Z,34.949,5.391,10,4.5,mblg,,,,0.98,us,usp0009e9r,2014-11-07T01:08:27.999Z,"25 km N of Tolga, Algeria",earthquake,,,,,reviewed,us,mdd
1999-09-10T17:16:29.590Z,-29.744,-71.218,54.8,5.1,mwc,,,,0.96,us,usp0009e9q,2022-04-29T18:17:33.253Z,"18 km N of La Serena, Chile",earthquake,,,,,reviewed,us,hrv
1999-09-10T16:02:25.740Z,40.5453333,-122.2328333,21.99,2.64,md,17,59,0.1658,0.05,nc,nc21051750,2016-12-30T19:40:16.215Z,"2 km SSE of Palo Cedro, California",earthquake,0.34,0.72,0.17,28,reviewed,nc,nc
1999-09-10T15:32:50.000Z,16.033,-96.889,8.1,3.7,md,,,,,us,usp0009e9m,2014-11-07T01:08:27.986Z,"11 km WSW of San Baltazar Loxicha, Mexico",earthquake,,,,,reviewed,unm,unm
1999-09-10T14:49:55.820Z,38.017,23.656,10,4.2,mb,,,,1.04,us,usp0009e9k,2014-11-07T01:08:27.982Z,"1 km NW of Chaïdári, Greece",earthquake,,,,5,reviewed,us,us
1999-09-10T14:18:18.530Z,22.25,121.802,10,5.4,mwc,,,,0.88,us,usp0009e9j,2022-04-29T18:17:32.039Z,"112 km ENE of Hengchun, Taiwan",earthquake,,,,,reviewed,us,hrv
1999-09-10T13:48:41.260Z,-5.532,-78.131,33,4.5,mb,,,,1.34,us,usp0009e9g,2014-11-07T01:08:27.959Z,"32 km NW of Yambrasbamba, Peru",earthquake,,,,9,reviewed,us,us
1999-09-10T13:40:02.180Z,32.272,-115.233,5.987,4.8,ml,0,264.7,,0.501,ci,ci9104506,2016-02-16T01:54:12.657Z,"8km NW of Alberto Oviedo Mota, B.C., MX",earthquake,,,,159,reviewed,ci,ci
1999-09-10T13:32:27.190Z,-32.803,-71.656,41.3,3.1,md,,,,,us,usp0009e9e,2014-11-07T01:08:27.947Z,"25 km N of Valparaíso, Chile",earthquake,,,,,reviewed,guc,guc
1999-09-10T13:26:58.330Z,33.954,-117.127,16.539,2.69,mc,0,138.8,,0.077,ci,ci9104495,2016-02-16T16:06:32.247Z,"8km WSW of Calimesa, California",earthquake,,0.896,,5,reviewed,ci,ci
1999-09-10T13:17:07.150Z,39.41,-29.964,10,4.5,mb,,,,0.94,us,usp0009e9d,2014-11-07T01:08:27.944Z,"100 km E of Santa Cruz das Flores, Portugal",earthquake,,,,10,reviewed,us,us
1999-09-10T10:55:10.070Z,51.569,16.286,5,3.2,ml,,,,0.65,us,usp0009e99,2014-11-07T01:08:27.935Z,"6 km NNE of Rudna, Poland",earthquake,,,,,reviewed,us,vie
1999-09-10T10:39:00.180Z,38.8638333,-111.971,11.78,2.58,ml,17,64,0.1373,0.2,uu,uu50187185,2018-08-28T17:20:24.580Z,"2 km N of Sigurd, Utah",earthquake,0.48,0.77,,6,reviewed,uu,uu
1999-09-10T10:18:40.060Z,-35.027,-71.082,104.2,2.8,md,,,,,us,usp0009e98,2014-11-07T01:08:27.933Z,"15 km ESE of Curicó, Chile",earthquake,,,,,reviewed,guc,guc
1999-09-10T09:42:51.700Z,-41.76,174.27,20,4.4,ml,,,,,us,usp0009e97,2014-11-07T01:08:27.931Z,"37 km SE of Blenheim, New Zealand",earthquake,,,,,reviewed,wel,wel
1999-09-10T08:45:23.160Z,46.024,150.26,91.2,5.8,mwc,,,,0.91,us,usp0009e96,2022-04-29T18:17:30.735Z,"205 km ENE of Kuril’sk, Russia",earthquake,,,,,reviewed,us,hrv
1999-09-10T08:23:00.466Z,60.3263,-151.4981,46.6,2.7,ml,,,,0.66,ak,ak999bmjv7a6,2020-02-20T19:53:28.395Z,"11 km WSW of Cohoe, Alaska",earthquake,,1.4,,,reviewed,ak,ak
1999-09-10T08:17:46.400Z,40.69,-0.04,3.2,2.5,mblg,,,,,us,usp0009e94,2014-11-07T01:08:27.898Z,"4 km SW of Herbés, Spain",earthquake,,,,,reviewed,mdd,mdd
1999-09-10T08:10:39.759Z,59.6193,-153.4678,116,2.8,ml,,,,0.63,ak,ak999bmjsi07,2020-02-20T19:53:28.780Z,"40 km ESE of Pedro Bay, Alaska",earthquake,,1.2,,,reviewed,ak,ak
1999-09-10T08:05:58.690Z,-32.485,-71.758,27.1,3.1,md,,,,,us,usp0009e92,2014-11-07T01:08:27.895Z,"49 km W of La Ligua, Chile",earthquake,,,,,reviewed,guc,guc
1999-09-10T07:18:39.410Z,2.853,127.066,107.9,4.8,mb,,,,1.17,us,usp0009e91,2014-11-07T01:08:27.891Z,"162 km NW of Tobelo, Indonesia",earthquake,,13.6,,13,reviewed,us,us
1999-09-10T07:06:02.720Z,31.379,-114.334,5.989,3.2,ml,0,317.7,1.465,0.221,ci,ci9104485,2016-02-16T23:32:43.305Z,"110km SE of Estacion Coahuila, B.C., MX",earthquake,,,,15,reviewed,ci,ci
1999-09-10T06:57:50.610Z,-31.708,-69.206,110.7,4.5,mb,,,,0.87,us,usp0009e90,2014-11-07T01:08:27.885Z,"46 km SSE of Calingasta, Argentina",earthquake,,,,15,reviewed,us,us
1999-09-10T06:35:53.290Z,-31.895,-68.464,150,3.2,md,,,,0.71,us,usp0009e8z,2014-11-07T01:08:27.883Z,"26 km SSW of Nueve de Julio, Argentina",earthquake,,,,,reviewed,us,guc
1999-09-10T06:16:00.210Z,2.925,126.991,33,5,mb,,,,1.05,us,usp0009e8y,2014-11-07T01:08:27.878Z,"174 km NW of Tobelo, Indonesia",earthquake,,,,17,reviewed,us,us
1999-09-10T05:54:06.860Z,-6.582,144.265,33,4.6,mb,,,,0.48,us,usp0009e8x,2014-11-07T01:08:27.877Z,"44 km SE of Ialibu, Papua New Guinea",earthquake,,,,1,reviewed,us,us
1999-09-10T05:50:39.640Z,40.705,29.964,12.9,2.8,md,,,,,us,usp0009e8w,2014-11-07T01:08:27.875Z,"1 km N of Yuvac?k, Turkey",earthquake,,,,,reviewed,isk,isk
1999-09-10T05:36:06.750Z,43.56,147.602,33,4.2,mb,,,,1.23,us,usp0009e8v,2014-11-07T01:08:27.873Z,"75 km ESE of Shikotan, Russia",earthquake,,,,2,reviewed,us,us
1999-09-10T05:13:22.280Z,52.819,-34.604,10,4.3,mb,,,,0.86,us,usp0009e8u,2014-11-07T01:08:27.849Z,"Reykjanes Ridge",earthquake,,,,22,reviewed,us,us
1999-09-10T04:19:38.756Z,63.0532,-150.8707,130.1,3.7,ml,,,,0.69,ak,ak999bmhgoyb,2020-02-20T19:53:29.485Z,"62 km N of Petersville, Alaska",earthquake,,1.2,,,reviewed,ak,ak
1999-09-10T04:05:19.170Z,-40.508,-74.776,33,4.9,mb,,,,1.3,us,usp0009e8s,2014-11-07T01:08:27.840Z,"133 km WSW of Corral, Chile",earthquake,,,,13,reviewed,us,us
1999-09-10T03:26:40.140Z,-35.065,-70.578,1.4,3.4,md,,,,,us,usp0009e8q,2014-11-07T01:08:27.836Z,"57 km ESE of Teno, Chile",earthquake,,,,,reviewed,guc,guc
1999-09-10T02:38:15.260Z,-32.277,-71.27,45.2,3.3,md,,,,,us,usp0009e8n,2014-11-07T01:08:27.831Z,"19 km N of La Ligua, Chile",earthquake,,,,,reviewed,guc,guc
1999-09-10T00:59:33.100Z,71.809,-2.031,10,4.6,mb,,,,1.13,us,usp0009e8m,2014-11-07T01:08:27.823Z,"258 km ENE of Olonkinbyen, Svalbard and Jan Mayen",earthquake,,,,36,reviewed,us,us
1999-09-10T00:55:57.500Z,16.021,-97.547,15.9,3.7,md,,,,,us,usp0009e8k,2014-11-07T01:08:27.822Z,"9 km SE of Santa Rosa de Lima, Mexico",earthquake,,,,,reviewed,unm,unm
1999-09-10T00:48:49.420Z,-5.15,152.191,33,4.7,mb,,,,0.99,us,usp0009e8j,2014-11-07T01:08:27.820Z,"89 km S of Kokopo, Papua New Guinea",earthquake,,,,1,reviewed,us,us
1999-09-09T23:28:52.510Z,-31.703,-69.519,132.1,2.6,md,,,,,us,usp0009e8h,2014-11-07T01:08:27.819Z,"41 km SSW of Calingasta, Argentina",earthquake,,,,,reviewed,guc,guc
1999-09-09T23:19:43.820Z,-17.651,-174.329,33,4.7,mb,,,,1.21,us,usp0009e8g,2014-11-07T01:08:27.815Z,"116 km NNW of Neiafu, Tonga",earthquake,,,,6,reviewed,us,us
1999-09-09T23:09:26.270Z,37.293,71.613,114.3,4.6,mb,,,,0.79,us,usp0009e8e,2014-11-07T01:08:27.807Z,"22 km SSE of Khorugh, Tajikistan",earthquake,,,,30,reviewed,us,us
1999-09-09T22:27:25.280Z,32.057,-114.671,5.972,2.62,ml,0,287.3,0.5054,0.359,ci,ci9104459,2016-02-17T04:21:23.801Z,"35km ESE of Estacion Coahuila, B.C., MX",earthquake,,,,12,reviewed,ci,ci
1999-09-09T20:21:43.830Z,40.438,30.325,10,3.8,md,,,,1.02,us,usp0009e8a,2014-11-07T01:08:27.801Z,"8 km SSE of Geyve, Turkey",earthquake,,,,,reviewed,us,isk
1999-09-09T20:08:09.600Z,-42.55,172.87,33,4.2,ml,,,,,us,usp0009e89,2014-11-07T01:08:27.800Z,"68 km N of Amberley, New Zealand",earthquake,,,,,reviewed,wel,wel
1999-09-09T19:34:12.500Z,38.8536667,-111.9921667,9.06,3.08,ml,17,63,0.1349,0.24,uu,uu50187085,2018-08-28T17:20:12.680Z,"2 km NW of Sigurd, Utah",earthquake,0.73,0.89,,7,reviewed,uu,uu
1999-09-09T19:17:12.524Z,56.4752,-152.9909,36.5,3.1,ml,,,,1.13,ak,ak999bl2ud2s,2020-02-20T19:53:30.342Z,"83 km SSE of Old Harbor, Alaska",earthquake,,15.8,,,reviewed,ak,ak
1999-09-09T18:18:24.210Z,-32.352,-70.111,139.6,3.7,md,,,,,us,usp0009e86,2014-11-07T01:08:27.794Z,"70 km NE of Los Andes, Chile",earthquake,,,,,reviewed,guc,guc
1999-09-09T16:39:35.190Z,-32.363,-70.064,117.2,2.6,md,,,,,us,usp0009e85,2014-11-07T01:08:27.792Z,"72 km NE of Los Andes, Chile",earthquake,,,,,reviewed,guc,guc
1999-09-09T14:02:01.590Z,47.506,154.334,33,5.5,mwc,,,,0.73,us,usp0009e83,2022-04-29T18:17:25.385Z,"Kuril Islands",earthquake,,,,,reviewed,us,hrv
1999-09-09T13:08:41.760Z,-22.129,-179.762,606.1,4.7,mb,,,,0.76,us,usp0009e82,2014-11-07T01:08:27.751Z,"south of the Fiji Islands",earthquake,,14.2,,28,reviewed,us,us
1999-09-09T12:56:08.720Z,40.809,30.72,5.3,3.2,md,,,,,us,usp0009e81,2014-11-07T01:08:27.750Z,"2 km WNW of Hendek, Turkey",earthquake,,,,,reviewed,isk,isk
1999-09-09T11:46:30.310Z,6.805,-72.972,162.7,4.5,mb,,,,0.94,us,usp0009e7y,2014-11-07T01:08:27.741Z,"5 km N of Cepitá, Colombia",earthquake,,5.4,,7,reviewed,us,us
1999-09-09T11:38:43.730Z,38.8666667,-111.99,10.27,3.58,ml,17,63,0.1255,0.25,uu,uu50187035,2018-12-20T21:47:06.760Z,"3 km NNW of Sigurd, Utah",earthquake,0.59,0.94,,7,reviewed,uu,uu
1999-09-09T11:09:41.750Z,-21.531,-68.33,138.7,3.9,mb,,,,1.11,us,usp0009e7v,2014-11-07T01:08:27.734Z,"119 km NNE of Calama, Chile",earthquake,,13.9,,7,reviewed,us,us
1999-09-09T10:58:05.738Z,57.4247,-154.9943,44.1,2.7,ml,,,,1.04,ak,ak999bkxq8gt,2020-02-20T19:53:31.728Z,"36 km WSW of Karluk, Alaska",earthquake,,4.1,,,reviewed,ak,ak
1999-09-09T10:16:55.190Z,38.8741667,-112.0028333,8.69,2.62,ml,12,124,0.1134,0.18,uu,uu50186990,2018-08-28T17:20:00.620Z,"4 km NW of Sigurd, Utah",earthquake,0.74,1.18,,5,reviewed,uu,uu
1999-09-09T10:14:15.370Z,38.8671667,-111.9835,10.04,3.43,ml,18,63,0.1283,0.26,uu,uu50186985,2018-08-28T17:19:59.890Z,"3 km NNW of Sigurd, Utah",earthquake,0.64,0.81,,7,reviewed,uu,uu
1999-09-09T10:11:21.370Z,38.8658333,-111.9878333,9.19,2.81,ml,15,63,0.1272,0.19,uu,uu50186980,2018-08-28T17:19:59.180Z,"3 km NNW of Sigurd, Utah",earthquake,0.54,0.76,,3,reviewed,uu,uu
1999-09-09T10:07:41.330Z,38.8671667,-111.9815,10.3,3.51,ml,16,63,0.1294,0.25,uu,uu50186975,2018-12-20T21:47:06.120Z,"3 km NNW of Sigurd, Utah",earthquake,0.6,0.91,,7,reviewed,uu,uu
1999-09-09T10:05:53.970Z,-3.102,130.022,33,4.5,mb,,,,1.29,us,usp0009e7r,2014-11-07T01:08:27.722Z,"125 km ENE of Amahai, Indonesia",earthquake,,,,10,reviewed,us,us
1999-09-09T09:46:14.940Z,38.8826667,-111.9945,8.35,2.63,ml,9,189,0.1111,0.13,uu,uu50186960,2018-08-28T17:19:56.450Z,"5 km NNW of Sigurd, Utah",earthquake,1.45,0.85,,6,reviewed,uu,uu
1999-09-09T09:44:20.130Z,38.8616667,-111.9925,10.58,3.01,ml,20,52,0.1282,0.21,uu,uu50186950,2018-08-28T17:19:55.100Z,"3 km NW of Sigurd, Utah",earthquake,0.48,0.68,,6,reviewed,uu,uu
1999-09-09T08:15:35.060Z,40.259,25.813,5,4.8,mb,,,,1.17,us,usp0009e7m,2020-09-15T20:57:33.342Z,"10 km NW of Gökçeada, Turkey",earthquake,,,,78,reviewed,us,us
1999-09-09T08:11:56.740Z,40.227,25.894,5,4.1,mb,,,,1.03,us,usp0009e7k,2014-11-07T01:08:27.685Z,"3 km NNW of Gökçeada, Turkey",earthquake,,,,12,reviewed,us,us
1999-09-09T07:10:41.050Z,13.441,125.59,33,4.8,mb,,,,0.91,us,usp0009e7j,2014-11-07T01:08:27.680Z,"104 km NE of Cabodiongan, Philippines",earthquake,,,,17,reviewed,us,us
1999-09-09T05:41:22.630Z,40.748,30.074,9.6,3.1,md,,,,,us,usp0009e7g,2014-11-07T01:08:27.677Z,"5 km E of Köseköy, Turkey",earthquake,,,,,reviewed,isk,isk
1999-09-09T05:21:01.770Z,-3.607,148.771,33,4.7,mb,,,,1.27,us,usp0009e7f,2014-11-07T01:08:27.675Z,"240 km SE of Lorengau, Papua New Guinea",earthquake,,,,2,reviewed,us,us
1999-09-09T04:25:44.660Z,-5.443,102.676,33,4.8,mb,,,,1,us,usp0009e7e,2014-11-07T01:08:27.673Z,"169 km SSW of Pagar Alam, Indonesia",earthquake,,,,3,reviewed,us,us
1999-09-09T03:19:41.810Z,13.643,125.877,33,4.7,mb,,,,1.25,us,usp0009e7c,2014-11-07T01:08:27.670Z,"140 km NE of Cabodiongan, Philippines",earthquake,,,,2,reviewed,us,us
1999-09-09T03:07:21.410Z,51.634,174.39,33,4.3,mb,,,,1.1,us,usp0009e7b,2014-11-07T01:08:27.667Z,"157 km SSE of Attu Station, Alaska",earthquake,,,,10,reviewed,us,us
1999-09-09T03:07:13.710Z,17.047,-61.689,74,3,md,,,,,us,usp0009e7a,2014-11-07T01:08:27.666Z,"10 km ENE of Falmouth, Antigua and Barbuda",earthquake,,,,,reviewed,trn,trn
1999-09-09T03:00:33.490Z,-31.103,-178.701,33,4.8,mb,,,,0.77,us,usp0009e79,2014-11-07T01:08:27.664Z,"Kermadec Islands region",earthquake,,,,4,reviewed,us,us
1999-09-09T02:30:35.540Z,-33.344,-68.467,2.5,3.7,md,,,,,us,usp0009e78,2014-11-07T01:08:27.662Z,"29 km S of San Martín, Argentina",earthquake,,,,,reviewed,guc,guc
1999-09-09T02:11:46.900Z,-32.234,-71.796,26.2,3.6,md,,,,,us,usp0009e77,2014-11-07T01:08:27.660Z,"58 km WNW of La Ligua, Chile",earthquake,,,,,reviewed,guc,guc
1999-09-09T01:47:25.000Z,19.116,-98.568,37.8,3.6,md,,,,,us,usp0009e76,2014-11-07T01:08:27.658Z,"5 km WNW of San Mateo Ozolco, Mexico",earthquake,,,,,reviewed,unm,unm
1999-09-09T01:46:11.340Z,45.497,149.521,92.3,4.6,mb,,,,0.87,us,usp0009e75,2014-11-07T01:08:27.649Z,"132 km ENE of Kuril’sk, Russia",earthquake,,,,43,reviewed,us,us
1999-09-09T01:32:08.120Z,40.718,29.144,13.1,5,mb,,,,,us,usp0009e74,2014-11-07T01:08:27.645Z,"7 km NNW of Koruköy, Turkey",earthquake,,,,4,reviewed,isk,us
1999-09-09T00:25:35.940Z,23.401,94.685,136.2,3.9,mb,,,,0.93,us,usp0009e73,2014-11-07T01:08:27.644Z,"39 km SE of Mawlaik, Myanmar",earthquake,,20.6,,1,reviewed,us,us
1999-09-09T00:07:54.930Z,18.618,120.612,33,4.3,mb,,,,1.2,us,usp0009e72,2014-11-07T01:08:27.643Z,"16 km NNE of Davila, Philippines",earthquake,,,,1,reviewed,us,us
1999-09-08T23:41:16.370Z,-32.654,-71.624,27.2,3.2,md,,,,,us,usp0009e71,2014-11-07T01:08:27.641Z,"40 km WNW of Hacienda La Calera, Chile",earthquake,,,,,reviewed,guc,guc
1999-09-08T22:54:06.240Z,42.079,20.029,10,3,md,,,,0.65,us,usp0009e70,2014-11-07T01:08:27.638Z,"2 km NNE of Fushë-Arrëz, Albania",earthquake,,,,,reviewed,us,pdg
1999-09-08T20:40:14.890Z,37.4848333,-118.8425,5.776,3.05,ml,36,122,0.0964,0.04,nc,nc30220796,2016-12-30T19:32:06.800Z,"13 km SW of Aspen Springs, California",earthquake,0.26,0.79,,2,reviewed,nc,nc
1999-09-08T20:29:55.000Z,-31.928,-70.433,111.8,2.8,md,,,,,us,usp0009e6y,2014-11-07T01:08:27.635Z,"52 km ESE of Salamanca, Chile",earthquake,,,,,reviewed,guc,guc
1999-09-08T20:01:00.960Z,2.979,127.141,33,4.3,mb,,,,1.05,us,usp0009e6x,2014-11-07T01:08:27.633Z,"168 km NW of Tobelo, Indonesia",earthquake,,,,1,reviewed,us,us
1999-09-08T19:53:27.600Z,45.266,14.413,10,2.5,ml,,,,0.95,us,usp0009e6w,2014-11-07T01:08:27.631Z,"7 km SSW of Rijeka, Croatia",earthquake,,,,,reviewed,us,vie
1999-09-08T18:37:46.940Z,13.989,120.662,159.4,4.6,mb,,,,0.87,us,usp0009e6u,2014-11-07T01:08:27.627Z,"1 km SE of Prinza, Philippines",earthquake,,18.8,,9,reviewed,us,us
1999-09-08T16:56:28.950Z,50.025,-28.934,10,4.6,mb,,,,1.06,us,usp0009e6s,2014-11-07T01:08:27.609Z,"northern Mid-Atlantic Ridge",earthquake,,,,73,reviewed,us,us
1999-09-08T16:54:05.570Z,38.051,23.712,10,4.3,mb,,,,1.18,us,usp0009e6r,2014-11-07T01:08:27.597Z,"0 km SE of Kamaterón, Greece",earthquake,,,,47,reviewed,us,us
1999-09-08T16:28:30.500Z,16.81,-94.007,167.3,4.3,md,,,,,us,usp0009e6p,2014-11-07T01:08:27.594Z,"22 km WNW of Emiliano Zapata, Mexico",earthquake,,,,,reviewed,unm,unm
1999-09-08T14:23:30.240Z,45.838,14.668,10,2.9,ml,,,,0.81,us,usp0009e6n,2014-11-07T01:08:27.591Z,"2 km WSW of Videm, Slovenia",earthquake,,,,,reviewed,us,vie
1999-09-08T13:26:35.137Z,60.1261,-153.4375,147.5,2.7,ml,,,,0.65,ak,ak999bjbse55,2020-02-20T19:53:35.747Z,"49 km E of Port Alsworth, Alaska",earthquake,,1.5,,,reviewed,ak,ak
1999-09-08T13:18:19.660Z,38,23.618,10,4,mb,,,,1.32,us,usp0009e6k,2014-11-07T01:08:27.587Z,"1 km SE of Skarmagkás, Greece",earthquake,,,,1,reviewed,us,us
1999-09-08T13:10:39.930Z,40.681,30.98,8.2,3.5,md,,,,,us,usp0009e6j,2014-11-07T01:08:27.586Z,"23 km SW of Düzce, Turkey",earthquake,,,,,reviewed,isk,isk
1999-09-08T12:54:58.060Z,38.037,23.673,10,4.4,mb,,,,1.2,us,usp0009e6g,2014-11-07T01:08:27.571Z,"1 km WSW of Petroúpolis, Greece",earthquake,,,,58,reviewed,us,us
1999-09-08T12:38:48.520Z,-4.849,144.678,116.1,4.2,mb,,,,0.7,us,usp0009e6e,2014-11-07T01:08:27.568Z,"110 km SE of Angoram, Papua New Guinea",earthquake,,24.3,,3,reviewed,us,us
1999-09-08T12:32:48.070Z,44.664,7.174,10,2.8,ml,,,,,us,usp0009e6d,2014-11-07T01:08:27.563Z,"1 km SW of Oncino, Italy",earthquake,,,,,reviewed,gen,ldg
1999-09-08T12:20:46.100Z,40.733,33.145,0.1,3.7,md,,,,,us,usp0009e6c,2014-11-07T01:08:27.562Z,"10 km SSE of Atkaracalar, Turkey",earthquake,,,,,reviewed,isk,isk
1999-09-08T11:59:43.190Z,-5.115,134.201,33,4.4,mb,,,,1.51,us,usp0009e6b,2014-11-07T01:08:27.560Z,"170 km ENE of Tual, Indonesia",earthquake,,,,2,reviewed,us,us
1999-09-08T11:52:20.830Z,58.046,119.779,10,4.6,mb,,,,1.36,us,usp0009e6a,2014-11-07T01:08:27.555Z,"156 km NE of Chara, Russia",earthquake,,,,13,reviewed,us,us
1999-09-08T11:19:45.560Z,49.358,6.225,10,2.8,ml,,,,1.24,us,usp0009e69,2014-11-07T01:08:27.553Z,"1 km NW of Kuntzig, France",earthquake,,,,,reviewed,us,ldg
1999-09-08T11:18:24.160Z,32.05,-114.702,5.972,2.94,ml,0,285.4,0.518,0.218,ci,ci9104232,2016-02-16T18:34:01.163Z,"32km ESE of Estacion Coahuila, B.C., MX",earthquake,,,,46,reviewed,ci,ci
1999-09-08T10:27:23.600Z,44.3,7.2,2,2.5,ml,,,,,us,usp0009e67,2014-11-07T01:08:27.548Z,"2 km ESE of Vinadio, Italy",earthquake,,,,,reviewed,gen,gen
1999-09-08T10:14:25.560Z,40.738,30.959,4.9,3,md,,,,,us,usp0009e66,2014-11-07T01:08:27.547Z,"19 km ESE of Hendek, Turkey",earthquake,,,,,reviewed,isk,isk
1999-09-08T08:33:40.940Z,-19.254,-173.386,33,4.7,mb,,,,1.28,us,usp0009e65,2014-11-07T01:08:27.545Z,"91 km SE of Neiafu, Tonga",earthquake,,,,4,reviewed,us,us
1999-09-08T08:28:04.530Z,-10.742,166.169,200.3,5.1,mwc,,,,0.84,us,usp0009e64,2025-12-19T22:33:32.021Z,"40 km E of Lata, Solomon Islands",earthquake,,15.9,,,reviewed,us,hrv
1999-09-08T08:00:31.970Z,57.427,120.043,10,4.6,mb,,,,1.05,us,usp0009e63,2014-11-07T01:08:27.529Z,"122 km ENE of Chara, Russia",earthquake,,,,11,reviewed,us,us
1999-09-08T07:41:17.160Z,47.563,-120.3338333,6.82,2.6,md,38,48,0.2378,0.24,uw,uw10478303,2016-07-23T19:03:31.970Z,"10 km N of Sunnyslope, Washington",earthquake,0.446,1.14,0.04,9,reviewed,uw,uw
1999-09-08T06:06:40.900Z,17.454,-95.083,134.9,4.1,md,,,,,us,usp0009e5y,2014-11-07T01:08:27.516Z,"6 km WNW of Jesús Carranza, Mexico",earthquake,,,,,reviewed,unm,unm
1999-09-08T05:51:42.480Z,61.2512,-150.6687,37.6,2.5,ml,,,,0.73,ak,ak999bj76ars,2020-02-20T19:53:36.841Z,"25 km ENE of Beluga, Alaska",earthquake,,1.9,,,reviewed,ak,ak
1999-09-08T05:34:14.260Z,49.893,-28.934,10,4.3,mb,,,,1.08,us,usp0009e5x,2014-11-07T01:08:27.506Z,"northern Mid-Atlantic Ridge",earthquake,,,,45,reviewed,us,us
1999-09-08T05:04:29.800Z,17.656,-98.31,49.2,4,md,,,,,us,usp0009e5w,2014-11-07T01:08:27.503Z,"2 km SSE of Ahuehuetitlán, Mexico",earthquake,,,,,reviewed,unm,unm
1999-09-08T03:35:18.900Z,38.029,23.724,10,3.9,mb,,,,1.48,us,usp0009e5v,2014-11-07T01:08:27.497Z,"0 km S of Ágioi Anárgyroi, Greece",earthquake,,,,22,reviewed,us,us
1999-09-08T03:27:41.450Z,49.757,-29.033,10,4.4,mb,,,,1.25,us,usp0009e5u,2014-11-07T01:08:27.488Z,"northern Mid-Atlantic Ridge",earthquake,,,,58,reviewed,us,us
1999-09-08T03:21:32.110Z,38.201,23.799,10,3.9,mb,,,,1.43,us,usp0009e5t,2014-11-07T01:08:27.485Z,"3 km W of Afidnés, Greece",earthquake,,,,7,reviewed,us,us
1999-09-08T03:17:46.360Z,47.754,12.744,10,2.5,ml,,,,0.97,us,usp0009e5s,2014-11-07T01:08:27.482Z,"1 km SSW of Inzell, Germany",earthquake,,,,,reviewed,us,vie
1999-09-08T03:03:12.740Z,43.818,147.444,65.6,4.6,mb,,,,0.81,us,usp0009e5r,2014-11-07T01:08:27.475Z,"58 km E of Shikotan, Russia",earthquake,,9.2,,38,reviewed,us,us
1999-09-08T03:03:10.580Z,57.514,120.32,10,4.6,mb,,,,0.89,us,usp0009e5q,2014-11-07T01:08:27.467Z,"141 km ENE of Chara, Russia",earthquake,,,,26,reviewed,us,us
1999-09-08T02:38:48.540Z,57.432,120.163,10,5.1,mwc,,,,1.17,us,usp0009e5p,2022-04-29T18:17:24.206Z,"128 km ENE of Chara, Russia",earthquake,,,,,reviewed,us,hrv
1999-09-08T02:36:50.900Z,8.324,125.429,10,3.9,mb,,,,1.27,us,usp0009e5n,2014-11-07T01:08:27.442Z,"20 km ENE of Busdi, Philippines",earthquake,,,,1,reviewed,us,us
1999-09-08T02:29:15.540Z,57.451,120.627,10,4.4,mb,,,,1.37,us,usp0009e5k,2014-11-07T01:08:27.435Z,"155 km ENE of Chara, Russia",earthquake,,,,6,reviewed,us,us
1999-09-08T02:14:04.600Z,11.917,43.594,5,3.5,ml,,,,,us,usp0009e5j,2014-11-07T01:08:27.433Z,"33 km E of Obock, Djibouti",earthquake,,,,,reviewed,aro,aro
1999-09-08T01:50:10.700Z,43.255,20.826,10,3,md,,,,0.92,us,usp0009e5h,2014-11-07T01:08:27.426Z,"16 km N of Leposaviq, Kosovo",earthquake,,,,,reviewed,us,pdg
1999-09-08T01:47:47.972Z,63.3502,-150.0709,110.6,2.7,ml,,,,0.75,ak,ak999bj4rpwt,2020-02-20T19:53:37.548Z,"56 km W of Cantwell, Alaska",earthquake,,1.2,,,reviewed,ak,ak
1999-09-08T01:16:31.500Z,43,-0.1,2,2.6,ml,,,,,us,usp0009e5f,2014-11-07T01:08:27.418Z,"0 km SSW of Argelès-Gazost, France",earthquake,,,,,reviewed,ldg,ldg
1999-09-08T00:42:25.720Z,17.69,-98.251,60,4.5,mb,,,,1.11,us,usp0009e5c,2014-11-07T01:08:27.379Z,"3 km NW of Tamazola, Mexico",earthquake,,,,32,reviewed,us,us
1999-09-08T00:29:00.800Z,7.138,123.678,117.9,5.5,mwc,,,,1.2,us,usp0009e5b,2022-04-29T18:17:23.098Z,"44 km SE of Malim, Philippines",earthquake,,16.4,,,reviewed,us,hrv
1999-09-08T00:12:53.530Z,-34.373,-70.505,117.2,3.1,md,,,,,us,usp0009e59,2014-11-07T01:08:27.362Z,"25 km SSE of Machalí, Chile",earthquake,,,,,reviewed,guc,guc
1999-09-08T00:06:46.720Z,-6.662,128.488,240.3,4.4,mb,,,,0.9,us,usp0009e58,2014-11-07T01:08:27.358Z,"263 km NE of Lospalos, Timor Leste",earthquake,,10.9,,6,reviewed,us,us
1999-09-07T23:47:05.980Z,-10.618,124.374,33,5.3,mwc,,,,1.44,us,usp0009e57,2022-04-29T18:17:21.951Z,"84 km S of Soe, Indonesia",earthquake,,,,,reviewed,us,hrv
1999-09-07T20:44:53.600Z,38.045,23.687,10,4.6,mb,,,,1.23,us,usp0009e54,2014-11-07T01:08:27.290Z,"0 km NNE of Petroúpolis, Greece",earthquake,,,,81,reviewed,us,us
1999-09-07T20:42:40.280Z,1.758,97.213,33,4.9,mb,,,,0.73,us,usp0009e53,2014-11-07T01:08:27.285Z,"86 km SW of Singkil, Indonesia",earthquake,,,,7,reviewed,us,us
1999-09-07T20:32:24.060Z,38.023,23.546,10,4.1,mb,,,,1.2,us,usp0009e52,2014-11-07T01:08:27.269Z,"2 km S of Elefsína, Greece",earthquake,,,,43,reviewed,us,us
1999-09-07T19:42:30.320Z,13.23,50.859,10,4.4,mb,,,,1.38,us,usp0009e51,2014-11-07T01:08:27.266Z,"140 km N of Caluula, Somalia",earthquake,,,,2,reviewed,us,us
1999-09-07T18:48:50.990Z,-33.167,-68.198,33,4.1,md,,,,1.1,us,usp0009e50,2014-11-07T01:08:27.261Z,"26 km ESE of San Martín, Argentina",earthquake,,,,,reviewed,us,guc
1999-09-07T17:50:00.120Z,-63.289,-166.566,10,5.5,mwc,,,,1.05,us,usp0009e4z,2022-04-29T18:17:20.853Z,"Pacific-Antarctic Ridge",earthquake,,,,,reviewed,us,hrv
1999-09-07T17:39:08.270Z,-1.438,138.772,33,4.4,mb,,,,0.68,us,usp0009e4y,2014-11-07T01:08:27.239Z,"243 km WNW of Abepura, Indonesia",earthquake,,,,4,reviewed,us,us
1999-09-07T17:30:09.620Z,15.607,119.553,33,4.6,mb,,,,1.03,us,usp0009e4x,2014-11-07T01:08:27.230Z,"37 km WSW of Bolitoc, Philippines",earthquake,,,,15,reviewed,us,us
1999-09-07T17:19:18.950Z,38.012,23.733,10,3.9,mb,,,,1.34,us,usp0009e4w,2014-11-07T01:08:27.223Z,"1 km NNW of Kipséli, Greece",earthquake,,,,19,reviewed,us,us
1999-09-07T16:47:49.770Z,52.905,-35.221,10,4.1,mb,,,,1.44,us,usp0009e4t,2014-11-07T01:08:27.215Z,"Reykjanes Ridge",earthquake,,,,1,reviewed,us,us
1999-09-07T16:42:09.070Z,33.339,-116.209,16.551,3.35,ml,0,26,,0.265,ci,ci9104164,2016-02-16T11:15:49.523Z,"17km SW of Oasis, California",earthquake,,0.541,,177,reviewed,ci,ci
1999-09-07T16:07:16.830Z,-8.468,-74.458,114.3,3.8,mb,,,,0.8,us,usp0009e4q,2014-11-07T01:08:27.205Z,"11 km SE of San Fernando, Peru",earthquake,,25.6,,1,reviewed,us,us
1999-09-07T15:35:30.140Z,37.921,23.886,10,4.2,mb,,,,1.33,us,usp0009e4p,2014-11-07T01:08:27.199Z,"2 km SE of Karellás, Greece",earthquake,,,,9,reviewed,us,us
1999-09-07T14:40:42.010Z,-33.738,-70.426,111.6,3.1,md,,,,,us,usp0009e4n,2014-11-07T01:08:27.195Z,"19 km SE of Puente Alto, Chile",earthquake,,,,,reviewed,guc,guc
1999-09-07T14:32:57.000Z,48.9,-3.7,2,2.7,ml,,,,,us,usp0009e4m,2014-11-07T01:08:27.192Z,"17 km WNW of Trégastel, France",earthquake,,,,,reviewed,ldg,ldg
1999-09-07T13:36:10.940Z,24.258,123.482,68.2,4.4,mb,,,,0.99,us,usp0009e4k,2014-11-07T01:08:27.188Z,"54 km ESE of Yonakuni, Japan",earthquake,,18.4,,1,reviewed,us,us
1999-09-07T13:18:52.240Z,51.088,15.835,5,3.1,m,,,,1.45,us,usp0009e4j,2014-11-07T01:08:27.185Z,"6 km W of Wilków, Poland",earthquake,,,,,reviewed,us,war
1999-09-07T13:15:27.760Z,-18.354,168.87,210.9,4.9,mb,,,,0.84,us,usp0009e4h,2014-11-07T01:08:27.163Z,"90 km SE of Port-Vila, Vanuatu",earthquake,,10.9,,30,reviewed,us,us
1999-09-07T13:05:45.140Z,38.029,23.656,10,4.2,mb,,,,1.39,us,usp0009e4g,2014-11-07T01:08:27.155Z,"2 km NNW of Chaïdári, Greece",earthquake,,,,20,reviewed,us,us
1999-09-07T13:03:14.750Z,36.5868333,-121.1886667,6.73,2.55,md,72,34,0.01171,0.04,nc,nc21050783,2016-12-30T19:29:09.370Z,"21 km NE of Soledad, California",earthquake,0.09,0.23,0.09,80,reviewed,nc,nc
1999-09-07T13:02:16.670Z,-14.166,166.979,135.5,4.2,mb,,,,1.08,us,usp0009e4f,2014-11-07T01:08:27.113Z,"69 km WSW of Sola, Vanuatu",earthquake,,35.7,,2,reviewed,us,us
1999-09-07T12:42:17.480Z,37.4778333,-118.7795,3.177,3.02,ml,33,141,0.04685,0.04,nc,nc21050780,2016-12-30T19:28:57.610Z,"10 km SW of Aspen Springs, California",earthquake,0.33,0.44,,2,reviewed,nc,nc
1999-09-07T12:33:41.951Z,60.9223,-151.3248,60.7,4.2,mb,,,,0.89,ak,ak999bhnp4kz,2020-02-20T19:53:40.964Z,"Kenai Peninsula, Alaska",earthquake,,0.7,,,reviewed,ak,ak
1999-09-07T12:20:23.220Z,37.999,23.71,10,4.2,mb,,,,1.41,us,usp0009e4c,2014-11-07T01:08:27.090Z,"2 km NW of Athens, Greece",earthquake,,,,32,reviewed,us,us
1999-09-07T12:16:11.080Z,37.95,23.869,10,4.3,mb,,,,1.17,us,usp0009e4b,2014-11-07T01:08:27.086Z,"1 km ESE of Paianía, Greece",earthquake,,,,8,reviewed,us,us
1999-09-07T12:15:32.500Z,-5.957,147.072,111.5,4.4,mb,,,,0.87,us,usp0009e4a,2014-11-07T01:08:27.083Z,"85 km N of Lae, Papua New Guinea",earthquake,,9.1,,8,reviewed,us,us
1999-09-07T12:15:04.650Z,38.8638333,-111.9883333,10.39,2.51,ml,16,63,0.1285,0.24,uu,uu50186830,2018-08-28T17:19:40.180Z,"3 km NW of Sigurd, Utah",earthquake,0.6,0.95,,5,reviewed,uu,uu
1999-09-07T12:10:42.370Z,38.119,23.645,10,4,mb,,,,1.22,us,usp0009e49,2014-11-07T01:08:27.079Z,"2 km NW of Fylí, Greece",earthquake,,,,8,reviewed,us,us
1999-09-07T12:09:05.870Z,19.1853333,-155.6958333,-1.493,3.7,md,29,164,,0.14,hv,hv1265622,2020-03-31T20:59:19.410Z,"14 km NNE of Hawaiian Ocean View, Hawaii",earthquake,0.57,0.25,,,reviewed,hv,hv
1999-09-07T12:08:10.800Z,38.096,23.773,10,4.3,mb,,,,1.26,us,usp0009e48,2014-11-07T01:08:27.068Z,"3 km NNW of Lykóvrysi, Greece",earthquake,,,,19,reviewed,us,us
1999-09-07T12:05:12.740Z,38.126,23.762,10,4.4,mb,,,,1.17,us,usp0009e47,2014-11-07T01:08:27.051Z,"0 km SE of Thrakomakedónes, Greece",earthquake,,,,59,reviewed,us,us
1999-09-07T11:56:49.380Z,38.119,23.605,10,6,mwc,,,,1.12,us,usp0009e46,2022-04-29T18:17:19.455Z,"5 km WNW of Fylí, Greece",earthquake,,,,,reviewed,us,hrv
1999-09-07T11:56:43.380Z,37.4798333,-118.7788333,3.237,2.71,md,35,140,0.04595,0.04,nc,nc21050769,2016-12-30T19:28:48.570Z,"10 km SW of Aspen Springs, California",earthquake,0.34,0.46,0.19,48,reviewed,nc,nc
1999-09-07T11:33:53.190Z,44.103,148.518,33,4.8,mb,,,,1.46,us,usp0009e45,2014-11-07T01:08:26.973Z,"134 km SSE of Kuril’sk, Russia",earthquake,,,,5,reviewed,us,us
1999-09-07T11:31:22.150Z,-7.701,146.932,33,5,mb,,,,1.01,us,usp0009e44,2014-11-07T01:08:26.965Z,"46 km SSE of Wau, Papua New Guinea",earthquake,,,,17,reviewed,us,us
1999-09-07T11:15:54.380Z,-10.154,161.198,93.2,5.2,mwc,,,,0.8,us,usp0009e43,2025-12-19T22:33:31.396Z,"85 km WNW of Kirakira, Solomon Islands",earthquake,,,,,reviewed,us,hrv
1999-09-07T10:19:25.570Z,35.823,-121.3861667,6.827,2.8,md,46,195,0.07477,0.07,nc,nc21050760,2016-12-30T19:28:40.320Z,"26 km NW of San Simeon, California",earthquake,0.32,0.33,0.11,62,reviewed,nc,nc
1999-09-07T09:39:07.600Z,-40.02,174.96,12,3.3,ml,,,,,us,usp0009e41,2014-11-07T01:08:26.952Z,"12 km SW of Wanganui, New Zealand",earthquake,,,,,reviewed,wel,wel
1999-09-07T09:18:08.900Z,-41.53,174.14,32,2.5,ml,,,,,us,usp0009e40,2014-11-07T01:08:26.949Z,"15 km E of Blenheim, New Zealand",earthquake,,,,,reviewed,wel,wel
1999-09-07T09:06:14.560Z,41.756,143.885,21,4.1,mb,,,,1.09,us,usp0009e3z,2014-11-07T01:08:26.946Z,"140 km SSE of Obihiro, Japan",earthquake,,,,1,reviewed,us,us
1999-09-07T07:30:07.600Z,-42.18,173.82,25,2.9,ml,,,,,us,usp0009e3y,2014-11-07T01:08:26.944Z,"74 km S of Blenheim, New Zealand",earthquake,,,,,reviewed,wel,wel
1999-09-07T07:12:43.500Z,38.51,-1.24,15.3,2.6,mblg,,,,,us,usp0009e3x,2014-11-07T01:08:26.939Z,"8 km ENE of Jumilla, Spain",earthquake,,,,,reviewed,mdd,mdd
1999-09-07T07:06:23.730Z,44.192,11.64,10,3.6,ml,,,,1.2,us,usp0009e3w,2014-11-07T01:08:26.930Z,"3 km SSE of Casola Valsenio, Italy",earthquake,,,,,reviewed,us,vie
1999-09-07T04:44:53.430Z,44.657,7.174,10.8,2.5,ml,,,,,us,usp0009e3u,2014-11-07T01:08:26.920Z,"2 km SSW of Oncino, Italy",earthquake,,,,,reviewed,gen,ldg
1999-09-07T04:16:09.090Z,-32.235,-69.543,134.2,3.2,md,,,,,us,usp0009e3t,2014-11-07T01:08:26.915Z,"99 km NW of Mendoza, Argentina",earthquake,,,,,reviewed,guc,guc
1999-09-07T03:39:50.332Z,60.0111,-152.7455,103.2,3.4,ml,,,,0.63,ak,ak999bhidj2x,2020-02-20T19:53:43.272Z,"57 km W of Happy Valley, Alaska",earthquake,,0.7,,,reviewed,ak,ak
1999-09-07T01:34:13.470Z,38.8701667,-112.028,1.74,2.61,ml,12,91,0.1063,0.25,uu,uu50186725,2018-08-28T17:19:26.410Z,"6 km WNW of Sigurd, Utah",earthquake,1.04,16.29,,5,reviewed,uu,uu
1999-09-07T01:29:45.980Z,38.8521667,-112.005,10.56,2.89,ml,19,53,0.1307,0.2,uu,uu50186715,2018-08-28T17:19:25.060Z,"3 km WNW of Sigurd, Utah",earthquake,0.45,0.69,,6,reviewed,uu,uu
1999-09-06T22:55:36.430Z,-11.936,166.209,33,4.4,mb,,,,0.67,us,usp0009e3n,2014-11-07T01:08:26.897Z,"141 km SSE of Lata, Solomon Islands",earthquake,,,,6,reviewed,us,us
1999-09-06T22:50:21.260Z,18.647,93.715,33,4.4,mb,,,,0.54,us,usp0009e3m,2014-11-07T01:08:26.895Z,"160 km W of Pyay, Myanmar",earthquake,,,,1,reviewed,us,us
1999-09-06T22:29:02.710Z,39.2195,-120.4761667,-0.488,2.89,md,50,153,0.3063,0.19,nc,nc21050656,2016-12-30T19:27:42.145Z,"11 km SSW of Kingvale, California",earthquake,0.29,1.09,0.08,62,reviewed,nc,nc
1999-09-06T21:55:36.460Z,-7.201,128.895,33,4.2,mb,,,,1.31,us,usp0009e3j,2014-11-07T01:08:26.887Z,"255 km NE of Lospalos, Timor Leste",earthquake,,,,5,reviewed,us,us
1999-09-06T20:34:59.010Z,43.91,-105.404,0,3.5,ml,11,,,1.2,rusms,rusms00001466,2022-06-09T21:14:11.195Z,"19 km NNE of Wright, Wyoming",explosion,,,,,reviewed,us,us
1999-09-06T19:45:03.260Z,-40.038,78.542,10,4.4,mb,,,,0.27,us,usp0009e3g,2014-11-07T01:08:26.880Z,"Mid-Indian Ridge",earthquake,,,,3,reviewed,us,us
1999-09-06T19:43:39.750Z,-39.728,78.306,10,4.2,mb,,,,0.54,us,usp0009e3f,2014-11-07T01:08:26.878Z,"Mid-Indian Ridge",earthquake,,,,3,reviewed,us,us
1999-09-06T18:58:01.940Z,4.657,126.587,90.4,4.3,mb,,,,0.46,us,usp0009e3e,2014-11-07T01:08:26.875Z,"149 km ESE of Sarangani, Philippines",earthquake,,16,,4,reviewed,us,us
1999-09-06T18:50:37.150Z,-19.017,-177.758,432.6,4.2,mb,,,,1.15,us,usp0009e3d,2014-11-07T01:08:26.869Z,"Fiji region",earthquake,,41,,19,reviewed,us,us
1999-09-06T18:19:28.560Z,5.443,127.102,129.6,4.3,mb,,,,1,us,usp0009e3c,2014-11-07T01:08:26.865Z,"144 km SE of Pondaguitan, Philippines",earthquake,,14.8,,3,reviewed,us,us
1999-09-06T18:04:13.300Z,44.09,5.28,2,2.6,ml,,,,,us,usp0009e3b,2014-11-07T01:08:26.863Z,"5 km NE of Villes-sur-Auzon, France",earthquake,,,,,reviewed,str,str
1999-09-06T18:01:09.780Z,57.447,120.588,10,4.4,mb,,,,1.14,us,usp0009e39,2014-11-07T01:08:26.856Z,"152 km ENE of Chara, Russia",earthquake,,,,7,reviewed,us,us
1999-09-06T17:48:06.870Z,57.576,120.479,10,4.7,mb,,,,1.01,us,usp0009e37,2014-11-07T01:08:26.842Z,"153 km ENE of Chara, Russia",earthquake,,,,27,reviewed,us,us
1999-09-06T17:19:47.410Z,-25.643,-68.884,96,4.5,mb,,,,0.83,us,usp0009e36,2014-11-07T01:08:26.840Z,"141 km NE of Diego de Almagro, Chile",earthquake,,15.2,,1,reviewed,us,us
1999-09-06T15:04:52.810Z,52.096,159.152,55.4,5,mb,,,,0.84,us,usp0009e34,2014-11-07T01:08:26.797Z,"105 km SSE of Vilyuchinsk, Russia",earthquake,,,,111,reviewed,us,us
1999-09-06T15:03:22.700Z,28.18,-16.15,15,3,mblg,,,,,us,usp0009e33,2014-11-07T01:08:26.795Z,"29 km ESE of Fasnia, Spain",earthquake,,,,,reviewed,mdd,mdd
1999-09-06T13:16:38.110Z,38.349,142.206,33,4,mb,,,,0.87,us,usp0009e32,2014-11-07T01:08:26.791Z,"79 km E of Ishinomaki, Japan",earthquake,,,,2,reviewed,us,us
1999-09-06T11:51:01.710Z,40.74,31.016,10.4,3.2,md,,,,,us,usp0009e31,2014-11-07T01:08:26.789Z,"16 km SW of Düzce, Turkey",earthquake,,,,,reviewed,isk,isk
1999-09-06T11:50:50.860Z,40.795,31.096,13.5,3.2,md,,,,,us,usp0009e30,2014-11-07T01:08:26.787Z,"7 km SW of Düzce, Turkey",earthquake,,,,,reviewed,isk,isk
1999-09-06T11:17:47.850Z,-20.342,-178.504,589.5,4.3,mb,,,,0.85,us,usp0009e2z,2014-11-07T01:08:26.774Z,"Fiji region",earthquake,,8,,16,reviewed,us,us
1999-09-06T10:54:55.670Z,38.548,133.67,452.1,4.1,mb,,,,0.89,us,usp0009e2y,2014-11-07T01:08:26.764Z,"Sea of Japan",earthquake,,5.8,,25,reviewed,us,us
1999-09-06T10:11:32.850Z,-11.908,166.115,33,4.5,mb,,,,1.04,us,usp0009e2w,2014-11-07T01:08:26.756Z,"135 km SSE of Lata, Solomon Islands",earthquake,,,,8,reviewed,us,us
1999-09-06T09:59:52.740Z,40.621,30.94,10,3.8,md,,,,,us,usp0009e2v,2014-11-07T01:08:26.754Z,"25 km SE of Hendek, Turkey",earthquake,,,,,reviewed,isk,isk
1999-09-06T07:52:50.430Z,-33.599,-70.435,96.5,3.9,md,,,,,us,usp0009e2u,2014-11-07T01:08:26.750Z,"13 km E of Puente Alto, Chile",earthquake,,,,,reviewed,guc,guc
1999-09-06T07:16:08.760Z,40.742,29.694,10.4,2.9,md,,,,,us,usp0009e2t,2014-11-07T01:08:26.748Z,"4 km N of Ula?l?, Turkey",earthquake,,,,,reviewed,isk,isk
1999-09-06T07:15:03.790Z,40.73,30.498,12,2.7,md,,,,,us,usp0009e2s,2014-11-07T01:08:26.745Z,"9 km SE of Adapazar?, Turkey",earthquake,,,,,reviewed,isk,isk
1999-09-06T06:59:59.960Z,40.675,31.114,10,3.9,mb,,,,0.85,us,usp0009e2r,2014-11-07T01:08:26.738Z,"18 km SSW of Düzce, Turkey",earthquake,,,,8,reviewed,us,us
1999-09-06T06:38:42.860Z,40.787,29.778,10.1,3.1,md,,,,,us,usp0009e2q,2014-11-07T01:08:26.736Z,"2 km N of Körfez, Turkey",earthquake,,,,,reviewed,isk,isk
1999-09-06T06:33:22.550Z,40.542,29.985,10,4,mb,,,,1.09,us,usp0009e2p,2014-11-07T01:08:26.729Z,"15 km SSE of Bahçecik, Turkey",earthquake,,,,13,reviewed,us,us
1999-09-06T06:32:05.530Z,9.201,-84.043,48.1,4.7,mb,,,,1,us,usp0009e2n,2014-11-07T01:08:26.708Z,"28 km SSE of Quepos, Costa Rica",earthquake,,4.1,,58,reviewed,us,us
1999-09-06T06:28:49.310Z,49.197,153.87,135.1,4.5,mb,,,,0.89,us,usp0009e2m,2014-11-07T01:08:26.669Z,"230 km SW of Severo-Kuril’sk, Russia",earthquake,,,,35,reviewed,us,us
1999-09-06T06:05:14.205Z,61.0739,-151.0952,66.9,2.6,ml,,,,0.63,ak,ak999bfwf49o,2020-02-20T19:53:47.051Z,"2 km ENE of Tyonek, Alaska",earthquake,,1.4,,,reviewed,ak,ak
1999-09-06T05:46:27.970Z,-24.439,-179.98,493.2,4.5,mb,,,,0.88,us,usp0009e2j,2014-11-07T01:08:26.646Z,"south of the Fiji Islands",earthquake,,,,28,reviewed,us,us
1999-09-06T05:35:47.330Z,-33.16,-68.94,35.3,3.1,md,,,,,us,usp0009e2h,2014-11-07T01:08:26.642Z,"31 km SSW of Mendoza, Argentina",earthquake,,,,,reviewed,guc,guc
1999-09-06T04:19:46.060Z,34.663,101.257,33,4.2,mb,,,,1.04,us,usp0009e2f,2014-11-07T01:08:26.635Z,"205 km WSW of Linxia Chengguanzhen, China",earthquake,,,,3,reviewed,us,us
1999-09-06T03:14:58.270Z,-7.067,154.727,62.4,5.3,mwc,,,,1.08,us,usp0009e2e,2025-12-19T22:18:12.911Z,"117 km SW of Panguna, Papua New Guinea",earthquake,,,,,reviewed,us,hrv
1999-09-06T01:51:15.620Z,-14.048,-14.483,10,5.3,mwc,,,,0.74,us,usp0009e2d,2025-12-19T22:34:12.633Z,"southern Mid-Atlantic Ridge",earthquake,,,,,reviewed,us,hrv
1999-09-06T01:46:40.200Z,36.89,-3.08,0,2.7,mblg,,,,,us,usp0009e2c,2014-11-07T01:08:26.564Z,"2 km ENE of Murtas, Spain",earthquake,,,,,reviewed,mdd,mdd
1999-09-06T01:28:37.410Z,32.001,-114.681,5.975,2.99,ml,0,311.8,0.5618,0.37,ci,ci9104013,2016-02-16T21:02:20.805Z,"37km SE of Estacion Coahuila, B.C., MX",earthquake,,,,60,reviewed,ci,ci
1999-09-06T01:09:50.100Z,-20.521,168.889,33,4.5,mb,,,,1.09,us,usp0009e2b,2014-11-07T01:08:26.557Z,"115 km SSW of Isangel, Vanuatu",earthquake,,,,4,reviewed,us,us
1999-09-06T00:46:21.890Z,6.968,126.829,33,4.5,mb,,,,0.84,us,usp0009e2a,2014-11-07T01:08:26.550Z,"41 km ESE of San Ignacio, Philippines",earthquake,,,,6,reviewed,us,us
1999-09-06T00:27:36.860Z,-21.702,-174.521,33,4.7,mb,,,,0.98,us,usp0009e29,2014-11-07T01:08:26.534Z,"60 km SE of ‘Ohonua, Tonga",earthquake,,,,12,reviewed,us,us
1999-09-05T23:19:46.371Z,59.1997,-151.3359,42.1,2.6,ml,,,,0.51,ak,ak999bej37kd,2020-02-20T19:51:56.010Z,"32 km ESE of Port Graham, Alaska",earthquake,,1.1,,,reviewed,ak,ak
1999-09-05T23:11:53.320Z,52.576,-176.621,229.5,4.5,mb,,,,1.36,us,usp0009e28,2014-11-07T01:08:26.525Z,"78 km N of Adak, Alaska",earthquake,,9.1,,11,reviewed,us,us
1999-09-05T22:08:56.190Z,50.175,-3.957,5,2.9,ml,,,,1.22,us,usp0009e26,2014-11-07T01:08:26.510Z,"15 km WSW of Salcombe, United Kingdom",earthquake,,,,,reviewed,us,ldg
1999-09-05T20:57:48.520Z,-8.952,106.608,33,5.3,mwc,,,,1.1,us,usp0009e25,2025-12-19T22:33:30.611Z,"214 km SSW of Banjar, Indonesia",earthquake,,,,,reviewed,us,hrv
1999-09-05T20:37:39.990Z,5.607,125.79,143.3,4.8,mb,,,,1.02,us,usp0009e24,2014-11-07T01:08:26.482Z,"34 km ESE of Kalbay, Philippines",earthquake,,32.1,,17,reviewed,us,us
1999-09-05T20:30:11.190Z,-32.559,-70.08,109,2.8,md,,,,,us,usp0009e23,2014-11-07T01:08:26.477Z,"57 km ENE of Los Andes, Chile",earthquake,,,,,reviewed,guc,guc
1999-09-05T20:26:00.270Z,52.34,-177.069,33,3.8,mb,,,,1.25,us,usp0009e22,2014-11-07T01:08:26.473Z,"59 km NNW of Adak, Alaska",earthquake,,,,6,reviewed,us,us
1999-09-05T19:52:38.160Z,40.695,30.546,7.8,3.9,mb,,,,,us,usp0009e21,2014-11-07T01:08:26.457Z,"5 km N of Karapürçek, Turkey",earthquake,,,,16,reviewed,isk,us
1999-09-05T19:44:47.214Z,64.0198,-148.1319,104.8,2.6,ml,,,,0.66,ak,ak999beguu41,2020-02-20T19:53:49.826Z,"44 km ENE of Healy, Alaska",earthquake,,0.9,,,reviewed,ak,ak
1999-09-05T18:01:36.500Z,47.1676667,-123.1218333,46.013,2.8,md,55,50,,0.19,uw,uw10477173,2016-07-23T19:03:20.990Z,"5 km SSW of Shelton, Washington",earthquake,0.396,0.76,0.04,15,reviewed,uw,uw
1999-09-05T17:55:33.320Z,-17.248,-70.804,81.1,5.1,mwc,,,,0.99,us,usp0009e1y,2025-12-19T22:33:29.983Z,"13 km ESE of San Antonio, Peru",earthquake,,,,,reviewed,us,hrv
1999-09-05T17:51:53.330Z,10.85,-62.27,79,3.3,md,,,,,us,usp0009e1x,2014-11-07T01:08:26.397Z,"30 km N of Güiria, Venezuela",earthquake,,,,,reviewed,trn,trn
1999-09-05T16:53:08.880Z,27.193,140.357,520.7,4.1,mb,,,,0.95,us,usp0009e1w,2014-11-07T01:08:26.388Z,"Bonin Islands, Japan region",earthquake,,13.5,,8,reviewed,us,us
1999-09-05T16:50:03.480Z,38.5291667,-112.1251667,4.94,2.94,ml,9,219,0.04412,0.32,uu,uu50186515,2018-08-28T17:18:59.640Z,"11 km S of Monroe, Utah",earthquake,6.16,3.48,,5,reviewed,uu,uu
1999-09-05T15:38:59.030Z,38.5931667,-112.1873333,-1.29,2.97,ml,12,120,0.08111,0.26,uu,uu50186435,2018-08-28T17:18:49.110Z,"4 km SE of Joseph, Utah",earthquake,1,0.98,,6,reviewed,uu,uu
1999-09-05T15:28:27.890Z,38.5758333,-112.1855,2.75,3.04,ml,13,85,0.06374,0.15,uu,uu50186420,2018-08-28T17:18:47.160Z,"6 km SSE of Joseph, Utah",earthquake,0.45,1.78,,6,reviewed,uu,uu
1999-09-05T14:11:59.060Z,6.947,126.67,33,4.4,mb,,,,0.92,us,usp0009e1p,2014-11-07T01:08:26.356Z,"26 km ESE of Jovellar, Philippines",earthquake,,,,9,reviewed,us,us
1999-09-05T13:48:02.600Z,30.814,80.877,33,3.8,mb,,,,0.62,us,usp0009e1n,2014-11-07T01:08:26.352Z,"64 km NNW of Burang, China",earthquake,,,,2,reviewed,us,us
1999-09-05T13:37:49.810Z,10.222,-62.016,5,3.6,md,,,,,us,usp0009e1m,2014-11-07T01:08:26.350Z,"36 km W of Point Fortin, Trinidad and Tobago",earthquake,,,,,reviewed,trn,trn
1999-09-05T13:29:23.830Z,47.286,9.378,10,2.7,ml,,,,0.7,us,usp0009e1k,2014-11-07T01:08:26.342Z,"5 km SSE of Gonten, Switzerland",earthquake,,,,,reviewed,us,vie
1999-09-05T12:22:26.400Z,47.015,-114.248,10,3.1,ml,,,,,us,usp0009e1j,2014-11-07T01:08:26.336Z,"1 km W of Frenchtown, Montana",earthquake,,,,,reviewed,but,but
1999-09-05T08:36:08.910Z,-21.828,-174.061,33,4.5,mb,,,,1.31,us,usp0009e1h,2014-11-07T01:08:26.327Z,"107 km ESE of ‘Ohonua, Tonga",earthquake,,,,11,reviewed,us,us
1999-09-05T08:19:54.080Z,-3.951,126.354,33,4.8,mb,,,,0.98,us,usp0009e1g,2014-11-07T01:08:26.321Z,"205 km W of Ambon, Indonesia",earthquake,,,,9,reviewed,us,us
1999-09-05T06:46:58.630Z,11.436,-86.588,77.8,4.3,mb,,,,1.05,us,usp0009e1f,2014-11-07T01:08:26.307Z,"39 km SSW of Masachapa, Nicaragua",earthquake,,11,,21,reviewed,us,us
1999-09-05T06:08:18.130Z,-21.744,-68.315,127.5,4.8,mb,,,,1.22,us,usp0009e1d,2014-11-07T01:08:26.284Z,"100 km NE of Calama, Chile",earthquake,,,,27,reviewed,us,us
1999-09-05T05:59:25.270Z,-18.117,-177.913,500,4.3,mb,,,,0.64,us,usp0009e1c,2014-11-07T01:08:26.276Z,"293 km E of Levuka, Fiji",earthquake,,,,2,reviewed,us,us
1999-09-05T04:18:34.800Z,-8.582,-74.363,135.6,4.4,mb,,,,0.82,us,usp0009e1b,2014-11-07T01:08:26.271Z,"27 km SE of San Fernando, Peru",earthquake,,14.6,,7,reviewed,us,us
1999-09-05T04:06:41.200Z,37.5096667,-118.8218333,0.758,2.6,md,32,119,0.04775,0.04,nc,nc21050302,2016-12-30T19:20:54.730Z,"10 km WSW of Aspen Springs, California",earthquake,0.22,0.76,0.19,44,reviewed,nc,nc
1999-09-05T03:35:36.190Z,-32.918,-178.471,33,5.1,mwc,,,,1.01,us,usp0009e19,2025-12-19T22:33:29.253Z,"south of the Kermadec Islands",earthquake,,,,,reviewed,us,hrv
1999-09-05T02:28:16.980Z,28.159,87.413,33,4.5,mb,,,,0.97,us,usp0009e17,2014-11-07T01:08:26.237Z,"63 km ENE of Lobujya, Nepal",earthquake,,,,20,reviewed,us,us
1999-09-05T01:49:30.290Z,-14.31,167.22,216.2,4.7,mb,,,,1.01,us,usp0009e16,2014-11-07T01:08:26.211Z,"59 km SW of Sola, Vanuatu",earthquake,,15.4,,27,reviewed,us,us
1999-09-05T01:45:56.520Z,26.026,124.79,198.1,4.6,mb,,,,1.13,us,usp0009e15,2014-11-07T01:08:26.204Z,"144 km NNW of Hirara, Japan",earthquake,,8,,6,reviewed,us,us
1999-09-05T01:43:43.130Z,32.081,-114.626,5.972,2.57,mc,0,323.5,0.4756,0.251,ci,ci9103940,2016-02-16T16:06:13.672Z,"38km ESE of Estacion Coahuila, B.C., MX",earthquake,,,,5,reviewed,ci,ci
1999-09-05T01:17:13.790Z,32.044,-114.688,5.972,2.94,ml,0,286.8,0.5211,0.311,ci,ci9103945,2016-02-17T04:21:16.956Z,"34km ESE of Estacion Coahuila, B.C., MX",earthquake,,,,61,reviewed,ci,ci
1999-09-04T20:45:48.980Z,40.297,50.847,33.1,4.6,mb,,,,1.01,us,usp0009e12,2014-11-07T01:08:26.176Z,"47 km E of Zyrya, Azerbaijan",earthquake,,9.3,,34,reviewed,us,us
1999-09-04T18:31:05.870Z,19.2745,-155.476,9.276,2.55,ml,38,57,,0.15,hv,hv1265396,2020-03-31T20:59:18.360Z,"7 km N of P?hala, Hawaii",earthquake,0.36,0.54,0.13,11,reviewed,hv,hv
1999-09-04T18:21:15.425Z,61.7466,-151.9707,116.3,2.9,ml,,,,0.72,ak,ak999bcsl23a,2020-02-20T19:53:55.249Z,"40 km SW of Skwentna, Alaska",earthquake,,1.5,,,reviewed,ak,ak
1999-09-04T17:57:45.590Z,1.421,127.197,99.8,4.5,mb,,,,0.81,us,usp0009e10,2014-11-07T01:08:26.167Z,"72 km NNW of Ternate, Indonesia",earthquake,,12.6,,8,reviewed,us,us
1999-09-04T17:54:43.050Z,-33.037,-70.372,111.5,2.6,md,,,,,us,usp0009e0z,2014-11-07T01:08:26.163Z,"30 km SE of Los Andes, Chile",earthquake,,,,,reviewed,guc,guc
1999-09-04T17:40:56.950Z,16.041,-99.094,10,4.2,mb,,,,1.15,us,usp0009e0y,2014-11-07T01:08:26.153Z,"63 km S of Copala, Mexico",earthquake,,,,8,reviewed,us,us
1999-09-04T17:24:10.604Z,63.2366,-150.3671,126.6,2.6,ml,,,,0.61,ak,ak999bcs099g,2020-02-20T19:53:55.679Z,"73 km WSW of Cantwell, Alaska",earthquake,,1.1,,,reviewed,ak,ak
1999-09-04T17:19:08.460Z,1.216,127.175,33,4.1,mb,,,,1.13,us,usp0009e0w,2014-11-07T01:08:26.146Z,"52 km NNW of Ternate, Indonesia",earthquake,,,,1,reviewed,us,us
1999-09-04T17:15:31.730Z,35.071,77.362,33,4,mb,,,,1.42,us,usp0009e0v,2014-11-07T01:08:26.142Z,"54 km ENE of Thang, India",earthquake,,,,2,reviewed,us,us
1999-09-04T17:10:21.120Z,3.692,128.282,95,4.4,mb,,,,0.73,us,usp0009e0u,2014-11-07T01:08:26.138Z,"219 km N of Tobelo, Indonesia",earthquake,,20,,3,reviewed,us,us
1999-09-04T15:18:35.000Z,49.42,-117.65,5,2.7,md,,,,,us,usp0009e0t,2016-07-23T19:03:16.050Z,"10 km N of Castlegar, Canada",earthquake,,,,,reviewed,pgc,sea
1999-09-04T14:10:55.580Z,-35.304,-105.586,10,4.8,mb,,,,1.16,us,usp0009e0r,2014-11-07T01:08:26.113Z,"southern East Pacific Rise",earthquake,,,,18,reviewed,us,us
1999-09-04T13:43:32.880Z,-0.066,122.215,148.6,4.1,mb,,,,0.37,us,usp0009e0p,2014-11-07T01:08:26.105Z,"115 km SW of Gorontalo, Indonesia",earthquake,,22,,3,reviewed,us,us
1999-09-04T13:21:08.500Z,44.81,-112.765,10.3,3.3,ml,,,,,us,usp0009e0n,2014-11-07T01:08:26.099Z,"23 km NW of Lima, Montana",earthquake,,,,,reviewed,but,but
1999-09-04T12:57:14.410Z,-31.759,-70.1,147.7,3.1,md,,,,,us,usp0009e0m,2014-11-07T01:08:26.094Z,"79 km SW of Calingasta, Argentina",earthquake,,,,,reviewed,guc,guc
1999-09-04T12:54:46.430Z,22.653,121.229,33,4.1,mb,,,,1.34,us,usp0009e0k,2014-11-07T01:08:26.090Z,"82 km ENE of Donggang, Taiwan",earthquake,,,,1,reviewed,us,us
1999-09-04T12:54:20.910Z,-33.602,-71.447,44.4,3.4,md,,,,,us,usp0009e0j,2014-11-07T01:08:26.086Z,"14 km E of San Antonio, Chile",earthquake,,,,,reviewed,guc,guc
1999-09-04T10:30:46.410Z,40.741,30.032,17.3,4,mb,,,,,us,usp0009e0f,2014-11-07T01:08:26.074Z,"2 km E of Köseköy, Turkey",earthquake,,,,2,reviewed,isk,us
1999-09-04T09:08:45.820Z,-5.834,131.041,103.6,4.6,mb,,,,0.59,us,usp0009e0d,2014-11-07T01:08:26.067Z,"190 km W of Tual, Indonesia",earthquake,,21.5,,3,reviewed,us,us
1999-09-04T08:23:11.910Z,-6.325,155.371,131.3,4.4,mb,,,,0.95,us,usp0009e0c,2014-11-07T01:08:26.062Z,"12 km W of Panguna, Papua New Guinea",earthquake,,,,6,reviewed,us,us
1999-09-04T08:15:57.140Z,-31.805,-69.943,138,3,md,,,,,us,usp0009e0b,2014-11-07T01:08:26.057Z,"72 km SW of Calingasta, Argentina",earthquake,,,,,reviewed,guc,guc
1999-09-04T07:11:38.910Z,11.047,-62.244,95,3,md,,,,,us,usp0009e09,2014-11-07T01:08:26.048Z,"52 km N of Güiria, Venezuela",earthquake,,,,,reviewed,trn,trn
1999-09-04T06:49:55.560Z,18.723,-65.834,118.9,3,md,,,,,us,usp0009e08,2014-11-07T01:08:26.045Z,"32 km N of Suárez, Puerto Rico",earthquake,,,,,reviewed,mpr,mpr
1999-09-04T05:46:17.650Z,-40.088,78.287,10,4.5,mb,,,,0.41,us,usp0009e05,2014-11-07T01:08:26.036Z,"Mid-Indian Ridge",earthquake,,,,4,reviewed,us,us
1999-09-04T05:29:56.390Z,36.8483333,-121.5765,6.181,2.57,md,69,35,0.01982,0.09,nc,nc21050125,2016-12-30T19:17:44.850Z,"3 km W of San Juan Bautista, California",earthquake,0.13,0.25,0.1,86,reviewed,nc,nc
1999-09-04T05:02:32.380Z,52.737,-168.248,33,4.6,mb,,,,0.88,us,usp0009e03,2020-02-20T19:51:34.220Z,"47 km ESE of Nikolski, Alaska",earthquake,,,,38,reviewed,us,us
1999-09-04T04:48:54.130Z,32.61,48.574,33,4.3,mb,,,,0.67,us,usp0009e02,2014-11-07T01:08:26.011Z,"30 km NNE of Shahrak-e K?l?r?, Iran",earthquake,,,,11,reviewed,us,us
1999-09-04T03:40:02.910Z,18.056,-66.332,2.9,3.3,ml,,,,,us,usp0009e01,2014-11-07T01:08:26.007Z,"1 km SSW of Palmarejo, Puerto Rico",earthquake,,,,,reviewed,mpr,mpr
1999-09-04T03:18:41.740Z,-30.025,-72.082,55,4,md,,,,,us,usp0009e00,2014-11-07T01:08:26.002Z,"72 km W of Coquimbo, Chile",earthquake,,,,,reviewed,guc,guc
1999-09-04T01:51:06.270Z,45.1775,-120.0771667,0.595,2.9,md,34,148,0.3302,0.4,uw,uw10476618,2016-07-23T19:03:12.950Z,"10 km SE of Condon, Oregon",earthquake,1.206,0.95,0.08,8,reviewed,uw,uw
1999-09-04T01:47:46.520Z,-31.466,-70.673,128,3.1,md,,,,,us,usp0009dzy,2014-11-07T01:08:25.984Z,"44 km NE of Salamanca, Chile",earthquake,,,,,reviewed,guc,guc
1999-09-04T00:07:40.590Z,51.527,-178.473,62.4,4.1,mb,,,,1.04,us,usp0009dzx,2014-11-07T01:08:25.973Z,"132 km WSW of Adak, Alaska",earthquake,,10.8,,10,reviewed,us,us
1999-09-03T21:10:42.830Z,32.63,-116.135,11.848,3.72,ml,0,189.8,,0.279,ci,ci9103860,2016-02-16T06:36:02.846Z,"18km SW of Ocotillo, California",earthquake,,0.268,,179,reviewed,ci,ci
1999-09-03T20:18:21.540Z,43.767,-104.182,0,3.2,mblg,13,,,1.14,rusms,rusms00001465,2022-06-09T21:14:10.845Z,"6 km SSW of Hill View Heights, Wyoming",explosion,,,,,reviewed,us,us
1999-09-03T20:01:17.350Z,17.926,-66.074,1,3.2,ml,,,,,us,usp0009dzu,2014-11-07T01:08:25.958Z,"4 km SSW of Arroyo, Puerto Rico",earthquake,,,,,reviewed,mpr,mpr
1999-09-03T19:49:51.610Z,35.758,-118.024,8.832,2.71,ml,0,61.7,0.05672,0.142,ci,ci9103840,2016-02-17T01:58:09.451Z,"22km SSW of Little Lake, California",earthquake,,0.386,,99,reviewed,ci,ci
1999-09-03T19:49:04.354Z,60.3419,-153.4255,169.6,2.9,ml,,,,0.56,ak,ak999bb5t4eb,2020-02-20T19:53:59.830Z,"51 km ENE of Port Alsworth, Alaska",earthquake,,3,,,reviewed,ak,ak
1999-09-03T19:29:45.170Z,45.8,12.831,10,2.9,ml,,,,0.47,us,usp0009dzs,2014-11-07T01:08:25.950Z,"2 km NNW of Portogruaro, Italy",earthquake,,,,,reviewed,us,vie
1999-09-03T18:48:45.720Z,-21.255,-68.167,142.4,3.6,mb,,,,1.34,us,usp0009dzr,2014-11-07T01:08:25.947Z,"154 km NNE of Calama, Chile",earthquake,,14,,1,reviewed,us,us
1999-09-03T17:46:56.900Z,44.802,-112.747,10.6,3.5,ml,,,,,us,usp0009dzq,2014-11-07T01:08:25.939Z,"22 km NW of Lima, Montana",earthquake,,,,,reviewed,but,but
1999-09-03T15:28:06.490Z,4.963,127.34,33,4.2,mb,,,,0.46,us,usp0009dzn,2014-11-07T01:08:25.933Z,"201 km SE of Pondaguitan, Philippines",earthquake,,,,1,reviewed,us,us
1999-09-03T14:05:33.000Z,37.39,-117.07,0,3,md,,,,,us,usp0009dzm,2016-02-16T23:32:22.165Z,"38 km SSE of Goldfield, Nevada",earthquake,,,,,reviewed,ren,ren
1999-09-03T13:11:40.560Z,-33.667,-70.081,11,3.1,md,,,,,us,usp0009dzk,2014-11-07T01:08:25.924Z,"46 km E of Puente Alto, Chile",earthquake,,,,,reviewed,guc,guc
1999-09-03T12:49:31.730Z,-31.976,-70.046,131.6,3,md,,,,,us,usp0009dzj,2014-11-07T01:08:25.918Z,"89 km ESE of Salamanca, Chile",earthquake,,,,,reviewed,guc,guc
1999-09-03T12:38:39.328Z,53.8012,-164.1881,20,3,ml,,,,0.69,ak,ak999bb1kszg,2020-02-20T19:51:32.307Z,"110 km ESE of Akutan, Alaska",earthquake,,0,,,reviewed,ak,ak
1999-09-03T12:32:08.340Z,-31.943,-70.288,128.4,3.5,md,,,,,us,usp0009dzg,2014-11-07T01:08:25.850Z,"66 km ESE of Salamanca, Chile",earthquake,,,,,reviewed,guc,guc
1999-09-03T11:38:43.240Z,13.039,95.771,33,4.7,mb,,,,0.96,us,usp0009dzf,2014-11-07T01:08:25.822Z,"286 km WSW of Dawei, Myanmar",earthquake,,,,2,reviewed,us,us
1999-09-03T11:04:22.805Z,59.906,-153.4738,132.3,2.6,ml,,,,0.51,ak,ak999bb0s1rc,2020-02-20T19:54:00.525Z,"37 km ENE of Pedro Bay, Alaska",earthquake,,1.6,,,reviewed,ak,ak
1999-09-03T10:55:24.810Z,-32.54,-71.682,34.8,3.7,md,,,,,us,usp0009dze,2014-11-07T01:08:25.802Z,"43 km WSW of La Ligua, Chile",earthquake,,,,,reviewed,guc,guc
1999-09-03T09:59:53.120Z,-32.511,-71.596,43.6,3.6,md,,,,,us,usp0009dzd,2014-11-07T01:08:25.798Z,"34 km W of La Ligua, Chile",earthquake,,,,,reviewed,guc,guc
1999-09-03T09:09:25.310Z,36.8468333,-121.5761667,6.281,2.94,md,73,33,0.01982,0.09,nc,nc21049884,2016-12-30T19:12:21.900Z,"3 km W of San Juan Bautista, California",earthquake,0.14,0.26,0.08,105,reviewed,nc,nc
1999-09-03T08:55:00.180Z,-35.681,-71.728,69.9,3.2,md,,,,,us,usp0009dzb,2014-11-07T01:08:25.791Z,"9 km S of San Javier, Chile",earthquake,,,,,reviewed,guc,guc
1999-09-03T07:28:10.520Z,37.4905,-118.4076667,9.048,3.07,md,32,115,0.06306,0.07,nc,nc21049868,2016-12-30T19:11:44.440Z,"11 km N of Dixon Lane-Meadow Creek, California",earthquake,0.32,0.78,0.12,51,reviewed,nc,nc
1999-09-03T07:16:18.700Z,47.5045,-123.128,-0.502,2.9,md,42,80,,0.3,uw,uw10476278,2016-07-23T19:03:07.770Z,"Olympic Peninsula, Washington",earthquake,0.086,0.13,0.05,11,reviewed,uw,uw
1999-09-03T07:06:16.840Z,36.366,71.069,201.1,4.2,mb,,,,0.71,us,usp0009dz8,2014-11-07T01:08:25.763Z,"54 km SW of Ashk?sham, Afghanistan",earthquake,,7.9,,23,reviewed,us,us
1999-09-03T06:59:52.980Z,45.095,7.507,25.7,2.8,ml,,,,,us,usp0009dz7,2014-11-07T01:08:25.750Z,"1 km W of Alpignano, Italy",earthquake,,,,,reviewed,gen,gen
1999-09-03T06:43:52.070Z,35.553,1.122,10,3.2,mblg,,,,0.79,us,usp0009dz6,2014-11-07T01:08:25.735Z,"26 km NW of Tiaret, Algeria",earthquake,,,,,reviewed,us,mdd
1999-09-03T06:42:48.180Z,-31.441,-71.813,12.8,4.1,md,,,,,us,usp0009dz5,2014-11-07T01:08:25.730Z,"64 km WNW of Illapel, Chile",earthquake,,,,,reviewed,guc,guc
1999-09-03T06:40:04.800Z,15.953,-98.33,1.2,3.9,md,,,,,us,usp0009dz4,2014-11-07T01:08:25.725Z,"34 km SSW of Corralero, Mexico",earthquake,,,,,reviewed,unm,unm
1999-09-03T06:35:15.960Z,35.747,-118.481,2.885,2.96,ml,0,107.3,0.06286,0.167,ci,ci9103780,2016-02-16T23:32:19.724Z,"5km NNW of Wofford Heights, California",earthquake,,0.13,,126,reviewed,ci,ci
1999-09-03T06:08:11.790Z,19.5805,-156.388,12.149,2.81,ml,25,303,,0.16,hv,hv1265291,2020-03-31T20:59:17.570Z,"41 km W of Kailua-Kona, Hawaii",earthquake,7.63,18.44,0.1,3,reviewed,hv,hv
1999-09-03T05:29:33.600Z,38.46,23.36,31,4.1,mb,,,,,us,usp0009dz2,2014-11-07T01:08:25.677Z,"7 km WSW of Loukísia, Greece",earthquake,,,,22,reviewed,ath,us
1999-09-03T05:14:22.400Z,18.391,-68.676,202.9,3.5,md,,,,,us,usp0009dz1,2014-11-07T01:08:25.673Z,"4 km S of San Rafael del Yuma, Dominican Republic",earthquake,,,,,reviewed,mpr,mpr
1999-09-03T05:06:35.670Z,45.826,143.261,330,3.9,mb,,,,0.94,us,usp0009dz0,2014-11-07T01:08:25.666Z,"97 km SSE of Korsakov, Russia",earthquake,,7.6,,7,reviewed,us,us
1999-09-03T04:28:15.370Z,-32.027,-71.5,29.9,4,md,,,,,us,usp0009dyz,2014-11-07T01:08:25.659Z,"53 km NNW of La Ligua, Chile",earthquake,,,,,reviewed,guc,guc
1999-09-03T04:20:05.830Z,-16.872,-173.482,33,4.4,mb,,,,1.22,us,usp0009dyy,2014-11-07T01:08:25.643Z,"106 km SSE of Hihifo, Tonga",earthquake,,,,12,reviewed,us,us
1999-09-03T04:08:19.470Z,32.592,137.919,360.6,4.2,mb,,,,0.73,us,usp0009dyx,2014-11-07T01:08:25.640Z,"220 km SE of Shing?, Japan",earthquake,,14.8,,1,reviewed,us,us
1999-09-03T03:04:26.705Z,59.5971,-153.0995,104.2,2.8,ml,,,,0.43,ak,ak999baw0l7y,2020-02-20T19:54:01.231Z,"60 km ESE of Pedro Bay, Alaska",earthquake,,1.7,,,reviewed,ak,ak
1999-09-03T02:58:29.800Z,-39.87,177.12,31,4.1,ml,,,,,us,usp0009dyv,2014-11-07T01:08:25.633Z,"off the east coast of the North Island of New Zealand",earthquake,,,,,reviewed,wel,wel
1999-09-03T02:03:05.110Z,-11.347,33.458,10,4.1,mb,,,,1.24,us,usp0009dyt,2014-11-07T01:08:25.607Z,"36 km ESE of Chama, Zambia",earthquake,,,,3,reviewed,us,us
1999-09-03T01:45:02.620Z,-33.427,-71.883,15.3,3.3,md,,,,,us,usp0009dys,2014-11-07T01:08:25.602Z,"29 km WNW of Cartagena, Chile",earthquake,,,,,reviewed,guc,guc
1999-09-03T01:35:03.350Z,-31.429,-71.341,28.6,3.8,md,,,,,us,usp0009dyr,2014-11-07T01:08:25.597Z,"27 km NW of Illapel, Chile",earthquake,,,,,reviewed,guc,guc
1999-09-03T01:11:50.300Z,-31.598,-71.813,28.3,3.8,md,,,,,us,usp0009dyq,2014-11-07T01:08:25.593Z,"61 km W of Illapel, Chile",earthquake,,,,,reviewed,guc,guc
1999-09-03T01:01:46.650Z,-31.691,-71.897,13.5,4.6,md,,,,,us,usp0009dyp,2014-11-07T01:08:25.586Z,"69 km W of Illapel, Chile",earthquake,,,,,reviewed,guc,guc
1999-09-03T00:31:21.840Z,-31.467,-71.653,51,4.7,mb,,,,0.97,us,usp0009dym,2014-11-07T01:08:25.557Z,"49 km WNW of Illapel, Chile",earthquake,,4.9,,20,reviewed,us,us
1999-09-02T23:13:17.900Z,-31.958,-70.305,111.4,3.4,md,,,,,us,usp0009dyj,2014-11-07T01:08:25.541Z,"65 km ESE of Salamanca, Chile",earthquake,,,,,reviewed,guc,guc
1999-09-02T22:30:49.710Z,-31.535,-69.876,149.4,3.5,md,,,,0.62,us,usp0009dyh,2014-11-07T01:08:25.533Z,"48 km WSW of Calingasta, Argentina",earthquake,,28,,,reviewed,us,guc
1999-09-02T22:22:51.470Z,-34.197,-70.421,111,2.8,md,,,,,us,usp0009dyg,2014-11-07T01:08:25.527Z,"21 km E of Machalí, Chile",earthquake,,,,,reviewed,guc,guc
1999-09-02T22:04:08.780Z,41.104,142.386,67,4.6,mb,,,,0.87,us,usp0009dye,2014-11-07T01:08:25.506Z,"Hokkaido, Japan region",earthquake,,8.8,,27,reviewed,us,us
1999-09-02T21:38:46.420Z,17.958,-67.224,1,3.1,ml,,,,,us,usp0009dyd,2014-11-07T01:08:25.503Z,"4 km WSW of Pole Ojea, Puerto Rico",earthquake,,,,,reviewed,mpr,mpr
1999-09-02T21:12:46.080Z,-30.848,-71.604,21.4,3.8,md,,,,,us,usp0009dyc,2014-11-07T01:08:25.497Z,"47 km SW of Ovalle, Chile",earthquake,,,,,reviewed,guc,guc
1999-09-02T21:05:16.781Z,59.3996,-138.7737,1,2.7,ml,,,,1.34,ak,ak999b9j78ke,2020-02-20T19:54:02.360Z,"56 km ESE of Yakutat, Alaska",earthquake,,0,,,reviewed,ak,ak
1999-09-02T21:02:43.840Z,32.441,-115.522,5.984,2.54,ml,0,217.7,0.2701,0.294,ci,ci9103735,2016-02-16T06:35:51.674Z,"16km SSE of Progreso, B.C., MX",earthquake,,,,40,reviewed,ci,ci
1999-09-02T20:54:12.210Z,32.479,-115.506,5.984,2.84,ml,0,197.4,0.2519,0.349,ci,ci9103733,2016-02-16T11:15:34.510Z,"13km SSE of Progreso, B.C., MX",earthquake,,,,64,reviewed,ci,ci
1999-09-02T20:51:54.160Z,36.8481667,-121.5746667,6.281,2.68,md,64,34,0.01892,0.09,nc,nc21049750,2016-12-30T19:09:11.730Z,"3 km W of San Juan Bautista, California",earthquake,0.15,0.24,0.12,87,reviewed,nc,nc
1999-09-02T20:38:38.230Z,-15.377,-173.423,33,4.5,mb,,,,0.84,us,usp0009dyb,2014-11-07T01:08:25.487Z,"75 km NNE of Hihifo, Tonga",earthquake,,,,9,reviewed,us,us
1999-09-02T20:26:15.320Z,-3.068,130.184,33,4.1,mb,,,,0.96,us,usp0009dya,2014-11-07T01:08:25.480Z,"143 km ENE of Amahai, Indonesia",earthquake,,,,3,reviewed,us,us
1999-09-02T18:20:02.613Z,59.7593,-153.3609,134.7,3.1,ml,,,,0.7,ak,ak999b9hi4ed,2020-02-20T19:54:03.036Z,"41 km E of Pedro Bay, Alaska",earthquake,,1.3,,,reviewed,ak,ak
1999-09-02T17:34:45.450Z,-19.571,-69.13,141.1,4.1,mb,,,,1.58,us,usp0009dy7,2014-11-07T01:08:25.465Z,"128 km NE of Iquique, Chile",earthquake,,13.4,,3,reviewed,us,us
1999-09-02T17:10:09.960Z,38.8321667,-122.7766667,-0.756,2.57,md,43,39,0.02793,0.16,nc,nc21049683,2016-12-30T19:08:40.440Z,"4 km WNW of Cobb, California",earthquake,0.16,0.5,0.16,38,reviewed,nc,nc
1999-09-02T17:03:38.190Z,-17.667,-178.615,565.9,4.5,mb,,,,1,us,usp0009dy6,2014-11-07T01:08:25.438Z,"223 km ENE of Levuka, Fiji",earthquake,,19.4,,22,reviewed,us,us
1999-09-02T16:17:29.700Z,41.721,-89.433,5,3.5,mblg,,,,0.69,us,usp0009dy5,2014-11-07T01:08:25.434Z,"8 km W of Amboy, Illinois",earthquake,,,,,reviewed,us,us
1999-09-02T15:28:46.000Z,37.41,-117.08,9.4,2.9,md,,,,,us,usp0009dy3,2016-02-17T06:44:38.104Z,"35 km SSE of Goldfield, Nevada",earthquake,,,,,reviewed,ren,ren
1999-09-02T15:21:36.490Z,-30.688,-71.389,65.9,4.5,mb,,,,0.98,us,usp0009dy2,2014-11-07T01:08:25.406Z,"20 km WSW of Ovalle, Chile",earthquake,,8.6,,6,reviewed,us,us
1999-09-02T14:25:19.870Z,40.563,30.532,10,4,mb,,,,1.14,us,usp0009dy1,2014-11-07T01:08:25.276Z,"8 km S of Karapürçek, Turkey",earthquake,,,,9,reviewed,us,us
1999-09-02T13:10:13.800Z,39.17,-0.66,15.2,2.7,mblg,,,,,us,usp0009dxz,2014-11-07T01:08:25.149Z,"7 km WNW of Tous, Spain",earthquake,,,,,reviewed,mdd,mdd
1999-09-02T11:18:13.280Z,40.808,30.688,9.6,3.4,md,,,,,us,usp0009dxy,2014-11-07T01:08:25.068Z,"5 km W of Hendek, Turkey",earthquake,,,,,reviewed,isk,isk
1999-09-02T09:45:26.490Z,-33.605,-70.632,79.3,2.5,md,,,,,us,usp0009dxx,2014-11-07T01:08:24.963Z,"2 km S of La Pintana, Chile",earthquake,,,,,reviewed,guc,guc
1999-09-02T09:12:13.154Z,61.4643,-146.6554,7.5,2.7,ml,,,,0.58,ak,ak999b9c3j1f,2020-02-20T19:54:04.770Z,"40 km NNW of Valdez, Alaska",earthquake,,0.9,,,reviewed,ak,ak
1999-09-02T08:14:19.130Z,-32.028,-71.662,25.6,3.6,md,,,,,us,usp0009dxu,2014-11-07T01:08:24.813Z,"62 km NW of La Ligua, Chile",earthquake,,,,,reviewed,guc,guc
1999-09-02T08:00:35.815Z,58.221,-151.4067,10.8,2.6,ml,,,,0.59,ak,ak999b9bfkl9,2020-02-20T19:54:05.183Z,"72 km ENE of Ouzinkie, Alaska",earthquake,,2.5,,,reviewed,ak,ak
1999-09-02T07:38:50.910Z,15.061,-92.888,81.5,4.1,mb,,,,1.33,us,usp0009dxt,2014-11-07T01:08:24.769Z,"23 km WSW of El Arenal, Mexico",earthquake,,8,,8,reviewed,us,us
1999-09-02T07:09:40.800Z,-6.381,145.649,130.7,5.2,mwc,,,,0.91,us,usp0009dxs,2025-12-19T22:33:28.595Z,"New Guinea, Papua New Guinea",earthquake,,3.6,,,reviewed,us,hrv
1999-09-02T06:21:06.290Z,-33.56,-70.037,8.2,3.3,md,,,,,us,usp0009dxr,2014-11-07T01:08:24.731Z,"Region Metropolitana, Chile",earthquake,,,,,reviewed,guc,guc
1999-09-02T05:55:11.670Z,32.038,-114.671,5.975,2.9,ml,0,323.5,0.524,0.28,ci,ci9103657,2016-02-16T23:32:18.055Z,"36km ESE of Estacion Coahuila, B.C., MX",earthquake,,,,46,reviewed,ci,ci
1999-09-02T04:48:16.570Z,32.123,-114.641,5.954,2.79,ml,0,320.5,0.436,0.23,ci,ci9103641,2016-02-15T23:31:16.227Z,"35km ESE of Estacion Coahuila, B.C., MX",earthquake,,,,17,reviewed,ci,ci
1999-09-02T03:34:23.300Z,32.053,-114.679,5.972,2.5,mh,0,287,0.5107,0.358,ci,ci9103635,2016-02-17T04:21:09.065Z,"34km ESE of Estacion Coahuila, B.C., MX",earthquake,,,,0,reviewed,ci,ci
1999-09-02T02:37:18.380Z,-33.353,-70.051,114.4,4.7,mb,,,,0.79,us,usp0009dxn,2014-11-07T01:08:24.685Z,"50 km ENE of Villa Presidente Frei, Ñuñoa, Santiago, Chile, Chile",earthquake,,2.5,,10,reviewed,us,us
1999-09-02T02:33:35.120Z,50.587,-177.65,33,5.4,mwc,,,,0.88,us,usp0009dxm,2025-12-19T22:33:27.900Z,"159 km SSW of Adak, Alaska",earthquake,,,,,reviewed,us,hrv
1999-09-02T01:51:25.770Z,-32.028,-71.268,70.4,3.1,md,,,,,us,usp0009dxk,2014-11-07T01:08:24.507Z,"39 km SW of Salamanca, Chile",earthquake,,,,,reviewed,guc,guc
1999-09-02T01:22:49.150Z,53.973,161.008,33,4.8,mb,,,,0.88,us,usp0009dxj,2014-11-07T01:08:24.433Z,"174 km ESE of Mil’kovo, Russia",earthquake,,,,42,reviewed,us,us
1999-09-01T23:18:10.010Z,51.644,16.204,5,4.1,ml,,,,0.49,us,usp0009dxf,2014-11-07T01:08:24.397Z,"5 km NNE of Gr?bocice, Poland",earthquake,,,,,reviewed,us,grf
1999-09-01T23:15:43.940Z,51.646,16.167,5,3.9,ml,,,,1.07,us,usp0009dxe,2014-11-07T01:08:24.377Z,"5 km N of Gr?bocice, Poland",earthquake,,,,,reviewed,us,grf
1999-09-01T22:36:06.510Z,-34.803,-70.772,113.4,2.8,md,,,,,us,usp0009dxc,2014-11-07T01:08:24.360Z,"26 km ESE of Chimbarongo, Chile",earthquake,,,,,reviewed,guc,guc
1999-09-01T21:48:30.855Z,53.7163,-165.5074,56.7,2.5,ml,,,,0.41,ak,ak999b7vx4y5,2020-02-20T19:54:07.436Z,"49 km SSE of Akutan, Alaska",earthquake,,1.9,,,reviewed,ak,ak
1999-09-01T21:47:58.800Z,-5.229,145.747,88.9,4.3,mb,,,,1.31,us,usp0009dxb,2014-11-07T01:08:24.351Z,"4 km W of Madang, Papua New Guinea",earthquake,,12,,7,reviewed,us,us
1999-09-01T21:43:32.220Z,11.527,-61.351,10,3,md,,,,,us,usp0009dxa,2014-11-07T01:08:24.346Z,"Windward Islands",earthquake,,,,,reviewed,trn,trn
1999-09-01T20:24:16.930Z,-34.463,-71.737,34,3.7,md,,,,,us,usp0009dx9,2014-11-07T01:08:24.336Z,"39 km WNW of Santa Cruz, Chile",earthquake,,,,,reviewed,guc,guc
1999-09-01T19:54:05.260Z,-5.033,153.639,33,5.1,mwc,,,,0.94,us,usp0009dx8,2025-12-19T22:33:27.219Z,"170 km ESE of Kokopo, Papua New Guinea",earthquake,,,,,reviewed,us,hrv
1999-09-01T19:44:36.360Z,-34.436,-73.868,4.5,3.6,md,,,,,us,usp0009dx7,2014-11-07T01:08:24.086Z,"166 km NW of Constitución, Chile",earthquake,,,,,reviewed,guc,guc
1999-09-01T19:02:57.150Z,5.933,126.217,33,5.3,mwc,,,,0.93,us,usp0009dx6,2022-04-29T18:17:14.090Z,"47 km S of Pondaguitan, Philippines",earthquake,,,,,reviewed,us,hrv
1999-09-01T18:42:37.470Z,11.012,-62.205,58,2.7,md,,,,,us,usp0009dx5,2014-11-07T01:08:23.919Z,"49 km NNE of Güiria, Venezuela",earthquake,,,,,reviewed,trn,trn
1999-09-01T18:06:05.240Z,10.865,-62.191,93,3.2,md,,,,,us,usp0009dx4,2014-11-07T01:08:23.812Z,"33 km NNE of Güiria, Venezuela",earthquake,,,,,reviewed,trn,trn
1999-09-01T15:54:49.000Z,46.2,7.2,2,2.6,ml,,,,,us,usp0009dx3,2014-11-07T01:08:23.715Z,"1 km NNW of Leytron, Switzerland",earthquake,,,,,reviewed,ldg,str
1999-09-01T14:49:31.190Z,18.705,-67.336,8,3.4,ml,,,,,us,usp0009dx1,2014-11-07T01:08:23.677Z,"34 km NW of San Antonio, Puerto Rico",earthquake,,,,,reviewed,mpr,mpr
1999-09-01T12:43:22.570Z,41.14,20.179,10,2.6,md,,,,0.83,us,usp0009dx0,2014-11-07T01:08:23.664Z,"8 km ENE of Elbasan, Albania",earthquake,,,,,reviewed,us,pdg
1999-09-01T12:14:12.849Z,61.7897,-149.0084,4,3,ml,,,,0.9,ak,ak999b7qcwro,2020-02-20T19:54:09.526Z,"9 km NNE of Buffalo Soapstone, Alaska",earthquake,,0.6,,,reviewed,ak,ak
1999-09-01T11:47:23.800Z,47.471,-115.783,2,3,ml,,,,,us,usp0009dwy,2014-11-07T01:08:23.626Z,"1 km E of Mullan, Idaho",earthquake,,,,,reviewed,but,but
1999-09-01T11:10:22.070Z,-35.163,-71.264,107.7,2.9,md,,,,,us,usp0009dwx,2014-11-07T01:08:23.615Z,"5 km SSE of Molina, Chile",earthquake,,,,,reviewed,guc,guc
1999-09-01T10:53:12.022Z,60.279,-152.4663,91.2,2.5,ml,,,,0.5,ak,ak999b7peef6,2020-02-20T19:54:09.919Z,"51 km WNW of Ninilchik, Alaska",earthquake,,1,,,reviewed,ak,ak
1999-09-01T09:51:51.260Z,-34.929,-72.608,19.1,3.6,md,,,,,us,usp0009dwt,2014-11-07T01:08:23.577Z,"48 km NNW of Constitución, Chile",earthquake,,,,,reviewed,guc,guc
1999-09-01T09:24:49.400Z,37.51,-1.86,6.1,2.5,mblg,,,,,us,usp0009dws,2014-11-07T01:08:23.566Z,"7 km SW of Puerto Lumbreras, Spain",earthquake,,,,,reviewed,mdd,mdd
1999-09-01T07:23:54.020Z,31.975,-114.664,5.975,2.53,mc,0,326.5,0.5848,0.223,ci,ci9103550,2016-02-16T16:05:59.960Z,"40km SE of Estacion Coahuila, B.C., MX",earthquake,,,,6,reviewed,ci,ci
1999-09-01T06:42:41.630Z,4.676,-32.613,10,5.1,mwc,,,,0.85,us,usp0009dwq,2025-12-19T22:34:21.337Z,"central Mid-Atlantic Ridge",earthquake,,,,,reviewed,us,hrv
1999-09-01T05:45:17.700Z,36.03,-2.69,0,2.5,mblg,,,,,us,usp0009dwp,2014-11-07T01:08:23.421Z,"81 km S of Roquetas de Mar, Spain",earthquake,,,,,reviewed,mdd,mdd
1999-09-01T05:00:50.340Z,53.22,-4.009,10,3.3,ml,,,,1.12,us,usp0009dwn,2014-11-07T01:08:23.393Z,"4 km SSW of Llanfairfechan, United Kingdom",earthquake,,,,,reviewed,us,ldg
1999-09-01T04:36:57.720Z,-8.281,120.619,33,4.6,mb,,,,0.93,us,usp0009dwm,2014-11-07T01:08:23.370Z,"40 km NNE of Ruteng, Indonesia",earthquake,,,,7,reviewed,us,us
1999-09-01T04:07:53.740Z,-10.163,34.179,10,4.5,mb,,,,1.32,us,usp0009dwk,2014-11-07T01:08:23.346Z,"37 km SE of Karonga, Malawi",earthquake,,,,15,reviewed,us,us
1999-09-01T04:03:04.760Z,44.034,-128.148,10,4.2,mb,,,,0.74,us,usp0009dwj,2014-11-07T01:08:23.316Z,"off the coast of Oregon",earthquake,,,,5,reviewed,us,us
1999-09-01T03:23:27.100Z,40.566,29.164,10,3.9,mb,,,,1.31,us,usp0009dwh,2014-11-07T01:08:23.306Z,"7 km SW of Kad?köy, Turkey",earthquake,,,,1,reviewed,us,us
1999-09-01T03:18:07.963Z,62.347,-149.3109,46.5,3,ml,,,,0.57,ak,ak999b7l0ut8,2020-02-20T19:54:10.680Z,"34 km NE of Susitna North, Alaska",earthquake,,0.7,,,reviewed,ak,ak
1999-09-01T02:56:21.170Z,-24.382,-67.118,173.6,4.6,mb,,,,1.46,us,usp0009dwf,2014-11-07T01:08:23.276Z,"83 km WSW of San Antonio de los Cobres, Argentina",earthquake,,8.6,,10,reviewed,us,us
1999-09-01T02:54:22.270Z,2.599,-79.802,33,4.8,mb,,,,0.87,us,usp0009dwe,2014-11-07T01:08:23.206Z,"141 km WNW of Salahonda, Colombia",earthquake,,,,45,reviewed,us,us
1999-09-01T02:31:07.090Z,12.612,-60.172,47,3.9,md,,,,,us,usp0009dwd,2014-11-07T01:08:23.197Z,"81 km SW of Bridgetown, Barbados",earthquake,,,,,reviewed,trn,trn
1999-09-01T02:14:40.600Z,37.528,21.224,33,4.1,mb,,,,1.48,us,usp0009dwc,2014-11-07T01:08:23.061Z,"25 km SW of Pýrgos, Greece",earthquake,,,,21,reviewed,us,us
1999-09-01T01:46:27.131Z,58.2612,-153.772,57.9,2.9,ml,,,,0.57,ak,ak999b7k014p,2020-02-20T19:54:11.086Z,"55 km WNW of Aleneva, Alaska",earthquake,,1.9,,,reviewed,ak,ak
1999-09-01T01:13:47.170Z,18.014,-67.162,12.3,3.1,ml,,,,,us,usp0009dwb,2014-11-07T01:08:23.025Z,"1 km SSE of Boquerón, Puerto Rico",earthquake,,,,,reviewed,mpr,mpr
1999-09-01T00:59:39.400Z,43.1,-0.5,6,2.5,ml,,,,,us,usp0009dwa,2014-11-07T01:08:22.997Z,"5 km S of Ogeu-les-Bains, France",earthquake,,,,,reviewed,ldg,ldg
1999-09-01T00:56:38.710Z,-32.765,-71.697,14.6,3.1,md,,,,,us,usp0009dw9,2014-11-07T01:08:22.976Z,"30 km NNW of Valparaíso, Chile",earthquake,,,,,reviewed,guc,guc
1999-09-01T00:25:38.968Z,59.761,-152.1738,81,2.9,ml,,,,0.68,ak,ak999b7ja4eg,2020-02-20T19:54:11.424Z,"19 km W of Anchor Point, Alaska",earthquake,,0.5,,,reviewed,ak,ak
