time,latitude,longitude,depth,mag,magType,nst,gap,dmin,rms,net,id,updated,place,type,horizontalError,depthError,magError,magNst,status,locationSource,magSource
2001-05-30T23:59:18.470Z,36.137,139.68,56.9,4.7,mb,124,,,0.79,us,usp000aftk,2014-11-07T01:12:52.351Z,"1 km WNW of Kurihashi, Japan",earthquake,,,,72,reviewed,us,us
2001-05-30T22:43:52.820Z,45.776,6.583,2.1,4.1,mb,101,,,,us,usp000aftj,2014-11-07T01:12:52.338Z,"6 km N of Beaufort, France",earthquake,,,,1,reviewed,gen,us
2001-05-30T21:35:12.700Z,19.387,-68.08,25,3.1,md,5,,,,us,usp000afth,2014-11-07T01:12:52.336Z,"95 km NNE of Punta Cana, Dominican Republic",earthquake,,,,,reviewed,rspr,rspr
2001-05-30T21:18:20.660Z,35.8856667,-118.0045,1.811,2.62,ml,35,49,0.05689,0.17,ci,ci11598268,2016-04-02T04:57:39.651Z,"10km WSW of Little Lake, CA",earthquake,0.36,0.55,0.335,21,reviewed,ci,ci
2001-05-30T20:23:51.900Z,-29.23,-70.632,129.7,3.8,md,14,,,,us,usp000aftg,2014-11-07T01:12:52.334Z,"73 km S of Vallenar, Chile",earthquake,,,,,reviewed,guc,guc
2001-05-30T20:20:27.770Z,33.105,-109.378,0,2.5,ml,5,,,0.09,rusms,rusms00002518,2022-06-09T21:12:10.713Z,"3 km NNW of Morenci, Arizona",explosion,,,,,reviewed,us,us
2001-05-30T20:09:53.600Z,36.018,140.137,93.6,4.3,mb,36,,,0.82,us,usp000aftf,2014-11-07T01:12:52.330Z,"4 km SW of Naka, Japan",earthquake,,8.4,,10,reviewed,us,us
2001-05-30T19:38:08.410Z,-56.157,-26.56,33,4.5,mb,6,,,0.85,us,usp000afte,2014-11-07T01:12:52.329Z,"South Sandwich Islands region",earthquake,,,,3,reviewed,us,us
2001-05-30T19:30:32.485Z,60.4423,-147.7504,4.4,2.6,ml,,,,0.76,ak,ak0016we3sk0,2020-02-20T20:47:46.419Z,"44 km NNE of Chenega, Alaska",earthquake,,0.9,,,reviewed,ak,ak
2001-05-30T18:04:38.400Z,-32.973,-70.78,71.7,4,md,12,,,,us,usp000aftb,2014-11-07T01:12:52.324Z,"22 km SE of Llaillay, Chile",earthquake,,,,,reviewed,guc,guc
2001-05-30T17:37:36.610Z,44.136,7.122,9.9,2.8,ml,35,,,,us,usp000aft9,2014-11-07T01:12:52.318Z,"13 km NW of Saint-Martin-Vésubie, France",earthquake,,,,,reviewed,gen,gen
2001-05-30T16:30:56.960Z,36.681,-2.846,0,2.5,mblg,12,,,,us,usp000aft8,2014-11-07T01:12:52.316Z,"10 km SSW of El Ejido, Spain",earthquake,,,,,reviewed,mdd,mdd
2001-05-30T15:19:04.350Z,82.933,117.509,10,4.7,mb,81,,,1.02,us,usp000aft4,2014-11-07T01:12:52.305Z,"north of Severnaya Zemlya",earthquake,,,,45,reviewed,us,us
2001-05-30T15:17:04.900Z,38.91,20.29,10,2.8,md,5,,,,us,usp000aft3,2014-11-07T01:12:52.304Z,"33 km SSE of Gáïos, Greece",earthquake,,,,,reviewed,ath,ath
2001-05-30T15:10:55.200Z,-32.158,-70.938,72.1,4,md,5,,,,us,usp000aft1,2014-11-07T01:12:52.300Z,"42 km S of Salamanca, Chile",earthquake,,,,,reviewed,guc,guc
2001-05-30T13:43:33.300Z,-32.917,-73.101,20,4.3,md,8,,,,us,usp000aft0,2014-11-07T01:12:52.299Z,"138 km W of Valparaíso, Chile",earthquake,,,,,reviewed,guc,guc
2001-05-30T12:33:01.600Z,38.58,20.16,5,3,md,4,,,,us,usp000afsy,2014-11-07T01:12:52.295Z,"48 km NNW of Lixoúri, Greece",earthquake,,,,,reviewed,ath,ath
2001-05-30T11:30:00.480Z,51.772,-167.07,33,4,mb,22,,,0.87,us,usp000afsw,2020-02-20T20:47:43.211Z,"178 km SE of Nikolski, Alaska",earthquake,,,,2,reviewed,us,us
2001-05-30T11:24:42.280Z,7.732,-36.741,10,4.7,mb,76,,,0.77,us,usp000afsv,2014-11-07T01:12:52.284Z,"central Mid-Atlantic Ridge",earthquake,,,,41,reviewed,us,us
2001-05-30T10:45:09.400Z,35.83,27.76,25,3.7,md,5,,,,us,usp000afst,2014-11-07T01:12:52.282Z,"37 km SW of Lárdos, Greece",earthquake,,,,,reviewed,ath,ath
2001-05-30T09:09:09.500Z,34.76,26.63,25,3.6,md,5,,,,us,usp000afsr,2014-11-07T01:12:52.279Z,"59 km SE of Palekastro, Greece",earthquake,,,,,reviewed,ath,ath
2001-05-30T09:08:26.300Z,-32.516,-71.905,29.3,4.1,md,12,,,,us,usp000afsq,2014-11-07T01:12:52.277Z,"63 km NNW of Valparaíso, Chile",earthquake,,,,,reviewed,guc,guc
2001-05-30T09:06:21.700Z,-34.488,-70.281,2.7,3.4,md,8,,,,us,usp000afsp,2014-11-07T01:12:52.275Z,"48 km SE of Machalí, Chile",earthquake,,,,,reviewed,guc,guc
2001-05-30T09:02:58.310Z,16.524,-98.476,33,4.2,mb,29,,,0.9,us,usp000afsn,2014-11-07T01:12:52.270Z,"5 km E of El Pitahayo, Mexico",earthquake,,,,7,reviewed,us,us
2001-05-30T07:59:37.930Z,38.298,133.655,468.6,3.3,mb,14,,,1.07,us,usp000afsj,2014-11-07T01:12:52.263Z,"Sea of Japan",earthquake,,9.6,,1,reviewed,us,us
2001-05-30T07:37:58.900Z,38.88,23.68,5,3.2,ml,6,,,,us,usp000afsg,2014-11-07T01:12:52.260Z,"19 km ENE of Mantoúdi, Greece",earthquake,,,,,reviewed,ath,ath
2001-05-30T07:28:18.900Z,48.384,-2.94,8,3.2,ml,10,,,,us,usp000afsf,2014-11-07T01:12:52.258Z,"3 km SW of Quintin, France",earthquake,,,,,reviewed,ldg,ldg
2001-05-30T06:56:57.170Z,-56.619,-139.712,10,5.3,mwc,25,,,1.19,us,usp000afse,2025-12-19T23:00:21.967Z,"Pacific-Antarctic Ridge",earthquake,,,,,reviewed,us,hrv
2001-05-30T06:41:46.600Z,-33.596,-68.668,3.7,3.7,md,9,,,,us,usp000afsd,2014-11-07T01:12:52.252Z,"60 km SSW of San Martín, Argentina",earthquake,,,,,reviewed,guc,guc
2001-05-30T05:51:49.880Z,-4.981,152.913,33,4.6,mb,29,,,0.97,us,usp000afsc,2014-11-07T01:12:52.249Z,"100 km SE of Kokopo, Papua New Guinea",earthquake,,,,11,reviewed,us,us
2001-05-30T05:46:53.520Z,-7.004,154.97,10,4.5,mb,12,,,1.08,us,usp000afsb,2014-11-07T01:12:52.247Z,"94 km SW of Panguna, Papua New Guinea",earthquake,,,,5,reviewed,us,us
2001-05-30T05:37:58.730Z,-7.043,155.224,10,4.2,mb,10,,,0.94,us,usp000afsa,2014-11-07T01:12:52.245Z,"85 km SSW of Panguna, Papua New Guinea",earthquake,,,,2,reviewed,us,us
2001-05-30T04:53:05.106Z,51.2695,-177.9016,2.4,3.4,ml,,,,0.31,ak,ak0016w5b5u6,2020-02-20T20:47:45.206Z,"110 km SW of Adak, Alaska",earthquake,,34,,,reviewed,ak,ak
2001-05-30T04:51:50.820Z,-7.618,156.787,405.7,5.4,mwc,160,,,0.83,us,usp000afs9,2025-12-19T22:48:55.618Z,"53 km N of Gizo, Solomon Islands",earthquake,,,,,reviewed,us,hrv
2001-05-30T04:50:20.490Z,-7.175,155.143,10,4.7,mb,11,,,0.86,us,usp000afs8,2014-11-07T01:12:52.206Z,"102 km SSW of Panguna, Papua New Guinea",earthquake,,,,4,reviewed,us,us
2001-05-30T04:29:26.110Z,-7.138,155.091,10,5.1,mb,57,,,1,us,usp000afs7,2014-11-07T01:12:52.200Z,"100 km SSW of Panguna, Papua New Guinea",earthquake,,,,19,reviewed,us,us
2001-05-30T04:21:00.590Z,-19.104,169.575,285.6,4.5,mb,28,,,1.18,us,usp000afs6,2014-11-07T01:12:52.198Z,"57 km NNE of Isangel, Vanuatu",earthquake,,15.8,,8,reviewed,us,us
2001-05-30T02:32:53.720Z,19.3811667,-155.0703333,8.468,2.98,ml,43,141,,0.11,hv,hv1315932,2020-03-31T21:54:35.690Z,"11 km SE of Fern Forest, Hawaii",earthquake,0.55,0.39,0.13,6,reviewed,hv,hv
2001-05-30T02:16:03.180Z,-7.219,155.092,10,5.1,mb,34,,,0.96,us,usp000afs4,2014-11-07T01:12:52.192Z,"108 km SSW of Panguna, Papua New Guinea",earthquake,,,,14,reviewed,us,us
2001-05-30T02:15:50.860Z,12.985,-89.026,64.7,4.1,mb,24,,,1.09,us,usp000afs3,2014-11-07T01:12:52.189Z,"56 km S of El Rosario, El Salvador",earthquake,,,,3,reviewed,us,us
2001-05-30T01:15:46.640Z,-23.819,-66.9,214.7,4.2,mb,19,,,1.05,us,usp000afs2,2014-11-07T01:12:52.187Z,"Jujuy, Argentina",earthquake,,9.5,,4,reviewed,us,us
2001-05-30T01:04:35.550Z,52.516,-167.212,33,4.4,mb,17,,,0.96,us,usp000afs1,2020-02-20T20:47:46.107Z,"Fox Islands, Aleutian Islands, Alaska",earthquake,,,,1,reviewed,us,us
2001-05-30T00:29:21.700Z,-7.025,155.003,10,5.7,mwc,39,,,1,us,usp000afs0,2022-04-29T19:25:57.379Z,"94 km SW of Panguna, Papua New Guinea",earthquake,,,,,reviewed,us,hrv
2001-05-30T00:26:54.790Z,53.739,162.012,40.4,4.4,mb,55,,,1.18,us,usp000afrz,2014-11-07T01:12:52.173Z,"236 km ENE of Petropavlovsk-Kamchatsky, Russia",earthquake,,,,26,reviewed,us,us
2001-05-29T23:37:19.490Z,-7.022,155.037,14,6.4,mwc,258,,,1,us,usp000afry,2022-04-29T19:20:47.148Z,"92 km SSW of Panguna, Papua New Guinea",earthquake,,,,,reviewed,us,hrv
2001-05-29T23:31:27.960Z,-7.027,155.114,33,4.5,mb,10,,,0.94,us,usp000afrx,2014-11-07T01:12:52.129Z,"Solomon Islands",earthquake,,,,4,reviewed,us,us
2001-05-29T22:53:06.070Z,38.533,73.563,119.7,4.5,mb,67,,,1.02,us,usp000afrw,2014-11-07T01:12:52.114Z,"53 km NW of Murghob, Tajikistan",earthquake,,,,38,reviewed,us,us
2001-05-29T22:08:41.000Z,12.591,-89.4,0.9,4.5,md,7,,,,us,usp000afrv,2014-11-07T01:12:52.112Z,"99 km S of La Libertad, El Salvador",earthquake,,,,,reviewed,casc,casc
2001-05-29T22:00:27.300Z,-33.922,-70.538,94.4,2.7,md,8,,,,us,usp000afru,2014-11-07T01:12:52.110Z,"22 km SE of Paine, Chile",earthquake,,,,,reviewed,guc,guc
2001-05-29T21:57:44.740Z,46.7071667,-122.777,0.49,2.5,md,18,83,0.06333,0.1,uw,uw10530903,2022-06-09T21:12:10.710Z,"12 km SE of Bucoda, Washington",explosion,0.362,0.7,0.04,3,reviewed,uw,uw
2001-05-29T21:36:16.425Z,61.9567,-150.7588,65.4,2.7,ml,,,,0.66,ak,ak0016urskbu,2020-02-20T20:48:00.346Z,"33 km E of Skwentna, Alaska",earthquake,,0.8,,,reviewed,ak,ak
2001-05-29T21:11:53.783Z,62.6079,-144.3044,11.1,2.9,ml,,,,1.02,ak,ak0016urnab6,2020-02-20T20:48:00.708Z,"18 km ENE of Chistochina, Alaska",earthquake,,0.5,,,reviewed,ak,ak
2001-05-29T21:02:37.000Z,17.419,-101.258,24.5,4.2,md,17,,,,us,usp000afrq,2014-11-07T01:12:52.102Z,"13 km S of Petatlán, Mexico",earthquake,,,,,reviewed,unm,unm
2001-05-29T20:49:21.930Z,-25.346,179.471,500,4.1,mb,14,,,1.12,us,usp000afrp,2014-11-07T01:12:52.100Z,"south of the Fiji Islands",earthquake,,,,2,reviewed,us,us
2001-05-29T19:41:32.880Z,45.667,149.842,94.9,4.5,mb,70,,,0.89,us,usp000afrn,2014-11-07T01:12:52.095Z,"161 km ENE of Kuril’sk, Russia",earthquake,,,,40,reviewed,us,us
2001-05-29T19:39:04.300Z,33.028,-109.318,0,2.7,ml,8,,,0.49,rusms,rusms00002516,2022-06-09T21:12:10.708Z,"3 km SW of Clifton, Arizona",explosion,,,,,reviewed,us,us
2001-05-29T19:31:33.760Z,46.043,7.525,1.6,2.5,ml,26,,,,us,usp000afrm,2014-11-07T01:12:52.091Z,"8 km SSE of Evolène, Switzerland",earthquake,,,,,reviewed,gen,gen
2001-05-29T19:18:57.784Z,53.4389,-165.7528,11.1,2.8,ml,,,,0.3,ak,ak0016uqhxf6,2020-02-20T20:47:51.377Z,"70 km SE of Unalaska, Alaska",earthquake,,4.7,,,reviewed,ak,ak
2001-05-29T19:17:55.430Z,-32.14,-71.702,33,4.6,mb,49,,,0.93,us,usp000afrk,2014-11-07T01:12:52.086Z,"56 km NW of La Ligua, Chile",earthquake,,,,11,reviewed,us,us
2001-05-29T19:03:42.120Z,-4.651,102.743,46.8,5,mb,78,,,0.92,us,usp000afrj,2014-11-07T01:12:52.078Z,"88 km SW of Pagar Alam, Indonesia",earthquake,,6.7,,33,reviewed,us,us
2001-05-29T18:48:05.550Z,19.853,-109.165,48.5,5.5,mwc,92,,,0.9,us,usp000afrh,2022-04-29T19:20:24.477Z,"Revilla Gigedo Islands region",earthquake,,7.6,,,reviewed,us,hrv
2001-05-29T17:59:46.810Z,-9.022,108.145,33,4.6,mb,25,,,0.84,us,usp000afrg,2014-11-07T01:12:52.066Z,"south of Java, Indonesia",earthquake,,,,8,reviewed,us,us
2001-05-29T17:26:34.300Z,3.948,-31.504,10,4.6,mb,42,,,0.84,us,usp000afrf,2014-11-07T01:12:52.062Z,"central Mid-Atlantic Ridge",earthquake,,,,21,reviewed,us,us
2001-05-29T16:18:27.700Z,10.814,-86.742,33,4.1,md,8,,,0.43,us,usp000afre,2014-11-07T01:12:52.060Z,"106 km WSW of San Juan del Sur, Nicaragua",earthquake,,,,,reviewed,us,casc
2001-05-29T16:15:19.240Z,2.351,99.023,152.8,4.4,mb,20,,,1.22,us,usp000afrd,2014-11-07T01:12:52.058Z,"northern Sumatra, Indonesia",earthquake,,6,,7,reviewed,us,us
2001-05-29T14:54:55.520Z,-17.322,-178.584,500,4.5,mb,15,,,1.01,us,usp000afra,2014-11-07T01:12:52.054Z,"237 km ENE of Levuka, Fiji",earthquake,,,,7,reviewed,us,us
2001-05-29T14:24:50.631Z,59.6927,-154.4806,208.7,2.8,ml,,,,1.23,ak,ak0016unk153,2020-02-20T20:48:02.148Z,"14 km N of Pope-Vannoy Landing, Alaska",earthquake,,0.5,,,reviewed,ak,ak
2001-05-29T14:15:54.940Z,39.845,41.959,33,4.7,mb,171,,,1.01,us,usp000afr7,2022-04-29T19:20:18.263Z,"22 km NW of Karayaz?, Turkey",earthquake,,,,77,reviewed,us,us
2001-05-29T13:48:25.300Z,37.323,135.033,382.8,4.1,mb,48,,,0.98,us,usp000afr6,2014-11-07T01:12:51.929Z,"158 km NW of Mikuni, Japan",earthquake,,4.7,,20,reviewed,us,us
2001-05-29T13:34:45.660Z,36.576,-2.985,0,2.8,mblg,14,,,,us,usp000afr5,2014-11-07T01:12:51.912Z,"19 km S of Adra, Spain",earthquake,,,,,reviewed,mdd,mdd
2001-05-29T13:18:39.800Z,37.2481667,-121.6365,4.152,2.56,md,93,31,0.03153,0.06,nc,nc21167215,2017-01-01T13:10:52.840Z,"13 km N of Morgan Hill, California",earthquake,0.09,0.27,0.08,87,reviewed,nc,nc
2001-05-29T13:14:30.350Z,39.797,41.655,33,4.8,mb,145,,,1.09,us,usp000afr4,2020-07-08T01:08:19.584Z,"20 km S of Pasinler, Turkey",earthquake,,,,71,reviewed,us,us
2001-05-29T13:12:42.130Z,-25.981,70.389,10,4.6,mb,10,,,1.14,us,usp000afr3,2014-11-07T01:12:51.896Z,"Mid-Indian Ridge",earthquake,,,,2,reviewed,us,us
2001-05-29T13:12:36.850Z,37.2475,-121.6356667,4.482,2.51,md,86,31,0.03243,0.05,nc,nc21167214,2017-01-01T13:10:39.420Z,"13 km N of Morgan Hill, California",earthquake,0.09,0.34,0.1,82,reviewed,nc,nc
2001-05-29T12:46:26.520Z,-8.366,-74.169,153.9,4.6,mb,66,,,0.65,us,usp000afr2,2014-11-07T01:12:51.890Z,"40 km E of San Fernando, Peru",earthquake,,,,27,reviewed,us,us
2001-05-29T12:46:24.900Z,35.62,27.78,5,3.9,md,5,,,,us,usp000afr1,2014-11-07T01:12:51.889Z,"52 km ENE of Karpathos, Greece",earthquake,,,,,reviewed,ath,ath
2001-05-29T11:43:33.300Z,39.094,-2.886,9.7,2.8,mblg,14,,,,us,usp000afr0,2014-11-07T01:12:51.886Z,"12 km N of Ruidera, Spain",earthquake,,,,,reviewed,mdd,mdd
2001-05-29T11:12:59.500Z,39.7633333,-122.8591667,4.424,2.95,md,29,35,0.1559,0.09,nc,nc21167202,2017-01-01T13:10:09.730Z,"30 km WSW of Paskenta, California",earthquake,0.22,1.03,0.07,40,reviewed,nc,nc
2001-05-29T11:10:02.200Z,45.616,3.59,6,3,ml,39,,,,us,usp000afqw,2014-11-07T01:12:51.872Z,"2 km SE of Cunlhat, France",earthquake,,,,,reviewed,ldg,ldg
2001-05-29T10:33:55.700Z,43.153,2.182,2,2.5,ml,7,,,,us,usp000afqu,2014-11-07T01:12:51.854Z,"5 km SSW of Arzens, France",earthquake,,,,,reviewed,ldg,ldg
2001-05-29T09:15:22.720Z,36.6785,-121.3045,4.646,2.72,md,63,35,0.04414,0.03,nc,nc21167177,2017-01-01T13:09:23.600Z,"12 km S of Tres Pinos, California",earthquake,0.09,0.28,0.09,63,reviewed,nc,nc
2001-05-29T07:43:04.000Z,-21.108,-69.731,82.2,4.3,mb,15,,,1.02,us,usp000afqp,2014-11-07T01:12:51.846Z,"108 km SSE of Iquique, Chile",earthquake,,,,4,reviewed,us,us
2001-05-29T07:38:43.090Z,51.623,158.539,33,4.4,mb,11,,,1.08,us,usp000afqn,2014-11-07T01:12:51.844Z,"142 km E of Ozernovskiy, Russia",earthquake,,,,3,reviewed,us,us
2001-05-29T06:24:10.420Z,-10.191,161.343,69,4.5,mb,38,,,0.82,us,usp000afqj,2014-11-07T01:12:51.835Z,"69 km WNW of Kirakira, Solomon Islands",earthquake,,,,17,reviewed,us,us
2001-05-29T06:22:55.100Z,-55.979,-27.894,33,5,mb,33,,,1.04,us,usp000afqh,2014-11-07T01:12:51.831Z,"South Sandwich Islands region",earthquake,,,,9,reviewed,us,us
2001-05-29T06:21:08.617Z,39.3079,-119.9797,9.3,2.6,ml,17,56.65,0.041,0.1379,nn,nn00030298,2018-04-24T22:14:24.971Z,"Nevada",earthquake,,2.3,,,reviewed,nn,nn
2001-05-29T05:59:04.300Z,8.261,-82.888,0,4,md,14,,,,us,usp000afqe,2014-11-07T01:12:51.825Z,"3 km WSW of Puerto Armuelles, Panama",earthquake,,,,,reviewed,casc,casc
2001-05-29T05:54:02.730Z,53.405,-165.764,23.9,2.6,ml,9,,,,us,usp000afqd,2020-02-20T20:47:58.736Z,"72 km SE of Unalaska, Alaska",earthquake,,,,,reviewed,aeic,aeic
2001-05-29T04:43:57.940Z,35.407,27.779,20.7,5.2,mwc,327,,,1.09,us,usp000afqc,2022-04-29T19:20:41.027Z,"52 km ESE of Karpathos, Greece",earthquake,,3.5,,,reviewed,us,hrv
2001-05-29T04:31:17.390Z,18.292,-67.33,3.9,2.9,ml,4,,,,us,usp000afqb,2014-11-07T01:12:51.786Z,"9 km WSW of Stella, Puerto Rico",earthquake,,,,,reviewed,rspr,rspr
2001-05-29T04:11:43.710Z,23.568,141.914,147.1,3.6,mb,10,,,1.4,us,usp000afqa,2014-11-07T01:12:51.784Z,"Volcano Islands, Japan region",earthquake,,,,1,reviewed,us,us
2001-05-29T03:57:50.700Z,38.18,23.07,5,2.6,ml,6,,,,us,usp000afq9,2014-11-07T01:12:51.783Z,"11 km SE of Domvraína, Greece",earthquake,,,,,reviewed,ath,ath
2001-05-29T03:32:00.310Z,44.432,7.197,13.4,2.5,ml,10,,,,us,usp000afq8,2014-11-07T01:12:51.781Z,"2 km NNW of Campomolino, Italy",earthquake,,,,,reviewed,gen,gen
2001-05-29T03:01:48.100Z,13.432,-88.75,10,4.2,mb,15,,,1.36,us,usp000afq7,2014-11-07T01:12:51.779Z,"14 km ESE of Zacatecoluca, El Salvador",earthquake,,,,3,reviewed,us,us
2001-05-29T02:52:49.791Z,61.5164,-146.5156,25.5,3.1,ml,,,,0.84,ak,ak0016ugktv7,2020-02-20T20:48:03.210Z,"43 km NNW of Valdez, Alaska",earthquake,,0.3,,,reviewed,ak,ak
2001-05-29T02:10:11.080Z,44.318,148.476,33,5.2,mb,215,,,0.9,us,usp000afq4,2014-11-07T01:12:51.750Z,"111 km SSE of Kuril’sk, Russia",earthquake,,,,93,reviewed,us,us
2001-05-29T01:09:55.510Z,37.0415,-117.7228333,5.452,3.17,ml,6,192,0.289,0.04,ci,ci9657029,2018-04-24T22:14:26.347Z,"50km ENE of Independence, CA",earthquake,1.37,9.84,0.252,36,reviewed,ci,ci
2001-05-28T23:56:49.390Z,13.235,-88.493,270,4.2,mb,16,,,0.74,us,usp000afq1,2014-11-07T01:12:51.744Z,"8 km SE of Puerto El Triunfo, El Salvador",earthquake,,31.2,,3,reviewed,us,us
2001-05-28T23:46:04.630Z,35.8046667,-118.0468333,7.75,2.5,mc,33,37,0.07668,0.15,ci,ci9657005,2016-04-02T11:28:41.638Z,"19km SW of Little Lake, CA",earthquake,0.36,1.24,0.265,6,reviewed,ci,ci
2001-05-28T23:32:11.180Z,8.857,-73.986,69.7,4.5,mb,56,,,0.8,us,usp000afq0,2014-11-07T01:12:51.738Z,"14 km SE of Hatillo de Loba, Colombia",earthquake,,,,26,reviewed,us,us
2001-05-28T23:30:50.460Z,35.8015,-118.0475,7.62,2.58,ml,38,34,0.0736,0.21,ci,ci9656997,2016-04-02T14:38:16.415Z,"20km SW of Little Lake, CA",earthquake,0.41,1.51,0.372,24,reviewed,ci,ci
2001-05-28T22:25:37.010Z,61.2331,-151.187,65,2.6,ml,,,,0.84,ak,ak0016t4sc5h,2020-02-20T20:48:08.438Z,"11 km NNW of Beluga, Alaska",earthquake,,0.5,,,reviewed,ak,ak
2001-05-28T21:53:20.730Z,-22.15,-176.611,150,4.5,mb,18,,,1.32,us,usp000afpy,2014-11-07T01:12:51.730Z,"182 km SW of Haveluloto, Tonga",earthquake,,,,5,reviewed,us,us
2001-05-28T21:24:16.880Z,33.059,-109.399,0,2.7,ml,5,,,0.6,rusms,rusms00002515,2022-06-09T21:12:10.706Z,"3 km SW of Morenci, Arizona",explosion,,,,,reviewed,us,us
2001-05-28T21:09:45.550Z,29.725,85.718,33,3.5,mb,11,,,0.9,us,usp000afpw,2014-11-07T01:12:51.725Z,"65 km NE of Saga, China",earthquake,,,,1,reviewed,us,us
2001-05-28T19:56:22.010Z,43.57,-105.392,0,2.5,ml,7,,,0.55,rusms,rusms00002514,2022-06-09T21:12:10.703Z,"21 km SSE of Wright, Wyoming",explosion,,,,,reviewed,us,us
2001-05-28T19:23:03.500Z,33.031,-109.328,0,2.8,ml,5,,,0.28,rusms,rusms00002513,2022-06-09T21:12:10.701Z,"3 km SW of Clifton, Arizona",explosion,,,,,reviewed,us,us
2001-05-28T19:19:05.010Z,4.316,127.564,33,4.8,mb,39,,,0.87,us,usp000afpu,2014-11-07T01:12:51.719Z,"Pulau-Pulau Talaud, Indonesia",earthquake,,,,18,reviewed,us,us
2001-05-28T18:02:29.600Z,47.98,8,4,3.2,ml,66,,,,us,usp000afpt,2014-11-07T01:12:51.712Z,"2 km NNW of Buchenbach, Germany",earthquake,,,,,reviewed,ldg,vie
2001-05-28T17:57:32.000Z,38.19,23.09,5,2.5,ml,6,,,,us,usp000afps,2014-11-07T01:12:51.711Z,"11 km SE of Domvraína, Greece",earthquake,,,,,reviewed,ath,ath
2001-05-28T17:32:14.460Z,39.405,27.888,10,3.8,md,14,,,0.63,us,usp000afpr,2014-11-07T01:12:51.709Z,"20 km E of Sava?tepe, Turkey",earthquake,,,,,reviewed,us,ath
2001-05-28T17:14:00.480Z,36.563,142.171,33,4.4,mb,10,,,0.79,us,usp000afpq,2014-11-07T01:12:51.707Z,"126 km ESE of Iwaki, Japan",earthquake,,,,3,reviewed,us,us
2001-05-28T16:36:30.930Z,10.151,-84.651,82.5,3.6,mb,18,,,0.87,us,usp000afpp,2014-11-07T01:12:51.705Z,"10 km NE of Miramar, Costa Rica",earthquake,,5.6,,1,reviewed,us,us
2001-05-28T15:30:09.900Z,51.673,102.058,10,3.4,mb,6,,,1.01,us,usp000afpm,2014-11-07T01:12:51.702Z,"5 km W of Kyren, Russia",earthquake,,,,1,reviewed,us,us
2001-05-28T15:08:04.295Z,59.0581,-136.4801,16.8,2.5,ml,,,,0.35,ak,ak0016t0il7x,2020-02-20T20:48:05.909Z,"47 km SSW of Covenant Life, Alaska",earthquake,,182,,,reviewed,ak,ak
2001-05-28T14:58:01.360Z,44.771,148.109,76.2,4,mb,11,,,1.14,us,usp000afpk,2014-11-07T01:12:51.700Z,"53 km SSE of Kuril’sk, Russia",earthquake,,11.2,,1,reviewed,us,us
2001-05-28T14:29:02.530Z,19.385,145.461,200,4,mb,14,,,0.76,us,usp000afpj,2014-11-07T01:12:51.699Z,"Maug Islands region, Northern Mariana Islands",earthquake,,,,3,reviewed,us,us
2001-05-28T14:04:10.360Z,-11.992,166.233,33,4.5,mb,21,,,1.43,us,usp000afph,2014-11-07T01:12:51.696Z,"148 km SSE of Lata, Solomon Islands",earthquake,,,,13,reviewed,us,us
2001-05-28T11:41:47.500Z,-18.416,-178.252,488.1,4.6,mb,33,,,0.95,us,usp000afpe,2014-11-07T01:12:51.689Z,"260 km E of Levuka, Fiji",earthquake,,,,12,reviewed,us,us
2001-05-28T10:31:42.620Z,17.943,-66.943,12.6,2.5,ml,5,,,,us,usp000afpd,2014-11-07T01:12:51.688Z,"4 km SW of Guánica, Puerto Rico",earthquake,,,,,reviewed,rspr,rspr
2001-05-28T10:30:16.610Z,-7.637,117.058,300,4.5,mb,18,,,1.04,us,usp000afpc,2014-11-07T01:12:51.685Z,"97 km NNW of Pototano, Indonesia",earthquake,,,,5,reviewed,us,us
2001-05-28T10:00:15.250Z,-0.978,-80.24,33,4.1,mb,11,,,1.03,us,usp000afp9,2014-11-07T01:12:51.662Z,"6 km SW of Junín, Ecuador",earthquake,,,,5,reviewed,us,us
2001-05-28T09:57:10.600Z,18.801,-103.707,47.7,4.1,md,6,,,,us,usp000afp8,2014-11-07T01:12:51.660Z,"5 km NNE of Cerro de Ortega, Mexico",earthquake,,,,,reviewed,unm,unm
2001-05-28T09:22:16.010Z,13.666,-91.733,33,4.3,mb,16,,,1.25,us,usp000afp7,2014-11-07T01:12:51.659Z,"72 km SSE of Champerico, Guatemala",earthquake,,,,5,reviewed,us,us
2001-05-28T08:57:05.760Z,35.795,45.896,99.4,3.4,mb,8,,,1.2,us,usp000afp6,2014-11-07T01:12:51.657Z,"19 km NNW of Baynjiwayn, Iraq",earthquake,,24.3,,1,reviewed,us,us
2001-05-28T08:37:05.110Z,-6.609,132.346,33,6,mwc,254,,,0.96,us,usp000afp5,2022-04-29T19:20:34.721Z,"117 km SSW of Tual, Indonesia",earthquake,,,,,reviewed,us,hrv
2001-05-28T08:09:19.340Z,19.072,-155.3661667,35.339,2.68,ml,43,202,,0.1,hv,hv1315791,2020-03-31T21:54:33.170Z,"18 km SE of P?hala, Hawaii",earthquake,0.77,0.92,0.16,9,reviewed,hv,hv
2001-05-28T07:20:54.680Z,14.067,-91.863,44.7,4.3,mb,38,,,0.87,us,usp000afp2,2014-11-07T01:12:51.603Z,"25 km SSE of Champerico, Guatemala",earthquake,,13.7,,14,reviewed,us,us
2001-05-28T07:17:33.700Z,44.278,6.209,2,2.5,ml,34,,,,us,usp000afp1,2014-11-07T01:12:51.599Z,"14 km SW of Seyne-les-Alpes, France",earthquake,,,,,reviewed,ldg,ldg
2001-05-28T06:41:27.180Z,-16.223,-74.048,42.2,4.9,mb,87,,,1.02,us,usp000afnz,2014-11-07T01:12:51.589Z,"45 km W of Atico, Peru",earthquake,,9.9,,40,reviewed,us,us
2001-05-28T06:30:10.900Z,-31.44,-70.838,111.2,3.4,md,7,,,,us,usp000afny,2014-11-07T01:12:51.587Z,"38 km NE of Illapel, Chile",earthquake,,,,,reviewed,guc,guc
2001-05-28T05:48:57.400Z,-28.631,-70.113,100,3.9,mb,11,,,0.95,us,usp000afnx,2014-11-07T01:12:51.586Z,"63 km E of Vallenar, Chile",earthquake,,14.6,,1,reviewed,us,us
2001-05-28T03:29:57.430Z,2.029,-96.648,10,4.3,mb,30,,,1.2,us,usp000afnw,2014-11-07T01:12:51.582Z,"west of the Galapagos Islands",earthquake,,,,17,reviewed,us,us
2001-05-28T02:51:35.200Z,-32.205,-71.779,9.2,4,md,13,,,,us,usp000afnv,2014-11-07T01:12:51.571Z,"58 km WNW of La Ligua, Chile",earthquake,,,,,reviewed,guc,guc
2001-05-28T02:03:17.380Z,47.24,9.354,5,2.8,ml,41,,,1.1,us,usp000afnu,2014-11-07T01:12:51.564Z,"3 km N of Wildhaus, Switzerland",earthquake,,,,,reviewed,us,vie
2001-05-28T01:11:43.980Z,17.18,-46.59,10,3.7,mb,6,,,1.12,us,usp000afnt,2014-11-07T01:12:51.563Z,"northern Mid-Atlantic Ridge",earthquake,,,,1,reviewed,us,us
2001-05-27T21:46:34.900Z,-41.81,172.17,68,3.8,ml,8,,,,us,usp000afnp,2014-11-07T01:12:51.557Z,"47 km E of Westport, New Zealand",earthquake,,,,,reviewed,wel,wel
2001-05-27T21:17:50.080Z,-4.333,102.84,100,5.1,mwc,141,,,0.79,us,usp000afnm,2025-12-19T22:54:45.596Z,"56 km SW of Pagar Alam, Indonesia",earthquake,,,,,reviewed,us,hrv
2001-05-27T20:52:51.700Z,-33.914,-70.302,141.1,2.7,md,4,,,,us,usp000afnj,2014-11-07T01:12:51.539Z,"42 km SE of Puente Alto, Chile",earthquake,,,,,reviewed,guc,guc
2001-05-27T19:29:12.380Z,41.88,19.744,12.7,3.1,md,21,,,,us,usp000afng,2014-11-07T01:12:51.534Z,"12 km NNW of Rubik, Albania",earthquake,,,,,reviewed,pdg,pdg
2001-05-27T19:01:40.470Z,43.833,-105.366,0,2.9,ml,11,,,0.88,rusms,rusms00002512,2022-06-09T21:12:10.698Z,"13 km NE of Wright, Wyoming",explosion,,,,,reviewed,us,us
2001-05-27T17:15:39.040Z,-8.903,128.632,33,4.4,mb,7,,,0.34,us,usp000afne,2014-11-07T01:12:51.531Z,"184 km ESE of Lospalos, Timor Leste",earthquake,,,,3,reviewed,us,us
2001-05-27T16:57:39.300Z,8.833,-81.772,62.7,4.5,mb,71,,,0.86,us,usp000afnd,2014-11-07T01:12:51.524Z,"4 km ESE of Kankintú, Panama",earthquake,,4.2,,38,reviewed,us,us
2001-05-27T16:44:08.400Z,37.31,21.49,5,3.6,md,10,,,,us,usp000afnc,2014-11-07T01:12:51.523Z,"17 km WNW of Kyparissía, Greece",earthquake,,,,,reviewed,ath,ath
2001-05-27T15:28:10.500Z,-31.748,-71.821,7.8,3.7,md,4,,,,us,usp000afnb,2014-11-07T01:12:51.521Z,"63 km WSW of Illapel, Chile",earthquake,,,,,reviewed,guc,guc
2001-05-27T15:16:36.430Z,20.543,121.181,33,4.1,mb,15,,,1.07,us,usp000afna,2014-11-07T01:12:51.519Z,"82 km W of Basco, Philippines",earthquake,,,,6,reviewed,us,us
2001-05-27T15:14:35.350Z,-7.996,122.917,219.6,4.2,mb,11,,,0.79,us,usp000afn9,2014-11-07T01:12:51.517Z,"103 km NE of Maumere, Indonesia",earthquake,,12.8,,4,reviewed,us,us
2001-05-27T13:04:36.780Z,49.777,18.572,5,2.6,m,8,,,0.88,us,usp000afn6,2014-11-07T01:12:51.512Z,"0 km NNE of Chot?buz, Czechia",earthquake,,,,,reviewed,us,war
2001-05-27T12:07:50.460Z,28.287,128.789,100,3.3,mb,7,,,0.82,us,usp000afn5,2014-11-07T01:12:51.511Z,"68 km W of Naze, Japan",earthquake,,,,1,reviewed,us,us
2001-05-27T11:44:32.220Z,44.097,148.402,33,3.5,mb,10,,,1.19,us,usp000afn4,2014-11-07T01:12:51.510Z,"132 km SSE of Kuril’sk, Russia",earthquake,,,,1,reviewed,us,us
2001-05-27T11:31:31.050Z,7.026,-72.702,150,4,mb,6,,,0.76,us,usp000afn3,2014-11-07T01:12:51.508Z,"13 km SSW of Chitagá, Colombia",earthquake,,,,3,reviewed,us,us
2001-05-27T11:26:14.220Z,14.586,55.927,10,4.2,mb,9,,,1.15,us,usp000afn2,2014-11-07T01:12:51.507Z,"297 km NE of Hadibu, Yemen",earthquake,,,,2,reviewed,us,us
2001-05-27T11:20:59.860Z,-16.246,-74.015,49,3.7,mb,8,,,1.09,us,usp000afn0,2014-11-07T01:12:51.504Z,"42 km W of Atico, Peru",earthquake,,,,2,reviewed,us,us
2001-05-27T10:57:47.075Z,60.0562,-149.1582,1,2.5,ml,,,,1.12,ak,ak0016raao37,2020-02-20T20:48:15.419Z,"15 km E of Lowell Point, Alaska",earthquake,,0,,,reviewed,ak,ak
2001-05-27T10:53:22.855Z,61.7178,-150.4895,57.2,2.9,ml,,,,0.63,ak,ak0016ra9rct,2020-02-20T20:48:15.755Z,"19 km N of Susitna, Alaska",earthquake,,0.3,,,reviewed,ak,ak
2001-05-27T10:23:49.480Z,-6.011,129.161,250,3.9,mb,8,,,1.28,us,usp000afmw,2014-11-07T01:12:51.495Z,"278 km SSE of Ambon, Indonesia",earthquake,,,,2,reviewed,us,us
2001-05-27T09:50:01.160Z,-15.735,-179.885,350,3.6,mb,11,,,0.76,us,usp000afmv,2014-11-07T01:12:51.492Z,"111 km NE of Labasa, Fiji",earthquake,,,,4,reviewed,us,us
2001-05-27T09:31:37.200Z,-39.36,174,1,3.8,ml,15,,,,us,usp000afmu,2014-11-07T01:12:51.451Z,"16 km NE of Opunake, New Zealand",earthquake,,,,,reviewed,wel,wel
2001-05-27T09:27:04.400Z,40.3768333,-125.0116667,0.945,3.16,md,48,250,0.5243,0.11,nc,nc21166733,2017-01-01T13:01:56.491Z,"67 km WSW of Ferndale, California",earthquake,0.91,2.99,0.2,40,reviewed,nc,nc
2001-05-27T09:02:53.690Z,-6.033,127.386,300,3.8,mb,8,,,1.02,us,usp000afms,2014-11-07T01:12:51.329Z,"273 km SSW of Ambon, Indonesia",earthquake,,,,3,reviewed,us,us
2001-05-27T08:48:47.240Z,-19.589,168.851,33,5.4,mwc,249,,,0.97,us,usp000afmr,2025-12-19T22:48:49.016Z,"45 km W of Isangel, Vanuatu",earthquake,,,,,reviewed,us,hrv
2001-05-27T07:59:26.780Z,44.075,148.406,33,4.6,mb,54,,,0.85,us,usp000afmq,2014-11-07T01:12:51.296Z,"134 km SSE of Kuril’sk, Russia",earthquake,,,,29,reviewed,us,us
2001-05-27T07:56:15.360Z,51.683,16.138,5,3.5,ml,18,,,0.73,us,usp000afmp,2014-11-07T01:12:51.292Z,"4 km ENE of G?ogów, Poland",earthquake,,,,,reviewed,us,vie
2001-05-27T07:47:15.900Z,43.382,8.297,14,2.5,ml,15,,,,us,usp000afmn,2014-11-07T01:12:51.290Z,"58 km SSE of San Lorenzo al Mare, Italy",earthquake,,,,,reviewed,ldg,gen
2001-05-27T06:56:14.650Z,44.031,10.868,7.2,2.5,ml,22,,,,us,usp000afmm,2014-11-07T01:12:51.287Z,"1 km SE of Campo Tizzoro, Italy",earthquake,,,,,reviewed,gen,ldg
2001-05-27T05:32:46.260Z,-7.812,-74.304,123.3,3,mb,8,,,0.68,us,usp000afmh,2014-11-07T01:12:51.283Z,"68 km NNE of Pucallpa, Peru",earthquake,,21.1,,1,reviewed,us,us
2001-05-27T04:22:30.920Z,-35.878,-97.835,10,4.4,mb,6,,,1.38,us,usp000afmg,2014-11-07T01:12:51.282Z,"West Chile Rise",earthquake,,,,3,reviewed,us,us
2001-05-27T03:31:20.200Z,-29.901,-71.762,19.9,4.3,md,11,,,,us,usp000afmf,2014-11-07T01:12:51.280Z,"41 km W of Coquimbo, Chile",earthquake,,,,,reviewed,guc,guc
2001-05-27T02:34:26.173Z,51.5443,-176.3984,49.6,3.5,ml,,,,0.36,ak,ak0016r5e861,2020-02-20T20:48:14.103Z,"40 km SSE of Adak, Alaska",earthquake,,2.9,,,reviewed,ak,ak
2001-05-27T02:14:06.560Z,40.3803333,-124.9651667,5.004,2.86,md,32,264,0.4892,0.04,nc,nc21166656,2017-01-01T13:01:03.434Z,"63 km WSW of Ferndale, California",earthquake,0.92,1.43,0.07,14,reviewed,nc,nc
2001-05-27T01:29:52.090Z,31.8168333,-116.2915,5.094,3.37,ml,11,293,0.8451,0.1,ci,ci9656201,2016-04-02T04:59:43.545Z,"28km ENE of Maneadero, B.C., MX",earthquake,1.61,31.61,0.358,78,reviewed,ci,ci
2001-05-27T00:46:38.200Z,38.83,24.71,27,3.5,md,16,,,,us,usp000afm9,2014-11-07T01:12:51.270Z,"15 km ESE of Skýros, Greece",earthquake,,,,,reviewed,ath,ath
2001-05-27T00:46:37.040Z,32.253,131.199,33,4.3,mb,5,,,0.53,us,usp000afm8,2014-11-07T01:12:51.269Z,"25 km NW of Tsuma, Japan",earthquake,,,,1,reviewed,us,us
2001-05-27T00:28:43.650Z,51.084,151.538,439.1,4.4,mb,115,,,0.67,us,usp000afm7,2014-11-07T01:12:51.260Z,"Sea of Okhotsk",earthquake,,5.6,,66,reviewed,us,us
2001-05-26T23:23:41.250Z,18.87,-67.243,45.2,2.8,md,4,,,,us,usp000afm6,2014-11-07T01:12:51.259Z,"44 km NNW of San Antonio, Puerto Rico",earthquake,,,,,reviewed,rspr,rspr
2001-05-26T23:14:38.050Z,31.738,63.732,33,4.6,mb,108,,,0.77,us,usp000afm5,2014-11-07T01:12:51.251Z,"62 km WNW of Lashkar G?h, Afghanistan",earthquake,,,,60,reviewed,us,us
2001-05-26T22:54:22.860Z,36.5636667,-121.1523333,4.313,3.15,ml,76,39,0.07477,0.06,nc,nc21166622,2017-01-01T12:59:56.230Z,"21 km NE of Soledad, California",earthquake,0.1,0.4,,12,reviewed,nc,nc
2001-05-26T21:56:31.640Z,13.599,120.732,207.8,4.4,mb,29,,,1.19,us,usp000afm3,2014-11-07T01:12:51.246Z,"15 km N of Wawa, Philippines",earthquake,,21.7,,14,reviewed,us,us
2001-05-26T20:51:08.710Z,-1.449,-78.162,33,4,mb,13,,,1.44,us,usp000afm2,2014-11-07T01:12:51.245Z,"18 km WNW of Puyo, Ecuador",earthquake,,,,5,reviewed,us,us
2001-05-26T18:59:03.940Z,37.9871667,-118.76,10.81,3.75,md,45,96,0.1811,0.06,nc,nc21166584,2018-04-24T22:14:19.801Z,"31 km NW of Benton, California",earthquake,0.3,1.01,0.08,88,reviewed,nc,nc
2001-05-26T18:37:34.950Z,-5.727,151.543,53.1,4.2,mb,15,,,1.24,us,usp000afky,2014-11-07T01:12:51.238Z,"156 km E of Kimbe, Papua New Guinea",earthquake,,12.3,,3,reviewed,us,us
2001-05-26T17:44:07.040Z,-15.529,-75.49,33,4.2,mb,12,,,1.42,us,usp000afkw,2014-11-07T01:12:51.235Z,"39 km WSW of San Juan, Peru",earthquake,,,,2,reviewed,us,us
2001-05-26T17:37:05.990Z,53.405,-165.085,33,2.9,mb,6,,,1.13,us,usp000afkv,2020-02-20T20:48:18.427Z,"93 km SSE of Akutan, Alaska",earthquake,,,,1,reviewed,us,us
2001-05-26T16:54:04.330Z,4.094,126.677,33,4.8,mb,58,,,0.92,us,usp000afkt,2014-11-07T01:12:51.227Z,"197 km SE of Sarangani, Philippines",earthquake,,,,27,reviewed,us,us
2001-05-26T16:51:28.780Z,16.32,-99.92,10,4.1,mb,39,,,1.37,us,usp000afks,2014-11-07T01:12:51.223Z,"51 km SW of San Andrés Playa Encantada (El Podrido), Mexico",earthquake,,,,10,reviewed,us,us
2001-05-26T16:50:59.200Z,16.559,-100.084,27.9,3.7,md,21,,,,us,usp000afkr,2014-11-07T01:12:51.220Z,"37 km SSW of Acapulco de Juárez, Mexico",earthquake,,,,,reviewed,unm,unm
2001-05-26T16:34:09.200Z,44.144,141.842,219.9,3.7,mb,15,,,0.83,us,usp000afkp,2014-11-07T01:12:51.218Z,"28 km NE of Rumoi, Japan",earthquake,,8.1,,5,reviewed,us,us
2001-05-26T16:30:14.620Z,50.439,18.904,5,2.7,m,8,,,1.32,us,usp000afkn,2014-11-07T01:12:51.215Z,"0 km WNW of Nak?o, Poland",earthquake,,,,,reviewed,us,war
2001-05-26T15:29:57.620Z,4.072,126.746,33,4.7,mb,39,,,0.93,us,usp000afkk,2014-11-07T01:12:51.211Z,"204 km SE of Sarangani, Philippines",earthquake,,,,19,reviewed,us,us
2001-05-26T15:05:46.000Z,-33.86,-70.217,110.8,2.5,md,9,,,,us,usp000afkj,2014-11-07T01:12:51.209Z,"43 km SE of Puente Alto, Chile",earthquake,,,,,reviewed,guc,guc
2001-05-26T15:02:36.240Z,18.134,39.8,10,4.1,mb,10,,,0.89,us,usp000afkh,2014-11-07T01:12:51.207Z,"221 km E of Tok?r, Sudan",earthquake,,,,3,reviewed,us,us
2001-05-26T14:51:45.550Z,25.411,95.126,84.5,4.7,mb,142,,,0.76,us,usp000afkg,2014-11-07T01:12:51.194Z,"68 km ESE of Phek, India",earthquake,,,,64,reviewed,us,us
2001-05-26T14:15:23.740Z,38.711,71.774,33,4.2,mb,12,,,1.36,us,usp000afkf,2014-11-07T01:12:51.192Z,"62 km SSE of Karakenja, Tajikistan",earthquake,,,,3,reviewed,us,us
2001-05-26T13:53:47.790Z,18.135,39.915,10,4.2,mb,15,,,0.93,us,usp000afke,2014-11-07T01:12:51.190Z,"233 km E of Tok?r, Sudan",earthquake,,,,3,reviewed,us,us
2001-05-26T13:30:44.480Z,36.733,11.097,10,3.2,md,24,,,1.05,us,usp000afkd,2014-11-07T01:12:51.188Z,"12 km E of Menzel Heurr, Tunisia",earthquake,,,,,reviewed,us,rom
2001-05-26T13:29:59.240Z,18.027,39.893,10,4.5,mb,41,,,0.97,us,usp000afkc,2014-11-07T01:12:51.184Z,"233 km E of Tok?r, Sudan",earthquake,,,,19,reviewed,us,us
2001-05-26T13:02:53.900Z,46.602,-1.086,4,2.6,md,6,,,,us,usp000afka,2014-11-07T01:12:51.181Z,"5 km NNW of Sainte-Hermine, France",earthquake,,,,,reviewed,ldg,ldg
2001-05-26T12:58:42.210Z,-44.929,-80.402,33,4.7,mb,17,,,1.42,us,usp000afk8,2014-11-07T01:12:51.178Z,"Off the coast of Aisen, Chile",earthquake,,,,11,reviewed,us,us
2001-05-26T12:43:47.230Z,40.4341667,-124.8943333,23.407,2.82,md,23,253,0.4279,0.23,nc,nc21166500,2017-01-01T12:57:20.977Z,"55 km WSW of Ferndale, California",earthquake,3.59,17.18,0.17,15,reviewed,nc,nc
2001-05-26T11:58:13.240Z,38.102,74.137,182.3,4.5,mb,73,,,0.82,us,usp000afk7,2014-11-07T01:12:51.171Z,"16 km ESE of Murghob, Tajikistan",earthquake,,,,38,reviewed,us,us
2001-05-26T11:37:32.580Z,4.053,126.702,33,4.7,mb,33,,,0.74,us,usp000afk6,2014-11-07T01:12:51.167Z,"202 km SE of Sarangani, Philippines",earthquake,,,,18,reviewed,us,us
2001-05-26T10:57:26.150Z,-20.292,-177.842,406.5,6.4,mwc,346,,,1.07,us,usp000afk5,2022-04-29T19:20:16.582Z,"Fiji region",earthquake,,,,,reviewed,us,hrv
2001-05-26T10:53:22.870Z,4.069,126.668,33,4.6,mb,26,,,0.79,us,usp000afk4,2014-11-07T01:12:51.126Z,"Pulau-Pulau Talaud, Indonesia",earthquake,,,,10,reviewed,us,us
2001-05-26T09:24:41.023Z,61.4291,-146.7471,31.2,2.9,ml,,,,0.5,ak,ak0016plysw6,2020-02-20T20:48:19.105Z,"39 km NNW of Valdez, Alaska",earthquake,,0.1,,,reviewed,ak,ak
2001-05-26T09:21:28.400Z,38.33,22.1,5,3.3,md,6,,,,us,usp000afk1,2014-11-07T01:12:51.121Z,"8 km NE of Rododáfni, Greece",earthquake,,,,,reviewed,ath,ath
2001-05-26T09:10:28.390Z,50.04,18.514,5,2.6,m,6,,,1.38,us,usp000afk0,2014-11-07T01:12:51.119Z,"2 km WSW of Jankowice Rybnickie, Poland",earthquake,,,,,reviewed,us,war
2001-05-26T09:03:37.000Z,38.19,21.97,5,3.3,mb,21,,,,us,usp000afjz,2014-11-07T01:12:51.117Z,"11 km SW of Rododáfni, Greece",earthquake,,,,1,reviewed,ath,us
2001-05-26T08:57:23.116Z,62.758,-150.5692,9,2.7,ml,,,,0.92,ak,ak0016plkejb,2020-02-20T20:48:23.759Z,"30 km NNE of Petersville, Alaska",earthquake,,0.3,,,reviewed,ak,ak
2001-05-26T08:48:22.560Z,-7.437,128.213,156,5.2,mwc,112,,,0.99,us,usp000afjx,2025-12-19T22:57:56.791Z,"179 km NE of Lospalos, Timor Leste",earthquake,,5.8,,,reviewed,us,hrv
2001-05-26T07:29:24.790Z,33.7206667,-116.8716667,2.616,2.5,mc,58,22,0.09259,0.2,ci,ci9655925,2016-04-02T14:34:38.964Z,"4km SSE of Valle Vista, CA",earthquake,0.23,0.44,0.227,36,reviewed,ci,ci
2001-05-26T07:14:01.000Z,46.787,153.666,111.2,4.4,mb,19,,,1.26,us,usp000afjw,2014-11-07T01:12:51.101Z,"Kuril Islands",earthquake,,14.7,,4,reviewed,us,us
2001-05-26T07:09:17.630Z,19.429,-64.92,25,3.3,md,6,,,,us,usp000afjv,2014-11-07T01:12:51.100Z,"120 km N of Charlotte Amalie, U.S. Virgin Islands",earthquake,,,,,reviewed,rspr,rspr
2001-05-26T06:55:48.310Z,-31.911,57.728,10,4.8,mb,33,,,1.01,us,usp000afju,2014-11-07T01:12:51.097Z,"Southwest Indian Ridge",earthquake,,,,12,reviewed,us,us
2001-05-26T06:51:15.790Z,36.482,70.674,170.4,4,mb,14,,,0.64,us,usp000afjt,2014-11-07T01:12:51.095Z,"44 km SSW of Jurm, Afghanistan",earthquake,,11.7,,2,reviewed,us,us
2001-05-26T06:40:01.400Z,-31.58,-69.86,164.6,3.6,md,10,,,,us,usp000afjs,2014-11-07T01:12:51.093Z,"49 km WSW of Calingasta, Argentina",earthquake,,,,,reviewed,guc,guc
2001-05-26T06:11:14.510Z,37.6766667,-112.7623333,10.25,2.61,ml,10,77,0.1145,0.23,uu,uu50241595,2018-08-28T19:13:35.500Z,"8 km ESE of Brian Head, Utah",earthquake,0.73,1.56,,2,reviewed,uu,uu
2001-05-26T06:02:42.700Z,38.98,21.66,5,3.9,md,17,,,,us,usp000afjq,2014-11-07T01:12:51.089Z,"3 km SE of Kerasochóri, Greece",earthquake,,,,,reviewed,ath,ath
2001-05-26T06:02:19.970Z,37.463,16.341,33,4.3,mb,97,,,1.38,us,usp000afjp,2014-11-07T01:12:51.076Z,"59 km SSE of Weather Station, Italy",earthquake,,,,17,reviewed,us,us
2001-05-26T05:29:06.710Z,-1.091,98.657,33,4.7,mb,41,,,0.85,us,usp000afjn,2014-11-07T01:12:51.072Z,"170 km WSW of Pariaman, Indonesia",earthquake,,,,18,reviewed,us,us
2001-05-26T05:25:58.640Z,-18.396,-178.03,549.4,4.8,mb,29,,,1.15,us,usp000afjm,2014-11-07T01:12:51.069Z,"282 km E of Levuka, Fiji",earthquake,,40.5,,10,reviewed,us,us
2001-05-26T05:20:13.710Z,46.855,153.958,38.1,4.8,mb,121,,,0.95,us,usp000afjk,2014-11-07T01:12:51.058Z,"Kuril Islands",earthquake,,,,64,reviewed,us,us
2001-05-26T04:05:49.450Z,-4.304,102.677,51.5,5.2,mb,67,,,1.01,us,usp000afjh,2014-11-07T01:12:51.050Z,"70 km WSW of Pagar Alam, Indonesia",earthquake,,6.7,,16,reviewed,us,us
2001-05-26T04:03:58.570Z,43.437,150.23,33,4.4,mb,54,,,1.13,us,usp000afjg,2014-11-07T01:12:51.046Z,"273 km SE of Kuril’sk, Russia",earthquake,,,,23,reviewed,us,us
2001-05-26T04:03:38.570Z,-1.138,98.615,33,4.7,mb,46,,,0.88,us,usp000afjf,2014-11-07T01:12:51.042Z,"177 km WSW of Pariaman, Indonesia",earthquake,,,,21,reviewed,us,us
2001-05-26T03:34:35.640Z,18.518,-67.093,77.5,2.6,md,5,,,,us,usp000afje,2014-11-07T01:12:51.041Z,"2 km NNE of San Antonio, Puerto Rico",earthquake,,,,,reviewed,rspr,rspr
2001-05-26T03:18:17.700Z,-24.025,-67.495,201,3.9,mb,7,,,0.76,us,usp000afjd,2014-11-07T01:12:51.039Z,"121 km W of San Antonio de los Cobres, Argentina",earthquake,,10.2,,1,reviewed,us,us
2001-05-26T02:34:33.670Z,-18.759,-175.604,243.7,4.7,mb,94,,,1,us,usp000afjc,2014-11-07T01:12:51.028Z,"171 km W of Neiafu, Tonga",earthquake,,,,31,reviewed,us,us
2001-05-26T02:32:26.600Z,-31.849,-70.596,105.6,3.8,md,13,,,,us,usp000afjb,2014-11-07T01:12:51.024Z,"35 km ESE of Salamanca, Chile",earthquake,,,,,reviewed,guc,guc
2001-05-26T02:24:25.500Z,-33.532,-70.18,106.9,4,md,15,,,,us,usp000afja,2014-11-07T01:12:51.018Z,"37 km ENE of Puente Alto, Chile",earthquake,,,,,reviewed,guc,guc
2001-05-26T01:23:42.760Z,1.979,121.743,634.8,4.7,mb,49,,,1.15,us,usp000afj9,2014-11-07T01:12:50.924Z,"216 km NW of Gorontalo, Indonesia",earthquake,,8.2,,22,reviewed,us,us
2001-05-26T01:11:38.630Z,34.911,24.698,75,3.7,md,16,,,1.25,us,usp000afj8,2014-11-07T01:12:50.825Z,"19 km SSW of Tympáki, Greece",earthquake,,10.5,,,reviewed,us,ath
2001-05-26T00:37:09.840Z,33.9976667,-116.5606667,11.368,3.09,ml,71,23,0.06319,0.2,ci,ci9655873,2016-04-02T17:44:42.655Z,"6km SSE of Morongo Valley, CA",earthquake,0.23,0.71,0.246,161,reviewed,ci,ci
2001-05-26T00:35:26.740Z,28.076,139.261,514.1,4.4,mb,114,,,0.93,us,usp000afj6,2014-11-07T01:12:50.782Z,"Bonin Islands, Japan region",earthquake,,,,47,reviewed,us,us
2001-05-26T00:29:25.300Z,-32.53,-70.293,105.5,3.6,md,14,,,,us,usp000afj5,2014-11-07T01:12:50.780Z,"44 km NE of Los Andes, Chile",earthquake,,,,,reviewed,guc,guc
2001-05-26T00:17:57.200Z,47.986,-4.476,19,2.8,ml,11,,,,us,usp000afj4,2014-11-07T01:12:50.777Z,"3 km SSE of Plouhinec, France",earthquake,,,,,reviewed,ldg,ldg
2001-05-26T00:07:09.090Z,17.157,-94.035,100,4,md,6,,,,us,usp000afj2,2014-11-07T01:12:50.773Z,"18 km ESE of La Horqueta (Poblado Doce), Mexico",earthquake,,,,,reviewed,unm,unm
2001-05-25T22:22:34.900Z,-35.731,-179.669,33,4.7,mb,41,,,1.29,us,usp000afj1,2014-11-07T01:12:50.766Z,"east of the North Island of New Zealand",earthquake,,,,10,reviewed,us,us
2001-05-25T22:18:22.160Z,18.028,39.992,10,5.3,mwc,158,,,0.77,us,usp000afj0,2025-12-19T22:48:47.860Z,"236 km WSW of Al Maj?ridah, Saudi Arabia",earthquake,,,,,reviewed,us,hrv
2001-05-25T22:16:41.890Z,51.086,15.855,5,2.8,ml,10,,,0.99,us,usp000afhz,2014-11-07T01:12:50.742Z,"5 km W of Wilków, Poland",earthquake,,,,,reviewed,us,vie
2001-05-25T21:44:15.310Z,-31.395,-69.393,124.9,4,md,15,,,0.65,us,usp000afhy,2014-11-07T01:12:50.740Z,"San Juan, Argentina",earthquake,,26.1,,,reviewed,us,guc
2001-05-25T21:44:05.930Z,46.7065,-122.7728333,-0.729,2.7,md,10,166,0.06062,0.17,uw,uw10529858,2016-07-23T00:35:49.360Z,"12 km SE of Bucoda, Washington",explosion,0.092,0.15,0.04,3,reviewed,uw,uw
2001-05-25T20:56:55.700Z,35.73,25.4,17,3.5,md,4,,,,us,usp000afhx,2014-11-07T01:12:50.739Z,"45 km N of Káto Goúves, Greece",earthquake,,,,,reviewed,ath,ath
2001-05-25T20:49:29.190Z,44.182,148.477,33,4.8,mb,23,,,0.96,us,usp000afhw,2014-11-07T01:12:50.736Z,"125 km SSE of Kuril’sk, Russia",earthquake,,,,6,reviewed,us,us
2001-05-25T20:06:21.730Z,43.871,-105.326,0,3.4,ml,9,,,1.07,rusms,rusms00002511,2022-06-09T21:12:10.695Z,"18 km NE of Wright, Wyoming",explosion,,,,,reviewed,us,us
2001-05-25T19:21:50.080Z,-4.078,102.712,99.4,4.4,mb,30,,,1.12,us,usp000afhv,2014-11-07T01:12:50.716Z,"58 km ESE of Bengkulu, Indonesia",earthquake,,8.3,,6,reviewed,us,us
2001-05-25T19:21:43.780Z,33.6328333,-117.8268333,16.714,2.61,mc,29,166,0.0577,0.22,ci,ci9655829,2016-04-02T14:34:53.211Z,"2km NNE of San Joaquin Hills, CA",earthquake,0.71,0.68,0.339,39,reviewed,ci,ci
2001-05-25T18:35:32.920Z,34.6151667,-116.5933333,7.429,2.57,mc,39,47,0.03839,0.16,ci,ci9655817,2016-04-02T01:44:45.778Z,"39km ENE of Lucerne Valley, CA",earthquake,0.3,0.85,0.313,38,reviewed,ci,ci
2001-05-25T18:14:13.640Z,18.034,39.998,10,4.6,ms,62,,,0.92,us,usp000afhu,2014-11-07T01:12:50.711Z,"235 km WSW of Al Maj?ridah, Saudi Arabia",earthquake,,,,1,reviewed,us,us
2001-05-25T17:45:42.830Z,54.119,143.071,10,4.8,mb,117,,,0.85,us,usp000afht,2014-11-07T01:12:50.701Z,"59 km N of Okha, Russia",earthquake,,,,52,reviewed,us,us
2001-05-25T16:24:38.360Z,38.122,74.109,185.8,4,mb,18,,,0.72,us,usp000afhs,2014-11-07T01:12:50.699Z,"13 km ESE of Murghob, Tajikistan",earthquake,,,,5,reviewed,us,us
2001-05-25T15:50:23.500Z,-32.39,-70.319,104.1,2.8,md,6,,,,us,usp000afhq,2014-11-07T01:12:50.697Z,"55 km NE of San Felipe, Chile",earthquake,,,,,reviewed,guc,guc
2001-05-25T15:24:07.260Z,44.142,148.462,33,4.8,mb,22,,,1.2,us,usp000afhn,2014-11-07T01:12:50.692Z,"129 km SSE of Kuril’sk, Russia",earthquake,,,,5,reviewed,us,us
2001-05-25T15:20:50.890Z,-41.515,-86.008,10,4.4,mb,10,,,0.87,us,usp000afhm,2014-11-07T01:12:50.690Z,"West Chile Rise",earthquake,,,,6,reviewed,us,us
2001-05-25T14:12:52.900Z,40.17,21.31,5,3,md,6,,,,us,usp000afhk,2014-11-07T01:12:50.689Z,"10 km S of Tsotíli, Greece",earthquake,,,,,reviewed,ath,ath
2001-05-25T13:46:59.360Z,-18.772,168.943,90.2,4.5,mb,14,,,1.18,us,usp000afhj,2014-11-07T01:12:50.687Z,"92 km NNW of Isangel, Vanuatu",earthquake,,27.9,,4,reviewed,us,us
2001-05-25T13:36:39.890Z,-32.416,-14.296,10,4.8,mb,52,,,1.1,us,usp000afhh,2014-11-07T01:12:50.682Z,"southern Mid-Atlantic Ridge",earthquake,,,,20,reviewed,us,us
2001-05-25T13:23:32.070Z,-44.519,-81.664,10,4.6,mb,17,,,1.06,us,usp000afhg,2014-11-07T01:12:50.680Z,"West Chile Rise",earthquake,,,,8,reviewed,us,us
2001-05-25T12:44:35.190Z,-19.435,-69.022,127.7,4.3,mb,21,,,1.03,us,usp000afhf,2014-11-07T01:12:50.678Z,"146 km NE of Iquique, Chile",earthquake,,11.3,,7,reviewed,us,us
2001-05-25T12:18:52.430Z,-35.046,78.755,10,4.5,mb,10,,,0.81,us,usp000afhe,2014-11-07T01:12:50.676Z,"Mid-Indian Ridge",earthquake,,,,1,reviewed,us,us
2001-05-25T12:04:03.030Z,44.031,148.509,33,4.1,mb,22,,,1.04,us,usp000afhd,2014-11-07T01:12:50.673Z,"142 km SSE of Kuril’sk, Russia",earthquake,,,,11,reviewed,us,us
2001-05-25T11:25:30.040Z,37.44,72.078,138,4,mb,11,,,1.29,us,usp000afhb,2014-11-07T01:12:50.669Z,"46 km E of Khorugh, Tajikistan",earthquake,,35.4,,1,reviewed,us,us
2001-05-25T11:00:45.570Z,18.416,145.469,486,4.1,mb,17,,,1.12,us,usp000afha,2014-11-07T01:12:50.667Z,"Pagan region, Northern Mariana Islands",earthquake,,48.6,,5,reviewed,us,us
2001-05-25T10:46:40.870Z,-1.087,98.645,33,4.9,mb,38,,,0.99,us,usp000afh9,2014-11-07T01:12:50.663Z,"172 km WSW of Pariaman, Indonesia",earthquake,,,,10,reviewed,us,us
2001-05-25T10:18:35.760Z,-51.53,139.603,10,4,mb,11,,,0.72,us,usp000afh8,2014-11-07T01:12:50.661Z,"western Indian-Antarctic Ridge",earthquake,,,,3,reviewed,us,us
2001-05-25T08:44:10.580Z,35.7936667,-118.0501667,7.182,2.8,ml,43,33.3,0.06566,0.16,ci,ci9655717,2016-04-02T17:44:22.031Z,"20km SW of Little Lake, CA",earthquake,0.3,1.14,0.348,172,reviewed,ci,ci
2001-05-25T08:43:09.410Z,-7.243,121.137,534.4,4.6,mb,33,,,1.15,us,usp000afh4,2014-11-07T01:12:50.653Z,"168 km NNE of Ruteng, Indonesia",earthquake,,7,,9,reviewed,us,us
2001-05-25T08:24:08.820Z,44.117,148.428,33,5.1,mb,206,,,0.79,us,usp000afh3,2014-11-07T01:12:50.636Z,"130 km SSE of Kuril’sk, Russia",earthquake,,,,94,reviewed,us,us
2001-05-25T08:21:57.380Z,35.7953333,-118.0453333,6.232,2.52,mc,31,45,0.06903,0.17,ci,ci9655709,2016-04-02T04:56:46.030Z,"20km SW of Little Lake, CA",earthquake,0.39,1.38,0.332,29,reviewed,ci,ci
2001-05-25T08:10:59.870Z,-6.077,151.151,33,4.2,mb,9,,,0.64,us,usp000afh2,2014-11-07T01:12:50.635Z,"126 km ESE of Kimbe, Papua New Guinea",earthquake,,,,1,reviewed,us,us
2001-05-25T08:10:10.050Z,18.262,-68.87,168,4.2,mb,28,,,0.93,us,usp000afh1,2014-11-07T01:12:50.631Z,"21 km SSE of La Romana, Dominican Republic",earthquake,,,,11,reviewed,us,us
2001-05-25T08:00:35.790Z,-16.744,-173.42,33,4.5,mb,43,,,1.06,us,usp000afh0,2014-11-07T01:12:50.626Z,"96 km SSE of Hihifo, Tonga",earthquake,,,,12,reviewed,us,us
2001-05-25T07:44:52.000Z,45.65,-113.61,15,2.8,ml,8,,,,us,usp000afgy,2014-11-07T01:12:50.623Z,"12 km WNW of Wisdom, Montana",earthquake,,,,,reviewed,but,but
2001-05-25T07:12:38.480Z,43.391,20.692,10,2.9,md,28,,,0.79,us,usp000afgw,2014-11-07T01:12:50.617Z,"13 km NNE of Raška, Serbia",earthquake,,,,,reviewed,us,pdg
2001-05-25T07:12:24.740Z,62.3055,-152.0241,129.6,2.9,ml,,,,0.42,ak,ak0016nx5zca,2020-02-20T20:48:30.264Z,"47 km NW of Skwentna, Alaska",earthquake,,0.6,,,reviewed,ak,ak
2001-05-25T06:55:48.480Z,40.4691667,-124.6965,16.136,2.98,md,24,237,0.2748,0.05,nc,nc21235726,2017-01-01T12:52:28.615Z,"38 km WSW of Ferndale, California",earthquake,0.86,0.75,0.12,23,reviewed,nc,nc
2001-05-25T06:55:03.440Z,35.637,140.576,45.4,5,mb,150,,,0.83,us,usp000afgt,2014-11-07T01:12:50.598Z,"7 km SSE of Y?kaichiba, Japan",earthquake,,,,65,reviewed,us,us
2001-05-25T06:46:25.300Z,38.15,22.09,5,3.3,md,5,,,,us,usp000afgs,2014-11-07T01:12:50.597Z,"10 km SSW of Témeni, Greece",earthquake,,,,,reviewed,ath,ath
2001-05-25T05:50:09.700Z,50.255,157.253,49.8,4.4,mb,19,,,1.12,us,usp000afgr,2014-11-07T01:12:50.595Z,"92 km ESE of Severo-Kuril’sk, Russia",earthquake,,,,7,reviewed,us,us
2001-05-25T05:34:57.400Z,-32.721,-71.729,4.3,4.2,md,12,,,,us,usp000afgq,2014-11-07T01:12:50.593Z,"36 km NNW of Valparaíso, Chile",earthquake,,,,,reviewed,guc,guc
2001-05-25T05:27:01.700Z,16.773,-101.49,14.8,4.1,md,13,,,,us,usp000afgp,2014-11-07T01:12:50.591Z,"77 km SW of Papanoa, Mexico",earthquake,,,,,reviewed,unm,unm
2001-05-25T05:18:23.200Z,37.1,26.49,39,3.9,md,5,,,,us,usp000afgm,2014-11-07T01:12:50.587Z,"23 km SSW of Pátmos, Greece",earthquake,,,,,reviewed,ath,ath
2001-05-25T05:06:10.680Z,-7.869,110.179,143.1,6.3,mwc,283,,,1.2,us,usp000afgk,2022-04-29T19:20:32.224Z,"11 km NW of Srandakan, Indonesia",earthquake,,,,,reviewed,us,hrv
2001-05-25T04:46:15.950Z,-56.636,-53.884,10,4.6,mb,24,,,1.21,us,usp000afgj,2014-11-07T01:12:50.548Z,"Scotia Sea",earthquake,,,,6,reviewed,us,us
2001-05-25T04:27:43.350Z,0.229,126.119,33,4.8,mb,39,,,1.02,us,usp000afgh,2014-11-07T01:12:50.544Z,"153 km WSW of Ternate, Indonesia",earthquake,,,,16,reviewed,us,us
2001-05-25T04:21:15.260Z,-6.3,147.647,63.9,4.7,mb,80,,,0.98,us,usp000afgg,2014-11-07T01:12:50.519Z,"36 km NW of Finschhafen, Papua New Guinea",earthquake,,3.8,,23,reviewed,us,us
2001-05-25T03:05:57.910Z,50.051,18.496,5,2.5,m,6,,,0.84,us,usp000afgd,2014-11-07T01:12:50.514Z,"1 km E of Radlin, Poland",earthquake,,,,,reviewed,us,war
2001-05-25T02:49:13.880Z,44.323,148.533,33,5,mb,162,,,0.97,us,usp000afgc,2014-11-07T01:12:50.500Z,"113 km SSE of Kuril’sk, Russia",earthquake,,,,81,reviewed,us,us
2001-05-25T02:29:59.160Z,30.429,138.916,392.2,4.2,mb,24,,,0.76,us,usp000afgb,2014-11-07T01:12:50.498Z,"Izu Islands, Japan region",earthquake,,7.9,,4,reviewed,us,us
2001-05-25T02:26:12.070Z,19.2081667,-155.4716667,4.366,2.58,ml,38,94,,0.1,hv,hv1315592,2020-03-31T21:54:29.480Z,"0 km NE of P?hala, Hawaii",earthquake,0.35,0.93,0.01,14,reviewed,hv,hv
2001-05-25T02:16:08.100Z,13.666,-88.64,33,4,mb,25,,,1.42,us,usp000afga,2014-11-07T01:12:50.494Z,"15 km E of Apastepeque, El Salvador",earthquake,,,,4,reviewed,us,us
2001-05-25T01:58:01.390Z,44.146,148.587,33,4.5,mb,20,,,1.08,us,usp000afg9,2014-11-07T01:12:50.492Z,"132 km SSE of Kuril’sk, Russia",earthquake,,,,6,reviewed,us,us
2001-05-25T01:53:47.280Z,44.155,148.574,33,5.1,mb,127,,,0.9,us,usp000afg8,2022-04-29T19:20:10.921Z,"131 km SSE of Kuril’sk, Russia",earthquake,,,,57,reviewed,us,us
2001-05-25T01:26:18.640Z,44.125,148.42,33,4.6,mb,59,,,1.06,us,usp000afg7,2014-11-07T01:12:50.476Z,"129 km SSE of Kuril’sk, Russia",earthquake,,,,27,reviewed,us,us
2001-05-25T00:54:52.430Z,44.099,148.453,33,4.7,mb,54,,,1.13,us,usp000afg4,2014-11-07T01:12:50.469Z,"133 km SSE of Kuril’sk, Russia",earthquake,,,,21,reviewed,us,us
2001-05-25T00:40:50.600Z,44.268,148.393,33,6.7,mwc,400,,,0.85,us,usp000afg1,2022-04-29T19:20:09.237Z,"114 km SSE of Kuril’sk, Russia",earthquake,,,,,reviewed,us,hrv
2001-05-25T00:25:49.880Z,-28.889,-71.022,46.2,4.9,mb,60,,,0.92,us,usp000afg0,2022-04-29T19:25:55.417Z,"43 km SW of Vallenar, Chile",earthquake,,,,23,reviewed,us,us
2001-05-24T23:56:23.360Z,39.948,77.196,38.7,4.3,mb,18,,,1.04,us,usp000affy,2014-11-07T01:12:50.410Z,"116 km ENE of Kashgar, China",earthquake,,15.7,,7,reviewed,us,us
2001-05-24T23:47:42.900Z,4.084,95.153,99.6,4.1,mb,30,,,1.21,us,usp000affx,2014-11-07T01:12:50.406Z,"108 km W of Meulaboh, Indonesia",earthquake,,28.3,,2,reviewed,us,us
2001-05-24T23:39:33.390Z,40.601,142.344,46.8,4.7,mb,60,,,1.12,us,usp000affw,2014-11-07T01:12:50.347Z,"near the east coast of Honshu, Japan",earthquake,,11.7,,34,reviewed,us,us
2001-05-24T22:44:48.064Z,52.5303,-169.7452,10,2.7,ml,,,,0.83,ak,ak0016mir1mu,2020-02-20T20:48:31.578Z,"75 km SW of Nikolski, Alaska",earthquake,,0,,,reviewed,ak,ak
2001-05-24T22:44:39.420Z,32.967,-109.302,0,2.8,ml,5,,,0.72,rusms,rusms00002510,2022-06-09T21:12:10.692Z,"9 km S of Clifton, Arizona",explosion,,,,,reviewed,us,us
2001-05-24T22:31:23.460Z,46.7035,-122.7661667,-0.42,3.3,md,17,61,0.05515,0.17,uw,uw10529018,2022-06-09T21:12:10.689Z,"13 km SE of Bucoda, Washington",explosion,0.644,1.21,0.04,4,reviewed,uw,uw
2001-05-24T22:15:08.840Z,-14.987,167.234,33,4.2,mb,29,,,1.33,us,usp000affv,2014-11-07T01:12:50.275Z,"18 km ENE of Port-Olry, Vanuatu",earthquake,,,,4,reviewed,us,us
2001-05-24T22:02:29.560Z,40.207,19.565,29.8,3.9,md,28,,,1.24,us,usp000affu,2014-11-07T01:12:50.270Z,"15 km SSE of Orikum, Albania",earthquake,,4.7,,,reviewed,us,ath
2001-05-24T21:56:29.310Z,26.723,53.389,33,4.5,mb,60,,,1,us,usp000afft,2014-11-07T01:12:50.264Z,"65 km WNW of K?sh, Iran",earthquake,,,,39,reviewed,us,us
2001-05-24T21:52:41.400Z,34.6616667,-116.3236667,4.489,2.73,mc,22,79,0.1676,0.15,ci,ci9655597,2016-04-02T08:11:33.396Z,"16km WSW of Ludlow, CA",earthquake,0.43,17.52,0.328,31,reviewed,ci,ci
2001-05-24T21:00:31.800Z,-30.279,-177.18,33,4.2,mb,7,,,1.12,us,usp000affs,2014-11-07T01:12:50.262Z,"Kermadec Islands, New Zealand",earthquake,,,,2,reviewed,us,us
2001-05-24T20:58:31.520Z,-30.308,-177.382,33,4.7,mb,25,,,1.1,us,usp000affr,2014-11-07T01:12:50.258Z,"Kermadec Islands, New Zealand",earthquake,,,,12,reviewed,us,us
2001-05-24T20:00:45.170Z,33.018,-109.363,0,2.5,ml,5,,,0.77,rusms,rusms00002508,2022-06-09T21:12:10.686Z,"6 km S of Morenci, Arizona",explosion,,,,,reviewed,us,us
2001-05-24T19:59:22.300Z,-32.914,-73.138,12.8,3.8,md,4,,,,us,usp000affq,2014-11-07T01:12:50.247Z,"141 km W of Valparaíso, Chile",earthquake,,,,,reviewed,guc,guc
2001-05-24T19:22:01.330Z,32.911,47.451,33,4.4,mb,37,,,1.13,us,usp000affn,2014-11-07T01:12:50.243Z,"9 km SSE of ?bd?n?n, Iran",earthquake,,,,17,reviewed,us,us
2001-05-24T18:36:29.050Z,35.7956667,-118.049,7.732,2.64,ml,37,35,0.06787,0.14,ci,ci9655537,2016-04-02T08:11:03.534Z,"20km SW of Little Lake, CA",earthquake,0.32,1.25,0.27,33,reviewed,ci,ci
2001-05-24T18:07:55.440Z,-38.868,175.392,260.9,5.5,mwb,107,,,0.94,us,usp000affm,2025-12-19T22:48:46.611Z,"38 km WNW of Turangi, New Zealand",earthquake,,,,,reviewed,us,us
2001-05-24T18:04:40.590Z,40.283,-107.804,0,2.9,ml,11,,,0.41,rusms,rusms00002507,2022-06-09T21:12:10.682Z,"28 km NNE of Meeker, Colorado",explosion,,,,,reviewed,us,us
2001-05-24T17:34:01.020Z,45.688,26.416,141.6,5.2,mwc,333,,,1.08,us,usp000affk,2025-12-19T22:48:45.200Z,"14 km SE of Comand?u, Romania",earthquake,,,,,reviewed,us,hrv
2001-05-24T16:53:49.800Z,-32.426,-71.588,0,3.9,md,11,,,,us,usp000affh,2014-11-07T01:12:50.197Z,"33 km W of La Ligua, Chile",earthquake,,,,,reviewed,guc,guc
2001-05-24T16:53:25.170Z,31.517,49.89,33,3.5,mb,5,,,0.76,us,usp000affg,2014-11-07T01:12:50.196Z,"37 km NE of R?mhormoz, Iran",earthquake,,,,1,reviewed,us,us
2001-05-24T16:07:43.560Z,35.944,69.879,137,3.6,mb,11,,,1.05,us,usp000afff,2014-11-07T01:12:50.194Z,"68 km ESE of Nahr?n, Afghanistan",earthquake,,17.4,,2,reviewed,us,us
2001-05-24T15:09:49.830Z,31.483,49.79,33,4.4,mb,25,,,0.95,us,usp000affd,2014-11-07T01:12:50.190Z,"28 km NE of R?mhormoz, Iran",earthquake,,,,10,reviewed,us,us
2001-05-24T15:05:40.270Z,-60.685,-19.498,10,4.7,mb,31,,,1.18,us,usp000affc,2014-11-07T01:12:50.186Z,"east of the South Sandwich Islands",earthquake,,,,10,reviewed,us,us
2001-05-24T15:04:01.830Z,36.247,71.345,127.4,3.2,mb,8,,,0.6,us,usp000affb,2014-11-07T01:12:50.184Z,"51 km SSW of Ashk?sham, Afghanistan",earthquake,,17.7,,1,reviewed,us,us
2001-05-24T14:49:54.400Z,-31.571,-69.881,144.5,3.6,md,11,,,,us,usp000affa,2014-11-07T01:12:50.182Z,"51 km WSW of Calingasta, Argentina",earthquake,,,,,reviewed,guc,guc
2001-05-24T14:28:39.400Z,-32.972,-72.264,19.4,3.8,md,14,,,,us,usp000aff9,2014-11-07T01:12:50.180Z,"Off the coast of Valparaiso, Chile",earthquake,,,,,reviewed,guc,guc
2001-05-24T14:07:36.980Z,-24.874,-176.083,33,4.8,mb,30,,,0.98,us,usp000aff8,2014-11-07T01:12:50.177Z,"south of the Fiji Islands",earthquake,,,,12,reviewed,us,us
2001-05-24T14:04:40.950Z,-6.067,130.257,100,4.4,mb,12,,,0.92,us,usp000aff7,2014-11-07T01:12:50.176Z,"280 km W of Tual, Indonesia",earthquake,,,,5,reviewed,us,us
2001-05-24T13:29:56.007Z,63.2838,-151.647,10,2.5,ml,,,,1.01,ak,ak0016mday28,2020-02-20T20:48:39.134Z,"28 km S of Denali National Park, Alaska",earthquake,,0,,,reviewed,ak,ak
2001-05-24T12:59:09.790Z,-5.769,151.058,63.3,5.1,mwc,205,,,0.8,us,usp000aff5,2022-04-29T19:20:07.512Z,"New Britain region, Papua New Guinea",earthquake,,2.3,,,reviewed,us,hrv
2001-05-24T12:51:42.670Z,19.4566667,-155.4246667,7.085,2.62,ml,40,37,,0.12,hv,hv1315538,2020-03-31T21:54:28.520Z,"20 km W of Volcano, Hawaii",earthquake,0.33,0.6,0.1,15,reviewed,hv,hv
2001-05-24T12:32:49.050Z,34.7196667,-116.3031667,2.869,2.89,ml,29,94,0.1126,0.16,ci,ci9655473,2016-04-02T14:37:07.503Z,"13km W of Ludlow, CA",earthquake,0.34,0.81,0.234,89,reviewed,ci,ci
2001-05-24T12:11:24.600Z,-30.86,-71.666,60.3,3.5,md,13,,,,us,usp000aff3,2014-11-07T01:12:50.154Z,"53 km WSW of Ovalle, Chile",earthquake,,,,,reviewed,guc,guc
2001-05-24T12:07:52.768Z,59.6122,-153.0208,106.9,2.7,ml,,,,0.65,ak,ak0016mcksgc,2020-02-20T20:48:39.824Z,"64 km ESE of Pedro Bay, Alaska",earthquake,,1,,,reviewed,ak,ak
2001-05-24T11:46:47.380Z,37.5728333,-118.8691667,2.757,2.83,md,36,101,0.03604,0.04,nc,nc21166089,2017-01-01T12:48:13.940Z,"12 km SE of Mammoth Lakes, California",earthquake,0.21,0.36,0.11,56,reviewed,nc,nc
2001-05-24T11:31:41.440Z,50.637,157.621,33,4.1,mb,12,,,1,us,usp000aff0,2014-11-07T01:12:50.145Z,"Kuril Islands",earthquake,,,,3,reviewed,us,us
2001-05-24T11:30:39.120Z,13.145,125.757,33,4.5,mb,43,,,0.91,us,usp000afez,2014-11-07T01:12:50.141Z,"90 km NE of Cabatuan, Philippines",earthquake,,,,24,reviewed,us,us
2001-05-24T10:40:00.130Z,-15.55,167.648,150.9,5.2,mb,96,,,1,us,usp000afey,2014-11-07T01:12:50.130Z,"52 km E of Luganville, Vanuatu",earthquake,,15.8,,30,reviewed,us,us
2001-05-24T09:42:00.210Z,-27.481,-177.909,295.5,4.6,mb,80,,,0.91,us,usp000afex,2014-11-07T01:12:50.123Z,"Kermadec Islands region",earthquake,,32.8,,27,reviewed,us,us
2001-05-24T08:39:04.870Z,-28.671,-69.147,97.4,4.3,mb,12,,,1.15,us,usp000afev,2014-11-07T01:12:50.121Z,"92 km W of Vinchina, Argentina",earthquake,,11.1,,1,reviewed,us,us
2001-05-24T08:14:53.700Z,-32.773,-73.099,27.1,4,md,4,,,,us,usp000afeu,2014-11-07T01:12:50.119Z,"140 km WNW of Valparaíso, Chile",earthquake,,,,,reviewed,guc,guc
2001-05-24T06:47:33.500Z,39.3,27.49,40,3.7,md,12,,,,us,usp000afer,2014-11-07T01:12:50.115Z,"16 km NW of Soma, Turkey",earthquake,,,,,reviewed,ath,ath
2001-05-24T06:32:45.550Z,39.349,27.737,10,3.6,md,6,,,0.54,us,usp000afep,2014-11-07T01:12:50.112Z,"7 km ESE of Sava?tepe, Turkey",earthquake,,,,,reviewed,us,ath
2001-05-24T06:25:58.920Z,39.438,27.789,33,3.6,mb,34,,,1.01,us,usp000afen,2014-11-07T01:12:50.109Z,"12 km ENE of Sava?tepe, Turkey",earthquake,,,,8,reviewed,us,us
2001-05-24T05:57:53.100Z,-13.771,167.257,207.4,4.5,mb,63,,,0.96,us,usp000afem,2014-11-07T01:12:50.102Z,"33 km WNW of Sola, Vanuatu",earthquake,,,,15,reviewed,us,us
2001-05-24T05:03:45.280Z,-24.164,-175.818,33,4.7,mb,32,,,1.01,us,usp000afek,2014-11-07T01:12:50.098Z,"south of Tonga",earthquake,,,,16,reviewed,us,us
2001-05-24T04:55:28.520Z,39.38,27.777,33,3.9,md,12,,,1.26,us,usp000afej,2014-11-07T01:12:50.097Z,"10 km E of Sava?tepe, Turkey",earthquake,,,,,reviewed,us,ath
2001-05-24T04:22:51.360Z,35.905,139.883,93.1,4.2,mb,38,,,1.12,us,usp000afeh,2014-11-07T01:12:50.093Z,"3 km ENE of Yoshikawa, Japan",earthquake,,13,,17,reviewed,us,us
2001-05-24T03:44:16.220Z,-15.617,172.498,33,4.2,mb,12,,,1.02,us,usp000afeg,2014-11-07T01:12:50.092Z,"Vanuatu region",earthquake,,,,3,reviewed,us,us
2001-05-24T03:23:45.800Z,-18.97,-12.177,10,4.6,mb,23,,,1.27,us,usp000afef,2014-11-07T01:12:50.089Z,"southern Mid-Atlantic Ridge",earthquake,,,,16,reviewed,us,us
2001-05-24T03:18:09.750Z,39.297,27.925,15.9,4,mb,50,,,1.18,us,usp000afee,2014-11-07T01:12:50.083Z,"20 km WSW of Bigadiç, Turkey",earthquake,,6,,22,reviewed,us,us
2001-05-24T03:01:57.500Z,-30.453,-71.956,42.5,4.1,md,11,,,,us,usp000afec,2014-11-07T01:12:50.080Z,"74 km WNW of Ovalle, Chile",earthquake,,,,,reviewed,guc,guc
2001-05-24T02:55:55.843Z,60.3543,-152.8923,140.3,3.5,ml,,,,0.93,ak,ak0016m6wr0g,2020-02-20T20:48:41.305Z,"75 km WNW of Ninilchik, Alaska",earthquake,,0.8,,,reviewed,ak,ak
2001-05-24T02:40:40.670Z,40.3715,-111.9288333,8.4,3.29,ml,42,45,0.06206,0.3,uu,uu50241445,2019-06-28T18:47:43.989Z,"3 km NW of Saratoga Springs, Utah",earthquake,0.53,0.89,,10,reviewed,uu,uu
2001-05-24T02:33:50.280Z,9.702,125.527,33,4.8,mb,47,,,1.05,us,usp000afe9,2014-11-07T01:12:50.071Z,"4 km N of Sison, Philippines",earthquake,,,,26,reviewed,us,us
2001-05-24T02:31:34.190Z,11.452,125.789,33,3.6,mb,10,,,0.71,us,usp000afe8,2014-11-07T01:12:50.070Z,"23 km NE of Hernani, Philippines",earthquake,,,,1,reviewed,us,us
2001-05-24T02:23:39.950Z,24.979,103.095,10,4.5,mb,26,,,1.22,us,usp000afe7,2014-11-07T01:12:50.066Z,"29 km NW of Shilin, China",earthquake,,,,8,reviewed,us,us
2001-05-24T01:36:19.580Z,42.565,1.317,10,3.3,ml,32,,,0.99,us,usp000afe5,2014-11-07T01:12:50.058Z,"8 km NNE of Farrera, Spain",earthquake,,,,,reviewed,us,ldg
2001-05-24T01:07:04.613Z,60.5292,-152.2407,90.7,3.4,ml,,,,0.71,ak,ak0016m60x31,2020-02-20T20:48:42.132Z,"51 km W of Salamatof, Alaska",earthquake,,0.3,,,reviewed,ak,ak
2001-05-24T00:51:19.450Z,-5.126,151.806,107.2,4.8,mb,55,,,1.09,us,usp000afe3,2014-11-07T01:12:50.051Z,"100 km SSW of Kokopo, Papua New Guinea",earthquake,,,,22,reviewed,us,us
2001-05-24T00:33:08.410Z,-20.346,-67.253,204.3,5.3,mwc,192,,,0.97,us,usp000afe2,2025-12-19T22:48:44.088Z,"33 km W of Colchani, Bolivia",earthquake,,,,,reviewed,us,hrv
2001-05-24T00:21:15.350Z,30.34,67.732,33,4.7,mb,91,,,1.16,us,usp000afe1,2014-11-07T01:12:50.026Z,"4 km S of Ziarat, Pakistan",earthquake,,,,61,reviewed,us,us
2001-05-23T23:59:48.760Z,35.8001667,-118.0441667,7.01,2.51,mc,35,45,0.07369,0.15,ci,ci9655289,2016-04-02T14:35:58.087Z,"20km SW of Little Lake, CA",earthquake,0.3,1.27,0.27,33,reviewed,ci,ci
2001-05-23T23:42:08.960Z,5.619,123.913,564.3,4.2,mb,33,,,0.81,us,usp000afdy,2014-11-07T01:12:50.019Z,"72 km SSW of Palimbang, Philippines",earthquake,,7.6,,13,reviewed,us,us
2001-05-23T22:49:17.760Z,33.043,-109.305,0,2.7,ml,5,,,0.36,rusms,rusms00002506,2022-06-09T21:12:10.679Z,"1 km SW of Clifton, Arizona",explosion,,,,,reviewed,us,us
2001-05-23T22:18:14.760Z,51.624,16.164,5,3.4,ml,23,,,0.7,us,usp000afdx,2014-11-07T01:12:50.015Z,"2 km N of Gr?bocice, Poland",earthquake,,,,,reviewed,us,vie
2001-05-23T22:02:05.700Z,-32.003,-71.198,80.6,3.2,md,9,,,,us,usp000afdw,2014-11-07T01:12:50.013Z,"33 km SW of Salamanca, Chile",earthquake,,,,,reviewed,guc,guc
2001-05-23T21:59:28.324Z,63.6933,-149.7107,7.8,2.5,ml,,,,0.84,ak,ak0016kupfr4,2020-02-20T20:48:49.840Z,"39 km W of McKinley Park, Alaska",earthquake,,0.9,,,reviewed,ak,ak
2001-05-23T21:30:45.500Z,37.19,28.77,5,3.7,md,4,,,,us,usp000afdu,2014-11-07T01:12:50.010Z,"28 km SSW of Kale, Turkey",earthquake,,,,,reviewed,ath,ath
2001-05-23T21:27:21.970Z,-10.234,120.304,33,5.3,mb,108,,,1.14,us,usp000afdt,2014-11-07T01:12:50.000Z,"64 km S of Waingapu, Indonesia",earthquake,,,,28,reviewed,us,us
2001-05-23T21:26:38.010Z,-17.449,-178.833,600,4.1,mb,16,,,0.8,us,usp000afds,2014-11-07T01:12:49.998Z,"207 km ENE of Levuka, Fiji",earthquake,,,,5,reviewed,us,us
2001-05-23T21:25:43.700Z,43.017,0.162,2,2.5,ml,11,,,,us,usp000afdr,2014-11-07T01:12:49.996Z,"1 km W of Campan, France",earthquake,,,,,reviewed,ldg,ldg
2001-05-23T21:20:54.390Z,27.697,100.885,33,4.2,mb,20,,,1.06,us,usp000afdq,2014-11-07T01:12:49.993Z,"112 km NE of Lijiang, China",earthquake,,,,6,reviewed,us,us
2001-05-23T21:10:43.960Z,27.689,101.003,33,5.5,mwc,168,,,1.01,us,usp000afdp,2022-04-29T19:20:06.276Z,"119 km NE of Lijiang, China",earthquake,,,,,reviewed,us,hrv
2001-05-23T19:33:09.460Z,13.81,145.78,33,4.4,mb,14,,,1.09,us,usp000afdn,2014-11-07T01:12:49.967Z,"101 km ENE of Yigo Village, Guam",earthquake,,,,4,reviewed,us,us
2001-05-23T19:32:22.740Z,34.0263333,-116.7615,12.565,2.55,ml,63,19,0.04424,0.23,ci,ci9655233,2016-04-01T22:28:06.502Z,"12km N of Cabazon, CA",earthquake,0.25,0.57,0.213,44,reviewed,ci,ci
2001-05-23T19:26:10.580Z,34.0215,-116.752,14.455,2.67,mc,32,47,0.05316,0.14,ci,ci9655221,2016-04-02T14:34:30.308Z,"12km NNE of Cabazon, CA",earthquake,0.3,0.48,0.678,18,reviewed,ci,ci
2001-05-23T19:16:01.500Z,51.09,15.754,5,3,ml,10,,,0.79,us,usp000afdm,2014-11-07T01:12:49.964Z,"9 km NE of Wle?, Poland",earthquake,,,,,reviewed,us,vie
2001-05-23T19:10:34.500Z,34.0238333,-116.7571667,13.185,3.78,ml,87,20,0.04838,0.21,ci,ci9655209,2022-06-18T03:30:32.380Z,"12km NNE of Cabazon, CA",earthquake,0.21,0.41,0.304,274,reviewed,ci,ci
2001-05-23T19:02:30.490Z,-10.697,122.282,33,4,mb,8,,,1.24,us,usp000afdj,2014-11-07T01:12:49.961Z,"156 km WSW of Kupang, Indonesia",earthquake,,,,1,reviewed,us,us
2001-05-23T18:02:05.970Z,-23.012,-114.256,10,5.3,mwc,92,,,0.77,us,usp000afdh,2025-12-19T22:49:40.720Z,"Easter Island region",earthquake,,,,,reviewed,us,hrv
2001-05-23T17:52:48.890Z,35.9886667,-118.3326667,3.882,2.75,ml,35,71,0.1642,0.25,ci,ci9655177,2016-04-01T19:13:40.620Z,"27km NNE of Kernville, CA",earthquake,0.52,24.22,0.237,33,reviewed,ci,ci
2001-05-23T17:45:22.200Z,-32.608,-73.022,22.2,3.4,md,5,,,,us,usp000afdf,2014-11-07T01:12:49.948Z,"138 km WNW of Valparaíso, Chile",earthquake,,,,,reviewed,guc,guc
2001-05-23T17:09:15.680Z,51.619,16.093,5,3.7,mb,62,,,1.01,us,usp000afde,2014-11-07T01:12:49.940Z,"4 km S of G?ogów, Poland",earthquake,,,,2,reviewed,us,us
2001-05-23T16:45:18.800Z,49.132,6.859,1,3.4,ml,34,,,,us,usp000afdd,2014-11-07T01:12:49.936Z,"1 km S of Cocheren, France",earthquake,,,,,reviewed,ldg,ldg
2001-05-23T16:32:50.700Z,38.69,20.94,5,3.3,md,7,,,,us,usp000afdc,2014-11-07T01:12:49.934Z,"1 km SSW of Kandíla, Greece",earthquake,,,,,reviewed,ath,ath
2001-05-23T16:19:35.270Z,-5.896,146.852,97.3,4.1,mb,20,,,1.06,us,usp000afdb,2014-11-07T01:12:49.932Z,"92 km N of Lae, Papua New Guinea",earthquake,,11.3,,8,reviewed,us,us
2001-05-23T15:35:23.170Z,-17.708,-178.703,567.2,5.6,mwc,178,,,0.81,us,usp000afda,2022-04-29T19:20:00.107Z,"213 km E of Levuka, Fiji",earthquake,,,,,reviewed,us,hrv
2001-05-23T15:11:27.990Z,35.458,27.905,33,4.4,mb,117,,,1.14,us,usp000afd9,2014-11-07T01:12:49.902Z,"63 km E of Karpathos, Greece",earthquake,,,,69,reviewed,us,us
2001-05-23T15:05:16.620Z,23.795,121.776,33,4.2,mb,11,,,1.11,us,usp000afd8,2014-11-07T01:12:49.899Z,"26 km SE of Hualien City, Taiwan",earthquake,,,,2,reviewed,us,us
2001-05-23T14:52:56.130Z,54.236,169.402,33,3.8,mb,8,,,1.11,us,usp000afd7,2014-11-07T01:12:49.898Z,"294 km WNW of Attu Station, Alaska",earthquake,,,,3,reviewed,us,us
2001-05-23T14:39:25.100Z,17.067,-100.474,20,4.1,md,14,,,,us,usp000afd6,2014-11-07T01:12:49.896Z,"3 km S of Hacienda de Cabañas, Mexico",earthquake,,,,,reviewed,unm,unm
2001-05-23T14:31:13.260Z,29.991,51.23,33,4.7,mb,77,,,0.71,us,usp000afd5,2014-11-07T01:12:49.888Z,"31 km WSW of N?r?b?d, Iran",earthquake,,,,40,reviewed,us,us
2001-05-23T13:34:15.590Z,51.643,7.688,10,3.2,ml,13,,,0.64,us,usp000afd4,2014-11-07T01:12:49.885Z,"4 km NE of Bergkamen, Germany",earthquake,,,,,reviewed,us,ldg
2001-05-23T12:56:01.840Z,9.633,-84.449,33,4.4,mb,27,,,0.99,us,usp000afd3,2014-11-07T01:12:49.872Z,"18 km NW of Parrita, Costa Rica",earthquake,,,,12,reviewed,us,us
2001-05-23T12:12:16.050Z,13.719,145.083,33,4.5,mb,20,,,1.14,us,usp000afd2,2014-11-07T01:12:49.870Z,"29 km NE of Yigo Village, Guam",earthquake,,,,5,reviewed,us,us
2001-05-23T12:00:43.388Z,38.7693,-119.1902,13.6,2.5,ml,21,115.29,0.219,0.1314,nn,nn00030028,2018-04-24T22:14:10.457Z,"12 km ESE of Smith, Nevada",earthquake,,1.5,,,reviewed,nn,nn
2001-05-23T11:08:44.900Z,48.884,154.98,33,3.6,mb,13,,,0.75,us,usp000afd0,2014-11-07T01:12:49.867Z,"215 km SSW of Severo-Kuril’sk, Russia",earthquake,,,,1,reviewed,us,us
2001-05-23T11:05:33.500Z,-32.657,-70.089,119.7,3.3,md,12,,,,us,usp000afcz,2014-11-07T01:12:49.865Z,"51 km ENE of Los Andes, Chile",earthquake,,,,,reviewed,guc,guc
2001-05-23T10:56:31.860Z,36.2398333,-89.3191667,13.71,2.7,md,28,104,0.03849,0.09,nm,nm604847,2016-11-17T13:18:33.940Z,"10 km SSW of Hornbeak, Tennessee",earthquake,0.6,0.8,0.138,20,reviewed,nm,nm
2001-05-23T10:07:12.450Z,12.656,-88.159,33,4.2,mb,28,,,0.74,us,usp000afcy,2014-11-07T01:12:49.861Z,"60 km S of Intipucá, El Salvador",earthquake,,,,16,reviewed,us,us
2001-05-23T07:42:31.450Z,39.1468333,-110.845,16.86,2.61,ml,17,103,0.191,0.21,uu,uu50241375,2018-08-28T19:13:07.670Z,"16 km ESE of Castle Dale, Utah",earthquake,0.6,0.79,,3,reviewed,uu,uu
2001-05-23T07:03:00.530Z,34.7248333,-116.301,3.939,2.96,ml,37,62,0.108,0.2,ci,ci9655053,2016-04-02T08:12:25.281Z,"13km W of Ludlow, CA",earthquake,0.34,0.71,0.223,104,reviewed,ci,ci
2001-05-23T05:43:26.430Z,17.685,-101.731,33,3.9,mb,30,,,1.17,us,usp000afcw,2014-11-07T01:12:49.856Z,"9 km WNW of Ixtapa, Mexico",earthquake,,,,9,reviewed,us,us
2001-05-23T03:19:08.730Z,-24.003,-66.878,185.5,3.2,mb,14,,,0.78,us,usp000afct,2014-11-07T01:12:49.850Z,"61 km WNW of San Antonio de los Cobres, Argentina",earthquake,,11.7,,1,reviewed,us,us
2001-05-23T02:31:06.020Z,-5.359,152.977,86,4.4,mb,26,,,1.08,us,usp000afcr,2014-11-07T01:12:49.844Z,"137 km SE of Kokopo, Papua New Guinea",earthquake,,11.9,,6,reviewed,us,us
2001-05-23T02:15:47.000Z,49.86,-129.62,10,3.5,ml,6,,,,us,usp000afcq,2014-11-07T01:12:49.842Z,"198 km WSW of Port McNeill, Canada",earthquake,,,,,reviewed,pgc,pgc
2001-05-23T01:02:21.500Z,15.356,-93.59,129.6,4.1,md,4,,,,us,usp000afcm,2014-11-07T01:12:49.805Z,"43 km WSW of El Palmarcito, Mexico",earthquake,,,,,reviewed,unm,unm
2001-05-23T00:49:26.530Z,17.542,94.928,54.2,4,mb,21,,,0.85,us,usp000afck,2014-11-07T01:12:49.750Z,"57 km WSW of Hinthada, Myanmar",earthquake,,,,2,reviewed,us,us
2001-05-23T00:43:53.380Z,15.729,-93.523,78.2,4.2,mb,26,,,1.11,us,usp000afcj,2014-11-07T01:12:49.745Z,"11 km SE of Manuel Ávila Camacho (Ponte Duro), Mexico",earthquake,,,,8,reviewed,us,us
2001-05-23T00:39:42.000Z,18.374,-104.819,13,4,md,6,,,,us,usp000afch,2014-11-07T01:12:49.744Z,"93 km S of Barra de Navidad, Mexico",earthquake,,,,,reviewed,unm,unm
2001-05-23T00:04:50.250Z,-26.303,179.229,600,4.4,mb,12,,,0.46,us,usp000afcg,2014-11-07T01:12:49.742Z,"south of the Fiji Islands",earthquake,,,,3,reviewed,us,us
2001-05-23T00:02:11.260Z,-17.703,-178.881,600,4.2,mb,38,,,0.59,us,usp000afcf,2014-11-07T01:12:49.737Z,"195 km ENE of Levuka, Fiji",earthquake,,,,18,reviewed,us,us
2001-05-22T23:32:53.721Z,51.4136,-177.4374,16.8,3,ml,,,,0.48,ak,ak0016j8783g,2020-02-20T20:48:52.175Z,"75 km SW of Adak, Alaska",earthquake,,1.8,,,reviewed,ak,ak
2001-05-22T22:10:56.600Z,-22.633,-68.249,147.6,4.5,mb,18,,,1.43,us,usp000afcc,2014-11-07T01:12:49.731Z,"31 km N of San Pedro de Atacama, Chile",earthquake,,8.4,,4,reviewed,us,us
2001-05-22T21:46:04.000Z,46.7068333,-122.7586667,0.371,3,md,6,137,0.05332,0.08,uw,uw10528163,2022-06-09T21:12:10.674Z,"13 km SE of Bucoda, Washington",explosion,0.8,0.87,0.03,3,reviewed,uw,uw
2001-05-22T21:13:41.270Z,-5.686,130.996,33,4,mb,7,,,1.35,us,usp000afca,2014-11-07T01:12:49.728Z,"194 km W of Tual, Indonesia",earthquake,,,,2,reviewed,us,us
2001-05-22T21:05:48.600Z,-34.421,-71.274,65.7,3.1,md,9,,,,us,usp000afc8,2014-11-07T01:12:49.725Z,"17 km W of San Vicente, Chile",earthquake,,,,,reviewed,guc,guc
2001-05-22T20:53:43.930Z,-0.301,97.513,33,4.8,mb,32,,,0.93,us,usp000afc7,2014-11-07T01:12:49.721Z,"266 km SSW of Sibolga, Indonesia",earthquake,,,,12,reviewed,us,us
2001-05-22T20:38:11.650Z,-15.418,-70.631,192.6,4.4,mb,66,,,1.03,us,usp000afc6,2014-11-07T01:12:49.715Z,"20 km S of Palca, Peru",earthquake,,6.5,,31,reviewed,us,us
2001-05-22T20:34:23.270Z,33.066,-109.337,0,2.7,ml,5,,,0.42,rusms,rusms00002503,2022-06-09T21:12:10.672Z,"2 km ESE of Morenci, Arizona",explosion,,,,,reviewed,us,us
2001-05-22T20:26:28.300Z,43.13,-1.006,2,2.6,ml,20,,,,us,usp000afc5,2014-11-07T01:12:49.713Z,"14 km SW of Mauléon-Licharre, France",earthquake,,,,,reviewed,ldg,ldg
2001-05-22T20:02:25.620Z,43.783,-105.364,0,3.2,ml,10,,,1.04,rusms,rusms00002502,2022-06-09T21:12:10.668Z,"10 km ENE of Wright, Wyoming",explosion,,,,,reviewed,us,us
2001-05-22T19:18:08.402Z,57.6866,-156.4638,131.1,3.7,ml,,,,1.24,ak,ak0016j5qe5k,2020-02-20T20:48:53.462Z,"59 km ENE of Ugashik, Alaska",earthquake,,1,,,reviewed,ak,ak
2001-05-22T19:14:19.390Z,46.486,13.888,10,3,ml,17,,,1.08,us,usp000afc3,2014-11-07T01:12:49.705Z,"6 km N of Mojstrana, Slovenia",earthquake,,,,,reviewed,us,vie
2001-05-22T19:13:20.500Z,46.363,42.22,10,4.6,mb,85,,,1.2,us,usp000afc2,2020-09-18T18:22:05.539Z,"5 km WNW of Yashalta, Russia",earthquake,,,,44,reviewed,us,us
2001-05-22T19:12:05.800Z,51.607,16.077,5,4,ml,49,,,1.36,us,usp000afc1,2014-11-07T01:12:49.691Z,"6 km S of G?ogów, Poland",earthquake,,,,,reviewed,us,fur
2001-05-22T19:00:47.900Z,49.353,6.926,1,3.4,ml,40,,,,us,usp000afc0,2014-11-07T01:12:49.685Z,"1 km N of Heusweiler, Germany",earthquake,,,,,reviewed,ldg,ldg
2001-05-22T18:57:46.340Z,39.7576667,-122.855,5.004,3.38,ml,53,40,0.1495,0.12,nc,nc21165705,2017-01-01T12:37:12.980Z,"29 km WSW of Paskenta, California",earthquake,0.14,0.5,,12,reviewed,nc,nc
2001-05-22T18:20:35.200Z,-32.695,-72.982,22.1,3.5,md,8,,,,us,usp000afby,2014-11-07T01:12:49.680Z,"132 km WNW of Valparaíso, Chile",earthquake,,,,,reviewed,guc,guc
2001-05-22T18:18:10.690Z,-17.831,-178.129,550,4.4,mb,21,,,0.87,us,usp000afbx,2014-11-07T01:12:49.677Z,"271 km E of Levuka, Fiji",earthquake,,,,5,reviewed,us,us
2001-05-22T18:07:37.480Z,-4.642,145.605,33,4.2,mb,8,,,0.78,us,usp000afbw,2014-11-07T01:12:49.676Z,"67 km NNW of Madang, Papua New Guinea",earthquake,,,,1,reviewed,us,us
2001-05-22T18:06:55.930Z,-30.237,-177.198,33,4.6,mb,10,,,0.81,us,usp000afbv,2014-11-07T01:12:49.674Z,"Kermadec Islands, New Zealand",earthquake,,,,2,reviewed,us,us
2001-05-22T17:18:06.200Z,15.598,-98.275,16.1,4.1,md,5,,,,us,usp000afbu,2014-11-07T01:12:49.673Z,"71 km S of Corralero, Mexico",earthquake,,,,,reviewed,unm,unm
2001-05-22T15:29:33.740Z,19.55,-73.077,33,4.4,mb,29,,,0.73,us,usp000afbs,2014-11-07T01:12:49.667Z,"9 km SSW of Anse Rouge, Haiti",earthquake,,,,5,reviewed,us,us
2001-05-22T15:02:36.820Z,42.164,76.592,33,4.3,mb,14,,,1.11,us,usp000afbq,2014-11-07T01:12:49.664Z,"46 km SE of Balykchy, Kyrgyzstan",earthquake,,,,4,reviewed,us,us
2001-05-22T14:38:55.640Z,32.031,-115.7981667,6.104,2.66,mc,4,312,0.6712,0.06,ci,ci9654937,2016-04-02T11:30:12.786Z,"63km WSW of Alberto Oviedo Mota, B.C., MX",earthquake,2.15,13.42,0.166,4,reviewed,ci,ci
2001-05-22T13:53:16.500Z,-32.935,-73.14,19.2,4,md,13,,,,us,usp000afbp,2014-11-07T01:12:49.661Z,"141 km W of Valparaíso, Chile",earthquake,,,,,reviewed,guc,guc
2001-05-22T12:34:28.700Z,21.535,-99.208,16.7,4.1,md,11,,,,us,usp000afbn,2014-11-07T01:12:49.659Z,"13 km WSW of Tamápatz, Mexico",earthquake,,,,,reviewed,unm,unm
2001-05-22T12:24:33.950Z,-17.128,-178.714,400,3.8,mb,12,,,0.34,us,usp000afbm,2014-11-07T01:12:49.658Z,"218 km ESE of Labasa, Fiji",earthquake,,,,3,reviewed,us,us
2001-05-22T11:08:06.820Z,9.088,-82.919,55.4,4.6,mb,74,,,0.98,us,usp000afbj,2014-11-07T01:12:49.649Z,"30 km N of San Vito, Costa Rica",earthquake,,6.1,,30,reviewed,us,us
2001-05-22T09:22:13.120Z,33.332,140.25,33,3.7,mb,6,,,0.88,us,usp000afbh,2014-11-07T01:12:49.646Z,"186 km S of Tateyama, Japan",earthquake,,,,1,reviewed,us,us
2001-05-22T09:15:17.930Z,36.622,71.417,188.6,5.3,mwc,274,,,0.94,us,usp000afbg,2025-12-19T22:48:19.533Z,"12 km WSW of Ashk?sham, Afghanistan",earthquake,,,,,reviewed,us,hrv
2001-05-22T08:40:40.200Z,-32.889,-73.188,21.2,3.7,md,9,,,,us,usp000afbf,2014-11-07T01:12:49.620Z,"146 km W of Valparaíso, Chile",earthquake,,,,,reviewed,guc,guc
2001-05-22T08:26:17.360Z,16.591,-94.706,106.9,3.7,mb,11,,,0.74,us,usp000afbd,2014-11-07T01:12:49.616Z,"1 km WSW of La Blanca, Mexico",earthquake,,11.9,,2,reviewed,us,us
2001-05-22T07:48:18.710Z,39.7558333,-122.855,3.044,3.14,md,42,50,0.1477,0.1,nc,nc21165599,2017-01-01T12:35:34.950Z,"30 km WSW of Paskenta, California",earthquake,0.17,1.61,0.09,80,reviewed,nc,nc
2001-05-22T07:27:28.250Z,39.753,-122.8561667,-0.216,3.01,md,40,50,0.1468,0.12,nc,nc21165590,2017-01-01T12:35:20.410Z,"30 km WSW of Paskenta, California",earthquake,0.17,3.03,0.1,73,reviewed,nc,nc
2001-05-22T06:00:18.480Z,13.022,-88.966,33,4,mb,10,,,1.34,us,usp000afba,2014-11-07T01:12:49.610Z,"52 km SW of Jiquilisco, El Salvador",earthquake,,,,3,reviewed,us,us
2001-05-22T05:45:44.130Z,42.738,144.134,33,4.6,mb,16,,,1.28,us,usp000afb9,2014-11-07T01:12:49.609Z,"32 km SW of Kushiro, Japan",earthquake,,,,5,reviewed,us,us
2001-05-22T03:40:55.640Z,-7.673,-73.304,268.1,4.1,mb,32,,,0.92,us,usp000afb4,2014-11-07T01:12:49.599Z,"45 km W of Mâncio Lima, Brazil",earthquake,,14.9,,8,reviewed,us,us
2001-05-22T03:36:29.120Z,37.105,-3.806,10,3.5,mb,44,,,1.37,us,usp000afb3,2014-11-07T01:12:49.593Z,"3 km SSE of Chimeneas, Spain",earthquake,,,,1,reviewed,us,us
2001-05-22T03:26:47.110Z,-17.647,-177.678,400,4.1,mb,17,,,0.62,us,usp000afb2,2014-11-07T01:12:49.591Z,"Fiji region",earthquake,,,,7,reviewed,us,us
2001-05-22T02:56:59.590Z,15.496,-60.376,131,3.6,md,12,,,,us,usp000afb1,2014-11-07T01:12:49.589Z,"94 km E of Castle Bruce, Dominica",earthquake,,,,,reviewed,trn,trn
2001-05-22T01:58:11.040Z,-41.805,173.746,33,4.2,mb,52,,,1.05,us,usp000afaz,2014-11-07T01:12:49.583Z,"36 km SSW of Blenheim, New Zealand",earthquake,,,,3,reviewed,us,us
2001-05-22T01:45:41.350Z,-4.283,-80.721,33,4.8,mb,16,,,1.1,us,usp000afay,2014-11-07T01:12:49.581Z,"18 km E of La Breita, Peru",earthquake,,,,4,reviewed,us,us
2001-05-22T01:40:43.380Z,-31.295,-68.437,100,3.7,md,13,,,0.91,us,usp000afax,2014-11-07T01:12:49.579Z,"16 km NNE of San Martín, Argentina",earthquake,,,,,reviewed,us,guc
2001-05-22T01:25:46.960Z,35.8111667,-120.5426667,6.161,2.68,mc,6,163,0.3444,0.19,ci,ci9654805,2016-02-17T00:30:09.962Z,"14km SW of Parkfield, California",earthquake,1.79,20.1,0.25,28,reviewed,ci,ci
2001-05-22T01:25:29.500Z,36.6753333,-121.2978333,4.566,3.19,ml,74,39,0.04955,0.06,nc,nc21165486,2017-01-01T12:33:40.060Z,"12 km S of Tres Pinos, California",earthquake,0.11,0.33,,12,reviewed,nc,nc
2001-05-22T00:40:39.420Z,40.464,-124.8456667,12.097,3.9,mw,72,241,0.3883,0.1,nc,nc21165479,2017-03-17T16:35:27.679Z,"50 km WSW of Ferndale, California",earthquake,0.46,0.91,,4,reviewed,nc,nc
2001-05-22T00:40:19.760Z,-24.048,-66.824,207.7,3.9,mb,16,,,1.43,us,usp000afau,2014-11-07T01:12:49.572Z,"54 km WNW of San Antonio de los Cobres, Argentina",earthquake,,21,,5,reviewed,us,us
2001-05-22T00:35:54.000Z,36.6748333,-121.2975,4.226,2.81,md,70,40,0.05045,0.05,nc,nc21165478,2017-01-01T12:33:14.620Z,"12 km S of Tres Pinos, California",earthquake,0.08,0.28,0.1,90,reviewed,nc,nc
2001-05-22T00:12:29.620Z,-4.206,152.778,33,5.1,mwc,94,,,0.75,us,usp000afar,2022-04-29T19:16:10.042Z,"58 km ENE of Kokopo, Papua New Guinea",earthquake,,,,,reviewed,us,hrv
2001-05-21T23:31:33.700Z,-23.274,179.18,600,4.7,mb,20,,,1.26,us,usp000afap,2014-11-07T01:12:49.554Z,"south of the Fiji Islands",earthquake,,,,5,reviewed,us,us
2001-05-21T23:24:08.580Z,5.614,127.201,33,4.3,mb,12,,,1.28,us,usp000afan,2014-11-07T01:12:49.552Z,"140 km SE of Pondaguitan, Philippines",earthquake,,,,5,reviewed,us,us
2001-05-21T23:15:47.610Z,-30.012,-179.102,250,4.6,mb,55,,,1.13,us,usp000afam,2014-11-07T01:12:49.546Z,"Kermadec Islands region",earthquake,,,,13,reviewed,us,us
2001-05-21T22:16:38.330Z,36.982,71.578,104.3,4.3,mb,30,,,0.94,us,usp000afak,2014-11-07T01:12:49.543Z,"28 km N of Ishqoshim, Tajikistan",earthquake,,,,12,reviewed,us,us
2001-05-21T21:53:30.800Z,-37.78,177.43,107,4.3,mb,67,,,,us,usp000afaj,2014-11-07T01:12:49.538Z,"28 km NNE of Opotiki, New Zealand",earthquake,,,,3,reviewed,wel,us
2001-05-21T21:29:21.090Z,46.7036667,-122.7615,0.592,3,md,7,137,0.05271,0.11,uw,uw10527858,2016-07-23T00:35:38.520Z,"13 km SE of Bucoda, Washington",explosion,1.084,0.88,0.03,3,reviewed,uw,uw
2001-05-21T21:19:20.810Z,39.3678333,-122.8641667,11.606,2.89,md,53,31,0.1378,0.12,nc,nc21165428,2017-01-01T12:32:24.410Z,"22 km ENE of Potter Valley, California",earthquake,0.16,0.5,0.09,65,reviewed,nc,nc
2001-05-21T20:24:40.830Z,33.026,-109.316,0,2.6,ml,5,,,0.1,rusms,rusms00002501,2022-06-09T21:12:10.666Z,"Arizona",explosion,,,,,reviewed,us,us
2001-05-21T19:23:41.130Z,3.518,126.762,33,4.5,mb,16,,,0.61,us,usp000afag,2014-11-07T01:12:49.535Z,"241 km NW of Tobelo, Indonesia",earthquake,,,,5,reviewed,us,us
2001-05-21T18:54:21.940Z,10.214,-60.347,73,3,md,5,,,,us,usp000afaf,2014-11-07T01:12:49.533Z,"91 km E of Rio Claro, Trinidad and Tobago",earthquake,,,,,reviewed,trn,trn
2001-05-21T16:43:05.000Z,2.774,-95.358,10,5.5,mwc,54,,,1.31,us,usp000afad,2022-04-29T19:31:02.288Z,"Galapagos Islands, Ecuador region",earthquake,,,,,reviewed,us,hrv
2001-05-21T16:04:30.000Z,38.16,21.97,5,2.8,md,4,,,,us,usp000afac,2014-11-07T01:12:49.515Z,"13 km SW of Aígio, Greece",earthquake,,,,,reviewed,ath,ath
2001-05-21T15:35:12.750Z,36.817,106.507,33,4.3,mb,33,,,1.11,us,usp000afab,2014-11-07T01:12:49.512Z,"142 km N of Pingliang, China",earthquake,,,,10,reviewed,us,us
2001-05-21T15:25:57.310Z,-22.742,-67.765,110.1,4,mb,15,,,0.73,us,usp000afaa,2014-11-07T01:12:49.510Z,"48 km ENE of San Pedro de Atacama, Chile",earthquake,,9.1,,2,reviewed,us,us
2001-05-21T15:00:33.790Z,51.061,15.906,5,3,ml,11,,,1.42,us,usp000afa9,2014-11-07T01:12:49.508Z,"3 km SSW of Wilków, Poland",earthquake,,,,,reviewed,us,vie
2001-05-21T14:48:36.550Z,28.535,139.509,432.5,3.8,mb,14,,,0.81,us,usp000afa8,2014-11-07T01:12:49.506Z,"Bonin Islands, Japan region",earthquake,,14,,2,reviewed,us,us
2001-05-21T14:33:29.570Z,19.622,-70.13,33,4.7,mb,126,,,0.92,us,usp000afa7,2014-11-07T01:12:49.495Z,"6 km WSW of Río San Juan, Dominican Republic",earthquake,,,,57,reviewed,us,us
2001-05-21T14:22:10.860Z,-52.407,26.502,10,4.2,mb,19,,,1.18,us,usp000afa6,2014-11-07T01:12:49.493Z,"south of Africa",earthquake,,,,7,reviewed,us,us
2001-05-21T14:06:04.600Z,-37.18,177.84,59,4.2,ml,14,,,,us,usp000afa5,2014-11-07T01:12:49.492Z,"104 km NNE of Opotiki, New Zealand",earthquake,,,,,reviewed,wel,wel
2001-05-21T13:44:18.390Z,37.6003333,-118.8431667,6.717,2.84,md,36,91,0.01532,0.04,nc,nc21165363,2017-01-01T12:31:29.130Z,"12 km WNW of Aspen Springs, California",earthquake,0.22,0.36,0.15,50,reviewed,nc,nc
2001-05-21T13:23:14.940Z,-33.324,138.672,10,2.6,ml,5,,,1.72,us,usp000afa2,2014-11-07T01:12:49.487Z,"14 km SSE of Jamestown, Australia",earthquake,,,,,reviewed,us,aust
2001-05-21T13:09:58.360Z,36.434,21.225,33,3.7,md,19,,,1.39,us,usp000afa1,2014-11-07T01:12:49.485Z,"60 km SW of Methóni, Greece",earthquake,,,,,reviewed,us,ath
2001-05-21T12:04:12.260Z,-48.867,121.197,10,4.3,mb,8,,,0.95,us,usp000af9z,2014-11-07T01:12:49.482Z,"western Indian-Antarctic Ridge",earthquake,,,,1,reviewed,us,us
2001-05-21T11:19:00.880Z,-31.952,119.727,10,2.9,ml,7,,,0.89,us,usp000af9y,2014-11-07T01:12:49.480Z,"147 km ESE of Merredin, Australia",earthquake,,,,,reviewed,us,aust
2001-05-21T11:07:36.310Z,41.536,-5.968,0,3.4,ml,39,,,,us,usp000af9x,2014-11-07T01:12:49.475Z,"6 km ENE of Villalcampo, Spain",earthquake,,,,,reviewed,mdd,ldg
2001-05-21T09:58:15.120Z,38.361,21.955,10,4,mb,27,,,1.11,us,usp000af9v,2014-11-07T01:12:49.470Z,"7 km NNW of Kamárai, Greece",earthquake,,,,7,reviewed,us,us
2001-05-21T09:53:58.890Z,62.9815,-151.0723,126,3,ml,,,,0.65,ak,ak0016hcgbkh,2020-02-20T20:48:57.833Z,"56 km NNW of Petersville, Alaska",earthquake,,1,,,reviewed,ak,ak
2001-05-21T09:47:50.500Z,38.32,20.73,5,3.2,md,4,,,,us,usp000af9t,2014-11-07T01:12:49.465Z,"5 km SSE of Itháki, Greece",earthquake,,,,,reviewed,ath,ath
2001-05-21T09:25:29.980Z,6.846,127.028,33,4.4,mb,30,,,1.17,us,usp000af9r,2014-11-07T01:12:49.461Z,"66 km ESE of San Ignacio, Philippines",earthquake,,,,13,reviewed,us,us
2001-05-21T09:23:59.930Z,30.472,138.156,463.6,4.2,mb,11,,,0.45,us,usp000af9q,2014-11-07T01:12:49.459Z,"Izu Islands, Japan region",earthquake,,11.1,,1,reviewed,us,us
2001-05-21T09:16:17.130Z,6.916,126.833,33,4.6,mb,12,,,0.78,us,usp000af9p,2014-11-07T01:12:49.458Z,"44 km ESE of San Ignacio, Philippines",earthquake,,,,3,reviewed,us,us
2001-05-21T07:56:24.600Z,18.093,-103.491,9.6,4,md,7,,,,us,usp000af9m,2014-11-07T01:12:49.455Z,"49 km SSE of La Placita de Morelos, Mexico",earthquake,,,,,reviewed,unm,unm
2001-05-21T07:21:16.160Z,18.843,147.039,33,4.4,mb,14,,,1.18,us,usp000af9k,2014-11-07T01:12:49.453Z,"Mariana Islands region",earthquake,,,,4,reviewed,us,us
2001-05-21T07:14:18.690Z,42.351,18.549,12.8,2.5,ml,9,,,,us,usp000af9j,2014-11-07T01:12:49.451Z,"11 km S of Herceg Novi, Montenegro",earthquake,,,,,reviewed,pdg,pdg
2001-05-21T06:22:28.092Z,53.7373,-164.0091,14.2,2.9,ml,,,,0.85,ak,ak0016hahb6h,2020-02-20T20:48:56.815Z,"124 km ESE of Akutan, Alaska",earthquake,,21.3,,,reviewed,ak,ak
2001-05-21T05:25:22.490Z,40.969,143.092,33,5,mb,176,,,0.95,us,usp000af9h,2014-11-07T01:12:49.436Z,"144 km ENE of Hachinohe, Japan",earthquake,,,,86,reviewed,us,us
2001-05-21T05:11:58.100Z,-32.776,-70.156,101,3,md,4,,,,us,usp000af9g,2014-11-07T01:12:49.435Z,"41 km E of Los Andes, Chile",earthquake,,,,,reviewed,guc,guc
2001-05-21T04:16:33.700Z,52.575,-172.298,108.8,4.6,mb,64,,,0.91,us,usp000af9e,2020-02-20T20:47:23.797Z,"136 km ENE of Atka, Alaska",earthquake,,,,29,reviewed,us,us
2001-05-21T04:09:17.380Z,71.042,-12.544,10,4.4,mb,69,,,1.13,us,usp000af9d,2014-11-07T01:12:49.420Z,"139 km W of Olonkinbyen, Svalbard and Jan Mayen",earthquake,,,,35,reviewed,us,us
2001-05-21T03:30:12.180Z,-17.838,166.857,33,4,mb,19,,,1.16,us,usp000af9c,2014-11-07T01:12:49.416Z,"154 km W of Port-Vila, Vanuatu",earthquake,,,,3,reviewed,us,us
2001-05-21T01:24:00.890Z,36.479,70.115,220.3,4.3,mb,141,,,0.79,us,usp000af9a,2014-11-07T01:12:49.401Z,"25 km ESE of Farkh?r, Afghanistan",earthquake,,,,78,reviewed,us,us
2001-05-21T01:11:50.000Z,-33.921,-70.489,96.3,3.1,md,8,,,,us,usp000af98,2014-11-07T01:12:49.398Z,"26 km ESE of Paine, Chile",earthquake,,,,,reviewed,guc,guc
2001-05-21T00:47:59.910Z,-4.328,144.286,200,4.2,mb,10,,,0.79,us,usp000af97,2014-11-07T01:12:49.396Z,"38 km SE of Angoram, Papua New Guinea",earthquake,,,,2,reviewed,us,us
2001-05-21T00:20:35.200Z,-41.89,172.76,81,4.2,ml,14,,,,us,usp000af95,2014-11-07T01:12:49.393Z,"59 km SSW of Wakefield, New Zealand",earthquake,,,,,reviewed,wel,wel
2001-05-21T00:19:45.700Z,46.966,6.858,4,2.7,ml,41,,,,us,usp000af94,2014-11-07T01:12:49.377Z,"1 km WSW of Auvernier, Switzerland",earthquake,,,,,reviewed,ldg,ldg
2001-05-21T00:09:21.560Z,18.733,-67.624,25,3.2,md,5,,,,us,usp000af93,2014-11-07T01:12:49.376Z,"58 km NW of Rincón, Puerto Rico",earthquake,,,,,reviewed,rspr,rspr
2001-05-21T00:07:20.630Z,18.732,-67.614,25,3.1,md,5,,,,us,usp000af92,2014-11-07T01:12:49.375Z,"57 km NW of Rincón, Puerto Rico",earthquake,,,,,reviewed,rspr,rspr
2001-05-20T23:05:55.340Z,-5.762,151.289,33,4.4,mb,18,,,1.03,us,usp000af91,2014-11-07T01:12:49.373Z,"129 km E of Kimbe, Papua New Guinea",earthquake,,,,10,reviewed,us,us
2001-05-20T22:58:45.430Z,19.121,-64.639,64.2,3.7,md,7,,,,us,usp000af90,2014-11-07T01:12:49.371Z,"88 km N of Cruz Bay, U.S. Virgin Islands",earthquake,,,,,reviewed,rspr,rspr
2001-05-20T22:56:21.662Z,59.9621,-152.8785,102.3,2.7,ml,,,,0.8,ak,ak0016fwo67q,2020-02-20T20:49:05.182Z,"62 km WNW of Anchor Point, Alaska",earthquake,,1.5,,,reviewed,ak,ak
2001-05-20T21:55:24.960Z,41.818,-108.695,0,2.6,ml,12,,,0.73,rusms,rusms00002500,2022-06-09T21:12:10.663Z,"17 km NNE of Point of Rocks, Wyoming",explosion,,,,,reviewed,us,us
2001-05-20T21:38:08.300Z,38.59,25.56,27,3.6,md,8,,,,us,usp000af8x,2014-11-07T01:12:49.365Z,"5 km N of Psará, Greece",earthquake,,,,,reviewed,ath,ath
2001-05-20T21:01:40.880Z,44.257,17.246,10,2.6,ml,48,,,1.02,us,usp000af8v,2014-11-07T01:12:49.358Z,"9 km SSW of Jajce, Bosnia and Herzegovina",earthquake,,,,,reviewed,us,lju
2001-05-20T20:40:22.030Z,51.394,-176.867,33,4.4,mb,49,,,1.05,us,usp000af8u,2020-02-20T20:47:24.185Z,"55 km SSW of Adak, Alaska",earthquake,,,,27,reviewed,us,us
2001-05-20T20:29:26.400Z,40.376,49.85,33,4.3,mb,45,,,1.09,us,usp000af8t,2014-11-07T01:12:49.349Z,"3 km W of Baku, Azerbaijan",earthquake,,,,23,reviewed,us,us
2001-05-20T20:09:01.079Z,55.1041,-158.8248,6.2,3,ml,,,,0.78,ak,ak0016fv76rf,2020-02-20T20:48:58.553Z,"92 km SSE of Perryville, Alaska",earthquake,,60.6,,,reviewed,ak,ak
2001-05-20T19:36:52.240Z,-25.69,-177.133,140,4,mb,17,,,1.18,us,usp000af8s,2014-11-07T01:12:49.347Z,"south of the Fiji Islands",earthquake,,,,3,reviewed,us,us
2001-05-20T19:15:42.670Z,44.085,-128.275,10,4.3,mb,54,,,1.04,us,usp000af8r,2014-11-07T01:12:49.342Z,"off the coast of Oregon",earthquake,,,,10,reviewed,us,us
2001-05-20T18:58:24.200Z,37.86,23.51,35,2.8,md,4,,,,us,usp000af8q,2014-11-07T01:12:49.341Z,"8 km SSE of Aiánteio, Greece",earthquake,,,,,reviewed,ath,ath
2001-05-20T17:58:58.420Z,-10.209,160.931,85.5,4.3,mb,12,,,0.63,us,usp000af8p,2014-11-07T01:12:49.340Z,"111 km WNW of Kirakira, Solomon Islands",earthquake,,,,4,reviewed,us,us
2001-05-20T17:22:08.270Z,35.672,23.47,33,4.1,mb,65,,,1.13,us,usp000af8n,2014-11-07T01:12:49.334Z,"25 km NW of Kíssamos, Greece",earthquake,,,,11,reviewed,us,us
2001-05-20T17:02:29.580Z,2.735,128.474,227.2,4.5,mb,40,,,1.02,us,usp000af8m,2014-11-07T01:12:49.330Z,"122 km NNE of Tobelo, Indonesia",earthquake,,18.2,,19,reviewed,us,us
2001-05-20T16:30:30.370Z,81.345,-3.549,10,4.4,mb,25,,,1.3,us,usp000af8k,2014-11-07T01:12:49.328Z,"north of Svalbard",earthquake,,,,12,reviewed,us,us
2001-05-20T15:39:59.033Z,52.2103,-175.5488,189.1,3.4,ml,,,,0.4,ak,ak0016fsekov,2020-02-20T20:49:00.134Z,"83 km ENE of Adak, Alaska",earthquake,,2.2,,,reviewed,ak,ak
2001-05-20T15:37:21.830Z,-25.657,-179.966,500,4,mb,19,,,1.14,us,usp000af8h,2014-11-07T01:12:49.324Z,"south of the Fiji Islands",earthquake,,,,5,reviewed,us,us
2001-05-20T15:31:58.920Z,34.824,138.243,227.6,4,mb,20,,,0.84,us,usp000af8g,2014-11-07T01:12:49.321Z,"5 km SSW of Fujieda, Japan",earthquake,,6.5,,6,reviewed,us,us
2001-05-20T14:54:06.740Z,35.0205,-119.14,1.931,2.92,ml,36,61.3,0.1653,0.33,ci,ci9654541,2016-04-02T14:35:42.872Z,"19km N of Pine Mountain Club, CA",earthquake,0.48,1.48,0.205,71,reviewed,ci,ci
2001-05-20T14:52:38.180Z,18.974,-104.54,33,3.8,mb,10,,,1.45,us,usp000af8e,2014-11-07T01:12:49.317Z,"21 km SW of El Naranjo, Mexico",earthquake,,,,9,reviewed,us,us
2001-05-20T14:07:27.718Z,58.9842,-152.3801,69.3,2.5,ml,,,,0.82,ak,ak0016frm7r7,2020-02-20T20:49:05.549Z,"49 km SSW of Nanwalek, Alaska",earthquake,,0.8,,,reviewed,ak,ak
2001-05-20T13:50:20.100Z,35.53,26.46,5,3.9,md,8,,,,us,usp000af8c,2014-11-07T01:12:49.312Z,"41 km NNE of Palekastro, Greece",earthquake,,,,,reviewed,ath,ath
2001-05-20T13:35:59.790Z,-14.905,167.294,149.2,4.3,mb,28,,,0.81,us,usp000af8a,2014-11-07T01:12:49.308Z,"28 km ENE of Port-Olry, Vanuatu",earthquake,,,,3,reviewed,us,us
2001-05-20T13:28:48.163Z,59.4395,-152.7003,67.2,2.5,ml,,,,0.72,ak,ak0016fr5brk,2020-02-20T20:49:05.948Z,"45 km WNW of Nanwalek, Alaska",earthquake,,0.5,,,reviewed,ak,ak
2001-05-20T13:27:07.790Z,36.622,59.76,33,4.3,mb,20,,,0.65,us,usp000af88,2014-11-07T01:12:49.304Z,"38 km NNE of Mashhad, Iran",earthquake,,,,6,reviewed,us,us
2001-05-20T13:20:33.880Z,33.0131667,-115.998,8.142,2.51,ml,14,82,0.1798,0.22,ci,ci9654521,2016-04-01T19:14:40.325Z,"19km SE of Ocotillo Wells, CA",earthquake,0.6,6.85,0.233,21,reviewed,ci,ci
2001-05-20T13:08:17.940Z,18.566,-104.404,33,3.5,mb,13,,,0.74,us,usp000af87,2014-11-07T01:12:49.302Z,"52 km SW of Cuyutlán, Mexico",earthquake,,,,3,reviewed,us,us
2001-05-20T13:01:55.630Z,49.4555,-126.022,9.307,2.7,md,9,331,2.237,0.52,uw,uw10527568,2016-07-23T00:35:35.260Z,"34 km NNW of Tofino, Canada",earthquake,6.483,6.12,0.05,2,reviewed,uw,uw
2001-05-20T13:01:09.000Z,50.47,-130.22,10,3.5,mb,32,,,,us,usp000af85,2014-11-07T01:12:49.297Z,"222 km W of Port McNeill, Canada",earthquake,,,,2,reviewed,pgc,us
2001-05-20T12:02:28.320Z,29.247,131.481,33,4.1,mb,24,,,0.95,us,usp000af83,2014-11-07T01:12:49.293Z,"142 km SE of Koshima, Japan",earthquake,,,,10,reviewed,us,us
2001-05-20T12:01:37.560Z,-16.052,-172.434,33,4.2,mb,15,,,0.56,us,usp000af82,2014-11-07T01:12:49.291Z,"146 km E of Hihifo, Tonga",earthquake,,,,4,reviewed,us,us
2001-05-20T11:33:27.160Z,-4.246,125.997,409.6,4.2,mb,21,,,1.02,us,usp000af81,2014-11-07T01:12:49.288Z,"250 km WSW of Ambon, Indonesia",earthquake,,12.7,,4,reviewed,us,us
2001-05-20T11:30:55.000Z,50.46,-130.24,10,3.5,ml,22,,,,us,usp000af80,2014-11-07T01:12:49.286Z,"224 km W of Port McNeill, Canada",earthquake,,,,,reviewed,pgc,pgc
2001-05-20T10:54:47.400Z,18.438,-104.921,22.8,4.2,md,7,,,,us,usp000af7z,2014-11-07T01:12:49.284Z,"88 km SSW of Barra de Navidad, Mexico",earthquake,,,,,reviewed,unm,unm
2001-05-20T10:43:38.230Z,52.748,-35.038,10,4,mb,10,,,0.99,us,usp000af7y,2014-11-07T01:12:49.282Z,"Reykjanes Ridge",earthquake,,,,2,reviewed,us,us
2001-05-20T10:36:53.060Z,17.084,-60.115,44,3.6,md,10,,,,us,usp000af7x,2014-11-07T01:12:49.279Z,"133 km NE of Beauséjour, Guadeloupe",earthquake,,,,,reviewed,trn,trn
2001-05-20T10:35:58.610Z,36.9841667,-113.3948333,2.65,3.13,ml,10,210,0.4554,0.28,uu,uu50241160,2018-08-28T19:12:39.570Z,"19 km SSE of Washington, Utah",earthquake,1.22,1.48,,3,reviewed,uu,uu
2001-05-20T10:25:48.850Z,33.384,26.998,33,4,md,11,,,1.21,us,usp000af7v,2014-11-07T01:12:49.274Z,"212 km SSE of Palekastro, Greece",earthquake,,,,,reviewed,us,ath
2001-05-20T10:04:27.000Z,50.48,-130.24,10,3.9,mb,65,,,,us,usp000af7u,2014-11-07T01:12:49.240Z,"223 km W of Port McNeill, Canada",earthquake,,,,16,reviewed,pgc,us
2001-05-20T09:24:47.960Z,-5.501,146.33,100,4.7,mb,50,,,1.02,us,usp000af7t,2014-11-07T01:12:49.235Z,"67 km ESE of Madang, Papua New Guinea",earthquake,,,,18,reviewed,us,us
2001-05-20T08:12:22.700Z,16.114,-97.978,16.1,4.2,md,7,,,,us,usp000af7s,2014-11-07T01:12:49.232Z,"6 km S of Santa María Chico Ometepec, Mexico",earthquake,,,,,reviewed,unm,unm
2001-05-20T07:47:05.191Z,63.4947,-148.9378,95.1,2.6,ml,,,,0.58,ak,ak0016fnopfb,2020-02-20T20:49:06.754Z,"11 km N of Cantwell, Alaska",earthquake,,0.4,,,reviewed,ak,ak
2001-05-20T07:02:52.300Z,37.77,23.2,5,3,md,6,,,,us,usp000af7q,2014-11-07T01:12:49.226Z,"13 km ESE of Sofikón, Greece",earthquake,,,,,reviewed,ath,ath
2001-05-20T06:17:23.400Z,18.574,-104.863,17.9,4,md,7,,,,us,usp000af7p,2014-11-07T01:12:49.225Z,"72 km SSW of Barra de Navidad, Mexico",earthquake,,,,,reviewed,unm,unm
2001-05-20T04:33:10.000Z,38.08,25.48,38,3.9,md,13,,,,us,usp000af7n,2014-11-07T01:12:49.222Z,"51 km S of Psará, Greece",earthquake,,,,,reviewed,ath,ath
2001-05-20T04:30:14.900Z,38.49,25.58,29,4.2,ml,48,,,,us,usp000af7m,2014-11-07T01:12:49.205Z,"5 km SSE of Psará, Greece",earthquake,,,,,reviewed,ath,ath
2001-05-20T04:21:43.820Z,18.816,-104.446,33,6.3,mwc,193,,,1.26,us,usp000af7k,2022-04-29T19:16:08.918Z,"33 km SW of El Colomo, Mexico",earthquake,,,,,reviewed,us,hrv
2001-05-20T03:59:00.610Z,45.571,26.407,152.4,3.6,mb,41,,,1.01,us,usp000af7j,2014-11-07T01:12:49.153Z,"9 km N of Gura Teghii, Romania",earthquake,,4.5,,9,reviewed,us,us
2001-05-20T03:38:02.300Z,38.49,25.54,38,3.8,md,16,,,,us,usp000af7h,2014-11-07T01:12:49.152Z,"5 km SSW of Psará, Greece",earthquake,,,,,reviewed,ath,ath
2001-05-20T03:37:06.600Z,38.52,25.54,5,3.4,md,5,,,,us,usp000af7g,2014-11-07T01:12:49.151Z,"3 km SW of Psará, Greece",earthquake,,,,,reviewed,ath,ath
2001-05-20T03:30:01.130Z,-31.904,179.822,450,4.1,mb,13,,,0.68,us,usp000af7f,2014-11-07T01:12:49.149Z,"Kermadec Islands region",earthquake,,,,3,reviewed,us,us
2001-05-20T03:09:42.800Z,38.51,25.72,30,3.9,mb,72,,,,us,usp000af7e,2014-11-07T01:12:49.143Z,"14 km ESE of Psará, Greece",earthquake,,,,12,reviewed,ath,us
2001-05-20T02:01:21.100Z,36.36,21.52,6,2.7,md,4,,,,us,usp000af7c,2014-11-07T01:12:49.141Z,"53 km SSW of Methóni, Greece",earthquake,,,,,reviewed,ath,ath
2001-05-20T01:41:05.160Z,5.78,127.073,33,3.9,mb,9,,,0.87,us,usp000af7b,2014-11-07T01:12:49.139Z,"118 km ESE of Pondaguitan, Philippines",earthquake,,,,1,reviewed,us,us
2001-05-20T01:39:10.440Z,42.713,-7.701,9.7,4,ml,71,,,,us,usp000af7a,2014-11-07T01:12:49.130Z,"10 km E of Taboada, Spain",earthquake,,,,,reviewed,mdd,ldg
2001-05-19T23:56:54.800Z,39.71,21.95,5,2.9,md,5,,,,us,usp000af79,2014-11-07T01:12:49.129Z,"8 km SSW of Verdikoússa, Greece",earthquake,,,,,reviewed,ath,ath
2001-05-19T23:45:59.270Z,36.8805,-121.6105,5.793,2.89,md,78,51,0.01532,0.09,nc,nc21165083,2017-01-01T12:23:16.970Z,"3 km ESE of Aromas, California",earthquake,0.13,0.24,0.08,94,reviewed,nc,nc
2001-05-19T23:33:07.870Z,22.644,143.395,73.7,4.5,mb,41,,,1.03,us,usp000af77,2014-11-07T01:12:49.123Z,"Volcano Islands, Japan region",earthquake,,19.5,,18,reviewed,us,us
2001-05-19T23:20:04.830Z,17.005,-61.866,39,2.7,md,5,,,,us,usp000af76,2014-11-07T01:12:49.122Z,"6 km S of Bolands, Antigua and Barbuda",earthquake,,,,,reviewed,trn,trn
2001-05-19T19:33:07.220Z,51.668,16.088,5,3.1,ml,18,,,1.4,us,usp000af72,2014-11-07T01:12:49.111Z,"0 km NNE of G?ogów, Poland",earthquake,,,,,reviewed,us,vie
2001-05-19T19:28:02.340Z,13.818,93.936,33,4.5,mb,18,,,1.05,us,usp000af71,2014-11-07T01:12:49.109Z,"269 km NNE of Bamboo Flat, India",earthquake,,,,7,reviewed,us,us
2001-05-19T19:24:14.990Z,52.385,152.84,454.3,4,mb,22,,,0.61,us,usp000af70,2014-11-07T01:12:49.107Z,"270 km WNW of Ozernovskiy, Russia",earthquake,,6.7,,9,reviewed,us,us
2001-05-19T17:57:54.400Z,38.26,21.62,5,3.4,md,9,,,,us,usp000af6y,2014-11-07T01:12:49.104Z,"9 km NW of Paralía, Greece",earthquake,,,,,reviewed,ath,ath
2001-05-19T17:36:25.590Z,-19.903,-177.515,368.7,6,mwc,364,,,1.05,us,usp000af6x,2022-04-29T19:16:07.798Z,"277 km WNW of Haveluloto, Tonga",earthquake,,,,,reviewed,us,hrv
2001-05-19T17:28:36.500Z,38.59,20.79,25,2.9,md,4,,,,us,usp000af6w,2014-11-07T01:12:49.067Z,"18 km SW of Kandíla, Greece",earthquake,,,,,reviewed,ath,ath
2001-05-19T17:27:12.400Z,38.94,21.07,31,3,md,4,,,,us,usp000af6v,2014-11-07T01:12:49.066Z,"9 km W of Kríkellos, Greece",earthquake,,,,,reviewed,ath,ath
2001-05-19T16:41:12.550Z,36.0653333,-117.856,1.444,2.64,mc,29,111,0.06386,0.19,ci,ci9654281,2016-04-02T11:29:02.578Z,"9km ENE of Coso Junction, CA",earthquake,0.32,0.6,0.505,28,reviewed,ci,ci
2001-05-19T16:25:57.400Z,-30.329,-71.699,14.2,4.2,md,11,,,,us,usp000af6u,2014-11-07T01:12:49.064Z,"54 km SW of Coquimbo, Chile",earthquake,,,,,reviewed,guc,guc
2001-05-19T16:07:27.500Z,38.64,20.53,5,3.8,ml,9,,,,us,usp000af6t,2014-11-07T01:12:49.062Z,"26 km SW of Lefkáda, Greece",earthquake,,,,,reviewed,ath,ath
2001-05-19T14:52:53.500Z,37.68,21.16,5,3.5,ml,11,,,,us,usp000af6r,2014-11-07T01:12:49.059Z,"18 km WSW of Kardamás, Greece",earthquake,,,,,reviewed,ath,ath
2001-05-19T14:22:17.000Z,36.13,23.18,10,2.8,md,5,,,,us,usp000af6q,2014-11-07T01:12:49.058Z,"17 km E of Kýthira, Greece",earthquake,,,,,reviewed,ath,ath
2001-05-19T13:54:59.000Z,38.32,21.55,22,3.4,ml,11,,,,us,usp000af6n,2014-11-07T01:12:49.055Z,"4 km SSW of Galatás, Greece",earthquake,,,,,reviewed,ath,ath
2001-05-19T13:17:25.430Z,50.47,156.005,133.8,4.2,mb,41,,,0.94,us,usp000af6m,2014-11-07T01:12:49.051Z,"24 km SSW of Severo-Kuril’sk, Russia",earthquake,,9,,15,reviewed,us,us
2001-05-19T12:44:22.800Z,49.156,6.88,1,2.7,ml,15,,,,us,usp000af6j,2014-11-07T01:12:49.046Z,"1 km NW of Folkling, France",earthquake,,,,,reviewed,ldg,ldg
2001-05-19T12:43:26.500Z,36.16,22.79,25,2.8,md,4,,,,us,usp000af6h,2014-11-07T01:12:49.045Z,"18 km W of Kýthira, Greece",earthquake,,,,,reviewed,ath,ath
2001-05-19T12:30:43.270Z,-5.024,153.164,33,3.8,mb,11,,,1.38,us,usp000af6g,2014-11-07T01:12:49.043Z,"124 km SE of Kokopo, Papua New Guinea",earthquake,,,,1,reviewed,us,us
2001-05-19T12:23:43.320Z,-5.016,152.237,68.5,4.5,mb,27,,,1.19,us,usp000af6f,2014-11-07T01:12:49.040Z,"74 km S of Kokopo, Papua New Guinea",earthquake,,8.4,,11,reviewed,us,us
2001-05-19T11:57:35.490Z,36.851,68.198,33,3.9,mb,12,,,1.25,us,usp000af6e,2014-11-07T01:12:49.039Z,"45 km S of Shahritus, Tajikistan",earthquake,,,,3,reviewed,us,us
2001-05-19T11:13:40.910Z,51.645,16.073,5,4.2,ml,62,,,1.32,us,usp000af6d,2014-11-07T01:12:49.030Z,"2 km SSW of G?ogów, Poland",earthquake,,,,,reviewed,us,fur
2001-05-19T11:06:50.100Z,7.14,126.866,33,4.6,mb,48,,,0.86,us,usp000af6c,2014-11-07T01:12:49.025Z,"36 km ESE of Santiago, Philippines",earthquake,,,,19,reviewed,us,us
2001-05-19T10:59:01.000Z,64.21,-87.49,18,3.5,mblg,8,,,,us,usp000af6b,2014-11-07T01:12:49.024Z,"276 km ENE of Rankin Inlet, Canada",earthquake,,,,,reviewed,ott,ott
2001-05-19T10:50:51.350Z,44.056,8.685,2.3,2.8,ml,15,,,,us,usp000af69,2014-11-07T01:12:48.908Z,"27 km SE of Noli, Italy",earthquake,,,,,reviewed,gen,gen
2001-05-19T10:50:33.980Z,-37.12,178.499,33,4.3,ml,27,,,0.84,us,usp000af68,2014-11-07T01:12:48.901Z,"145 km NE of Opotiki, New Zealand",earthquake,,,,,reviewed,us,wel
2001-05-19T10:13:44.710Z,18.605,-62.8,33,3.6,mb,12,,,0.73,us,usp000af66,2014-11-07T01:12:48.763Z,"50 km NNE of The Valley, Anguilla",earthquake,,,,1,reviewed,us,us
2001-05-19T09:35:53.325Z,61.4833,-149.9136,43.4,3.1,ml,,,,0.78,ak,ak0016e19r9g,2020-02-20T20:49:08.192Z,"4 km SSE of Big Lake, Alaska",earthquake,,0.4,,,reviewed,ak,ak
2001-05-19T09:06:42.800Z,14.561,-92.827,0.6,4.1,md,7,,,,us,usp000af64,2014-11-07T01:12:48.690Z,"47 km WSW of Puerto Madero, Mexico",earthquake,,,,,reviewed,unm,unm
2001-05-19T08:25:44.650Z,12.941,-88.556,59.4,4.3,mb,53,,,1.38,us,usp000af63,2014-11-07T01:12:48.684Z,"37 km S of Puerto El Triunfo, El Salvador",earthquake,,,,23,reviewed,us,us
2001-05-19T07:45:09.600Z,-5.642,151.067,33,4.1,mb,12,,,1.25,us,usp000af62,2014-11-07T01:12:48.682Z,"103 km E of Kimbe, Papua New Guinea",earthquake,,,,2,reviewed,us,us
2001-05-19T07:42:33.160Z,51.636,16.266,5,3.4,ml,15,,,1.02,us,usp000af61,2014-11-07T01:12:48.679Z,"7 km ENE of Gr?bocice, Poland",earthquake,,,,,reviewed,us,vie
2001-05-19T07:30:31.500Z,43.658,5.704,4,2.5,ml,10,,,,us,usp000af60,2014-11-07T01:12:48.677Z,"5 km ENE of Jouques, France",earthquake,,,,,reviewed,ldg,ldg
2001-05-19T07:24:21.400Z,-6.019,146.443,94.2,4,mb,9,,,1.42,us,usp000af5z,2014-11-07T01:12:48.675Z,"70 km ENE of Kainantu, Papua New Guinea",earthquake,,23.4,,1,reviewed,us,us
2001-05-19T07:22:50.930Z,51.701,16.269,5,3.5,ml,23,,,0.64,us,usp000af5y,2014-11-07T01:12:48.670Z,"2 km SE of Szlichtyngowa, Poland",earthquake,,,,,reviewed,us,vie
2001-05-19T06:28:13.400Z,-30.805,-71.687,8.9,4.3,md,6,,,,us,usp000af5x,2014-11-07T01:12:48.669Z,"51 km WSW of Ovalle, Chile",earthquake,,,,,reviewed,guc,guc
2001-05-19T06:11:42.440Z,35.924,29.264,33,4.2,md,23,,,0.81,us,usp000af5w,2014-11-07T01:12:48.667Z,"40 km SSW of Kalkan, Turkey",earthquake,,,,,reviewed,us,ath
2001-05-19T06:11:38.300Z,-32.472,-71.72,33.6,3.8,md,9,,,,us,usp000af5v,2014-11-07T01:12:48.665Z,"46 km W of La Ligua, Chile",earthquake,,,,,reviewed,guc,guc
2001-05-19T05:54:28.660Z,34.689,32.165,10,3.3,mb,9,,,0.48,us,usp000af5u,2014-11-07T01:12:48.663Z,"25 km WSW of Chlórakas, Cyprus",earthquake,,,,1,reviewed,us,us
2001-05-19T05:04:42.350Z,15.038,-61.234,3,3.1,md,5,,,,us,usp000af5s,2014-11-07T01:12:48.661Z,"22 km NW of Basse-Pointe, Martinique",earthquake,,,,,reviewed,trn,trn
2001-05-19T03:11:14.170Z,39.141,22.506,10,4.4,mb,180,,,1.35,us,usp000af5r,2014-11-07T01:12:48.644Z,"17 km E of Domokós, Greece",earthquake,,,,58,reviewed,us,us
2001-05-19T03:08:03.960Z,53.203,159.911,52.9,4.4,mb,55,,,1.02,us,usp000af5q,2014-11-07T01:12:48.639Z,"86 km ENE of Petropavlovsk-Kamchatsky, Russia",earthquake,,,,23,reviewed,us,us
2001-05-19T02:58:32.000Z,82.09,-83.6,18,3.9,mb,7,,,,us,usp000af5p,2014-11-07T01:12:48.637Z,"Ellesmere Island region, Nunavut, Canada",earthquake,,,,2,reviewed,ott,us
2001-05-19T02:38:58.750Z,-5.644,150.934,53.6,4.3,mb,22,,,0.77,us,usp000af5n,2014-11-07T01:12:48.635Z,"88 km E of Kimbe, Papua New Guinea",earthquake,,9.6,,8,reviewed,us,us
2001-05-19T02:35:41.200Z,34.615,31.999,33,3.8,mb,14,,,0.87,us,usp000af5m,2014-11-07T01:12:48.633Z,"42 km WSW of Chlórakas, Cyprus",earthquake,,,,2,reviewed,us,us
2001-05-19T02:24:19.000Z,-5.73,151.002,33,4.3,mb,19,,,0.87,us,usp000af5k,2014-11-07T01:12:48.630Z,"97 km ESE of Kimbe, Papua New Guinea",earthquake,,,,2,reviewed,us,us
2001-05-19T02:21:46.520Z,60.2977,-141.0824,17.1,2.6,ml,,,,0.76,ak,ak0016dx0ph8,2020-02-20T20:49:17.791Z,"112 km NW of Yakutat, Alaska",earthquake,,0.3,,,reviewed,ak,ak
2001-05-19T02:10:12.340Z,6.955,-77.064,37.3,4.1,mb,9,,,0.64,us,usp000af5j,2014-11-07T01:12:48.629Z,"26 km W of Murindó, Colombia",earthquake,,28.6,,3,reviewed,us,us
2001-05-19T02:06:16.000Z,31.7901667,-116.2226667,5.974,3.19,ml,6,318,0.8628,0.11,ci,ci9654117,2016-04-02T05:00:55.949Z,"34km ENE of Maneadero, B.C., MX",earthquake,1.8,2.62,0.166,12,reviewed,ci,ci
2001-05-19T01:56:37.410Z,1.486,96.958,23.6,4.6,mb,14,,,1.3,us,usp000af5g,2014-11-07T01:12:48.625Z,"127 km SSE of Sinabang, Indonesia",earthquake,,,,3,reviewed,us,us
2001-05-19T01:47:43.760Z,41.144,20.377,10,3.2,md,13,,,0.72,us,usp000af5f,2014-11-07T01:12:48.622Z,"6 km SSE of Librazhd-Qendër, Albania",earthquake,,,,,reviewed,us,pdg
2001-05-19T00:43:10.780Z,40.555,4.766,10,2.6,ml,15,,,0.86,us,usp000af5b,2014-11-07T01:12:48.615Z,"84 km NE of Mercadal, Spain",earthquake,,,,,reviewed,us,ldg
2001-05-18T23:03:41.350Z,52.349,-169.702,33,4.3,mb,46,,,1.16,us,usp000af5a,2020-02-20T20:47:24.506Z,"86 km SW of Nikolski, Alaska",earthquake,,,,20,reviewed,us,us
2001-05-18T22:49:44.070Z,35.8,-118.0455,7.281,2.63,mc,18,67,0.07303,0.14,ci,ci9654081,2016-04-01T19:17:01.285Z,"20km SW of Little Lake, CA",earthquake,0.48,1.69,0.246,15,reviewed,ci,ci
2001-05-18T22:17:04.170Z,46.7066667,-122.7663333,-0.04,3.3,md,9,110,0.05719,0.08,uw,uw10526928,2016-07-23T00:35:31.900Z,"12 km SE of Bucoda, Washington",explosion,0.424,0.76,0.01,7,reviewed,uw,uw
2001-05-18T22:05:04.250Z,40.279,-107.789,0,2.7,ml,11,,,0.42,rusms,rusms00002499,2022-06-09T21:12:10.660Z,"28 km NNE of Meeker, Colorado",explosion,,,,,reviewed,us,us
2001-05-18T22:00:36.800Z,-32.949,-70.512,96.2,3.5,md,11,,,,us,usp000af59,2014-11-07T01:12:48.608Z,"15 km SSE of Los Andes, Chile",earthquake,,,,,reviewed,guc,guc
2001-05-18T21:46:17.580Z,32.991,-109.326,0,2.6,ml,5,,,0.34,rusms,rusms00002498,2022-06-09T21:12:10.657Z,"7 km SSW of Clifton, Arizona",explosion,,,,,reviewed,us,us
2001-05-18T20:57:56.030Z,54.012,170.715,33,4.6,mb,63,,,0.97,us,usp000af58,2014-11-07T01:12:48.585Z,"209 km NW of Attu Station, Alaska",earthquake,,,,26,reviewed,us,us
2001-05-18T20:54:06.530Z,36.941,135.369,368.6,3.8,mb,18,,,0.8,us,usp000af57,2014-11-07T01:12:48.573Z,"106 km NW of Mikuni, Japan",earthquake,,5.6,,3,reviewed,us,us
2001-05-18T20:41:55.180Z,26.739,53.786,33,4,mb,17,,,0.92,us,usp000af56,2014-11-07T01:12:48.571Z,"30 km NW of K?sh, Iran",earthquake,,,,3,reviewed,us,us
2001-05-18T20:32:37.520Z,41.304,20.263,60.5,3.9,mb,79,,,1.33,us,usp000af55,2014-11-07T01:12:48.563Z,"13 km NNW of Librazhd-Qendër, Albania",earthquake,,7.7,,1,reviewed,us,us
2001-05-18T19:26:15.890Z,26.458,92.936,33,4,mb,10,,,1.43,us,usp000af54,2014-11-07T01:12:48.562Z,"23 km SE of Tezpur, India",earthquake,,,,3,reviewed,us,us
2001-05-18T18:56:32.800Z,35.7951667,-118.05,6.736,2.5,mc,36,39,0.06705,0.14,ci,ci10856055,2016-02-16T09:50:21.854Z,"20km SW of Little Lake, California",earthquake,0.27,1.33,0.435,36,reviewed,ci,ci
2001-05-18T18:37:04.120Z,-34.393,148.592,10,3.2,ml,7,,,1.17,us,usp000af52,2014-11-07T01:12:48.558Z,"12 km WNW of Boorowa, Australia",earthquake,,,,,reviewed,us,aust
2001-05-18T18:34:56.460Z,33.1,-109.388,0,2.9,ml,6,,,0.51,rusms,rusms00002497,2022-06-09T21:12:10.654Z,"3 km NW of Morenci, Arizona",explosion,,,,,reviewed,us,us
2001-05-18T18:28:07.122Z,60.145,-151.4174,48.2,3.1,ml,,,,0.67,ak,ak0016cj1pmw,2020-02-20T20:49:24.756Z,"9 km S of Clam Gulch, Alaska",earthquake,,0.3,,,reviewed,ak,ak
2001-05-18T18:13:31.200Z,45.404,-106.896,0,2.7,ml,8,,,0.53,rusms,rusms00002496,2022-06-09T21:12:10.651Z,"15 km SSE of Busby, Montana",explosion,,,,,reviewed,us,us
2001-05-18T17:34:18.030Z,55.316,-152.133,33,4.2,mb,89,,,1.02,us,usp000af50,2020-02-20T20:49:25.509Z,"221 km SE of Akhiok, Alaska",earthquake,,,,8,reviewed,us,us
2001-05-18T17:17:22.430Z,36.796,141.771,51,3.8,mb,14,,,1.27,us,usp000af4z,2014-11-07T01:12:48.546Z,"83 km ESE of Iwaki, Japan",earthquake,,21.5,,4,reviewed,us,us
2001-05-18T16:58:25.020Z,51.243,-176.311,33,4.2,ml,9,,,0.82,us,usp000af4y,2020-02-20T20:49:18.453Z,"73 km SSE of Adak, Alaska",earthquake,,,,,reviewed,us,aeic
2001-05-18T16:15:33.100Z,46.168,12.558,10,2.5,ml,9,,,1.15,us,usp000af4x,2014-11-07T01:12:48.543Z,"2 km S of Barcis, Italy",earthquake,,,,,reviewed,us,vie
2001-05-18T15:33:24.130Z,-3.091,129.771,33,4.4,mb,8,,,0.25,us,usp000af4u,2014-11-07T01:12:48.538Z,"98 km ENE of Amahai, Indonesia",earthquake,,,,1,reviewed,us,us
2001-05-18T15:24:49.974Z,59.7968,-152.3839,65,3,ml,,,,0.72,ak,ak0016ch8n9h,2020-02-20T20:49:25.899Z,"31 km W of Anchor Point, Alaska",earthquake,,0.4,,,reviewed,ak,ak
2001-05-18T15:23:57.140Z,-3.048,129.682,33,4,mb,9,,,1.29,us,usp000af4s,2014-11-07T01:12:48.532Z,"90 km ENE of Amahai, Indonesia",earthquake,,,,3,reviewed,us,us
2001-05-18T15:16:15.850Z,44.796,-110.7966667,4.12,2.53,md,21,112,,0.18,uu,uu50241035,2018-08-28T19:12:23.190Z,"21 km SSW of Mammoth, Wyoming",earthquake,0.42,0.66,,10,reviewed,uu,uu
2001-05-18T15:04:15.100Z,6.782,-73.004,157.6,4.9,mb,125,,,0.79,us,usp000af4q,2014-11-07T01:12:48.521Z,"4 km NW of Cepitá, Colombia",earthquake,,,,45,reviewed,us,us
2001-05-18T14:19:27.060Z,52.579,-176.667,246.1,4,mb,13,,,1.25,us,usp000af4n,2020-02-20T20:49:20.048Z,"78 km N of Adak, Alaska",earthquake,,,,1,reviewed,us,us
2001-05-18T13:49:40.570Z,51.019,-179.311,33,4,mb,32,,,1.21,us,usp000af4m,2020-02-20T20:49:19.730Z,"208 km WSW of Adak, Alaska",earthquake,,,,7,reviewed,us,us
2001-05-18T13:32:17.910Z,38.8281667,-122.801,3.49,2.61,md,45,33,0.02072,0.04,nc,nc21164881,2017-01-01T12:19:31.430Z,"Northern California",earthquake,0.1,0.25,0.18,50,reviewed,nc,nc
2001-05-18T12:36:43.240Z,51.149,16.027,5,3,ml,9,,,0.64,us,usp000af4k,2014-11-07T01:12:48.513Z,"7 km ENE of Z?otoryja, Poland",earthquake,,,,,reviewed,us,vie
2001-05-18T11:57:13.590Z,-10.207,120.235,47,4.8,mb,48,,,1.43,us,usp000af4j,2014-11-07T01:12:48.507Z,"60 km S of Waingapu, Indonesia",earthquake,,12.7,,16,reviewed,us,us
2001-05-18T11:29:08.420Z,18.016,-67.134,7.5,2.9,md,5,,,,us,usp000af4h,2014-11-07T01:12:48.506Z,"3 km ESE of Boquerón, Puerto Rico",earthquake,,,,,reviewed,rspr,rspr
2001-05-18T11:10:24.320Z,50.821,16.027,5,2.9,ml,6,,,0.82,us,usp000af4g,2014-11-07T01:12:48.504Z,"2 km S of Marciszów, Poland",earthquake,,,,,reviewed,us,vie
2001-05-18T10:59:45.370Z,-7.53,155.888,33,5.6,mwc,153,,,0.97,us,usp000af4f,2022-04-29T19:21:52.979Z,"122 km WNW of Gizo, Solomon Islands",earthquake,,,,,reviewed,us,hrv
2001-05-18T10:56:56.800Z,-43.49,171.02,12,4.5,mb,65,,,,us,usp000af4e,2014-11-07T01:12:48.478Z,"53 km WNW of Methven, New Zealand",earthquake,,,,10,reviewed,wel,us
2001-05-18T10:21:18.380Z,-20.247,-178.529,589.7,4.3,mb,30,,,0.93,us,usp000af4d,2014-11-07T01:12:48.475Z,"Fiji region",earthquake,,38.9,,11,reviewed,us,us
2001-05-18T10:08:06.010Z,15.466,-86.965,33,3.9,mb,16,,,0.98,us,usp000af4c,2014-11-07T01:12:48.473Z,"16 km NE of La Rosa, Honduras",earthquake,,,,6,reviewed,us,us
2001-05-18T09:49:57.450Z,40.403,19.703,10,3.6,md,18,,,0.95,us,usp000af4b,2014-11-07T01:12:48.471Z,"15 km SSE of Selenicë, Albania",earthquake,,,,,reviewed,us,ath
2001-05-18T09:39:12.330Z,35.8015,-118.046,7.69,2.75,ml,41,33,0.07416,0.13,ci,ci9653857,2016-04-02T04:59:04.892Z,"20km SW of Little Lake, CA",earthquake,0.27,1.02,0.319,48,reviewed,ci,ci
2001-05-18T09:34:04.000Z,42.963,0.145,15,2.5,ml,8,,,,us,usp000af49,2014-11-07T01:12:48.468Z,"6 km SSW of Campan, France",earthquake,,,,,reviewed,ldg,ldg
2001-05-18T07:28:44.600Z,34.403,136.186,372.4,4.6,mb,109,,,0.83,us,usp000af48,2014-11-07T01:12:48.459Z,"25 km SSE of Nabari, Japan",earthquake,,,,51,reviewed,us,us
2001-05-18T07:22:42.884Z,37.1698,-117.3953,11.3,3,ml,25,104.35,0.171,0.1332,nn,nn00029736,2018-04-24T22:14:02.940Z,"61 km SSW of Goldfield, Nevada",earthquake,,3.3,,,reviewed,nn,nn
2001-05-18T06:18:05.100Z,-31.984,-69.981,122,3.3,md,4,,,,us,usp000af46,2014-11-07T01:12:48.457Z,"89 km SW of Calingasta, Argentina",earthquake,,,,,reviewed,guc,guc
2001-05-18T06:14:56.400Z,40.74,21,5,3.5,md,17,,,,us,usp000af44,2014-11-07T01:12:48.453Z,"12 km N of Bilisht, Albania",earthquake,,,,,reviewed,ath,ath
2001-05-18T06:10:26.400Z,43.732,3.292,15,2.7,md,6,,,,us,usp000af43,2014-11-07T01:12:48.451Z,"2 km W of Lodève, France",earthquake,,,,,reviewed,ldg,ldg
2001-05-18T05:02:19.700Z,-32.437,-71.606,34.2,4.2,md,13,,,,us,usp000af40,2014-11-07T01:12:48.446Z,"35 km W of La Ligua, Chile",earthquake,,,,,reviewed,guc,guc
2001-05-18T04:38:25.200Z,-31.834,-67.451,48.8,4.7,mb,20,,,0.93,us,usp000af3z,2014-11-07T01:12:48.443Z,"81 km ESE of Caucete, Argentina",earthquake,,11.9,,1,reviewed,us,us
2001-05-18T04:20:48.120Z,51.658,16.211,5,3.3,ml,18,,,0.63,us,usp000af3y,2014-11-07T01:12:48.439Z,"6 km SSW of Szlichtyngowa, Poland",earthquake,,,,,reviewed,us,vie
2001-05-18T04:19:29.870Z,35.7908333,-118.0451667,6.652,2.61,mc,35,44,0.06526,0.17,ci,ci9653769,2016-04-01T22:30:39.379Z,"20km SW of Little Lake, CA",earthquake,0.36,1.22,0.442,36,reviewed,ci,ci
2001-05-18T04:15:20.587Z,61.7311,-151.5203,83.5,2.6,ml,,,,0.57,ak,ak0016camvwa,2020-02-20T20:49:27.341Z,"29 km SSW of Skwentna, Alaska",earthquake,,1.2,,,reviewed,ak,ak
2001-05-18T03:03:01.140Z,19.246,-64.478,25,3.4,md,5,,,,us,usp000af3v,2014-11-07T01:12:48.435Z,"106 km NNE of Cruz Bay, U.S. Virgin Islands",earthquake,,,,,reviewed,rspr,rspr
2001-05-18T03:01:04.384Z,63.7119,-149.3862,124,3.3,ml,,,,0.69,ak,ak0016c9yf0m,2020-02-20T20:49:27.686Z,"23 km W of McKinley Park, Alaska",earthquake,,0.9,,,reviewed,ak,ak
2001-05-18T02:46:30.310Z,54.352,169.062,10,5.2,mwc,201,,,0.91,us,usp000af3t,2025-12-19T22:48:18.319Z,"Komandorskiye Ostrova, Russia region",earthquake,,,,,reviewed,us,hrv
2001-05-18T02:28:01.350Z,1.549,126.449,33,4.5,mb,29,,,0.93,us,usp000af3s,2014-11-07T01:12:48.413Z,"133 km NW of Ternate, Indonesia",earthquake,,,,6,reviewed,us,us
2001-05-18T02:27:55.660Z,35.8021667,-118.0445,8,3.03,ml,39,56,0.07531,0.12,ci,ci9653733,2016-04-02T01:48:28.830Z,"19km SW of Little Lake, CA",earthquake,0.32,1,0.324,220,reviewed,ci,ci
2001-05-18T02:17:10.790Z,35.799,-118.0476667,7.542,2.63,mc,38,33,0.07132,0.2,ci,ci9653725,2016-02-17T00:29:38.244Z,"20km SW of Little Lake, California",earthquake,0.34,1.28,0.449,41,reviewed,ci,ci
2001-05-18T02:05:33.450Z,0.414,97.784,33,5.9,mwc,252,,,1.05,us,usp000af3q,2022-04-29T19:16:06.665Z,"183 km SW of Sibolga, Indonesia",earthquake,,,,,reviewed,us,hrv
2001-05-18T01:38:33.100Z,39.03,26.86,5,3.5,md,10,,,,us,usp000af3p,2014-11-07T01:12:48.353Z,"5 km SSW of Dikili, Turkey",earthquake,,,,,reviewed,ath,ath
2001-05-18T01:31:50.330Z,-17.602,-69.909,104.8,4.5,mb,38,,,1.02,us,usp000af3n,2014-11-07T01:12:48.349Z,"13 km ESE of Estique, Peru",earthquake,,7.3,,11,reviewed,us,us
2001-05-18T01:24:24.600Z,35.7981667,-118.045,6.59,3.14,mc,36,46,0.07162,0.12,ci,ci10856059,2016-04-02T13:40:40.420Z,"20km SW of Little Lake, CA",earthquake,0.31,1.21,0.738,11,reviewed,ci,ci
2001-05-18T00:25:29.320Z,14.332,-92.184,73.2,4.2,mb,18,,,0.94,us,usp000af3k,2014-11-07T01:12:48.346Z,"19 km S of Ocós, Guatemala",earthquake,,9.3,,5,reviewed,us,us
2001-05-18T00:09:53.080Z,35.8028333,-118.0453333,8.55,2.54,mc,34,48,0.07559,0.13,ci,ci9653617,2016-04-02T11:29:57.163Z,"19km SW of Little Lake, CA",earthquake,0.34,0.85,0.327,26,reviewed,ci,ci
2001-05-17T23:37:21.210Z,35.7966667,-118.0463333,7.836,2.58,ml,32,46.1,0.06978,0.11,ci,ci9653589,2016-04-02T17:46:39.222Z,"20km SW of Little Lake, CA",earthquake,0.32,1.19,0.224,21,reviewed,ci,ci
2001-05-17T23:33:49.030Z,35.7938333,-118.0485,7.592,2.79,ml,37,33.1,0.06646,0.2,ci,ci9653577,2016-04-02T17:46:37.825Z,"20km SW of Little Lake, CA",earthquake,0.38,1.44,0.309,69,reviewed,ci,ci
2001-05-17T23:29:53.180Z,-62.87,145.768,10,4.7,mb,53,,,0.58,us,usp000af3h,2014-11-07T01:12:48.336Z,"south of Australia",earthquake,,,,11,reviewed,us,us
2001-05-17T23:23:38.460Z,35.794,-118.0486667,7.882,3.15,ml,37,33.2,0.06654,0.14,ci,ci9653565,2016-04-01T19:15:46.647Z,"20km SW of Little Lake, CA",earthquake,0.28,1.1,0.304,212,reviewed,ci,ci
2001-05-17T23:06:37.000Z,35.788,-118.047,3.082,2.7,mc,33,43,0.06208,0.18,ci,ci9653517,2016-04-02T01:46:36.190Z,"21km SW of Little Lake, CA",earthquake,0.32,0.54,0.262,8,reviewed,ci,ci
2001-05-17T23:05:26.310Z,54.614,-158.621,33,4.1,mb,13,,,1.2,us,usp000af3f,2020-02-20T20:47:28.110Z,"144 km SE of Sand Point, Alaska",earthquake,,,,3,reviewed,us,us
2001-05-17T23:03:55.840Z,35.797,-118.0425,7.412,2.73,mc,40,32,0.07163,0.16,ci,ci9653513,2016-04-02T04:59:06.459Z,"20km SW of Little Lake, CA",earthquake,0.35,1.47,0.334,56,reviewed,ci,ci
2001-05-17T23:02:55.920Z,35.8036667,-118.0568333,7.201,2.54,mc,10,102,0.07255,0.13,ci,ci9653509,2016-04-01T19:15:42.202Z,"20km SW of Little Lake, CA",earthquake,0.84,1.43,0.484,6,reviewed,ci,ci
2001-05-17T23:00:15.710Z,35.7935,-118.047,6.292,2.77,mc,26,67,0.06677,0.12,ci,ci9653501,2016-04-01T22:30:05.806Z,"20km SW of Little Lake, CA",earthquake,0.43,2.06,0.328,22,reviewed,ci,ci
2001-05-17T22:56:45.850Z,35.796,-118.0461667,7.192,4.1,ml,43,32,0.06927,0.13,ci,ci9653493,2022-08-09T07:26:19.419Z,"20km SW of Little Lake, CA",earthquake,0.25,1.17,0.285,273,reviewed,ci,ci
2001-05-17T22:55:55.710Z,35.8,-118.0418333,8.74,2.57,mc,26,67,0.07448,0.17,ci,ci9653489,2016-04-01T22:26:11.539Z,"20km SW of Little Lake, CA",earthquake,0.39,1.31,0.449,29,reviewed,ci,ci
2001-05-17T22:31:37.550Z,35.8003333,-118.044,8.54,2.88,ml,42,33.5,0.0739,0.13,ci,ci9653457,2016-04-02T14:37:41.177Z,"20km SW of Little Lake, CA",earthquake,0.28,0.97,0.324,83,reviewed,ci,ci
2001-05-17T22:29:08.510Z,35.8028333,-118.0435,8.47,2.99,ml,39,33.8,0.07629,0.12,ci,ci9653441,2016-04-02T01:47:31.194Z,"19km SW of Little Lake, CA",earthquake,0.27,0.96,0.327,187,reviewed,ci,ci
2001-05-17T22:21:11.990Z,11.609,-59.864,3,3.9,md,17,,,,us,usp000af3a,2014-11-07T01:12:48.322Z,"106 km ENE of Scarborough, Trinidad and Tobago",earthquake,,,,,reviewed,trn,trn
2001-05-17T22:14:14.450Z,23.213,123.782,33,3.6,mb,12,,,1.35,us,usp000af39,2014-11-07T01:12:48.320Z,"131 km SSW of Ishigaki, Japan",earthquake,,,,4,reviewed,us,us
2001-05-17T22:05:08.860Z,-28.67,-112.852,10,4.8,mb,18,,,0.95,us,usp000af38,2014-11-07T01:12:48.318Z,"Easter Island region",earthquake,,,,10,reviewed,us,us
2001-05-17T22:01:13.650Z,46.7065,-122.768,-0.031,3.1,md,9,138,0.05798,0.12,uw,uw10526383,2016-07-23T00:35:30.620Z,"12 km SE of Bucoda, Washington",explosion,0.606,1.08,0.01,5,reviewed,uw,uw
2001-05-17T21:56:38.600Z,35.8043333,-118.0435,10.089,2.92,ml,21,59,0.2612,0.11,ci,ci9653353,2016-04-02T11:30:51.801Z,"19km SW of Little Lake, CA",earthquake,0.29,2.4,0.317,127,reviewed,ci,ci
2001-05-17T21:53:45.570Z,35.799,-118.0436667,7.54,4.25,ml,43,32,0.07288,0.14,ci,ci9653349,2022-08-09T07:25:12.864Z,"20km SW of Little Lake, CA",earthquake,0.26,1.02,0.868,113,reviewed,ci,ci
2001-05-17T21:51:37.070Z,-2.044,137.199,33,3.9,mb,9,,,1.25,us,usp000af36,2014-11-07T01:12:48.313Z,"156 km SE of Biak, Indonesia",earthquake,,,,2,reviewed,us,us
2001-05-17T21:33:16.770Z,-16.164,-176.085,300,4,mb,19,,,0.62,us,usp000af35,2014-11-07T01:12:48.310Z,"246 km W of Hihifo, Tonga",earthquake,,,,6,reviewed,us,us
2001-05-17T21:14:30.630Z,35.7948333,-118.0428333,6.702,3,ml,40,32.8,0.06965,0.14,ci,ci9653329,2016-04-01T22:30:56.562Z,"20km SW of Little Lake, CA",earthquake,0.28,1.29,0.329,118,reviewed,ci,ci
2001-05-17T21:10:30.300Z,-32.543,-70.041,112.6,3.7,md,15,,,,us,usp000af33,2014-11-07T01:12:48.306Z,"61 km ENE of Los Andes, Chile",earthquake,,,,,reviewed,guc,guc
2001-05-17T20:53:47.860Z,35.8001667,-118.0438333,8.134,2.68,ml,35,34,0.07382,0.13,ci,ci9653301,2016-04-02T04:58:38.080Z,"20km SW of Little Lake, CA",earthquake,0.28,1.05,0.22,26,reviewed,ci,ci
2001-05-17T20:53:27.080Z,32.965,-109.297,0,2.9,ml,5,,,0.43,rusms,rusms00002495,2022-06-09T21:12:10.649Z,"9 km S of Clifton, Arizona",explosion,,,,,reviewed,us,us
2001-05-17T20:47:58.940Z,35.7985,-118.0398333,4.344,3.57,ml,15,108,0.2631,0.16,ci,ci9653293,2016-04-02T04:58:36.553Z,"20km SW of Little Lake, CA",earthquake,0.46,18,0.331,274,reviewed,ci,ci
2001-05-17T20:06:07.129Z,61.6665,-151.0597,71.5,2.8,ml,,,,0.73,ak,ak0016awkilk,2020-02-20T20:49:33.268Z,"32 km WNW of Susitna, Alaska",earthquake,,0.3,,,reviewed,ak,ak
2001-05-17T19:49:46.630Z,35.7988333,-118.0446667,6.83,3.02,ml,41,32,0.07233,0.14,ci,ci9653261,2016-04-01T19:15:11.141Z,"20km SW of Little Lake, CA",earthquake,0.26,1.13,0.333,124,reviewed,ci,ci
2001-05-17T19:46:22.561Z,39.6049,-120.6768,13.9,2.6,ml,11,196.13,0.024,0.1376,nn,nn00029688,2018-04-24T22:14:01.694Z,"5 km NW of Sierra City, California",earthquake,,1.6,,,reviewed,nn,nn
2001-05-17T19:14:11.460Z,-5.322,150.883,125.4,4.7,mb,70,,,0.82,us,usp000af2y,2014-11-07T01:12:48.291Z,"86 km ENE of Kimbe, Papua New Guinea",earthquake,,3.5,,19,reviewed,us,us
2001-05-17T19:06:56.950Z,44.572,18.493,11.9,3.2,md,28,,,,us,usp000af2x,2014-11-07T01:12:48.287Z,"3 km NNE of Pura?i?, Bosnia and Herzegovina",earthquake,,,,,reviewed,pdg,pdg
2001-05-17T18:27:47.500Z,36.84,21.99,15,3.2,md,7,,,,us,usp000af2u,2014-11-07T01:12:48.283Z,"5 km NNE of Koróni, Greece",earthquake,,,,,reviewed,ath,ath
2001-05-17T17:40:56.300Z,-31.658,-71.88,30.5,3.5,md,6,,,,us,usp000af2t,2014-11-07T01:12:48.282Z,"67 km W of Illapel, Chile",earthquake,,,,,reviewed,guc,guc
2001-05-17T17:37:12.580Z,18.557,-66.324,79.1,2.6,md,6,,,,us,usp000af2s,2014-11-07T01:12:48.280Z,"10 km N of Brenas, Puerto Rico",earthquake,,,,,reviewed,rspr,rspr
2001-05-17T16:31:54.470Z,25.512,122.788,253.2,4,mb,20,,,0.89,us,usp000af2r,2014-11-07T01:12:48.278Z,"104 km ENE of Jiufen, Taiwan",earthquake,,6.6,,7,reviewed,us,us
2001-05-17T16:22:30.600Z,-32.699,-71.6,7.5,3.3,md,10,,,,us,usp000af2q,2014-11-07T01:12:48.276Z,"36 km N of Viña del Mar, Chile",earthquake,,,,,reviewed,guc,guc
2001-05-17T16:04:38.520Z,43.154,146.904,62.7,4.2,mb,31,,,0.62,us,usp000af2p,2014-11-07T01:12:48.273Z,"73 km SSE of Shikotan, Russia",earthquake,,11.1,,14,reviewed,us,us
2001-05-17T16:00:32.520Z,41.743,-108.645,0,2.5,ml,17,,,0.77,rusms,rusms00002494,2022-06-09T21:12:10.644Z,"13 km ENE of Point of Rocks, Wyoming",explosion,,,,,reviewed,us,us
2001-05-17T15:53:13.900Z,38.17,21.98,5,3.3,ml,14,,,,us,usp000af2k,2014-11-07T01:12:48.269Z,"12 km SW of Aígio, Greece",earthquake,,,,,reviewed,ath,ath
2001-05-17T15:24:27.800Z,41.47,20.88,24,2.6,md,12,,,,us,usp000af2j,2014-11-07T01:12:48.267Z,"4 km WSW of Drugovo, North Macedonia",earthquake,,,,,reviewed,sko,pdg
2001-05-17T15:18:33.800Z,43.13,-0.692,19,2.5,ml,12,,,,us,usp000af2h,2014-11-07T01:12:48.264Z,"4 km NNE of Arette, France",earthquake,,,,,reviewed,ldg,ldg
2001-05-17T15:02:21.060Z,11.249,-61.721,22,3.5,md,6,,,,us,usp000af2g,2014-11-07T01:12:48.263Z,"63 km NNW of Petit Valley, Trinidad and Tobago",earthquake,,,,,reviewed,trn,trn
2001-05-17T14:41:53.890Z,11.219,124.71,33,4.4,mb,25,,,1.16,us,usp000af2f,2014-11-07T01:12:48.260Z,"5 km WSW of Tunga, Philippines",earthquake,,,,11,reviewed,us,us
2001-05-17T14:33:03.700Z,-15.478,-174.855,200,4.2,mb,46,,,0.9,us,usp000af2d,2014-11-07T01:12:48.253Z,"125 km WNW of Hihifo, Tonga",earthquake,,,,7,reviewed,us,us
2001-05-17T14:25:53.820Z,-47.414,-13.178,10,4.3,mb,10,,,0.85,us,usp000af2c,2014-11-07T01:12:48.251Z,"southern Mid-Atlantic Ridge",earthquake,,,,5,reviewed,us,us
2001-05-17T14:18:41.380Z,36.658,141.59,33,4.4,mb,18,,,1.2,us,usp000af2b,2014-11-07T01:12:48.249Z,"76 km E of Kitaibaraki, Japan",earthquake,,,,7,reviewed,us,us
2001-05-17T14:18:27.180Z,37.461,-3.529,20.6,2.6,mblg,14,,,,us,usp000af2a,2014-11-07T01:12:48.247Z,"7 km N of Iznalloz, Spain",earthquake,,,,,reviewed,mdd,mdd
2001-05-17T13:06:04.800Z,-39.46,177.1,88,4,ml,11,,,,us,usp000af29,2014-11-07T01:12:48.245Z,"16 km ENE of Napier, New Zealand",earthquake,,,,,reviewed,wel,wel
2001-05-17T11:43:57.860Z,38.958,15.526,239.5,5.2,mwr,397,,,1.02,us,usp000af26,2014-11-07T01:12:48.212Z,"43 km NW of Santa Domenica, Italy",earthquake,,1.7,,,reviewed,us,csem
2001-05-17T11:28:28.240Z,52.437,159.597,73,3.9,mb,11,,,0.99,us,usp000af25,2014-11-07T01:12:48.210Z,"93 km SE of Petropavlovsk-Kamchatsky, Russia",earthquake,,10.6,,2,reviewed,us,us
2001-05-17T11:00:15.100Z,35.49,24.52,14,3.5,md,8,,,,us,usp000af24,2014-11-07T01:12:48.209Z,"14 km NNE of Rethymno, Greece",earthquake,,,,,reviewed,ath,ath
2001-05-17T10:50:36.800Z,36.16,22.61,5,3.5,md,9,,,,us,usp000af23,2014-11-07T01:12:48.208Z,"34 km W of Kýthira, Greece",earthquake,,,,,reviewed,ath,ath
2001-05-17T10:48:59.290Z,10.913,125.552,33,4.5,mb,18,,,0.84,us,usp000af22,2014-11-07T01:12:48.205Z,"22 km SW of Guiuan, Philippines",earthquake,,,,9,reviewed,us,us
2001-05-17T10:11:04.800Z,-40.14,179.35,16,4,ml,15,,,,us,usp000af21,2014-11-07T01:12:48.204Z,"201 km SE of Gisborne, New Zealand",earthquake,,,,,reviewed,wel,wel
2001-05-17T09:00:46.030Z,43.905,-128.364,10,3.1,mb,20,,,0.81,us,usp000af20,2014-11-07T01:12:48.202Z,"off the coast of Oregon",earthquake,,,,1,reviewed,us,us
2001-05-17T07:29:48.740Z,-10.287,161.319,33,4.6,mb,15,,,0.81,us,usp000af1z,2014-11-07T01:12:48.200Z,"68 km WNW of Kirakira, Solomon Islands",earthquake,,,,6,reviewed,us,us
2001-05-17T07:11:33.900Z,-34.076,-71.273,81.7,3.4,md,13,,,,us,usp000af1y,2014-11-07T01:12:48.198Z,"43 km S of Melipilla, Chile",earthquake,,,,,reviewed,guc,guc
2001-05-17T06:56:57.052Z,62.8845,-149.4782,82.6,2.5,ml,,,,0.58,ak,ak0016aoj9s9,2020-02-20T20:49:35.022Z,"58 km NNE of Chase, Alaska",earthquake,,0.3,,,reviewed,ak,ak
2001-05-17T06:43:48.500Z,36.045,-83.838,0.3,2.7,md,,67,0.15288,0.5,se,se61917,2022-06-28T16:33:39.691Z,"8 km WSW of Mascot, Tennessee",earthquake,,0.9,,,reviewed,se,se
2001-05-17T06:06:07.100Z,-33.531,-70.034,8.6,3,md,5,,,,us,usp000af1w,2014-11-07T01:12:48.193Z,"51 km E of Puente Alto, Chile",earthquake,,,,,reviewed,guc,guc
2001-05-17T05:50:22.360Z,16.996,-61.208,10,3.2,md,7,,,,us,usp000af1v,2014-11-07T01:12:48.192Z,"60 km E of Parham, Antigua and Barbuda",earthquake,,,,,reviewed,trn,trn
2001-05-17T05:44:40.092Z,58.032,-156.2401,137,2.5,ml,,,,0.47,ak,ak0016anv8a1,2020-02-20T20:49:32.607Z,"69 km ESE of Egegik, Alaska",earthquake,,11,,,reviewed,ak,ak
2001-05-17T05:14:05.700Z,36.15,22.67,5,3.5,ml,24,,,,us,usp000af1u,2014-11-07T01:12:48.190Z,"28 km W of Kýthira, Greece",earthquake,,,,,reviewed,ath,ath
2001-05-17T04:53:51.820Z,-60.617,-26.785,33,4.3,mb,14,,,0.91,us,usp000af1t,2014-11-07T01:12:48.187Z,"South Sandwich Islands region",earthquake,,,,1,reviewed,us,us
2001-05-17T04:41:34.430Z,-38.639,-73.3,18.8,5,mb,68,,,1.08,us,usp000af1s,2022-04-29T19:25:49.240Z,"14 km WNW of Carahue, Chile",earthquake,,,,28,reviewed,us,us
2001-05-17T03:49:44.020Z,-5.029,153.021,33,3.9,mb,8,,,1.42,us,usp000af1r,2014-11-07T01:12:48.178Z,"112 km SE of Kokopo, Papua New Guinea",earthquake,,,,2,reviewed,us,us
2001-05-17T02:01:07.200Z,40.55,21.28,5,2.8,md,5,,,,us,usp000af1q,2014-11-07T01:12:48.177Z,"2 km NE of Chlói, Greece",earthquake,,,,,reviewed,ath,ath
2001-05-17T00:18:18.967Z,63.057,-150.9668,135.8,2.7,ml,,,,0.85,ak,ak0016akqg08,2020-02-20T20:49:35.415Z,"63 km N of Petersville, Alaska",earthquake,,2.7,,,reviewed,ak,ak
2001-05-17T00:11:14.260Z,-55.943,-26.131,33,4.2,mb,13,,,1.12,us,usp000af1n,2014-11-07T01:12:48.173Z,"South Sandwich Islands region",earthquake,,,,6,reviewed,us,us
2001-05-16T23:52:57.630Z,16.713,-61.222,15,3.2,md,10,,,,us,usp000af1m,2014-11-07T01:12:48.171Z,"40 km NE of Anse-Bertrand, Guadeloupe",earthquake,,,,,reviewed,trn,trn
2001-05-16T23:25:42.140Z,46.7086667,-122.7656667,0.629,3.2,md,20,137,0.05813,0.14,uw,uw10526093,2016-07-23T00:35:29.390Z,"12 km SE of Bucoda, Washington",explosion,0.591,0.87,0.02,7,reviewed,uw,uw
2001-05-16T22:58:45.885Z,64.2456,-147.2621,16.1,3.9,ml,,,,1.1,ak,ak00169aj9jg,2020-02-20T20:49:39.402Z,"35 km WSW of Harding-Birch Lakes, Alaska",earthquake,,0.1,,,reviewed,ak,ak
2001-05-16T22:49:24.350Z,-23.202,-179.975,600,4,mb,16,,,0.67,us,usp000af1h,2014-11-07T01:12:48.152Z,"south of the Fiji Islands",earthquake,,,,3,reviewed,us,us
2001-05-16T20:45:39.130Z,38.877,-107.44,0,3,ml,7,,,0.66,rusms,rusms00002493,2022-06-09T21:12:10.640Z,"13 km E of Paonia, Colorado",explosion,,,,,reviewed,us,us
2001-05-16T19:54:40.090Z,44.843,9.876,4.8,2.7,ml,21,,,,us,usp000af1f,2014-11-07T01:12:48.146Z,"1 km S of Castell'Arquato, Italy",earthquake,,,,,reviewed,gen,gen
2001-05-16T19:35:41.670Z,33.043,-109.335,0,2.8,ml,6,,,0.44,rusms,rusms00002492,2022-06-09T21:12:10.636Z,"3 km WSW of Clifton, Arizona",explosion,,,,,reviewed,us,us
2001-05-16T19:20:12.400Z,-29.405,-71.429,64.3,3.6,md,7,,,,us,usp000af1e,2014-11-07T01:12:48.145Z,"58 km NNW of La Serena, Chile",earthquake,,,,,reviewed,guc,guc
2001-05-16T18:51:27.990Z,-8.598,-74.588,141.6,4.3,mb,21,,,1.08,us,usp000af1c,2014-11-07T01:12:48.141Z,"22 km SSW of San Fernando, Peru",earthquake,,,,5,reviewed,us,us
2001-05-16T18:29:14.580Z,6.656,-72.006,10,3.4,ml,6,,,0.43,us,usp000af1b,2014-11-07T01:12:48.140Z,"29 km WSW of Fortul, Colombia",earthquake,,,,,reviewed,us,rsnc
2001-05-16T18:17:03.850Z,22.185,143.91,33,4.3,mb,14,,,0.97,us,usp000af1a,2014-11-07T01:12:48.138Z,"Volcano Islands, Japan region",earthquake,,,,3,reviewed,us,us
2001-05-16T17:51:25.300Z,-33.594,-71.347,48.2,3.8,md,12,,,,us,usp000af19,2014-11-07T01:12:48.136Z,"16 km NW of Melipilla, Chile",earthquake,,,,,reviewed,guc,guc
2001-05-16T16:51:56.300Z,38.29,21.5,24,4.1,mb,88,,,,us,usp000af17,2014-11-07T01:12:48.127Z,"9 km SW of Galatás, Greece",earthquake,,,,10,reviewed,ath,us
2001-05-16T16:17:44.970Z,23.186,94.178,33,4.7,mb,48,,,0.61,us,usp000af15,2014-11-07T01:12:48.120Z,"55 km SSW of Mawlaik, Myanmar",earthquake,,,,27,reviewed,us,us
2001-05-16T16:01:51.510Z,-6.107,151.661,33,4.4,mb,18,,,0.58,us,usp000af14,2014-11-07T01:12:48.117Z,"179 km ESE of Kimbe, Papua New Guinea",earthquake,,,,7,reviewed,us,us
2001-05-16T15:03:03.540Z,-6.059,151.57,33,4.3,mb,17,,,0.87,us,usp000af13,2014-11-07T01:12:48.115Z,"168 km ESE of Kimbe, Papua New Guinea",earthquake,,,,4,reviewed,us,us
2001-05-16T14:11:27.430Z,17.41,-62.265,77,2.9,md,7,,,,us,usp000af12,2014-11-07T01:12:48.113Z,"41 km NE of Newcastle, Saint Kitts and Nevis",earthquake,,,,,reviewed,trn,trn
2001-05-16T13:41:21.300Z,38.02,21.43,5,3,md,6,,,,us,usp000af10,2014-11-07T01:12:48.111Z,"5 km SE of Néa Manoláda, Greece",earthquake,,,,,reviewed,ath,ath
2001-05-16T13:34:24.090Z,37.384,-2.302,1.7,2.5,mblg,14,,,,us,usp000af0z,2014-11-07T01:12:48.108Z,"3 km N of Olula del Río, Spain",earthquake,,,,,reviewed,mdd,mdd
2001-05-16T13:10:42.550Z,30.179,69.841,14.2,4.9,mb,97,,,1.02,us,usp000af0y,2022-04-29T19:16:05.499Z,"43 km NE of Barkhan, Pakistan",earthquake,,,,55,reviewed,us,us
2001-05-16T12:44:01.245Z,59.1601,-145.5291,28.9,2.7,ml,,,,0.46,ak,ak001694hu0s,2020-02-20T20:49:40.882Z,"154 km S of Cordova, Alaska",earthquake,,7.5,,,reviewed,ak,ak
2001-05-16T11:46:46.350Z,-30.472,-178.086,150,4.9,mb,62,,,0.97,us,usp000af0x,2014-11-07T01:12:48.092Z,"Kermadec Islands, New Zealand",earthquake,,,,21,reviewed,us,us
2001-05-16T11:16:17.770Z,-4.035,101.206,33,4.2,mb,20,,,0.87,us,usp000af0w,2014-11-07T01:12:48.090Z,"120 km WSW of Bengkulu, Indonesia",earthquake,,,,3,reviewed,us,us
2001-05-16T11:16:14.480Z,44.515,7.248,10,2.5,ml,11,,,,us,usp000af0v,2014-11-07T01:12:48.088Z,"3 km NNW of San Damiano Macra, Italy",earthquake,,,,,reviewed,gen,gen
2001-05-16T11:00:16.940Z,30.131,69.742,17.5,5.1,mwc,175,,,0.83,us,usp000af0u,2022-04-29T19:28:41.690Z,"33 km NE of Barkhan, Pakistan",earthquake,,,,,reviewed,us,hrv
2001-05-16T10:27:20.880Z,-16.149,-74.405,33,4.4,mb,23,,,0.98,us,usp000af0t,2014-11-07T01:12:48.066Z,"39 km S of Atiquipa, Peru",earthquake,,,,6,reviewed,us,us
2001-05-16T08:22:14.690Z,30.228,142.072,33,4.5,mb,28,,,1.04,us,usp000af0r,2014-11-07T01:12:48.061Z,"Izu Islands, Japan region",earthquake,,,,7,reviewed,us,us
2001-05-16T07:24:29.210Z,36.345,52.562,25.6,4,mb,14,,,0.89,us,usp000af0p,2014-11-07T01:12:48.057Z,"23 km SE of ?mol, Iran",earthquake,,,,3,reviewed,us,us
2001-05-16T07:05:20.240Z,55.301,166.522,33,4.4,mb,35,,,0.85,us,usp000af0n,2014-11-07T01:12:48.054Z,"273 km ESE of Ust’-Kamchatsk Staryy, Russia",earthquake,,,,20,reviewed,us,us
2001-05-16T07:00:26.900Z,38.28,21.54,29,3.1,md,8,,,,us,usp000af0m,2014-11-07T01:12:48.053Z,"8 km SSW of Galatás, Greece",earthquake,,,,,reviewed,ath,ath
2001-05-16T05:38:48.150Z,40.6388333,-124.3843333,6.976,2.87,md,23,206,0.1676,0.12,nc,nc21164503,2017-01-01T12:12:23.701Z,"12 km NW of Ferndale, California",earthquake,0.67,0.71,0.13,16,reviewed,nc,nc
2001-05-16T04:31:05.260Z,77.164,9.069,10,4,mb,14,,,1.3,us,usp000af0j,2014-11-07T01:12:48.049Z,"196 km SW of Longyearbyen, Svalbard and Jan Mayen",earthquake,,,,1,reviewed,us,us
2001-05-16T04:30:28.810Z,-31.791,-69.808,159.6,3.9,md,12,,,0.53,us,usp000af0h,2014-11-07T01:12:48.046Z,"62 km SW of Calingasta, Argentina",earthquake,,39.9,,,reviewed,us,guc
2001-05-16T04:29:56.560Z,-2.811,139.009,33,4.1,mb,11,,,1,us,usp000af0g,2014-11-07T01:12:48.044Z,"182 km W of Abepura, Indonesia",earthquake,,,,3,reviewed,us,us
2001-05-16T04:21:58.600Z,49.3703333,-125.544,9.933,3.9,md,13,327,1.75,0.26,uw,uw10526003,2016-07-23T00:35:28.720Z,"35 km NE of Tofino, Canada",earthquake,2.482,2.89,0.04,2,reviewed,uw,uw
2001-05-16T04:21:07.000Z,50.42,-130.23,10,4,mb,50,,,,us,usp000af0f,2014-11-07T01:12:48.037Z,"223 km W of Port McNeill, Canada",earthquake,,,,9,reviewed,pgc,us
2001-05-16T04:05:46.044Z,50.9868,-179.7901,10,3.8,ml,,,,0.26,ak,ak00168zi3po,2020-02-20T20:47:24.848Z,"240 km WSW of Adak, Alaska",earthquake,,0,,,reviewed,ak,ak
2001-05-16T04:04:12.370Z,51.134,-179.915,65.6,3.7,mb,21,,,1.27,us,usp000af0e,2020-02-20T20:47:25.169Z,"242 km WSW of Adak, Alaska",earthquake,,11.6,,5,reviewed,us,us
2001-05-16T00:26:21.530Z,-4.236,143.422,133,5.5,mwc,94,,,0.79,us,usp000af0b,2022-04-29T19:16:04.314Z,"67 km E of Ambunti, Papua New Guinea",earthquake,,,,,reviewed,us,hrv
2001-05-15T23:53:18.380Z,-28.06,-66.553,176.5,5.6,mwc,222,,,1.02,us,usp000af09,2022-04-29T19:16:03.168Z,"49 km NW of Pomán, Argentina",earthquake,,,,,reviewed,us,hrv
2001-05-15T23:46:52.940Z,45.39,136.963,358.6,3.8,mb,25,,,1.1,us,usp000af08,2014-11-07T01:12:47.939Z,"46 km NE of Terney, Russia",earthquake,,11.3,,7,reviewed,us,us
2001-05-15T23:38:39.920Z,24.125,127.251,33,4.5,mb,19,,,1.16,us,usp000af07,2014-11-07T01:12:47.936Z,"211 km ESE of Hirara, Japan",earthquake,,,,6,reviewed,us,us
2001-05-15T23:37:55.400Z,16.323,-95.319,65.9,4.6,md,18,,,,us,usp000af06,2014-11-07T01:12:47.935Z,"8 km W of Santo Domingo Tehuantepec, Mexico",earthquake,,,,,reviewed,unm,unm
2001-05-15T22:43:25.400Z,49.137,6.851,1,2.8,ml,32,,,,us,usp000af03,2014-11-07T01:12:47.927Z,"0 km SSW of Cocheren, France",earthquake,,,,,reviewed,ldg,ldg
2001-05-15T21:59:34.670Z,46.7108333,-122.7488333,-0.689,3,md,7,137,0.05165,0.13,uw,uw10525868,2016-07-23T00:35:28.340Z,"13 km SE of Bucoda, Washington",explosion,0.086,0.07,0.02,4,reviewed,uw,uw
2001-05-15T21:43:06.700Z,46.727,-2.401,4,2.5,ml,15,,,,us,usp000af02,2014-11-07T01:12:47.924Z,"23 km WSW of Notre-Dame-de-Monts, France",earthquake,,,,,reviewed,ldg,ldg
2001-05-15T20:50:36.960Z,36.0225,-117.9,2.338,2.58,mc,29,147,0.01652,0.16,ci,ci9652929,2016-04-02T11:31:36.472Z,"5km ESE of Coso Junction, CA",earthquake,0.5,0.43,0.296,25,reviewed,ci,ci
2001-05-15T20:50:27.100Z,33.253,-109.459,0,2.7,ml,5,,,0.22,rusms,rusms00002491,2022-06-09T21:12:10.632Z,"21 km NNW of Morenci, Arizona",explosion,,,,,reviewed,us,us
2001-05-15T20:41:40.050Z,13.609,-88.638,10,4,mb,12,,,1.42,us,usp000aezz,2014-11-07T01:12:47.919Z,"16 km NW of Berlín, El Salvador",earthquake,,,,1,reviewed,us,us
2001-05-15T20:31:18.427Z,61.9405,-148.4645,27.4,3,ml,,,,0.67,ak,ak00167ln7du,2020-02-20T20:47:29.065Z,"16 km N of Chickaloon, Alaska",earthquake,,0.1,,,reviewed,ak,ak
2001-05-15T20:25:02.000Z,37.92,21.64,5,3.4,ml,10,,,,us,usp000aezx,2014-11-07T01:12:47.916Z,"16 km S of Káto Mazaráki, Greece",earthquake,,,,,reviewed,ath,ath
2001-05-15T20:15:23.430Z,39.386,72.48,33,4.4,mb,37,,,1.08,us,usp000aezw,2014-11-07T01:12:47.913Z,"26 km SE of Kyzyl-Eshme, Kyrgyzstan",earthquake,,,,22,reviewed,us,us
2001-05-15T19:57:29.100Z,43.833,-105.486,0,2.5,ml,7,,,0.78,rusms,rusms00002490,2022-06-09T21:12:10.628Z,"9 km N of Wright, Wyoming",explosion,,,,,reviewed,us,us
2001-05-15T19:46:46.080Z,13.647,-88.71,10,4.4,mb,39,,,1.22,us,usp000aezv,2014-11-07T01:12:47.908Z,"8 km ESE of Apastepeque, El Salvador",earthquake,,,,15,reviewed,us,us
2001-05-15T19:19:12.590Z,39.94,0.74,0,2.5,mblg,6,,,,us,usp000aezu,2014-11-07T01:12:47.907Z,"52 km SE of Alcocéber, Spain",earthquake,,,,,reviewed,mdd,mdd
2001-05-15T19:09:35.690Z,-4.834,152.96,33,3.9,mb,5,,,0.96,us,usp000aezt,2014-11-07T01:12:47.906Z,"93 km SE of Kokopo, Papua New Guinea",earthquake,,,,1,reviewed,us,us
2001-05-15T18:44:08.650Z,-25.08,-177.145,33,4.2,mb,12,,,1.12,us,usp000aezs,2014-11-07T01:12:47.904Z,"south of the Fiji Islands",earthquake,,,,1,reviewed,us,us
2001-05-15T18:31:34.740Z,22.109,144.176,33,4.2,mb,20,,,1.35,us,usp000aezr,2014-11-07T01:12:47.902Z,"Volcano Islands, Japan region",earthquake,,,,7,reviewed,us,us
2001-05-15T17:57:32.091Z,59.1947,-152.9529,73,3,ml,,,,0.5,ak,ak00167k0i8p,2020-02-20T20:49:44.272Z,"61 km WSW of Nanwalek, Alaska",earthquake,,0.4,,,reviewed,ak,ak
2001-05-15T16:22:28.020Z,-17.271,-178.94,500,4.2,mb,12,,,0.71,us,usp000aezn,2014-11-07T01:12:47.897Z,"203 km ESE of Labasa, Fiji",earthquake,,,,4,reviewed,us,us
2001-05-15T16:14:49.610Z,-4.854,145.551,33,4.2,mb,9,,,1.39,us,usp000aezm,2014-11-07T01:12:47.896Z,"48 km NNW of Madang, Papua New Guinea",earthquake,,,,2,reviewed,us,us
2001-05-15T15:15:29.850Z,50.57,156.058,150,4.2,mb,34,,,1.06,us,usp000aezk,2014-11-07T01:12:47.893Z,"12 km SSW of Severo-Kuril’sk, Russia",earthquake,,,,16,reviewed,us,us
2001-05-15T14:19:25.970Z,-31.269,-68.743,100,3.5,md,10,,,0.97,us,usp000aezh,2014-11-07T01:12:47.890Z,"27 km NW of Albardón, Argentina",earthquake,,,,,reviewed,us,guc
2001-05-15T13:40:55.200Z,34.607,32.093,33,3.8,ml,9,,,0.47,us,usp000aezg,2014-11-07T01:12:47.889Z,"35 km SW of Chlórakas, Cyprus",earthquake,,,,,reviewed,us,css
2001-05-15T13:05:09.990Z,43.109,18.904,19.5,2.6,ml,9,,,,us,usp000aezf,2014-11-07T01:12:47.887Z,"7 km SE of Plužine, Montenegro",earthquake,,,,,reviewed,pdg,pdg
2001-05-15T11:56:30.410Z,48.648,153.99,33,3.4,mb,10,,,0.89,us,usp000aezc,2014-11-07T01:12:47.884Z,"273 km SSW of Severo-Kuril’sk, Russia",earthquake,,,,1,reviewed,us,us
2001-05-15T11:44:39.530Z,43.04,5.97,1,2.9,ml,24,,,,us,usp000aezb,2014-11-07T01:12:47.881Z,"5 km SE of Saint-Mandrier-sur-Mer, France",earthquake,,,,,reviewed,str,str
2001-05-15T11:40:15.350Z,52.543,173.176,33,4.2,mb,37,,,1.04,us,usp000aeza,2014-11-07T01:12:47.878Z,"33 km S of Attu Station, Alaska",earthquake,,,,11,reviewed,us,us
2001-05-15T11:28:10.690Z,-6.067,154.506,57.6,4.5,mb,11,,,0.83,us,usp000aez9,2014-11-07T01:12:47.876Z,"111 km WNW of Panguna, Papua New Guinea",earthquake,,,,1,reviewed,us,us
2001-05-15T11:19:52.360Z,43.152,18.85,7,3,ml,12,,,,us,usp000aez8,2014-11-07T01:12:47.874Z,"0 km E of Plužine, Montenegro",earthquake,,,,,reviewed,pdg,pdg
2001-05-15T10:41:49.840Z,8.7,137.907,33,3.9,mb,10,,,1.12,us,usp000aez7,2014-11-07T01:12:47.873Z,"93 km SSW of Colonia, Micronesia",earthquake,,,,1,reviewed,us,us
2001-05-15T08:53:46.200Z,-32.874,-73.152,18.4,3.7,md,8,,,,us,usp000aez5,2014-11-07T01:12:47.870Z,"143 km W of Valparaíso, Chile",earthquake,,,,,reviewed,guc,guc
2001-05-15T08:41:39.940Z,63.4142,-151.3137,28.6,2.6,ml,,,,0.79,ak,ak00167ek6y2,2020-02-20T20:49:46.273Z,"24 km SE of Denali National Park, Alaska",earthquake,,4.1,,,reviewed,ak,ak
2001-05-15T07:44:01.298Z,53.9151,-165.437,112.3,2.5,ml,,,,0.38,ak,ak00167dzbi9,2020-02-20T20:49:44.666Z,"32 km SE of Akutan, Alaska",earthquake,,4.1,,,reviewed,ak,ak
2001-05-15T07:14:17.580Z,-17.274,-174.311,147.9,4.4,mb,50,,,0.89,us,usp000aez3,2014-11-07T01:12:47.863Z,"156 km SSW of Hihifo, Tonga",earthquake,,,,24,reviewed,us,us
2001-05-15T06:44:40.900Z,38.05,21.09,5,3.5,ml,10,,,,us,usp000aez2,2014-11-07T01:12:47.862Z,"13 km NNW of Kyllíni, Greece",earthquake,,,,,reviewed,ath,ath
2001-05-15T06:17:34.710Z,-15.465,-75.581,33,4.2,mb,20,,,0.81,us,usp000aez1,2014-11-07T01:12:47.860Z,"46 km WSW of San Juan, Peru",earthquake,,,,10,reviewed,us,us
2001-05-15T05:15:08.480Z,-37.105,176.673,435.3,4.7,mb,64,,,0.85,us,usp000aez0,2014-11-07T01:12:47.854Z,"72 km E of Whangamata, New Zealand",earthquake,,2.5,,13,reviewed,us,us
2001-05-15T04:30:37.041Z,61.2743,-146.9257,1.9,2.7,ml,,,,1.02,ak,ak00167c43fc,2020-02-20T20:49:48.697Z,"34 km WNW of Valdez, Alaska",earthquake,,0.3,,,reviewed,ak,ak
2001-05-15T02:39:51.260Z,35.763,-121.2358333,7.842,3.8,mw,62,113,0.06126,0.09,nc,nc21164239,2017-03-17T16:34:42.893Z,"13 km NNW of San Simeon, California",earthquake,0.19,0.42,,2,reviewed,nc,nc
2001-05-15T01:43:17.850Z,-11.912,165.267,33,4.7,mb,60,,,0.94,us,usp000aeyv,2014-11-07T01:12:47.841Z,"143 km SSW of Lata, Solomon Islands",earthquake,,,,27,reviewed,us,us
2001-05-15T01:39:01.300Z,-31.883,-71.706,66.5,4,md,6,,,,us,usp000aeyu,2014-11-07T01:12:47.840Z,"57 km WSW of Illapel, Chile",earthquake,,,,,reviewed,guc,guc
2001-05-15T01:04:11.358Z,60.106,-152.8779,124.6,3.6,ml,,,,0.59,ak,ak00167a660f,2020-02-20T20:49:49.069Z,"66 km WNW of Happy Valley, Alaska",earthquake,,0.6,,,reviewed,ak,ak
2001-05-15T00:08:03.800Z,39.46,21.47,5,3,md,7,,,,us,usp000aeyp,2014-11-07T01:12:47.830Z,"12 km N of Anthiró, Greece",earthquake,,,,,reviewed,ath,ath
2001-05-14T23:53:04.809Z,62.9982,-150.8128,109.8,2.8,ml,,,,0.53,ak,ak0016600ueo,2020-02-20T20:49:54.678Z,"55 km N of Petersville, Alaska",earthquake,,3.2,,,reviewed,ak,ak
2001-05-14T23:48:22.410Z,33.064,-109.361,0,2.8,ml,7,,,0.34,rusms,rusms00002489,2022-06-09T21:12:10.624Z,"1 km SSE of Morenci, Arizona",explosion,,,,,reviewed,us,us
2001-05-14T23:31:55.200Z,-32.832,-71.928,11.7,4.1,md,15,,,,us,usp000aeym,2014-11-07T01:12:47.825Z,"35 km NW of Valparaíso, Chile",earthquake,,,,,reviewed,guc,guc
2001-05-14T22:44:18.600Z,-20.807,-178.615,600,4.4,mb,55,,,0.78,us,usp000aeyj,2014-11-07T01:12:47.816Z,"Fiji region",earthquake,,,,23,reviewed,us,us
2001-05-14T22:32:24.910Z,-11.499,166.442,148.2,4.7,mb,89,,,0.93,us,usp000aeyh,2014-11-07T01:12:47.807Z,"110 km SE of Lata, Solomon Islands",earthquake,,,,32,reviewed,us,us
2001-05-14T22:07:11.880Z,40.267,-107.777,0,3,ml,16,,,0.66,rusms,rusms00002488,2022-06-09T21:12:10.620Z,"Colorado",explosion,,,,,reviewed,us,us
2001-05-14T21:58:28.740Z,46.7035,-122.77,0.297,3.1,md,13,139,0.05728,0.13,uw,uw10525673,2016-07-23T00:35:25.980Z,"13 km SE of Bucoda, Washington",explosion,0.599,0.99,0.01,5,reviewed,uw,uw
2001-05-14T21:25:32.347Z,61.6992,-151.8402,97.8,2.8,ml,,,,0.73,ak,ak00165yo19u,2020-02-20T20:49:55.063Z,"39 km SW of Skwentna, Alaska",earthquake,,1.7,,,reviewed,ak,ak
2001-05-14T20:39:24.750Z,33.018,-109.336,0,2.6,ml,5,,,0.31,rusms,rusms00002487,2022-06-09T21:12:10.616Z,"5 km SW of Clifton, Arizona",explosion,,,,,reviewed,us,us
2001-05-14T20:35:30.880Z,-19.254,169.193,166.9,4.3,mb,20,,,1.13,us,usp000aeyf,2014-11-07T01:12:47.802Z,"33 km NNW of Isangel, Vanuatu",earthquake,,19,,7,reviewed,us,us
2001-05-14T20:01:31.300Z,-33.761,-71.923,11.4,3.9,md,7,,,,us,usp000aeyd,2014-11-07T01:12:47.799Z,"34 km WSW of San Antonio, Chile",earthquake,,,,,reviewed,guc,guc
2001-05-14T19:53:33.400Z,51.865,-179.507,111.5,4.5,mb,46,,,0.88,us,usp000aeyc,2020-02-20T20:47:25.494Z,"197 km W of Adak, Alaska",earthquake,,,,18,reviewed,us,us
2001-05-14T19:45:50.900Z,18.308,-102.7,88.3,4.2,md,8,,,,us,usp000aeyb,2014-11-07T01:12:47.794Z,"41 km SW of Tumbiscatío de Ruiz, Mexico",earthquake,,,,,reviewed,unm,unm
2001-05-14T19:45:27.250Z,-53.322,-20.922,10,4.6,mb,25,,,0.79,us,usp000aeya,2014-11-07T01:12:47.791Z,"southwestern Atlantic Ocean",earthquake,,,,8,reviewed,us,us
2001-05-14T19:27:36.330Z,34.0051667,-117.1843333,8.054,2.62,mc,56,51,0.1238,0.17,ci,ci9652573,2016-04-02T04:53:45.014Z,"6km S of Redlands, CA",earthquake,0.29,1.32,0.233,41,reviewed,ci,ci
2001-05-14T18:10:05.130Z,43.58,-105.238,0,3.1,ml,14,,,0.76,rusms,rusms00002486,2022-06-09T21:12:10.612Z,"27 km SE of Wright, Wyoming",explosion,,,,,reviewed,us,us
2001-05-14T18:05:04.110Z,-7.33,-13.425,10,5.1,mb,105,,,0.71,us,usp000aey8,2014-11-07T01:12:47.782Z,"127 km ENE of Georgetown, Saint Helena",earthquake,,,,53,reviewed,us,us
2001-05-14T17:26:03.900Z,38.98,23.19,6,3.1,ml,5,,,,us,usp000aey6,2014-11-07T01:12:47.780Z,"4 km NE of Istiaía, Greece",earthquake,,,,,reviewed,ath,ath
2001-05-14T17:13:30.290Z,34.2261667,-117.4396667,8.218,3.84,ml,79,36,0.1263,0.32,ci,ci9652545,2022-06-18T03:26:31.586Z,"4km W of Devore, CA",earthquake,0.3,2.07,0.315,279,reviewed,ci,ci
2001-05-14T17:00:08.250Z,40.586,-125.3025,28.654,2.76,md,13,301,0.745,0.08,nc,nc21164167,2017-01-01T12:05:41.426Z,"87 km W of Ferndale, California",earthquake,7.61,4.91,,1,reviewed,nc,nc
2001-05-14T15:57:02.620Z,6.441,124.57,500,3.5,mb,10,,,1.14,us,usp000aey4,2014-11-07T01:12:47.775Z,"8 km SSW of Busok, Philippines",earthquake,,,,1,reviewed,us,us
2001-05-14T14:39:35.400Z,5.263,127.417,33,4.8,mb,46,,,0.94,us,usp000aey1,2014-11-07T01:12:47.767Z,"183 km SE of Pondaguitan, Philippines",earthquake,,,,25,reviewed,us,us
2001-05-14T14:05:48.300Z,-32.739,-73.037,23.6,3.5,md,7,,,,us,usp000aey0,2014-11-07T01:12:47.766Z,"135 km WNW of Valparaíso, Chile",earthquake,,,,,reviewed,guc,guc
2001-05-14T12:54:12.730Z,47.63,-119.6935,11.822,2.6,md,21,78,0.1897,0.15,uw,uw10525568,2016-07-23T00:35:25.400Z,"20 km SSW of Mansfield, Washington",earthquake,0.418,0.72,0.02,6,reviewed,uw,uw
2001-05-14T12:20:29.300Z,38.42,21.89,5,3.3,ml,12,,,,us,usp000aexz,2014-11-07T01:12:47.764Z,"6 km ENE of Náfpaktos, Greece",earthquake,,,,,reviewed,ath,ath
2001-05-14T11:06:15.520Z,13.176,-89.177,58.2,4.3,mb,40,,,1.27,us,usp000aexy,2014-11-07T01:12:47.759Z,"37 km SSE of La Libertad, El Salvador",earthquake,,,,9,reviewed,us,us
2001-05-14T10:38:47.830Z,-12.433,166.331,42.6,4.1,mb,18,,,1.3,us,usp000aexx,2014-11-07T01:12:47.757Z,"197 km SSE of Lata, Solomon Islands",earthquake,,,,7,reviewed,us,us
2001-05-14T09:38:51.870Z,44.454,6.586,0.9,2.8,ml,44,,,,us,usp000aexv,2014-11-07T01:12:47.751Z,"9 km NW of Barcelonnette, France",earthquake,,,,,reviewed,gen,ldg
2001-05-14T09:01:15.750Z,19.4253333,-155.2633333,0.607,2.61,ml,36,47,,0.1,hv,hv1315025,2020-03-31T21:53:10.010Z,"3 km WSW of Volcano, Hawaii",earthquake,0.19,0.3,0.24,4,reviewed,hv,hv
2001-05-14T08:33:04.250Z,38.778,23.726,5,3.7,ml,18,,,1.42,us,usp000aexu,2014-11-07T01:12:47.749Z,"21 km ENE of Prokópi, Greece",earthquake,,,,,reviewed,us,ath
2001-05-14T08:21:52.360Z,-4.479,102.266,33,3.6,mb,14,,,1.47,us,usp000aext,2014-11-07T01:12:47.747Z,"75 km S of Bengkulu, Indonesia",earthquake,,,,1,reviewed,us,us
2001-05-14T07:40:40.753Z,62.5041,-150.6808,72.3,2.9,ml,,,,0.82,ak,ak00165qf76z,2020-02-20T20:49:55.795Z,"4 km E of Petersville, Alaska",earthquake,,1,,,reviewed,ak,ak
2001-05-14T07:38:12.110Z,-6.743,129.317,33,4.1,mb,9,,,0.67,us,usp000aexq,2014-11-07T01:12:47.740Z,"Banda Sea",earthquake,,,,2,reviewed,us,us
2001-05-14T07:22:13.240Z,54.594,-142.743,10,5.2,mwc,220,,,1,us,usp000aexn,2025-12-19T22:48:17.184Z,"south of Alaska",earthquake,,,,,reviewed,us,hrv
2001-05-14T07:16:42.490Z,36.543,21.428,5,3.6,mb,12,,,1.05,us,usp000aexm,2014-11-07T01:12:47.720Z,"39 km SW of Methóni, Greece",earthquake,,,,1,reviewed,us,us
2001-05-14T06:54:08.510Z,-6.414,147.86,66.8,4.4,mb,22,,,1.3,us,usp000aexj,2014-11-07T01:12:47.706Z,"15 km N of Finschhafen, Papua New Guinea",earthquake,,8.3,,3,reviewed,us,us
2001-05-14T06:47:34.000Z,39.5,19.85,5,3.5,md,7,,,,us,usp000aexh,2014-11-07T01:12:47.705Z,"2 km WNW of Ágios Matthaíos, Greece",earthquake,,,,,reviewed,ath,ath
2001-05-14T06:16:47.100Z,-2.172,100.091,33,4.8,mb,95,,,0.87,us,usp000aexf,2014-11-07T01:12:47.693Z,"138 km SSW of Padang, Indonesia",earthquake,,,,21,reviewed,us,us
2001-05-14T06:09:33.800Z,-30.991,-71.548,22.8,4,md,10,,,,us,usp000aexe,2014-11-07T01:12:47.691Z,"54 km SW of Ovalle, Chile",earthquake,,,,,reviewed,guc,guc
2001-05-14T05:54:25.900Z,39.31,20.79,10,3.3,md,5,,,,us,usp000aexd,2014-11-07T01:12:47.690Z,"0 km SSW of Pappadátes, Greece",earthquake,,,,,reviewed,ath,ath
2001-05-14T05:44:09.700Z,-33.202,-71.373,43.3,3.7,md,10,,,,us,usp000aexc,2014-11-07T01:12:47.689Z,"17 km S of Villa Alemana, Chile",earthquake,,,,,reviewed,guc,guc
2001-05-14T05:18:59.400Z,-32.858,-73.148,15,3.8,md,8,,,,us,usp000aexb,2014-11-07T01:12:47.687Z,"143 km W of Valparaíso, Chile",earthquake,,,,,reviewed,guc,guc
2001-05-14T04:36:04.000Z,-31.573,-71.429,15,3.8,md,4,,,,us,usp000aexa,2014-11-07T01:12:47.686Z,"25 km WNW of Illapel, Chile",earthquake,,,,,reviewed,guc,guc
2001-05-14T04:35:53.640Z,19.804,94.566,70.1,4,mb,9,,,1.05,us,usp000aex9,2014-11-07T01:12:47.684Z,"52 km SW of Minbu, Myanmar",earthquake,,,,1,reviewed,us,us
2001-05-14T03:37:40.800Z,51.66,16.126,5,3,ml,16,,,0.9,us,usp000aex8,2014-11-07T01:12:47.681Z,"2 km E of G?ogów, Poland",earthquake,,,,,reviewed,us,vie
2001-05-14T02:55:31.000Z,-35.724,-71.216,105.8,4,md,8,,,,us,usp000aex6,2014-11-07T01:12:47.677Z,"17 km E of Colbún, Chile",earthquake,,,,,reviewed,guc,guc
2001-05-14T02:32:38.110Z,-27.173,-176.898,33,5.7,mwc,192,,,0.76,us,usp000aex4,2022-04-29T19:16:01.813Z,"Kermadec Islands region",earthquake,,,,,reviewed,us,hrv
2001-05-14T01:16:46.580Z,39.337,71.727,33,4.5,mb,40,,,0.7,us,usp000aex2,2014-11-07T01:12:47.648Z,"20 km ENE of Karakenja, Tajikistan",earthquake,,,,18,reviewed,us,us
2001-05-13T23:36:46.240Z,33.664,-116.773,12.141,2.56,mc,51,36,0.07102,0.18,ci,ci9652369,2016-04-02T17:42:04.608Z,"10km SSW of Idyllwild, CA",earthquake,0.37,0.57,0.183,25,reviewed,ci,ci
2001-05-13T23:17:34.140Z,27.872,126.716,53.5,5,ms,50,,,1.1,us,usp000aewz,2014-11-07T01:12:47.639Z,"187 km NW of Nago, Japan",earthquake,,9.9,,2,reviewed,us,us
2001-05-13T22:23:18.660Z,-33.37,-176.7,33,4.3,mb,18,,,1.07,us,usp000aewy,2014-11-07T01:12:47.637Z,"south of the Kermadec Islands",earthquake,,,,6,reviewed,us,us
2001-05-13T22:17:13.130Z,15.421,-60.261,3,3.1,md,4,,,,us,usp000aewx,2014-11-07T01:12:47.636Z,"105 km NE of Sainte-Marie, Martinique",earthquake,,,,,reviewed,trn,trn
2001-05-13T21:53:13.570Z,-12.019,166.572,166.1,4.4,mb,58,,,0.8,us,usp000aewv,2014-11-07T01:12:47.625Z,"166 km SSE of Lata, Solomon Islands",earthquake,,,,16,reviewed,us,us
2001-05-13T21:11:15.680Z,-4.781,152.554,69.3,3.9,mb,7,,,1.29,us,usp000aews,2014-11-07T01:12:47.620Z,"57 km SSE of Kokopo, Papua New Guinea",earthquake,,30.7,,1,reviewed,us,us
2001-05-13T21:01:26.900Z,-3.684,140.249,33,3.8,mb,9,,,1.3,us,usp000aewr,2014-11-07T01:12:47.618Z,"127 km SSW of Abepura, Indonesia",earthquake,,,,1,reviewed,us,us
2001-05-13T20:42:26.730Z,-5.28,152.975,67.8,4.3,mb,11,,,0.92,us,usp000aewq,2014-11-07T01:12:47.616Z,"129 km SE of Kokopo, Papua New Guinea",earthquake,,15.3,,1,reviewed,us,us
2001-05-13T19:25:16.300Z,37.17,22.17,5,3.4,md,7,,,,us,usp000aewp,2014-11-07T01:12:47.615Z,"11 km E of Arfará, Greece",earthquake,,,,,reviewed,ath,ath
2001-05-13T19:12:03.000Z,49.169,6.92,1,2.8,ml,21,,,,us,usp000aewn,2014-11-07T01:12:47.611Z,"0 km SE of Œting, France",earthquake,,,,,reviewed,ldg,ldg
2001-05-13T18:44:46.290Z,-3.655,140.06,33,4.6,mb,42,,,1.13,us,usp000aewm,2014-11-07T01:12:47.607Z,"133 km SSW of Abepura, Indonesia",earthquake,,,,20,reviewed,us,us
2001-05-13T18:13:00.610Z,3.921,95.422,51.3,4.6,mb,33,,,1.27,us,usp000aewj,2014-11-07T01:12:47.600Z,"off the west coast of northern Sumatra",earthquake,,,,11,reviewed,us,us
2001-05-13T16:35:13.860Z,53.653,-165.257,33,3.9,mb,18,,,1.31,us,usp000aewg,2020-02-20T20:50:02.027Z,"63 km SSE of Akutan, Alaska",earthquake,,,,4,reviewed,us,us
2001-05-13T15:55:44.350Z,23.708,94.983,131.5,4,mb,13,,,0.53,us,usp000aewf,2014-11-07T01:12:47.570Z,"59 km E of Mawlaik, Myanmar",earthquake,,16.5,,2,reviewed,us,us
2001-05-13T15:55:40.760Z,-17.552,-178.829,600,3.9,mb,8,,,0.27,us,usp000aewe,2014-11-07T01:12:47.568Z,"204 km ENE of Levuka, Fiji",earthquake,,,,3,reviewed,us,us
2001-05-13T14:57:04.810Z,23.769,121.097,33,4.1,mb,18,,,1.04,us,usp000aewd,2014-11-07T01:12:47.566Z,"25 km SSE of Puli, Taiwan",earthquake,,,,3,reviewed,us,us
2001-05-13T14:34:10.940Z,-4.228,152.672,70.1,3.6,mb,10,,,0.72,us,usp000aewc,2014-11-07T01:12:47.565Z,"46 km ENE of Kokopo, Papua New Guinea",earthquake,,10,,1,reviewed,us,us
2001-05-13T14:09:57.000Z,49.45,-129.5,10,4,mb,63,,,,us,usp000aewb,2014-11-07T01:12:47.559Z,"214 km SW of Port McNeill, Canada",earthquake,,,,12,reviewed,pgc,us
2001-05-13T14:07:22.800Z,-32.733,-73.04,22.3,4.1,md,9,,,,us,usp000aewa,2014-11-07T01:12:47.558Z,"136 km WNW of Valparaíso, Chile",earthquake,,,,,reviewed,guc,guc
2001-05-13T13:56:48.060Z,-16.923,-174.152,33,4.5,mb,16,,,0.78,us,usp000aew9,2014-11-07T01:12:47.556Z,"113 km SSW of Hihifo, Tonga",earthquake,,,,6,reviewed,us,us
2001-05-13T13:09:58.880Z,-20.46,168.045,33,4,mb,11,,,0.95,us,usp000aew8,2014-11-07T01:12:47.554Z,"95 km ENE of Wé, New Caledonia",earthquake,,,,3,reviewed,us,us
2001-05-13T13:07:46.580Z,-20.766,-179.386,600,3.5,mb,10,,,0.58,us,usp000aew7,2014-11-07T01:12:47.552Z,"Fiji region",earthquake,,,,1,reviewed,us,us
2001-05-13T12:55:49.073Z,60.0495,-152.9633,103.9,2.6,ml,,,,0.6,ak,ak001645y93v,2020-02-20T20:50:02.347Z,"69 km W of Happy Valley, Alaska",earthquake,,1.6,,,reviewed,ak,ak
2001-05-13T12:27:07.390Z,-17.566,-178.951,600,3.9,mb,10,,,1.01,us,usp000aew5,2014-11-07T01:12:47.548Z,"191 km ENE of Levuka, Fiji",earthquake,,,,4,reviewed,us,us
2001-05-13T12:25:25.540Z,14.101,146.579,33,4.5,mb,42,,,1.02,us,usp000aew4,2014-11-07T01:12:47.544Z,"141 km SE of San Jose Village, Northern Mariana Islands",earthquake,,,,11,reviewed,us,us
2001-05-13T11:01:18.260Z,43.643,147.348,62.7,4.5,mb,42,,,1.02,us,usp000aew1,2014-11-07T01:12:47.538Z,"53 km ESE of Shikotan, Russia",earthquake,,,,14,reviewed,us,us
2001-05-13T09:57:52.100Z,16.25,-98.149,16.1,4.2,md,6,,,,us,usp000aew0,2014-11-07T01:12:47.536Z,"4 km ENE of Corralero, Mexico",earthquake,,,,,reviewed,unm,unm
2001-05-13T09:54:49.100Z,-36.221,-71.309,156.4,3.9,md,15,,,,us,usp000aevz,2014-11-07T01:12:47.534Z,"44 km SE of Longaví, Chile",earthquake,,,,,reviewed,guc,guc
2001-05-13T09:29:50.120Z,40.563,33.24,10,3.8,mb,18,,,1.05,us,usp000aevy,2014-11-07T01:12:47.532Z,"9 km NNW of ?abanözü, Turkey",earthquake,,,,7,reviewed,us,us
2001-05-13T09:10:32.119Z,61.4675,-150.7315,56.4,3.4,ml,,,,0.85,ak,ak001643w9rf,2020-02-20T20:49:59.672Z,"14 km SW of Susitna, Alaska",earthquake,,0.9,,,reviewed,ak,ak
2001-05-13T08:53:32.000Z,-9.131,67.207,10,4.1,mb,8,,,1.42,us,usp000aevw,2014-11-07T01:12:47.526Z,"Mid-Indian Ridge",earthquake,,,,3,reviewed,us,us
2001-05-13T08:26:59.300Z,55.102,-3.639,12.3,2.9,ml,22,,,,us,usp000aevu,2014-11-07T01:12:47.519Z,"3 km W of Locharbriggs, United Kingdom",earthquake,,,,,reviewed,bgs,bgs
2001-05-13T07:44:59.466Z,63.0558,-151.0262,131.3,2.5,ml,,,,0.69,ak,ak001642wr0a,2020-02-20T20:50:03.078Z,"63 km NNW of Petersville, Alaska",earthquake,,0.7,,,reviewed,ak,ak
2001-05-13T07:25:28.770Z,-6.659,154.954,100,3.8,mb,13,,,1.11,us,usp000aevr,2014-11-07T01:12:47.514Z,"69 km WSW of Panguna, Papua New Guinea",earthquake,,,,4,reviewed,us,us
2001-05-13T07:17:57.840Z,-16.665,-178.353,33,4.5,mb,9,,,0.64,us,usp000aevq,2014-11-07T01:12:47.512Z,"244 km E of Labasa, Fiji",earthquake,,,,3,reviewed,us,us
2001-05-13T07:16:48.090Z,41.54,20.329,10,2.6,md,11,,,0.9,us,usp000aevp,2014-11-07T01:12:47.510Z,"10 km ENE of Bulqizë, Albania",earthquake,,,,,reviewed,us,pdg
2001-05-13T07:06:40.400Z,27.659,139.864,500,3.1,mb,8,,,0.97,us,usp000aevn,2014-11-07T01:12:47.509Z,"Bonin Islands, Japan region",earthquake,,,,1,reviewed,us,us
2001-05-13T06:20:33.420Z,44.711,148.086,81.6,4.2,mb,15,,,1.05,us,usp000aevm,2014-11-07T01:12:47.507Z,"59 km SSE of Kuril’sk, Russia",earthquake,,,,6,reviewed,us,us
2001-05-13T06:05:21.920Z,-20.629,-178.244,400,3.9,mb,11,,,0.9,us,usp000aevk,2014-11-07T01:12:47.505Z,"Fiji region",earthquake,,,,4,reviewed,us,us
2001-05-13T05:22:21.820Z,-22.609,-176.703,100,4.6,mb,11,,,0.88,us,usp000aevj,2014-11-07T01:12:47.504Z,"222 km SW of Vaini, Tonga",earthquake,,,,4,reviewed,us,us
2001-05-13T05:15:43.700Z,17.495,-62.166,33,2.6,md,7,,,,us,usp000aevh,2014-11-07T01:12:47.502Z,"38 km WSW of Codrington, Antigua and Barbuda",earthquake,,,,,reviewed,trn,trn
2001-05-13T04:33:55.490Z,36.366,71.303,150,3.6,mb,7,,,1.01,us,usp000aevg,2014-11-07T01:12:47.501Z,"40 km SSW of Ashk?sham, Afghanistan",earthquake,,,,1,reviewed,us,us
2001-05-13T04:06:18.930Z,-9.481,112.761,33,4.8,mb,19,,,1.05,us,usp000aevf,2014-11-07T01:12:47.498Z,"140 km S of Dampit, Indonesia",earthquake,,,,5,reviewed,us,us
2001-05-13T04:05:40.220Z,23.376,70.213,10,4.4,mb,21,,,1.02,us,usp000aeve,2014-11-07T01:12:47.496Z,"15 km WNW of Bhach?u, India",earthquake,,,,6,reviewed,us,us
2001-05-13T03:41:14.300Z,18.871,121.354,33,3.8,mb,10,,,1.38,us,usp000aevd,2014-11-07T01:12:47.494Z,"34 km NE of Namuac, Philippines",earthquake,,,,1,reviewed,us,us
2001-05-13T03:12:59.300Z,-34.377,-71.028,82.3,3.6,md,10,,,,us,usp000aevc,2014-11-07T01:12:47.492Z,"8 km NE of San Vicente, Chile",earthquake,,,,,reviewed,guc,guc
2001-05-13T03:02:56.890Z,51.592,16.493,5,3.2,ml,16,,,1.08,us,usp000aevb,2014-11-07T01:12:47.488Z,"8 km SSW of Góra, Poland",earthquake,,,,,reviewed,us,vie
2001-05-13T02:48:59.700Z,39.39,20.3,3,2.9,md,4,,,,us,usp000aeva,2014-11-07T01:12:47.487Z,"2 km N of Pérdika, Greece",earthquake,,,,,reviewed,ath,ath
2001-05-13T02:40:31.210Z,-8.236,158.843,100,4,mb,12,,,0.91,us,usp000aev8,2014-11-07T01:12:47.484Z,"83 km W of Buala, Solomon Islands",earthquake,,,,1,reviewed,us,us
2001-05-13T02:02:43.690Z,44.71,148.015,33,3.6,mb,6,,,0.6,us,usp000aev4,2014-11-07T01:12:47.477Z,"58 km S of Kuril’sk, Russia",earthquake,,,,2,reviewed,us,us
2001-05-13T01:18:05.010Z,18.973,147.136,33,4.6,mb,47,,,0.96,us,usp000aev3,2014-11-07T01:12:47.472Z,"Mariana Islands region",earthquake,,,,25,reviewed,us,us
2001-05-13T00:43:30.720Z,41.237,20.272,10,3.2,md,15,,,1.11,us,usp000aev2,2014-11-07T01:12:47.470Z,"6 km NW of Librazhd-Qendër, Albania",earthquake,,,,,reviewed,us,ath
2001-05-12T22:55:43.040Z,41.286,20.242,9.4,3.6,md,18,,,,us,usp000aev1,2014-11-07T01:12:47.467Z,"12 km NW of Librazhd-Qendër, Albania",earthquake,,,,,reviewed,pdg,ath
2001-05-12T22:18:39.190Z,-21.463,-67.772,33,3.6,mb,6,,,1.21,us,usp000aev0,2014-11-07T01:12:47.465Z,"148 km SW of Uyuni, Bolivia",earthquake,,,,2,reviewed,us,us
2001-05-12T22:08:47.500Z,-27.726,-66.576,183.7,4.1,mb,12,,,1.36,us,usp000aeuz,2014-11-07T01:12:47.464Z,"30 km WSW of Andalgalá, Argentina",earthquake,,26.9,,4,reviewed,us,us
2001-05-12T21:42:55.162Z,59.6109,-150.1753,19.3,3.3,ml,,,,0.66,ak,ak00162np17w,2020-02-20T20:50:10.859Z,"51 km ESE of Fox River, Alaska",earthquake,,0.3,,,reviewed,ak,ak
2001-05-12T21:07:15.420Z,-20.741,-68.994,108.7,3.9,mb,14,,,1.15,us,usp000aeux,2014-11-07T01:12:47.457Z,"134 km ESE of Iquique, Chile",earthquake,,11.4,,3,reviewed,us,us
2001-05-12T20:41:30.760Z,19.3251667,-155.124,8.573,2.64,ml,40,125,,0.12,hv,hv1314930,2020-03-31T21:53:09.040Z,"15 km S of Fern Forest, Hawaii",earthquake,0.51,0.42,0.2,9,reviewed,hv,hv
2001-05-12T20:10:24.330Z,22.13,143.736,111.5,3.3,mb,12,,,1.14,us,usp000aeuv,2014-11-07T01:12:47.454Z,"Volcano Islands, Japan region",earthquake,,,,1,reviewed,us,us
2001-05-12T20:01:54.990Z,43.708,-105.257,0,3.3,ml,20,,,0.96,rusms,rusms00002485,2022-06-09T21:12:10.607Z,"19 km ESE of Wright, Wyoming",explosion,,,,,reviewed,us,us
2001-05-12T19:35:24.300Z,34.88,25.57,45,3.6,md,4,,,,us,usp000aeuu,2014-11-07T01:12:47.453Z,"16 km SSW of Néa Anatolí, Greece",earthquake,,,,,reviewed,ath,ath
2001-05-12T19:25:04.790Z,51.557,15.974,5,3,ml,16,,,1.38,us,usp000aeut,2014-11-07T01:12:47.449Z,"2 km SE of Radwanice, Poland",earthquake,,,,,reviewed,us,vie
2001-05-12T18:42:43.730Z,49.71,156.479,44.4,5,mwc,277,,,0.73,us,usp000aeus,2025-12-19T22:48:16.067Z,"110 km SSE of Severo-Kuril’sk, Russia",earthquake,,,,,reviewed,us,hrv
2001-05-12T18:41:57.149Z,60.1785,-153.1302,145.6,2.6,ml,,,,0.74,ak,ak00162lwiua,2020-02-20T20:50:11.255Z,"65 km E of Port Alsworth, Alaska",earthquake,,4.8,,,reviewed,ak,ak
2001-05-12T17:56:31.810Z,40.4698333,-123.4891667,5.172,2.74,md,27,59,0.07027,0.28,nc,nc21163790,2017-01-01T11:59:47.780Z,"2 km NE of Mad River, California",earthquake,0.41,0.67,0.07,37,reviewed,nc,nc
2001-05-12T17:23:57.950Z,14.943,-91.456,170.3,3.5,mb,8,,,1.16,us,usp000aeuq,2014-11-07T01:12:47.419Z,"1 km W of San Francisco El Alto, Guatemala",earthquake,,9.8,,1,reviewed,us,us
2001-05-12T17:14:58.080Z,-4.833,143.907,109.6,3.7,mb,11,,,1.42,us,usp000aeup,2014-11-07T01:12:47.418Z,"75 km NNE of Wabag, Papua New Guinea",earthquake,,11.9,,2,reviewed,us,us
2001-05-12T16:13:34.890Z,13.947,-91.202,33,3.8,mb,15,,,1.2,us,usp000aeun,2014-11-07T01:12:47.416Z,"21 km SW of La Gomera, Guatemala",earthquake,,,,4,reviewed,us,us
2001-05-12T15:58:58.880Z,22.792,143.255,151.7,3.7,mb,8,,,0.67,us,usp000aeuk,2014-11-07T01:12:47.413Z,"Volcano Islands, Japan region",earthquake,,34.4,,2,reviewed,us,us
2001-05-12T15:47:04.260Z,10.626,-62.753,34,2.8,md,5,,,,us,usp000aeuj,2014-11-07T01:12:47.412Z,"50 km W of Güiria, Venezuela",earthquake,,,,,reviewed,trn,trn
2001-05-12T15:37:50.207Z,60.0601,-153.5392,169.4,3,ml,,,,0.7,ak,ak00162k3cmk,2020-02-20T20:50:06.963Z,"43 km NE of Pedro Bay, Alaska",earthquake,,13,,,reviewed,ak,ak
2001-05-12T15:09:31.960Z,14.187,-91.198,33,3.4,mb,8,,,1.64,us,usp000aeug,2014-11-07T01:12:47.409Z,"11 km E of Nueva Concepción, Guatemala",earthquake,,,,1,reviewed,us,us
2001-05-12T14:36:30.930Z,14.173,-91.143,33,3.5,mb,7,,,0.62,us,usp000aeud,2014-11-07T01:12:47.405Z,"13 km NW of La Gomera, Guatemala",earthquake,,,,1,reviewed,us,us
2001-05-12T14:24:58.300Z,-32.421,-71.654,8.9,4,md,14,,,,us,usp000aeuc,2014-11-07T01:12:47.403Z,"39 km W of La Ligua, Chile",earthquake,,,,,reviewed,guc,guc
2001-05-12T14:21:21.840Z,13.842,-91.469,33,4.7,mb,149,,,1.25,us,usp000aeub,2014-11-07T01:12:47.388Z,"43 km SSW of Nueva Concepción, Guatemala",earthquake,,,,58,reviewed,us,us
2001-05-12T14:07:28.800Z,-31.243,-69.479,159.2,3.6,md,13,,,,us,usp000aeua,2014-11-07T01:12:47.386Z,"11 km NNW of Calingasta, Argentina",earthquake,,,,,reviewed,guc,guc
2001-05-12T13:51:32.340Z,36.0675,-117.8548333,1.594,2.53,mc,21,168,0.06621,0.18,ci,ci9652109,2016-04-02T14:33:01.851Z,"9km ENE of Coso Junction, CA",earthquake,0.53,0.58,0.149,5,reviewed,ci,ci
2001-05-12T13:42:27.480Z,51.734,16.234,5,3.3,ml,11,,,0.76,us,usp000aeu9,2014-11-07T01:12:47.384Z,"2 km NNW of Szlichtyngowa, Poland",earthquake,,,,,reviewed,us,vie
2001-05-12T13:01:15.969Z,60.1387,-152.1515,80.5,3.7,ml,,,,0.8,ak,ak00162ioozw,2020-02-20T20:50:12.381Z,"28 km WNW of Ninilchik, Alaska",earthquake,,0.5,,,reviewed,ak,ak
2001-05-12T12:54:25.250Z,-23.202,-179.987,566.7,4.1,mb,28,,,1.04,us,usp000aeu6,2014-11-07T01:12:47.370Z,"south of the Fiji Islands",earthquake,,25.2,,11,reviewed,us,us
2001-05-12T12:53:16.150Z,-5.216,102.579,33,4.2,mb,10,,,0.65,us,usp000aeu5,2014-11-07T01:12:47.368Z,"151 km SSW of Pagar Alam, Indonesia",earthquake,,,,2,reviewed,us,us
2001-05-12T12:08:16.710Z,10.951,-62.159,84,2.8,md,5,,,,us,usp000aeu4,2014-11-07T01:12:47.367Z,"44 km NNE of Güiria, Venezuela",earthquake,,,,,reviewed,trn,trn
2001-05-12T11:39:28.830Z,13.435,-88.556,10,4.1,mb,38,,,1.19,us,usp000aeu2,2014-11-07T01:12:47.361Z,"4 km E of San Agustín, El Salvador",earthquake,,,,11,reviewed,us,us
2001-05-12T11:13:03.632Z,51.3851,-176.067,21.4,2.7,ml,,,,0.35,ak,ak00162hkdff,2020-02-20T20:50:08.559Z,"67 km SE of Adak, Alaska",earthquake,,91.4,,,reviewed,ak,ak
2001-05-12T11:09:29.970Z,-5.707,145.988,114.8,3.5,mb,12,,,1.31,us,usp000aeu1,2014-11-07T01:12:47.358Z,"58 km SSE of Madang, Papua New Guinea",earthquake,,19.5,,1,reviewed,us,us
2001-05-12T10:27:06.590Z,-55.169,-28.414,33,4.3,mb,15,,,1.33,us,usp000aeu0,2014-11-07T01:12:47.355Z,"South Sandwich Islands region",earthquake,,,,5,reviewed,us,us
2001-05-12T10:07:45.800Z,-33.54,-71.223,63.6,3.4,md,12,,,,us,usp000aetz,2014-11-07T01:12:47.353Z,"16 km N of Melipilla, Chile",earthquake,,,,,reviewed,guc,guc
2001-05-12T10:04:06.060Z,44.534,6.791,7.3,2.5,ml,17,,,,us,usp000aety,2014-11-07T01:12:47.350Z,"13 km NNE of Jausiers, France",earthquake,,,,,reviewed,gen,gen
2001-05-12T09:50:32.280Z,44.313,11.683,10,2.9,ml,16,,,1.16,us,usp000aetx,2014-11-07T01:12:47.347Z,"5 km ENE of Casalfiumanese, Italy",earthquake,,,,,reviewed,us,vie
2001-05-12T09:41:19.900Z,49.241,6.902,1,2.5,ml,7,,,,us,usp000aetw,2014-11-07T01:12:47.345Z,"0 km S of Luisenthal, Germany",earthquake,,,,,reviewed,ldg,ldg
2001-05-12T08:53:43.330Z,36.579,-121.174,5.674,2.52,md,61,37,0.08559,0.05,nc,nc21163660,2017-01-01T11:57:44.810Z,"21 km NE of Soledad, California",earthquake,0.1,0.46,0.12,58,reviewed,nc,nc
2001-05-12T08:46:23.600Z,-43.37,171.15,33,3.8,ml,16,,,,us,usp000aetv,2014-11-07T01:12:47.344Z,"49 km NW of Methven, New Zealand",earthquake,,,,,reviewed,wel,wel
2001-05-12T08:22:16.000Z,-32.51,-70.213,104.1,3,md,9,,,,us,usp000aetu,2014-11-07T01:12:47.342Z,"50 km NE of Los Andes, Chile",earthquake,,,,,reviewed,guc,guc
2001-05-12T06:53:59.890Z,30.216,142.041,33,4.7,mb,9,,,1.11,us,usp000aets,2014-11-07T01:12:47.339Z,"Izu Islands, Japan region",earthquake,,,,2,reviewed,us,us
2001-05-12T06:50:04.710Z,-8.672,-79.71,33,4.4,mb,58,,,1.28,us,usp000aetr,2014-11-07T01:12:47.334Z,"93 km SW of Huanchaquito Alto, Peru",earthquake,,,,20,reviewed,us,us
2001-05-12T06:37:21.070Z,44.29,9.967,2.9,3,ml,42,,,,us,usp000aetq,2014-11-07T01:12:47.329Z,"1 km SE of Villafranca in Lunigiana, Italy",earthquake,,,,,reviewed,gen,gen
2001-05-12T06:20:34.000Z,45.09,-112.78,6.2,2.8,ml,13,,,,us,usp000aetp,2014-11-07T01:12:47.327Z,"17 km SW of Dillon, Montana",earthquake,,,,,reviewed,but,but
2001-05-12T05:43:37.600Z,36.9,20.9,5,3.1,md,5,,,,us,usp000aetn,2014-11-07T01:12:47.326Z,"67 km WSW of Filiatrá, Greece",earthquake,,,,,reviewed,ath,ath
2001-05-12T04:29:14.210Z,56.631,-157.287,33,2.9,mb,6,,,0.44,us,usp000aetk,2014-11-07T01:12:47.324Z,"78 km ENE of Chignik, Alaska",earthquake,,,,1,reviewed,us,us
2001-05-12T04:26:21.036Z,57.5129,-153.7178,37.8,3,ml,,,,0.43,ak,ak00162dh5uf,2020-02-20T20:47:26.118Z,"15 km E of Larsen Bay, Alaska",earthquake,,2.9,,,reviewed,ak,ak
2001-05-12T03:32:55.910Z,30.489,130.907,33,5.1,mwc,84,,,1.15,us,usp000aetj,2022-04-29T19:16:00.672Z,"27 km ENE of Koseda, Japan",earthquake,,,,,reviewed,us,hrv
2001-05-12T03:27:10.400Z,13.606,-60.554,60,2.5,md,5,,,,us,usp000aeth,2014-11-07T01:12:47.314Z,"44 km ESE of Micoud, Saint Lucia",earthquake,,,,,reviewed,trn,trn
2001-05-12T01:21:56.340Z,-41.52,85.176,10,4.3,mb,11,,,1.3,us,usp000aetf,2014-11-07T01:12:47.309Z,"southeast Indian Ridge",earthquake,,,,5,reviewed,us,us
2001-05-12T00:49:50.710Z,30.454,130.937,48,4.4,mb,18,,,1.24,us,usp000aetd,2014-11-07T01:12:47.303Z,"28 km ENE of Koseda, Japan",earthquake,,11.8,,2,reviewed,us,us
2001-05-12T00:49:25.700Z,10.863,-62.365,65,3,md,5,,,,us,usp000aetc,2014-11-07T01:12:47.302Z,"32 km NNW of Güiria, Venezuela",earthquake,,,,,reviewed,trn,trn
2001-05-12T00:32:13.570Z,-20.994,170.011,166.6,4.7,mb,38,,,1.22,us,usp000aetb,2014-11-07T01:12:47.297Z,"177 km SSE of Isangel, Vanuatu",earthquake,,17.7,,13,reviewed,us,us
2001-05-12T00:21:04.400Z,38.35,22.25,5,3.5,ml,16,,,,us,usp000aeta,2014-11-07T01:12:47.295Z,"11 km WSW of Galaxídhion, Greece",earthquake,,,,,reviewed,ath,ath
2001-05-11T22:52:47.370Z,36.208,71.627,93.3,3.9,mb,15,,,1.3,us,usp000aet9,2014-11-07T01:12:47.293Z,"53 km S of Ashk?sham, Afghanistan",earthquake,,34.8,,1,reviewed,us,us
2001-05-11T22:18:09.020Z,0.881,98.945,80.2,5.2,mwc,165,,,0.85,us,usp000aet8,2025-12-19T22:48:14.889Z,"66 km SSW of Padangsidempuan, Indonesia",earthquake,,,,,reviewed,us,hrv
2001-05-11T21:55:15.600Z,46.7,7.797,2,2.6,ml,46,,,,us,usp000aet7,2014-11-07T01:12:47.259Z,"0 km ENE of Beatenberg, Switzerland",earthquake,,,,,reviewed,ldg,vie
2001-05-11T20:54:24.200Z,-39.24,174.73,12,4.2,ml,10,,,,us,usp000aet5,2014-11-07T01:12:47.256Z,"42 km ENE of Eltham, New Zealand",earthquake,,,,,reviewed,wel,wel
2001-05-11T20:45:14.710Z,33.031,-109.332,0,2.5,ml,5,,,0.31,rusms,rusms00002484,2022-06-09T21:12:10.603Z,"4 km WSW of Clifton, Arizona",explosion,,,,,reviewed,us,us
2001-05-11T20:31:11.290Z,-4.918,153.141,68.3,4.1,mb,25,,,1.14,us,usp000aet4,2014-11-07T01:12:47.253Z,"115 km ESE of Kokopo, Papua New Guinea",earthquake,,23,,6,reviewed,us,us
2001-05-11T20:09:43.061Z,53.0727,-168.0954,10,2.6,ml,,,,1.53,ak,ak00160zd5k2,2020-02-20T20:50:15.587Z,"53 km ENE of Nikolski, Alaska",earthquake,,0,,,reviewed,ak,ak
2001-05-11T19:56:39.870Z,3.45,96.356,33,4.3,mb,23,,,1.42,us,usp000aet3,2014-11-07T01:12:47.250Z,"80 km SSE of Meulaboh, Indonesia",earthquake,,,,6,reviewed,us,us
2001-05-11T19:19:38.800Z,-32.371,-71.663,15,3.6,md,4,,,,us,usp000aet2,2014-11-07T01:12:47.248Z,"41 km WNW of La Ligua, Chile",earthquake,,,,,reviewed,guc,guc
2001-05-11T19:06:53.570Z,37.367,30.305,10,3.9,mb,30,,,1.24,us,usp000aet1,2014-11-07T01:12:47.243Z,"14 km WNW of K?z?lkaya, Turkey",earthquake,,,,12,reviewed,us,us
2001-05-11T19:03:06.090Z,43.728,-105.279,0,3.3,ml,15,,,0.8,rusms,rusms00002483,2022-06-09T21:12:10.598Z,"17 km E of Wright, Wyoming",explosion,,,,,reviewed,us,us
2001-05-11T18:31:01.630Z,-7.28,155.645,33,4.2,mb,17,,,0.79,us,usp000aesz,2014-11-07T01:12:47.237Z,"108 km S of Panguna, Papua New Guinea",earthquake,,,,2,reviewed,us,us
2001-05-11T18:21:02.391Z,53.0865,-168.3031,8.6,2.6,ml,,,,0.63,ak,ak00160y8rsv,2020-02-20T20:50:14.967Z,"40 km ENE of Nikolski, Alaska",earthquake,,2110,,,reviewed,ak,ak
2001-05-11T18:19:02.680Z,-37.216,179.204,33,4.3,ml,30,,,1.33,us,usp000aesy,2014-11-07T01:12:47.234Z,"190 km ENE of Opotiki, New Zealand",earthquake,,,,,reviewed,us,wel
2001-05-11T18:11:09.290Z,6.761,-73.015,171,3.8,mb,10,,,0.94,us,usp000aesx,2014-11-07T01:12:47.232Z,"4 km W of Cepitá, Colombia",earthquake,,17.6,,3,reviewed,us,us
2001-05-11T18:00:04.150Z,23.114,121.796,33,3.3,mb,7,,,1.05,us,usp000aesw,2014-11-07T01:12:47.231Z,"97 km SSE of Hualien City, Taiwan",earthquake,,,,1,reviewed,us,us
2001-05-11T17:09:51.000Z,-31.491,-67.996,139.5,3.5,md,6,,,,us,usp000aesu,2014-11-07T01:12:47.214Z,"32 km ENE of Caucete, Argentina",earthquake,,,,,reviewed,guc,guc
2001-05-11T16:52:27.440Z,34.4023333,-120.2891667,4.641,2.6,mc,10,252,,0.31,ci,ci9651813,2016-04-01T19:10:30.681Z,"25km SSW of Buellton, CA",earthquake,2.86,28.59,0.289,11,reviewed,ci,ci
2001-05-11T16:51:59.000Z,50.109,18.454,5,2.7,m,6,,,1.22,us,usp000aest,2014-11-07T01:12:47.212Z,"0 km W of Jejkowice, Poland",earthquake,,,,,reviewed,us,war
2001-05-11T16:46:50.880Z,-27.195,-176.169,33,4.6,mb,11,,,1.26,us,usp000aess,2014-11-07T01:12:47.210Z,"Kermadec Islands region",earthquake,,,,1,reviewed,us,us
2001-05-11T16:16:25.580Z,-5.652,-75.648,33,3.7,mb,7,,,0.66,us,usp000aesr,2014-11-07T01:12:47.209Z,"47 km S of Lagunas, Peru",earthquake,,,,1,reviewed,us,us
2001-05-11T15:54:46.380Z,-0.702,135.01,33,4.6,mb,18,,,1.36,us,usp000aesn,2014-11-07T01:12:47.204Z,"106 km E of Manokwari, Indonesia",earthquake,,,,8,reviewed,us,us
2001-05-11T15:00:13.340Z,36.49,71.07,223.2,4.1,mb,26,,,1.12,us,usp000aesk,2014-11-07T01:12:47.199Z,"46 km SSE of Jurm, Afghanistan",earthquake,,13.4,,2,reviewed,us,us
2001-05-11T14:00:27.600Z,44.3,9.953,0.1,3,ml,35,,,,us,usp000aesh,2014-11-07T01:12:47.191Z,"0 km NNW of Villafranca in Lunigiana, Italy",earthquake,,,,,reviewed,gen,gen
2001-05-11T13:29:45.410Z,36.0696667,-117.8548333,0.468,2.73,mc,28,164,0.06816,0.2,ci,ci9651769,2016-04-02T01:40:30.321Z,"9km ENE of Coso Junction, CA",earthquake,0.55,0.66,0.439,28,reviewed,ci,ci
2001-05-11T12:30:34.730Z,38.52,40.647,33,3.8,mb,7,,,0.91,us,usp000aesd,2014-11-07T01:12:47.184Z,"6 km N of Lice, Turkey",earthquake,,,,2,reviewed,us,us
2001-05-11T11:37:20.080Z,-5.634,154.065,121.6,3.8,mb,10,,,1.37,us,usp000aesc,2014-11-07T01:12:47.183Z,"174 km WNW of Panguna, Papua New Guinea",earthquake,,19.2,,1,reviewed,us,us
2001-05-11T10:57:04.242Z,53.6804,-162.2598,29.7,3,ml,,,,0.88,ak,ak00160tp0vs,2020-02-20T20:50:20.515Z,"150 km SSE of False Pass, Alaska",earthquake,,21.5,,,reviewed,ak,ak
2001-05-11T10:56:54.510Z,54.057,-164.191,33,3.5,mb,7,,,1.2,us,usp000aesb,2014-11-07T01:12:47.181Z,"102 km SSW of False Pass, Alaska",earthquake,,,,2,reviewed,us,us
2001-05-11T10:41:20.600Z,-17.955,-178.468,605.5,4.4,mb,119,,,0.84,us,usp000aes9,2014-11-07T01:12:47.166Z,"234 km E of Levuka, Fiji",earthquake,,12.5,,37,reviewed,us,us
2001-05-11T10:24:57.490Z,36.241,69.573,33,3.9,mb,16,,,1.13,us,usp000aes8,2014-11-07T01:12:47.163Z,"44 km ENE of Nahr?n, Afghanistan",earthquake,,,,3,reviewed,us,us
2001-05-11T09:57:49.690Z,42.985,146.793,33,4.5,mb,31,,,1.04,us,usp000aes7,2014-11-07T01:12:47.160Z,"90 km S of Shikotan, Russia",earthquake,,,,9,reviewed,us,us
2001-05-11T09:45:58.150Z,37.181,56.224,33,4.5,mb,59,,,1.32,us,usp000aes6,2014-11-07T01:12:47.154Z,"68 km ESE of Kal?leh, Iran",earthquake,,,,28,reviewed,us,us
2001-05-11T08:52:04.860Z,-7.058,155.684,33,3.8,mb,10,,,1.03,us,usp000aes5,2014-11-07T01:12:47.152Z,"84 km SSE of Panguna, Papua New Guinea",earthquake,,,,3,reviewed,us,us
2001-05-11T08:46:56.380Z,-7.261,155.59,62.4,4.4,mb,43,,,0.93,us,usp000aes4,2014-11-07T01:12:47.148Z,"105 km S of Panguna, Papua New Guinea",earthquake,,17.8,,14,reviewed,us,us
2001-05-11T08:21:48.470Z,12.694,126.185,33,4.4,mb,16,,,1.4,us,usp000aes3,2014-11-07T01:12:47.145Z,"92 km NE of Alugan, Philippines",earthquake,,,,6,reviewed,us,us
2001-05-11T08:04:39.200Z,44.275,9.909,0.8,2.6,ml,10,,,,us,usp000aes0,2014-11-07T01:12:47.140Z,"northern Italy",earthquake,,,,,reviewed,gen,ldg
2001-05-11T07:05:34.810Z,-4.746,153.152,79.7,4.2,mb,9,,,1.03,us,usp000aery,2014-11-07T01:12:47.137Z,"107 km ESE of Kokopo, Papua New Guinea",earthquake,,14.8,,1,reviewed,us,us
2001-05-11T06:41:58.610Z,51.089,15.821,5,2.9,ml,11,,,0.6,us,usp000aerx,2014-11-07T01:12:47.134Z,"7 km W of Wilków, Poland",earthquake,,,,,reviewed,us,vie
2001-05-11T06:40:02.970Z,21.571,143.014,342.4,3.6,mb,22,,,1.17,us,usp000aerw,2014-11-07T01:12:47.132Z,"Mariana Islands region",earthquake,,16.6,,3,reviewed,us,us
2001-05-11T06:28:07.651Z,63.1093,-151.563,9.9,2.8,ml,,,,1.07,ak,ak00160r52yl,2020-02-20T20:50:24.120Z,"48 km S of Denali National Park, Alaska",earthquake,,1.7,,,reviewed,ak,ak
2001-05-11T06:25:54.830Z,47.2293333,-119.3483333,10.613,3.3,md,35,81,,0.26,uw,uw10524263,2017-04-02T06:51:19.518Z,"4 km NNW of Moses Lake North, Washington",earthquake,0.685,1.38,0.03,18,reviewed,uw,uw
2001-05-11T06:06:26.840Z,-34.916,-108.065,10,5.5,mwc,111,,,0.99,us,usp000aert,2025-12-19T22:48:13.723Z,"southern East Pacific Rise",earthquake,,,,,reviewed,us,hrv
2001-05-11T04:44:10.800Z,-35.943,-70.435,198.9,3.2,md,8,,,,us,usp000aers,2014-11-07T01:12:47.105Z,"91 km ESE of Colbún, Chile",earthquake,,,,,reviewed,guc,guc
2001-05-11T04:43:23.160Z,-21.326,-178.708,569.3,4.8,mb,157,,,1.05,us,usp000aerr,2014-11-07T01:12:47.085Z,"Fiji region",earthquake,,,,38,reviewed,us,us
2001-05-11T04:25:00.750Z,43.576,-127.269,10,4.5,mb,117,,,1.05,us,usp000aerq,2014-11-07T01:12:47.075Z,"237 km WNW of Bandon, Oregon",earthquake,,,,25,reviewed,us,us
2001-05-11T04:15:45.350Z,52.044,178.184,146.7,4.3,mb,52,,,0.92,us,usp000aerp,2014-11-07T01:12:47.069Z,"Rat Islands, Aleutian Islands, Alaska",earthquake,,6.8,,16,reviewed,us,us
2001-05-11T04:11:53.120Z,-16.333,178.292,31.5,4.9,mb,53,,,1.1,us,usp000aern,2014-11-07T01:12:47.063Z,"115 km W of Labasa, Fiji",earthquake,,,,23,reviewed,us,us
2001-05-11T03:53:59.200Z,-33.096,-70.781,74.5,4.3,md,14,,,,us,usp000aerm,2014-11-07T01:12:47.060Z,"22 km NNE of Lampa, Chile",earthquake,,,,,reviewed,guc,guc
2001-05-11T03:45:10.039Z,56.1928,-154.9832,14.6,3.5,ml,,,,0.71,ak,ak00160pgfi3,2020-02-20T20:47:26.796Z,"97 km SSW of Akhiok, Alaska",earthquake,,1.4,,,reviewed,ak,ak
2001-05-11T03:10:49.080Z,-9.978,118.113,33,4.4,mb,22,,,1.44,us,usp000aerj,2014-11-07T01:12:47.056Z,"164 km SSW of Dompu, Indonesia",earthquake,,,,3,reviewed,us,us
2001-05-11T02:44:04.130Z,12.104,-88.291,33,4,mb,9,,,1,us,usp000aerf,2014-11-07T01:12:47.051Z,"115 km SW of Jiquilillo, Nicaragua",earthquake,,,,3,reviewed,us,us
2001-05-11T02:26:01.570Z,16.469,121.173,33,4.9,mb,69,,,1.01,us,usp000aere,2014-11-07T01:12:47.045Z,"2 km ESE of Bayombong, Philippines",earthquake,,,,24,reviewed,us,us
2001-05-11T01:54:16.700Z,46.59,7.41,10,2.5,ml,20,,,,us,usp000aerd,2014-11-07T01:12:47.042Z,"4 km SSE of Boltigen, Switzerland",earthquake,,,,,reviewed,str,ldg
2001-05-11T01:54:15.000Z,45.907,-1.425,2,2.9,ml,17,,,,us,usp000aerc,2014-11-07T01:12:47.038Z,"10 km WSW of Saint-Pierre-d'Oléron, France",earthquake,,,,,reviewed,ldg,ldg
2001-05-11T01:49:39.677Z,53.7681,-168.4453,6.5,2.8,ml,,,,1.15,ak,ak00160oahfz,2020-02-20T20:50:22.780Z,"96 km NNE of Nikolski, Alaska",earthquake,,3.3,,,reviewed,ak,ak
2001-05-11T01:37:17.960Z,11.039,-86.862,33,4,mb,21,,,1.41,us,usp000aerb,2014-11-07T01:12:47.035Z,"near the coast of Nicaragua",earthquake,,,,4,reviewed,us,us
2001-05-11T00:55:48.100Z,-32.108,-71.859,31.8,3.5,md,5,,,,us,usp000aer9,2014-11-07T01:12:47.032Z,"70 km WNW of La Ligua, Chile",earthquake,,,,,reviewed,guc,guc
2001-05-10T23:55:15.210Z,-5.671,153.041,33,4.8,mb,23,,,0.82,us,usp000aer7,2014-11-07T01:12:47.027Z,"169 km SSE of Kokopo, Papua New Guinea",earthquake,,,,7,reviewed,us,us
2001-05-10T23:21:21.350Z,12.745,126.138,33,4.3,mb,11,,,0.9,us,usp000aer5,2014-11-07T01:12:47.023Z,"92 km NE of Alugan, Philippines",earthquake,,,,2,reviewed,us,us
2001-05-10T22:24:39.410Z,12.691,124.939,33,4.4,mb,11,,,0.4,us,usp000aer4,2014-11-07T01:12:47.022Z,"Samar, Philippines",earthquake,,,,3,reviewed,us,us
2001-05-10T22:06:30.200Z,40.356,-107.697,0,2.8,ml,16,,,0.75,rusms,rusms00002482,2022-06-09T21:12:10.592Z,"21 km SW of Craig, Colorado",explosion,,,,,reviewed,us,us
2001-05-10T21:53:43.130Z,-6.855,129.585,33,4.8,mb,37,,,0.93,us,usp000aer3,2014-11-07T01:12:47.018Z,"Banda Sea",earthquake,,,,9,reviewed,us,us
2001-05-10T21:06:30.100Z,18.786,-104.134,34.8,4.2,md,7,,,,us,usp000aer1,2014-11-07T01:12:47.015Z,"16 km SSW of Cuyutlán, Mexico",earthquake,,,,,reviewed,unm,unm
2001-05-10T21:00:07.130Z,43.768,-105.351,0,3.1,ml,9,,,0.54,rusms,rusms00002481,2022-06-09T21:12:10.586Z,"11 km E of Wright, Wyoming",explosion,,,,,reviewed,us,us
2001-05-10T20:51:34.210Z,42.1976667,-124.448,30.381,2.6,md,7,236,0.5618,0.29,uw,uw10524003,2016-07-23T00:35:11.600Z,"9 km SSW of Pistol River, Oregon",earthquake,10.391,5.36,0.05,4,reviewed,uw,uw
2001-05-10T20:40:25.830Z,43.399,-105.352,0,2.9,ml,8,,,0.89,rusms,rusms00002480,2022-06-09T21:12:10.581Z,"Wyoming",explosion,,,,,reviewed,us,us
2001-05-10T20:39:53.870Z,12.039,125.028,33,3.9,mb,17,,,0.67,us,usp000aeqz,2014-11-07T01:12:47.011Z,"1 km SSE of San Jose de Buan, Philippines",earthquake,,,,3,reviewed,us,us
2001-05-10T16:43:35.910Z,43.658,12.272,5,3.1,ml,20,,,0.84,us,usp000aeqw,2014-11-07T01:12:47.001Z,"1 km W of Borgo Pace, Italy",earthquake,,,,,reviewed,us,ldg
2001-05-10T15:00:26.100Z,-32.072,-67.956,10.9,4.1,md,6,,,,us,usp000aeqv,2014-11-07T01:12:46.999Z,"55 km SSE of Caucete, Argentina",earthquake,,,,,reviewed,guc,guc
2001-05-10T14:45:30.590Z,-16.171,178.304,33,5,mb,90,,,1.11,us,usp000aequ,2014-11-07T01:12:46.987Z,"116 km WNW of Labasa, Fiji",earthquake,,,,39,reviewed,us,us
2001-05-10T14:38:19.350Z,-16.065,178.203,18.8,5,mb,93,,,1.02,us,usp000aeqt,2014-11-07T01:12:46.977Z,"130 km WNW of Labasa, Fiji",earthquake,,,,34,reviewed,us,us
2001-05-10T14:30:39.480Z,38.775,-122.7208333,1.864,2.52,md,38,44,0.003604,0.06,nc,nc21163210,2017-01-01T11:48:12.210Z,"5 km S of Cobb, California",earthquake,0.14,0.25,0.12,39,reviewed,nc,nc
2001-05-10T11:19:42.800Z,-32.537,-71.552,16.5,3.7,md,9,,,,us,usp000aeqs,2014-11-07T01:12:46.976Z,"31 km WSW of La Ligua, Chile",earthquake,,,,,reviewed,guc,guc
2001-05-10T10:12:54.050Z,-16.18,178.242,33,4.3,mb,15,,,0.88,us,usp000aeqp,2014-11-07T01:12:46.971Z,"123 km WNW of Labasa, Fiji",earthquake,,,,4,reviewed,us,us
2001-05-10T09:45:04.800Z,-26.543,-177.846,150,4.8,mb,68,,,0.91,us,usp000aeqm,2014-11-07T01:12:46.960Z,"south of the Fiji Islands",earthquake,,,,17,reviewed,us,us
2001-05-10T08:35:13.000Z,46.87,152.762,88,4.3,mb,41,,,0.89,us,usp000aeqk,2014-11-07T01:12:46.956Z,"Kuril Islands",earthquake,,11.1,,14,reviewed,us,us
2001-05-10T07:10:15.200Z,18.752,-104.099,9,4.1,md,5,,,,us,usp000aeqj,2014-11-07T01:12:46.954Z,"18 km S of Cuyutlán, Mexico",earthquake,,,,,reviewed,unm,unm
2001-05-10T06:32:41.340Z,39.892,143.897,33,4.3,mb,16,,,0.59,us,usp000aeqh,2014-11-07T01:12:46.952Z,"169 km E of Miyako, Japan",earthquake,,,,5,reviewed,us,us
2001-05-10T05:55:56.130Z,-35.129,-178.426,33,4.8,mb,38,,,1.2,us,usp000aeqg,2014-11-07T01:12:46.947Z,"east of the North Island of New Zealand",earthquake,,,,10,reviewed,us,us
2001-05-10T04:06:36.050Z,23.906,121.991,33,3.7,mb,8,,,0.81,us,usp000aeqe,2014-11-07T01:12:46.944Z,"40 km ESE of Hualien City, Taiwan",earthquake,,,,2,reviewed,us,us
2001-05-10T04:05:48.420Z,-54.028,5.93,10,4.5,mb,18,,,1.16,us,usp000aeqd,2014-11-07T01:12:46.942Z,"Bouvet Island region",earthquake,,,,4,reviewed,us,us
2001-05-10T04:02:57.600Z,-33.973,-72.223,3.9,3.7,md,9,,,,us,usp000aeqc,2014-11-07T01:12:46.940Z,"70 km SW of San Antonio, Chile",earthquake,,,,,reviewed,guc,guc
2001-05-10T03:02:17.660Z,-27.325,-63.366,568.8,3.9,mb,13,,,0.58,us,usp000aeqb,2014-11-07T01:12:46.938Z,"35 km SSW of El Hoyo, Argentina",earthquake,,10.9,,6,reviewed,us,us
2001-05-10T01:54:07.230Z,7.666,-37.189,10,4.5,mb,15,,,1,us,usp000aeqa,2014-11-07T01:12:46.936Z,"central Mid-Atlantic Ridge",earthquake,,,,5,reviewed,us,us
2001-05-10T01:24:03.230Z,51.5,-173.594,33,3.4,mb,17,,,1.03,us,usp000aeq9,2020-02-20T20:50:29.033Z,"88 km SSE of Atka, Alaska",earthquake,,,,3,reviewed,us,us
2001-05-10T00:18:12.700Z,-31.405,-72.545,48.6,4.2,md,13,,,,us,usp000aeq8,2014-11-07T01:12:46.932Z,"133 km WNW of Illapel, Chile",earthquake,,,,,reviewed,guc,guc
2001-05-10T00:03:01.780Z,-23.002,-67.954,126.4,3.9,mb,17,,,1.22,us,usp000aeq7,2014-11-07T01:12:46.930Z,"27 km ESE of San Pedro de Atacama, Chile",earthquake,,9.5,,4,reviewed,us,us
2001-05-09T23:48:15.030Z,27.925,58.212,33,4.2,mb,34,,,1.11,us,usp000aeq5,2014-11-07T01:12:46.924Z,"131 km S of Bam, Iran",earthquake,,,,15,reviewed,us,us
2001-05-09T23:15:55.550Z,47.269,11.304,10,2.6,ml,31,,,1.08,us,usp000aeq4,2014-11-07T01:12:46.920Z,"3 km NW of Völs, Austria",earthquake,,,,,reviewed,us,ldg
2001-05-09T22:51:21.720Z,44.93,-106.807,0,2.7,ml,10,,,0.85,rusms,rusms00002479,2022-06-09T21:12:10.576Z,"18 km NE of Sheridan, Wyoming",explosion,,,,,reviewed,us,us
2001-05-09T22:09:09.900Z,39.7538333,-122.8586667,-0.926,2.82,md,38,40,0.1486,0.1,nc,nc21163121,2017-01-01T11:47:05.460Z,"30 km WSW of Paskenta, California",earthquake,0.18,1.05,0.09,64,reviewed,nc,nc
2001-05-09T21:47:30.530Z,46.7593333,-122.8068333,-0.344,2.5,md,8,137,0.1145,0.16,uw,uw10523788,2016-07-23T00:35:08.250Z,"6 km SE of Bucoda, Washington",explosion,1.089,1.57,0.01,5,reviewed,uw,uw
2001-05-09T20:46:02.100Z,-9.085,-74.288,155.9,4.5,mb,55,,,0.84,us,usp000aeq1,2014-11-07T01:12:46.911Z,"49 km ESE of Tournavista, Peru",earthquake,,,,29,reviewed,us,us
2001-05-09T20:37:01.710Z,12.866,144.773,56.3,4.3,mb,18,,,1.23,us,usp000aeq0,2014-11-07T01:12:46.909Z,"45 km S of Inarajan Village, Guam",earthquake,,13.9,,3,reviewed,us,us
2001-05-09T20:24:13.280Z,33.048,-109.355,0,2.6,ml,5,,,0.03,rusms,rusms00002478,2022-06-09T21:12:10.573Z,"3 km SSE of Morenci, Arizona",explosion,,,,,reviewed,us,us
2001-05-09T20:07:47.320Z,43.865,-105.331,0,3.1,ml,8,,,0.69,rusms,rusms00002477,2022-06-09T21:12:10.570Z,"18 km NE of Wright, Wyoming",explosion,,,,,reviewed,us,us
2001-05-09T19:34:42.200Z,15.618,-98.753,17.3,4.2,md,7,,,,us,usp000aepx,2014-11-07T01:12:46.904Z,"86 km SSW of Santiago Tepextla, Mexico",earthquake,,,,,reviewed,unm,unm
2001-05-09T19:25:28.060Z,-10.26,161.29,65.6,5.2,mb,104,,,0.87,us,usp000aepw,2014-11-07T01:12:46.889Z,"72 km WNW of Kirakira, Solomon Islands",earthquake,,,,41,reviewed,us,us
2001-05-09T19:24:37.000Z,43.167,-0.539,7,2.7,ml,13,,,,us,usp000aepv,2014-11-07T01:12:46.886Z,"3 km NW of Ogeu-les-Bains, France",earthquake,,,,,reviewed,ldg,ldg
2001-05-09T19:00:15.650Z,-31.444,-72.128,33,4.6,mb,28,,,1.15,us,usp000aept,2014-11-07T01:12:46.880Z,"93 km WNW of Illapel, Chile",earthquake,,,,8,reviewed,us,us
2001-05-09T17:38:26.120Z,-10.318,161.232,67.9,6.3,mwc,314,,,1.01,us,usp000aepq,2022-04-29T19:21:47.755Z,"76 km WNW of Kirakira, Solomon Islands",earthquake,,,,,reviewed,us,hrv
2001-05-09T17:10:27.880Z,62.4984,-149.439,62.2,2.7,ml,,,,0.65,ak,ak0015xmicas,2020-02-20T20:50:38.194Z,"34 km E of Chase, Alaska",earthquake,,0.8,,,reviewed,ak,ak
2001-05-09T17:05:50.690Z,48.7848333,-126.7253333,9.513,3.7,md,28,318,,0.61,uw,uw10523488,2016-07-23T00:35:03.250Z,"72 km SW of Tofino, Canada",earthquake,2.396,4.56,0.04,5,reviewed,uw,uw
2001-05-09T17:05:31.000Z,48.86,-128.36,10,4,mb,75,,,,us,usp000aepk,2014-11-07T01:12:46.801Z,"182 km W of Tofino, Canada",earthquake,,,,11,reviewed,pgc,us
2001-05-09T16:56:39.070Z,-58.12,-26.635,183.7,4.5,mb,45,,,0.73,us,usp000aepj,2014-11-07T01:12:46.796Z,"South Sandwich Islands region",earthquake,,11.3,,12,reviewed,us,us
2001-05-09T15:51:11.470Z,-6.778,150.423,33,3.9,mb,8,,,1.12,us,usp000aepg,2014-11-07T01:12:46.793Z,"115 km ESE of Kandrian, Papua New Guinea",earthquake,,,,2,reviewed,us,us
2001-05-09T15:50:50.600Z,10.168,-61.918,33,3.4,md,6,,,,us,usp000aepf,2014-11-07T01:12:46.792Z,"25 km W of Point Fortin, Trinidad and Tobago",earthquake,,,,,reviewed,trn,trn
2001-05-09T15:47:36.750Z,53.641,-164.319,42,5.5,mwc,495,,,1.05,us,usp000aepe,2022-04-29T19:26:41.662Z,"110 km ESE of Akutan, Alaska",earthquake,,,,,reviewed,us,hrv
2001-05-09T15:38:38.490Z,14.294,-91.284,55.3,4,mb,10,,,1.21,us,usp000aepd,2014-11-07T01:12:46.738Z,"8 km E of Tiquisate, Guatemala",earthquake,,,,1,reviewed,us,us
2001-05-09T14:33:56.810Z,19.939,-155.9186667,13.999,3.02,ml,46,152,,0.11,hv,hv1314672,2020-03-31T21:53:06.900Z,"9 km WSW of Puako, Hawaii",earthquake,0.6,1.42,0.11,10,reviewed,hv,hv
2001-05-09T14:09:32.870Z,-7.17,123.335,615.8,4.3,mb,24,,,0.52,us,usp000aepa,2014-11-07T01:12:46.733Z,"202 km NE of Maumere, Indonesia",earthquake,,18.8,,4,reviewed,us,us
2001-05-09T13:59:49.790Z,43.303,146.39,76.7,4.3,mb,10,,,0.82,us,usp000aep9,2014-11-07T01:12:46.731Z,"61 km SSW of Shikotan, Russia",earthquake,,23.5,,4,reviewed,us,us
2001-05-09T13:00:58.860Z,-4.217,133.469,33,4.3,mb,10,,,1.14,us,usp000aep7,2014-11-07T01:12:46.729Z,"175 km NNE of Tual, Indonesia",earthquake,,,,2,reviewed,us,us
2001-05-09T12:36:06.918Z,57.7033,-154.9095,72.9,3.2,ml,,,,0.53,ak,ak0015xjop9v,2020-02-20T20:50:38.856Z,"30 km WNW of Karluk, Alaska",earthquake,,1.3,,,reviewed,ak,ak
2001-05-09T12:24:46.480Z,-0.268,-18.192,10,4.8,mb,138,,,0.87,us,usp000aep5,2014-11-07T01:12:46.713Z,"central Mid-Atlantic Ridge",earthquake,,,,70,reviewed,us,us
2001-05-09T11:24:19.570Z,3.792,128.211,33,4.6,mb,25,,,0.91,us,usp000aep3,2014-11-07T01:12:46.709Z,"229 km N of Tobelo, Indonesia",earthquake,,,,7,reviewed,us,us
2001-05-09T10:36:37.150Z,-5.08,-77.984,33,4.1,mb,16,,,1.15,us,usp000aep2,2014-11-07T01:12:46.707Z,"72 km N of Yambrasbamba, Peru",earthquake,,,,5,reviewed,us,us
2001-05-09T10:32:03.650Z,13.634,-88.711,10,4.2,md,7,,,1.53,us,usp000aep1,2014-11-07T01:12:46.705Z,"8 km ESE of Apastepeque, El Salvador",earthquake,,,,,reviewed,us,casc
2001-05-09T10:27:19.490Z,-52.543,27.583,10,4.2,mb,17,,,0.99,us,usp000aep0,2014-11-07T01:12:46.703Z,"south of Africa",earthquake,,,,5,reviewed,us,us
2001-05-09T10:13:04.290Z,38.731,-112.5328333,2.07,3.43,ml,13,68,0.328,0.25,uu,uu50240445,2018-08-28T19:11:07.210Z,"11 km SW of Kanosh, Utah",earthquake,0.6,13.57,,9,reviewed,uu,uu
2001-05-09T09:29:07.220Z,34.222,10.53,10,3.8,mb,39,,,1.04,us,usp000aeny,2014-11-07T01:12:46.693Z,"43 km ESE of Skhira, Tunisia",earthquake,,,,1,reviewed,us,us
2001-05-09T08:21:01.300Z,-1.023,-12.806,10,4.3,mb,13,,,1.13,us,usp000aenw,2014-11-07T01:12:46.690Z,"north of Ascension Island",earthquake,,,,2,reviewed,us,us
2001-05-09T07:23:56.730Z,13.621,-88.682,10,4.2,mb,15,,,1.11,us,usp000aenv,2014-11-07T01:12:46.687Z,"12 km ESE of Apastepeque, El Salvador",earthquake,,,,4,reviewed,us,us
2001-05-09T07:23:14.390Z,13.698,-88.624,10,4.5,mb,66,,,0.99,us,usp000aenu,2014-11-07T01:12:46.681Z,"17 km ENE of Apastepeque, El Salvador",earthquake,,,,29,reviewed,us,us
2001-05-09T05:01:05.500Z,-33.925,-71.389,45.1,3.4,md,10,,,,us,usp000aent,2014-11-07T01:12:46.679Z,"30 km SSW of Melipilla, Chile",earthquake,,,,,reviewed,guc,guc
2001-05-09T04:15:36.030Z,10.804,-62.383,74,2.8,md,4,,,,us,usp000aens,2014-11-07T01:12:46.677Z,"26 km NNW of Güiria, Venezuela",earthquake,,,,,reviewed,trn,trn
2001-05-09T03:39:55.770Z,-6.964,149.964,44.7,3.8,mb,13,,,0.84,us,usp000aenq,2014-11-07T01:12:46.674Z,"New Britain region, Papua New Guinea",earthquake,,,,4,reviewed,us,us
2001-05-09T03:25:05.230Z,52.729,-174.402,177.9,4.1,mb,31,,,0.99,us,usp000aenp,2020-02-20T20:47:27.112Z,"60 km NNW of Atka, Alaska",earthquake,,8.7,,15,reviewed,us,us
2001-05-09T03:05:08.700Z,-36.05,-71.858,84.9,4.1,mb,27,,,,us,usp000aenn,2014-11-07T01:12:46.667Z,"10 km NNW of Parral, Chile",earthquake,,,,3,reviewed,guc,us
2001-05-09T03:03:47.680Z,35.105,86.216,33,4,mb,21,,,1.01,us,usp000aenm,2014-11-07T01:12:46.665Z,"western Xizang",earthquake,,,,2,reviewed,us,us
2001-05-09T02:42:36.290Z,51.099,15.768,5,2.9,ml,10,,,1,us,usp000aenk,2014-11-07T01:12:46.662Z,"11 km WSW of Z?otoryja, Poland",earthquake,,,,,reviewed,us,vie
2001-05-09T02:32:48.240Z,-35.006,137.476,10,3.5,ml,5,,,0.9,us,usp000aenj,2014-11-07T01:12:46.660Z,"28 km SSW of Minlaton, Australia",earthquake,,,,,reviewed,us,aust
2001-05-09T02:30:30.560Z,-53.133,-118.31,10,5.3,mwc,62,,,0.87,us,usp000aenh,2025-12-19T22:49:25.090Z,"southern East Pacific Rise",earthquake,,,,,reviewed,us,hrv
2001-05-09T02:26:51.840Z,53.4245,-165.809,13.2,2.5,ml,,,,0.55,ak,ak0015xdobj4,2020-02-20T20:50:35.569Z,"69 km SE of Unalaska, Alaska",earthquake,,6.6,,,reviewed,ak,ak
2001-05-09T02:18:31.150Z,-33.46,138.597,10,3.1,ml,4,,,1.03,us,usp000aeng,2014-11-07T01:12:46.649Z,"near the coast of South Australia",earthquake,,,,,reviewed,us,aust
2001-05-09T01:21:06.191Z,62.5222,-151.1003,86.6,2.5,ml,,,,0.89,ak,ak0015xd1ptn,2020-02-20T20:50:39.571Z,"17 km W of Petersville, Alaska",earthquake,,1.1,,,reviewed,ak,ak
2001-05-09T00:38:12.370Z,-9.756,-72.479,33,4.2,mb,7,,,0.88,us,usp000aene,2014-11-07T01:12:46.644Z,"96 km SSE of Marechal Thaumaturgo, Brazil",earthquake,,,,2,reviewed,us,us
2001-05-09T00:08:39.770Z,-7.189,155.727,10,5.2,mwc,78,,,0.74,us,usp000aend,2022-04-29T19:15:59.535Z,"100 km SSE of Panguna, Papua New Guinea",earthquake,,,,,reviewed,us,hrv
2001-05-09T00:03:46.400Z,16.957,-61.95,22,2.5,md,5,,,,us,usp000aenc,2014-11-07T01:12:46.635Z,"14 km SSW of Bolands, Antigua and Barbuda",earthquake,,,,,reviewed,trn,trn
2001-05-08T23:54:14.240Z,35.927,69.97,33,4.1,mb,14,,,0.59,us,usp000aenb,2014-11-07T01:12:46.634Z,"Hindu Kush region, Afghanistan",earthquake,,,,1,reviewed,us,us
2001-05-08T23:43:13.300Z,15.752,-99.408,16,3.7,mb,10,,,,us,usp000aen8,2014-11-07T01:12:46.629Z,"105 km SSW of Copala, Mexico",earthquake,,,,1,reviewed,unm,us
2001-05-08T22:57:15.540Z,46.7095,-122.7561667,0.424,3.4,md,8,136,0.05397,0.09,uw,uw10523143,2022-06-09T21:12:10.566Z,"13 km SE of Bucoda, Washington",explosion,0.739,0.71,0.01,7,reviewed,uw,uw
2001-05-08T22:34:23.040Z,16.371,-99.181,33,4.1,mb,20,,,1.48,us,usp000aen7,2014-11-07T01:12:46.625Z,"near the coast of Guerrero, Mexico",earthquake,,,,4,reviewed,us,us
2001-05-08T22:27:44.970Z,44.889,146.571,145.3,4,mb,19,,,0.91,us,usp000aen6,2014-11-07T01:12:46.623Z,"107 km NNE of Otrada, Russia",earthquake,,21.8,,2,reviewed,us,us
2001-05-08T21:13:13.170Z,35.329,87.897,33,3.9,mb,18,,,1.03,us,usp000aen3,2014-11-07T01:12:46.618Z,"western Xizang",earthquake,,,,2,reviewed,us,us
2001-05-08T21:08:02.050Z,30.466,130.829,33,4.1,mb,12,,,0.92,us,usp000aen2,2014-11-07T01:12:46.616Z,"Kyushu, Japan",earthquake,,,,3,reviewed,us,us
2001-05-08T20:50:13.710Z,44.868,6.758,5.4,2.6,ml,32,,,,us,usp000aemx,2014-11-07T01:12:46.607Z,"7 km S of Claviere, Italy",earthquake,,,,,reviewed,gen,gen
2001-05-08T20:45:03.510Z,44.866,6.757,1.5,2.9,md,36,,,,us,usp000aemv,2014-11-07T01:12:46.597Z,"8 km S of Claviere, Italy",earthquake,,,,,reviewed,gen,ldg
2001-05-08T19:52:14.100Z,13.602,-88.644,10,4.2,mb,37,,,1.21,us,usp000aemt,2014-11-07T01:12:46.590Z,"16 km NW of Berlín, El Salvador",earthquake,,,,12,reviewed,us,us
2001-05-08T19:41:52.490Z,-6.021,155.271,10,4.2,mb,7,,,1.54,us,usp000aems,2014-11-07T01:12:46.589Z,"39 km NW of Arawa, Papua New Guinea",earthquake,,,,1,reviewed,us,us
2001-05-08T19:29:10.358Z,63.2339,-150.5127,134.9,2.9,ml,,,,0.66,ak,ak0015w09w9n,2020-02-20T20:50:45.473Z,"69 km ESE of Denali National Park, Alaska",earthquake,,2.1,,,reviewed,ak,ak
2001-05-08T19:27:20.630Z,-17.466,-178.608,500,4.1,mb,23,,,0.81,us,usp000aemq,2014-11-07T01:12:46.581Z,"229 km ENE of Levuka, Fiji",earthquake,,,,3,reviewed,us,us
2001-05-08T18:54:11.100Z,23.168,121.869,33,4,mb,9,,,1.37,us,usp000aemp,2014-11-07T01:12:46.579Z,"93 km SSE of Hualien City, Taiwan",earthquake,,,,2,reviewed,us,us
2001-05-08T18:54:01.880Z,27.751,142.036,33,4.5,mb,33,,,0.83,us,usp000aemn,2014-11-07T01:12:46.575Z,"Bonin Islands, Japan region",earthquake,,,,13,reviewed,us,us
2001-05-08T18:41:55.210Z,-17.495,-69.049,142.4,5,mb,47,,,1.07,us,usp000aemm,2014-11-07T01:12:46.570Z,"77 km WNW of Curahuara de Carangas, Bolivia",earthquake,,8.2,,8,reviewed,us,us
2001-05-08T18:40:22.090Z,13.545,-88.65,10,4.4,mb,42,,,0.94,us,usp000aemk,2014-11-07T01:12:46.565Z,"13 km NNW of San Agustín, El Salvador",earthquake,,,,10,reviewed,us,us
2001-05-08T18:15:47.580Z,13.712,-88.507,10,5,mb,113,,,1.13,us,usp000aemj,2022-04-29T19:15:58.195Z,"15 km W of Sesori, El Salvador",earthquake,,,,55,reviewed,us,us
2001-05-08T18:12:26.610Z,13.818,-88.331,10,4,mb,10,,,0.96,us,usp000aemh,2014-11-07T01:12:46.551Z,"8 km NW of Ciudad Barrios, El Salvador",earthquake,,,,1,reviewed,us,us
2001-05-08T18:09:11.960Z,13.64,-88.43,10,4.3,mb,19,,,1.19,us,usp000aemg,2014-11-07T01:12:46.549Z,"10 km SW of Sesori, El Salvador",earthquake,,,,6,reviewed,us,us
2001-05-08T18:02:16.910Z,13.605,-88.795,10,5.7,mwc,192,,,1.27,us,usp000aemf,2022-04-29T19:15:52.884Z,"3 km S of San Vicente, El Salvador",earthquake,,,,,reviewed,us,hrv
2001-05-08T16:40:34.220Z,-16.13,-173.025,33,5.1,mwc,63,,,0.86,us,usp000aema,2025-12-19T22:49:23.983Z,"84 km ESE of Hihifo, Tonga",earthquake,,,,,reviewed,us,hrv
2001-05-08T16:32:39.980Z,-6.402,108.478,263.5,4.1,mb,17,,,0.62,us,usp000aem9,2014-11-07T01:12:46.505Z,"7 km NNE of Karangampel, Indonesia",earthquake,,,,2,reviewed,us,us
2001-05-08T15:09:53.490Z,-6.105,151.65,33,3.8,mb,8,,,1.05,us,usp000aem8,2014-11-07T01:12:46.503Z,"178 km ESE of Kimbe, Papua New Guinea",earthquake,,,,1,reviewed,us,us
2001-05-08T14:41:50.840Z,38.7073333,-112.5408333,4.4,2.91,ml,16,87,0.3082,0.35,uu,uu50240390,2018-08-28T19:10:59.990Z,"13 km SW of Kanosh, Utah",earthquake,0.85,2.44,,7,reviewed,uu,uu
2001-05-08T14:05:27.300Z,-36.58,178.27,12,4.1,ml,21,,,,us,usp000aem7,2014-11-07T01:12:46.500Z,"180 km NNE of Opotiki, New Zealand",earthquake,,,,,reviewed,wel,wel
2001-05-08T13:30:34.577Z,59.6161,-150.5765,43.9,2.7,ml,,,,0.76,ak,ak0015vwpk81,2020-02-20T20:50:47.166Z,"34 km SE of Fox River, Alaska",earthquake,,0.6,,,reviewed,ak,ak
2001-05-08T13:28:46.100Z,35.9921667,-118.3456667,3.882,2.93,ml,33,75,0.1621,0.22,ci,ci9650917,2016-04-02T08:05:05.940Z,"27km NNE of Kernville, CA",earthquake,0.59,22.47,0.17,32,reviewed,ci,ci
2001-05-08T12:41:20.140Z,-5.515,152.962,33,4.5,mb,17,,,1.36,us,usp000aem2,2014-11-07T01:12:46.487Z,"150 km SSE of Kokopo, Papua New Guinea",earthquake,,,,6,reviewed,us,us
2001-05-08T12:14:25.110Z,-0.815,121.628,33,5.1,mwc,59,,,1.16,us,usp000aem0,2022-04-29T19:21:46.530Z,"116 km ENE of Poso, Indonesia",earthquake,,,,,reviewed,us,hrv
2001-05-08T11:32:22.300Z,40.648,29.152,7,3.1,md,11,,,,us,usp000aekz,2014-11-07T01:12:46.473Z,"1 km SW of Koruköy, Turkey",earthquake,,,,,reviewed,isk,isk
2001-05-08T10:53:46.350Z,1.108,120.288,600,4.7,mb,13,,,1.21,us,usp000aeky,2014-11-07T01:12:46.471Z,"227 km NNE of Palu, Indonesia",earthquake,,,,4,reviewed,us,us
2001-05-08T10:20:11.140Z,44.795,-112.775,10.2,3.8,ml,71,,,,us,usp000aekx,2014-11-07T01:12:46.465Z,"22 km NW of Lima, Montana",earthquake,,,,,reviewed,but,but
2001-05-08T09:00:13.770Z,-27.953,-70.995,71.7,4.6,mb,23,,,0.82,us,usp000aeku,2014-11-07T01:12:46.457Z,"72 km NNW of Vallenar, Chile",earthquake,,10.2,,2,reviewed,us,us
2001-05-08T08:49:51.841Z,40.4182,-119.5076,0,2.7,ml,7,131.82,0.665,0.1152,nn,nn00029217,2022-07-21T01:14:12.718Z,"22 km SW of Empire, Nevada",earthquake,,0,,,reviewed,nn,nn
2001-05-08T08:33:58.510Z,14.701,-93.861,33,4.7,mb,75,,,1.03,us,usp000aekt,2014-11-07T01:12:46.449Z,"111 km SW of La Esperanza (El Zapotal), Mexico",earthquake,,,,33,reviewed,us,us
2001-05-08T08:03:09.171Z,59.5639,-152.6779,83.7,2.7,ml,,,,0.67,ak,ak0015vtkjwl,2020-02-20T20:50:48.881Z,"48 km WNW of Nanwalek, Alaska",earthquake,,0.6,,,reviewed,ak,ak
2001-05-08T07:52:55.790Z,4.109,124.655,33,4.7,mb,13,,,0.54,us,usp000aekr,2014-11-07T01:12:46.445Z,"168 km SSW of Sarangani, Philippines",earthquake,,,,3,reviewed,us,us
2001-05-08T06:36:36.800Z,47.473,-115.782,0.3,3,ml,28,,,,us,usp000aekn,2014-11-07T01:12:46.438Z,"1 km ENE of Mullan, Idaho",earthquake,,,,,reviewed,but,but
2001-05-08T06:24:21.210Z,51.307,15.789,5,2.9,ml,11,,,0.74,us,usp000aekm,2014-11-07T01:12:46.435Z,"6 km SSE of Gromadka, Poland",earthquake,,,,,reviewed,us,vie
2001-05-08T06:15:29.800Z,-32.55,-72.869,16.2,3.9,md,6,,,,us,usp000aekk,2014-11-07T01:12:46.433Z,"127 km WNW of Valparaíso, Chile",earthquake,,,,,reviewed,guc,guc
2001-05-08T06:09:42.070Z,36.242,69.739,187.8,4.2,mb,16,,,1.21,us,usp000aekj,2014-11-07T01:12:46.431Z,"38 km SSW of Farkh?r, Afghanistan",earthquake,,15.5,,1,reviewed,us,us
2001-05-08T05:24:00.630Z,13.147,-88.47,106.9,3.7,mb,16,,,0.79,us,usp000aekh,2014-11-07T01:12:46.428Z,"17 km SSE of Puerto El Triunfo, El Salvador",earthquake,,12.9,,1,reviewed,us,us
2001-05-08T05:15:37.460Z,18.777,-104.165,33,5.5,mwc,185,,,1.22,us,usp000aekg,2022-04-29T19:15:50.195Z,"18 km SSW of Cuyutlán, Mexico",earthquake,,,,,reviewed,us,hrv
2001-05-08T03:38:37.141Z,54.4695,-162.8363,4.8,2.6,ml,,,,0.99,ak,ak0015vqsy3m,2020-02-20T20:50:49.943Z,"56 km SE of False Pass, Alaska",earthquake,,3,,,reviewed,ak,ak
2001-05-08T02:51:43.170Z,50.499,-29.312,10,3.8,mb,23,,,1.08,us,usp000aekd,2014-11-07T01:12:46.377Z,"northern Mid-Atlantic Ridge",earthquake,,,,4,reviewed,us,us
2001-05-08T02:29:00.900Z,-32.775,-73.093,24.1,3.8,md,5,,,,us,usp000aekc,2014-11-07T01:12:46.376Z,"139 km WNW of Valparaíso, Chile",earthquake,,,,,reviewed,guc,guc
2001-05-08T00:34:10.930Z,44.561,81.758,33,4.4,mb,30,,,1.41,us,usp000aekb,2014-11-07T01:12:46.372Z,"90 km NE of Huocheng, China",earthquake,,,,12,reviewed,us,us
2001-05-07T23:32:43.820Z,-1.922,-77.972,149.5,3.7,mb,11,,,0.94,us,usp000aeka,2014-11-07T01:12:46.370Z,"24 km S of Palora, Ecuador",earthquake,,12.7,,3,reviewed,us,us
2001-05-07T22:17:58.660Z,10.316,-85.755,10,4.3,md,13,,,0.56,us,usp000aek9,2014-11-07T01:12:46.368Z,"19 km WNW of Santa Cruz, Costa Rica",earthquake,,,,,reviewed,us,casc
2001-05-07T22:08:35.410Z,36.523,71.152,200.4,4,mb,29,,,0.69,us,usp000aek8,2014-11-07T01:12:46.365Z,"38 km WSW of Ashk?sham, Afghanistan",earthquake,,,,8,reviewed,us,us
2001-05-07T21:40:15.500Z,46.7106667,-122.7568333,0.464,3.3,md,9,136,0.05513,0.1,uw,uw10522633,2022-06-09T21:12:10.563Z,"13 km SE of Bucoda, Washington",explosion,0.776,0.77,0.01,7,reviewed,uw,uw
2001-05-07T21:35:00.000Z,-30.734,-71.443,9.5,4,md,6,,,,us,usp000aek7,2014-11-07T01:12:46.363Z,"27 km WSW of Ovalle, Chile",earthquake,,,,,reviewed,guc,guc
2001-05-07T21:27:34.140Z,42.373,143.013,54.5,4.8,mb,104,,,0.82,us,usp000aek6,2014-11-07T01:12:46.353Z,"53 km E of Shizunai-furukawach?, Japan",earthquake,,,,52,reviewed,us,us
2001-05-07T21:10:08.690Z,9.651,-77.472,33,4.3,mb,27,,,1.04,us,usp000aek5,2014-11-07T01:12:46.350Z,"75 km NE of Achutupo, Panama",earthquake,,,,7,reviewed,us,us
2001-05-07T19:38:45.727Z,62.2131,-149.4384,47.5,2.6,ml,,,,0.55,ak,ak0015ucsjy4,2020-02-20T20:50:52.586Z,"22 km ENE of Susitna North, Alaska",earthquake,,0.3,,,reviewed,ak,ak
2001-05-07T18:44:44.550Z,18.827,-104.599,10,4.1,mb,11,,,1.28,us,usp000aek2,2014-11-07T01:12:46.342Z,"38 km SSW of El Naranjo, Mexico",earthquake,,,,4,reviewed,us,us
2001-05-07T18:23:15.741Z,62.2922,-149.2257,40.1,3.1,ml,,,,0.65,ak,ak0015uc3uae,2020-02-20T20:50:52.985Z,"35 km ENE of Susitna North, Alaska",earthquake,,0.4,,,reviewed,ak,ak
2001-05-07T17:46:53.000Z,-39.6,178.2,12,4,ml,6,,,,us,usp000aek0,2014-11-07T01:12:46.336Z,"95 km SE of Wairoa, New Zealand",earthquake,,,,,reviewed,wel,wel
2001-05-07T17:14:20.725Z,40.6097,-117.1475,18,2.8,ml,5,205.42,0.187,0.04,nn,nn00029157,2018-04-24T22:13:42.569Z,"18 km WSW of Battle Mountain, Nevada",earthquake,,3.8,,,reviewed,nn,nn
2001-05-07T16:44:04.740Z,23.122,70.223,10,3.7,mb,14,,,1.21,us,usp000aejz,2014-11-07T01:12:46.335Z,"9 km N of K?ndla, India",earthquake,,,,1,reviewed,us,us
2001-05-07T16:41:07.560Z,-22.81,-67.577,163.9,4,mb,12,,,1.47,us,usp000aejy,2014-11-07T01:12:46.333Z,"65 km E of San Pedro de Atacama, Chile",earthquake,,9.4,,2,reviewed,us,us
2001-05-07T15:45:36.950Z,55.06,-160.207,18.9,2.9,mb,15,,,,us,usp000aejx,2020-02-20T20:50:53.414Z,"35 km SSE of Sand Point, Alaska",earthquake,,,,1,reviewed,aeic,us
2001-05-07T15:23:34.950Z,-5.839,147.444,108,3.2,mb,14,,,1.02,us,usp000aejv,2014-11-07T01:12:46.328Z,"91 km NNW of Finschhafen, Papua New Guinea",earthquake,,12.1,,2,reviewed,us,us
2001-05-07T15:09:29.500Z,-33.906,-71.775,41.3,3.4,md,7,,,,us,usp000aeju,2014-11-07T01:12:46.326Z,"37 km SSW of San Antonio, Chile",earthquake,,,,,reviewed,guc,guc
2001-05-07T14:32:52.170Z,27.315,128.346,55.7,5.2,mwc,154,,,1.07,us,usp000aejs,2022-04-29T19:15:45.073Z,"85 km NNE of Nago, Japan",earthquake,,6.1,,,reviewed,us,hrv
2001-05-07T14:22:22.850Z,44.282,149.387,33,4.3,mb,22,,,1.1,us,usp000aejr,2014-11-07T01:12:46.308Z,"159 km SE of Kuril’sk, Russia",earthquake,,,,5,reviewed,us,us
2001-05-07T14:16:35.620Z,-5.853,147.461,119.1,4.8,mb,76,,,0.81,us,usp000aejq,2014-11-07T01:12:46.300Z,"88 km NNW of Finschhafen, Papua New Guinea",earthquake,,4.8,,27,reviewed,us,us
2001-05-07T14:01:45.506Z,59.8507,-153.6966,151.5,2.6,ml,,,,0.57,ak,ak0015u9lgeu,2020-02-20T20:50:54.069Z,"24 km ENE of Pedro Bay, Alaska",earthquake,,2.7,,,reviewed,ak,ak
2001-05-07T13:52:49.600Z,15.345,-98.416,26.6,4.5,md,16,,,,us,usp000aejp,2014-11-07T01:12:46.298Z,"101 km SSW of Corralero, Mexico",earthquake,,,,,reviewed,unm,unm
2001-05-07T12:28:34.940Z,18.172,-68.635,100,4.6,mb,15,,,0.66,us,usp000aejn,2014-11-07T01:12:46.296Z,"22 km S of Boca de Yuma, Dominican Republic",earthquake,,,,3,reviewed,us,us
2001-05-07T11:43:05.280Z,-19.771,-177.954,500,4.2,mb,23,,,1.24,us,usp000aejm,2014-11-07T01:12:46.293Z,"Fiji region",earthquake,,,,11,reviewed,us,us
2001-05-07T11:36:14.000Z,-34.13,-70.285,118.7,3.9,md,13,,,,us,usp000aejk,2014-11-07T01:12:46.290Z,"34 km E of Machalí, Chile",earthquake,,,,,reviewed,guc,guc
2001-05-07T10:51:29.500Z,44.306,7.636,2,2.5,ml,19,,,,us,usp000aejj,2014-11-07T01:12:46.287Z,"2 km SE of Peveragno, Italy",earthquake,,,,,reviewed,ldg,ldg
2001-05-07T10:46:32.630Z,39.751,23.761,1,3,ml,21,,,,us,usp000aejh,2014-11-07T01:12:46.284Z,"29 km SSE of Pefkochóri, Greece",earthquake,,,,,reviewed,the,the
2001-05-07T10:20:22.166Z,39.3816,-115.9047,0,2.8,ml,4,146.07,1.062,0.1938,nn,nn00029153,2018-04-24T22:13:40.630Z,"15 km SSE of Eureka, Nevada",earthquake,,0,,,reviewed,nn,nn
2001-05-07T09:43:30.040Z,56.486,3.22,10,3.8,mb,55,,,1.52,us,usp000aejg,2014-11-07T01:12:46.276Z,"271 km SW of Vestbygd, Norway",earthquake,,,,2,reviewed,us,us
2001-05-07T08:53:10.200Z,-33.777,-71.996,7.4,3.9,md,13,,,,us,usp000aejf,2014-11-07T01:12:46.274Z,"41 km WSW of San Antonio, Chile",earthquake,,,,,reviewed,guc,guc
2001-05-07T08:26:31.600Z,-34.128,-70.484,10.6,3.4,md,5,,,,us,usp000aeje,2014-11-07T01:12:46.272Z,"16 km ENE of Machalí, Chile",earthquake,,,,,reviewed,guc,guc
2001-05-07T08:00:57.590Z,33.2138333,-116.0673333,10.634,2.77,ml,47,40,0.09503,0.29,ci,ci9650513,2016-04-02T11:27:11.152Z,"10km NE of Ocotillo Wells, CA",earthquake,0.43,1.32,0.199,63,reviewed,ci,ci
2001-05-07T07:56:49.270Z,-20.278,-69.072,92.6,4,mb,6,,,0.87,us,usp000aejc,2014-11-07T01:12:46.269Z,"112 km E of Iquique, Chile",earthquake,,17.8,,2,reviewed,us,us
2001-05-07T06:53:21.470Z,19.898,143.971,33,5.1,mb,109,,,0.84,us,usp000aejb,2014-11-07T01:12:46.257Z,"Mariana Islands region",earthquake,,,,49,reviewed,us,us
2001-05-07T06:44:05.420Z,37.197,-5.373,4.6,2.6,mblg,18,,,,us,usp000aeja,2014-11-07T01:12:46.254Z,"6 km WSW of La Puebla de Cazalla, Spain",earthquake,,,,,reviewed,mdd,mdd
2001-05-07T06:43:32.037Z,63.4913,-151.1027,13.3,2.6,ml,,,,0.87,ak,ak0015u52ylv,2020-02-20T20:50:51.923Z,"31 km E of Denali National Park, Alaska",earthquake,,15.5,,,reviewed,ak,ak
2001-05-07T05:40:06.900Z,-32.976,-69.125,3.2,4.7,md,17,,,,us,usp000aej7,2014-11-07T01:12:46.226Z,"29 km WSW of Mendoza, Argentina",earthquake,,,,,reviewed,guc,guc
2001-05-07T05:18:23.100Z,-33.988,-70.375,107.6,2.8,md,5,,,,us,usp000aej6,2014-11-07T01:12:46.225Z,"33 km NE of Machalí, Chile",earthquake,,,,,reviewed,guc,guc
2001-05-07T04:42:02.860Z,34.879,-116.3715,3.341,2.54,ml,29,87,0.05639,0.28,ci,ci9650433,2016-04-02T11:27:09.586Z,"26km NW of Ludlow, CA",earthquake,0.76,0.74,0.413,9,reviewed,ci,ci
2001-05-07T04:15:04.600Z,-33.488,-70.152,112.6,4,md,16,,,,us,usp000aej5,2014-11-07T01:12:46.222Z,"39 km E of Villa Presidente Frei, Ñuñoa, Santiago, Chile, Chile",earthquake,,,,,reviewed,guc,guc
2001-05-07T04:07:19.800Z,43.067,0.125,2,2.5,ml,10,,,,us,usp000aej4,2014-11-07T01:12:46.220Z,"1 km W of Bagnères-de-Bigorre, France",earthquake,,,,,reviewed,ldg,ldg
2001-05-07T04:06:26.750Z,38.34,-8.636,0,3,mblg,19,,,,us,usp000aej3,2014-11-07T01:12:46.216Z,"11 km WSW of Alcácer do Sal, Portugal",earthquake,,,,,reviewed,mdd,mdd
2001-05-07T03:41:41.148Z,60.1983,-138.0139,17.6,3,ml,,,,0.98,ak,ak0015u3a92a,2020-02-20T20:47:28.440Z,"67 km SSW of Haines Junction, Canada",earthquake,,2.3,,,reviewed,ak,ak
2001-05-07T03:41:27.800Z,-34.172,-71.468,74.2,2.6,md,6,,,,us,usp000aej2,2014-11-07T01:12:46.214Z,"45 km NW of San Vicente, Chile",earthquake,,,,,reviewed,guc,guc
2001-05-07T03:23:19.190Z,36.5935,-121.1905,5.034,2.63,md,72,39,0.07207,0.05,nc,nc21162492,2017-01-01T11:37:04.120Z,"22 km NNE of Soledad, California",earthquake,0.09,0.43,0.11,82,reviewed,nc,nc
2001-05-07T03:01:51.040Z,-14.945,-173.822,33,4.6,mb,19,,,1,us,usp000aej1,2014-11-07T01:12:46.211Z,"111 km N of Hihifo, Tonga",earthquake,,,,1,reviewed,us,us
2001-05-07T02:21:46.520Z,18.627,145.628,142,4.8,mb,110,,,1.02,us,usp000aej0,2014-11-07T01:12:46.200Z,"Pagan region, Northern Mariana Islands",earthquake,,,,40,reviewed,us,us
2001-05-07T01:56:30.150Z,-55.949,-144.544,10,5.4,mwc,23,,,0.9,us,usp000aehy,2025-12-19T22:49:22.855Z,"Pacific-Antarctic Ridge",earthquake,,,,,reviewed,us,hrv
2001-05-07T00:33:23.800Z,-56.186,-144.471,10,6.2,mwb,101,,,1.27,us,usp000aehw,2022-04-29T19:23:00.116Z,"Pacific-Antarctic Ridge",earthquake,,,,,reviewed,us,us
2001-05-07T00:03:25.000Z,50.53,-130.28,10,3.1,ml,13,,,,us,usp000aehv,2014-11-07T01:12:46.168Z,"226 km W of Port McNeill, Canada",earthquake,,,,,reviewed,pgc,pgc
2001-05-07T00:00:37.540Z,-14.927,-173.468,33,5.7,mwc,80,,,1.38,us,usp000aehu,2022-04-29T19:15:43.624Z,"119 km NNE of Hihifo, Tonga",earthquake,,,,,reviewed,us,hrv
2001-05-06T23:24:34.700Z,-37.72,178.65,12,3.9,ml,9,,,,us,usp000aeht,2014-11-07T01:12:46.148Z,"118 km NNE of Gisborne, New Zealand",earthquake,,,,,reviewed,wel,wel
2001-05-06T23:23:16.520Z,34.3003333,-118.4531667,9.876,2.63,ml,65,29,,0.28,ci,ci9650389,2016-04-02T08:07:51.687Z,"2km NW of Pacoima, CA",earthquake,0.34,0.83,0.271,126,reviewed,ci,ci
2001-05-06T23:10:17.960Z,42.781,17.974,0,2.5,md,12,,,,us,usp000aehs,2014-11-07T01:12:46.146Z,"13 km SE of Podgora, Croatia",earthquake,,,,,reviewed,pdg,pdg
2001-05-06T23:09:54.500Z,-42.69,174.14,12,3.7,ml,5,,,,us,usp000aehr,2014-11-07T01:12:46.145Z,"126 km ENE of Amberley, New Zealand",earthquake,,,,,reviewed,wel,wel
2001-05-06T22:58:51.270Z,23.462,70.049,10,4.7,mb,18,,,0.86,us,usp000aehq,2020-09-18T18:21:07.543Z,"35 km WNW of Bhach?u, India",earthquake,,,,3,reviewed,us,us
2001-05-06T22:58:05.000Z,20.231,122.437,33,4.4,mb,15,,,1.21,us,usp000aehp,2014-11-07T01:12:46.139Z,"54 km ESE of Basco, Philippines",earthquake,,,,3,reviewed,us,us
2001-05-06T22:52:12.040Z,37.341,72.321,206.6,4.4,mb,81,,,0.99,us,usp000aehn,2014-11-07T01:12:46.131Z,"43 km N of Khand?d, Afghanistan",earthquake,,,,41,reviewed,us,us
2001-05-06T22:21:13.810Z,38.7753333,-122.7471667,2.311,2.56,md,40,30,0.02432,0.06,nc,nc21162469,2017-01-01T11:36:18.580Z,"5 km SSW of Cobb, California",earthquake,0.11,0.33,0.12,49,reviewed,nc,nc
2001-05-06T22:03:14.420Z,48.288,154.156,90.7,4.6,mb,26,,,0.51,us,usp000aehm,2014-11-07T01:12:46.129Z,"Kuril Islands",earthquake,,7.8,,6,reviewed,us,us
2001-05-06T20:35:31.490Z,-8.136,158.613,96.8,5.1,mwc,86,,,0.88,us,usp000aehj,2025-12-19T22:49:21.808Z,"107 km W of Buala, Solomon Islands",earthquake,,,,,reviewed,us,hrv
2001-05-06T19:37:45.870Z,-8.1,120.645,33,4.7,mb,9,,,1.09,us,usp000aehh,2014-11-07T01:12:46.116Z,"59 km NNE of Ruteng, Indonesia",earthquake,,,,1,reviewed,us,us
2001-05-06T18:51:31.018Z,63.4006,-149.6511,10.3,2.7,ml,,,,0.71,ak,ak0015soqj0t,2020-02-20T20:50:59.910Z,"35 km W of Cantwell, Alaska",earthquake,,0.3,,,reviewed,ak,ak
2001-05-06T17:42:43.670Z,19.335,-155.0405,38.398,2.58,ml,44,184,,0.1,hv,hv1314487,2020-03-31T21:53:04.190Z,"17 km SE of Fern Forest, Hawaii",earthquake,0.73,0.92,0.15,18,reviewed,hv,hv
2001-05-06T17:39:28.010Z,29.197,51.386,33,4.5,mb,34,,,0.91,us,usp000aehe,2014-11-07T01:12:46.108Z,"18 km ESE of Bor?zj?n, Iran",earthquake,,,,5,reviewed,us,us
2001-05-06T16:40:38.090Z,34.0275,-117.5666667,7.953,2.66,ml,74,30,0.02322,0.22,ci,ci9650309,2016-04-02T04:55:28.270Z,"6km NW of Mira Loma, CA",earthquake,0.26,0.91,0.26,133,reviewed,ci,ci
2001-05-06T16:23:29.890Z,51.521,16.006,5,2.5,ml,5,,,0.72,us,usp000aehd,2014-11-07T01:12:46.105Z,"5 km WNW of Polkowice, Poland",earthquake,,,,,reviewed,us,cll
2001-05-06T16:18:36.880Z,4.02,94.972,37.2,4.8,mb,49,,,0.79,us,usp000aehc,2014-11-07T01:12:46.097Z,"128 km W of Meulaboh, Indonesia",earthquake,,,,13,reviewed,us,us
2001-05-06T16:10:25.030Z,35.9668333,-118.3446667,3.882,2.74,ml,33,71,0.187,0.25,ci,ci9650301,2016-04-02T08:06:55.153Z,"25km NNE of Kernville, CA",earthquake,0.67,23.95,0.3,30,reviewed,ci,ci
2001-05-06T15:11:07.040Z,45.2393333,-123.5106667,51.481,2.88,md,37,165,,0.19,uw,uw10521773,2016-07-23T00:34:48.530Z,"17 km N of Willamina, Oregon",earthquake,0.71,1.44,0.204,42,reviewed,uw,uw
2001-05-06T14:21:10.380Z,-7.823,109.14,100,4.7,mb,68,,,1.15,us,usp000aeh7,2014-11-07T01:12:46.077Z,"24 km SSW of Kroya, Indonesia",earthquake,,,,21,reviewed,us,us
2001-05-06T14:02:56.590Z,-36.113,-72.024,76.7,4.3,md,22,,,0.95,us,usp000aeh6,2014-11-07T01:12:46.073Z,"18 km W of Parral, Chile",earthquake,,7.5,,,reviewed,us,guc
2001-05-06T14:01:54.420Z,23.817,-108.698,10,4.1,mb,37,,,1.32,us,usp000aeh5,2014-11-07T01:12:46.069Z,"93 km ENE of La Rivera, Mexico",earthquake,,,,16,reviewed,us,us
2001-05-06T13:55:58.770Z,36.809,138.588,195.7,3.1,mb,9,,,1.06,us,usp000aeh4,2014-11-07T01:12:46.067Z,"20 km ESE of Iiyama, Japan",earthquake,,7.2,,1,reviewed,us,us
2001-05-06T13:50:13.670Z,23.735,-108.771,10,4.5,mb,90,,,1.17,us,usp000aeh3,2014-11-07T01:12:46.059Z,"84 km E of La Rivera, Mexico",earthquake,,,,39,reviewed,us,us
2001-05-06T11:26:46.980Z,39.358,72.526,65.1,3.9,mb,12,,,0.59,us,usp000aeh2,2014-11-07T01:12:46.057Z,"31 km SE of Kyzyl-Eshme, Kyrgyzstan",earthquake,,10.4,,2,reviewed,us,us
2001-05-06T11:20:05.800Z,38.538,142.363,36.9,4.1,mb,19,,,0.85,us,usp000aeh1,2014-11-07T01:12:46.054Z,"81 km SE of ?funato, Japan",earthquake,,,,4,reviewed,us,us
2001-05-06T11:19:55.000Z,-32.272,-71.44,43,3.8,md,7,,,,us,usp000aeh0,2014-11-07T01:12:46.053Z,"28 km NW of La Ligua, Chile",earthquake,,,,,reviewed,guc,guc
2001-05-06T10:54:16.520Z,17.8843333,-153.6186667,5.04,2.92,ml,34,344,,0.14,hv,hv1314465,2020-03-31T21:53:03.340Z,"222 km SE of Leilani Estates, Hawaii",earthquake,16.21,5.09,0.46,20,reviewed,hv,hv
2001-05-06T10:31:30.590Z,-24.295,-66.954,174.3,3.8,mb,10,,,0.75,us,usp000aegy,2014-11-07T01:12:46.048Z,"65 km W of San Antonio de los Cobres, Argentina",earthquake,,27.6,,2,reviewed,us,us
2001-05-06T10:22:16.700Z,-32.542,-71.622,0.5,3.5,md,8,,,,us,usp000aegx,2014-11-07T01:12:46.047Z,"38 km WSW of La Ligua, Chile",earthquake,,,,,reviewed,guc,guc
2001-05-06T10:17:01.360Z,-24.201,-67.075,157.9,4.1,mb,19,,,0.9,us,usp000aegw,2014-11-07T01:12:46.044Z,"76 km W of San Antonio de los Cobres, Argentina",earthquake,,20.4,,4,reviewed,us,us
2001-05-06T10:11:58.750Z,23.89,-108.738,10,4.6,mb,67,,,1.18,us,usp000aegv,2014-11-07T01:12:46.037Z,"92 km ENE of La Rivera, Mexico",earthquake,,,,35,reviewed,us,us
2001-05-06T09:43:38.240Z,-5.866,147.545,115.7,3.9,mb,25,,,1.3,us,usp000aegu,2014-11-07T01:12:46.034Z,"83 km NNW of Finschhafen, Papua New Guinea",earthquake,,8.2,,5,reviewed,us,us
2001-05-06T09:37:59.020Z,47.544,148.191,353.4,4.1,mb,53,,,0.9,us,usp000aegt,2014-11-07T01:12:46.028Z,"258 km N of Kuril’sk, Russia",earthquake,,7.9,,19,reviewed,us,us
2001-05-06T09:01:32.860Z,45.115,7.345,9.6,2.6,ml,22,,,,us,usp000aegs,2014-11-07T01:12:46.025Z,"1 km ESE of Caprie, Italy",earthquake,,,,,reviewed,gen,gen
2001-05-06T07:42:32.070Z,23.406,70.092,10,4.7,mb,16,,,1.39,us,usp000aegr,2020-09-18T18:20:59.011Z,"28 km WNW of Bhach?u, India",earthquake,,,,4,reviewed,us,us
2001-05-06T07:10:37.710Z,-30.407,-72.233,10,4.7,mb,36,,,1.05,us,usp000aegp,2014-11-07T01:12:46.015Z,"99 km WSW of Coquimbo, Chile",earthquake,,,,10,reviewed,us,us
2001-05-06T06:28:32.210Z,-23.103,-111.824,10,4.6,mb,6,,,1.49,us,usp000aegn,2014-11-07T01:12:46.014Z,"Easter Island region",earthquake,,,,3,reviewed,us,us
2001-05-06T06:07:20.100Z,13.129,-87.663,37.5,4.2,md,10,,,,us,usp000aegm,2014-11-07T01:12:46.012Z,"18 km S of Amapala, Honduras",earthquake,,,,,reviewed,casc,casc
2001-05-06T06:05:21.000Z,-42.56,173.8,27,3.7,ml,17,,,,us,usp000aegk,2014-11-07T01:12:46.010Z,"109 km NE of Amberley, New Zealand",earthquake,,,,,reviewed,wel,wel
2001-05-06T05:59:47.680Z,-32.451,-70.899,52.2,5.2,mwc,134,,,0.86,us,usp000aegj,2022-04-29T19:23:20.757Z,"31 km E of La Ligua, Chile",earthquake,,,,,reviewed,us,hrv
2001-05-06T05:19:46.560Z,-18.369,-175.172,211.6,5.4,mwc,277,,,0.78,us,usp000aegh,2025-12-19T22:57:55.702Z,"129 km WNW of Neiafu, Tonga",earthquake,,,,,reviewed,us,hrv
2001-05-06T04:10:52.220Z,-14.86,167.333,100,4.3,mb,31,,,0.92,us,usp000aegg,2014-11-07T01:12:45.930Z,"34 km NE of Port-Olry, Vanuatu",earthquake,,,,2,reviewed,us,us
2001-05-06T04:09:36.700Z,-34.661,-70.737,100.4,3.5,md,13,,,,us,usp000aegf,2014-11-07T01:12:45.928Z,"28 km ENE of Chimbarongo, Chile",earthquake,,,,,reviewed,guc,guc
2001-05-06T04:09:00.390Z,-18.374,-177.555,550,3.8,mb,18,,,0.81,us,usp000aege,2014-11-07T01:12:45.923Z,"Fiji region",earthquake,,,,5,reviewed,us,us
2001-05-06T04:06:25.310Z,-21.002,173.014,33,3.9,mb,9,,,0.83,us,usp000aegd,2014-11-07T01:12:45.921Z,"Vanuatu region",earthquake,,,,1,reviewed,us,us
2001-05-06T03:54:40.170Z,34.2951667,-116.4595,3.567,2.86,ml,51,43,0.08569,0.18,ci,ci9650133,2016-04-02T01:42:28.284Z,"20km N of Yucca Valley, CA",earthquake,0.27,0.64,0.201,83,reviewed,ci,ci
2001-05-06T03:48:24.960Z,12.16,-87.472,33,4,mb,23,,,1.36,us,usp000aegb,2014-11-07T01:12:45.914Z,"48 km SW of Corinto, Nicaragua",earthquake,,,,17,reviewed,us,us
2001-05-06T03:08:05.970Z,40.83,32.199,10,3.8,mb,9,,,1.01,us,usp000aeg9,2014-11-07T01:12:45.910Z,"3 km N of Gerede, Turkey",earthquake,,,,2,reviewed,us,us
2001-05-06T02:42:59.800Z,-32.492,-71.651,7.8,3.8,md,8,,,,us,usp000aeg8,2014-11-07T01:12:45.908Z,"39 km W of La Ligua, Chile",earthquake,,,,,reviewed,guc,guc
2001-05-06T02:34:51.000Z,-34.509,-70.425,126.4,3.2,md,10,,,,us,usp000aeg7,2014-11-07T01:12:45.905Z,"41 km ESE of Rengo, Chile",earthquake,,,,,reviewed,guc,guc
2001-05-06T02:24:15.550Z,41.206,19.66,12.6,3.1,md,17,,,,us,usp000aeg6,2014-11-07T01:12:45.902Z,"8 km ENE of Kavajë, Albania",earthquake,,,,,reviewed,pdg,pdg
2001-05-06T02:06:06.420Z,-15.105,-173.653,33,5.4,mwc,35,,,1.31,us,usp000aeg5,2025-12-19T22:49:20.715Z,"95 km N of Hihifo, Tonga",earthquake,,,,,reviewed,us,hrv
2001-05-06T01:50:50.230Z,64.2518,-150.3324,23.2,2.6,ml,,,,0.85,ak,ak0015selzi7,2020-02-20T20:50:59.256Z,"55 km W of Clear, Alaska, Alaska",earthquake,,3.9,,,reviewed,ak,ak
2001-05-06T01:48:45.930Z,-55.42,-144.7,10,4.6,mb,8,,,0.75,us,usp000aeg3,2014-11-07T01:12:45.890Z,"Pacific-Antarctic Ridge",earthquake,,,,2,reviewed,us,us
2001-05-06T01:39:03.310Z,-6.752,148.388,64.4,4.9,mb,69,,,0.81,us,usp000aeg2,2014-11-07T01:12:45.879Z,"63 km ESE of Finschhafen, Papua New Guinea",earthquake,,2.9,,18,reviewed,us,us
2001-05-06T00:50:43.153Z,38.7151,-117.9821,0,2.8,ml,8,208.34,0.313,0.1404,nn,nn00029062,2018-04-24T22:13:39.619Z,"17 km SSW of Gabbs, Nevada",earthquake,,0,,,reviewed,nn,nn
2001-05-06T00:39:41.480Z,-18.699,-178.176,450,3.9,mb,11,,,0.54,us,usp000aeg1,2014-11-07T01:12:45.876Z,"274 km ESE of Levuka, Fiji",earthquake,,,,4,reviewed,us,us
2001-05-06T00:38:53.369Z,38.706,-117.9346,12.2,3.4,ml,16,158.2,0.183,0.1042,nn,nn00029061,2018-04-24T22:13:39.231Z,"18 km S of Gabbs, Nevada",earthquake,,1.8,,,reviewed,nn,nn
2001-05-06T00:25:49.100Z,53.464,-164.683,17.5,4.6,mb,128,,,,us,usp000aeg0,2020-02-20T20:51:01.676Z,"103 km SE of Akutan, Alaska",earthquake,,,,44,reviewed,aeic,us
2001-05-06T00:12:13.590Z,-24.457,-116.076,10,5.6,mwc,115,,,1,us,usp000aefz,2022-04-29T19:15:37.476Z,"southern East Pacific Rise",earthquake,,,,,reviewed,us,hrv
2001-05-06T00:04:44.540Z,32.579,138.626,330.1,3.7,mb,19,,,0.65,us,usp000aefx,2014-11-07T01:12:45.831Z,"227 km S of ?yama, Japan",earthquake,,6.6,,1,reviewed,us,us
2001-05-05T22:12:19.880Z,33.464,69.605,33,4.3,mb,22,,,1.21,us,usp000aeft,2014-11-07T01:12:45.820Z,"32 km WNW of Kh?st, Afghanistan",earthquake,,,,4,reviewed,us,us
2001-05-05T20:36:02.288Z,54.2698,-159.1307,10,2.8,ml,,,,0.64,ak,ak0015r2ars4,2020-02-20T20:51:02.048Z,"147 km SE of Sand Point, Alaska",earthquake,,0,,,reviewed,ak,ak
2001-05-05T20:07:11.374Z,64.3505,-147.5051,13.8,2.5,ml,,,,0.94,ak,ak0015r24kpt,2020-02-20T20:51:09.144Z,"34 km SW of Salcha, Alaska",earthquake,,0.2,,,reviewed,ak,ak
2001-05-05T19:31:58.600Z,-31.781,-67.79,218.9,3.7,md,8,,,,us,usp000aefp,2014-11-07T01:12:45.812Z,"48 km ESE of Caucete, Argentina",earthquake,,,,,reviewed,guc,guc
2001-05-05T18:59:40.890Z,43.805,-105.379,0,3.2,ml,10,,,0.59,rusms,rusms00002474,2022-06-09T21:12:10.558Z,"Wyoming",explosion,,,,,reviewed,us,us
2001-05-05T18:48:22.320Z,13.524,-91.741,33,4.3,mb,31,,,1.16,us,usp000aefn,2014-11-07T01:12:45.807Z,"87 km SSE of Champerico, Guatemala",earthquake,,,,20,reviewed,us,us
2001-05-05T18:06:55.820Z,14.813,-93.658,33,5.2,mwc,188,,,0.96,us,usp000aefm,2025-12-19T22:49:19.566Z,"88 km SW of La Esperanza (El Zapotal), Mexico",earthquake,,,,,reviewed,us,hrv
2001-05-05T17:19:11.300Z,-32.857,-70.338,102.3,3,md,4,,,,us,usp000aefk,2014-11-07T01:12:45.775Z,"24 km E of Los Andes, Chile",earthquake,,,,,reviewed,guc,guc
2001-05-05T16:22:29.570Z,54.282,-159.292,0,2.9,ml,17,,,,us,usp000aefj,2020-02-20T20:51:03.010Z,"140 km SSE of Sand Point, Alaska",earthquake,,,,,reviewed,aeic,aeic
2001-05-05T16:18:37.900Z,35.205,77.685,38.2,4.3,mb,25,,,1.31,us,usp000aefh,2014-11-07T01:12:45.758Z,"86 km ENE of Thang, India",earthquake,,12.2,,5,reviewed,us,us
2001-05-05T16:14:32.220Z,-6.454,150.452,56.5,4.2,mb,11,,,1.37,us,usp000aefg,2014-11-07T01:12:45.755Z,"103 km ESE of Kandrian, Papua New Guinea",earthquake,,15.4,,4,reviewed,us,us
2001-05-05T15:32:31.680Z,-20.064,-176.186,290.5,4.3,mb,27,,,0.99,us,usp000aeff,2014-11-07T01:12:45.746Z,"157 km NW of Nuku‘alofa, Tonga",earthquake,,51.6,,14,reviewed,us,us
2001-05-05T15:26:57.390Z,-16.781,-69.468,197.2,4.8,mb,159,,,0.98,us,usp000aefe,2014-11-07T01:12:45.618Z,"26 km E of Mazo Cruz, Peru",earthquake,,,,89,reviewed,us,us
2001-05-05T13:36:06.250Z,-21.55,-178.902,537.6,4.6,mb,89,,,1.02,us,usp000aefd,2014-11-07T01:12:45.601Z,"Fiji region",earthquake,,15.4,,25,reviewed,us,us
2001-05-05T13:00:42.179Z,63.5381,-150.7333,14.7,3.5,ml,,,,0.99,ak,ak0015qxx3uh,2020-02-20T20:51:10.138Z,"49 km E of Denali National Park, Alaska",earthquake,,0.1,,,reviewed,ak,ak
2001-05-05T12:37:37.120Z,-17.992,-73.722,10,4.7,mb,55,,,1.02,us,usp000aefb,2014-11-07T01:12:45.584Z,"185 km SW of Camaná, Peru",earthquake,,,,25,reviewed,us,us
2001-05-05T12:30:27.600Z,-35.979,-71.661,105.1,3.4,md,10,,,,us,usp000aefa,2014-11-07T01:12:45.582Z,"2 km SE of Longaví, Chile",earthquake,,,,,reviewed,guc,guc
2001-05-05T11:53:53.060Z,38.806,-122.7768333,1.633,3.15,ml,56,41,0.01441,0.06,nc,nc21162205,2017-01-01T11:29:54.100Z,"5 km WSW of Cobb, California",earthquake,0.1,0.26,,10,reviewed,nc,nc
2001-05-05T11:26:56.710Z,14.019,-91.734,39,5.4,mwc,294,,,1.08,us,usp000aef8,2022-04-29T19:15:26.208Z,"35 km SSE of Champerico, Guatemala",earthquake,,,,,reviewed,us,hrv
2001-05-05T11:00:20.120Z,20.0665,-155.9421667,8.409,2.52,ml,37,151,,0.13,hv,hv1314381,2020-03-31T21:53:02.320Z,"15 km NW of Puako, Hawaii",earthquake,0.73,0.77,0.04,11,reviewed,hv,hv
2001-05-05T09:46:20.120Z,71.668,-3.889,10,4.3,mb,15,,,1.19,us,usp000aef6,2014-11-07T01:12:45.326Z,"191 km ENE of Olonkinbyen, Svalbard and Jan Mayen",earthquake,,,,5,reviewed,us,us
2001-05-05T09:00:13.650Z,-5.011,151.549,152.3,4.2,mb,24,,,1.03,us,usp000aef5,2014-11-07T01:12:45.321Z,"108 km SW of Kokopo, Papua New Guinea",earthquake,,7.9,,7,reviewed,us,us
2001-05-05T08:55:23.370Z,-20.607,-68.728,83.9,4.3,mb,21,,,0.77,us,usp000aef4,2014-11-07T01:12:45.317Z,"154 km ESE of Iquique, Chile",earthquake,,11.5,,13,reviewed,us,us
2001-05-05T07:38:44.230Z,35.2013333,-92.2203333,0.05,2.7,md,18,184,0.437,0.31,nm,nm604828,2016-11-17T13:16:39.730Z,"1 km WNW of Enola, Arkansas",earthquake,2.9,4,0.271,4,reviewed,nm,nm
2001-05-05T06:06:48.080Z,44.607,148.15,84.2,4.5,mb,20,,,0.67,us,usp000aef1,2014-11-07T01:12:45.303Z,"72 km SSE of Kuril’sk, Russia",earthquake,,15.1,,4,reviewed,us,us
2001-05-05T05:48:49.229Z,56.2391,-156.3508,43.9,5.1,mb,,,,1,ak,ak0015qtfxx6,2020-02-20T20:51:10.533Z,"127 km E of Chignik, Alaska",earthquake,,2.3,,,reviewed,ak,ak
2001-05-05T05:37:27.980Z,-4.8,153.187,66.9,4.4,mb,19,,,1.29,us,usp000aeez,2014-11-07T01:12:45.259Z,"113 km ESE of Kokopo, Papua New Guinea",earthquake,,17.4,,9,reviewed,us,us
2001-05-05T05:33:15.030Z,9.979,126.089,33,4.8,mb,44,,,1.14,us,usp000aeey,2014-11-07T01:12:45.197Z,"7 km SE of Santa Monica, Philippines",earthquake,,,,18,reviewed,us,us
2001-05-05T05:21:15.760Z,-23.523,-111.878,10,5.7,mwc,202,,,0.65,us,usp000aeex,2022-04-29T19:22:58.258Z,"Easter Island region",earthquake,,,,,reviewed,us,hrv
2001-05-05T04:56:23.000Z,49.89,-130.07,10,3.9,mb,29,,,,us,usp000aeew,2014-11-07T01:12:45.052Z,"226 km WSW of Port McNeill, Canada",earthquake,,,,7,reviewed,pgc,us
2001-05-05T03:59:16.000Z,38.392,-0.925,5.8,3.2,ml,40,,,,us,usp000aeev,2014-11-07T01:12:45.018Z,"3 km NW of La Romana, Spain",earthquake,,,,,reviewed,mdd,ldg
2001-05-05T03:50:50.257Z,62.4472,-149.8622,62.2,3.4,ml,,,,0.89,ak,ak0015qs9i81,2020-02-20T20:51:11.283Z,"12 km E of Chase, Alaska",earthquake,,0.2,,,reviewed,ak,ak
2001-05-05T02:18:04.920Z,41.2228333,-125.8908333,5.052,3.08,md,47,288,1.397,0.13,nc,nc30222944,2017-01-01T11:27:49.073Z,"147 km W of Big Lagoon, California",earthquake,2.86,4.31,0.09,24,reviewed,nc,nc
2001-05-05T02:10:47.740Z,15.85,-93.628,99.8,3.7,mb,17,,,1.38,us,usp000aees,2014-11-07T01:12:44.926Z,"6 km NW of Manuel Ávila Camacho (Ponte Duro), Mexico",earthquake,,10.2,,3,reviewed,us,us
2001-05-05T01:59:39.059Z,53.3982,-166.4376,24.5,2.7,ml,,,,0.39,ak,ak0015qr4jld,2020-02-20T20:51:08.489Z,"53 km S of Unalaska, Alaska",earthquake,,0,,,reviewed,ak,ak
2001-05-05T00:25:08.040Z,3.491,123.268,522.8,4.4,mb,24,,,0.74,us,usp000aeeq,2014-11-07T01:12:44.905Z,"283 km NW of Manado, Indonesia",earthquake,,37.1,,4,reviewed,us,us
2001-05-04T23:57:15.370Z,23.984,-108.821,10,4.5,mb,85,,,1.2,us,usp000aeep,2014-11-07T01:12:44.795Z,"89 km ENE of La Rivera, Mexico",earthquake,,,,24,reviewed,us,us
2001-05-04T23:26:13.820Z,36.2468333,-120.3285,8.659,2.75,md,40,63,0.01171,0.08,nc,nc21162100,2017-01-01T11:27:13.510Z,"12 km NNE of Coalinga, California",earthquake,0.15,0.19,0.15,99,reviewed,nc,nc
2001-05-04T23:21:57.980Z,24.007,-108.754,10,4.6,mb,50,,,0.82,us,usp000aeen,2014-11-07T01:12:44.737Z,"96 km ENE of La Rivera, Mexico",earthquake,,,,22,reviewed,us,us
2001-05-04T23:20:44.130Z,18.675,-108.08,10,4.4,mb,30,,,1.09,us,usp000aeem,2014-11-07T01:12:44.722Z,"Revilla Gigedo Islands region",earthquake,,,,14,reviewed,us,us
2001-05-04T23:20:05.940Z,32.991,-109.314,0,2.5,ml,5,,,0.42,rusms,rusms00002473,2022-06-09T21:12:10.555Z,"Arizona",explosion,,,,,reviewed,us,us
2001-05-04T22:03:51.710Z,46.7103333,-122.761,0.412,3.1,md,7,136,0.0569,0.09,uw,uw10520558,2022-06-09T21:12:10.551Z,"12 km SE of Bucoda, Washington",explosion,0.748,0.76,0.01,6,reviewed,uw,uw
2001-05-04T21:55:17.740Z,26.579,128.671,33,4.2,mb,17,,,0.74,us,usp000aeek,2014-11-07T01:12:44.649Z,"68 km E of Nago, Japan",earthquake,,,,2,reviewed,us,us
2001-05-04T21:53:22.570Z,-6.137,145.121,71,4.9,mb,10,,,1.29,us,usp000aeej,2014-11-07T01:12:44.573Z,"21 km SE of Kundiawa, Papua New Guinea",earthquake,,,,1,reviewed,us,us
2001-05-04T21:37:38.780Z,52.267,173.787,31.4,4.6,mb,92,,,0.92,us,usp000aeeh,2014-11-07T01:12:44.555Z,"76 km SSE of Attu Station, Alaska",earthquake,,,,47,reviewed,us,us
2001-05-04T20:56:00.820Z,26.994,140.393,412.2,3.7,mb,25,,,0.74,us,usp000aeeg,2014-11-07T01:12:44.549Z,"Bonin Islands, Japan region",earthquake,,10.1,,6,reviewed,us,us
2001-05-04T20:53:13.560Z,30.021,68.578,33,4.1,mb,18,,,1.3,us,usp000aeef,2014-11-07T01:12:44.545Z,"14 km S of Duki, Pakistan",earthquake,,,,2,reviewed,us,us
2001-05-04T20:15:19.700Z,-32.653,-69.911,122.9,2.9,md,10,,,,us,usp000aeed,2014-11-07T01:12:44.539Z,"67 km ENE of Los Andes, Chile",earthquake,,,,,reviewed,guc,guc
2001-05-04T19:51:57.460Z,34.622,22.772,10,4.6,mb,169,,,1.28,us,usp000aeeb,2014-11-07T01:12:44.500Z,"107 km SW of Palaióchora, Greece",earthquake,,,,70,reviewed,us,us
2001-05-04T19:20:29.810Z,51.122,15.846,5,3,ml,10,,,0.76,us,usp000aee9,2014-11-07T01:12:44.492Z,"5 km W of Z?otoryja, Poland",earthquake,,,,,reviewed,us,vie
2001-05-04T18:38:07.210Z,-27.945,-176.41,33,4.5,mb,9,,,1.13,us,usp000aee8,2014-11-07T01:12:44.489Z,"Kermadec Islands region",earthquake,,,,1,reviewed,us,us
2001-05-04T18:15:23.710Z,35.2195,-92.2405,5.94,3.1,md,11,188,0.4513,0.3,nm,nm604827,2016-11-17T13:16:33.420Z,"4 km NW of Enola, Arkansas",earthquake,2.9,2.6,0.048,1,reviewed,nm,nm
2001-05-04T18:02:50.010Z,40.298,-107.826,0,2.9,ml,20,,,0.85,rusms,rusms00002471,2022-06-09T21:12:10.540Z,"29 km NNE of Meeker, Colorado",explosion,,,,,reviewed,us,us
2001-05-04T17:56:11.400Z,14.452,-92.801,79.2,3.9,mb,11,,,1.07,us,usp000aee7,2014-11-07T01:12:44.485Z,"50 km SW of Puerto Madero, Mexico",earthquake,,9.7,,5,reviewed,us,us
2001-05-04T17:46:06.340Z,-5.187,153.432,33,4.2,mb,24,,,1.42,us,usp000aee6,2014-11-07T01:12:44.477Z,"159 km SE of Kokopo, Papua New Guinea",earthquake,,,,8,reviewed,us,us
2001-05-04T16:07:57.560Z,24.07,-108.695,10,5.3,mwc,130,,,1.15,us,usp000aee5,2025-12-19T22:35:03.501Z,"99 km SW of Altata, Mexico",earthquake,,,,,reviewed,us,hrv
2001-05-04T14:57:04.900Z,51.632,16.295,5,3.2,ml,15,,,0.71,us,usp000aee3,2014-11-07T01:12:44.411Z,"9 km ENE of Gr?bocice, Poland",earthquake,,,,,reviewed,us,vie
2001-05-04T14:24:46.617Z,51.5695,-175.3689,14.7,3.3,ml,,,,0.39,ak,ak0015pb4chh,2020-02-20T20:51:12.642Z,"93 km ESE of Adak, Alaska",earthquake,,5.3,,,reviewed,ak,ak
2001-05-04T12:28:41.755Z,38.6477,-119.4861,8.5,2.5,ml,7,166,0.149,0.0602,nn,nn00028985,2018-04-24T22:13:36.933Z,"4 km NE of Topaz, California",earthquake,,5,,,reviewed,nn,nn
2001-05-04T12:23:08.440Z,-23.896,-66.542,191.8,4.7,mb,99,,,1.06,us,usp000aee0,2014-11-07T01:12:44.376Z,"42 km NNW of San Antonio de los Cobres, Argentina",earthquake,,6.6,,33,reviewed,us,us
2001-05-04T12:20:51.600Z,-32.376,-71.649,42.2,3.9,md,7,,,,us,usp000aedz,2014-11-07T01:12:44.372Z,"40 km WNW of La Ligua, Chile",earthquake,,,,,reviewed,guc,guc
2001-05-04T11:59:16.160Z,17.568,-61.204,35,3.2,md,7,,,,us,usp000aedy,2014-11-07T01:12:44.367Z,"67 km E of Codrington, Antigua and Barbuda",earthquake,,,,,reviewed,trn,trn
2001-05-04T10:58:08.860Z,-8.24,124.484,33,4.6,mb,8,,,0.98,us,usp000aedx,2014-11-07T01:12:44.363Z,"Kepulauan Alor, Indonesia",earthquake,,,,1,reviewed,us,us
2001-05-04T10:19:34.860Z,14.157,-92.673,35.3,4.4,mb,66,,,1.41,us,usp000aedw,2014-11-07T01:12:44.341Z,"64 km SW of Brisas Barra de Suchiate, Mexico",earthquake,,,,20,reviewed,us,us
2001-05-04T09:55:00.666Z,62.1491,-154.2185,1,2.8,ml,,,,1.04,ak,ak0015p8bq42,2020-02-20T20:51:13.116Z,"96 km S of Nikolai, Alaska",earthquake,,2.9,,,reviewed,ak,ak
2001-05-04T08:59:45.400Z,-32.702,-73.161,17.5,3.8,md,8,,,,us,usp000aedt,2014-11-07T01:12:44.328Z,"148 km WNW of Valparaíso, Chile",earthquake,,,,,reviewed,guc,guc
2001-05-04T08:31:43.270Z,35.154,-92.2103333,4.09,2.7,md,22,165,0.3934,0.39,nm,nm64825,2018-07-12T13:37:20.204Z,"4 km S of Enola, Arkansas",earthquake,4.2,1.4,0.058,3,reviewed,nm,nm
2001-05-04T08:22:13.020Z,37.5393333,-118.8141667,4.375,3.17,ml,38,109,0.05225,0.03,nc,nc21161937,2017-01-01T11:23:44.560Z,"California-Nevada border region",earthquake,0.23,0.52,,2,reviewed,nc,nc
2001-05-04T07:29:21.050Z,1.28,126.287,46,4.8,mb,48,,,1.14,us,usp000aedp,2014-11-07T01:12:44.303Z,"133 km WNW of Ternate, Indonesia",earthquake,,20.8,,16,reviewed,us,us
2001-05-04T06:52:38.000Z,-32.589,-70.035,120.3,3.1,md,4,,,,us,usp000aedm,2014-11-07T01:12:44.298Z,"59 km ENE of Los Andes, Chile",earthquake,,,,,reviewed,guc,guc
2001-05-04T06:42:12.640Z,35.2426667,-92.2938333,7.74,4.3,mw,34,151,,0.27,nm,nm604823,2022-07-13T02:19:00.293Z,"8 km NNW of Holland, Arkansas",earthquake,2.3,2.7,0.956,5,reviewed,nm,nm
2001-05-04T06:26:41.750Z,34.443,74.213,33,4.3,mb,22,,,0.97,us,usp000aedj,2014-11-07T01:12:44.266Z,"28 km NNW of B?ram?la, India",earthquake,,,,3,reviewed,us,us
2001-05-04T03:59:12.700Z,-33.542,-70.547,89.1,2.5,md,5,,,,us,usp000aedh,2014-11-07T01:12:44.262Z,"8 km NNE of Puente Alto, Chile",earthquake,,,,,reviewed,guc,guc
2001-05-04T03:22:17.000Z,-34.027,-70.655,95.8,2.6,md,4,,,,us,usp000aedg,2014-11-07T01:12:44.259Z,"8 km NE of Graneros, Chile",earthquake,,,,,reviewed,guc,guc
2001-05-04T02:53:41.100Z,39.77,20.63,5,3,md,4,,,,us,usp000aedf,2014-11-07T01:12:44.257Z,"10 km SW of Asprángeloi, Greece",earthquake,,,,,reviewed,ath,ath
2001-05-04T02:52:51.040Z,-6.356,154.682,89,4.3,mb,25,,,0.96,us,usp000aede,2014-11-07T01:12:44.250Z,"88 km W of Panguna, Papua New Guinea",earthquake,,13.2,,7,reviewed,us,us
2001-05-04T02:30:12.345Z,63.4008,-151.3586,10.8,3.1,ml,,,,0.75,ak,ak0015p40cvm,2020-02-20T20:51:15.015Z,"23 km SE of Denali National Park, Alaska",earthquake,,1.4,,,reviewed,ak,ak
2001-05-04T02:24:31.000Z,-32.377,-71.591,24.7,3.9,md,10,,,,us,usp000aedc,2014-11-07T01:12:44.239Z,"34 km WNW of La Ligua, Chile",earthquake,,,,,reviewed,guc,guc
2001-05-04T02:15:53.000Z,74.08,-73.87,18,3.6,mb,6,,,,us,usp000aeda,2014-11-07T01:12:44.233Z,"Baffin Bay",earthquake,,,,2,reviewed,ott,us
2001-05-04T01:50:01.050Z,13.042,142.993,323.1,4,mb,14,,,1.36,us,usp000aed9,2014-11-07T01:12:44.229Z,"183 km W of Umatac Village, Guam",earthquake,,12.7,,3,reviewed,us,us
2001-05-04T01:19:13.630Z,12.101,143.521,33,4.5,mb,12,,,1.25,us,usp000aed7,2014-11-07T01:12:44.223Z,"179 km SW of Merizo Village, Guam",earthquake,,,,3,reviewed,us,us
2001-05-04T01:10:48.910Z,-33.508,57.296,10,5.1,mwc,50,,,1.05,us,usp000aed6,2025-12-19T22:49:18.474Z,"Southwest Indian Ridge",earthquake,,,,,reviewed,us,hrv
2001-05-04T00:34:33.644Z,59.9354,-152.8902,102,2.5,ml,,,,0.62,ak,ak0015p2ue6c,2020-02-20T20:51:15.382Z,"61 km WNW of Anchor Point, Alaska",earthquake,,1.2,,,reviewed,ak,ak
2001-05-03T23:54:55.490Z,-24.27,-69.306,81.9,4.4,mb,37,,,1.01,us,usp000aed3,2014-11-07T01:12:44.173Z,"130 km ESE of Antofagasta, Chile",earthquake,,,,18,reviewed,us,us
2001-05-03T23:44:38.650Z,44.291,7.381,10.9,3,ml,43,,,,us,usp000aed2,2014-11-07T01:12:44.155Z,"1 km NW of Valdieri, Italy",earthquake,,,,,reviewed,gen,gen
2001-05-03T23:35:27.690Z,44.632,17.517,13.7,3.9,ml,57,,,1.33,us,usp000aed1,2014-11-07T01:12:44.032Z,"7 km N of Maslovare, Bosnia and Herzegovina",earthquake,,3.3,,,reviewed,us,pdg
2001-05-03T23:17:03.100Z,5.29,127.358,33,4.7,mb,24,,,0.81,us,usp000aed0,2014-11-07T01:12:44.026Z,"176 km SE of Pondaguitan, Philippines",earthquake,,,,6,reviewed,us,us
2001-05-03T21:53:25.100Z,-46.32,96.051,10,4.2,mb,11,,,1.29,us,usp000aecz,2014-11-07T01:12:44.021Z,"southeast Indian Ridge",earthquake,,,,4,reviewed,us,us
2001-05-03T21:33:31.120Z,36.6085,-121.1775,7.032,3,ml,76,40,0.05676,0.07,nc,nc21161834,2017-01-01T11:20:02.130Z,"23 km SSE of Tres Pinos, California",earthquake,0.1,0.32,,6,reviewed,nc,nc
2001-05-03T21:24:53.870Z,46.74,-122.7923333,-0.261,2.8,md,7,167,0.09327,0.09,uw,uw10520078,2016-07-23T00:34:36.140Z,"8 km SE of Bucoda, Washington",explosion,0.81,1,0.01,3,reviewed,uw,uw
2001-05-03T21:20:04.830Z,33.099,-109.331,0,2.5,ml,5,,,0.26,rusms,rusms00002470,2022-06-09T21:12:10.534Z,"3 km NE of Morenci, Arizona",explosion,,,,,reviewed,us,us
2001-05-03T20:58:46.700Z,35.26,24.08,42,3.6,md,5,,,,us,usp000aecx,2014-11-07T01:12:44.015Z,"8 km NW of Chóra Sfakíon, Greece",earthquake,,,,,reviewed,ath,ath
2001-05-03T20:55:21.860Z,46.7068333,-122.7695,0.53,3,md,14,82,0.05899,0.12,uw,uw10520038,2016-07-23T00:34:35.470Z,"12 km SE of Bucoda, Washington",explosion,0.53,0.85,0.01,5,reviewed,uw,uw
2001-05-03T20:51:46.330Z,-16.108,-72.714,91.7,3.7,mb,6,,,0.32,us,usp000aecw,2014-11-07T01:12:44.012Z,"29 km SSW of Iray, Peru",earthquake,,11,,1,reviewed,us,us
2001-05-03T19:15:43.980Z,18.486,39.139,10,4.4,mb,21,,,1.28,us,usp000aecv,2014-11-07T01:12:44.005Z,"149 km E of Tok?r, Sudan",earthquake,,,,11,reviewed,us,us
2001-05-03T18:36:05.424Z,52.3719,-173.3609,6.8,2.7,ml,,,,0.38,ak,ak0015nq17tq,2020-02-20T20:51:16.632Z,"60 km ENE of Atka, Alaska",earthquake,,11169.3,,,reviewed,ak,ak
2001-05-03T17:14:34.051Z,61.6034,-149.948,28.6,2.5,ml,,,,0.75,ak,ak0015npb4od,2020-02-20T20:51:21.708Z,"7 km WSW of Houston, Alaska",earthquake,,0.3,,,reviewed,ak,ak
2001-05-03T16:57:58.220Z,-60.783,-24.569,33,4.4,mb,12,,,0.46,us,usp000aecu,2014-11-07T01:12:44.001Z,"South Sandwich Islands region",earthquake,,,,4,reviewed,us,us
2001-05-03T16:54:22.990Z,-12.034,166.297,33,4.5,mb,9,,,1.04,us,usp000aect,2014-11-07T01:12:43.997Z,"154 km SSE of Lata, Solomon Islands",earthquake,,,,2,reviewed,us,us
2001-05-03T16:24:23.150Z,3.937,128.126,33,5,mb,33,,,0.79,us,usp000aecs,2014-11-07T01:12:43.986Z,"244 km N of Tobelo, Indonesia",earthquake,,,,9,reviewed,us,us
2001-05-03T16:13:51.130Z,6.759,-73.012,163.1,4.8,mb,121,,,0.79,us,usp000aecr,2014-11-07T01:12:43.954Z,"4 km W of Cepitá, Colombia",earthquake,,3.5,,44,reviewed,us,us
2001-05-03T16:02:59.640Z,27.63,90.47,33,4.1,mb,19,,,1.22,us,usp000aecq,2014-11-07T01:12:43.948Z,"14 km NNW of Trongsa, Bhutan",earthquake,,,,4,reviewed,us,us
2001-05-03T15:26:36.410Z,10.115,61.23,10,4.8,mb,60,,,0.98,us,usp000aecp,2014-11-07T01:12:43.931Z,"Arabian Sea",earthquake,,,,31,reviewed,us,us
2001-05-03T15:22:31.780Z,44.305,-129.084,10,4.2,mb,40,,,1.23,us,usp000aecn,2014-11-07T01:12:43.921Z,"off the coast of Oregon",earthquake,,,,3,reviewed,us,us
2001-05-03T15:16:22.300Z,31.115,142.613,33,4.6,mb,11,,,1.15,us,usp000aecm,2014-11-07T01:12:43.916Z,"Izu Islands, Japan region",earthquake,,,,2,reviewed,us,us
2001-05-03T15:06:55.070Z,-7.26,128.643,150.3,4.8,mb,81,,,0.8,us,usp000aeck,2014-11-07T01:12:43.898Z,"228 km NE of Lospalos, Timor Leste",earthquake,,4.9,,16,reviewed,us,us
2001-05-03T14:31:04.640Z,50.166,18.977,5,2.6,m,6,,,0.76,us,usp000aech,2014-11-07T01:12:43.891Z,"Poland",earthquake,,,,,reviewed,us,war
2001-05-03T14:17:24.110Z,0.363,126.577,33,4.8,mb,18,,,1.01,us,usp000aecg,2014-11-07T01:12:43.887Z,"101 km WSW of Ternate, Indonesia",earthquake,,,,4,reviewed,us,us
2001-05-03T12:28:08.820Z,-12.267,167.012,247.8,3.8,mb,13,,,1.05,us,usp000aecf,2014-11-07T01:12:43.883Z,"187 km NNW of Sola, Vanuatu",earthquake,,30.2,,2,reviewed,us,us
2001-05-03T12:24:19.700Z,-35.901,-71.481,56.1,4,md,11,,,,us,usp000aece,2014-11-07T01:12:43.878Z,"11 km ESE of Linares, Chile",earthquake,,,,,reviewed,guc,guc
2001-05-03T12:02:03.200Z,39.85,20.46,5,2.9,md,4,,,,us,usp000aecd,2014-11-07T01:12:43.875Z,"14 km WSW of Kalpáki, Greece",earthquake,,,,,reviewed,ath,ath
2001-05-03T11:42:21.000Z,38.78,21.49,22,2.9,md,6,,,,us,usp000aecc,2014-11-07T01:12:43.872Z,"16 km NE of Neápolis, Greece",earthquake,,,,,reviewed,the,ath
2001-05-03T11:23:11.610Z,17.019,-60.153,33,4.6,mb,64,,,0.85,us,usp000aecb,2014-11-07T01:12:43.858Z,"126 km NE of Beauséjour, Guadeloupe",earthquake,,,,35,reviewed,us,us
2001-05-03T10:49:20.050Z,40.4266667,-124.9948333,13.757,3.2,md,42,247,0.5045,0.11,nc,nc21161742,2017-01-01T11:19:03.365Z,"near the coast of Northern California",earthquake,1.09,1.21,0.14,41,reviewed,nc,nc
2001-05-03T10:23:37.520Z,-19.767,-178.814,400,4.1,mb,13,,,0.6,us,usp000aec9,2014-11-07T01:12:43.851Z,"272 km SE of Levuka, Fiji",earthquake,,,,6,reviewed,us,us
2001-05-03T10:21:39.100Z,-31.814,-69.704,166,3.5,md,9,,,,us,usp000aec8,2014-11-07T01:12:43.847Z,"59 km SSW of Calingasta, Argentina",earthquake,,,,,reviewed,guc,guc
2001-05-03T10:06:14.720Z,1.855,99.046,33,4,mb,10,,,1.14,us,usp000aec6,2014-11-07T01:12:43.841Z,"32 km ENE of Sibolga, Indonesia",earthquake,,,,3,reviewed,us,us
2001-05-03T09:53:26.800Z,-34.978,-71.143,94.5,3.1,md,5,,,,us,usp000aec5,2014-11-07T01:12:43.838Z,"8 km E of Curicó, Chile",earthquake,,,,,reviewed,guc,guc
2001-05-03T09:46:35.810Z,10.946,-62.298,45,3.2,md,4,,,,us,usp000aec4,2014-11-07T01:12:43.835Z,"40 km N of Güiria, Venezuela",earthquake,,,,,reviewed,trn,trn
2001-05-03T09:39:54.610Z,36.6055,-121.178,6.014,2.58,md,66,49,0.05946,0.05,nc,nc21161738,2017-01-01T11:18:50.020Z,"24 km NNE of Soledad, CA",earthquake,0.09,0.34,0.13,80,reviewed,nc,nc
2001-05-03T09:27:29.460Z,25.51,142.734,33,4.5,mb,43,,,1.02,us,usp000aec3,2014-11-07T01:12:43.823Z,"Volcano Islands, Japan region",earthquake,,,,17,reviewed,us,us
2001-05-03T07:32:36.620Z,34.2815,-118.3981667,9.712,2.74,ml,65,33,,0.29,ci,ci9649557,2016-04-01T22:27:29.341Z,"3km WNW of Lake View Terrace, CA",earthquake,0.34,0.96,0.231,143,reviewed,ci,ci
2001-05-03T07:11:38.000Z,-41.52,173.69,52,3.9,ml,20,,,,us,usp000aec1,2014-11-07T01:12:43.815Z,"21 km W of Blenheim, New Zealand",earthquake,,,,,reviewed,wel,wel
2001-05-03T07:01:47.880Z,-23.878,-66.675,207.2,4.2,mb,14,,,1.05,us,usp000aec0,2014-11-07T01:12:43.811Z,"52 km NW of San Antonio de los Cobres, Argentina",earthquake,,9.1,,5,reviewed,us,us
2001-05-03T06:25:45.700Z,-32.609,-72.939,20.7,3.9,md,12,,,,us,usp000aebz,2014-11-07T01:12:43.806Z,"131 km WNW of Valparaíso, Chile",earthquake,,,,,reviewed,guc,guc
2001-05-03T06:10:22.490Z,40.578,36.664,10,4.2,mb,25,,,1.13,us,usp000aeby,2014-11-07T01:12:43.798Z,"12 km SE of Erbaa, Turkey",earthquake,,,,12,reviewed,us,us
2001-05-03T06:00:50.700Z,-32.055,-71.82,31.7,3.6,md,6,,,,us,usp000aebw,2014-11-07T01:12:43.792Z,"70 km NW of La Ligua, Chile",earthquake,,,,,reviewed,guc,guc
2001-05-03T05:58:30.370Z,39.553,23.805,1,2.5,ml,8,,,,us,usp000aebv,2014-11-07T01:12:43.789Z,"45 km N of Patitírion, Greece",earthquake,,,,,reviewed,the,the
2001-05-03T05:50:39.130Z,8.117,-37.986,10,4.7,mb,61,,,1,us,usp000aebu,2014-11-07T01:12:43.775Z,"central Mid-Atlantic Ridge",earthquake,,,,28,reviewed,us,us
2001-05-03T05:13:27.960Z,-7.741,124.792,33,5.3,mwc,86,,,0.94,us,usp000aebt,2022-04-29T19:23:14.194Z,"106 km NNW of Maubara, Timor Leste",earthquake,,,,,reviewed,us,hrv
2001-05-03T05:08:56.600Z,35.87,27.39,5,3.9,md,6,,,,us,usp000aebs,2014-11-07T01:12:43.752Z,"43 km NNE of Karpathos, Greece",earthquake,,,,,reviewed,ath,ath
2001-05-03T04:44:33.760Z,0.361,126.432,33,4.8,mb,19,,,0.93,us,usp000aebr,2014-11-07T01:12:43.747Z,"116 km WSW of Ternate, Indonesia",earthquake,,,,5,reviewed,us,us
2001-05-03T04:40:19.520Z,0.461,126.397,33,5.1,mb,42,,,1.04,us,usp000aebq,2014-11-07T01:12:43.738Z,"115 km WSW of Ternate, Indonesia",earthquake,,,,15,reviewed,us,us
2001-05-03T04:37:21.920Z,0.419,126.429,33,5.4,mb,56,,,1.12,us,usp000aebp,2014-11-07T01:12:43.722Z,"113 km WSW of Ternate, Indonesia",earthquake,,,,21,reviewed,us,us
2001-05-03T04:31:57.060Z,0.462,126.299,33,5.8,mwc,152,,,1.14,us,usp000aebn,2022-04-29T19:22:46.969Z,"126 km WSW of Ternate, Indonesia",earthquake,,,,,reviewed,us,hrv
2001-05-03T04:25:19.380Z,17.113,120.055,33,4.8,mb,62,,,0.98,us,usp000aebm,2014-11-07T01:12:43.646Z,"39 km WSW of Darapidap, Philippines",earthquake,,,,20,reviewed,us,us
2001-05-03T04:23:02.010Z,15.335,120.643,170.6,4.4,mb,39,,,0.61,us,usp000aebk,2014-11-07T01:12:43.637Z,"2 km E of Santo Niño, Philippines",earthquake,,11.9,,11,reviewed,us,us
2001-05-03T04:13:17.100Z,-32.815,-72.982,21.7,3.7,md,6,,,,us,usp000aebj,2014-11-07T01:12:43.617Z,"128 km WNW of Valparaíso, Chile",earthquake,,,,,reviewed,guc,guc
2001-05-03T02:35:40.780Z,36.5668333,-118.1935,4.078,2.57,ml,19,157,0.1562,0.24,ci,ci9649517,2016-04-02T04:55:59.344Z,"11km W of Lone Pine, CA",earthquake,0.91,23.42,0.609,9,reviewed,ci,ci
2001-05-03T00:15:10.900Z,16.139,-98.064,16.1,3.9,md,5,,,,us,usp000aebe,2014-11-07T01:12:43.603Z,"11 km WSW of Santa María Chico Ometepec, Mexico",earthquake,,,,,reviewed,unm,unm
2001-05-03T00:03:58.110Z,33.063,-109.379,0,2.8,ml,6,,,0.7,rusms,rusms00002469,2022-06-09T21:12:10.529Z,"2 km SW of Morenci, Arizona",explosion,,,,,reviewed,us,us
2001-05-02T23:53:15.380Z,64.6169,-149.2353,22.1,2.9,ml,,,,0.72,ak,ak0015m5kpaq,2020-02-20T20:51:28.921Z,"5 km WNW of Four Mile Road, Alaska",earthquake,,0,,,reviewed,ak,ak
2001-05-02T23:48:33.130Z,-1.325,67.441,10,4.3,mb,8,,,0.68,us,usp000aebc,2014-11-07T01:12:43.498Z,"Carlsberg Ridge",earthquake,,,,3,reviewed,us,us
2001-05-02T23:19:06.610Z,38.702,73.013,33,3.6,mb,11,,,0.79,us,usp000aeba,2014-11-07T01:12:43.272Z,"102 km NW of Murghob, Tajikistan",earthquake,,,,2,reviewed,us,us
2001-05-02T23:12:20.400Z,36.12,23.43,5,3.4,ml,6,,,,us,usp000aeb9,2014-11-07T01:12:43.269Z,"39 km E of Kýthira, Greece",earthquake,,,,,reviewed,ath,ath
2001-05-02T23:03:26.370Z,41.493,20.226,13,2.6,md,10,,,,us,usp000aeb8,2014-11-07T01:12:43.263Z,"0 km ENE of Bulqizë, Albania",earthquake,,,,,reviewed,pdg,pdg
2001-05-02T23:01:44.100Z,43.713,-105.463,0,3.1,ml,7,,,0.69,rusms,rusms00002468,2022-06-09T21:12:10.523Z,"4 km SSE of Wright, Wyoming",explosion,,,,,reviewed,us,us
2001-05-02T22:34:37.480Z,12.277,93.525,92.8,5.2,mwc,252,,,0.83,us,usp000aeb6,2025-12-19T22:54:44.925Z,"108 km NE of Port Blair, India",earthquake,,,,,reviewed,us,hrv
2001-05-02T22:16:45.520Z,32.992,-109.313,0,2.7,ml,5,,,0.18,rusms,rusms00002467,2022-06-09T21:12:10.518Z,"6 km SSW of Clifton, Arizona",explosion,,,,,reviewed,us,us
2001-05-02T22:11:50.710Z,46.7075,-122.7595,0.675,3.1,md,16,137,0.05419,0.13,uw,uw10519558,2022-06-09T21:12:10.513Z,"13 km SE of Bucoda, Washington",explosion,0.577,0.82,0.01,4,reviewed,uw,uw
2001-05-02T20:58:44.900Z,44.08,-105.444,0,2.8,ml,10,,,1.1,rusms,rusms00002465,2022-06-09T21:12:10.508Z,"16 km S of Antelope Valley-Crestview, Wyoming",explosion,,,,,reviewed,us,us
2001-05-02T20:55:36.450Z,19.1541667,-155.5876667,49.806,2.7,ml,34,115,,0.13,hv,hv1314248,2020-03-31T21:52:58.870Z,"9 km N of Naalehu, Hawaii",other event,1,1.2,0.25,6,reviewed,hv,hv
2001-05-02T20:54:44.330Z,19.117,-155.5415,47.246,2.5,ml,35,156,,0.14,hv,hv1314217,2020-03-31T21:52:58.710Z,"6 km NE of Naalehu, Hawaii",other event,0.84,1.04,0.05,10,reviewed,hv,hv
2001-05-02T20:23:28.710Z,50.231,87.591,33,3.6,mb,11,,,0.85,us,usp000aeb5,2014-11-07T01:12:43.171Z,"12 km SW of Aktash, Russia",earthquake,,,,1,reviewed,us,us
2001-05-02T20:12:24.560Z,44.246,-105.412,0,2.8,ml,7,,,0.53,rusms,rusms00002464,2022-06-09T21:12:10.503Z,"0 km NE of Sleepy Hollow, Wyoming",explosion,,,,,reviewed,us,us
2001-05-02T19:39:09.630Z,35.699,-3.658,0,2.5,mblg,14,,,,us,usp000aeb4,2014-11-07T01:12:43.159Z,"55 km NNE of Al Hoceïma, Morocco",earthquake,,,,,reviewed,mdd,mdd
2001-05-02T18:43:01.770Z,37.578,69.87,33,3.7,mb,10,,,1.18,us,usp000aeb2,2014-11-07T01:12:43.109Z,"15 km ESE of Chubek, Tajikistan",earthquake,,,,3,reviewed,us,us
2001-05-02T18:02:51.900Z,-32.755,-71.655,15.4,3.5,md,8,,,,us,usp000aeb0,2014-11-07T01:12:43.101Z,"31 km N of Valparaíso, Chile",earthquake,,,,,reviewed,guc,guc
2001-05-02T17:49:49.300Z,48.272,-1.499,2,2.5,md,7,,,,us,usp000aeaz,2014-11-07T01:12:43.097Z,"2 km NE of Ercé-près-Liffré, France",earthquake,,,,,reviewed,ldg,ldg
2001-05-02T17:15:25.439Z,64.7059,-152.1567,10,4.1,ml,,,,1.36,ak,ak0015m1rz8f,2020-02-20T20:51:23.057Z,"51 km S of Tanana, Alaska",earthquake,,0,,,reviewed,ak,ak
2001-05-02T17:11:55.000Z,36.5,25.95,19,3.6,md,5,,,,us,usp000aeax,2014-11-07T01:12:43.081Z,"36 km W of Astypálaia, Greece",earthquake,,,,,reviewed,ath,ath
2001-05-02T17:11:26.100Z,37.62,20.5,29,2.9,md,4,,,,us,usp000aeaw,2014-11-07T01:12:43.078Z,"31 km WSW of Lithakiá, Greece",earthquake,,,,,reviewed,ath,ath
2001-05-02T16:27:57.830Z,-5.916,132.317,33,4.5,mb,10,,,0.89,us,usp000aeav,2014-11-07T01:12:43.074Z,"57 km WSW of Tual, Indonesia",earthquake,,,,1,reviewed,us,us
2001-05-02T15:40:01.549Z,54.7805,-160.5089,10,3,ml,,,,0.79,ak,ak0015m0qf2y,2020-02-20T20:51:29.292Z,"61 km S of Sand Point, Alaska",earthquake,,0,,,reviewed,ak,ak
2001-05-02T15:11:16.270Z,-8.487,112.499,78,4.8,mb,47,,,1.17,us,usp000aeat,2014-11-07T01:12:43.052Z,"36 km S of Sumberpucung, Indonesia",earthquake,,,,4,reviewed,us,us
2001-05-02T14:26:01.870Z,35.383,-119.41,6.319,2.8,mc,23,113,0.2933,0.29,ci,ci9649393,2016-02-16T07:28:45.211Z,"6km ESE of Buttonwillow, California",earthquake,0.73,22.67,0.269,26,reviewed,ci,ci
2001-05-02T12:33:10.510Z,46.011,14.265,10,2.9,ml,15,,,1.01,us,usp000aeas,2014-11-07T01:12:42.960Z,"2 km WSW of Horjul, Slovenia",earthquake,,,,,reviewed,us,vie
2001-05-02T12:08:53.930Z,-28.241,-67.183,129.6,4.3,mb,36,,,0.75,us,usp000aear,2014-11-07T01:12:42.867Z,"42 km ESE of Tinogasta, Argentina",earthquake,,6,,13,reviewed,us,us
2001-05-02T11:06:48.590Z,45.56,3.18,5,2.7,ml,21,,,,us,usp000aeaq,2014-11-07T01:12:42.852Z,"5 km SE of Champeix, France",earthquake,,,,,reviewed,str,ldg
2001-05-02T09:57:14.650Z,3.577,148.489,33,5.4,mwc,154,,,0.74,us,usp000aeap,2025-12-19T22:48:12.586Z,"Federated States of Micronesia region",earthquake,,,,,reviewed,us,hrv
2001-05-02T09:13:03.000Z,36.58,-92.24,1,2.5,mblg,11,,,,us,usp000aeak,2014-11-07T01:12:42.696Z,"10 km NW of Bakersfield, Missouri",earthquake,,,,,reviewed,slm,slm
2001-05-02T09:07:56.200Z,-34.692,-71.949,15,3.4,md,5,,,,us,usp000aeaj,2014-11-07T01:12:42.693Z,"53 km W of Santa Cruz, Chile",earthquake,,,,,reviewed,guc,guc
2001-05-02T09:05:07.690Z,-62.994,151.488,10,4.8,mb,12,,,1.08,us,usp000aeah,2014-11-07T01:12:42.685Z,"Balleny Islands region",earthquake,,,,4,reviewed,us,us
2001-05-02T08:24:56.556Z,51.9011,-176.669,88.2,2.5,ml,,,,0.41,ak,ak0015lwh2mv,2020-02-20T20:51:24.715Z,"3 km NW of Adak, Alaska",earthquake,,4.4,,,reviewed,ak,ak
2001-05-02T07:05:52.070Z,13.135,-89.017,46.2,4.7,mb,76,,,1.05,us,usp000aeaf,2014-11-07T01:12:42.642Z,"40 km S of El Rosario, El Salvador",earthquake,,,,27,reviewed,us,us
2001-05-02T07:03:59.920Z,38.7856667,-122.722,1.904,2.64,md,40,37,0.01261,0.06,nc,nc21161584,2017-01-01T11:15:39.140Z,"4 km S of Cobb, California",earthquake,0.12,0.29,0.14,51,reviewed,nc,nc
2001-05-02T06:27:14.320Z,17.022,-60.107,35,3.5,md,5,,,,us,usp000aeae,2014-11-07T01:12:42.638Z,"130 km NE of Beauséjour, Guadeloupe",earthquake,,,,,reviewed,trn,trn
2001-05-02T05:48:51.000Z,49.94,-130.11,10,3.9,mb,29,,,,us,usp000aeac,2014-11-07T01:12:42.621Z,"227 km WSW of Port McNeill, Canada",earthquake,,,,7,reviewed,pgc,us
2001-05-02T05:40:23.720Z,-19.173,-177.794,600,3.9,mb,11,,,0.88,us,usp000aeab,2014-11-07T01:12:42.615Z,"Fiji region",earthquake,,,,2,reviewed,us,us
2001-05-02T05:30:17.300Z,-4.099,128.178,33,4.4,mb,11,,,1.35,us,usp000aeaa,2014-11-07T01:12:42.608Z,"44 km S of Ambon, Indonesia",earthquake,,,,3,reviewed,us,us
2001-05-02T05:28:56.400Z,-33.674,-70.482,99,2.6,md,7,,,,us,usp000aea9,2014-11-07T01:12:42.602Z,"11 km SE of Puente Alto, Chile",earthquake,,,,,reviewed,guc,guc
2001-05-02T05:13:29.420Z,-17.628,-178.909,600,4,mb,12,,,0.82,us,usp000aea7,2014-11-07T01:12:42.590Z,"194 km ENE of Levuka, Fiji",earthquake,,,,3,reviewed,us,us
2001-05-02T04:55:53.970Z,40.326,-124.6921667,15.814,4.09,ml,53,235,0.3045,0.08,nc,nc21161575,2017-03-17T16:33:58.353Z,"45 km SW of Ferndale, California",earthquake,0.64,0.36,,12,reviewed,nc,nc
2001-05-02T04:51:02.630Z,41.807,19.616,9.4,3,ml,9,,,,us,usp000aea5,2014-11-07T01:12:42.563Z,"1 km ESE of Shëngjin, Albania",earthquake,,,,,reviewed,pdg,pdg
2001-05-02T04:50:27.900Z,38.18,22.03,5,3.1,md,7,,,,us,usp000aea4,2014-11-07T01:12:42.557Z,"8 km SSW of Aígio, Greece",earthquake,,,,,reviewed,ath,ath
2001-05-02T03:30:19.230Z,57.2854,-153.6072,50.3,2.6,ml,,,,0.35,ak,ak0015ltj40z,2020-02-20T20:51:30.005Z,"20 km WNW of Old Harbor, Alaska",earthquake,,29.9,,,reviewed,ak,ak
2001-05-02T03:25:59.650Z,-15.708,-174.182,33,4.3,mb,20,,,0.91,us,usp000aea2,2014-11-07T01:12:42.539Z,"49 km WNW of Hihifo, Tonga",earthquake,,,,5,reviewed,us,us
2001-05-02T03:13:58.520Z,51.16,15.698,5,2.7,ml,8,,,0.89,us,usp000aea1,2014-11-07T01:12:42.529Z,"8 km SW of Olszanica, Poland",earthquake,,,,,reviewed,us,vie
2001-05-02T03:01:14.540Z,35.1093333,-119.1125,5.72,2.81,mc,27,65,0.4188,0.21,ci,ci9649297,2016-04-02T01:43:13.862Z,"25km SW of Lamont, CA",earthquake,0.43,18.91,0.289,51,reviewed,ci,ci
2001-05-02T02:39:37.000Z,3.289,128.173,33,4.6,mb,22,,,1.1,us,usp000ae9z,2014-11-07T01:12:42.515Z,"173 km N of Tobelo, Indonesia",earthquake,,,,3,reviewed,us,us
2001-05-02T02:29:00.881Z,51.4594,-176.3186,33.3,2.9,ml,,,,0.76,ak,ak0015lsxfag,2020-02-20T20:51:26.948Z,"51 km SSE of Adak, Alaska",earthquake,,2.9,,,reviewed,ak,ak
2001-05-02T02:06:26.880Z,49.1618333,-126.5943333,9.513,4.7,md,6,333,,0.39,uw,uw10519098,2016-07-23T00:34:27.040Z,"50 km W of Tofino, Canada",earthquake,4.637,4.63,0.03,2,reviewed,uw,uw
2001-05-02T02:05:46.000Z,49.91,-130.15,10,5.3,mwc,196,,,,us,usp000ae9y,2025-12-19T22:48:11.527Z,"231 km WSW of Port McNeill, Canada",earthquake,,,,,reviewed,pgc,hrv
2001-05-02T01:53:51.000Z,49.97,-130.11,10,3.9,mb,22,,,,us,usp000ae9x,2014-11-07T01:12:42.425Z,"226 km WSW of Port McNeill, Canada",earthquake,,,,5,reviewed,pgc,us
2001-05-02T01:18:06.000Z,-33.573,-70.833,79,2.9,md,9,,,,us,usp000ae9w,2014-11-07T01:12:42.418Z,"5 km NE of Peñaflor, Chile",earthquake,,,,,reviewed,guc,guc
2001-05-02T00:52:57.563Z,58.8125,-154.3773,112.5,3.2,ml,,,,1.05,ak,ak0015lrvlx8,2020-02-20T20:51:27.589Z,"73 km SSE of Kokhanok, Alaska",earthquake,,2.1,,,reviewed,ak,ak
2001-05-02T00:08:15.690Z,52.337,-165.959,33,4.5,mb,36,,,1.21,us,usp000ae9u,2020-02-20T20:51:28.585Z,"175 km SSE of Unalaska, Alaska",earthquake,,,,9,reviewed,us,us
2001-05-02T00:00:18.120Z,-7.245,126.84,303.8,4.1,mb,12,,,1.16,us,usp000ae9t,2014-11-07T01:12:42.378Z,"142 km N of Lospalos, Timor Leste",earthquake,,22.8,,2,reviewed,us,us
2001-05-01T23:59:28.640Z,36.0221667,-117.8935,3.433,2.67,mc,28,98,0.0145,0.18,ci,ci9649281,2016-04-02T01:43:12.290Z,"6km ESE of Coso Junction, CA",earthquake,0.47,0.36,0.348,26,reviewed,ci,ci
2001-05-01T23:44:57.170Z,80.464,120.094,10,4.5,mb,11,,,1.42,us,usp000ae9s,2014-11-07T01:12:42.372Z,"east of Severnaya Zemlya",earthquake,,,,2,reviewed,us,us
2001-05-01T23:25:10.610Z,17.066,-60.16,33,3.8,mb,17,,,0.99,us,usp000ae9r,2014-11-07T01:12:42.362Z,"128 km NE of Beauséjour, Guadeloupe",earthquake,,,,1,reviewed,us,us
2001-05-01T23:13:10.000Z,49.91,-130.15,10,3.5,mb,13,,,,us,usp000ae9p,2014-11-07T01:12:42.350Z,"231 km WSW of Port McNeill, Canada",earthquake,,,,1,reviewed,pgc,us
2001-05-01T22:52:40.770Z,43.784,147.069,86.2,4.4,mb,11,,,0.77,us,usp000ae9n,2014-11-07T01:12:42.344Z,"28 km E of Shikotan, Russia",earthquake,,20.8,,2,reviewed,us,us
2001-05-01T22:00:00.110Z,46.7043333,-122.7646667,0.227,3,md,12,138,0.05483,0.1,uw,uw10519023,2022-06-09T21:12:10.207Z,"13 km SE of Bucoda, Washington",explosion,0.472,0.76,0.01,3,reviewed,uw,uw
2001-05-01T21:05:37.020Z,12.317,144.093,33,4,mb,18,,,0.97,us,usp000ae9m,2014-11-07T01:12:42.333Z,"122 km SSW of Merizo Village, Guam",earthquake,,,,4,reviewed,us,us
2001-05-01T19:21:39.450Z,1.967,126.624,33,4.6,mb,26,,,1.22,us,usp000ae9k,2014-11-07T01:12:42.317Z,"155 km NNW of Ternate, Indonesia",earthquake,,,,9,reviewed,us,us
2001-05-01T19:14:45.800Z,7.403,-36.007,10,4.8,mb,86,,,0.84,us,usp000ae9j,2014-11-07T01:12:42.266Z,"central Mid-Atlantic Ridge",earthquake,,,,54,reviewed,us,us
2001-05-01T18:35:43.080Z,17.096,-60.088,35,3.3,md,6,,,,us,usp000ae9h,2014-11-07T01:12:42.258Z,"136 km NE of Beauséjour, Guadeloupe",earthquake,,,,,reviewed,trn,trn
2001-05-01T18:34:31.250Z,-4.464,102.019,33,4.4,mb,21,,,0.88,us,usp000ae9g,2014-11-07T01:12:42.246Z,"78 km SSW of Bengkulu, Indonesia",earthquake,,,,8,reviewed,us,us
2001-05-01T18:23:08.440Z,-41.636,85.131,10,4.3,mb,8,,,0.46,us,usp000ae9f,2014-11-07T01:12:42.241Z,"southeast Indian Ridge",earthquake,,,,2,reviewed,us,us
2001-05-01T16:44:27.050Z,17.011,-60.234,46.9,4.8,mb,98,,,0.75,us,usp000ae9e,2014-11-07T01:12:42.185Z,"118 km NE of Beauséjour, Guadeloupe",earthquake,,,,43,reviewed,us,us
2001-05-01T16:21:19.890Z,11.525,-85.892,146.1,4.3,mb,44,,,1.1,us,usp000ae9d,2014-11-07T01:12:42.160Z,"2 km N of Belén, Nicaragua",earthquake,,5.5,,15,reviewed,us,us
2001-05-01T16:11:47.140Z,-63.341,-166.625,10,4.2,mb,9,,,1,us,usp000ae9c,2014-11-07T01:12:42.154Z,"Pacific-Antarctic Ridge",earthquake,,,,3,reviewed,us,us
2001-05-01T14:18:32.460Z,15.525,120.095,33,4.5,mb,26,,,0.99,us,usp000ae9b,2014-11-07T01:12:42.140Z,"14 km ENE of San Lorenzo, Philippines",earthquake,,,,10,reviewed,us,us
2001-05-01T14:02:28.480Z,43.555,17.843,9.1,2.6,md,12,,,,us,usp000ae9a,2014-11-07T01:12:42.130Z,"10 km SW of Bijela, Bosnia and Herzegovina",earthquake,,,,,reviewed,pdg,pdg
2001-05-01T13:14:39.700Z,-31.2,179.585,550,4.4,mb,13,,,1.1,us,usp000ae99,2014-11-07T01:12:42.121Z,"Kermadec Islands region",earthquake,,,,5,reviewed,us,us
2001-05-01T13:01:38.600Z,34.138,139.258,10,4.7,mb,65,,,0.84,us,usp000ae98,2014-11-07T01:12:42.083Z,"66 km SSE of Shimoda, Japan",earthquake,,,,21,reviewed,us,us
2001-05-01T12:13:31.100Z,-32.768,-73.136,27.6,3.6,md,7,,,,us,usp000ae97,2014-11-07T01:12:42.076Z,"144 km WNW of Valparaíso, Chile",earthquake,,,,,reviewed,guc,guc
2001-05-01T11:08:20.000Z,-19.664,-175.977,219.1,4.2,mb,25,,,1.06,us,usp000ae95,2014-11-07T01:12:42.046Z,"170 km W of Pangai, Tonga",earthquake,,,,8,reviewed,us,us
2001-05-01T09:52:08.000Z,-33.783,-72.003,5.3,3.5,md,7,,,,us,usp000ae91,2014-11-07T01:12:42.018Z,"42 km WSW of San Antonio, Chile",earthquake,,,,,reviewed,guc,guc
2001-05-01T09:09:14.200Z,18.83,-68.108,25.1,3.4,md,7,,,,us,usp000ae90,2014-11-07T01:12:42.012Z,"41 km NE of Punta Cana, Dominican Republic",earthquake,,,,,reviewed,rspr,rspr
2001-05-01T07:37:27.780Z,53.042,154.33,406.6,4.5,mb,113,,,0.74,us,usp000ae8z,2014-11-07T01:12:41.919Z,"227 km NW of Ozernovskiy, Russia",earthquake,,,,51,reviewed,us,us
2001-05-01T07:07:51.620Z,34.078,-117.856,13.571,2.5,ml,73,22,,0.27,ci,ci9649073,2016-04-02T14:32:44.515Z,"3km SSW of Charter Oak, CA",earthquake,0.3,0.48,0.202,117,reviewed,ci,ci
2001-05-01T06:25:29.160Z,-24.945,-179.883,500,4.2,mb,16,,,1.07,us,usp000ae8x,2014-11-07T01:12:41.893Z,"south of the Fiji Islands",earthquake,,,,2,reviewed,us,us
2001-05-01T06:00:56.390Z,35.696,27.504,33,5.2,mwc,362,,,1.33,us,usp000ae8w,2022-04-29T19:10:31.028Z,"Dodecanese Islands, Greece",earthquake,,,,,reviewed,us,hrv
2001-05-01T05:33:18.300Z,-32.965,-73.273,30.5,3.4,md,9,,,,us,usp000ae8v,2014-11-07T01:12:41.541Z,"153 km W of Valparaíso, Chile",earthquake,,,,,reviewed,guc,guc
2001-05-01T04:54:28.050Z,-6.249,128.561,311.4,4.5,mb,14,,,1.37,us,usp000ae8u,2014-11-07T01:12:41.524Z,"285 km S of Ambon, Indonesia",earthquake,,26.8,,3,reviewed,us,us
2001-05-01T04:02:02.670Z,18.989,-67.25,29,3.3,md,8,,,,us,usp000ae8t,2014-11-07T01:12:41.515Z,"57 km NNW of San Antonio, Puerto Rico",earthquake,,,,,reviewed,rspr,rspr
2001-05-01T03:34:22.700Z,-32.81,-73.136,16.8,3.6,md,11,,,,us,usp000ae8s,2014-11-07T01:12:41.498Z,"143 km W of Valparaíso, Chile",earthquake,,,,,reviewed,guc,guc
2001-05-01T03:00:40.780Z,51.644,16.191,5,3.5,mb,46,,,1.02,us,usp000ae8r,2014-11-07T01:12:41.421Z,"5 km NNE of Gr?bocice, Poland",earthquake,,,,1,reviewed,us,us
2001-05-01T02:48:03.240Z,10.845,-62.326,69,3.5,md,6,,,,us,usp000ae8q,2014-11-07T01:12:41.409Z,"29 km N of Güiria, Venezuela",earthquake,,,,,reviewed,trn,trn
