time,latitude,longitude,depth,mag,magType,nst,gap,dmin,rms,net,id,updated,place,type,horizontalError,depthError,magError,magNst,status,locationSource,magSource
1993-10-30T23:31:43.590Z,-22.648,-13.844,10,4.5,mb,,,,1.1,us,usp00062yg,2014-11-07T00:54:16.361Z,"southern Mid-Atlantic Ridge",earthquake,,,,3,reviewed,us,us
1993-10-30T23:05:53.010Z,30.405,67.651,10,4.7,mb,,,,1.2,us,usp00062yf,2014-11-07T00:54:16.356Z,"7 km WNW of Ziarat, Pakistan",earthquake,,,,26,reviewed,us,us
1993-10-30T22:53:17.750Z,-26.916,26.732,5,2.7,ml,,,,0.7,us,usp00062ye,2014-11-07T00:54:16.354Z,"8 km SSW of Stilfontein, South Africa",earthquake,,,,,reviewed,us,pre
1993-10-30T22:21:43.010Z,63.1285,-151.4583,10.7,2.5,ml,,,,0.24,ak,ak993dxh2aal,2020-09-14T20:12:51.390Z,"47 km SSE of Denali National Park, Alaska",earthquake,,0.8,,,reviewed,ak,ak
1993-10-30T22:08:17.770Z,39.723,20.477,5.1,3.3,md,,,,0.9,us,usp00062ya,2014-11-07T00:54:16.343Z,"19 km NE of Filiátes, Greece",earthquake,,3.4,,,reviewed,us,ath
1993-10-30T21:34:22.110Z,40.304,29.337,10,2.7,ml,,,,0.3,us,usp00062y9,2014-11-07T00:54:16.341Z,"12 km SSW of Sölöz, Turkey",earthquake,,,,,reviewed,us,isk
1993-10-30T21:21:04.140Z,-6.072,145.951,11.8,4.4,mb,,,,0.8,us,usp00062y8,2014-11-07T00:54:16.339Z,"25 km NNE of Kainantu, Papua New Guinea",earthquake,,4.3,,6,reviewed,us,us
1993-10-30T20:58:00.450Z,-5.048,145.052,10,4,mb,,,,1.4,us,usp00062y6,2014-11-07T00:54:16.336Z,"83 km WNW of Madang, Papua New Guinea",earthquake,,,,2,reviewed,us,us
1993-10-30T20:44:49.640Z,61.6325,-146.565,35.7,3.1,ml,,,,0.27,ak,ak993dxg0d2c,2020-09-14T20:12:51.785Z,"41 km SSE of Nelchina, Alaska",earthquake,,1.6,,,reviewed,ak,ak
1993-10-30T20:40:00.830Z,38.352,30.46,5,3.2,ml,,,,1,us,usp00062y3,2014-11-07T00:54:16.326Z,"20 km SE of Sand?kl?, Turkey",earthquake,,,,,reviewed,us,isk
1993-10-30T20:28:38.870Z,-26.858,26.676,5,3.9,ml,,,,1.4,us,usp00062y2,2014-11-07T00:54:16.324Z,"1 km SE of Klerksdorp, South Africa",earthquake,,,,,reviewed,us,pre
1993-10-30T17:59:02.770Z,-31.704,-68.232,107.3,5.8,mw,,,,1,us,usp00062xy,2022-04-28T17:58:57.048Z,"7 km SE of Caucete, Argentina",earthquake,,,,,reviewed,us,hrv
1993-10-30T17:56:27.890Z,-5.13,154.366,33,5.2,mb,,,,1,us,usp00062xx,2014-11-07T00:54:16.285Z,"180 km NW of Arawa, Papua New Guinea",earthquake,,,,5,reviewed,us,us
1993-10-30T17:05:06.760Z,-32.198,-70.955,90,3.9,md,,,,0.3,us,usp00062xw,2014-11-07T00:54:16.284Z,"38 km NE of La Ligua, Chile",earthquake,,,,,reviewed,us,san
1993-10-30T16:31:05.100Z,63.1458,-151.5443,10.8,3.3,ml,,,,0.26,ak,ak993dxdjqwe,2020-09-14T20:12:53.313Z,"44 km SSE of Denali National Park, Alaska",earthquake,,0.8,,,reviewed,ak,ak
1993-10-30T14:44:20.990Z,61.3215,-150.209,39.5,3.2,ml,,,,0.29,ak,ak993dxcfp83,2020-09-14T20:12:53.767Z,"13 km WSW of Point MacKenzie, Alaska",earthquake,,0.7,,,reviewed,ak,ak
1993-10-30T14:26:46.770Z,44.327,-6.926,10,3,mblg,,,,0.3,us,usp00062xs,2014-11-07T00:54:16.268Z,"82 km NNE of Cervo, Spain",earthquake,,,,,reviewed,us,mdd
1993-10-30T14:04:43.490Z,-19.305,-176.231,17.4,5.7,mw,,,,1.1,us,usp00062xq,2022-04-28T17:58:55.906Z,"204 km WNW of Pangai, Tonga",earthquake,,,,,reviewed,us,hrv
1993-10-30T13:02:11.500Z,-5.885,146.008,10,3.5,mb,,,,0.3,us,usp00062xn,2014-11-07T00:54:16.242Z,"47 km NNE of Kainantu, Papua New Guinea",earthquake,,,,1,reviewed,us,us
1993-10-30T12:52:07.600Z,37.193,-3.732,10,2.7,mblg,,,,0.9,us,usp00062xm,2014-11-07T00:54:16.241Z,"1 km WNW of Santafé, Spain",earthquake,,,,,reviewed,us,mdd
1993-10-30T12:45:35.710Z,38.319,30.449,10,3.2,ml,,,,1.5,us,usp00062xk,2014-11-07T00:54:16.240Z,"22 km SE of Sand?kl?, Turkey",earthquake,,,,,reviewed,us,isk
1993-10-30T12:40:22.170Z,38.322,30.441,10,3.3,ml,,,,0.7,us,usp00062xj,2014-11-07T00:54:16.238Z,"21 km SE of Sand?kl?, Turkey",earthquake,,,,,reviewed,us,isk
1993-10-30T12:38:18.190Z,38.358,30.386,10,3.3,ml,,,,0.6,us,usp00062xh,2014-11-07T00:54:16.237Z,"15 km SE of Sand?kl?, Turkey",earthquake,,,,,reviewed,us,isk
1993-10-30T12:17:45.450Z,30.686,132.568,33,4.2,mb,,,,0.8,us,usp00062xg,2014-11-07T00:54:16.236Z,"150 km E of Nishinoomote, Japan",earthquake,,,,5,reviewed,us,us
1993-10-30T12:01:36.190Z,-32.465,-71.551,31.1,3.5,md,,,,0.5,us,usp00062xf,2014-11-07T00:54:16.234Z,"30 km W of La Ligua, Chile",earthquake,,7.5,,,reviewed,us,san
1993-10-30T11:36:39.970Z,60.4548,-147.5568,15.1,2.8,ml,,,,0.22,ak,ak993dxalq59,2020-09-14T20:12:54.273Z,"50 km NNE of Chenega, Alaska",earthquake,,1.1,,,reviewed,ak,ak
1993-10-30T11:30:00.060Z,34.014,-117.012,5.267,3.01,mc,0,328.9,0.2505,0.126,ci,ci3129879,2016-02-10T20:50:09.113Z,"4km SE of Yucaipa, California",earthquake,,,,1,reviewed,ci,ci
1993-10-30T10:41:06.100Z,38.574,24.024,17.8,3.1,ml,,,,0.9,us,usp00062xc,2014-11-07T00:54:16.225Z,"7 km W of Oxílithos, Greece",earthquake,,6.4,,,reviewed,us,ath
1993-10-30T10:25:16.510Z,59.0067,-152.3687,67.2,2.5,ml,,,,0.16,ak,ak993dx9xvur,2020-09-14T20:12:54.710Z,"46 km SSW of Nanwalek, Alaska",earthquake,,2.8,,,reviewed,ak,ak
1993-10-30T09:59:03.550Z,38.327,30.41,10,3.3,ml,,,,0.7,us,usp00062xa,2014-11-07T00:54:16.219Z,"19 km SE of Sand?kl?, Turkey",earthquake,,,,,reviewed,us,isk
1993-10-30T09:39:30.270Z,38.358,30.426,8.3,4.1,mb,,,,1.2,us,usp00062x9,2014-11-07T00:54:16.214Z,"18 km SE of Sand?kl?, Turkey",earthquake,,2.7,,7,reviewed,us,us
1993-10-30T09:17:04.910Z,38.246,30.259,10,3.6,ml,,,,0.8,us,usp00062x8,2014-11-07T00:54:16.212Z,"9 km E of K?z?lören, Turkey",earthquake,,,,,reviewed,us,isk
1993-10-30T08:50:29.110Z,-31.216,-69.049,146.7,4,md,,,,0.7,us,usp00062x7,2014-11-07T00:54:16.210Z,"37 km ENE of Calingasta, Argentina",earthquake,,16.6,,,reviewed,us,san
1993-10-30T08:30:33.970Z,15.437,121.785,38.6,5.5,mw,,,,0.9,us,usp00062x6,2022-04-28T17:58:54.700Z,"42 km E of Dingalan, Philippines",earthquake,,,,,reviewed,us,hrv
1993-10-30T06:47:20.480Z,52.628,-173.104,107.9,4.6,mb,,,,1.2,us,usp00062x4,2020-09-14T20:12:55.121Z,"88 km ENE of Atka, Alaska",earthquake,,,,18,reviewed,us,us
1993-10-30T05:12:26.380Z,-31.896,-69.842,139.3,4.2,md,,,,0.4,us,usp00062x2,2014-11-07T00:54:16.184Z,"74 km SSW of Calingasta, Argentina",earthquake,,10.9,,,reviewed,us,san
1993-10-30T05:07:30.090Z,34.64,-116.556,2.88,2.59,mc,0,110,,0.129,ci,ci2129423,2016-02-10T03:06:04.482Z,"37km WSW of Ludlow, California",earthquake,,1.189,,1,reviewed,ci,ci
1993-10-30T04:27:23.870Z,46.198,16.327,10,2.8,ml,,,,1.4,us,usp00062x1,2014-11-07T00:54:16.182Z,"1 km N of Remetinec, Croatia",earthquake,,,,,reviewed,us,zag
1993-10-30T03:44:51.270Z,61.4327,-150.3125,41.5,2.9,ml,,,,0.21,ak,ak993dx5vzwn,2020-09-14T20:12:55.357Z,"16 km SE of Susitna, Alaska",earthquake,,1,,,reviewed,ak,ak
1993-10-30T03:18:54.470Z,32.361,-115.057,5.98,2.5,mc,0,225.7,0.3802,0.405,ci,ci3129818,2016-02-10T06:39:00.236Z,"9km NNE of Guadalupe Victoria, B.C., MX",earthquake,,,,21,reviewed,ci,ci
1993-10-30T02:54:28.350Z,34.566,-116.465,4.168,2.56,mc,0,99,,0.151,ci,ci3129816,2016-02-09T23:28:32.524Z,"33km WSW of Ludlow, California",earthquake,,17.721,,114,reviewed,ci,ci
1993-10-30T02:25:56.530Z,-7.627,119.962,224.8,4.8,mb,,,,0.6,us,usp00062wz,2014-11-07T00:54:16.174Z,"96 km N of Labuan Bajo, Indonesia",earthquake,,37.5,,5,reviewed,us,us
1993-10-30T00:29:19.390Z,-22.013,170.547,106.6,5.4,mw,,,,1.4,us,usp00062wy,2025-12-19T22:51:33.378Z,"280 km E of Tadine, New Caledonia",earthquake,,12.7,,,reviewed,us,hrv
1993-10-30T00:16:07.010Z,11.249,57.597,10,4.7,mb,,,,0.7,us,usp00062wx,2014-11-07T00:54:16.166Z,"Owen Fracture Zone region",earthquake,,,,6,reviewed,us,us
1993-10-29T23:45:07.340Z,17.369,77.468,10,5,mb,,,,1.5,us,usp00062wu,2020-09-15T16:46:13.687Z,"11 km SSE of Chincholi, India",earthquake,,,,10,reviewed,us,us
1993-10-29T23:29:45.940Z,34.157,-116.431,7.307,2.6,mc,0,62.6,,0.161,ci,ci3129776,2016-02-10T17:13:08.869Z,"5km N of Yucca Valley, California",earthquake,,1.713,,86,reviewed,ci,ci
1993-10-29T23:00:06.900Z,35.927,-115.701,6,2.8,ml,,,,,us,usp00062wt,2016-02-10T06:38:55.324Z,"13 km NNW of Sandy Valley, Nevada",earthquake,,,,,reviewed,pas,pas
1993-10-29T22:25:20.190Z,60.9217,-150.1177,36.3,3.4,ml,,,,0.35,ak,ak993dvtjqwj,2020-09-14T20:12:55.843Z,"25 km W of Hope, Alaska",earthquake,,1.5,,,reviewed,ak,ak
1993-10-29T22:02:22.560Z,51.546,16.133,10,3.7,ml,,,,0.5,us,usp00062wq,2014-11-07T00:54:16.146Z,"6 km NE of Polkowice, Poland",earthquake,,,,,reviewed,us,grf
1993-10-29T21:57:03.380Z,-26.531,27.467,5,3,ml,,,,0.9,us,usp00062wp,2014-11-07T00:54:16.145Z,"5 km SSW of Fochville, South Africa",earthquake,,,,,reviewed,us,pre
1993-10-29T21:50:42.800Z,-26.389,27.467,5,2.8,ml,,,,1.1,us,usp00062wn,2014-11-07T00:54:16.143Z,"7 km ESE of Carletonville, South Africa",earthquake,,,,,reviewed,us,pre
1993-10-29T21:09:12.340Z,-7.046,131.148,108.7,4.1,mb,,,,1,us,usp00062wk,2014-11-07T00:54:16.138Z,"236 km SW of Tual, Indonesia",earthquake,,16.2,,2,reviewed,us,us
1993-10-29T21:01:58.490Z,-33.426,-70.915,72.9,3.9,md,,,,0.2,us,usp00062wj,2014-11-07T00:54:16.136Z,"15 km SSW of Lampa, Chile",earthquake,,24.1,,,reviewed,us,san
1993-10-29T18:30:08.120Z,49.119,6.921,10,2.6,ml,,,,1.1,us,usp00062wg,2014-11-07T00:54:16.131Z,"1 km WSW of Tenteling, France",earthquake,,,,,reviewed,us,str
1993-10-29T18:18:24.650Z,19.258,-155.0468333,41.756,2.59,ml,44,206,,0.12,hv,hv1006672,2020-03-31T19:02:12.890Z,"24 km SSE of Fern Forest, Hawaii",earthquake,0.94,0.6,0.23,8,reviewed,hv,hv
1993-10-29T18:15:20.630Z,32.433,-115,5.98,3.01,mc,0,247,0.3056,0.2,ci,ci3129717,2016-02-09T23:28:30.507Z,"11km SW of Hermosillo, B.C., MX",earthquake,,,,41,reviewed,ci,ci
1993-10-29T16:14:12.570Z,33.597,-115.919,10.945,2.92,ml,0,36.6,0.0891,0.231,ci,ci3129709,2016-02-09T23:28:29.070Z,"8km NNE of North Shore, California",earthquake,,0.455,,15,reviewed,ci,ci
1993-10-29T14:09:37.390Z,65.9515,-147.9312,2.1,3,ml,,,,0.28,ak,ak993dvoovxn,2020-09-14T20:12:56.697Z,"51 km SSW of Beaver, Alaska",earthquake,,3.4,,,reviewed,ak,ak
1993-10-29T13:20:32.530Z,42.536,23.968,10,2.8,ml,,,,0.7,us,usp00062w9,2014-11-07T00:54:16.118Z,"14 km SSW of Chavdar, Bulgaria",earthquake,,,,,reviewed,us,the
1993-10-29T11:53:33.020Z,38.163,-118.197,5,4.1,ml,,,,0.6,us,usp00062w4,2016-02-10T06:38:51.690Z,"26 km SSW of Mina, Nevada",earthquake,,,,,reviewed,us,brk
1993-10-29T11:11:11.560Z,-31.739,-71.806,10.5,4.1,md,,,,0.7,us,usp00062w2,2014-11-07T00:54:16.102Z,"61 km W of Illapel, Chile",earthquake,,3.9,,,reviewed,us,san
1993-10-29T10:20:41.090Z,39.142,27.592,10,2.7,ml,,,,0.1,us,usp00062w1,2014-11-07T00:54:16.101Z,"5 km SSW of Soma, Turkey",earthquake,,,,,reviewed,us,isk
1993-10-29T09:45:38.270Z,42.343,-122.0668333,2.297,2.8,md,13,130,,0.21,uw,uw10342458,2016-07-23T23:42:26.970Z,"26 km WNW of Klamath Falls, Oregon",earthquake,0.802,0.93,0.05,5,reviewed,uw,uw
1993-10-29T09:42:04.680Z,39.07,27.867,10,2.8,ml,,,,0.9,us,usp00062vy,2014-11-07T00:54:16.096Z,"16 km N of Akhisar, Turkey",earthquake,,,,,reviewed,us,isk
1993-10-29T09:22:13.670Z,-5.631,145.923,10,5.3,mw,,,,0.9,us,usp00062vx,2022-04-28T17:58:53.616Z,"47 km SSE of Madang, Papua New Guinea",earthquake,,,,,reviewed,us,hrv
1993-10-29T09:11:34.590Z,33.19,-115.609,6.409,3.1,ml,0,37,,0.325,ci,ci3129681,2016-02-10T17:13:03.218Z,"10km WSW of Niland, California",earthquake,,2.668,,35,reviewed,ci,ci
1993-10-29T08:53:29.360Z,-26.369,27.493,5,3,ml,,,,0.9,us,usp00062vv,2014-11-07T00:54:16.077Z,"9 km E of Carletonville, South Africa",earthquake,,,,,reviewed,us,pre
1993-10-29T08:18:07.760Z,63.4272,-151.069,15.4,3.7,ml,,,,0.33,ak,ak993dvl65go,2020-09-14T20:12:57.353Z,"34 km ESE of Denali National Park, Alaska",earthquake,,0.4,,,reviewed,ak,ak
1993-10-29T04:49:24.240Z,39.802,25.743,10,3,ml,,,,0.4,us,usp00062vn,2014-11-07T00:54:16.063Z,"28 km W of Bozcaada, Turkey",earthquake,,,,,reviewed,us,isk
1993-10-29T04:24:44.880Z,37.738,29.547,10,3.2,ml,,,,0.5,us,usp00062vm,2014-11-07T00:54:16.062Z,"11 km SSW of Bozkurt, Turkey",earthquake,,,,,reviewed,us,isk
1993-10-29T04:09:05.610Z,51.509,-178.184,34,5.8,mwb,,,,1,us,usp00062vk,2022-04-28T17:58:52.392Z,"114 km WSW of Adak, Alaska",earthquake,,,,,reviewed,us,us
1993-10-29T02:49:04.950Z,40.624,22.492,10,2.7,ml,,,,1.1,us,usp00062vg,2014-11-07T00:54:15.996Z,"1 km SW of Lianovérgi, Greece",earthquake,,,,,reviewed,us,the
1993-10-29T02:45:57.630Z,58.2597,-151.6768,-0.8,3,ml,,,,0.34,ak,ak993dvhrg0j,2020-09-14T20:12:58.080Z,"61 km NE of Ouzinkie, Alaska",earthquake,,1.9,,,reviewed,ak,ak
1993-10-29T01:45:01.990Z,60.849,-151.6158,78,2.6,ml,,,,0.23,ak,ak993dvh5w47,2020-09-14T20:12:58.490Z,"25 km NW of Nikiski, Alaska",earthquake,,1.2,,,reviewed,ak,ak
1993-10-29T01:43:47.560Z,-10.247,160.949,52,5.1,mb,,,,0.9,us,usp00062vd,2014-11-07T00:54:15.981Z,"108 km WNW of Kirakira, Solomon Islands",earthquake,,8.9,,15,reviewed,us,us
1993-10-29T00:41:41.750Z,36.234,77.735,147.8,4.8,mb,,,,0.9,us,usp00062vb,2014-11-07T00:54:15.973Z,"148 km SW of Zangguy, China",earthquake,,,,40,reviewed,us,us
1993-10-29T00:08:31.400Z,-6.798,-75.888,133.5,4.5,mb,,,,1.2,us,usp00062va,2014-11-07T00:54:15.970Z,"37 km SE of Chazuta, Peru",earthquake,,24.4,,7,reviewed,us,us
1993-10-28T23:51:27.370Z,36.16,-118.031,-1.828,2.54,mc,0,125.8,,0.215,ci,ci3129636,2016-02-09T23:28:23.913Z,"14km S of Olancha, California",earthquake,,0.628,,52,reviewed,ci,ci
1993-10-28T23:07:00.420Z,39.413,19.663,10,3.2,md,,,,1.5,us,usp00062v9,2014-11-07T00:54:15.968Z,"20 km WSW of Ágios Matthaíos, Greece",earthquake,,,,,reviewed,us,ath
1993-10-28T23:00:51.210Z,38.316,21.951,10,3.5,mb,,,,1,us,usp00062v8,2014-11-07T00:54:15.965Z,"4 km WNW of Kamárai, Greece",earthquake,,,,1,reviewed,us,us
1993-10-28T22:39:26.900Z,39.325,19.285,5,3.4,md,,,,0.9,us,usp00062v7,2014-11-07T00:54:15.963Z,"54 km WSW of Ágios Matthaíos, Greece",earthquake,,,,,reviewed,us,ath
1993-10-28T21:48:20.530Z,52.215,-168.028,33,4,mb,,,,1.4,us,usp00062v5,2014-11-07T00:54:15.935Z,"98 km SE of Nikolski, Alaska",earthquake,,,,5,reviewed,us,us
1993-10-28T20:07:26.490Z,19.1933333,-155.6483333,5.455,2.62,ml,46,105,,0.14,hv,hv1006558,2020-03-31T19:02:11.890Z,"14 km NNW of Wai‘?hinu, Hawaii",earthquake,0.29,0.71,0.18,13,reviewed,hv,hv
1993-10-28T19:49:48.110Z,49.165,6.924,10,2.6,ml,,,,1.3,us,usp00062v3,2014-11-07T00:54:15.932Z,"1 km SE of Œting, France",earthquake,,,,,reviewed,us,str
1993-10-28T19:22:54.960Z,63.2823,-151.1537,12.9,4.1,ml,,,,0.52,ak,ak993du47j4o,2020-09-14T20:12:59.601Z,"40 km SE of Denali National Park, Alaska",earthquake,,0.5,,,reviewed,ak,ak
1993-10-28T18:22:06.130Z,38.898,26.943,10,3,ml,,,,0.1,us,usp00062v0,2014-11-07T00:54:15.921Z,"4 km S of Çandarl?, Turkey",earthquake,,,,,reviewed,us,isk
1993-10-28T16:19:37.570Z,-32.92,-71.635,10,3.6,md,,,,1.4,us,usp00062uv,2014-11-07T00:54:15.914Z,"12 km N of Valparaíso, Chile",earthquake,,,,,reviewed,us,san
1993-10-28T16:04:35.320Z,-26.379,27.423,5,3.1,ml,,,,0.5,us,usp00062uu,2014-11-07T00:54:15.913Z,"3 km SE of Carletonville, South Africa",earthquake,,,,,reviewed,us,pre
1993-10-28T15:01:37.900Z,0.108,-16.833,10,4.7,mb,,,,0.9,us,usp00062us,2014-11-07T00:54:15.909Z,"north of Ascension Island",earthquake,,,,5,reviewed,us,us
1993-10-28T15:00:02.000Z,-26.442,27.431,5,3.1,ml,,,,0.8,us,usp00062ur,2014-11-07T00:54:15.908Z,"8 km NW of Fochville, South Africa",earthquake,,,,,reviewed,us,pre
1993-10-28T14:17:14.770Z,-5.934,146.111,10,3.7,mb,,,,1,us,usp00062uq,2014-11-07T00:54:15.907Z,"47 km NE of Kainantu, Papua New Guinea",earthquake,,,,1,reviewed,us,us
1993-10-28T12:58:05.650Z,13.774,144.04,96.2,4.4,mb,,,,1.5,us,usp00062up,2014-11-07T00:54:15.905Z,"78 km WNW of Piti Village, Guam",earthquake,,19.8,,4,reviewed,us,us
1993-10-28T11:57:49.110Z,41.23,29.063,5,2.8,ml,,,,0.6,us,usp00062um,2014-11-07T00:54:15.901Z,"4 km E of Ar?köy, Turkey",earthquake,,,,,reviewed,us,isk
1993-10-28T11:56:45.360Z,-26.339,27.478,5,3.7,ml,,,,0.8,us,usp00062uk,2014-11-07T00:54:15.898Z,"8 km ENE of Carletonville, South Africa",earthquake,,,,,reviewed,us,pre
1993-10-28T11:13:57.490Z,34.39,26.203,46.6,4.6,mb,,,,1.1,us,usp00062uh,2014-11-07T00:54:15.892Z,"80 km SSE of Ierápetra, Greece",earthquake,,8.3,,12,reviewed,us,us
1993-10-28T10:00:57.250Z,-32.703,-71.585,33,3.2,md,,,,1,us,usp00062ug,2014-11-07T00:54:15.889Z,"35 km WNW of Hacienda La Calera, Chile",earthquake,,,,,reviewed,us,san
1993-10-28T09:59:29.390Z,31.982,-115.405,5.962,2.64,mc,0,266.6,0.7189,0.468,ci,ci3129547,2016-02-09T23:28:14.262Z,"35km SW of Alberto Oviedo Mota, B.C., MX",earthquake,,,,33,reviewed,ci,ci
1993-10-28T09:56:42.450Z,14.361,-93.257,59.6,4.5,mb,,,,1.2,us,usp00062uf,2014-11-07T00:54:15.887Z,"98 km WSW of Puerto Madero, Mexico",earthquake,,13.4,,1,reviewed,us,us
1993-10-28T09:50:06.310Z,-6.879,128.785,182.2,5.1,mb,,,,1.1,us,usp00062ue,2014-11-07T00:54:15.880Z,"268 km NE of Lospalos, Timor Leste",earthquake,,7.3,,26,reviewed,us,us
1993-10-28T09:26:30.140Z,-5.771,145.79,10,4.1,mb,,,,1.3,us,usp00062ud,2014-11-07T00:54:15.878Z,"56 km NE of Goroka, Papua New Guinea",earthquake,,,,2,reviewed,us,us
1993-10-28T09:12:41.730Z,-31.395,-69.175,117.5,4.5,md,,,,1.1,us,usp00062uc,2014-11-07T00:54:15.875Z,"24 km ESE of Calingasta, Argentina",earthquake,,11.9,,,reviewed,us,san
1993-10-28T09:09:18.620Z,14.713,-93.79,38,4.6,mb,,,,1.1,us,usp00062ub,2014-11-07T00:54:15.871Z,"105 km SW of La Esperanza (El Zapotal), Mexico",earthquake,,7.8,,7,reviewed,us,us
1993-10-28T08:47:54.090Z,-5.872,145.902,10,3.6,mb,,,,1.3,us,usp00062ua,2014-11-07T00:54:15.869Z,"46 km N of Kainantu, Papua New Guinea",earthquake,,,,2,reviewed,us,us
1993-10-28T07:56:36.000Z,59.5255,-153.0708,101.9,2.6,ml,,,,0.1,ak,ak993dtx9kr4,2020-09-14T20:13:00.786Z,"65 km ESE of Pedro Bay, Alaska",earthquake,,4.1,,,reviewed,ak,ak
1993-10-28T07:40:17.140Z,14.394,-92.612,63.8,4.4,mb,,,,1.2,us,usp00062u8,2014-11-07T00:54:15.863Z,"41 km SSW of Puerto Madero, Mexico",earthquake,,10.5,,1,reviewed,us,us
1993-10-28T07:28:12.930Z,38.22,22.764,10,3,ml,,,,0.8,us,usp00062u7,2014-11-07T00:54:15.861Z,"14 km S of Kyriáki, Greece",earthquake,,,,,reviewed,us,ath
1993-10-28T07:04:50.560Z,-16.187,168.122,30.4,4.4,mb,,,,0.4,us,usp00062u6,2014-11-07T00:54:15.860Z,"76 km E of Lakatoro, Vanuatu",earthquake,,13.3,,4,reviewed,us,us
1993-10-28T06:49:37.010Z,-5.812,145.979,10,4.4,mb,,,,0.9,us,usp00062u5,2014-11-07T00:54:15.858Z,"54 km NNE of Kainantu, Papua New Guinea",earthquake,,,,1,reviewed,us,us
1993-10-28T06:15:22.580Z,67.792,10.321,10,3.1,md,,,,0.7,us,usp00062u4,2014-11-07T00:54:15.856Z,"101 km W of Sørland, Norway",earthquake,,,,,reviewed,us,ber
1993-10-28T06:06:46.510Z,41.41,-126.211,7.9,3.8,ml,,,,,us,usp00062u3,2016-12-21T02:28:48.024Z,"171 km WSW of Crescent City, California",earthquake,,,,,reviewed,nc,gs$
1993-10-28T06:06:16.910Z,32.057,116.554,33,3.2,ml,,,,1.4,us,usp00062u2,2014-11-07T00:54:15.850Z,"29 km ENE of Wuyang, China",earthquake,,,,,reviewed,us,bji
1993-10-28T06:01:26.810Z,-5.722,145.956,10,4.9,mb,,,,1.1,us,usp00062u1,2014-11-07T00:54:15.845Z,"58 km SSE of Madang, Papua New Guinea",earthquake,,,,11,reviewed,us,us
1993-10-28T05:37:55.040Z,-6.982,129.531,113.7,4.9,mb,,,,1.3,us,usp00062u0,2014-11-07T00:54:15.841Z,"Banda Sea",earthquake,,12.9,,8,reviewed,us,us
1993-10-28T05:33:53.800Z,35.882,21.501,33,3.7,md,,,,0.8,us,usp00062tz,2014-11-07T00:54:15.838Z,"105 km S of Methóni, Greece",earthquake,,,,,reviewed,us,ath
1993-10-28T05:09:57.270Z,-5.875,145.986,10,4,mb,,,,1.1,us,usp00062ty,2014-11-07T00:54:15.837Z,"47 km NNE of Kainantu, Papua New Guinea",earthquake,,,,2,reviewed,us,us
1993-10-28T04:29:27.850Z,11.659,-87.77,31.1,4.9,mb,,,,1,us,usp00062tw,2014-11-07T00:54:15.812Z,"111 km SW of Corinto, Nicaragua",earthquake,,,,24,reviewed,us,us
1993-10-28T03:04:47.660Z,-5.931,145.976,10,4.2,mb,,,,1.1,us,usp00062tu,2014-11-07T00:54:15.809Z,"41 km NNE of Kainantu, Papua New Guinea",earthquake,,,,2,reviewed,us,us
1993-10-28T02:53:17.130Z,-46.706,-93.729,10,5.5,mb,,,,1.1,us,usp00062tt,2014-11-07T00:54:15.804Z,"southern Pacific Ocean",earthquake,,,,16,reviewed,us,us
1993-10-28T01:52:06.510Z,41.604,142.024,67.3,5.4,mw,,,,1.1,us,usp00062ts,2025-12-19T22:51:23.472Z,"75 km ENE of Mutsu, Japan",earthquake,,,,,reviewed,us,hrv
1993-10-28T00:09:07.960Z,35.23,-118.077,7.144,3.56,ml,0,20.6,,0.168,ci,ci3129478,2016-02-10T17:12:55.928Z,"14km NW of California City, California",earthquake,,0.956,,56,reviewed,ci,ci
1993-10-27T22:54:38.490Z,-5.838,145.945,10,3.4,mb,,,,0.3,us,usp00062tp,2014-11-07T00:54:15.774Z,"50 km N of Kainantu, Papua New Guinea",earthquake,,,,1,reviewed,us,us
1993-10-27T22:53:48.140Z,38.203,30.181,5,3.5,ml,,,,1,us,usp00062tn,2014-11-07T00:54:15.773Z,"6 km SSE of K?z?lören, Turkey",earthquake,,,,,reviewed,us,isk
1993-10-27T22:49:41.620Z,19.7093333,-155.0413333,-0.018,2.56,md,8,198,,0.11,hv,hv1006433,2020-03-31T19:02:10.050Z,"5 km ESE of Hilo, Hawaii",quarry blast,0.59,1.05,,1,reviewed,hv,hv
1993-10-27T22:38:43.860Z,-6.473,146.737,100.5,4.2,mb,,,,0.6,us,usp00062tm,2014-11-07T00:54:15.772Z,"39 km NW of Lae, Papua New Guinea",earthquake,,10,,1,reviewed,us,us
1993-10-27T22:22:20.410Z,-4.79,144.695,113.9,4.8,mb,,,,0.5,us,usp00062tj,2014-11-07T00:54:15.769Z,"106 km SE of Angoram, Papua New Guinea",earthquake,,21.8,,1,reviewed,us,us
1993-10-27T21:40:06.100Z,-32.386,-71.307,33,4,md,,,,0.8,us,usp00062th,2014-11-07T00:54:15.767Z,"10 km NW of La Ligua, Chile",earthquake,,,,,reviewed,us,san
1993-10-27T21:21:42.540Z,60.5413,-151.1947,49,3,ml,,,,0.31,ak,ak993dshut66,2020-09-14T20:13:03.745Z,"3 km ESE of Kenai, Alaska",earthquake,,1.1,,,reviewed,ak,ak
1993-10-27T21:16:48.950Z,-18.279,-177.874,616.9,5.8,mw,,,,1,us,usp00062tf,2022-04-28T17:58:51.309Z,"298 km E of Levuka, Fiji",earthquake,,3.8,,,reviewed,us,hrv
1993-10-27T18:30:20.600Z,-5.587,145.944,10,4,mb,,,,1.2,us,usp00062te,2014-11-07T00:54:15.732Z,"44 km SSE of Madang, Papua New Guinea",earthquake,,,,2,reviewed,us,us
1993-10-27T17:57:14.900Z,-5.952,145.997,10,3.6,mb,,,,0.4,us,usp00062td,2014-11-07T00:54:15.730Z,"39 km NNE of Kainantu, Papua New Guinea",earthquake,,,,1,reviewed,us,us
1993-10-27T17:51:36.870Z,-23.222,-70.78,51.8,4.8,mb,,,,1.5,us,usp00062tc,2014-11-07T00:54:15.725Z,"61 km NW of Antofagasta, Chile",earthquake,,13.4,,11,reviewed,us,us
1993-10-27T16:39:29.300Z,-5.979,145.839,10,3.5,mb,,,,1,us,usp00062t8,2014-11-07T00:54:15.719Z,"34 km N of Kainantu, Papua New Guinea",earthquake,,,,1,reviewed,us,us
1993-10-27T16:03:48.060Z,-45.319,166.858,33,4.7,mb,,,,0.9,us,usp00062t6,2014-11-07T00:54:15.715Z,"68 km W of Te Anau, New Zealand",earthquake,,,,1,reviewed,us,us
1993-10-27T15:43:00.950Z,-5.862,145.822,10,4.3,ml,,,,0.6,us,usp00062t4,2014-11-07T00:54:15.713Z,"47 km N of Kainantu, Papua New Guinea",earthquake,,,,,reviewed,us,pmg
1993-10-27T15:10:39.270Z,15.137,-88.89,33,4.5,ml,,,,0.6,us,usp00062t3,2014-11-07T00:54:15.711Z,"9 km N of San Joaquín, Honduras",earthquake,,,,,reviewed,us,gcg
1993-10-27T15:06:39.660Z,58.6623,-154.352,-1.2,3.2,ml,,,,0.33,ak,ak993dse6zku,2020-09-14T20:13:07.481Z,"89 km SSE of Kokhanok, Alaska",earthquake,,0.9,,,reviewed,ak,ak
1993-10-27T14:44:47.830Z,-26.865,26.733,5,2.6,ml,,,,1.1,us,usp00062t1,2014-11-07T00:54:15.704Z,"4 km WSW of Stilfontein, South Africa",earthquake,,,,,reviewed,us,pre
1993-10-27T14:08:56.660Z,39.271,27.725,10,2.7,ml,,,,0.7,us,usp00062t0,2014-11-07T00:54:15.703Z,"13 km NE of Soma, Turkey",earthquake,,,,,reviewed,us,isk
1993-10-27T14:03:03.930Z,42.637,18.869,10,3,ml,,,,1.1,us,usp00062sz,2014-11-07T00:54:15.700Z,"16 km SSW of Nikši?, Montenegro",earthquake,,,,,reviewed,us,tir
1993-10-27T13:27:11.330Z,42.712,24.159,5,3.1,ml,,,,0.7,us,usp00062sy,2014-11-07T00:54:15.698Z,"2 km ESE of Zlatitsa, Bulgaria",earthquake,,,,,reviewed,us,the
1993-10-27T13:26:38.280Z,63.2737,-151.0555,11.3,2.5,ml,,,,0.21,ak,ak993dsd4el0,2020-09-14T20:13:07.899Z,"44 km SE of Denali National Park, Alaska",earthquake,,0.7,,,reviewed,ak,ak
1993-10-27T12:15:07.440Z,39.159,27.466,10,2.7,ml,,,,0.4,us,usp00062sw,2014-11-07T00:54:15.692Z,"10 km NE of K?n?k, Turkey",earthquake,,,,,reviewed,us,isk
1993-10-27T11:45:45.470Z,-5.973,145.998,10,4.2,mb,,,,0.9,us,usp00062sv,2014-11-07T00:54:15.690Z,"37 km NNE of Kainantu, Papua New Guinea",earthquake,,,,3,reviewed,us,us
1993-10-27T10:45:46.850Z,-5.823,145.918,10,3.9,mb,,,,0.3,us,usp00062st,2014-11-07T00:54:15.688Z,"51 km N of Kainantu, Papua New Guinea",earthquake,,,,1,reviewed,us,us
1993-10-27T10:26:39.080Z,39.266,27.752,10,2.8,ml,,,,0.1,us,usp00062ss,2014-11-07T00:54:15.687Z,"15 km NE of Soma, Turkey",earthquake,,,,,reviewed,us,isk
1993-10-27T10:09:21.310Z,39.124,27.566,10,2.7,ml,,,,1.2,us,usp00062sr,2014-11-07T00:54:15.686Z,"7 km SSW of Soma, Turkey",earthquake,,,,,reviewed,us,isk
1993-10-27T10:08:28.490Z,39.221,27.618,10,2.7,ml,,,,0.5,us,usp00062sq,2014-11-07T00:54:15.685Z,"4 km N of Soma, Turkey",earthquake,,,,,reviewed,us,isk
1993-10-27T09:51:38.910Z,34.145,-116.418,1.198,2.77,ml,0,134.7,,0.171,ci,ci3129389,2016-02-10T10:15:13.720Z,"4km NNE of Yucca Valley, California",earthquake,,0.621,,26,reviewed,ci,ci
1993-10-27T09:07:01.090Z,-5.833,145.89,10,4.2,mb,,,,0.7,us,usp00062sk,2014-11-07T00:54:15.679Z,"50 km N of Kainantu, Papua New Guinea",earthquake,,,,3,reviewed,us,us
1993-10-27T08:44:41.110Z,59.8852,-152.4662,76.3,2.8,ml,,,,0.25,ak,ak993dsa93nz,2020-09-14T20:13:09.870Z,"37 km WNW of Anchor Point, Alaska",earthquake,,1.2,,,reviewed,ak,ak
1993-10-27T08:15:18.840Z,38.898,26.654,5,3.4,ml,,,,1,us,usp00062sf,2014-11-07T00:54:15.669Z,"20 km SSE of Loutrá, Greece",earthquake,,,,,reviewed,us,isk
1993-10-27T08:00:05.920Z,-5.788,145.768,10,3.9,mb,,,,0.6,us,usp00062se,2014-11-07T00:54:15.668Z,"53 km NE of Goroka, Papua New Guinea",earthquake,,,,1,reviewed,us,us
1993-10-27T07:48:48.100Z,37.461,21.108,5,3.5,md,,,,0.6,us,usp00062sd,2014-11-07T00:54:15.666Z,"37 km SE of Lithakiá, Greece",earthquake,,,,,reviewed,us,ath
1993-10-27T07:31:54.680Z,-5.767,145.835,10,3.6,mb,,,,0.7,us,usp00062sb,2014-11-07T00:54:15.663Z,"57 km N of Kainantu, Papua New Guinea",earthquake,,,,2,reviewed,us,us
1993-10-27T07:18:47.340Z,6.946,125.653,45.6,5.2,mw,,,,1.1,us,usp00062sa,2022-04-28T17:58:49.894Z,"13 km W of San Remigio, Philippines",earthquake,,,,,reviewed,us,hrv
1993-10-27T06:37:01.030Z,-5.904,146.061,10,3.5,mb,,,,1,us,usp00062s7,2014-11-07T00:54:15.646Z,"47 km NNE of Kainantu, Papua New Guinea",earthquake,,,,1,reviewed,us,us
1993-10-27T05:57:44.870Z,39.846,26.619,10,3.1,ml,,,,0.5,us,usp00062s6,2014-11-07T00:54:15.645Z,"24 km ENE of Ezine, Turkey",earthquake,,,,,reviewed,us,isk
1993-10-27T05:45:28.920Z,33.524,-116.572,5.501,2.56,ml,0,29.6,,0.193,ci,ci3129379,2016-02-10T17:12:48.689Z,"10km ESE of Anza, California",earthquake,,,,20,reviewed,ci,ci
1993-10-27T05:37:37.220Z,-5.805,145.852,10,4.9,mb,,,,1.3,us,usp00062s4,2014-11-07T00:54:15.635Z,"53 km N of Kainantu, Papua New Guinea",earthquake,,,,15,reviewed,us,us
1993-10-27T04:53:27.720Z,52.845,160.176,67.5,5.1,mb,,,,1,us,usp00062s2,2014-11-07T00:54:15.617Z,"104 km ESE of Petropavlovsk-Kamchatsky, Russia",earthquake,,7.3,,53,reviewed,us,us
1993-10-27T03:49:38.550Z,38.744,27.332,10,2.8,ml,,,,0.3,us,usp00062s1,2014-11-07T00:54:15.616Z,"16 km NNW of Manisa, Turkey",earthquake,,,,,reviewed,us,isk
1993-10-27T00:41:55.340Z,40.3371667,-111.9293333,4.06,2.74,md,40,51,0.1709,0.33,uu,uu50077630,2018-08-28T05:00:47.440Z,"2 km WSW of Saratoga Springs, Utah",earthquake,0.61,1.14,,12,reviewed,uu,uu
1993-10-27T00:15:38.830Z,-5.717,145.988,10,4.5,mb,,,,1,us,usp00062ry,2014-11-07T00:54:15.608Z,"59 km SSE of Madang, Papua New Guinea",earthquake,,,,6,reviewed,us,us
1993-10-26T23:49:02.120Z,60.4418,-152.4193,105.9,2.8,ml,,,,0.35,ak,ak993dqvo8tg,2020-09-14T20:13:11.058Z,"60 km NW of Ninilchik, Alaska",earthquake,,1.3,,,reviewed,ak,ak
1993-10-26T23:43:13.840Z,-36.155,178.122,227.4,3.1,mb,,,,1.5,us,usp00062rw,2014-11-07T00:54:15.601Z,"218 km NNE of Opotiki, New Zealand",earthquake,,17,,1,reviewed,us,us
1993-10-26T22:04:18.560Z,38.8283333,-122.3796667,-0.436,2.51,md,17,71,0.05766,0.07,nc,nc30033365,2016-12-21T02:23:14.037Z,"15 km E of Hidden Valley Lake, California",quarry blast,0.25,0.86,0.09,16,reviewed,nc,nc
1993-10-26T21:48:34.660Z,-20.458,179.719,524.5,4.1,mb,,,,1.2,us,usp00062rs,2014-11-07T00:54:15.594Z,"268 km S of Levuka, Fiji",earthquake,,20.5,,2,reviewed,us,us
1993-10-26T21:09:19.450Z,-5.848,146.138,10,4.1,mb,,,,0.8,us,usp00062rr,2014-11-07T00:54:15.592Z,"57 km NNE of Kainantu, Papua New Guinea",earthquake,,,,2,reviewed,us,us
1993-10-26T20:25:03.850Z,37.225,70.192,10,4.5,mb,,,,1.1,us,usp00062rp,2014-11-07T00:54:15.589Z,"33 km ENE of Rust?q, Afghanistan",earthquake,,,,5,reviewed,us,us
1993-10-26T20:21:03.680Z,-5.805,145.827,10,3.8,mb,,,,0.4,us,usp00062rn,2014-11-07T00:54:15.588Z,"53 km N of Kainantu, Papua New Guinea",earthquake,,,,2,reviewed,us,us
1993-10-26T19:03:55.920Z,-31.156,-178.115,33,4.7,mb,,,,0.4,us,usp00062rm,2014-11-07T00:54:15.586Z,"Kermadec Islands region",earthquake,,,,2,reviewed,us,us
1993-10-26T18:47:27.510Z,42.021,25.24,10,3.3,ml,,,,1.1,us,usp00062rk,2014-11-07T00:54:15.585Z,"8 km SSE of Parvomay, Bulgaria",earthquake,,,,,reviewed,us,the
1993-10-26T17:27:06.170Z,-28.002,26.834,5,3.1,ml,,,,0.6,us,usp00062rh,2014-11-07T00:54:15.581Z,"10 km ESE of Welkom, South Africa",earthquake,,,,,reviewed,us,pre
1993-10-26T15:55:28.670Z,36.805,-4.556,30.8,3.4,mblg,,,,1,us,usp00062rf,2014-11-07T00:54:15.578Z,"2 km SSW of Almogía, Spain",earthquake,,7.7,,,reviewed,us,mdd
1993-10-26T15:03:54.730Z,-17.477,-178.942,516.6,4.8,mb,,,,0.7,us,usp00062re,2014-11-07T00:54:15.576Z,"195 km ENE of Levuka, Fiji",earthquake,,14.5,,9,reviewed,us,us
1993-10-26T14:52:51.160Z,39.268,27.724,10,3,ml,,,,0.3,us,usp00062rd,2014-11-07T00:54:15.574Z,"13 km NE of Soma, Turkey",earthquake,,,,,reviewed,us,isk
1993-10-26T14:12:58.440Z,-5.824,145.794,10,3.3,mb,,,,0.4,us,usp00062r9,2014-11-07T00:54:15.568Z,"51 km N of Kainantu, Papua New Guinea",earthquake,,,,1,reviewed,us,us
1993-10-26T13:57:36.870Z,32.316,-115.077,5.98,3.01,mc,0,229.1,0.4134,0.356,ci,ci2128842,2016-02-10T06:38:29.010Z,"4km NE of Guadalupe Victoria, B.C., MX",earthquake,,,,41,reviewed,ci,ci
1993-10-26T13:57:25.240Z,32.332,-115.059,5.98,2.77,mc,0,230.7,0.4052,0.344,ci,ci3129243,2016-02-10T03:05:32.109Z,"7km NE of Guadalupe Victoria, B.C., MX",earthquake,,,,40,reviewed,ci,ci
1993-10-26T12:54:17.190Z,36.638,-11.588,10,3,mblg,,,,0.7,us,usp00062r7,2014-11-07T00:54:15.564Z,"239 km W of Sagres, Portugal",earthquake,,,,,reviewed,us,mdd
1993-10-26T12:53:45.090Z,-24.375,-179.244,558.4,4.8,mb,,,,0.5,us,usp00062r6,2014-11-07T00:54:15.561Z,"south of the Fiji Islands",earthquake,,22.2,,10,reviewed,us,us
1993-10-26T12:13:46.630Z,-6.27,145.067,10,3.2,mb,,,,0.4,us,usp00062r5,2014-11-07T00:54:15.559Z,"29 km SSE of Kundiawa, Papua New Guinea",earthquake,,,,2,reviewed,us,us
1993-10-26T12:13:15.990Z,40.2473333,-122.785,11.839,2.51,md,15,61,0.1018,0.17,nc,nc30033337,2016-12-21T02:21:37.900Z,"41 km NW of Rancho Tehama Reserve, California",earthquake,0.38,0.52,0.13,31,reviewed,nc,nc
1993-10-26T11:38:21.960Z,38.477,98.655,8.1,5.9,mb,,,,1,us,usp00062r4,2022-04-28T17:58:44.044Z,"141 km S of Jiuquan, China",earthquake,,,,150,reviewed,us,us
1993-10-26T11:06:23.900Z,38.369,21.097,5,3.5,ml,,,,0.8,us,usp00062r2,2014-11-07T00:54:15.502Z,"14 km WSW of Katochí, Greece",earthquake,,,,,reviewed,us,ath
1993-10-26T10:52:46.980Z,-5.801,146.007,10,3.5,mb,,,,0.5,us,usp00062r1,2014-11-07T00:54:15.501Z,"56 km NNE of Kainantu, Papua New Guinea",earthquake,,,,1,reviewed,us,us
1993-10-26T10:37:42.410Z,33.194,-115.566,3.858,2.8,mh,0,48.2,0.06295,0.262,ci,ci3129226,2016-02-10T03:05:26.559Z,"7km SW of Niland, California",earthquake,,0.104,,0,reviewed,ci,ci
1993-10-26T10:34:47.450Z,39.674,29.475,10,2.7,ml,,,,0.3,us,usp00062qy,2014-11-07T00:54:15.496Z,"14 km N of Tav?anl?, Turkey",earthquake,,,,,reviewed,us,isk
1993-10-26T10:21:26.590Z,44.309,7.308,10,2.7,ml,,,,0.4,us,usp00062qx,2014-11-07T00:54:15.494Z,"1 km SE of Demonte, Italy",earthquake,,,,,reviewed,us,ldg
1993-10-26T10:11:26.270Z,-5.855,145.831,10,3.7,mb,,,,1,us,usp00062qw,2014-11-07T00:54:15.492Z,"48 km N of Kainantu, Papua New Guinea",earthquake,,,,2,reviewed,us,us
1993-10-26T09:35:55.040Z,41.429,29.32,10,3.1,ml,,,,0.2,us,usp00062qt,2014-11-07T00:54:15.487Z,"34 km NE of Ar?köy, Turkey",earthquake,,,,,reviewed,us,isk
1993-10-26T09:28:10.170Z,39.205,27.719,10,2.8,ml,,,,0.7,us,usp00062qr,2014-11-07T00:54:15.485Z,"9 km ENE of Soma, Turkey",earthquake,,,,,reviewed,us,isk
1993-10-26T09:24:07.360Z,34.947,-116.652,4.948,4.02,ml,0,87,,0.229,ci,ci3129223,2016-02-10T06:38:26.569Z,"34km E of Barstow, California",earthquake,,,,56,reviewed,ci,ci
1993-10-26T09:19:16.590Z,-5.622,133.785,33,4.9,mb,,,,0.9,us,usp00062qp,2014-11-07T00:54:15.476Z,"114 km E of Tual, Indonesia",earthquake,,,,13,reviewed,us,us
1993-10-26T09:16:19.070Z,39.691,29.481,5,2.8,ml,,,,0.6,us,usp00062qn,2014-11-07T00:54:15.474Z,"16 km SW of Domaniç, Turkey",earthquake,,,,,reviewed,us,isk
1993-10-26T09:13:35.380Z,39.148,27.593,10,2.8,ml,,,,0.8,us,usp00062qm,2014-11-07T00:54:15.473Z,"4 km SSW of Soma, Turkey",earthquake,,,,,reviewed,us,isk
1993-10-26T09:11:10.500Z,-5.881,146.029,10,3.6,mb,,,,0.7,us,usp00062qk,2014-11-07T00:54:15.472Z,"48 km NNE of Kainantu, Papua New Guinea",earthquake,,,,1,reviewed,us,us
1993-10-26T08:49:37.180Z,39.109,27.698,33,2.8,ml,,,,0.1,us,usp00062qh,2014-11-07T00:54:15.470Z,"2 km E of K?rka?aç, Turkey",earthquake,,,,,reviewed,us,isk
1993-10-26T07:43:13.080Z,-5.859,145.788,10,3.7,mb,,,,0.7,us,usp00062qf,2014-11-07T00:54:15.467Z,"48 km N of Kainantu, Papua New Guinea",earthquake,,,,1,reviewed,us,us
1993-10-26T07:17:04.780Z,13.801,120.715,125.6,5.1,mb,,,,0.9,us,usp00062qd,2014-11-07T00:54:15.458Z,"5 km SSE of Hukay, Philippines",earthquake,,,,47,reviewed,us,us
1993-10-26T07:09:31.530Z,-5.898,146.089,10,3.4,mb,,,,0.6,us,usp00062qc,2014-11-07T00:54:15.457Z,"49 km NNE of Kainantu, Papua New Guinea",earthquake,,,,1,reviewed,us,us
1993-10-26T07:02:00.170Z,-37.357,179.261,33,3.4,mb,,,,1.2,us,usp00062qb,2014-11-07T00:54:15.455Z,"181 km NE of Gisborne, New Zealand",earthquake,,,,1,reviewed,us,us
1993-10-26T05:06:33.430Z,37.9141667,-122.2811667,6.269,2.67,md,78,38,0.05495,0.06,nc,nc30033314,2016-12-21T02:20:01.880Z,"0 km N of Kensington, California",earthquake,0.08,0.2,0.13,111,reviewed,nc,nc
1993-10-26T05:05:04.620Z,-32.502,-71.634,33,3.8,md,,,,1,us,usp00062q8,2014-11-07T00:54:15.449Z,"38 km W of La Ligua, Chile",earthquake,,,,,reviewed,us,san
1993-10-26T04:51:44.230Z,34.929,-116.928,-1.058,2.84,ml,0,60.5,,0.179,ci,ci2128772,2016-02-09T23:27:56.710Z,"9km ENE of Barstow, California",earthquake,,0.457,,44,reviewed,ci,ci
1993-10-26T04:34:44.230Z,-26.203,27.443,5,4.3,ml,,,,0.7,us,usp00062q6,2014-11-07T00:54:15.443Z,"18 km NNE of Carletonville, South Africa",earthquake,,,,,reviewed,us,pre
1993-10-26T04:30:28.110Z,32.324,-115.062,5.98,2.64,mc,0,232,0.4113,0.28,ci,ci2128868,2016-02-10T10:15:05.247Z,"6km NE of Guadalupe Victoria, B.C., MX",earthquake,,,,9,reviewed,ci,ci
1993-10-26T04:28:37.840Z,32.249,-114.97,5.962,3,mh,0,246.9,0.4654,0.264,ci,ci2128862,2016-02-10T03:05:20.214Z,"7km NNE of Estacion Coahuila, B.C., MX",earthquake,,,,0,reviewed,ci,ci
1993-10-26T04:28:30.480Z,32.305,-115.064,5.98,2.5,mh,0,231.1,0.4278,0.416,ci,ci3129169,2016-02-10T10:15:04.013Z,"4km ENE of Guadalupe Victoria, B.C., MX",earthquake,,,,0,reviewed,ci,ci
1993-10-26T04:28:13.240Z,-7.401,128.42,125.4,4.4,mb,,,,1.1,us,usp00062q4,2014-11-07T00:54:15.439Z,"199 km NE of Lospalos, Timor Leste",earthquake,,18.8,,4,reviewed,us,us
1993-10-26T03:57:52.320Z,59.2372,-153.6803,109.5,3,ml,,,,0.2,ak,ak993dqjtebk,2020-09-14T20:13:13.962Z,"58 km SE of Pope-Vannoy Landing, Alaska",earthquake,,1.7,,,reviewed,ak,ak
1993-10-26T02:47:25.430Z,-5.895,145.841,10,4,mb,,,,1,us,usp00062pz,2014-11-07T00:54:15.427Z,"43 km N of Kainantu, Papua New Guinea",earthquake,,,,4,reviewed,us,us
1993-10-26T02:17:47.200Z,36.1353333,-120.182,9.01,2.55,md,43,106,0.09459,0.04,nc,nc30033309,2016-12-21T02:19:37.480Z,"10 km SW of Huron, California",earthquake,0.15,0.3,0.08,47,reviewed,nc,nc
1993-10-26T02:15:33.780Z,39.454,26.389,5,3,ml,,,,0.4,us,usp00062pw,2014-11-07T00:54:15.423Z,"6 km SE of Behram, Turkey",earthquake,,,,,reviewed,us,isk
1993-10-26T02:01:27.110Z,-5.717,145.997,10,3.8,mb,,,,0.2,us,usp00062pv,2014-11-07T00:54:15.422Z,"59 km SSE of Madang, Papua New Guinea",earthquake,,,,2,reviewed,us,us
1993-10-26T01:21:19.300Z,-25.318,-179.415,485.2,4.3,mb,,,,1,us,usp00062pu,2014-11-07T00:54:15.420Z,"south of the Fiji Islands",earthquake,,33.8,,5,reviewed,us,us
1993-10-26T00:21:04.450Z,-5.856,146.002,10,3.6,mb,,,,0.6,us,usp00062pt,2014-11-07T00:54:15.419Z,"50 km NNE of Kainantu, Papua New Guinea",earthquake,,,,1,reviewed,us,us
1993-10-25T23:58:05.220Z,-5.892,145.986,10,4.2,mb,,,,1,us,usp00062ps,2014-11-07T00:54:15.417Z,"45 km NNE of Kainantu, Papua New Guinea",earthquake,,,,3,reviewed,us,us
1993-10-25T23:41:24.910Z,63.0605,-150.6687,118.6,3.5,ml,,,,0.18,ak,ak993dp838cr,2020-09-14T20:13:15.409Z,"63 km N of Petersville, Alaska",earthquake,,1.8,,,reviewed,ak,ak
1993-10-25T22:53:03.280Z,-5.886,146.039,10,3.9,mb,,,,1.5,us,usp00062pq,2014-11-07T00:54:15.409Z,"48 km NNE of Kainantu, Papua New Guinea",earthquake,,,,2,reviewed,us,us
1993-10-25T22:23:47.810Z,61.0268,-147.534,29.3,4.6,ml,,,,0.29,ak,ak993dp7dzml,2020-09-14T20:13:15.883Z,"49 km WNW of Tatitlek, Alaska",earthquake,,1.1,,,reviewed,ak,ak
1993-10-25T22:00:08.230Z,10.559,-62.092,10,3.1,md,,,,1,us,usp00062pn,2014-11-07T00:54:15.398Z,"22 km E of Güiria, Venezuela",earthquake,,,,,reviewed,us,trn
1993-10-25T21:30:15.710Z,-33.164,-71.383,51.3,4.4,md,,,,1.2,us,usp00062pj,2014-11-07T00:54:15.381Z,"13 km S of Villa Alemana, Chile",earthquake,,14.5,,,reviewed,us,san
1993-10-25T21:15:17.370Z,59.4175,-152.9667,86.7,3.3,ml,,,,0.2,ak,ak993dp6qry1,2020-09-14T20:13:16.496Z,"59 km W of Nanwalek, Alaska",earthquake,,1.5,,,reviewed,ak,ak
1993-10-25T20:58:50.550Z,30.752,-116.4545,5.094,3.45,md,7,345,1.915,0.66,ci,ci3129129,2016-02-11T00:30:12.934Z,"108km S of Maneadero, B.C., MX",earthquake,19.13,31.61,,3,reviewed,ci,ci
1993-10-25T20:41:28.790Z,-5.874,145.879,10,4.7,mb,,,,0.9,us,usp00062pd,2014-11-07T00:54:15.368Z,"45 km N of Kainantu, Papua New Guinea",earthquake,,,,11,reviewed,us,us
1993-10-25T19:49:04.520Z,19.1595,-155.3098333,36.953,2.71,ml,47,187,,0.1,hv,hv1006181,2020-03-31T19:02:08.480Z,"18 km ESE of P?hala, Hawaii",earthquake,0.6,0.72,0.08,7,reviewed,hv,hv
1993-10-25T19:45:28.920Z,19.1645,-155.3138333,38.243,3.28,ml,50,184,,0.1,hv,hv1006180,2020-03-31T19:02:08.300Z,"17 km ESE of P?hala, Hawaii",earthquake,0.61,0.76,0.14,8,reviewed,hv,hv
1993-10-25T19:35:21.580Z,-37.801,-179.739,33,4.2,mb,,,,1.5,us,usp00062pc,2014-11-07T00:54:15.365Z,"219 km ENE of Gisborne, New Zealand",earthquake,,,,3,reviewed,us,us
1993-10-25T19:04:25.930Z,40.801,29.968,5,3,ml,,,,0.8,us,usp00062pb,2014-11-07T00:54:15.363Z,"5 km NE of ?zmit, Turkey",earthquake,,,,,reviewed,us,isk
1993-10-25T18:44:07.140Z,-5.945,146.083,10,3.6,mb,,,,0.5,us,usp00062p9,2014-11-07T00:54:15.361Z,"44 km NNE of Kainantu, Papua New Guinea",earthquake,,,,2,reviewed,us,us
1993-10-25T18:42:00.370Z,50.963,2.776,10,2.6,ml,,,,0.6,us,usp00062p8,2014-11-07T00:54:15.359Z,"1 km NNW of Reninge, Belgium",earthquake,,,,,reviewed,us,ldg
1993-10-25T18:00:06.350Z,-16.508,-175.727,388.6,4.2,mb,,,,0.7,us,usp00062p7,2014-11-07T00:54:15.358Z,"215 km WSW of Hihifo, Tonga",earthquake,,8.6,,3,reviewed,us,us
1993-10-25T17:30:08.500Z,-22.098,169.964,33,4.2,mb,,,,1.2,us,usp00062p6,2014-11-07T00:54:15.356Z,"223 km ESE of Tadine, New Caledonia",earthquake,,,,2,reviewed,us,us
1993-10-25T17:20:13.430Z,10.915,126.533,94.6,4.6,mb,,,,0.9,us,usp00062p5,2014-11-07T00:54:15.354Z,"77 km E of Sulangan, Philippines",earthquake,,17.5,,7,reviewed,us,us
1993-10-25T16:59:22.380Z,-5.888,145.974,10,4,mb,,,,0.6,us,usp00062p4,2014-11-07T00:54:15.353Z,"45 km NNE of Kainantu, Papua New Guinea",earthquake,,,,2,reviewed,us,us
1993-10-25T15:54:09.440Z,-5.911,146.078,10,3.7,mb,,,,0.1,us,usp00062p2,2014-11-07T00:54:15.351Z,"47 km NNE of Kainantu, Papua New Guinea",earthquake,,,,1,reviewed,us,us
1993-10-25T15:49:34.350Z,-5.833,145.824,10,3.7,mb,,,,0.4,us,usp00062p1,2014-11-07T00:54:15.349Z,"50 km N of Kainantu, Papua New Guinea",earthquake,,,,1,reviewed,us,us
1993-10-25T15:14:32.150Z,-5.928,146.137,10,4.1,mb,,,,1.3,us,usp00062nz,2014-11-07T00:54:15.347Z,"49 km NE of Kainantu, Papua New Guinea",earthquake,,,,1,reviewed,us,us
1993-10-25T15:07:59.450Z,-5.92,146.092,10,3.9,mb,,,,1.4,us,usp00062ny,2014-11-07T00:54:15.346Z,"47 km NNE of Kainantu, Papua New Guinea",earthquake,,,,2,reviewed,us,us
1993-10-25T15:01:00.230Z,39.566,30.229,10,2.6,ml,,,,0.7,us,usp00062nx,2014-11-07T00:54:15.344Z,"26 km NE of Kütahya, Turkey",earthquake,,,,,reviewed,us,isk
1993-10-25T14:51:17.960Z,39.66,29.459,5,2.7,ml,,,,0.1,us,usp00062nw,2014-11-07T00:54:15.343Z,"13 km NNW of Tav?anl?, Turkey",earthquake,,,,,reviewed,us,isk
1993-10-25T14:46:10.710Z,-5.929,145.878,10,3.8,mb,,,,0.9,us,usp00062nv,2014-11-07T00:54:15.342Z,"39 km N of Kainantu, Papua New Guinea",earthquake,,,,2,reviewed,us,us
1993-10-25T14:33:19.970Z,41.336,49.478,33,4.7,mb,,,,1.2,us,usp00062nu,2014-11-07T00:54:15.335Z,"39 km NE of Gilgilçay, Azerbaijan",earthquake,,,,29,reviewed,us,us
1993-10-25T14:30:12.970Z,-5.813,145.822,20.9,5.1,mb,,,,1.1,us,usp00062nt,2014-11-07T00:54:15.329Z,"52 km N of Kainantu, Papua New Guinea",earthquake,,,,20,reviewed,us,us
1993-10-25T14:21:35.960Z,-5.821,146.078,10,3.8,mb,,,,1.2,us,usp00062ns,2014-11-07T00:54:15.328Z,"56 km NNE of Kainantu, Papua New Guinea",earthquake,,,,1,reviewed,us,us
1993-10-25T14:12:24.400Z,40.213,28.781,10,2.7,ml,,,,0.1,us,usp00062nr,2014-11-07T00:54:15.327Z,"19 km SSW of Mudanya, Turkey",earthquake,,,,,reviewed,us,isk
1993-10-25T14:11:25.620Z,-5.884,145.915,10,3.9,mb,,,,0.3,us,usp00062nq,2014-11-07T00:54:15.325Z,"45 km N of Kainantu, Papua New Guinea",earthquake,,,,2,reviewed,us,us
1993-10-25T13:53:32.720Z,-5.929,145.966,20,4.8,mb,,,,1.2,us,usp00062np,2014-11-07T00:54:15.320Z,"41 km NNE of Kainantu, Papua New Guinea",earthquake,,,,15,reviewed,us,us
1993-10-25T13:45:24.030Z,32.339,-115.069,5.98,2.56,mc,0,225.7,0.3952,0.464,ci,ci3129077,2016-02-10T03:05:13.035Z,"7km NNE of Guadalupe Victoria, B.C., MX",earthquake,,,,30,reviewed,ci,ci
1993-10-25T13:31:57.140Z,-5.894,146.059,10,3.7,mb,,,,0.7,us,usp00062nn,2014-11-07T00:54:15.319Z,"48 km NNE of Kainantu, Papua New Guinea",earthquake,,,,2,reviewed,us,us
1993-10-25T13:15:02.780Z,-5.975,145.95,10,4,mb,,,,1,us,usp00062nm,2014-11-07T00:54:15.317Z,"35 km NNE of Kainantu, Papua New Guinea",earthquake,,,,2,reviewed,us,us
1993-10-25T12:53:05.350Z,-5.841,146.003,10,3.9,mb,,,,0.2,us,usp00062nk,2014-11-07T00:54:15.316Z,"51 km NNE of Kainantu, Papua New Guinea",earthquake,,,,2,reviewed,us,us
1993-10-25T12:18:01.230Z,-5.965,146.008,22,4.9,mb,,,,1.2,us,usp00062nj,2014-11-07T00:54:15.310Z,"39 km NNE of Kainantu, Papua New Guinea",earthquake,,5.5,,24,reviewed,us,us
1993-10-25T12:15:08.480Z,41.788,27.516,5,3,ml,,,,0.6,us,usp00062nh,2014-11-07T00:54:15.309Z,"10 km ENE of Üsküp, Turkey",earthquake,,,,,reviewed,us,isk
1993-10-25T12:02:39.280Z,39.565,28.548,10,3.4,ml,,,,0.8,us,usp00062ng,2014-11-07T00:54:15.307Z,"7 km WSW of Dursunbey, Turkey",earthquake,,,,,reviewed,us,isk
1993-10-25T11:59:48.030Z,-5.858,146.016,26.5,6.1,ms,,,,1.2,us,usp00062nf,2022-04-28T17:58:42.902Z,"50 km NNE of Kainantu, Papua New Guinea",earthquake,,,,3,reviewed,us,us
1993-10-25T11:30:08.810Z,-5.761,146.152,10,4.5,mb,,,,1.6,us,usp00062nd,2014-11-07T00:54:15.289Z,"66 km NNE of Kainantu, Papua New Guinea",earthquake,,,,4,reviewed,us,us
1993-10-25T11:16:55.430Z,-5.929,145.982,10,4.1,mb,,,,0.6,us,usp00062nc,2014-11-07T00:54:15.288Z,"41 km NNE of Kainantu, Papua New Guinea",earthquake,,,,2,reviewed,us,us
1993-10-25T11:15:43.520Z,-33.493,-70.848,69.4,3.7,md,,,,0.4,us,usp00062nb,2014-11-07T00:54:15.286Z,"12 km WSW of Lo Prado, Chile",earthquake,,30.4,,,reviewed,us,san
1993-10-25T11:02:56.830Z,33.008,-116.571,13.394,2.52,ml,0,62.2,,0.282,ci,ci3129058,2016-02-09T23:27:44.055Z,"8km SSE of Julian, California",earthquake,,0.295,,6,reviewed,ci,ci
1993-10-25T10:53:12.280Z,10.939,125.685,94.5,4.7,mb,,,,1.4,us,usp00062n9,2014-11-07T00:54:15.282Z,"10 km SSW of Guiuan, Philippines",earthquake,,11.3,,2,reviewed,us,us
1993-10-25T10:41:32.200Z,39.166,27.558,10,2.7,ml,,,,0.5,us,usp00062n8,2014-11-07T00:54:15.272Z,"4 km WSW of Soma, Turkey",earthquake,,,,,reviewed,us,isk
1993-10-25T10:27:04.510Z,-5.909,145.99,30.4,6.7,mwb,,,,1.2,us,usp00062n7,2022-04-28T17:58:41.832Z,"44 km NNE of Kainantu, Papua New Guinea",earthquake,,,,,reviewed,us,us
1993-10-25T10:20:33.350Z,-5.838,146.031,10,4.8,mb,,,,1.1,us,usp00062n6,2014-11-07T00:54:15.213Z,"53 km NNE of Kainantu, Papua New Guinea",earthquake,,,,8,reviewed,us,us
1993-10-25T10:17:22.360Z,39.66,29.471,10,2.6,ml,,,,1,us,usp00062n5,2014-11-07T00:54:15.212Z,"13 km N of Tav?anl?, Turkey",earthquake,,,,,reviewed,us,isk
1993-10-25T10:07:11.580Z,-5.882,145.933,18.1,5.9,mw,,,,1,us,usp00062n4,2022-04-28T17:58:40.659Z,"45 km N of Kainantu, Papua New Guinea",earthquake,,,,,reviewed,us,hrv
1993-10-25T10:05:48.620Z,-5.916,146.057,10,3.8,mb,,,,1,us,usp00062n3,2014-11-07T00:54:15.179Z,"46 km NNE of Kainantu, Papua New Guinea",earthquake,,,,2,reviewed,us,us
1993-10-25T09:46:24.590Z,-32.085,-71.632,40,3.8,md,,,,0.3,us,usp00062mz,2014-11-07T00:54:15.173Z,"55 km NW of La Ligua, Chile",earthquake,,,,,reviewed,us,san
1993-10-25T09:38:58.740Z,40.283,27.859,10,2.7,ml,,,,0.9,us,usp00062my,2014-11-07T00:54:15.172Z,"12 km SW of Band?rma, Turkey",earthquake,,,,,reviewed,us,isk
1993-10-25T09:13:26.720Z,39.202,27.543,10,2.7,ml,,,,0.3,us,usp00062mx,2014-11-07T00:54:15.171Z,"6 km WNW of Soma, Turkey",earthquake,,,,,reviewed,us,isk
1993-10-25T09:09:27.430Z,40.322,29.369,10,2.7,ml,,,,0.9,us,usp00062mw,2014-11-07T00:54:15.170Z,"9 km SSW of Sölöz, Turkey",earthquake,,,,,reviewed,us,isk
1993-10-25T08:42:37.850Z,34.961,-116.977,4.706,2.79,mc,0,132.1,,0.224,ci,ci3129049,2016-02-10T20:49:17.714Z,"8km NNE of Barstow, California",earthquake,,,,92,reviewed,ci,ci
1993-10-25T08:39:19.830Z,-7.851,130.128,33,5.3,mw,,,,1.1,us,usp00062mu,2022-04-28T17:58:39.452Z,"Pulau Pulau Tanimbar, Indonesia",earthquake,,,,,reviewed,us,hrv
1993-10-25T07:30:23.090Z,35.713,140.695,65.1,4.1,mb,,,,0.9,us,usp00062ms,2014-11-07T00:54:15.149Z,"4 km E of Asahi, Japan",earthquake,,21,,3,reviewed,us,us
1993-10-25T06:44:50.300Z,60.0308,-152.0732,81.4,3.1,ml,,,,0.28,ak,ak993doxzk6e,2020-09-14T20:13:18.548Z,"21 km WNW of Happy Valley, Alaska",earthquake,,1.1,,,reviewed,ak,ak
1993-10-25T06:44:25.960Z,-5.455,135.735,33,3.9,mb,,,,1.2,us,usp00062mq,2014-11-07T00:54:15.138Z,"233 km S of Nabire, Indonesia",earthquake,,,,2,reviewed,us,us
1993-10-25T05:19:16.570Z,41.337,139.348,32,4.4,mb,,,,1,us,usp00062mn,2014-11-07T00:54:15.134Z,"103 km WNW of Shimokizukuri, Japan",earthquake,,5.4,,5,reviewed,us,us
1993-10-25T05:08:49.400Z,-44.735,167.303,10,4.7,ml,,,,0.7,us,usp00062mm,2014-11-07T00:54:15.132Z,"82 km NNW of Te Anau, New Zealand",earthquake,,,,,reviewed,us,wel
1993-10-25T04:34:09.570Z,43.81,16.935,33,3.4,md,,,,0.6,us,usp00062mj,2014-11-07T00:54:15.127Z,"2 km NNW of Zabriš?e, Bosnia and Herzegovina",earthquake,,,,,reviewed,us,tri
1993-10-25T03:30:05.380Z,63.4253,-149.6298,5.8,3,ml,,,,0.25,ak,ak993dow45ve,2020-09-14T20:13:19.128Z,"34 km W of Cantwell, Alaska",earthquake,,0.7,,,reviewed,ak,ak
1993-10-25T02:18:56.980Z,-34.521,179.854,327.5,4.8,mb,,,,1.2,us,usp00062md,2014-11-07T00:54:15.112Z,"south of the Kermadec Islands",earthquake,,10.6,,3,reviewed,us,us
1993-10-25T02:16:39.560Z,-6.999,129.25,16.6,5,mb,,,,1.3,us,usp00062mc,2014-11-07T00:54:15.109Z,"Banda Sea",earthquake,,13,,10,reviewed,us,us
1993-10-25T01:29:38.250Z,72.218,-0.977,10,4.5,mb,,,,0.9,us,usp00062m9,2014-11-07T00:54:15.101Z,"Jan Mayen Island region",earthquake,,,,14,reviewed,us,us
1993-10-25T00:38:37.060Z,26.647,127.69,45.2,5.1,mb,,,,1,us,usp00062m8,2014-11-07T00:54:15.090Z,"28 km NNW of Ishikawa, Japan",earthquake,,,,58,reviewed,us,us
1993-10-25T00:18:49.430Z,34.941,-116.791,1.944,3.58,ml,0,75.2,,0.215,ci,ci3129007,2016-02-10T06:38:05.707Z,"22km ENE of Barstow, California",earthquake,,0.774,,55,reviewed,ci,ci
1993-10-25T00:16:04.130Z,40.686,-1.576,10,3.1,ml,,,,1.3,us,usp00062m6,2014-11-07T00:54:15.082Z,"2 km NE of Tordesilos, Spain",earthquake,,,,,reviewed,us,ldg
1993-10-24T22:49:35.630Z,-5.736,146.07,10,4.7,mb,,,,0.9,us,usp00062m5,2014-11-07T00:54:15.077Z,"64 km SSE of Madang, Papua New Guinea",earthquake,,,,12,reviewed,us,us
1993-10-24T20:31:56.640Z,-3.502,126.428,33,5,mb,,,,1.1,us,usp00062m0,2014-11-07T00:54:15.064Z,"196 km W of Ambon, Indonesia",earthquake,,,,20,reviewed,us,us
1993-10-24T20:12:37.040Z,39.512,27.926,5,3.2,ml,,,,0.7,us,usp00062ky,2014-11-07T00:54:15.061Z,"15 km SSE of Bal?kesir, Turkey",earthquake,,,,,reviewed,us,isk
1993-10-24T20:02:21.880Z,32.34,-115.056,5.98,2.58,mc,0,225.9,0.3992,0.414,ci,ci3128966,2016-02-09T23:27:33.711Z,"8km NE of Guadalupe Victoria, B.C., MX",earthquake,,,,29,reviewed,ci,ci
1993-10-24T18:25:45.370Z,60.0905,-151.782,47.1,2.5,ml,,,,0.36,ak,ak993dnhhbyh,2020-09-14T20:13:20.316Z,"7 km NW of Ninilchik, Alaska",earthquake,,0.9,,,reviewed,ak,ak
1993-10-24T18:16:32.090Z,-41.955,173.728,77.1,3.7,mb,,,,1.1,us,usp00062kt,2014-11-07T00:54:15.049Z,"52 km SSW of Blenheim, New Zealand",earthquake,,8.6,,1,reviewed,us,us
1993-10-24T18:03:50.290Z,23.236,121.686,37.6,4.5,mb,,,,1.1,us,usp00062ks,2014-11-07T00:54:15.043Z,"82 km S of Hualien City, Taiwan",earthquake,,8.1,,28,reviewed,us,us
1993-10-24T17:49:56.280Z,19.677,-70.381,33,4,mb,,,,1.1,us,usp00062kr,2014-11-07T00:54:15.041Z,"8 km ENE of Jamao al Norte, Dominican Republic",earthquake,,,,1,reviewed,us,us
1993-10-24T16:55:47.320Z,-41.389,172.206,33,4.3,ml,,,,1,us,usp00062kq,2014-11-07T00:54:15.039Z,"64 km NE of Westport, New Zealand",earthquake,,,,,reviewed,us,wel
1993-10-24T16:48:37.400Z,32.32,-115.065,5.98,2.82,mc,0,228.9,0.4139,0.376,ci,ci3128952,2016-02-10T17:12:22.369Z,"5km NE of Guadalupe Victoria, B.C., MX",earthquake,,,,38,reviewed,ci,ci
1993-10-24T16:21:08.490Z,35.168,26.64,41.7,4.3,mb,,,,1.3,us,usp00062kn,2014-11-07T00:54:15.033Z,"35 km E of Palekastro, Greece",earthquake,,9.2,,16,reviewed,us,us
1993-10-24T16:05:42.000Z,-26.785,26.564,5,3.6,ml,,,,1,us,usp00062km,2014-11-07T00:54:15.031Z,"12 km NW of Klerksdorp, South Africa",earthquake,,,,,reviewed,us,pre
1993-10-24T15:59:30.360Z,-8.189,149.317,33,4.8,ms,,,,1.1,us,usp00062kk,2014-11-07T00:54:15.027Z,"135 km ENE of Popondetta, Papua New Guinea",earthquake,,,,2,reviewed,us,us
1993-10-24T15:36:08.670Z,-55.621,-128.041,10,5.8,mw,,,,1.3,us,usp00062kj,2022-04-28T17:58:37.635Z,"Pacific-Antarctic Ridge",earthquake,,,,,reviewed,us,hrv
1993-10-24T15:14:35.390Z,-13.576,167.989,33,4.7,ms,,,,1.1,us,usp00062kh,2014-11-07T00:54:15.011Z,"57 km NE of Sola, Vanuatu",earthquake,,,,2,reviewed,us,us
1993-10-24T14:54:34.390Z,39.703,29.461,10,2.6,ml,,,,0.4,us,usp00062kg,2014-11-07T00:54:15.009Z,"16 km SW of Domaniç, Turkey",earthquake,,,,,reviewed,us,isk
1993-10-24T14:28:22.590Z,-14.057,167.491,33,4.7,mb,,,,1.3,us,usp00062ke,2014-11-07T00:54:15.004Z,"21 km SSW of Sola, Vanuatu",earthquake,,,,6,reviewed,us,us
1993-10-24T14:17:59.800Z,41.232,28.963,5,3,ml,,,,0.9,us,usp00062kd,2014-11-07T00:54:15.003Z,"3 km W of Ar?köy, Turkey",earthquake,,,,,reviewed,us,isk
1993-10-24T14:12:35.320Z,39.634,29.409,10,2.8,ml,,,,0.7,us,usp00062kc,2014-11-07T00:54:15.002Z,"12 km NW of Tav?anl?, Turkey",earthquake,,,,,reviewed,us,isk
1993-10-24T13:50:02.720Z,20.0291667,-155.4696667,10.648,2.94,ml,47,202,,0.11,hv,hv1005984,2020-03-31T19:02:05.540Z,"5 km S of Honoka‘a, Hawaii",earthquake,0.76,0.52,0.16,11,reviewed,hv,hv
1993-10-24T12:47:08.360Z,38.7941667,-122.8091667,2.828,3.28,md,43,32,0.01802,0.08,nc,nc30033188,2016-12-21T02:13:03.650Z,"8 km WSW of Cobb, California",earthquake,0.15,0.38,0.1,36,reviewed,nc,nc
1993-10-24T12:41:43.110Z,-24.952,-179.801,534.5,4.8,mb,,,,0.9,us,usp00062k6,2014-11-07T00:54:14.991Z,"south of the Fiji Islands",earthquake,,25.7,,5,reviewed,us,us
1993-10-24T11:05:01.140Z,60.1162,-151.6097,74.6,2.5,ml,,,,0.3,ak,ak993dnd6wzm,2020-09-14T20:13:22.383Z,"8 km NNE of Ninilchik, Alaska",earthquake,,1.3,,,reviewed,ak,ak
1993-10-24T10:41:37.000Z,0.378,-16.112,10,4.3,mb,,,,0.9,us,usp00062jy,2014-11-07T00:54:14.965Z,"north of Ascension Island",earthquake,,,,4,reviewed,us,us
1993-10-24T09:16:43.320Z,-26.856,26.63,5,3.4,ml,,,,1.2,us,usp00062jt,2014-11-07T00:54:14.956Z,"3 km W of Klerksdorp, South Africa",earthquake,,,,,reviewed,us,pre
1993-10-24T08:43:49.560Z,39.091,27.644,10,2.6,ml,,,,0.2,us,usp00062js,2014-11-07T00:54:14.955Z,"2 km SW of K?rka?aç, Turkey",earthquake,,,,,reviewed,us,isk
1993-10-24T08:25:35.160Z,-6.071,146.015,10,4.8,mb,,,,0.3,us,usp00062jq,2014-11-07T00:54:14.951Z,"29 km NE of Kainantu, Papua New Guinea",earthquake,,,,8,reviewed,us,us
1993-10-24T08:24:20.190Z,39.202,27.579,10,2.7,ml,,,,0.6,us,usp00062jp,2014-11-07T00:54:14.950Z,"Western Turkey",earthquake,,,,,reviewed,us,isk
1993-10-24T07:52:15.630Z,16.755,-98.717,20.7,6.7,mwb,,,,1,us,usp00062jn,2022-04-28T17:58:36.549Z,"1 km ENE of Jolotichán, Mexico",earthquake,,,,,reviewed,us,us
1993-10-24T07:35:01.540Z,-6.069,146.066,10,4.9,mb,,,,0.9,us,usp00062jm,2014-11-07T00:54:14.886Z,"32 km NE of Kainantu, Papua New Guinea",earthquake,,,,11,reviewed,us,us
1993-10-24T07:15:14.630Z,57.517,-143.062,10,3,ml,,,,0.6,us,usp00062jj,2020-09-14T20:13:24.047Z,"298 km SW of Yakutat, Alaska",earthquake,,,,,reviewed,us,aei
1993-10-24T07:08:15.190Z,-26.847,26.627,5,3,ml,,,,0.4,us,usp00062jh,2014-11-07T00:54:14.878Z,"South Africa",earthquake,,,,,reviewed,us,pre
1993-10-24T05:53:29.690Z,11.327,125.396,48.6,5.6,mw,,,,1,us,usp00062jf,2022-04-28T17:58:35.390Z,"16 km SW of Cabay, Philippines",earthquake,,,,,reviewed,us,hrv
1993-10-24T05:48:16.520Z,-21.203,-68.894,101.8,4.8,mb,,,,1.1,us,usp00062je,2014-11-07T00:54:14.821Z,"Chile-Bolivia border region",earthquake,,,,21,reviewed,us,us
1993-10-24T05:46:09.140Z,35.156,-4.888,33,2.8,md,,,,0.3,us,usp00062jc,2014-11-07T00:54:14.817Z,"34 km E of Chefchaouene, Morocco",earthquake,,,,,reviewed,us,rba
1993-10-24T04:13:24.750Z,36.4965,-121.0711667,2.092,2.54,md,43,68,0.07928,0.05,nc,nc30033171,2016-12-21T02:11:04.610Z,"24 km ENE of Soledad, California",earthquake,0.13,0.66,0.1,34,reviewed,nc,nc
1993-10-24T03:40:58.340Z,-34.551,-69.579,174.5,4,md,,,,0.5,us,usp00062ja,2014-11-07T00:54:14.813Z,"107 km ESE of Machalí, Chile",earthquake,,7.4,,,reviewed,us,san
1993-10-24T03:19:42.980Z,-4.359,129.086,189.7,5.1,mb,,,,0.9,us,usp00062j9,2014-11-07T00:54:14.801Z,"114 km S of Amahai, Indonesia",earthquake,,4,,49,reviewed,us,us
1993-10-24T03:05:06.990Z,-3.957,152.384,180.4,4.7,mb,,,,0.6,us,usp00062j8,2014-11-07T00:54:14.799Z,"36 km NE of Rabaul, Papua New Guinea",earthquake,,5.5,,2,reviewed,us,us
1993-10-24T02:50:26.620Z,61.7032,-147.4152,31.7,2.7,ml,,,,0.4,ak,ak993dn83pqe,2020-09-14T20:13:24.782Z,"17 km SE of Glacier View, Alaska",earthquake,,0.8,,,reviewed,ak,ak
1993-10-24T02:22:48.240Z,38.7945,-122.9295,3.282,2.65,md,43,33,0.05405,0.07,nc,nc30033164,2016-12-21T02:10:32.700Z,"7 km E of Cloverdale, California",earthquake,0.13,0.48,0.13,49,reviewed,nc,nc
1993-10-24T01:44:22.080Z,53.568,159.915,33,4.5,mb,,,,1,us,usp00062j4,2014-11-07T00:54:14.787Z,"102 km NE of Petropavlovsk-Kamchatsky, Russia",earthquake,,,,15,reviewed,us,us
1993-10-24T01:41:43.260Z,31.164,-8.986,10,2.9,m,,,,0.6,us,usp00062j3,2014-11-07T00:54:14.785Z,"77 km N of Taroudant, Morocco",earthquake,,,,,reviewed,us,rtc
1993-10-24T01:41:26.450Z,-6.794,146.648,33,3.7,mb,,,,0.7,us,usp00062j2,2014-11-07T00:54:14.784Z,"39 km WSW of Lae, Papua New Guinea",earthquake,,,,2,reviewed,us,us
1993-10-24T01:16:54.380Z,40.5836667,-126.0648333,4.602,2.69,md,25,295,1.323,0.23,nc,nc30033160,2016-12-21T02:10:14.822Z,"152 km W of Ferndale, California",earthquake,6.98,18.47,0.06,6,reviewed,nc,nc
1993-10-23T23:06:43.390Z,18.8221667,-155.3133333,10.129,3.35,ml,46,263,,0.12,hv,hv1005896,2020-03-31T19:02:04.560Z,"39 km SE of Naalehu, Hawaii",earthquake,1.01,0.89,0.05,8,reviewed,hv,hv
1993-10-23T23:04:56.340Z,-4.801,152.558,55.6,4.4,mb,,,,1.5,us,usp00062hy,2014-11-07T00:54:14.779Z,"New Britain region, Papua New Guinea",earthquake,,27.9,,2,reviewed,us,us
1993-10-23T22:34:07.860Z,40.3211667,-124.551,20.516,2.6,md,22,253,0.2,0.11,nc,nc30033150,2016-12-21T02:09:39.873Z,"37 km SW of Ferndale, California",earthquake,2.19,0.34,0.15,18,reviewed,nc,nc
1993-10-23T19:03:09.510Z,36.053,-117.968,-1.504,3.21,ml,0,62.6,,0.208,ci,ci3128834,2016-02-10T03:04:54.312Z,"2km WNW of Coso Junction, California",earthquake,,0.375,,26,reviewed,ci,ci
1993-10-23T18:54:08.040Z,-32.05,-71.687,15.5,3.6,md,,,,0.7,us,usp00062hu,2014-11-07T00:54:14.768Z,"61 km NW of La Ligua, Chile",earthquake,,8,,,reviewed,us,san
1993-10-23T18:45:54.120Z,40.404,-126.359,10,5.4,mw,,,,1.3,us,usp00062ht,2025-12-19T22:51:17.783Z,"178 km W of Ferndale, California",earthquake,,,,,reviewed,us,hrv
1993-10-23T18:11:03.810Z,-20.237,-177.771,509.3,4.6,mb,,,,1.1,us,usp00062hs,2014-11-07T00:54:14.743Z,"285 km WNW of Haveluloto, Tonga",earthquake,,10.2,,23,reviewed,us,us
1993-10-23T17:42:49.980Z,58.182,-142.684,10,2.9,ml,,,,0.6,us,usp00062hr,2020-09-14T20:13:26.074Z,"228 km SW of Yakutat, Alaska",earthquake,,,,,reviewed,us,aei
1993-10-23T17:03:14.170Z,51.542,16.151,10,3.4,ml,,,,0.5,us,usp00062hp,2014-11-07T00:54:14.735Z,"6 km S of Gr?bocice, Poland",earthquake,,,,,reviewed,us,grf
1993-10-23T16:23:22.700Z,-5.902,146.074,10,2.8,mb,,,,1,us,usp00062hk,2014-11-07T00:54:14.732Z,"eastern New Guinea region, Papua New Guinea",earthquake,,,,1,reviewed,us,us
1993-10-23T16:08:13.820Z,61.4828,-146.7755,24.8,2.7,ml,,,,0.17,ak,ak993dlsnena,2020-09-14T20:13:26.431Z,"45 km NNW of Valdez, Alaska",earthquake,,0.9,,,reviewed,ak,ak
1993-10-23T16:02:50.870Z,39.657,29.47,10,2.7,ml,,,,0.9,us,usp00062hh,2014-11-07T00:54:14.724Z,"Western Turkey",earthquake,,,,,reviewed,us,isk
1993-10-23T14:27:54.070Z,41.699,7.691,10,3.3,ml,,,,0.9,us,usp00062hf,2014-11-07T00:54:14.719Z,"89 km WSW of Cargèse, France",earthquake,,,,,reviewed,us,ldg
1993-10-23T14:20:19.640Z,40.757,29.998,10,2.8,ml,,,,0.3,us,usp00062he,2014-11-07T00:54:14.718Z,"1 km NNW of Köseköy, Turkey",earthquake,,,,,reviewed,us,isk
1993-10-23T13:26:42.120Z,29.773,51.103,33,4.3,mb,,,,1.2,us,usp00062hd,2014-11-07T00:54:14.716Z,"55 km SW of N?r?b?d, Iran",earthquake,,,,6,reviewed,us,us
1993-10-23T12:50:10.770Z,39.125,27.514,10,2.7,ml,,,,0.8,us,usp00062hc,2014-11-07T00:54:14.715Z,"10 km SW of Soma, Turkey",earthquake,,,,,reviewed,us,isk
1993-10-23T12:26:46.060Z,-41.449,172.275,20.7,4.1,ml,,,,1.1,us,usp00062ha,2014-11-07T00:54:14.711Z,"65 km W of Wakefield, New Zealand",earthquake,,5.6,,,reviewed,us,wel
1993-10-23T12:24:51.040Z,-26.101,27.121,5,3.3,ml,,,,1.4,us,usp00062h9,2014-11-07T00:54:14.709Z,"34 km SE of Koster, South Africa",earthquake,,,,,reviewed,us,pre
1993-10-23T12:14:07.050Z,39.644,29.448,10,2.8,ml,,,,0.6,us,usp00062h8,2014-11-07T00:54:14.708Z,"12 km NNW of Tav?anl?, Turkey",earthquake,,,,,reviewed,us,isk
1993-10-23T10:44:42.250Z,39.271,27.721,10,2.7,ml,,,,0.5,us,usp00062h3,2014-11-07T00:54:14.700Z,"13 km NE of Soma, Turkey",earthquake,,,,,reviewed,us,isk
1993-10-23T10:14:43.790Z,39.105,27.562,10,2.7,ml,,,,0.1,us,usp00062h2,2014-11-07T00:54:14.699Z,"9 km W of K?rka?aç, Turkey",earthquake,,,,,reviewed,us,isk
1993-10-23T10:11:34.640Z,36.056,-117.972,-1.494,2.59,mc,0,127.9,0.1131,0.173,ci,ci3128798,2016-02-09T23:27:12.618Z,"2km WNW of Coso Junction, California",earthquake,,0.408,,65,reviewed,ci,ci
1993-10-23T09:47:09.790Z,39.341,27.718,10,2.7,ml,,,,0.7,us,usp00062h1,2014-11-07T00:54:14.698Z,"7 km SE of Sava?tepe, Turkey",earthquake,,,,,reviewed,us,isk
1993-10-23T09:46:56.570Z,58.0797,-152.1877,27.5,2.9,ml,,,,0.2,ak,ak993dloplx5,2020-09-14T20:13:27.257Z,"25 km NE of Ouzinkie, Alaska",earthquake,,4.6,,,reviewed,ak,ak
1993-10-23T09:13:43.080Z,39.029,27.558,33,2.7,ml,,,,0.2,us,usp00062gz,2014-11-07T00:54:14.692Z,"11 km WNW of Zeytinliova, Turkey",earthquake,,,,,reviewed,us,isk
1993-10-23T09:03:54.940Z,39.139,27.586,10,2.8,ml,,,,0.4,us,usp00062gy,2014-11-07T00:54:14.691Z,"5 km SSW of Soma, Turkey",earthquake,,,,,reviewed,us,isk
1993-10-23T08:08:49.650Z,39.165,27.621,10,2.8,ml,,,,0.2,us,usp00062gv,2014-11-07T00:54:14.687Z,"2 km SSE of Soma, Turkey",earthquake,,,,,reviewed,us,isk
1993-10-23T07:58:37.750Z,40.338,29.41,13.2,3.1,ml,,,,0.8,us,usp00062gu,2014-11-07T00:54:14.685Z,"6 km S of Sölöz, Turkey",earthquake,,5.2,,,reviewed,us,isk
1993-10-23T07:22:31.330Z,1.873,122.435,52.8,5.3,mw,,,,1,us,usp00062gs,2025-12-19T22:51:17.058Z,"163 km NNW of Gorontalo, Indonesia",earthquake,,,,,reviewed,us,hrv
1993-10-23T07:19:33.990Z,40.332,29.393,10,2.7,ml,,,,0.6,us,usp00062gr,2014-11-07T00:54:14.661Z,"7 km SSW of Sölöz, Turkey",earthquake,,,,,reviewed,us,isk
1993-10-23T06:59:33.820Z,39.104,-119.582,6.7,3,md,,,,,us,usp00062gq,2014-11-07T00:54:14.660Z,"14 km ENE of Johnson Lane, NV",earthquake,,,,,reviewed,nc,gm$
1993-10-23T06:40:15.090Z,39.509,26.862,10,3.1,ml,,,,0.3,us,usp00062gn,2014-11-07T00:54:14.650Z,"9 km W of Burhaniye, Turkey",earthquake,,,,,reviewed,us,isk
1993-10-23T05:57:41.800Z,40.441,29.262,10,2.7,ml,,,,1,us,usp00062gk,2014-11-07T00:54:14.641Z,"6 km SW of Orhangazi, Turkey",earthquake,,,,,reviewed,us,isk
1993-10-23T05:46:30.950Z,14.151,-92.74,36,4.2,md,,,,1.1,us,usp00062gj,2014-11-07T00:54:14.640Z,"70 km SW of Brisas Barra de Suchiate, Mexico",earthquake,,21.9,,,reviewed,us,gcg
1993-10-23T05:21:42.100Z,44.881,9.583,33,2.9,ml,,,,0.7,us,usp00062gh,2014-11-07T00:54:14.637Z,"3 km ENE of Travo, Italy",earthquake,,,,,reviewed,us,ldg
1993-10-23T04:44:42.170Z,34.97,-116.963,-0.892,3.22,ml,0,59.4,,0.2,ci,ci3128761,2016-02-10T06:37:45.673Z,"10km NE of Barstow, California",earthquake,,0.407,,24,reviewed,ci,ci
1993-10-23T04:26:42.180Z,45.046,7.361,10,3.3,ml,,,,0.9,us,usp00062ge,2014-11-07T00:54:14.627Z,"northern Italy",earthquake,,,,,reviewed,us,gen
1993-10-23T03:58:38.230Z,21.54,104.872,33,4.1,mb,,,,1.3,us,usp00062gd,2014-11-07T00:54:14.615Z,"20 km SSW of Yên Bái, Vietnam",earthquake,,,,2,reviewed,us,us
1993-10-23T02:52:13.030Z,10.83,-62.024,70,2.5,md,,,,0.5,us,usp00062gc,2014-11-07T00:54:14.614Z,"41 km NE of Güiria, Venezuela",earthquake,,,,,reviewed,us,trn
1993-10-22T23:38:03.590Z,60.533,-149.8345,-3,2.5,ml,,,,0.32,ak,ak993dk9gi2v,2020-09-14T20:13:28.032Z,"4 km N of Cooper Landing, Alaska",earthquake,,36.1,,,reviewed,ak,ak
1993-10-22T23:15:44.470Z,47.682,7.711,10,3,ml,,,,0.6,us,usp00062g7,2014-11-07T00:54:14.561Z,"4 km NNW of Steinen, Germany",earthquake,,,,,reviewed,us,ldg
1993-10-22T22:45:53.040Z,37.797,-2.014,10,3.1,mblg,,,,1.1,us,usp00062g6,2014-11-07T00:54:14.559Z,"13 km NNE of Vélez-Blanco, Spain",earthquake,,,,,reviewed,us,mdd
1993-10-22T20:59:38.820Z,40.105,24.905,22.3,2.7,ml,,,,0.1,us,usp00062g3,2014-11-07T00:54:14.519Z,"28 km NNW of Mýrina, Greece",earthquake,,7.6,,,reviewed,us,the
1993-10-22T19:16:02.780Z,16.782,121.677,25.1,4.7,mb,,,,1,us,usp00062g1,2014-11-07T00:54:14.504Z,"2 km W of Alicia, Philippines",earthquake,,4.9,,19,reviewed,us,us
1993-10-22T18:55:42.710Z,36.81,-2.534,10,2.5,mblg,,,,0.8,us,usp00062g0,2014-11-07T00:54:14.503Z,"3 km E of Aguadulce, Spain",earthquake,,,,,reviewed,us,mdd
1993-10-22T18:33:18.130Z,-45.197,166.749,33,3.9,mb,,,,1.1,us,usp00062fz,2014-11-07T00:54:14.475Z,"79 km WNW of Te Anau, New Zealand",earthquake,,,,2,reviewed,us,us
1993-10-22T18:26:10.850Z,-54.054,-120.791,10,4.6,mb,,,,1.4,us,usp00062fx,2014-11-07T00:54:14.470Z,"southern East Pacific Rise",earthquake,,,,4,reviewed,us,us
1993-10-22T18:18:35.400Z,51.498,16.162,10,3.7,ml,,,,0.7,us,usp00062fw,2014-11-07T00:54:14.463Z,"6 km E of Polkowice, Poland",earthquake,,,,,reviewed,us,grf
1993-10-22T17:33:09.570Z,36.054,-117.969,-1.453,3.43,ml,0,63.3,,0.203,ci,ci3128529,2016-02-09T23:27:06.220Z,"2km WNW of Coso Junction, California",earthquake,,0.341,,39,reviewed,ci,ci
1993-10-22T17:06:39.260Z,36.052,-117.965,-1.463,3.03,ml,0,61.3,,0.21,ci,ci3128525,2016-02-10T06:37:39.944Z,"2km WNW of Coso Junction, California",earthquake,,0.359,,23,reviewed,ci,ci
1993-10-22T17:00:05.710Z,38.566,23.543,10,3.2,ml,,,,0.3,us,usp00062fs,2014-11-07T00:54:14.434Z,"3 km S of Politiká, Greece",earthquake,,,,,reviewed,us,ath
1993-10-22T16:30:53.410Z,36.054,-117.968,-1.494,3.68,ml,0,63.1,,0.212,ci,ci3128523,2016-02-10T03:04:39.937Z,"2km WNW of Coso Junction, California",earthquake,,0.333,,47,reviewed,ci,ci
1993-10-22T16:29:02.830Z,-26.469,27.426,5,2.7,ml,,,,1.2,us,usp00062fq,2014-11-07T00:54:14.428Z,"7 km WNW of Fochville, South Africa",earthquake,,,,,reviewed,us,pre
1993-10-22T16:19:53.370Z,-56.273,-24.37,33,4.8,mb,,,,1,us,usp00062fp,2014-11-07T00:54:14.426Z,"South Sandwich Islands region",earthquake,,,,4,reviewed,us,us
1993-10-22T16:18:16.480Z,-23.338,179.508,680.9,4.5,mb,,,,0.9,us,usp00062fn,2014-11-07T00:54:14.423Z,"south of the Fiji Islands",earthquake,,33.1,,8,reviewed,us,us
1993-10-22T15:54:54.050Z,16.578,121.83,22.5,4.4,mb,,,,1.3,us,usp00062fm,2014-11-07T00:54:14.420Z,"5 km NNW of Minuri, Philippines",earthquake,,11.6,,3,reviewed,us,us
1993-10-22T15:51:42.890Z,42.317,-122.0381667,2.962,3.2,md,13,109,,0.11,uw,uw10337573,2016-07-23T23:40:58.710Z,"23 km WNW of Klamath Falls, Oregon",earthquake,0.389,0.74,0.05,6,reviewed,uw,uw
1993-10-22T15:43:41.570Z,-5.931,146.06,10,3.6,mb,,,,0.7,us,usp00062fj,2014-11-07T00:54:14.417Z,"45 km NNE of Kainantu, Papua New Guinea",earthquake,,,,2,reviewed,us,us
1993-10-22T15:30:30.930Z,-0.157,123.047,156.2,5,mb,,,,1.2,us,usp00062fh,2014-11-07T00:54:14.411Z,"76 km S of Gorontalo, Indonesia",earthquake,,,,26,reviewed,us,us
1993-10-22T15:18:43.070Z,61.828,-149.7178,13.5,2.6,ml,,,,0.47,ak,ak993dk4ktyr,2020-09-14T20:13:29.790Z,"19 km ENE of Willow, Alaska",earthquake,,0.6,,,reviewed,ak,ak
1993-10-22T15:15:07.730Z,63.9588,-149.4958,143.3,4,mb,,,,0.16,ak,ak993dk4k439,2020-09-14T20:13:30.254Z,"19 km WSW of Ferry, Alaska",earthquake,,2,,,reviewed,ak,ak
1993-10-22T14:59:57.360Z,-5.936,146.053,10,3.7,mb,,,,0.8,us,usp00062fe,2014-11-07T00:54:14.397Z,"44 km NNE of Kainantu, Papua New Guinea",earthquake,,,,2,reviewed,us,us
1993-10-22T14:53:24.160Z,39.532,28.996,10,2.8,ml,,,,1.1,us,usp00062fd,2014-11-07T00:54:14.396Z,"26 km SSE of Yenice, Turkey",earthquake,,,,,reviewed,us,isk
1993-10-22T14:44:22.450Z,41.678,27.409,10,3,ml,,,,0.8,us,usp00062fc,2014-11-07T00:54:14.395Z,"6 km S of Üsküp, Turkey",earthquake,,,,,reviewed,us,isk
1993-10-22T14:12:22.030Z,39.688,29.427,10,2.7,ml,,,,0.9,us,usp00062fa,2014-11-07T00:54:14.392Z,"17 km NNW of Tav?anl?, Turkey",earthquake,,,,,reviewed,us,isk
1993-10-22T14:11:07.210Z,34.597,-116.618,2.701,2.54,mc,0,73.5,,0.174,ci,ci3128506,2016-02-10T06:37:37.365Z,"36km ENE of Lucerne Valley, California",earthquake,,0.34,,107,reviewed,ci,ci
1993-10-22T14:02:18.090Z,42.2675,-121.988,2.802,2.9,md,12,134,,0.12,uw,uw10337418,2016-07-23T23:40:54.850Z,"17 km WNW of Klamath Falls, Oregon",earthquake,0.436,0.9,0.08,2,reviewed,uw,uw
1993-10-22T13:36:00.120Z,41.058,28.705,10,2.8,ml,,,,0.8,us,usp00062f8,2014-11-07T00:54:14.377Z,"4 km NE of Esenyurt, Turkey",earthquake,,,,,reviewed,us,isk
1993-10-22T13:30:44.120Z,40.815,29.646,10,2.8,ml,,,,1.4,us,usp00062f7,2014-11-07T00:54:14.376Z,"7 km NE of Tav?anc?l, Turkey",earthquake,,,,,reviewed,us,isk
1993-10-22T13:21:13.410Z,-6.737,91.884,10,4.6,mb,,,,1.2,us,usp00062f6,2014-11-07T00:54:14.374Z,"South Indian Ocean",earthquake,,,,6,reviewed,us,us
1993-10-22T13:10:15.500Z,48.991,-128.772,10,4.6,mb,,,,1.1,us,usp00062f4,2014-11-07T00:54:14.365Z,"209 km SW of Vernon, Canada",earthquake,,,,23,reviewed,us,us
1993-10-22T12:41:09.420Z,39.139,27.582,10,2.8,ml,,,,0.4,us,usp00062f2,2014-11-07T00:54:14.362Z,"5 km SSW of Soma, Turkey",earthquake,,,,,reviewed,us,isk
1993-10-22T12:14:56.540Z,39.271,27.783,10,2.6,ml,,,,0.5,us,usp00062f1,2014-11-07T00:54:14.361Z,"16 km SE of Sava?tepe, Turkey",earthquake,,,,,reviewed,us,isk
1993-10-22T11:51:53.880Z,-33.411,-73.059,33,4,md,,,,0.6,us,usp00062ez,2014-11-07T00:54:14.358Z,"135 km W of Cartagena, Chile",earthquake,,,,,reviewed,us,san
1993-10-22T11:39:21.280Z,41.943,26.558,10,3.1,ml,,,,0.2,us,usp00062ey,2014-11-07T00:54:14.357Z,"18 km NW of Lâlapa?a, Turkey",earthquake,,,,,reviewed,us,isk
1993-10-22T11:19:22.740Z,-26.381,27.404,5,3.5,ml,,,,1.1,us,usp00062ex,2014-11-07T00:54:14.354Z,"2 km SSE of Carletonville, South Africa",earthquake,,,,,reviewed,us,pre
1993-10-22T11:09:17.570Z,40.633,30.161,10,2.7,ml,,,,0.6,us,usp00062ew,2014-11-07T00:54:14.353Z,"11 km SW of Sapanca, Turkey",earthquake,,,,,reviewed,us,isk
1993-10-22T10:23:24.390Z,39.875,29.203,10,2.6,ml,,,,0.7,us,usp00062ev,2014-11-07T00:54:14.352Z,"4 km SSW of Keles, Turkey",earthquake,,,,,reviewed,us,isk
1993-10-22T10:15:00.410Z,39.114,27.696,33,2.6,ml,,,,0.2,us,usp00062eu,2014-11-07T00:54:14.351Z,"2 km ENE of K?rka?aç, Turkey",earthquake,,,,,reviewed,us,isk
1993-10-22T10:06:19.860Z,52.529,158.288,105.7,4.8,mb,,,,1,us,usp00062et,2014-11-07T00:54:14.346Z,"45 km S of Vilyuchinsk, Russia",earthquake,,18.3,,30,reviewed,us,us
1993-10-22T10:01:41.460Z,39.615,29.472,10,2.8,ml,,,,0.7,us,usp00062es,2014-11-07T00:54:14.344Z,"8 km NNW of Tav?anl?, Turkey",earthquake,,,,,reviewed,us,isk
1993-10-22T09:07:04.860Z,67.56,-161.814,10,2.9,ml,,,,1.2,us,usp00062ep,2014-11-07T00:54:14.338Z,"49 km E of Noatak, Alaska",earthquake,,,,,reviewed,us,pmr
1993-10-22T08:42:16.550Z,-54.835,-26.557,33,5.7,mw,,,,1,us,usp00062en,2022-04-28T17:23:02.180Z,"South Sandwich Islands region",earthquake,,,,,reviewed,us,hrv
1993-10-22T08:41:08.020Z,39.11,27.571,10,2.8,ml,,,,0.8,us,usp00062em,2014-11-07T00:54:14.244Z,"8 km W of K?rka?aç, Turkey",earthquake,,,,,reviewed,us,isk
1993-10-22T08:37:46.280Z,61.8757,-151.0133,66.3,2.5,ml,,,,0.33,ak,ak993dk0ivl0,2020-09-14T20:13:31.111Z,"23 km ESE of Skwentna, Alaska",earthquake,,0.9,,,reviewed,ak,ak
1993-10-22T08:19:27.080Z,-10.483,161.359,67,5.4,mw,,,,1,us,usp00062eh,2025-12-19T22:51:14.151Z,"61 km W of Kirakira, Solomon Islands",earthquake,,,,,reviewed,us,hrv
1993-10-22T07:53:55.740Z,-32.367,-71.772,10,3.8,md,,,,0.2,us,usp00062eg,2014-11-07T00:54:14.214Z,"51 km W of La Ligua, Chile",earthquake,,,,,reviewed,us,san
1993-10-22T07:05:49.600Z,-5.946,146.059,16.1,4.3,mb,,,,0.5,us,usp00062ee,2014-11-07T00:54:14.210Z,"43 km NNE of Kainantu, Papua New Guinea",earthquake,,6.3,,3,reviewed,us,us
1993-10-22T07:04:42.320Z,-26.36,27.364,5,3.3,ml,,,,1.1,us,usp00062ed,2014-11-07T00:54:14.208Z,"3 km W of Carletonville, South Africa",earthquake,,,,,reviewed,us,pre
1993-10-22T06:37:12.280Z,-18.091,-175.832,33,4.8,mb,,,,0.6,us,usp00062ec,2014-11-07T00:54:14.207Z,"204 km WNW of Neiafu, Tonga",earthquake,,,,3,reviewed,us,us
1993-10-22T06:35:59.780Z,44.232,8.233,10,2.6,ml,,,,0.7,us,usp00062eb,2014-11-07T00:54:14.205Z,"2 km WNW of Rialto, Italy",earthquake,,,,,reviewed,us,ldg
1993-10-22T06:28:11.210Z,44.263,8.221,5,2.7,ml,,,,0.5,us,usp00062e9,2014-11-07T00:54:14.202Z,"1 km SSW of Bormida, Italy",earthquake,,,,,reviewed,us,ldg
1993-10-22T06:26:30.100Z,12.505,126.35,10,4.5,mb,,,,0.9,us,usp00062e7,2014-11-07T00:54:14.198Z,"98 km ENE of San Policarpo, Philippines",earthquake,,,,8,reviewed,us,us
1993-10-22T05:38:54.740Z,-52.729,27.089,10,5.3,mw,,,,1,us,usp00062e4,2025-12-19T22:35:18.515Z,"south of Africa",earthquake,,,,,reviewed,us,hrv
1993-10-22T04:39:10.480Z,34.034,-116.828,2.52,2.56,ml,0,22.5,,0.205,ci,ci3128440,2016-02-10T10:14:13.432Z,"13km NNE of Banning, California",earthquake,,0.092,,24,reviewed,ci,ci
1993-10-22T04:33:15.440Z,-31.555,-71.864,33,3.9,md,,,,0.5,us,usp00062e1,2014-11-07T00:54:14.180Z,"66 km W of Illapel, Chile",earthquake,,,,,reviewed,us,san
1993-10-22T01:42:59.930Z,32.425,-115.041,5.98,2.55,mc,0,211.4,0.3168,0.347,ci,ci3128425,2016-02-09T23:26:54.436Z,"15km SW of Hermosillo, B.C., MX",earthquake,,,,32,reviewed,ci,ci
1993-10-22T01:14:28.860Z,17.438,73.965,33,4.4,mb,,,,1.4,us,usp00062dz,2014-11-07T00:54:14.176Z,"9 km NE of P?tan, India",earthquake,,,,2,reviewed,us,us
1993-10-22T00:58:11.310Z,40.312,22.034,5,2.9,ml,,,,0.5,us,usp00062dy,2014-11-07T00:54:14.174Z,"7 km NNW of Velventós, Greece",earthquake,,,,,reviewed,us,the
1993-10-22T00:22:09.130Z,58.911,-154.4812,115.3,2.9,ml,,,,0.23,ak,ak993djvo44x,2020-09-14T20:13:32.956Z,"61 km SSE of Kokhanok, Alaska",earthquake,,2.4,,,reviewed,ak,ak
1993-10-22T00:17:48.710Z,-6.123,146.342,10,4,mb,,,,0.2,us,usp00062dv,2014-11-07T00:54:14.168Z,"55 km ENE of Kainantu, Papua New Guinea",earthquake,,,,2,reviewed,us,us
1993-10-22T00:14:53.900Z,51.196,15.921,10,3.1,ml,,,,0.5,us,usp00062du,2014-11-07T00:54:14.166Z,"3 km E of Zagrodno, Poland",earthquake,,,,,reviewed,us,vie
1993-10-21T22:59:18.710Z,-7.988,128.26,67.4,4.2,mb,,,,0.9,us,usp00062dt,2014-11-07T00:54:14.164Z,"151 km ENE of Lospalos, Timor Leste",earthquake,,26.4,,1,reviewed,us,us
1993-10-21T22:29:59.630Z,47.273,7.439,10.9,3.1,ml,,,,1.1,us,usp00062ds,2014-11-07T00:54:14.158Z,"5 km E of Moutier, Switzerland",earthquake,,3.4,,,reviewed,us,ldg
1993-10-21T22:20:37.070Z,-9.436,120.347,33,4.3,mb,,,,0.6,us,usp00062dr,2014-11-07T00:54:14.157Z,"26 km NNE of Waingapu, Indonesia",earthquake,,,,3,reviewed,us,us
1993-10-21T22:07:16.980Z,38.9518333,-111.8253333,10.81,3.16,md,20,63,0.2073,0.26,uu,uu50077500,2018-08-28T05:00:30.210Z,"3 km ESE of Salina, Utah",earthquake,0.54,0.98,,12,reviewed,uu,uu
1993-10-21T22:00:44.160Z,38.8258333,-122.383,-0.436,2.54,md,14,64,0.05405,0.07,nc,nc30032911,2016-12-21T01:59:07.029Z,"15 km E of Hidden Valley Lake, California",quarry blast,0.33,0.85,0.08,10,reviewed,nc,nc
1993-10-21T21:52:20.390Z,30.154,51.235,14.8,5,mw,,,,0.9,us,usp00062dp,2022-04-28T17:58:34.216Z,"27 km W of N?r?b?d, Iran",earthquake,,,,,reviewed,us,hrv
1993-10-21T21:38:12.730Z,66.999,-160.389,10,2.5,ml,,,,0.5,us,usp00062dm,2014-11-07T00:54:14.128Z,"3 km NNE of Kiana, Alaska",earthquake,,,,,reviewed,us,pmr
1993-10-21T20:54:12.430Z,36.142,-118.049,4.633,2.5,mc,0,207.3,0.214,0.291,ci,ci3128289,2016-02-10T06:37:34.744Z,"14km NW of Coso Junction, California",earthquake,,,,8,reviewed,ci,ci
1993-10-21T20:38:34.170Z,50.987,20.125,10,2.7,ml,,,,1.4,us,usp00062dk,2014-11-07T00:54:14.126Z,"3 km SSW of S?upia, Poland",earthquake,,,,,reviewed,us,war
1993-10-21T20:08:21.950Z,66.971,-160.382,10,2.6,ml,,,,0.5,us,usp00062dj,2014-11-07T00:54:14.125Z,"1 km ESE of Kiana, Alaska",earthquake,,,,,reviewed,us,pmr
1993-10-21T19:50:09.590Z,67.6017,-161.4792,10,4,mb,,,,0.68,ak,ak993dijm07z,2020-09-14T20:13:33.654Z,"63 km E of Noatak, Alaska",earthquake,,22.7,,,reviewed,ak,ak
1993-10-21T19:49:19.120Z,67.277,-160.928,10,2.7,ml,,,,0.3,us,usp00062dg,2014-11-07T00:54:14.118Z,"40 km NNW of Kiana, Alaska",earthquake,,,,,reviewed,us,pmr
1993-10-21T19:14:35.950Z,67.58,-161.632,10,4.1,mb,,,,,us,usp00062de,2014-11-07T00:54:14.113Z,"56 km E of Noatak, Alaska",earthquake,,,,1,reviewed,aei,us
1993-10-21T19:13:38.150Z,67.5898,-161.8223,10.8,4.1,mb,,,,0.12,ak,ak993dije4xj,2020-09-14T20:13:34.016Z,"48 km E of Noatak, Alaska",earthquake,,11,,,reviewed,ak,ak
1993-10-21T18:07:33.690Z,0.006,126.012,33,4.8,mb,,,,1,us,usp00062db,2014-11-07T00:54:14.105Z,"175 km WSW of Ternate, Indonesia",earthquake,,,,7,reviewed,us,us
1993-10-21T17:52:43.970Z,13.991,-93.039,50,4.4,mb,,,,0.8,us,usp00062da,2014-11-07T00:54:14.103Z,"104 km SW of Puerto Madero, Mexico",earthquake,,,,1,reviewed,us,us
1993-10-21T17:23:00.960Z,34.969,-116.962,-0.902,2.54,ml,0,59.7,,0.185,ci,ci3128258,2016-02-09T23:26:48.177Z,"10km NE of Barstow, California",earthquake,,0.652,,22,reviewed,ci,ci
1993-10-21T16:45:58.670Z,37.545,20.522,10,3.8,mb,,,,1,us,usp00062d8,2014-11-07T00:54:14.099Z,"33 km SW of Lithakiá, Greece",earthquake,,,,1,reviewed,us,us
1993-10-21T16:22:30.830Z,34.416,-118.571,3.287,3.1,ml,0,44.9,,0.222,ci,ci3128251,2016-02-09T23:26:46.756Z,"4km S of Valencia, California",earthquake,,0.184,,54,reviewed,ci,ci
1993-10-21T15:30:17.320Z,44.394,6.901,13.5,2.9,ml,,,,0.3,us,usp00062d4,2014-11-07T00:54:14.090Z,"5 km WNW of Bersezio, Italy",earthquake,,2.6,,,reviewed,us,gen
1993-10-21T15:08:33.780Z,-4.731,135.215,10,4.4,mb,,,,0.5,us,usp00062d3,2014-11-07T00:54:14.088Z,"154 km SSW of Nabire, Indonesia",earthquake,,,,2,reviewed,us,us
1993-10-21T14:46:00.890Z,36.162,-118.033,-1.828,2.59,mc,0,126.5,,0.231,ci,ci3128319,2016-02-10T10:14:03.576Z,"14km S of Olancha, California",earthquake,,0.679,,37,reviewed,ci,ci
1993-10-21T14:45:05.290Z,36.161,-118.032,-1.828,2.76,ml,0,126.2,,0.167,ci,ci3128219,2016-02-10T10:14:02.338Z,"14km S of Olancha, California",earthquake,,0.631,,9,reviewed,ci,ci
1993-10-21T14:37:11.540Z,36.155,-118.033,-1.72,3.78,ml,0,111,,0.237,ci,ci3128215,2016-04-02T05:28:18.772Z,"14km S of Olancha, CA",earthquake,,0.562,,52,reviewed,ci,ci
1993-10-21T14:24:23.250Z,39.132,27.583,10,2.7,ml,,,,0.6,us,usp00062d0,2014-11-07T00:54:14.079Z,"6 km SSW of Soma, Turkey",earthquake,,,,,reviewed,us,isk
1993-10-21T13:53:24.600Z,11.729,92.453,33,4.5,mb,,,,1,us,usp00062cy,2014-11-07T00:54:14.076Z,"28 km W of Bamboo Flat, India",earthquake,,,,4,reviewed,us,us
1993-10-21T13:52:17.750Z,49.309,9.727,10,3,ml,,,,1.4,us,usp00062cx,2014-11-07T00:54:14.073Z,"4 km NE of Künzelsau, Germany",earthquake,,,,,reviewed,us,ldg
1993-10-21T13:35:51.000Z,-6.521,131.233,85,5.2,mb,,,,1.4,us,usp00062cw,2014-11-07T00:54:14.071Z,"194 km WSW of Tual, Indonesia",earthquake,,21.7,,1,reviewed,us,us
1993-10-21T13:15:15.200Z,42.489,23.971,10,2.9,ml,,,,0.6,us,usp00062cu,2014-11-07T00:54:14.069Z,"14 km ENE of Ihtiman, Bulgaria",earthquake,,,,,reviewed,us,the
1993-10-21T12:45:51.790Z,-29.497,-176.493,33,4.8,mb,,,,1,us,usp00062ct,2014-11-07T00:54:14.066Z,"Kermadec Islands region",earthquake,,,,5,reviewed,us,us
1993-10-21T12:22:07.640Z,39.653,29.459,10,2.6,ml,,,,0.4,us,usp00062cs,2014-11-07T00:54:14.065Z,"12 km NNW of Tav?anl?, Turkey",earthquake,,,,,reviewed,us,isk
1993-10-21T12:15:45.760Z,39.762,29.313,10,2.5,ml,,,,0.8,us,usp00062cq,2014-11-07T00:54:14.063Z,"18 km SSE of Keles, Turkey",earthquake,,,,,reviewed,us,isk
1993-10-21T11:55:32.650Z,42.382,-122.063,4.516,2.6,md,12,157,,0.25,uw,uw10336653,2016-07-23T23:40:38.070Z,"27 km SW of Chiloquin, Oregon",earthquake,0.912,1.69,0.04,1,reviewed,uw,uw
1993-10-21T11:52:09.960Z,40.378,26.024,10,3.5,ml,,,,1.2,us,usp00062cp,2014-11-07T00:54:14.060Z,"21 km NNE of Gökçeada, Turkey",earthquake,,,,,reviewed,us,isk
1993-10-21T11:48:38.330Z,39.147,27.591,10,2.7,ml,,,,0.2,us,usp00062cn,2014-11-07T00:54:14.059Z,"4 km SSW of Soma, Turkey",earthquake,,,,,reviewed,us,isk
1993-10-21T11:00:11.060Z,39.705,29.455,10,2.9,ml,,,,0.6,us,usp00062ck,2014-11-07T00:54:14.057Z,"17 km SW of Domaniç, Turkey",earthquake,,,,,reviewed,us,isk
1993-10-21T10:51:41.930Z,39.671,29.39,10,2.6,ml,,,,0.4,us,usp00062cj,2014-11-07T00:54:14.055Z,"17 km NNW of Tav?anl?, Turkey",earthquake,,,,,reviewed,us,isk
1993-10-21T10:35:52.590Z,19.8463333,-156.6188333,4.81,2.51,ml,43,297,,0.15,hv,hv1005627,2020-03-31T19:02:02.190Z,"68 km W of Kalaoa, Hawaii",earthquake,4.57,5.26,0.23,8,reviewed,hv,hv
1993-10-21T10:25:19.490Z,37.374,-3.79,38.8,2.9,mblg,,,,0.6,us,usp00062ch,2014-11-07T00:54:14.054Z,"3 km N of Moclín, Spain",earthquake,,20.3,,,reviewed,us,mdd
1993-10-21T10:23:56.240Z,39.107,27.518,10,2.7,ml,,,,0.6,us,usp00062cg,2014-11-07T00:54:14.053Z,"11 km SW of Soma, Turkey",earthquake,,,,,reviewed,us,isk
1993-10-21T10:08:12.910Z,39.659,29.476,10,2.6,ml,,,,0.6,us,usp00062cf,2014-11-07T00:54:14.051Z,"13 km N of Tav?anl?, Turkey",earthquake,,,,,reviewed,us,isk
1993-10-21T10:04:04.600Z,39.451,29.732,5,2.7,ml,,,,1,us,usp00062ce,2014-11-07T00:54:14.050Z,"21 km W of Kütahya, Turkey",earthquake,,,,,reviewed,us,isk
1993-10-21T09:56:08.040Z,39.314,27.727,10,2.8,ml,,,,0.7,us,usp00062cd,2014-11-07T00:54:14.032Z,"9 km SE of Sava?tepe, Turkey",earthquake,,,,,reviewed,us,isk
1993-10-21T09:53:34.120Z,39.171,27.569,10,2.7,ml,,,,0.6,us,usp00062cc,2014-11-07T00:54:14.030Z,"3 km WSW of Soma, Turkey",earthquake,,,,,reviewed,us,isk
1993-10-21T09:30:17.410Z,19.4943333,-155.8863333,9.269,2.61,ml,41,116,,0.17,hv,hv1005623,2020-03-31T19:02:02.010Z,"3 km E of Captain Cook, Hawaii",earthquake,0.57,0.37,0.22,9,reviewed,hv,hv
1993-10-21T09:17:30.940Z,10.636,-86.997,28.3,4.8,mb,,,,1.2,us,usp00062cb,2014-11-07T00:54:14.022Z,"137 km SSW of Masachapa, Nicaragua",earthquake,,,,27,reviewed,us,us
1993-10-21T09:06:06.450Z,39.247,27.853,10,2.7,ml,,,,0.7,us,usp00062ca,2014-11-07T00:54:14.020Z,"22 km ENE of Soma, Turkey",earthquake,,,,,reviewed,us,isk
1993-10-21T09:03:47.600Z,37.28,28.566,10,3.2,ml,,,,0.4,us,usp00062c9,2014-11-07T00:54:14.019Z,"18 km ENE of Mu?la, Turkey",earthquake,,,,,reviewed,us,isk
1993-10-21T07:36:55.810Z,-56.497,-138.909,10,5.6,mw,,,,0.9,us,usp00062c8,2022-04-28T17:58:32.835Z,"Pacific-Antarctic Ridge",earthquake,,,,,reviewed,us,hrv
1993-10-21T06:20:18.400Z,50.237,18.991,10,2.7,ml,,,,0.3,us,usp00062c6,2014-11-07T00:54:14.009Z,"3 km SW of Katowice, Poland",earthquake,,,,,reviewed,us,war
1993-10-21T06:02:35.190Z,39.568,20.435,10,3.3,md,,,,1.4,us,usp00062c4,2014-11-07T00:54:14.006Z,"9 km ENE of Parapótamos, Greece",earthquake,,,,,reviewed,us,ath
1993-10-21T05:18:30.420Z,10.596,-62.083,10,3.3,md,,,,1.2,us,usp00062c1,2014-11-07T00:54:14.001Z,"23 km E of Güiria, Venezuela",earthquake,,,,,reviewed,us,trn
1993-10-21T05:14:41.670Z,-2.61,138.173,33,5,mb,,,,1.4,us,usp00062c0,2014-11-07T00:54:14.000Z,"273 km W of Abepura, Indonesia",earthquake,,,,1,reviewed,us,us
1993-10-21T04:58:45.130Z,36.2906667,-120.4075,9.988,2.87,md,45,64,0.05495,0.05,nc,nc30032936,2016-12-21T01:54:36.570Z,"17 km NNW of Coalinga, California",earthquake,0.11,0.15,0.11,68,reviewed,nc,nc
1993-10-21T03:58:12.060Z,13.439,146.04,54.6,4.9,mb,,,,1,us,usp00062bx,2014-11-07T00:54:13.991Z,"125 km E of Yigo Village, Guam",earthquake,,7.3,,16,reviewed,us,us
1993-10-21T01:04:39.910Z,38.867,29.987,10,3.3,ml,,,,1,us,usp00062bu,2014-11-07T00:54:13.987Z,"1 km NNE of Dumlup?nar, Turkey",earthquake,,,,,reviewed,us,isk
1993-10-21T00:35:04.330Z,28.898,34.698,10,4.4,mb,,,,0.9,us,usp00062bt,2014-11-07T00:54:13.984Z,"16 km SSE of Nuwaybi‘a, Egypt",earthquake,,,,9,reviewed,us,us
1993-10-20T23:07:42.710Z,-29.199,-178.356,213.9,4.7,mb,,,,1.2,us,usp00062br,2014-11-07T00:54:13.979Z,"Kermadec Islands, New Zealand",earthquake,,8.6,,7,reviewed,us,us
1993-10-20T22:59:08.970Z,37.657,-4.343,10,2.6,mblg,,,,1.3,us,usp00062bq,2014-11-07T00:54:13.978Z,"4 km NNW of Baena, Spain",earthquake,,,,,reviewed,us,mdd
1993-10-20T22:28:08.700Z,36.594,29.371,10,3.4,ml,,,,0.3,us,usp00062bp,2014-11-07T00:54:13.977Z,"20 km E of Ölüdeniz, Turkey",earthquake,,,,,reviewed,us,isk
1993-10-20T20:54:34.430Z,58.5508,-153.9523,96.3,2.5,ml,,,,0.16,ak,ak993dgwp043,2020-09-14T20:13:37.779Z,"82 km NW of Aleneva, Alaska",earthquake,,2.5,,,reviewed,ak,ak
1993-10-20T19:35:52.980Z,-45.149,166.483,33,4.1,ml,,,,0.9,us,usp00062bk,2014-11-07T00:54:13.967Z,"101 km WNW of Te Anau, New Zealand",earthquake,,,,,reviewed,us,wel
1993-10-20T19:20:12.310Z,63.148,-150.7692,131.8,3,ml,,,,0.19,ak,ak993dgvw8gf,2020-09-14T20:13:38.569Z,"64 km SE of Denali National Park, Alaska",earthquake,,1.7,,,reviewed,ak,ak
1993-10-20T19:08:54.060Z,36.154,-118.035,-1.838,2.73,mc,0,123.1,,0.164,ci,ci3128097,2016-02-10T17:11:32.732Z,"14km NNW of Coso Junction, California",earthquake,,0.546,,69,reviewed,ci,ci
1993-10-20T18:16:18.480Z,40.2451667,-123.688,26.331,2.86,md,28,79,0.1342,0.11,nc,nc1208101,2016-12-21T01:51:50.640Z,"9 km ENE of Phillipsville, California",earthquake,0.37,1.04,0.13,30,reviewed,nc,nc
1993-10-20T18:08:21.740Z,-7.465,130.559,21.5,4.9,mb,,,,1.2,us,usp00062be,2014-11-07T00:54:13.950Z,"Pulau Pulau Tanimbar, Indonesia",earthquake,,,,13,reviewed,us,us
1993-10-20T17:19:19.540Z,-26.368,27.497,5,3.5,mblg,,,,0.7,us,usp00062bc,2014-11-07T00:54:13.947Z,"9 km E of Carletonville, South Africa",earthquake,,,,,reviewed,us,bul
1993-10-20T17:14:24.900Z,34.008,-116.321,4.305,2.61,mc,0,44,,0.18,ci,ci3128087,2016-02-09T23:26:33.520Z,"14km S of Joshua Tree, California",earthquake,,0.189,,82,reviewed,ci,ci
1993-10-20T16:29:18.920Z,-2.811,142.011,25.7,5.3,mb,,,,1.1,us,usp00062ba,2022-04-28T17:58:27.035Z,"52 km NW of Aitape, Papua New Guinea",earthquake,,,,49,reviewed,us,us
1993-10-20T16:19:29.830Z,32.413,-115.053,5.98,2.5,mc,0,213.5,0.3303,0.357,ci,ci3128076,2016-02-09T23:26:32.078Z,"15km ENE of Delta, B.C., MX",earthquake,,,,27,reviewed,ci,ci
1993-10-20T16:15:59.680Z,28.723,82.28,37.4,5.1,mb,,,,0.9,us,usp00062b9,2022-04-28T17:58:25.871Z,"55 km NNW of Besisahar, Nepal",earthquake,,,,55,reviewed,us,us
1993-10-20T16:11:57.740Z,49.125,6.914,10,2.6,ml,,,,1.2,us,usp00062b8,2014-11-07T00:54:13.917Z,"1 km ESE of Théding, France",earthquake,,,,,reviewed,us,str
1993-10-20T15:07:20.100Z,40.702,29.932,10,3,ml,,,,0.5,us,usp00062b3,2014-11-07T00:54:13.910Z,"1 km NW of Kar??yaka, Turkey",earthquake,,,,,reviewed,us,isk
1993-10-20T14:35:13.520Z,-5.991,146.161,33,3.9,mb,,,,1.6,us,usp00062b0,2014-11-07T00:54:13.906Z,"46 km NE of Kainantu, Papua New Guinea",earthquake,,,,2,reviewed,us,us
1993-10-20T13:57:36.800Z,39.684,29.421,10,2.7,ml,,,,0.1,us,usp00062ay,2014-11-07T00:54:13.904Z,"17 km NNW of Tav?anl?, Turkey",earthquake,,,,,reviewed,us,isk
1993-10-20T13:48:40.080Z,35.656,-119.318,4.76,2.77,ml,0,171,,0.338,ci,ci3128058,2016-02-10T13:41:23.315Z,"7km NNE of Wasco, California",earthquake,,,,17,reviewed,ci,ci
1993-10-20T13:47:53.540Z,6.235,126.262,33,4.6,mb,,,,1.1,us,usp00062aw,2014-11-07T00:54:13.899Z,"16 km SSE of Pondaguitan, Philippines",earthquake,,,,2,reviewed,us,us
1993-10-20T13:39:33.520Z,39.907,28.802,10,2.8,ml,,,,0.5,us,usp00062av,2014-11-07T00:54:13.897Z,"8 km SW of Kar?ncal?, Turkey",earthquake,,,,,reviewed,us,isk
1993-10-20T12:07:36.840Z,47.232,7.396,10,3,ml,,,,1,us,usp00062au,2014-11-07T00:54:13.894Z,"4 km NNW of Bettlach, Switzerland",earthquake,,,,,reviewed,us,ldg
1993-10-20T11:09:45.170Z,-26.325,27.483,5,3,mblg,,,,0.4,us,usp00062at,2014-11-07T00:54:13.892Z,"9 km ENE of Carletonville, South Africa",earthquake,,,,,reviewed,us,bul
1993-10-20T10:46:26.260Z,37.5155,-118.886,1.042,2.52,md,39,92,0.005405,0.04,nc,nc30032670,2016-12-21T01:49:11.360Z,"15 km WSW of Aspen Springs, California",earthquake,0.21,0.35,0.17,54,reviewed,nc,nc
1993-10-20T10:12:11.780Z,-32.232,-71.712,10,3.7,md,,,,1,us,usp00062aq,2014-11-07T00:54:13.887Z,"51 km WNW of La Ligua, Chile",earthquake,,,,,reviewed,us,san
1993-10-20T10:11:03.830Z,36.827,71.651,33,4.1,mb,,,,1.4,us,usp00062ap,2014-11-07T00:54:13.885Z,"11 km NNE of Ishqoshim, Tajikistan",earthquake,,,,5,reviewed,us,us
1993-10-20T09:59:20.410Z,39.647,29.436,10,2.7,ml,,,,0.2,us,usp00062an,2014-11-07T00:54:13.883Z,"12 km NNW of Tav?anl?, Turkey",earthquake,,,,,reviewed,us,isk
1993-10-20T09:57:03.770Z,39.188,27.437,10,2.6,ml,,,,0.2,us,usp00062am,2014-11-07T00:54:13.881Z,"12 km NNE of K?n?k, Turkey",earthquake,,,,,reviewed,us,isk
1993-10-20T09:50:15.990Z,39.062,27.72,10,2.7,ml,,,,0.2,us,usp00062ak,2014-11-07T00:54:13.880Z,"6 km SE of K?rka?aç, Turkey",earthquake,,,,,reviewed,us,isk
1993-10-20T09:39:42.190Z,16.386,120.765,33,4.1,mb,,,,1.4,us,usp00062ah,2014-11-07T00:54:13.876Z,"7 km NNE of Dalupirip, Philippines",earthquake,,,,2,reviewed,us,us
1993-10-20T09:17:55.670Z,37.5151667,-118.8858333,1.052,2.99,md,39,94,0.005405,0.05,nc,nc30032745,2016-12-21T01:48:13.670Z,"15 km WSW of Aspen Springs, California",earthquake,0.23,0.41,0.11,75,reviewed,nc,nc
1993-10-20T09:10:39.430Z,40.124,29.272,10,2.8,ml,,,,0.4,us,usp00062ad,2014-11-07T00:54:13.868Z,"9 km SSE of Kestel, Turkey",earthquake,,,,,reviewed,us,isk
1993-10-20T09:09:15.000Z,40.565,21.876,10,2.8,ml,,,,1.4,us,usp00062ac,2014-11-07T00:54:13.866Z,"8 km ESE of Komniná, Greece",earthquake,,,,,reviewed,us,the
1993-10-20T08:41:25.110Z,33.31,138.437,11.1,4.1,mb,,,,0.6,us,usp00062ab,2014-11-07T00:54:13.863Z,"144 km S of ?yama, Japan",earthquake,,2.9,,1,reviewed,us,us
1993-10-20T08:07:06.130Z,40.4276667,-125.1365,-0.693,2.53,md,18,291,0.6126,0.2,nc,nc30032646,2016-12-21T01:47:51.366Z,"75 km WSW of Ferndale, California",earthquake,3.11,2.47,0.16,9,reviewed,nc,nc
1993-10-20T07:23:38.640Z,28.776,82.256,33,5,mb,,,,1.2,us,usp00062aa,2022-04-28T17:58:20.747Z,"53 km E of Dailekh, Nepal",earthquake,,,,37,reviewed,us,us
1993-10-20T07:21:27.020Z,-6.722,128.719,33,4.4,mb,,,,1.7,us,usp00062a9,2014-11-07T00:54:13.852Z,"275 km NE of Lospalos, Timor Leste",earthquake,,,,2,reviewed,us,us
1993-10-20T06:53:29.470Z,-17.094,-179.033,480.7,4.7,mb,,,,1.2,us,usp00062a7,2014-11-07T00:54:13.838Z,"185 km ESE of Labasa, Fiji",earthquake,,19.2,,9,reviewed,us,us
1993-10-20T06:50:29.300Z,35.29,-118.535,3.489,2.71,ml,0,51.7,,0.147,ci,ci3128023,2016-02-10T20:47:57.747Z,"19km NNW of Tehachapi, California",earthquake,,0.21,,20,reviewed,ci,ci
1993-10-20T06:43:15.820Z,-5.905,146.55,33,4.3,mb,,,,1.3,us,usp00062a5,2014-11-07T00:54:13.834Z,"86 km ENE of Kainantu, Papua New Guinea",earthquake,,,,3,reviewed,us,us
1993-10-20T05:00:02.410Z,29.791,-109.51,5,3.5,ml,,,,0.5,us,usp00062a2,2014-11-07T00:54:13.830Z,"16 km E of Moctezuma, Mexico",earthquake,,,,,reviewed,us,gs$
1993-10-20T04:52:47.260Z,37.143,28.619,10,3.2,ml,,,,0.2,us,usp00062a1,2014-11-07T00:54:13.828Z,"18 km ENE of Ula, Turkey",earthquake,,,,,reviewed,us,isk
1993-10-20T02:42:49.190Z,37.6373333,-118.8738333,6.092,2.57,md,14,80,0.02523,0.03,nc,nc1208062,2016-12-21T01:45:00.915Z,"8 km E of Mammoth Lakes, California",earthquake,0.53,0.9,0.1,15,reviewed,nc,nc
1993-10-20T01:49:26.620Z,10.159,125.345,33,4.4,mb,,,,1.7,us,usp000629y,2014-11-07T00:54:13.824Z,"22 km ENE of San Francisco, Philippines",earthquake,,,,3,reviewed,us,us
1993-10-20T01:37:06.970Z,40.4215,-125.0895,-0.573,2.81,md,28,284,0.5775,0.29,nc,nc30032579,2016-12-21T01:43:32.658Z,"72 km WSW of Ferndale, California",earthquake,2.29,4.26,0.08,21,reviewed,nc,nc
1993-10-20T01:12:26.230Z,40.316,22.074,5,2.6,ml,,,,1.2,us,usp000629v,2014-11-07T00:54:13.818Z,"6 km N of Velventós, Greece",earthquake,,,,,reviewed,us,the
1993-10-20T01:00:21.100Z,46.814,150.897,171,3.8,mb,,,,0.9,us,usp000629u,2014-11-07T00:54:13.815Z,"292 km NE of Kuril’sk, Russia",earthquake,,16.5,,8,reviewed,us,us
1993-10-20T00:57:59.150Z,40.33,22.027,5,2.7,ml,,,,1.3,us,usp000629t,2014-11-07T00:54:13.813Z,"9 km NNW of Velventós, Greece",earthquake,,,,,reviewed,us,the
1993-10-19T23:18:45.840Z,40.123,29.271,10,2.9,ml,,,,0.4,us,usp000629r,2014-11-07T00:54:13.810Z,"9 km SSE of Kestel, Turkey",earthquake,,,,,reviewed,us,isk
1993-10-19T23:18:13.000Z,40.156,29.223,10,2.8,ml,,,,0.8,us,usp000629q,2014-11-07T00:54:13.809Z,"4 km S of Kestel, Turkey",earthquake,,,,,reviewed,us,isk
1993-10-19T22:50:38.500Z,35.14,25.888,83.4,4.3,mb,,,,1.3,us,usp000629n,2014-11-07T00:54:13.799Z,"16 km ESE of Ágios Nikólaos, Greece",earthquake,,5.9,,14,reviewed,us,us
1993-10-19T22:43:27.590Z,-31.856,-69.571,130,3.8,md,,,,0.6,us,usp000629m,2014-11-07T00:54:13.797Z,"59 km SSW of Calingasta, Argentina",earthquake,,,,,reviewed,us,san
1993-10-19T20:37:02.100Z,34.393,-116.464,1.438,2.75,mc,0,124.8,0.1327,0.115,ci,ci2127707,2016-02-10T20:47:45.484Z,"31km N of Yucca Valley, California",earthquake,,1.739,,4,reviewed,ci,ci
1993-10-19T19:31:19.870Z,31.941,-118.857,5.801,3.03,mc,0,257,,0.357,ci,ci3127948,2016-02-10T20:47:44.295Z,"109km SSW of San Clemente Is. (SE tip), California",earthquake,,,,111,reviewed,ci,ci
1993-10-19T19:08:21.040Z,-33.103,-70.88,69.6,3.4,md,,,,0.2,us,usp000629f,2014-11-07T00:54:13.789Z,"20 km N of Lampa, Chile",earthquake,,30.3,,,reviewed,us,san
1993-10-19T18:13:55.410Z,38.318,-1.38,10,3.5,mblg,,,,0.7,us,usp000629e,2014-11-07T00:54:13.787Z,"9 km NNE of Cieza, Spain",earthquake,,,,,reviewed,us,mdd
1993-10-19T18:05:01.470Z,-28.052,26.793,5,2.9,ml,,,,0.3,us,usp000629d,2014-11-07T00:54:13.785Z,"9 km NW of Virginia, South Africa",earthquake,,,,,reviewed,us,pre
1993-10-19T17:23:43.550Z,50.228,18.928,10,3.2,ml,,,,1.2,us,usp000629b,2014-11-07T00:54:13.779Z,"6 km ESE of Ruda ?l?ska, Poland",earthquake,,,,,reviewed,us,war
1993-10-19T16:45:29.530Z,21.453,143.591,42.1,5,mb,,,,1.1,us,usp000629a,2014-11-07T00:54:13.772Z,"Mariana Islands region",earthquake,,10.8,,25,reviewed,us,us
1993-10-19T16:35:46.240Z,37.5376667,-118.8853333,2.022,2.72,md,40,62,0.02703,0.04,nc,nc30032515,2016-12-21T01:38:53.870Z,"14 km SSE of Mammoth Lakes, California",earthquake,0.17,0.32,0.2,59,reviewed,nc,nc
1993-10-19T16:06:29.730Z,15.61,-92.716,33,4.3,md,,,,0.3,us,usp0006298,2014-11-07T00:54:13.769Z,"8 km WSW of Laguna del Cofre, Mexico",earthquake,,,,,reviewed,us,gcg
1993-10-19T15:31:37.970Z,38.791,73.242,33,4.8,mb,,,,1.2,us,usp0006297,2014-11-07T00:54:13.766Z,"93 km NW of Murghob, Tajikistan",earthquake,,,,11,reviewed,us,us
1993-10-19T13:33:37.120Z,19.726,143.203,33,5,mb,,,,0.9,us,usp0006294,2014-11-07T00:54:13.760Z,"Mariana Islands region",earthquake,,,,12,reviewed,us,us
1993-10-19T13:12:54.130Z,60.2533,-151.289,51.7,2.7,ml,,,,0.33,ak,ak993df4qntx,2020-09-14T20:13:43.139Z,"6 km ENE of Clam Gulch, Alaska",earthquake,,1.6,,,reviewed,ak,ak
1993-10-19T13:04:35.450Z,14.026,-91.72,33,4.5,mb,,,,0.9,us,usp0006292,2014-11-07T00:54:13.751Z,"36 km SE of Champerico, Guatemala",earthquake,,,,15,reviewed,us,us
1993-10-19T11:37:46.250Z,61.5713,-146.2637,30.4,2.5,ml,,,,0.35,ak,ak993df3p4wx,2020-09-14T20:13:43.580Z,"49 km N of Valdez, Alaska",earthquake,,1.1,,,reviewed,ak,ak
1993-10-19T11:34:30.820Z,36.933,29.332,10,3.1,ml,,,,0.1,us,usp000628y,2014-11-07T00:54:13.742Z,"20 km WSW of Alt?nyayla, Turkey",earthquake,,,,,reviewed,us,isk
1993-10-19T11:29:57.810Z,57.545,-143.102,10,2.9,ml,,,,0.5,us,usp000628x,2020-09-14T20:13:44.024Z,"297 km SW of Yakutat, Alaska",earthquake,,,,,reviewed,us,aei
1993-10-19T10:36:31.440Z,39.105,27.554,10,2.7,ml,,,,0.5,us,usp000628w,2014-11-07T00:54:13.739Z,"9 km W of K?rka?aç, Turkey",earthquake,,,,,reviewed,us,isk
1993-10-19T10:33:18.950Z,39.079,27.652,10,2.6,ml,,,,0.9,us,usp000628v,2014-11-07T00:54:13.738Z,"3 km SSW of K?rka?aç, Turkey",earthquake,,,,,reviewed,us,isk
1993-10-19T10:24:35.700Z,39.687,29.453,10,2.7,ml,,,,0.5,us,usp000628u,2014-11-07T00:54:13.737Z,"16 km NNW of Tav?anl?, Turkey",earthquake,,,,,reviewed,us,isk
1993-10-19T09:59:52.330Z,-26.451,27.479,5,2.7,ml,,,,0.7,us,usp000628t,2014-11-07T00:54:13.735Z,"4 km NNW of Fochville, South Africa",earthquake,,,,,reviewed,us,pre
1993-10-19T09:55:49.060Z,39.085,27.62,10,2.6,ml,,,,0.4,us,usp000628s,2014-11-07T00:54:13.734Z,"4 km WSW of K?rka?aç, Turkey",earthquake,,,,,reviewed,us,isk
1993-10-19T09:47:12.360Z,-5.163,151.901,44.3,5.5,mw,,,,1.3,us,usp000628r,2022-04-28T17:58:15.010Z,"99 km SSW of Kokopo, Papua New Guinea",earthquake,,,,,reviewed,us,hrv
1993-10-19T09:28:21.880Z,-18.011,-178.401,580.9,4.8,mb,,,,0.9,us,usp000628q,2014-11-07T00:54:13.714Z,"241 km E of Levuka, Fiji",earthquake,,,,44,reviewed,us,us
1993-10-19T09:27:36.930Z,39.255,27.704,10,2.8,ml,,,,0.8,us,usp000628p,2014-11-07T00:54:13.713Z,"11 km NE of Soma, Turkey",earthquake,,,,,reviewed,us,isk
1993-10-19T08:40:49.400Z,39.097,27.566,10,2.7,ml,,,,0.1,us,usp000628m,2014-11-07T00:54:13.710Z,"8 km W of K?rka?aç, Turkey",earthquake,,,,,reviewed,us,isk
1993-10-19T07:48:59.620Z,40.314,25.694,10,3.8,ml,,,,0.8,us,usp000628h,2014-11-07T00:54:13.704Z,"22 km NW of Gökçeada, Turkey",earthquake,,,,,reviewed,us,the
1993-10-19T07:44:49.450Z,10.912,-62.326,80,3.3,md,,,,0.3,us,usp000628g,2014-11-07T00:54:13.703Z,"37 km N of Güiria, Venezuela",earthquake,,,,,reviewed,us,trn
1993-10-19T07:41:11.390Z,38.874,29.846,10,3.2,ml,,,,0.4,us,usp000628f,2014-11-07T00:54:13.701Z,"11 km W of Dumlup?nar, Turkey",earthquake,,,,,reviewed,us,isk
1993-10-19T06:00:49.660Z,39.293,27.933,10,2.8,ml,,,,0.8,us,usp000628e,2014-11-07T00:54:13.700Z,"20 km WSW of Bigadiç, Turkey",earthquake,,,,,reviewed,us,isk
1993-10-19T05:59:21.620Z,49.503,6.741,10,3,ml,,,,1.4,us,usp000628d,2014-11-07T00:54:13.697Z,"0 km SSW of Losheim, Germany",earthquake,,,,,reviewed,us,grf
1993-10-19T04:47:03.790Z,37.526,-118.8836667,1.902,3.77,md,37,57,0.01532,0.05,nc,nc30032442,2016-12-21T01:32:24.870Z,"15 km WSW of Aspen Springs, California",earthquake,0.21,0.39,0.08,196,reviewed,nc,nc
1993-10-19T04:02:21.900Z,-22.378,-65.971,272,6,mw,,,,1.1,us,usp000628b,2022-04-28T17:58:13.836Z,"47 km NW of Abra Pampa, Argentina",earthquake,,,,,reviewed,us,hrv
1993-10-19T03:13:30.900Z,34.231,-116.441,3.507,2.52,mc,0,45.6,,0.164,ci,ci3127839,2016-02-10T20:47:40.582Z,"13km N of Yucca Valley, California",earthquake,,0.261,,113,reviewed,ci,ci
1993-10-19T02:40:29.070Z,34.198,-116.433,4.847,3.37,ml,0,57.4,,0.168,ci,ci3127836,2016-02-10T20:47:38.608Z,"9km N of Yucca Valley, California",earthquake,,5.803,,54,reviewed,ci,ci
1993-10-19T01:30:08.860Z,-4.426,154.522,33,4.7,mb,,,,1.6,us,usp0006288,2014-11-07T00:54:13.633Z,"230 km NNW of Arawa, Papua New Guinea",earthquake,,,,3,reviewed,us,us
1993-10-19T01:22:54.410Z,38.322,28.049,10,3.2,ml,,,,0.7,us,usp0006287,2014-11-07T00:54:13.632Z,"12 km NNE of Ödemi?, Turkey",earthquake,,,,,reviewed,us,isk
1993-10-18T23:05:55.560Z,59.3988,-151.9065,54.8,3.8,ml,,,,0.22,ak,ak993ddn45hg,2020-09-14T20:13:46.859Z,"4 km N of Nanwalek, Alaska",earthquake,,1.1,,,reviewed,ak,ak
1993-10-18T22:47:13.480Z,40.3915,-125.704,2.312,3.64,md,58,272,1.048,0.2,nc,nc30032412,2016-12-21T01:30:17.233Z,"123 km W of Ferndale, California",earthquake,3.17,18.09,0.15,54,reviewed,nc,nc
1993-10-18T22:21:52.010Z,-3.188,134.382,33,4.7,mb,,,,1.4,us,usp0006280,2014-11-07T00:54:13.606Z,"125 km W of Nabire, Indonesia",earthquake,,,,4,reviewed,us,us
1993-10-18T22:16:49.470Z,-32.432,-69.655,135.8,4,md,,,,0.7,us,usp000627z,2014-11-07T00:54:13.603Z,"92 km WNW of Mendoza, Argentina",earthquake,,16.5,,,reviewed,us,san
1993-10-18T21:49:45.360Z,31.951,-118.865,5.801,4.72,ml,0,255.8,,0.381,ci,ci3127801,2016-02-10T03:03:56.219Z,"108km SSW of San Clemente Is. (SE tip), California",earthquake,,,,54,reviewed,ci,ci
1993-10-18T21:43:09.370Z,-33.129,-177.82,33,5.2,mw,,,,1.3,us,usp000627x,2025-12-19T22:51:11.355Z,"south of the Kermadec Islands",earthquake,,,,,reviewed,us,hrv
1993-10-18T21:42:13.050Z,9.984,125.428,33,4.4,mb,,,,0.8,us,usp000627w,2014-11-07T00:54:13.587Z,"18 km W of Dinagat, Philippines",earthquake,,,,4,reviewed,us,us
1993-10-18T20:59:04.060Z,40.252,25.678,10,3.1,ml,,,,1.2,us,usp000627v,2014-11-07T00:54:13.586Z,"20 km WNW of Gökçeada, Turkey",earthquake,,,,,reviewed,us,isk
1993-10-18T20:51:15.570Z,28.896,34.57,9.3,4.8,mb,,,,1.2,us,usp000627u,2014-11-07T00:54:13.581Z,"19 km SSW of Nuwaybi‘a, Egypt",earthquake,,,,15,reviewed,us,us
1993-10-18T20:13:48.540Z,40.299,25.657,10,3.8,ml,,,,1,us,usp000627r,2014-11-07T00:54:13.576Z,"22 km SSE of Samothráki, Greece",earthquake,,,,,reviewed,us,the
1993-10-18T20:11:14.010Z,34.459,-116.512,9.887,2.79,mc,0,90.5,0.2064,0.178,ci,ci3127781,2016-02-11T00:28:39.982Z,"38km NE of Big Bear City, California",earthquake,,9.181,,2,reviewed,ci,ci
1993-10-18T19:49:55.470Z,36.1593333,-120.1583333,7.727,2.62,md,33,117,0.1063,0.05,nc,nc30032393,2016-12-21T01:28:55.550Z,"6 km SW of Huron, California",earthquake,0.19,0.33,0.1,58,reviewed,nc,nc
1993-10-18T16:35:02.270Z,30.035,98.243,29.3,4.8,mb,,,,1.2,us,usp000627n,2022-04-28T17:58:12.672Z,"158 km SE of Qamdo, China",earthquake,,,,25,reviewed,us,us
1993-10-18T16:14:25.990Z,62.899,-150.9085,106.4,2.9,ml,,,,0.12,ak,ak993ddizzev,2020-09-14T20:13:47.748Z,"45 km N of Petersville, Alaska",earthquake,,1.9,,,reviewed,ak,ak
1993-10-18T16:10:31.360Z,-5.99,146.005,33,4.8,mb,,,,1,us,usp000627h,2014-11-07T00:54:13.524Z,"36 km NNE of Kainantu, Papua New Guinea",earthquake,,,,6,reviewed,us,us
1993-10-18T16:03:35.070Z,34.8453333,-120.9058333,3.891,2.74,md,50,215,0.2405,0.18,nc,nc30032344,2016-12-21T01:27:42.600Z,"33 km WSW of Guadalupe, California",earthquake,0.72,1.04,0.15,50,reviewed,nc,nc
1993-10-18T15:46:21.520Z,37.104,28.58,10,3.3,ml,,,,0.2,us,usp000627g,2014-11-07T00:54:13.477Z,"14 km E of Ula, Turkey",earthquake,,,,,reviewed,us,isk
1993-10-18T14:29:22.130Z,40.281,22.076,9.1,3.7,mb,,,,1.1,us,usp000627e,2014-11-07T00:54:13.386Z,"2 km N of Velventós, Greece",earthquake,,2.5,,1,reviewed,us,us
1993-10-18T14:19:33.830Z,40.278,22.092,10,3.5,mb,,,,1.1,us,usp000627c,2014-11-07T00:54:13.322Z,"2 km NNE of Velventós, Greece",earthquake,,,,1,reviewed,us,us
1993-10-18T13:57:14.620Z,22.133,62.861,10,5.2,mb,,,,1.4,us,usp000627a,2014-11-07T00:54:13.300Z,"Owen Fracture Zone region",earthquake,,,,54,reviewed,us,us
1993-10-18T12:50:49.080Z,10.966,-61.444,33,2.5,md,,,,0,us,usp0006278,2014-11-07T00:54:13.297Z,"31 km NNE of Petit Valley, Trinidad and Tobago",earthquake,,,,,reviewed,us,trn
1993-10-18T12:48:24.540Z,39.391,23.601,10,3,ml,,,,0.2,us,usp0006277,2014-11-07T00:54:13.295Z,"Aegean Sea",earthquake,,,,,reviewed,us,the
1993-10-18T12:41:36.840Z,38.633,70.02,33,4.9,mb,,,,1.1,us,usp0006276,2014-11-07T00:54:13.290Z,"21 km SE of Roghun, Tajikistan",earthquake,,,,21,reviewed,us,us
1993-10-18T12:05:45.280Z,32.368,-115.054,5.98,2.53,mc,0,221.2,0.3747,0.403,ci,ci3127715,2016-02-10T10:13:17.655Z,"10km NNE of Guadalupe Victoria, B.C., MX",earthquake,,,,27,reviewed,ci,ci
1993-10-18T10:33:50.890Z,39.112,27.52,10,2.7,ml,,,,0.7,us,usp0006273,2014-11-07T00:54:13.286Z,"11 km SW of Soma, Turkey",earthquake,,,,,reviewed,us,isk
1993-10-18T10:29:32.550Z,39.114,27.416,10,2.6,ml,,,,0.8,us,usp0006272,2014-11-07T00:54:13.284Z,"4 km NE of K?n?k, Turkey",earthquake,,,,,reviewed,us,isk
1993-10-18T10:28:31.760Z,63.1172,-150.8992,136.2,2.6,ml,,,,0.21,ak,ak993ddfie94,2020-09-14T20:13:48.193Z,"62 km SE of Denali National Park, Alaska",earthquake,,3.7,,,reviewed,ak,ak
1993-10-18T10:25:50.500Z,39.076,27.568,10,2.6,ml,,,,0.3,us,usp0006270,2014-11-07T00:54:13.279Z,"9 km WSW of K?rka?aç, Turkey",earthquake,,,,,reviewed,us,isk
1993-10-18T10:13:21.530Z,39.084,27.522,10,2.6,ml,,,,0.9,us,usp000626z,2014-11-07T00:54:13.278Z,"12 km E of K?n?k, Turkey",earthquake,,,,,reviewed,us,isk
1993-10-18T09:49:43.250Z,18.656,-64.452,30.3,4.3,mb,,,,1.2,us,usp000626y,2014-11-07T00:54:13.273Z,"50 km NE of Cruz Bay, U.S. Virgin Islands",earthquake,,4.5,,3,reviewed,us,us
1993-10-18T09:41:42.170Z,39.281,27.773,10,2.7,ml,,,,0.3,us,usp000626x,2014-11-07T00:54:13.272Z,"15 km SE of Sava?tepe, Turkey",earthquake,,,,,reviewed,us,isk
1993-10-18T09:27:47.970Z,54.371,-147.096,10,3.1,ml,,,,,us,usp000626w,2020-09-14T20:13:49.003Z,"south of Alaska",earthquake,,,,,reviewed,aei,aei
1993-10-18T09:20:44.250Z,39.146,27.569,10,2.8,ml,,,,0.3,us,usp000626v,2014-11-07T00:54:13.266Z,"5 km SW of Soma, Turkey",earthquake,,,,,reviewed,us,isk
1993-10-18T09:07:14.860Z,39.117,27.573,10,2.7,ml,,,,0.2,us,usp000626u,2014-11-07T00:54:13.265Z,"8 km SSW of Soma, Turkey",earthquake,,,,,reviewed,us,isk
1993-10-18T08:58:25.550Z,61.3333,-150.2075,36.9,2.5,ml,,,,0.25,ak,ak993ddehy1n,2020-09-14T20:13:49.353Z,"12 km WSW of Point MacKenzie, Alaska",earthquake,,1.4,,,reviewed,ak,ak
1993-10-18T08:35:15.450Z,39.167,27.178,10,2.9,ml,,,,0.4,us,usp000626s,2014-11-07T00:54:13.259Z,"5 km N of Bergama, Turkey",earthquake,,,,,reviewed,us,isk
1993-10-18T08:33:14.130Z,39.593,29.535,10,2.6,ml,,,,0.7,us,usp000626r,2014-11-07T00:54:13.258Z,"6 km NNE of Tav?anl?, Turkey",earthquake,,,,,reviewed,us,isk
1993-10-18T08:14:24.200Z,39.102,27.701,10,2.6,ml,,,,0.4,us,usp000626p,2014-11-07T00:54:13.256Z,"2 km E of K?rka?aç, Turkey",earthquake,,,,,reviewed,us,isk
1993-10-18T07:55:06.760Z,39.602,29.471,10,2.6,ml,,,,1,us,usp000626k,2014-11-07T00:54:13.252Z,"7 km NNW of Tav?anl?, Turkey",earthquake,,,,,reviewed,us,isk
1993-10-18T07:52:14.800Z,39.14,27.699,10,2.7,ml,,,,0.8,us,usp000626j,2014-11-07T00:54:13.251Z,"4 km NE of K?rka?aç, Turkey",earthquake,,,,,reviewed,us,isk
1993-10-18T07:51:12.170Z,36.193,114.557,33,3.9,ml,,,,1.6,us,usp000626h,2014-11-07T00:54:13.249Z,"19 km NE of Anyang, China",earthquake,,,,,reviewed,us,bji
1993-10-18T07:50:36.350Z,13.952,-92.668,33,4.1,md,,,,1.1,us,usp000626g,2014-11-07T00:54:13.247Z,"80 km SW of Ocós, Guatemala",earthquake,,,,,reviewed,us,gcg
1993-10-18T07:45:47.200Z,37.5368333,-118.8811667,2.692,2.9,md,39,79,0.02613,0.05,nc,nc30032291,2016-12-21T01:21:39.980Z,"14 km SSE of Mammoth Lakes, California",earthquake,0.22,0.38,0.17,40,reviewed,nc,nc
1993-10-18T07:37:26.210Z,37.5383333,-118.88,1.627,3.25,md,37,58,0.02793,0.05,nc,nc30033376,2016-12-21T01:21:00.320Z,"14 km SSE of Mammoth Lakes, California",earthquake,0.23,0.43,0.16,42,reviewed,nc,nc
1993-10-18T07:36:21.580Z,37.5403333,-118.8805,2.572,2.77,md,37,53,0.02973,0.06,nc,nc30032286,2016-12-21T01:20:51.080Z,"14 km SE of Mammoth Lakes, California",earthquake,0.24,0.4,0.1,40,reviewed,nc,nc
1993-10-18T07:24:06.490Z,-3.801,152.605,33,5,mb,,,,1.2,us,usp000626c,2014-11-07T00:54:13.238Z,"66 km NE of Rabaul, Papua New Guinea",earthquake,,,,6,reviewed,us,us
1993-10-18T06:40:20.850Z,37.539,-118.8831667,2.532,3.51,md,39,53,0.02793,0.04,nc,nc30032277,2016-12-21T01:19:00.580Z,"14 km SSE of Mammoth Lakes, California",earthquake,0.19,0.39,0.07,71,reviewed,nc,nc
1993-10-18T06:39:04.780Z,59.9977,-151.4937,66,3,ml,,,,0.27,ak,ak993ddd6ymm,2020-09-14T20:13:50.095Z,"11 km ESE of Ninilchik, Alaska",earthquake,,1.4,,,reviewed,ak,ak
1993-10-18T06:27:53.140Z,58.8545,-154.8598,130.5,2.8,ml,,,,0.19,ak,ak993ddd4hrm,2020-09-14T20:13:50.579Z,"65 km S of Kokhanok, Alaska",earthquake,,12.7,,,reviewed,ak,ak
1993-10-18T06:13:32.680Z,13.972,-92.781,33,4,mb,,,,1.6,us,usp0006267,2014-11-07T00:54:13.216Z,"Near the coast of Guatemala",earthquake,,,,2,reviewed,us,us
1993-10-18T05:50:17.430Z,0.633,30.215,33,4.9,mb,,,,0.8,us,usp0006266,2022-04-28T17:58:11.523Z,"7 km WSW of Fort Portal, Uganda",earthquake,,,,13,reviewed,us,us
1993-10-18T03:45:53.320Z,37.6355,-118.9148333,6.064,2.82,md,37,39,0.01351,0.04,nc,nc30032254,2016-12-21T01:17:17.580Z,"5 km ESE of Mammoth Lakes, California",earthquake,0.2,0.29,0.16,40,reviewed,nc,nc
1993-10-18T03:06:59.490Z,23.626,100.34,10,4.2,ml,,,,1.6,us,usp0006260,2014-11-07T00:54:13.192Z,"115 km SW of Jianshui, China",earthquake,,,,,reviewed,us,bji
1993-10-18T03:04:38.640Z,37.6351667,-118.913,5.514,2.56,md,36,35,0.01171,0.05,nc,nc30032251,2016-12-21T01:16:23.500Z,"5 km ESE of Mammoth Lakes, California",earthquake,0.19,0.27,0.22,42,reviewed,nc,nc
1993-10-18T02:47:27.260Z,38.759,26.463,10,3.1,ml,,,,0.4,us,usp000625y,2014-11-07T00:54:13.189Z,"14 km NNW of Karaburun, Turkey",earthquake,,,,,reviewed,us,isk
1993-10-18T01:59:48.390Z,38.873,-0.812,10,2.7,mblg,,,,0,us,usp000625x,2014-11-07T00:54:13.188Z,"5 km W of Mogente, Spain",earthquake,,,,,reviewed,us,mdd
1993-10-18T01:50:55.760Z,37.6366667,-118.9153333,5.424,2.6,md,33,39,0.01441,0.05,nc,nc30033277,2016-12-21T01:13:21.670Z,"5 km ESE of Mammoth Lakes, California",earthquake,0.18,0.26,0.3,36,reviewed,nc,nc
1993-10-18T01:38:34.530Z,37.6365,-118.9126667,5.284,2.66,md,32,34,0.01261,0.05,nc,nc30033419,2016-12-21T01:12:19.760Z,"5 km ESE of Mammoth Lakes, California",earthquake,0.25,0.3,0.27,32,reviewed,nc,nc
1993-10-18T01:37:33.300Z,37.6363333,-118.9148333,5.704,2.81,md,37,38,0.01351,0.05,nc,nc30032236,2016-12-21T01:12:07.960Z,"5 km ESE of Mammoth Lakes, California",earthquake,0.2,0.26,0.3,36,reviewed,nc,nc
1993-10-18T01:33:36.660Z,37.6356667,-118.9148333,5.864,2.51,md,32,39,0.01351,0.05,nc,nc30032234,2016-12-21T01:11:51.790Z,"5 km ESE of Mammoth Lakes, California",earthquake,0.21,0.35,0.21,32,reviewed,nc,nc
1993-10-18T01:30:30.040Z,37.6375,-118.9205,5.914,3.24,md,38,49,0.01802,0.04,nc,nc30032232,2016-12-21T01:11:36.940Z,"4 km ESE of Mammoth Lakes, California",earthquake,0.21,0.29,0.15,54,reviewed,nc,nc
1993-10-18T01:30:10.030Z,36.745,29.1,10,3.1,ml,,,,0.3,us,usp000625t,2014-11-07T00:54:13.182Z,"5 km NNE of Karg?, Turkey",earthquake,,,,,reviewed,us,isk
1993-10-18T01:28:22.540Z,36.443,53.95,33,4.4,mb,,,,1.3,us,usp000625s,2014-11-07T00:54:13.181Z,"45 km SE of Behshahr, Iran",earthquake,,,,2,reviewed,us,us
1993-10-18T00:28:21.460Z,32.172,-116.673,5.436,2.75,mc,0,274,0.6742,0.272,ci,ci3127599,2016-02-09T23:25:59.678Z,"24km ESE of Primo Tapia, B.C., MX",earthquake,,,,55,reviewed,ci,ci
1993-10-18T00:00:56.370Z,39.427,27.828,10,2.7,ml,,,,0.1,us,usp000625n,2014-11-07T00:54:13.175Z,"15 km ENE of Sava?tepe, Turkey",earthquake,,,,,reviewed,us,isk
1993-10-17T23:34:57.160Z,39.401,27.908,10,2.9,ml,,,,0.5,us,usp000625m,2014-11-07T00:54:13.174Z,"19 km W of Bigadiç, Turkey",earthquake,,,,,reviewed,us,isk
1993-10-17T22:57:00.860Z,45.238,3.902,10,3,ml,,,,1,us,usp000625g,2014-11-07T00:54:13.167Z,"5 km N of Vorey, France",earthquake,,,,,reviewed,us,str
1993-10-17T21:57:30.310Z,14.39,-92.368,33,4,md,,,,0.5,us,usp000625f,2014-11-07T00:54:13.166Z,"22 km SW of Brisas Barra de Suchiate, Mexico",earthquake,,,,,reviewed,us,gcg
1993-10-17T20:18:03.170Z,36.711,29.112,10,3.3,ml,,,,0.5,us,usp000625e,2014-11-07T00:54:13.164Z,"3 km ENE of Karg?, Turkey",earthquake,,,,,reviewed,us,isk
1993-10-17T20:08:17.050Z,36.819,29.079,10,3.1,ml,,,,1.2,us,usp000625d,2014-11-07T00:54:13.163Z,"12 km NNE of Yaniklar, Turkey",earthquake,,,,,reviewed,us,isk
1993-10-17T19:38:29.380Z,-5.052,152.437,73.3,4.8,mb,,,,0.9,us,usp000625b,2014-11-07T00:54:13.160Z,"80 km SSE of Kokopo, Papua New Guinea",earthquake,,11.9,,4,reviewed,us,us
1993-10-17T19:23:56.440Z,40.751,27.402,5,2.6,ml,,,,0.2,us,usp000625a,2014-11-07T00:54:13.159Z,"15 km SSW of Kumba?, Turkey",earthquake,,,,,reviewed,us,isk
1993-10-17T18:33:14.790Z,40.835,27.969,10,2.8,ml,,,,0.6,us,usp0006259,2014-11-07T00:54:13.157Z,"14 km S of Marmara Ere?lisi, Turkey",earthquake,,,,,reviewed,us,isk
1993-10-17T17:56:32.630Z,-5.979,146.125,33,4,mb,,,,1,us,usp0006258,2014-11-07T00:54:13.156Z,"44 km NE of Kainantu, Papua New Guinea",earthquake,,,,2,reviewed,us,us
1993-10-17T17:28:35.930Z,39.68,26.246,10,2.7,ml,,,,0.9,us,usp0006257,2014-11-07T00:54:13.155Z,"14 km SSE of Geyikli, Turkey",earthquake,,,,,reviewed,us,isk
1993-10-17T15:42:39.490Z,-10.989,164.576,32.6,5.4,mw,,,,1.1,us,usp0006255,2025-12-19T22:51:10.568Z,"136 km WSW of Lata, Solomon Islands",earthquake,,,,,reviewed,us,hrv
1993-10-17T15:42:05.820Z,40.63,29.909,10,2.7,ml,,,,0.8,us,usp0006254,2014-11-07T00:54:13.147Z,"4 km S of Bahçecik, Turkey",earthquake,,,,,reviewed,us,isk
1993-10-17T15:38:58.330Z,35.808,26.628,10,3.8,md,,,,0.8,us,usp0006253,2014-11-07T00:54:13.145Z,"51 km NNW of Fry, Greece",earthquake,,,,,reviewed,us,ath
1993-10-17T15:37:49.920Z,35.812,-121.321,8.464,2.74,md,52,160,0.03694,0.09,nc,nc30032202,2016-12-21T01:09:29.060Z,"22 km NNW of San Simeon, California",earthquake,0.23,0.39,0.13,69,reviewed,nc,nc
1993-10-17T15:10:05.900Z,-19.568,-172.647,40,5.3,mb,,,,1.3,us,usp0006251,2014-11-07T00:54:13.135Z,"173 km SE of Neiafu, Tonga",earthquake,,,,26,reviewed,us,us
1993-10-17T15:03:13.980Z,41.153,28.866,10,2.7,ml,,,,0.6,us,usp0006250,2014-11-07T00:54:13.133Z,"5 km N of Sultangazi, Turkey",earthquake,,,,,reviewed,us,isk
1993-10-17T14:55:27.560Z,62.56,-151.211,86.6,2.7,ml,,,,0.22,ak,ak993dbuik6s,2020-09-14T20:13:53.323Z,"Central Alaska",earthquake,,2,,,reviewed,ak,ak
1993-10-17T14:53:31.100Z,19.336,121.117,33,4.6,mb,,,,1.3,us,usp000624y,2014-11-07T00:54:13.108Z,"80 km N of Namuac, Philippines",earthquake,,,,20,reviewed,us,us
1993-10-17T14:39:01.580Z,34.553,27.659,13,4.4,mb,,,,1.4,us,usp000624x,2014-11-07T00:54:13.101Z,"113 km SSE of Karpathos, Greece",earthquake,,5.2,,14,reviewed,us,us
1993-10-17T14:09:03.080Z,-30.3,-72.089,20.5,4.5,md,,,,1.1,us,usp000624v,2014-11-07T00:54:13.097Z,"81 km WSW of Coquimbo, Chile",earthquake,,5.9,,,reviewed,us,san
1993-10-17T13:53:38.870Z,39.703,29.569,10,2.8,ml,,,,0.5,us,usp000624u,2014-11-07T00:54:13.096Z,"11 km SSW of Domaniç, Turkey",earthquake,,,,,reviewed,us,isk
1993-10-17T13:12:33.510Z,52.376,-170.598,33,4.9,mb,,,,1.1,us,usp000624t,2020-09-14T20:13:53.745Z,"133 km WSW of Nikolski, Alaska",earthquake,,,,29,reviewed,us,us
1993-10-17T13:05:39.950Z,67.5163,-146.0058,13.5,4,mb,,,,0.24,ak,ak993dbtmfqj,2020-09-14T20:13:53.979Z,"58 km NNE of Venetie, Alaska",earthquake,,9.7,,,reviewed,ak,ak
1993-10-17T12:15:02.350Z,39.139,27.628,10,2.7,ml,,,,0.1,us,usp000624r,2014-11-07T00:54:13.082Z,"5 km NW of K?rka?aç, Turkey",earthquake,,,,,reviewed,us,isk
1993-10-17T11:43:44.610Z,35.147,-116.569,10.228,3.24,ml,0,164.4,,0.206,ci,ci3127509,2016-02-10T10:13:06.737Z,"17km SE of Fort Irwin, California",earthquake,,1.796,,50,reviewed,ci,ci
1993-10-17T11:32:45.980Z,34.137,-116.783,8.692,2.85,mc,0,38.6,,0.156,ci,ci3127508,2016-02-09T23:25:54.555Z,"15km SSE of Big Bear City, California",earthquake,,0.473,,140,reviewed,ci,ci
1993-10-17T10:53:57.020Z,38.5976667,-122.3996667,-0.834,2.61,md,63,73,0.1117,0.2,nc,nc30032180,2016-12-21T01:07:55.740Z,"5 km ENE of Angwin, California",earthquake,0.21,1.32,0.16,58,reviewed,nc,nc
1993-10-17T10:27:58.620Z,39.083,27.649,10,2.7,ml,,,,0.4,us,usp000624n,2014-11-07T00:54:13.077Z,"3 km SW of K?rka?aç, Turkey",earthquake,,,,,reviewed,us,isk
1993-10-17T10:15:44.720Z,39.666,29.502,10,2.7,ml,,,,0.9,us,usp000624m,2014-11-07T00:54:13.076Z,"13 km N of Tav?anl?, Turkey",earthquake,,,,,reviewed,us,isk
1993-10-17T09:49:02.910Z,40.396,-124.9895,2.414,2.89,md,27,260,0.5045,0.06,nc,nc30032168,2016-12-21T01:06:50.297Z,"64 km WSW of Ferndale, California",earthquake,1.29,2.07,0.11,13,reviewed,nc,nc
1993-10-17T09:23:00.980Z,-7.275,119.75,447.8,5.1,mb,,,,1.2,us,usp000624j,2014-11-07T00:54:13.067Z,"135 km N of Labuan Bajo, Indonesia",earthquake,,7.7,,32,reviewed,us,us
1993-10-17T09:08:12.120Z,39.122,27.628,10,2.8,ml,,,,0.4,us,usp000624h,2014-11-07T00:54:13.066Z,"3 km WNW of K?rka?aç, Turkey",earthquake,,,,,reviewed,us,isk
1993-10-17T08:56:25.420Z,-16.535,-176.653,33,4.9,mb,,,,1.6,us,usp000624g,2014-11-07T00:54:13.065Z,"291 km SSE of Alo, Wallis and Futuna",earthquake,,,,6,reviewed,us,us
1993-10-17T08:42:18.630Z,39.108,27.648,10,2.7,ml,,,,0.4,us,usp000624f,2014-11-07T00:54:13.064Z,"1 km W of K?rka?aç, Turkey",earthquake,,,,,reviewed,us,isk
1993-10-17T08:36:24.610Z,61.8903,-151.7332,109.9,2.5,ml,,,,0.19,ak,ak993dbqtvq5,2020-09-14T20:13:54.673Z,"20 km WSW of Skwentna, Alaska",earthquake,,2.4,,,reviewed,ak,ak
1993-10-17T08:21:57.060Z,40.6533333,-125.2625,4.554,3.29,md,45,235,0.7279,0.1,nc,nc30032161,2016-12-21T01:06:12.490Z,"84 km W of Ferndale, California",earthquake,1.31,11.61,0.09,35,reviewed,nc,nc
1993-10-17T07:57:29.550Z,36.751,29.082,10,3,ml,,,,1.1,us,usp000624c,2014-11-07T00:54:13.056Z,"5 km NNE of Yaniklar, Turkey",earthquake,,,,,reviewed,us,isk
1993-10-17T07:49:55.520Z,39.631,19.917,19.5,3.6,ml,,,,1.4,us,usp000624a,2014-11-07T00:54:13.051Z,"0 km NNW of Corfu, Greece",earthquake,,5.4,,,reviewed,us,the
1993-10-17T06:54:01.960Z,11.802,-87.001,33,4.8,mb,,,,1.2,us,usp0006249,2014-11-07T00:54:13.044Z,"53 km W of Masachapa, Nicaragua",earthquake,,,,17,reviewed,us,us
1993-10-17T06:44:36.200Z,40.172,28.74,10,2.7,ml,,,,0.4,us,usp0006248,2014-11-07T00:54:13.043Z,"24 km NNW of Kar?ncal?, Turkey",earthquake,,,,,reviewed,us,isk
1993-10-17T06:38:38.170Z,53.998,161.509,34.8,4.7,mb,,,,0.9,us,usp0006247,2014-11-07T00:54:13.032Z,"203 km ESE of Mil’kovo, Russia",earthquake,,,,43,reviewed,us,us
1993-10-17T04:43:41.350Z,37.264,-2.495,10,2.5,mblg,,,,0.9,us,usp0006246,2014-11-07T00:54:13.031Z,"6 km WSW of La Mojonera, Spain",earthquake,,,,,reviewed,us,mdd
1993-10-17T04:01:25.250Z,59.4625,-153.1538,108.8,2.7,ml,,,,0.25,ak,ak993dbo8nal,2020-09-14T20:13:55.792Z,"64 km SE of Pedro Bay, Alaska",earthquake,,1.4,,,reviewed,ak,ak
1993-10-17T03:18:22.650Z,-10.989,163.268,30.2,5.5,mw,,,,1.2,us,usp0006244,2025-12-19T22:51:09.872Z,"158 km ESE of Kirakira, Solomon Islands",earthquake,,,,,reviewed,us,hrv
1993-10-17T03:11:04.420Z,34.174,-116.43,6.587,2.56,mc,0,84.4,0.1273,0.16,ci,ci3127442,2016-02-10T13:40:21.033Z,"7km N of Yucca Valley, California",earthquake,,10.529,,43,reviewed,ci,ci
1993-10-17T03:06:43.030Z,44.018,148.476,46.3,4.8,mb,,,,1.3,us,usp0006243,2014-11-07T00:54:13.010Z,"142 km SSE of Kuril’sk, Russia",earthquake,,,,27,reviewed,us,us
1993-10-17T01:51:02.970Z,44.2173333,-118.4776667,12.829,3.1,md,28,262,1.564,0.7,uw,uw10333473,2016-07-23T23:39:29.450Z,"33 km SE of Prairie City, Oregon",earthquake,4.371,2.45,0.1,25,reviewed,uw,uw
1993-10-16T23:30:01.150Z,18.8061667,-155.2885,11.689,2.86,ml,39,271,,0.09,hv,hv1005002,2020-03-31T19:00:19.520Z,"42 km SE of Naalehu, Hawaii",earthquake,1.36,1.58,0.06,5,reviewed,hv,hv
1993-10-16T22:59:21.640Z,-6.246,146.357,33,4.3,mb,,,,1.7,us,usp0006240,2014-11-07T00:54:13.001Z,"54 km E of Kainantu, Papua New Guinea",earthquake,,,,2,reviewed,us,us
1993-10-16T21:42:05.300Z,-27.799,26.594,5,2.8,ml,,,,1.2,us,usp000623z,2014-11-07T00:54:12.999Z,"6 km SW of Allanridge, South Africa",earthquake,,,,,reviewed,us,pre
1993-10-16T21:32:34.960Z,38.69,26.527,10,3.7,ml,,,,1.1,us,usp000623y,2014-11-07T00:54:12.997Z,"6 km NNE of Karaburun, Turkey",earthquake,,,,,reviewed,us,isk
1993-10-16T21:19:55.710Z,-26.285,28.502,5,3.6,ml,,,,0.9,us,usp000623x,2014-11-07T00:54:12.995Z,"10 km ESE of Springs, South Africa",earthquake,,,,,reviewed,us,pre
1993-10-16T21:18:15.600Z,38.745,26.476,10.9,3.9,md,,,,0.7,us,usp000623w,2014-11-07T00:54:12.991Z,"12 km NNW of Karaburun, Turkey",earthquake,,1.9,,,reviewed,us,ath
1993-10-16T18:39:11.840Z,61.1148,-150.753,49.2,2.7,ml,,,,0.25,ak,ak993da99hg0,2020-09-14T20:13:57.217Z,"18 km E of Beluga, Alaska",earthquake,,1.6,,,reviewed,ak,ak
1993-10-16T17:40:43.500Z,10.91,-62.248,100,3.1,md,,,,0.1,us,usp000623r,2014-11-07T00:54:12.980Z,"37 km N of Güiria, Venezuela",earthquake,,,,,reviewed,us,trn
1993-10-16T15:58:41.580Z,-22.352,-179.548,549.5,4.9,mb,,,,1.1,us,usp000623p,2014-11-07T00:54:12.973Z,"south of the Fiji Islands",earthquake,,12.7,,13,reviewed,us,us
1993-10-16T15:17:30.100Z,42.2616667,-121.9793333,4.492,3.1,md,12,140,,0.21,uw,uw10332238,2016-07-23T23:39:08.600Z,"16 km WNW of Klamath Falls, Oregon",earthquake,0.841,1.14,0.08,2,reviewed,uw,uw
1993-10-16T13:27:45.090Z,13.992,-93.128,33,4.3,mb,,,,1.4,us,usp000623m,2014-11-07T00:54:12.967Z,"110 km SW of Puerto Madero, Mexico",earthquake,,,,12,reviewed,us,us
1993-10-16T12:47:37.410Z,39.673,29.567,10,2.7,ml,,,,0.2,us,usp000623k,2014-11-07T00:54:12.966Z,"14 km SSW of Domaniç, Turkey",earthquake,,,,,reviewed,us,isk
1993-10-16T12:47:03.340Z,38.2596667,-109.7926667,6.08,2.5,md,7,193,0.5704,0.21,uu,uu50077385,2018-08-28T05:00:15.910Z,"39 km SW of Spanish Valley, Utah",earthquake,2.57,3.41,,6,reviewed,uu,uu
1993-10-16T12:33:37.980Z,-18.349,167.446,33,4,mb,,,,1.1,us,usp000623j,2014-11-07T00:54:12.965Z,"114 km SW of Port-Vila, Vanuatu",earthquake,,,,3,reviewed,us,us
1993-10-16T12:19:35.540Z,39.101,27.649,10,2.7,ml,,,,0.3,us,usp000623g,2014-11-07T00:54:12.962Z,"1 km WSW of K?rka?aç, Turkey",earthquake,,,,,reviewed,us,isk
1993-10-16T12:12:38.390Z,39.078,27.651,10,2.7,ml,,,,0.1,us,usp000623f,2014-11-07T00:54:12.961Z,"3 km SSW of K?rka?aç, Turkey",earthquake,,,,,reviewed,us,isk
1993-10-16T12:10:59.200Z,10.929,-62.205,80,3,md,,,,0,us,usp000623e,2014-11-07T00:54:12.960Z,"40 km NNE of Güiria, Venezuela",earthquake,,,,,reviewed,us,trn
1993-10-16T11:48:14.300Z,13.6,-92.926,33,4.2,mb,,,,1.3,us,usp000623c,2014-11-07T00:54:12.955Z,"128 km SW of Ocós, Guatemala",earthquake,,,,2,reviewed,us,us
1993-10-16T11:10:10.450Z,60.0042,-152.739,108.1,2.6,ml,,,,0.18,ak,ak993da4x8c5,2020-09-14T20:13:58.343Z,"56 km W of Happy Valley, Alaska",earthquake,,1.5,,,reviewed,ak,ak
1993-10-16T11:09:15.500Z,14.035,-93.155,33,4,mb,,,,1.3,us,usp000623a,2014-11-07T00:54:12.949Z,"109 km SW of Puerto Madero, Mexico",earthquake,,,,2,reviewed,us,us
1993-10-16T10:52:25.900Z,7.472,123.447,30.8,5.8,mw,,,,1.2,us,usp0006239,2022-04-28T17:58:10.444Z,"2 km NE of Malim, Philippines",earthquake,,,,,reviewed,us,hrv
1993-10-16T10:39:55.270Z,41.159,28.479,10,2.7,ml,,,,1.5,us,usp0006238,2014-11-07T00:54:12.929Z,"Western Turkey",earthquake,,,,,reviewed,us,isk
1993-10-16T10:35:23.510Z,39.101,27.652,10,2.7,ml,,,,0.5,us,usp0006237,2014-11-07T00:54:12.928Z,"1 km WSW of K?rka?aç, Turkey",earthquake,,,,,reviewed,us,isk
1993-10-16T10:13:01.390Z,13.775,-93.385,33,4.3,mb,,,,0.9,us,usp0006236,2014-11-07T00:54:12.926Z,"147 km SW of Puerto Madero, Mexico",earthquake,,,,1,reviewed,us,us
1993-10-16T09:33:38.980Z,14.349,-92.897,33,4.9,mb,,,,1.2,us,usp0006234,2014-11-07T00:54:12.917Z,"65 km SW of Puerto Madero, Mexico",earthquake,,,,25,reviewed,us,us
1993-10-16T09:26:38.780Z,13.925,-93.113,33,4.1,mb,,,,1.1,us,usp0006233,2014-11-07T00:54:12.915Z,"115 km SW of Puerto Madero, Mexico",earthquake,,,,4,reviewed,us,us
1993-10-16T09:17:41.020Z,39.119,27.759,10,2.9,ml,,,,0.6,us,usp0006232,2014-11-07T00:54:12.914Z,"7 km E of K?rka?aç, Turkey",earthquake,,,,,reviewed,us,isk
1993-10-16T08:41:40.740Z,39.076,27.734,10,2.7,ml,,,,0.7,us,usp0006231,2014-11-07T00:54:12.913Z,"6 km ESE of K?rka?aç, Turkey",earthquake,,,,,reviewed,us,isk
1993-10-16T08:39:11.370Z,-21.3,-70.016,130.9,4.4,mb,,,,1.5,us,usp0006230,2014-11-07T00:54:12.911Z,"89 km NNE of Tocopilla, Chile",earthquake,,13.3,,2,reviewed,us,us
1993-10-16T08:09:36.980Z,-26.145,27.282,5,3.6,ml,,,,1,us,usp000622z,2014-11-07T00:54:12.908Z,"26 km NNW of Carletonville, South Africa",earthquake,,,,,reviewed,us,pre
1993-10-16T07:54:04.150Z,57.998,-143.305,10,3,ml,,,,0.4,us,usp000622x,2020-09-14T20:13:59.114Z,"269 km SW of Yakutat, Alaska",earthquake,,,,,reviewed,us,aei
1993-10-16T07:42:18.970Z,14.46,-92.883,33,4.5,mb,,,,1.1,us,usp000622w,2014-11-07T00:54:12.900Z,"57 km WSW of Puerto Madero, Mexico",earthquake,,,,9,reviewed,us,us
1993-10-16T07:41:02.450Z,-6.14,128.94,33,4.7,mb,,,,1.5,us,usp000622v,2014-11-07T00:54:12.898Z,"283 km SSE of Ambon, Indonesia",earthquake,,,,4,reviewed,us,us
1993-10-16T07:21:04.220Z,14.364,-92.996,33,4.6,ms,,,,1.2,us,usp000622u,2014-11-07T00:54:12.894Z,"73 km WSW of Puerto Madero, Mexico",earthquake,,,,1,reviewed,us,us
1993-10-16T06:57:21.560Z,37.426,71.564,33,4.4,mb,,,,0.8,us,usp000622t,2014-11-07T00:54:12.892Z,"7 km S of Khorugh, Tajikistan",earthquake,,,,4,reviewed,us,us
1993-10-16T06:30:05.320Z,41.698,-81.012,5,3.6,mblg,,,,0.7,us,usp000622s,2014-11-07T00:54:12.887Z,"8 km SSE of Madison, Ohio",earthquake,,,,,reviewed,us,ott
1993-10-16T04:21:31.530Z,-5.896,145.99,13,4.6,mb,,,,1,us,usp000622r,2014-11-07T00:54:12.884Z,"45 km NNE of Kainantu, Papua New Guinea",earthquake,,4.3,,6,reviewed,us,us
1993-10-16T03:45:39.330Z,-5.867,146.377,39.2,4.9,mb,,,,1.1,us,usp000622q,2014-11-07T00:54:12.879Z,"73 km NE of Kainantu, Papua New Guinea",earthquake,,,,23,reviewed,us,us
1993-10-16T03:15:22.110Z,-6.071,146.147,33,4.9,mb,,,,1.6,us,usp000622p,2014-11-07T00:54:12.875Z,"39 km NE of Kainantu, Papua New Guinea",earthquake,,,,4,reviewed,us,us
1993-10-16T03:05:30.300Z,-5.898,146.202,27.1,6.3,mwb,,,,1,us,usp000622n,2022-04-28T17:58:09.281Z,"57 km NE of Kainantu, Papua New Guinea",earthquake,,,,,reviewed,us,us
1993-10-16T02:24:20.560Z,8.971,126.724,37.3,4.9,mb,,,,1.5,us,usp000622m,2014-11-07T00:54:12.819Z,"46 km ENE of Aras-asan, Philippines",earthquake,,,,12,reviewed,us,us
1993-10-16T00:41:00.000Z,-24.201,-67.358,161.5,5.1,mb,,,,1.3,us,usp000622j,2014-11-07T00:54:12.807Z,"105 km W of San Antonio de los Cobres, Argentina",earthquake,,,,32,reviewed,us,us
1993-10-15T23:52:24.090Z,44.111,12.285,10,3.4,md,,,,0.8,us,usp000622h,2014-11-07T00:54:12.803Z,"3 km NNW of Montiano, Italy",earthquake,,,,,reviewed,us,fir
1993-10-15T23:17:58.450Z,38.8478333,-122.8205,0.556,3.45,md,47,40,0.04144,0.05,nc,nc30032002,2016-12-21T00:55:41.810Z,"8 km WNW of Cobb, California",earthquake,0.11,0.3,0.13,72,reviewed,nc,nc
1993-10-15T23:12:48.750Z,59.0202,-153.0078,85.2,3.2,ml,,,,0.19,ak,ak993d8ojlhn,2020-09-14T20:14:01.545Z,"72 km WSW of Nanwalek, Alaska",earthquake,,2.5,,,reviewed,ak,ak
1993-10-15T22:37:19.670Z,40.744,48.105,56.1,4.8,mb,,,,1.1,us,usp000622d,2014-11-07T00:54:12.778Z,"5 km SW of ?smay?ll?, Azerbaijan",earthquake,,,,17,reviewed,us,us
1993-10-15T21:41:44.370Z,42.319,29.831,10,3.6,ml,,,,0.6,us,usp000622c,2014-11-07T00:54:12.776Z,"128 km N of ?ile, Turkey",earthquake,,,,,reviewed,us,isk
1993-10-15T21:31:37.380Z,4.214,127.797,126,5.3,mb,,,,1,us,usp000622b,2014-11-07T00:54:12.772Z,"275 km N of Tobelo, Indonesia",earthquake,,14.4,,16,reviewed,us,us
1993-10-15T20:46:57.940Z,37.637,-118.9195,5.954,2.65,md,38,47,0.01712,0.04,nc,nc30031985,2016-12-21T00:53:48.440Z,"4 km ESE of Mammoth Lakes, California",earthquake,0.18,0.25,0.15,43,reviewed,nc,nc
1993-10-15T20:01:15.570Z,20.143,146.176,32.3,4.9,mb,,,,1.4,us,usp0006229,2014-11-07T00:54:12.762Z,"Mariana Islands region",earthquake,,,,36,reviewed,us,us
1993-10-15T19:54:52.750Z,-27.132,179.218,534,4.7,mb,,,,1.1,us,usp0006228,2014-11-07T00:54:12.759Z,"Kermadec Islands region",earthquake,,29.9,,9,reviewed,us,us
1993-10-15T19:38:21.420Z,-56.091,-26.819,33,4.6,mb,,,,1.3,us,usp0006227,2014-11-07T00:54:12.757Z,"South Sandwich Islands region",earthquake,,,,4,reviewed,us,us
1993-10-15T19:34:14.750Z,13.53,146.208,33,4.4,mb,,,,1.3,us,usp0006226,2014-11-07T00:54:12.755Z,"142 km E of Yigo Village, Guam",earthquake,,,,3,reviewed,us,us
1993-10-15T19:15:05.260Z,34.246,-116.423,2.317,2.59,mc,0,44.7,,0.175,ci,ci3127282,2016-02-10T10:12:52.910Z,"15km N of Yucca Valley, California",earthquake,,0.266,,107,reviewed,ci,ci
1993-10-15T18:57:09.440Z,34.242,-116.426,1.637,3.05,ml,0,44.6,,0.152,ci,ci3127281,2016-02-10T17:10:29.963Z,"14km N of Yucca Valley, California",earthquake,,0.297,,46,reviewed,ci,ci
1993-10-15T18:52:48.000Z,44.475,9.31,10,2.9,ml,,,,0.4,us,usp0006224,2014-11-07T00:54:12.752Z,"4 km ENE of Favale di Malvaro, Italy",earthquake,,,,,reviewed,us,gen
1993-10-15T17:25:59.360Z,34.028,-116.33,4.655,2.58,ml,0,42.7,,0.177,ci,ci3127277,2016-02-10T03:03:12.356Z,"12km S of Joshua Tree, California",earthquake,,0.481,,19,reviewed,ci,ci
1993-10-15T15:39:38.580Z,39.322,27.808,10,2.8,ml,,,,1,us,usp0006220,2014-11-07T00:54:12.748Z,"14 km ESE of Sava?tepe, Turkey",earthquake,,,,,reviewed,us,isk
1993-10-15T15:15:08.050Z,39.568,29.498,10,2.8,ml,,,,0.7,us,usp000621z,2014-11-07T00:54:12.746Z,"2 km N of Tav?anl?, Turkey",earthquake,,,,,reviewed,us,isk
1993-10-15T14:56:04.180Z,41.634,27.671,10,2.8,ml,,,,0.6,us,usp000621x,2014-11-07T00:54:12.744Z,"10 km NW of Vize, Turkey",earthquake,,,,,reviewed,us,isk
1993-10-15T14:50:13.390Z,-44.831,165.913,10,4,ml,,,,0.4,us,usp000621w,2014-11-07T00:54:12.742Z,"156 km WNW of Te Anau, New Zealand",earthquake,,,,,reviewed,us,wel
1993-10-15T14:37:15.120Z,39.923,19.291,5,2.8,ml,,,,1.5,us,usp000621v,2014-11-07T00:54:12.740Z,"41 km WNW of Agios Georgis, Greece",earthquake,,,,,reviewed,us,the
1993-10-15T13:13:02.220Z,39.091,27.679,10,2.7,ml,,,,0.3,us,usp000621s,2014-11-07T00:54:12.736Z,"1 km SSE of K?rka?aç, Turkey",earthquake,,,,,reviewed,us,isk
1993-10-15T13:06:57.520Z,40.794,27.778,10,2.6,ml,,,,0.1,us,usp000621r,2014-11-07T00:54:12.735Z,"24 km SW of Marmara Ere?lisi, Turkey",earthquake,,,,,reviewed,us,isk
1993-10-15T12:55:59.150Z,36.42,2.485,10,3,mblg,,,,0.8,us,usp000621q,2014-11-07T00:54:12.733Z,"12 km SSE of Hadjout, Algeria",earthquake,,,,,reviewed,us,mdd
1993-10-15T12:11:31.180Z,39.196,27.816,10,2.7,ml,,,,0.3,us,usp000621m,2014-11-07T00:54:12.730Z,"16 km NE of K?rka?aç, Turkey",earthquake,,,,,reviewed,us,isk
1993-10-15T11:38:21.470Z,36.4701667,-121.0385,2.054,2.78,md,56,58,0.04775,0.08,nc,nc30031923,2016-12-21T00:51:28.660Z,"24 km NE of Greenfield, California",earthquake,0.15,0.4,0.11,51,reviewed,nc,nc
1993-10-15T10:51:54.260Z,23.782,122.035,21.3,3.8,ml,,,,1.4,us,usp000621j,2014-11-07T00:54:12.725Z,"48 km ESE of Hualien City, Taiwan",earthquake,,,,,reviewed,us,bji
1993-10-15T10:43:48.500Z,39.073,27.623,10,2.7,ml,,,,0.4,us,usp000621h,2014-11-07T00:54:12.724Z,"5 km SW of K?rka?aç, Turkey",earthquake,,,,,reviewed,us,isk
1993-10-15T10:12:16.380Z,39.087,27.716,10,2.7,ml,,,,0.4,us,usp000621g,2014-11-07T00:54:12.723Z,"4 km ESE of K?rka?aç, Turkey",earthquake,,,,,reviewed,us,isk
1993-10-15T10:06:29.730Z,40.358,21.67,10,2.6,ml,,,,0.3,us,usp000621f,2014-11-07T00:54:12.721Z,"10 km WNW of Koíla, Greece",earthquake,,,,,reviewed,us,the
1993-10-15T09:21:20.970Z,40.425,21.864,10,3,ml,,,,0.7,us,usp000621d,2014-11-07T00:54:12.719Z,"0 km SE of Kleítos, Greece",earthquake,,,,,reviewed,us,the
1993-10-15T08:56:56.410Z,39.097,27.627,10,2.8,ml,,,,0.3,us,usp000621c,2014-11-07T00:54:12.718Z,"3 km WSW of K?rka?aç, Turkey",earthquake,,,,,reviewed,us,isk
1993-10-15T08:37:50.770Z,36.676,2.167,10,3.9,mb,,,,0.9,us,usp000621b,2014-11-07T00:54:12.701Z,"26 km WNW of Tipasa, Algeria",earthquake,,,,2,reviewed,us,us
1993-10-15T08:29:54.240Z,-21.308,-67.281,219.2,4.7,mb,,,,1.1,us,usp000621a,2014-11-07T00:54:12.699Z,"105 km SSW of Uyuni, Bolivia",earthquake,,7.4,,4,reviewed,us,us
1993-10-15T08:29:43.260Z,37.5776667,-118.8603333,6.17,3.47,md,10,68,0.03063,0.02,nc,nc30031917,2016-12-21T00:50:58.076Z,"12 km SE of Mammoth Lakes, California",earthquake,0.41,0.55,0.2,8,reviewed,nc,nc
1993-10-15T07:54:58.670Z,39.082,27.642,10,2.7,ml,,,,0.7,us,usp0006219,2014-11-07T00:54:12.698Z,"3 km SW of K?rka?aç, Turkey",earthquake,,,,,reviewed,us,isk
1993-10-15T05:13:38.270Z,37.79,19.739,10,3.9,mb,,,,1.1,us,usp0006217,2014-11-07T00:54:12.692Z,"76 km SW of Lixoúri, Greece",earthquake,,,,1,reviewed,us,us
1993-10-15T04:52:49.980Z,-26.868,26.538,5,3.2,ml,,,,1.1,us,usp0006216,2014-11-07T00:54:12.690Z,"12 km W of Klerksdorp, South Africa",earthquake,,,,,reviewed,us,pre
1993-10-15T04:16:44.860Z,18.7393333,-155.2653333,25.779,2.52,ml,31,290,,0.12,hv,hv1004694,2020-03-31T19:00:16.650Z,"49 km SE of Naalehu, Hawaii",earthquake,1.41,4.15,0.01,4,reviewed,hv,hv
1993-10-15T03:00:19.590Z,44.081,12.348,10,2.9,md,,,,1.2,us,usp0006213,2014-11-07T00:54:12.684Z,"1 km ENE of Longiano, Italy",earthquake,,,,,reviewed,us,fir
1993-10-15T02:54:53.300Z,32.387,-115.063,5.98,2.95,mc,0,217.8,0.355,0.464,ci,ci3127222,2016-02-10T06:36:19.196Z,"12km NNE of Guadalupe Victoria, B.C., MX",earthquake,,,,42,reviewed,ci,ci
1993-10-15T02:51:46.660Z,-6.159,146.332,33,4.1,mb,,,,1.1,us,usp0006211,2014-11-07T00:54:12.680Z,"53 km ENE of Kainantu, Papua New Guinea",earthquake,,,,3,reviewed,us,us
1993-10-15T02:43:02.360Z,44.226,12.18,10,3.2,mb,,,,1.2,us,usp0006210,2014-11-07T00:54:12.672Z,"3 km NNW of Santa Maria Nuova, Italy",earthquake,,,,1,reviewed,us,us
1993-10-15T01:12:19.870Z,3.274,127.08,33,4.8,mb,,,,1.3,us,usp000620y,2014-11-07T00:54:12.667Z,"199 km NNW of Tobelo, Indonesia",earthquake,,,,8,reviewed,us,us
1993-10-15T00:43:54.610Z,-22.231,-175.109,33,5,mb,,,,1.2,us,usp000620x,2014-11-07T00:54:12.660Z,"100 km S of ‘Ohonua, Tonga",earthquake,,,,21,reviewed,us,us
1993-10-15T00:38:27.560Z,60.7242,-152.2445,93.9,2.7,ml,,,,0.16,ak,ak993d8b05k4,2020-09-14T20:14:05.668Z,"52 km WNW of Salamatof, Alaska",earthquake,,2,,,reviewed,ak,ak
1993-10-15T00:13:40.870Z,32.374,-115.059,5.98,2.63,mc,0,215.6,0.368,0.456,ci,ci3127204,2016-02-10T06:36:15.454Z,"11km NNE of Guadalupe Victoria, B.C., MX",earthquake,,,,33,reviewed,ci,ci
1993-10-15T00:11:35.960Z,-6.033,146.198,21.7,5.2,mb,,,,1.1,us,usp000620v,2020-04-16T18:56:38.321Z,"46 km NE of Kainantu, Papua New Guinea",earthquake,,,,33,reviewed,us,us
1993-10-14T22:57:41.860Z,63.0588,-150.9707,130.3,3.3,ml,,,,0.2,ak,ak993d70og2y,2020-09-14T20:14:07.123Z,"63 km N of Petersville, Alaska",earthquake,,1.6,,,reviewed,ak,ak
1993-10-14T22:22:59.470Z,32.377,-115.062,5.98,2.63,mc,0,219.5,0.3641,0.438,ci,ci3127188,2016-02-10T06:36:12.925Z,"11km NNE of Guadalupe Victoria, B.C., MX",earthquake,,,,31,reviewed,ci,ci
1993-10-14T21:50:44.010Z,45.855,14.888,10,2.9,md,,,,1,us,usp000620t,2014-11-07T00:54:12.637Z,"3 km NW of Žužemberk, Slovenia",earthquake,,,,,reviewed,us,lju
1993-10-14T21:19:29.000Z,47.502,-116.069,1,2.9,ml,,,,,us,usp000620r,2016-07-23T23:37:54.960Z,"5 km W of Osburn, Idaho",earthquake,,,,,reviewed,but,but
1993-10-14T20:59:52.090Z,-17.75,-178.863,585.5,4.8,mb,,,,1.1,us,usp000620q,2014-11-07T00:54:12.630Z,"196 km E of Levuka, Fiji",earthquake,,8.6,,17,reviewed,us,us
1993-10-14T20:20:02.840Z,52.829,169.595,33,4.1,mb,,,,1.2,us,usp000620n,2014-11-07T00:54:12.627Z,"241 km W of Attu Station, Alaska",earthquake,,,,6,reviewed,us,us
1993-10-14T20:15:21.510Z,35.004,-116.903,5.098,2.58,ml,0,68.9,,0.183,ci,ci3127169,2016-02-10T06:36:10.375Z,"16km NE of Barstow, California",earthquake,,7.996,,21,reviewed,ci,ci
1993-10-14T19:57:02.850Z,-6.01,146.086,33,4.2,ml,,,,1.5,us,usp000620k,2014-11-07T00:54:12.623Z,"39 km NE of Kainantu, Papua New Guinea",earthquake,,,,,reviewed,us,pmg
1993-10-14T19:48:39.150Z,-6.14,146.298,22.3,4.6,mb,,,,0.8,us,usp000620j,2014-11-07T00:54:12.620Z,"50 km ENE of Kainantu, Papua New Guinea",earthquake,,,,10,reviewed,us,us
1993-10-14T19:10:49.710Z,39.036,29.753,10,3.2,ml,,,,1.2,us,usp000620h,2014-11-07T00:54:12.618Z,"22 km SSW of Aslanapa, Turkey",earthquake,,,,,reviewed,us,isk
1993-10-14T18:51:58.180Z,44.052,7.822,5,2.7,ml,,,,0.6,us,usp000620g,2014-11-07T00:54:12.616Z,"1 km SSE of Montegrosso Pian Latte, Italy",earthquake,,,,,reviewed,us,gen
1993-10-14T18:43:13.850Z,40.542,29.937,5,2.7,ml,,,,0.2,us,usp000620f,2014-11-07T00:54:12.615Z,"14 km S of Bahçecik, Turkey",earthquake,,,,,reviewed,us,isk
1993-10-14T18:39:40.750Z,38.2993333,-109.7926667,5.32,3.59,md,13,188,0.5548,0.13,uu,uu50077355,2018-08-28T05:00:11.950Z,"36 km SW of Spanish Valley, Utah",earthquake,0.81,1.32,,7,reviewed,uu,uu
1993-10-14T18:31:37.420Z,-0.384,-12.691,10,4.2,mb,,,,0.8,us,usp000620e,2014-11-07T00:54:12.613Z,"north of Ascension Island",earthquake,,,,1,reviewed,us,us
1993-10-14T18:23:34.060Z,33.059,-114.96,-0.259,2.57,mc,0,132.8,0.08787,0.141,ci,ci2127053,2016-02-10T20:46:43.792Z,"45km NNW of Los Algodones, B.C., MX",quarry blast,,,,8,reviewed,ci,ci
1993-10-14T18:13:05.690Z,23.73,143.02,33,4.7,mb,,,,1,us,usp000620d,2014-11-07T00:54:12.606Z,"Volcano Islands, Japan region",earthquake,,,,30,reviewed,us,us
1993-10-14T17:23:08.770Z,63.1013,-150.6645,119.6,2.6,ml,,,,0.16,ak,ak993d6xhx5p,2020-09-14T20:14:08.354Z,"67 km N of Petersville, Alaska",earthquake,,2.3,,,reviewed,ak,ak
1993-10-14T17:04:27.850Z,-5.973,146.15,33,4,mb,,,,1.3,us,usp000620a,2014-11-07T00:54:12.597Z,"47 km NE of Kainantu, Papua New Guinea",earthquake,,,,2,reviewed,us,us
1993-10-14T16:38:17.710Z,57.899,6.218,10,2.6,md,,,,0.4,us,usp0006209,2014-11-07T00:54:12.595Z,"31 km SW of Vestbygd, Norway",earthquake,,,,,reviewed,us,ber
1993-10-14T16:34:25.500Z,-31.892,-178.456,33,4.8,mb,,,,1.4,us,usp0006208,2014-11-07T00:54:12.593Z,"Kermadec Islands region",earthquake,,,,7,reviewed,us,us
1993-10-14T16:30:27.250Z,67.007,20.896,10,2.9,md,,,,1.3,us,usp0006206,2014-11-07T00:54:12.590Z,"17 km SE of Gällivare, Sweden",earthquake,,,,,reviewed,us,ber
1993-10-14T16:13:52.290Z,47.524,15.947,10,3.6,ml,,,,1.2,us,usp0006205,2014-11-07T00:54:12.587Z,"6 km WNW of Mönichkirchen, Austria",earthquake,,,,,reviewed,us,grf
1993-10-14T15:57:28.260Z,38.257,-109.7895,-3.05,2.93,md,8,207,0.5693,0.12,uu,uu50077350,2018-08-28T05:00:11.270Z,"39 km SW of Spanish Valley, Utah",earthquake,1.59,5.95,,9,reviewed,uu,uu
1993-10-14T15:30:28.290Z,-6.143,146.162,33,4,mb,,,,1.2,us,usp0006203,2014-11-07T00:54:12.583Z,"36 km ENE of Kainantu, Papua New Guinea",earthquake,,,,2,reviewed,us,us
1993-10-14T15:03:48.030Z,-6.086,146.12,33,4,mb,,,,1.3,us,usp0006202,2014-11-07T00:54:12.582Z,"36 km NE of Kainantu, Papua New Guinea",earthquake,,,,2,reviewed,us,us
1993-10-14T14:58:35.630Z,40.295,28.778,10,2.6,ml,,,,1.1,us,usp0006201,2014-11-07T00:54:12.580Z,"12 km SW of Mudanya, Turkey",earthquake,,,,,reviewed,us,isk
1993-10-14T14:51:46.270Z,38.06,21.013,10,3.2,md,,,,1.3,us,usp0006200,2014-11-07T00:54:12.578Z,"18 km NW of Kyllíni, Greece",earthquake,,,,,reviewed,us,ath
1993-10-14T14:38:45.000Z,-6.345,145.614,33,4.6,mb,,,,1.2,us,usp00061zz,2014-11-07T00:54:12.577Z,"28 km WSW of Kainantu, Papua New Guinea",earthquake,,,,2,reviewed,us,us
1993-10-14T14:14:09.700Z,40.339,29.993,10,2.7,ml,,,,0.4,us,usp00061zy,2014-11-07T00:54:12.575Z,"2 km SW of Osmaneli, Turkey",earthquake,,,,,reviewed,us,isk
1993-10-14T14:13:39.440Z,-19.281,-177.995,443.3,4.6,mb,,,,1.1,us,usp00061zx,2014-11-07T00:54:12.571Z,"Fiji region",earthquake,,8,,10,reviewed,us,us
1993-10-14T13:37:21.770Z,41.216,21.937,10,2.6,ml,,,,0.8,us,usp00061zw,2014-11-07T00:54:12.569Z,"21 km NNW of Prómachoi, Greece",earthquake,,,,,reviewed,us,the
1993-10-14T13:30:04.230Z,-7.47,128.319,133.8,4.7,mb,,,,1,us,usp00061zv,2014-11-07T00:54:12.566Z,"186 km NE of Lospalos, Timor Leste",earthquake,,16.8,,7,reviewed,us,us
1993-10-14T13:27:52.060Z,39.156,27.648,10,2.8,ml,,,,0.8,us,usp00061zu,2014-11-07T00:54:12.540Z,"4 km SE of Soma, Turkey",earthquake,,,,,reviewed,us,isk
1993-10-14T13:11:39.430Z,-11.221,115.23,33,4.9,mb,,,,0.9,us,usp00061zt,2014-11-07T00:54:12.537Z,"267 km S of Nusa Dua, Indonesia",earthquake,,,,12,reviewed,us,us
1993-10-14T12:57:54.800Z,-5.875,145.792,33,3.9,mb,,,,1.6,us,usp00061zs,2014-11-07T00:54:12.535Z,"46 km N of Kainantu, Papua New Guinea",earthquake,,,,2,reviewed,us,us
1993-10-14T12:12:27.800Z,39.197,27.959,10,2.6,ml,,,,0.5,us,usp00061zr,2014-11-07T00:54:12.534Z,"19 km WSW of S?nd?rg?, Turkey",earthquake,,,,,reviewed,us,isk
1993-10-14T12:02:35.560Z,-50.436,139.904,10,6,mw,,,,1.3,us,usp00061zq,2022-04-28T17:58:07.815Z,"western Indian-Antarctic Ridge",earthquake,,,,,reviewed,us,hrv
1993-10-14T12:02:05.040Z,40.777,29.993,10,3,ml,,,,0.7,us,usp00061zp,2014-11-07T00:54:12.518Z,"4 km NNW of Köseköy, Turkey",earthquake,,,,,reviewed,us,isk
1993-10-14T12:00:54.970Z,59.8285,-151.9712,64.4,2.9,ml,,,,0.29,ak,ak993d6udx89,2020-09-14T20:14:09.480Z,"9 km NW of Anchor Point, Alaska",earthquake,,1.4,,,reviewed,ak,ak
1993-10-14T11:00:22.270Z,-5.926,146.058,33,4.4,mb,,,,1.4,us,usp00061zk,2014-11-07T00:54:12.509Z,"45 km NNE of Kainantu, Papua New Guinea",earthquake,,,,3,reviewed,us,us
1993-10-14T10:42:40.030Z,60.009,-153.2168,127.8,2.5,ml,,,,0.19,ak,ak993d6tg0xv,2020-09-14T20:14:09.925Z,"55 km ENE of Pedro Bay, Alaska",earthquake,,1.6,,,reviewed,ak,ak
1993-10-14T10:29:18.390Z,36.797,29.06,10,3.2,ml,,,,1.7,us,usp00061zh,2014-11-07T00:54:12.502Z,"9 km N of Yaniklar, Turkey",earthquake,,,,,reviewed,us,isk
1993-10-14T10:14:43.170Z,-50.237,139.055,10,4.6,mb,,,,1.6,us,usp00061zg,2014-11-07T00:54:12.500Z,"western Indian-Antarctic Ridge",earthquake,,,,6,reviewed,us,us
1993-10-14T10:04:29.690Z,39.224,29.758,10,2.9,ml,,,,0.3,us,usp00061zf,2014-11-07T00:54:12.498Z,"9 km W of Aslanapa, Turkey",earthquake,,,,,reviewed,us,isk
1993-10-14T10:00:36.170Z,39.668,29.456,10,2.7,ml,,,,0.3,us,usp00061ze,2014-11-07T00:54:12.497Z,"14 km NNW of Tav?anl?, Turkey",earthquake,,,,,reviewed,us,isk
1993-10-14T09:57:27.320Z,39.642,29.392,10,2.8,ml,,,,0.6,us,usp00061zd,2014-11-07T00:54:12.495Z,"14 km NW of Tav?anl?, Turkey",earthquake,,,,,reviewed,us,isk
1993-10-14T09:54:17.790Z,-10.959,165.918,33,5.1,mb,,,,1.1,us,usp00061zc,2014-11-07T00:54:12.493Z,"29 km SSE of Lata, Solomon Islands",earthquake,,,,8,reviewed,us,us
1993-10-14T09:43:04.320Z,39.136,27.663,5,2.8,ml,,,,0.4,us,usp00061zb,2014-11-07T00:54:12.491Z,"3 km N of K?rka?aç, Turkey",earthquake,,,,,reviewed,us,isk
1993-10-14T09:42:30.250Z,39.2925,-112.0031667,0.01,2.84,md,23,69,0.1561,0.36,uu,uu50077325,2018-08-28T05:00:07.950Z,"10 km ENE of Scipio, Utah",earthquake,0.79,4.83,,14,reviewed,uu,uu
1993-10-14T09:41:09.320Z,15.183,-94.634,33,4.3,mb,,,,1.7,us,usp00061za,2014-11-07T00:54:12.488Z,"116 km S of San Francisco del Mar Viejo, Mexico",earthquake,,,,7,reviewed,us,us
1993-10-14T09:40:55.900Z,39.247,27.866,10,2.8,ml,,,,0.3,us,usp00061z9,2014-11-07T00:54:12.487Z,"23 km NE of K?rka?aç, Turkey",earthquake,,,,,reviewed,us,isk
1993-10-14T09:32:40.200Z,-36.886,178.032,179.1,4.8,mb,,,,1.5,us,usp00061z8,2014-11-07T00:54:12.484Z,"141 km NNE of Opotiki, New Zealand",earthquake,,10.1,,2,reviewed,us,us
1993-10-14T09:24:09.120Z,39.083,27.823,10,2.6,ml,,,,1.1,us,usp00061z7,2014-11-07T00:54:12.483Z,"13 km E of K?rka?aç, Turkey",earthquake,,,,,reviewed,us,isk
1993-10-14T09:22:22.200Z,32.414,-115.051,5.98,2.52,mc,0,216,0.329,0.348,ci,ci3127075,2016-02-10T20:46:34.802Z,"15km ENE of Delta, B.C., MX",earthquake,,,,34,reviewed,ci,ci
1993-10-14T08:23:59.830Z,39.115,27.651,10,2.7,ml,,,,0.9,us,usp00061z6,2014-11-07T00:54:12.482Z,"1 km WNW of K?rka?aç, Turkey",earthquake,,,,,reviewed,us,isk
1993-10-14T08:01:30.660Z,-5.896,146.046,33,4.3,mb,,,,1.7,us,usp00061z5,2014-11-07T00:54:12.480Z,"47 km NNE of Kainantu, Papua New Guinea",earthquake,,,,4,reviewed,us,us
1993-10-14T07:28:52.450Z,40.349,28.867,10,2.6,ml,,,,0.8,us,usp00061z4,2014-11-07T00:54:12.478Z,"3 km SSW of Mudanya, Turkey",earthquake,,,,,reviewed,us,isk
1993-10-14T07:25:13.590Z,32.375,-115.064,5.98,2.87,mc,0,219.8,0.3651,0.474,ci,ci3127057,2016-02-10T13:39:52.117Z,"10km NNE of Guadalupe Victoria, B.C., MX",earthquake,,,,43,reviewed,ci,ci
1993-10-14T07:18:23.610Z,5.528,94.722,77.5,4.8,mb,,,,1.1,us,usp00061z2,2014-11-07T00:54:12.473Z,"67 km W of Banda Aceh, Indonesia",earthquake,,17.1,,16,reviewed,us,us
1993-10-14T06:55:01.530Z,-6.07,146.08,33,3.6,mb,,,,1.6,us,usp00061z0,2014-11-07T00:54:12.471Z,"33 km NE of Kainantu, Papua New Guinea",earthquake,,,,1,reviewed,us,us
1993-10-14T06:46:35.750Z,12.413,144.61,31.6,4.9,mb,,,,1.2,us,usp00061yz,2014-11-07T00:54:12.466Z,"94 km S of Merizo Village, Guam",earthquake,,,,20,reviewed,us,us
1993-10-14T06:31:07.500Z,14.003,-93.283,33,4,mb,,,,1,us,usp00061yy,2014-11-07T00:54:12.464Z,"122 km SW of Puerto Madero, Mexico",earthquake,,,,2,reviewed,us,us
1993-10-14T06:20:46.910Z,-5.98,146.079,33,4.1,mb,,,,1.7,us,usp00061yx,2014-11-07T00:54:12.462Z,"41 km NE of Kainantu, Papua New Guinea",earthquake,,,,3,reviewed,us,us
1993-10-14T06:04:47.030Z,14.397,-93.159,33,5.3,mw,,,,1.1,us,usp00061yw,2025-12-19T22:51:09.071Z,"87 km WSW of Puerto Madero, Mexico",earthquake,,,,,reviewed,us,hrv
1993-10-14T05:42:04.590Z,-17.87,-178.706,594,4.8,mb,,,,1,us,usp00061yv,2014-11-07T00:54:12.449Z,"210 km E of Levuka, Fiji",earthquake,,11,,21,reviewed,us,us
1993-10-14T05:34:16.780Z,7.065,-72.712,203.2,4,mb,,,,0.4,us,usp00061yu,2014-11-07T00:54:12.448Z,"9 km SSW of Chitagá, Colombia",earthquake,,24.4,,1,reviewed,us,us
1993-10-14T04:40:45.480Z,-6.119,146.191,33,3.9,mb,,,,1.4,us,usp00061yt,2014-11-07T00:54:12.446Z,"40 km ENE of Kainantu, Papua New Guinea",earthquake,,,,2,reviewed,us,us
1993-10-14T03:50:49.100Z,37.363,-2.483,10,2.9,mblg,,,,0.9,us,usp00061ys,2014-11-07T00:54:12.444Z,"3 km NE of Serón, Spain",earthquake,,,,,reviewed,us,mdd
1993-10-14T01:46:51.170Z,60.0283,-139.942,-1.2,2.6,ml,,,,0.17,ak,ak993d6o407x,2020-09-14T20:14:12.772Z,"54 km NNW of Yakutat, Alaska",earthquake,,15,,,reviewed,ak,ak
1993-10-14T00:55:27.200Z,13.823,-92.069,33,4.1,mb,,,,1.1,us,usp00061yn,2014-11-07T00:54:12.438Z,"54 km SSW of Champerico, Guatemala",earthquake,,,,2,reviewed,us,us
1993-10-13T23:37:59.790Z,-5.944,146.07,32.6,5,mb,,,,1.2,us,usp00061yk,2014-11-07T00:54:12.430Z,"44 km NNE of Kainantu, Papua New Guinea",earthquake,,,,30,reviewed,us,us
1993-10-13T23:34:21.410Z,28.629,103.419,33,5,mb,,,,1,us,usp00061yj,2014-11-07T00:54:12.422Z,"102 km SW of Luocheng, China",earthquake,,,,35,reviewed,us,us
1993-10-13T23:21:21.870Z,45.442,18.633,10,3,ml,,,,1.2,us,usp00061yg,2014-11-07T00:54:12.418Z,"2 km WSW of Ernestinovo, Croatia",earthquake,,,,,reviewed,us,zag
1993-10-13T23:06:53.640Z,-5.92,146.194,28.4,4.7,mb,,,,0.9,us,usp00061yf,2014-11-07T00:54:12.414Z,"54 km NE of Kainantu, Papua New Guinea",earthquake,,,,16,reviewed,us,us
1993-10-13T22:57:39.210Z,-5.966,146.446,33,4.1,mb,,,,1,us,usp00061ye,2014-11-07T00:54:12.412Z,"73 km ENE of Kainantu, Papua New Guinea",earthquake,,,,2,reviewed,us,us
1993-10-13T22:47:19.970Z,18.8058333,-155.3126667,11.789,2.62,ml,38,271,,0.13,hv,hv1004482,2020-03-31T19:00:13.980Z,"40 km SE of Naalehu, Hawaii",earthquake,1.67,1.11,0.04,6,reviewed,hv,hv
1993-10-13T22:46:31.670Z,-6.01,145.994,33,5.2,mb,,,,1.3,us,usp00061yd,2014-11-07T00:54:12.400Z,"33 km NNE of Kainantu, Papua New Guinea",earthquake,,,,49,reviewed,us,us
1993-10-13T22:39:34.030Z,51.678,7.762,10,2.6,ml,,,,0.5,us,usp00061yc,2014-11-07T00:54:12.398Z,"4 km W of Hamm, Germany",earthquake,,,,,reviewed,us,bns
1993-10-13T22:18:44.030Z,60.3223,-153.7357,173.3,2.8,ml,,,,0.29,ak,ak993d5cwqtv,2020-09-14T20:14:14.423Z,"34 km ENE of Port Alsworth, Alaska",earthquake,,2.8,,,reviewed,ak,ak
1993-10-13T21:37:09.580Z,-6.008,146.031,33,4.6,mb,,,,1.1,us,usp00061ya,2014-11-07T00:54:12.392Z,"36 km NNE of Kainantu, Papua New Guinea",earthquake,,,,2,reviewed,us,us
1993-10-13T21:24:15.580Z,18.7861667,-155.2883333,12.209,2.55,ml,29,283,,0.13,hv,hv1004473,2020-03-31T19:00:13.830Z,"43 km SE of Naalehu, Hawaii",earthquake,3.17,4.66,0.02,4,reviewed,hv,hv
1993-10-13T21:15:30.010Z,-5.932,145.984,33,4.4,mb,,,,1.1,us,usp00061y9,2014-11-07T00:54:12.390Z,"41 km NNE of Kainantu, Papua New Guinea",earthquake,,,,3,reviewed,us,us
1993-10-13T21:03:43.210Z,60.2017,-152.8893,106.8,2.6,ml,,,,0.24,ak,ak993d5c83f5,2020-09-14T20:14:14.795Z,"69 km WNW of Ninilchik, Alaska",earthquake,,1.2,,,reviewed,ak,ak
1993-10-13T20:59:22.810Z,-6.109,146.45,33,4.5,mb,,,,1.3,us,usp00061y6,2014-11-07T00:54:12.383Z,"67 km ENE of Kainantu, Papua New Guinea",earthquake,,,,4,reviewed,us,us
1993-10-13T20:52:48.290Z,18.8088333,-155.2766667,11.599,2.64,ml,38,270,,0.11,hv,hv1004463,2020-03-31T19:00:13.500Z,"42 km SE of Naalehu, Hawaii",earthquake,1.03,1.48,0.08,6,reviewed,hv,hv
1993-10-13T20:30:46.960Z,32.363,-115.067,5.98,2.56,mc,0,225.2,0.3745,0.398,ci,ci3126976,2016-02-11T00:27:33.617Z,"9km NNE of Guadalupe Victoria, B.C., MX",earthquake,,,,29,reviewed,ci,ci
1993-10-13T20:27:27.980Z,-5.988,146.392,33,3.8,mb,,,,1.7,us,usp00061y5,2014-11-07T00:54:12.381Z,"67 km ENE of Kainantu, Papua New Guinea",earthquake,,,,2,reviewed,us,us
1993-10-13T19:57:26.880Z,-6.021,146.357,33,4.6,ml,,,,1.3,us,usp00061y4,2014-11-07T00:54:12.380Z,"61 km ENE of Kainantu, Papua New Guinea",earthquake,,,,,reviewed,us,pmg
1993-10-13T19:40:12.850Z,13.895,-91.768,33,5,mb,,,,1,us,usp00061y3,2014-11-07T00:54:12.371Z,"46 km SSE of Champerico, Guatemala",earthquake,,,,25,reviewed,us,us
1993-10-13T19:39:29.550Z,-19.704,169.853,33,4.5,mb,,,,0.6,us,usp00061y2,2014-11-07T00:54:12.369Z,"62 km ESE of Isangel, Vanuatu",earthquake,,,,6,reviewed,us,us
1993-10-13T18:10:24.160Z,-5.841,146.025,33,4,mb,,,,1,us,usp00061xy,2014-11-07T00:54:12.363Z,"52 km NNE of Kainantu, Papua New Guinea",earthquake,,,,2,reviewed,us,us
1993-10-13T16:41:13.860Z,32.401,-115.054,5.98,2.55,mc,0,215.5,0.3422,0.406,ci,ci2126956,2016-02-09T23:25:05.824Z,"14km NNE of Guadalupe Victoria, B.C., MX",earthquake,,,,38,reviewed,ci,ci
1993-10-13T15:49:00.510Z,42.511,2.181,10,3.3,mblg,,,,1,us,usp00061xt,2014-11-07T00:54:12.356Z,"11 km E of Font-Romeu-Odeillo-Via, France",earthquake,,,,,reviewed,us,mdd
1993-10-13T15:41:49.600Z,-5.807,145.99,26.6,4.8,mb,,,,1.2,us,usp00061xs,2014-11-07T00:54:12.350Z,"55 km NNE of Kainantu, Papua New Guinea",earthquake,,,,18,reviewed,us,us
1993-10-13T15:28:44.050Z,-5.827,145.984,35.1,4.9,mb,,,,1.2,us,usp00061xq,2014-11-07T00:54:12.342Z,"52 km NNE of Kainantu, Papua New Guinea",earthquake,,,,22,reviewed,us,us
1993-10-13T14:55:30.800Z,39.102,27.692,10,2.7,ml,,,,0.6,us,usp00061xn,2014-11-07T00:54:12.340Z,"2 km ESE of K?rka?aç, Turkey",earthquake,,,,,reviewed,us,isk
1993-10-13T14:45:44.520Z,37.042,-5.483,10,2.7,mblg,,,,1.1,us,usp00061xm,2014-11-07T00:54:12.339Z,"8 km NNW of Coripe, Spain",earthquake,,,,,reviewed,us,mdd
1993-10-13T14:44:01.220Z,39.071,27.698,10,2.7,ml,,,,0.3,us,usp00061xk,2014-11-07T00:54:12.337Z,"4 km SSE of K?rka?aç, Turkey",earthquake,,,,,reviewed,us,isk
1993-10-13T14:35:02.360Z,37.039,-5.424,10,2.8,mblg,,,,0.9,us,usp00061xj,2014-11-07T00:54:12.335Z,"7 km N of Coripe, Spain",earthquake,,,,,reviewed,us,mdd
1993-10-13T14:20:08.480Z,-5.936,146.306,33,4.5,mb,,,,1.6,us,usp00061xh,2014-11-07T00:54:12.333Z,"62 km NE of Kainantu, Papua New Guinea",earthquake,,,,8,reviewed,us,us
1993-10-13T13:56:19.190Z,61.229,-140.233,0,2.5,ml,,,,,us,usp00061xg,2020-09-14T20:14:16.242Z,"145 km E of McCarthy, Alaska",earthquake,,,,,reviewed,aei,aei
1993-10-13T13:26:12.450Z,39.119,27.629,10,2.7,ml,,,,0.3,us,usp00061xf,2014-11-07T00:54:12.318Z,"3 km WNW of K?rka?aç, Turkey",earthquake,,,,,reviewed,us,isk
1993-10-13T13:19:50.240Z,-5.863,146.04,33,4.1,mb,,,,1.5,us,usp00061xe,2014-11-07T00:54:12.317Z,"50 km NNE of Kainantu, Papua New Guinea",earthquake,,,,4,reviewed,us,us
1993-10-13T13:17:00.800Z,39.123,27.705,10,2.7,ml,,,,0.3,us,usp00061xd,2014-11-07T00:54:12.315Z,"3 km ENE of K?rka?aç, Turkey",earthquake,,,,,reviewed,us,isk
1993-10-13T13:04:00.280Z,51.665,-169.13,33,4.8,mb,,,,1.3,us,usp00061xc,2020-09-14T20:14:16.570Z,"142 km S of Nikolski, Alaska",earthquake,,,,31,reviewed,us,us
1993-10-13T12:59:23.170Z,18.2685,-155.1181667,5.103,3.45,md,38,318,,0.17,hv,hv1004395,2020-03-31T19:00:12.090Z,"100 km SSE of Naalehu, Hawaii",earthquake,10.97,9,,1,reviewed,hv,hv
1993-10-13T12:08:11.590Z,-6.042,146.378,33,3.8,mb,,,,1.1,us,usp00061x9,2014-11-07T00:54:12.305Z,"62 km ENE of Kainantu, Papua New Guinea",earthquake,,,,1,reviewed,us,us
1993-10-13T11:59:31.600Z,24.147,-108.782,10,4.3,mb,,,,1.2,us,usp00061x8,2014-11-07T00:54:12.302Z,"101 km WSW of Altata, Mexico",earthquake,,,,11,reviewed,us,us
1993-10-13T11:53:26.470Z,-6.209,146.115,33,4,mb,,,,0.2,us,usp00061x7,2014-11-07T00:54:12.300Z,"28 km ENE of Kainantu, Papua New Guinea",earthquake,,,,1,reviewed,us,us
1993-10-13T11:26:01.920Z,-5.801,146.32,33,4.4,mb,,,,1.7,us,usp00061x6,2014-11-07T00:54:12.298Z,"73 km NE of Kainantu, Papua New Guinea",earthquake,,,,6,reviewed,us,us
1993-10-13T11:05:42.100Z,-6.017,146.223,33,4,mb,,,,1.4,us,usp00061x5,2014-11-07T00:54:12.296Z,"49 km NE of Kainantu, Papua New Guinea",earthquake,,,,2,reviewed,us,us
1993-10-13T10:58:24.440Z,41.215,28.698,10,2.7,ml,,,,0.3,us,usp00061x4,2014-11-07T00:54:12.295Z,"Western Turkey",earthquake,,,,,reviewed,us,isk
1993-10-13T10:50:32.990Z,-5.926,146.153,33,4.5,mb,,,,1.2,us,usp00061x3,2014-11-07T00:54:12.293Z,"51 km NE of Kainantu, Papua New Guinea",earthquake,,,,7,reviewed,us,us
1993-10-13T10:40:31.790Z,-6.168,146.565,33,4.2,mb,,,,0.6,us,usp00061x2,2014-11-07T00:54:12.291Z,"77 km NW of Lae, Papua New Guinea",earthquake,,,,5,reviewed,us,us
1993-10-13T10:31:58.370Z,-5.945,146.129,31,4.8,mb,,,,1.2,us,usp00061x1,2014-11-07T00:54:12.287Z,"47 km NE of Kainantu, Papua New Guinea",earthquake,,,,11,reviewed,us,us
1993-10-13T10:12:24.940Z,39.26,27.543,10,2.7,ml,,,,0.8,us,usp00061x0,2014-11-07T00:54:12.285Z,"10 km NW of Soma, Turkey",earthquake,,,,,reviewed,us,isk
1993-10-13T09:54:02.000Z,34.8353333,-120.9355,3.431,3.78,md,67,221,0.2667,0.15,nc,nc30031746,2016-12-21T00:41:32.010Z,"36 km WSW of Guadalupe, California",earthquake,0.51,0.42,0.14,126,reviewed,nc,nc
1993-10-13T09:44:11.990Z,40.467,21.771,10,3.1,ml,,,,1.7,us,usp00061wy,2014-11-07T00:54:12.282Z,"8 km WNW of Kleítos, Greece",earthquake,,,,,reviewed,us,the
1993-10-13T09:42:52.160Z,39.111,27.633,10,2.7,ml,,,,0.6,us,usp00061wx,2014-11-07T00:54:12.281Z,"3 km W of K?rka?aç, Turkey",earthquake,,,,,reviewed,us,isk
1993-10-13T09:41:53.610Z,40.581,22.359,5,2.7,ml,,,,0.5,us,usp00061ww,2014-11-07T00:54:12.278Z,"3 km WSW of Loutrós, Greece",earthquake,,,,,reviewed,us,the
1993-10-13T09:28:46.200Z,39.649,29.515,10,2.7,ml,,,,0.6,us,usp00061wv,2014-11-07T00:54:12.276Z,"11 km N of Tav?anl?, Turkey",earthquake,,,,,reviewed,us,isk
1993-10-13T09:21:41.400Z,40.455,21.869,10,3,ml,,,,1.3,us,usp00061wu,2014-11-07T00:54:12.275Z,"2 km NNE of Kleítos, Greece",earthquake,,,,,reviewed,us,the
1993-10-13T08:46:54.590Z,-45.005,166.168,33,4.2,ml,,,,0.7,us,usp00061wt,2014-11-07T00:54:12.273Z,"129 km WNW of Te Anau, New Zealand",earthquake,,,,,reviewed,us,wel
1993-10-13T08:18:05.240Z,-5.937,146.089,33,4.2,mb,,,,0.9,us,usp00061ws,2014-11-07T00:54:12.271Z,"46 km NNE of Kainantu, Papua New Guinea",earthquake,,,,2,reviewed,us,us
1993-10-13T07:43:39.240Z,36.964,28.748,10,3.3,ml,,,,1.3,us,usp00061wr,2014-11-07T00:54:12.270Z,"13 km N of Ortaca, Turkey",earthquake,,,,,reviewed,us,isk
1993-10-13T07:33:47.780Z,-18.955,169.37,235.8,4,mb,,,,1.1,us,usp00061wp,2014-11-07T00:54:12.267Z,"65 km N of Isangel, Vanuatu",earthquake,,9,,2,reviewed,us,us
1993-10-13T07:08:36.000Z,-8.438,106.817,33,5.1,mb,,,,1.5,us,usp00061wn,2014-11-07T00:54:12.263Z,"153 km SSW of Banjar, Indonesia",earthquake,,,,1,reviewed,us,us
1993-10-13T06:55:33.730Z,-45.035,166.671,24.1,4.7,mb,,,,1,us,usp00061wm,2014-11-07T00:54:12.261Z,"92 km WNW of Te Anau, New Zealand",earthquake,,5.4,,1,reviewed,us,us
1993-10-13T06:33:37.900Z,-5.955,146.461,33,4.7,mb,,,,1.4,us,usp00061wk,2014-11-07T00:54:12.259Z,"75 km ENE of Kainantu, Papua New Guinea",earthquake,,,,6,reviewed,us,us
1993-10-13T05:50:42.580Z,-6.013,146.061,33,6,mw,,,,1.2,us,usp00061wh,2022-04-28T17:58:02.009Z,"37 km NE of Kainantu, Papua New Guinea",earthquake,,,,,reviewed,us,hrv
1993-10-13T05:18:55.960Z,-6.051,146.39,33,4.3,mb,,,,1.5,us,usp00061wg,2014-11-07T00:54:12.231Z,"63 km ENE of Kainantu, Papua New Guinea",earthquake,,,,6,reviewed,us,us
1993-10-13T04:33:01.060Z,-6.103,146.227,33,4.3,mb,,,,0.4,us,usp00061wf,2014-11-07T00:54:12.230Z,"44 km ENE of Kainantu, Papua New Guinea",earthquake,,,,3,reviewed,us,us
1993-10-13T04:12:02.460Z,-5.777,146.042,33,4.8,mb,,,,1.2,us,usp00061we,2014-11-07T00:54:12.227Z,"59 km NNE of Kainantu, Papua New Guinea",earthquake,,,,3,reviewed,us,us
1993-10-13T04:03:45.610Z,-5.904,145.978,33,4.6,mb,,,,1,us,usp00061wd,2014-11-07T00:54:12.224Z,"44 km NNE of Kainantu, Papua New Guinea",earthquake,,,,5,reviewed,us,us
1993-10-13T03:46:04.340Z,-5.979,146.315,21.8,4.6,mb,,,,1,us,usp00061wc,2014-11-07T00:54:12.220Z,"60 km NE of Kainantu, Papua New Guinea",earthquake,,,,15,reviewed,us,us
1993-10-13T03:44:16.180Z,-6.231,145.979,33,4.3,mb,,,,1.3,us,usp00061wb,2014-11-07T00:54:12.218Z,"14 km ENE of Kainantu, Papua New Guinea",earthquake,,,,3,reviewed,us,us
1993-10-13T03:41:12.790Z,37.076,-117.771,4.208,2.51,ml,0,195.9,,0.244,ci,ci3126823,2016-02-11T00:27:17.414Z,"47km ESE of Big Pine, California",earthquake,,,,9,reviewed,ci,ci
1993-10-13T03:29:19.850Z,38.752,28.072,10,3.1,ml,,,,0.8,us,usp00061wa,2014-11-07T00:54:12.217Z,"14 km ENE of Gölmarmara, Turkey",earthquake,,,,,reviewed,us,isk
1993-10-13T03:19:31.730Z,-5.786,146.17,33,4.9,mb,,,,1.2,us,usp00061w8,2014-11-07T00:54:12.209Z,"65 km NNE of Kainantu, Papua New Guinea",earthquake,,,,7,reviewed,us,us
1993-10-13T03:15:02.590Z,-5.881,146.176,33,5.1,mb,,,,1.3,us,usp00061w7,2014-11-07T00:54:12.207Z,"56 km NE of Kainantu, Papua New Guinea",earthquake,,,,4,reviewed,us,us
1993-10-13T03:07:30.990Z,-5.932,146.153,33,6.5,mw,,,,1.2,us,usp00061w6,2022-04-28T17:58:00.857Z,"50 km NE of Kainantu, Papua New Guinea",earthquake,,,,,reviewed,us,hrv
1993-10-13T03:01:21.900Z,-6.469,146.455,33,4.2,mb,,,,0.5,us,usp00061w5,2014-11-07T00:54:12.175Z,"66 km WNW of Lae, Papua New Guinea",earthquake,,,,3,reviewed,us,us
1993-10-13T02:44:03.910Z,-5.792,146.076,33,4.7,mb,,,,1.2,us,usp00061w4,2014-11-07T00:54:12.172Z,"59 km NNE of Kainantu, Papua New Guinea",earthquake,,,,9,reviewed,us,us
1993-10-13T02:43:32.260Z,38.866,28.556,10,2.9,ml,,,,0.3,us,usp00061w3,2014-11-07T00:54:12.171Z,"18 km NE of Köprüba??, Turkey",earthquake,,,,,reviewed,us,isk
1993-10-13T02:25:23.070Z,18.7906667,-155.2541667,19.699,3.03,ml,41,274,,0.12,hv,hv1004304,2020-03-31T19:00:11.120Z,"46 km SE of Naalehu, Hawaii",earthquake,0.88,6.36,0.08,9,reviewed,hv,hv
1993-10-13T02:14:38.850Z,40.541,19.635,5,3.7,ml,,,,1.3,us,usp00061w2,2014-11-07T00:54:12.169Z,"1 km N of Selenicë, Albania",earthquake,,,,,reviewed,us,the
1993-10-13T02:06:00.340Z,-5.889,146.02,25.3,6.9,mw,,,,1.3,us,usp00061w1,2025-05-29T22:57:51.198Z,"47 km NNE of Kainantu, Papua New Guinea",earthquake,,,,,reviewed,us,hrv
1993-10-13T01:54:06.170Z,49.143,6.897,10,2.8,ml,,,,0.6,us,usp00061w0,2014-11-07T00:54:12.100Z,"0 km SSE of Folkling, France",earthquake,,,,,reviewed,us,str
1993-10-13T01:39:12.320Z,-6.426,154.934,102.1,5.5,mb,,,,0.9,us,usp00061vz,2022-04-28T17:57:58.621Z,"62 km W of Panguna, Papua New Guinea",earthquake,,4.2,,57,reviewed,us,us
1993-10-13T01:26:20.750Z,42.511,2.208,10,3.1,mblg,,,,1.1,us,usp00061vy,2014-11-07T00:54:12.081Z,"13 km E of Font-Romeu-Odeillo-Via, France",earthquake,,,,,reviewed,us,mdd
1993-10-13T01:24:15.200Z,32.391,-115.065,5.98,2.7,mc,0,217,0.3507,0.515,ci,ci3126807,2016-02-11T00:27:14.868Z,"12km NNE of Guadalupe Victoria, B.C., MX",earthquake,,,,33,reviewed,ci,ci
1993-10-13T01:08:10.290Z,-10.258,154.053,33,4.4,mb,,,,0.8,us,usp00061vx,2014-11-07T00:54:12.079Z,"D'Entrecasteaux Islands region",earthquake,,,,4,reviewed,us,us
1993-10-13T00:52:33.630Z,7.576,121.484,43.5,5.5,mw,,,,1.1,us,usp00061vw,2022-04-28T17:57:57.454Z,"64 km NW of Malayal, Philippines",earthquake,,,,,reviewed,us,hrv
1993-10-13T00:49:23.110Z,32.366,-115.05,5.98,2.5,mc,0,221.7,0.3762,0.471,ci,ci3126801,2016-02-10T06:35:45.227Z,"10km NNE of Guadalupe Victoria, B.C., MX",earthquake,,,,12,reviewed,ci,ci
1993-10-13T00:46:42.590Z,32.396,-115.052,5.98,2.54,mc,0,219.4,0.3469,0.346,ci,ci3126800,2016-02-10T13:39:36.035Z,"13km NNE of Guadalupe Victoria, B.C., MX",earthquake,,,,16,reviewed,ci,ci
1993-10-13T00:44:01.300Z,32.4,-115.05,5.98,2.59,mc,0,218.8,0.3426,0.33,ci,ci3126798,2016-02-09T23:24:56.859Z,"14km NNE of Guadalupe Victoria, B.C., MX",earthquake,,,,20,reviewed,ci,ci
1993-10-13T00:39:00.650Z,32.398,-115.065,5.98,3.86,ml,0,215.9,0.3446,0.478,ci,ci3126797,2016-02-09T23:24:55.564Z,"13km NNE of Guadalupe Victoria, B.C., MX",earthquake,,,,48,reviewed,ci,ci
1993-10-13T00:11:04.790Z,30.007,52.248,33,3.8,mb,,,,0.7,us,usp00061vu,2014-11-07T00:54:12.056Z,"51 km NNW of Shiraz, Iran",earthquake,,,,1,reviewed,us,us
1993-10-12T23:43:49.260Z,18.8436667,-155.284,12.229,3.14,ml,47,264,,0.12,hv,hv1004269,2020-03-31T19:00:10.480Z,"39 km SE of Naalehu, Hawaii",earthquake,0.8,0.9,0.03,6,reviewed,hv,hv
1993-10-12T22:32:52.110Z,18.7896667,-155.2856667,6.199,2.55,ml,36,286,,0.13,hv,hv1004234,2020-03-31T19:00:09.830Z,"43 km SE of Naalehu, Hawaii",earthquake,5.26,2.01,0.05,8,reviewed,hv,hv
1993-10-12T22:22:47.420Z,1.441,127.108,33,4.9,mb,,,,0.8,us,usp00061vs,2014-11-07T00:54:12.053Z,"78 km NNW of Ternate, Indonesia",earthquake,,,,4,reviewed,us,us
1993-10-12T22:06:46.270Z,18.8045,-155.2511667,10.899,3.2,ml,45,272,,0.1,hv,hv1004226,2020-03-31T19:00:09.220Z,"45 km SE of Naalehu, Hawaii",earthquake,0.98,1.16,0.04,7,reviewed,hv,hv
1993-10-12T21:56:08.690Z,18.7551667,-155.2545,31.799,2.91,ml,43,280,,0.12,hv,hv1004222,2020-03-31T19:00:08.900Z,"48 km SE of Naalehu, Hawaii",earthquake,1.66,2.99,0.15,7,reviewed,hv,hv
1993-10-12T21:31:10.030Z,18.7181667,-155.2513333,19.844,2.66,ml,23,290,,0.13,hv,hv1004458,2020-03-31T19:00:08.470Z,"51 km SE of Naalehu, Hawaii",earthquake,1.27,12.6,,3,reviewed,hv,hv
1993-10-12T21:30:57.810Z,18.819,-155.2666667,35.099,2.56,ml,31,278,,0.13,hv,hv1004214,2020-03-31T19:00:08.320Z,"42 km SE of Naalehu, Hawaii",earthquake,1.68,2.69,0.01,4,reviewed,hv,hv
1993-10-12T21:04:52.450Z,13.048,51.063,10,5.2,mw,,,,1.3,us,usp00061vr,2025-12-19T22:51:08.350Z,"124 km NNE of Caluula, Somalia",earthquake,,,,,reviewed,us,hrv
1993-10-12T20:49:23.450Z,38.276,88.604,33,4.7,mb,,,,1.5,us,usp00061vq,2014-11-07T00:54:12.034Z,"southern Xinjiang, China",earthquake,,,,22,reviewed,us,us
1993-10-12T20:24:03.290Z,18.7155,-155.2496667,28.844,2.9,ml,34,284,,0.13,hv,hv1004508,2020-03-31T19:00:06.940Z,"52 km SE of Naalehu, Hawaii",earthquake,1.88,5.24,0.06,4,reviewed,hv,hv
1993-10-12T20:23:28.010Z,18.7663333,-155.2623333,27.509,2.77,ml,41,289,,0.11,hv,hv1004176,2020-03-31T19:00:06.780Z,"47 km SE of Naalehu, Hawaii",earthquake,1.57,4.29,0.02,5,reviewed,hv,hv
1993-10-12T19:51:25.360Z,4.196,-76.638,102.6,5.2,mw,,,,0.9,us,usp00061vm,2025-12-19T22:51:07.587Z,"33 km NNW of Darien, Colombia",earthquake,,,,,reviewed,us,hrv
1993-10-12T19:26:20.000Z,40.538,23.478,10,2.5,ml,,,,0.8,us,usp00061vk,2014-11-07T00:54:11.990Z,"10 km SSE of Néa Apollonía, Greece",earthquake,,,,,reviewed,us,the
1993-10-12T19:21:14.570Z,36.284,28.973,10,3.2,ml,,,,1,us,usp00061vj,2014-11-07T00:54:11.989Z,"34 km SSW of Ölüdeniz, Turkey",earthquake,,,,,reviewed,us,isk
1993-10-12T17:12:07.460Z,14.445,-93.733,37.5,4.9,mb,,,,1.1,us,usp00061vh,2014-11-07T00:54:11.985Z,"126 km SSW of La Esperanza (El Zapotal), Mexico",earthquake,,8.3,,14,reviewed,us,us
1993-10-12T16:20:58.730Z,40.662,29.916,10,2.7,ml,,,,0.3,us,usp00061vf,2014-11-07T00:54:11.982Z,"0 km S of Bahçecik, Turkey",earthquake,,,,,reviewed,us,isk
1993-10-12T15:55:49.330Z,39.671,29.632,10,2.8,ml,,,,0.3,us,usp00061vd,2014-11-07T00:54:11.978Z,"14 km S of Domaniç, Turkey",earthquake,,,,,reviewed,us,isk
1993-10-12T15:00:12.620Z,40.909,24.235,5,2.6,ml,,,,0.8,us,usp00061vb,2014-11-07T00:54:11.975Z,"1 km WSW of Eleftheroúpolis, Greece",earthquake,,,,,reviewed,us,the
1993-10-12T14:50:58.830Z,-34.42,-178.322,39.5,4.8,mb,,,,0.5,us,usp00061va,2014-11-07T00:54:11.974Z,"south of the Kermadec Islands",earthquake,,,,1,reviewed,us,us
1993-10-12T14:27:51.070Z,-41.828,172.354,10,4.1,mb,,,,1,us,usp00061v9,2014-11-07T00:54:11.971Z,"62 km E of Westport, New Zealand",earthquake,,,,1,reviewed,us,us
1993-10-12T13:18:47.720Z,51.441,16.121,10,2.6,m,,,,0.7,us,usp00061v7,2014-11-07T00:54:11.968Z,"7 km NW of Lubin, Poland",earthquake,,,,,reviewed,us,war
1993-10-12T13:11:25.010Z,39.802,20.621,10,2.9,ml,,,,1.1,us,usp00061v6,2014-11-07T00:54:11.965Z,"9 km WSW of Asprángeloi, Greece",earthquake,,,,,reviewed,us,the
1993-10-12T12:59:52.990Z,60.9855,-152.4797,160.2,2.9,ml,,,,0.18,ak,ak993d3jnvc3,2020-09-14T20:14:21.624Z,"72 km WNW of Nikiski, Alaska",earthquake,,1.9,,,reviewed,ak,ak
1993-10-12T12:57:15.300Z,-26.864,26.67,5,3.5,ml,,,,1.6,us,usp00061v3,2014-11-07T00:54:11.953Z,"1 km SSE of Klerksdorp, South Africa",earthquake,,,,,reviewed,us,pre
1993-10-12T12:46:08.470Z,42.766,23.767,10,3.2,ml,,,,0.5,us,usp00061v2,2014-11-07T00:54:11.951Z,"10 km NNE of Gorna Malina, Bulgaria",earthquake,,,,,reviewed,us,the
1993-10-12T12:41:35.370Z,58.8488,-153.4418,80.3,3.3,ml,,,,0.19,ak,ak993d3jjz35,2020-09-14T20:14:22.105Z,"93 km NNW of Aleneva, Alaska",earthquake,,2.2,,,reviewed,ak,ak
1993-10-12T12:39:55.330Z,59.5585,-152.7543,86.1,2.7,ml,,,,0.17,ak,ak993d3jjl71,2020-09-14T20:14:22.596Z,"52 km WNW of Nanwalek, Alaska",earthquake,,1.9,,,reviewed,ak,ak
1993-10-12T12:14:35.100Z,39.141,27.713,10,2.7,ml,,,,0.4,us,usp00061uz,2014-11-07T00:54:11.938Z,"5 km NE of K?rka?aç, Turkey",earthquake,,,,,reviewed,us,isk
1993-10-12T12:02:12.140Z,61.4287,-149.9082,37.9,2.9,ml,,,,0.29,ak,ak993d3jbkda,2020-09-14T20:14:23.034Z,"8 km NNE of Point MacKenzie, Alaska",earthquake,,0.9,,,reviewed,ak,ak
1993-10-12T10:58:13.430Z,63.3613,-148.7598,96,3,ml,,,,0.19,ak,ak993d3igpcv,2020-09-14T20:14:24.148Z,"10 km ESE of Cantwell, Alaska",earthquake,,1.4,,,reviewed,ak,ak
1993-10-12T10:57:38.140Z,39.083,27.55,10,2.7,ml,,,,0.5,us,usp00061uw,2014-11-07T00:54:11.912Z,"10 km WSW of K?rka?aç, Turkey",earthquake,,,,,reviewed,us,isk
1993-10-12T10:41:47.670Z,46.516,152.773,33,3.8,mb,,,,1.3,us,usp00061uv,2014-11-07T00:54:11.910Z,"Kuril Islands",earthquake,,,,2,reviewed,us,us
1993-10-12T10:38:37.850Z,39.085,27.712,10,2.7,ml,,,,0.4,us,usp00061uu,2014-11-07T00:54:11.909Z,"4 km ESE of K?rka?aç, Turkey",earthquake,,,,,reviewed,us,isk
1993-10-12T10:22:10.230Z,39.129,27.6,10,2.7,ml,,,,0.2,us,usp00061ut,2014-11-07T00:54:11.908Z,"6 km S of Soma, Turkey",earthquake,,,,,reviewed,us,isk
1993-10-12T10:04:40.860Z,38.8278333,-122.815,1.46,3.22,md,49,30,0.02523,0.05,nc,nc30031620,2016-12-21T00:33:26.330Z,"8 km W of Cobb, California",earthquake,0.12,0.52,0.14,55,reviewed,nc,nc
1993-10-12T09:35:37.330Z,40.44,21.833,5,3.1,ml,,,,0.7,us,usp00061ur,2014-11-07T00:54:11.905Z,"2 km WNW of Kleítos, Greece",earthquake,,,,,reviewed,us,the
1993-10-12T09:21:43.470Z,39.162,27.432,10,2.8,ml,,,,0,us,usp00061uq,2014-11-07T00:54:11.904Z,"9 km NNE of K?n?k, Turkey",earthquake,,,,,reviewed,us,isk
1993-10-12T09:20:07.260Z,40.645,29.403,10,2.6,ml,,,,0,us,usp00061up,2014-11-07T00:54:11.902Z,"1 km NNE of K?l?ç, Turkey",earthquake,,,,,reviewed,us,isk
1993-10-12T05:45:09.840Z,14.088,-93.142,33,3.6,mb,,,,0.9,us,usp00061un,2014-11-07T00:54:11.901Z,"104 km SW of Puerto Madero, Mexico",earthquake,,,,1,reviewed,us,us
1993-10-12T05:21:45.370Z,44.596,6.891,10,2.6,ml,,,,0.3,us,usp00061um,2014-11-07T00:54:11.900Z,"10 km W of Pleyne, Italy",earthquake,,,,,reviewed,us,gen
1993-10-12T05:17:49.080Z,-35.165,-179.891,284.6,3.8,mb,,,,0.9,us,usp00061uk,2014-11-07T00:54:11.897Z,"east of the North Island of New Zealand",earthquake,,12.3,,1,reviewed,us,us
1993-10-12T04:03:59.750Z,36.76,29.083,10,3.2,ml,,,,0.7,us,usp00061uj,2014-11-07T00:54:11.896Z,"6 km NNE of Yaniklar, Turkey",earthquake,,,,,reviewed,us,isk
1993-10-12T03:30:05.580Z,32.364,-115.058,5.98,2.8,mc,0,221.9,0.3772,0.466,ci,ci3126678,2016-02-10T06:35:30.726Z,"10km NNE of Guadalupe Victoria, B.C., MX",earthquake,,,,40,reviewed,ci,ci
1993-10-12T03:09:57.240Z,36.749,29.053,10,3.2,ml,,,,0.2,us,usp00061uf,2014-11-07T00:54:11.891Z,"4 km N of Yaniklar, Turkey",earthquake,,,,,reviewed,us,isk
1993-10-12T02:35:00.890Z,-33.913,94.278,10,5.2,mb,,,,1,us,usp00061ue,2014-11-07T00:54:11.883Z,"South Indian Ocean",earthquake,,,,22,reviewed,us,us
1993-10-12T01:41:01.240Z,32.375,-115.069,5.98,3.45,ml,0,219.7,0.3631,0.435,ci,ci3126657,2016-02-10T03:02:19.646Z,"10km NNE of Guadalupe Victoria, B.C., MX",earthquake,,,,18,reviewed,ci,ci
1993-10-11T23:47:39.890Z,42.4111667,-122.0421667,11.797,2.9,md,15,170,,0.3,uw,uw10322453,2016-07-23T23:33:33.040Z,"23 km SW of Chiloquin, Oregon",earthquake,1.947,1.86,0.04,5,reviewed,uw,uw
1993-10-11T23:34:45.860Z,-21.492,169.758,23.5,4.7,mb,,,,1.5,us,usp00061ub,2014-11-07T00:54:11.871Z,"194 km E of Tadine, New Caledonia",earthquake,,,,10,reviewed,us,us
1993-10-11T23:18:05.720Z,41.891,23.129,10,3.3,ml,,,,1.6,us,usp00061ua,2014-11-07T00:54:11.868Z,"1 km NE of Simitli, Bulgaria",earthquake,,,,,reviewed,us,the
1993-10-11T22:19:01.920Z,41.831,2.647,10,2.7,ml,,,,0.7,us,usp00061u9,2014-11-07T00:54:11.866Z,"Spain",earthquake,,,,,reviewed,us,ldg
1993-10-11T21:52:29.640Z,32.379,-115.07,5.98,2.59,mc,0,219,0.3592,0.368,ci,ci3126628,2016-02-10T10:11:59.073Z,"11km NNE of Guadalupe Victoria, B.C., MX",earthquake,,,,31,reviewed,ci,ci
1993-10-11T20:51:06.060Z,49.197,6.916,10,2.9,ml,,,,1.3,us,usp00061u8,2014-11-07T00:54:11.862Z,"1 km WSW of Stiring-Wendel, France",earthquake,,,,,reviewed,us,grf
1993-10-11T20:41:12.850Z,41.846,20.032,10,3.3,ml,,,,0.9,us,usp00061u7,2014-11-07T00:54:11.858Z,"8 km NNW of Kurbnesh, Albania",earthquake,,,,,reviewed,us,the
1993-10-11T20:22:56.270Z,40.2433333,-124.9881667,4.387,2.5,md,10,308,0.5207,0.26,nc,nc30031557,2016-12-21T00:28:01.283Z,"71 km WSW of Ferndale, California",earthquake,3.12,2.02,0.32,5,reviewed,nc,nc
1993-10-11T19:29:51.420Z,32.382,-115.064,5.98,2.92,mc,0,218.6,0.359,0.483,ci,ci3126599,2016-02-10T06:35:24.286Z,"11km NNE of Guadalupe Victoria, B.C., MX",earthquake,,,,34,reviewed,ci,ci
1993-10-11T19:06:34.670Z,32.37,-115.054,5.98,2.68,mc,0,224.2,0.3727,0.38,ci,ci3126597,2016-02-10T06:35:23.005Z,"10km NNE of Guadalupe Victoria, B.C., MX",earthquake,,,,16,reviewed,ci,ci
1993-10-11T18:59:45.030Z,32.365,-115.069,5.98,4.11,ml,0,216.8,0.372,0.456,ci,ci3126585,2016-02-11T00:26:50.166Z,"9km NNE of Guadalupe Victoria, B.C., MX",earthquake,,,,46,reviewed,ci,ci
1993-10-11T18:52:27.410Z,36.588,29.017,10,3.5,ml,,,,0.3,us,usp00061u3,2014-11-07T00:54:11.852Z,"11 km WSW of Fethiye, Turkey",earthquake,,,,,reviewed,us,isk
1993-10-11T17:46:36.540Z,59.5788,-153.1985,104.5,2.5,ml,,,,0.21,ak,ak993d1z0vae,2020-09-14T20:14:28.921Z,"56 km ESE of Pedro Bay, Alaska",earthquake,,1.4,,,reviewed,ak,ak
1993-10-11T17:46:08.730Z,41.023,28.879,10,2.6,ml,,,,0.4,us,usp00061u1,2014-11-07T00:54:11.846Z,"1 km NNW of Merter Keresteciler, Turkey",earthquake,,,,,reviewed,us,isk
1993-10-11T17:08:47.380Z,47.029,-0.352,5,3.1,ml,,,,1.3,us,usp00061tz,2014-11-07T00:54:11.842Z,"8 km NW of Mauzé-Thouarsais, France",earthquake,,,,,reviewed,us,ldg
1993-10-11T16:53:04.130Z,14.463,-92.69,33,3.9,mb,,,,0.9,us,usp00061ty,2014-11-07T00:54:11.840Z,"near the coast of Chiapas, Mexico",earthquake,,,,1,reviewed,us,us
1993-10-11T16:47:21.270Z,59.9443,-152.9643,117.8,3.2,ml,,,,0.24,ak,ak993d1yfm7z,2020-09-14T20:14:29.322Z,"66 km WNW of Anchor Point, Alaska",earthquake,,1.3,,,reviewed,ak,ak
1993-10-11T16:18:04.110Z,41.101,28.882,10,2.6,ml,,,,0.4,us,usp00061tw,2014-11-07T00:54:11.831Z,"1 km ESE of Sultangazi, Turkey",earthquake,,,,,reviewed,us,isk
1993-10-11T16:02:40.100Z,32.368,-115.06,5.98,2.59,mc,0,224.4,0.3728,0.353,ci,ci3126567,2016-02-09T23:24:36.949Z,"10km NNE of Guadalupe Victoria, B.C., MX",earthquake,,,,23,reviewed,ci,ci
1993-10-11T15:59:54.690Z,41.107,28.462,10,2.7,ml,,,,0.7,us,usp00061tv,2014-11-07T00:54:11.830Z,"2 km WNW of Muratbey, Turkey",earthquake,,,,,reviewed,us,isk
1993-10-11T15:54:21.240Z,32.02,137.832,350.7,6.9,mw,,,,1,us,usp00061tu,2022-04-28T17:57:55.941Z,"256 km SE of Shing?, Japan",earthquake,,,,,reviewed,us,hrv
1993-10-11T15:52:30.540Z,43.811,7.075,5,2.6,ml,,,,0.5,us,usp00061tt,2014-11-07T00:54:11.748Z,"7 km W of Le Broc, France",earthquake,,,,,reviewed,us,gen
1993-10-11T15:45:28.090Z,44.594,11.417,10,2.8,md,,,,1.3,us,usp00061ts,2014-11-07T00:54:11.746Z,"4 km SW of Cà Dè Fabbri, Italy",earthquake,,,,,reviewed,us,fir
1993-10-11T14:39:54.300Z,39.676,29.52,10,2.8,ml,,,,0.4,us,usp00061tr,2014-11-07T00:54:11.745Z,"15 km N of Tavşanlı, Turkey",earthquake,,,,,reviewed,us,isk
1993-10-11T14:34:52.080Z,39.039,26.133,10,2.9,ml,,,,0.3,us,usp00061tq,2014-11-07T00:54:11.744Z,"6 km SW of Polichnítos, Greece",earthquake,,,,,reviewed,us,isk
1993-10-11T14:06:54.830Z,-28.557,30.611,5,3.3,ml,,,,0.9,us,usp00061tn,2014-11-07T00:54:11.741Z,"45 km ESE of Ekuvukeni, South Africa",earthquake,,,,,reviewed,us,pre
1993-10-11T13:34:27.140Z,32.395,-115.064,5.98,2.67,mc,0,216.4,0.3477,0.474,ci,ci3126551,2016-02-10T06:35:18.990Z,"13km NNE of Guadalupe Victoria, B.C., MX",earthquake,,,,37,reviewed,ci,ci
1993-10-11T13:29:09.020Z,32.384,-115.061,5.98,2.91,mc,0,218.5,0.3584,0.47,ci,ci2126689,2016-02-10T06:35:16.967Z,"12km NNE of Guadalupe Victoria, B.C., MX",earthquake,,,,49,reviewed,ci,ci
1993-10-11T13:07:29.560Z,-17.845,-178.726,554.5,6,mwb,,,,1,us,usp00061tk,2022-04-28T17:57:50.518Z,"208 km E of Levuka, Fiji",earthquake,,,,,reviewed,us,us
1993-10-11T12:47:40.380Z,39.134,27.684,10,2.7,ml,,,,0.9,us,usp00061tj,2014-11-07T00:54:11.683Z,"3 km NNE of K?rka?aç, Turkey",earthquake,,,,,reviewed,us,isk
1993-10-11T12:14:10.510Z,40.506,29.831,10,2.8,ml,,,,0.6,us,usp00061th,2014-11-07T00:54:11.682Z,"8 km ESE of Tacir, Turkey",earthquake,,,,,reviewed,us,isk
1993-10-11T11:59:18.420Z,32.383,-115.044,5.98,2.63,mc,0,219,0.3587,0.493,ci,ci3126537,2016-02-10T13:39:10.637Z,"12km NNE of Guadalupe Victoria, B.C., MX",earthquake,,,,38,reviewed,ci,ci
1993-10-11T11:16:18.470Z,-4.544,153.316,30.4,5.6,mw,,,,1.3,us,usp00061tg,2022-04-28T17:57:45.195Z,"118 km E of Kokopo, Papua New Guinea",earthquake,,,,,reviewed,us,hrv
1993-10-11T10:48:02.280Z,63.0787,-150.0812,96.3,2.9,ml,,,,0.18,ak,ak993d1uv6uc,2020-09-14T20:14:29.802Z,"66 km WSW of Cantwell, Alaska",earthquake,,1.6,,,reviewed,ak,ak
1993-10-11T10:08:05.700Z,32.365,-115.054,5.98,2.74,mc,0,221.8,0.3776,0.605,ci,ci3126507,2016-02-10T13:39:05.175Z,"10km NNE of Guadalupe Victoria, B.C., MX",earthquake,,,,41,reviewed,ci,ci
1993-10-11T10:06:10.830Z,39.126,27.177,10,2.7,ml,,,,0.3,us,usp00061tc,2014-11-07T00:54:11.653Z,"0 km NNW of Bergama, Turkey",earthquake,,,,,reviewed,us,isk
1993-10-11T09:44:49.800Z,39.105,27.624,10,2.8,ml,,,,0.1,us,usp00061tb,2014-11-07T00:54:11.652Z,"3 km W of K?rka?aç, Turkey",earthquake,,,,,reviewed,us,isk
1993-10-11T09:13:01.810Z,24.795,63.266,24,4.6,mb,,,,1.3,us,usp00061t9,2014-11-07T00:54:11.646Z,"55 km SSW of Pasni, Pakistan",earthquake,,,,18,reviewed,us,us
1993-10-11T08:56:55.980Z,36.5835,-121.1786667,6.192,3.27,md,79,31,0.01261,0.06,nc,nc30031514,2016-12-21T00:24:12.550Z,"22 km NE of Soledad, California",earthquake,0.1,0.28,0.09,96,reviewed,nc,nc
1993-10-11T08:18:35.570Z,39.252,27.789,5,2.7,ml,,,,0.7,us,usp00061t7,2014-11-07T00:54:11.641Z,"17 km ENE of Soma, Turkey",earthquake,,,,,reviewed,us,isk
1993-10-11T08:11:15.070Z,63.1023,-150.9682,128.7,2.7,ml,,,,0.22,ak,ak993d1tgf4j,2020-09-14T20:14:30.596Z,"61 km SE of Denali National Park, Alaska",earthquake,,2,,,reviewed,ak,ak
1993-10-11T08:09:00.430Z,39.131,27.711,5,2.8,ml,,,,0.7,us,usp00061t5,2014-11-07T00:54:11.634Z,"4 km NE of K?rka?aç, Turkey",earthquake,,,,,reviewed,us,isk
1993-10-11T07:55:56.360Z,-24.922,-179.977,500,5,mb,,,,1,us,usp00061t4,2014-11-07T00:54:11.630Z,"south of the Fiji Islands",earthquake,,,,18,reviewed,us,us
1993-10-11T07:35:03.970Z,36.59,-121.1888333,5.027,2.5,md,44,36,0.01532,0.05,nc,nc30031508,2016-12-21T00:23:28.060Z,"22 km NE of Soledad, California",earthquake,0.17,0.41,0.13,32,reviewed,nc,nc
1993-10-11T07:27:46.020Z,36.5896667,-121.1858333,5.807,3.14,md,71,35,0.01532,0.06,nc,nc30031869,2016-12-21T00:23:09.900Z,"22 km NE of Soledad, California",earthquake,0.13,0.35,0.11,38,reviewed,nc,nc
1993-10-11T07:26:54.020Z,36.5765,-121.1698333,5.422,2.77,md,68,26,0.01622,0.06,nc,nc30031506,2016-12-21T00:22:53.830Z,"21 km NE of Soledad, California",earthquake,0.12,0.35,0.33,35,reviewed,nc,nc
1993-10-11T07:19:45.190Z,36.5801667,-121.1743333,6.862,4.12,md,83,28,0.01351,0.07,nc,nc30031501,2016-12-21T00:22:04.540Z,"21 km NE of Soledad, California",earthquake,0.12,0.29,0.11,282,reviewed,nc,nc
1993-10-11T06:37:03.790Z,36.8748333,-121.2816667,5.988,3.08,md,83,49,0.02432,0.05,nc,nc30031497,2016-12-21T00:21:46.990Z,"10 km NNE of Tres Pinos, California",earthquake,0.11,0.3,0.1,96,reviewed,nc,nc
1993-10-11T06:28:14.280Z,32.389,-115.064,5.98,2.6,mc,0,220.6,0.3529,0.34,ci,ci3126453,2016-02-10T10:11:49.218Z,"12km NNE of Guadalupe Victoria, B.C., MX",earthquake,,,,37,reviewed,ci,ci
1993-10-11T05:19:13.740Z,38.136,23.045,12.8,3.4,ml,,,,1.3,us,usp00061sx,2014-11-07T00:54:11.612Z,"14 km SSE of Domvraína, Greece",earthquake,,4.4,,,reviewed,us,the
1993-10-11T05:05:42.570Z,32.379,-115.054,5.98,3.04,mc,0,219.5,0.3639,0.403,ci,ci3126437,2016-02-10T06:35:05.904Z,"11km NNE of Guadalupe Victoria, B.C., MX",earthquake,,,,56,reviewed,ci,ci
1993-10-11T04:33:06.730Z,44.618,6.344,10,2.5,ml,,,,0.5,us,usp00061sv,2014-11-07T00:54:11.608Z,"9 km NE of Chorges, France",earthquake,,,,,reviewed,us,gen
1993-10-11T04:05:11.420Z,9.838,-78.282,33,4.3,mb,,,,1,us,usp00061su,2014-11-07T00:54:11.606Z,"54 km NE of Narganá, Panama",earthquake,,,,1,reviewed,us,us
1993-10-11T01:35:53.340Z,33.254,-116.234,8.837,3.04,ml,0,30.2,,0.298,ci,ci3126422,2016-02-11T00:26:29.994Z,"13km E of Borrego Springs, California",earthquake,,0.64,,21,reviewed,ci,ci
1993-10-11T01:31:51.110Z,46.801,153.772,33,4.8,mb,,,,1,us,usp00061sq,2014-11-07T00:54:11.594Z,"Kuril Islands",earthquake,,,,42,reviewed,us,us
1993-10-11T00:06:52.710Z,59.339,-152.1575,61.8,2.7,ml,,,,0.3,ak,ak993d1onylz,2020-09-14T20:14:31.732Z,"13 km W of Nanwalek, Alaska",earthquake,,1.6,,,reviewed,ak,ak
1993-10-11T00:02:09.650Z,63.0648,-151.0442,131.9,2.8,ml,,,,0.22,ak,ak993d1on0f9,2020-09-14T20:14:32.131Z,"Central Alaska",earthquake,,1.5,,,reviewed,ak,ak
1993-10-10T23:38:27.610Z,11.947,-88.626,33,4.2,mb,,,,0.7,us,usp00061sm,2014-11-07T00:54:11.582Z,"148 km S of Puerto El Triunfo, El Salvador",earthquake,,,,5,reviewed,us,us
1993-10-10T23:31:11.810Z,40.985,20.157,5,3.1,ml,,,,1,us,usp00061sk,2014-11-07T00:54:11.578Z,"13 km N of Gramsh, Albania",earthquake,,,,,reviewed,us,tir
1993-10-10T23:23:54.200Z,46.84,153.905,42.2,4.8,mb,,,,1,us,usp00061sj,2014-11-07T00:54:11.571Z,"Kuril Islands",earthquake,,9.5,,37,reviewed,us,us
1993-10-10T22:59:51.650Z,61.9982,-149.551,42.3,2.8,ml,,,,0.25,ak,ak993d0ejial,2020-09-14T20:14:32.582Z,"23 km SE of Susitna North, Alaska",earthquake,,1.4,,,reviewed,ak,ak
1993-10-10T22:16:58.510Z,46.614,153.899,33,4.8,mb,,,,1.4,us,usp00061sf,2014-11-07T00:54:11.561Z,"Kuril Islands",earthquake,,,,10,reviewed,us,us
1993-10-10T21:53:50.050Z,38.0508333,-119.4748333,3.25,2.62,md,6,158,0.2333,0.67,nc,nc30031455,2016-12-21T00:17:00.197Z,"29 km W of Mono City, California",earthquake,10.37,52.49,0.25,3,reviewed,nc,nc
1993-10-10T21:37:18.630Z,0.494,-16.475,10,4.5,mb,,,,1,us,usp00061se,2014-11-07T00:54:11.559Z,"north of Ascension Island",earthquake,,,,9,reviewed,us,us
1993-10-10T21:08:45.860Z,15.386,-94.673,25,4.9,mb,,,,1.1,us,usp00061sd,2014-11-07T00:54:11.551Z,"93 km S of San Francisco del Mar Viejo, Mexico",earthquake,,6.6,,37,reviewed,us,us
1993-10-10T20:40:10.620Z,40.49,21.534,10,3,ml,,,,1.2,us,usp00061sc,2014-11-07T00:54:11.548Z,"2 km W of Empório, Greece",earthquake,,,,,reviewed,us,tir
1993-10-10T20:11:26.440Z,0.056,-16.582,10,4.7,mb,,,,1,us,usp00061s8,2014-11-07T00:54:11.538Z,"north of Ascension Island",earthquake,,,,30,reviewed,us,us
1993-10-10T19:56:19.620Z,37.6468333,-118.8836667,5.462,2.85,md,38,71,0.01892,0.04,nc,nc30031442,2016-12-21T00:14:34.360Z,"7 km E of Mammoth Lakes, California",earthquake,0.18,0.27,0.2,50,reviewed,nc,nc
1993-10-10T19:27:13.780Z,36.996,20.565,10,3.5,mb,,,,1.1,us,usp00061s6,2014-11-07T00:54:11.534Z,"83 km SSW of Lithakiá, Greece",earthquake,,,,1,reviewed,us,us
1993-10-10T18:22:35.340Z,61.5668,-151.8,3.6,3,ml,,,,0.35,ak,ak993d0bxt4e,2020-09-14T20:14:33.642Z,"51 km SSW of Skwentna, Alaska",earthquake,,0.6,,,reviewed,ak,ak
1993-10-10T18:05:17.880Z,40.628,22.374,34.7,4.3,mb,,,,1.1,us,usp00061s3,2014-11-07T00:54:11.501Z,"1 km SW of Nisí, Greece",earthquake,,7.3,,18,reviewed,us,us
1993-10-10T15:52:45.640Z,39.656,29.44,10,2.8,ml,,,,0.5,us,usp00061s1,2014-11-07T00:54:11.498Z,"13 km NNW of Tav?anl?, Turkey",earthquake,,,,,reviewed,us,isk
1993-10-10T15:30:10.210Z,37.6391667,-118.929,5.716,2.99,md,39,55,0.02432,0.04,nc,nc30031397,2016-12-21T00:11:35.040Z,"3 km ESE of Mammoth Lakes, California",earthquake,0.18,0.26,0.1,54,reviewed,nc,nc
1993-10-10T15:24:02.080Z,-23.921,69.618,10,4.6,mb,,,,0.8,us,usp00061ry,2014-11-07T00:54:11.493Z,"Mid-Indian Ridge",earthquake,,,,4,reviewed,us,us
1993-10-10T15:12:36.680Z,37.6458333,-118.8835,5.342,2.66,md,37,72,0.01982,0.04,nc,nc30031393,2016-12-21T00:11:06.480Z,"7 km E of Mammoth Lakes, California",earthquake,0.18,0.28,0.35,47,reviewed,nc,nc
1993-10-10T14:53:21.840Z,37.6375,-118.9208333,5.874,2.76,md,34,49,0.01802,0.04,nc,nc30031388,2016-12-21T00:10:22.040Z,"4 km ESE of Mammoth Lakes, California",earthquake,0.2,0.29,0.11,35,reviewed,nc,nc
1993-10-10T14:33:11.020Z,-7.288,126.274,449.1,4.8,mb,,,,0.9,us,usp00061rv,2014-11-07T00:54:11.484Z,"132 km N of Baukau, Timor Leste",earthquake,,9,,23,reviewed,us,us
1993-10-10T13:42:17.140Z,-14.159,-75.995,48.8,5.1,mw,,,,1.1,us,usp00061rt,2022-04-28T17:57:43.295Z,"29 km WSW of Subtanjalla, Peru",earthquake,,,,,reviewed,us,hrv
1993-10-10T13:18:55.960Z,37.607,-119.031,4.406,2.52,mc,0,166.8,,0.324,ci,ci3126263,2016-02-10T17:09:18.176Z,"6km SW of Mammoth Lakes, California",earthquake,,,,18,reviewed,ci,ci
1993-10-10T13:11:11.180Z,37.636,-118.9218333,5.524,2.67,md,25,68,0.01802,0.03,nc,nc30032583,2016-12-21T00:08:11.608Z,"4 km ESE of Mammoth Lakes, California",earthquake,0.28,0.47,0.38,13,reviewed,nc,nc
1993-10-10T12:42:34.050Z,-3.935,103.702,33,4.7,mb,,,,1.4,us,usp00061rs,2014-11-07T00:54:11.472Z,"11 km W of Tanjungagung, Indonesia",earthquake,,,,11,reviewed,us,us
1993-10-10T12:16:39.100Z,44.201,12.129,21.3,3.2,ml,,,,1.4,us,usp00061rr,2014-11-07T00:54:11.467Z,"1 km N of Forlimpopoli, Italy",earthquake,,8.5,,,reviewed,us,vie
1993-10-10T11:44:06.770Z,-10.895,164.52,32.4,5.4,mw,,,,1,us,usp00061rq,2025-12-19T22:51:06.832Z,"140 km W of Lata, Solomon Islands",earthquake,,,,,reviewed,us,hrv
1993-10-10T11:32:07.470Z,42.034,2.296,10,2.5,ml,,,,0.7,us,usp00061rp,2014-11-07T00:54:11.453Z,"2 km ESE of Torelló, Spain",earthquake,,,,,reviewed,us,ldg
1993-10-10T11:17:33.400Z,-17.122,167.268,33,4.3,mb,,,,1.4,us,usp00061rn,2014-11-07T00:54:11.450Z,"114 km S of Lakatoro, Vanuatu",earthquake,,,,5,reviewed,us,us
1993-10-10T11:17:04.390Z,28.756,34.62,10,3.7,mb,,,,1.1,us,usp00061rm,2014-11-07T00:54:11.449Z,"32 km S of Nuwaybi‘a, Egypt",earthquake,,,,2,reviewed,us,us
1993-10-10T11:12:03.120Z,-31.799,-71.558,33,3.9,md,,,,0.3,us,usp00061rk,2014-11-07T00:54:11.447Z,"41 km WSW of Illapel, Chile",earthquake,,,,,reviewed,us,san
1993-10-10T10:57:11.280Z,39.126,27.484,10,2.8,ml,,,,0.9,us,usp00061rj,2014-11-07T00:54:11.446Z,"9 km ENE of K?n?k, Turkey",earthquake,,,,,reviewed,us,isk
1993-10-10T10:44:08.150Z,34.317,139.098,26.3,4.5,mb,,,,1,us,usp00061rh,2014-11-07T00:54:11.440Z,"42 km SSE of Shimoda, Japan",earthquake,,5.9,,7,reviewed,us,us
1993-10-10T10:21:35.960Z,43.289,-110.973,5,3.1,ml,,,,0.8,us,usp00061rg,2014-11-07T00:54:11.437Z,"10 km NNE of Alpine Northeast, Wyoming",earthquake,,,,,reviewed,us,but
1993-10-10T10:19:32.700Z,61.3112,-149.9147,38.8,4.3,mb,,,,0.33,ak,ak993d075oxi,2020-09-14T20:14:34.488Z,"6 km SSE of Point MacKenzie, Alaska",earthquake,,0.8,,,reviewed,ak,ak
1993-10-10T10:16:25.010Z,-5.659,153.932,84.5,5.1,mb,,,,0.9,us,usp00061re,2014-11-07T00:54:11.423Z,"186 km WNW of Panguna, Papua New Guinea",earthquake,,9.5,,7,reviewed,us,us
1993-10-10T10:15:17.850Z,36.318,137.703,5,3.8,mb,,,,0.7,us,usp00061rd,2014-11-07T00:54:11.421Z,"16 km W of Hotaka, Japan",earthquake,,,,1,reviewed,us,us
1993-10-10T09:37:47.880Z,13.981,-93.021,33,4.2,mb,,,,1.3,us,usp00061rb,2014-11-07T00:54:11.417Z,"104 km SW of Puerto Madero, Mexico",earthquake,,,,6,reviewed,us,us
1993-10-10T09:09:54.790Z,39.128,27.746,5,2.7,ml,,,,0.2,us,usp00061ra,2014-11-07T00:54:11.416Z,"7 km ENE of K?rka?aç, Turkey",earthquake,,,,,reviewed,us,isk
1993-10-10T08:59:11.810Z,39.109,27.669,10,2.8,ml,,,,0.2,us,usp00061r9,2014-11-07T00:54:11.415Z,"0 km N of K?rka?aç, Turkey",earthquake,,,,,reviewed,us,isk
1993-10-10T07:15:58.560Z,-19.863,163.302,14,5.3,mb,,,,0.9,us,usp00061r8,2014-11-07T00:54:11.399Z,"39 km WSW of Wala, New Caledonia",earthquake,,,,50,reviewed,us,us
1993-10-10T04:40:35.260Z,14.481,-93.037,39.8,4.5,mb,,,,1.3,us,usp00061r7,2014-11-07T00:54:11.395Z,"71 km WSW of Puerto Madero, Mexico",earthquake,,9.3,,9,reviewed,us,us
1993-10-10T04:17:46.760Z,42.421,-105.868,5,3.7,ml,,,,0.6,us,usp00061r6,2014-11-07T00:54:11.392Z,"41 km W of Esterbrook, Wyoming",earthquake,,,,,reviewed,us,gs$
1993-10-10T04:13:54.400Z,-33.955,-70.736,90,3.6,md,,,,0.3,us,usp00061r5,2014-11-07T00:54:11.390Z,"12 km N of Graneros, Chile",earthquake,,,,,reviewed,us,san
1993-10-10T03:19:34.660Z,-34.849,-178.881,33,4,mb,,,,0.5,us,usp00061r4,2014-11-07T00:54:11.388Z,"south of the Kermadec Islands",earthquake,,,,2,reviewed,us,us
1993-10-10T02:19:18.610Z,41.543,139.984,46.7,4.4,mb,,,,0.9,us,usp00061r2,2014-11-07T00:54:11.384Z,"63 km WSW of Kamiiso, Japan",earthquake,,22.1,,16,reviewed,us,us
1993-10-10T01:26:08.840Z,-6.168,149.914,69.1,4.8,mb,,,,1.1,us,usp00061r1,2014-11-07T00:54:11.380Z,"40 km E of Kandrian, Papua New Guinea",earthquake,,8.2,,5,reviewed,us,us
1993-10-09T23:30:10.850Z,58.097,-142.702,10,3.3,ml,,,,0.9,us,usp00061r0,2020-09-14T20:14:36.078Z,"235 km SW of Yakutat, Alaska",earthquake,,,,,reviewed,us,aei
1993-10-09T22:51:59.440Z,37.6451667,-118.8836667,5.632,2.6,md,37,72,0.01982,0.04,nc,nc30031275,2016-12-20T23:58:01.270Z,"7 km E of Mammoth Lakes, California",earthquake,0.2,0.29,0.2,46,reviewed,nc,nc
1993-10-09T22:28:13.980Z,45.318,6.576,10,2.9,ml,,,,1,us,usp00061qy,2014-11-07T00:54:11.367Z,"2 km NNW of Val Thorens, France",earthquake,,,,,reviewed,us,gen
1993-10-09T22:24:21.990Z,11.712,57.66,10,5.2,mb,,,,1.2,us,usp00061qx,2014-11-07T00:54:11.350Z,"Owen Fracture Zone region",earthquake,,,,75,reviewed,us,us
1993-10-09T21:52:52.000Z,31.34,-7.579,10,3.1,m,,,,0.6,us,usp00061qv,2014-11-07T00:54:11.347Z,"15 km NE of Setti Fatma, Morocco",earthquake,,,,,reviewed,us,rtc
1993-10-09T21:50:02.590Z,40.712,29.93,10,3.3,ml,,,,0.6,us,usp00061qu,2014-11-07T00:54:11.345Z,"2 km NNW of Kar??yaka, Turkey",earthquake,,,,,reviewed,us,isk
1993-10-09T21:30:59.280Z,-32.909,-70.239,110,3.8,md,,,,0.4,us,usp00061qt,2014-11-07T00:54:11.344Z,"34 km ESE of Los Andes, Chile",earthquake,,,,,reviewed,us,san
1993-10-09T21:14:42.520Z,35.238,-120.9488333,4.656,2.67,md,51,190,0.05586,0.09,nc,nc30031267,2016-12-20T23:57:08.050Z,"13 km SW of Los Osos, California",earthquake,0.26,0.3,0.13,48,reviewed,nc,nc
1993-10-09T20:13:26.210Z,39.46,27.77,10,3.1,ml,,,,0.7,us,usp00061qq,2014-11-07T00:54:11.337Z,"12 km NE of Sava?tepe, Turkey",earthquake,,,,,reviewed,us,isk
1993-10-09T19:47:40.340Z,43.51,-0.568,5,3.1,ml,,,,0.7,us,usp00061qn,2014-11-07T00:54:11.331Z,"6 km NE of Arthez-de-Béarn, France",earthquake,,,,,reviewed,us,ldg
1993-10-09T19:30:06.660Z,-24.201,-178.632,537.2,4.8,mb,,,,0.8,us,usp00061qm,2014-11-07T00:54:11.328Z,"south of the Fiji Islands",earthquake,,32.3,,2,reviewed,us,us
1993-10-09T19:20:16.230Z,-27.831,-66.899,234.8,4,mb,,,,0.6,us,usp00061qk,2014-11-07T00:54:11.326Z,"26 km ESE of Londres, Argentina",earthquake,,8,,1,reviewed,us,us
1993-10-09T19:04:53.390Z,51.395,16.034,10,3.4,ml,,,,0.7,us,usp00061qj,2014-11-07T00:54:11.323Z,"9 km ESE of Chocianów, Poland",earthquake,,,,,reviewed,us,grf
1993-10-09T17:59:18.110Z,12.953,-88.802,59.2,4.9,mb,,,,1,us,usp00061qh,2014-11-07T00:54:11.314Z,"45 km SW of Puerto El Triunfo, El Salvador",earthquake,,,,20,reviewed,us,us
1993-10-09T17:37:21.050Z,44.344,7.305,9.7,3.1,ml,,,,0.7,us,usp00061qg,2014-11-07T00:54:11.310Z,"3 km N of Demonte, Italy",earthquake,,2.4,,,reviewed,us,ldg
1993-10-09T15:57:01.240Z,37.8391667,-113.095,1.83,2.61,md,8,119,0.1649,0.28,uu,uu50077210,2018-08-28T04:59:54.110Z,"9 km NW of Enoch, Utah",earthquake,1.02,16.3,,5,reviewed,uu,uu
1993-10-09T15:14:09.630Z,32.351,-115.055,5.98,3.11,mc,0,224.1,0.3898,0.421,ci,ci3126099,2016-02-11T00:26:10.892Z,"8km NNE of Guadalupe Victoria, B.C., MX",earthquake,,,,55,reviewed,ci,ci
1993-10-09T15:01:47.740Z,41.125,28.76,10,2.7,ml,,,,0.7,us,usp00061qe,2014-11-07T00:54:11.307Z,"5 km NW of Ba?ak?ehir, Turkey",earthquake,,,,,reviewed,us,isk
1993-10-09T13:54:03.280Z,51.276,-178.145,33,5.1,mb,,,,1,us,usp00061qd,2020-09-14T20:14:37.146Z,"124 km WSW of Adak, Alaska",earthquake,,,,71,reviewed,us,us
1993-10-09T13:21:09.270Z,-24.646,-173.038,33,4.8,mb,,,,1.5,us,usp00061qc,2014-11-07T00:54:11.289Z,"south of Tonga",earthquake,,,,4,reviewed,us,us
1993-10-09T13:20:02.960Z,59.2077,-153.4032,114.7,3.2,ml,,,,0.21,ak,ak993cyleso8,2020-09-14T20:14:37.385Z,"73 km ESE of Pope-Vannoy Landing, Alaska",earthquake,,2,,,reviewed,ak,ak
1993-10-09T13:15:58.210Z,42.2493333,-121.9685,6.212,2.5,md,12,147,,0.22,uw,uw10319628,2016-07-23T23:32:49.840Z,"15 km W of Klamath Falls, Oregon",earthquake,0.765,0.96,0.06,7,reviewed,uw,uw
1993-10-09T12:43:26.050Z,32.407,-115.048,5.98,2.56,mc,0,222.3,0.3355,0.399,ci,ci3126075,2016-02-10T20:45:24.924Z,"14km NNE of Guadalupe Victoria, B.C., MX",earthquake,,,,33,reviewed,ci,ci
1993-10-09T12:27:20.480Z,51.629,16.238,10,3.8,mb,,,,0.7,us,usp00061qa,2014-11-07T00:54:11.279Z,"5 km NE of Gr?bocice, Poland",earthquake,,,,1,reviewed,us,us
1993-10-09T11:59:10.420Z,-32.865,-70.806,68.6,3.8,md,,,,0.3,us,usp00061q9,2014-11-07T00:54:11.277Z,"14 km E of Llaillay, Chile",earthquake,,11.1,,,reviewed,us,san
1993-10-09T11:57:29.700Z,39.076,27.657,10,2.7,ml,,,,0.3,us,usp00061q8,2014-11-07T00:54:11.276Z,"3 km SSW of K?rka?aç, Turkey",earthquake,,,,,reviewed,us,isk
1993-10-09T11:47:02.580Z,-18.56,-71.366,10,4.3,mb,,,,1.2,us,usp00061q7,2014-11-07T00:54:11.274Z,"101 km S of Pacocha, Peru",earthquake,,,,1,reviewed,us,us
1993-10-09T11:04:18.420Z,40.483,29.01,5,2.9,ml,,,,0.6,us,usp00061q6,2014-11-07T00:54:11.272Z,"7 km W of Küçükkumla, Turkey",earthquake,,,,,reviewed,us,isk
1993-10-09T10:47:52.790Z,39.641,29.46,10,2.8,ml,,,,0.6,us,usp00061q5,2014-11-07T00:54:11.271Z,"11 km NNW of Tav?anl?, Turkey",earthquake,,,,,reviewed,us,isk
1993-10-09T10:42:18.670Z,40.566,27.726,5,2.6,ml,,,,0.5,us,usp00061q4,2014-11-07T00:54:11.270Z,"14 km E of Marmara, Turkey",earthquake,,,,,reviewed,us,isk
1993-10-09T09:56:44.610Z,39.642,29.552,10,2.8,ml,,,,0.3,us,usp00061q2,2014-11-07T00:54:11.266Z,"11 km NNE of Tav?anl?, Turkey",earthquake,,,,,reviewed,us,isk
1993-10-09T09:20:42.910Z,39.109,27.705,10,2.7,ml,,,,0.1,us,usp00061q1,2014-11-07T00:54:11.264Z,"3 km E of K?rka?aç, Turkey",earthquake,,,,,reviewed,us,isk
1993-10-09T09:19:48.420Z,3.54,129.936,194.7,4.5,mb,,,,1.3,us,usp00061q0,2014-11-07T00:54:11.263Z,"144 km WNW of Tobi Village, Palau",earthquake,,22.4,,6,reviewed,us,us
1993-10-09T09:14:43.230Z,38.558,18.797,10,3.8,ml,,,,1.3,us,usp00061pz,2014-11-07T00:54:11.260Z,"139 km SW of Ágios Matthaíos, Greece",earthquake,,,,,reviewed,us,tir
1993-10-09T09:13:43.050Z,39.14,27.58,10,2.7,ml,,,,0.2,us,usp00061py,2014-11-07T00:54:11.259Z,"5 km SSW of Soma, Turkey",earthquake,,,,,reviewed,us,isk
1993-10-09T09:09:48.610Z,2.68,128.603,33,4.6,mb,,,,0.6,us,usp00061px,2014-11-07T00:54:11.257Z,"124 km NNE of Tobelo, Indonesia",earthquake,,,,2,reviewed,us,us
1993-10-09T08:24:37.200Z,44.089,12.19,5,3.2,md,,,,1.1,us,usp00061pu,2014-11-07T00:54:11.251Z,"3 km NNE of Borello, Italy",earthquake,,,,,reviewed,us,fir
1993-10-09T08:22:32.410Z,39.171,27.612,10,2.7,ml,,,,0.3,us,usp00061pt,2014-11-07T00:54:11.250Z,"1 km S of Soma, Turkey",earthquake,,,,,reviewed,us,isk
1993-10-09T05:59:24.720Z,41.806,139.362,33,4.5,mb,,,,0.9,us,usp00061ps,2014-11-07T00:54:11.247Z,"106 km W of Kamiiso, Japan",earthquake,,,,14,reviewed,us,us
1993-10-09T05:38:33.640Z,34.6523333,-121.373,9.255,2.63,md,31,267,0.664,0.22,nc,nc30031171,2016-12-20T23:52:03.969Z,"79 km W of Vandenberg Air Force Base, California",earthquake,1.73,1.5,0.21,21,reviewed,nc,nc
1993-10-09T05:14:39.980Z,32.335,-115.039,5.98,2.57,mc,0,230.7,0.4056,0.479,ci,ci3126019,2016-02-10T10:11:17.650Z,"8km NE of Guadalupe Victoria, B.C., MX",earthquake,,,,35,reviewed,ci,ci
1993-10-09T03:59:44.100Z,-6.665,127.262,435.5,4,mb,,,,0.7,us,usp00061pr,2014-11-07T00:54:11.246Z,"207 km N of Lospalos, Timor Leste",earthquake,,25.1,,1,reviewed,us,us
1993-10-09T03:37:23.840Z,-15.286,-173.537,10,5.1,mb,,,,0.7,us,usp00061pq,2014-11-07T00:54:11.239Z,"79 km NNE of Hihifo, Tonga",earthquake,,,,15,reviewed,us,us
1993-10-09T03:00:15.050Z,14.253,-93.034,33,4,mb,,,,1.4,us,usp00061pp,2014-11-07T00:54:11.238Z,"83 km SW of Puerto Madero, Mexico",earthquake,,,,3,reviewed,us,us
1993-10-09T02:44:25.330Z,46.534,9.004,10,2.5,ml,,,,0.9,us,usp00061pn,2014-11-07T00:54:11.236Z,"9 km NNE of Acquarossa, Switzerland",earthquake,,,,,reviewed,us,ldg
1993-10-09T02:42:45.660Z,39.381,21.636,10,3.5,ml,,,,0.8,us,usp00061pm,2014-11-07T00:54:11.233Z,"5 km SSW of Mouzáki, Greece",earthquake,,,,,reviewed,us,ath
1993-10-09T00:48:37.400Z,19.3321667,-155.1306667,7.389,2.89,ml,47,86,,0.12,hv,hv2004795,2020-03-31T18:59:21.350Z,"14 km S of Fern Forest, Hawaii",earthquake,0.31,0.45,0.19,10,reviewed,hv,hv
1993-10-08T23:08:14.570Z,12.961,-88,33,4.1,mb,,,,1,us,usp00061pk,2014-11-07T00:54:11.230Z,"26 km SSE of Intipucá, El Salvador",earthquake,,,,2,reviewed,us,us
1993-10-08T22:09:34.300Z,42.454,2.175,10,3.7,ml,,,,1,us,usp00061pj,2014-11-07T00:54:11.224Z,"12 km ESE of Font-Romeu-Odeillo-Via, France",earthquake,,,,,reviewed,us,ldg
1993-10-08T20:45:08.980Z,17.934,76.396,33,4.7,mb,,,,0.7,us,usp00061ph,2020-09-15T16:42:09.982Z,"17 km NE of Naldurg, India",earthquake,,,,19,reviewed,us,us
1993-10-08T20:19:03.760Z,36.646,-11.382,10,3.3,mblg,,,,0.8,us,usp00061pg,2014-11-07T00:54:11.217Z,"221 km W of Sagres, Portugal",earthquake,,,,,reviewed,us,mdd
1993-10-08T19:56:44.350Z,-32.907,-179.687,330.5,4.3,mb,,,,1.3,us,usp00061pf,2014-11-07T00:54:11.214Z,"south of the Kermadec Islands",earthquake,,16.9,,3,reviewed,us,us
1993-10-08T18:30:01.090Z,34.388,-116.464,4.206,3.51,ml,0,47.1,,0.145,ci,ci3125934,2016-02-10T17:08:49.064Z,"31km N of Yucca Valley, California",earthquake,,9.36,,51,reviewed,ci,ci
1993-10-08T18:23:47.700Z,46.505,150.037,171.8,5.5,mb,,,,0.9,us,usp00061pb,2022-04-28T17:57:37.676Z,"219 km NE of Kuril’sk, Russia",earthquake,,4.5,,138,reviewed,us,us
1993-10-08T17:59:23.540Z,36.838,29.145,10,3.3,ml,,,,0.3,us,usp00061pa,2014-11-07T00:54:11.179Z,"16 km NNE of Karg?, Turkey",earthquake,,,,,reviewed,us,isk
1993-10-08T16:58:16.130Z,-15.228,-173.734,33,4.9,mb,,,,1,us,usp00061p7,2014-11-07T00:54:11.170Z,"80 km N of Hihifo, Tonga",earthquake,,,,10,reviewed,us,us
1993-10-08T16:55:58.180Z,-11.363,164.125,33,4.3,mb,,,,0.6,us,usp00061p6,2014-11-07T00:54:11.169Z,"195 km WSW of Lata, Solomon Islands",earthquake,,,,3,reviewed,us,us
1993-10-08T14:16:12.040Z,38.197,19.548,10,2.9,md,,,,0.2,us,usp00061p4,2014-11-07T00:54:11.166Z,"77 km W of Lixoúri, Greece",earthquake,,,,,reviewed,us,ath
1993-10-08T14:13:47.880Z,39.658,29.497,10,2.8,ml,,,,0.6,us,usp00061p3,2014-11-07T00:54:11.165Z,"12 km N of Tav?anl?, Turkey",earthquake,,,,,reviewed,us,isk
1993-10-08T14:07:24.240Z,39.688,29.509,10,2.8,ml,,,,0.6,us,usp00061p2,2014-11-07T00:54:11.164Z,"15 km SW of Domaniç, Turkey",earthquake,,,,,reviewed,us,isk
1993-10-08T13:57:54.190Z,42.588,139.362,24.3,5,mb,,,,1,us,usp00061p1,2014-11-07T00:54:11.148Z,"103 km WSW of Iwanai, Japan",earthquake,,4.5,,64,reviewed,us,us
1993-10-08T13:14:57.140Z,37.5681667,-118.8695,4.532,3.63,md,40,58,0.04144,0.03,nc,nc30031073,2016-12-20T23:48:27.100Z,"California-Nevada border region",earthquake,0.2,0.37,0.08,87,reviewed,nc,nc
1993-10-08T12:16:48.790Z,41.189,28.741,10,2.7,ml,,,,0.5,us,usp00061nz,2014-11-07T00:54:11.144Z,"0 km N of Arnavutköy, Turkey",earthquake,,,,,reviewed,us,isk
1993-10-08T12:08:41.960Z,39.102,27.664,10,2.8,ml,,,,0.3,us,usp00061ny,2014-11-07T00:54:11.142Z,"0 km SW of K?rka?aç, Turkey",earthquake,,,,,reviewed,us,isk
1993-10-08T11:14:01.380Z,48.596,10,10,2.7,ml,,,,1.4,us,usp00061nx,2014-11-07T00:54:11.140Z,"3 km SSW of Gerstetten, Germany",earthquake,,,,,reviewed,us,ldg
1993-10-08T10:33:29.860Z,39.415,27.934,10,2.9,ml,,,,0.6,us,usp00061nv,2014-11-07T00:54:11.136Z,"17 km W of Bigadiç, Turkey",earthquake,,,,,reviewed,us,isk
1993-10-08T09:58:15.670Z,40.206,27.036,10,2.9,ml,,,,0.9,us,usp00061nu,2014-11-07T00:54:11.134Z,"17 km W of Biga, Turkey",earthquake,,,,,reviewed,us,isk
1993-10-08T09:17:18.450Z,39.688,29.491,10,2.8,ml,,,,0.3,us,usp00061nr,2014-11-07T00:54:11.130Z,"16 km N of Tav?anl?, Turkey",earthquake,,,,,reviewed,us,isk
1993-10-08T09:10:48.530Z,39.694,29.477,10,2.8,ml,,,,0.3,us,usp00061nq,2014-11-07T00:54:11.129Z,"16 km SW of Domaniç, Turkey",earthquake,,,,,reviewed,us,isk
1993-10-08T08:33:09.290Z,39.11,27.669,10,2.7,ml,,,,0.4,us,usp00061np,2014-11-07T00:54:11.128Z,"0 km N of K?rka?aç, Turkey",earthquake,,,,,reviewed,us,isk
1993-10-08T08:24:52.420Z,-56.083,-26.285,33,5.1,mb,,,,0.9,us,usp00061nn,2014-11-07T00:54:11.126Z,"South Sandwich Islands region",earthquake,,,,8,reviewed,us,us
1993-10-08T08:21:53.850Z,-2.061,-78.402,33,4.6,mb,,,,1.3,us,usp00061nm,2014-11-07T00:54:11.123Z,"42 km NW of Macas, Ecuador",earthquake,,,,8,reviewed,us,us
1993-10-08T07:55:50.320Z,39.229,27.858,10,2.7,ml,,,,0.3,us,usp00061nk,2014-11-07T00:54:11.122Z,"21 km NE of K?rka?aç, Turkey",earthquake,,,,,reviewed,us,isk
1993-10-08T06:36:17.640Z,-35.903,-102.778,10,5.8,mw,,,,1.4,us,usp00061nj,2022-04-28T17:57:32.013Z,"southeast of Easter Island",earthquake,,,,,reviewed,us,hrv
1993-10-08T05:57:45.440Z,46.478,13.243,10,2.5,md,,,,1.1,us,usp00061ng,2014-11-07T00:54:11.114Z,"5 km WSW of Pontebba, Italy",earthquake,,,,,reviewed,us,lju
1993-10-08T05:46:32.770Z,6.759,-72.965,168.5,4.6,mb,,,,0.9,us,usp00061nf,2014-11-07T00:54:11.107Z,"1 km ENE of Cepitá, Colombia",earthquake,,4,,19,reviewed,us,us
1993-10-08T05:16:10.170Z,5.567,126.517,91.9,5.3,mw,,,,1.1,us,usp00061nd,2025-12-19T22:51:06.146Z,"95 km SSE of Pondaguitan, Philippines",earthquake,,3.6,,,reviewed,us,hrv
1993-10-08T04:47:59.050Z,44.425,7.233,10,3.6,ml,,,,0.5,us,usp00061na,2014-11-07T00:54:11.055Z,"2 km NE of Campomolino, Italy",earthquake,,,,,reviewed,us,gen
1993-10-08T04:47:07.810Z,44.422,7.23,10,3.6,ml,,,,0.5,us,usp00061n9,2014-11-07T00:54:11.052Z,"2 km NE of Campomolino, Italy",earthquake,,,,,reviewed,us,gen
1993-10-08T04:46:49.620Z,51.204,179.034,33,4.1,mb,,,,1,us,usp00061n8,2014-11-07T00:54:11.050Z,"Rat Islands, Aleutian Islands, Alaska",earthquake,,,,7,reviewed,us,us
1993-10-08T04:37:08.580Z,36.9186667,-121.4915,4.991,2.67,md,79,36,0.01892,0.19,nc,nc30031045,2016-12-20T23:46:20.320Z,"9 km NNE of San Juan Bautista, California",earthquake,0.19,0.41,0.14,71,reviewed,nc,nc
1993-10-08T03:46:03.130Z,61.9055,-152.0733,123.9,2.7,ml,,,,0.2,ak,ak993cws2ord,2020-09-14T20:14:39.647Z,"36 km WSW of Skwentna, Alaska",earthquake,,2.1,,,reviewed,ak,ak
1993-10-08T03:36:51.200Z,45.469,12.602,10,2.8,ml,,,,1.2,us,usp00061n5,2014-11-07T00:54:11.040Z,"4 km E of Cavallino, Italy",earthquake,,,,,reviewed,us,vie
1993-10-08T02:44:33.540Z,47.828,146.445,417.8,3.8,mb,,,,1,us,usp00061n1,2014-11-07T00:54:11.033Z,"280 km E of Dolinsk, Russia",earthquake,,22.1,,4,reviewed,us,us
1993-10-08T02:36:28.900Z,32.332,-115.058,5.98,2.63,mc,0,227.1,0.4056,0.427,ci,ci2126217,2016-02-10T06:34:19.078Z,"7km NE of Guadalupe Victoria, B.C., MX",earthquake,,,,34,reviewed,ci,ci
1993-10-08T02:03:55.980Z,-19.651,-177.355,324.1,4.7,mb,,,,1.1,us,usp00061n0,2014-11-07T00:54:11.027Z,"278 km NW of Haveluloto, Tonga",earthquake,,12.4,,12,reviewed,us,us
1993-10-08T01:54:30.710Z,32.37,-115.054,5.98,2.69,mc,0,224.1,0.3727,0.392,ci,ci3125825,2016-02-09T23:23:18.896Z,"10km NNE of Guadalupe Victoria, B.C., MX",earthquake,,,,40,reviewed,ci,ci
1993-10-08T01:21:49.750Z,39.271,20.425,10,2.5,ml,,,,0.8,us,usp00061my,2014-11-07T00:54:11.024Z,"2 km SE of Párga, Greece",earthquake,,,,,reviewed,us,the
1993-10-08T00:27:03.310Z,-32.262,-71.502,21.1,4,md,,,,0.4,us,usp00061mx,2014-11-07T00:54:11.022Z,"33 km NW of La Ligua, Chile",earthquake,,8.5,,,reviewed,us,san
1993-10-08T00:18:15.100Z,34.564,-116.459,2.936,2.5,mc,0,124.1,0.158,0.07,ci,ci3125812,2016-02-10T20:44:52.201Z,"32km WSW of Ludlow, California",earthquake,,17.699,,4,reviewed,ci,ci
1993-10-07T21:21:09.260Z,39.416,27.992,10,2.7,ml,,,,0.6,us,usp00061mw,2014-11-07T00:54:11.021Z,"12 km WNW of Bigadiç, Turkey",earthquake,,,,,reviewed,us,isk
1993-10-07T21:11:08.120Z,-34.921,-178.729,47.2,4.8,mb,,,,0.5,us,usp00061mv,2014-11-07T00:54:11.019Z,"south of the Kermadec Islands",earthquake,,26.3,,4,reviewed,us,us
1993-10-07T19:55:35.930Z,40.63,-8.172,10,3.4,mblg,,,,0.6,us,usp00061mt,2014-11-07T00:54:11.015Z,"8 km NNW of Campo de Besteiros, Portugal",earthquake,,,,,reviewed,us,mdd
1993-10-07T19:29:09.560Z,61.42,-146.5332,16.8,2.9,ml,,,,0.23,ak,ak993cvdyn9o,2020-09-14T20:14:40.761Z,"33 km NNW of Valdez, Alaska",earthquake,,1,,,reviewed,ak,ak
1993-10-07T19:23:28.940Z,52.784,171.29,33,4.4,mb,,,,1.4,us,usp00061mr,2014-11-07T00:54:11.007Z,"128 km W of Attu Station, Alaska",earthquake,,,,8,reviewed,us,us
1993-10-07T19:13:23.120Z,40.225,29.4,10,2.6,ml,,,,0.6,us,usp00061mq,2014-11-07T00:54:11.006Z,"14 km NW of Hamzabey, Turkey",earthquake,,,,,reviewed,us,isk
1993-10-07T17:59:38.410Z,36.443,70.628,216.2,4.9,mb,,,,1,us,usp00061mp,2014-11-07T00:54:10.995Z,"50 km SSW of Jurm, Afghanistan",earthquake,,,,64,reviewed,us,us
1993-10-07T16:35:49.530Z,-14.117,-75.779,44.9,5.4,mw,,,,1.1,us,usp00061mh,2022-04-28T17:57:26.353Z,"7 km SW of Ica, Peru",earthquake,,,,,reviewed,us,hrv
1993-10-07T14:53:27.670Z,40.4403333,-124.4465,9.454,3.23,md,28,229,0.09009,0.05,nc,nc30030980,2016-12-20T23:44:06.830Z,"21 km SW of Ferndale, California",earthquake,0.42,0.17,0.1,42,reviewed,nc,nc
1993-10-07T14:35:14.060Z,60.2198,-152.5612,99,2.5,ml,,,,0.24,ak,ak993cvb0rvy,2020-09-14T20:14:41.877Z,"53 km WNW of Ninilchik, Alaska",earthquake,,1.4,,,reviewed,ak,ak
1993-10-07T13:58:22.550Z,-17.355,-178.99,536.1,4.7,mb,,,,1.4,us,usp00061md,2014-11-07T00:54:10.957Z,"196 km ENE of Levuka, Fiji",earthquake,,11.2,,13,reviewed,us,us
1993-10-07T13:29:22.090Z,20.0456667,-156.022,10.426,2.64,ml,42,261,,0.11,hv,hv1003366,2020-03-31T18:59:17.770Z,"21 km WNW of Puako, Hawaii",earthquake,2.37,1.02,0.25,7,reviewed,hv,hv
1993-10-07T13:18:25.930Z,37.0145,-113.4763333,5.43,2.52,md,6,328,0.7354,0.21,uu,uu50077175,2018-08-28T04:59:49.560Z,"13 km SSE of Washington, Utah",earthquake,2.53,1.13,,5,reviewed,uu,uu
1993-10-07T12:30:10.430Z,39.75,29.445,5,2.8,ml,,,,0.3,us,usp00061mc,2014-11-07T00:54:10.956Z,"15 km WSW of Domaniç, Turkey",earthquake,,,,,reviewed,us,isk
1993-10-07T12:13:47.070Z,-26.86,26.853,5,2.5,ml,,,,0.9,us,usp00061mb,2014-11-07T00:54:10.954Z,"8 km E of Stilfontein, South Africa",earthquake,,,,,reviewed,us,pre
1993-10-07T10:57:28.750Z,34.336,-116.47,4.834,2.52,mc,0,45.6,,0.151,ci,ci3125710,2016-02-10T13:37:56.204Z,"25km N of Yucca Valley, California",earthquake,,7.859,,92,reviewed,ci,ci
1993-10-07T10:52:57.000Z,51.217,179.224,33,4.5,mb,,,,1,us,usp00061m9,2014-11-07T00:54:10.948Z,"296 km WSW of Adak, Alaska",earthquake,,,,18,reviewed,us,us
1993-10-07T10:33:38.090Z,39.096,27.614,10,2.7,ml,,,,0.5,us,usp00061m8,2014-11-07T00:54:10.947Z,"4 km WSW of K?rka?aç, Turkey",earthquake,,,,,reviewed,us,isk
1993-10-07T10:06:56.560Z,40.948,29.723,10,2.7,ml,,,,0.3,us,usp00061m7,2014-11-07T00:54:10.946Z,"20 km NNW of Körfez, Turkey",earthquake,,,,,reviewed,us,isk
1993-10-07T09:51:26.190Z,42.626,148.217,33,4.5,mb,,,,1.3,us,usp00061m5,2014-11-07T00:54:10.941Z,"178 km SE of Shikotan, Russia",earthquake,,,,10,reviewed,us,us
1993-10-07T09:29:00.150Z,39.136,27.679,10,2.7,ml,,,,0.3,us,usp00061m3,2014-11-07T00:54:10.939Z,"3 km NNE of K?rka?aç, Turkey",earthquake,,,,,reviewed,us,isk
1993-10-07T09:15:22.540Z,-20.741,168.889,33,4.5,mb,,,,1.4,us,usp00061m1,2014-11-07T00:54:10.934Z,"137 km NE of Tadine, New Caledonia",earthquake,,,,7,reviewed,us,us
1993-10-07T08:55:37.980Z,31.032,131.527,39.3,4.6,mb,,,,1.3,us,usp00061m0,2014-11-07T00:54:10.930Z,"57 km SSE of Kushima, Japan",earthquake,,11.4,,17,reviewed,us,us
1993-10-07T06:03:09.540Z,-32.295,-69.772,130,3.8,md,,,,0.4,us,usp00061kz,2014-11-07T00:54:10.928Z,"97 km NE of Los Andes, Chile",earthquake,,,,,reviewed,us,san
1993-10-07T05:58:52.110Z,45.926,-116.459,5,2.9,ml,,,,0.3,us,usp00061ky,2014-11-07T00:54:10.927Z,"16 km SSW of Cottonwood, Idaho",earthquake,,,,,reviewed,us,gs$
1993-10-07T05:08:28.350Z,6.189,126.43,127.8,4.7,mb,,,,0.7,us,usp00061kx,2014-11-07T00:54:10.925Z,"33 km SE of Pondaguitan, Philippines",earthquake,,9.1,,6,reviewed,us,us
1993-10-07T04:51:32.760Z,-31.053,-69.448,122.8,3.9,md,,,,0.9,us,usp00061kw,2014-11-07T00:54:10.922Z,"31 km N of Calingasta, Argentina",earthquake,,22.3,,,reviewed,us,san
1993-10-07T03:48:06.540Z,37.566,-118.869,4.79,2.76,md,38,100,0.04234,0.03,nc,nc30030935,2016-12-20T23:41:03.730Z,"12 km SE of Mammoth Lakes, California",earthquake,0.18,0.37,0.18,44,reviewed,nc,nc
1993-10-07T03:39:30.680Z,-45.158,166.477,10,3.8,ml,,,,0.6,us,usp00061ku,2014-11-07T00:54:10.919Z,"101 km WNW of Te Anau, New Zealand",earthquake,,,,,reviewed,us,wel
1993-10-07T03:26:58.910Z,38.214,88.726,11.3,5,mb,,,,0.9,us,usp00061ks,2022-04-28T17:57:21.239Z,"southern Xinjiang, China",earthquake,,,,57,reviewed,us,us
1993-10-07T02:45:43.850Z,32.381,-115.06,5.98,2.89,mc,0,219,0.3615,0.432,ci,ci3125658,2016-02-09T23:23:05.081Z,"11km NNE of Guadalupe Victoria, B.C., MX",earthquake,,,,48,reviewed,ci,ci
1993-10-07T02:18:28.030Z,64.388,-148.0993,15.2,2.6,ml,,,,0.41,ak,ak993cv3ryj7,2020-09-14T20:14:43.991Z,"49 km SSW of South Van Horn, Alaska",earthquake,,0.7,,,reviewed,ak,ak
1993-10-07T02:00:21.770Z,39.711,20.49,10,2.8,ml,,,,1.2,us,usp00061kn,2014-11-07T00:54:10.898Z,"19 km NE of Filiátes, Greece",earthquake,,,,,reviewed,us,the
1993-10-07T01:20:50.720Z,36.936,29.197,10,3.2,ml,,,,0.8,us,usp00061km,2014-11-07T00:54:10.897Z,"28 km NNE of Karg?, Turkey",earthquake,,,,,reviewed,us,isk
1993-10-07T01:15:00.350Z,36.656,29.054,10,3.3,ml,,,,0.3,us,usp00061kk,2014-11-07T00:54:10.896Z,"5 km SSW of Karg?, Turkey",earthquake,,,,,reviewed,us,isk
1993-10-07T00:44:43.170Z,39.804,29.321,10,3,ml,,,,0.5,us,usp00061kj,2014-11-07T00:54:10.895Z,"14 km SSE of Keles, Turkey",earthquake,,,,,reviewed,us,isk
1993-10-07T00:35:35.150Z,-5.568,151.778,50.1,5.1,mb,,,,1,us,usp00061kh,2014-11-07T00:54:10.888Z,"145 km SSW of Kokopo, Papua New Guinea",earthquake,,8.2,,13,reviewed,us,us
1993-10-06T23:30:12.300Z,34.212,-116.814,-0.831,2.53,ml,0,27.3,,0.19,ci,ci3125641,2016-02-10T20:44:28.864Z,"6km SSE of Big Bear City, California",earthquake,,0.211,,15,reviewed,ci,ci
1993-10-06T22:27:13.070Z,-31.631,-69.297,119.2,4.1,md,,,,0.9,us,usp00061ke,2014-11-07T00:54:10.883Z,"34 km SSE of Calingasta, Argentina",earthquake,,9.7,,,reviewed,us,san
1993-10-06T18:16:44.410Z,3.442,127.035,52.1,4.8,mb,,,,1.2,us,usp00061kc,2014-11-07T00:54:10.877Z,"218 km NNW of Tobelo, Indonesia",earthquake,,9.4,,15,reviewed,us,us
1993-10-06T18:14:56.600Z,60.603,-141.5387,-0.3,2.8,ml,,,,0.22,ak,ak993ctpqr24,2020-09-14T20:14:45.105Z,"118 km SE of McCarthy, Alaska",earthquake,,0.8,,,reviewed,ak,ak
1993-10-06T18:11:54.620Z,10.876,125.94,33,4.1,mb,,,,0.5,us,usp00061ka,2014-11-07T00:54:10.873Z,"14 km ESE of Sulangan, Philippines",earthquake,,,,1,reviewed,us,us
1993-10-06T16:48:53.960Z,40.663,29.903,10,3.1,ml,,,,0.3,us,usp00061k8,2014-11-07T00:54:10.869Z,"1 km WSW of Bahçecik, Turkey",earthquake,,,,,reviewed,us,isk
1993-10-06T16:46:32.190Z,58.1475,-154.3172,59,3.1,ml,,,,0.15,ak,ak993ctoqovn,2020-09-14T20:14:45.870Z,"64 km N of Karluk, Alaska",earthquake,,4.6,,,reviewed,ak,ak
1993-10-06T15:19:26.400Z,26.304,102.284,10,4.1,ml,,,,1.5,us,usp00061k5,2014-11-07T00:54:10.863Z,"63 km ESE of Dadukou, China",earthquake,,,,,reviewed,us,bji
1993-10-06T14:56:31.590Z,-33.103,-72.461,12.1,4,md,,,,0.3,us,usp00061k4,2014-11-07T00:54:10.861Z,"77 km W of Valparaíso, Chile",earthquake,,4.2,,,reviewed,us,san
1993-10-06T14:29:54.090Z,60.4773,-152.5115,103.9,3.1,ml,,,,0.23,ak,ak993ctng86p,2020-09-14T20:14:48.847Z,"66 km NW of Ninilchik, Alaska",earthquake,,1.3,,,reviewed,ak,ak
1993-10-06T13:49:11.800Z,38.506,-1.273,10,3.1,mblg,,,,0.9,us,usp00061k2,2014-11-07T00:54:10.852Z,"5 km ENE of Jumilla, Spain",earthquake,,,,,reviewed,us,mdd
1993-10-06T13:44:25.720Z,34.983,-116.977,4.228,3.08,ml,0,58.6,,0.187,ci,ci3125576,2016-02-10T10:10:27.182Z,"10km NNE of Barstow, California",earthquake,,0.227,,39,reviewed,ci,ci
1993-10-06T13:27:54.130Z,42.696,24.054,5,3,ml,,,,1.4,us,usp00061k0,2014-11-07T00:54:10.849Z,"2 km W of Chelopech, Bulgaria",earthquake,,,,,reviewed,us,the
1993-10-06T12:34:45.720Z,60.7732,-151.7135,73.9,2.6,ml,,,,0.24,ak,ak993ctmaews,2020-09-14T20:14:49.695Z,"24 km WNW of Nikiski, Alaska",earthquake,,1.2,,,reviewed,ak,ak
1993-10-06T12:03:31.480Z,39.152,27.603,10,2.8,ml,,,,0.6,us,usp00061jy,2014-11-07T00:54:10.842Z,"3 km S of Soma, Turkey",earthquake,,,,,reviewed,us,isk
1993-10-06T11:41:44.170Z,39.736,29.073,10,3.1,ml,,,,0.4,us,usp00061jw,2014-11-07T00:54:10.839Z,"14 km E of Yenice, Turkey",earthquake,,,,,reviewed,us,isk
1993-10-06T11:32:28.260Z,38.271,22.214,10,3.1,ml,,,,1.2,us,usp00061jv,2014-11-07T00:54:10.837Z,"8 km ENE of Témeni, Greece",earthquake,,,,,reviewed,us,the
1993-10-06T11:20:13.540Z,48.7488333,-122.1053333,0.717,2.8,md,16,173,0.1397,0.32,uw,uw10316753,2016-07-23T23:32:02.910Z,"8 km ENE of Acme, Washington",earthquake,2.243,8.21,0.06,30,reviewed,uw,uw
1993-10-06T10:55:49.650Z,-3.646,136.284,24.6,5,mb,,,,0.7,us,usp00061ju,2014-11-07T00:54:10.834Z,"92 km ESE of Nabire, Indonesia",earthquake,,,,8,reviewed,us,us
1993-10-06T10:49:14.390Z,38.958,28.039,5,3.1,ml,,,,0.6,us,usp00061jt,2014-11-07T00:54:10.832Z,"17 km ENE of Akhisar, Turkey",earthquake,,,,,reviewed,us,isk
1993-10-06T10:32:35.680Z,38.319,22.354,10,3.1,ml,,,,1.2,us,usp00061js,2014-11-07T00:54:10.831Z,"7 km SSW of Galaxídhion, Greece",earthquake,,,,,reviewed,us,ath
1993-10-06T10:06:11.760Z,34.353,-116.46,3.806,2.57,ml,0,46.5,,0.11,ci,ci3125534,2016-02-11T00:25:00.259Z,"27km N of Yucca Valley, California",earthquake,,0.478,,18,reviewed,ci,ci
1993-10-06T09:31:07.100Z,-5.189,153.193,41.1,4.1,mb,,,,0.9,us,usp00061jq,2014-11-07T00:54:10.828Z,"138 km SE of Kokopo, Papua New Guinea",earthquake,,15.6,,2,reviewed,us,us
1993-10-06T09:18:44.630Z,-4.083,129.668,28.2,4.9,mw,,,,1.1,us,usp00061jn,2016-11-09T23:39:47.944Z,"116 km SE of Amahai, Indonesia",earthquake,,7.9,,,reviewed,us,hrv
1993-10-06T09:00:09.620Z,36.661,29.076,10,3.3,ml,,,,0.7,us,usp00061jk,2014-11-07T00:54:10.811Z,"4 km S of Karg?, Turkey",earthquake,,,,,reviewed,us,isk
1993-10-06T08:52:59.390Z,32.393,-115.046,5.98,2.52,mc,0,225.1,0.349,0.355,ci,ci3125520,2016-02-10T13:37:42.113Z,"13km NNE of Guadalupe Victoria, B.C., MX",earthquake,,,,28,reviewed,ci,ci
1993-10-06T07:01:00.000Z,32.357,-115.054,5.98,2.52,mc,0,226.4,0.3849,0.395,ci,ci3125495,2016-02-10T17:08:03.688Z,"9km NNE of Guadalupe Victoria, B.C., MX",earthquake,,,,39,reviewed,ci,ci
1993-10-06T06:00:15.920Z,49.26,6.958,10,2.9,ml,,,,0.7,us,usp00061jh,2014-11-07T00:54:10.805Z,"4 km ENE of Luisenthal, Germany",earthquake,,,,,reviewed,us,bns
1993-10-06T05:20:39.960Z,-6.085,129.154,37.2,4.7,mb,,,,1.3,us,usp00061jf,2014-11-07T00:54:10.800Z,"285 km SSE of Ambon, Indonesia",earthquake,,15.9,,6,reviewed,us,us
1993-10-06T05:05:49.640Z,32.39,-115.055,5.98,2.73,mc,0,217.6,0.3532,0.469,ci,ci3125487,2016-02-10T10:10:09.336Z,"12km NNE of Guadalupe Victoria, B.C., MX",earthquake,,,,42,reviewed,ci,ci
1993-10-06T04:51:50.380Z,36.7946667,-121.31,8.628,2.86,md,72,44,0.02432,0.08,nc,nc30030840,2016-12-20T23:36:18.840Z,"1 km ENE of Tres Pinos, California",earthquake,0.16,0.25,0.08,57,reviewed,nc,nc
1993-10-06T04:34:23.010Z,8.037,58.914,10,4.9,mb,,,,0.9,us,usp00061jd,2014-11-07T00:54:10.796Z,"Carlsberg Ridge",earthquake,,,,7,reviewed,us,us
1993-10-06T04:30:23.400Z,-37.172,179.928,33,4,mb,,,,1,us,usp00061jc,2014-11-07T00:54:10.794Z,"235 km NE of Gisborne, New Zealand",earthquake,,,,1,reviewed,us,us
1993-10-06T04:10:30.190Z,51.594,16.295,10,3.5,ml,,,,0.3,us,usp00061jb,2014-11-07T00:54:10.791Z,"8 km E of Gr?bocice, Poland",earthquake,,,,,reviewed,us,grf
1993-10-06T04:08:44.800Z,14.009,-91.693,33,3.9,md,,,,1.3,us,usp00061ja,2014-11-07T00:54:10.789Z,"39 km SE of Champerico, Guatemala",earthquake,,,,,reviewed,us,gcg
1993-10-06T03:23:03.880Z,33.107,142.624,33,4.4,mb,,,,1,us,usp00061j8,2014-11-07T00:54:10.786Z,"off the east coast of Honshu, Japan",earthquake,,,,3,reviewed,us,us
1993-10-06T02:57:40.560Z,36.981,-5.411,10,2.7,mblg,,,,1.2,us,usp00061j7,2014-11-07T00:54:10.785Z,"2 km ENE of Coripe, Spain",earthquake,,,,,reviewed,us,mdd
1993-10-06T02:16:39.770Z,-6.817,129.237,200.6,4.4,mb,,,,1.3,us,usp00061j6,2014-11-07T00:54:10.784Z,"Banda Sea",earthquake,,24.8,,1,reviewed,us,us
1993-10-06T01:41:17.870Z,37.033,-5.459,10,2.6,mblg,,,,1,us,usp00061j5,2014-11-07T00:54:10.782Z,"6 km NNW of Coripe, Spain",earthquake,,,,,reviewed,us,mdd
1993-10-06T01:10:45.200Z,14.118,-91.788,59.2,4.7,mb,,,,1.1,us,usp00061j4,2014-11-07T00:54:10.773Z,"23 km SE of Champerico, Guatemala",earthquake,,5.1,,24,reviewed,us,us
1993-10-06T01:02:41.440Z,36.973,-5.488,10,2.8,mblg,,,,0.9,us,usp00061j3,2014-11-07T00:54:10.772Z,"4 km W of Coripe, Spain",earthquake,,,,,reviewed,us,mdd
1993-10-06T00:34:09.680Z,19.544,-108.862,10,4.2,mb,,,,1.2,us,usp00061j2,2014-11-07T00:54:10.770Z,"Revilla Gigedo Islands region",earthquake,,,,5,reviewed,us,us
1993-10-06T00:22:35.360Z,37.032,29.653,10,3.6,ml,,,,0.4,us,usp00061j1,2014-11-07T00:54:10.768Z,"10 km ENE of Alt?nyayla, Turkey",earthquake,,,,,reviewed,us,isk
1993-10-06T00:05:17.770Z,15.442,-94.683,33,4.3,mb,,,,1.1,us,usp00061j0,2014-11-07T00:54:10.765Z,"87 km S of San Francisco del Mar Viejo, Mexico",earthquake,,,,4,reviewed,us,us
1993-10-05T23:33:38.230Z,36.973,-5.508,10,2.6,mblg,,,,1.2,us,usp00061hz,2014-11-07T00:54:10.764Z,"6 km W of Coripe, Spain",earthquake,,,,,reviewed,us,mdd
1993-10-05T23:14:00.860Z,-26.893,26.632,5,3.2,ml,,,,1.1,us,usp00061hy,2014-11-07T00:54:10.762Z,"5 km SW of Klerksdorp, South Africa",earthquake,,,,,reviewed,us,pre
1993-10-05T21:28:06.400Z,77.727,126.454,33.3,5.2,mw,,,,1,us,usp00061hv,2025-12-19T22:51:00.443Z,"Laptev Sea",earthquake,,,,,reviewed,us,hrv
1993-10-05T21:12:57.180Z,-20.282,-176.677,272.5,4.6,mb,,,,1.3,us,usp00061hu,2014-11-07T00:54:10.736Z,"180 km WNW of Haveluloto, Tonga",earthquake,,14.9,,6,reviewed,us,us
1993-10-05T20:59:10.610Z,47.969,8.126,10,2.6,ml,,,,0.9,us,usp00061ht,2014-11-07T00:54:10.733Z,"4 km SSE of Sankt Märgen, Germany",earthquake,,,,,reviewed,us,ldg
1993-10-05T19:50:24.620Z,46.453,3.145,10,2.8,ml,,,,0.7,us,usp00061hs,2014-11-07T00:54:10.729Z,"9 km SSW of Souvigny, France",earthquake,,,,,reviewed,us,ldg
1993-10-05T19:37:35.860Z,36.877,29.022,10,3.7,ml,,,,0.7,us,usp00061hr,2014-11-07T00:54:10.728Z,"Western Turkey",earthquake,,,,,reviewed,us,isk
1993-10-05T19:28:34.810Z,60.3875,-141.8215,4,3.8,ml,,,,0.35,ak,ak993cs2vsih,2020-09-14T20:14:54.404Z,"130 km SSE of McCarthy, Alaska",earthquake,,0.7,,,reviewed,ak,ak
1993-10-05T18:35:39.160Z,36.649,29.792,37.4,4.1,mb,,,,1,us,usp00061hm,2014-11-07T00:54:10.714Z,"14 km SW of Elmal?, Turkey",earthquake,,8.1,,5,reviewed,us,us
1993-10-05T17:52:57.220Z,-7.4,147.676,85.6,4.1,mb,,,,0.9,us,usp00061hj,2014-11-07T00:54:10.711Z,"95 km SSW of Finschhafen, Papua New Guinea",earthquake,,14.8,,2,reviewed,us,us
1993-10-05T17:40:11.340Z,63.1838,-150.7532,137,2.6,ml,,,,0.13,ak,ak993cs1rg32,2020-09-14T20:14:55.176Z,"62 km SE of Denali National Park, Alaska",earthquake,,2.4,,,reviewed,ak,ak
1993-10-05T17:27:21.140Z,32.389,-115.061,5.98,2.76,mc,0,217.6,0.3541,0.349,ci,ci3125388,2016-02-10T13:37:27.710Z,"12km NNE of Guadalupe Victoria, B.C., MX",earthquake,,,,33,reviewed,ci,ci
1993-10-05T16:32:00.500Z,-26.422,27.376,5,3.3,ml,,,,1.5,us,usp00061he,2014-11-07T00:54:10.702Z,"7 km SSW of Carletonville, South Africa",earthquake,,,,,reviewed,us,pre
1993-10-05T16:20:09.970Z,32.378,-115.065,5.98,2.56,mc,0,219.4,0.3621,0.45,ci,ci3125376,2016-02-10T17:07:55.457Z,"11km NNE of Guadalupe Victoria, B.C., MX",earthquake,,,,31,reviewed,ci,ci
1993-10-05T15:29:34.310Z,14.439,-91.983,96.9,4.5,mb,,,,0.6,us,usp00061hd,2014-11-07T00:54:10.700Z,"17 km NNW of Champerico, Guatemala",earthquake,,22.4,,1,reviewed,us,us
1993-10-05T15:25:22.980Z,-40.2,78.227,10,5.3,mw,,,,1.3,us,usp00061hc,2025-12-19T22:50:59.609Z,"Mid-Indian Ridge",earthquake,,,,,reviewed,us,hrv
1993-10-05T15:13:43.730Z,37.833,30.714,10,3.2,ml,,,,1.1,us,usp00061hb,2014-11-07T00:54:10.697Z,"10 km NW of Anamas, Turkey",earthquake,,,,,reviewed,us,isk
1993-10-05T15:12:07.370Z,32.392,-115.059,5.98,2.67,mc,0,217,0.3518,0.4,ci,ci3125367,2016-02-09T23:22:37.428Z,"12km NNE of Guadalupe Victoria, B.C., MX",earthquake,,,,29,reviewed,ci,ci
1993-10-05T14:08:52.160Z,39.693,29.5,10,2.8,ml,,,,0.4,us,usp00061h8,2014-11-07T00:54:10.693Z,"15 km SW of Domaniç, Turkey",earthquake,,,,,reviewed,us,isk
1993-10-05T13:43:40.250Z,-10.372,161.461,92.4,4.5,mb,,,,0.9,us,usp00061h6,2014-11-07T00:54:10.690Z,"51 km W of Kirakira, Solomon Islands",earthquake,,14.3,,2,reviewed,us,us
1993-10-05T12:35:58.220Z,38.17,28.702,10,3.7,ml,,,,0.8,us,usp00061h5,2014-11-07T00:54:10.687Z,"7 km S of Sar?göl, Turkey",earthquake,,,,,reviewed,us,isk
1993-10-05T12:26:59.530Z,32.379,-115.048,5.98,2.54,mc,0,219.6,0.3631,0.418,ci,ci3125330,2016-02-10T10:09:47.739Z,"12km NNE of Guadalupe Victoria, B.C., MX",earthquake,,,,35,reviewed,ci,ci
1993-10-05T11:27:21.860Z,-40.759,90.497,10,5,ms,,,,0.9,us,usp00061h3,2014-11-07T00:54:10.684Z,"southeast Indian Ridge",earthquake,,,,1,reviewed,us,us
1993-10-05T11:17:44.300Z,-44.936,166.706,33,4.3,mb,,,,1,us,usp00061h2,2014-11-07T00:54:10.681Z,"95 km NW of Te Anau, New Zealand",earthquake,,,,2,reviewed,us,us
1993-10-05T10:29:17.300Z,-26.889,26.692,5,2.5,ml,,,,0.6,us,usp00061h1,2014-11-07T00:54:10.679Z,"4 km SSE of Klerksdorp, South Africa",earthquake,,,,,reviewed,us,pre
1993-10-05T10:03:35.450Z,14.319,-93.603,43.6,4.4,mb,,,,1.5,us,usp00061h0,2014-11-07T00:54:10.675Z,"133 km SSW of La Esperanza (El Zapotal), Mexico",earthquake,,11.6,,10,reviewed,us,us
1993-10-05T09:58:25.580Z,37.046,-5.435,10,2.8,mblg,,,,1.1,us,usp00061gz,2014-11-07T00:54:10.673Z,"8 km N of Coripe, Spain",earthquake,,,,,reviewed,us,mdd
1993-10-05T09:26:36.460Z,40.686,30.554,5,2.8,ml,,,,0.8,us,usp00061gy,2014-11-07T00:54:10.671Z,"5 km NNE of Karapürçek, Turkey",earthquake,,,,,reviewed,us,isk
1993-10-05T08:33:15.020Z,18.82,145.252,598.2,4.7,mb,,,,0.8,us,usp00061gx,2014-11-07T00:54:10.668Z,"Pagan region, Northern Mariana Islands",earthquake,,8.4,,8,reviewed,us,us
1993-10-05T08:01:51.580Z,39.13,27.722,10,2.8,ml,,,,0.5,us,usp00061gv,2014-11-07T00:54:10.665Z,"5 km ENE of K?rka?aç, Turkey",earthquake,,,,,reviewed,us,isk
1993-10-05T05:43:49.580Z,20.147,-155.861,28.513,3.3,ml,48,280,,0.12,hv,hv1002884,2020-03-31T18:59:06.560Z,"10 km SSW of H?w?, Hawaii",earthquake,1.01,0.84,0.08,10,reviewed,hv,hv
1993-10-05T05:37:32.430Z,41.238,141.976,67.8,5,mb,,,,1.1,us,usp00061gs,2014-11-07T00:54:10.648Z,"63 km E of Mutsu, Japan",earthquake,,4,,83,reviewed,us,us
1993-10-05T05:09:45.760Z,-6.13,128.965,13.1,6.6,mwb,,,,1.2,us,usp00061gr,2022-04-28T17:57:19.183Z,"282 km SSE of Ambon, Indonesia",earthquake,,,,,reviewed,us,us
1993-10-05T04:34:58.420Z,-33.385,-70.561,90,3.4,md,,,,0.3,us,usp00061gq,2014-11-07T00:54:10.582Z,"8 km NNE of Villa Presidente Frei, Ñuñoa, Santiago, Chile, Chile",earthquake,,,,,reviewed,us,san
1993-10-05T04:24:16.100Z,29.94,-109.089,10,4,ml,,,,0.9,us,usp00061gp,2014-11-07T00:54:10.580Z,"15 km NNE of Bacadéhuachi, Mexico",earthquake,,,,,reviewed,us,gs$
1993-10-05T04:05:06.920Z,-3.142,129.451,102,4.7,mb,,,,1,us,usp00061gn,2014-11-07T00:54:10.578Z,"62 km ENE of Amahai, Indonesia",earthquake,,44.4,,5,reviewed,us,us
1993-10-05T03:42:30.660Z,34.01,-116.341,3.195,2.51,mc,0,42.9,,0.211,ci,ci3125237,2016-02-10T10:09:33.023Z,"14km S of Joshua Tree, California",earthquake,,0.207,,90,reviewed,ci,ci
1993-10-05T03:12:46.870Z,15.647,-95.034,53.2,4.5,mb,,,,1,us,usp00061gm,2014-11-07T00:54:10.574Z,"60 km SE of El Carrizal, Mexico",earthquake,,6.4,,19,reviewed,us,us
1993-10-05T02:37:24.570Z,34.654,27.758,51.2,4.2,mb,,,,1.2,us,usp00061gk,2014-11-07T00:54:10.571Z,"106 km SSE of Karpathos, Greece",earthquake,,17,,6,reviewed,us,us
1993-10-05T02:34:49.210Z,34.403,27.608,33,4.6,mb,,,,1.3,us,usp00061gj,2014-11-07T00:54:10.561Z,"127 km SSE of Karpathos, Greece",earthquake,,,,33,reviewed,us,us
1993-10-05T02:28:00.500Z,-34.057,-70.54,10,3.8,md,,,,1.1,us,usp00061gh,2014-11-07T00:54:10.558Z,"17 km NE of Machalí, Chile",earthquake,,,,,reviewed,us,san
1993-10-05T02:24:46.930Z,-26.336,27.708,5,2.8,ml,,,,1.1,us,usp00061gg,2014-11-07T00:54:10.550Z,"6 km ESE of Westonaria, South Africa",earthquake,,,,,reviewed,us,pre
1993-10-05T02:24:09.530Z,38.0251667,-112.4926667,6.56,2.97,md,15,179,0.4064,0.11,uu,uu50077100,2018-08-28T04:59:39.730Z,"23 km NNW of Panguitch, Utah",earthquake,0.52,0.81,,10,reviewed,uu,uu
1993-10-05T01:59:56.610Z,41.667,88.695,0,5.9,mb,,,,0.9,us,usp00061ge,2014-11-07T00:54:10.293Z,"147 km SSW of Turpan, China",nuclear explosion,,,,194,reviewed,us,us
1993-10-05T01:40:35.620Z,38.807,30.358,10,3.1,ml,,,,0.4,us,usp00061gd,2014-11-07T00:54:10.290Z,"12 km NE of Sinanpa?a, Turkey",earthquake,,,,,reviewed,us,isk
1993-10-05T01:29:27.310Z,32.331,-115.28,6.007,3,mh,0,216.8,0.3654,0.49,ci,ci3125218,2016-02-09T23:22:22.838Z,"9km WSW of Delta, B.C., MX",earthquake,,,,0,reviewed,ci,ci
1993-10-05T00:53:53.490Z,63.1678,-150.743,131.8,3.3,ml,,,,0.22,ak,ak993crrpyd1,2020-09-14T20:14:58.204Z,"64 km SE of Denali National Park, Alaska",earthquake,,1.5,,,reviewed,ak,ak
1993-10-05T00:51:02.660Z,38.7785,-122.4576667,7.822,2.79,md,42,50,0.02883,0.15,nc,nc30030748,2016-12-20T23:30:15.660Z,"9 km ESE of Hidden Valley Lake, California",earthquake,0.2,0.5,0.15,50,reviewed,nc,nc
1993-10-05T00:22:40.500Z,10.401,94.254,28.3,4.7,mb,,,,1.1,us,usp00061g9,2014-11-07T00:54:10.265Z,"216 km SE of Port Blair, India",earthquake,,,,14,reviewed,us,us
1993-10-04T23:57:14.830Z,-31.108,-68.427,100,4,md,,,,1.1,us,usp00061g8,2014-11-07T00:54:10.260Z,"36 km N of San Martín, Argentina",earthquake,,,,,reviewed,us,san
1993-10-04T22:22:59.040Z,40.284,20.272,5,2.5,ml,,,,1.2,us,usp00061g7,2014-11-07T00:54:10.257Z,"7 km ESE of Këlcyrë, Albania",earthquake,,,,,reviewed,us,the
1993-10-04T22:16:00.490Z,32.395,-115.061,5.98,2.63,mc,0,216.4,0.3489,0.464,ci,ci3125193,2016-02-11T00:24:18.293Z,"13km NNE of Guadalupe Victoria, B.C., MX",earthquake,,,,30,reviewed,ci,ci
1993-10-04T21:14:46.240Z,45.376,6.801,10,2.5,ml,,,,1,us,usp00061g6,2014-11-07T00:54:10.252Z,"13 km ESE of Courchevel, France",earthquake,,,,,reviewed,us,ldg
1993-10-04T20:57:20.820Z,37.5588333,-118.8865,2.67,2.52,md,31,128,0.05135,0.04,nc,nc30030728,2016-12-20T23:29:00.450Z,"12 km SE of Mammoth Lakes, California",earthquake,0.25,0.4,0.26,25,reviewed,nc,nc
1993-10-04T20:54:38.340Z,-21.437,-174.301,34.2,6,mwb,,,,1,us,usp00061g5,2022-04-28T17:57:13.054Z,"68 km E of ‘Ohonua, Tonga",earthquake,,,,,reviewed,us,us
1993-10-04T20:50:25.620Z,40.453,27.776,10,2.5,ml,,,,0.4,us,usp00061g4,2014-11-07T00:54:10.189Z,"6 km NNW of Erdek, Turkey",earthquake,,,,,reviewed,us,isk
1993-10-04T18:55:35.690Z,10.378,94.243,33,4.4,mb,,,,1.4,us,usp00061g0,2014-11-07T00:54:10.173Z,"216 km SE of Port Blair, India",earthquake,,,,11,reviewed,us,us
1993-10-04T16:43:38.300Z,-7.723,131.027,52.1,4.9,mb,,,,1.2,us,usp00061fy,2014-11-07T00:54:10.165Z,"Pulau Pulau Tanimbar, Indonesia",earthquake,,9.8,,8,reviewed,us,us
1993-10-04T15:55:41.580Z,32.402,-115.044,5.98,2.57,mc,0,215.5,0.3399,0.374,ci,ci3125109,2016-02-10T20:43:26.474Z,"14km NNE of Guadalupe Victoria, B.C., MX",earthquake,,,,30,reviewed,ci,ci
1993-10-04T15:16:43.080Z,41.118,28.508,10,2.8,ml,,,,0.2,us,usp00061fv,2014-11-07T00:54:10.154Z,"2 km NNE of Muratbey, Turkey",earthquake,,,,,reviewed,us,isk
1993-10-04T15:02:12.540Z,-37.685,179.439,10,3.8,ml,,,,1.3,us,usp00061ft,2014-11-07T00:54:10.148Z,"165 km NE of Gisborne, New Zealand",earthquake,,,,,reviewed,us,wel
1993-10-04T14:53:01.650Z,35.01,-116.966,3.338,2.94,ml,0,61.1,,0.182,ci,ci3125106,2016-02-10T10:09:25.656Z,"13km NNE of Barstow, California",earthquake,,0.361,,38,reviewed,ci,ci
1993-10-04T14:29:54.770Z,39.622,29.513,10,2.8,ml,,,,0.1,us,usp00061fq,2014-11-07T00:54:10.141Z,"8 km N of Tav?anl?, Turkey",earthquake,,,,,reviewed,us,isk
1993-10-04T14:27:33.920Z,41.256,29.008,10,3,ml,,,,0.4,us,usp00061fp,2014-11-07T00:54:10.139Z,"2 km N of Ar?köy, Turkey",earthquake,,,,,reviewed,us,isk
1993-10-04T14:19:37.640Z,55.551,166.296,33,4.4,mb,,,,1,us,usp00061fn,2014-11-07T00:54:10.136Z,"250 km ESE of Ust’-Kamchatsk Staryy, Russia",earthquake,,,,6,reviewed,us,us
1993-10-04T14:00:45.450Z,32.364,-115.055,5.98,2.51,mc,0,221.9,0.3784,0.369,ci,ci3125094,2016-02-10T03:00:22.791Z,"10km NNE of Guadalupe Victoria, B.C., MX",earthquake,,,,29,reviewed,ci,ci
1993-10-04T13:53:49.600Z,34.383,-116.464,2.564,2.77,mc,0,163.7,0.1255,0.031,ci,ci3125090,2016-02-10T03:00:21.508Z,"30km N of Yucca Valley, California",earthquake,,10.802,,2,reviewed,ci,ci
1993-10-04T12:52:42.510Z,39.09,27.749,10,2.8,ml,,,,0.2,us,usp00061fg,2014-11-07T00:54:10.123Z,"7 km ESE of K?rka?aç, Turkey",earthquake,,,,,reviewed,us,isk
1993-10-04T12:23:13.000Z,32.338,-115.065,5.98,2.63,mc,0,226,0.3976,0.469,ci,ci3125070,2016-02-09T23:22:16.421Z,"7km NNE of Guadalupe Victoria, B.C., MX",earthquake,,,,31,reviewed,ci,ci
1993-10-04T11:43:39.250Z,40.571,29.203,10,2.7,ml,,,,1.3,us,usp00061fe,2014-11-07T00:54:10.118Z,"5 km SSW of Kad?köy, Turkey",earthquake,,,,,reviewed,us,isk
1993-10-04T10:47:42.920Z,39.113,27.636,10,2.7,ml,,,,0.1,us,usp00061fc,2014-11-07T00:54:10.114Z,"2 km WNW of K?rka?aç, Turkey",earthquake,,,,,reviewed,us,isk
1993-10-04T09:42:21.170Z,39.117,27.568,10,2.8,ml,,,,0.3,us,usp00061fa,2014-11-07T00:54:10.108Z,"8 km SSW of Soma, Turkey",earthquake,,,,,reviewed,us,isk
1993-10-04T09:35:59.970Z,32.359,-115.053,5.98,2.66,mc,0,222.8,0.3834,0.385,ci,ci3125051,2016-02-10T13:36:57.957Z,"9km NNE of Guadalupe Victoria, B.C., MX",earthquake,,,,23,reviewed,ci,ci
1993-10-04T09:21:50.650Z,33.333,-116.325,9.65,2.95,ml,0,20.9,,0.235,ci,ci3125145,2016-02-10T10:09:19.540Z,"10km NNE of Borrego Springs, California",earthquake,,0.43,,12,reviewed,ci,ci
1993-10-04T09:20:36.930Z,34.268,-116.397,1.82,2.52,ml,0,46.2,,0.153,ci,ci3125049,2016-02-10T13:36:56.732Z,"17km NNW of Joshua Tree, California",earthquake,,0.283,,9,reviewed,ci,ci
1993-10-04T09:08:49.740Z,38.899,27.018,10,3,ml,,,,0.4,us,usp00061f8,2014-11-07T00:54:10.104Z,"4 km WNW of Yeni?akran, Turkey",earthquake,,,,,reviewed,us,isk
1993-10-04T08:05:56.360Z,40.4365,-125.6473333,1.707,2.53,md,14,313,1.042,0.29,nc,nc30030653,2016-12-20T23:25:48.305Z,"118 km W of Ferndale, California",earthquake,19.29,24.93,0.11,3,reviewed,nc,nc
1993-10-04T07:49:53.210Z,60.466,-153.1127,134,2.6,ml,,,,0.25,ak,ak993cq8bs7t,2020-09-14T20:15:00.120Z,"72 km ENE of Port Alsworth, Alaska",earthquake,,1.5,,,reviewed,ak,ak
1993-10-04T07:49:52.230Z,32.532,104.447,10,3.9,ml,,,,1.3,us,usp00061f5,2014-11-07T00:54:10.090Z,"88 km NNW of Jiangyou, China",earthquake,,,,,reviewed,us,bji
1993-10-04T06:39:16.120Z,30.599,137.671,479.9,5.8,mw,,,,0.9,us,usp00061f2,2022-04-28T17:57:11.458Z,"Izu Islands, Japan region",earthquake,,2.9,,,reviewed,us,hrv
1993-10-04T06:29:29.350Z,-6.171,142.609,33,4.2,mb,,,,1.5,us,usp00061f1,2014-11-07T00:54:09.857Z,"51 km SW of Tari, Papua New Guinea",earthquake,,,,2,reviewed,us,us
1993-10-04T05:46:09.440Z,43.059,-0.302,10,2.7,ml,,,,0.4,us,usp00061f0,2014-11-07T00:54:09.851Z,"9 km SSW of Asson, France",earthquake,,,,,reviewed,us,ldg
1993-10-04T04:34:39.630Z,-1.935,-78.082,65.9,5,mb,,,,0.9,us,usp00061ez,2014-11-07T00:54:09.835Z,"28 km SSW of Palora, Ecuador",earthquake,,7.6,,26,reviewed,us,us
1993-10-04T03:50:16.360Z,37.561,-118.8853333,2.872,2.65,md,39,101,0.04955,0.03,nc,nc30030632,2016-12-20T23:25:02.930Z,"12 km SE of Mammoth Lakes, California",earthquake,0.18,0.39,0.17,44,reviewed,nc,nc
1993-10-04T03:31:50.470Z,-26.814,27.114,5,3.1,ml,,,,0.9,us,usp00061ew,2014-11-07T00:54:09.822Z,"10 km S of Potchefstroom, South Africa",earthquake,,,,,reviewed,us,pre
1993-10-04T03:09:53.420Z,45.155,150.806,67,4.4,mb,,,,1.2,us,usp00061ev,2014-11-07T00:54:09.817Z,"230 km E of Kuril’sk, Russia",earthquake,,24.9,,9,reviewed,us,us
1993-10-04T02:57:36.700Z,34.013,-116.343,0.885,3.45,ml,0,42.7,,0.214,ci,ci3125013,2016-02-09T23:22:04.600Z,"14km SSW of Joshua Tree, California",earthquake,,0.18,,46,reviewed,ci,ci
1993-10-04T01:42:56.150Z,-33.659,-70.481,10,3.3,md,,,,0.7,us,usp00061et,2014-11-07T00:54:09.807Z,"10 km ESE of Puente Alto, Chile",earthquake,,,,,reviewed,us,san
1993-10-04T00:48:25.260Z,19.154,121.236,64.3,5.2,mw,,,,1.2,us,usp00061es,2022-04-28T17:57:05.577Z,"60 km N of Namuac, Philippines",earthquake,,8.1,,,reviewed,us,hrv
1993-10-04T00:05:58.070Z,36.849,-4.582,33,2.6,mblg,,,,0.7,us,usp00061er,2014-11-07T00:54:09.792Z,"4 km NW of Almogía, Spain",earthquake,,,,,reviewed,us,mdd
1993-10-03T23:54:11.760Z,13.061,145.28,80.6,5.2,mb,,,,1,us,usp00061eq,2014-11-07T00:54:09.771Z,"62 km ESE of Inarajan Village, Guam",earthquake,,5.5,,38,reviewed,us,us
1993-10-03T23:48:34.120Z,60.052,7.322,5,2.5,md,,,,0.8,us,usp00061ep,2014-11-07T00:54:09.767Z,"43 km E of Odda, Norway",earthquake,,,,,reviewed,us,ber
1993-10-03T22:39:27.240Z,43.675,10.311,15.8,2.9,ml,,,,1.2,us,usp00061en,2014-11-07T00:54:09.761Z,"3 km ENE of Marina di Pisa, Italy",earthquake,,5.5,,,reviewed,us,gen
1993-10-03T21:49:35.460Z,15.364,-94.878,31,4.9,mb,,,,1.1,us,usp00061em,2014-11-07T00:54:09.746Z,"94 km S of San Mateo del Mar, Mexico",earthquake,,4.6,,40,reviewed,us,us
1993-10-03T21:32:37.940Z,14.012,-93.026,33,3.8,mb,,,,1,us,usp00061ek,2014-11-07T00:54:09.743Z,"101 km SW of Puerto Madero, Mexico",earthquake,,,,2,reviewed,us,us
1993-10-03T21:20:08.130Z,35.048,-3.114,33,2.8,mblg,,,,1,us,usp00061eh,2014-11-07T00:54:09.736Z,"10 km WNW of Al Aaroui, Morocco",earthquake,,,,,reviewed,us,mdd
1993-10-03T21:03:14.550Z,37.5565,-118.8863333,3.232,3.14,md,40,102,0.05405,0.06,nc,nc30030589,2016-12-20T23:21:14.220Z,"12 km SE of Mammoth Lakes, California",earthquake,0.19,0.41,0.11,53,reviewed,nc,nc
1993-10-03T20:13:46.930Z,34.926,-3.08,33,2.7,mblg,,,,1.2,us,usp00061ef,2014-11-07T00:54:09.725Z,"11 km SW of Al Aaroui, Morocco",earthquake,,,,,reviewed,us,mdd
1993-10-03T19:53:23.120Z,37.5576667,-118.8853333,3.172,2.51,md,37,102,0.05225,0.03,nc,nc30030581,2016-12-20T23:20:07.940Z,"12 km SE of Mammoth Lakes, California",earthquake,0.2,0.45,0.15,41,reviewed,nc,nc
1993-10-03T19:46:52.910Z,37.5591667,-118.8853333,3.222,3.39,md,40,102,0.05135,0.05,nc,nc30030580,2016-12-20T23:19:52.030Z,"12 km SE of Mammoth Lakes, California",earthquake,0.2,0.42,0.07,66,reviewed,nc,nc
1993-10-03T19:24:10.820Z,-5.346,151.489,50,4.4,mb,,,,0.8,us,usp00061ed,2014-11-07T00:54:09.711Z,"140 km SW of Kokopo, Papua New Guinea",earthquake,,,,2,reviewed,us,us
1993-10-03T19:16:33.620Z,58.31,-142.663,10,2.5,ml,,,,,us,usp00061ec,2020-09-14T20:15:03.412Z,"218 km SW of Yakutat, Alaska",earthquake,,,,,reviewed,aei,aei
1993-10-03T18:17:16.280Z,61.256,-151.0088,53.4,3.2,ml,,,,0.21,ak,ak993cor59m4,2020-09-14T20:15:03.736Z,"13 km NNE of Beluga, Alaska",earthquake,,1.1,,,reviewed,ak,ak
1993-10-03T18:15:11.630Z,43.591,8.935,10,2.5,ml,,,,0.7,us,usp00061ea,2014-11-07T00:54:09.684Z,"74 km ESE of Marina di Andora, Italy",earthquake,,,,,reviewed,us,ldg
1993-10-03T18:12:11.160Z,-9.763,114.471,33,4.3,mb,,,,1,us,usp00061e9,2014-11-07T00:54:09.680Z,"131 km SW of Jimbaran, Indonesia",earthquake,,,,3,reviewed,us,us
1993-10-03T17:49:04.030Z,28.803,34.656,10,3.7,mb,,,,1.1,us,usp00061e8,2014-11-07T00:54:09.678Z,"27 km S of Nuwaybi‘a, Egypt",earthquake,,,,2,reviewed,us,us
1993-10-03T16:40:11.240Z,-6.942,147.36,79.1,3.8,mb,,,,0.3,us,usp00061e6,2014-11-07T00:54:09.673Z,"46 km ESE of Lae, Papua New Guinea",earthquake,,14.6,,2,reviewed,us,us
1993-10-03T16:28:12.690Z,43.788,16.204,10,4,mb,,,,1.3,us,usp00061e5,2014-11-07T00:54:09.653Z,"9 km SSE of Drniš, Croatia",earthquake,,,,1,reviewed,us,us
1993-10-03T15:07:09.420Z,61.4055,-149.7207,39,2.6,ml,,,,0.39,ak,ak993copat3y,2020-09-14T20:15:04.634Z,"5 km S of Knik, Alaska",earthquake,,0.9,,,reviewed,ak,ak
1993-10-03T15:05:30.800Z,38.815,142.81,5,4.6,mb,,,,1.4,us,usp00061e0,2014-11-07T00:54:09.626Z,"96 km ESE of Kamaishi, Japan",earthquake,,,,2,reviewed,us,us
1993-10-03T15:00:31.890Z,63.758,-148.4037,5.1,2.7,ml,,,,0.28,ak,ak993cop9ctx,2020-09-14T20:15:05.030Z,"25 km E of McKinley Park, Alaska",earthquake,,1.2,,,reviewed,ak,ak
1993-10-03T14:38:36.010Z,-4.65,149.346,590.5,4.5,mb,,,,0.9,us,usp00061dy,2014-11-07T00:54:09.588Z,"132 km NW of Kimbe, Papua New Guinea",earthquake,,8.7,,4,reviewed,us,us
1993-10-03T14:20:00.380Z,51.021,-174.605,33,4.3,mb,,,,0.9,us,usp00061dx,2020-09-14T20:15:05.410Z,"133 km SSW of Atka, Alaska",earthquake,,,,14,reviewed,us,us
1993-10-03T14:03:42.200Z,40.38,25.953,5,3.3,ml,,,,0.8,us,usp00061dv,2014-11-07T00:54:09.567Z,"20 km N of Gökçeada, Turkey",earthquake,,,,,reviewed,us,the
1993-10-03T13:52:24.310Z,17.796,-62.747,10,4.2,md,,,,0.7,us,usp00061du,2014-11-07T00:54:09.562Z,"42 km N of Dieppe Bay Town, Saint Kitts and Nevis",earthquake,,,,,reviewed,us,trn
1993-10-03T13:23:54.010Z,-6.125,146.644,33,3.9,mb,,,,0.8,us,usp00061ds,2014-11-07T00:54:09.557Z,"76 km NNW of Lae, Papua New Guinea",earthquake,,,,1,reviewed,us,us
1993-10-03T11:55:37.500Z,33.686,-87.416,9.6,2.8,md,,292,0.75543,0.3,se,se61351,2022-06-28T14:45:17.526Z,"3 km SW of Oakman, Alabama",earthquake,,1.5,,,reviewed,se,se
1993-10-03T11:36:58.940Z,44.543,9.947,11.2,3,ml,,,,0.6,us,usp00061dr,2014-11-07T00:54:09.547Z,"3 km S of Stazione Valmozzola, Italy",earthquake,,2.3,,,reviewed,us,ldg
1993-10-03T11:36:45.510Z,40.2976667,-124.3861667,8.476,3.35,md,24,228,0.07838,0.13,nc,nc30030541,2016-12-20T23:17:26.170Z,"31 km SW of Scotia, California",earthquake,0.83,0.34,0.11,55,reviewed,nc,nc
1993-10-03T10:56:17.170Z,39.255,21.632,10,2.5,ml,,,,1.5,us,usp00061dp,2014-11-07T00:54:09.535Z,"14 km SW of Morfovoúni, Greece",earthquake,,,,,reviewed,us,the
1993-10-03T10:54:26.660Z,40.038,123.487,10,4,ml,,,,1.2,us,usp00061dn,2014-11-07T00:54:09.531Z,"33 km SSE of Xiuyan, China",earthquake,,,,,reviewed,us,bji
1993-10-03T10:32:58.050Z,42.232,-122.018,5,2.5,ml,,,,0.8,us,usp00061dm,2014-11-07T00:54:09.527Z,"19 km W of Klamath Falls, Oregon",earthquake,,,,,reviewed,us,gs$
1993-10-03T09:19:47.380Z,62.3973,-151.1603,90.7,3,ml,,,,0.16,ak,ak993colsv02,2020-09-14T20:15:06.776Z,"23 km WSW of Petersville, Alaska",earthquake,,0.9,,,reviewed,ak,ak
1993-10-03T08:28:42.120Z,12.958,-88.72,75.1,4.6,mb,,,,1,us,usp00061dh,2014-11-07T00:54:09.497Z,"40 km SSW of Puerto El Triunfo, El Salvador",earthquake,,5.3,,8,reviewed,us,us
1993-10-03T08:27:45.510Z,38.752,22.163,10,3.2,ml,,,,0.7,us,usp00061dg,2014-11-07T00:54:09.492Z,"17 km S of Spercheiáda, Greece",earthquake,,,,,reviewed,us,ath
1993-10-03T08:18:03.340Z,36.112,-117.902,-0.887,2.51,mc,0,104.8,,0.177,ci,ci3124887,2016-02-10T06:33:09.037Z,"8km NNE of Coso Junction, California",earthquake,,0.436,,52,reviewed,ci,ci
1993-10-03T08:15:54.360Z,5.207,125.374,198.3,5,mb,,,,1.1,us,usp00061df,2014-11-07T00:54:09.467Z,"23 km SSW of Sarangani, Philippines",earthquake,,6.6,,31,reviewed,us,us
1993-10-03T08:13:14.410Z,-8.658,121.652,168.4,4.8,mb,,,,1.2,us,usp00061de,2014-11-07T00:54:09.462Z,"20 km N of Ende, Indonesia",earthquake,,16.4,,2,reviewed,us,us
1993-10-03T07:42:24.390Z,41.713,27.391,10,3,ml,,,,0.5,us,usp00061dd,2014-11-07T00:54:09.458Z,"2 km SSW of Üsküp, Turkey",earthquake,,,,,reviewed,us,isk
1993-10-03T07:13:26.530Z,20.138,121.421,41,4.7,mb,,,,1,us,usp00061dc,2014-11-07T00:54:09.446Z,"66 km WSW of Basco, Philippines",earthquake,,12.3,,20,reviewed,us,us
1993-10-03T06:58:33.690Z,39.164,21.34,10,2.6,ml,,,,0.9,us,usp00061db,2014-11-07T00:54:09.442Z,"16 km SE of Áno Kalentíni, Greece",earthquake,,,,,reviewed,us,the
1993-10-03T02:06:49.160Z,13.928,-92.92,33,4.4,md,,,,1.4,us,usp00061d6,2014-11-07T00:54:09.427Z,"100 km SW of Brisas Barra de Suchiate, Mexico",earthquake,,,,,reviewed,us,gcg
1993-10-03T01:47:13.550Z,60.5497,-151.0163,45.6,2.7,ml,,,,0.3,ak,ak993coh7bln,2020-09-14T20:15:07.570Z,"4 km ENE of Ridgeway, Alaska",earthquake,,1.1,,,reviewed,ak,ak
1993-10-03T01:11:57.520Z,39.954,22.483,10,3.5,mb,,,,1.3,us,usp00061d4,2014-11-07T00:54:09.400Z,"10 km WNW of Pyrgetós, Greece",earthquake,,,,2,reviewed,us,us
1993-10-02T23:49:59.720Z,38.359,88.878,10,4.8,mb,,,,1.3,us,usp00061d3,2014-11-07T00:54:09.391Z,"southern Xinjiang, China",earthquake,,,,14,reviewed,us,us
1993-10-02T23:04:46.490Z,25.147,96.326,33,4,mb,,,,1.2,us,usp00061d2,2014-11-07T00:54:09.387Z,"110 km WSW of Myitkyina, Myanmar",earthquake,,,,4,reviewed,us,us
1993-10-02T22:28:40.630Z,36.681,29.067,10,3.4,ml,,,,0.5,us,usp00061d1,2014-11-07T00:54:09.384Z,"2 km SSW of Karg?, Turkey",earthquake,,,,,reviewed,us,isk
1993-10-02T22:10:44.150Z,-5.971,149.178,103.1,4.6,mb,,,,1.5,us,usp00061d0,2014-11-07T00:54:09.379Z,"48 km WNW of Kandrian, Papua New Guinea",earthquake,,15.9,,2,reviewed,us,us
1993-10-02T21:10:01.110Z,41.131,20.186,10,2.8,ml,,,,1.1,us,usp00061cz,2014-11-07T00:54:09.375Z,"8 km ENE of Elbasan, Albania",earthquake,,,,,reviewed,us,tir
1993-10-02T21:06:54.430Z,41.28,19.982,10,2.7,ml,,,,1.2,us,usp00061cy,2014-11-07T00:54:09.371Z,"7 km N of Krrabë, Albania",earthquake,,,,,reviewed,us,tir
1993-10-02T21:02:30.890Z,58.064,-143.022,10,2.7,ml,,,,0.5,us,usp00061cx,2020-09-14T20:15:08.025Z,"252 km SW of Yakutat, Alaska",earthquake,,,,,reviewed,us,aei
1993-10-02T20:46:02.970Z,19.3861667,-155.2435,2.342,2.88,ml,43,45,,0.11,hv,hv1002438,2020-03-31T18:59:04.660Z,"6 km S of Volcano, Hawaii",earthquake,0.25,0.3,0.06,2,reviewed,hv,hv
1993-10-02T19:45:30.100Z,40.538,29.829,10,2.7,ml,,,,0.2,us,usp00061cv,2014-11-07T00:54:09.351Z,"7 km E of Tacir, Turkey",earthquake,,,,,reviewed,us,isk
1993-10-02T19:42:33.920Z,63.1395,-150.7777,130.7,4.2,mb,,,,0.16,ak,ak993cn4cqzk,2020-09-14T20:15:09.067Z,"65 km SE of Denali National Park, Alaska",earthquake,,1.7,,,reviewed,ak,ak
1993-10-02T19:16:43.010Z,38.079,88.831,10,3.8,mb,,,,1.2,us,usp00061ct,2014-11-07T00:54:09.324Z,"southern Xinjiang, China",earthquake,,,,2,reviewed,us,us
1993-10-02T18:38:11.870Z,45.336,145.996,33,4.7,mb,,,,0.8,us,usp00061cs,2014-11-07T00:54:09.316Z,"141 km N of Otrada, Russia",earthquake,,,,20,reviewed,us,us
1993-10-02T17:23:33.370Z,38.171,88.69,14.3,5.6,mb,,,,1,us,usp00061cr,2022-04-28T17:56:59.064Z,"southern Xinjiang, China",earthquake,,,,101,reviewed,us,us
1993-10-02T16:46:47.630Z,46.33,13.055,10,4.3,ml,,,,1,us,usp00061cq,2014-11-07T00:54:09.229Z,"4 km WNW of Bordano, Italy",earthquake,,,,,reviewed,us,grf
1993-10-02T16:46:32.990Z,-5.617,154.283,417,4.7,mb,,,,1,us,usp00061cp,2014-11-07T00:54:09.220Z,"153 km WNW of Panguna, Papua New Guinea",earthquake,,7.3,,10,reviewed,us,us
1993-10-02T16:11:18.330Z,35.729,24.205,10,3.4,mb,,,,0.8,us,usp00061cm,2014-11-07T00:54:09.213Z,"21 km NNE of Mouzourás, Greece",earthquake,,,,1,reviewed,us,us
1993-10-02T16:02:00.710Z,-3.444,148.805,36.8,6,mw,,,,1.1,us,usp00061ck,2022-04-28T17:56:52.334Z,"231 km SE of Lorengau, Papua New Guinea",earthquake,,,,,reviewed,us,hrv
1993-10-02T15:54:05.520Z,37.552,140.459,101.9,5,mw,,,,0.9,us,usp00061cj,2025-12-19T22:50:58.607Z,"4 km SSE of Nihommatsu, Japan",earthquake,,3.1,,,reviewed,us,hrv
1993-10-02T14:53:04.730Z,9.325,127.098,10,4.4,mb,,,,1.3,us,usp00061ch,2014-11-07T00:54:09.127Z,"98 km ENE of Bacolod, Philippines",earthquake,,,,4,reviewed,us,us
1993-10-02T13:59:53.620Z,40.2988333,-124.3775,8.096,2.85,md,22,235,0.07387,0.13,nc,nc30030448,2016-12-20T23:13:25.250Z,"31 km SW of Scotia, California",earthquake,0.75,0.37,0.11,29,reviewed,nc,nc
1993-10-02T13:53:56.250Z,45.246,151.783,43.8,4.5,mb,,,,1.1,us,usp00061ce,2014-11-07T00:54:09.113Z,"Kuril Islands",earthquake,,,,11,reviewed,us,us
1993-10-02T11:58:04.230Z,58.4697,-152.9702,73.4,2.6,ml,,,,0.09,ak,ak993cmzonbb,2020-09-14T20:15:10.560Z,"45 km N of Aleneva, Alaska",earthquake,,5.2,,,reviewed,ak,ak
1993-10-02T10:30:17.340Z,4.763,94.96,69.8,5.3,mb,,,,0.9,us,usp00061cc,2014-11-07T00:54:09.073Z,"95 km SSW of Banda Aceh, Indonesia",earthquake,,,,82,reviewed,us,us
1993-10-02T09:43:19.590Z,38.169,88.605,13.6,5.8,mb,,,,0.9,us,usp00061ca,2022-04-28T17:56:46.574Z,"southern Xinjiang, China",earthquake,,,,141,reviewed,us,us
1993-10-02T09:20:12.290Z,38.206,89.284,10,4.9,mb,,,,1,us,usp00061c9,2014-11-07T00:54:08.989Z,"southern Xinjiang, China",earthquake,,,,13,reviewed,us,us
1993-10-02T09:00:13.600Z,53.049,158.611,121.6,5,mb,,,,0.8,us,usp00061c8,2014-11-07T00:54:08.967Z,"2 km W of Petropavlovsk-Kamchatsky, Russia",earthquake,,5,,58,reviewed,us,us
1993-10-02T08:42:32.710Z,38.19,88.663,14.1,6.1,mw,,,,1.1,us,usp00061c7,2022-04-28T17:56:45.450Z,"southern Xinjiang, China",earthquake,,,,,reviewed,us,hrv
1993-10-02T08:30:43.940Z,35.399,-117.825,4.351,2.69,ml,0,29.5,,0.158,ci,ci3124758,2016-02-10T02:59:52.405Z,"18km W of Johannesburg, California",earthquake,,16.024,,16,reviewed,ci,ci
1993-10-02T06:52:52.220Z,1.592,126.77,100.8,5.2,mb,,,,0.9,us,usp00061c4,2014-11-07T00:54:08.746Z,"111 km NW of Ternate, Indonesia",earthquake,,9.7,,18,reviewed,us,us
1993-10-02T06:31:04.820Z,63.1457,-151.2615,11.8,3.6,ml,,,,0.21,ak,ak993cmwjp02,2020-09-14T20:15:11.394Z,"49 km SSE of Denali National Park, Alaska",earthquake,,0.6,,,reviewed,ak,ak
1993-10-02T06:02:39.900Z,-34.725,-70.782,90,4,md,,,,0.7,us,usp00061c1,2014-11-07T00:54:08.701Z,"23 km E of Chimbarongo, Chile",earthquake,,,,,reviewed,us,san
1993-10-02T05:14:51.330Z,39.677,25.759,10,3.6,ml,,,,1.5,us,usp00061bz,2014-11-07T00:54:08.690Z,"31 km WSW of Bozcaada, Turkey",earthquake,,,,,reviewed,us,ath
1993-10-02T04:54:36.350Z,39.48,26.321,10,3.4,ml,,,,1.2,us,usp00061by,2014-11-07T00:54:08.685Z,"1 km SW of Behram, Turkey",earthquake,,,,,reviewed,us,isk
1993-10-02T04:45:17.370Z,-18.987,167.628,30.7,4.9,mb,,,,1,us,usp00061bx,2014-11-07T00:54:08.669Z,"156 km SSW of Port-Vila, Vanuatu",earthquake,,,,8,reviewed,us,us
1993-10-02T04:37:27.370Z,-18.896,167.639,35.3,4.9,mb,,,,0.9,us,usp00061bw,2014-11-07T00:54:08.629Z,"146 km SSW of Port-Vila, Vanuatu",earthquake,,,,18,reviewed,us,us
1993-10-02T04:23:40.610Z,-19,167.667,10,5,mb,,,,1,us,usp00061bu,2014-11-07T00:54:08.604Z,"155 km SSW of Port-Vila, Vanuatu",earthquake,,,,12,reviewed,us,us
1993-10-02T04:18:48.390Z,39.494,26.439,10,3.6,ml,,,,1.5,us,usp00061bt,2014-11-07T00:54:08.596Z,"9 km E of Behram, Turkey",earthquake,,,,,reviewed,us,isk
1993-10-02T04:11:09.480Z,8.703,-71.496,33,4.5,mb,,,,1,us,usp00061bs,2014-11-07T00:54:08.586Z,"20 km ENE of El Vigía, Venezuela",earthquake,,,,5,reviewed,us,us
1993-10-02T04:03:14.720Z,-26.887,26.736,5,2.6,ml,,,,1,us,usp00061br,2014-11-07T00:54:08.583Z,"5 km SW of Stilfontein, South Africa",earthquake,,,,,reviewed,us,pre
1993-10-02T04:00:37.780Z,38.443,22.176,10,3.2,ml,,,,0.8,us,usp00061bq,2014-11-07T00:54:08.576Z,"9 km SSW of Lidoríki, Greece",earthquake,,,,,reviewed,us,ath
1993-10-02T03:02:03.360Z,15.387,-92.81,106.5,4.5,mb,,,,1.2,us,usp00061bm,2014-11-07T00:54:08.542Z,"1 km W of El Consuelo Ulapa, Mexico",earthquake,,,,17,reviewed,us,us
1993-10-02T03:00:43.330Z,-50.034,138.604,10,4.2,mb,,,,1.2,us,usp00061bk,2014-11-07T00:54:08.535Z,"western Indian-Antarctic Ridge",earthquake,,,,7,reviewed,us,us
1993-10-02T02:51:28.620Z,-50.147,138.892,10,5.3,mb,,,,1.2,us,usp00061bj,2014-11-07T00:54:08.509Z,"western Indian-Antarctic Ridge",earthquake,,,,17,reviewed,us,us
1993-10-02T02:26:46.270Z,17.887,-101.578,61.9,4.2,mb,,,,1.2,us,usp00061bh,2014-11-07T00:54:08.501Z,"15 km ENE of Lagunillas, Mexico",earthquake,,16.1,,2,reviewed,us,us
1993-10-02T02:15:42.820Z,45.038,9.045,10,2.6,ml,,,,0.8,us,usp00061bg,2014-11-07T00:54:08.494Z,"0 km W of Pizzale, Italy",earthquake,,,,,reviewed,us,gen
1993-10-02T01:17:30.490Z,39.066,69.966,14.2,5,mb,,,,1.1,us,usp00061bf,2022-04-28T17:56:44.333Z,"17 km WNW of Novobod, Tajikistan",earthquake,,,,38,reviewed,us,us
1993-10-02T00:20:32.560Z,14.948,-95.01,33,4.4,mb,,,,1.4,us,usp00061be,2014-11-07T00:54:08.451Z,"130 km SSE of El Carrizal, Mexico",earthquake,,,,4,reviewed,us,us
1993-10-02T00:06:01.490Z,-24.038,-64.462,21.4,5.4,mw,,,,1.1,us,usp00061bd,2022-04-28T17:56:43.171Z,"17 km WSW of Palma Sola, Argentina",earthquake,,,,,reviewed,us,hrv
1993-10-01T23:46:35.840Z,61.7278,-150.8577,50.6,2.5,ml,,,,0.21,ak,ak993clj7zxc,2020-09-14T20:15:12.180Z,"27 km NW of Susitna, Alaska",earthquake,,1.2,,,reviewed,ak,ak
1993-10-01T22:40:09.770Z,47.788,130.709,33,4.6,mb,,,,1.4,us,usp00061bb,2020-09-15T16:41:58.762Z,"25 km NNW of Fengxiang, China",earthquake,,,,11,reviewed,us,us
1993-10-01T22:27:05.530Z,-33.693,-179.198,33,4.2,mb,,,,0.7,us,usp00061ba,2014-11-07T00:54:08.360Z,"south of the Kermadec Islands",earthquake,,,,3,reviewed,us,us
1993-10-01T21:59:02.670Z,61.8652,-149.207,37,2.5,ml,,,,0.25,ak,ak993cli3ugr,2020-09-14T20:15:13.300Z,"13 km N of Fishhook, Alaska",earthquake,,0.9,,,reviewed,ak,ak
1993-10-01T21:57:18.850Z,-37.98,175.931,225.1,4.7,mb,,,,1.4,us,usp00061b8,2014-11-07T00:54:08.224Z,"23 km SE of Matamata, New Zealand",earthquake,,6.5,,8,reviewed,us,us
1993-10-01T19:28:35.380Z,43.362,-0.01,10,2.6,ml,,,,1.3,us,usp00061b6,2014-11-07T00:54:08.214Z,"5 km WSW of Vic-en-Bigorre, France",earthquake,,,,,reviewed,us,ldg
1993-10-01T18:44:00.230Z,-31.84,-70.656,100,3.6,md,,,,0.6,us,usp00061b5,2014-11-07T00:54:08.207Z,"29 km ESE of Salamanca, Chile",earthquake,,,,,reviewed,us,san
1993-10-01T18:36:07.910Z,36.344,29.227,10,3.2,ml,,,,1.2,us,usp00061b4,2014-11-07T00:54:08.204Z,"18 km WNW of Kalkan, Turkey",earthquake,,,,,reviewed,us,isk
1993-10-01T18:16:19.110Z,58.125,-151.822,53,3,ml,,,,0.26,ak,ak993clg2d4n,2020-09-14T20:15:13.738Z,"46 km ENE of Ouzinkie, Alaska",earthquake,,11.5,,,reviewed,ak,ak
1993-10-01T17:27:25.110Z,-22.949,-65.953,271,4.7,mb,,,,1.3,us,usp00061b2,2014-11-07T00:54:08.149Z,"36 km SW of Abra Pampa, Argentina",earthquake,,,,17,reviewed,us,us
1993-10-01T15:10:42.260Z,11.734,-87.165,31.4,5.1,ms,,,,1.2,us,usp00061b0,2014-11-07T00:54:08.093Z,"71 km W of Masachapa, Nicaragua",earthquake,,,,1,reviewed,us,us
1993-10-01T14:02:39.050Z,40.125,28.79,5,2.7,ml,,,,0.5,us,usp00061ay,2014-11-07T00:54:08.072Z,"18 km NNW of Kar?ncal?, Turkey",earthquake,,,,,reviewed,us,isk
1993-10-01T13:52:04.630Z,-26.348,27.689,5,2.8,ml,,,,1.1,us,usp00061ax,2014-11-07T00:54:08.055Z,"5 km SE of Westonaria, South Africa",earthquake,,,,,reviewed,us,pre
1993-10-01T13:43:22.650Z,43.178,139.11,56.8,4.7,mb,,,,1.1,us,usp00061aw,2014-11-07T00:54:08.021Z,"116 km W of Iwanai, Japan",earthquake,,9.4,,29,reviewed,us,us
1993-10-01T13:27:23.600Z,40.116,29.259,10,2.6,ml,,,,0.5,us,usp00061at,2014-11-07T00:54:08.002Z,"9 km SSE of Kestel, Turkey",earthquake,,,,,reviewed,us,isk
1993-10-01T12:01:17.130Z,62.866,-150.5522,94.6,2.8,ml,,,,0.15,ak,ak993clcejlt,2020-09-14T20:15:14.799Z,"42 km NNE of Petersville, Alaska",earthquake,,1.9,,,reviewed,ak,ak
1993-10-01T11:48:17.500Z,42.37,-122.01,5,2.6,ml,,,,0.4,us,usp00061ar,2014-11-07T00:54:07.946Z,"24 km NW of Klamath Falls, Oregon",earthquake,,,,,reviewed,us,gs$
1993-10-01T10:57:01.990Z,39.077,27.75,10,2.8,ml,,,,0.7,us,usp00061aq,2014-11-07T00:54:07.942Z,"7 km ESE of K?rka?aç, Turkey",earthquake,,,,,reviewed,us,isk
1993-10-01T10:45:47.590Z,14.246,-92.943,73.4,4.7,mb,,,,1.4,us,usp00061ap,2014-11-07T00:54:07.933Z,"76 km SW of Puerto Madero, Mexico",earthquake,,14,,1,reviewed,us,us
1993-10-01T10:42:39.430Z,-43.459,169.896,5,3.5,mb,,,,1,us,usp00061an,2014-11-07T00:54:07.913Z,"120 km SW of Hokitika, New Zealand",earthquake,,,,1,reviewed,us,us
1993-10-01T10:16:30.980Z,39.142,27.536,10,2.9,ml,,,,0.3,us,usp00061am,2014-11-07T00:54:07.909Z,"7 km SW of Soma, Turkey",earthquake,,,,,reviewed,us,isk
1993-10-01T09:16:18.310Z,6.897,-73.096,168.5,4.5,mb,,,,1.3,us,usp00061ak,2014-11-07T00:54:07.893Z,"11 km SSW of Piedecuesta, Colombia",earthquake,,7.8,,3,reviewed,us,us
1993-10-01T07:51:25.230Z,-32.829,-71.6,23.2,4,md,,,,1.2,us,usp00061ah,2014-11-07T00:54:07.875Z,"22 km NNW of Viña del Mar, Chile",earthquake,,8,,,reviewed,us,san
1993-10-01T07:49:26.970Z,-44.715,167.083,63.9,3.7,mb,,,,0.9,us,usp00061ag,2014-11-07T00:54:07.855Z,"92 km NNW of Te Anau, New Zealand",earthquake,,17.3,,1,reviewed,us,us
1993-10-01T06:47:01.290Z,39.858,19.893,5,3.2,md,,,,1.2,us,usp00061ac,2014-11-07T00:54:07.774Z,"9 km NE of Acharávi, Greece",earthquake,,,,,reviewed,us,ath
1993-10-01T06:35:55.620Z,60.9665,-147.669,7.4,3.5,ml,,,,0.23,ak,ak993cl91bai,2020-09-14T20:15:15.223Z,"54 km WNW of Tatitlek, Alaska",earthquake,,1.9,,,reviewed,ak,ak
1993-10-01T06:29:27.730Z,39.225,21.556,10,2.7,ml,,,,0.9,us,usp00061aa,2014-11-07T00:54:07.705Z,"15 km SSE of Anthiró, Greece",earthquake,,,,,reviewed,us,the
1993-10-01T06:04:58.740Z,58.192,-143.421,10,2.6,ml,,,,0.7,us,usp00061a9,2020-09-14T20:15:15.709Z,"261 km SW of Yakutat, Alaska",earthquake,,,,,reviewed,us,aei
1993-10-01T06:04:08.960Z,-31.299,-69.925,143.3,4.3,md,,,,0.4,us,usp00061a8,2014-11-07T00:54:07.676Z,"48 km W of Calingasta, Argentina",earthquake,,18.5,,,reviewed,us,san
1993-10-01T06:02:28.840Z,-35.375,179.101,277.3,3.3,mb,,,,1.3,us,usp00061a7,2014-11-07T00:54:07.661Z,"off the east coast of the North Island of New Zealand",earthquake,,15.6,,1,reviewed,us,us
1993-10-01T05:11:12.800Z,44.541,7.3,11.7,3.1,ml,,,,0.7,us,usp00061a4,2014-11-07T00:54:07.601Z,"2 km SSW of Melle, Italy",earthquake,,2.1,,,reviewed,us,ldg
1993-10-01T04:50:05.400Z,-15.356,-173.895,33,5.2,mb,,,,1,us,usp00061a3,2014-11-07T00:54:07.506Z,"67 km N of Hihifo, Tonga",earthquake,,,,34,reviewed,us,us
1993-10-01T04:29:02.670Z,40.149,27.471,10,2.8,ml,,,,0.8,us,usp00061a2,2014-11-07T00:54:07.500Z,"16 km WNW of Gönen, Turkey",earthquake,,,,,reviewed,us,isk
1993-10-01T04:13:09.270Z,43.331,17.418,10,4.2,ml,,,,1.3,us,usp00061a0,2014-11-07T00:54:07.379Z,"4 km S of Grude, Bosnia and Herzegovina",earthquake,,,,,reviewed,us,zag
1993-10-01T03:59:33.050Z,36.637,23.967,88.1,4.9,mb,,,,1.2,us,usp000619z,2014-11-07T00:54:07.120Z,"42 km WSW of Mílos, Greece",earthquake,,,,79,reviewed,us,us
1993-10-01T01:45:06.320Z,42.894,145.21,70.5,3.9,mb,,,,0.5,us,usp000619x,2014-11-07T00:54:07.100Z,"56 km SSW of Nemuro, Japan",earthquake,,12.7,,1,reviewed,us,us
1993-10-01T01:40:53.540Z,40.402,-124.7435,15.474,2.84,md,45,239,0.3189,0.08,nc,nc30030271,2016-12-20T23:06:01.203Z,"45 km WSW of Ferndale, California",earthquake,0.62,0.65,0.16,35,reviewed,nc,nc
1993-10-01T01:02:43.520Z,-31.904,-71.508,33,3.9,md,,,,1.2,us,usp000619v,2014-11-07T00:54:06.558Z,"43 km SW of Illapel, Chile",earthquake,,,,,reviewed,us,san
