time,latitude,longitude,depth,mag,magType,nst,gap,dmin,rms,net,id,updated,place,type,horizontalError,depthError,magError,magNst,status,locationSource,magSource
1999-12-30T23:29:03.440Z,29.192,52.116,33,3.7,mb,,,,1.38,us,usp0009khh,2014-11-07T01:09:12.802Z,"58 km NW of F?r?z?b?d, Iran",earthquake,,,,3,reviewed,us,us
1999-12-30T22:31:17.400Z,1.851,127.085,91.3,5,mwc,,,,0.98,us,usp0009khg,2025-12-19T22:34:00.889Z,"103 km W of Tobelo, Indonesia",earthquake,,6.6,,,reviewed,us,hrv
1999-12-30T22:31:03.450Z,-11.033,165.235,33,4.7,mb,,,,1.36,us,usp0009khf,2014-11-07T01:09:12.793Z,"Santa Cruz Islands",earthquake,,,,9,reviewed,us,us
1999-12-30T22:06:53.720Z,33.106,-109.304,0,2.7,ml,9,,,2.18,rusms,rusms00001639,2022-06-09T21:14:13.641Z,"6 km N of Clifton, Arizona",explosion,,,,,reviewed,us,us
1999-12-30T21:46:39.800Z,2.345,126.727,42,4.6,mb,,,,1.02,us,usp0009khe,2014-11-07T01:09:12.792Z,"158 km WNW of Tobelo, Indonesia",earthquake,,15.1,,5,reviewed,us,us
1999-12-30T21:29:10.620Z,0.023,123.549,196.4,4.1,mb,,,,1.24,us,usp0009khc,2014-11-07T01:09:12.789Z,"78 km SE of Gorontalo, Indonesia",earthquake,,34.7,,2,reviewed,us,us
1999-12-30T21:27:29.500Z,-40.93,175.29,26,2.6,ml,,,,,us,usp0009khb,2014-11-07T01:09:12.788Z,"North Island of New Zealand",earthquake,,,,,reviewed,wel,wel
1999-12-30T21:04:17.030Z,34.301,-116.082,0.121,2.77,ml,0,63.7,,0.143,ci,ci9131758,2016-02-15T23:49:20.138Z,"18km N of Twentynine Palms, California",earthquake,,0.385,,119,reviewed,ci,ci
1999-12-30T20:19:20.790Z,34.496,45.442,33,3.7,mb,,,,1.07,us,usp0009kh9,2014-11-07T01:09:12.785Z,"38 km W of Sarpol-e Z?ah?b, Iran",earthquake,,,,3,reviewed,us,us
1999-12-30T20:07:23.940Z,43.699,-105.21,0,3.2,ml,18,,,1.05,rusms,rusms00001637,2022-06-09T21:14:13.634Z,"23 km ESE of Wright, Wyoming",explosion,,,,,reviewed,us,us
1999-12-30T19:22:12.230Z,34.504,45.38,63.3,4.4,mb,,,,0.93,us,usp0009kh7,2014-11-07T01:09:12.781Z,"43 km ESE of Kifr?, Iraq",earthquake,,14.2,,21,reviewed,us,us
1999-12-30T19:05:12.040Z,-11.068,165.201,33,4.6,mb,,,,1,us,usp0009kh6,2014-11-07T01:09:12.778Z,"75 km WSW of Lata, Solomon Islands",earthquake,,,,10,reviewed,us,us
1999-12-30T18:34:37.930Z,38.286,11.855,10,4.9,mb,,,,1.23,us,usp0009kh5,2014-11-07T01:09:12.764Z,"57 km NW of Favignana, Italy",earthquake,,,,24,reviewed,us,us
1999-12-30T17:57:14.740Z,-1.855,138.324,33,5.4,mwc,,,,1.31,us,usp0009kh4,2022-04-29T17:49:37.046Z,"260 km ESE of Biak, Indonesia",earthquake,,,,,reviewed,us,hrv
1999-12-30T17:39:21.310Z,-9.244,119.057,75.2,4.5,mb,,,,1.02,us,usp0009kh2,2014-11-07T01:09:12.746Z,"86 km SSW of Komodo, Indonesia",earthquake,,18,,3,reviewed,us,us
1999-12-30T17:29:39.700Z,-11.228,165.546,33,4.5,mb,,,,1.18,us,usp0009kh1,2014-11-07T01:09:12.745Z,"Santa Cruz Islands",earthquake,,,,1,reviewed,us,us
1999-12-30T17:26:48.710Z,-11.222,165.531,33,4.2,mb,,,,1.31,us,usp0009kh0,2014-11-07T01:09:12.744Z,"62 km SSW of Lata, Solomon Islands",earthquake,,,,2,reviewed,us,us
1999-12-30T17:18:00.740Z,44.063,-105.404,0,2.6,ml,5,,,0.82,rusms,rusms00001635,2022-06-09T21:14:13.629Z,"18 km SSE of Antelope Valley-Crestview, Wyoming",explosion,,,,,reviewed,us,us
1999-12-30T17:17:28.230Z,42.027,20.507,4.6,2.7,md,,,,,us,usp0009kgz,2014-11-07T01:09:12.742Z,"8 km SE of Kukës, Albania",earthquake,,,,,reviewed,pdg,pdg
1999-12-30T17:17:24.500Z,35.985,-115.989,5,2.93,mc,0,250,0.9525,0.268,ci,ci9131705,2016-02-16T18:52:33.983Z,"25km S of Pahrump, Nevada",earthquake,,,,38,reviewed,ci,ci
1999-12-30T17:02:24.940Z,7.425,-36.055,10,4.6,mb,,,,1.15,us,usp0009kgx,2014-11-07T01:09:12.737Z,"central Mid-Atlantic Ridge",earthquake,,,,9,reviewed,us,us
1999-12-30T16:59:24.270Z,9.953,-74.022,89.4,4.4,mb,,,,1.05,us,usp0009kgw,2014-11-07T01:09:12.733Z,"22 km SSW of El Copey, Colombia",earthquake,,,,8,reviewed,us,us
1999-12-30T15:17:25.340Z,-3.784,131.24,33,4.7,mb,,,,1.23,us,usp0009kgv,2014-11-07T01:09:12.731Z,"Ceram Sea, Indonesia",earthquake,,,,8,reviewed,us,us
1999-12-30T14:52:28.010Z,25.62,-108.667,10,3.4,mb,,,,0.86,us,usp0009kgu,2014-11-07T01:09:12.729Z,"3 km SSW of Colonia 24 de Febrero, Mexico",earthquake,,,,1,reviewed,us,us
1999-12-30T14:51:47.710Z,47.104,141.982,33,3.7,mb,,,,0.84,us,usp0009kgt,2014-11-07T01:09:12.728Z,"7 km SW of Yablochnyy, Russia",earthquake,,,,1,reviewed,us,us
1999-12-30T14:49:56.730Z,-23.723,-64.894,21.4,5.3,mwc,,,,1.07,us,usp0009kgs,2022-04-29T18:22:44.991Z,"13 km WNW of Calilegua, Argentina",earthquake,,,,,reviewed,us,hrv
1999-12-30T14:11:31.840Z,29.29,142.282,33,5.4,mwc,,,,0.93,us,usp0009kgr,2025-12-19T22:34:00.151Z,"Izu Islands, Japan region",earthquake,,,,,reviewed,us,hrv
1999-12-30T14:09:18.220Z,-21.186,-67.161,183.6,4.1,mb,,,,1.01,us,usp0009kgq,2014-11-07T01:09:12.680Z,"87 km SSW of Uyuni, Bolivia",earthquake,,8.9,,15,reviewed,us,us
1999-12-30T13:51:23.500Z,34.572,-121.001,5.658,2.5,mc,0,274.2,,0.249,ci,ci9131674,2016-02-16T11:35:15.107Z,"48km WSW of Vandenberg Air Force Base, California",earthquake,,,,11,reviewed,ci,ci
1999-12-30T13:25:41.140Z,47.179,141.91,33,4.7,mb,,,,0.66,us,usp0009kgp,2014-11-07T01:09:12.620Z,"11 km WNW of Yablochnyy, Russia",earthquake,,,,24,reviewed,us,us
1999-12-30T13:21:36.710Z,47.579,154.508,33,5.6,mwc,,,,0.99,us,usp0009kgn,2024-01-17T20:46:43.301Z,"Kuril Islands",earthquake,,,,,reviewed,us,hrv
1999-12-30T12:41:27.295Z,57.3923,-154.2348,6.7,3.2,ml,,,,0.77,ak,ak999gq70dh5,2020-02-20T19:59:56.203Z,"22 km SW of Larsen Bay, Alaska",earthquake,,3,,,reviewed,ak,ak
1999-12-30T12:27:25.480Z,-11.291,165.28,33,4.4,mb,,,,0.88,us,usp0009kgk,2014-11-07T01:09:12.592Z,"84 km SW of Lata, Solomon Islands",earthquake,,,,4,reviewed,us,us
1999-12-30T12:24:33.730Z,22.625,121.671,45.2,4.2,mb,,,,1.05,us,usp0009kgj,2014-11-07T01:09:12.588Z,"117 km NE of Hengchun, Taiwan",earthquake,,9.6,,7,reviewed,us,us
1999-12-30T11:59:09.340Z,-11.324,165.209,33,5.2,mwc,,,,1.01,us,usp0009kgh,2025-12-19T22:33:59.447Z,"92 km SW of Lata, Solomon Islands",earthquake,,,,,reviewed,us,hrv
1999-12-30T11:24:16.800Z,-6.855,129.51,156.8,4.8,mb,,,,0.89,us,usp0009kgg,2014-11-07T01:09:12.579Z,"Banda Sea",earthquake,,28.9,,2,reviewed,us,us
1999-12-30T11:12:35.020Z,39.945,-120.4856667,-0.836,2.64,md,29,112,0.2216,0.09,nc,nc21074737,2016-12-31T01:14:37.281Z,"8 km N of Lake Davis, California",earthquake,0.2,2.79,0.22,26,reviewed,nc,nc
1999-12-30T10:20:15.260Z,-24.22,-66.478,182,3.9,mb,,,,0.78,us,usp0009kgf,2014-11-07T01:09:12.578Z,"16 km W of San Antonio de los Cobres, Argentina",earthquake,,14.1,,2,reviewed,us,us
1999-12-30T10:18:35.020Z,29.37,142.317,33,3.9,mb,,,,1.17,us,usp0009kge,2014-11-07T01:09:12.576Z,"Izu Islands, Japan region",earthquake,,,,2,reviewed,us,us
1999-12-30T09:56:32.440Z,-11.422,165.512,33,4.2,mb,,,,0.94,us,usp0009kgd,2014-11-07T01:09:12.575Z,"83 km SSW of Lata, Solomon Islands",earthquake,,,,1,reviewed,us,us
1999-12-30T09:36:51.920Z,51.283,-176.275,33,4,mb,,,,1.06,us,usp0009kgc,2014-11-07T01:09:12.574Z,"70 km SSE of Adak, Alaska",earthquake,,,,1,reviewed,us,us
1999-12-30T09:30:05.060Z,3.405,-77.486,76,3.8,mb,,,,1.41,us,usp0009kgb,2014-11-07T01:09:12.572Z,"57 km WSW of Buenaventura, Colombia",earthquake,,35.3,,1,reviewed,us,us
1999-12-30T09:13:34.060Z,-6.096,151.404,46.3,4.4,mb,,,,0.84,us,usp0009kga,2014-11-07T01:09:12.570Z,"152 km ESE of Kimbe, Papua New Guinea",earthquake,,,,7,reviewed,us,us
1999-12-30T08:58:05.330Z,-11.295,165.742,33,4.1,mb,,,,1.17,us,usp0009kg9,2014-11-07T01:09:12.568Z,"63 km S of Lata, Solomon Islands",earthquake,,,,1,reviewed,us,us
1999-12-30T08:39:12.800Z,-11.075,165.235,33,5.2,mwc,,,,1.04,us,usp0009kg8,2022-04-29T18:22:42.099Z,"72 km WSW of Lata, Solomon Islands",earthquake,,,,,reviewed,us,hrv
1999-12-30T07:48:58.500Z,51.855,177.936,93.3,4.1,mb,,,,1.21,us,usp0009kg7,2014-11-07T01:09:12.554Z,"Rat Islands, Aleutian Islands, Alaska",earthquake,,,,10,reviewed,us,us
1999-12-30T07:28:05.520Z,34.479,-116.043,2.034,2.73,mc,0,83.4,,0.156,ci,ci9131626,2016-02-16T02:13:38.751Z,"29km WSW of Amboy, California",earthquake,,0.371,,51,reviewed,ci,ci
1999-12-30T07:17:59.020Z,37.4956667,-117.996,13.006,2.7,md,37,275,0.2622,0.06,nc,nc21074722,2016-12-31T01:14:10.216Z,"20 km SSE of Dyer, Nevada",earthquake,1.39,1.01,0.12,38,reviewed,nc,nc
1999-12-30T07:04:40.190Z,-64.366,176.094,10,4.8,mb,,,,0.82,us,usp0009kg6,2014-11-07T01:09:12.552Z,"Balleny Islands region",earthquake,,,,4,reviewed,us,us
1999-12-30T06:46:55.250Z,80.582,122.251,10,4.7,mb,,,,0.87,us,usp0009kg5,2014-11-07T01:09:12.544Z,"east of Severnaya Zemlya",earthquake,,,,24,reviewed,us,us
1999-12-30T06:28:10.620Z,-11.079,165.08,33,4.6,mb,,,,1.3,us,usp0009kg4,2014-11-07T01:09:12.542Z,"87 km WSW of Lata, Solomon Islands",earthquake,,,,5,reviewed,us,us
1999-12-30T06:24:35.110Z,34.11,-117.33,17.895,3.29,ml,0,25.7,,0.208,ci,ci9131630,2016-04-02T10:33:29.707Z,"4km E of Rialto, CA",earthquake,,0.296,,24,reviewed,ci,ci
1999-12-30T05:24:25.320Z,-30.76,-71.438,58.2,4.3,mb,,,,1.32,us,usp0009kg1,2014-11-07T01:09:12.535Z,"28 km SW of Ovalle, Chile",earthquake,,,,2,reviewed,us,us
1999-12-30T04:51:08.020Z,38.845,25.972,10,4,mb,,,,1.15,us,usp0009kg0,2014-11-07T01:09:12.528Z,"31 km SW of Polichnítos, Greece",earthquake,,,,21,reviewed,us,us
1999-12-30T04:14:48.780Z,29.495,142.171,33,4.3,mb,,,,1.07,us,usp0009kfz,2014-11-07T01:09:12.526Z,"Izu Islands, Japan region",earthquake,,,,3,reviewed,us,us
1999-12-30T03:59:39.380Z,39.786,-107.273,0,2.9,ml,10,,,0.8,rusms,rusms00001634,2022-06-09T21:14:13.627Z,"23 km NW of Dotsero, Colorado",explosion,,,,,reviewed,us,us
1999-12-30T03:21:44.840Z,46.61,10.268,10,2.9,ml,,,,1.39,us,usp0009kfy,2014-11-07T01:09:12.522Z,"13 km NE of Livigno, Italy",earthquake,,,,,reviewed,us,fur
1999-12-30T03:03:29.920Z,-48.829,124.096,10,3.8,mb,,,,0.91,us,usp0009kfx,2014-11-07T01:09:12.521Z,"western Indian-Antarctic Ridge",earthquake,,,,1,reviewed,us,us
1999-12-30T02:41:44.900Z,9.386,-79.048,56.2,3.9,mb,,,,1.02,us,usp0009kfw,2014-11-07T01:09:12.519Z,"13 km SW of Cartí Sugdup, Panama",earthquake,,,,1,reviewed,us,us
1999-12-30T02:23:03.730Z,-20.373,-178.156,605.8,4.4,mb,,,,0.52,us,usp0009kfv,2014-11-07T01:09:12.512Z,"Fiji region",earthquake,,15.5,,16,reviewed,us,us
1999-12-30T01:21:13.240Z,-10.77,165.248,33,4.7,mb,,,,1.13,us,usp0009kfu,2014-11-07T01:09:12.509Z,"60 km W of Lata, Solomon Islands",earthquake,,,,11,reviewed,us,us
1999-12-30T01:10:15.920Z,-10.977,165.478,33,4.1,mb,,,,0.76,us,usp0009kft,2014-11-07T01:09:12.507Z,"44 km SW of Lata, Solomon Islands",earthquake,,,,4,reviewed,us,us
1999-12-30T00:27:35.030Z,52.625,159.41,57.1,4.1,mb,,,,0.76,us,usp0009kfr,2014-11-07T01:09:12.505Z,"69 km SE of Petropavlovsk-Kamchatsky, Russia",earthquake,,,,3,reviewed,us,us
1999-12-30T00:19:24.200Z,-25.661,35.419,10,3.9,mb,,,,1.06,us,usp0009kfq,2014-11-07T01:09:12.503Z,"190 km ESE of Xai-Xai, Mozambique",earthquake,,,,1,reviewed,us,us
1999-12-30T00:11:49.100Z,52.152,159.199,59.9,5.1,mb,,,,0.7,us,usp0009kfp,2014-11-07T01:09:12.488Z,"102 km SSE of Vilyuchinsk, Russia",earthquake,,,,68,reviewed,us,us
1999-12-29T23:55:37.078Z,56.803,-156.3797,25.5,3.1,ml,,,,0.78,ak,ak999goq3tez,2020-02-20T19:59:39.148Z,"100 km SE of Ugashik, Alaska",earthquake,,20,,,reviewed,ak,ak
1999-12-29T23:47:44.500Z,34.703,-116.294,9.22,3.81,mh,0,105.2,0.1192,0.052,ci,ci9131560,2016-04-01T21:34:52.612Z,"12km W of Ludlow, CA",earthquake,,3.815,,2,reviewed,ci,ci
1999-12-29T23:17:25.910Z,33.316,116.125,33,4.1,mb,,,,1.24,us,usp0009kfm,2014-11-07T01:09:12.485Z,"41 km W of Mengcheng Chengguanzhen, China",earthquake,,,,2,reviewed,us,us
1999-12-29T23:05:35.400Z,-10.945,165.181,33,4.3,mb,,,,0.99,us,usp0009kfk,2014-11-07T01:09:12.483Z,"71 km WSW of Lata, Solomon Islands",earthquake,,,,3,reviewed,us,us
1999-12-29T22:53:57.190Z,-11.165,165.33,33,6.2,mwc,,,,1.14,us,usp0009kfj,2022-04-29T18:22:40.603Z,"70 km SW of Lata, Solomon Islands",earthquake,,,,,reviewed,us,hrv
1999-12-29T22:47:52.660Z,43.027,13.065,10,3.2,ml,,,,1.13,us,usp0009kfh,2014-11-07T01:09:12.460Z,"2 km WSW of Valle e Castello, Italy",earthquake,,,,,reviewed,us,vie
1999-12-29T22:39:26.430Z,-11.019,165.155,33,4.6,mb,,,,1.06,us,usp0009kff,2014-11-07T01:09:12.456Z,"77 km WSW of Lata, Solomon Islands",earthquake,,,,12,reviewed,us,us
1999-12-29T22:34:14.410Z,-11.137,165.32,33,4.2,mb,,,,1.1,us,usp0009kfe,2014-11-07T01:09:12.454Z,"69 km SW of Lata, Solomon Islands",earthquake,,,,1,reviewed,us,us
1999-12-29T22:27:01.730Z,-11.193,165.567,33,4.4,mb,,,,1.39,us,usp0009kfd,2014-11-07T01:09:12.452Z,"57 km SSW of Lata, Solomon Islands",earthquake,,,,6,reviewed,us,us
1999-12-29T22:19:11.190Z,-11.146,165.264,33,4.4,mb,,,,1.15,us,usp0009kfc,2014-11-07T01:09:12.441Z,"74 km SW of Lata, Solomon Islands",earthquake,,,,4,reviewed,us,us
1999-12-29T21:36:37.230Z,-10.938,165.258,33,5.7,mwc,,,,1.1,us,usp0009kfb,2022-04-29T18:22:38.893Z,"63 km WSW of Lata, Solomon Islands",earthquake,,,,,reviewed,us,hrv
1999-12-29T20:59:31.400Z,-11.21,165.321,33,5.7,mwc,,,,1.02,us,usp0009kf9,2022-04-29T18:22:37.222Z,"74 km SW of Lata, Solomon Islands",earthquake,,,,,reviewed,us,hrv
1999-12-29T20:57:15.400Z,32.277,-108.562,0,3,ml,7,,,1.29,rusms,rusms00001633,2022-06-09T21:14:13.624Z,"16 km ESE of Lordsburg, New Mexico",explosion,,,,,reviewed,us,us
1999-12-29T20:45:12.610Z,-10.47,164.977,33,4.5,mb,,,,1.21,us,usp0009kf8,2014-11-07T01:09:12.391Z,"94 km WNW of Lata, Solomon Islands",earthquake,,,,4,reviewed,us,us
1999-12-29T20:42:36.420Z,46.601,10.308,10,4.8,mb,,,,1.16,us,usp0009kf7,2014-11-07T01:09:12.371Z,"12 km N of Isolaccia, Italy",earthquake,,,,17,reviewed,us,us
1999-12-29T20:34:00.830Z,-11.08,165.355,33,4.8,mb,,,,1.03,us,usp0009kf6,2014-11-07T01:09:12.366Z,"62 km SW of Lata, Solomon Islands",earthquake,,,,19,reviewed,us,us
1999-12-29T20:01:46.820Z,43.707,-105.226,0,3.4,ml,16,,,0.82,rusms,rusms00001632,2022-06-09T21:14:13.621Z,"21 km ESE of Wright, Wyoming",explosion,,,,,reviewed,us,us
1999-12-29T19:52:35.000Z,-40.15,174.83,12,3,ml,,,,,us,usp0009kf5,2014-11-07T01:09:12.365Z,"Cook Strait, New Zealand",earthquake,,,,,reviewed,wel,wel
1999-12-29T19:43:32.950Z,-11.147,165.382,33,4.9,mb,,,,0.86,us,usp0009kf4,2014-11-07T01:09:12.360Z,"65 km SW of Lata, Solomon Islands",earthquake,,,,11,reviewed,us,us
1999-12-29T19:43:09.510Z,-10.936,165.217,33,4.1,mb,,,,1.21,us,usp0009kf3,2014-11-07T01:09:12.358Z,"67 km WSW of Lata, Solomon Islands",earthquake,,,,1,reviewed,us,us
1999-12-29T19:34:35.080Z,-11.558,165.572,33,4.4,mb,,,,1.44,us,usp0009kf2,2014-11-07T01:09:12.356Z,"95 km SSW of Lata, Solomon Islands",earthquake,,,,4,reviewed,us,us
1999-12-29T19:15:51.110Z,-10.98,165.251,33,5.9,mwc,,,,1.07,us,usp0009kf1,2022-04-29T18:22:35.778Z,"66 km WSW of Lata, Solomon Islands",earthquake,,,,,reviewed,us,hrv
1999-12-29T18:21:02.850Z,-11.012,165.146,33,4.5,mb,,,,1.46,us,usp0009kf0,2014-11-07T01:09:12.337Z,"77 km WSW of Lata, Solomon Islands",earthquake,,,,1,reviewed,us,us
1999-12-29T18:12:44.150Z,34.675,-116.294,1.014,3.18,ml,0,89.2,,0.144,ci,ci9131501,2016-04-02T10:35:40.534Z,"13km WSW of Ludlow, CA",earthquake,,0.356,,12,reviewed,ci,ci
1999-12-29T17:50:45.300Z,-40.35,174.43,26,3.5,ml,,,,,us,usp0009key,2014-11-07T01:09:12.333Z,"65 km S of Patea, New Zealand",earthquake,,,,,reviewed,wel,wel
1999-12-29T17:35:31.320Z,-11.401,165.703,33,3.9,mb,,,,1.08,us,usp0009kew,2014-11-07T01:09:12.330Z,"75 km S of Lata, Solomon Islands",earthquake,,,,2,reviewed,us,us
1999-12-29T17:28:32.564Z,60.1355,-152.951,119.9,3.3,ml,,,,0.61,ak,ak999gomdf3s,2020-02-20T20:00:00.259Z,"71 km WNW of Happy Valley, Alaska",earthquake,,1.1,,,reviewed,ak,ak
1999-12-29T17:24:54.620Z,34.698,-116.295,2.38,2.56,ml,0,161.4,0.1193,0.063,ci,ci9131494,2016-02-16T18:52:26.695Z,"13km WSW of Ludlow, California",earthquake,,0.732,0.609,7,reviewed,ci,ci
1999-12-29T16:21:48.340Z,51.38,-176.362,33,4.2,mb,,,,0.84,us,usp0009keu,2014-11-07T01:09:12.313Z,"58 km SSE of Adak, Alaska",earthquake,,,,6,reviewed,us,us
1999-12-29T15:34:30.680Z,-10.969,165.159,33,4.9,mb,,,,0.91,us,usp0009ket,2014-11-07T01:09:12.307Z,"74 km WSW of Lata, Solomon Islands",earthquake,,,,18,reviewed,us,us
1999-12-29T15:26:49.270Z,-24.358,-67.171,174.5,4.3,mb,,,,1.01,us,usp0009kes,2014-11-07T01:09:12.305Z,"87 km W of San Antonio de los Cobres, Argentina",earthquake,,7.7,,3,reviewed,us,us
1999-12-29T15:17:21.870Z,-0.446,99.634,79.7,5.3,mb,,,,1.11,us,usp0009ker,2014-11-07T01:09:12.296Z,"57 km WNW of Pariaman, Indonesia",earthquake,,18.9,,24,reviewed,us,us
1999-12-29T15:05:02.540Z,-11.318,165.626,33,4.3,mb,,,,1.18,us,usp0009keq,2014-11-07T01:09:12.294Z,"68 km SSW of Lata, Solomon Islands",earthquake,,,,1,reviewed,us,us
1999-12-29T14:39:36.820Z,-10.753,164.896,33,4.5,mb,,,,1.17,us,usp0009kep,2014-11-07T01:09:12.292Z,"98 km W of Lata, Solomon Islands",earthquake,,,,9,reviewed,us,us
1999-12-29T14:11:06.030Z,-11.168,165.311,33,4.8,mb,,,,1.05,us,usp0009kem,2014-11-07T01:09:12.286Z,"72 km SW of Lata, Solomon Islands",earthquake,,,,13,reviewed,us,us
1999-12-29T14:09:28.610Z,37.377,-117.036,4.208,2.76,mc,0,275.6,,0.591,ci,ci9131456,2016-02-17T09:26:49.679Z,"58km NNW of Beatty, Nevada",earthquake,,,,7,reviewed,ci,ci
1999-12-29T13:51:57.540Z,-10.965,165.137,33,4.9,mb,,,,1.02,us,usp0009kek,2014-11-07T01:09:12.284Z,"76 km WSW of Lata, Solomon Islands",earthquake,,,,8,reviewed,us,us
1999-12-29T13:29:19.620Z,-10.86,165.354,33,6.9,mwb,,,,0.8,us,usp0009kej,2022-04-29T18:22:34.424Z,"50 km WSW of Lata, Solomon Islands",earthquake,,,,,reviewed,us,us
1999-12-29T12:58:08.440Z,-23.809,-67.664,133.5,5.4,mwb,,,,0.87,us,usp0009keh,2022-04-29T18:22:32.754Z,"113 km SSE of San Pedro de Atacama, Chile",earthquake,,,,,reviewed,us,us
1999-12-29T12:41:18.760Z,-10.902,165.307,33,4.6,mb,,,,1.16,us,usp0009keg,2014-11-07T01:09:12.239Z,"57 km WSW of Lata, Solomon Islands",earthquake,,,,9,reviewed,us,us
1999-12-29T12:26:42.820Z,40.807,28.549,5.4,3.2,md,,,,,us,usp0009kef,2014-11-07T01:09:12.238Z,"20 km SSW of Beylikdüzü, Turkey",earthquake,,,,,reviewed,isk,isk
1999-12-29T11:26:06.390Z,-11.099,165.327,33,4.4,mb,,,,1.29,us,usp0009kee,2014-11-07T01:09:12.235Z,"65 km SW of Lata, Solomon Islands",earthquake,,,,9,reviewed,us,us
1999-12-29T11:07:12.260Z,-21.891,-68.888,99.2,4.2,mb,,,,0.89,us,usp0009ked,2014-11-07T01:09:12.233Z,"62 km N of Calama, Chile",earthquake,,,,9,reviewed,us,us
1999-12-29T10:39:57.160Z,40.821,31.05,7.3,3.6,md,,,,,us,usp0009kec,2014-11-07T01:09:12.231Z,"9 km WSW of Düzce, Turkey",earthquake,,,,,reviewed,isk,isk
1999-12-29T10:35:00.920Z,-38.676,177.749,33,4.4,mb,,,,1.53,us,usp0009keb,2014-11-07T01:09:12.229Z,"22 km W of Gisborne, New Zealand",earthquake,,,,2,reviewed,us,us
1999-12-29T10:12:03.803Z,61.6269,-150.6093,54.1,2.9,ml,,,,0.71,ak,ak999goi3w70,2020-02-20T19:59:58.828Z,"10 km NNW of Susitna, Alaska",earthquake,,1.1,,,reviewed,ak,ak
1999-12-29T09:29:30.400Z,46.1,6.9,2,3.8,ml,,,,,us,usp0009ke8,2014-11-07T01:09:12.214Z,"8 km SSE of Champéry, Switzerland",earthquake,,,,,reviewed,zur,ldg
1999-12-29T09:06:14.830Z,34.724,-116.067,2.032,2.69,mc,0,124.2,,0.13,ci,ci9131421,2016-02-17T09:26:47.403Z,"8km E of Ludlow, California",earthquake,,0.746,,51,reviewed,ci,ci
1999-12-29T09:05:34.970Z,31.268,86.486,33,3.5,mb,,,,1.16,us,usp0009ke7,2014-11-07T01:09:12.213Z,"247 km NNE of Saga, China",earthquake,,,,1,reviewed,us,us
1999-12-29T08:55:36.080Z,54.801,-162.469,71.3,3.9,mb,,,,1.24,us,usp0009ke6,2020-02-20T20:00:02.179Z,"30 km SSW of King Cove, Alaska",earthquake,,12.7,,1,reviewed,us,us
1999-12-29T08:43:28.300Z,19.379,-68.188,97.9,4.1,md,,,,,us,usp0009ke5,2014-11-07T01:09:12.210Z,"91 km NNE of Punta Cana, Dominican Republic",earthquake,,,,,reviewed,mpr,mpr
1999-12-29T08:40:49.110Z,-9.086,111.566,33,3.6,mb,,,,1.44,us,usp0009ke4,2014-11-07T01:09:12.208Z,"112 km S of Trenggalek, Indonesia",earthquake,,,,2,reviewed,us,us
1999-12-29T08:27:11.860Z,34.721,-116.074,1.072,2.8,ml,0,50,0.07424,0.153,ci,ci9131430,2016-02-16T09:13:18.124Z,"8km E of Ludlow, California",earthquake,,0.672,,5,reviewed,ci,ci
1999-12-29T08:18:44.530Z,34.792,-116.371,0.789,3.2,ml,0,71.6,0.04709,0.136,ci,ci9131427,2016-04-02T07:15:13.811Z,"21km WNW of Ludlow, CA",earthquake,,0.576,,12,reviewed,ci,ci
1999-12-29T08:18:40.920Z,33.867,-118.271,16.613,2.5,ml,0,109.5,,0.235,ci,ci9131414,2016-02-16T09:13:16.712Z,"4km NNE of Carson, California",earthquake,,2.199,,15,reviewed,ci,ci
1999-12-29T07:14:02.670Z,33.969,-119.127,2.043,2.59,ml,0,121.5,,0.324,ci,ci9131404,2016-02-16T11:35:02.382Z,"21km SSE of Port Hueneme, California",earthquake,,1.183,,7,reviewed,ci,ci
1999-12-29T06:55:18.350Z,-50.34,139.435,33,4.3,mb,,,,1.08,us,usp0009ke0,2014-11-07T01:09:12.199Z,"western Indian-Antarctic Ridge",earthquake,,,,6,reviewed,us,us
1999-12-29T06:53:55.120Z,41.898,20.597,8.7,3.3,md,,,,,us,usp0009kdz,2014-11-07T01:09:12.196Z,"15 km SSW of Dragash, Kosovo",earthquake,,,,,reviewed,pdg,pdg
1999-12-29T06:18:55.900Z,-17.813,-64.966,402.5,3.6,mb,,,,1.13,us,usp0009kdy,2014-11-07T01:09:12.195Z,"25 km ESE of Totora, Bolivia",earthquake,,12,,3,reviewed,us,us
1999-12-29T05:41:30.520Z,34.727,-116.067,1.88,2.69,ml,0,124.6,,0.14,ci,ci9131409,2016-02-17T11:49:46.626Z,"8km E of Ludlow, California",earthquake,,0.501,,7,reviewed,ci,ci
1999-12-29T05:19:46.910Z,18.244,-101.432,69.9,5.9,mwc,,,,1.01,us,usp0009kdx,2022-04-29T18:22:27.426Z,"19 km WSW of Guayameo, Mexico",earthquake,,,,,reviewed,us,hrv
1999-12-29T04:53:54.000Z,7.666,-80.682,12.3,3.5,md,,,,,us,usp0009kdw,2014-11-07T01:09:12.158Z,"3 km NNW of Pitaloza Arriba, Panama",earthquake,,,,,reviewed,upa,upa
1999-12-29T04:25:03.420Z,-5.216,152.709,33,4.4,mb,,,,0.94,us,usp0009kdv,2014-11-07T01:09:12.157Z,"108 km SSE of Kokopo, Papua New Guinea",earthquake,,,,3,reviewed,us,us
1999-12-29T03:25:11.820Z,34.854,-116.416,0.35,2.58,mc,0,129.4,,0.202,ci,ci9131383,2016-02-17T07:03:45.447Z,"28km WNW of Ludlow, California",earthquake,,0.412,,50,reviewed,ci,ci
1999-12-29T02:54:06.210Z,-6.364,130.349,124.7,4.5,mb,,,,1.46,us,usp0009kdu,2014-11-07T01:09:12.155Z,"278 km WSW of Tual, Indonesia",earthquake,,16.7,,2,reviewed,us,us
1999-12-29T02:18:42.470Z,-55.442,-26.966,33,4.7,mb,,,,1.09,us,usp0009kds,2014-11-07T01:09:12.150Z,"South Sandwich Islands region",earthquake,,,,1,reviewed,us,us
1999-12-29T00:53:40.800Z,34.727,-116.066,1.872,2.5,mc,0,124.7,,0.136,ci,ci9131361,2016-02-17T04:40:12.347Z,"9km E of Ludlow, California",earthquake,,0.475,,39,reviewed,ci,ci
1999-12-29T00:42:40.180Z,19.127,-66.061,22.1,3.3,md,,,,,us,usp0009kdq,2014-11-07T01:09:12.144Z,"73 km N of San Juan, Puerto Rico",earthquake,,,,,reviewed,mpr,mpr
1999-12-28T23:59:00.970Z,-11.39,165.84,33,4.8,mb,,,,1.29,us,usp0009kdp,2014-11-07T01:09:12.142Z,"73 km S of Lata, Solomon Islands",earthquake,,,,1,reviewed,us,us
1999-12-28T23:56:06.750Z,-11.15,165.543,33,5.9,mwc,,,,0.78,us,usp0009kdn,2022-04-29T18:22:22.102Z,"54 km SSW of Lata, Solomon Islands",earthquake,,,,,reviewed,us,hrv
1999-12-28T23:03:57.110Z,32.887,-109.195,0,2.9,ml,11,,,1.31,rusms,rusms00001631,2022-06-09T21:14:13.619Z,"1 km SE of York, Arizona",explosion,,,,,reviewed,us,us
1999-12-28T22:55:52.230Z,15.936,-60.774,16.1,3.2,md,,,,,us,usp0009kdm,2014-11-07T01:09:12.122Z,"51 km SE of Beauséjour, Guadeloupe",earthquake,,,,,reviewed,fdf,fdf
1999-12-28T22:01:08.140Z,40.527,-116.14,5,3,ml,,,,0.85,us,usp0009kdk,2014-11-07T01:09:12.120Z,"20 km S of Carlin, Nevada",earthquake,,,,,reviewed,us,us
1999-12-28T21:39:31.730Z,44.081,-105.397,0,2.7,ml,10,,,0.9,rusms,rusms00001630,2022-06-09T21:14:13.617Z,"17 km SSE of Antelope Valley-Crestview, Wyoming",explosion,,,,,reviewed,us,us
1999-12-28T21:21:14.020Z,40.525,-116.129,5,3.5,mb,,,,0.86,us,usp0009kdj,2014-11-07T01:09:12.116Z,"21 km S of Carlin, Nevada",earthquake,,,,1,reviewed,us,us
1999-12-28T20:33:41.150Z,-6.02,130.744,81.8,4.8,mb,,,,1.11,us,usp0009kdh,2014-11-07T01:09:12.114Z,"226 km W of Tual, Indonesia",earthquake,,16.9,,5,reviewed,us,us
1999-12-28T20:25:07.350Z,49.301,155.56,33,5.1,mwc,,,,0.82,us,usp0009kdg,2025-12-19T22:18:15.224Z,"158 km SSW of Severo-Kuril’sk, Russia",earthquake,,,,,reviewed,us,hrv
1999-12-28T20:11:13.620Z,8.957,-82.903,33,4.3,mb,,,,1.41,us,usp0009kdf,2014-11-07T01:09:12.097Z,"16 km NNW of Río Sereno, Panama",earthquake,,,,2,reviewed,us,us
1999-12-28T19:15:36.940Z,-30.353,-178.051,33,5.2,mwc,,,,1.12,us,usp0009kde,2025-12-19T22:33:58.681Z,"Kermadec Islands, New Zealand",earthquake,,,,,reviewed,us,hrv
1999-12-28T17:07:40.259Z,57.2055,-154.2827,27.2,2.8,ml,,,,0.55,ak,ak999gmypl61,2020-02-20T20:00:03.916Z,"29 km NNW of Akhiok, Alaska",earthquake,,5.2,,,reviewed,ak,ak
1999-12-28T16:56:27.500Z,15.965,-97.365,84.9,4.1,md,,,,,us,usp0009kdc,2014-11-07T01:09:12.087Z,"9 km SE of Río Grande, Mexico",earthquake,,,,,reviewed,unm,unm
1999-12-28T16:51:24.500Z,1.674,128.288,65.5,5.7,mwc,,,,1.02,us,usp0009kdb,2022-04-29T18:22:16.825Z,"31 km E of Tobelo, Indonesia",earthquake,,,,,reviewed,us,hrv
1999-12-28T15:51:38.620Z,34.572,-116.292,-0.8,2.78,ml,0,54.1,,0.166,ci,ci9131216,2016-02-16T09:13:10.906Z,"20km SW of Ludlow, California",earthquake,,0.47,,7,reviewed,ci,ci
1999-12-28T15:51:18.400Z,34.572,-116.292,-0.423,2.76,mc,0,72.8,0.1603,0.155,ci,ci3321766,2016-02-16T06:54:07.474Z,"20km SW of Ludlow, California",earthquake,,1.259,,59,reviewed,ci,ci
1999-12-28T15:46:12.710Z,16.469,-93.865,33,4,md,,,,1.34,us,usp0009kd8,2014-11-07T01:09:12.061Z,"6 km E of Villamorelos, Mexico",earthquake,,,,,reviewed,us,unm
1999-12-28T12:46:58.320Z,5.609,-82.645,10,6.2,mwc,,,,1.32,us,usp0009kd6,2022-04-29T18:22:10.223Z,"269 km S of Punta de Burica, Panama",earthquake,,,,,reviewed,us,hrv
1999-12-28T12:24:48.060Z,-7.817,67.851,10,4.8,mb,,,,0.97,us,usp0009kd5,2014-11-07T01:09:12.021Z,"Mid-Indian Ridge",earthquake,,,,6,reviewed,us,us
1999-12-28T12:05:06.650Z,30.296,31.377,10,3.9,mb,,,,0.9,us,usp0009kd4,2014-11-07T01:09:12.018Z,"5 km ESE of Shib?n al Qan??ir, Egypt",earthquake,,,,2,reviewed,us,us
1999-12-28T10:27:30.500Z,5.66,127.277,67.9,4.4,mb,,,,1.34,us,usp0009kd2,2014-11-07T01:09:12.014Z,"144 km ESE of Pondaguitan, Philippines",earthquake,,16.2,,4,reviewed,us,us
1999-12-28T10:06:11.190Z,-21.015,-179.032,622.5,4.5,mb,,,,0.69,us,usp0009kd1,2014-11-07T01:09:12.007Z,"Fiji region",earthquake,,20.8,,28,reviewed,us,us
1999-12-28T09:40:24.200Z,16.919,-100.105,20,3.9,md,,,,,us,usp0009kd0,2014-11-07T01:09:12.006Z,"3 km SW of Los Mogotes, Mexico",earthquake,,,,,reviewed,unm,unm
1999-12-28T09:13:38.840Z,9.669,-85.775,33,4,mb,,,,0.84,us,usp0009kcz,2014-11-07T01:09:12.005Z,"35 km SW of Sámara, Costa Rica",earthquake,,,,1,reviewed,us,us
1999-12-28T09:04:09.220Z,15.762,147.888,33,3.6,mb,,,,0.84,us,usp0009kcy,2014-11-07T01:09:12.002Z,"236 km ENE of Saipan, Northern Mariana Islands",earthquake,,,,1,reviewed,us,us
1999-12-28T07:30:33.990Z,-7.711,67.773,10,5,mwc,,,,1.07,us,usp0009kcx,2025-12-19T22:33:57.913Z,"Mid-Indian Ridge",earthquake,,,,,reviewed,us,hrv
1999-12-28T07:01:44.700Z,8.329,-82.78,10,3.7,md,,,,,us,usp0009kcw,2014-11-07T01:09:11.993Z,"3 km ESE of Manaca Norte, Panama",earthquake,,,,,reviewed,upa,upa
1999-12-28T05:44:48.730Z,34.494,-116.334,4.448,2.62,ml,0,53.8,,0.181,ci,ci9131157,2016-02-17T09:26:38.274Z,"30km SSW of Ludlow, California",earthquake,,9.256,,6,reviewed,ci,ci
1999-12-28T05:26:55.370Z,-23.838,-179.935,568.6,4.4,mb,,,,0.94,us,usp0009kcv,2014-11-07T01:09:11.990Z,"south of the Fiji Islands",earthquake,,37.1,,11,reviewed,us,us
1999-12-28T04:26:45.760Z,39.072,17.323,10,3.5,md,,,,,us,usp0009kcu,2014-11-07T01:09:11.988Z,"16 km E of Crotone, Italy",earthquake,,,,,reviewed,rom,pdg
1999-12-28T04:14:44.510Z,46.329,150.873,151.4,4.2,mb,,,,1.07,us,usp0009kct,2014-11-07T01:09:11.986Z,"263 km ENE of Kuril’sk, Russia",earthquake,,20.3,,5,reviewed,us,us
1999-12-28T04:06:01.740Z,-49.656,-115.159,10,4.8,mb,,,,1.52,us,usp0009kcs,2014-11-07T01:09:11.984Z,"southern East Pacific Rise",earthquake,,,,4,reviewed,us,us
1999-12-28T03:29:31.950Z,19.616,-70.82,33,4.6,mb,,,,0.85,us,usp0009kcr,2014-11-07T01:09:11.976Z,"7 km SSE of Altamira, Dominican Republic",earthquake,,,,28,reviewed,us,us
1999-12-28T03:12:13.560Z,-50.076,-115.207,10,4.7,mb,,,,1.13,us,usp0009kcq,2014-11-07T01:09:11.973Z,"southern East Pacific Rise",earthquake,,,,9,reviewed,us,us
1999-12-28T01:19:44.970Z,55.884,110.167,10,4.2,mb,,,,1.28,us,usp0009kcm,2014-11-07T01:09:11.968Z,"7 km SE of Kichera, Russia",earthquake,,,,5,reviewed,us,us
1999-12-28T00:43:59.960Z,32.737,-115.939,2.569,2.97,ml,0,67.6,,0.239,ci,ci9131144,2016-02-17T11:49:36.362Z,"5km E of Ocotillo, California",earthquake,,0.272,,7,reviewed,ci,ci
1999-12-27T23:35:30.370Z,-10.521,-70.877,588,4.4,mb,,,,0.79,us,usp0009kcj,2014-11-07T01:09:11.960Z,"149 km WNW of Iñapari, Peru",earthquake,,5.3,,21,reviewed,us,us
1999-12-27T23:22:54.120Z,-2.232,-79.854,33,4.5,mb,,,,0.99,us,usp0009kch,2014-11-07T01:09:11.958Z,"5 km SE of Guayaquil, Ecuador",earthquake,,,,3,reviewed,us,us
1999-12-27T22:46:59.090Z,-31.094,-71.127,54.5,4.8,mb,,,,0.88,us,usp0009kcg,2014-11-07T01:09:11.951Z,"47 km SSW of Monte Patria, Chile",earthquake,,,,28,reviewed,us,us
1999-12-27T21:57:13.690Z,33.707,-116.763,16.656,2.6,mc,0,43.8,,0.199,ci,ci9131109,2016-02-16T06:54:03.408Z,"6km SW of Idyllwild, California",earthquake,,0.574,,54,reviewed,ci,ci
1999-12-27T21:31:45.900Z,-1.053,120.682,33,4.4,mb,,,,1.47,us,usp0009kcf,2014-11-07T01:09:11.949Z,"38 km NNW of Poso, Indonesia",earthquake,,,,3,reviewed,us,us
1999-12-27T21:21:31.130Z,17.803,-98.181,57.2,4.7,mb,,,,1.18,us,usp0009kce,2014-11-07T01:09:11.939Z,"4 km SW of Santa Cruz Tacache de Mina, Mexico",earthquake,,,,24,reviewed,us,us
1999-12-27T21:12:47.440Z,43.564,-105.262,0,2.9,ml,11,,,0.83,rusms,rusms00001628,2022-06-09T21:14:13.612Z,"27 km SE of Wright, Wyoming",explosion,,,,,reviewed,us,us
1999-12-27T20:58:33.350Z,32.601,-109.047,0,3.1,ml,11,,,0.63,rusms,rusms00001627,2022-06-09T21:14:13.609Z,"9 km SSE of Franklin, Arizona",explosion,,,,,reviewed,us,us
1999-12-27T20:52:35.010Z,51.807,-176.467,33,4.4,mb,,,,1.24,us,usp0009kcd,2014-11-07T01:09:11.936Z,"13 km ESE of Adak, Alaska",earthquake,,,,13,reviewed,us,us
1999-12-27T20:12:59.460Z,42.62,-1.5,10,3,ml,,,,,us,usp0009kcc,2014-11-07T01:09:11.935Z,"5 km N of Lerga, Spain",earthquake,,,,,reviewed,str,ldg
1999-12-27T20:05:35.790Z,-5.06,130.861,33,4.6,mb,,,,0.91,us,usp0009kcb,2014-11-07T01:09:11.933Z,"218 km WNW of Tual, Indonesia",earthquake,,,,3,reviewed,us,us
1999-12-27T19:58:20.820Z,41.874,20.448,8.4,2.8,ml,,,,,us,usp0009kca,2014-11-07T01:09:11.930Z,"21 km N of Peshkopi, Albania",earthquake,,,,,reviewed,pdg,sko
1999-12-27T19:47:28.170Z,34.552,-116.508,5.551,2.56,ml,0,44.9,,0.181,ci,ci9131080,2016-02-16T06:54:00.865Z,"37km WSW of Ludlow, California",earthquake,,7.305,,121,reviewed,ci,ci
1999-12-27T18:43:55.360Z,47.774,146.884,419.4,4.3,mb,,,,0.93,us,usp0009kc9,2014-11-07T01:09:11.910Z,"293 km NNW of Kuril’sk, Russia",earthquake,,8,,21,reviewed,us,us
1999-12-27T18:33:29.820Z,42.04,20.546,1.3,2.9,md,,,,,us,usp0009kc8,2014-11-07T01:09:11.908Z,"9 km W of Dragash, Kosovo",earthquake,,,,,reviewed,pdg,pdg
1999-12-27T18:25:52.970Z,34.518,-116.309,-0.072,2.6,ml,0,55.8,,0.173,ci,ci9131071,2016-02-16T06:53:59.452Z,"26km SSW of Ludlow, California",earthquake,,0.588,,114,reviewed,ci,ci
1999-12-27T17:18:14.440Z,35.729,69.824,33,4.2,mb,,,,0.82,us,usp0009kc7,2014-11-07T01:09:11.906Z,"53 km NNE of B?z?rak, Afghanistan",earthquake,,,,1,reviewed,us,us
1999-12-27T17:10:44.450Z,46.298,152.649,33,3.3,mb,,,,0.7,us,usp0009kc6,2014-11-07T01:09:11.905Z,"Kuril Islands",earthquake,,,,1,reviewed,us,us
1999-12-27T17:09:07.500Z,-40.66,175.06,12,3.4,ml,,,,,us,usp0009kc5,2014-11-07T01:09:11.903Z,"13 km NW of Otaki, New Zealand",earthquake,,,,,reviewed,wel,wel
1999-12-27T15:47:18.310Z,-31.486,-178.599,33,5.3,mwc,,,,1.07,us,usp0009kc4,2025-12-19T22:33:57.284Z,"Kermadec Islands region",earthquake,,,,,reviewed,us,hrv
1999-12-27T14:32:28.190Z,51.577,-176.838,33,3.5,mb,,,,1.26,us,usp0009kc3,2014-11-07T01:09:11.894Z,"35 km SSW of Adak, Alaska",earthquake,,,,2,reviewed,us,us
1999-12-27T13:10:03.400Z,46.094,12.382,10,2.8,ml,,,,0.51,us,usp0009kc1,2014-11-07T01:09:11.890Z,"3 km SSE of Farra d'Alpago, Italy",earthquake,,,,,reviewed,us,vie
1999-12-27T12:42:44.500Z,46.1,6.9,2,2.5,ml,,,,,us,usp0009kc0,2014-11-07T01:09:11.888Z,"8 km SSE of Champéry, Switzerland",earthquake,,,,,reviewed,ldg,str
1999-12-27T09:44:04.730Z,39.9405,-120.4903333,-1.416,3.58,md,88,111,0.2279,0.28,nc,nc21074195,2016-12-31T01:08:14.130Z,"7 km N of Lake Davis, California",earthquake,0.32,1.23,0.13,97,reviewed,nc,nc
1999-12-27T09:30:21.320Z,25.934,124.455,197.1,4.4,mb,,,,0.91,us,usp0009kby,2014-11-07T01:09:11.882Z,"151 km NW of Hirara, Japan",earthquake,,7.8,,3,reviewed,us,us
1999-12-27T07:09:47.600Z,15.228,-92.895,104.1,3.8,mb,,,,,us,usp0009kbw,2014-11-07T01:09:11.879Z,"20 km SW of Jiquilpan (Estación Bonanza), Mexico",earthquake,,,,2,reviewed,unm,us
1999-12-27T06:30:40.290Z,-14.868,166.449,33,5.1,mb,,,,0.92,us,usp0009kbv,2014-11-07T01:09:11.874Z,"69 km WNW of Port-Olry, Vanuatu",earthquake,,,,14,reviewed,us,us
1999-12-27T04:59:42.730Z,30.136,67.963,33,4,mb,,,,0.89,us,usp0009kbu,2014-11-07T01:09:11.858Z,"4 km NNE of Harnai, Pakistan",earthquake,,,,2,reviewed,us,us
1999-12-27T04:54:34.230Z,38.765,14.234,33,4.1,mb,,,,1.27,us,usp0009kbt,2014-11-07T01:09:11.856Z,"56 km WNW of Malfa, Italy",earthquake,,,,2,reviewed,us,us
1999-12-27T03:49:21.640Z,29.546,131.313,33,5,mb,,,,0.91,us,usp0009kbr,2014-11-07T01:09:11.849Z,"107 km SE of Koshima, Japan",earthquake,,,,24,reviewed,us,us
1999-12-27T03:29:16.000Z,49.16,6.89,1,2.5,ml,,,,,us,usp0009kbq,2014-11-07T01:09:11.846Z,"1 km NNW of Folkling, France",earthquake,,,,,reviewed,fbb,ucc
1999-12-27T03:07:02.050Z,-11.078,165.336,84.2,4.6,mb,,,,0.73,us,usp0009kbp,2014-11-07T01:09:11.843Z,"63 km SW of Lata, Solomon Islands",earthquake,,,,13,reviewed,us,us
1999-12-27T02:54:18.100Z,17.888,39.93,33,4.1,mb,,,,1.4,us,usp0009kbn,2014-11-07T01:09:11.841Z,"240 km ESE of Tok?r, Sudan",earthquake,,,,3,reviewed,us,us
1999-12-27T02:29:42.830Z,18.332,-68.731,167.5,4.4,mb,,,,0.86,us,usp0009kbm,2014-11-07T01:09:11.838Z,"12 km SSW of San Rafael del Yuma, Dominican Republic",earthquake,,6.8,,4,reviewed,us,us
1999-12-27T02:18:52.120Z,40.2733333,-124.4005,22.9,3.45,ml,31,223,0.1928,0.09,nc,nc21074156,2016-12-31T01:07:52.300Z,"34 km SW of Scotia, California",earthquake,0.88,0.5,,6,reviewed,nc,nc
1999-12-27T00:30:03.540Z,-21.055,-178.449,550,4.4,mb,,,,0.83,us,usp0009kbj,2014-11-07T01:09:11.831Z,"Fiji region",earthquake,,,,6,reviewed,us,us
1999-12-27T00:14:30.010Z,-1.012,127.353,33,4.4,mb,,,,1.21,us,usp0009kbh,2014-11-07T01:09:11.830Z,"194 km S of Sofifi, Indonesia",earthquake,,,,1,reviewed,us,us
1999-12-27T00:07:59.160Z,-3.08,148.229,33,4.7,mb,,,,1.05,us,usp0009kbg,2014-11-07T01:09:11.828Z,"157 km SE of Lorengau, Papua New Guinea",earthquake,,,,3,reviewed,us,us
1999-12-26T23:16:40.070Z,-6.949,129.184,33,4.3,mb,,,,1.31,us,usp0009kbf,2014-11-07T01:09:11.827Z,"297 km NE of Lospalos, Timor Leste",earthquake,,,,1,reviewed,us,us
1999-12-26T23:01:31.790Z,-4.503,153.075,33,4.3,mb,,,,1.03,us,usp0009kbe,2014-11-07T01:09:11.825Z,"91 km E of Kokopo, Papua New Guinea",earthquake,,,,4,reviewed,us,us
1999-12-26T22:29:59.280Z,-28.478,74.304,10,5.1,mwc,,,,0.87,us,usp0009kbd,2025-12-19T22:33:56.557Z,"Mid-Indian Ridge",earthquake,,,,,reviewed,us,hrv
1999-12-26T21:57:08.460Z,-41.088,85.427,10,5.4,mwc,,,,1.01,us,usp0009kbc,2025-12-19T22:33:55.947Z,"southeast Indian Ridge",earthquake,,,,,reviewed,us,hrv
1999-12-26T20:21:21.480Z,34.813,-116.355,3.251,3.84,ml,0,56.3,,0.185,ci,ci3321763,2016-04-02T19:51:34.216Z,"20km WNW of Ludlow, CA",earthquake,,0.326,,218,reviewed,ci,ci
1999-12-26T20:21:04.350Z,34.8075,-116.3265,4.063,2.77,ml,21,66,,0.22,ci,ci9130956,2016-02-17T02:17:04.935Z,"18km WNW of Ludlow, California",earthquake,0.39,0.3,0.332,123,reviewed,ci,ci
1999-12-26T20:12:32.480Z,34.809,-116.361,2.404,2.74,ml,0,88.7,0.02874,0.175,ci,ci9130952,2016-02-17T07:03:22.514Z,"21km WNW of Ludlow, California",earthquake,,0.666,,18,reviewed,ci,ci
1999-12-26T20:05:36.710Z,37.897,20.85,10,4.1,mb,,,,1.37,us,usp0009kb9,2014-11-07T01:09:11.809Z,"11 km NE of Katastárion, Greece",earthquake,,,,5,reviewed,us,us
1999-12-26T19:41:53.130Z,40.2725,-124.3983333,22.716,4.8,mw,26,222,0.07297,0.09,nc,nc21074105,2016-12-31T01:07:09.410Z,"34 km SW of Scotia, California",earthquake,1,0.56,,4,reviewed,nc,nc
1999-12-26T19:02:58.150Z,22.274,118.51,33,4.4,mb,,,,0.86,us,usp0009kb7,2014-11-07T01:09:11.798Z,"180 km SW of Magong, Taiwan",earthquake,,,,6,reviewed,us,us
1999-12-26T19:01:13.460Z,51.019,179.416,33,3.9,mb,,,,0.45,us,usp0009kb6,2014-11-07T01:09:11.796Z,"290 km WSW of Adak, Alaska",earthquake,,,,3,reviewed,us,us
1999-12-26T18:37:20.420Z,-14.084,-72.774,90.7,5.1,mwc,,,,0.71,us,usp0009kb5,2022-04-29T18:22:08.802Z,"11 km WSW of Curpahuasi, Peru",earthquake,,,,,reviewed,us,hrv
1999-12-26T18:30:55.120Z,14.411,-91.613,103,4.3,mb,,,,1.43,us,usp0009kb4,2014-11-07T01:09:11.788Z,"13 km SW of San Lorenzo, Guatemala",earthquake,,13.8,,2,reviewed,us,us
1999-12-26T17:27:55.000Z,39.06,-115.9,10,3.4,md,,,,,us,usp0009kb3,2014-11-07T01:09:11.786Z,"50 km S of Eureka, Nevada",earthquake,,,,,reviewed,ren,ren
1999-12-26T17:08:30.900Z,43,-0.3,2,2.5,ml,,,,,us,usp0009kb2,2014-11-07T01:09:11.784Z,"10 km E of Laruns, France",earthquake,,,,,reviewed,ldg,ldg
1999-12-26T16:40:11.180Z,38.771,-107.343,0,2.5,ml,10,,,0.89,rusms,rusms00001625,2022-06-09T21:14:13.605Z,"24 km ESE of Paonia, Colorado",explosion,,,,,reviewed,us,us
1999-12-26T16:14:47.790Z,-10.774,165.188,33,4.6,mb,,,,1.08,us,usp0009kb1,2014-11-07T01:09:11.781Z,"66 km W of Lata, Solomon Islands",earthquake,,,,9,reviewed,us,us
1999-12-26T16:09:30.050Z,33.821,-118.555,10.865,2.51,ml,0,71.3,,0.259,ci,ci9130911,2016-02-16T18:52:10.620Z,"15km WSW of Hermosa Beach, California",earthquake,,1.279,,143,reviewed,ci,ci
1999-12-26T15:32:12.070Z,19.436,-155.285,14.482,2.83,ml,35,73,,0.11,hv,hv1275529,2020-03-31T21:10:17.700Z,"5 km W of Volcano, Hawaii",earthquake,0.41,0.27,0.12,10,reviewed,hv,hv
1999-12-26T15:14:07.640Z,34.797,-116.371,0.074,3.39,ml,0,62.7,,0.18,ci,ci9130917,2016-04-02T16:53:26.768Z,"21km WNW of Ludlow, CA",earthquake,,0.316,,212,reviewed,ci,ci
1999-12-26T15:05:51.380Z,36.137,139.788,70.2,4.2,mb,,,,1.06,us,usp0009kaz,2014-11-07T01:09:11.776Z,"4 km NNW of Sakai, Japan",earthquake,,15.5,,1,reviewed,us,us
1999-12-26T13:42:20.460Z,6.484,125.101,10,4.3,mb,,,,1.16,us,usp0009kay,2014-11-07T01:09:11.774Z,"2 km ESE of Tampakan, Philippines",earthquake,,,,2,reviewed,us,us
1999-12-26T13:18:52.240Z,-0.51,122.077,33,4.6,mb,,,,1.08,us,usp0009kax,2014-11-07T01:09:11.771Z,"92 km WNW of Luwuk, Indonesia",earthquake,,,,6,reviewed,us,us
1999-12-26T13:11:34.830Z,-11.047,164.152,33,4.8,mb,,,,0.92,us,usp0009kaw,2014-11-07T01:09:11.768Z,"183 km W of Lata, Solomon Islands",earthquake,,,,12,reviewed,us,us
1999-12-26T12:29:18.500Z,-43.02,172.62,33,4.2,ml,,,,,us,usp0009kav,2014-11-07T01:09:11.767Z,"17 km NNW of Amberley, New Zealand",earthquake,,,,,reviewed,wel,wel
1999-12-26T11:08:25.950Z,-5.59,146.334,33,4.4,mb,,,,0.65,us,usp0009kat,2014-11-07T01:09:11.762Z,"73 km SE of Madang, Papua New Guinea",earthquake,,,,8,reviewed,us,us
1999-12-26T09:12:58.490Z,80.661,122.048,10,3.5,mb,,,,1.09,us,usp0009kar,2014-11-07T01:09:11.758Z,"east of Severnaya Zemlya",earthquake,,,,1,reviewed,us,us
1999-12-26T09:08:39.360Z,52.229,171.18,33,4.3,mb,,,,1.08,us,usp0009kaq,2014-11-07T01:09:11.756Z,"152 km WSW of Attu Station, Alaska",earthquake,,,,2,reviewed,us,us
1999-12-26T08:44:14.790Z,-21.531,-68.772,93.3,4.4,mb,,,,0.84,us,usp0009kap,2014-11-07T01:09:11.739Z,"103 km N of Calama, Chile",earthquake,,,,5,reviewed,us,us
1999-12-26T08:39:48.390Z,80.615,122.13,10,4.7,mb,,,,0.93,us,usp0009kan,2014-11-07T01:09:11.732Z,"east of Severnaya Zemlya",earthquake,,,,25,reviewed,us,us
1999-12-26T08:14:23.630Z,-10.297,161.419,57,4.1,mb,,,,0.99,us,usp0009kam,2014-11-07T01:09:11.710Z,"57 km WNW of Kirakira, Solomon Islands",earthquake,,,,2,reviewed,us,us
1999-12-26T08:06:01.360Z,65.677,-155.1,10,3.5,ml,,,,0.56,us,usp0009kak,2014-11-07T01:09:11.708Z,"56 km SW of Hughes, Alaska",earthquake,,,,,reviewed,us,pmr
1999-12-26T06:26:20.950Z,3.518,126.855,67.2,4.4,mb,,,,0.94,us,usp0009kaj,2014-11-07T01:09:11.694Z,"235 km NNW of Tobelo, Indonesia",earthquake,,10.8,,6,reviewed,us,us
1999-12-26T06:12:28.900Z,16.384,-99.166,24.3,3.7,mb,,,,,us,usp0009kah,2014-11-07T01:09:11.690Z,"31 km SW of Copala, Mexico",earthquake,,,,1,reviewed,unm,us
1999-12-26T06:12:09.790Z,-3.359,145.223,33,4.7,mb,,,,1.38,us,usp0009kag,2014-11-07T01:09:11.688Z,"150 km ENE of Angoram, Papua New Guinea",earthquake,,,,7,reviewed,us,us
1999-12-26T03:37:26.260Z,36.489,27.952,79.7,3.8,mb,,,,1.12,us,usp0009kaf,2014-11-07T01:09:11.684Z,"17 km WNW of Kremastí, Greece",earthquake,,6.9,,9,reviewed,us,us
1999-12-26T02:44:38.860Z,24.76,94.66,90.9,3.7,mb,,,,0.95,us,usp0009kae,2014-11-07T01:09:11.681Z,"62 km E of Yairipok, India",earthquake,,,,2,reviewed,us,us
1999-12-26T01:36:08.760Z,27.516,-111.3,10,4.7,mb,,,,1.04,us,usp0009kad,2014-11-07T01:09:11.674Z,"55 km SSW of San Carlos, Mexico",earthquake,,,,19,reviewed,us,us
1999-12-26T00:54:03.620Z,45.536,9.387,6.8,3.2,ml,,,,,us,usp0009kac,2014-11-07T01:09:11.666Z,"1 km E of Bussero, Italy",earthquake,,,,,reviewed,gen,gen
1999-12-26T00:17:32.490Z,-57.077,-26.163,106.9,4.5,mb,,,,0.89,us,usp0009kab,2014-11-07T01:09:11.664Z,"South Sandwich Islands region",earthquake,,22.3,,6,reviewed,us,us
1999-12-25T23:51:13.630Z,-3.73,137.238,10,5.1,mwc,,,,1.26,us,usp0009ka9,2025-12-19T22:33:55.234Z,"197 km ESE of Nabire, Indonesia",earthquake,,,,,reviewed,us,hrv
1999-12-25T23:36:02.820Z,46.773,12.514,10,3.1,ml,,,,0.47,us,usp0009ka8,2014-11-07T01:09:11.654Z,"2 km NNW of Abfaltersbach, Austria",earthquake,,,,,reviewed,us,fur
1999-12-25T23:20:04.030Z,34.684,-116.298,4.324,2.67,ml,0,40.7,,0.195,ci,ci9130840,2016-02-16T23:50:34.515Z,"13km WSW of Ludlow, California",earthquake,,0.708,,150,reviewed,ci,ci
1999-12-25T23:17:33.040Z,5.962,124.525,87.6,4.6,mb,,,,1.17,us,usp0009ka5,2014-11-07T01:09:11.649Z,"8 km SW of Nalus, Philippines",earthquake,,10,,2,reviewed,us,us
1999-12-25T22:51:47.500Z,43.644,147.07,54.6,4.9,mb,,,,0.66,us,usp0009ka4,2014-11-07T01:09:11.643Z,"32 km ESE of Shikotan, Russia",earthquake,,,,27,reviewed,us,us
1999-12-25T22:50:08.740Z,47.6333333,-120.2015,5.922,3,md,31,44,0.1788,0.33,uw,uw10489053,2017-04-02T05:36:15.214Z,"4 km S of Entiat, Washington",earthquake,0.128,0.28,0.03,7,reviewed,uw,uw
1999-12-25T22:41:37.470Z,17.709,120.189,46.6,5.4,mwc,,,,0.74,us,usp0009ka2,2022-04-29T18:22:07.169Z,"18 km W of Puro Pinget, Philippines",earthquake,,4.2,,,reviewed,us,hrv
1999-12-25T22:35:39.550Z,39.128,72.166,33,3.6,mb,,,,0.83,us,usp0009ka1,2014-11-07T01:09:11.611Z,"47 km S of Daroot-Korgon, Kyrgyzstan",earthquake,,,,2,reviewed,us,us
1999-12-25T21:17:58.950Z,-6.902,129.426,155.5,3.9,mb,,,,0.97,us,usp0009ka0,2014-11-07T01:09:11.610Z,"Banda Sea",earthquake,,29.7,,1,reviewed,us,us
1999-12-25T21:10:07.670Z,34.823,-116.332,4.899,2.69,ml,0,124.5,,0.236,ci,ci9130814,2016-02-16T21:21:35.097Z,"19km NW of Ludlow, California",earthquake,,0.498,,148,reviewed,ci,ci
1999-12-25T20:50:38.930Z,9.115,93.078,33,4.1,mb,,,,1.35,us,usp0009k9z,2014-11-07T01:09:11.607Z,"284 km S of Port Blair, India",earthquake,,,,2,reviewed,us,us
1999-12-25T20:14:13.000Z,10.858,-62.403,68,3.3,md,,,,,us,usp0009k9y,2014-11-07T01:09:11.606Z,"33 km NNW of Güiria, Venezuela",earthquake,,,,,reviewed,trn,trn
1999-12-25T19:55:57.200Z,15.879,-99.361,16,4.4,mb,,,,,us,usp0009k9x,2014-11-07T01:09:11.601Z,"90 km SSW of Copala, Mexico",earthquake,,,,2,reviewed,unm,us
1999-12-25T19:47:04.690Z,-52.189,139.996,10,4.5,mb,,,,1.17,us,usp0009k9w,2014-11-07T01:09:11.595Z,"west of Macquarie Island",earthquake,,,,5,reviewed,us,us
1999-12-25T19:11:49.020Z,-7.061,105.353,33,4,mb,,,,1.04,us,usp0009k9v,2014-11-07T01:09:11.558Z,"92 km SW of Labuan, Indonesia",earthquake,,,,1,reviewed,us,us
1999-12-25T18:38:50.590Z,-27.992,-176.792,33,5.8,mwc,,,,0.88,us,usp0009k9u,2022-04-29T18:22:01.563Z,"Kermadec Islands region",earthquake,,,,,reviewed,us,hrv
1999-12-25T18:33:54.240Z,43.621,138.058,242.6,3.8,mb,,,,0.89,us,usp0009k9t,2014-11-07T01:09:11.339Z,"188 km ESE of Kamenka, Russia",earthquake,,14.3,,5,reviewed,us,us
1999-12-25T18:26:53.840Z,34.4538333,-116.2611667,-0.902,2.9,ml,42,40,,0.28,ci,ci9130803,2016-04-01T19:57:16.208Z,"31km SSW of Ludlow, CA",earthquake,0.28,0.63,,168,reviewed,ci,ci
1999-12-25T18:25:12.680Z,53.585,153.965,470.3,4.2,mb,,,,0.97,us,usp0009k9r,2014-11-07T01:09:11.329Z,"289 km NW of Ozernovskiy, Russia",earthquake,,11.2,,3,reviewed,us,us
1999-12-25T18:19:30.410Z,-6.13,-75.271,26.6,5.5,mwc,,,,0.89,us,usp0009k9q,2022-04-29T18:21:55.977Z,"57 km ENE of Navarro, Peru",earthquake,,,,,reviewed,us,hrv
1999-12-25T15:59:34.950Z,-40.907,78.252,10,4.4,mb,,,,1.15,us,usp0009k9n,2014-11-07T01:09:11.283Z,"Mid-Indian Ridge",earthquake,,,,4,reviewed,us,us
1999-12-25T14:37:46.120Z,-7.078,129.607,113.7,4.4,mb,,,,1.34,us,usp0009k9m,2014-11-07T01:09:11.280Z,"Kepulauan Babar, Indonesia",earthquake,,12.9,,7,reviewed,us,us
1999-12-25T13:28:10.080Z,38.673,66.381,33,5,mwc,,,,0.94,us,usp0009k9k,2016-11-10T00:17:35.625Z,"12 km ENE of G‘uzor, Uzbekistan",earthquake,,,,,reviewed,us,hrv
1999-12-25T13:01:53.220Z,-5.489,131.152,33,4.5,mb,,,,0.95,us,usp0009k9h,2014-11-07T01:09:11.269Z,"177 km W of Tual, Indonesia",earthquake,,,,9,reviewed,us,us
1999-12-25T12:48:20.280Z,38.4,21.953,33,3.9,mb,,,,0.86,us,usp0009k9g,2014-11-07T01:09:11.264Z,"11 km E of Náfpaktos, Greece",earthquake,,,,3,reviewed,us,us
1999-12-25T12:47:17.670Z,-6.854,155.272,33,4.2,mb,,,,0.7,us,usp0009k9f,2014-11-07T01:09:11.262Z,"63 km SSW of Panguna, Papua New Guinea",earthquake,,,,1,reviewed,us,us
1999-12-25T12:44:52.790Z,-37.87,-73.567,43.9,4.7,mb,,,,0.76,us,usp0009k9e,2014-11-07T01:09:11.259Z,"16 km WSW of Cañete, Chile",earthquake,,14.7,,17,reviewed,us,us
1999-12-25T12:36:04.519Z,59.8916,-152.8196,90,3.3,ml,,,,0.61,ak,ak999ghxaio3,2020-02-20T19:59:41.710Z,"56 km WNW of Anchor Point, Alaska",earthquake,,-1,,,reviewed,ak,ak
1999-12-25T12:12:34.040Z,34.458,-116.474,1.59,2.86,ml,0,27.8,,0.18,ci,ci9130785,2016-02-17T02:16:53.613Z,"38km N of Yucca Valley, California",earthquake,,0.278,,170,reviewed,ci,ci
1999-12-25T11:55:35.590Z,44.179,7.043,9.9,2.6,ml,,,,,us,usp0009k9b,2014-11-07T01:09:11.252Z,"12 km SE of Saint-Étienne-de-Tinée, France",earthquake,,,,,reviewed,gen,gen
1999-12-25T10:44:08.900Z,45.5,5.4,7,2.5,ml,,,,,us,usp0009k99,2014-11-07T01:09:11.248Z,"1 km NE of Biol, France",earthquake,,,,,reviewed,ldg,ldg
1999-12-25T10:21:13.240Z,-11.324,114.37,33,4.4,mb,,,,0.6,us,usp0009k98,2014-11-07T01:09:11.245Z,"293 km SSW of Jimbaran, Indonesia",earthquake,,,,3,reviewed,us,us
1999-12-25T10:10:46.280Z,44.7553333,-110.954,10.89,2.7,ml,23,109,0.03738,0.2,uu,uu50192940,2018-08-28T17:31:39.580Z,"15 km NE of West Yellowstone, Montana",earthquake,0.46,0.66,,4,reviewed,uu,uu
1999-12-25T09:20:41.870Z,-56.282,146.486,10,3.7,mb,,,,0.9,us,usp0009k95,2014-11-07T01:09:11.240Z,"west of Macquarie Island",earthquake,,,,1,reviewed,us,us
1999-12-25T08:36:20.810Z,7.121,94.531,33,4.1,mb,,,,0.8,us,usp0009k94,2014-11-07T01:09:11.239Z,"161 km NNW of Sabang, Indonesia",earthquake,,,,1,reviewed,us,us
1999-12-25T07:52:27.710Z,-12.916,-14.503,10,5,mwc,,,,1.04,us,usp0009k93,2025-12-19T22:41:07.641Z,"southern Mid-Atlantic Ridge",earthquake,,,,,reviewed,us,hrv
1999-12-25T07:22:09.700Z,44.2,6.4,2,2.5,ml,,,,,us,usp0009k92,2014-11-07T01:09:11.230Z,"8 km ENE of Le Brusquet, France",earthquake,,,,,reviewed,ldg,ldg
1999-12-25T07:14:01.000Z,48.65,-125.9,28.8,3.2,ml,,,,,us,usp0009k91,2014-11-07T01:09:11.228Z,"41 km SW of Ucluelet, Canada",earthquake,,,,,reviewed,pgc,pgc
1999-12-25T07:01:44.000Z,48.62,-125.92,28.1,3.3,ml,,,,,us,usp0009k90,2014-11-07T01:09:11.226Z,"45 km SW of Ucluelet, Canada",earthquake,,,,,reviewed,pgc,pgc
1999-12-25T06:49:55.000Z,48.65,-125.87,30.4,4,mb,,,,,us,usp0009k8z,2014-11-07T01:09:11.219Z,"40 km SW of Ucluelet, Canada",earthquake,,,,9,reviewed,pgc,us
1999-12-25T05:13:40.580Z,-12.428,165.888,33,4.2,mb,,,,1.24,us,usp0009k8x,2014-11-07T01:09:11.215Z,"188 km S of Lata, Solomon Islands",earthquake,,,,1,reviewed,us,us
1999-12-25T04:48:57.212Z,63.0841,-150.8812,129,2.5,ml,,,,1,ak,ak999ghslqhl,2020-02-20T19:59:42.440Z,"65 km N of Petersville, Alaska",earthquake,,-1,,,reviewed,ak,ak
1999-12-25T03:53:05.670Z,40.982,48.056,33,3.8,mb,,,,0.83,us,usp0009k8w,2014-11-07T01:09:11.214Z,"17 km E of Qutqashen, Azerbaijan",earthquake,,,,1,reviewed,us,us
1999-12-25T03:07:49.370Z,33.304,47.15,33,4.7,mb,,,,0.71,us,usp0009k8v,2014-11-07T01:09:11.210Z,"27 km NW of Darreh Shahr, Iran",earthquake,,,,20,reviewed,us,us
1999-12-25T02:14:49.480Z,-5.114,153.715,33,4.4,mb,,,,0.56,us,usp0009k8u,2014-11-07T01:09:11.209Z,"181 km ESE of Kokopo, Papua New Guinea",earthquake,,,,6,reviewed,us,us
1999-12-25T01:41:24.020Z,47.134,153.939,33,4.3,mb,,,,1.04,us,usp0009k8s,2014-11-07T01:09:11.206Z,"Kuril Islands",earthquake,,,,2,reviewed,us,us
1999-12-25T01:35:31.400Z,-55.923,146.932,10,4.1,mb,,,,0.86,us,usp0009k8r,2014-11-07T01:09:11.204Z,"west of Macquarie Island",earthquake,,,,4,reviewed,us,us
1999-12-25T01:28:03.080Z,71.849,-1.512,10,4.4,mb,,,,1.12,us,usp0009k8q,2014-11-07T01:09:11.200Z,"276 km ENE of Olonkinbyen, Svalbard and Jan Mayen",earthquake,,,,20,reviewed,us,us
1999-12-25T01:02:11.440Z,-32.271,-178.213,33,4.9,mb,,,,1.24,us,usp0009k8p,2014-11-07T01:09:11.198Z,"south of the Kermadec Islands",earthquake,,,,4,reviewed,us,us
1999-12-25T00:45:24.350Z,30.314,87.689,33,4.1,mb,,,,0.46,us,usp0009k8n,2014-11-07T01:09:11.197Z,"165 km NW of Rikaze, China",earthquake,,,,2,reviewed,us,us
1999-12-25T00:39:15.510Z,34.241,-116.746,8.562,2.56,ml,0,26.4,,0.173,ci,ci9130731,2016-02-16T02:13:03.126Z,"9km ESE of Big Bear City, California",earthquake,,0.542,,154,reviewed,ci,ci
1999-12-25T00:21:41.000Z,44.94,-69.37,5,3,mblg,,,,,us,usp0009k8m,2014-11-07T01:09:11.195Z,"4 km NE of Saint Albans, Maine",earthquake,,,,,reviewed,wes,ott
1999-12-25T00:07:52.800Z,16.904,-100.857,9.2,4,md,,,,,us,usp0009k8k,2014-11-07T01:09:11.192Z,"35 km SSW of Nuxco, Mexico",earthquake,,,,,reviewed,unm,unm
1999-12-24T23:58:11.110Z,16.538,119.062,33,4.3,mb,,,,0.97,us,usp0009k8j,2014-11-07T01:09:11.190Z,"84 km WNW of Catuday, Philippines",earthquake,,,,3,reviewed,us,us
1999-12-24T23:09:47.980Z,16.545,119.433,33,3.9,mb,,,,1.46,us,usp0009k8f,2014-11-07T01:09:11.185Z,"48 km NW of Catuday, Philippines",earthquake,,,,1,reviewed,us,us
1999-12-24T22:53:55.820Z,16.568,119.016,33,5.1,mb,,,,1.05,us,usp0009k8e,2014-11-07T01:09:11.179Z,"89 km WNW of Catuday, Philippines",earthquake,,,,26,reviewed,us,us
1999-12-24T22:35:38.660Z,-56.369,147.056,10,6.1,mwc,,,,1.15,us,usp0009k8d,2022-04-29T18:21:54.477Z,"west of Macquarie Island",earthquake,,,,,reviewed,us,hrv
1999-12-24T20:54:27.160Z,41.892,20.674,5.2,3,ml,,,,,us,usp0009k8a,2014-11-07T01:09:11.153Z,"15 km S of Dragash, Kosovo",earthquake,,,,,reviewed,pdg,sko
1999-12-24T20:17:27.180Z,-56.347,146.826,10,4.6,mb,,,,0.91,us,usp0009k89,2014-11-07T01:09:11.149Z,"west of Macquarie Island",earthquake,,,,5,reviewed,us,us
1999-12-24T20:11:19.510Z,44.515,9.905,9.6,2.6,ml,,,,,us,usp0009k88,2014-11-07T01:09:11.145Z,"6 km W of Berceto, Italy",earthquake,,,,,reviewed,gen,ldg
1999-12-24T19:26:04.940Z,-56.211,146.723,10,6.3,mwc,,,,1.1,us,usp0009k87,2022-04-29T18:21:52.832Z,"west of Macquarie Island",earthquake,,,,,reviewed,us,hrv
1999-12-24T19:23:35.120Z,1.431,-101.025,10,4.6,mb,,,,0.91,us,usp0009k86,2014-11-07T01:09:11.115Z,"Galapagos Triple Junction region",earthquake,,,,12,reviewed,us,us
1999-12-24T18:14:16.070Z,23.712,121.841,33,4.4,mb,,,,1.51,us,usp0009k84,2014-11-07T01:09:11.109Z,"37 km SE of Hualien City, Taiwan",earthquake,,,,3,reviewed,us,us
1999-12-24T18:12:14.850Z,23.673,121.775,33,4.3,mb,,,,1.43,us,usp0009k83,2014-11-07T01:09:11.107Z,"37 km SSE of Hualien City, Taiwan",earthquake,,,,1,reviewed,us,us
1999-12-24T15:45:53.460Z,-28.075,-71.31,51.7,4.4,mb,,,,1.21,us,usp0009k82,2014-11-07T01:09:11.104Z,"77 km NW of Vallenar, Chile",earthquake,,17.3,,15,reviewed,us,us
1999-12-24T15:38:03.840Z,24.926,143.509,33,3.5,mb,,,,1.49,us,usp0009k81,2014-11-07T01:09:11.103Z,"Volcano Islands, Japan region",earthquake,,,,1,reviewed,us,us
1999-12-24T15:05:45.340Z,29.266,51.893,33,4,mb,,,,1.18,us,usp0009k80,2014-11-07T01:09:11.101Z,"45 km SSE of K?zer?n, Iran",earthquake,,,,3,reviewed,us,us
1999-12-24T13:26:53.510Z,34.703,-116.352,4.249,2.54,ml,0,74.8,,0.173,ci,ci9130634,2016-02-17T09:26:10.723Z,"18km W of Ludlow, California",earthquake,,1.346,,131,reviewed,ci,ci
1999-12-24T11:47:17.870Z,48.179,152.798,156.8,4.4,mb,,,,0.8,us,usp0009k7y,2014-11-07T01:09:11.095Z,"Kuril Islands",earthquake,,14.4,,21,reviewed,us,us
1999-12-24T11:27:36.530Z,51.242,15.78,5,3,ml,,,,1.17,us,usp0009k7x,2014-11-07T01:09:11.093Z,"4 km NNW of Olszanica, Poland",earthquake,,,,,reviewed,us,vie
1999-12-24T10:45:46.340Z,-29.917,-177.95,33,4.7,mb,,,,0.89,us,usp0009k7w,2014-11-07T01:09:11.090Z,"Kermadec Islands, New Zealand",earthquake,,,,9,reviewed,us,us
1999-12-24T10:16:38.710Z,-31.984,-179.728,185.7,4.8,mb,,,,0.83,us,usp0009k7v,2014-11-07T01:09:11.081Z,"Kermadec Islands region",earthquake,,,,34,reviewed,us,us
1999-12-24T09:52:28.050Z,17.354,-113.56,10,4,mb,,,,1.16,us,usp0009k7u,2014-11-07T01:09:11.078Z,"Revilla Gigedo Islands region",earthquake,,,,14,reviewed,us,us
1999-12-24T07:52:09.550Z,8.114,-103.231,33,4.3,mb,,,,1.34,us,usp0009k7s,2014-11-07T01:09:11.074Z,"northern East Pacific Rise",earthquake,,,,6,reviewed,us,us
1999-12-24T07:31:27.130Z,-25.606,-70.288,75.8,4.6,mb,,,,1.16,us,usp0009k7r,2014-11-07T01:09:11.071Z,"29 km SE of Taltal, Chile",earthquake,,12.9,,1,reviewed,us,us
1999-12-24T07:00:33.000Z,-11.085,164.258,33,4.5,mb,,,,0.9,us,usp0009k7q,2014-11-07T01:09:11.069Z,"172 km WSW of Lata, Solomon Islands",earthquake,,,,12,reviewed,us,us
1999-12-24T06:41:23.640Z,57.9441,-154.018,48.2,2.8,ml,,,,0.61,ak,ak999gg67olo,2020-02-20T20:00:15.173Z,"45 km N of Larsen Bay, Alaska",earthquake,,4.8,,,reviewed,ak,ak
1999-12-24T06:32:50.430Z,37.1978333,-119.7545,20.669,3.12,md,18,96,0.1387,0.16,nc,nc21073586,2016-12-31T01:00:26.630Z,"Central California",earthquake,0.35,0.38,0.14,90,reviewed,nc,nc
1999-12-24T05:57:28.670Z,46.29,7.4,5,2.7,ml,,,,,us,usp0009k7n,2014-11-07T01:09:11.062Z,"1 km NW of Ayent, Switzerland",earthquake,,,,,reviewed,str,vie
1999-12-24T05:52:31.330Z,-16.434,-73.109,90.1,4.1,mb,,,,0.84,us,usp0009k7m,2014-11-07T01:09:11.061Z,"44 km WNW of El Cardo, Peru",earthquake,,16.4,,4,reviewed,us,us
1999-12-24T05:31:21.370Z,36.5348333,-121.1178333,2.946,2.62,md,53,44,0.04234,0.04,nc,nc21073569,2016-12-31T01:00:09.130Z,"22 km ENE of Soledad, California",earthquake,0.1,0.3,0.11,61,reviewed,nc,nc
1999-12-24T05:13:46.090Z,41.844,20.597,4.1,3.1,ml,,,,,us,usp0009k7k,2014-11-07T01:09:11.058Z,"20 km SSW of Dragash, Kosovo",earthquake,,,,,reviewed,pdg,sko
1999-12-24T02:21:51.770Z,-14.474,-74.274,104,4.4,mb,,,,0.86,us,usp0009k7g,2014-11-07T01:09:11.051Z,"22 km NNW of San Juan, Peru",earthquake,,,,11,reviewed,us,us
1999-12-24T02:01:48.000Z,45.06,-116.48,3.3,3.5,md,,,,,us,usp0009k7f,2016-07-23T19:14:03.020Z,"18 km WNW of New Meadows, Idaho",earthquake,,,,,reviewed,bse,but
1999-12-24T00:43:56.860Z,34.654,-116.292,2.894,3.24,ml,0,39.7,,0.197,ci,ci9130550,2016-04-02T00:50:26.270Z,"14km WSW of Ludlow, CA",earthquake,,0.542,,16,reviewed,ci,ci
1999-12-24T00:16:22.160Z,34.529,-116.241,4.387,2.98,ml,0,61.4,,0.173,ci,ci9130526,2016-02-16T18:51:52.149Z,"23km SSW of Ludlow, California",earthquake,,0.696,,3,reviewed,ci,ci
1999-12-23T23:09:51.730Z,38.093,20.833,33,4.3,mb,,,,1.36,us,usp0009k7b,2014-11-07T01:09:11.031Z,"8 km SE of Póros, Greece",earthquake,,,,15,reviewed,us,us
1999-12-23T22:52:29.220Z,43.059,-126.489,10,2.9,mb,,,,0.62,us,usp0009k7a,2016-07-23T19:14:01.990Z,"166 km WNW of Port Orford, Oregon",earthquake,,,,1,reviewed,us,us
1999-12-23T22:24:20.880Z,55.821,110.229,10,3.7,mb,,,,0.83,us,usp0009k79,2014-11-07T01:09:11.026Z,"15 km SSE of Kichera, Russia",earthquake,,,,3,reviewed,us,us
1999-12-23T22:19:10.500Z,34.585,-116.285,-0.161,2.6,mc,0,58.4,,0.205,ci,ci9130496,2016-02-16T13:56:58.300Z,"19km SW of Ludlow, California",earthquake,,0.38,,52,reviewed,ci,ci
1999-12-23T21:46:28.510Z,-0.676,122.467,43.8,4.6,mb,,,,1.4,us,usp0009k77,2014-11-07T01:09:11.021Z,"46 km NW of Luwuk, Indonesia",earthquake,,13.5,,9,reviewed,us,us
1999-12-23T21:15:48.670Z,32.659,-109.066,0,3.2,ml,12,,,0.69,rusms,rusms00001622,2022-06-09T21:14:13.598Z,"2 km SSE of Franklin, Arizona",explosion,,,,,reviewed,us,us
1999-12-23T20:25:32.400Z,48.4,-1.1,2,2.5,ml,,,,,us,usp0009k76,2014-11-07T01:09:11.020Z,"4 km ESE of Landéan, France",earthquake,,,,,reviewed,ldg,ldg
1999-12-23T20:25:11.560Z,40.545,-107.441,0,2.9,ml,17,,,0.78,rusms,rusms00001621,2022-06-09T21:14:13.594Z,"9 km ENE of Craig, Colorado",explosion,,,,,reviewed,us,us
1999-12-23T19:54:48.400Z,-16.087,168.078,33,5,mb,,,,1.09,us,usp0009k75,2014-11-07T01:09:11.014Z,"70 km E of Lakatoro, Vanuatu",earthquake,,,,21,reviewed,us,us
1999-12-23T19:34:13.840Z,3.145,126.155,43.7,4.2,mb,,,,0.56,us,usp0009k74,2014-11-07T01:09:11.013Z,"225 km NE of Laikit, Laikit II (Dimembe), Indonesia",earthquake,,23.5,,1,reviewed,us,us
1999-12-23T19:20:34.120Z,32.513,-108.935,0,2.5,ml,10,,,0.59,rusms,rusms00001620,2022-06-09T21:14:13.590Z,"20 km SSE of Virden, New Mexico",explosion,,,,,reviewed,us,us
1999-12-23T19:12:47.800Z,51.591,16.138,5,3.6,ml,,,,0.64,us,usp0009k73,2014-11-07T01:09:11.010Z,"2 km WSW of Gr?bocice, Poland",earthquake,,,,,reviewed,us,grf
1999-12-23T18:35:01.370Z,36.443,-110.378,0,2.5,ml,13,,,0.77,rusms,rusms00001619,2022-06-09T21:14:13.586Z,"28 km WSW of Chilchinbito, Arizona",explosion,,,,,reviewed,us,us
1999-12-23T17:23:28.080Z,-10.952,165.338,75.9,5.1,mwc,,,,0.86,us,usp0009k72,2022-04-29T18:21:51.169Z,"56 km WSW of Lata, Solomon Islands",earthquake,,22.3,,,reviewed,us,hrv
1999-12-23T17:08:53.850Z,36.758,71.466,120.4,4.5,mb,,,,0.86,us,usp0009k71,2014-11-07T01:09:10.998Z,"10 km NW of Ashk?sham, Afghanistan",earthquake,,12.3,,20,reviewed,us,us
1999-12-23T15:46:09.070Z,-15.676,168.178,33,4.1,mb,,,,0.48,us,usp0009k70,2014-11-07T01:09:10.997Z,"94 km ENE of Norsup, Vanuatu",earthquake,,,,2,reviewed,us,us
1999-12-23T15:38:38.430Z,40.5345,-122.5086667,7.875,2.82,md,4,169,0.1243,0.21,nc,nc51093224,2016-12-31T00:58:55.668Z,"7 km S of Shasta, California",earthquake,1.6,2,1.71,3,reviewed,nc,nc
1999-12-23T15:01:28.190Z,16.643,119.321,76.4,3.8,mb,,,,0.73,us,usp0009k6z,2014-11-07T01:09:10.995Z,"64 km NW of Catuday, Philippines",earthquake,,19.9,,2,reviewed,us,us
1999-12-23T14:30:54.380Z,34.592,-116.265,6.53,4.03,ml,0,41.4,,0.161,ci,ci9130422,2016-04-02T16:51:16.481Z,"17km SW of Ludlow, CA",earthquake,,2.538,,209,reviewed,ci,ci
1999-12-23T14:05:29.485Z,62.3378,-148.8637,15.2,2.8,ml,,,,0.77,ak,ak999gen83mc,2020-02-20T20:00:18.296Z,"54 km ENE of Susitna North, Alaska",earthquake,,2.1,,,reviewed,ak,ak
1999-12-23T13:54:06.310Z,41.886,20.585,0.3,3.1,ml,,,,,us,usp0009k6w,2014-11-07T01:09:10.988Z,"Albania-Macedonia border region",earthquake,,,,,reviewed,pdg,sko
1999-12-23T13:47:58.310Z,16.532,119.082,33,4.6,mb,,,,0.94,us,usp0009k6v,2014-11-07T01:09:10.985Z,"81 km WNW of Catuday, Philippines",earthquake,,,,8,reviewed,us,us
1999-12-23T13:26:15.500Z,41.979,20.221,10,3.4,mb,,,,,us,usp0009k6u,2014-11-07T01:09:10.981Z,"19 km ESE of Fushë-Arrëz, Albania",earthquake,,,,1,reviewed,pdg,us
1999-12-23T11:23:33.290Z,-27.681,-176.628,33,4.8,mb,,,,1.18,us,usp0009k6t,2014-11-07T01:09:10.976Z,"Kermadec Islands region",earthquake,,,,18,reviewed,us,us
1999-12-23T10:58:10.220Z,19.107,-66.053,32,3.3,md,,,,,us,usp0009k6r,2014-11-07T01:09:10.974Z,"71 km N of San Juan, Puerto Rico",earthquake,,,,,reviewed,mpr,mpr
1999-12-23T10:35:58.370Z,-1.977,137.939,33,5.2,mwc,,,,0.98,us,usp0009k6q,2022-04-29T18:21:49.699Z,"224 km ESE of Biak, Indonesia",earthquake,,,,,reviewed,us,hrv
1999-12-23T10:28:59.210Z,-5.015,133.978,33,4.3,mb,,,,1.08,us,usp0009k6p,2014-11-07T01:09:10.962Z,"152 km ENE of Tual, Indonesia",earthquake,,,,1,reviewed,us,us
1999-12-23T10:21:30.200Z,51.62,176.907,33,3.8,mb,,,,1.46,us,usp0009k6n,2014-11-07T01:09:10.960Z,"288 km ESE of Attu Station, Alaska",earthquake,,,,1,reviewed,us,us
1999-12-23T09:56:29.920Z,34.783,-116.294,3.694,2.57,ml,0,66.9,,0.177,ci,ci9130398,2016-02-16T16:24:44.150Z,"14km WNW of Ludlow, California",earthquake,,0.128,,121,reviewed,ci,ci
1999-12-23T09:55:52.980Z,41.918,20.722,10,3.4,ml,,,,,us,usp0009k6m,2014-11-07T01:09:10.957Z,"13 km SSE of Dragash, Kosovo",earthquake,,,,,reviewed,pdg,sko
1999-12-23T09:37:24.540Z,47.737,-27.583,10,4.4,mb,,,,1.01,us,usp0009k6k,2014-11-07T01:09:10.953Z,"northern Mid-Atlantic Ridge",earthquake,,,,25,reviewed,us,us
1999-12-23T09:11:56.030Z,9.081,126.465,62.1,3.8,mb,,,,0.94,us,usp0009k6j,2014-11-07T01:09:10.952Z,"24 km ENE of La Paz, Philippines",earthquake,,16.6,,1,reviewed,us,us
1999-12-23T09:00:40.140Z,37.4948333,-118.4053333,7.938,2.82,md,35,116,0.06126,0.06,nc,nc21073349,2016-12-31T00:57:36.060Z,"12 km N of Dixon Lane-Meadow Creek, California",earthquake,0.25,0.67,0.14,49,reviewed,nc,nc
1999-12-23T08:44:42.210Z,46.707,152.741,51,4.8,mb,,,,0.83,us,usp0009k6g,2014-11-07T01:09:10.944Z,"Kuril Islands",earthquake,,,,26,reviewed,us,us
1999-12-23T08:40:17.412Z,61.1061,-151.247,52.1,2.6,ml,,,,0.67,ak,ak999gejuz4d,2020-02-20T20:00:20.738Z,"7 km NW of Tyonek, Alaska",earthquake,,1.1,,,reviewed,ak,ak
1999-12-23T08:22:25.980Z,36.5525,-89.6726667,3.72,2.6,md,30,277,0.211,0.07,nm,nm60014535,2016-04-13T19:13:58.710Z,"6 km NW of Marston, Missouri",earthquake,1.1,1.3,0.171,20,reviewed,nm,nm
1999-12-23T07:32:21.100Z,41.019,20.259,0,3.4,ml,,,,,us,usp0009k6f,2014-11-07T01:09:10.942Z,"17 km NNE of Gramsh, Albania",earthquake,,,,,reviewed,pdg,pdg
1999-12-23T06:46:50.520Z,34.907,24.11,33,3.9,mb,,,,1.02,us,usp0009k6e,2014-11-07T01:09:10.941Z,"8 km NNE of Kastrí, Greece",earthquake,,,,1,reviewed,us,us
1999-12-23T06:35:15.250Z,41.891,20.593,10,2.5,ml,,,,,us,usp0009k6d,2014-11-07T01:09:10.938Z,"15 km SSW of Dragash, Kosovo",earthquake,,,,,reviewed,pdg,sko
1999-12-23T06:14:27.060Z,-36.849,-73.134,33,4.4,mb,,,,1.3,us,usp0009k6c,2014-11-07T01:09:10.935Z,"7 km WSW of Concepción, Chile",earthquake,,,,5,reviewed,us,us
1999-12-23T06:01:17.820Z,-22.462,171.639,107.9,5.3,mwc,,,,1.05,us,usp0009k6b,2025-12-19T22:33:54.623Z,"southeast of the Loyalty Islands",earthquake,,,,,reviewed,us,hrv
1999-12-23T05:06:05.750Z,-18.895,169.12,225.2,4.5,mb,,,,1.03,us,usp0009k6a,2014-11-07T01:09:10.919Z,"Vanuatu",earthquake,,8.4,,20,reviewed,us,us
1999-12-23T04:33:42.300Z,-40.92,175.45,25,3.1,ml,,,,,us,usp0009k69,2014-11-07T01:09:10.917Z,"18 km WNW of Masterton, New Zealand",earthquake,,,,,reviewed,wel,wel
1999-12-23T03:07:31.480Z,29.493,51.82,54.6,4.7,mb,,,,0.78,us,usp0009k68,2014-11-07T01:09:10.904Z,"21 km SE of K?zer?n, Iran",earthquake,,10.7,,32,reviewed,us,us
1999-12-23T02:42:25.017Z,64.8658,-149.0541,27.1,3.7,ml,,,,0.98,ak,ak999gegatid,2020-02-20T20:00:21.138Z,"29 km N of Four Mile Road, Alaska",earthquake,,1.3,,,reviewed,ak,ak
1999-12-23T02:41:28.670Z,51.428,16.001,5,3.3,ml,,,,1.1,us,usp0009k66,2014-11-07T01:09:10.901Z,"6 km E of Chocianów, Poland",earthquake,,,,,reviewed,us,vie
1999-12-23T02:06:14.530Z,41.883,20.559,9.1,3.3,ml,,,,,us,usp0009k65,2014-11-07T01:09:10.899Z,"Albania-Macedonia border region",earthquake,,,,,reviewed,pdg,pdg
1999-12-23T01:38:07.300Z,16.571,119.445,69.5,4.4,mb,,,,1.06,us,usp0009k64,2014-11-07T01:09:10.896Z,"49 km NW of Catuday, Philippines",earthquake,,13.2,,4,reviewed,us,us
1999-12-22T23:56:45.260Z,44.365,-121.0445,-1.557,2.8,md,11,120,0.09681,0.41,uw,uw10488178,2016-07-23T19:13:59.050Z,"10 km E of Terrebonne, Oregon",explosion,0.312,1.78,0.04,2,reviewed,uw,uw
1999-12-22T23:53:06.240Z,-4.755,129.722,144,3.9,mb,,,,0.86,us,usp0009k62,2014-11-07T01:09:10.893Z,"Banda Sea",earthquake,,15.8,,3,reviewed,us,us
1999-12-22T22:26:06.170Z,32.873,-109.219,0,3,ml,13,,,0.97,rusms,rusms00001617,2022-06-09T21:14:13.579Z,"Arizona",explosion,,,,,reviewed,us,us
1999-12-22T22:12:22.200Z,20.1461667,-155.635,10.895,2.52,ml,31,213,,0.1,hv,hv1275290,2020-03-31T21:09:12.740Z,"7 km WNW of Kukuihaele, Hawaii",earthquake,3.72,4.54,0.16,8,reviewed,hv,hv
1999-12-22T22:08:27.210Z,27.873,54.161,33,3.7,mb,,,,1.44,us,usp0009k5z,2014-11-07T01:09:10.886Z,"22 km N of Ger?sh, Iran",earthquake,,,,2,reviewed,us,us
1999-12-22T22:08:07.260Z,-0.625,-91.882,10,5.7,mwc,,,,1.05,us,usp0009k5y,2022-04-29T18:21:48.361Z,"Galapagos Islands, Ecuador",earthquake,,,,,reviewed,us,hrv
1999-12-22T21:52:19.450Z,27.93,54.142,33,4.4,mb,,,,1.12,us,usp0009k5x,2014-11-07T01:09:10.874Z,"28 km N of Ger?sh, Iran",earthquake,,,,4,reviewed,us,us
1999-12-22T21:45:25.100Z,16.624,-96.492,62.1,3.8,md,,,,,us,usp0009k5w,2014-11-07T01:09:10.873Z,"5 km ESE of San Pedro Taviche, Mexico",earthquake,,,,,reviewed,unm,unm
1999-12-22T21:42:20.540Z,16.531,119.141,33,5.1,mb,,,,0.94,us,usp0009k5v,2014-11-07T01:09:10.868Z,"75 km WNW of Catuday, Philippines",earthquake,,,,23,reviewed,us,us
1999-12-22T21:32:33.340Z,16.581,119.818,98.1,3.7,mb,,,,0.92,us,usp0009k5u,2014-11-07T01:09:10.867Z,"21 km NNW of Binabalian, Philippines",earthquake,,12.4,,1,reviewed,us,us
1999-12-22T21:27:43.930Z,27.948,54.073,33,3.6,mb,,,,1.17,us,usp0009k5t,2014-11-07T01:09:10.865Z,"31 km NNW of Ger?sh, Iran",earthquake,,,,3,reviewed,us,us
1999-12-22T20:55:31.820Z,27.966,54.149,33,3.9,mb,,,,1.01,us,usp0009k5s,2014-11-07T01:09:10.864Z,"32 km N of Ger?sh, Iran",earthquake,,,,1,reviewed,us,us
1999-12-22T20:50:50.760Z,36.855,21.383,33,4,mb,,,,0.99,us,usp0009k5r,2014-11-07T01:09:10.861Z,"28 km WSW of Pýlos, Greece",earthquake,,,,2,reviewed,us,us
1999-12-22T19:04:28.340Z,42.055,20.588,9.1,2.5,md,,,,,us,usp0009k5q,2014-11-07T01:09:10.859Z,"6 km WNW of Dragash, Kosovo",earthquake,,,,,reviewed,pdg,pdg
1999-12-22T18:58:47.570Z,-17.537,-178.434,578,4.4,mb,,,,0.89,us,usp0009k5p,2014-11-07T01:09:10.854Z,"245 km ENE of Levuka, Fiji",earthquake,,29.8,,14,reviewed,us,us
1999-12-22T18:10:20.300Z,44.128,-105.417,0,3.1,ml,13,,,0.7,rusms,rusms00001616,2022-06-09T21:14:13.577Z,"11 km SSE of Antelope Valley-Crestview, Wyoming",explosion,,,,,reviewed,us,us
1999-12-22T17:57:13.920Z,35.293,-1.374,10,4.6,mblg,,,,1.18,us,usp0009k5n,2014-11-07T01:09:10.852Z,"1 km SE of Beni Saf, Algeria",earthquake,,,,,reviewed,us,mdd
1999-12-22T17:53:49.360Z,40.4406667,-124.609,16.788,2.88,md,27,233,0.2108,0.06,nc,nc21073249,2016-12-31T00:56:25.027Z,"32 km WSW of Ferndale, California",earthquake,1.09,0.23,0.12,25,reviewed,nc,nc
1999-12-22T17:40:57.560Z,19.3351667,-155.1925,8.948,2.63,ml,33,115,,0.12,hv,hv1275272,2020-03-31T21:09:12.550Z,"12 km SSE of Volcano, Hawaii",earthquake,0.53,0.41,0.21,10,reviewed,hv,hv
1999-12-22T17:36:56.240Z,35.321,-1.281,10,5.6,mwc,,,,1.19,us,usp0009k5j,2022-04-29T18:21:41.284Z,"9 km ENE of Beni Saf, Algeria",earthquake,,,,,reviewed,us,hrv
1999-12-22T16:39:11.300Z,2.05,-94.902,10,4.5,mb,,,,0.53,us,usp0009k5h,2014-11-07T01:09:10.815Z,"Galapagos Islands, Ecuador region",earthquake,,,,12,reviewed,us,us
1999-12-22T15:23:56.570Z,31.216,131.478,66,4.4,mb,,,,1.3,us,usp0009k5g,2014-11-07T01:09:10.813Z,"37 km SE of Kushima, Japan",earthquake,,19.1,,5,reviewed,us,us
1999-12-22T13:52:55.110Z,41.861,20.607,7.4,3.7,md,,,,,us,usp0009k5f,2014-11-07T01:09:10.809Z,"18 km SSW of Dragash, Kosovo",earthquake,,,,,reviewed,pdg,pdg
1999-12-22T13:32:37.560Z,-10.885,165.457,33,6,mwc,,,,0.96,us,usp0009k5e,2022-04-29T18:21:39.710Z,"41 km WSW of Lata, Solomon Islands",earthquake,,,,,reviewed,us,hrv
1999-12-22T13:20:59.070Z,-10.634,165.186,33,4.7,mb,,,,0.85,us,usp0009k5d,2014-11-07T01:09:10.786Z,"67 km W of Lata, Solomon Islands",earthquake,,,,5,reviewed,us,us
1999-12-22T12:52:07.640Z,-13.415,-111.924,10,4.6,ms,,,,0.88,us,usp0009k5c,2014-11-07T01:09:10.783Z,"central East Pacific Rise",earthquake,,,,8,reviewed,us,us
1999-12-22T12:34:00.540Z,33.5701675,-115.862999,-0.818,2.61,ml,0,156,0.2499,0.68,ci,ci9526857,2016-02-16T04:33:00.741Z,"8km NE of North Shore, California",earthquake,3.32,17.5,0.1,100,automatic,ci,ci
1999-12-22T12:15:17.480Z,34.21,-116.802,-0.892,2.65,ml,0,23.8,,0.166,ci,ci9130270,2016-02-16T18:51:44.398Z,"7km SE of Big Bear City, California",earthquake,,0.274,,129,reviewed,ci,ci
1999-12-22T12:11:27.620Z,-54.345,1.974,10,5.7,mwc,,,,1.02,us,usp0009k59,2022-04-29T18:27:43.115Z,"Bouvet Island region",earthquake,,,,,reviewed,us,hrv
1999-12-22T11:31:00.930Z,41.935,20.645,10,3.1,md,,,,,us,usp0009k57,2014-11-07T01:09:10.769Z,"10 km S of Dragash, Kosovo",earthquake,,,,,reviewed,pdg,pdg
1999-12-22T11:17:27.110Z,31.969,131.583,42,5.1,mb,,,,0.73,us,usp0009k56,2014-11-07T01:09:10.758Z,"16 km ENE of Miyazaki, Japan",earthquake,,,,41,reviewed,us,us
1999-12-22T11:11:07.140Z,41.986,20.543,10,2.8,md,,,,,us,usp0009k55,2014-11-07T01:09:10.756Z,"10 km WSW of Dragash, Kosovo",earthquake,,,,,reviewed,pdg,pdg
1999-12-22T11:02:58.600Z,46.6,6.8,2,2.6,ml,,,,,us,usp0009k54,2014-11-07T01:09:10.752Z,"1 km SW of Ecublens, Switzerland",earthquake,,,,,reviewed,ldg,ldg
1999-12-22T10:59:32.570Z,46.835,153.738,33,4,mb,,,,0.7,us,usp0009k53,2014-11-07T01:09:10.751Z,"Kuril Islands",earthquake,,,,1,reviewed,us,us
1999-12-22T10:25:37.110Z,42.023,20.607,10,2.7,md,,,,,us,usp0009k51,2014-11-07T01:09:10.747Z,"3 km W of Dragash, Kosovo",earthquake,,,,,reviewed,pdg,pdg
1999-12-22T10:14:59.800Z,41.886,20.55,16,2.5,md,,,,,us,usp0009k50,2014-11-07T01:09:10.745Z,"17 km SSW of Dragash, Kosovo",earthquake,,,,,reviewed,pdg,pdg
1999-12-22T09:52:26.320Z,42.1,20.564,7.4,2.7,md,,,,,us,usp0009k4z,2014-11-07T01:09:10.743Z,"11 km NW of Dragash, Kosovo",earthquake,,,,,reviewed,pdg,pdg
1999-12-22T09:41:05.230Z,41.869,20.534,10,4.6,mb,,,,1.26,us,usp0009k4y,2014-11-07T01:09:10.729Z,"20 km SSW of Dragash, Kosovo",earthquake,,,,22,reviewed,us,us
1999-12-22T09:36:46.240Z,3.295,122.629,526,4.4,mb,,,,0.69,us,usp0009k4x,2014-11-07T01:09:10.727Z,"Celebes Sea",earthquake,,18.2,,7,reviewed,us,us
1999-12-22T09:28:53.850Z,33.097,-116.052,5.456,2.93,ml,0,43.1,,0.194,ci,ci9130263,2016-02-16T18:51:42.961Z,"9km SE of Ocotillo Wells, California",earthquake,,20.289,,129,reviewed,ci,ci
1999-12-22T09:16:59.300Z,34.618,-116.25,-0.89,3.16,ml,0,42.1,,0.176,ci,ci9130277,2016-04-02T04:01:23.370Z,"14km SW of Ludlow, CA",earthquake,,0.459,,14,reviewed,ci,ci
1999-12-22T09:12:11.880Z,42.076,20.478,15.3,3.8,md,,,,,us,usp0009k4u,2014-11-07T01:09:10.720Z,"4 km E of Kukës, Albania",earthquake,,,,,reviewed,pdg,pdg
1999-12-22T09:11:00.630Z,34.619,-116.251,-0.89,3.03,ml,0,99,,0.157,ci,ci9130273,2016-04-02T19:51:43.964Z,"14km SW of Ludlow, CA",earthquake,,0.616,,156,reviewed,ci,ci
1999-12-22T09:10:34.580Z,41.949,20.617,10,4.5,mb,,,,1.42,us,usp0009k4s,2014-11-07T01:09:10.708Z,"9 km SSW of Dragash, Kosovo",earthquake,,,,17,reviewed,us,us
1999-12-22T09:06:11.770Z,41.845,20.533,10,5.1,mwc,,,,1.34,us,usp0009k4r,2022-04-29T18:21:38.020Z,"19 km NNE of Peshkopi, Albania",earthquake,,,,,reviewed,us,hrv
1999-12-22T08:40:25.950Z,40.955,20.373,10,4,mb,,,,1.39,us,usp0009k4q,2014-11-07T01:09:10.681Z,"18 km SW of Përrenjas-Fshat, Albania",earthquake,,,,3,reviewed,us,us
1999-12-22T08:39:40.290Z,-57.196,-26.437,192.3,4.1,mb,,,,1.18,us,usp0009k4p,2014-11-07T01:09:10.679Z,"South Sandwich Islands region",earthquake,,25.2,,6,reviewed,us,us
1999-12-22T08:03:31.820Z,38.756,-111.5365,1.58,3.74,ml,14,87,0.0914,0.26,uu,uu50192770,2018-12-20T21:47:08.710Z,"31 km SW of Emery, Utah",earthquake,0.61,17.45,,8,reviewed,uu,uu
1999-12-22T07:56:17.610Z,20.0268333,-155.4681667,8.407,2.72,ml,34,167,,0.11,hv,hv1275243,2020-03-31T21:09:11.520Z,"5 km S of Honoka‘a, Hawaii",earthquake,0.75,0.46,0.16,11,reviewed,hv,hv
1999-12-22T07:56:11.960Z,39.9443333,-120.4858333,0.134,2.65,md,40,111,0.2225,0.12,nc,nc21073164,2016-12-31T00:55:56.260Z,"7 km N of Lake Davis, California",earthquake,0.18,2.57,0.15,40,reviewed,nc,nc
1999-12-22T06:45:15.900Z,38.131,73.08,145.7,4.8,mb,,,,0.79,us,usp0009k4k,2014-11-07T01:09:10.665Z,"77 km W of Murghob, Tajikistan",earthquake,,6.8,,46,reviewed,us,us
1999-12-22T06:07:16.630Z,-8.311,-79.318,73.1,4.4,mb,,,,0.75,us,usp0009k4j,2014-11-07T01:09:10.662Z,"34 km SW of Huanchaquito Alto, Peru",earthquake,,14.9,,19,reviewed,us,us
1999-12-22T04:43:18.430Z,34.111,-117.014,4.806,2.58,ml,0,209.4,,0.148,ci,ci9130241,2016-02-17T09:25:58.347Z,"9km NNE of Yucaipa, California",earthquake,,,,4,reviewed,ci,ci
1999-12-22T04:42:00.200Z,16.529,119.008,40.4,4.8,mb,,,,0.89,us,usp0009k4g,2014-11-07T01:09:10.654Z,"89 km WNW of Catuday, Philippines",earthquake,,8.5,,28,reviewed,us,us
1999-12-22T04:24:15.440Z,55.399,110.712,10,3.9,mb,,,,0.29,us,usp0009k4f,2014-11-07T01:09:10.652Z,"71 km SSE of Kichera, Russia",earthquake,,,,2,reviewed,us,us
1999-12-22T03:42:36.600Z,16.496,-95.093,121.4,4.1,md,,,,,us,usp0009k4d,2014-11-07T01:09:10.648Z,"3 km WSW of Asunción Ixtaltepec, Mexico",earthquake,,,,,reviewed,unm,unm
1999-12-22T02:51:52.290Z,-15.144,-174.169,33,4.8,mb,,,,0.66,us,usp0009k4c,2014-11-07T01:09:10.644Z,"98 km NNW of Hihifo, Tonga",earthquake,,,,12,reviewed,us,us
1999-12-22T02:37:46.530Z,55.791,110.375,10,4.2,mb,,,,1.35,us,usp0009k4b,2014-11-07T01:09:10.641Z,"23 km SE of Kichera, Russia",earthquake,,,,6,reviewed,us,us
1999-12-22T01:58:07.410Z,12.036,-44.018,10,4.3,mb,,,,0.98,us,usp0009k4a,2014-11-07T01:09:10.639Z,"northern Mid-Atlantic Ridge",earthquake,,,,4,reviewed,us,us
1999-12-22T01:39:42.270Z,55.961,109.865,10,4.5,mb,,,,1.36,us,usp0009k49,2014-11-07T01:09:10.637Z,"14 km W of Kichera, Russia",earthquake,,,,8,reviewed,us,us
1999-12-22T01:32:13.050Z,39.7913333,-122.647,13.427,2.65,md,22,132,0.127,0.09,nc,nc21073114,2016-12-31T00:55:03.800Z,"13 km SW of Paskenta, California",earthquake,0.33,0.59,0.1,50,reviewed,nc,nc
1999-12-22T00:28:12.790Z,24.178,94.717,96.7,4.6,mb,,,,0.66,us,usp0009k48,2014-11-07T01:09:10.635Z,"67 km NNE of Mawlaik, Myanmar",earthquake,,28.4,,1,reviewed,us,us
1999-12-21T23:34:18.990Z,45.7545,-120.0001667,1.953,2.7,md,12,75,0.2144,0.6,uw,uw10487758,2016-07-23T19:13:52.470Z,"16 km ENE of Arlington, Oregon",explosion,3.028,4.55,0.06,4,reviewed,uw,uw
1999-12-21T22:56:56.730Z,35.35,27.7,33,4.2,mb,,,,1.25,us,usp0009k46,2014-11-07T01:09:10.629Z,"47 km ESE of Karpathos, Greece",earthquake,,,,18,reviewed,us,us
1999-12-21T22:45:51.430Z,19.988,-70.552,10,3.9,mb,,,,1.35,us,usp0009k45,2014-11-07T01:09:10.628Z,"25 km NNE of Puerto Plata, Dominican Republic",earthquake,,,,4,reviewed,us,us
1999-12-21T22:30:30.900Z,46.7063333,-122.7688333,-0.787,2.9,md,21,83,0.3259,0.21,uw,uw10487723,2016-07-23T19:13:50.500Z,"12 km SE of Bucoda, Washington",explosion,0.028,0.84,0.03,5,reviewed,uw,uw
1999-12-21T22:27:49.200Z,27.873,54.117,33,4.3,mb,,,,1.47,us,usp0009k44,2014-11-07T01:09:10.625Z,"22 km N of Ger?sh, Iran",earthquake,,,,8,reviewed,us,us
1999-12-21T21:48:48.260Z,33.4876671,-117.8986664,-0.461,2.8,ml,0,238,0.3905,0.02,ci,ci9526705,2016-02-16T16:24:34.795Z,"12km WSW of Laguna Beach, California",earthquake,2.03,4.44,0.1,100,automatic,ci,ci
1999-12-21T21:18:04.700Z,43.945,-105.205,0,2.9,ml,5,,,1.27,rusms,rusms00001613,2022-06-09T21:14:13.570Z,"31 km NE of Wright, Wyoming",explosion,,,,,reviewed,us,us
1999-12-21T20:48:21.790Z,-10.197,161.088,86.8,5,mb,,,,0.91,us,usp0009k43,2014-11-07T01:09:10.619Z,"95 km WNW of Kirakira, Solomon Islands",earthquake,,,,23,reviewed,us,us
1999-12-21T20:06:41.930Z,27.356,102.579,33,4,mb,,,,1.45,us,usp0009k42,2014-11-07T01:09:10.617Z,"67 km SSE of Xichang, China",earthquake,,,,1,reviewed,us,us
1999-12-21T19:57:42.300Z,32.52,-109.049,0,2.8,ml,8,,,1.13,rusms,rusms00001611,2022-06-09T21:14:13.565Z,"Arizona",explosion,,,,,reviewed,us,us
1999-12-21T18:39:50.260Z,17.424,-113.396,10,5.4,mwc,,,,1.02,us,usp0009k41,2025-12-19T22:33:54.033Z,"Revilla Gigedo Islands region",earthquake,,,,,reviewed,us,hrv
1999-12-21T17:25:12.680Z,-27.918,26.673,5,4.5,mb,,,,1.43,us,usp0009k3z,2020-09-15T21:10:53.130Z,"8 km NW of Welkom, South Africa",earthquake,,,,3,reviewed,us,us
1999-12-21T17:22:00.400Z,17.095,-94.502,222.3,4.1,md,,,,,us,usp0009k3y,2014-11-07T01:09:10.602Z,"20 km SSE of Poblado Cinco, Mexico",earthquake,,,,,reviewed,unm,unm
1999-12-21T17:17:30.820Z,30.938,86.224,33,4,mb,,,,1.54,us,usp0009k3x,2014-11-07T01:09:10.600Z,"203 km NNE of Saga, China",earthquake,,,,2,reviewed,us,us
1999-12-21T16:51:27.190Z,55.852,110.106,10,4.5,mb,,,,0.93,us,usp0009k3w,2014-11-07T01:09:10.599Z,"9 km S of Kichera, Russia",earthquake,,,,3,reviewed,us,us
1999-12-21T15:51:47.040Z,59.984,-152.754,100,3,mb,,,,0.66,us,usp0009k3v,2014-11-07T01:09:10.597Z,"56 km WNW of Anchor Point, Alaska",earthquake,,,,1,reviewed,us,us
1999-12-21T14:54:49.830Z,45.026,147.964,33,4.6,mb,,,,0.98,us,usp0009k3u,2014-11-07T01:09:10.595Z,"23 km SSE of Kuril’sk, Russia",earthquake,,,,6,reviewed,us,us
1999-12-21T14:48:51.700Z,7.568,-80.548,10,3.7,md,,,,,us,usp0009k3t,2014-11-07T01:09:10.594Z,"10 km S of Llano de Piedra, Panama",earthquake,,,,,reviewed,upa,upa
1999-12-21T14:14:57.610Z,-6.845,105.555,56,6.5,mwb,,,,1.03,us,usp0009k3r,2022-04-29T19:35:14.014Z,"59 km SSW of Labuan, Indonesia",earthquake,,,,,reviewed,us,us
1999-12-21T14:10:16.950Z,19.041,-64.411,40.1,3.7,md,,,,,us,usp0009k3q,2014-11-07T01:09:10.535Z,"88 km NNE of Cruz Bay, U.S. Virgin Islands",earthquake,,,,,reviewed,mpr,mpr
1999-12-21T14:07:03.110Z,16.446,119.07,33,4.6,mb,,,,1.24,us,usp0009k3p,2014-11-07T01:09:10.524Z,"80 km WNW of Catuday, Philippines",earthquake,,,,5,reviewed,us,us
1999-12-21T13:29:24.690Z,51.479,15.969,5,3.4,ml,,,,0.54,us,usp0009k3m,2014-11-07T01:09:10.520Z,"7 km WSW of Polkowice, Poland",earthquake,,,,,reviewed,us,vie
1999-12-21T11:26:44.700Z,-45.53,166.2,20,4.5,mb,,,,,us,usp0009k3k,2014-11-07T01:09:10.518Z,"119 km W of Te Anau, New Zealand",earthquake,,,,6,reviewed,wel,us
1999-12-21T11:21:54.200Z,-21.138,-68.196,139,4.3,mb,,,,0.71,us,usp0009k3j,2014-11-07T01:09:10.515Z,"160 km SW of Colchani, Bolivia",earthquake,,13.5,,6,reviewed,us,us
1999-12-21T11:14:23.770Z,34.6166667,-116.2851667,2.064,2.72,ml,24,69,,0.17,ci,ci9130116,2016-04-01T23:13:55.365Z,"16km SW of Ludlow, CA",earthquake,0.4,0.92,,160,reviewed,ci,ci
1999-12-21T11:00:48.870Z,55.83,110.029,10,5.5,mwc,,,,0.78,us,usp0009k3g,2022-04-29T18:21:36.345Z,"12 km SSW of Kichera, Russia",earthquake,,,,,reviewed,us,hrv
1999-12-21T10:21:31.230Z,44.502,-129.448,10,4.2,mb,,,,0.48,us,usp0009k3f,2014-11-07T01:09:10.479Z,"off the coast of Oregon",earthquake,,,,1,reviewed,us,us
1999-12-21T09:26:25.300Z,17.06,-95.574,152,4,md,,,,,us,usp0009k3e,2014-11-07T01:09:10.477Z,"6 km NE of Santiago Malacatepec, Mexico",earthquake,,,,,reviewed,unm,unm
1999-12-21T07:57:02.970Z,40.2148333,-125.5165,6.112,2.5,md,11,318,0.9396,0.13,nc,nc21072966,2016-12-31T00:53:55.754Z,"113 km WSW of Ferndale, California",earthquake,7.69,13.24,0.2,7,reviewed,nc,nc
1999-12-21T06:20:32.730Z,43.2,-126.432,10,2.7,mb,,,,0.4,us,usp0009k3c,2016-07-23T19:13:47.610Z,"164 km W of Langlois, Oregon",earthquake,,,,1,reviewed,us,us
1999-12-21T03:38:19.590Z,16.473,119.501,33,4,mb,,,,0.67,us,usp0009k3a,2014-11-07T01:09:10.469Z,"38 km WNW of Catuday, Philippines",earthquake,,,,1,reviewed,us,us
1999-12-21T03:22:37.550Z,44.975,23.073,33,3.8,mb,,,,1.21,us,usp0009k39,2014-11-07T01:09:10.461Z,"2 km SSW of Tele?ti, Romania",earthquake,,,,3,reviewed,us,us
1999-12-21T03:19:18.340Z,20.5325,-157.542,32.066,2.98,ml,32,313,,0.1,hv,hv1275145,2020-03-31T21:09:10.300Z,"72 km WSW of Lanai City, Hawaii",earthquake,1.41,1.91,0.09,4,reviewed,hv,hv
1999-12-21T03:12:40.900Z,16.502,119.255,33,4.4,mb,,,,1.26,us,usp0009k37,2014-11-07T01:09:10.457Z,"63 km WNW of Catuday, Philippines",earthquake,,,,3,reviewed,us,us
1999-12-21T03:04:26.340Z,53.381,153.654,495.5,4.2,mb,,,,0.6,us,usp0009k36,2014-11-07T01:09:10.453Z,"285 km NW of Ozernovskiy, Russia",earthquake,,6.9,,16,reviewed,us,us
1999-12-21T02:13:29.850Z,-6.254,148.854,72.1,5.1,mb,,,,0.75,us,usp0009k35,2014-11-07T01:09:10.448Z,"76 km W of Kandrian, Papua New Guinea",earthquake,,11.3,,18,reviewed,us,us
1999-12-21T01:08:18.390Z,23.114,142.747,95.1,4.6,mb,,,,0.94,us,usp0009k34,2014-11-07T01:09:10.444Z,"Volcano Islands, Japan region",earthquake,,13.9,,20,reviewed,us,us
1999-12-21T01:01:29.760Z,34.228,138.802,33,4,mb,,,,1.32,us,usp0009k33,2014-11-07T01:09:10.442Z,"51 km SSW of Shimoda, Japan",earthquake,,,,2,reviewed,us,us
1999-12-21T00:12:24.150Z,40.36,42.369,10,3.9,mb,,,,1.22,us,usp0009k32,2014-11-07T01:09:10.440Z,"18 km W of Sar?kam??, Turkey",earthquake,,,,1,reviewed,us,us
1999-12-20T23:50:27.620Z,-36.897,-73.082,33,4.4,mb,,,,0.76,us,usp0009k31,2014-11-07T01:09:10.437Z,"5 km WNW of Chiguayante, Chile",earthquake,,,,3,reviewed,us,us
1999-12-20T23:40:22.280Z,43.993,21.058,10,3.6,mb,,,,1.01,us,usp0009k30,2014-11-07T01:09:10.429Z,"Serbia",earthquake,,,,1,reviewed,us,us
1999-12-20T23:05:04.040Z,-2.464,139.938,33,4.2,mb,,,,0.97,us,usp0009k2z,2014-11-07T01:09:10.427Z,"78 km W of Abepura, Indonesia",earthquake,,,,5,reviewed,us,us
1999-12-20T22:32:17.780Z,-16.071,168.037,33,4.3,mb,,,,0.83,us,usp0009k2x,2014-11-07T01:09:10.423Z,"66 km E of Lakatoro, Vanuatu",earthquake,,,,2,reviewed,us,us
1999-12-20T22:13:40.130Z,18.522,-66.14,112.1,2.9,md,,,,,us,usp0009k2w,2014-11-07T01:09:10.421Z,"7 km NNW of San Juan, Puerto Rico",earthquake,,,,,reviewed,mpr,mpr
1999-12-20T22:00:35.900Z,33.24,-109.068,0,3,ml,10,,,0.79,rusms,rusms00001610,2022-06-09T21:14:13.561Z,"18 km W of Pleasanton, New Mexico",explosion,,,,,reviewed,us,us
1999-12-20T21:26:44.270Z,18.372,-103.917,33,3.9,mb,,,,1.34,us,usp0009k2u,2014-11-07T01:09:10.418Z,"39 km WSW of La Placita de Morelos, Mexico",earthquake,,,,3,reviewed,us,us
1999-12-20T21:12:10.590Z,-36.898,-73.226,33,4.9,mb,,,,1.02,us,usp0009k2t,2014-11-07T01:09:10.414Z,"16 km NNW of Coronel, Chile",earthquake,,,,9,reviewed,us,us
1999-12-20T20:44:12.040Z,34.8523333,-116.3446667,4.99,3.33,ml,45,49,,0.17,ci,ci9130027,2016-04-02T08:53:42.887Z,"22km NW of Ludlow, CA",earthquake,0.2,31.61,0.17,77,reviewed,ci,ci
1999-12-20T20:42:31.395Z,59.7823,-152.5681,72.2,2.9,ml,,,,0.68,ak,ak999g9seler,2020-02-20T20:00:25.161Z,"41 km W of Anchor Point, Alaska",earthquake,,0.7,,,reviewed,ak,ak
1999-12-20T20:36:03.570Z,19.109,-64.253,33,4,md,,,,0.71,us,usp0009k2q,2014-11-07T01:09:10.408Z,"103 km NNE of Cruz Bay, U.S. Virgin Islands",earthquake,,,,,reviewed,us,mpr
1999-12-20T20:35:19.000Z,37.97,-115.88,7.1,3.7,ml,,,,,us,usp0009k2p,2014-11-07T01:09:10.405Z,"38 km NNW of Rachel, Nevada",earthquake,,,,,reviewed,ren,us
1999-12-20T19:31:49.160Z,-55.571,-26.339,33,4.4,mb,,,,0.5,us,usp0009k2m,2014-11-07T01:09:10.402Z,"South Sandwich Islands region",earthquake,,,,4,reviewed,us,us
1999-12-20T19:03:26.530Z,32.627,-109.165,0,2.9,ml,7,,,0.59,rusms,rusms00001609,2022-06-09T21:14:13.559Z,"9 km SW of Franklin, Arizona",explosion,,,,,reviewed,us,us
1999-12-20T18:27:29.420Z,-55.654,-26.404,33,5.2,mb,,,,1.07,us,usp0009k2k,2014-11-07T01:09:10.397Z,"South Sandwich Islands region",earthquake,,,,13,reviewed,us,us
1999-12-20T17:39:14.300Z,16.521,119.113,33,4.2,mb,,,,0.94,us,usp0009k2j,2014-11-07T01:09:10.396Z,"Luzon, Philippines",earthquake,,,,2,reviewed,us,us
1999-12-20T16:06:26.960Z,51.547,16.121,5,3.2,ml,,,,0.69,us,usp0009k2h,2014-11-07T01:09:10.393Z,"5 km NE of Polkowice, Poland",earthquake,,,,,reviewed,us,vie
1999-12-20T14:25:07.220Z,19.06,-66.076,5.2,3.2,md,,,,,us,usp0009k2e,2014-11-07T01:09:10.388Z,"65 km N of San Juan, Puerto Rico",earthquake,,,,,reviewed,mpr,mpr
1999-12-20T14:18:46.500Z,34.531,-116.298,-1.187,2.53,ml,0,150.1,,0.136,ci,ci9129962,2016-02-17T04:39:31.084Z,"25km SSW of Ludlow, California",earthquake,,4.897,,119,reviewed,ci,ci
1999-12-20T13:55:55.800Z,18.781,-66.652,49.6,2.8,md,,,,,us,usp0009k2d,2014-11-07T01:09:10.387Z,"Puerto Rico region",earthquake,,,,,reviewed,mpr,mpr
1999-12-20T13:53:15.110Z,-5.549,140.876,33,4,mb,,,,1.32,us,usp0009k2c,2014-11-07T01:09:10.385Z,"78 km NW of Kiunga, Papua New Guinea",earthquake,,,,2,reviewed,us,us
1999-12-20T13:23:30.160Z,19.169,-66.087,25.1,3.2,md,,,,,us,usp0009k2b,2014-11-07T01:09:10.384Z,"77 km N of San Juan, Puerto Rico",earthquake,,,,,reviewed,mpr,mpr
1999-12-20T12:07:13.170Z,34.695,-116.314,1.431,3.37,ml,51,88,,0.15,ci,ci3321716,2016-04-02T07:45:47.371Z,"14km WSW of Ludlow, CA",earthquake,0.14,0.33,0.14,77,reviewed,ci,ci
1999-12-20T12:05:54.930Z,34.692,-116.312,0.161,2.98,ml,0,73.6,,0.155,ci,ci9129969,2016-02-16T23:49:56.279Z,"14km WSW of Ludlow, California",earthquake,,0.359,,85,reviewed,ci,ci
1999-12-20T12:03:49.650Z,40.713,30.541,1.1,2.9,md,,,,,us,usp0009k28,2014-11-07T01:09:10.376Z,"7 km WNW of Akyaz?, Turkey",earthquake,,,,,reviewed,isk,isk
1999-12-20T11:55:23.110Z,-19.983,-177.529,400,4.4,mb,,,,0.98,us,usp0009k27,2014-11-07T01:09:10.373Z,"Fiji region",earthquake,,,,11,reviewed,us,us
1999-12-20T11:46:54.290Z,24.517,97.774,52.1,4.6,mb,,,,0.87,us,usp0009k26,2014-11-07T01:09:10.370Z,"62 km ENE of Bhamo, Myanmar",earthquake,,12.6,,7,reviewed,us,us
1999-12-20T11:46:35.960Z,40.694,30.496,7,3.6,md,,,,,us,usp0009k25,2014-11-07T01:09:10.368Z,"6 km NNW of Karapürçek, Turkey",earthquake,,,,,reviewed,isk,isk
1999-12-20T11:40:00.540Z,-17.539,-65.334,33,4.4,mb,,,,1.07,us,usp0009k23,2014-11-07T01:09:10.364Z,"25 km NW of Totora, Bolivia",earthquake,,,,4,reviewed,us,us
1999-12-20T10:43:00.900Z,17.312,-61.705,58.8,5.4,mwb,,,,0.77,us,usp0009k22,2022-04-29T17:49:35.384Z,"23 km NNE of Piggotts, Antigua and Barbuda",earthquake,,3.4,,,reviewed,us,us
1999-12-20T10:34:24.610Z,37.121,69.671,33,3.5,mb,,,,1.09,us,usp0009k21,2014-11-07T01:09:10.336Z,"14 km W of Rust?q, Afghanistan",earthquake,,,,1,reviewed,us,us
1999-12-20T10:10:02.720Z,-6.843,107.198,114.7,4.6,mb,,,,1.36,us,usp0009k1z,2014-11-07T01:09:10.332Z,"7 km WSW of Ciranjang-hilir, Indonesia",earthquake,,6.7,,3,reviewed,us,us
1999-12-20T09:36:37.140Z,-24.073,179.559,600,4.4,mb,,,,0.59,us,usp0009k1y,2014-11-07T01:09:10.330Z,"south of the Fiji Islands",earthquake,,,,7,reviewed,us,us
1999-12-20T09:35:30.780Z,-15.476,-72.611,109,5.4,mwc,,,,0.93,us,usp0009k1x,2025-12-19T22:33:53.270Z,"33 km ENE of Chichas, Peru",earthquake,,,,,reviewed,us,hrv
1999-12-20T09:24:36.100Z,-39.15,175.04,12,3.4,ml,,,,,us,usp0009k1w,2014-11-07T01:09:10.317Z,"65 km NW of Waiouru, New Zealand",earthquake,,,,,reviewed,wel,wel
1999-12-20T09:08:14.760Z,37.032,70.004,66.5,4.6,mb,,,,1.07,us,usp0009k1v,2014-11-07T01:09:10.315Z,"18 km SE of Rust?q, Afghanistan",earthquake,,17.2,,1,reviewed,us,us
1999-12-20T08:48:10.920Z,20.037,145.226,165.1,4.4,mb,,,,0.72,us,usp0009k1u,2014-11-07T01:09:10.314Z,"Maug Islands region, Northern Mariana Islands",earthquake,,40.7,,1,reviewed,us,us
1999-12-20T07:43:48.360Z,40.626,29.096,11,2.5,md,,,,,us,usp0009k1t,2014-11-07T01:09:10.313Z,"3 km SW of Ç?narc?k, Turkey",earthquake,,,,,reviewed,isk,isk
1999-12-20T07:08:35.340Z,18.16,-67.177,17.2,2.5,md,,,,,us,usp0009k1r,2014-11-07T01:09:10.310Z,"5 km WNW of Hormigueros, Puerto Rico",earthquake,,,,,reviewed,mpr,mpr
1999-12-20T06:55:46.060Z,16.548,119.201,33,4.7,mb,,,,0.84,us,usp0009k1q,2014-11-07T01:09:10.307Z,"70 km WNW of Catuday, Philippines",earthquake,,,,9,reviewed,us,us
1999-12-20T06:43:35.150Z,16.473,119.451,33,4.5,mb,,,,0.71,us,usp0009k1p,2014-11-07T01:09:10.305Z,"42 km WNW of Catuday, Philippines",earthquake,,,,1,reviewed,us,us
1999-12-20T06:25:28.350Z,-7.865,122.909,219.2,4.9,mb,,,,1,us,usp0009k1n,2014-11-07T01:09:10.279Z,"113 km NE of Maumere, Indonesia",earthquake,,5.2,,22,reviewed,us,us
1999-12-20T03:27:19.940Z,40.785,30.873,10,4.3,mb,,,,1.2,us,usp0009k1m,2014-11-07T01:09:10.274Z,"10 km E of Hendek, Turkey",earthquake,,,,27,reviewed,us,us
1999-12-20T02:39:46.330Z,34.52,-116.27,-1.12,2.82,ml,0,136.2,,0.172,ci,ci9129933,2016-02-16T06:53:11.868Z,"24km SSW of Ludlow, California",earthquake,,2.486,,141,reviewed,ci,ci
1999-12-20T01:57:09.740Z,7.429,-35.232,10,4.2,mb,,,,0.89,us,usp0009k1h,2014-11-07T01:09:10.268Z,"central Mid-Atlantic Ridge",earthquake,,,,4,reviewed,us,us
1999-12-20T01:51:39.400Z,16.198,-94.092,107.1,3.9,md,,,,,us,usp0009k1g,2014-11-07T01:09:10.266Z,"2 km SW of Los Corazones, Mexico",earthquake,,,,,reviewed,unm,unm
1999-12-20T01:47:16.760Z,-2.227,134.269,33,4.3,mb,,,,1.22,us,usp0009k1f,2014-11-07T01:09:10.265Z,"152 km S of Manokwari, Indonesia",earthquake,,,,3,reviewed,us,us
1999-12-20T00:55:26.030Z,-3.031,148.273,33,4.4,mb,,,,0.92,us,usp0009k1e,2014-11-07T01:09:10.263Z,"156 km SE of Lorengau, Papua New Guinea",earthquake,,,,1,reviewed,us,us
1999-12-20T00:02:16.240Z,40.887,33.912,10,3.8,md,,,,1.06,us,usp0009k1c,2014-11-07T01:09:10.261Z,"17 km SW of Tosya, Turkey",earthquake,,,,,reviewed,us,isk
1999-12-19T23:37:19.760Z,40.906,33.848,10,4,mb,,,,1.29,us,usp0009k1b,2014-11-07T01:09:10.259Z,"Central Turkey",earthquake,,,,1,reviewed,us,us
1999-12-19T23:26:42.900Z,-40.11,174.81,11,3.1,ml,,,,,us,usp0009k1a,2014-11-07T01:09:10.258Z,"28 km SW of Wanganui, New Zealand",earthquake,,,,,reviewed,wel,wel
1999-12-19T23:02:03.200Z,17.106,-99.874,46.7,3.8,md,,,,,us,usp0009k18,2014-11-07T01:09:10.255Z,"6 km NE of Platanillo, Mexico",earthquake,,,,,reviewed,unm,unm
1999-12-19T21:11:13.200Z,36.375,-83.912,0,2.5,md,,166,0.17986,0.4,se,se61772,2022-06-28T15:04:38.439Z,"12 km ESE of Fincastle, Tennessee",earthquake,,0.9,,,reviewed,se,se
1999-12-19T20:59:23.800Z,-38.9,174.61,12,2.9,ml,,,,,us,usp0009k16,2014-11-07T01:09:10.253Z,"34 km ENE of Waitara, New Zealand",earthquake,,,,,reviewed,wel,wel
1999-12-19T20:45:49.250Z,-8.937,123.092,73.2,4.4,mb,,,,0.74,us,usp0009k15,2014-11-07T01:09:10.249Z,"103 km ESE of Maumere, Indonesia",earthquake,,7.7,,9,reviewed,us,us
1999-12-19T20:14:41.430Z,34.418,-116.47,2.18,2.76,ml,0,51.6,,0.156,ci,ci9129887,2016-02-17T07:02:43.689Z,"34km N of Yucca Valley, California",earthquake,,0.471,,3,reviewed,ci,ci
1999-12-19T20:12:46.770Z,52.571,-174.615,152.4,4.4,mb,,,,0.7,us,usp0009k13,2014-11-07T01:09:10.244Z,"50 km NW of Atka, Alaska",earthquake,,9.5,,25,reviewed,us,us
1999-12-19T18:10:58.500Z,43.962,-105.371,0,2.7,ml,8,,,0.93,rusms,rusms00001608,2022-06-09T21:14:13.557Z,"25 km NNE of Wright, Wyoming",explosion,,,,,reviewed,us,us
1999-12-19T17:48:42.380Z,2.845,123.746,410.1,4.1,mb,,,,0.83,us,usp0009k0z,2014-11-07T01:09:10.238Z,"194 km NW of Manado, Indonesia",earthquake,,7.9,,5,reviewed,us,us
1999-12-19T17:39:28.370Z,-4.675,151.78,33,4,mb,,,,1.17,us,usp0009k0y,2014-11-07T01:09:10.236Z,"65 km SW of Kokopo, Papua New Guinea",earthquake,,,,1,reviewed,us,us
1999-12-19T17:09:36.600Z,-4.631,151.529,33,4.6,mb,,,,1.29,us,usp0009k0x,2014-11-07T01:09:10.234Z,"84 km SW of Rabaul, Papua New Guinea",earthquake,,,,6,reviewed,us,us
1999-12-19T15:20:03.030Z,52.431,-175.248,200,4.2,mb,,,,1.18,us,usp0009k0v,2014-11-07T01:09:10.230Z,"76 km WNW of Atka, Alaska",earthquake,,,,2,reviewed,us,us
1999-12-19T13:26:53.980Z,-4.716,151.075,76.4,4.7,mb,,,,1.17,us,usp0009k0s,2014-11-07T01:09:10.224Z,"133 km WSW of Rabaul, Papua New Guinea",earthquake,,28.1,,10,reviewed,us,us
1999-12-19T13:15:42.980Z,32.086,141.756,33,4.3,mb,,,,1.35,us,usp0009k0r,2014-11-07T01:09:10.223Z,"Izu Islands, Japan region",earthquake,,,,1,reviewed,us,us
1999-12-19T12:32:33.720Z,-4.709,151.372,69.3,5,mb,,,,0.95,us,usp0009k0q,2014-11-07T01:09:10.220Z,"104 km WSW of Rabaul, Papua New Guinea",earthquake,,22,,9,reviewed,us,us
1999-12-19T12:32:25.180Z,40.747,31.24,0.3,2.9,md,,,,,us,usp0009k0p,2014-11-07T01:09:10.219Z,"12 km SSE of Düzce, Turkey",earthquake,,,,,reviewed,isk,isk
1999-12-19T12:19:25.980Z,-4.579,151.234,33,5.7,mwc,,,,1,us,usp0009k0m,2022-04-29T18:21:30.697Z,"111 km WSW of Rabaul, Papua New Guinea",earthquake,,,,,reviewed,us,hrv
1999-12-19T12:15:06.060Z,-4.548,151.102,33,5.2,mb,,,,1.33,us,usp0009k0k,2014-11-07T01:09:10.204Z,"123 km WSW of Rabaul, Papua New Guinea",earthquake,,,,22,reviewed,us,us
1999-12-19T12:11:12.740Z,26.715,54.728,33,4.3,mb,,,,0.73,us,usp0009k0j,2014-11-07T01:09:10.202Z,"23 km NW of Bandar-e Lengeh, Iran",earthquake,,,,6,reviewed,us,us
1999-12-19T11:40:42.150Z,16.53,-61.079,27.7,2.6,md,,,,,us,usp0009k0g,2014-11-07T01:09:10.199Z,"25 km N of Beauséjour, Guadeloupe",earthquake,,,,,reviewed,fdf,fdf
1999-12-19T09:57:48.690Z,38.211,20.374,10,4.1,mb,,,,1.43,us,usp0009k0f,2014-11-07T01:09:10.194Z,"5 km W of Lixoúri, Greece",earthquake,,,,2,reviewed,us,us
1999-12-19T09:19:43.380Z,-2.271,134.324,33,4.7,mb,,,,1.1,us,usp0009k0e,2014-11-07T01:09:10.191Z,"158 km S of Manokwari, Indonesia",earthquake,,,,7,reviewed,us,us
1999-12-19T08:42:49.100Z,29.7,34.95,17,4.1,ml,,,,,us,usp0009k0c,2014-11-07T01:09:10.188Z,"15 km N of Eilat, Israel",earthquake,,,,,reviewed,gii,gii
1999-12-19T05:49:31.270Z,-14.07,166.49,33,4.7,mb,,,,1.09,us,usp0009k0b,2014-11-07T01:09:10.184Z,"116 km W of Sola, Vanuatu",earthquake,,,,6,reviewed,us,us
1999-12-19T05:19:41.150Z,51.639,16.188,5,4.6,ml,,,,1.05,us,usp0009k0a,2020-09-15T21:10:11.562Z,"4 km NNE of Gr?bocice, Poland",earthquake,,,,,reviewed,us,grf
1999-12-19T05:09:13.710Z,39.945,-120.4868333,-0.876,2.65,md,24,111,0.2225,0.1,nc,nc21072585,2016-12-31T00:49:23.722Z,"8 km N of Lake Davis, California",earthquake,0.22,4.71,0.19,40,reviewed,nc,nc
1999-12-19T04:47:34.320Z,12.892,144.653,33,5.3,mwc,,,,0.94,us,usp0009k09,2022-04-29T18:21:29.089Z,"41 km S of Merizo Village, Guam",earthquake,,,,,reviewed,us,hrv
1999-12-19T04:21:15.060Z,-14.119,166.563,33,4.4,mb,,,,1.14,us,usp0009k07,2014-11-07T01:09:10.166Z,"110 km WSW of Sola, Vanuatu",earthquake,,,,4,reviewed,us,us
1999-12-19T03:38:32.270Z,-3.986,131.331,33,5.9,mwc,,,,1.07,us,usp0009k06,2022-04-29T18:21:22.358Z,"240 km NW of Tual, Indonesia",earthquake,,,,,reviewed,us,hrv
1999-12-19T02:26:36.119Z,61.8596,-149.219,0.4,2.7,ml,,,,1.14,ak,ak999g7u20xn,2020-02-20T20:00:33.534Z,"12 km N of Fishhook, Alaska",earthquake,,0.7,,,reviewed,ak,ak
1999-12-19T01:26:26.940Z,19.333,-65.019,10.4,4.1,md,,,,,us,usp0009k02,2014-11-07T01:09:10.139Z,"110 km N of Charlotte Amalie, U.S. Virgin Islands",earthquake,,,,,reviewed,mpr,mpr
1999-12-19T00:48:36.990Z,12.87,144.571,50.9,6,mwc,,,,0.93,us,usp0009k01,2022-04-29T18:21:16.753Z,"45 km SSW of Merizo Village, Guam",earthquake,,,,,reviewed,us,hrv
1999-12-19T00:24:18.810Z,-28.584,62.404,10,4.6,mb,,,,0.87,us,usp0009jzz,2014-11-07T01:09:10.088Z,"Southwest Indian Ridge",earthquake,,,,1,reviewed,us,us
1999-12-19T00:19:25.000Z,37.45,-117.1,0,3.2,md,,,,,us,usp0009jzy,2014-11-07T01:09:10.087Z,"31 km SSE of Goldfield, Nevada",earthquake,,,,,reviewed,ren,ren
1999-12-18T23:15:20.080Z,37.966,20.679,10,3.7,mb,,,,1.2,us,usp0009jzx,2014-11-07T01:09:10.085Z,"16 km NNW of Katastárion, Greece",earthquake,,,,2,reviewed,us,us
1999-12-18T22:21:34.750Z,-17.995,-179.424,650,4.3,mb,,,,1.07,us,usp0009jzv,2014-11-07T01:09:10.082Z,"133 km E of Levuka, Fiji",earthquake,,,,8,reviewed,us,us
1999-12-18T21:04:13.750Z,39.7915,-122.641,15.117,3.08,md,29,128,0.127,0.09,nc,nc21072535,2016-12-31T00:48:08.440Z,"13 km SW of Paskenta, California",earthquake,0.39,0.28,0.1,68,reviewed,nc,nc
1999-12-18T20:55:43.150Z,51.52,16.165,5,3.2,ml,,,,0.51,us,usp0009jzt,2014-11-07T01:09:10.078Z,"6 km ENE of Polkowice, Poland",earthquake,,,,,reviewed,us,vie
1999-12-18T20:48:14.530Z,-3.106,148.156,33,5.3,mwc,,,,0.91,us,usp0009jzs,2025-12-19T22:33:52.506Z,"154 km SE of Lorengau, Papua New Guinea",earthquake,,,,,reviewed,us,hrv
1999-12-18T20:11:27.730Z,57.275,120.399,33,4.1,mb,,,,1.25,us,usp0009jzr,2014-11-07T01:09:10.074Z,"135 km ENE of Chara, Russia",earthquake,,,,1,reviewed,us,us
1999-12-18T19:24:41.230Z,-3.168,134.128,33,5.2,ms,,,,0.79,us,usp0009jzq,2014-11-07T01:09:10.069Z,"154 km W of Nabire, Indonesia",earthquake,,,,2,reviewed,us,us
1999-12-18T18:21:32.144Z,62.4997,-149.754,72.6,2.8,ml,,,,0.78,ak,ak999g6g0j8e,2020-02-20T20:00:33.946Z,"18 km ENE of Chase, Alaska",earthquake,,0.8,,,reviewed,ak,ak
1999-12-18T17:44:55.110Z,-2.425,139.675,16.2,6.2,mwc,,,,0.94,us,usp0009jzn,2022-04-29T18:21:15.267Z,"108 km W of Abepura, Indonesia",earthquake,,3.2,,,reviewed,us,hrv
1999-12-18T17:08:14.311Z,54.1506,-165.3445,86,3.2,ml,,,,0.29,ak,ak999g6fc9xz,2020-02-20T20:00:34.969Z,"28 km E of Akutan, Alaska",earthquake,,1.1,,,reviewed,ak,ak
1999-12-18T16:55:43.245Z,64.8847,-149.0393,31.9,3.5,ml,,,,0.88,ak,ak999g6f0z84,2020-02-20T20:00:35.302Z,"Central Alaska",earthquake,,0.9,,,reviewed,ak,ak
1999-12-18T15:20:33.970Z,34.305,-116.449,4.776,2.79,ml,0,26.3,,0.169,ci,ci9129710,2016-02-16T02:12:18.424Z,"21km N of Yucca Valley, California",earthquake,,,,156,reviewed,ci,ci
1999-12-18T13:41:15.270Z,19.002,-66.355,25.1,2.8,md,,,,,us,usp0009jzg,2014-11-07T01:09:10.031Z,"59 km N of Brenas, Puerto Rico",earthquake,,,,,reviewed,mpr,mpr
1999-12-18T13:30:55.610Z,43.082,143.513,116.7,4.8,mb,,,,0.91,us,usp0009jzf,2014-11-07T01:09:10.022Z,"27 km ENE of Otofuke, Japan",earthquake,,,,56,reviewed,us,us
1999-12-18T13:09:41.740Z,22.016,143.181,215.1,4,mb,,,,0.99,us,usp0009jze,2014-11-07T01:09:10.020Z,"Volcano Islands, Japan region",earthquake,,23.8,,4,reviewed,us,us
1999-12-18T12:56:17.620Z,51.42,16.097,5,3,ml,,,,0.66,us,usp0009jzd,2014-11-07T01:09:10.018Z,"7 km WNW of Lubin, Poland",earthquake,,,,,reviewed,us,vie
1999-12-18T11:39:34.300Z,-41.67,174.27,19,3.4,ml,,,,,us,usp0009jzc,2014-11-07T01:09:10.017Z,"Cook Strait, New Zealand",earthquake,,,,,reviewed,wel,wel
1999-12-18T11:34:02.150Z,-6.24,148.96,33,4.2,mb,,,,0.79,us,usp0009jzb,2014-11-07T01:09:10.015Z,"New Britain region, Papua New Guinea",earthquake,,,,3,reviewed,us,us
1999-12-18T11:33:52.920Z,-31.246,-179.232,105.7,4.4,mb,,,,1.31,us,usp0009jza,2014-11-07T01:09:10.013Z,"Kermadec Islands region",earthquake,,36.6,,3,reviewed,us,us
1999-12-18T07:50:16.270Z,14.584,-91.86,80.8,3.5,mb,,,,1.5,us,usp0009jz7,2014-11-07T01:09:10.008Z,"4 km SSW of Génova, Guatemala",earthquake,,12.2,,3,reviewed,us,us
1999-12-18T07:06:12.240Z,36.981,70.012,53.7,4.6,mb,,,,1.39,us,usp0009jz6,2014-11-07T01:09:10.004Z,"22 km SE of Rust?q, Afghanistan",earthquake,,14.2,,23,reviewed,us,us
1999-12-18T07:04:46.600Z,15.526,-60.473,30,3.6,md,,,,,us,usp0009jz5,2014-11-07T01:09:10.002Z,"84 km E of Castle Bruce, Dominica",earthquake,,,,,reviewed,fdf,trn
1999-12-18T06:58:13.310Z,-14.12,166.459,33,4.6,mb,,,,1.19,us,usp0009jz4,2014-11-07T01:09:09.999Z,"121 km WSW of Sola, Vanuatu",earthquake,,,,5,reviewed,us,us
1999-12-18T06:47:04.580Z,-6.527,148.978,33,4.6,mb,,,,0.78,us,usp0009jz2,2014-11-07T01:09:09.996Z,"72 km WSW of Kandrian, Papua New Guinea",earthquake,,,,5,reviewed,us,us
1999-12-18T04:16:50.240Z,-6.38,148.936,33,4.3,mb,,,,1.13,us,usp0009jz0,2014-11-07T01:09:09.992Z,"70 km WSW of Kandrian, Papua New Guinea",earthquake,,,,5,reviewed,us,us
1999-12-18T03:48:22.520Z,34.5805,-116.2601667,0,2.58,ml,26,54,,0.17,ci,ci9129632,2016-04-01T19:58:37.756Z,"18km SSW of Ludlow, CA",earthquake,0.29,0.66,,137,reviewed,ci,ci
1999-12-18T03:41:41.820Z,34.992,-116.468,1.155,2.64,mc,0,146.2,0.1941,0.135,ci,ci3321717,2016-02-17T11:48:35.346Z,"36km SSE of Fort Irwin, California",earthquake,,1.714,,6,reviewed,ci,ci
1999-12-18T03:41:32.820Z,-28.705,-177.464,54.3,4.8,mb,,,,1.3,us,usp0009jyz,2014-11-07T01:09:09.988Z,"Kermadec Islands region",earthquake,,,,10,reviewed,us,us
1999-12-18T02:35:08.420Z,34.434,-116.286,10.171,2.8,mc,0,79.4,0.0332,0.218,ci,ci9129626,2016-02-17T02:16:22.946Z,"33km N of Joshua Tree, California",earthquake,,0.638,,6,reviewed,ci,ci
1999-12-18T02:04:03.670Z,5.816,126.319,33,4.8,mb,,,,1.06,us,usp0009jyy,2014-11-07T01:09:09.985Z,"62 km SSE of Pondaguitan, Philippines",earthquake,,,,7,reviewed,us,us
1999-12-18T01:19:35.970Z,40.5143333,-123.558,20.188,2.89,md,35,44,0.04144,0.16,nc,nc21072434,2016-12-31T00:46:12.370Z,"8 km NNW of Mad River, California",earthquake,0.26,0.37,0.07,40,reviewed,nc,nc
1999-12-18T01:12:50.340Z,42.883,17.606,3.9,3.5,mb,,,,,us,usp0009jyw,2014-11-07T01:09:09.976Z,"4 km S of Neum, Bosnia and Herzegovina",earthquake,,,,3,reviewed,pdg,us
1999-12-18T00:50:34.800Z,7.142,94.311,33,5.2,mwc,,,,1.52,us,usp0009jyv,2022-04-29T18:21:09.666Z,"177 km NW of Sabang, Indonesia",earthquake,,,,,reviewed,us,hrv
1999-12-17T22:46:48.340Z,44.461,7.254,15.1,2.7,ml,,,,,us,usp0009jyu,2014-11-07T01:09:09.962Z,"3 km S of San Damiano Macra, Italy",earthquake,,,,,reviewed,gen,gen
1999-12-17T22:27:33.650Z,36.363,-110.273,0,2.5,ml,10,,,0.73,rusms,rusms00001606,2022-06-09T21:14:13.552Z,"24 km SW of Chilchinbito, Arizona",explosion,,,,,reviewed,us,us
1999-12-17T21:57:26.780Z,45.358,14.568,10,2.9,ml,,,,0.53,us,usp0009jys,2014-11-07T01:09:09.959Z,"5 km NNE of Škrljevo, Croatia",earthquake,,,,,reviewed,us,vie
1999-12-17T21:37:16.730Z,34.8445,-116.3998333,3.701,2.53,ml,26,128,,0.17,ci,ci9129577,2016-04-01T23:13:46.692Z,"26km WNW of Ludlow, CA",earthquake,0.28,0.43,,133,reviewed,ci,ci
1999-12-17T21:05:57.780Z,38.7543333,-122.9185,4.91,2.82,md,48,38,0.05856,0.08,nc,nc21072380,2016-12-31T00:45:29.070Z,"5 km NNW of Geyserville, California",earthquake,0.13,0.39,0.11,64,reviewed,nc,nc
1999-12-17T21:02:54.294Z,62.6066,-149.1779,61.1,2.6,ml,,,,0.74,ak,ak999g4u5gnp,2020-02-20T20:00:39.878Z,"50 km ENE of Chase, Alaska",earthquake,,1.4,,,reviewed,ak,ak
1999-12-17T21:01:01.900Z,33.157,-109.423,0,2.8,ml,6,,,0.65,rusms,rusms00001605,2022-06-09T21:14:13.549Z,"10 km NNW of Morenci, Arizona",explosion,,,,,reviewed,us,us
1999-12-17T21:00:00.070Z,51.6,-89.84,18,3.9,mblg,,,,,us,usp0009jyq,2014-11-07T01:09:09.956Z,"227 km NE of Sioux Lookout, Canada",earthquake,,,,,reviewed,ott,ott
1999-12-17T20:50:20.000Z,54.39,-161.73,7,3.6,ml,,,,,us,usp0009jyp,2020-02-20T20:00:40.282Z,"83 km SSE of King Cove, Alaska",earthquake,,,,,reviewed,aeic,aeic
1999-12-17T20:39:15.960Z,-11.923,166.523,33,4.1,mb,,,,0.83,us,usp0009jyn,2014-11-07T01:09:09.953Z,"154 km SSE of Lata, Solomon Islands",earthquake,,,,3,reviewed,us,us
1999-12-17T20:09:14.830Z,33.34,-116.404,5.445,2.9,mc,0,116.5,0.4299,0.119,ci,ci9129558,2016-02-16T18:51:07.126Z,"10km NNW of Borrego Springs, California",earthquake,,,,7,reviewed,ci,ci
1999-12-17T19:36:26.770Z,25.705,-45.112,10,4.2,mb,,,,0.72,us,usp0009jym,2014-11-07T01:09:09.952Z,"northern Mid-Atlantic Ridge",earthquake,,,,2,reviewed,us,us
1999-12-17T18:22:56.090Z,-49.522,123.088,10,4.5,mb,,,,0.93,us,usp0009jyj,2014-11-07T01:09:09.947Z,"western Indian-Antarctic Ridge",earthquake,,,,12,reviewed,us,us
1999-12-17T17:02:21.070Z,12.195,-87.504,33,4.1,mb,,,,1.21,us,usp0009jyg,2014-11-07T01:09:09.944Z,"48 km SW of Corinto, Nicaragua",earthquake,,,,5,reviewed,us,us
1999-12-17T13:52:20.946Z,63.2825,-150.5751,139.4,2.5,ml,,,,0.64,ak,ak999g4pon1q,2020-02-20T20:00:41.864Z,"64 km ESE of Denali National Park, Alaska",earthquake,,1.2,,,reviewed,ak,ak
1999-12-17T13:51:16.640Z,17.344,-95.521,93.9,3.9,mb,,,,1.27,us,usp0009jyd,2014-11-07T01:09:09.937Z,"11 km W of Jaltepec de Candayoc, Mexico",earthquake,,13.6,,5,reviewed,us,us
1999-12-17T13:47:38.120Z,31.998,-115.753,5.726,2.54,ml,0,247.2,0.6498,0.185,ci,ci9129507,2016-02-16T09:12:05.895Z,"61km WSW of Alberto Oviedo Mota, B.C., MX",earthquake,,,,23,reviewed,ci,ci
1999-12-17T12:38:01.520Z,1.229,122.74,39.8,5.2,mwc,,,,1,us,usp0009jyc,2022-04-29T18:21:08.161Z,"84 km NNW of Gorontalo, Indonesia",earthquake,,,,,reviewed,us,hrv
1999-12-17T12:12:10.700Z,40.897,31.307,18,3.5,md,,,,,us,usp0009jyb,2014-11-07T01:09:09.924Z,"13 km ENE of Düzce, Turkey",earthquake,,,,,reviewed,isk,isk
1999-12-17T12:00:22.370Z,55.742,110.273,16.3,4.3,mb,,,,1,us,usp0009jya,2014-11-07T01:09:09.920Z,"24 km SSE of Kichera, Russia",earthquake,,6.1,,7,reviewed,us,us
1999-12-17T11:42:03.260Z,35.005,-119.149,12.225,2.74,ml,0,60.4,,0.277,ci,ci9129503,2016-02-17T09:25:25.736Z,"18km N of Pine Mountain Club, California",earthquake,,0.567,,129,reviewed,ci,ci
1999-12-17T11:16:23.600Z,14.641,-103.654,33,4.2,mb,,,,1.07,us,usp0009jy8,2014-11-07T01:09:09.916Z,"off the coast of Guerrero, Mexico",earthquake,,,,5,reviewed,us,us
1999-12-17T10:59:36.190Z,-16.458,176.5,33,4.7,mb,,,,1.23,us,usp0009jy7,2014-11-07T01:09:09.913Z,"163 km NW of Lautoka, Fiji",earthquake,,,,7,reviewed,us,us
1999-12-17T10:25:26.000Z,47.44,-115.83,2,2.8,ml,,,,,us,usp0009jy6,2014-11-07T01:09:09.912Z,"3 km SSW of Mullan, Idaho",earthquake,,,,,reviewed,but,but
1999-12-17T10:15:02.200Z,40.759,77.272,33,4.5,mb,,,,0.91,us,usp0009jy5,2014-11-07T01:09:09.909Z,"130 km SE of Naryn, Kyrgyzstan",earthquake,,,,5,reviewed,us,us
1999-12-17T07:58:01.550Z,-8.407,125.186,33,5,mb,,,,1.39,us,usp0009jy3,2014-11-07T01:09:09.902Z,"22 km N of Maubara, Timor Leste",earthquake,,,,27,reviewed,us,us
1999-12-17T06:56:10.940Z,-8.417,-75.199,129.2,3.8,mb,,,,1.35,us,usp0009jy2,2014-11-07T01:09:09.900Z,"43 km W of Campo Verde, Peru",earthquake,,37.8,,4,reviewed,us,us
1999-12-17T06:47:06.805Z,64.4436,-146.8824,5.9,3.1,ml,,,,0.99,ak,ak999g4lhi54,2020-02-20T20:00:43.413Z,"9 km S of Salcha, Alaska",earthquake,,0.9,,,reviewed,ak,ak
1999-12-17T06:12:22.010Z,-50.261,139.662,10,3.8,mb,,,,0.29,us,usp0009jy0,2014-11-07T01:09:09.898Z,"western Indian-Antarctic Ridge",earthquake,,,,2,reviewed,us,us
1999-12-17T04:54:37.350Z,-5.973,146.441,114.7,4.5,mb,,,,1.51,us,usp0009jxz,2014-11-07T01:09:09.896Z,"72 km ENE of Kainantu, Papua New Guinea",earthquake,,27,,5,reviewed,us,us
1999-12-17T04:03:27.890Z,8.069,-38.026,10,5.7,mwc,,,,0.85,us,usp0009jxx,2022-04-29T18:21:07.093Z,"central Mid-Atlantic Ridge",earthquake,,,,,reviewed,us,hrv
1999-12-17T04:00:25.570Z,7.982,-37.968,10,5.5,mwc,,,,1.04,us,usp0009jxw,2022-04-29T18:21:05.625Z,"central Mid-Atlantic Ridge",earthquake,,,,,reviewed,us,hrv
1999-12-17T03:28:05.796Z,62.9945,-150.8969,109.4,3,ml,,,,0.61,ak,ak999g4jl4n7,2020-02-20T20:00:44.484Z,"55 km N of Petersville, Alaska",earthquake,,0.9,,,reviewed,ak,ak
1999-12-17T01:51:25.990Z,27.054,54.355,64.9,4.7,mb,,,,1.06,us,usp0009jxu,2014-11-07T01:09:09.849Z,"64 km NNE of K?sh, Iran",earthquake,,15,,26,reviewed,us,us
1999-12-17T01:39:55.882Z,63.1947,-151.4596,6.9,2.7,ml,,,,0.93,ak,ak999g4igq6c,2020-02-20T20:00:38.808Z,"40 km SSE of Denali National Park, Alaska",earthquake,,1.3,,,reviewed,ak,ak
1999-12-17T00:42:25.680Z,18.297,-101.451,71.4,4.1,md,,,,1.39,us,usp0009jxq,2014-11-07T01:09:09.842Z,"20 km W of Guayameo, Mexico",earthquake,,19.1,,,reviewed,us,unm
1999-12-17T00:27:28.870Z,-50.26,139.423,10,6,mwc,,,,1.11,us,usp0009jxp,2022-04-29T18:21:04.222Z,"western Indian-Antarctic Ridge",earthquake,,,,,reviewed,us,hrv
1999-12-17T00:02:57.580Z,-29.748,-71.948,72,4.3,mb,,,,0.85,us,usp0009jxn,2014-11-07T01:09:09.819Z,"63 km WNW of Coquimbo, Chile",earthquake,,12.1,,4,reviewed,us,us
1999-12-16T23:51:27.580Z,54.506,-161.039,33,5.6,mwc,,,,0.93,us,usp0009jxm,2022-04-29T18:21:02.868Z,"98 km SSW of Sand Point, Alaska",earthquake,,,,,reviewed,us,hrv
1999-12-16T23:41:59.163Z,58.6347,-142.7552,-0.4,2.7,ml,,,,0.56,ak,ak999g381coc,2020-02-20T20:00:46.364Z,"201 km WSW of Yakutat, Alaska",earthquake,,5,,,reviewed,ak,ak
1999-12-16T23:31:12.120Z,-7.054,129.54,96.7,4.3,mb,,,,0.79,us,usp0009jxk,2014-11-07T01:09:09.792Z,"Kepulauan Babar, Indonesia",earthquake,,11.8,,4,reviewed,us,us
1999-12-16T23:04:34.980Z,41.937,-108.688,0,2.8,ml,5,,,0.36,rusms,rusms00001602,2022-06-09T21:14:13.537Z,"29 km NNE of Point of Rocks, Wyoming",explosion,,,,,reviewed,us,us
1999-12-16T22:03:35.720Z,43.547,-104.909,0,2.7,ml,6,,,0.96,rusms,rusms00001601,2022-06-09T21:14:13.534Z,"52 km ESE of Wright, Wyoming",explosion,,,,,reviewed,us,us
1999-12-16T21:38:34.028Z,59.5227,-152.9983,87.2,2.8,ml,,,,0.44,ak,ak999g36tsdm,2020-02-20T20:00:46.701Z,"63 km WNW of Nanwalek, Alaska",earthquake,,0.8,,,reviewed,ak,ak
1999-12-16T21:21:23.230Z,33.221,-108.891,0,2.7,ml,10,,,0.95,rusms,rusms00001600,2022-06-09T21:14:13.530Z,"5 km SSW of Pleasanton, New Mexico",explosion,,,,,reviewed,us,us
1999-12-16T21:08:25.190Z,-6.163,129.821,172.4,4.9,mb,,,,1.14,us,usp0009jxg,2014-11-07T01:09:09.785Z,"Banda Sea",earthquake,,12.6,,19,reviewed,us,us
1999-12-16T20:29:24.950Z,33.2401657,-115.7028351,0.04,2.58,ml,0,175,0.09619,0.14,ci,ci9525417,2016-02-16T06:52:46.114Z,"12km SSE of Bombay Beach, California",earthquake,4.01,10.52,0.1,100,automatic,ci,ci
1999-12-16T20:16:03.250Z,33.1918333,-115.6031667,2.832,2.59,ml,33,40,0.01774,0.3,ci,ci9129371,2016-04-02T08:54:11.416Z,"10km SW of Niland, CA",earthquake,0.48,0.72,0.209,76,reviewed,ci,ci
1999-12-16T19:50:42.730Z,32.549,-109.338,0,2.6,ml,6,,,1.62,rusms,rusms00001599,2022-06-09T21:14:13.528Z,"28 km WSW of Franklin, Arizona",explosion,,,,,reviewed,us,us
1999-12-16T19:37:15.240Z,19.305,145.277,181.4,4.7,mb,,,,0.93,us,usp0009jxe,2014-11-07T01:09:09.776Z,"Maug Islands region, Northern Mariana Islands",earthquake,,11.9,,43,reviewed,us,us
1999-12-16T19:01:46.620Z,43.616,-105.148,0,3,ml,6,,,0.83,rusms,rusms00001598,2022-06-09T21:14:13.525Z,"31 km ESE of Wright, Wyoming",explosion,,,,,reviewed,us,us
1999-12-16T18:16:37.600Z,46.6,-1,4,2.8,ml,,,,,us,usp0009jxd,2014-11-07T01:09:09.774Z,"6 km NE of Sainte-Hermine, France",earthquake,,,,,reviewed,ldg,ldg
1999-12-16T17:59:21.033Z,57.259,-154.1918,43.8,2.7,ml,,,,0.63,ak,ak999g34kizr,2020-02-20T20:00:48.440Z,"33 km SSW of Larsen Bay, Alaska",earthquake,,2,,,reviewed,ak,ak
1999-12-16T16:32:25.940Z,-19.987,-177.922,624,4.3,mb,,,,0.5,us,usp0009jxc,2014-11-07T01:09:09.772Z,"Fiji region",earthquake,,38.4,,8,reviewed,us,us
1999-12-16T15:59:18.520Z,-35.092,-111.601,10,4.9,mb,,,,0.68,us,usp0009jxb,2014-11-07T01:09:09.770Z,"southern East Pacific Rise",earthquake,,,,1,reviewed,us,us
1999-12-16T14:43:26.190Z,-50.309,139.094,10,4.5,mb,,,,1.29,us,usp0009jxa,2014-11-07T01:09:09.767Z,"western Indian-Antarctic Ridge",earthquake,,,,6,reviewed,us,us
1999-12-16T14:26:44.650Z,27.912,54.125,84.7,3.9,mb,,,,1.42,us,usp0009jx9,2014-11-07T01:09:09.766Z,"26 km N of Ger?sh, Iran",earthquake,,42.4,,1,reviewed,us,us
1999-12-16T14:17:54.760Z,-50.149,138.989,10,6,mwc,,,,1.31,us,usp0009jx8,2022-04-29T19:39:19.584Z,"western Indian-Antarctic Ridge",earthquake,,,,,reviewed,us,hrv
1999-12-16T14:16:59.220Z,-13.728,31.459,5,4.4,mb,,,,1.22,us,usp0009jx7,2014-11-07T01:09:09.745Z,"58 km NNE of Petauke, Zambia",earthquake,,,,5,reviewed,us,us
1999-12-16T13:47:11.640Z,36.535,139.342,33,4.2,mb,,,,1.52,us,usp0009jx6,2014-11-07T01:09:09.742Z,"12 km NNE of ?mamach?-?mama, Japan",earthquake,,,,6,reviewed,us,us
1999-12-16T13:28:33.670Z,36.571,139.339,33,3.9,mb,,,,1.34,us,usp0009jx5,2014-11-07T01:09:09.741Z,"16 km NNE of ?mamach?-?mama, Japan",earthquake,,,,1,reviewed,us,us
1999-12-16T13:05:38.660Z,27.102,140.187,420.9,4,mb,,,,1.15,us,usp0009jx4,2014-11-07T01:09:09.738Z,"Bonin Islands, Japan region",earthquake,,16.9,,1,reviewed,us,us
1999-12-16T12:16:12.300Z,17.312,-97.08,76,3.7,md,,,,,us,usp0009jx3,2014-11-07T01:09:09.737Z,"7 km SW of San Jerónimo Sosola, Mexico",earthquake,,,,,reviewed,unm,unm
1999-12-16T11:53:58.270Z,-28.975,-13.07,10,4.6,mb,,,,1.26,us,usp0009jx2,2014-11-07T01:09:09.736Z,"southern Mid-Atlantic Ridge",earthquake,,,,9,reviewed,us,us
1999-12-16T11:33:43.920Z,45.942,7.929,3.2,2.7,ml,,,,,us,usp0009jx1,2014-11-07T01:09:09.731Z,"4 km SW of Staffa, Italy",earthquake,,,,,reviewed,gen,gen
1999-12-16T11:28:28.500Z,-29.102,-13.203,10,4.6,mb,,,,1.25,us,usp0009jx0,2014-11-07T01:09:09.729Z,"southern Mid-Atlantic Ridge",earthquake,,,,6,reviewed,us,us
1999-12-16T10:55:11.600Z,27.048,127.395,122.1,4.5,mb,,,,0.82,us,usp0009jwz,2014-11-07T01:09:09.727Z,"75 km NW of Nago, Japan",earthquake,,9.4,,4,reviewed,us,us
1999-12-16T10:36:17.630Z,-28.939,-13.342,10,5.7,mwc,,,,1.35,us,usp0009jwy,2022-04-29T18:21:01.415Z,"southern Mid-Atlantic Ridge",earthquake,,,,,reviewed,us,hrv
1999-12-16T09:43:27.380Z,57.3685,-154.0619,44.3,2.5,ml,,,,0.49,ak,ak999g2zpn6q,2020-02-20T20:00:50.532Z,"Kodiak Island region, Alaska",earthquake,,2.1,,,reviewed,ak,ak
1999-12-16T08:19:38.030Z,25.328,124.253,132.6,4.9,mb,,,,1.11,us,usp0009jwx,2014-11-07T01:09:09.692Z,"109 km N of Ishigaki, Japan",earthquake,,,,55,reviewed,us,us
1999-12-16T07:54:53.710Z,37.5301667,-118.8178333,3.747,2.95,md,37,109,0.03694,0.04,nc,nc21072055,2016-12-31T00:40:24.390Z,"9 km WSW of Aspen Springs, California",earthquake,0.23,0.52,0.12,58,reviewed,nc,nc
1999-12-16T07:33:55.010Z,-5.812,151.262,33,5.3,mwc,,,,1.05,us,usp0009jwv,2022-04-29T18:21:00.081Z,"127 km ESE of Kimbe, Papua New Guinea",earthquake,,,,,reviewed,us,hrv
1999-12-16T07:00:59.200Z,45.221,14.608,10,3.5,ml,,,,1.45,us,usp0009jwu,2014-11-07T01:09:09.675Z,"1 km SW of Jadranovo, Croatia",earthquake,,,,,reviewed,us,zag
1999-12-16T06:42:38.310Z,36.7905,-121.4326667,10.429,2.65,md,82,33,0.04595,0.09,nc,nc21072045,2016-12-31T00:40:07.110Z,"6 km WSW of Ridgemark, California",earthquake,0.13,0.25,0.1,91,reviewed,nc,nc
1999-12-16T06:14:43.510Z,-57.664,-25.259,60.4,4.3,mb,,,,1.31,us,usp0009jwt,2014-11-07T01:09:09.674Z,"South Sandwich Islands region",earthquake,,34.3,,5,reviewed,us,us
1999-12-16T06:03:35.100Z,31.969,-115.74,5.784,2.92,ml,0,252.5,0.6785,0.327,ci,ci9129259,2016-02-16T21:20:33.566Z,"61km WSW of Alberto Oviedo Mota, B.C., MX",earthquake,,,,75,reviewed,ci,ci
1999-12-16T05:23:28.900Z,-7.885,-74.398,163.2,4.2,mb,,,,0.34,us,usp0009jws,2014-11-07T01:09:09.672Z,"57 km NNE of Pucallpa, Peru",earthquake,,,,6,reviewed,us,us
1999-12-16T04:38:09.280Z,12.013,-43.864,10,4.7,mb,,,,1.08,us,usp0009jwr,2014-11-07T01:09:09.668Z,"northern Mid-Atlantic Ridge",earthquake,,,,21,reviewed,us,us
1999-12-16T04:26:35.100Z,19.356,-99.13,20,3.3,md,,,,,us,usp0009jwq,2014-11-07T01:09:09.666Z,"2 km SSE of Colonia Nativitas, Mexico",earthquake,,,,,reviewed,unm,unm
1999-12-16T04:04:47.933Z,57.3049,-154.1869,45.1,3.3,ml,,,,0.86,ak,ak999g2wi5tl,2020-02-20T20:00:51.963Z,"29 km SSW of Larsen Bay, Alaska",earthquake,,1.4,,,reviewed,ak,ak
1999-12-16T03:22:14.500Z,19.706,-75.715,10,4.8,mb,,,,0.99,us,usp0009jwn,2014-11-07T01:09:09.658Z,"36 km SSE of Santiago de Cuba, Cuba",earthquake,,,,43,reviewed,us,us
1999-12-16T02:13:24.720Z,40.8911667,-125.3275,4.722,2.72,md,32,264,0.8613,0.07,nc,nc21072005,2016-12-31T00:39:10.481Z,"95 km WNW of Indianola, California",earthquake,1.44,10.26,0.14,12,reviewed,nc,nc
1999-12-16T01:18:15.184Z,57.2974,-154.2319,14.2,3,ml,,,,0.82,ak,ak999g2ussi6,2020-02-20T20:00:52.761Z,"31 km SSW of Larsen Bay, Alaska",earthquake,,3.2,,,reviewed,ak,ak
1999-12-15T23:47:18.420Z,54.573,-161.168,68,4.9,mb,,,,0.83,us,usp0009jwh,2014-11-07T01:09:09.643Z,"91 km SE of King Cove, Alaska",earthquake,,5.3,,57,reviewed,us,us
1999-12-15T23:08:14.940Z,-5.796,148.422,128.4,4.5,mb,,,,0.75,us,usp0009jwg,2014-11-07T01:09:09.641Z,"105 km NE of Finschhafen, Papua New Guinea",earthquake,,16.2,,4,reviewed,us,us
1999-12-15T22:24:03.010Z,-0.268,99.556,129.8,4.7,mb,,,,0.74,us,usp0009jwf,2014-11-07T01:09:09.639Z,"73 km WNW of Pariaman, Indonesia",earthquake,,33.8,,3,reviewed,us,us
1999-12-15T21:04:54.310Z,33.295,-109.104,0,2.8,ml,6,,,0.4,rusms,rusms00001596,2022-06-09T21:14:13.519Z,"20 km W of Glenwood, New Mexico",explosion,,,,,reviewed,us,us
1999-12-15T19:55:55.370Z,41.6738333,-112.8335,5.39,2.75,ml,24,182,0.1145,0.22,uu,uu50192480,2018-08-28T17:30:42.850Z,"33 km SSW of Snowville, Utah",earthquake,1.04,0.8,,5,reviewed,uu,uu
1999-12-15T19:51:35.580Z,32.562,-109.196,0,2.7,ml,8,,,0.62,rusms,rusms00001594,2022-06-09T21:14:13.513Z,"16 km SW of Franklin, Arizona",explosion,,,,,reviewed,us,us
1999-12-15T19:12:33.650Z,-20.116,67.447,10,5,mb,,,,1.02,us,usp0009jwd,2014-11-07T01:09:09.632Z,"Mid-Indian Ridge",earthquake,,,,12,reviewed,us,us
1999-12-15T18:38:20.620Z,15.29,-60.715,32.1,2.6,md,,,,,us,usp0009jwc,2014-11-07T01:09:09.630Z,"57 km E of La Plaine, Dominica",earthquake,,,,,reviewed,fdf,fdf
1999-12-15T18:30:18.840Z,34.45,-116.243,2.001,2.67,ml,0,67.5,,0.171,ci,ci9129159,2016-02-16T06:52:37.181Z,"31km SSW of Ludlow, California",earthquake,,0.347,,131,reviewed,ci,ci
1999-12-15T14:14:15.450Z,4.622,126.888,188.7,4.6,mb,,,,1.09,us,usp0009jw9,2014-11-07T01:09:09.625Z,"180 km ESE of Sarangani, Philippines",earthquake,,45.5,,8,reviewed,us,us
1999-12-15T13:45:02.600Z,34.608,-116.282,2.029,3.02,ml,0,40.5,,0.204,ci,ci9129139,2016-04-02T00:48:22.699Z,"17km SW of Ludlow, CA",earthquake,,0.485,,177,reviewed,ci,ci
1999-12-15T11:38:08.380Z,34.6468333,-116.2856667,4.307,2.74,ml,26,84,,0.16,ci,ci9129117,2016-04-02T05:44:22.118Z,"14km SW of Ludlow, CA",earthquake,0.31,1.06,,151,reviewed,ci,ci
1999-12-15T11:27:39.300Z,15.075,-104.625,10,4.5,mb,,,,1.22,us,usp0009jw6,2014-11-07T01:09:09.617Z,"off the coast of Michoacan, Mexico",earthquake,,,,11,reviewed,us,us
1999-12-15T09:56:29.810Z,-5.773,150.995,33,3.7,mb,,,,0.93,us,usp0009jw5,2014-11-07T01:09:09.616Z,"98 km ESE of Kimbe, Papua New Guinea",earthquake,,,,2,reviewed,us,us
1999-12-15T09:00:38.800Z,-23.28,-70.039,40.7,4.7,mb,,,,1.05,us,usp0009jw4,2014-11-07T01:09:09.610Z,"55 km NE of Antofagasta, Chile",earthquake,,,,15,reviewed,us,us
1999-12-15T08:23:46.600Z,-15.565,-75.032,33,4.6,mb,,,,0.64,us,usp0009jw3,2014-11-07T01:09:09.608Z,"26 km SSE of San Juan, Peru",earthquake,,,,4,reviewed,us,us
1999-12-15T07:50:17.730Z,36.48,70.287,217.7,4,mb,,,,1.16,us,usp0009jw2,2014-11-07T01:09:09.606Z,"39 km ESE of Farkh?r, Afghanistan",earthquake,,13.7,,5,reviewed,us,us
1999-12-15T07:33:52.310Z,-5.851,150.993,86.4,4.5,mb,,,,1.16,us,usp0009jw1,2014-11-07T01:09:09.605Z,"100 km ESE of Kimbe, Papua New Guinea",earthquake,,11.6,,4,reviewed,us,us
1999-12-15T07:10:48.220Z,-5.597,150.913,33,4.1,mb,,,,1.07,us,usp0009jw0,2014-11-07T01:09:09.603Z,"86 km E of Kimbe, Papua New Guinea",earthquake,,,,1,reviewed,us,us
1999-12-15T06:52:05.480Z,34.335,-116.117,1.791,3.28,ml,0,46.4,,0.24,ci,ci3321650,2016-04-02T07:15:12.388Z,"22km N of Twentynine Palms, CA",earthquake,,0.332,,83,reviewed,ci,ci
1999-12-15T06:51:03.080Z,34.333,-116.113,1.991,3.27,ml,0,45.8,,0.197,ci,ci9129107,2016-04-02T16:51:35.498Z,"22km N of Twentynine Palms, CA",earthquake,,0.291,,113,reviewed,ci,ci
1999-12-15T06:30:36.620Z,31.12,51.133,33,4.5,mb,,,,0.74,us,usp0009jvx,2014-11-07T01:09:09.595Z,"52 km SW of Sem?rom, Iran",earthquake,,,,13,reviewed,us,us
1999-12-15T06:29:48.130Z,34.101,-117.007,1.789,3.09,ml,0,18.3,,0.197,ci,ci9129102,2016-04-02T19:51:31.410Z,"8km NNE of Yucaipa, CA",earthquake,,0.15,,203,reviewed,ci,ci
1999-12-15T05:58:12.500Z,44,8.8,2,2.6,ml,,,,,us,usp0009jvv,2014-11-07T01:09:09.589Z,"38 km SE of Noli, Italy",earthquake,,,,,reviewed,ldg,gen
1999-12-15T05:40:09.610Z,-2.232,134.401,33,4.5,mb,,,,1.24,us,usp0009jvu,2014-11-07T01:09:09.587Z,"155 km SSE of Manokwari, Indonesia",earthquake,,,,6,reviewed,us,us
1999-12-15T05:12:33.190Z,11.246,124.657,33,4.8,mb,,,,1.19,us,usp0009jvt,2021-10-20T17:31:29.360Z,"5 km SSE of Capoocan, Philippines",earthquake,,,,16,reviewed,us,us
1999-12-15T04:46:22.200Z,27.668,139.487,391.4,4.3,mb,,,,0.76,us,usp0009jvs,2014-11-07T01:09:09.582Z,"Bonin Islands, Japan region",earthquake,,30.5,,2,reviewed,us,us
1999-12-15T04:41:12.390Z,-5.786,150.974,33,6.3,mwc,,,,0.88,us,usp0009jvr,2022-04-29T18:20:59.015Z,"New Britain region, Papua New Guinea",earthquake,,,,,reviewed,us,hrv
1999-12-15T03:46:53.170Z,34.857,-116.39,5.88,3.12,ml,0,61.9,,0.178,ci,ci9129090,2016-04-02T00:50:23.406Z,"26km NW of Ludlow, CA",earthquake,,0.833,,193,reviewed,ci,ci
1999-12-15T02:59:29.260Z,34.45,-116.208,4.616,2.85,ml,0,42.9,,0.178,ci,ci9129085,2016-02-16T23:49:15.855Z,"30km S of Ludlow, California",earthquake,,0.318,,149,reviewed,ci,ci
1999-12-15T02:28:08.820Z,28.107,53.943,33,3.6,mb,,,,0.38,us,usp0009jvn,2014-11-07T01:09:09.545Z,"52 km NNW of Ger?sh, Iran",earthquake,,,,1,reviewed,us,us
1999-12-15T02:13:37.560Z,33.9685,-116.9546667,16.932,2.73,ml,85,21,,0.17,ci,ci9129078,2016-04-01T23:14:10.458Z,"5km NNE of Beaumont, CA",earthquake,0.14,0.38,0.15,67,reviewed,ci,ci
1999-12-15T02:09:12.570Z,54.964,139.927,33,4.2,mb,,,,0.95,us,usp0009jvk,2014-11-07T01:09:09.543Z,"114 km N of Mnogovershinnyy, Russia",earthquake,,,,2,reviewed,us,us
1999-12-15T01:45:22.430Z,62.399,-151.115,33,2.8,ml,,,,0.66,us,usp0009jvj,2014-11-07T01:09:09.541Z,"21 km WSW of Petersville, Alaska",earthquake,,,,,reviewed,us,pmr
1999-12-15T00:31:00.140Z,47.793,-119.6905,-0.458,2.6,md,15,130,0.1999,0.42,uw,uw10486503,2016-07-23T19:13:35.950Z,"Washington",explosion,1.514,0.66,0.1,3,reviewed,uw,uw
1999-12-15T00:22:07.990Z,34.405,-116.16,6.054,2.54,ml,0,65.4,,0.16,ci,ci9129051,2016-02-16T13:56:00.534Z,"31km NNW of Twentynine Palms, California",earthquake,,4.566,,109,reviewed,ci,ci
1999-12-15T00:00:44.420Z,17.189,-85.134,10,5.7,mwb,,,,1.05,us,usp0009jvf,2022-04-29T18:20:57.928Z,"111 km NE of Savannah Bight, Honduras",earthquake,,,,,reviewed,us,us
1999-12-14T23:53:01.420Z,16.051,-97.145,33,4.2,md,,,,0.55,us,usp0009jve,2014-11-07T01:09:09.518Z,"3 km ESE of Santa María Tiltepec, Mexico",earthquake,,,,,reviewed,us,unm
1999-12-14T23:33:18.740Z,-3.252,143.079,33,4.2,mb,,,,0.56,us,usp0009jvd,2014-11-07T01:09:09.516Z,"69 km WNW of Wewak, Papua New Guinea",earthquake,,,,2,reviewed,us,us
1999-12-14T23:31:34.840Z,17.388,-85.797,33,4.3,mb,,,,1.47,us,usp0009jvc,2014-11-07T01:09:09.513Z,"103 km N of Savannah Bight, Honduras",earthquake,,,,10,reviewed,us,us
1999-12-14T22:58:44.740Z,-0.804,98.594,33,4.7,mb,,,,1.09,us,usp0009jvb,2014-11-07T01:09:09.510Z,"171 km W of Pariaman, Indonesia",earthquake,,,,4,reviewed,us,us
1999-12-14T20:51:09.180Z,17.954,-66.965,14.2,3,md,,,,,us,usp0009jv8,2014-11-07T01:09:09.506Z,"6 km WSW of Guánica, Puerto Rico",earthquake,,,,,reviewed,mpr,mpr
1999-12-14T20:50:56.500Z,32.809,-108.962,0,3.3,ml,8,,,1.14,rusms,rusms00001591,2022-06-09T21:14:13.502Z,"14 km NNE of Virden, New Mexico",explosion,,,,,reviewed,us,us
1999-12-14T20:41:33.540Z,19.2038333,-155.5155,4.766,2.51,ml,35,125,,0.16,hv,hv1274578,2020-03-31T21:09:05.390Z,"3 km W of P?hala, Hawaii",earthquake,0.52,1.02,0.19,9,reviewed,hv,hv
1999-12-14T17:17:55.700Z,57.0605,-154.3069,48.9,2.8,ml,,,,0.63,ak,ak999fzt8wlu,2020-02-20T20:00:54.578Z,"15 km NNW of Akhiok, Alaska",earthquake,,4.5,,,reviewed,ak,ak
1999-12-14T16:56:48.370Z,34.696,-116.31,5.039,2.66,ml,0,105.2,0.1314,0.115,ci,ci9128966,2016-02-16T13:55:54.787Z,"14km WSW of Ludlow, California",earthquake,,28.195,,113,reviewed,ci,ci
1999-12-14T16:41:49.520Z,34.634,-116.224,2.389,2.67,ml,0,76.4,0.07721,0.148,ci,ci9128963,2016-02-16T21:20:17.490Z,"11km SSW of Ludlow, California",earthquake,,0.411,,115,reviewed,ci,ci
1999-12-14T14:26:34.175Z,57.1943,-154.3198,50.4,3.1,ml,,,,0.69,ak,ak999fzrihkp,2020-02-20T20:00:54.891Z,"29 km NNW of Akhiok, Alaska",earthquake,,16.3,,,reviewed,ak,ak
1999-12-14T13:58:39.880Z,40.749,-126.93,10,3.5,ml,,,,1.01,us,usp0009jv7,2014-11-07T01:09:09.505Z,"226 km W of Ferndale, California",earthquake,,,,,reviewed,us,us
1999-12-14T13:37:20.650Z,-21.945,-67.121,198.6,4,mb,,,,0.77,us,usp0009jv6,2014-11-07T01:09:09.502Z,"145 km SW of Atocha, Bolivia",earthquake,,5.3,,13,reviewed,us,us
1999-12-14T13:35:15.333Z,57.2366,-154.3085,30.1,4.2,ml,,,,1.28,ak,ak999fzqyxyl,2020-02-20T20:00:59.224Z,"33 km NNW of Akhiok, Alaska",earthquake,,0.5,,,reviewed,ak,ak
1999-12-14T13:26:54.600Z,44.12,151.851,33,4,mb,,,,1.09,us,usp0009jv4,2014-11-07T01:09:09.491Z,"east of the Kuril Islands",earthquake,,,,1,reviewed,us,us
1999-12-14T11:21:26.520Z,25.341,123.545,170.9,4.9,mb,,,,0.99,us,usp0009jv2,2014-11-07T01:09:09.479Z,"111 km NNE of Yonakuni, Japan",earthquake,,,,46,reviewed,us,us
1999-12-14T10:25:54.588Z,61.0412,-150.0041,41.6,2.5,ml,,,,1.06,ak,ak999fzp4l0i,2020-02-20T20:01:00.636Z,"20 km SSW of Anchorage, Alaska",earthquake,,0.6,,,reviewed,ak,ak
1999-12-14T09:42:50.300Z,-40.41,177.27,33,4.1,ml,,,,,us,usp0009jv0,2014-11-07T01:09:09.476Z,"off the east coast of the North Island of New Zealand",earthquake,,,,,reviewed,wel,wel
1999-12-14T09:41:13.860Z,44.08,147.565,33,4.6,mb,,,,1.28,us,usp0009juz,2014-11-07T01:09:09.474Z,"74 km ENE of Shikotan, Russia",earthquake,,,,1,reviewed,us,us
1999-12-14T09:24:08.940Z,-3.303,142.971,33,5.3,mwc,,,,1.08,us,usp0009juy,2022-04-29T18:20:56.916Z,"71 km ESE of Aitape, Papua New Guinea",earthquake,,,,,reviewed,us,hrv
1999-12-14T09:09:26.240Z,13.955,120.542,33,4.6,mb,,,,1.21,us,usp0009jux,2014-11-07T01:09:09.461Z,"9 km WNW of Balibago, Philippines",earthquake,,,,5,reviewed,us,us
1999-12-14T08:21:02.210Z,19.241,-104.925,33,4.7,mb,,,,1.51,us,usp0009juw,2014-11-07T01:09:09.458Z,"15 km WSW of La Manzanilla, Mexico",earthquake,,,,1,reviewed,us,us
1999-12-14T08:08:29.190Z,34.787,-116.296,3.6,2.69,ml,0,125.9,0.05472,0.118,ci,ci9128923,2016-02-17T07:02:04.029Z,"14km WNW of Ludlow, California",earthquake,,0.348,,142,reviewed,ci,ci
1999-12-14T07:33:07.650Z,-3.289,142.966,33,4.7,mb,,,,1.14,us,usp0009juv,2014-11-07T01:09:09.455Z,"70 km ESE of Aitape, Papua New Guinea",earthquake,,,,12,reviewed,us,us
1999-12-14T07:18:35.283Z,57.1849,-154.3067,25.1,2.9,ml,,,,0.35,ak,ak999fznaqp4,2020-02-20T20:00:55.502Z,"27 km NNW of Akhiok, Alaska",earthquake,,3668.2,,,reviewed,ak,ak
1999-12-14T07:12:14.720Z,18.098,-98.56,56.2,4.8,mb,,,,1.11,us,usp0009juu,2014-11-07T01:09:09.442Z,"5 km NW of Xicotlán, Mexico",earthquake,,,,54,reviewed,us,us
1999-12-14T06:38:56.470Z,-15.544,-70.731,176.3,4.1,mb,,,,0.97,us,usp0009jut,2014-11-07T01:09:09.438Z,"21 km NW of Santa Lucía, Peru",earthquake,,8,,16,reviewed,us,us
1999-12-14T06:18:16.520Z,19.9418333,-155.7505,33.762,2.5,ml,32,130,,0.09,hv,hv1274533,2020-03-31T21:09:05.230Z,"4 km E of Waikoloa, Hawaii",earthquake,0.63,1.19,0.13,7,reviewed,hv,hv
1999-12-14T06:00:32.400Z,-39.12,173.8,5,3.5,ml,,,,,us,usp0009jus,2014-11-07T01:09:09.436Z,"25 km WSW of New Plymouth, New Zealand",earthquake,,,,,reviewed,wel,wel
1999-12-14T05:04:42.960Z,39.9458333,-120.4826667,-1.136,2.86,md,33,112,0.2198,0.1,nc,nc30221155,2016-12-31T00:36:08.440Z,"8 km N of Lake Davis, California",earthquake,0.18,1.93,0.14,48,reviewed,nc,nc
1999-12-14T05:02:27.900Z,39.9463333,-120.4861667,-1.04,3.1,md,38,112,0.2207,0.13,nc,nc21071690,2016-12-31T00:35:46.030Z,"8 km N of Lake Davis, California",earthquake,0.26,2.45,0.14,52,reviewed,nc,nc
1999-12-14T04:59:13.355Z,57.2212,-154.1859,33,2.6,ml,,,,0.52,ak,ak999fzlr6jr,2020-02-20T20:00:55.815Z,"30 km N of Akhiok, Alaska",earthquake,,35.2,,,reviewed,ak,ak
1999-12-14T01:58:18.870Z,46.224,16.44,10,2.7,ml,,,,0.94,us,usp0009jur,2014-11-07T01:09:09.434Z,"4 km SSW of Jalžabet, Croatia",earthquake,,,,,reviewed,us,vie
1999-12-14T01:55:39.800Z,-1.278,148.983,33,4.4,mb,,,,0.86,us,usp0009juq,2014-11-07T01:09:09.432Z,"207 km ENE of Lorengau, Papua New Guinea",earthquake,,,,1,reviewed,us,us
1999-12-14T01:49:52.950Z,19.565,120.312,33,3.8,mb,,,,1.3,us,usp0009jup,2014-11-07T01:09:09.430Z,"121 km NNW of Pagudpud, Philippines",earthquake,,,,1,reviewed,us,us
1999-12-13T23:40:31.449Z,60.2023,-153.1752,133.9,3,ml,,,,0.51,ak,ak999fy9f1c8,2020-02-20T20:01:08.526Z,"63 km E of Port Alsworth, Alaska",earthquake,,1,,,reviewed,ak,ak
1999-12-13T23:21:24.380Z,38.8248333,-122.793,4.131,3.39,ml,51,36,0.07297,0.04,nc,nc21071655,2016-12-31T00:34:43.810Z,"Northern California",earthquake,0.1,0.29,,9,reviewed,nc,nc
1999-12-13T22:41:06.102Z,57.3243,-154.2695,8.4,3.5,ml,,,,1.26,ak,ak999fy8trhu,2020-02-20T20:01:08.975Z,"29 km SSE of Karluk, Alaska",earthquake,,2.9,,,reviewed,ak,ak
1999-12-13T22:40:13.970Z,-0.138,125.119,66.3,5.8,mwc,,,,1.11,us,usp0009juj,2022-04-29T18:20:55.640Z,"161 km S of Tondano, Indonesia",earthquake,,3.5,,,reviewed,us,hrv
1999-12-13T22:36:12.580Z,-8.207,-74.617,86.8,4.1,mb,,,,1.02,us,usp0009juh,2014-11-07T01:09:09.396Z,"20 km NNW of Pucallpa, Peru",earthquake,,22.1,,5,reviewed,us,us
1999-12-13T21:36:44.000Z,-5.255,151.181,33,4.6,mb,,,,0.77,us,usp0009juf,2014-11-07T01:09:09.394Z,"120 km ENE of Kimbe, Papua New Guinea",earthquake,,,,2,reviewed,us,us
1999-12-13T19:40:17.900Z,47.1,-1.6,5,2.7,ml,,,,,us,usp0009jue,2014-11-07T01:09:09.390Z,"1 km NE of La Chevrolière, France",earthquake,,,,,reviewed,ldg,ldg
1999-12-13T19:39:54.730Z,-23.62,-66.488,222.1,4,mb,,,,1.42,us,usp0009jud,2014-11-07T01:09:09.389Z,"Jujuy, Argentina",earthquake,,9.8,,3,reviewed,us,us
1999-12-13T19:16:53.476Z,57.2649,-154.2894,46.7,2.8,ml,,,,0.37,ak,ak999fy6w7fn,2020-02-20T20:01:03.832Z,"35 km SSE of Karluk, Alaska",earthquake,,4.3,,,reviewed,ak,ak
1999-12-13T19:13:37.560Z,40.734,30.756,10,4.3,mb,,,,1.14,us,usp0009juc,2014-11-07T01:09:09.383Z,"Western Turkey",earthquake,,,,13,reviewed,us,us
1999-12-13T19:13:07.510Z,-22.933,69.277,10,4.6,mb,,,,1.13,us,usp0009jub,2014-11-07T01:09:09.381Z,"Mid-Indian Ridge",earthquake,,,,2,reviewed,us,us
1999-12-13T18:57:47.770Z,-31.853,-69.437,114,4.7,mb,,,,0.93,us,usp0009jua,2014-11-07T01:09:09.375Z,"57 km S of Calingasta, Argentina",earthquake,,,,22,reviewed,us,us
1999-12-13T18:07:00.042Z,53.4216,-164.8624,22.3,3.3,ml,,,,0.52,ak,ak999fy68q9g,2020-02-20T20:01:10.026Z,"99 km SE of Akutan, Alaska",earthquake,,6.4,,,reviewed,ak,ak
1999-12-13T17:33:05.530Z,-17.313,-72.174,78.7,3.9,mb,,,,1.17,us,usp0009ju9,2014-11-07T01:09:09.373Z,"35 km SSW of Islay (Matarani), Peru",earthquake,,14.1,,2,reviewed,us,us
1999-12-13T17:21:02.612Z,57.2355,-154.0996,19.5,3.1,ml,,,,0.49,ak,ak999fy5qavp,2020-02-20T20:01:04.150Z,"32 km N of Akhiok, Alaska",earthquake,,12.9,,,reviewed,ak,ak
1999-12-13T17:06:37.811Z,57.2625,-154.2386,27.5,2.7,ml,,,,0.58,ak,ak999fy5n5ut,2020-02-20T20:01:04.469Z,"34 km SSW of Larsen Bay, Alaska",earthquake,,11,,,reviewed,ak,ak
1999-12-13T16:22:02.280Z,33.1788333,-115.6168333,10.781,2.53,ml,8,89,0.001688,0.45,ci,ci9524633,2016-02-16T23:49:06.545Z,"11km WNW of Calipatria, California",earthquake,1.96,2.39,0.1,100,reviewed,ci,ci
1999-12-13T16:18:28.440Z,45.308,148.101,165.6,4.4,mb,,,,1.54,us,usp0009ju7,2014-11-07T01:09:09.370Z,"Kuril Islands",earthquake,,10.5,,1,reviewed,us,us
1999-12-13T16:16:35.700Z,34.2533333,-116.431,2.198,2.67,mc,33,26,0.07451,0.21,ci,ci9128803,2016-04-02T05:43:48.004Z,"16km N of Yucca Valley, CA",earthquake,0.42,0.79,,49,reviewed,ci,ci
1999-12-13T16:16:10.200Z,16.1,-97.306,15.8,3.8,md,,,,,us,usp0009ju6,2014-11-07T01:09:09.368Z,"Oaxaca, Mexico",earthquake,,,,,reviewed,unm,unm
1999-12-13T16:07:04.110Z,4.519,-75.693,10,2.6,ml,,,,1.17,us,usp0009ju5,2014-11-07T01:09:09.367Z,"2 km SW of Armenia, Colombia",earthquake,,,,,reviewed,us,rsnc
1999-12-13T14:45:58.950Z,-6.233,130.167,107.7,4.4,mb,,,,1.22,us,usp0009ju4,2014-11-07T01:09:09.364Z,"293 km WSW of Tual, Indonesia",earthquake,,13.9,,7,reviewed,us,us
1999-12-13T14:40:33.990Z,17.964,-66.808,17.4,2.5,md,,,,,us,usp0009ju3,2014-11-07T01:09:09.363Z,"3 km SSE of Indios, Puerto Rico",earthquake,,,,,reviewed,mpr,mpr
1999-12-13T14:25:34.570Z,6.8,-72.91,165.4,3.9,mb,,,,0.91,us,usp0009ju2,2014-11-07T01:09:09.359Z,"6 km W of San Andrés, Colombia",earthquake,,4.8,,7,reviewed,us,us
1999-12-13T14:25:17.518Z,57.2553,-154.2284,40.7,3.1,ml,,,,0.45,ak,ak999fy3yw2v,2020-02-20T20:01:04.777Z,"34 km N of Akhiok, Alaska",earthquake,,23,,,reviewed,ak,ak
1999-12-13T14:03:35.790Z,34.1015,-117.0061667,4.701,2.66,mc,34,39,,0.17,ci,ci9128768,2016-04-02T15:18:34.848Z,"8km NNE of Yucaipa, CA",earthquake,0.27,31.61,0.163,0,reviewed,ci,ci
1999-12-13T13:51:56.350Z,34.8571667,-116.3995,4.331,2.88,ml,19,76,,0.16,ci,ci9128766,2016-04-02T02:30:04.131Z,"27km NW of Ludlow, CA",earthquake,0.39,0.7,,44,reviewed,ci,ci
1999-12-13T13:20:16.300Z,34.1013333,-117.0086667,2.021,3.81,ml,77,15,,0.18,ci,ci9128775,2016-04-02T05:43:46.559Z,"8km NNE of Yucaipa, CA",earthquake,0.2,0.45,0.197,195,reviewed,ci,ci
1999-12-13T12:20:25.395Z,57.1933,-154.2435,33.5,2.5,ml,,,,0.49,ak,ak999fy2qywb,2020-02-20T20:01:05.094Z,"27 km N of Akhiok, Alaska",earthquake,,287.9,,,reviewed,ak,ak
1999-12-13T11:14:12.810Z,44.064,16.24,10,3.6,md,,,,1.11,us,usp0009jty,2014-11-07T01:09:09.344Z,"4 km NE of Knin, Croatia",earthquake,,,,,reviewed,us,pdg
1999-12-13T10:40:23.293Z,57.1916,-154.3726,46.9,2.7,ml,,,,0.44,ak,ak999fy1oduh,2020-02-20T20:01:05.704Z,"30 km NNW of Akhiok, Alaska",earthquake,,5.3,,,reviewed,ak,ak
1999-12-13T09:53:29.890Z,19.272,145.959,33,4.6,mb,,,,0.71,us,usp0009jtx,2014-11-07T01:09:09.342Z,"Maug Islands region, Northern Mariana Islands",earthquake,,,,1,reviewed,us,us
1999-12-13T09:38:02.500Z,52.897,-168.165,33,3.8,ml,,,,0.81,us,usp0009jtw,2014-11-07T01:09:09.339Z,"47 km E of Nikolski, Alaska",earthquake,,,,,reviewed,us,pmr
1999-12-13T09:30:39.680Z,2.077,127.115,84.6,5.9,mwc,,,,1.02,us,usp0009jtv,2022-04-29T18:20:53.963Z,"106 km WNW of Tobelo, Indonesia",earthquake,,2.6,,,reviewed,us,hrv
1999-12-13T07:09:56.997Z,57.2143,-154.2581,28.3,2.9,ml,,,,0.43,ak,ak999fxzpifn,2020-02-20T20:01:07.212Z,"30 km N of Akhiok, Alaska",earthquake,,9.2,,,reviewed,ak,ak
1999-12-13T07:03:28.490Z,38.8081667,-122.7845,0.193,2.71,md,34,41,0.008108,0.04,nc,nc21071577,2016-12-31T00:32:20.870Z,"5 km WSW of Cobb, California",earthquake,0.13,0.23,0.13,39,reviewed,nc,nc
1999-12-13T06:57:46.890Z,38.81,-122.7806667,0.573,3.38,ml,51,42,0.01081,0.05,nc,nc21071576,2016-12-31T00:31:52.410Z,"5 km WSW of Cobb, California",earthquake,0.11,0.25,,10,reviewed,nc,nc
1999-12-13T06:09:48.210Z,-0.649,130.371,33,4.3,mb,,,,0.71,us,usp0009jtt,2014-11-07T01:09:09.288Z,"102 km WNW of Sorong, Indonesia",earthquake,,,,1,reviewed,us,us
1999-12-13T05:47:38.090Z,34.389,-116.146,4.726,3.35,ml,0,47.7,,0.194,ci,ci9128729,2016-04-02T16:53:23.399Z,"29km NNW of Twentynine Palms, CA",earthquake,,1.912,,201,reviewed,ci,ci
1999-12-13T05:09:29.160Z,-9.646,124.261,33,4.9,mb,,,,1.38,us,usp0009jtr,2014-11-07T01:09:09.281Z,"23 km N of Soe, Indonesia",earthquake,,,,5,reviewed,us,us
1999-12-13T04:36:15.700Z,14.23,-93.073,20,4.2,md,,,,,us,usp0009jtq,2014-11-07T01:09:09.280Z,"88 km SW of Puerto Madero, Mexico",earthquake,,,,,reviewed,unm,unm
1999-12-13T04:28:14.230Z,57.3683,-154.3603,5,2.5,ml,,,,0.32,ak,ak999fxy16xb,2020-02-20T20:01:07.525Z,"23 km SSE of Karluk, Alaska",earthquake,,0,,,reviewed,ak,ak
1999-12-13T03:24:46.070Z,14.766,-92.583,93.4,3.4,mb,,,,1.5,us,usp0009jtm,2014-11-07T01:09:09.274Z,"17 km SW of Buenos Aires, Mexico",earthquake,,10.5,,1,reviewed,us,us
1999-12-13T03:18:56.138Z,57.2312,-154.2099,44,3.4,ml,,,,0.89,ak,ak999fxxdpe5,2020-02-20T20:01:08.141Z,"31 km N of Akhiok, Alaska",earthquake,,2.5,,,reviewed,ak,ak
1999-12-13T02:16:52.583Z,57.1845,-154.3386,24.8,2.6,ml,,,,0.61,ak,ak999fxwru2y,2020-02-20T20:01:07.833Z,"28 km NNW of Akhiok, Alaska",earthquake,,29,,,reviewed,ak,ak
1999-12-13T02:10:53.130Z,-5.851,151.253,33,4.3,mb,,,,0.78,us,usp0009jtj,2014-11-07T01:09:09.271Z,"127 km ESE of Kimbe, Papua New Guinea",earthquake,,,,2,reviewed,us,us
1999-12-13T01:16:43.260Z,-18.647,-72.03,33,4.1,mb,,,,1.29,us,usp0009jtf,2014-11-07T01:09:09.265Z,"132 km SSW of Pacocha, Peru",earthquake,,,,2,reviewed,us,us
1999-12-13T00:18:02.620Z,52.886,142.762,33,4.5,mb,,,,1.34,us,usp0009jte,2014-11-07T01:09:09.263Z,"57 km SSW of Tungor, Russia",earthquake,,,,2,reviewed,us,us
1999-12-12T23:40:59.530Z,-2.925,128.216,57.8,4.6,mb,,,,1.12,us,usp0009jtc,2014-11-07T01:09:09.259Z,"85 km N of Ambon, Indonesia",earthquake,,14.3,,7,reviewed,us,us
1999-12-12T23:24:18.380Z,-2.889,128.155,33,5.7,mwc,,,,1.34,us,usp0009jtb,2022-04-29T18:20:52.807Z,"89 km N of Ambon, Indonesia",earthquake,,,,,reviewed,us,hrv
1999-12-12T23:21:51.890Z,-2.904,128.23,58.9,4.5,mb,,,,1.05,us,usp0009jta,2014-11-07T01:09:09.234Z,"87 km N of Ambon, Indonesia",earthquake,,12.6,,6,reviewed,us,us
1999-12-12T22:15:35.518Z,62.8927,-148.9389,15,4.3,ml,,,,0.92,ak,ak999fwl4wnj,2020-02-20T20:01:17.637Z,"55 km S of Cantwell, Alaska",earthquake,,0.5,,,reviewed,ak,ak
1999-12-12T21:54:55.770Z,34.696,-116.358,1.931,2.6,ml,0,72.6,,0.184,ci,ci9128671,2016-02-16T23:48:56.815Z,"18km W of Ludlow, California",earthquake,,0.415,,138,reviewed,ci,ci
1999-12-12T21:21:11.481Z,59.9902,-152.052,69.7,2.6,ml,,,,0.48,ak,ak999fwkkpho,2020-02-20T19:59:40.121Z,"18 km WNW of Happy Valley, Alaska",earthquake,,1.1,,,reviewed,ak,ak
1999-12-12T21:18:01.041Z,63.1593,-149.0319,77.3,2.7,ml,,,,0.73,ak,ak999fwkk1jc,2020-02-20T20:01:18.091Z,"Central Alaska",earthquake,,0.5,,,reviewed,ak,ak
1999-12-12T19:51:25.270Z,11.01,-62.275,35,3.5,md,,,,,us,usp0009jt7,2014-11-07T01:09:09.225Z,"47 km N of Güiria, Venezuela",earthquake,,,,,reviewed,trn,trn
1999-12-12T19:32:44.630Z,-22.366,-12.704,10,4.8,mb,,,,1.44,us,usp0009jt6,2014-11-07T01:09:09.220Z,"southern Mid-Atlantic Ridge",earthquake,,,,16,reviewed,us,us
1999-12-12T19:26:40.880Z,1.726,127.298,116.1,4.7,mb,,,,0.7,us,usp0009jt5,2014-11-07T01:09:09.216Z,"79 km W of Tobelo, Indonesia",earthquake,,10,,14,reviewed,us,us
1999-12-12T19:25:56.070Z,40.522,23.606,5,4.5,mb,,,,1.29,us,usp0009jt4,2014-11-07T01:09:09.204Z,"4 km NNE of Arnaía, Greece",earthquake,,,,19,reviewed,us,us
1999-12-12T18:12:38.000Z,39.69,-118.29,11.3,3.6,mb,,,,,us,usp0009jt3,2014-11-07T01:09:09.199Z,"47 km NE of Fallon Station, Nevada",earthquake,,,,2,reviewed,ren,us
1999-12-12T17:57:28.580Z,14.765,-91.186,157.5,5.8,mwc,,,,1.22,us,usp0009jt2,2022-04-29T18:20:51.356Z,"0 km SSW of Sololá, Guatemala",earthquake,,,,,reviewed,us,hrv
1999-12-12T17:50:15.500Z,17.243,-100.242,20,3.9,md,,,,,us,usp0009jt0,2014-11-07T01:09:09.168Z,"11 km S of El Paraíso, Mexico",earthquake,,,,,reviewed,unm,unm
1999-12-12T17:37:06.860Z,-29.009,-69.465,113.1,4.6,mb,,,,1.06,us,usp0009jsz,2014-11-07T01:09:09.162Z,"125 km WSW of Vinchina, Argentina",earthquake,,,,15,reviewed,us,us
1999-12-12T17:32:45.133Z,60.7022,-147.2423,14.8,2.5,ml,,,,0.77,ak,ak999fwi9ejl,2020-02-20T20:01:19.534Z,"35 km WSW of Tatitlek, Alaska",earthquake,,1.6,,,reviewed,ak,ak
1999-12-12T17:28:07.630Z,-22.414,-12.582,10,5.4,mwc,,,,1.16,us,usp0009jsy,2025-12-19T22:33:51.902Z,"southern Mid-Atlantic Ridge",earthquake,,,,,reviewed,us,hrv
1999-12-12T17:27:05.450Z,15.733,119.847,33,5,mb,,,,1,us,usp0009jsx,2014-11-07T01:09:09.143Z,"3 km WSW of Bolitoc, Philippines",earthquake,,,,31,reviewed,us,us
1999-12-12T17:16:08.800Z,15.847,-96.596,12.6,3.9,md,,,,,us,usp0009jsw,2014-11-07T01:09:09.140Z,"1 km NNW of San José Piedras Negras, Mexico",earthquake,,,,,reviewed,unm,unm
1999-12-12T17:10:56.930Z,11.374,-62.07,75,3.4,md,,,,,us,usp0009jsv,2014-11-07T01:09:09.139Z,"82 km SSW of Saint George's, Grenada",earthquake,,,,,reviewed,trn,trn
1999-12-12T17:07:19.400Z,40.73,30.092,13.9,3.2,md,,,,,us,usp0009jsu,2014-11-07T01:09:09.137Z,"7 km E of Köseköy, Turkey",earthquake,,,,,reviewed,isk,isk
1999-12-12T16:37:59.000Z,51.34,-131.06,10,4.2,mb,,,,,us,usp0009jst,2014-11-07T01:09:09.134Z,"291 km WNW of Port McNeill, Canada",earthquake,,,,11,reviewed,pgc,us
1999-12-12T16:21:41.150Z,-13.793,-76.206,43.6,4.6,mb,,,,0.89,us,usp0009jss,2014-11-07T01:09:09.129Z,"9 km S of Pisco, Peru",earthquake,,10.8,,11,reviewed,us,us
1999-12-12T13:57:14.770Z,-23.158,-179.946,500,4.5,mb,,,,1.13,us,usp0009jsq,2014-11-07T01:09:09.125Z,"south of the Fiji Islands",earthquake,,,,8,reviewed,us,us
1999-12-12T12:34:02.950Z,49.759,18.498,5,2.6,m,,,,1.06,us,usp0009jsn,2014-11-07T01:09:09.121Z,"1 km NE of Horní T?rlicko, Czechia",earthquake,,,,,reviewed,us,war
1999-12-12T12:29:13.380Z,15.246,119.792,33,4.6,mb,,,,1.27,us,usp0009jsm,2014-11-07T01:09:09.119Z,"21 km WSW of Iba, Philippines",earthquake,,,,3,reviewed,us,us
1999-12-12T11:43:55.960Z,6.776,-73.022,167.1,4.4,mb,,,,0.86,us,usp0009jsk,2014-11-07T01:09:09.111Z,"5 km WNW of Cepitá, Colombia",earthquake,,4.3,,15,reviewed,us,us
1999-12-12T10:52:40.610Z,-32.477,-179.018,33,4.4,mb,,,,1.08,us,usp0009jsh,2014-11-07T01:09:09.107Z,"south of the Kermadec Islands",earthquake,,,,1,reviewed,us,us
1999-12-12T10:43:24.914Z,57.2793,-154.3044,9.9,2.7,ml,,,,0.53,ak,ak999fwe5omj,2020-02-20T20:01:14.769Z,"33 km SSE of Karluk, Alaska",earthquake,,7.6,,,reviewed,ak,ak
1999-12-12T10:10:16.540Z,19.636,-65.236,66,3.3,md,,,,,us,usp0009jsf,2014-11-07T01:09:09.100Z,"146 km NNW of Charlotte Amalie, U.S. Virgin Islands",earthquake,,,,,reviewed,mpr,mpr
1999-12-12T09:55:08.870Z,-21.022,-68.377,152.3,3.9,mb,,,,1.13,us,usp0009jse,2014-11-07T01:09:09.098Z,"168 km NNE of Calama, Chile",earthquake,,10.3,,2,reviewed,us,us
1999-12-12T09:08:56.530Z,44.313,7.353,17.3,3.3,ml,,,,,us,usp0009jsa,2014-11-07T01:09:09.087Z,"3 km WSW of Moiola, Italy",earthquake,,,,,reviewed,gen,gen
1999-12-12T08:16:00.760Z,15.975,119.862,33,4.6,mb,,,,1.5,us,usp0009js9,2014-11-07T01:09:09.085Z,"2 km SW of Dasol, Philippines",earthquake,,,,1,reviewed,us,us
1999-12-12T07:41:34.300Z,46.2,2.8,2,2.9,ml,,,,,us,usp0009js8,2014-11-07T01:09:09.066Z,"2 km NNW of Montaigut, France",earthquake,,,,,reviewed,ldg,ldg
1999-12-12T07:31:38.999Z,57.3438,-154.2056,44.3,4.3,ml,,,,1.05,ak,ak999fwcauaz,2020-02-20T20:01:21.582Z,"25 km SSW of Larsen Bay, Alaska",earthquake,,1.7,,,reviewed,ak,ak
1999-12-12T07:24:26.870Z,16.048,120.011,33,4.7,mb,,,,1.27,us,usp0009js6,2014-11-07T01:09:09.054Z,"4 km SSW of Paitan Este, Philippines",earthquake,,,,3,reviewed,us,us
1999-12-12T06:22:44.850Z,16.041,119.938,33,4.7,mb,,,,0.98,us,usp0009js4,2014-11-07T01:09:09.049Z,"3 km S of Mabini, Philippines",earthquake,,,,1,reviewed,us,us
1999-12-12T05:45:56.000Z,17.009,-96.713,64.8,3.7,md,,,,,us,usp0009js3,2014-11-07T01:09:09.047Z,"0 km SSW of San Agustin de las Juntas, Mexico",earthquake,,,,,reviewed,unm,unm
1999-12-12T05:44:21.730Z,17.861,-67.979,73.3,3.2,md,,,,,us,usp0009js2,2014-11-07T01:09:09.045Z,"85 km W of Pole Ojea, Puerto Rico",earthquake,,,,,reviewed,mpr,mpr
1999-12-12T05:32:32.161Z,55.309,-162.0195,115.2,2.7,ml,,,,0.58,ak,ak999fwb46a8,2020-02-20T20:01:22.699Z,"33 km NE of King Cove, Alaska",earthquake,,1.9,,,reviewed,ak,ak
1999-12-12T04:35:00.560Z,44.328,7.503,14.1,2.7,ml,,,,,us,usp0009js1,2014-11-07T01:09:09.041Z,"1 km SE of Borgo San Dalmazzo, Italy",earthquake,,,,,reviewed,gen,gen
1999-12-12T04:02:43.920Z,8.909,-84.256,10,4.2,md,,,,0.48,us,usp0009jrz,2014-11-07T01:09:09.037Z,"58 km S of Quepos, Costa Rica",earthquake,,,,,reviewed,us,upa
1999-12-12T03:51:13.470Z,-5.257,150.277,33,4,mb,,,,1.32,us,usp0009jry,2014-11-07T01:09:09.035Z,"35 km NNE of Kimbe, Papua New Guinea",earthquake,,,,1,reviewed,us,us
1999-12-12T01:59:36.443Z,57.255,-154.3267,48.2,2.9,ml,,,,0.73,ak,ak999fw8w8j0,2020-02-20T20:01:16.983Z,"35 km NNW of Akhiok, Alaska",earthquake,,11.5,,,reviewed,ak,ak
1999-12-12T01:50:41.220Z,-1.041,127.338,33,5,mb,,,,1.22,us,usp0009jrx,2014-11-07T01:09:09.028Z,"198 km S of Sofifi, Indonesia",earthquake,,,,30,reviewed,us,us
1999-12-12T01:50:31.000Z,7.602,-80.612,1.3,3.8,md,,,,,us,usp0009jrw,2014-11-07T01:09:09.027Z,"6 km S of La Mesa, Panama",earthquake,,,,,reviewed,upa,upa
1999-12-12T01:23:05.910Z,34.581,-116.269,-0.053,2.57,ml,0,58.9,,0.172,ci,ci9128524,2016-02-16T06:52:09.911Z,"18km SSW of Ludlow, California",earthquake,,0.586,,122,reviewed,ci,ci
1999-12-12T01:11:24.750Z,16.034,119.8,33,5.1,mb,,,,1.04,us,usp0009jrv,2014-11-07T01:09:09.017Z,"8 km NNE of Ilioilio, Philippines",earthquake,,,,41,reviewed,us,us
1999-12-12T01:00:21.494Z,57.2931,-154.2719,29.7,2.7,ml,,,,0.43,ak,ak999fw8jk4l,2020-02-20T20:01:16.659Z,"32 km SSE of Karluk, Alaska",earthquake,,2.7,,,reviewed,ak,ak
1999-12-12T00:20:54.110Z,34.449,-116.25,2.711,2.56,ml,0,59.1,,0.196,ci,ci9128530,2016-02-16T06:52:07.361Z,"31km SSW of Ludlow, California",earthquake,,0.252,,122,reviewed,ci,ci
1999-12-12T00:06:53.290Z,38.136,75.83,118.4,3.7,mb,,,,0.98,us,usp0009jru,2014-11-07T01:09:09.015Z,"127 km WSW of Shache, China",earthquake,,13,,1,reviewed,us,us
1999-12-11T23:42:37.180Z,-15.03,-172.355,33,4.6,mb,,,,0.83,us,usp0009jrt,2014-11-07T01:09:09.011Z,"128 km SSW of Lotofag?, Samoa",earthquake,,,,7,reviewed,us,us
1999-12-11T23:34:59.890Z,18.677,-66.744,21.7,2.5,md,,,,,us,usp0009jrs,2014-11-07T01:09:09.009Z,"22 km NNE of Carrizales, Puerto Rico",earthquake,,,,,reviewed,mpr,mpr
1999-12-11T23:29:20.550Z,2.435,124.546,277.2,4.9,mb,,,,0.87,us,usp0009jrr,2014-11-07T01:09:09.002Z,"110 km NNW of Manado, Indonesia",earthquake,,3.5,,25,reviewed,us,us
1999-12-11T23:24:05.130Z,32.176,60.016,10,4,mb,,,,1.11,us,usp0009jrq,2014-11-07T01:09:09.001Z,"106 km SE of B?rjand, Iran",earthquake,,,,1,reviewed,us,us
1999-12-11T22:47:38.500Z,15.914,-93.674,92.8,3.8,md,,,,,us,usp0009jrn,2014-11-07T01:09:08.998Z,"4 km NE of Doctor Belisario Domínguez (La Barra), Mexico",earthquake,,,,,reviewed,unm,unm
1999-12-11T22:30:24.360Z,15.932,119.835,33,4.8,mb,,,,0.9,us,usp0009jrm,2014-11-07T01:09:08.995Z,"6 km WNW of Eguia, Philippines",earthquake,,,,5,reviewed,us,us
1999-12-11T22:26:00.270Z,-20.818,-67.139,207.8,4.3,mb,,,,1.42,us,usp0009jrk,2014-11-07T01:09:08.994Z,"51 km SW of Uyuni, Bolivia",earthquake,,9.4,,2,reviewed,us,us
1999-12-11T22:21:07.810Z,15.835,119.689,33,4.7,mb,,,,1,us,usp0009jrj,2014-11-07T01:09:08.992Z,"16 km SSW of Ilioilio, Philippines",earthquake,,,,2,reviewed,us,us
1999-12-11T22:03:24.000Z,2.808,-72.993,33,4.1,ml,,,,0.58,us,usp0009jrh,2014-11-07T01:09:08.991Z,"14 km WNW of El Dorado, Colombia",earthquake,,,,,reviewed,us,rsnc
1999-12-11T21:51:33.052Z,60.6496,-152.7922,133.1,2.5,ml,,,,0.46,ak,ak999fux7u55,2020-02-20T20:01:32.497Z,"80 km W of Salamatof, Alaska",earthquake,,2.3,,,reviewed,ak,ak
1999-12-11T21:27:55.940Z,-7.369,128.519,135,4.7,mb,,,,1.13,us,usp0009jrf,2014-11-07T01:09:08.986Z,"210 km NE of Lospalos, Timor Leste",earthquake,,10.4,,5,reviewed,us,us
1999-12-11T20:25:17.110Z,-14.403,167.288,183,4.5,mb,,,,1.08,us,usp0009jrd,2014-11-07T01:09:08.979Z,"64 km SSW of Sola, Vanuatu",earthquake,,13.7,,6,reviewed,us,us
1999-12-11T20:24:29.460Z,40.251,145.24,33,4.3,mb,,,,1.17,us,usp0009jrc,2014-11-07T01:09:08.976Z,"289 km ENE of Miyako, Japan",earthquake,,,,3,reviewed,us,us
1999-12-11T18:58:34.370Z,-4.932,153.903,121.5,4.6,mb,,,,0.68,us,usp0009jrb,2014-11-07T01:09:08.974Z,"192 km ESE of Kokopo, Papua New Guinea",earthquake,,12.4,,4,reviewed,us,us
1999-12-11T18:41:27.170Z,55.643,166.293,33,4.3,mb,,,,1.4,us,usp0009jra,2014-11-07T01:09:08.972Z,"247 km ESE of Ust’-Kamchatsk Staryy, Russia",earthquake,,,,1,reviewed,us,us
1999-12-11T18:36:45.100Z,34.623,-116.257,4.909,2.56,ml,0,95.6,0.1056,0.107,ci,ci9128493,2016-02-17T07:01:42.727Z,"14km SW of Ludlow, California",earthquake,,48.562,,84,reviewed,ci,ci
1999-12-11T18:26:07.360Z,59.2758,-153.5269,93.4,2.8,ml,,,,0.39,ak,ak999fuva4g0,2020-02-20T20:01:32.887Z,"63 km ESE of Pope-Vannoy Landing, Alaska",earthquake,,1.5,,,reviewed,ak,ak
1999-12-11T18:14:13.200Z,16.057,-98.326,5.1,3.8,md,,,,,us,usp0009jr9,2014-11-07T01:09:08.971Z,"24 km SW of Corralero, Mexico",earthquake,,,,,reviewed,unm,unm
1999-12-11T18:03:36.450Z,15.766,119.74,33,7.3,mwc,,,,1,us,usp0009jr8,2022-04-29T18:20:49.752Z,"14 km WNW of Bolitoc, Philippines",earthquake,,,,,reviewed,us,hrv
1999-12-11T17:17:58.980Z,34.4285,-117.7581667,1.787,2.56,ml,50,24,,0.23,ci,ci9128488,2016-04-02T15:18:57.096Z,"8km SSE of Llano, CA",earthquake,0.26,0.44,,147,reviewed,ci,ci
1999-12-11T17:15:01.220Z,40.781,31.154,3.8,3.4,md,,,,,us,usp0009jr7,2014-11-07T01:09:08.911Z,"6 km S of Düzce, Turkey",earthquake,,,,,reviewed,isk,isk
1999-12-11T16:06:56.160Z,40.479,-126.0995,-0.068,2.78,md,22,286,1.346,0.45,nc,nc21071350,2016-12-31T00:29:32.071Z,"155 km W of Ferndale, California",earthquake,12.53,7.7,0.06,10,reviewed,nc,nc
1999-12-11T14:38:06.500Z,-17.715,-178.793,558.2,5.7,mwc,,,,0.87,us,usp0009jr5,2022-04-29T18:20:48.384Z,"204 km ENE of Levuka, Fiji",earthquake,,,,,reviewed,us,hrv
1999-12-11T14:03:28.080Z,-6.962,129.503,125,4.3,mb,,,,1.15,us,usp0009jr4,2014-11-07T01:09:08.880Z,"Banda Sea",earthquake,,18.3,,4,reviewed,us,us
1999-12-11T14:02:25.056Z,62.489,-151.019,82.3,2.8,ml,,,,0.56,ak,ak999fusra7d,2020-02-20T20:01:33.954Z,"13 km W of Petersville, Alaska",earthquake,,1.7,,,reviewed,ak,ak
1999-12-11T13:45:49.310Z,52.947,-172.053,142,4.6,mb,,,,0.89,us,usp0009jr2,2020-02-20T19:59:36.580Z,"167 km ENE of Atka, Alaska",earthquake,,,,18,reviewed,us,us
1999-12-11T12:53:40.550Z,48.5365,-123.2481667,48.794,3.7,md,33,167,,0.37,uw,uw10485553,2016-07-23T19:13:24.730Z,"10 km NNE of Oak Bay, Canada",earthquake,1.825,2.5,0.05,12,reviewed,uw,uw
1999-12-11T11:49:25.690Z,-5.524,131.137,64.7,5,mwc,,,,1.1,us,usp0009jqz,2025-12-19T22:33:51.289Z,"179 km W of Tual, Indonesia",earthquake,,5.4,,,reviewed,us,hrv
1999-12-11T10:15:45.100Z,-31.923,-71.792,60.6,4.7,mb,,,,1.09,us,usp0009jqx,2014-11-07T01:09:08.834Z,"67 km WSW of Illapel, Chile",earthquake,,11.4,,6,reviewed,us,us
1999-12-11T09:05:25.460Z,17.989,-68.093,58.4,3.5,md,,,,,us,usp0009jqu,2014-11-07T01:09:08.830Z,"69 km SE of Boca de Yuma, Dominican Republic",earthquake,,,,,reviewed,mpr,mpr
1999-12-11T09:03:45.200Z,-36.209,-97.398,10,5.2,mb,,,,0.84,us,usp0009jqt,2014-11-07T01:09:08.822Z,"West Chile Rise",earthquake,,,,25,reviewed,us,us
1999-12-11T08:57:18.190Z,34.871,-116.397,3.62,3.09,ml,0,167,0.06394,0.128,ci,ci9128452,2016-04-01T21:33:04.311Z,"27km NW of Ludlow, CA",earthquake,,1.179,,63,reviewed,ci,ci
1999-12-11T08:56:48.810Z,34.858,-116.406,0.6,3.08,ml,0,129,,0.183,ci,ci9128463,2016-04-01T21:34:49.925Z,"27km NW of Ludlow, CA",earthquake,,0.371,,168,reviewed,ci,ci
1999-12-11T07:55:25.280Z,45.961,15.249,10,3.3,ml,,,,0.62,us,usp0009jqr,2014-11-07T01:09:08.817Z,"6 km NNW of Škocjan, Slovenia",earthquake,,,,,reviewed,us,zag
1999-12-11T07:18:41.430Z,-13.912,167.188,202.8,5.7,mwc,,,,1.09,us,usp0009jqq,2022-04-29T19:35:19.137Z,"39 km W of Sola, Vanuatu",earthquake,,,,,reviewed,us,hrv
1999-12-11T06:59:43.680Z,32.327,-115.75,5.527,3.98,ml,0,339.4,0.3511,0.08,ci,ci9128444,2016-04-02T16:53:21.791Z,"32km SSW of Progreso, B.C., MX",earthquake,,,,3,reviewed,ci,ci
1999-12-11T06:51:40.320Z,18.098,-68.078,49.4,3.7,md,,,,,us,usp0009jqp,2014-11-07T01:09:08.795Z,"63 km SSE of Punta Cana, Dominican Republic",earthquake,,,,,reviewed,mpr,mpr
1999-12-11T05:44:58.510Z,47.781,155.101,33,4.8,mb,,,,1.45,us,usp0009jqn,2014-11-07T01:09:08.789Z,"east of the Kuril Islands",earthquake,,,,23,reviewed,us,us
1999-12-11T05:34:30.410Z,47.581,152.935,120.1,4.4,mb,,,,1.03,us,usp0009jqm,2014-11-07T01:09:08.787Z,"Kuril Islands",earthquake,,15.6,,3,reviewed,us,us
1999-12-11T05:14:19.650Z,15.155,-60.479,30,2.8,md,,,,,us,usp0009jqk,2014-11-07T01:09:08.786Z,"68 km NE of Sainte-Marie, Martinique",earthquake,,,,,reviewed,fdf,fdf
1999-12-11T05:02:06.130Z,9.062,-84.089,37.4,4.5,mb,,,,1.24,us,usp0009jqj,2014-11-07T01:09:08.782Z,"41 km S of Quepos, Costa Rica",earthquake,,7.7,,14,reviewed,us,us
1999-12-11T03:51:30.800Z,11.665,42.075,2.1,4,ml,,,,,us,usp0009jqh,2014-11-07T01:09:08.781Z,"26 km ESE of Gâlâfi, Djibouti",earthquake,,,,,reviewed,aro,aro
1999-12-11T03:47:34.370Z,51.394,16.201,5,3.2,ml,,,,0.68,us,usp0009jqg,2014-11-07T01:09:08.778Z,"0 km S of Lubin, Poland",earthquake,,,,,reviewed,us,vie
1999-12-11T03:45:44.430Z,42.09,142.167,77,4.5,mb,,,,1.07,us,usp0009jqf,2014-11-07T01:09:08.776Z,"31 km SSW of Shizunai-furukawach?, Japan",earthquake,,24.9,,4,reviewed,us,us
1999-12-11T03:30:06.320Z,34.727,-116.307,4.439,2.62,ml,0,95.9,,0.145,ci,ci9128431,2016-02-16T11:33:04.917Z,"14km W of Ludlow, California",earthquake,,16.784,,127,reviewed,ci,ci
1999-12-11T03:09:17.250Z,12.988,-90.905,33,3.3,mb,,,,1.24,us,usp0009jqe,2014-11-07T01:09:08.774Z,"104 km S of Puerto San José, Guatemala",earthquake,,,,1,reviewed,us,us
1999-12-11T02:55:17.140Z,51.089,-179.382,33,5.1,mwc,,,,0.88,us,usp0009jqd,2022-04-29T18:20:47.190Z,"209 km WSW of Adak, Alaska",earthquake,,,,,reviewed,us,hrv
1999-12-11T02:20:54.090Z,34.61,-116.308,1.679,2.58,ml,0,66.8,,0.146,ci,ci9128429,2016-02-16T09:11:13.281Z,"18km SW of Ludlow, California",earthquake,,0.391,,136,reviewed,ci,ci
1999-12-11T02:14:35.092Z,57.1725,-154.0899,45,2.7,ml,,,,0.85,ak,ak999fuloob9,2020-02-20T20:01:30.823Z,"25 km N of Akhiok, Alaska",earthquake,,4.6,,,reviewed,ak,ak
1999-12-11T01:21:58.500Z,16.57,-94.514,149,3.8,md,,,,,us,usp0009jqc,2014-11-07T01:09:08.757Z,"10 km E of Niltepec, Mexico",earthquake,,,,,reviewed,unm,unm
1999-12-11T00:40:36.360Z,-30.865,-92.844,10,5.3,mwc,,,,0.85,us,usp0009jqb,2025-12-19T22:33:50.628Z,"southeast central Pacific Ocean",earthquake,,,,,reviewed,us,hrv
1999-12-11T00:09:56.910Z,34.5726667,-116.2643333,0.02,2.86,ml,28,52,,0.19,ci,ci9128411,2016-04-02T18:16:20.070Z,"19km SSW of Ludlow, CA",earthquake,0.35,0.76,,144,reviewed,ci,ci
1999-12-10T23:30:17.775Z,57.2609,-154.3298,13,3.1,ml,,,,0.75,ak,ak999ftaqtn5,2020-02-20T20:01:45.074Z,"35 km SSE of Karluk, Alaska",earthquake,,6.3,,,reviewed,ak,ak
1999-12-10T23:30:07.300Z,16.238,-98.196,6,3.8,md,,,,,us,usp0009jq9,2014-11-07T01:09:08.745Z,"0 km W of Corralero, Mexico",earthquake,,,,,reviewed,unm,unm
1999-12-10T23:24:30.940Z,45.444,7.587,14.2,2.7,ml,,,,,us,usp0009jq8,2014-11-07T01:09:08.742Z,"1 km WNW of Frassinetto, Italy",earthquake,,,,,reviewed,gen,gen
1999-12-10T22:26:49.450Z,18.465,-68.004,119.1,3.3,md,,,,,us,usp0009jq7,2014-11-07T01:09:08.740Z,"44 km ESE of Punta Cana, Dominican Republic",earthquake,,,,,reviewed,mpr,mpr
1999-12-10T22:17:59.390Z,-10.859,-78.157,52.2,4.6,mb,,,,0.85,us,usp0009jq6,2014-11-07T01:09:08.737Z,"41 km WSW of Paramonga, Peru",earthquake,,,,13,reviewed,us,us
1999-12-10T22:15:20.690Z,46.768,-122.789,0,2.5,md,5,,,0.74,rusms,rusms00001587,2022-06-09T21:14:13.484Z,"7 km ESE of Bucoda, Washington",explosion,,,,,reviewed,us,us
1999-12-10T21:58:01.280Z,33.227,-109.324,0,3.1,ml,5,,,0.5,rusms,rusms00001586,2022-06-09T21:14:13.479Z,"16 km NNE of Morenci, Arizona",explosion,,,,,reviewed,us,us
1999-12-10T21:36:37.260Z,-29.615,-71.249,74.5,4.1,mb,,,,1.12,us,usp0009jq4,2014-11-07T01:09:08.733Z,"32 km N of La Serena, Chile",earthquake,,13,,6,reviewed,us,us
1999-12-10T21:30:53.630Z,-6.512,149.059,33,4.6,mb,,,,1.29,us,usp0009jq3,2014-11-07T01:09:08.731Z,"63 km WSW of Kandrian, Papua New Guinea",earthquake,,,,3,reviewed,us,us
1999-12-10T21:19:46.558Z,57.3218,-154.3069,15.1,2.7,ml,,,,0.51,ak,ak999ft9hnrz,2020-02-20T19:59:40.781Z,"28 km SSE of Karluk, Alaska",earthquake,,6.7,,,reviewed,ak,ak
1999-12-10T21:19:29.005Z,60.0365,-152.7797,88,2.9,ml,,,,0.62,ak,ak999ft9hmf8,2020-02-20T20:01:45.746Z,"59 km W of Happy Valley, Alaska",earthquake,,1.2,,,reviewed,ak,ak
1999-12-10T21:19:02.070Z,38.318,12.047,10,3.9,mb,,,,,us,usp0009jq1,2014-11-07T01:09:08.726Z,"49 km NNW of Favignana, Italy",earthquake,,,,1,reviewed,rom,us
1999-12-10T21:07:35.150Z,43.741,-105.309,0,3.1,ml,13,,,1.04,rusms,rusms00001585,2022-06-09T21:14:13.476Z,"14 km E of Wright, Wyoming",explosion,,,,,reviewed,us,us
1999-12-10T20:06:59.990Z,-36.234,-97.422,10,5.2,mb,,,,1.2,us,usp0009jq0,2014-11-07T01:09:08.721Z,"West Chile Rise",earthquake,,,,11,reviewed,us,us
1999-12-10T19:53:14.216Z,53.2024,-166.4517,6.7,3.8,ml,,,,0.25,ak,ak999ft8i0f1,2020-02-20T19:59:37.303Z,"74 km S of Unalaska, Alaska",earthquake,,3.2,,,reviewed,ak,ak
1999-12-10T19:04:14.280Z,40.3046667,-108.9035,8.33,3.48,md,8,307,1.547,0.71,uu,uu50192320,2022-06-09T21:14:13.471Z,"11 km NE of Dinosaur, Colorado",earthquake,36.98,19.74,,6,reviewed,uu,uu
1999-12-10T18:38:30.100Z,-36.206,-97.316,10,6.5,mwc,,,,1.28,us,usp0009jpx,2022-04-29T18:20:40.492Z,"West Chile Rise",earthquake,,,,,reviewed,us,hrv
1999-12-10T17:52:52.451Z,59.0959,-151.9934,59.9,2.5,ml,,,,0.45,ak,ak999ft7b0fx,2020-02-20T20:01:46.880Z,"29 km S of Nanwalek, Alaska",earthquake,,1.7,,,reviewed,ak,ak
1999-12-10T17:41:12.618Z,63.16,-151.1891,5.9,2.5,ml,,,,1,ak,ak999ft78khp,2020-02-20T20:01:47.256Z,"50 km SSE of Denali National Park, Alaska",earthquake,,1.2,,,reviewed,ak,ak
1999-12-10T16:53:33.580Z,-7.775,-74.373,152.3,4.6,mb,,,,0.84,us,usp0009jpv,2014-11-07T01:09:08.680Z,"69 km NNE of Pucallpa, Peru",earthquake,,,,18,reviewed,us,us
1999-12-10T16:44:32.110Z,42.608,-111.283,5,3.2,ml,,,,0.88,us,usp0009jpu,2014-11-07T01:09:08.677Z,"15 km NNE of Georgetown, Idaho",earthquake,,,,,reviewed,us,us
1999-12-10T16:32:25.200Z,4.638,125.199,33,4.8,mb,,,,1.17,us,usp0009jpt,2014-11-07T01:09:08.660Z,"89 km SSW of Sarangani, Philippines",earthquake,,,,11,reviewed,us,us
1999-12-10T15:45:38.800Z,16.854,-100.331,11.6,3.4,md,,,,,us,usp0009jps,2014-11-07T01:09:08.643Z,"21 km SSW of El Papayo, Mexico",earthquake,,,,,reviewed,unm,unm
1999-12-10T15:43:42.469Z,57.2198,-154.3086,35.4,2.7,ml,,,,0.72,ak,ak999ft6270m,2020-02-20T20:01:37.336Z,"31 km NNW of Akhiok, Alaska",earthquake,,18.8,,,reviewed,ak,ak
1999-12-10T15:22:07.800Z,-0.658,122.311,33,4.3,mb,,,,0.8,us,usp0009jpr,2014-11-07T01:09:08.641Z,"62 km WNW of Luwuk, Indonesia",earthquake,,,,1,reviewed,us,us
1999-12-10T14:49:00.770Z,-10.265,161.012,82.3,4.7,mb,,,,1.11,us,usp0009jpq,2014-11-07T01:09:08.638Z,"101 km WNW of Kirakira, Solomon Islands",earthquake,,,,15,reviewed,us,us
1999-12-10T14:48:11.080Z,-46.272,166.183,10,4.1,mb,,,,1.34,us,usp0009jpp,2014-11-07T01:09:08.636Z,"141 km W of Riverton, New Zealand",earthquake,,,,2,reviewed,us,us
1999-12-10T13:45:15.540Z,-6.941,129.184,150,4.5,mb,,,,0.72,us,usp0009jpm,2014-11-07T01:09:08.633Z,"297 km NE of Lospalos, Timor Leste",earthquake,,,,2,reviewed,us,us
1999-12-10T13:42:12.670Z,54.661,165.642,33,4,mb,,,,1.23,us,usp0009jpk,2014-11-07T01:09:08.632Z,"265 km SE of Ust’-Kamchatsk Staryy, Russia",earthquake,,,,2,reviewed,us,us
1999-12-10T12:47:11.440Z,38.891,-107.557,0,2.5,ml,10,,,0.83,rusms,rusms00001583,2022-06-09T21:14:13.468Z,"3 km NE of Paonia, Colorado",explosion,,,,,reviewed,us,us
1999-12-10T12:21:33.500Z,17.203,-96.188,103.3,3.9,md,,,,,us,usp0009jpj,2014-11-07T01:09:08.630Z,"2 km NNW of Villa Hidalgo, Mexico",earthquake,,,,,reviewed,unm,unm
1999-12-10T12:14:49.570Z,-3.209,142.976,10,4.8,mb,,,,1.14,us,usp0009jph,2014-11-07T01:09:08.628Z,"70 km E of Aitape, Papua New Guinea",earthquake,,,,3,reviewed,us,us
1999-12-10T12:13:02.050Z,51.719,-178.392,33,4,mb,,,,1.45,us,usp0009jpg,2020-02-20T19:59:37.631Z,"122 km W of Adak, Alaska",earthquake,,,,2,reviewed,us,us
1999-12-10T11:55:26.420Z,-3.303,142.886,10,5.2,mwc,,,,1.01,us,usp0009jpf,2022-04-29T18:20:39.103Z,"62 km ESE of Aitape, Papua New Guinea",earthquake,,,,,reviewed,us,hrv
1999-12-10T11:47:26.170Z,40.711,30.807,13.1,3,md,,,,,us,usp0009jpe,2014-11-07T01:09:08.619Z,"11 km SSE of Hendek, Turkey",earthquake,,,,,reviewed,isk,isk
1999-12-10T11:09:04.720Z,-5.232,151.808,112.4,4.7,mb,,,,0.87,us,usp0009jpd,2014-11-07T01:09:08.617Z,"110 km SSW of Kokopo, Papua New Guinea",earthquake,,9.2,,7,reviewed,us,us
1999-12-10T10:59:34.420Z,39.539,28.004,14.6,3.6,md,,,,,us,usp0009jpc,2014-11-07T01:09:08.615Z,"15 km SE of Bal?kesir, Turkey",earthquake,,,,,reviewed,isk,isk
1999-12-10T10:15:16.260Z,34.655,-116.286,4.429,2.9,ml,0,88.4,,0.147,ci,ci9128335,2016-02-15T23:47:11.513Z,"14km WSW of Ludlow, California",earthquake,,35.313,,174,reviewed,ci,ci
1999-12-10T09:14:07.320Z,13.02,-88.445,109.6,4.3,mb,,,,1.09,us,usp0009jpa,2014-11-07T01:09:08.609Z,"31 km SSE of Puerto El Triunfo, El Salvador",earthquake,,7.1,,12,reviewed,us,us
1999-12-10T09:11:22.970Z,-8.733,121.613,33,4.8,mb,,,,1.24,us,usp0009jp9,2014-11-07T01:09:08.605Z,"13 km NNW of Ende, Indonesia",earthquake,,,,6,reviewed,us,us
1999-12-10T09:03:53.439Z,61.4309,-146.522,35.8,3.7,ml,,,,0.77,ak,ak999ft291lb,2020-02-20T20:01:49.378Z,"34 km NNW of Valdez, Alaska",earthquake,,1,,,reviewed,ak,ak
1999-12-10T08:36:42.440Z,34.589,-116.3,-1.051,3.15,ml,0,39.5,,0.166,ci,ci9128326,2016-04-02T10:33:25.272Z,"20km SW of Ludlow, CA",earthquake,,0.613,,198,reviewed,ci,ci
1999-12-10T08:19:16.390Z,34.858,-116.409,0.12,2.55,ml,0,130.5,0.06532,0.151,ci,ci9128314,2016-02-16T16:23:17.429Z,"27km NW of Ludlow, California",earthquake,,0.616,,122,reviewed,ci,ci
1999-12-10T06:31:34.900Z,34.652,-116.294,3.319,2.52,ml,0,85.9,0.1215,0.101,ci,ci9128306,2016-02-16T13:55:25.155Z,"14km WSW of Ludlow, California",earthquake,,0.914,,57,reviewed,ci,ci
1999-12-10T06:20:20.000Z,43.94,-111.08,0.1,2.8,ml,,,,,us,usp0009jp4,2014-11-07T01:09:08.581Z,"15 km NNE of Tetonia, Idaho",earthquake,,,,,reviewed,but,but
1999-12-10T06:10:36.194Z,60.7961,-150.6385,42.5,2.8,ml,,,,0.67,ak,ak999ft0i7gj,2020-02-20T20:01:50.182Z,"14 km S of Point Possession, Alaska",earthquake,,1.4,,,reviewed,ak,ak
1999-12-10T06:00:26.990Z,56.208,-161.803,163.3,4.2,mb,,,,1.1,us,usp0009jp2,2020-02-20T20:01:51.052Z,"43 km WNW of Nelson Lagoon, Alaska",earthquake,,6.4,,9,reviewed,us,us
1999-12-10T03:34:45.070Z,-22.303,179.613,599.9,5.6,mwc,,,,0.87,us,usp0009jp1,2022-04-29T18:20:33.349Z,"south of the Fiji Islands",earthquake,,,,,reviewed,us,hrv
1999-12-10T03:13:31.990Z,42.546,-126.378,10,3.8,mb,,,,1.29,us,usp0009jp0,2014-11-07T01:09:08.542Z,"155 km W of Port Orford, Oregon",earthquake,,,,1,reviewed,us,us
1999-12-10T02:11:46.750Z,36.256,71.226,115.1,5.4,mwb,,,,1.14,us,usp0009jnz,2025-12-19T22:33:49.981Z,"54 km SSW of Ashk?sham, Afghanistan",earthquake,,,,,reviewed,us,us
1999-12-10T01:22:02.600Z,19.237,-98.927,6.6,3.1,md,,,,,us,usp0009jnx,2014-11-07T01:09:08.519Z,"0 km NNE of Barrio de Guadalupe, Mexico",earthquake,,,,,reviewed,unm,unm
1999-12-09T23:53:28.990Z,-17.315,-6.404,10,4.7,mb,,,,1.05,us,usp0009jnw,2014-11-07T01:09:08.516Z,"169 km SSW of Jamestown, Saint Helena",earthquake,,,,12,reviewed,us,us
1999-12-09T23:52:59.792Z,57.2365,-154.4379,32.7,2.5,ml,,,,0.71,ak,ak999frnca57,2020-02-20T20:01:52.218Z,"36 km NNW of Akhiok, Alaska",earthquake,,3.9,,,reviewed,ak,ak
1999-12-09T22:21:04.110Z,41.733,-108.84,0,2.6,ml,11,,,0.94,rusms,rusms00001581,2022-06-09T21:14:13.460Z,"7 km NW of Point of Rocks, Wyoming",explosion,,,,,reviewed,us,us
1999-12-09T22:20:34.860Z,36.515,53.534,10,4.8,mb,,,,1.24,us,usp0009jnv,2014-11-07T01:09:08.509Z,"19 km S of Behshahr, Iran",earthquake,,,,29,reviewed,us,us
1999-12-09T21:04:03.910Z,32.617,-109.05,0,2.8,ml,6,,,0.6,rusms,rusms00001580,2022-06-09T21:14:13.456Z,"7 km SSE of Franklin, Arizona",explosion,,,,,reviewed,us,us
1999-12-09T20:31:50.470Z,-8.478,123.941,149.5,4.3,mb,,,,1.16,us,usp0009jnt,2014-11-07T01:09:08.504Z,"93 km NNW of Pante Makasar, Timor Leste",earthquake,,13.9,,3,reviewed,us,us
1999-12-09T20:21:58.245Z,57.1147,-154.3834,46.1,2.6,ml,,,,0.58,ak,ak999frldc0g,2020-02-20T20:01:53.727Z,"22 km NW of Akhiok, Alaska",earthquake,,16.9,,,reviewed,ak,ak
1999-12-09T20:04:28.550Z,43.744,-105.318,0,3.3,ml,13,,,1,rusms,rusms00001579,2022-06-09T21:14:13.451Z,"14 km E of Wright, Wyoming",explosion,,,,,reviewed,us,us
1999-12-09T19:54:48.170Z,41.85,-108.737,0,2.7,ml,16,,,1.02,rusms,rusms00001578,2022-06-09T21:14:13.445Z,"19 km NNE of Point of Rocks, Wyoming",explosion,,,,,reviewed,us,us
1999-12-09T19:38:08.200Z,17.637,-98.289,48.8,3.8,md,,,,,us,usp0009jns,2014-11-07T01:09:08.502Z,"5 km SE of Ahuehuetitlán, Mexico",earthquake,,,,,reviewed,unm,unm
1999-12-09T19:24:48.243Z,57.3271,-154.3422,33.7,3.1,ml,,,,0.75,ak,ak999frksis8,2020-02-20T20:02:07.809Z,"27 km SSE of Karluk, Alaska",earthquake,,49.1,,,reviewed,ak,ak
1999-12-09T18:57:22.370Z,36.2805,-119.779,0.984,2.55,md,108,37,0.2486,0.8,nc,nc21071120,2016-12-31T00:24:43.850Z,"2 km S of Lemoore, California",earthquake,0.8,3.95,0.18,80,reviewed,nc,nc
1999-12-09T18:14:17.320Z,59.7134,-151.7531,42.5,2.8,ml,,,,1.05,ak,ak999frk4vms,2020-02-20T20:02:08.150Z,"8 km SSE of Anchor Point, Alaska",earthquake,,1.3,,,reviewed,ak,ak
1999-12-09T18:10:58.794Z,57.0577,-154.4223,50.7,2.5,ml,,,,0.64,ak,ak999frk43yv,2020-02-20T20:01:54.626Z,"19 km NW of Akhiok, Alaska",earthquake,,8.1,,,reviewed,ak,ak
1999-12-09T17:49:50.517Z,57.1498,-154.3409,60.1,3.1,ml,,,,0.67,ak,ak999frjr0nf,2020-02-20T20:02:08.525Z,"24 km NNW of Akhiok, Alaska",earthquake,,1.9,,,reviewed,ak,ak
1999-12-09T17:04:04.440Z,27.605,54.191,33,4.7,mb,,,,0.74,us,usp0009jnn,2014-11-07T01:09:08.491Z,"8 km SE of Ger?sh, Iran",earthquake,,,,32,reviewed,us,us
1999-12-09T17:00:21.170Z,-5.045,153.398,95.8,4.6,mb,,,,0.71,us,usp0009jnm,2014-11-07T01:09:08.489Z,"147 km ESE of Kokopo, Papua New Guinea",earthquake,,10.9,,5,reviewed,us,us
1999-12-09T16:57:44.020Z,-4.144,127.717,225.9,4.3,mb,,,,0.71,us,usp0009jnk,2014-11-07T01:09:08.488Z,"71 km SW of Ambon, Indonesia",earthquake,,21,,3,reviewed,us,us
1999-12-09T16:31:32.280Z,29.307,51.836,33,4.6,mb,,,,0.79,us,usp0009jnj,2014-11-07T01:09:08.486Z,"38 km SSE of K?zer?n, Iran",earthquake,,,,2,reviewed,us,us
1999-12-09T16:26:20.460Z,13.933,-92.339,42.2,4.3,mb,,,,1.21,us,usp0009jnh,2014-11-07T01:09:08.482Z,"60 km SW of Champerico, Guatemala",earthquake,,13.5,,14,reviewed,us,us
1999-12-09T15:27:00.370Z,34.5793333,-116.298,0.554,2.59,ml,22,56,,0.14,ci,ci9128099,2016-04-02T12:06:23.226Z,"20km SW of Ludlow, CA",earthquake,0.33,0.79,,139,reviewed,ci,ci
1999-12-09T13:49:40.070Z,54.982,165.55,33,4.6,mb,,,,1.06,us,usp0009jnf,2014-11-07T01:09:08.479Z,"238 km SE of Ust’-Kamchatsk Staryy, Russia",earthquake,,,,3,reviewed,us,us
1999-12-09T13:40:02.865Z,57.1619,-154.3019,28,2.7,ml,,,,0.45,ak,ak999frhb93y,2020-02-20T20:01:56.138Z,"25 km NNW of Akhiok, Alaska",earthquake,,3465.8,,,reviewed,ak,ak
1999-12-09T13:35:24.810Z,54.958,165.694,33,4.7,ms,,,,0.93,us,usp0009jne,2014-11-07T01:09:08.469Z,"247 km SE of Ust’-Kamchatsk Staryy, Russia",earthquake,,,,37,reviewed,us,us
1999-12-09T12:35:10.289Z,59.7642,-153.0966,94.1,3.4,ml,,,,0.91,ak,ak999frgorhw,2020-02-20T20:02:09.793Z,"56 km E of Pedro Bay, Alaska",earthquake,,0.7,,,reviewed,ak,ak
1999-12-09T12:33:11.170Z,59.9108,-147.7087,5.7,4.4,ml,,,,0.77,ak,ak999frgoc4t,2020-02-20T20:02:10.132Z,"24 km SE of Chenega, Alaska",earthquake,,4.6,,,reviewed,ak,ak
1999-12-09T12:21:55.188Z,57.3111,-154.3429,61.5,2.5,ml,,,,0.9,ak,ak999frgluxq,2020-02-20T20:01:56.455Z,"29 km SSE of Karluk, Alaska",earthquake,,3.5,,,reviewed,ak,ak
1999-12-09T11:49:29.252Z,57.2007,-154.406,57.1,3,ml,,,,0.68,ak,ak999frg6ddp,2020-02-20T20:02:10.534Z,"31 km NNW of Akhiok, Alaska",earthquake,,3.8,,,reviewed,ak,ak
1999-12-09T11:43:31.885Z,57.193,-154.2956,35.3,2.7,ml,,,,0.37,ak,ak999frg53ac,2020-02-20T20:01:57.362Z,"28 km NNW of Akhiok, Alaska",earthquake,,10.2,,,reviewed,ak,ak
1999-12-09T11:06:44.000Z,38.14,-118.41,11.4,3.5,ml,,,,,us,usp0009jnb,2014-11-07T01:09:08.459Z,"36 km N of Benton, California",earthquake,,,,,reviewed,ren,us
1999-12-09T10:51:45.100Z,39.9521667,-120.489,2.834,2.56,md,20,110,0.218,0.09,nc,nc21071082,2016-12-31T00:24:02.276Z,"8 km N of Lake Davis, California",earthquake,0.29,2.83,0.24,30,reviewed,nc,nc
1999-12-09T10:29:45.140Z,9.801,122.229,33,4.8,mb,,,,0.8,us,usp0009jna,2014-11-07T01:09:08.457Z,"18 km W of Cartagena, Philippines",earthquake,,,,1,reviewed,us,us
1999-12-09T10:18:17.180Z,-6.028,148.144,58.3,6.4,mwc,,,,1.11,us,usp0009jn9,2022-04-29T18:20:32.184Z,"67 km NNE of Finschhafen, Papua New Guinea",earthquake,,,,,reviewed,us,hrv
1999-12-09T09:09:39.743Z,57.2664,-154.3708,24.5,2.5,ml,,,,0.92,ak,ak999freqyc6,2020-02-20T20:02:01.547Z,"34 km S of Karluk, Alaska",earthquake,,191.9,,,reviewed,ak,ak
1999-12-09T08:34:10.070Z,-34.556,-106.943,10,5.4,mwc,,,,0.79,us,usp0009jn8,2025-12-19T22:18:14.534Z,"southern East Pacific Rise",earthquake,,,,,reviewed,us,hrv
1999-12-09T06:58:22.700Z,16.269,-94.736,150.1,4,md,,,,,us,usp0009jn7,2014-11-07T01:09:08.416Z,"6 km SSE of San Dionisio del Mar, Mexico",earthquake,,,,,reviewed,unm,unm
1999-12-09T06:29:56.930Z,-7.106,148.852,33,4.8,mb,,,,1.05,us,usp0009jn6,2014-11-07T01:09:08.411Z,"125 km SW of Kandrian, Papua New Guinea",earthquake,,,,9,reviewed,us,us
1999-12-09T05:37:11.650Z,31.974,-117.286,5.471,2.94,ml,0,293.4,0.875,0.238,ci,ci9128016,2016-02-16T06:51:52.651Z,"44km SW of Primo Tapia, B.C., MX",earthquake,,,,92,reviewed,ci,ci
1999-12-09T05:19:02.240Z,39.3326667,-120.0158333,7.824,2.89,md,29,177,0.1829,0.08,nc,nc21071057,2016-12-31T00:23:35.240Z,"6 km S of Floriston, California",earthquake,0.42,0.71,0.1,38,reviewed,nc,nc
1999-12-09T05:13:17.270Z,-17.768,-178.954,675.2,4.5,mb,,,,0.41,us,usp0009jn5,2014-11-07T01:09:08.404Z,"186 km E of Levuka, Fiji",earthquake,,22.3,,23,reviewed,us,us
1999-12-09T05:11:02.870Z,42.958,-127.314,10,4.4,mb,,,,0.96,us,usp0009jn4,2014-11-07T01:09:08.376Z,"231 km W of Port Orford, Oregon",earthquake,,,,9,reviewed,us,us
1999-12-09T04:55:26.650Z,37.5198333,-118.8266667,5.511,2.75,md,36,113,0.04505,0.03,nc,nc21071050,2016-12-31T00:23:26.830Z,"10 km WSW of Aspen Springs, California",earthquake,0.22,0.42,0.2,51,reviewed,nc,nc
1999-12-09T04:53:39.500Z,19.202,-98.922,3,2.9,md,,,,,us,usp0009jn3,2014-11-07T01:09:08.374Z,"0 km W of Lomas de San Pablo, Mexico",earthquake,,,,,reviewed,unm,unm
1999-12-09T04:20:30.780Z,-5.125,130.323,33,4.4,mb,,,,1.27,us,usp0009jn2,2014-11-07T01:09:08.370Z,"251 km SE of Amahai, Indonesia",earthquake,,,,3,reviewed,us,us
1999-12-09T04:19:55.840Z,55.308,165.357,33,4.2,mb,,,,0.96,us,usp0009jn1,2014-11-07T01:09:08.368Z,"207 km ESE of Ust’-Kamchatsk Staryy, Russia",earthquake,,,,3,reviewed,us,us
1999-12-09T04:08:41.540Z,54.934,165.735,33,4,mb,,,,0.69,us,usp0009jn0,2014-11-07T01:09:08.366Z,"250 km SE of Ust’-Kamchatsk Staryy, Russia",earthquake,,,,2,reviewed,us,us
1999-12-09T04:06:27.561Z,60.9752,-150.8819,60.3,3.2,ml,,,,0.94,ak,ak999frbr484,2020-02-20T20:02:12.973Z,"11 km WNW of Point Possession, Alaska",earthquake,,0.8,,,reviewed,ak,ak
1999-12-09T04:05:06.583Z,57.1003,-154.3429,36,2.8,ml,,,,0.56,ak,ak999frbquw2,2020-02-20T20:02:04.315Z,"20 km NNW of Akhiok, Alaska",earthquake,,16.1,,,reviewed,ak,ak
1999-12-09T03:51:42.670Z,54.983,165.579,33,4.4,mb,,,,0.82,us,usp0009jmy,2014-11-07T01:09:08.360Z,"239 km SE of Ust’-Kamchatsk Staryy, Russia",earthquake,,,,13,reviewed,us,us
1999-12-09T03:46:13.681Z,57.0898,-154.4223,58.1,3.1,ml,,,,0.58,ak,ak999frbe86w,2020-02-20T20:02:13.370Z,"22 km NW of Akhiok, Alaska",earthquake,,2.1,,,reviewed,ak,ak
1999-12-09T03:09:21.770Z,47.19,0.28,2,3,ml,,,,,us,usp0009jmw,2014-11-07T01:09:08.355Z,"3 km NE of Chinon, France",earthquake,,,,,reviewed,str,ldg
1999-12-09T03:00:33.940Z,37.129,-24.312,10,4.9,mb,,,,0.96,us,usp0009jmv,2014-11-07T01:09:08.342Z,"107 km SE of Senhora do Rosário, Portugal",earthquake,,,,68,reviewed,us,us
1999-12-09T02:32:08.410Z,46.056,14.337,10,2.5,ml,,,,0.57,us,usp0009jmu,2014-11-07T01:09:08.339Z,"4 km WNW of Dobrova, Slovenia",earthquake,,,,,reviewed,us,vie
1999-12-09T02:24:27.870Z,54.86,165.823,33,4.1,mb,,,,1,us,usp0009jmt,2014-11-07T01:09:08.337Z,"260 km SE of Ust’-Kamchatsk Staryy, Russia",earthquake,,,,1,reviewed,us,us
1999-12-09T02:15:02.020Z,55.035,165.532,33,4.1,mb,,,,0.57,us,usp0009jms,2014-11-07T01:09:08.334Z,"233 km SE of Ust’-Kamchatsk Staryy, Russia",earthquake,,,,1,reviewed,us,us
1999-12-09T02:04:45.160Z,16.468,121.113,33,4.5,mb,,,,0.6,us,usp0009jmr,2014-11-07T01:09:08.331Z,"1 km SW of Busilak, Philippines",earthquake,,,,2,reviewed,us,us
1999-12-09T00:36:16.526Z,57.1615,-154.1781,29.4,2.6,ml,,,,0.44,ak,ak999fr9jsfo,2020-02-20T20:02:06.479Z,"24 km N of Akhiok, Alaska",earthquake,,385.2,,,reviewed,ak,ak
1999-12-09T00:01:41.066Z,57.2355,-153.7911,62,2.8,ml,,,,0.41,ak,ak999fr9cc9m,2020-02-20T20:02:06.786Z,"29 km W of Old Harbor, Alaska",earthquake,,0.7,,,reviewed,ak,ak
1999-12-08T23:27:29.450Z,34.329,46.395,33,3.5,mb,,,,0.79,us,usp0009jmq,2014-11-07T01:09:08.329Z,"51 km ESE of Sarpol-e Z?ah?b, Iran",earthquake,,,,1,reviewed,us,us
1999-12-08T23:11:22.339Z,57.3308,-154.3025,-0.5,4.6,ml,,,,1,ak,ak999fpzk2eh,2020-02-20T20:02:27.503Z,"28 km SSE of Karluk, Alaska",earthquake,,0.5,,,reviewed,ak,ak
1999-12-08T22:45:26.760Z,34.642,-116.322,2.048,3.87,mh,0,198.4,0.2424,0.204,ci,ci9127950,2016-04-02T16:53:19.115Z,"17km WSW of Ludlow, CA",earthquake,,1.34,,2,reviewed,ci,ci
1999-12-08T22:01:13.010Z,18.552,-104.776,33,4.6,mb,,,,1.23,us,usp0009jmn,2014-11-07T01:09:08.309Z,"73 km S of Barra de Navidad, Mexico",earthquake,,,,20,reviewed,us,us
1999-12-08T21:11:43.220Z,29.996,68.199,33,4.6,mb,,,,0.98,us,usp0009jmm,2014-11-07T01:09:08.303Z,"27 km ESE of Harnai, Pakistan",earthquake,,,,24,reviewed,us,us
1999-12-08T20:28:03.740Z,51.558,16.316,5,3.3,ml,,,,0.67,us,usp0009jmk,2014-11-07T01:09:08.299Z,"6 km NE of Rudna, Poland",earthquake,,,,,reviewed,us,vie
1999-12-08T20:09:03.760Z,32.867,-109.269,0,2.5,ml,8,,,0.42,rusms,rusms00001576,2022-06-09T21:14:13.431Z,"6 km WSW of York, Arizona",explosion,,,,,reviewed,us,us
1999-12-08T19:40:26.050Z,46.062,14.323,10,2.5,ml,,,,0.37,us,usp0009jmh,2014-11-07T01:09:08.295Z,"4 km NNE of Horjul, Slovenia",earthquake,,,,,reviewed,us,vie
1999-12-08T19:21:57.367Z,57.0485,-154.2432,22.2,3.2,ml,,,,0.81,ak,ak999fpx8jug,2020-02-20T20:02:28.672Z,"12 km NNW of Akhiok, Alaska",earthquake,,3.8,,,reviewed,ak,ak
1999-12-08T17:33:46.880Z,-26.508,74.418,10,4.7,mb,,,,0.98,us,usp0009jmf,2014-11-07T01:09:08.291Z,"Mid-Indian Ridge",earthquake,,,,2,reviewed,us,us
1999-12-08T17:05:12.470Z,6.011,126.314,59,5.1,mwc,,,,1.02,us,usp0009jme,2022-04-29T18:20:27.069Z,"41 km SSE of Pondaguitan, Philippines",earthquake,,11.1,,,reviewed,us,hrv
1999-12-08T16:02:57.910Z,-5.233,152.981,33,4.5,mb,,,,1.33,us,usp0009jmd,2014-11-07T01:09:08.278Z,"126 km SE of Kokopo, Papua New Guinea",earthquake,,,,2,reviewed,us,us
1999-12-08T16:00:04.277Z,57.1317,-154.3623,70.8,3,ml,,,,0.56,ak,ak999fpvbmwb,2020-02-20T20:02:17.264Z,"23 km NNW of Akhiok, Alaska",earthquake,,10.1,,,reviewed,ak,ak
1999-12-08T15:20:06.880Z,12.75,-89.528,33,4.2,mb,,,,1.31,us,usp0009jmb,2014-11-07T01:09:08.273Z,"84 km SSW of La Libertad, El Salvador",earthquake,,,,11,reviewed,us,us
1999-12-08T14:55:24.280Z,33.085,-117.973,5.457,2.68,ml,0,201.9,,0.219,ci,ci9127898,2016-02-16T21:19:28.452Z,"44km SE of Avalon, California",earthquake,,,,38,reviewed,ci,ci
1999-12-08T14:48:00.530Z,40.7561667,-124.4043333,21.572,3.24,ml,51,197,0.2856,0.05,nc,nc21070970,2016-12-31T00:22:05.770Z,"16 km WNW of Fields Landing, California",earthquake,0.27,0.56,,2,reviewed,nc,nc
1999-12-08T14:38:31.730Z,-9.727,159.971,33,5.2,ms,,,,0.71,us,usp0009jm9,2022-04-29T18:20:21.072Z,"28 km E of Malango, Solomon Islands",earthquake,,,,53,reviewed,us,us
1999-12-08T14:15:03.910Z,4.318,96.46,33,4.5,mb,,,,1.51,us,usp0009jm8,2014-11-07T01:09:08.257Z,"41 km ENE of Meulaboh, Indonesia",earthquake,,,,4,reviewed,us,us
1999-12-08T13:40:58.926Z,57.3155,-154.4454,3.1,2.5,ml,,,,0.34,ak,ak999fpts0xw,2020-02-20T20:02:17.892Z,"28 km S of Karluk, Alaska",earthquake,,10.1,,,reviewed,ak,ak
1999-12-08T13:34:44.690Z,-9.843,159.965,33,6.1,mwc,,,,1.27,us,usp0009jm6,2022-04-29T18:20:09.579Z,"31 km ESE of Malango, Solomon Islands",earthquake,,,,,reviewed,us,hrv
1999-12-08T13:33:53.670Z,8.601,137.962,33,4.7,mb,,,,0.98,us,usp0009jm5,2014-11-07T01:09:08.236Z,"102 km S of Colonia, Micronesia",earthquake,,,,1,reviewed,us,us
1999-12-08T13:03:49.140Z,31.269,-115.408,5.925,2.8,mh,0,301.6,1.403,0.47,ci,ci9127891,2016-02-15T23:46:57.273Z,"109km SSW of Alberto Oviedo Mota, B.C., MX",earthquake,,,,0,reviewed,ci,ci
1999-12-08T12:53:46.880Z,5.914,126.475,33,4.3,mb,,,,1.25,us,usp0009jm4,2014-11-07T01:09:08.234Z,"59 km SSE of Pondaguitan, Philippines",earthquake,,,,3,reviewed,us,us
1999-12-08T12:26:14.290Z,36.8303333,-121.5556667,5.971,2.69,md,66,26,0.01982,0.08,nc,nc21070961,2016-12-31T00:21:48.870Z,"2 km SW of San Juan Bautista, California",earthquake,0.13,0.24,0.1,80,reviewed,nc,nc
1999-12-08T12:17:40.410Z,51.301,15.761,5,3.5,ml,,,,0.91,us,usp0009jm3,2014-11-07T01:09:08.231Z,"6 km S of Gromadka, Poland",earthquake,,,,,reviewed,us,vie
1999-12-08T11:14:18.570Z,-7.853,107.426,33,4.6,mb,,,,1.23,us,usp0009jm1,2014-11-07T01:09:08.225Z,"72 km S of Banjar, Indonesia",earthquake,,,,7,reviewed,us,us
1999-12-08T10:54:04.700Z,34.0391667,-117.2435,13.715,3.05,ml,31,87,0.1089,0.19,ci,ci3321780,2016-04-21T18:00:38.540Z,"2km ESE of Loma Linda, CA",earthquake,0.38,0.53,0.215,142,reviewed,ci,ci
1999-12-08T10:53:59.590Z,34.043,-117.247,13.974,3.11,ml,0,28.2,,0.174,ci,ci9127885,2016-04-02T07:13:27.893Z,"1km ESE of Loma Linda, CA",earthquake,,0.105,,228,reviewed,ci,ci
1999-12-08T10:32:09.080Z,-4.986,103.352,33,5,mb,,,,1.43,us,usp0009jkz,2014-11-07T01:09:08.219Z,"106 km S of Pagar Alam, Indonesia",earthquake,,,,1,reviewed,us,us
1999-12-08T10:29:17.340Z,6.073,126.463,33,5.3,mwc,,,,0.98,us,usp0009jky,2022-04-29T18:20:03.744Z,"44 km SE of Pondaguitan, Philippines",earthquake,,,,,reviewed,us,hrv
1999-12-08T09:38:17.230Z,-24.572,179.505,566.7,4.2,mb,,,,0.61,us,usp0009jkx,2014-11-07T01:09:08.197Z,"south of the Fiji Islands",earthquake,,37.3,,8,reviewed,us,us
1999-12-08T07:44:33.630Z,-4.341,139.108,132.9,4.6,mb,,,,1.16,us,usp0009jkw,2014-11-07T01:09:08.191Z,"256 km SW of Abepura, Indonesia",earthquake,,7.1,,9,reviewed,us,us
1999-12-08T07:35:54.740Z,34.851,-116.345,4.351,3.74,ml,0,65.9,,0.197,ci,ci9127859,2016-04-02T11:07:54.201Z,"22km NW of Ludlow, CA",earthquake,,0.152,,230,reviewed,ci,ci
1999-12-08T07:29:32.601Z,57.1391,-154.2418,50.5,2.8,ml,,,,0.94,ak,ak999fpq50ek,2020-02-20T20:02:20.932Z,"21 km NNW of Akhiok, Alaska",earthquake,,20.3,,,reviewed,ak,ak
1999-12-08T07:01:13.450Z,57.1906,-154.3159,54.7,3,ml,,,,0.73,ak,ak999fppyyvl,2020-02-20T20:02:27.123Z,"28 km NNW of Akhiok, Alaska",earthquake,,10,,,reviewed,ak,ak
1999-12-08T06:19:50.940Z,8.309,-103.611,10,4.5,mb,,,,1.12,us,usp0009jkt,2014-11-07T01:09:08.096Z,"northern East Pacific Rise",earthquake,,,,13,reviewed,us,us
1999-12-08T04:08:06.670Z,34.596,-116.274,3.049,2.59,ml,0,76.6,0.1332,0.158,ci,ci9127837,2016-02-17T07:01:15.306Z,"17km SW of Ludlow, California",earthquake,,0.551,,124,reviewed,ci,ci
1999-12-08T03:35:48.100Z,29.3,34.8,5,4,ml,,,,,us,usp0009jks,2014-11-07T01:09:08.082Z,"21 km SW of Tala Bay, Jordan",earthquake,,,,,reviewed,gii,gii
1999-12-08T03:14:29.100Z,-9.997,-74.464,78.3,4.7,mb,,,,1.04,us,usp0009jkr,2014-11-07T01:09:08.003Z,"69 km SE of Yuyapichis, Peru",earthquake,,,,23,reviewed,us,us
1999-12-08T02:23:08.240Z,34.666,-116.294,3.469,2.51,ml,0,88.2,,0.138,ci,ci9127830,2016-02-16T18:49:56.934Z,"14km WSW of Ludlow, California",earthquake,,0.865,,117,reviewed,ci,ci
1999-12-08T01:46:40.110Z,-58.013,-25.347,33,4.2,mb,,,,0.98,us,usp0009jkq,2014-11-07T01:09:08.001Z,"South Sandwich Islands region",earthquake,,,,4,reviewed,us,us
1999-12-08T01:04:11.320Z,-6.255,148.973,33,4.2,mb,,,,0.72,us,usp0009jkp,2014-11-07T01:09:07.999Z,"63 km W of Kandrian, Papua New Guinea",earthquake,,,,3,reviewed,us,us
1999-12-08T00:44:22.500Z,36.446,70.896,190.5,4.8,mb,,,,0.92,us,usp0009jkn,2014-11-07T01:09:07.984Z,"46 km S of Jurm, Afghanistan",earthquake,,6.5,,81,reviewed,us,us
1999-12-07T23:19:19.526Z,57.1842,-154.7017,90.6,2.6,ml,,,,0.44,ak,ak999foc2ff4,2020-02-20T20:02:31.704Z,"41 km NW of Akhiok, Alaska",earthquake,,9.2,,,reviewed,ak,ak
1999-12-07T23:09:22.410Z,39.974,-108.179,0,2.6,ml,7,,,2.48,rusms,rusms00001575,2022-06-09T21:14:13.427Z,"23 km WSW of Meeker, Colorado",explosion,,,,,reviewed,us,us
1999-12-07T23:02:23.590Z,3.613,126.537,33,4.9,mb,,,,0.73,us,usp0009jkm,2014-11-07T01:09:07.980Z,"231 km SSE of Sarangani, Philippines",earthquake,,,,11,reviewed,us,us
1999-12-07T22:54:53.320Z,34.8681667,-116.3131667,0.671,2.63,ml,18,138,,0.18,ci,ci9127808,2016-04-02T17:23:06.121Z,"22km NW of Ludlow, CA",earthquake,0.48,0.74,,115,reviewed,ci,ci
1999-12-07T22:15:51.773Z,57.2422,-154.3392,30.3,3.2,ml,,,,0.52,ak,ak999fobg7ft,2020-02-20T20:03:22.541Z,"34 km NNW of Akhiok, Alaska",earthquake,,0.2,,,reviewed,ak,ak
1999-12-07T22:08:01.200Z,43.4,-0.7,5,2.6,ml,,,,,us,usp0009jkj,2014-11-07T01:09:07.975Z,"3 km WNW of Lagor, France",earthquake,,,,,reviewed,ldg,ldg
1999-12-07T21:58:16.160Z,33.811,-117.711,10.9,3.81,ml,0,64.5,,0.242,ci,ci3321584,2022-06-18T00:09:24.941Z,"9km NE of North Tustin, CA",earthquake,,0.248,,219,reviewed,ci,ci
1999-12-07T21:29:49.270Z,-15.911,-173.984,137.7,6.4,mwc,,,,0.82,us,usp0009jkg,2022-05-09T19:13:00.167Z,"20 km WNW of Hihifo, Tonga",earthquake,,,,,reviewed,us,hrv
1999-12-07T21:29:42.440Z,-15.871,-174.137,120.3,5.4,mb,,,,1.17,us,usp0009jkf,2016-11-10T00:54:22.712Z,"37 km WNW of Hihifo, Tonga",earthquake,,19.4,,47,reviewed,us,us
1999-12-07T21:26:01.830Z,34.866,-116.313,1.35,2.63,ml,0,138.5,,0.153,ci,ci9127797,2016-02-16T04:31:41.840Z,"21km NW of Ludlow, California",earthquake,,0.361,,119,reviewed,ci,ci
1999-12-07T20:29:50.530Z,57.1013,-154.7009,93.6,2.5,ml,,,,1.34,ak,ak999foacc5p,2020-02-20T20:02:33.519Z,"36 km WNW of Akhiok, Alaska",earthquake,,11.3,,,reviewed,ak,ak
1999-12-07T20:26:25.003Z,57.1999,-154.3619,32.1,3.2,ml,,,,0.6,ak,ak999foabn1g,2020-02-20T20:03:23.511Z,"30 km NNW of Akhiok, Alaska",earthquake,,0.3,,,reviewed,ak,ak
1999-12-07T19:25:21.010Z,36.821,-113.932,5.95,2.73,md,5,283,0.3284,0.11,uu,uu50192175,2018-08-28T17:30:06.810Z,"7 km S of Littlefield, Arizona",earthquake,6.67,8.8,,3,reviewed,uu,uu
1999-12-07T18:42:29.866Z,57.2796,-154.3273,75.2,2.8,ml,,,,0.61,ak,ak999fo987nu,2020-02-20T20:02:35.602Z,"33 km SSE of Karluk, Alaska",earthquake,,17,,,reviewed,ak,ak
1999-12-07T18:32:16.048Z,57.2661,-154.8069,102,2.9,ml,,,,0.93,ak,ak999fo961fo,2020-02-20T20:02:35.908Z,"39 km SSW of Karluk, Alaska",earthquake,,7.9,,,reviewed,ak,ak
1999-12-07T17:43:48.677Z,57.405,-154.0941,44.1,4.3,ml,,,,1.2,ak,ak999fo8n183,2020-02-20T20:03:24.837Z,"16 km SSW of Larsen Bay, Alaska",earthquake,,0.4,,,reviewed,ak,ak
1999-12-07T17:41:02.683Z,57.0537,-154.4878,86.9,2.7,ml,,,,1.07,ak,ak999fo8mi8s,2020-02-20T20:02:36.830Z,"22 km WNW of Akhiok, Alaska",earthquake,,10.4,,,reviewed,ak,ak
1999-12-07T17:16:33.806Z,57.3531,-154.2257,33.5,3.1,ml,,,,0.59,ak,ak999fo8h7qs,2020-02-20T20:03:25.281Z,"25 km SW of Larsen Bay, Alaska",earthquake,,0.2,,,reviewed,ak,ak
1999-12-07T15:28:54.040Z,38.7718333,-122.7445,2.611,2.7,md,43,33,0.02162,0.05,nc,nc21070822,2016-12-31T00:20:32.920Z,"5 km SSW of Cobb, California",earthquake,0.11,0.33,0.1,49,reviewed,nc,nc
1999-12-07T15:24:05.287Z,57.0338,-154.1427,76.1,2.7,ml,,,,0.96,ak,ak999fo7c028,2020-02-20T20:03:26.585Z,"9 km N of Akhiok, Alaska",earthquake,,6.9,,,reviewed,ak,ak
1999-12-07T15:12:32.008Z,57.0318,-154.0309,11,3.6,ml,,,,0.94,ak,ak999fo79hj4,2020-02-20T20:03:26.910Z,"12 km NE of Akhiok, Alaska",earthquake,,1.6,,,reviewed,ak,ak
1999-12-07T14:49:34.130Z,17.547,-101.363,33,4.7,mb,,,,1.22,us,usp0009jk6,2014-11-07T01:09:07.829Z,"2 km SW of San Jeronimito, Mexico",earthquake,,,,28,reviewed,us,us
1999-12-07T14:48:38.322Z,57.2072,-154.3491,39,2.7,ml,,,,0.57,ak,ak999fo6vs6w,2020-02-20T20:02:41.879Z,"31 km NNW of Akhiok, Alaska",earthquake,,28.7,,,reviewed,ak,ak
1999-12-07T14:03:25.850Z,57.4069,-154.0514,42.8,2.9,ml,,,,0.47,ak,ak999fo6m409,2020-02-20T20:03:27.689Z,"15 km SSW of Larsen Bay, Alaska",earthquake,,0.7,,,reviewed,ak,ak
1999-12-07T13:53:49.800Z,19.246,-98.918,4,3.3,md,,,,,us,usp0009jk4,2014-11-07T01:09:07.824Z,"2 km NNE of San Mateo Huitzilzingo, Mexico",earthquake,,,,,reviewed,unm,unm
1999-12-07T13:52:03.110Z,-20.423,-178.051,565.9,4.9,mb,,,,0.82,us,usp0009jk3,2014-11-07T01:09:07.820Z,"Fiji region",earthquake,,32.8,,9,reviewed,us,us
1999-12-07T13:09:11.320Z,40.187,42.113,33,4.1,mb,,,,1.35,us,usp0009jk2,2014-11-07T01:09:07.817Z,"17 km NNW of Horasan, Turkey",earthquake,,,,1,reviewed,us,us
1999-12-07T12:31:44.780Z,-16.138,-173.37,33,4.6,mb,,,,0.82,us,usp0009jk1,2014-11-07T01:09:07.812Z,"49 km ESE of Hihifo, Tonga",earthquake,,,,18,reviewed,us,us
1999-12-07T12:09:40.410Z,12.593,95.136,33,5,mb,,,,1.33,us,usp0009jk0,2014-11-07T01:09:07.809Z,"279 km ENE of Port Blair, India",earthquake,,,,4,reviewed,us,us
1999-12-07T11:40:13.413Z,57.0587,-154.4408,71,2.5,ml,,,,0.79,ak,ak999fo51pq5,2020-02-20T20:02:45.396Z,"20 km NW of Akhiok, Alaska",earthquake,,12.9,,,reviewed,ak,ak
1999-12-07T11:09:35.374Z,57.1291,-154.4139,28.6,2.7,ml,,,,0.49,ak,ak999fo4v481,2020-02-20T20:02:46.850Z,"25 km NW of Akhiok, Alaska",earthquake,,545.7,,,reviewed,ak,ak
1999-12-07T10:28:16.596Z,57.2568,-154.4409,51.3,2.7,ml,,,,0.72,ak,ak999fo4dprv,2020-02-20T20:02:47.767Z,"34 km S of Karluk, Alaska",earthquake,,7,,,reviewed,ak,ak
1999-12-07T09:37:05.356Z,57.1988,-154.3944,33.3,2.6,ml,,,,0.47,ak,ak999fo3u6qv,2020-02-20T20:02:48.994Z,"31 km NNW of Akhiok, Alaska",earthquake,,0.2,,,reviewed,ak,ak
1999-12-07T09:29:03.870Z,57.3471,-154.0908,59.2,2.9,ml,,,,0.54,ak,ak999fo3sgwj,2020-02-20T20:03:28.658Z,"22 km SSW of Larsen Bay, Alaska",earthquake,,0.2,,,reviewed,ak,ak
1999-12-07T09:21:57.453Z,57.2801,-154.0817,50.1,2.8,ml,,,,0.44,ak,ak999fo3qvb5,2020-02-20T20:03:29.062Z,"29 km SSW of Larsen Bay, Alaska",earthquake,,0.8,,,reviewed,ak,ak
1999-12-07T08:54:45.340Z,-6.004,148.505,77,4.6,mb,,,,1,us,usp0009jjw,2014-11-07T01:09:07.802Z,"95 km NE of Finschhafen, Papua New Guinea",earthquake,,9.7,,7,reviewed,us,us
1999-12-07T08:54:20.527Z,57.1254,-154.3319,57.6,2.8,ml,,,,0.62,ak,ak999fo3cfhg,2020-02-20T20:02:49.613Z,"22 km NNW of Akhiok, Alaska",earthquake,,8.3,,,reviewed,ak,ak
1999-12-07T07:53:09.100Z,38.7765,-122.7453333,2.971,2.72,md,48,30,0.02252,0.06,nc,nc21070796,2016-12-31T00:19:14.990Z,"5 km SSW of Cobb, California",earthquake,0.11,0.29,0.13,59,reviewed,nc,nc
1999-12-07T07:27:43.602Z,57.2215,-154.5541,115.9,2.5,ml,,,,0.85,ak,ak999fo2l9bs,2020-02-20T20:02:52.670Z,"38 km NW of Akhiok, Alaska",earthquake,,8.7,,,reviewed,ak,ak
1999-12-07T07:05:10.720Z,-4.482,103.35,96.5,4.7,mb,,,,1.14,us,usp0009jjv,2014-11-07T01:09:07.799Z,"51 km SSE of Pagar Alam, Indonesia",earthquake,,17,,4,reviewed,us,us
1999-12-07T06:34:11.226Z,57.2292,-154.7433,76.5,2.6,ml,,,,0.75,ak,ak999fo2198i,2020-02-20T20:02:53.588Z,"41 km SSW of Karluk, Alaska",earthquake,,17.1,,,reviewed,ak,ak
1999-12-07T06:04:34.180Z,57.2274,-154.4618,49.1,2.5,ml,,,,0.89,ak,ak999fo1uviy,2020-02-20T20:02:55.766Z,"36 km NNW of Akhiok, Alaska",earthquake,,14.5,,,reviewed,ak,ak
1999-12-07T06:03:52.919Z,57.0257,-154.542,98.4,2.9,ml,,,,2.08,ak,ak999fo1up97,2020-02-20T20:02:56.086Z,"24 km WNW of Akhiok, Alaska",earthquake,,7.2,,,reviewed,ak,ak
1999-12-07T05:41:17.110Z,-37.981,177.443,33,4.7,mb,,,,1.19,us,usp0009jjs,2014-11-07T01:09:07.794Z,"14 km ENE of Opotiki, New Zealand",earthquake,,,,3,reviewed,us,us
1999-12-07T05:39:17.000Z,44.4,6.4,2,2.6,ml,,,,,us,usp0009jjr,2014-11-07T01:09:07.789Z,"6 km NNE of Seyne-les-Alpes, France",earthquake,,,,,reviewed,ldg,ldg
1999-12-07T05:35:58.000Z,75.38,-120.44,18,5,mb,,,,,us,usp0009jjq,2014-11-07T01:09:07.771Z,"Prince Patrick Island, Northwest Territories, Canada",earthquake,,,,58,reviewed,ott,us
1999-12-07T05:31:39.190Z,36.51,70.436,214.6,4.5,mb,,,,0.97,us,usp0009jjp,2014-11-07T01:09:07.768Z,"52 km E of Farkh?r, Afghanistan",earthquake,,10.6,,13,reviewed,us,us
1999-12-07T05:29:24.060Z,57.1849,-154.4327,60.8,2.8,ml,,,,0.92,ak,ak999fo1es1i,2020-02-20T20:02:58.761Z,"31 km NNW of Akhiok, Alaska",earthquake,,4.6,,,reviewed,ak,ak
1999-12-07T05:18:24.120Z,57.2023,-154.4297,52.7,2.6,ml,,,,0.83,ak,ak999fo1cf64,2020-02-20T20:02:59.407Z,"32 km NNW of Akhiok, Alaska",earthquake,,6.9,,,reviewed,ak,ak
1999-12-07T05:12:24.881Z,57.1989,-154.4046,51.2,2.6,ml,,,,0.88,ak,ak999fo1b4xk,2020-02-20T20:02:59.729Z,"31 km NNW of Akhiok, Alaska",earthquake,,10.6,,,reviewed,ak,ak
1999-12-07T05:00:25.089Z,57.2604,-154.2645,22.6,3.2,ml,,,,0.69,ak,ak999fo18kcs,2020-02-20T20:03:29.743Z,"35 km N of Akhiok, Alaska",earthquake,,10.7,,,reviewed,ak,ak
1999-12-07T04:59:24.256Z,57.2325,-154.1568,49.5,2.9,ml,,,,0.57,ak,ak999fo0zrxl,2020-02-20T20:03:30.067Z,"31 km N of Akhiok, Alaska",earthquake,,0.2,,,reviewed,ak,ak
1999-12-07T04:54:07.047Z,57.1968,-154.3436,26.6,2.6,ml,,,,0.7,ak,ak999fo0yo0w,2020-02-20T20:03:01.023Z,"29 km NNW of Akhiok, Alaska",earthquake,,82.5,,,reviewed,ak,ak
1999-12-07T04:33:10.550Z,51.076,15.71,5,2.9,ml,,,,0.14,us,usp0009jjk,2014-11-07T01:09:07.762Z,"7 km NNE of Wle?, Poland",earthquake,,,,,reviewed,us,vie
1999-12-07T04:32:16.000Z,-5.295,146.962,182.3,4.5,mb,,,,0.81,us,usp0009jjj,2014-11-07T01:09:07.760Z,"130 km E of Madang, Papua New Guinea",earthquake,,14.6,,1,reviewed,us,us
1999-12-07T04:06:46.192Z,57.1399,-154.3288,50.4,2.9,ml,,,,0.95,ak,ak999fo0ogob,2020-02-20T20:03:04.490Z,"23 km NNW of Akhiok, Alaska",earthquake,,12.8,,,reviewed,ak,ak
1999-12-07T04:06:08.126Z,57.3677,-154.3905,44.8,2.5,ml,,,,0.91,ak,ak999fo0odqk,2020-02-20T20:03:04.838Z,"22 km S of Karluk, Alaska",earthquake,,20.8,,,reviewed,ak,ak
1999-12-07T03:31:12.949Z,57.1139,-154.4649,61.6,3,ml,,,,0.88,ak,ak999fo08bem,2020-02-20T20:03:19.767Z,"25 km NW of Akhiok, Alaska",earthquake,,1.6,,,reviewed,ak,ak
1999-12-07T03:25:17.062Z,57.1846,-154.4442,33.9,3.1,ml,,,,0.66,ak,ak999fo071fe,2020-02-20T20:03:06.846Z,"31 km NNW of Akhiok, Alaska",earthquake,,5.1,,,reviewed,ak,ak
1999-12-07T02:54:36.380Z,9.673,57.152,10,4.6,mb,,,,0.6,us,usp0009jjg,2014-11-07T01:09:07.700Z,"Carlsberg Ridge",earthquake,,,,15,reviewed,us,us
1999-12-07T02:35:48.180Z,32.3,-40.185,10,4.9,ms,,,,0.86,us,usp0009jjf,2014-11-07T01:09:07.689Z,"northern Mid-Atlantic Ridge",earthquake,,,,58,reviewed,us,us
1999-12-07T02:25:49.544Z,57.2228,-154.3007,44.3,3.5,ml,,,,0.61,ak,ak999fnzlobu,2020-02-20T20:03:20.114Z,"31 km NNW of Akhiok, Alaska",earthquake,,0.3,,,reviewed,ak,ak
1999-12-07T02:16:02.479Z,57.1064,-154.4933,54.5,2.5,ml,,,,0.74,ak,ak999fnzjn93,2020-02-20T20:03:10.197Z,"26 km NW of Akhiok, Alaska",earthquake,,21.8,,,reviewed,ak,ak
1999-12-07T02:13:48.424Z,57.2424,-154.1067,43.7,4.3,ml,,,,0.85,ak,ak999fnzj3ne,2020-02-20T20:03:31.064Z,"33 km N of Akhiok, Alaska",earthquake,,0.1,,,reviewed,ak,ak
1999-12-07T01:51:30.431Z,57.1743,-154.3215,38.8,3.1,ml,,,,0.76,ak,ak999fnz5rv7,2020-02-20T20:03:31.545Z,"27 km NNW of Akhiok, Alaska",earthquake,,1.2,,,reviewed,ak,ak
1999-12-07T01:44:35.468Z,57.2564,-154.3221,20.7,2.6,ml,,,,0.65,ak,ak999fnz4a8q,2020-02-20T20:03:11.443Z,"35 km SSE of Karluk, Alaska",earthquake,,12.1,,,reviewed,ak,ak
1999-12-07T01:38:47.209Z,57.1322,-154.3178,27.5,2.6,ml,,,,0.52,ak,ak999fnz30uo,2020-02-20T20:03:11.776Z,"22 km NNW of Akhiok, Alaska",earthquake,,41,,,reviewed,ak,ak
1999-12-07T01:29:33.138Z,57.0293,-154.4268,55.7,3.3,ml,,,,0.73,ak,ak999fnz12bl,2020-02-20T20:03:31.897Z,"18 km WNW of Akhiok, Alaska",earthquake,,0.2,,,reviewed,ak,ak
1999-12-07T01:27:29.231Z,57.3134,-154.4916,63.6,2.5,ml,,,,0.86,ak,ak999fnz0ml7,2020-02-20T20:03:13.157Z,"28 km S of Karluk, Alaska",earthquake,,7,,,reviewed,ak,ak
1999-12-07T01:25:36.263Z,56.8481,-154.3826,69.6,3.1,ml,,,,0.76,ak,ak999fnz07p6,2020-02-20T20:03:32.286Z,"16 km SW of Akhiok, Alaska",earthquake,,0.7,,,reviewed,ak,ak
1999-12-07T01:23:00.197Z,57.1529,-154.5825,52.8,2.5,ml,,,,0.76,ak,ak999fnyzphf,2020-02-20T20:03:13.804Z,"34 km NW of Akhiok, Alaska",earthquake,,9.7,,,reviewed,ak,ak
1999-12-07T01:05:32.977Z,57.2627,-154.4605,16.5,2.7,ml,,,,0.78,ak,ak999fnyvx4h,2020-02-20T20:03:14.137Z,"34 km S of Karluk, Alaska",earthquake,,9,,,reviewed,ak,ak
1999-12-07T01:00:42.278Z,57.1533,-154.1071,15,2.9,ml,,,,0.54,ak,ak999fnyuv9f,2020-02-20T20:03:32.915Z,"23 km N of Akhiok, Alaska",earthquake,,21.5,,,reviewed,ak,ak
1999-12-07T00:53:49.150Z,57.5379,-154.5754,96.8,2.8,ml,,,,0.73,ak,ak999fnykt4z,2020-02-20T20:03:20.948Z,"7 km WSW of Karluk, Alaska",earthquake,,3.4,,,reviewed,ak,ak
1999-12-07T00:51:26.330Z,57.2871,-154.0354,8.2,4,ml,,,,1.15,ak,ak999fnykby1,2020-02-20T20:03:33.228Z,"28 km S of Larsen Bay, Alaska",earthquake,,0.5,,,reviewed,ak,ak
1999-12-07T00:41:30.561Z,57.2073,-154.3048,40,4.5,ml,,,,0.75,ak,ak999fnyi740,2020-02-20T20:03:33.696Z,"30 km NNW of Akhiok, Alaska",earthquake,,0,,,reviewed,ak,ak
1999-12-07T00:33:46.405Z,56.9679,-154.3285,40,3.9,ml,,,,1.11,ak,ak999fnygils,2020-02-20T20:03:34.094Z,"Kodiak Island region, Alaska",earthquake,,0,,,reviewed,ak,ak
1999-12-07T00:29:54.374Z,57.1639,-154.3394,31.6,3.1,ml,,,,0.67,ak,ak999fnyfoct,2020-02-20T20:03:21.243Z,"26 km NNW of Akhiok, Alaska",earthquake,,71.6,,,reviewed,ak,ak
1999-12-07T00:28:52.602Z,56.8154,-154.3065,73.1,3.8,ml,,,,1.51,ak,ak999fnyfgi4,2020-02-20T20:03:34.437Z,"16 km SSW of Akhiok, Alaska",earthquake,,0.7,,,reviewed,ak,ak
1999-12-07T00:26:18.294Z,57.2037,-154.2592,40.3,4,ml,,,,1.37,ak,ak999fnyeyf9,2020-02-20T20:03:18.605Z,"Kodiak Island region, Alaska",earthquake,,3.6,,,reviewed,ak,ak
1999-12-07T00:19:51.303Z,57.2026,-154.2573,43.9,6.4,mw,,,,0.92,ak,ak999fnydiyi,2022-04-29T18:19:56.321Z,"29 km N of Akhiok, Alaska",earthquake,,0.1,,,reviewed,ak,ak
1999-12-07T00:14:43.939Z,57.3694,-154.0697,46.8,2.6,ml,,,,0.91,ak,ak999fnycft5,2020-02-20T20:03:21.547Z,"Kodiak Island region, Alaska",earthquake,,0.7,,,reviewed,ak,ak
1999-12-07T00:09:21.774Z,57.1152,-155.0347,103.5,3.5,ml,,,,1.8,ak,ak999fnybbip,2020-02-20T20:03:35.374Z,"55 km WNW of Akhiok, Alaska",earthquake,,1.2,,,reviewed,ak,ak
1999-12-07T00:05:02.681Z,57.315,-154.5098,71.1,2.9,ml,,,,1.19,ak,ak999fnyaf6k,2020-02-20T20:03:18.967Z,"28 km S of Karluk, Alaska",earthquake,,5.3,,,reviewed,ak,ak
1999-12-07T00:03:41.689Z,57.2928,-154.2228,45.3,3,ml,,,,1.03,ak,ak999fnya2rc,2020-02-20T20:03:21.886Z,"Kodiak Island region, Alaska",earthquake,,0.6,,,reviewed,ak,ak
1999-12-06T23:59:07.812Z,57.2972,-154.0665,47.2,2.5,ml,,,,0.47,ak,ak999fmormnx,2020-02-20T20:03:35.711Z,"27 km S of Larsen Bay, Alaska",earthquake,,4.2,,,reviewed,ak,ak
1999-12-06T23:55:56.494Z,57.1249,-154.411,33.1,2.5,ml,,,,0.7,ak,ak999fmoqvk1,2020-02-20T20:03:36.744Z,"24 km NW of Akhiok, Alaska",earthquake,,677.6,,,reviewed,ak,ak
1999-12-06T23:54:46.233Z,57.3145,-154.4951,45.8,3,ml,,,,0.98,ak,ak999fmoqn1r,2020-02-20T20:03:42.285Z,"28 km S of Karluk, Alaska",earthquake,,7.7,,,reviewed,ak,ak
1999-12-06T23:50:15.460Z,57.291,-154.1596,7.3,2.6,ml,,,,0.66,ak,ak999fmoppt6,2020-02-20T20:03:37.709Z,"29 km SSW of Larsen Bay, Alaska",earthquake,,5.4,,,reviewed,ak,ak
1999-12-06T23:40:25.675Z,57.4246,-154.4611,-2.1,2.5,ml,,,,0.54,ak,ak999fmonlfr,2020-02-20T20:03:37.375Z,"16 km S of Karluk, Alaska",earthquake,,6.4,,,reviewed,ak,ak
1999-12-06T23:39:42.157Z,57.1854,-154.3506,28.8,2.9,ml,,,,0.57,ak,ak999fmonezr,2020-02-20T20:03:38.027Z,"28 km NNW of Akhiok, Alaska",earthquake,,2,,,reviewed,ak,ak
1999-12-06T23:37:42.016Z,57.2337,-154.2632,37.6,2.6,ml,,,,0.88,ak,ak999fmomzjt,2020-02-20T20:03:42.634Z,"32 km N of Akhiok, Alaska",earthquake,,4.3,,,reviewed,ak,ak
1999-12-06T23:32:43.342Z,57.3317,-154.2948,29.2,3,ml,,,,0.59,ak,ak999fmolx2m,2020-02-20T20:03:41.604Z,"28 km SSE of Karluk, Alaska",earthquake,,12.7,,,reviewed,ak,ak
1999-12-06T23:31:32.345Z,57.3715,-154.2362,24.9,3.8,ml,,,,0.88,ak,ak999fmoloia,2020-02-20T20:03:41.932Z,"24 km SW of Larsen Bay, Alaska",earthquake,,8.3,,,reviewed,ak,ak
1999-12-06T23:30:48.146Z,57.3443,-154.0534,57.3,3.4,ml,,,,0.52,ak,ak999fmoli0e,2020-02-20T20:03:38.674Z,"22 km SSW of Larsen Bay, Alaska",earthquake,,9.4,,,reviewed,ak,ak
1999-12-06T23:28:51.320Z,57.33,-154.1461,34.3,3,ml,,,,0.32,ak,ak999fmol2to,2020-02-20T20:03:39.942Z,"25 km SSW of Larsen Bay, Alaska",earthquake,,26.2,,,reviewed,ak,ak
1999-12-06T23:27:18.138Z,57.2885,-154.3923,26.8,2.9,ml,,,,0.56,ak,ak999fmoksjp,2020-02-20T20:03:40.605Z,"31 km S of Karluk, Alaska",earthquake,,23.9,,,reviewed,ak,ak
1999-12-06T23:22:57.509Z,57.2436,-154.1458,41.5,5.3,ml,,,,1.17,ak,ak999fmojt06,2022-04-29T18:19:50.872Z,"33 km N of Akhiok, Alaska",earthquake,,1.6,,,reviewed,ak,ak
1999-12-06T23:21:16.071Z,57.1681,-154.3173,28.7,3,ml,,,,0.7,ak,ak999fmoji3b,2020-02-20T20:03:41.271Z,"26 km NNW of Akhiok, Alaska",earthquake,,2.8,,,reviewed,ak,ak
1999-12-06T23:19:55.618Z,57.2947,-154.1313,7.4,3.2,ml,,,,0.45,ak,ak999fmoj5pl,2020-02-20T20:03:40.946Z,"28 km SSW of Larsen Bay, Alaska",earthquake,,4.7,,,reviewed,ak,ak
1999-12-06T23:12:33.537Z,57.3424,-154.3469,43.6,7,mw,,,,1.08,ak,ak999fmohlzt,2022-04-29T18:19:49.547Z,"26 km SSE of Karluk, Alaska",earthquake,,2.9,,,reviewed,ak,ak
1999-12-06T22:29:54.340Z,37.011,27.491,10,4,mb,,,,0.85,us,usp0009jj0,2014-11-07T01:09:07.126Z,"6 km ESE of Bodrum, Turkey",earthquake,,,,8,reviewed,us,us
1999-12-06T22:17:45.250Z,34.689,-116.304,0.48,3.11,mc,0,109.9,0.1259,0.133,ci,ci9127562,2016-04-02T10:33:23.588Z,"14km WSW of Ludlow, CA",earthquake,,1.508,,15,reviewed,ci,ci
1999-12-06T22:15:47.320Z,34.797,-116.286,4.431,2.54,ml,0,129.2,,0.202,ci,ci9127560,2016-02-16T09:10:43.807Z,"14km NW of Ludlow, California",earthquake,,0.251,,111,reviewed,ci,ci
1999-12-06T22:04:16.290Z,19.5491667,-155.1278333,35.74,2.77,ml,37,139,,0.11,hv,hv1273973,2020-03-31T21:09:02.480Z,"2 km WSW of Mountain View, Hawaii",earthquake,0.61,0.76,0.36,9,reviewed,hv,hv
1999-12-06T21:08:05.300Z,36.462,-110.384,0,3.1,ml,14,,,0.79,rusms,rusms00001573,2022-06-09T21:14:13.416Z,"27 km ESE of Shonto, Arizona",explosion,,,,,reviewed,us,us
1999-12-06T20:32:02.133Z,59.752,-152.7678,84.9,3,ml,,,,0.65,ak,ak999fmmtj2t,2020-02-20T20:03:44.937Z,"52 km W of Anchor Point, Alaska",earthquake,,0.9,,,reviewed,ak,ak
1999-12-06T20:12:24.730Z,32.247,-40.182,10,4.6,mb,,,,0.84,us,usp0009jhx,2014-11-07T01:09:07.114Z,"northern Mid-Atlantic Ridge",earthquake,,,,13,reviewed,us,us
1999-12-06T19:17:43.359Z,60.0379,-151.9326,53.1,2.7,ml,,,,0.9,ak,ak999fmm4ywv,2020-02-20T20:03:45.712Z,"14 km W of Ninilchik, Alaska",earthquake,,1.2,,,reviewed,ak,ak
1999-12-06T18:51:34.660Z,27.428,128.153,85.5,3.9,mb,,,,0.51,us,usp0009jht,2014-11-07T01:09:07.104Z,"91 km N of Nago, Japan",earthquake,,10.2,,1,reviewed,us,us
1999-12-06T17:40:42.790Z,32.46,-108.962,0,3,ml,11,,,1.34,rusms,rusms00001571,2022-06-09T21:14:13.407Z,"24 km WNW of Glen Acres, New Mexico",explosion,,,,,reviewed,us,us
1999-12-06T17:18:03.200Z,-3.266,142.961,33,4.5,mb,,,,1.17,us,usp0009jhr,2014-11-07T01:09:07.094Z,"69 km ESE of Aitape, Papua New Guinea",earthquake,,,,10,reviewed,us,us
1999-12-06T16:35:49.660Z,5.328,126.538,33,4.2,mb,,,,1.31,us,usp0009jhp,2014-11-07T01:09:07.090Z,"118 km ESE of Caburan, Philippines",earthquake,,,,4,reviewed,us,us
1999-12-06T14:20:03.260Z,35.049,-111.469,5,2.7,ml,,,,1.07,us,usp0009jhm,2014-11-07T01:09:07.085Z,"18 km ESE of Mountainaire, Arizona",earthquake,,,,,reviewed,us,us
1999-12-06T13:43:09.810Z,-1.986,134.441,33,4.8,mb,,,,1.16,us,usp0009jhk,2014-11-07T01:09:07.079Z,"131 km SSE of Manokwari, Indonesia",earthquake,,,,8,reviewed,us,us
1999-12-06T13:19:14.200Z,61.1154,-151.8954,103.7,2.5,ml,,,,0.69,ak,ak999fmikqgs,2020-02-20T20:03:47.424Z,"41 km W of Tyonek, Alaska",earthquake,,1.8,,,reviewed,ak,ak
1999-12-06T13:17:21.420Z,-33.322,-69.828,126.3,2.9,md,,,,,us,usp0009jhh,2014-11-07T01:09:07.073Z,"71 km ENE of Villa Presidente Frei, Ñuñoa, Santiago, Chile, Chile",earthquake,,,,,reviewed,guc,guc
1999-12-06T12:03:51.450Z,34.309,-116.072,2.401,2.56,ml,0,65.5,,0.143,ci,ci9127445,2016-02-17T02:14:45.155Z,"19km N of Twentynine Palms, California",earthquake,,0.242,,134,reviewed,ci,ci
1999-12-06T11:24:02.020Z,10.907,-62.224,55,2.7,md,,,,,us,usp0009jhf,2014-11-07T01:09:07.069Z,"37 km NNE of Güiria, Venezuela",earthquake,,,,,reviewed,trn,trn
1999-12-06T10:48:46.120Z,34.424,-116.201,-0.174,2.83,ml,0,43.1,,0.182,ci,ci9127443,2016-02-16T04:31:25.080Z,"33km S of Ludlow, California",earthquake,,0.408,,180,reviewed,ci,ci
1999-12-06T10:31:49.450Z,43.66,147.073,68.5,4.2,mb,,,,1.04,us,usp0009jhc,2014-11-07T01:09:07.058Z,"32 km ESE of Shikotan, Russia",earthquake,,11.6,,2,reviewed,us,us
1999-12-06T10:14:02.110Z,25.279,122.963,195.4,4.3,mb,,,,0.62,us,usp0009jhb,2014-11-07T01:09:07.055Z,"90 km N of Yonakuni, Japan",earthquake,,17.5,,2,reviewed,us,us
1999-12-06T10:04:06.240Z,-6.27,148.291,71.6,4.6,mb,,,,1.02,us,usp0009jha,2014-11-07T01:09:07.051Z,"58 km ENE of Finschhafen, Papua New Guinea",earthquake,,23.4,,4,reviewed,us,us
1999-12-06T09:58:00.130Z,-28.467,-71.505,33,4.6,mb,,,,1.46,us,usp0009jh9,2014-11-07T01:09:07.045Z,"73 km W of Vallenar, Chile",earthquake,,,,8,reviewed,us,us
1999-12-06T09:52:31.092Z,57.8704,-153.7344,52.2,2.8,ml,,,,0.6,ak,ak999fmge3z9,2020-02-20T20:03:48.120Z,"39 km NNE of Larsen Bay, Alaska",earthquake,,4.4,,,reviewed,ak,ak
1999-12-06T08:17:28.940Z,42.716,76.45,21.8,4.4,mb,,,,0.96,us,usp0009jh7,2014-11-07T01:09:07.040Z,"35 km NE of Balykchy, Kyrgyzstan",earthquake,,,,2,reviewed,us,us
1999-12-06T07:34:27.400Z,17.483,-94.42,230,4.3,md,,,,,us,usp0009jh6,2014-11-07T01:09:07.037Z,"9 km ENE of Niños Héroes, Mexico",earthquake,,,,,reviewed,unm,unm
1999-12-06T07:33:11.160Z,42.629,76.322,20.9,5.2,mwc,,,,1.04,us,usp0009jh5,2022-04-29T18:19:48.079Z,"Kyrgyzstan",earthquake,,,,,reviewed,us,hrv
1999-12-06T05:01:11.400Z,-33.316,-71.848,29.6,3.8,md,,,,,us,usp0009jh3,2014-11-07T01:09:06.844Z,"34 km NW of Cartagena, Chile",earthquake,,,,,reviewed,guc,guc
1999-12-06T04:55:13.930Z,19.5531667,-156.0238333,49.249,2.83,ml,31,255,,0.09,hv,hv1273942,2020-03-31T21:09:02.320Z,"6 km WSW of Kahaluu-Keauhou, Hawaii",earthquake,0.86,0.98,0.16,5,reviewed,hv,hv
1999-12-06T04:41:52.470Z,46.483,10.761,10,2.7,ml,,,,1.03,us,usp0009jh2,2014-11-07T01:09:06.837Z,"8 km S of Ganda, Italy",earthquake,,,,,reviewed,us,str
1999-12-06T02:53:06.360Z,4.421,-78.727,33,4.4,mb,,,,1.27,us,usp0009jh1,2014-11-07T01:09:06.832Z,"152 km W of Santa Genoveva de Docordó, Colombia",earthquake,,,,3,reviewed,us,us
1999-12-06T02:41:56.767Z,54.693,-159.3839,7.5,3.3,ml,,,,0.67,ak,ak999fmc5ruk,2020-02-20T20:03:48.843Z,"101 km SE of Sand Point, Alaska",earthquake,,1.1,,,reviewed,ak,ak
1999-12-06T01:45:34.490Z,55.041,165.484,57.5,4.6,mb,,,,1.03,us,usp0009jh0,2014-11-07T01:09:06.823Z,"230 km SE of Ust’-Kamchatsk Staryy, Russia",earthquake,,,,30,reviewed,us,us
1999-12-06T01:28:30.120Z,35.768,22.099,33,3.7,mb,,,,0.78,us,usp0009jgz,2014-11-07T01:09:06.820Z,"90 km WSW of Kýthira, Greece",earthquake,,,,2,reviewed,us,us
1999-12-05T23:21:26.860Z,39.7001667,-123.497,7.85,2.61,md,19,73,0.06396,0.03,nc,nc21070596,2016-12-31T00:15:41.310Z,"1 km NW of Laytonville, California",earthquake,0.25,0.45,0.1,27,reviewed,nc,nc
1999-12-05T22:53:57.170Z,36.446,71.543,103.4,4.5,mb,,,,1.35,us,usp0009jgw,2014-11-07T01:09:06.812Z,"26 km S of Ashk?sham, Afghanistan",earthquake,,20.8,,12,reviewed,us,us
1999-12-05T22:44:16.510Z,-24.013,-66.949,199,4.8,mb,,,,0.78,us,usp0009jgv,2014-11-07T01:09:06.810Z,"67 km WNW of San Antonio de los Cobres, Argentina",earthquake,,8.5,,2,reviewed,us,us
1999-12-05T22:14:37.700Z,40.677,42.516,10,4.6,mb,,,,1.08,us,usp0009jgt,2014-11-07T01:09:06.803Z,"14 km SSW of Göle, Turkey",earthquake,,,,1,reviewed,us,us
1999-12-05T22:09:38.870Z,39.954,-120.4816667,0.151,2.77,md,11,258,0.7126,0.14,nc,nc21070583,2016-12-31T00:15:20.869Z,"9 km N of Lake Davis, California",earthquake,1.96,10.84,,2,reviewed,nc,nc
1999-12-05T22:00:34.040Z,29.92,138.689,448.9,5.7,mwc,,,,0.84,us,usp0009jgs,2022-04-29T18:19:46.766Z,"Izu Islands, Japan region",earthquake,,,,,reviewed,us,hrv
1999-12-05T20:38:04.390Z,-46.947,-13.484,10,4.6,mb,,,,1.29,us,usp0009jgr,2014-11-07T01:09:06.721Z,"southern Mid-Atlantic Ridge",earthquake,,,,3,reviewed,us,us
1999-12-05T19:52:26.020Z,-34.109,-72.528,55.7,4.4,md,,,,0.84,us,usp0009jgq,2014-11-07T01:09:06.715Z,"102 km WSW of San Antonio, Chile",earthquake,,12.2,,,reviewed,us,guc
1999-12-05T19:36:39.530Z,42.009,20.404,24.4,2.9,md,,,,,us,usp0009jgp,2014-11-07T01:09:06.712Z,"7 km S of Kukës, Albania",earthquake,,,,,reviewed,pdg,pdg
1999-12-05T17:47:17.950Z,-1.386,89.075,10,4.2,mb,,,,1.09,us,usp0009jgm,2014-11-07T01:09:06.704Z,"South Indian Ocean",earthquake,,,,3,reviewed,us,us
1999-12-05T16:21:51.250Z,57.812,-32.728,10,5.5,mwc,,,,1.06,us,usp0009jgj,2025-12-19T22:33:49.242Z,"Reykjanes Ridge",earthquake,,,,,reviewed,us,hrv
1999-12-05T16:10:39.310Z,29.554,51.642,33,4.2,mb,,,,0.82,us,usp0009jgh,2014-11-07T01:09:06.656Z,"southern Iran",earthquake,,,,12,reviewed,us,us
1999-12-05T15:49:04.452Z,63.161,-151.2285,16.9,3,ml,,,,1.26,ak,ak999fkwenwt,2020-02-20T20:03:49.812Z,"49 km SSE of Denali National Park, Alaska",earthquake,,0.9,,,reviewed,ak,ak
1999-12-05T13:44:36.110Z,50.377,18.85,5,2.7,m,,,,1.41,us,usp0009jgf,2014-11-07T01:09:06.650Z,"4 km SW of Radzionków, Poland",earthquake,,,,,reviewed,us,war
1999-12-05T13:42:02.902Z,55.937,-158.1897,57.5,3.5,ml,,,,0.62,ak,ak999fkv6aki,2020-02-20T20:03:50.152Z,"41 km SSE of Chignik, Alaska",earthquake,,19.1,,,reviewed,ak,ak
1999-12-05T13:39:03.430Z,38.8238333,-122.789,1.52,3.58,ml,52,38,0.01622,0.07,nc,nc21070513,2016-12-31T00:13:44.390Z,"5 km W of Cobb, California",earthquake,0.12,0.57,,13,reviewed,nc,nc
1999-12-05T13:35:25.370Z,38.821,-122.7896667,0.513,2.55,md,31,40,0.01351,0.05,nc,nc30221123,2016-12-31T00:13:30.689Z,"5 km W of Cobb, California",earthquake,0.15,0.29,0.16,37,reviewed,nc,nc
1999-12-05T13:34:48.190Z,38.8191667,-122.7895,0.51,2.57,md,41,40,0.01171,0.04,nc,nc21070510,2016-12-31T00:13:21.900Z,"5 km W of Cobb, California",earthquake,0.11,0.22,0.17,38,reviewed,nc,nc
1999-12-05T13:12:36.490Z,35.669,61.234,64.3,5,mwc,,,,0.8,us,usp0009jgd,2016-11-10T00:08:04.221Z,"72 km NE of Torbat-e J?m, Iran",earthquake,,,,,reviewed,us,hrv
1999-12-05T12:22:21.590Z,34.865,-116.394,3.62,2.7,ml,0,132.7,,0.206,ci,ci3321587,2016-02-17T02:14:38.412Z,"27km NW of Ludlow, California",earthquake,,0.493,,170,reviewed,ci,ci
1999-12-05T11:57:11.842Z,61.2198,-150.7064,68.8,2.8,ml,,,,0.78,ak,ak999fku2nsg,2020-02-20T20:03:50.496Z,"22 km ENE of Beluga, Alaska",earthquake,,3.6,,,reviewed,ak,ak
1999-12-05T11:47:31.680Z,-13.131,166.477,33,4.6,mb,,,,1.25,us,usp0009jgb,2014-11-07T01:09:06.606Z,"Vanuatu",earthquake,,,,10,reviewed,us,us
1999-12-05T10:56:10.480Z,34.86,-116.409,-0.98,2.6,ml,0,70.4,0.0662,0.181,ci,ci9127247,2016-02-16T11:32:11.717Z,"28km NW of Ludlow, California",earthquake,,1.033,,83,reviewed,ci,ci
1999-12-05T09:08:51.400Z,-9.304,110.337,43.4,4.6,mb,,,,1.18,us,usp0009jg9,2014-11-07T01:09:06.593Z,"149 km S of Pundong, Indonesia",earthquake,,9.9,,14,reviewed,us,us
1999-12-05T08:52:23.160Z,5.364,126.297,60.7,5.4,mwc,,,,1.18,us,usp0009jg8,2022-04-29T18:19:45.362Z,"92 km E of Sarangani, Philippines",earthquake,,12.7,,,reviewed,us,hrv
1999-12-05T07:28:33.320Z,42.517,138.977,220.8,4.6,mb,,,,0.72,us,usp0009jg7,2014-11-07T01:09:06.519Z,"135 km WSW of Iwanai, Japan",earthquake,,5.3,,55,reviewed,us,us
1999-12-05T07:01:52.400Z,16.005,-96.539,56.2,4,md,,,,,us,usp0009jg6,2014-11-07T01:09:06.515Z,"8 km E of San Agustín Loxicha, Mexico",earthquake,,,,,reviewed,unm,unm
1999-12-05T05:53:27.340Z,-0.105,125.383,33,4.1,mb,,,,1.51,us,usp0009jg3,2014-11-07T01:09:06.506Z,"Molucca Sea",earthquake,,,,2,reviewed,us,us
1999-12-05T04:36:33.200Z,15.638,-94.152,102.6,4,md,,,,,us,usp0009jg1,2014-11-07T01:09:06.499Z,"51 km SW of Cabeza de Toro, Mexico",earthquake,,,,,reviewed,unm,unm
1999-12-05T04:31:54.690Z,-32.484,-71.527,39,3.5,md,,,,,us,usp0009jg0,2014-11-07T01:09:06.494Z,"28 km W of La Ligua, Chile",earthquake,,,,,reviewed,guc,guc
1999-12-05T00:52:32.740Z,-16.224,-176.869,400,4.9,mb,,,,0.78,us,usp0009jfz,2014-11-07T01:09:06.481Z,"250 km SSE of Alo, Wallis and Futuna",earthquake,,,,17,reviewed,us,us
1999-12-05T00:12:00.290Z,36.041,70.633,124.1,4.6,mb,,,,0.95,us,usp0009jfy,2014-11-07T01:09:06.473Z,"73 km NNW of P?r?n, Afghanistan",earthquake,,10.1,,8,reviewed,us,us
1999-12-05T00:06:43.260Z,29.414,51.763,33,4.5,mb,,,,1.13,us,usp0009jfx,2014-11-07T01:09:06.456Z,"25 km SSE of K?zer?n, Iran",earthquake,,,,33,reviewed,us,us
1999-12-04T22:24:01.780Z,-30.461,-71.768,14.9,4.1,md,,,,,us,usp0009jfv,2014-11-07T01:09:06.440Z,"56 km WNW of Ovalle, Chile",earthquake,,,,,reviewed,guc,guc
1999-12-04T20:10:04.030Z,38.5881667,-112.199,4.58,2.54,ml,18,48,0.07763,0.19,uu,uu50192075,2018-08-28T17:29:55.630Z,"4 km SSE of Joseph, Utah",earthquake,0.42,0.92,,2,reviewed,uu,uu
1999-12-04T18:45:16.690Z,-7.34,128.03,150,5,mb,,,,0.78,us,usp0009jft,2014-11-07T01:09:06.336Z,"173 km NE of Lospalos, Timor Leste",earthquake,,,,10,reviewed,us,us
1999-12-04T17:06:51.070Z,-28.5,-71.221,34.3,5.7,mwb,,,,0.97,us,usp0009jfr,2022-04-29T18:19:43.943Z,"45 km W of Vallenar, Chile",earthquake,,,,,reviewed,us,us
1999-12-04T16:18:54.840Z,44.03,8.719,2.5,2.6,ml,,,,,us,usp0009jfq,2014-11-07T01:09:06.154Z,"31 km SE of Noli, Italy",earthquake,,,,,reviewed,gen,ldg
1999-12-04T15:22:58.640Z,-3.496,150.339,33,4.6,mb,,,,1.41,us,usp0009jfp,2014-11-07T01:09:06.141Z,"113 km SSW of Kavieng, Papua New Guinea",earthquake,,,,5,reviewed,us,us
1999-12-04T15:18:11.590Z,61.383,-146.0245,20.4,2.6,ml,,,,0.73,ak,ak999fj8oorr,2020-02-20T20:03:52.648Z,"33 km NNE of Valdez, Alaska",earthquake,,1.7,,,reviewed,ak,ak
1999-12-04T15:08:58.560Z,-3.483,150.85,33,5.4,mwc,,,,1.07,us,usp0009jfm,2022-04-29T18:19:42.535Z,"100 km S of Kavieng, Papua New Guinea",earthquake,,,,,reviewed,us,hrv
1999-12-04T14:57:47.130Z,-2.506,139.962,33,5.4,mwc,,,,1.31,us,usp0009jfk,2022-04-29T18:19:40.955Z,"75 km W of Abepura, Indonesia",earthquake,,,,,reviewed,us,hrv
1999-12-04T14:13:15.860Z,45.672,15.061,10,3.1,ml,,,,0.56,us,usp0009jfj,2014-11-07T01:09:06.113Z,"9 km S of Dolenjske Toplice, Slovenia",earthquake,,,,,reviewed,us,zag
1999-12-04T13:39:33.390Z,-33.579,-71.418,44.9,3.1,md,,,,,us,usp0009jfh,2014-11-07T01:09:06.108Z,"17 km E of San Antonio, Chile",earthquake,,,,,reviewed,guc,guc
1999-12-04T13:34:21.070Z,13.827,120.759,171.1,4.8,mb,,,,0.96,us,usp0009jfg,2014-11-07T01:09:06.093Z,"6 km ESE of Hukay, Philippines",earthquake,,17.7,,26,reviewed,us,us
1999-12-04T13:10:30.150Z,34.8356667,-116.403,4.46,3.09,ml,58,67,,0.12,ci,ci9127087,2016-04-02T17:23:15.407Z,"26km WNW of Ludlow, CA",earthquake,0.14,0.3,0.118,62,reviewed,ci,ci
1999-12-04T12:56:47.650Z,34.863,-116.399,3.87,2.68,ml,0,132,0.06054,0.16,ci,ci9127072,2016-02-16T13:54:30.019Z,"27km NW of Ludlow, California",earthquake,,0.69,,138,reviewed,ci,ci
1999-12-04T11:32:35.630Z,66.945,127.755,10,4,mb,,,,1.17,us,usp0009jfe,2014-11-07T01:09:06.081Z,"148 km SW of Batagay-Alyta, Russia",earthquake,,,,3,reviewed,us,us
1999-12-04T11:01:49.430Z,43.14,67.901,33,3.9,mb,,,,1.04,us,usp0009jfd,2014-11-07T01:09:06.078Z,"33 km WSW of Turkestan, Kazakhstan",earthquake,,,,1,reviewed,us,us
1999-12-04T10:37:23.530Z,37.6666667,-122.0605,6.576,2.53,md,86,32,0.04414,0.09,nc,nc21070374,2016-12-31T00:11:04.410Z,"1 km E of Hayward, California",earthquake,0.1,0.26,0.12,97,reviewed,nc,nc
1999-12-04T10:31:22.852Z,59.5999,-152.9846,102.7,2.5,ml,,,,0.32,ak,ak999fj5sbx9,2020-02-20T20:03:53.345Z,"66 km WNW of Nanwalek, Alaska",earthquake,,1.5,,,reviewed,ak,ak
1999-12-04T08:46:56.690Z,51.473,-178.421,33,5.2,mwc,,,,0.95,us,usp0009jfb,2022-04-29T18:19:39.445Z,"131 km WSW of Adak, Alaska",earthquake,,,,,reviewed,us,hrv
1999-12-04T07:45:01.430Z,3.282,128.088,33,5.7,mwb,,,,1.03,us,usp0009jfa,2022-04-29T18:19:38.099Z,"172 km N of Tobelo, Indonesia",earthquake,,,,,reviewed,us,us
1999-12-04T06:21:06.330Z,-23.652,179.799,550,4.4,mb,,,,0.78,us,usp0009jf8,2014-11-07T01:09:05.960Z,"south of the Fiji Islands",earthquake,,,,6,reviewed,us,us
1999-12-04T05:55:06.370Z,49.066,156.642,33,4.8,mb,,,,0.73,us,usp0009jf7,2014-11-07T01:09:05.955Z,"182 km SSE of Severo-Kuril’sk, Russia",earthquake,,,,6,reviewed,us,us
1999-12-04T05:06:12.190Z,35.866,140.61,95.5,5,mb,,,,0.72,us,usp0009jf6,2014-11-07T01:09:05.928Z,"1 km NNW of Omigawa, Japan",earthquake,,,,62,reviewed,us,us
1999-12-04T05:04:38.340Z,57.705,-32.716,10,4.5,mb,,,,1.03,us,usp0009jf5,2014-11-07T01:09:05.919Z,"Reykjanes Ridge",earthquake,,,,26,reviewed,us,us
1999-12-04T05:02:29.000Z,57.994,-32.68,10,4.3,mb,,,,1.1,us,usp0009jf4,2014-11-07T01:09:05.915Z,"Reykjanes Ridge",earthquake,,,,11,reviewed,us,us
1999-12-04T04:22:43.500Z,-39.76,174.87,11,3.4,ml,,,,,us,usp0009jf3,2014-11-07T01:09:05.912Z,"24 km NW of Wanganui, New Zealand",earthquake,,,,,reviewed,wel,wel
1999-12-04T04:02:58.940Z,51.682,16.19,5,4.4,ml,,,,0.52,us,usp0009jf2,2014-11-07T01:09:05.898Z,"5 km SW of Szlichtyngowa, Poland",earthquake,,,,,reviewed,us,grf
1999-12-04T03:14:20.920Z,57.657,-32.599,10,4.6,mb,,,,1.03,us,usp0009jf1,2014-11-07T01:09:05.887Z,"Reykjanes Ridge",earthquake,,,,29,reviewed,us,us
1999-12-04T03:02:09.570Z,0.66,-25.146,10,4.2,mb,,,,1.07,us,usp0009jf0,2014-11-07T01:09:05.881Z,"central Mid-Atlantic Ridge",earthquake,,,,7,reviewed,us,us
1999-12-04T02:11:42.520Z,41.728,19.837,10,3.1,md,,,,,us,usp0009jez,2014-11-07T01:09:05.875Z,"5 km SW of Rrëshen, Albania",earthquake,,,,,reviewed,pdg,pdg
1999-12-04T02:10:17.760Z,57.64,-32.831,10,4.6,mb,,,,1.01,us,usp0009jey,2014-11-07T01:09:05.871Z,"Reykjanes Ridge",earthquake,,,,12,reviewed,us,us
1999-12-04T02:03:16.560Z,57.746,-32.581,10,4.7,mb,,,,0.95,us,usp0009jex,2014-11-07T01:09:05.858Z,"Reykjanes Ridge",earthquake,,,,29,reviewed,us,us
1999-12-04T02:01:34.650Z,57.667,-32.58,10,5.6,mwc,,,,1.08,us,usp0009jew,2022-04-29T18:19:36.331Z,"Reykjanes Ridge",earthquake,,,,,reviewed,us,hrv
1999-12-04T01:29:09.250Z,-17.01,-72.725,55.5,4.5,mb,,,,0.87,us,usp0009jeu,2014-11-07T01:09:05.646Z,"42 km S of Camaná, Peru",earthquake,,11.1,,12,reviewed,us,us
1999-12-03T23:58:20.060Z,-5.416,147.59,198.6,4.5,mb,,,,1.21,us,usp0009jet,2014-11-07T01:09:05.642Z,"129 km NNW of Finschhafen, Papua New Guinea",earthquake,,9.5,,5,reviewed,us,us
1999-12-03T23:32:38.580Z,34.944,-116.406,-1.005,2.52,ml,0,144.1,,0.162,ci,ci9126982,2016-02-17T07:00:33.540Z,"33km NW of Ludlow, California",earthquake,,1.045,,111,reviewed,ci,ci
1999-12-03T22:41:04.100Z,34.62,-116.27,1.949,3.47,ml,0,77.6,0.1162,0.124,ci,ci9126975,2016-02-17T09:23:38.919Z,"15km SW of Ludlow, California",earthquake,,0.762,,5,reviewed,ci,ci
1999-12-03T22:36:57.520Z,34.649,-116.303,10.739,2.52,ml,0,83.3,0.1295,0.15,ci,ci9126974,2016-02-15T23:46:12.393Z,"15km WSW of Ludlow, California",earthquake,,1.453,,115,reviewed,ci,ci
1999-12-03T22:12:13.700Z,9.94,-79.568,50.6,4.4,mb,,,,1.09,us,usp0009jes,2014-11-07T01:09:05.627Z,"41 km NNW of Nombre de Dios, Panama",earthquake,,7,,9,reviewed,us,us
1999-12-03T21:23:03.200Z,34.86,-116.338,4.81,2.7,ml,0,135.9,0.02987,0.165,ci,ci9126967,2016-02-16T16:22:27.200Z,"22km NW of Ludlow, California",earthquake,,1.111,,22,reviewed,ci,ci
1999-12-03T21:03:48.970Z,32.755,-109.155,0,2.6,ml,7,,,1.5,rusms,rusms00001568,2022-06-09T21:14:13.380Z,"Arizona",explosion,,,,,reviewed,us,us
1999-12-03T20:54:12.710Z,45.1705,-122.5753333,-1.259,2.5,md,5,211,0.2151,0.22,uw,uw10483873,2016-07-23T19:13:03.750Z,"2 km N of Molalla, Oregon",explosion,0.153,0.13,0.04,3,reviewed,uw,uw
1999-12-03T20:19:36.380Z,44.156,-105.252,0,3.2,ml,15,,,1.47,rusms,rusms00001567,2022-06-09T21:14:13.372Z,"16 km SE of Sleepy Hollow, Wyoming",explosion,,,,,reviewed,us,us
1999-12-03T20:06:56.700Z,40.305,42.306,34.6,4.6,mb,,,,1,us,usp0009jep,2014-11-07T01:09:05.608Z,"24 km W of Sar?kam??, Turkey",earthquake,,8.2,,18,reviewed,us,us
1999-12-03T20:03:31.720Z,43.669,-105.247,0,3.3,ml,11,,,1.06,rusms,rusms00001566,2022-06-09T21:14:13.365Z,"21 km ESE of Wright, Wyoming",explosion,,,,,reviewed,us,us
1999-12-03T19:06:21.910Z,32.725,-109.126,0,3,ml,7,,,0.67,rusms,rusms00001565,2022-06-09T21:14:13.358Z,"1 km WNW of Duncan, Arizona",explosion,,,,,reviewed,us,us
1999-12-03T18:36:48.970Z,-27.933,-176.814,44.6,5.2,mwc,,,,0.97,us,usp0009jen,2025-12-19T22:33:48.584Z,"Kermadec Islands region",earthquake,,,,,reviewed,us,hrv
1999-12-03T18:28:38.130Z,35.686,140.472,33,4,mb,,,,0.73,us,usp0009jem,2014-11-07T01:09:05.589Z,"7 km WSW of Y?kaichiba, Japan",earthquake,,,,2,reviewed,us,us
1999-12-03T17:50:00.820Z,34.8351667,-116.4061667,4.32,2.89,ml,45,125,0.05699,0.14,ci,ci9126951,2016-04-01T22:06:23.110Z,"26km WNW of Ludlow, CA",earthquake,0.15,0.33,0.206,48,reviewed,ci,ci
1999-12-03T17:06:54.700Z,40.358,42.346,19.3,5.7,mwc,,,,1.27,us,usp0009jej,2022-04-29T18:19:34.762Z,"20 km W of Sar?kam??, Turkey",earthquake,,5.8,,,reviewed,us,hrv
1999-12-03T16:48:09.530Z,-13.166,167.762,33,4.7,mb,,,,1.08,us,usp0009jeh,2014-11-07T01:09:05.504Z,"81 km NNE of Sola, Vanuatu",earthquake,,,,5,reviewed,us,us
1999-12-03T14:19:47.380Z,-32.215,-71.505,44.6,3.8,md,,,,,us,usp0009jeg,2014-11-07T01:09:05.500Z,"36 km NW of La Ligua, Chile",earthquake,,,,,reviewed,guc,guc
1999-12-03T13:08:46.390Z,16.046,-94.405,87.9,3.8,mb,,,,1.28,us,usp0009jef,2014-11-07T01:09:05.490Z,"31 km SE of San Francisco del Mar Viejo, Mexico",earthquake,,8.2,,5,reviewed,us,us
1999-12-03T12:42:14.840Z,-14.994,168.368,33,5.2,mwc,,,,1.28,us,usp0009jee,2022-04-29T18:19:33.334Z,"139 km E of Port-Olry, Vanuatu",earthquake,,,,,reviewed,us,hrv
1999-12-03T11:52:45.700Z,-30.928,-71.39,64.5,4.3,mb,,,,1.14,us,usp0009jec,2014-11-07T01:09:05.458Z,"40 km SSW of Ovalle, Chile",earthquake,,,,10,reviewed,us,us
1999-12-03T10:48:28.140Z,32.118,-116.979,5.664,2.81,ml,0,275.8,,0.282,ci,ci9126903,2016-02-16T21:18:53.931Z,"13km SSW of Primo Tapia, B.C., MX",earthquake,,,,63,reviewed,ci,ci
1999-12-03T10:07:34.400Z,34.88,-116.343,3.016,2.6,ml,0,138.9,,0.157,ci,ci9126898,2016-02-15T23:46:02.915Z,"24km NW of Ludlow, California",earthquake,,0.288,,141,reviewed,ci,ci
1999-12-03T09:50:06.910Z,36.326,71.486,117,4.4,mb,,,,0.88,us,usp0009jeb,2014-11-07T01:09:05.454Z,"39 km S of Ashk?sham, Afghanistan",earthquake,,11.2,,4,reviewed,us,us
1999-12-03T09:33:24.800Z,38.877,19.972,9.4,3.6,md,,,,,us,usp0009jea,2014-11-07T01:09:05.448Z,"40 km SSW of Gáïos, Greece",earthquake,,,,,reviewed,pdg,pdg
1999-12-03T08:20:35.710Z,40.7,27.597,10,3.9,mb,,,,0.65,us,usp0009je9,2014-11-07T01:09:05.443Z,"13 km NNE of Marmara, Turkey",earthquake,,,,1,reviewed,us,us
1999-12-03T07:47:39.100Z,27.556,53.629,33,4.4,mb,,,,1.47,us,usp0009je8,2014-11-07T01:09:05.439Z,"51 km WSW of Ger?sh, Iran",earthquake,,,,4,reviewed,us,us
1999-12-03T07:28:03.680Z,4.694,-74.663,10,3.9,ml,,,,1.29,us,usp0009je6,2014-11-07T01:09:05.416Z,"5 km ENE of Pulí, Colombia",earthquake,,,,,reviewed,us,rsnc
1999-12-03T06:41:15.650Z,-1.173,137.004,33,4.1,mb,,,,1.41,us,usp0009je4,2014-11-07T01:09:05.409Z,"102 km E of Biak, Indonesia",earthquake,,,,3,reviewed,us,us
1999-12-03T05:54:55.670Z,34.662,-116.34,1.194,3.09,ml,0,56.5,,0.156,ci,ci9126882,2016-04-02T19:54:24.283Z,"18km WSW of Ludlow, CA",earthquake,,0.318,,117,reviewed,ci,ci
1999-12-03T05:06:21.940Z,40.5031667,-124.232,26.248,2.68,md,12,121,0.08559,0.04,nc,nc21070193,2016-12-31T00:08:07.018Z,"8 km SSE of Ferndale, California",earthquake,0.57,0.97,0.18,23,reviewed,nc,nc
1999-12-03T04:46:01.590Z,-5.058,151.649,143.6,4.7,mb,,,,0.66,us,usp0009je1,2014-11-07T01:09:05.395Z,"104 km SW of Kokopo, Papua New Guinea",earthquake,,9.6,,4,reviewed,us,us
1999-12-03T04:41:41.660Z,0.777,-27.708,10,4.2,mb,,,,1.15,us,usp0009je0,2014-11-07T01:09:05.390Z,"central Mid-Atlantic Ridge",earthquake,,,,5,reviewed,us,us
1999-12-03T04:03:23.140Z,34.865,-116.397,3.45,2.68,ml,0,132.5,0.0603,0.147,ci,ci9126852,2016-02-16T21:18:49.753Z,"27km NW of Ludlow, California",earthquake,,0.334,,145,reviewed,ci,ci
1999-12-03T02:59:30.270Z,-1.929,134.262,33,4.2,mb,,,,0.86,us,usp0009jdy,2014-11-07T01:09:05.381Z,"119 km S of Manokwari, Indonesia",earthquake,,,,3,reviewed,us,us
1999-12-03T02:17:00.600Z,-39.68,174.49,33,2.8,ml,,,,,us,usp0009jdx,2014-11-07T01:09:05.379Z,"8 km N of Patea, New Zealand",earthquake,,,,,reviewed,wel,wel
1999-12-03T01:24:51.960Z,-20.3,-65.227,354.1,4.3,mb,,,,0.88,us,usp0009jdw,2014-11-07T01:09:05.373Z,"37 km N of Camargo, Bolivia",earthquake,,7.9,,2,reviewed,us,us
1999-12-03T00:59:58.340Z,10.276,126.339,33,4.6,mb,,,,0.73,us,usp0009jdv,2014-11-07T01:09:05.368Z,"43 km NE of Santa Monica, Philippines",earthquake,,,,2,reviewed,us,us
1999-12-02T23:45:03.990Z,-31.357,-68.277,90,3.6,md,,,,1.12,us,usp0009jdu,2014-11-07T01:09:05.360Z,"22 km ENE of San Martín, Argentina",earthquake,,,,,reviewed,us,guc
1999-12-02T23:20:12.260Z,34.202,-117.577,4.407,2.5,ml,0,22.6,,0.248,ci,ci9126822,2016-02-16T11:31:55.493Z,"9km N of Rancho Cucamonga, California",earthquake,,0.095,,139,reviewed,ci,ci
1999-12-02T22:30:27.950Z,-0.182,124.939,68.4,4.5,mb,,,,1.19,us,usp0009jdt,2014-11-07T01:09:05.349Z,"164 km S of Tondano, Indonesia",earthquake,,9.6,,6,reviewed,us,us
1999-12-02T22:28:13.280Z,-59.434,-25.805,33,4.7,mb,,,,1.2,us,usp0009jds,2014-11-07T01:09:05.340Z,"South Sandwich Islands region",earthquake,,,,9,reviewed,us,us
1999-12-02T22:20:42.300Z,33.008,-109.112,0,2.8,ml,6,,,0.38,rusms,rusms00001564,2022-06-09T21:14:13.352Z,"15 km NE of York, Arizona",explosion,,,,,reviewed,us,us
1999-12-02T22:11:02.410Z,-59.542,-25.958,33,4.7,mb,,,,1.31,us,usp0009jdr,2014-11-07T01:09:05.320Z,"South Sandwich Islands region",earthquake,,,,9,reviewed,us,us
1999-12-02T21:22:26.120Z,34.411,-116.16,6.276,2.53,ml,0,65.7,0.08053,0.191,ci,ci9126799,2016-02-16T23:47:42.054Z,"31km NNW of Twentynine Palms, California",earthquake,,1.544,,102,reviewed,ci,ci
1999-12-02T21:16:15.940Z,38.629,24.741,33,3.6,mb,,,,1.27,us,usp0009jdq,2014-11-07T01:09:05.312Z,"34 km SSE of Skýros, Greece",earthquake,,,,12,reviewed,us,us
1999-12-02T20:45:44.960Z,21.125,94.457,83,4.5,mb,,,,0.79,us,usp0009jdp,2014-11-07T01:09:05.298Z,"45 km WNW of Chauk, Myanmar",earthquake,,10.8,,25,reviewed,us,us
1999-12-02T20:31:12.280Z,-5.414,151.432,88.2,4.9,mb,,,,0.79,us,usp0009jdn,2014-11-07T01:09:05.292Z,"144 km E of Kimbe, Papua New Guinea",earthquake,,11,,7,reviewed,us,us
1999-12-02T20:20:52.910Z,75.989,134.144,10,4.3,mb,,,,1.08,us,usp0009jdm,2014-11-07T01:09:05.268Z,"Laptev Sea",earthquake,,,,9,reviewed,us,us
1999-12-02T19:50:03.860Z,-14.67,126.55,10,4.3,mb,,,,1.29,us,usp0009jdk,2014-11-07T01:09:05.263Z,"265 km WNW of Kununurra, Australia",earthquake,,,,4,reviewed,us,us
1999-12-02T19:49:22.480Z,12.945,145.561,73.1,4.6,mb,,,,1,us,usp0009jdj,2014-11-07T01:09:05.255Z,"95 km ESE of Inarajan Village, Guam",earthquake,,12.5,,8,reviewed,us,us
1999-12-02T19:19:22.400Z,-0.164,124.965,63.6,4.7,mb,,,,1.22,us,usp0009jdg,2014-11-07T01:09:05.236Z,"162 km S of Tondano, Indonesia",earthquake,,9.6,,20,reviewed,us,us
1999-12-02T18:25:01.950Z,32.716,-109.126,0,2.6,ml,8,,,0.39,rusms,rusms00001562,2022-06-09T21:14:13.336Z,"2 km WSW of Duncan, Arizona",explosion,,,,,reviewed,us,us
1999-12-02T17:52:02.830Z,45.781,141.831,33,4.7,mb,,,,1,us,usp0009jdf,2014-11-07T01:09:05.223Z,"43 km NNE of Wakkanai, Japan",earthquake,,,,12,reviewed,us,us
1999-12-02T17:38:29.010Z,45.656,141.847,33,4.3,mb,,,,1,us,usp0009jde,2014-11-07T01:09:05.166Z,"30 km NNE of Wakkanai, Japan",earthquake,,,,5,reviewed,us,us
1999-12-02T17:01:26.729Z,60.3537,-147.611,4.4,2.6,ml,,,,0.59,ak,ak999ffyp8zk,2020-02-20T19:59:45.448Z,"38 km NE of Chenega, Alaska",earthquake,,-1,,,reviewed,ak,ak
1999-12-02T16:58:17.820Z,55.157,165.362,33,4,mb,,,,0.83,us,usp0009jdc,2014-11-07T01:09:05.159Z,"217 km SE of Ust’-Kamchatsk Staryy, Russia",earthquake,,,,2,reviewed,us,us
1999-12-02T16:08:11.000Z,-0.237,125.206,50,4.7,mb,,,,1.16,us,usp0009jda,2014-11-07T01:09:05.142Z,"Molucca Sea",earthquake,,11,,8,reviewed,us,us
1999-12-02T12:58:57.440Z,12.829,145.064,66,5.1,mb,,,,0.98,us,usp0009jd8,2014-11-07T01:09:05.112Z,"59 km SE of Inarajan Village, Guam",earthquake,,8.8,,37,reviewed,us,us
1999-12-02T12:40:39.300Z,-2.889,101.533,67.1,5,mwc,,,,1.12,us,usp0009jd7,2025-12-19T22:33:47.811Z,"93 km S of Sungai Penuh, Indonesia",earthquake,,,,,reviewed,us,hrv
1999-12-02T12:29:30.110Z,36.646,71.333,192.6,4.1,mb,,,,0.95,us,usp0009jd6,2014-11-07T01:09:05.076Z,"Afghanistan-Tajikistan-Pakistan region",earthquake,,9.4,,17,reviewed,us,us
1999-12-02T12:25:09.610Z,8.71,-70.267,33,4.7,mb,,,,0.79,us,usp0009jd5,2014-11-07T01:09:05.049Z,"11 km NW of Barinas, Venezuela",earthquake,,,,49,reviewed,us,us
1999-12-02T11:00:40.320Z,44.993,8.638,10,2.8,ml,,,,0.92,us,usp0009jd4,2014-11-07T01:09:05.031Z,"2 km SSW of Valenza, Italy",earthquake,,,,,reviewed,us,gen
1999-12-02T10:29:47.790Z,17.809,-81.911,10,5.3,mwc,,,,1.06,us,usp0009jd3,2025-12-19T22:41:06.543Z,"173 km SSW of George Town, Cayman Islands",earthquake,,,,,reviewed,us,hrv
1999-12-02T08:26:09.150Z,-17.772,167.976,33,4.5,mb,,,,1.26,us,usp0009jd1,2014-11-07T01:09:04.968Z,"36 km W of Port-Vila, Vanuatu",earthquake,,,,5,reviewed,us,us
1999-12-02T08:24:41.090Z,-32.433,-71.706,29.7,3.5,md,,,,,us,usp0009jd0,2014-11-07T01:09:04.963Z,"Near the coast of Valparaiso, Chile",earthquake,,,,,reviewed,guc,guc
1999-12-02T08:02:30.260Z,-32.477,-71.702,24.1,4.1,md,,,,,us,usp0009jcz,2014-11-07T01:09:04.954Z,"44 km W of La Ligua, Chile",earthquake,,,,,reviewed,guc,guc
1999-12-02T07:04:21.440Z,-24.395,179.826,567.9,4.4,mb,,,,0.94,us,usp0009jcy,2014-11-07T01:09:04.948Z,"south of the Fiji Islands",earthquake,,53.8,,6,reviewed,us,us
1999-12-02T05:15:57.120Z,34.438,-116.258,6.141,2.65,ml,0,58.1,,0.182,ci,ci9126670,2016-02-16T11:31:46.483Z,"33km SSW of Ludlow, California",earthquake,,1.151,,142,reviewed,ci,ci
1999-12-02T03:23:01.530Z,36.654,-121.2696667,3.396,3.11,md,68,40,0.01351,0.08,nc,nc21069813,2016-12-31T00:03:02.530Z,"15 km SSE of Tres Pinos, California",earthquake,0.11,0.27,0.09,92,reviewed,nc,nc
1999-12-02T02:34:41.210Z,36.652,-121.2671667,3.206,2.97,md,63,40,0.01622,0.07,nc,nc21069805,2016-12-31T00:02:46.540Z,"Central California",earthquake,0.1,0.25,0.12,89,reviewed,nc,nc
1999-12-02T02:19:23.990Z,34.1531667,-117.4478333,11.718,3.07,ml,81,23,,0.24,ci,ci9126657,2016-04-02T17:22:40.173Z,"6km N of Fontana, CA",earthquake,0.26,0.57,,236,reviewed,ci,ci
1999-12-02T02:07:50.530Z,24.318,141.891,68.1,4.5,mb,,,,1,us,usp0009jcu,2014-11-07T01:09:04.912Z,"Volcano Islands, Japan region",earthquake,,23.4,,10,reviewed,us,us
1999-12-02T01:54:42.150Z,-10.961,164.235,33,5.5,mwc,,,,1,us,usp0009jct,2025-12-19T22:33:47.204Z,"172 km W of Lata, Solomon Islands",earthquake,,,,,reviewed,us,hrv
1999-12-02T01:33:00.400Z,10.961,-70.341,10,5.5,mwc,,,,1.23,us,usp0009jcs,2022-04-29T18:19:31.432Z,"78 km S of Punta Cardón, Venezuela",earthquake,,,,,reviewed,us,hrv
1999-12-02T01:31:12.000Z,44.85,-115.93,10,3,ml,,,,,us,usp0009jcr,2014-11-07T01:09:04.789Z,"14 km ESE of McCall, Idaho",earthquake,,,,,reviewed,bse,bse
1999-12-01T23:19:53.192Z,60.8831,-149.2276,18.5,2.6,ml,,,,0.68,ak,ak999feeuf1z,2020-02-20T20:03:59.210Z,"7 km SSW of Girdwood, Alaska",earthquake,,0.9,,,reviewed,ak,ak
1999-12-01T21:52:13.923Z,54.5553,-161.7317,10.6,2.6,ml,,,,0.61,ak,ak999fedujg0,2020-02-20T20:03:59.926Z,"67 km SSE of King Cove, Alaska",earthquake,,1.7,,,reviewed,ak,ak
1999-12-01T21:45:22.740Z,-22.031,169.977,33,5.6,mwc,,,,1.16,us,usp0009jcn,2022-04-29T18:19:29.778Z,"223 km ESE of Tadine, New Caledonia",earthquake,,,,,reviewed,us,hrv
1999-12-01T21:03:31.320Z,2.36,126.741,72.1,5.1,mb,,,,1.11,us,usp0009jcm,2014-11-07T01:09:04.663Z,"157 km WNW of Tobelo, Indonesia",earthquake,,6.4,,26,reviewed,us,us
1999-12-01T20:46:55.800Z,44.477,-112.638,8.1,3.3,ml,,,,,us,usp0009jck,2014-11-07T01:09:04.647Z,"Idaho-Montana border region",earthquake,,,,,reviewed,but,but
1999-12-01T20:18:57.186Z,60.3352,-152.7621,115.6,2.6,ml,,,,0.66,ak,ak999fed1wty,2020-02-20T20:04:00.268Z,"68 km WNW of Ninilchik, Alaska",earthquake,,1.1,,,reviewed,ak,ak
1999-12-01T20:09:33.610Z,-4.753,101.991,33,4.7,mb,,,,1.15,us,usp0009jch,2014-11-07T01:09:04.607Z,"southern Sumatra, Indonesia",earthquake,,,,6,reviewed,us,us
1999-12-01T19:55:55.370Z,32.732,-109.216,0,2.6,ml,7,,,1.57,rusms,rusms00001561,2022-06-09T21:14:12.985Z,"10 km W of Duncan, Arizona",explosion,,,,,reviewed,us,us
1999-12-01T19:23:06.010Z,17.647,-82.356,10,6.3,mwc,,,,1.18,us,usp0009jcg,2022-04-29T18:19:28.396Z,"209 km SSW of George Town, Cayman Islands",earthquake,,,,,reviewed,us,hrv
1999-12-01T19:11:05.970Z,-32.306,-69.904,128.9,2.5,md,,,,,us,usp0009jcf,2014-11-07T01:09:04.346Z,"87 km NE of Los Andes, Chile",earthquake,,,,,reviewed,guc,guc
1999-12-01T19:01:10.210Z,-22.132,-68.356,135.7,4.1,mb,,,,1.09,us,usp0009jce,2014-11-07T01:09:04.335Z,"Antofagasta, Chile",earthquake,,16.4,,6,reviewed,us,us
1999-12-01T18:21:35.830Z,39.372,15.604,270.2,4.2,mb,,,,1.13,us,usp0009jcd,2014-11-07T01:09:04.219Z,"31 km SW of Cittadella del Capo, Italy",earthquake,,2.5,,38,reviewed,us,us
1999-12-01T18:11:57.890Z,4.455,127.192,33,4.4,mb,,,,1.02,us,usp0009jcc,2014-11-07T01:09:04.211Z,"218 km ESE of Sarangani, Philippines",earthquake,,,,2,reviewed,us,us
1999-12-01T17:39:57.850Z,34.6931667,-116.3101667,0.984,2.5,ml,21,86,,0.17,ci,ci9126535,2016-04-02T07:45:34.781Z,"14km WSW of Ludlow, CA",earthquake,0.39,0.85,,120,reviewed,ci,ci
1999-12-01T16:59:22.830Z,54.512,162.49,33,4.5,mb,,,,1.16,us,usp0009jcb,2014-11-07T01:09:04.182Z,"191 km S of Ust’-Kamchatsk Staryy, Russia",earthquake,,,,12,reviewed,us,us
1999-12-01T16:45:09.600Z,-10.614,166.242,33,4.8,mb,,,,1,us,usp0009jca,2014-11-07T01:09:04.073Z,"50 km ENE of Lata, Solomon Islands",earthquake,,,,9,reviewed,us,us
1999-12-01T16:44:30.110Z,34.8495,-116.3495,4.943,3.58,ml,26,89,,0.18,ci,ci9126544,2016-04-02T04:33:25.052Z,"22km NW of Ludlow, CA",earthquake,0.46,0.59,,210,reviewed,ci,ci
1999-12-01T16:39:27.000Z,37.39,-117.08,4.5,3,md,,,,,us,usp0009jc8,2016-02-16T09:09:52.584Z,"37 km SSE of Goldfield, Nevada",earthquake,,,,,reviewed,ren,ren
1999-12-01T16:05:35.693Z,58.1075,-155.7768,113.7,3.5,ml,,,,1,ak,ak999fealcg1,2020-02-20T20:04:00.677Z,"82 km SE of King Salmon, Alaska",earthquake,,1.3,,,reviewed,ak,ak
1999-12-01T13:56:43.750Z,30.024,81.444,33,4.5,mb,,,,1.43,us,usp0009jc5,2014-11-07T01:09:03.958Z,"39 km SE of Burang, China",earthquake,,,,11,reviewed,us,us
1999-12-01T13:54:29.000Z,38.57,-118.4,14.5,2.8,ml,,,,,us,usp0009jc4,2014-11-07T01:09:03.839Z,"20 km ENE of Hawthorne, NV",earthquake,,,,,reviewed,ren,us
1999-12-01T13:43:06.520Z,39.948,-120.4861667,0.764,2.85,md,34,112,0.2198,0.12,nc,nc21069616,2016-12-31T00:01:19.590Z,"8 km N of Lake Davis, California",earthquake,0.25,3.54,0.16,50,reviewed,nc,nc
1999-12-01T12:30:45.620Z,-32.585,-72.876,27.6,3.7,md,,,,,us,usp0009jc3,2014-11-07T01:09:03.745Z,"126 km WNW of Valparaíso, Chile",earthquake,,,,,reviewed,guc,guc
1999-12-01T11:46:31.270Z,40.098,77.635,33,4.2,mb,,,,1.22,us,usp0009jc2,2014-11-07T01:09:03.659Z,"157 km ENE of Kashgar, China",earthquake,,,,4,reviewed,us,us
1999-12-01T11:18:18.530Z,29.336,141.966,33,4.9,mb,,,,0.94,us,usp0009jc1,2014-11-07T01:09:03.645Z,"Izu Islands, Japan region",earthquake,,,,2,reviewed,us,us
1999-12-01T10:37:08.890Z,-31.748,-71.834,28.3,3.8,md,,,,,us,usp0009jbz,2014-11-07T01:09:03.626Z,"64 km W of Illapel, Chile",earthquake,,,,,reviewed,guc,guc
1999-12-01T09:18:54.100Z,7.141,-83.907,33,4.3,mb,,,,1.5,us,usp0009jby,2014-11-07T01:09:03.610Z,"151 km SW of Punta de Burica, Panama",earthquake,,,,5,reviewed,us,us
1999-12-01T05:29:12.880Z,2.945,126.686,54.9,5.4,mb,,,,1.06,us,usp0009jbx,2022-04-29T18:19:26.439Z,"199 km NW of Tobelo, Indonesia",earthquake,,,,35,reviewed,us,us
1999-12-01T04:02:52.460Z,45.935,9.592,10,2.8,ml,,,,0.69,us,usp0009jbw,2014-11-07T01:09:03.486Z,"northern Italy",earthquake,,,,,reviewed,us,ldg
1999-12-01T03:54:15.650Z,-4.885,129.573,182.4,5.2,mb,,,,1.16,us,usp0009jbv,2014-11-07T01:09:03.377Z,"185 km SSE of Amahai, Indonesia",earthquake,,7.3,,22,reviewed,us,us
1999-12-01T01:11:06.127Z,57.8513,-153.4542,41.7,2.8,ml,,,,0.44,ak,ak999fe1p2dw,2020-02-20T20:04:02.490Z,"34 km W of Port Lions, Alaska",earthquake,,2,,,reviewed,ak,ak
