time,latitude,longitude,depth,mag,magType,nst,gap,dmin,rms,net,id,updated,place,type,horizontalError,depthError,magError,magNst,status,locationSource,magSource
1994-03-30T23:52:41.910Z,39.036,27.954,10,3.1,ml,,,,0.7,us,usp0006adg,2014-11-07T00:55:11.721Z,"16 km NE of Akhisar, Turkey",earthquake,,,,,reviewed,us,isk
1994-03-30T23:47:44.730Z,36.401,-9.903,10,3.3,mblg,,,,0.9,us,usp0006adf,2014-11-07T00:55:11.719Z,"109 km SW of Sagres, Portugal",earthquake,,,,,reviewed,us,mdd
1994-03-30T23:26:43.190Z,37.021,-2.519,10,3.2,mblg,,,,0.9,us,usp0006add,2014-11-07T00:55:11.715Z,"5 km NNE of Santa Fe de Mondújar, Spain",earthquake,,,,,reviewed,us,mdd
1994-03-30T23:12:20.820Z,62.4393,-151.1243,91.5,2.5,ml,,,,0.07,ak,ak99443klh2a,2020-09-14T20:23:53.329Z,"19 km WSW of Petersville, Alaska",earthquake,,3.2,,,reviewed,ak,ak
1994-03-30T22:30:39.070Z,-21.323,-66.627,232.7,4.3,mb,,,,0.7,us,usp0006adc,2014-11-07T00:55:11.713Z,"60 km SW of Atocha, Bolivia",earthquake,,17.8,,2,reviewed,us,us
1994-03-30T22:13:00.560Z,43.227,17.626,10,3.2,ml,,,,0.8,us,usp0006adb,2014-11-07T00:55:11.710Z,"6 km W of ?itluk, Bosnia and Herzegovina",earthquake,,,,,reviewed,us,vie
1994-03-30T21:23:34.960Z,49.157,6.843,10,2.9,ml,,,,0.8,us,usp0006ada,2014-11-07T00:55:11.707Z,"1 km NW of Cocheren, France",earthquake,,,,,reviewed,us,str
1994-03-30T19:55:46.050Z,28.994,52.745,53.9,5.4,mw,,,,1.2,us,usp0006ad9,2022-04-28T17:48:43.418Z,"23 km NE of F?r?z?b?d, Iran",earthquake,,,,,reviewed,us,hrv
1994-03-30T19:46:35.370Z,39.311,26.192,10,3.1,ml,,,,0.4,us,usp0006ad8,2014-11-07T00:55:11.670Z,"2 km SE of Pétra, Greece",earthquake,,,,,reviewed,us,isk
1994-03-30T19:25:33.110Z,40.145,23.991,5,2.6,ml,,,,0.6,us,usp0006ad7,2014-11-07T00:55:11.669Z,"5 km N of Sárti, Greece",earthquake,,,,,reviewed,us,the
1994-03-30T19:08:43.790Z,-16.76,167.167,10,4.5,mb,,,,1.2,us,usp0006ad6,2014-11-07T00:55:11.666Z,"77 km SSW of Lakatoro, Vanuatu",earthquake,,,,1,reviewed,us,us
1994-03-30T17:42:45.690Z,66.4617,-148.0318,20,4.6,mb,,,,0.19,ak,ak99443h7cu1,2020-09-14T20:23:54.410Z,"30 km WNW of Beaver, Alaska",earthquake,,7.5,,,reviewed,ak,ak
1994-03-30T16:39:24.360Z,36.254,72.973,33,4.1,mb,,,,1.2,us,usp0006ad3,2014-11-07T00:55:11.653Z,"97 km SE of Khand?d, Afghanistan",earthquake,,,,5,reviewed,us,us
1994-03-30T15:06:17.850Z,39.673,29.462,10,2.6,ml,,,,0.4,us,usp0006ad0,2014-11-07T00:55:11.649Z,"14 km NNW of Tav?anl?, Turkey",earthquake,,,,,reviewed,us,isk
1994-03-30T13:29:11.300Z,9.003,126.254,40.3,5.9,mwb,,,,1,us,usp0006acz,2022-04-28T17:48:41.863Z,"2 km NNW of La Paz, Philippines",earthquake,,,,,reviewed,us,us
1994-03-30T12:12:00.670Z,59.8872,-153.0515,107.7,4.8,mb,,,,0.17,ak,ak99443e1nur,2020-09-14T20:23:55.216Z,"60 km E of Pedro Bay, Alaska",earthquake,,1.5,,,reviewed,ak,ak
1994-03-30T12:00:35.720Z,38.011,27.339,10,2.9,ml,,,,0.3,us,usp0006acx,2014-11-07T00:55:11.605Z,"7 km NNW of Selçuk, Turkey",earthquake,,,,,reviewed,us,isk
1994-03-30T10:31:25.210Z,39.084,27.975,10,2.9,ml,,,,0.5,us,usp0006acw,2014-11-07T00:55:11.603Z,"21 km NNE of Akhisar, Turkey",earthquake,,,,,reviewed,us,isk
1994-03-30T10:24:20.040Z,-33.26,-70.764,73.7,3.4,md,,,,0.3,us,usp0006acv,2014-11-07T00:55:11.601Z,"10 km WNW of Chicureo Abajo, Chile",earthquake,,28.7,,,reviewed,us,san
1994-03-30T10:22:00.350Z,-19.679,168.102,87.7,4.2,mb,,,,0.9,us,usp0006acu,2014-11-07T00:55:11.599Z,"124 km W of Isangel, Vanuatu",earthquake,,16.5,,5,reviewed,us,us
1994-03-30T09:56:35.120Z,12.734,124.857,71.4,4.8,mb,,,,0.9,us,usp0006act,2014-11-07T00:55:11.595Z,"20 km NNW of Pambujan, Philippines",earthquake,,6.9,,14,reviewed,us,us
1994-03-30T09:04:49.790Z,42.786,-111.096,5,2.6,ml,,,,0.8,us,usp0006acs,2014-11-07T00:55:11.594Z,"7 km W of Auburn, Wyoming",earthquake,,,,,reviewed,us,gs$
1994-03-30T08:27:12.850Z,38.472,27.886,10,3.5,ml,,,,0.8,us,usp0006acr,2014-11-07T00:55:11.592Z,"7 km SW of Ahmetli, Turkey",earthquake,,,,,reviewed,us,isk
1994-03-30T07:44:55.610Z,60.4495,-151.7717,61.4,3.1,ml,,,,0.2,ak,ak99443b9gzd,2020-09-14T20:23:56.083Z,"26 km W of Kalifornsky, Alaska",earthquake,,1.2,,,reviewed,ak,ak
1994-03-30T07:25:51.280Z,58.365,-142.846,10,2.5,ml,,,,0.8,us,usp0006acp,2020-09-14T20:23:56.595Z,"222 km SW of Yakutat, Alaska",earthquake,,,,,reviewed,us,aei
1994-03-30T06:59:59.040Z,39.229,27.541,5,2.7,ml,,,,0.1,us,usp0006acn,2014-11-07T00:55:11.581Z,"7 km NW of Soma, Turkey",earthquake,,,,,reviewed,us,isk
1994-03-30T06:06:38.540Z,3.899,126.532,79.1,4.9,mb,,,,0.9,us,usp0006ack,2014-11-07T00:55:11.522Z,"204 km SE of Sarangani, Philippines",earthquake,,9.2,,8,reviewed,us,us
1994-03-30T05:30:51.640Z,-7.816,123.171,228.8,4.6,mb,,,,0.2,us,usp0006ach,2014-11-07T00:55:11.518Z,"138 km NE of Maumere, Indonesia",earthquake,,27.1,,1,reviewed,us,us
1994-03-30T05:00:57.220Z,40.74,2.647,10,2.5,ml,,,,0.1,us,usp0006acg,2014-11-07T00:55:11.516Z,"78 km SSE of la Marina del Prat Vermell, Spain",earthquake,,,,,reviewed,us,ldg
1994-03-30T02:23:51.510Z,-45.066,166.192,10,3.8,ml,,,,0.5,us,usp0006acd,2014-11-07T00:55:11.511Z,"125 km WNW of Te Anau, New Zealand",earthquake,,,,,reviewed,us,wel
1994-03-30T01:28:52.700Z,38.757,26.531,10,3,ml,,,,0.7,us,usp0006acc,2014-11-07T00:55:11.510Z,"13 km N of Karaburun, Turkey",earthquake,,,,,reviewed,us,isk
1994-03-30T00:25:51.830Z,38.998,27.787,5,2.8,ml,,,,0.5,us,usp0006aca,2014-11-07T00:55:11.508Z,"9 km E of Zeytinliova, Turkey",earthquake,,,,,reviewed,us,isk
1994-03-29T22:59:21.190Z,0.487,30.166,10,4.5,mb,,,,0.5,us,usp0006ac8,2014-11-07T00:55:11.504Z,"22 km SSW of Fort Portal, Uganda",earthquake,,,,14,reviewed,us,us
1994-03-29T22:05:35.250Z,14.085,-90.479,33,4.2,mb,,,,1.1,us,usp0006ac6,2014-11-07T00:55:11.499Z,"2 km NNW of Taxisco, Guatemala",earthquake,,,,1,reviewed,us,us
1994-03-29T22:04:20.360Z,36.696,-3.303,10,3.5,md,,,,0.9,us,usp0006ac5,2014-11-07T00:55:11.495Z,"5 km SE of Castell de Ferro, Spain",earthquake,,,,,reviewed,us,rba
1994-03-29T19:07:22.640Z,12.433,144.819,33,4.7,mb,,,,0.4,us,usp0006ac3,2014-11-07T00:55:11.492Z,"93 km S of Inarajan Village, Guam",earthquake,,,,4,reviewed,us,us
1994-03-29T18:32:59.080Z,-20.283,168.945,21.3,4.6,mb,,,,1.1,us,usp0006ac2,2014-11-07T00:55:11.489Z,"89 km SSW of Isangel, Vanuatu",earthquake,,15.7,,3,reviewed,us,us
1994-03-29T18:30:59.540Z,-11.513,118.121,33,4.6,mb,,,,1.3,us,usp0006ac1,2014-11-07T00:55:11.487Z,"south of Sumbawa, Indonesia",earthquake,,,,2,reviewed,us,us
1994-03-29T18:02:41.760Z,38.674,27.392,10,2.8,ml,,,,1,us,usp0006ac0,2014-11-07T00:55:11.486Z,"7 km NNW of Manisa, Turkey",earthquake,,,,,reviewed,us,isk
1994-03-29T17:24:30.730Z,34.364,-118.415,6.809,2.55,ml,0,46.8,,0.228,ci,ci3160937,2016-02-12T17:37:50.936Z,"9km NNE of Pacoima, California",earthquake,,0.289,,23,reviewed,ci,ci
1994-03-29T17:21:17.350Z,-7.17,118.228,33,4.6,mb,,,,1.5,us,usp0006abz,2014-11-07T00:55:11.484Z,"152 km NNW of Bima, Indonesia",earthquake,,,,4,reviewed,us,us
1994-03-29T16:26:18.170Z,38.702,21.361,5,2.9,md,,,,0.8,us,usp0006aby,2014-11-07T00:55:11.482Z,"3 km N of Neápolis, Greece",earthquake,,,,,reviewed,us,ath
1994-03-29T15:30:59.860Z,66.903,21.815,10,3,md,,,,1.4,us,usp0006abx,2014-11-07T00:55:11.481Z,"56 km ESE of Gällivare, Sweden",earthquake,,,,,reviewed,us,ber
1994-03-29T15:15:14.630Z,63.1317,-150.5362,123.8,2.5,ml,,,,0.12,ak,ak99441sbaef,2020-09-14T20:23:59.176Z,"71 km N of Petersville, Alaska",earthquake,,4.8,,,reviewed,ak,ak
1994-03-29T14:31:32.160Z,43.423,5.436,10,2.6,ml,,,,0.5,us,usp0006abv,2014-11-07T00:55:11.476Z,"0 km S of Simiane-Collongue, France",earthquake,,,,,reviewed,us,str
1994-03-29T14:29:01.050Z,36.559,-2.816,10,3.5,mblg,,,,1.3,us,usp0006abu,2014-11-07T00:55:11.472Z,"24 km S of El Ejido, Spain",earthquake,,,,,reviewed,us,mdd
1994-03-29T14:27:59.930Z,39.712,29.459,10,2.6,ml,,,,1,us,usp0006abt,2014-11-07T00:55:11.471Z,"16 km SW of Domaniç, Turkey",earthquake,,,,,reviewed,us,isk
1994-03-29T12:19:31.250Z,34.939,-119,10.981,2.5,ml,0,78.9,,0.293,ci,ci3160913,2016-02-12T05:00:16.815Z,"6km W of Grapevine, California",earthquake,,0.225,,41,reviewed,ci,ci
1994-03-29T11:58:21.870Z,0.656,-79.778,10,4.3,md,,,,1.6,us,usp0006abp,2014-11-07T00:55:11.466Z,"27 km E of Muisne, Ecuador",earthquake,,,,,reviewed,us,qui
1994-03-29T11:55:51.590Z,-5.893,148.811,110.5,4.8,mb,,,,1.2,us,usp0006abn,2014-11-07T00:55:11.464Z,"88 km WNW of Kandrian, Papua New Guinea",earthquake,,13,,3,reviewed,us,us
1994-03-29T11:39:03.630Z,37.478,30.424,10,3.2,ml,,,,0.7,us,usp0006abm,2014-11-07T00:55:11.463Z,"15 km W of Bucak, Turkey",earthquake,,,,,reviewed,us,isk
1994-03-29T11:20:41.500Z,30.695,70.385,33,4.6,mb,,,,0.8,us,usp0006abj,2014-11-07T00:55:11.459Z,"25 km W of Taunsa, Pakistan",earthquake,,,,14,reviewed,us,us
1994-03-29T10:27:35.960Z,46.482,-1.307,10,2.6,ml,,,,0.5,us,usp0006abh,2014-11-07T00:55:11.458Z,"4 km SE of Le Champ-Saint-Père, France",earthquake,,,,,reviewed,us,ldg
1994-03-29T09:37:04.290Z,3.142,126.806,46.2,4.8,mb,,,,0.7,us,usp0006abg,2014-11-07T00:55:11.455Z,"205 km NW of Tobelo, Indonesia",earthquake,,12.4,,7,reviewed,us,us
1994-03-29T09:36:11.780Z,14.186,-91.65,33,4.5,mb,,,,1.1,us,usp0006abf,2014-11-07T00:55:11.451Z,"30 km ESE of Champerico, Guatemala",earthquake,,,,14,reviewed,us,us
1994-03-29T07:56:53.970Z,29.096,51.256,33,5.1,mw,,,,1,us,usp0006abd,2022-04-28T17:48:40.395Z,"19 km S of Bor?zj?n, Iran",earthquake,,,,,reviewed,us,hrv
1994-03-29T07:45:14.020Z,39.112,27.645,10,2.7,ml,,,,1.3,us,usp0006abb,2014-11-07T00:55:11.427Z,"2 km WNW of K?rka?aç, Turkey",earthquake,,,,,reviewed,us,isk
1994-03-29T07:27:24.920Z,31.836,-116.154,5.62,2.54,mc,0,308,0.8126,0.27,ci,ci3160882,2016-02-13T08:49:03.440Z,"41km ENE of Maneadero, B.C., MX",earthquake,,,,36,reviewed,ci,ci
1994-03-29T06:54:21.830Z,26.687,96.508,94.4,4.5,mb,,,,0.8,us,usp0006ab9,2014-11-07T00:55:11.422Z,"61 km NNW of Sarupathar, India",earthquake,,11.1,,17,reviewed,us,us
1994-03-29T04:11:34.320Z,41.12,23.762,5,2.9,ml,,,,0.7,us,usp0006ab8,2014-11-07T00:55:11.421Z,"7 km ENE of Ágio Pnévma, Greece",earthquake,,,,,reviewed,us,the
1994-03-29T03:59:46.910Z,43.878,16.701,10,2.7,md,,,,1.5,us,usp0006ab7,2014-11-07T00:55:11.419Z,"14 km NNE of Hrvace, Croatia",earthquake,,,,,reviewed,us,tri
1994-03-29T00:25:59.280Z,30.612,79.502,33,4.1,mb,,,,0.8,us,usp0006ab5,2014-11-07T00:55:11.416Z,"8 km NW of Josh?math, India",earthquake,,,,5,reviewed,us,us
1994-03-28T23:28:01.510Z,-33.575,-70.963,67.7,3.4,md,,,,0.3,us,usp0006ab2,2014-11-07T00:55:11.411Z,"8 km WNW of Peñaflor, Chile",earthquake,,27.5,,,reviewed,us,san
1994-03-28T23:08:15.530Z,42.2745,-121.9155,1.245,2.7,md,7,122,0.07179,0.08,uw,uw10337698,2016-07-24T00:12:23.870Z,"12 km WNW of Klamath Falls, Oregon",earthquake,0.341,0.52,0.08,2,reviewed,uw,uw
1994-03-28T22:52:46.630Z,39.527,28.207,10,2.7,ml,,,,0.2,us,usp0006aaz,2014-11-07T00:55:11.407Z,"16 km NNE of Bigadiç, Turkey",earthquake,,,,,reviewed,us,isk
1994-03-28T22:45:59.110Z,46.7673333,-122.8343333,1.353,2.8,md,16,122,0.1329,0.14,uw,uw10337653,2016-07-24T00:12:23.510Z,"4 km SE of Bucoda, Washington",explosion,0.058,0.17,0.08,2,reviewed,uw,uw
1994-03-28T21:38:57.610Z,39.538,26.096,10,2.9,ml,,,,0.3,us,usp0006aay,2014-11-07T00:55:11.406Z,"Near the coast of western Turkey",earthquake,,,,,reviewed,us,isk
1994-03-28T19:27:31.580Z,6.806,-73.058,156.8,4.7,mb,,,,1,us,usp0006aax,2014-11-07T00:55:11.399Z,"9 km NNE of Jordán, Colombia",earthquake,,5.3,,22,reviewed,us,us
1994-03-28T19:13:44.180Z,42.134,24.354,10,3,ml,,,,0.8,us,usp0006aaw,2014-11-07T00:55:11.398Z,"7 km SSE of Pazardzhik, Bulgaria",earthquake,,,,,reviewed,us,the
1994-03-28T19:04:04.830Z,42.81,-110.969,5,3.2,ml,,,,0.8,us,usp0006aav,2014-11-07T00:55:11.397Z,"Wyoming",earthquake,,,,,reviewed,us,gs$
1994-03-28T18:03:42.150Z,35.893,28.304,33,3,mb,,,,0.6,us,usp0006aar,2014-11-07T00:55:11.392Z,"34 km SE of Lárdos, Greece",earthquake,,,,1,reviewed,us,us
1994-03-28T17:31:55.730Z,-7.289,106.163,77.1,4.7,mb,,,,1.2,us,usp0006aaq,2014-11-07T00:55:11.389Z,"54 km SW of Pelabuhanratu, Indonesia",earthquake,,22,,9,reviewed,us,us
1994-03-28T17:02:01.180Z,40.417,30.024,10,3.1,ml,,,,0.8,us,usp0006aap,2014-11-07T00:55:11.388Z,"6 km N of Osmaneli, Turkey",earthquake,,,,,reviewed,us,isk
1994-03-28T16:59:00.550Z,40.395,29.975,19.9,4,mb,,,,1,us,usp0006aan,2014-11-07T00:55:11.384Z,"Western Turkey",earthquake,,4.4,,6,reviewed,us,us
1994-03-28T16:28:23.000Z,48.99,-65.74,18,3.6,mblg,,,,,us,usp0006aak,2014-11-07T00:55:11.381Z,"56 km ESE of Sainte-Anne-des-Monts, Canada",earthquake,,,,,reviewed,ott,ott
1994-03-28T15:43:59.340Z,10.644,91.595,33,4.5,mb,,,,0.8,us,usp0006aaj,2014-11-07T00:55:11.379Z,"169 km SW of Port Blair, India",earthquake,,,,6,reviewed,us,us
1994-03-28T14:02:13.050Z,34.226,-116.762,3.543,2.55,ml,0,95.4,,0.131,ci,ci3160767,2016-02-12T15:02:14.974Z,"9km ESE of Big Bear City, California",earthquake,,13.265,,9,reviewed,ci,ci
1994-03-28T13:54:26.020Z,33.573,-115.908,9.396,2.52,ml,0,40.3,,0.185,ci,ci3160764,2016-02-13T08:48:56.663Z,"6km NNE of North Shore, California",earthquake,,0.807,,24,reviewed,ci,ci
1994-03-28T11:53:13.190Z,-34.046,-71.213,55,3.6,md,,,,0.1,us,usp0006aah,2014-11-07T00:55:11.377Z,"39 km S of Melipilla, Chile",earthquake,,31.6,,,reviewed,us,san
1994-03-28T11:29:02.730Z,-5.971,147.453,108.1,4.7,mb,,,,0.8,us,usp0006aag,2014-11-07T00:55:11.375Z,"78 km NW of Finschhafen, Papua New Guinea",earthquake,,6.8,,4,reviewed,us,us
1994-03-28T11:04:58.640Z,-6.09,153.439,33,3.8,mb,,,,1.3,us,usp0006aaf,2014-11-07T00:55:11.374Z,"227 km W of Panguna, Papua New Guinea",earthquake,,,,3,reviewed,us,us
1994-03-28T09:58:29.160Z,44.215,15.846,5,2.6,md,,,,0.8,us,usp0006aae,2014-11-07T00:55:11.372Z,"9 km S of Gra?ac, Croatia",earthquake,,,,,reviewed,us,tri
1994-03-28T09:19:06.960Z,61.2852,-151.2365,57.9,2.6,ml,,,,0.23,ak,ak99440186js,2020-09-14T20:24:03.837Z,"18 km NNW of Beluga, Alaska",earthquake,,1.3,,,reviewed,ak,ak
1994-03-28T08:50:17.970Z,39.111,27.637,10,2.7,ml,,,,0.6,us,usp0006aac,2014-11-07T00:55:11.366Z,"2 km W of K?rka?aç, Turkey",earthquake,,,,,reviewed,us,isk
1994-03-28T08:35:33.580Z,39.274,27.693,10,2.8,ml,,,,0.5,us,usp0006aab,2014-11-07T00:55:11.365Z,"12 km NE of Soma, Turkey",earthquake,,,,,reviewed,us,isk
1994-03-28T08:25:37.070Z,-5.406,145.541,101.1,3.5,mb,,,,0.4,us,usp0006aaa,2014-11-07T00:55:11.364Z,"34 km SW of Madang, Papua New Guinea",earthquake,,29.2,,1,reviewed,us,us
1994-03-28T08:11:14.690Z,22.88,120.697,33,4.9,mb,,,,0.9,us,usp0006aa9,2014-11-07T00:55:11.357Z,"36 km SE of Yujing, Taiwan",earthquake,,,,34,reviewed,us,us
1994-03-28T08:01:33.550Z,-34.539,-70.853,86.8,4.4,md,,,,0.5,us,usp0006aa8,2014-11-07T00:55:11.355Z,"14 km S of Rengo, Chile",earthquake,,8.5,,,reviewed,us,san
1994-03-28T07:11:02.000Z,39.115,27.565,10,2.7,ml,,,,0.3,us,usp0006aa7,2014-11-07T00:55:11.354Z,"8 km SSW of Soma, Turkey",earthquake,,,,,reviewed,us,isk
1994-03-28T06:18:38.390Z,33.35,-116.358,11.484,3.26,ml,0,39.9,,0.264,ci,ci3160727,2016-02-13T03:47:01.948Z,"11km N of Borrego Springs, California",earthquake,,0.484,,47,reviewed,ci,ci
1994-03-28T06:06:55.460Z,35.642,27.291,112.1,4,mb,,,,1,us,usp0006aa4,2014-11-07T00:55:11.345Z,"16 km NNE of Karpathos, Greece",earthquake,,6.7,,13,reviewed,us,us
1994-03-28T06:04:55.760Z,38.7971667,-122.8025,2.788,2.82,md,52,33,0.01261,0.04,nc,nc398999,2016-12-22T03:21:18.590Z,"7 km WSW of Cobb, California",earthquake,0.1,0.27,0.1,66,reviewed,nc,nc
1994-03-28T05:45:19.390Z,38.36,26.697,10,3.3,md,,,,0.5,us,usp0006aa2,2014-11-07T00:55:11.341Z,"7 km NW of Urla, Turkey",earthquake,,,,,reviewed,us,ath
1994-03-28T05:19:16.250Z,59.934,-153.4213,133,2.6,ml,,,,0.16,ak,ak9943zyuguh,2020-09-14T20:24:04.652Z,"41 km ENE of Pedro Bay, Alaska",earthquake,,2,,,reviewed,ak,ak
1994-03-28T04:35:04.430Z,38.595,27.456,5,2.7,ml,,,,0.5,us,usp0006a9z,2014-11-07T00:55:11.335Z,"3 km SE of Manisa, Turkey",earthquake,,,,,reviewed,us,isk
1994-03-28T01:56:34.710Z,-5.942,153.434,59.3,4.1,mb,,,,1.2,us,usp0006a9y,2014-11-07T00:55:11.333Z,"218 km SE of Kokopo, Papua New Guinea",earthquake,,30.4,,3,reviewed,us,us
1994-03-28T01:27:43.700Z,-34.823,179.692,210.2,4.2,mb,,,,1.6,us,usp0006a9w,2014-11-07T00:55:11.329Z,"south of the Kermadec Islands",earthquake,,21.7,,3,reviewed,us,us
1994-03-28T01:26:16.210Z,34.304,-116.481,4.01,2.6,ml,0,85.4,,0.151,ci,ci3160708,2016-02-13T01:15:02.931Z,"22km NNW of Yucca Valley, California",earthquake,,0.238,,17,reviewed,ci,ci
1994-03-28T01:08:19.340Z,14.316,-92.759,56.3,4.6,mb,,,,1,us,usp0006a9v,2014-11-07T00:55:11.321Z,"near the coast of Chiapas, Mexico",earthquake,,7.4,,38,reviewed,us,us
1994-03-28T00:01:39.470Z,39.613,28.828,10,2.5,ml,,,,0.2,us,usp0006a9s,2014-11-07T00:55:11.317Z,"Western Turkey",earthquake,,,,,reviewed,us,isk
1994-03-27T22:38:35.250Z,-26.925,-113.113,10,5,mb,,,,1.1,us,usp0006a9r,2014-11-07T00:55:11.313Z,"Easter Island region",earthquake,,,,8,reviewed,us,us
1994-03-27T21:50:49.960Z,-15.464,166.981,271.3,3.8,mb,,,,1.3,us,usp0006a9q,2014-11-07T00:55:11.309Z,"20 km WNW of Luganville, Vanuatu",earthquake,,31,,4,reviewed,us,us
1994-03-27T21:14:54.410Z,40.354,29.568,10,2.8,ml,,,,0.3,us,usp0006a9p,2014-11-07T00:55:11.308Z,"2 km SW of Göllüce, Turkey",earthquake,,,,,reviewed,us,isk
1994-03-27T21:12:22.310Z,40.229,29.308,5,3,ml,,,,0.5,us,usp0006a9n,2014-11-07T00:55:11.307Z,"8 km ENE of Kestel, Turkey",earthquake,,,,,reviewed,us,isk
1994-03-27T20:26:04.600Z,43.409,5.48,5,2.8,ml,,,,0.7,us,usp0006a9k,2014-11-07T00:55:11.303Z,"2 km WSW of Mimet, France",earthquake,,,,,reviewed,us,str
1994-03-27T20:23:17.310Z,50.013,7.326,10,2.5,ml,,,,1.3,us,usp0006a9j,2014-11-07T00:55:11.302Z,"3 km SSE of Blankenrath, Germany",earthquake,,,,,reviewed,us,ldg
1994-03-27T19:46:07.440Z,-15.298,167.402,73.8,4.7,mb,,,,1,us,usp0006a9h,2014-11-07T00:55:11.298Z,"35 km NE of Luganville, Vanuatu",earthquake,,46.5,,3,reviewed,us,us
1994-03-27T18:31:10.090Z,2.733,124.814,33,4.6,mb,,,,1.2,us,usp0006a9g,2014-11-07T00:55:11.296Z,"138 km N of Manado, Indonesia",earthquake,,,,2,reviewed,us,us
1994-03-27T17:20:53.110Z,-35.221,78.6,10,5.3,mw,,,,1.2,us,usp0006a9f,2025-12-19T22:34:51.573Z,"Mid-Indian Ridge",earthquake,,,,,reviewed,us,hrv
1994-03-27T16:05:19.540Z,38.666,29.546,10,2.8,ml,,,,0.9,us,usp0006a9d,2014-11-07T00:55:11.290Z,"10 km W of K?z?lcasö?üt, Turkey",earthquake,,,,,reviewed,us,isk
1994-03-27T15:52:11.060Z,1.307,99.44,202.6,3,mb,,,,1.4,us,usp0006a9c,2014-11-07T00:55:11.289Z,"20 km ESE of Padangsidempuan, Indonesia",earthquake,,38.6,,1,reviewed,us,us
1994-03-27T15:34:47.000Z,36.6415,-121.2536667,5.39,2.74,md,83,40,0.02973,0.05,nc,nc398914,2016-12-22T03:19:22.270Z,"17 km SSE of Tres Pinos, California",earthquake,0.08,0.25,0.13,93,reviewed,nc,nc
1994-03-27T14:31:06.990Z,24.541,96.025,33,4.6,mb,,,,1.2,us,usp0006a9a,2014-11-07T00:55:11.284Z,"126 km WNW of Bhamo, Myanmar",earthquake,,,,16,reviewed,us,us
1994-03-27T14:30:57.170Z,-33.317,-72.066,33,3.6,md,,,,0.8,us,usp0006a99,2014-11-07T00:55:11.282Z,"50 km WNW of Cartagena, Chile",earthquake,,,,,reviewed,us,san
1994-03-27T13:51:39.970Z,39.658,29.422,10,2.7,ml,,,,0.4,us,usp0006a97,2014-11-07T00:55:11.277Z,"14 km NNW of Tav?anl?, Turkey",earthquake,,,,,reviewed,us,isk
1994-03-27T13:48:02.110Z,38.06,21.749,10,3.3,ml,,,,0.9,us,usp0006a96,2014-11-07T00:55:11.276Z,"6 km SSW of Chalandrítsa, Greece",earthquake,,,,,reviewed,us,ath
1994-03-27T13:45:12.260Z,-10.326,161.153,54.1,5.4,mw,,,,0.8,us,usp0006a95,2022-04-28T17:48:38.907Z,"Solomon Islands",earthquake,,7.9,,,reviewed,us,hrv
1994-03-27T12:42:47.750Z,40.464,27.979,10,2.5,ml,,,,1,us,usp0006a93,2014-11-07T00:55:11.255Z,"12 km N of Band?rma, Turkey",earthquake,,,,,reviewed,us,isk
1994-03-27T12:30:35.930Z,-0.301,-16.187,10,4.8,mb,,,,1,us,usp0006a92,2014-11-07T00:55:11.252Z,"north of Ascension Island",earthquake,,,,18,reviewed,us,us
1994-03-27T11:48:55.510Z,40.045,28.884,10,2.6,ml,,,,0.8,us,usp0006a91,2014-11-07T00:55:11.250Z,"8 km NNE of Kar?ncal?, Turkey",earthquake,,,,,reviewed,us,isk
1994-03-27T11:20:40.940Z,-17.8,-178.188,580.1,5.2,mw,,,,1,us,usp0006a90,2025-12-19T22:47:41.377Z,"266 km E of Levuka, Fiji",earthquake,,9,,,reviewed,us,hrv
1994-03-27T11:12:54.200Z,39.86,27.624,10,2.8,ml,,,,0.4,us,usp0006a8y,2014-11-07T00:55:11.238Z,"Western Turkey",earthquake,,,,,reviewed,us,isk
1994-03-27T11:12:04.880Z,-20.526,-68.3,157.6,4.4,mb,,,,1.2,us,usp0006a8x,2014-11-07T00:55:11.235Z,"144 km W of Colchani, Bolivia",earthquake,,11.9,,5,reviewed,us,us
1994-03-27T10:47:56.730Z,37.6013333,-118.8021667,5.664,2.68,md,33,66,0.02162,0.03,nc,nc398902,2016-12-22T03:18:49.690Z,"9 km WNW of Aspen Springs, California",earthquake,0.2,0.49,0.2,47,reviewed,nc,nc
1994-03-27T10:47:36.740Z,-18.128,-178.573,587.6,4.7,mb,,,,1,us,usp0006a8w,2014-11-07T00:55:11.232Z,"Fiji region",earthquake,,8.6,,10,reviewed,us,us
1994-03-27T10:39:20.390Z,7.27,124.149,33,4,mb,,,,1.2,us,usp0006a8v,2014-11-07T00:55:11.231Z,"10 km W of Limbo, Philippines",earthquake,,,,3,reviewed,us,us
1994-03-27T10:25:34.950Z,37.438,95.772,33,3.7,mb,,,,1.4,us,usp0006a8u,2014-11-07T00:55:11.230Z,"northern Qinghai, China",earthquake,,,,5,reviewed,us,us
1994-03-27T09:09:22.720Z,-22.176,-178.777,420,4.3,mb,,,,0.8,us,usp0006a8t,2014-11-07T00:55:11.228Z,"south of the Fiji Islands",earthquake,,,,6,reviewed,us,us
1994-03-27T08:55:03.060Z,39.076,27.651,10,2.6,ml,,,,0.7,us,usp0006a8s,2014-11-07T00:55:11.226Z,"Western Turkey",earthquake,,,,,reviewed,us,isk
1994-03-27T07:28:37.090Z,39.12,27.545,10,2.8,ml,,,,0.6,us,usp0006a8r,2014-11-07T00:55:11.225Z,"Western Turkey",earthquake,,,,,reviewed,us,isk
1994-03-27T07:20:19.420Z,-16.559,-172.704,33,5.5,mw,,,,1.2,us,usp0006a8q,2022-04-28T17:48:37.272Z,"134 km ESE of Hihifo, Tonga",earthquake,,,,,reviewed,us,hrv
1994-03-27T07:01:37.020Z,39.16,27.427,10,2.7,ml,,,,0.2,us,usp0006a8p,2014-11-07T00:55:11.202Z,"8 km NNE of K?n?k, Turkey",earthquake,,,,,reviewed,us,isk
1994-03-27T06:53:58.770Z,39.024,27.748,10,2.7,ml,,,,0.3,us,usp0006a8n,2014-11-07T00:55:11.201Z,"7 km ENE of Zeytinliova, Turkey",earthquake,,,,,reviewed,us,isk
1994-03-27T06:41:41.630Z,-32.645,-71.806,22.8,3.8,md,,,,0.5,us,usp0006a8m,2014-11-07T00:55:11.199Z,"46 km NNW of Valparaíso, Chile",earthquake,,6.6,,,reviewed,us,san
1994-03-27T06:17:34.550Z,39.634,23.427,5,2.6,ml,,,,1,us,usp0006a8k,2014-11-07T00:55:11.197Z,"34 km NE of Zagorá, Greece",earthquake,,,,,reviewed,us,the
1994-03-27T05:42:39.510Z,31.709,-116.018,5.842,3.38,ml,0,274.7,,0.335,ci,ci3160606,2016-02-13T01:14:55.756Z,"52km E of Maneadero, B.C., MX",earthquake,,,,31,reviewed,ci,ci
1994-03-27T05:37:48.940Z,44.7883333,-110.9136667,6.98,2.81,md,13,126,0.04498,0.14,uu,uu50092370,2018-08-28T05:09:48.060Z,"20 km NE of West Yellowstone, Montana",earthquake,0.56,0.7,,9,reviewed,uu,uu
1994-03-27T05:34:14.100Z,40.83,27.837,10,2.7,ml,,,,0.3,us,usp0006a8h,2014-11-07T00:55:11.193Z,"18 km SSW of Marmara Ere?lisi, Turkey",earthquake,,,,,reviewed,us,isk
1994-03-27T04:46:23.840Z,40.765,27.983,10,3.5,ml,,,,0.9,us,usp0006a8f,2014-11-07T00:55:11.188Z,"22 km S of Marmara Ere?lisi, Turkey",earthquake,,,,,reviewed,us,isk
1994-03-27T03:25:24.780Z,-5.657,147.314,149.3,4.5,mb,,,,1.2,us,usp0006a8e,2014-11-07T00:55:11.187Z,"115 km NNW of Finschhafen, Papua New Guinea",earthquake,,14.1,,2,reviewed,us,us
1994-03-27T03:19:45.180Z,38.1,27.474,10,3,ml,,,,1,us,usp0006a8d,2014-11-07T00:55:11.186Z,"Western Turkey",earthquake,,,,,reviewed,us,isk
1994-03-27T02:00:21.510Z,61.157,3.119,10,2.5,md,,,,0.8,us,usp0006a8c,2014-11-07T00:55:11.184Z,"93 km W of Hardbakke, Norway",earthquake,,,,,reviewed,us,ber
1994-03-27T00:29:40.880Z,-40.791,44.531,10,5.4,mw,,,,1,us,usp0006a8a,2025-12-19T22:47:39.236Z,"Southwest Indian Ridge",earthquake,,,,,reviewed,us,hrv
1994-03-26T22:48:33.170Z,-22.461,-68.915,102.6,4.6,mb,,,,1.5,us,usp0006a89,2014-11-07T00:55:11.176Z,"1 km ESE of Calama, Chile",earthquake,,31.1,,4,reviewed,us,us
1994-03-26T22:15:27.020Z,36.542,27.893,10,3.8,md,,,,0.7,us,usp0006a88,2014-11-07T00:55:11.175Z,"9 km SSE of Sými, Greece",earthquake,,,,,reviewed,us,ath
1994-03-26T21:51:01.200Z,33.437,141.289,38.1,5.4,mb,,,,0.7,us,usp0006a87,2014-11-07T00:55:11.172Z,"209 km SSE of Katsuura, Japan",earthquake,,11.6,,5,reviewed,us,us
1994-03-26T21:41:36.090Z,44.902,15.146,10,2.9,md,,,,1,us,usp0006a84,2014-11-07T00:55:11.165Z,"8 km WNW of Oto?ac, Croatia",earthquake,,,,,reviewed,us,tri
1994-03-26T21:33:35.250Z,28.913,-66.146,10,4.7,mb,,,,1.3,us,usp0006a83,2014-11-07T00:55:11.161Z,"North Atlantic Ocean",earthquake,,,,8,reviewed,us,us
1994-03-26T20:41:01.630Z,44.783,-110.9243333,8.71,3.94,md,18,125,,0.22,uu,uu50092340,2018-08-28T05:09:45.350Z,"19 km NE of West Yellowstone, Montana",earthquake,0.67,0.87,,12,reviewed,uu,uu
1994-03-26T20:23:34.810Z,34.291,-116.769,3.355,2.63,ml,0,63.2,,0.173,ci,ci3162033,2016-02-12T02:32:51.175Z,"8km ENE of Big Bear City, California",earthquake,,0.371,,40,reviewed,ci,ci
1994-03-26T20:12:30.870Z,-39.056,174.813,261.7,4,mb,,,,0.7,us,usp0006a80,2014-11-07T00:55:11.151Z,"50 km E of Waitara, New Zealand",earthquake,,7.4,,3,reviewed,us,us
1994-03-26T19:37:28.450Z,41.135,20.196,5,2.7,ml,,,,1.4,us,usp0006a7y,2014-11-07T00:55:11.149Z,"9 km ENE of Elbasan, Albania",earthquake,,,,,reviewed,us,the
1994-03-26T18:55:16.620Z,2.67,123.216,459.2,4.3,mb,,,,1.3,us,usp0006a7x,2014-11-07T00:55:11.147Z,"224 km NW of Manado, Indonesia",earthquake,,15.7,,7,reviewed,us,us
1994-03-26T18:22:51.990Z,42.714,-7.694,10,3,mblg,,,,0.1,us,usp0006a7v,2014-11-07T00:55:11.144Z,"10 km E of Taboada, Spain",earthquake,,,,,reviewed,us,mdd
1994-03-26T17:32:06.380Z,-32.34,-70.968,70,3.6,md,,,,0.4,us,usp0006a7u,2014-11-07T00:55:11.142Z,"27 km ENE of La Ligua, Chile",earthquake,,,,,reviewed,us,san
1994-03-26T16:48:39.430Z,40.791,27.781,10,2.6,ml,,,,1.2,us,usp0006a7t,2014-11-07T00:55:11.141Z,"24 km SW of Marmara Ere?lisi, Turkey",earthquake,,,,,reviewed,us,isk
1994-03-26T16:41:23.720Z,40.823,27.749,10,3.3,ml,,,,0.8,us,usp0006a7s,2014-11-07T00:55:11.139Z,"23 km SW of Marmara Ere?lisi, Turkey",earthquake,,,,,reviewed,us,isk
1994-03-26T15:40:12.100Z,36.677,28.384,93.3,4,md,,,,0.7,us,usp0006a7r,2014-11-07T00:55:11.135Z,"19 km SE of ?çmeler, Turkey",earthquake,,10.4,,,reviewed,us,ath
1994-03-26T15:22:24.880Z,39.506,55.155,33,4.3,mb,,,,1.3,us,usp0006a7q,2014-11-07T00:55:11.132Z,"42 km NW of Bereket, Turkmenistan",earthquake,,,,6,reviewed,us,us
1994-03-26T15:18:01.310Z,39.143,27.453,10,2.7,ml,,,,0.8,us,usp0006a7p,2014-11-07T00:55:11.131Z,"8 km NE of K?n?k, Turkey",earthquake,,,,,reviewed,us,isk
1994-03-26T15:13:31.920Z,34.354,-118.695,10.853,2.86,ml,0,26.7,,0.26,ci,ci3160535,2016-02-12T02:32:49.700Z,"10km NNE of Simi Valley, California",earthquake,,0.227,,48,reviewed,ci,ci
1994-03-26T15:10:47.470Z,-8.522,118.244,33,5.1,mb,,,,1,us,usp0006a7m,2014-11-07T00:55:11.127Z,"24 km W of Dompu, Indonesia",earthquake,,,,2,reviewed,us,us
1994-03-26T14:49:39.370Z,-25.318,84.036,10,4.9,ms,,,,1,us,usp0006a7k,2014-11-07T00:55:11.124Z,"South Indian Ocean",earthquake,,,,3,reviewed,us,us
1994-03-26T14:08:35.260Z,44.209,7.178,10,2.5,ml,,,,0.3,us,usp0006a7h,2014-11-07T00:55:11.119Z,"10 km S of Vinadio, Italy",earthquake,,,,,reviewed,us,gen
1994-03-26T13:25:45.860Z,38.934,16.879,10,3.2,md,,,,0.9,us,usp0006a7g,2014-11-07T00:55:11.117Z,"1 km ENE of Botricello, Italy",earthquake,,,,,reviewed,us,rom
1994-03-26T12:14:34.470Z,41.576,25.913,5,3.2,ml,,,,0.9,us,usp0006a7e,2014-11-07T00:55:11.114Z,"7 km SSE of Madzharovo, Bulgaria",earthquake,,,,,reviewed,us,the
1994-03-26T11:36:13.310Z,39.109,27.564,10,2.7,ml,,,,0.9,us,usp0006a7d,2014-11-07T00:55:11.113Z,"9 km W of K?rka?aç, Turkey",earthquake,,,,,reviewed,us,isk
1994-03-26T11:19:09.700Z,61.463,-149.9515,34.5,4.1,ml,,,,0.26,ak,ak9943wrccze,2020-09-14T20:24:06.616Z,"6 km S of Big Lake, Alaska",earthquake,,0.9,,,reviewed,ak,ak
1994-03-26T11:04:24.560Z,35.215,30.54,10,2.8,ml,,,,0.5,us,usp0006a7b,2014-11-07T00:55:11.104Z,"124 km SSE of Demre, Turkey",earthquake,,,,,reviewed,us,css
1994-03-26T11:02:04.390Z,62.2502,-150.9087,68.6,2.5,ml,,,,0.22,ak,ak9943wr8pef,2020-09-14T20:24:07.149Z,"28 km SSW of Petersville, Alaska",earthquake,,1.5,,,reviewed,ak,ak
1994-03-26T10:38:34.420Z,58.363,164.105,27.1,5.5,mw,,,,0.9,us,usp0006a79,2022-04-28T17:48:35.622Z,"115 km SSE of Ossora, Russia",earthquake,,,,,reviewed,us,hrv
1994-03-26T10:22:34.860Z,-8.38,119.965,147,4.9,mb,,,,1,us,usp0006a78,2014-11-07T00:55:11.068Z,"15 km NNE of Labuan Bajo, Indonesia",earthquake,,12.9,,15,reviewed,us,us
1994-03-26T10:11:37.280Z,41.18,28.447,10,2.6,ml,,,,0.2,us,usp0006a77,2014-11-07T00:55:11.067Z,"4 km NNW of Çatalca, Turkey",earthquake,,,,,reviewed,us,isk
1994-03-26T09:41:23.210Z,-33.966,-72.206,10,3.8,md,,,,0.2,us,usp0006a76,2014-11-07T00:55:11.065Z,"69 km SW of San Antonio, Chile",earthquake,,,,,reviewed,us,san
1994-03-26T09:23:59.400Z,39.584,29.631,10,2.8,ml,,,,0.6,us,usp0006a75,2014-11-07T00:55:11.063Z,"12 km ENE of Tav?anl?, Turkey",earthquake,,,,,reviewed,us,isk
1994-03-26T09:02:35.210Z,39.135,27.729,10,2.8,ml,,,,0.3,us,usp0006a74,2014-11-07T00:55:11.062Z,"6 km ENE of K?rka?aç, Turkey",earthquake,,,,,reviewed,us,isk
1994-03-26T08:59:14.480Z,39.524,29.582,10,2.6,ml,,,,1.1,us,usp0006a73,2014-11-07T00:55:11.060Z,"7 km ESE of Tav?anl?, Turkey",earthquake,,,,,reviewed,us,isk
1994-03-26T08:41:00.160Z,39.079,27.622,10,2.7,ml,,,,1.2,us,usp0006a72,2014-11-07T00:55:11.059Z,"5 km SW of K?rka?aç, Turkey",earthquake,,,,,reviewed,us,isk
1994-03-26T08:33:20.750Z,39.096,27.543,10,2.7,ml,,,,0.8,us,usp0006a71,2014-11-07T00:55:11.058Z,"10 km W of K?rka?aç, Turkey",earthquake,,,,,reviewed,us,isk
1994-03-26T07:52:36.490Z,39.093,27.608,10,2.7,ml,,,,1.4,us,usp0006a6y,2014-11-07T00:55:11.054Z,"5 km WSW of K?rka?aç, Turkey",earthquake,,,,,reviewed,us,isk
1994-03-26T07:47:06.980Z,63.2545,-150.4977,133,2.7,ml,,,,0.25,ak,ak9943wp4mei,2020-09-14T20:24:07.929Z,"69 km ESE of Denali National Park, Alaska",earthquake,,2.7,,,reviewed,ak,ak
1994-03-26T07:45:13.150Z,40.204,25.284,10,3.7,ml,,,,0.4,us,usp0006a6w,2014-11-07T00:55:11.044Z,"34 km SSW of Kamariótissa, Greece",earthquake,,,,,reviewed,us,ath
1994-03-26T07:26:33.880Z,39.693,29.476,5,2.6,ml,,,,0.4,us,usp0006a6v,2014-11-07T00:55:11.043Z,"16 km SW of Domaniç, Turkey",earthquake,,,,,reviewed,us,isk
1994-03-26T07:12:59.640Z,39.114,27.64,10,2.8,ml,,,,0.9,us,usp0006a6u,2014-11-07T00:55:11.041Z,"2 km WNW of K?rka?aç, Turkey",earthquake,,,,,reviewed,us,isk
1994-03-26T07:12:14.830Z,39.623,29.447,10,2.6,ml,,,,0.8,us,usp0006a6t,2014-11-07T00:55:11.039Z,"9 km NNW of Tav?anl?, Turkey",earthquake,,,,,reviewed,us,isk
1994-03-26T06:20:50.340Z,36.983,-3.992,10,3.1,mblg,,,,0.6,us,usp0006a6s,2014-11-07T00:55:11.011Z,"2 km S of Alhama de Granada, Spain",earthquake,,,,,reviewed,us,mdd
1994-03-26T05:42:06.610Z,58.1542,-150.6268,33.5,3.2,ml,,,,0.22,ak,ak9943wnwol1,2020-09-14T20:24:08.373Z,"112 km ENE of Kodiak, Alaska",earthquake,,52.8,,,reviewed,ak,ak
1994-03-26T04:39:49.000Z,-6.735,148.29,10,3.9,mb,,,,1,us,usp0006a6q,2014-11-07T00:55:11.005Z,"52 km ESE of Finschhafen, Papua New Guinea",earthquake,,,,2,reviewed,us,us
1994-03-26T04:23:53.920Z,40.235,25.31,10,3.3,ml,,,,0.6,us,usp0006a6p,2014-11-07T00:55:11.002Z,"30 km SSW of Kamariótissa, Greece",earthquake,,,,,reviewed,us,isk
1994-03-26T04:16:37.760Z,58.3622,-156.0422,152.1,4,mb,,,,0.17,ak,ak9943wn5qrk,2020-09-14T20:24:08.830Z,"51 km SE of King Salmon, Alaska",earthquake,,3.5,,,reviewed,ak,ak
1994-03-26T03:58:11.890Z,62.399,-151.128,89.7,2.7,ml,,,,0.19,ak,ak9943wmt98l,2020-09-14T20:24:09.798Z,"21 km WSW of Petersville, Alaska",earthquake,,2.9,,,reviewed,ak,ak
1994-03-26T03:35:48.640Z,40.46,28.182,10,2.6,ml,,,,0.6,us,usp0006a6k,2014-11-07T00:55:10.989Z,"21 km NE of Band?rma, Turkey",earthquake,,,,,reviewed,us,isk
1994-03-26T03:02:23.770Z,39.508,28.873,5,2.6,ml,,,,0.4,us,usp0006a6j,2014-11-07T00:55:10.988Z,"22 km ESE of Dursunbey, Turkey",earthquake,,,,,reviewed,us,isk
1994-03-26T02:11:30.370Z,39.353,25.524,10,3.6,ml,,,,0.7,us,usp0006a6h,2014-11-07T00:55:10.984Z,"40 km WNW of Eresós, Greece",earthquake,,,,,reviewed,us,the
1994-03-26T00:56:10.710Z,37.1533333,-121.5433333,7.217,2.77,md,95,68,0.04324,0.06,nc,nc398766,2016-12-22T03:15:06.770Z,"9 km NE of San Martin, California",earthquake,0.12,0.31,0.13,111,reviewed,nc,nc
1994-03-26T00:41:18.680Z,38.915,16.778,56.6,3.5,mb,,,,1,us,usp0006a6g,2014-11-07T00:55:10.978Z,"3 km WSW of Cropani Marina, Italy",earthquake,,8.9,,2,reviewed,us,us
1994-03-25T23:39:44.220Z,9.449,-78.272,10,4.1,mb,,,,0.2,us,usp0006a6e,2014-11-07T00:55:10.976Z,"15 km NNW of Playón Chico, Panama",earthquake,,,,1,reviewed,us,us
1994-03-25T23:24:33.420Z,-17.307,-179.291,560.3,4.5,mb,,,,0.8,us,usp0006a6d,2014-11-07T00:55:10.974Z,"169 km ENE of Levuka, Fiji",earthquake,,10.7,,5,reviewed,us,us
1994-03-25T23:17:55.070Z,-17.834,-178.411,574.2,5.3,mb,,,,1,us,usp0006a6c,2014-11-07T00:55:10.964Z,"242 km E of Levuka, Fiji",earthquake,,6.9,,29,reviewed,us,us
1994-03-25T22:29:22.410Z,40.242,25.256,10,3.4,ml,,,,0.4,us,usp0006a6b,2014-11-07T00:55:10.962Z,"31 km SW of Kamariótissa, Greece",earthquake,,,,,reviewed,us,the
1994-03-25T21:36:33.720Z,40.199,25.271,10,3.1,ml,,,,0.3,us,usp0006a68,2014-11-07T00:55:10.958Z,"35 km SSW of Kamariótissa, Greece",earthquake,,,,,reviewed,us,isk
1994-03-25T21:24:31.120Z,35.322,-2.757,28.3,4,md,,,,0.9,us,usp0006a67,2014-11-07T00:55:10.954Z,"16 km E of Melilla, Spain",earthquake,,4.2,,,reviewed,us,rba
1994-03-25T20:53:03.360Z,14.855,-92.981,60.2,5.3,mw,,,,1,us,usp0006a66,2025-12-19T22:47:38.451Z,"46 km SW of El Arenal, Mexico",earthquake,,,,,reviewed,us,hrv
1994-03-25T19:18:33.450Z,40.232,25.245,10,3.3,ml,,,,0.8,us,usp0006a64,2014-11-07T00:55:10.933Z,"33 km SW of Kamariótissa, Greece",earthquake,,,,,reviewed,us,isk
1994-03-25T19:16:03.880Z,42.805,-111.112,5,3.1,ml,,,,0.9,us,usp0006a63,2014-11-07T00:55:10.931Z,"9 km W of Auburn, Wyoming",earthquake,,,,,reviewed,us,gs$
1994-03-25T19:10:20.540Z,-19.169,177.293,33,4.3,mb,,,,1.2,us,usp0006a62,2014-11-07T00:55:10.928Z,"151 km S of Nadi, Fiji",earthquake,,,,4,reviewed,us,us
1994-03-25T18:41:29.600Z,40.265,25.293,17.3,3.5,ml,,,,0.6,us,usp0006a61,2014-11-07T00:55:10.925Z,"27 km SSW of Kamariótissa, Greece",earthquake,,4.5,,,reviewed,us,the
1994-03-25T18:27:23.500Z,-45,166,10,3.9,ml,,,,0.9,us,usp0006a60,2014-11-07T00:55:10.923Z,"142 km WNW of Te Anau, New Zealand",earthquake,,,,,reviewed,us,wel
1994-03-25T18:21:05.370Z,59.562,-153.0383,98.2,3.2,ml,,,,0.18,ak,ak9943v7zgtl,2020-09-14T20:24:11.565Z,"65 km ESE of Pedro Bay, Alaska",earthquake,,1.8,,,reviewed,ak,ak
1994-03-25T16:36:55.530Z,16.394,-99.953,33,3.6,mb,,,,0.9,us,usp0006a5w,2014-11-07T00:55:10.913Z,"47 km SW of San Andrés Playa Encantada (El Podrido), Mexico",earthquake,,,,1,reviewed,us,us
1994-03-25T16:21:33.170Z,-5.92,147.78,69.2,4.3,mb,,,,1,us,usp0006a5v,2014-11-07T00:55:10.912Z,"70 km N of Finschhafen, Papua New Guinea",earthquake,,22.2,,2,reviewed,us,us
1994-03-25T15:27:53.250Z,56.5027,-154.0982,10.3,2.9,ml,,,,0.26,ak,ak9943v68jzx,2020-09-14T20:24:12.067Z,"49 km S of Akhiok, Alaska",earthquake,,41.5,,,reviewed,ak,ak
1994-03-25T15:17:27.090Z,39.107,27.549,10,2.6,ml,,,,0.6,us,usp0006a5s,2014-11-07T00:55:10.908Z,"10 km SSW of Soma, Turkey",earthquake,,,,,reviewed,us,isk
1994-03-25T14:35:18.470Z,-4.459,135.025,33,4.7,mb,,,,1,us,usp0006a5r,2014-11-07T00:55:10.906Z,"132 km SSW of Nabire, Indonesia",earthquake,,,,2,reviewed,us,us
1994-03-25T14:33:19.810Z,39.706,29.464,10,2.6,ml,,,,1.4,us,usp0006a5q,2014-11-07T00:55:10.905Z,"16 km SW of Domaniç, Turkey",earthquake,,,,,reviewed,us,isk
1994-03-25T14:11:38.400Z,-6.445,146.094,98.7,3.1,mb,,,,0.6,us,usp0006a5p,2014-11-07T00:55:10.904Z,"30 km SE of Kainantu, Papua New Guinea",earthquake,,23.5,,1,reviewed,us,us
1994-03-25T13:12:19.500Z,32.856,-39.799,10,4.8,mb,,,,1,us,usp0006a5m,2014-11-07T00:55:10.894Z,"northern Mid-Atlantic Ridge",earthquake,,,,31,reviewed,us,us
1994-03-25T12:52:48.240Z,-34.196,-70.136,10,3.4,md,,,,0.4,us,usp0006a5k,2014-11-07T00:55:10.892Z,"47 km E of Machalí, Chile",earthquake,,,,,reviewed,us,san
1994-03-25T12:51:58.420Z,-8.769,111.799,97.1,4.8,mb,,,,1.1,us,usp0006a5j,2014-11-07T00:55:10.886Z,"72 km S of Boyolangu, Indonesia",earthquake,,12.6,,14,reviewed,us,us
1994-03-25T12:29:10.370Z,39.138,27.577,10,2.8,ml,,,,0.4,us,usp0006a5h,2014-11-07T00:55:10.884Z,"5 km SSW of Soma, Turkey",earthquake,,,,,reviewed,us,isk
1994-03-25T12:19:32.060Z,-1.134,-78.417,10,4,md,,,,1.1,us,usp0006a5g,2014-11-07T00:55:10.883Z,"15 km ENE of Píllaro, Ecuador",earthquake,,,,,reviewed,us,qui
1994-03-25T12:17:59.360Z,39.632,29.47,10,2.7,ml,,,,1.2,us,usp0006a5f,2014-11-07T00:55:10.881Z,"10 km NNW of Tav?anl?, Turkey",earthquake,,,,,reviewed,us,isk
1994-03-25T11:00:28.000Z,39.103,27.596,10,2.7,ml,,,,0.6,us,usp0006a5c,2014-11-07T00:55:10.877Z,"6 km W of K?rka?aç, Turkey",earthquake,,,,,reviewed,us,isk
1994-03-25T10:13:42.940Z,-5.875,145.969,23.3,4.3,ms,,,,0.9,us,usp0006a5b,2014-11-07T00:55:10.874Z,"47 km NNE of Kainantu, Papua New Guinea",earthquake,,7.3,,2,reviewed,us,us
1994-03-25T10:13:42.850Z,34.224,-118.475,13.615,2.71,ml,0,35.4,,0.296,ci,ci3160374,2016-02-12T20:11:27.061Z,"2km W of Panorama City, California",earthquake,,0.2,,47,reviewed,ci,ci
1994-03-25T10:00:23.110Z,39.702,-111.2471667,7.41,2.53,md,13,75,0.3512,0.16,uu,uu50092225,2018-08-28T05:09:38.170Z,"7 km WSW of Scofield, Utah",earthquake,0.49,6.22,,9,reviewed,uu,uu
1994-03-25T09:56:53.530Z,60.1833,-152.4425,85.4,3,ml,,,,0.22,ak,ak9943v2u65l,2020-09-14T20:24:13.107Z,"45 km WNW of Ninilchik, Alaska",earthquake,,1.2,,,reviewed,ak,ak
1994-03-25T09:18:25.490Z,39.344,27.624,5,2.7,ml,,,,0.4,us,usp0006a57,2014-11-07T00:55:10.862Z,"5 km SSW of Sava?tepe, Turkey",earthquake,,,,,reviewed,us,isk
1994-03-25T09:06:47.200Z,39.098,27.606,10,2.7,ml,,,,1.2,us,usp0006a55,2014-11-07T00:55:10.860Z,"5 km W of K?rka?aç, Turkey",earthquake,,,,,reviewed,us,isk
1994-03-25T08:57:09.980Z,39.557,28.816,5,3.3,md,,,,0.6,us,usp0006a54,2014-11-07T00:55:10.858Z,"16 km E of Dursunbey, Turkey",earthquake,,,,,reviewed,us,ath
1994-03-25T08:50:22.630Z,38.488,26.478,10,3.2,ml,,,,0.1,us,usp0006a53,2014-11-07T00:55:10.857Z,"16 km S of Karaburun, Turkey",earthquake,,,,,reviewed,us,isk
1994-03-25T08:25:43.510Z,39.11,27.568,10,2.6,ml,,,,0.7,us,usp0006a52,2014-11-07T00:55:10.856Z,"8 km W of K?rka?aç, Turkey",earthquake,,,,,reviewed,us,isk
1994-03-25T08:18:44.490Z,31.803,-116.152,5.468,2.81,mc,0,293.6,0.8454,0.279,ci,ci3160369,2016-02-12T09:48:43.483Z,"40km ENE of Maneadero, B.C., MX",earthquake,,,,48,reviewed,ci,ci
1994-03-25T07:53:48.760Z,-9.4,150.793,46,4.9,mb,,,,1,us,usp0006a50,2014-11-07T00:55:10.852Z,"107 km NNE of Alotau, Papua New Guinea",earthquake,,16,,6,reviewed,us,us
1994-03-25T07:39:09.850Z,34.36,-116.462,4.35,2.6,ml,0,111,,0.142,ci,ci3160364,2016-02-13T06:13:38.885Z,"28km N of Yucca Valley, California",earthquake,,14.703,,36,reviewed,ci,ci
1994-03-25T07:25:22.700Z,36.249,22.614,10,3.4,md,,,,1.5,us,usp0006a4y,2014-11-07T00:55:10.849Z,"35 km WNW of Kýthira, Greece",earthquake,,,,,reviewed,us,ath
1994-03-25T07:19:15.060Z,39.52,29.57,10,2.6,ml,,,,0.8,us,usp0006a4x,2014-11-07T00:55:10.848Z,"6 km ESE of Tav?anl?, Turkey",earthquake,,,,,reviewed,us,isk
1994-03-25T07:03:00.960Z,38.662,20.437,10,3.4,md,,,,1.3,us,usp0006a4w,2014-11-07T00:55:10.845Z,"29 km SW of Lefkáda, Greece",earthquake,,5.3,,,reviewed,us,ath
1994-03-25T05:44:16.670Z,29.265,130.543,33,4.4,mb,,,,0.8,us,usp0006a4v,2014-11-07T00:55:10.843Z,"107 km S of Koshima, Japan",earthquake,,,,14,reviewed,us,us
1994-03-25T04:08:06.070Z,43.467,11.282,12.8,3.4,md,,,,0.9,us,usp0006a4t,2014-11-07T00:55:10.835Z,"0 km WNW of Castellina in Chianti, Italy",earthquake,,2.6,,,reviewed,us,tri
1994-03-25T03:54:50.190Z,36.5848333,-121.1798333,4.267,2.63,md,63,32,0.01261,0.05,nc,nc398659,2016-12-22T03:13:00.500Z,"22 km NE of Soledad, California",earthquake,0.11,0.29,0.13,74,reviewed,nc,nc
1994-03-25T03:34:19.760Z,51.52,7.081,10,2.6,ml,,,,0.2,us,usp0006a4r,2014-11-07T00:55:10.832Z,"1 km NNW of Gelsenkirchen, Germany",earthquake,,,,,reviewed,us,koe
1994-03-25T03:17:39.860Z,42.751,-111.132,5,2.5,ml,,,,0.7,us,usp0006a4q,2014-11-07T00:55:10.831Z,"11 km WSW of Auburn, Wyoming",earthquake,,,,,reviewed,us,gs$
1994-03-25T03:06:08.040Z,39.532,28.844,5,2.7,ml,,,,0.2,us,usp0006a4p,2014-11-07T00:55:10.829Z,"19 km ESE of Dursunbey, Turkey",earthquake,,,,,reviewed,us,isk
1994-03-25T02:32:49.520Z,38.743,28.295,10,2.6,ml,,,,0.5,us,usp0006a4n,2014-11-07T00:55:10.828Z,"9 km W of Köprüba??, Turkey",earthquake,,,,,reviewed,us,isk
1994-03-25T02:20:17.700Z,19.6661667,-155.366,12.11,3.05,ml,44,78,,0.11,hv,hv1020588,2020-03-31T22:17:56.410Z,"28 km NNW of Volcano, Hawaii",earthquake,0.33,0.28,0.05,6,reviewed,hv,hv
1994-03-25T01:58:45.650Z,34.32,-118.556,2.27,2.75,ml,0,24.2,,0.315,ci,ci3160313,2016-02-11T18:41:23.277Z,"7km NW of Granada Hills, California",earthquake,,0.081,,38,reviewed,ci,ci
1994-03-25T01:18:15.260Z,-25.285,84.121,10,5.1,mb,,,,1.1,us,usp0006a4k,2014-11-07T00:55:10.822Z,"South Indian Ocean",earthquake,,,,11,reviewed,us,us
1994-03-25T00:57:58.460Z,42.824,-111.181,5,2.9,ml,,,,0.5,us,usp0006a4j,2014-11-07T00:55:10.821Z,"14 km WNW of Auburn, Wyoming",earthquake,,,,,reviewed,us,gs$
1994-03-24T23:01:44.700Z,62.8855,-149.8888,81.6,3.1,ml,,,,0.19,ak,ak9943tnb32e,2020-09-14T20:24:15.168Z,"49 km NNE of Chase, Alaska",earthquake,,1.3,,,reviewed,ak,ak
1994-03-24T22:34:35.530Z,34.972,-116.945,0.656,2.76,mc,0,79.1,,0.219,ci,ci3162032,2016-02-12T02:32:43.258Z,"11km NE of Barstow, California",earthquake,,0.677,,146,reviewed,ci,ci
1994-03-24T22:18:34.330Z,-18.368,-172.318,65.8,5,mb,,,,0.8,us,usp0006a4f,2014-11-07T00:55:10.807Z,"178 km E of Neiafu, Tonga",earthquake,,,,20,reviewed,us,us
1994-03-24T22:09:13.310Z,62.54,4.592,10,2.7,md,,,,1.1,us,usp0006a4e,2014-11-07T00:55:10.805Z,"63 km NW of Larsnes, Norway",earthquake,,,,,reviewed,us,ber
1994-03-24T20:12:40.870Z,61.6127,-151.8247,99.8,2.5,ml,,,,0.18,ak,ak9943tll4tz,2020-09-14T20:24:15.678Z,"47 km SSW of Skwentna, Alaska",earthquake,,1.6,,,reviewed,ak,ak
1994-03-24T19:52:25.240Z,51.433,15.779,10,2.5,ml,,,,0.9,us,usp0006a4b,2014-11-07T00:55:10.797Z,"8 km N of Gromadka, Poland",earthquake,,,,,reviewed,us,cll
1994-03-24T19:35:35.520Z,39.543,20.367,10,3.1,md,,,,0.8,us,usp0006a4a,2014-11-07T00:55:10.794Z,"3 km E of Parapótamos, Greece",earthquake,,,,,reviewed,us,ath
1994-03-24T18:40:53.640Z,8.09,126.672,33,5,mw,,,,1.1,us,usp0006a48,2022-04-28T17:48:33.845Z,"27 km ENE of Santa Maria, Philippines",earthquake,,,,,reviewed,us,hrv
1994-03-24T18:04:58.370Z,34.394,-118.629,14.381,2.51,ml,0,35.7,,0.209,ci,ci3160248,2016-02-13T01:14:46.987Z,"9km SW of Valencia, California",earthquake,,0.248,,24,reviewed,ci,ci
1994-03-24T17:26:48.650Z,-34.428,-70.551,120,3.6,md,,,,0.1,us,usp0006a47,2014-11-07T00:55:10.783Z,"28 km E of Rengo, Chile",earthquake,,,,,reviewed,us,san
1994-03-24T17:17:23.510Z,-18.276,-178.519,599.5,4.7,mb,,,,1.2,us,usp0006a46,2014-11-07T00:55:10.776Z,"230 km E of Levuka, Fiji",earthquake,,12.9,,9,reviewed,us,us
1994-03-24T17:11:24.290Z,50.555,150.334,449.9,5.2,mb,,,,0.7,us,usp0006a45,2014-11-07T00:55:10.741Z,"northwest of the Kuril Islands",earthquake,,,,110,reviewed,us,us
1994-03-24T15:11:55.910Z,38.99,20.535,10,3.1,md,,,,1.1,us,usp0006a44,2014-11-07T00:55:10.739Z,"19 km WNW of Préveza, Greece",earthquake,,,,,reviewed,us,ath
1994-03-24T15:00:31.620Z,39.612,29.516,10,2.7,ml,,,,0.8,us,usp0006a43,2014-11-07T00:55:10.738Z,"7 km N of Tav?anl?, Turkey",earthquake,,,,,reviewed,us,isk
1994-03-24T14:52:16.580Z,39.082,27.644,10,2.6,ml,,,,0.7,us,usp0006a42,2014-11-07T00:55:10.737Z,"3 km SW of K?rka?aç, Turkey",earthquake,,,,,reviewed,us,isk
1994-03-24T14:13:39.580Z,39.702,29.468,5,2.6,ml,,,,0.6,us,usp0006a41,2014-11-07T00:55:10.735Z,"16 km SW of Domaniç, Turkey",earthquake,,,,,reviewed,us,isk
1994-03-24T13:55:30.640Z,40.71,30.035,5,2.9,ml,,,,0.4,us,usp0006a40,2014-11-07T00:55:10.734Z,"4 km ESE of Kullar, Turkey",earthquake,,,,,reviewed,us,isk
1994-03-24T13:51:31.430Z,26.371,91.27,33,4.3,mb,,,,1,us,usp0006a3z,2014-11-07T00:55:10.732Z,"26 km ENE of Barpeta, India",earthquake,,,,6,reviewed,us,us
1994-03-24T13:48:55.220Z,39.98,28.097,10,2.8,ml,,,,0.6,us,usp0006a3y,2014-11-07T00:55:10.731Z,"9 km NW of Susurluk, Turkey",earthquake,,,,,reviewed,us,isk
1994-03-24T13:26:10.550Z,-9.112,119.567,33,4.9,mb,,,,1.4,us,usp0006a3x,2014-11-07T00:55:10.728Z,"58 km S of Komodo, Indonesia",earthquake,,,,8,reviewed,us,us
1994-03-24T13:24:21.850Z,69.539,-131.958,5,3.4,ml,,,,,us,usp0006a3w,2014-11-07T00:55:10.727Z,"149 km NNE of Inuvik, Canada",earthquake,,,,,reviewed,pgc,pgc
1994-03-24T11:59:07.630Z,0.38,-79.135,33,4,md,,,,0.3,us,usp0006a3t,2014-11-07T00:55:10.723Z,"38 km E of Rosa Zarate, Ecuador",earthquake,,,,,reviewed,us,qui
1994-03-24T11:57:26.030Z,39.298,27.486,5,2.7,ml,,,,0.6,us,usp0006a3s,2014-11-07T00:55:10.721Z,"16 km NW of Soma, Turkey",earthquake,,,,,reviewed,us,isk
1994-03-24T11:56:40.110Z,62.0345,-150.3097,46.4,2.8,ml,,,,0.22,ak,ak9943tghnu3,2020-09-14T20:24:16.514Z,"27 km WSW of Susitna North, Alaska",earthquake,,1.3,,,reviewed,ak,ak
1994-03-24T11:51:44.480Z,-4.268,152.739,50.6,4.9,mb,,,,1.3,us,usp0006a3q,2014-11-07T00:55:10.713Z,"52 km E of Kokopo, Papua New Guinea",earthquake,,15.6,,10,reviewed,us,us
1994-03-24T11:41:50.670Z,-8.418,118.749,33,4.7,mb,,,,1.3,us,usp0006a3p,2014-11-07T00:55:10.709Z,"5 km NNE of Bima, Indonesia",earthquake,,,,11,reviewed,us,us
1994-03-24T11:39:45.090Z,64.0363,-149.7715,151,2.6,ml,,,,0.17,ak,ak9943tge11p,2020-09-14T20:24:17.009Z,"32 km W of Ferry, Alaska",earthquake,,3.7,,,reviewed,ak,ak
1994-03-24T11:04:45.370Z,39.11,27.606,10,2.7,ml,,,,0.8,us,usp0006a3m,2014-11-07T00:55:10.704Z,"5 km W of K?rka?aç, Turkey",earthquake,,,,,reviewed,us,isk
1994-03-24T11:00:47.070Z,4.429,125.801,175.1,4.6,mb,,,,1,us,usp0006a3k,2014-11-07T00:55:10.701Z,"114 km SSE of Sarangani, Philippines",earthquake,,8.1,,11,reviewed,us,us
1994-03-24T10:51:09.890Z,-25.458,179.413,650.9,4.5,mb,,,,0.9,us,usp0006a3j,2014-11-07T00:55:10.699Z,"south of the Fiji Islands",earthquake,,47.3,,9,reviewed,us,us
1994-03-24T10:49:57.320Z,39.452,19.852,5,2.9,md,,,,0.9,us,usp0006a3h,2014-11-07T00:55:10.698Z,"5 km SSW of Ágios Matthaíos, Greece",earthquake,,,,,reviewed,us,ath
1994-03-24T10:14:40.840Z,39.661,29.493,10,2.6,ml,,,,0.8,us,usp0006a3g,2014-11-07T00:55:10.697Z,"13 km N of Tav?anl?, Turkey",earthquake,,,,,reviewed,us,isk
1994-03-24T08:30:29.390Z,39.158,27.382,10,2.6,ml,,,,0.7,us,usp0006a3e,2014-11-07T00:55:10.695Z,"7 km N of K?n?k, Turkey",earthquake,,,,,reviewed,us,isk
1994-03-24T08:27:49.150Z,39.102,27.555,10,2.6,ml,,,,0.9,us,usp0006a3d,2014-11-07T00:55:10.694Z,"9 km W of K?rka?aç, Turkey",earthquake,,,,,reviewed,us,isk
1994-03-24T08:23:39.960Z,39.066,27.598,10,2.6,ml,,,,0.6,us,usp0006a3c,2014-11-07T00:55:10.692Z,"7 km SW of K?rka?aç, Turkey",earthquake,,,,,reviewed,us,isk
1994-03-24T08:03:21.490Z,38.66,20.316,10,3.2,md,,,,1.5,us,usp0006a3b,2014-11-07T00:55:10.689Z,"38 km WSW of Lefkáda, Greece",earthquake,,,,,reviewed,us,ath
1994-03-24T07:21:11.300Z,39.114,27.6,10,2.7,ml,,,,0.6,us,usp0006a3a,2014-11-07T00:55:10.688Z,"6 km W of K?rka?aç, Turkey",earthquake,,,,,reviewed,us,isk
1994-03-24T06:58:09.130Z,39.405,29.809,10,2.6,ml,,,,0.6,us,usp0006a39,2014-11-07T00:55:10.687Z,"15 km W of Kütahya, Turkey",earthquake,,,,,reviewed,us,isk
1994-03-24T06:42:31.220Z,40.5281667,-124.3555,2.434,2.61,md,16,241,0.05405,0.07,nc,nc398593,2016-12-22T03:10:50.798Z,"9 km SW of Ferndale, California",earthquake,0.86,0.45,0.11,16,reviewed,nc,nc
1994-03-24T06:32:57.700Z,36.652,-116.188,5,3.9,ml,,,,0.9,us,usp0006a37,2016-02-12T17:37:06.989Z,"47 km W of Indian Springs, Nevada",earthquake,,,,,reviewed,us,gs$
1994-03-24T05:22:46.330Z,71.618,-0.673,10,4.4,mb,,,,0.8,us,usp0006a36,2014-11-07T00:55:10.679Z,"298 km E of Olonkinbyen, Svalbard and Jan Mayen",earthquake,,,,4,reviewed,us,us
1994-03-24T04:51:39.960Z,37.603,20.308,40.7,3.9,mb,,,,1.1,us,usp0006a35,2014-11-07T00:55:10.676Z,"46 km WSW of Katastárion, Greece",earthquake,,11.6,,2,reviewed,us,us
1994-03-24T03:21:08.830Z,34.363,-116.47,-1.12,2.77,ml,0,74.3,,0.142,ci,ci3160147,2016-02-12T02:32:33.548Z,"28km N of Yucca Valley, California",earthquake,,0.611,,24,reviewed,ci,ci
1994-03-24T02:52:35.530Z,31.814,-116.156,5.468,2.5,mc,0,309.7,0.8346,0.283,ci,ci3160141,2016-02-13T06:13:23.862Z,"40km ENE of Maneadero, B.C., MX",earthquake,,,,25,reviewed,ci,ci
1994-03-24T02:03:05.010Z,45.556,14.26,10,2.5,md,,,,0.3,us,usp0006a2y,2014-11-07T00:55:10.664Z,"1 km SE of Ilirska Bistrica, Slovenia",earthquake,,,,,reviewed,us,lju
1994-03-24T01:38:41.550Z,58.334,-142.907,10,4.5,mb,,,,0.9,us,usp0006a2x,2020-09-14T20:24:18.456Z,"227 km SW of Yakutat, Alaska",earthquake,,,,16,reviewed,us,us
1994-03-24T00:53:07.900Z,38.8978333,-123.0071667,4.796,2.75,md,40,35,0.06937,0.07,nc,nc398587,2016-12-22T03:10:17.590Z,"10 km N of Cloverdale, California",earthquake,0.13,0.55,0.14,49,reviewed,nc,nc
1994-03-24T00:13:03.170Z,-31.698,-69.811,140,3.7,md,,,,0.5,us,usp0006a2v,2014-11-07T00:55:10.651Z,"54 km SW of Calingasta, Argentina",earthquake,,,,,reviewed,us,san
1994-03-23T21:51:44.980Z,58.602,-153.8513,87.6,3,ml,,,,0.21,ak,ak9943ryvl6q,2020-09-14T20:24:19.402Z,"81 km NW of Aleneva, Alaska",earthquake,,2,,,reviewed,ak,ak
1994-03-23T21:25:13.410Z,-33.394,-70.216,114.6,3.6,md,,,,0.3,us,usp0006a2t,2014-11-07T00:55:10.646Z,"34 km ENE of Villa Presidente Frei, Ñuñoa, Santiago, Chile, Chile",earthquake,,44.7,,,reviewed,us,san
1994-03-23T20:57:19.530Z,-17.999,-178.096,443.1,4.2,mb,,,,0.4,us,usp0006a2s,2014-11-07T00:55:10.644Z,"274 km E of Levuka, Fiji",earthquake,,11,,6,reviewed,us,us
1994-03-23T20:00:51.220Z,-31.366,179.942,551.5,5.1,mb,,,,1,us,usp0006a2r,2014-11-07T00:55:10.641Z,"Kermadec Islands region",earthquake,,14.8,,5,reviewed,us,us
1994-03-23T19:27:29.120Z,-33.747,-70.631,78.9,3.3,md,,,,0.2,us,usp0006a2p,2014-11-07T00:55:10.637Z,"10 km E of Buin, Chile",earthquake,,33.2,,,reviewed,us,san
1994-03-23T19:15:10.950Z,10.73,-72.613,54,4.4,mb,,,,0.9,us,usp0006a2n,2014-11-07T00:55:10.636Z,"31 km SE of Fonseca, Colombia",earthquake,,31,,2,reviewed,us,us
1994-03-23T18:55:25.980Z,62.9048,-150.5385,88.6,3.4,ml,,,,0.34,ak,ak9943rx43rq,2020-09-14T20:24:20.451Z,"46 km NNE of Petersville, Alaska",earthquake,,1.4,,,reviewed,ak,ak
1994-03-23T18:34:01.520Z,-1.332,-78.388,10,4,md,,,,0.7,us,usp0006a2k,2014-11-07T00:55:10.627Z,"8 km NNE of Baños, Ecuador",earthquake,,,,,reviewed,us,qui
1994-03-23T17:14:45.330Z,28.874,52.596,33,4.7,mb,,,,0.9,us,usp0006a2h,2014-11-07T00:55:10.620Z,"4 km NE of F?r?z?b?d, Iran",earthquake,,,,32,reviewed,us,us
1994-03-23T17:00:44.640Z,34.29,-118.46,9.799,3.23,ml,0,26.9,,0.311,ci,ci3160056,2016-02-12T02:32:27.827Z,"2km WNW of San Fernando, California",earthquake,,0.259,,55,reviewed,ci,ci
1994-03-23T16:50:15.290Z,-44.962,166.226,10,3.9,ml,,,,0.5,us,usp0006a2f,2014-11-07T00:55:10.614Z,"127 km WNW of Te Anau, New Zealand",earthquake,,,,,reviewed,us,wel
1994-03-23T15:53:12.110Z,42.933,-0.259,10,2.6,ml,,,,1.2,us,usp0006a2e,2014-11-07T00:55:10.612Z,"12 km WNW of Cauterets, France",earthquake,,,,,reviewed,us,ldg
1994-03-23T15:26:38.410Z,43.425,5.471,5,2.6,ml,,,,0.6,us,usp0006a2d,2014-11-07T00:55:10.610Z,"3 km ESE of Simiane-Collongue, France",earthquake,,,,,reviewed,us,str
1994-03-23T15:10:30.440Z,37.796,-4.129,14.2,3.4,mblg,,,,0.9,us,usp0006a2c,2014-11-07T00:55:10.607Z,"2 km E of Higuera de Calatrava, Spain",earthquake,,4.1,,,reviewed,us,mdd
1994-03-23T13:05:14.500Z,34.388,-116.461,1.72,2.85,ml,0,76.4,,0.164,ci,ci3160017,2016-02-13T06:13:16.613Z,"31km N of Yucca Valley, California",earthquake,,0.498,,50,reviewed,ci,ci
1994-03-23T12:58:53.150Z,-33.335,-70.526,80.6,3.4,md,,,,0.4,us,usp0006a29,2014-11-07T00:55:10.602Z,"13 km ESE of Chicureo Abajo, Chile",earthquake,,31.6,,,reviewed,us,san
1994-03-23T12:11:42.420Z,31.784,-116.076,5.468,2.58,mc,0,278.2,0.8641,0.484,ci,ci3160015,2016-02-12T22:40:53.819Z,"47km E of Maneadero, B.C., MX",earthquake,,,,39,reviewed,ci,ci
1994-03-23T11:45:37.140Z,39.106,27.618,10,2.7,ml,,,,0.6,us,usp0006a24,2014-11-07T00:55:10.594Z,"4 km W of K?rka?aç, Turkey",earthquake,,,,,reviewed,us,isk
1994-03-23T11:31:55.160Z,39.23,27.817,10,2.7,ml,,,,0.2,us,usp0006a23,2014-11-07T00:55:10.593Z,"18 km ENE of Soma, Turkey",earthquake,,,,,reviewed,us,isk
1994-03-23T11:23:09.790Z,39.081,27.572,10,2.8,ml,,,,0.8,us,usp0006a22,2014-11-07T00:55:10.591Z,"8 km WSW of K?rka?aç, Turkey",earthquake,,,,,reviewed,us,isk
1994-03-23T08:26:15.580Z,35.308,27.678,10,3.6,md,,,,1.5,us,usp0006a1z,2014-11-07T00:55:10.587Z,"47 km ESE of Karpathos, Greece",earthquake,,,,,reviewed,us,ath
1994-03-23T08:23:46.260Z,31.777,-116.132,5.468,3.55,ml,0,264.8,,0.533,ci,ci3159989,2016-02-12T17:36:50.506Z,"42km E of Maneadero, B.C., MX",earthquake,,,,37,reviewed,ci,ci
1994-03-23T07:52:50.810Z,12.3,122.205,32.6,4.7,mb,,,,0.9,us,usp0006a1x,2014-11-07T00:55:10.582Z,"13 km E of Tugdan, Philippines",earthquake,,5,,4,reviewed,us,us
1994-03-23T07:00:49.940Z,-32.754,179.894,482.2,4.5,mb,,,,1.4,us,usp0006a1w,2014-11-07T00:55:10.579Z,"south of the Kermadec Islands",earthquake,,18.5,,2,reviewed,us,us
1994-03-23T06:29:21.610Z,40.731,27.747,5,2.8,ml,,,,0.6,us,usp0006a1v,2014-11-07T00:55:10.578Z,"22 km NE of Marmara, Turkey",earthquake,,,,,reviewed,us,isk
1994-03-23T05:07:55.290Z,34.029,25.164,33.9,4,mb,,,,1.1,us,usp0006a1s,2014-11-07T00:55:10.569Z,"Crete, Greece",earthquake,,8.1,,20,reviewed,us,us
1994-03-23T04:35:07.190Z,31.807,-116.162,5.468,2.81,ml,0,293.5,0.8418,0.299,ci,ci3159965,2016-02-12T02:32:23.964Z,"40km ENE of Maneadero, B.C., MX",earthquake,,,,5,reviewed,ci,ci
1994-03-23T03:56:18.040Z,31.8176667,-116.1513333,6.19,2.9,mh,11,293,0.8308,0.19,ci,ci3159964,2016-04-02T15:03:09.352Z,"41km ENE of Maneadero, B.C., MX",earthquake,1.51,2.85,,0,reviewed,ci,ci
1994-03-23T03:19:47.440Z,34.317,-118.54,-0.62,2.61,ml,0,38.8,,0.306,ci,ci2155417,2021-02-18T19:18:20.601Z,"6km NW of Granada Hills, California",earthquake,,1.32,,5,reviewed,ci,ci
1994-03-23T03:11:12.470Z,32.405,142.163,33,4.5,mb,,,,0.7,us,usp0006a1n,2014-11-07T00:55:10.562Z,"Izu Islands, Japan region",earthquake,,,,2,reviewed,us,us
1994-03-23T03:08:45.440Z,31.765,-116.171,5.094,3.49,ml,0,279.7,,0.393,ci,ci3159961,2016-02-12T00:01:08.766Z,"38km E of Maneadero, B.C., MX",earthquake,,,,27,reviewed,ci,ci
1994-03-23T02:59:14.460Z,31.736,-116.195,5.094,5.27,ml,76,254,,0.68,ci,ci3159960,2016-04-02T02:13:12.511Z,"35km E of Maneadero, B.C., MX",earthquake,69.82,31.61,,21,reviewed,ci,ci
1994-03-23T01:19:12.580Z,51.63,158.074,33,4.8,mb,,,,0.8,us,usp0006a1g,2014-11-07T00:55:10.537Z,"110 km E of Ozernovskiy, Russia",earthquake,,,,47,reviewed,us,us
1994-03-22T23:58:44.170Z,34.037,25.304,54.5,3.8,md,,,,0.5,us,usp0006a1f,2014-11-07T00:55:10.535Z,"108 km S of Pýrgos, Greece",earthquake,,18.9,,,reviewed,us,ath
1994-03-22T23:48:08.520Z,34.008,25.227,36.4,4.2,mb,,,,1.2,us,usp0006a1d,2014-11-07T00:55:10.504Z,"110 km S of Pýrgos, Greece",earthquake,,8.7,,31,reviewed,us,us
1994-03-22T23:39:58.720Z,34.233,25.305,51.8,4.3,mb,,,,1.2,us,usp0006a1c,2014-11-07T00:55:10.497Z,"86 km S of Pýrgos, Greece",earthquake,,10.5,,39,reviewed,us,us
1994-03-22T23:19:31.030Z,42.169,23.393,10,2.9,ml,,,,1,us,usp0006a1b,2014-11-07T00:55:10.495Z,"16 km SE of Sapareva Banya, Bulgaria",earthquake,,,,,reviewed,us,the
1994-03-22T22:21:25.920Z,31.978,-115.428,5.962,3.57,ml,0,251.7,0.7155,0.576,ci,ci3159928,2016-02-12T12:20:37.990Z,"37km SW of Alberto Oviedo Mota, B.C., MX",earthquake,,,,28,reviewed,ci,ci
1994-03-22T21:54:11.310Z,-39.232,174.864,36.1,4,ml,,,,0.7,us,usp0006a18,2014-11-07T00:55:10.487Z,"53 km ENE of Eltham, New Zealand",earthquake,,24,,,reviewed,us,wel
1994-03-22T21:41:28.760Z,42.2901667,-122.028,2.715,2.6,md,10,87,,0.25,uw,uw10334738,2016-07-24T00:11:38.310Z,"21 km WNW of Klamath Falls, Oregon",earthquake,0.896,0.87,0.06,1,reviewed,uw,uw
1994-03-22T21:14:02.460Z,40.714,29.703,10,2.6,ml,,,,0.6,us,usp0006a15,2014-11-07T00:55:10.482Z,"1 km NNE of Ula?l?, Turkey",earthquake,,,,,reviewed,us,isk
1994-03-22T20:24:30.030Z,-2.129,138.753,33,4.8,mb,,,,1,us,usp0006a13,2014-11-07T00:55:10.477Z,"215 km WNW of Abepura, Indonesia",earthquake,,,,8,reviewed,us,us
1994-03-22T18:31:37.310Z,51.387,15.653,10,3.2,ml,,,,0.9,us,usp0006a12,2014-11-07T00:55:10.474Z,"8 km WNW of Gromadka, Poland",earthquake,,,,,reviewed,us,vie
1994-03-22T16:30:54.970Z,37.948,23.544,180.7,4.2,mb,,,,0.7,us,usp0006a10,2014-11-07T00:55:10.467Z,"1 km ESE of Ampelákia, Greece",earthquake,,3.6,,11,reviewed,us,us
1994-03-22T16:21:40.650Z,2.818,96.286,49.3,4.2,mb,,,,0.5,us,usp0006a0z,2014-11-07T00:55:10.466Z,"38 km NNW of Sinabang, Indonesia",earthquake,,28.6,,3,reviewed,us,us
1994-03-22T15:32:42.130Z,34.311,-118.433,6.377,2.61,ml,0,32.1,,0.278,ci,ci3159887,2016-02-11T18:41:07.645Z,"3km N of Pacoima, California",earthquake,,0.62,,24,reviewed,ci,ci
1994-03-22T14:55:28.550Z,39.563,19.635,10,3,md,,,,0.4,us,usp0006a0x,2014-11-07T00:55:10.462Z,"18 km SSW of Agios Georgis, Greece",earthquake,,,,,reviewed,us,ath
1994-03-22T13:58:27.130Z,38.33,27.775,10,2.8,ml,,,,0.2,us,usp0006a0w,2014-11-07T00:55:10.461Z,"16 km NE of Bay?nd?r, Turkey",earthquake,,,,,reviewed,us,isk
1994-03-22T13:37:56.260Z,-22.202,179.862,580.7,4.6,mb,,,,1.1,us,usp0006a0v,2014-11-07T00:55:10.459Z,"south of the Fiji Islands",earthquake,,24.7,,8,reviewed,us,us
1994-03-22T13:26:30.190Z,38.7991667,-122.7635,3.513,3.34,md,48,37,0.02613,0.07,nc,nc398416,2016-12-22T03:04:13.360Z,"Northern California",earthquake,0.14,0.34,0.11,83,reviewed,nc,nc
1994-03-22T13:23:23.210Z,62.291,-151.438,89.1,2.8,ml,,,,0.2,ak,ak9943q6eq4h,2020-09-14T20:24:24.679Z,"33 km N of Skwentna, Alaska",earthquake,,2.6,,,reviewed,ak,ak
1994-03-22T11:51:46.240Z,-19.947,167.886,35.7,4.7,mb,,,,1.3,us,usp0006a0s,2014-11-07T00:55:10.444Z,"125 km NNE of Wé, New Caledonia",earthquake,,13.9,,14,reviewed,us,us
1994-03-22T11:03:20.820Z,-31.467,-69.542,210,4.2,md,,,,0.6,us,usp0006a0q,2014-11-07T00:55:10.441Z,"San Juan, Argentina",earthquake,,,,,reviewed,us,san
1994-03-22T10:40:30.150Z,38.225,27.669,10,3.3,ml,,,,1.1,us,usp0006a0p,2014-11-07T00:55:10.440Z,"2 km ENE of Bay?nd?r, Turkey",earthquake,,,,,reviewed,us,isk
1994-03-22T08:58:31.700Z,39.167,27.537,10,2.6,ml,,,,0.7,us,usp0006a0n,2014-11-07T00:55:10.438Z,"6 km WSW of Soma, Turkey",earthquake,,,,,reviewed,us,isk
1994-03-22T08:52:18.980Z,40.696,20.593,10,3.7,mb,,,,0.8,us,usp0006a0m,2014-11-07T00:55:10.433Z,"9 km W of Maliq, Albania",earthquake,,,,3,reviewed,us,us
1994-03-22T07:23:19.730Z,38.221,142.022,52.3,4.4,mb,,,,1,us,usp0006a0k,2014-11-07T00:55:10.429Z,"near the east coast of Honshu, Japan",earthquake,,6.1,,15,reviewed,us,us
1994-03-22T06:38:35.190Z,42.696,-111.099,5,2.5,ml,,,,1,us,usp0006a0j,2014-11-07T00:55:10.427Z,"9 km W of Fairview, Wyoming",earthquake,,,,,reviewed,us,gs$
1994-03-22T05:42:27.650Z,36.976,27.022,10,3,mb,,,,0.8,us,usp0006a0h,2014-11-07T00:55:10.426Z,"4 km NE of Kálymnos, Greece",earthquake,,,,1,reviewed,us,us
1994-03-22T05:36:42.360Z,65.39,-133.37,10,3.4,ml,,,,,us,usp0006a0g,2014-11-07T00:55:10.425Z,"238 km SSE of Fort McPherson, Canada",earthquake,,,,,reviewed,pgc,pgc
1994-03-22T05:22:16.560Z,-33.049,-72.024,35.1,3.8,md,,,,0.6,us,usp0006a0f,2014-11-07T00:55:10.423Z,"36 km W of Valparaíso, Chile",earthquake,,26.8,,,reviewed,us,san
1994-03-22T05:06:07.160Z,59.5238,-153.6057,122.8,3.8,ml,,,,0.18,ak,ak9943q1jkvg,2020-09-14T20:24:25.471Z,"40 km SE of Pedro Bay, Alaska",earthquake,,1.4,,,reviewed,ak,ak
1994-03-22T03:36:22.990Z,11.011,-61.982,80,3,md,,,,0.7,us,usp0006a0b,2014-11-07T00:55:10.412Z,"58 km NW of Petit Valley, Trinidad and Tobago",earthquake,,,,,reviewed,us,trn
1994-03-22T03:34:53.860Z,41.1668333,-125.6838333,4.275,2.5,md,8,313,1.383,0.02,nc,nc1213248,2016-12-22T03:02:09.214Z,"130 km W of Trinidad, CA",earthquake,4.99,8.34,,1,reviewed,nc,nc
1994-03-22T02:33:45.930Z,10.988,-62.002,80,3.4,md,,,,1,us,usp0006a0a,2014-11-07T00:55:10.411Z,"55 km NE of Güiria, Venezuela",earthquake,,,,,reviewed,us,trn
1994-03-22T02:28:43.870Z,38.642,27.375,10,2.8,ml,,,,0.9,us,usp0006a09,2014-11-07T00:55:10.410Z,"5 km NW of Manisa, Turkey",earthquake,,,,,reviewed,us,isk
1994-03-22T01:48:35.090Z,28.923,128.275,33,4.8,mb,,,,1.1,us,usp0006a07,2014-11-07T00:55:10.405Z,"133 km WNW of Naze, Japan",earthquake,,,,11,reviewed,us,us
1994-03-22T01:12:59.560Z,-41.363,-105.09,10,5.2,mw,,,,1.1,us,usp0006a06,2025-12-19T22:47:37.715Z,"southern East Pacific Rise",earthquake,,,,,reviewed,us,hrv
1994-03-21T21:41:01.910Z,39.745,15.461,278.5,5.1,mb,,,,1,us,usp0006a03,2014-11-07T00:55:10.366Z,"29 km WSW of Scalea, Italy",earthquake,,1.5,,94,reviewed,us,us
1994-03-21T21:29:15.730Z,44.378,-2.483,10,3.2,ml,,,,0.8,us,usp0006a02,2014-11-07T00:55:10.363Z,"102 km W of Mimizan, France",earthquake,,,,,reviewed,us,ldg
1994-03-21T20:41:11.470Z,44.384,-2.456,10,3.3,ml,,,,0.9,us,usp0006a01,2014-11-07T00:55:10.359Z,"100 km WNW of Mimizan, France",earthquake,,,,,reviewed,us,ldg
1994-03-21T18:56:07.680Z,60.1925,-152.4028,87.6,2.7,ml,,,,0.24,ak,ak9943om1l34,2020-09-14T20:24:26.386Z,"43 km WNW of Ninilchik, Alaska",earthquake,,1.1,,,reviewed,ak,ak
1994-03-21T18:54:12.470Z,46.398,15.924,5,2.7,md,,,,0.3,us,usp00069zz,2014-11-07T00:55:10.352Z,"0 km NW of Markovci, Slovenia",earthquake,,,,,reviewed,us,lju
1994-03-21T18:13:02.020Z,32.092,-115.328,5.962,2.94,mc,0,242.7,0.6056,0.46,ci,ci2154833,2016-02-12T09:48:24.080Z,"21km SW of Alberto Oviedo Mota, B.C., MX",earthquake,,,,76,reviewed,ci,ci
1994-03-21T17:34:18.160Z,36.86,-89.172,5,2.9,mlg,,,,,nm,nm604063,2016-04-14T19:14:30.930Z,"7 km SE of Wyatt, Missouri",earthquake,,,,,reviewed,nm,nm
1994-03-21T16:36:09.120Z,45.088,3.156,10,2.5,ml,,,,0.8,us,usp00069zw,2014-11-07T00:55:10.345Z,"7 km NE of Saint-Flour, France",earthquake,,,,,reviewed,us,ldg
1994-03-21T16:27:32.860Z,6.892,-73.097,169,4.2,mb,,,,1.2,us,usp00069zv,2014-11-07T00:55:10.343Z,"11 km SSW of Piedecuesta, Colombia",earthquake,,7.8,,2,reviewed,us,us
1994-03-21T16:19:25.000Z,43.226,10.792,5,3.7,mb,,,,1,us,usp00069zt,2014-11-07T00:55:10.339Z,"8 km NE of Monteverdi Marittimo, Italy",earthquake,,,,1,reviewed,us,us
1994-03-21T16:10:04.590Z,43.419,5.444,5,2.5,ml,,,,0.6,us,usp00069zr,2014-11-07T00:55:10.336Z,"1 km SSE of Simiane-Collongue, France",earthquake,,,,,reviewed,us,str
1994-03-21T15:54:41.330Z,38.8143333,-122.7741667,1.723,2.6,md,38,46,0.01712,0.04,nc,nc398336,2016-12-22T02:59:24.880Z,"4 km W of Cobb, California",earthquake,0.12,0.24,0.15,40,reviewed,nc,nc
1994-03-21T13:44:43.060Z,14.109,118.952,33,4.3,mb,,,,0.8,us,usp00069zn,2014-11-07T00:55:10.322Z,"121 km WNW of Cabra, Philippines",earthquake,,,,4,reviewed,us,us
1994-03-21T12:41:18.680Z,61.4927,-146.4597,23.1,2.5,ml,,,,0.23,ak,ak9943oidskc,2020-09-14T20:24:26.830Z,"40 km N of Valdez, Alaska",earthquake,,1.6,,,reviewed,ak,ak
1994-03-21T11:36:32.870Z,39.284,27.707,10,2.8,ml,,,,0.1,us,usp00069zj,2014-11-07T00:55:10.315Z,"11 km SSE of Sava?tepe, Turkey",earthquake,,,,,reviewed,us,isk
1994-03-21T11:23:37.270Z,19.378,145.171,200.3,4.3,mb,,,,0.8,us,usp00069zh,2014-11-07T00:55:10.312Z,"Maug Islands region, Northern Mariana Islands",earthquake,,12.8,,9,reviewed,us,us
1994-03-21T11:19:27.180Z,39.178,27.386,10,2.8,ml,,,,0.2,us,usp00069zg,2014-11-07T00:55:10.311Z,"10 km N of K?n?k, Turkey",earthquake,,,,,reviewed,us,isk
1994-03-21T10:31:48.690Z,34.155,-116.43,4.367,2.8,ml,0,55.2,,0.144,ci,ci3159530,2016-02-12T00:00:54.330Z,"4km N of Yucca Valley, California",earthquake,,11.471,,48,reviewed,ci,ci
1994-03-21T10:16:03.330Z,34.354,-118.871,1.912,2.51,ml,0,60.2,,0.301,ci,ci3159526,2016-02-12T17:36:24.183Z,"7km SE of Fillmore, California",earthquake,,0.287,,20,reviewed,ci,ci
1994-03-21T10:06:23.980Z,41.032,28.639,5,2.6,ml,,,,0.2,us,usp00069ze,2014-11-07T00:55:10.307Z,"Western Turkey",earthquake,,,,,reviewed,us,isk
1994-03-21T09:35:20.150Z,36.5805,-121.0438333,6.912,2.63,md,75,35,0.004505,0.12,nc,nc398327,2016-12-22T02:58:25.680Z,"30 km NE of Soledad, California",earthquake,0.13,0.28,0.13,93,reviewed,nc,nc
1994-03-21T09:20:51.340Z,34.152,-116.43,4.597,2.6,ml,0,58.1,,0.159,ci,ci3159518,2016-02-12T02:32:13.376Z,"4km N of Yucca Valley, California",earthquake,,17.728,,23,reviewed,ci,ci
1994-03-21T08:50:21.620Z,39.648,23.392,5,2.5,ml,,,,0.6,us,usp00069zc,2014-11-07T00:55:10.304Z,"33 km NE of Zagorá, Greece",earthquake,,,,,reviewed,us,the
1994-03-21T07:07:36.040Z,39.63,29.471,10,2.5,ml,,,,0.9,us,usp00069za,2014-11-07T00:55:10.302Z,"10 km NNW of Tav?anl?, Turkey",earthquake,,,,,reviewed,us,isk
1994-03-21T06:36:46.740Z,15.659,147.759,33,4.4,mb,,,,1,us,usp00069z8,2014-11-07T00:55:10.298Z,"220 km ENE of Saipan, Northern Mariana Islands",earthquake,,,,3,reviewed,us,us
1994-03-21T06:24:38.840Z,-20.182,-68.391,173.6,4.8,mb,,,,1.3,us,usp00069z7,2014-11-07T00:55:10.296Z,"152 km W of Colchani, Bolivia",earthquake,,20,,3,reviewed,us,us
1994-03-21T06:19:09.340Z,34.398,-116.462,0.1,2.93,ml,0,99.5,,0.134,ci,ci3159493,2016-02-11T18:40:59.015Z,"32km N of Yucca Valley, California",earthquake,,0.516,,51,reviewed,ci,ci
1994-03-21T06:13:33.800Z,11.592,95.027,33,4.7,mb,,,,0.9,us,usp00069z5,2014-11-07T00:55:10.291Z,"248 km E of Port Blair, India",earthquake,,,,13,reviewed,us,us
1994-03-21T05:18:08.810Z,35.5,27.629,74.4,4.1,mb,,,,1.1,us,usp00069z4,2014-11-07T00:55:10.286Z,"37 km E of Karpathos, Greece",earthquake,,7.3,,21,reviewed,us,us
1994-03-21T04:00:09.310Z,34.225,-118.507,12.591,2.51,ml,0,27.6,,0.318,ci,ci3159476,2016-02-13T06:12:55.945Z,"3km ESE of Northridge, California",earthquake,,0.218,,53,reviewed,ci,ci
1994-03-21T02:45:05.480Z,10.628,125.277,207.7,4.7,mb,,,,0.9,us,usp00069z2,2014-11-07T00:55:10.280Z,"11 km ENE of Hingatungan, Philippines",earthquake,,4.8,,8,reviewed,us,us
1994-03-21T02:43:32.550Z,11.988,143.487,10,4.6,mb,,,,1.4,us,usp00069z1,2014-11-07T00:55:10.278Z,"190 km SW of Merizo Village, Guam",earthquake,,,,6,reviewed,us,us
1994-03-21T02:30:55.040Z,55.9928,-153.4042,14.8,3.9,ml,,,,0.04,ak,ak9943ocd6g0,2020-09-14T20:24:27.897Z,"116 km SSE of Akhiok, Alaska",earthquake,,26.7,,,reviewed,ak,ak
1994-03-21T01:26:07.200Z,39.587,23.527,5,2.6,ml,,,,0.3,us,usp00069yy,2014-11-07T00:55:10.271Z,"39 km ENE of Zagorá, Greece",earthquake,,,,,reviewed,us,the
1994-03-21T01:21:23.040Z,40.466,29.167,5,2.5,ml,,,,0.6,us,usp00069yx,2014-11-07T00:55:10.270Z,"3 km N of Gemlik, Turkey",earthquake,,,,,reviewed,us,isk
1994-03-21T00:47:54.640Z,10.93,-62.291,80,3,md,,,,0.1,us,usp00069yv,2014-11-07T00:55:10.267Z,"39 km N of Güiria, Venezuela",earthquake,,,,,reviewed,us,trn
1994-03-21T00:15:41.340Z,36.9,78.083,33,3.8,mb,,,,0.2,us,usp00069yu,2014-11-07T00:55:10.266Z,"74 km SW of Zangguy, China",earthquake,,,,3,reviewed,us,us
1994-03-20T23:22:05.050Z,40.466,141.567,88.5,4.5,mb,,,,1,us,usp00069yt,2014-11-07T00:55:10.261Z,"6 km ESE of Hachinohe, Japan",earthquake,,4.2,,31,reviewed,us,us
1994-03-20T22:33:39.760Z,41.759,25.134,5,3,ml,,,,1.2,us,usp00069ys,2014-11-07T00:55:10.259Z,"18 km NNE of Banite, Bulgaria",earthquake,,,,,reviewed,us,the
1994-03-20T21:20:12.260Z,34.231,-118.475,12.442,5.24,ml,0,27,,0.332,ci,ci3159411,2022-04-28T17:48:27.677Z,"3km WNW of Panorama City, California",earthquake,,0.134,,40,reviewed,ci,ci
1994-03-20T20:44:08.680Z,-14.965,167.497,33,5.1,mb,,,,1.4,us,usp00069yq,2014-11-07T00:55:10.235Z,"46 km E of Port-Olry, Vanuatu",earthquake,,,,10,reviewed,us,us
1994-03-20T20:26:42.220Z,-33.95,-71.148,67.3,3.6,md,,,,0.2,us,usp00069yp,2014-11-07T00:55:10.233Z,"29 km SSE of Melipilla, Chile",earthquake,,33.8,,,reviewed,us,san
1994-03-20T20:23:43.020Z,34.362,-118.639,10.3,2.51,ml,0,24,,0.254,ci,ci3159400,2016-02-12T09:48:09.512Z,"12km SSW of Valencia, California",earthquake,,0.182,,21,reviewed,ci,ci
1994-03-20T17:36:54.630Z,39.976,23.364,5,2.5,ml,,,,0.6,us,usp00069ym,2014-11-07T00:55:10.230Z,"9 km SSW of Kassándreia, Greece",earthquake,,,,,reviewed,us,the
1994-03-20T16:47:22.650Z,39.813,20.646,10,3.4,md,,,,1,us,usp00069yk,2014-11-07T00:55:10.227Z,"7 km W of Asprángeloi, Greece",earthquake,,,,,reviewed,us,ath
1994-03-20T14:50:25.400Z,15.594,147.825,26,4.6,mb,,,,1,us,usp00069yj,2014-11-07T00:55:10.223Z,"226 km E of Saipan, Northern Mariana Islands",earthquake,,,,7,reviewed,us,us
1994-03-20T13:39:00.600Z,51.381,15.821,10,3.3,ml,,,,0.6,us,usp00069yh,2014-11-07T00:55:10.221Z,"4 km ENE of Gromadka, Poland",earthquake,,,,,reviewed,us,vie
1994-03-20T13:35:19.360Z,58.602,-144.358,10,2.5,ml,,,,0.6,us,usp00069yg,2020-09-14T20:24:28.589Z,"230 km SSE of Cordova, Alaska",earthquake,,,,,reviewed,us,aei
1994-03-20T12:59:06.510Z,39.646,29.547,10,2.6,ml,,,,1,us,usp00069ye,2014-11-07T00:55:10.216Z,"12 km NNE of Tav?anl?, Turkey",earthquake,,,,,reviewed,us,isk
1994-03-20T11:57:55.840Z,39.608,29.533,10,2.6,ml,,,,1.3,us,usp00069yd,2014-11-07T00:55:10.215Z,"7 km NNE of Tav?anl?, Turkey",earthquake,,,,,reviewed,us,isk
1994-03-20T11:40:25.440Z,11.614,-86.678,170,4.3,mb,,,,1,us,usp00069yb,2014-11-07T00:55:10.211Z,"26 km SW of Masachapa, Nicaragua",earthquake,,22.5,,8,reviewed,us,us
1994-03-20T11:35:02.280Z,39.122,27.477,5,2.7,ml,,,,0.5,us,usp00069ya,2014-11-07T00:55:10.210Z,"8 km ENE of K?n?k, Turkey",earthquake,,,,,reviewed,us,isk
1994-03-20T10:07:15.760Z,46.782,-0.272,10,2.5,ml,,,,0.7,us,usp00069y8,2014-11-07T00:55:10.206Z,"6 km ESE of Chiché, France",earthquake,,,,,reviewed,us,ldg
1994-03-20T09:36:18.680Z,39.14,27.523,5,2.7,ml,,,,0.3,us,usp00069y7,2014-11-07T00:55:10.205Z,"9 km SW of Soma, Turkey",earthquake,,,,,reviewed,us,isk
1994-03-20T08:26:18.090Z,39.166,27.475,5,2.8,ml,,,,0.8,us,usp00069y6,2014-11-07T00:55:10.204Z,"11 km NE of K?n?k, Turkey",earthquake,,,,,reviewed,us,isk
1994-03-20T07:58:41.880Z,51.171,178.431,33,3.9,mb,,,,1,us,usp00069y3,2020-09-14T20:24:29.950Z,"Rat Islands, Aleutian Islands, Alaska",earthquake,,,,6,reviewed,us,us
1994-03-20T06:48:31.310Z,34.349,-118.7,12.523,2.98,ml,0,27.4,,0.248,ci,ci3159301,2016-02-12T07:22:03.991Z,"9km NNE of Simi Valley, California",earthquake,,0.131,,58,reviewed,ci,ci
1994-03-20T06:15:40.600Z,35.309,-84.755,23.7,2.5,md,,158,0.20684,0.4,se,se61378,2022-06-28T14:47:04.777Z,"1 km NNW of Calhoun, Tennessee",earthquake,,0.6,,,reviewed,se,se
1994-03-20T04:45:04.680Z,60.0177,-153.1055,118,2.7,ml,,,,0.25,ak,ak9943mq3t0k,2020-09-14T20:24:30.192Z,"61 km ENE of Pedro Bay, Alaska",earthquake,,1.5,,,reviewed,ak,ak
1994-03-20T04:26:31.260Z,17.471,-61.972,10,2.8,md,,,,0.2,us,usp00069xz,2014-11-07T00:55:10.184Z,"23 km SW of Codrington, Antigua and Barbuda",earthquake,,,,,reviewed,us,trn
1994-03-20T02:12:35.120Z,0.462,30.17,19.4,4.9,mb,,,,0.8,us,usp00069xx,2014-11-07T00:55:10.177Z,"24 km SSW of Fort Portal, Uganda",earthquake,,,,41,reviewed,us,us
1994-03-20T01:20:26.700Z,-23.301,-177.488,212.6,5.4,mw,,,,1.1,us,usp00069xu,2025-12-19T22:47:36.968Z,"south of the Fiji Islands",earthquake,,,,,reviewed,us,hrv
1994-03-20T00:29:22.520Z,63.1452,-149.1622,80.4,2.6,ml,,,,0.17,ak,ak9943mnmoik,2020-09-14T20:24:31.051Z,"29 km SSW of Cantwell, Alaska",earthquake,,1.3,,,reviewed,ak,ak
1994-03-19T23:48:20.340Z,38.819,-122.8165,1.393,2.63,md,7,83,0.02072,0.03,nc,nc398375,2016-12-22T02:53:52.005Z,"8 km W of Cobb, California",earthquake,0.5,0.73,0.43,4,reviewed,nc,nc
1994-03-19T23:47:50.520Z,38.821,-122.8133333,2.523,3.01,md,28,48,0.01982,0.12,nc,nc398373,2016-12-22T02:53:41.800Z,"7 km W of Cobb, California",earthquake,0.22,0.55,0.37,23,reviewed,nc,nc
1994-03-19T22:11:10.800Z,45.974,7.514,5,2.5,ml,,,,0.9,us,usp00069xr,2014-11-07T00:55:10.139Z,"13 km NNE of Bionaz, Italy",earthquake,,,,,reviewed,us,gen
1994-03-19T21:49:45.200Z,41.253,-126.6715,4.069,3.33,ma,7,330,2.179,1.61,nc,nc398162,2016-12-22T02:53:09.876Z,"213 km W of Big Lagoon, California",earthquake,30.26,31.61,0.24,7,reviewed,nc,nc
1994-03-19T21:35:44.500Z,-30.864,-71.918,33,4.2,md,,,,0.3,us,usp00069xq,2014-11-07T00:55:10.137Z,"74 km WSW of Ovalle, Chile",earthquake,,,,,reviewed,us,san
1994-03-19T21:15:56.160Z,38.279,22.37,30.3,3,ml,,,,1.1,us,usp00069xp,2014-11-07T00:55:10.135Z,"11 km S of Galaxídhion, Greece",earthquake,,8.4,,,reviewed,us,ath
1994-03-19T21:05:17.520Z,34.295,-118.511,9.799,2.55,ml,0,27.8,,0.329,ci,ci3159246,2016-02-13T01:14:02.831Z,"3km NNW of Granada Hills, California",earthquake,,0.301,,20,reviewed,ci,ci
1994-03-19T20:45:18.060Z,61.769,-149.5688,35.6,2.6,ml,,,,0.16,ak,ak9943lc3f8e,2020-09-14T20:24:32.101Z,"16 km N of Meadow Lakes, Alaska",earthquake,,1.2,,,reviewed,ak,ak
1994-03-19T20:04:46.960Z,62.2482,-150.2588,61.3,3.8,ml,,,,0.44,ak,ak9943lbup3s,2020-09-14T20:24:32.500Z,"7 km S of Trapper Creek, Alaska",earthquake,,1.1,,,reviewed,ak,ak
1994-03-19T19:57:23.670Z,63.1527,-151.4978,15.1,2.7,ml,,,,0.28,ak,ak9943lbkknj,2020-09-14T20:24:32.996Z,"44 km SSE of Denali National Park, Alaska",earthquake,,1.9,,,reviewed,ak,ak
1994-03-19T18:52:09.160Z,-5.45,102.51,43.8,4.6,mb,,,,1.7,us,usp00069xg,2014-11-07T00:55:10.113Z,"177 km SSW of Pagar Alam, Indonesia",earthquake,,,,4,reviewed,us,us
1994-03-19T18:29:41.500Z,37.498,28.972,10,3.4,ml,,,,0.6,us,usp00069xf,2014-11-07T00:55:10.112Z,"12 km SW of Tavas, Turkey",earthquake,,,,,reviewed,us,isk
1994-03-19T17:54:47.300Z,37.663,29.35,10,3.3,ml,,,,1.3,us,usp00069xe,2014-11-07T00:55:10.111Z,"11 km NE of Serinhisar, Turkey",earthquake,,,,,reviewed,us,isk
1994-03-19T17:51:01.560Z,40.255,25.3,10,2.8,ml,,,,0.6,us,usp00069xd,2014-11-07T00:55:10.110Z,"28 km SSW of Kamariótissa, Greece",earthquake,,,,,reviewed,us,the
1994-03-19T17:48:55.770Z,10.676,-62.543,70,3.8,mb,,,,1,us,usp00069xc,2014-11-07T00:55:10.107Z,"28 km WNW of Güiria, Venezuela",earthquake,,,,2,reviewed,us,us
1994-03-19T16:35:40.090Z,36.0145,-120.0141667,8.187,2.5,md,15,260,0.09009,0.09,nc,nc398146,2016-12-22T02:52:15.536Z,"4 km W of Kettleman City, California",earthquake,1.95,0.53,0.76,2,reviewed,nc,nc
1994-03-19T16:21:05.490Z,42.852,-111.04,5,2.8,ml,,,,0.8,us,usp00069xa,2014-11-07T00:55:10.104Z,"7 km NNW of Auburn, Wyoming",earthquake,,,,,reviewed,us,gs$
1994-03-19T16:08:37.900Z,40.218,25.252,12.7,3.4,ml,,,,0.8,us,usp00069x9,2014-11-07T00:55:10.102Z,"34 km SSW of Kamariótissa, Greece",earthquake,,3.5,,,reviewed,us,the
1994-03-19T16:07:42.510Z,42.82,-110.975,5,3.5,ml,,,,0.9,us,usp00069x8,2014-11-07T00:55:10.100Z,"3 km NE of Auburn, Wyoming",earthquake,,,,,reviewed,us,gs$
1994-03-19T15:04:17.260Z,-35.451,-71.351,120,3.7,md,,,,0.4,us,usp00069x7,2014-11-07T00:55:10.098Z,"15 km NE of San Clemente, Chile",earthquake,,,,,reviewed,us,san
1994-03-19T14:35:44.910Z,38.426,28.653,10,3,ml,,,,0.7,us,usp00069x6,2014-11-07T00:55:10.097Z,"13 km S of Kula, Turkey",earthquake,,,,,reviewed,us,isk
1994-03-19T14:31:39.920Z,37.841,-1.087,10,2.7,mblg,,,,0.9,us,usp00069x5,2014-11-07T00:55:10.095Z,"2 km NNW of Los Martínez, Spain",earthquake,,,,,reviewed,us,mdd
1994-03-19T13:14:10.980Z,39.567,-3.189,10,2.6,mblg,,,,0.8,us,usp00069x4,2014-11-07T00:55:10.094Z,"5 km SSE of Villa de Don Fadrique, Spain",earthquake,,,,,reviewed,us,mdd
1994-03-19T11:05:25.420Z,36.372,70.395,227,4.2,mb,,,,1,us,usp00069x3,2014-11-07T00:55:10.092Z,"53 km ESE of Farkh?r, Afghanistan",earthquake,,24.5,,7,reviewed,us,us
1994-03-19T11:04:49.410Z,-33.632,177.386,33,3.9,mb,,,,1,us,usp00069x2,2014-11-07T00:55:10.090Z,"north of New Zealand",earthquake,,,,2,reviewed,us,us
1994-03-19T10:54:27.870Z,8.281,58.542,10,4.8,mb,,,,1.3,us,usp00069x1,2014-11-07T00:55:10.087Z,"Carlsberg Ridge",earthquake,,,,20,reviewed,us,us
1994-03-19T10:43:34.130Z,8.344,58.588,10,5.3,mw,,,,1.3,us,usp00069x0,2025-12-19T22:47:36.271Z,"Carlsberg Ridge",earthquake,,,,,reviewed,us,hrv
1994-03-19T10:33:44.190Z,38.573,27.231,10,3,ml,,,,0.1,us,usp00069wz,2014-11-07T00:55:10.077Z,"14 km ESE of Menemen, Turkey",earthquake,,,,,reviewed,us,isk
1994-03-19T10:31:39.870Z,-6.09,123.489,638.4,4.7,mb,,,,1.1,us,usp00069wy,2014-11-07T00:55:10.075Z,"167 km SE of Katabu, Indonesia",earthquake,,32.5,,7,reviewed,us,us
1994-03-19T09:42:58.520Z,3.525,126.646,34.8,5.1,mb,,,,1.1,us,usp00069wx,2014-11-07T00:55:10.071Z,"245 km SSE of Sarangani, Philippines",earthquake,,,,16,reviewed,us,us
1994-03-19T09:35:05.170Z,-14.18,167.614,33,5.2,mb,,,,1.1,us,usp00069ww,2014-11-07T00:55:10.060Z,"34 km SSE of Sola, Vanuatu",earthquake,,,,36,reviewed,us,us
1994-03-19T09:05:40.150Z,-21.905,-179.436,593.6,5.2,mb,,,,1,us,usp00069wv,2014-11-07T00:55:10.050Z,"Fiji region",earthquake,,6.1,,43,reviewed,us,us
1994-03-19T08:00:54.660Z,39.165,29.395,10,2.6,ml,,,,1.3,us,usp00069ws,2014-11-07T00:55:10.046Z,"18 km N of Gediz, Turkey",earthquake,,,,,reviewed,us,isk
1994-03-19T07:23:05.340Z,53.674,159.105,33,3.8,mb,,,,1,us,usp00069wr,2014-11-07T00:55:10.044Z,"72 km NE of Yelizovo, Russia",earthquake,,,,5,reviewed,us,us
1994-03-19T05:57:04.680Z,28.727,52.588,33,4.4,mb,,,,0.9,us,usp00069wp,2014-11-07T00:55:10.036Z,"13 km S of F?r?z?b?d, Iran",earthquake,,,,16,reviewed,us,us
1994-03-19T04:54:00.340Z,28.633,53.129,33,4.4,mb,,,,1.6,us,usp00069wn,2014-11-07T00:55:10.031Z,"59 km ESE of F?r?z?b?d, Iran",earthquake,,,,17,reviewed,us,us
1994-03-19T04:51:39.650Z,39.786,23.405,10,3.1,ml,,,,1.6,us,usp00069wm,2014-11-07T00:55:10.029Z,"28 km SW of Pefkochóri, Greece",earthquake,,,,,reviewed,us,the
1994-03-19T04:38:13.730Z,-32.623,-70.451,100,3.9,md,,,,0.3,us,usp00069wk,2014-11-07T00:55:10.027Z,"27 km NNE of Los Andes, Chile",earthquake,,,,,reviewed,us,san
1994-03-19T03:29:29.720Z,59.9872,-151.3055,43.6,2.6,ml,,,,0.19,ak,ak9943l1vne4,2020-09-14T20:24:35.481Z,"21 km ESE of Ninilchik, Alaska",earthquake,,1.3,,,reviewed,ak,ak
1994-03-19T03:17:34.550Z,39.727,23.416,16.1,3.8,md,,,,1.2,us,usp00069wf,2014-11-07T00:55:10.015Z,"33 km SSW of Pefkochóri, Greece",earthquake,,4.4,,,reviewed,us,ath
1994-03-19T03:04:14.180Z,-3.85,141.248,111.7,5,mb,,,,1.2,us,usp00069we,2014-11-07T00:55:10.012Z,"129 km S of Vanimo, Papua New Guinea",earthquake,,8.5,,11,reviewed,us,us
1994-03-19T02:53:55.760Z,42.874,0.204,5,2.7,ml,,,,1.1,us,usp00069wd,2014-11-07T00:55:10.009Z,"11 km WNW of Saint-Lary-Soulan, France",earthquake,,,,,reviewed,us,ldg
1994-03-19T02:46:56.930Z,36.763,35.984,10,3.5,ml,,,,0.8,us,usp00069wc,2014-11-07T00:55:10.006Z,"23 km WSW of Dörtyol, Turkey",earthquake,,,,,reviewed,us,bhl
1994-03-19T02:24:26.030Z,44.463,-110.581,7.18,2.64,md,7,190,0.1491,0.14,uu,uu50091700,2018-08-28T05:09:18.770Z,"47 km ESE of West Yellowstone, Montana",earthquake,0.77,1.54,,3,reviewed,uu,uu
1994-03-19T02:12:55.610Z,44.431,7.217,9,2.7,ml,,,,0.3,us,usp00069w8,2014-11-07T00:55:09.998Z,"2 km N of Campomolino, Italy",earthquake,,4,,,reviewed,us,gen
1994-03-19T02:07:55.740Z,42.698,13.357,10,3.5,ml,,,,1.4,us,usp00069w7,2014-11-07T00:55:09.992Z,"8 km E of Accumoli, Italy",earthquake,,,,,reviewed,us,vie
1994-03-19T01:24:44.130Z,51.5,159.29,33,5.5,mw,,,,1,us,usp00069w5,2022-04-28T17:48:26.216Z,"170 km SSE of Vilyuchinsk, Russia",earthquake,,,,,reviewed,us,hrv
1994-03-19T01:21:23.590Z,58.7752,-151.562,45,3.6,ml,,,,0.2,ak,ak9943l0n1zb,2020-09-14T20:24:35.908Z,"65 km SSE of Port Graham, Alaska",earthquake,,4,,,reviewed,ak,ak
1994-03-18T23:45:53.710Z,38.587,27.261,10,3.1,ml,,,,0.4,us,usp00069w3,2014-11-07T00:55:09.954Z,"14 km W of Manisa, Turkey",earthquake,,,,,reviewed,us,isk
1994-03-18T22:51:43.150Z,43.4,-103.5,5,2.8,mblg,,,,,us,usp00069w2,2014-11-07T00:55:09.953Z,"4 km SSW of Hot Springs, South Dakota",earthquake,,,,,reviewed,mac,gs$
1994-03-18T21:39:21.850Z,40.185,25.271,5,3.1,ml,,,,1.1,us,usp00069w1,2014-11-07T00:55:09.951Z,"36 km SSW of Kamariótissa, Greece",earthquake,,,,,reviewed,us,the
1994-03-18T21:00:54.660Z,-24.168,-177.085,100,4.9,mb,,,,1.6,us,usp00069vz,2014-11-07T00:55:09.946Z,"south of the Fiji Islands",earthquake,,35.6,,7,reviewed,us,us
1994-03-18T20:27:35.270Z,-14.448,-173.999,33,4.5,mb,,,,1.6,us,usp00069vy,2014-11-07T00:55:09.943Z,"168 km N of Hihifo, Tonga",earthquake,,,,5,reviewed,us,us
1994-03-18T20:20:35.980Z,-33.14,-70.29,10,3.5,md,,,,0.2,us,usp00069vx,2014-11-07T00:55:09.942Z,"37 km ENE of Chicureo Abajo, Chile",earthquake,,,,,reviewed,us,san
1994-03-18T19:05:18.510Z,-6.133,151.571,33,4.4,mb,,,,0.9,us,usp00069vw,2014-11-07T00:55:09.940Z,"171 km ESE of Kimbe, Papua New Guinea",earthquake,,,,4,reviewed,us,us
1994-03-18T19:02:06.600Z,-17.677,-13.002,10,4.7,mb,,,,1,us,usp00069vv,2014-11-07T00:55:09.938Z,"southern Mid-Atlantic Ridge",earthquake,,,,7,reviewed,us,us
1994-03-18T18:43:29.730Z,28.408,138.777,530.4,4.5,mb,,,,0.9,us,usp00069vu,2014-11-07T00:55:09.934Z,"Bonin Islands, Japan region",earthquake,,11.8,,25,reviewed,us,us
1994-03-18T18:17:37.140Z,38.013,-0.534,10,3,mblg,,,,0.7,us,usp00069vs,2014-11-07T00:55:09.929Z,"13 km ENE of Torrevieja, Spain",earthquake,,,,,reviewed,us,mdd
1994-03-18T17:58:17.740Z,34.244,-118.458,11.098,2.56,ml,0,41.6,,0.27,ci,ci3159080,2016-02-12T07:21:51.650Z,"3km NNW of Panorama City, California",earthquake,,0.337,,47,reviewed,ci,ci
1994-03-18T17:27:55.360Z,51.631,159.203,35.3,4.5,mb,,,,1.4,us,usp00069vq,2014-11-07T00:55:09.920Z,"154 km SSE of Vilyuchinsk, Russia",earthquake,,,,31,reviewed,us,us
1994-03-18T17:16:28.930Z,-33.189,-70.799,73,3.4,md,,,,0.3,us,usp00069vp,2014-11-07T00:55:09.918Z,"12 km NNE of Lampa, Chile",earthquake,,28.8,,,reviewed,us,san
1994-03-18T15:18:13.980Z,40.824,28.072,5,2.7,ml,,,,0.6,us,usp00069vk,2014-11-07T00:55:09.911Z,"18 km SSE of Marmara Ere?lisi, Turkey",earthquake,,,,,reviewed,us,isk
1994-03-18T14:37:35.610Z,28.807,128.182,22.9,4.9,mb,,,,1.3,us,usp00069vj,2014-11-07T00:55:09.896Z,"136 km WNW of Naze, Japan",earthquake,,,,23,reviewed,us,us
1994-03-18T11:59:59.100Z,-7.706,123.717,272.5,4.3,mb,,,,0.9,us,usp00069vf,2014-11-07T00:55:09.892Z,"180 km NNW of Pante Makasar, Timor Leste",earthquake,,16.5,,3,reviewed,us,us
1994-03-18T10:40:58.150Z,-6.047,150.723,81.3,4,mb,,,,1,us,usp00069v8,2014-11-07T00:55:09.879Z,"84 km SE of Kimbe, Papua New Guinea",earthquake,,15.1,,4,reviewed,us,us
1994-03-18T10:12:04.130Z,1.159,132.217,33,4.9,mb,,,,1.4,us,usp00069v7,2014-11-07T00:55:09.876Z,"237 km SSE of Tobi Village, Palau",earthquake,,,,8,reviewed,us,us
1994-03-18T09:42:51.180Z,39.611,29.444,10,2.7,ml,,,,0.8,us,usp00069v6,2014-11-07T00:55:09.875Z,"8 km NNW of Tav?anl?, Turkey",earthquake,,,,,reviewed,us,isk
1994-03-18T08:47:07.850Z,37.029,29.157,10,3.4,ml,,,,0.4,us,usp00069v4,2014-11-07T00:55:09.873Z,"33 km WSW of Gölhisar, Turkey",earthquake,,,,,reviewed,us,isk
1994-03-18T08:41:39.880Z,-4.254,140.823,33,4.8,mb,,,,1.3,us,usp00069v3,2014-11-07T00:55:09.870Z,"181 km SSW of Vanimo, Papua New Guinea",earthquake,,,,3,reviewed,us,us
1994-03-18T08:37:31.730Z,39.062,27.443,33,2.8,ml,,,,0.3,us,usp00069v2,2014-11-07T00:55:09.869Z,"5 km ESE of K?n?k, Turkey",earthquake,,,,,reviewed,us,isk
1994-03-18T08:36:33.070Z,-33.831,-70.717,80.9,3.3,md,,,,0.2,us,usp00069v1,2014-11-07T00:55:09.867Z,"3 km SE of Paine, Chile",earthquake,,33.6,,,reviewed,us,san
1994-03-18T08:36:11.560Z,39.153,27.344,10,2.8,ml,,,,0.3,us,usp00069v0,2014-11-07T00:55:09.866Z,"8 km NNW of K?n?k, Turkey",earthquake,,,,,reviewed,us,isk
1994-03-18T07:12:42.190Z,51.796,-29.794,10,4.3,mb,,,,1.3,us,usp00069uz,2014-11-07T00:55:09.864Z,"northern Mid-Atlantic Ridge",earthquake,,,,10,reviewed,us,us
1994-03-18T06:09:45.530Z,-9.532,155.185,33,4.6,mb,,,,1,us,usp00069uy,2014-11-07T00:55:09.862Z,"241 km SW of Gizo, Solomon Islands",earthquake,,,,9,reviewed,us,us
1994-03-18T05:55:59.590Z,42.545,143.4,102.1,4.5,mb,,,,0.9,us,usp00069ux,2014-11-07T00:55:09.858Z,"44 km SSE of Obihiro, Japan",earthquake,,4.5,,29,reviewed,us,us
1994-03-18T05:47:12.410Z,19.231,146.366,69.9,4.4,mb,,,,1.2,us,usp00069uw,2014-11-07T00:55:09.855Z,"Mariana Islands region",earthquake,,15.1,,10,reviewed,us,us
1994-03-18T05:41:25.150Z,52.241,159.161,44.5,4.8,mb,,,,1,us,usp00069uv,2014-11-07T00:55:09.849Z,"92 km SSE of Vilyuchinsk, Russia",earthquake,,,,41,reviewed,us,us
1994-03-18T05:10:29.610Z,58.5387,-151.1388,20,2.5,ml,,,,0.21,ak,ak9943jff3ht,2020-09-14T20:24:39.234Z,"98 km SSE of Port Graham, Alaska",earthquake,,12,,,reviewed,ak,ak
1994-03-18T04:49:54.120Z,-23.89,-66.86,204.3,3.8,mb,,,,1.3,us,usp00069ut,2014-11-07T00:55:09.844Z,"65 km WNW of San Antonio de los Cobres, Argentina",earthquake,,36.6,,2,reviewed,us,us
1994-03-18T04:34:50.400Z,40.453,30.556,5,2.6,ml,,,,0.8,us,usp00069us,2014-11-07T00:55:09.842Z,"8 km NE of Tarakl?, Turkey",earthquake,,,,,reviewed,us,isk
1994-03-18T03:52:19.940Z,62.5787,-150.5507,70.2,2.7,ml,,,,0.2,ak,ak9943jeh7m2,2020-09-14T20:24:39.640Z,"14 km NE of Petersville, Alaska",earthquake,,1.4,,,reviewed,ak,ak
1994-03-18T03:51:10.350Z,29.035,52.491,33,4.4,mb,,,,1.1,us,usp00069up,2014-11-07T00:55:09.829Z,"22 km NNW of F?r?z?b?d, Iran",earthquake,,,,29,reviewed,us,us
1994-03-18T02:20:18.750Z,24.788,-109.109,10,5.7,mw,,,,1.1,us,usp00069un,2022-04-28T17:48:24.571Z,"86 km SSW of El Huitusi, Mexico",earthquake,,,,,reviewed,us,hrv
1994-03-18T02:06:36.150Z,-47.977,165.251,10,4.2,mb,,,,0.9,us,usp00069um,2014-11-07T00:55:09.803Z,"276 km SW of Riverton, New Zealand",earthquake,,,,4,reviewed,us,us
1994-03-18T01:53:27.940Z,-56.098,-27.149,33,5.2,mb,,,,0.9,us,usp00069uk,2014-11-07T00:55:09.801Z,"South Sandwich Islands region",earthquake,,,,9,reviewed,us,us
1994-03-18T00:11:55.770Z,51.39,-178.537,33,5.3,mw,,,,1,us,usp00069uh,2022-04-28T17:48:22.775Z,"142 km WSW of Adak, Alaska",earthquake,,,,,reviewed,us,hrv
1994-03-17T23:37:00.620Z,-32.636,-71.553,19.3,3.7,md,,,,0.5,us,usp00069ug,2014-11-07T00:55:09.778Z,"35 km WNW of Hacienda La Calera, Chile",earthquake,,8,,,reviewed,us,san
1994-03-17T22:37:47.540Z,38.639,27.393,10,2.6,ml,,,,0.4,us,usp00069uf,2014-11-07T00:55:09.777Z,"4 km NW of Manisa, Turkey",earthquake,,,,,reviewed,us,isk
1994-03-17T22:28:01.720Z,11.005,-62.82,10,3.2,md,,,,0.9,us,usp00069ue,2014-11-07T00:55:09.776Z,"60 km NE of Carúpano, Venezuela",earthquake,,,,,reviewed,us,trn
1994-03-17T22:10:05.290Z,41.808,142.692,73,4.6,mb,,,,1.1,us,usp00069ud,2014-11-07T00:55:09.769Z,"64 km SSE of Shizunai-furukawach?, Japan",earthquake,,,,33,reviewed,us,us
1994-03-17T21:22:49.620Z,-23.114,-68.267,109.1,4.8,mb,,,,1.1,us,usp00069uc,2014-11-07T00:55:09.765Z,"23 km SSW of San Pedro de Atacama, Chile",earthquake,,,,15,reviewed,us,us
1994-03-17T20:35:24.700Z,40.56,28.911,5,2.6,ml,,,,0.3,us,usp00069ub,2014-11-07T00:55:09.763Z,"12 km SW of Kocadere, Turkey",earthquake,,,,,reviewed,us,isk
1994-03-17T20:32:34.610Z,56.9388,-155.1735,34.8,3.2,ml,,,,0.17,ak,ak9943i0xz7p,2020-09-14T20:24:41.006Z,"61 km W of Akhiok, Alaska",earthquake,,33.5,,,reviewed,ak,ak
1994-03-17T20:14:10.550Z,40.954,20.872,10,2.9,ml,,,,1.2,us,usp00069u9,2014-11-07T00:55:09.758Z,"16 km WSW of Grn?ari, North Macedonia",earthquake,,,,,reviewed,us,the
1994-03-17T19:55:06.430Z,19.7761667,-155.6816667,20.515,2.82,ml,41,108,,0.12,hv,hv1020115,2020-03-31T22:17:54.850Z,"21 km SSE of Waikoloa, Hawaii",earthquake,0.46,1.79,0.2,4,reviewed,hv,hv
1994-03-17T18:46:46.670Z,-44.961,166.096,10,3.9,ml,,,,0.1,us,usp00069u8,2014-11-07T00:55:09.757Z,"137 km WNW of Te Anau, New Zealand",earthquake,,,,,reviewed,us,wel
1994-03-17T18:33:55.070Z,-44.919,166.148,10,3.7,ml,,,,0.2,us,usp00069u7,2014-11-07T00:55:09.755Z,"135 km WNW of Te Anau, New Zealand",earthquake,,,,,reviewed,us,wel
1994-03-17T18:21:56.230Z,61.7362,-150.4195,51.5,4,ml,,,,0.23,ak,ak9943hzossn,2020-09-14T20:24:41.361Z,"20 km W of Willow, Alaska",earthquake,,1.3,,,reviewed,ak,ak
1994-03-17T18:01:24.790Z,34.396,-118.629,14.95,2.99,ml,0,24.4,,0.239,ci,ci3158934,2016-02-12T17:36:01.267Z,"8km SW of Valencia, California",earthquake,,0.094,,55,reviewed,ci,ci
1994-03-17T17:34:28.110Z,23.544,100.301,33,4,mb,,,,0.9,us,usp00069u3,2014-11-07T00:55:09.742Z,"124 km SW of Jianshui, China",earthquake,,,,2,reviewed,us,us
1994-03-17T17:27:32.420Z,-36.154,52.427,10,5.7,mw,,,,1.4,us,usp00069u2,2022-04-28T17:48:17.590Z,"Southwest Indian Ridge",earthquake,,,,,reviewed,us,hrv
1994-03-17T16:54:41.280Z,65.38,-134.446,10,3.7,ml,,,,,us,usp00069u0,2014-11-07T00:55:09.732Z,"230 km S of Fort McPherson, Canada",earthquake,,,,,reviewed,pgc,pgc
1994-03-17T16:21:54.220Z,52.536,-3.367,10,3.5,ml,,,,1.5,us,usp00069tz,2014-11-07T00:55:09.727Z,"5 km WNW of Newtown, United Kingdom",earthquake,,,,,reviewed,us,ldg
1994-03-17T15:36:38.070Z,39.177,28.15,10,3,ml,,,,1.1,us,usp00069ty,2014-11-07T00:55:09.726Z,"7 km SSW of S?nd?rg?, Turkey",earthquake,,,,,reviewed,us,isk
1994-03-17T14:45:50.600Z,-45.096,166.773,10,3.6,mb,,,,0.8,us,usp00069tx,2014-11-07T00:55:09.724Z,"82 km WNW of Te Anau, New Zealand",earthquake,,,,1,reviewed,us,us
1994-03-17T13:36:34.040Z,38.655,20.514,10,3.1,md,,,,1.3,us,usp00069tw,2014-11-07T00:55:09.723Z,"25 km SW of Lefkáda, Greece",earthquake,,,,,reviewed,us,ath
1994-03-17T13:18:20.700Z,37.324,-114.1821667,5.23,2.85,md,7,306,0.7497,0.32,uu,uu50091560,2018-08-28T05:09:14.280Z,"43 km W of Veyo, Utah",earthquake,6.55,2.13,,5,reviewed,uu,uu
1994-03-17T12:41:44.860Z,39.657,29.49,10,2.6,ml,,,,1,us,usp00069tu,2014-11-07T00:55:09.719Z,"12 km N of Tav?anl?, Turkey",earthquake,,,,,reviewed,us,isk
1994-03-17T11:28:03.010Z,24.054,122.367,38,5.6,mw,,,,0.9,us,usp00069ts,2022-04-28T17:48:10.914Z,"78 km E of Hualien City, Taiwan",earthquake,,,,,reviewed,us,hrv
1994-03-17T10:51:14.740Z,39.335,24.871,10,3,ml,,,,0.7,us,usp00069tr,2014-11-07T00:55:09.699Z,"54 km NNE of Skýros, Greece",earthquake,,,,,reviewed,us,the
1994-03-17T09:11:32.510Z,40.343,29.42,5,2.7,ml,,,,0.6,us,usp00069tq,2014-11-07T00:55:09.698Z,"5 km S of Sölöz, Turkey",earthquake,,,,,reviewed,us,isk
1994-03-17T09:00:10.410Z,39.137,27.371,10,2.8,ml,,,,0.5,us,usp00069tp,2014-11-07T00:55:09.696Z,"5 km N of K?n?k, Turkey",earthquake,,,,,reviewed,us,isk
1994-03-17T08:52:16.930Z,38.123,27.998,10,2.8,ml,,,,1,us,usp00069tn,2014-11-07T00:55:09.695Z,"1 km N of Konakl?, Turkey",earthquake,,,,,reviewed,us,isk
1994-03-17T08:39:18.130Z,61.1063,-151.02,48.8,2.7,ml,,,,0.15,ak,ak9943htu8p1,2020-09-14T20:24:42.574Z,"5 km SE of Beluga, Alaska",earthquake,,1.7,,,reviewed,ak,ak
1994-03-17T08:06:16.750Z,28.941,52.536,33,4.8,mb,,,,0.9,us,usp00069tk,2014-11-07T00:55:09.685Z,"11 km NNW of F?r?z?b?d, Iran",earthquake,,,,38,reviewed,us,us
1994-03-17T07:45:47.110Z,10.603,-70.258,33,3.6,mb,,,,1.5,us,usp00069tj,2014-11-07T00:55:09.682Z,"51 km NNW of Carora, Venezuela",earthquake,,,,1,reviewed,us,us
1994-03-17T06:07:10.490Z,34.396,-118.631,15.27,2.76,ml,0,24.3,,0.272,ci,ci3158847,2016-02-12T02:31:46.921Z,"8km SW of Valencia, California",earthquake,,0.063,,58,reviewed,ci,ci
1994-03-17T03:35:59.900Z,-11.534,118.256,33,4.8,mb,,,,1.3,us,usp00069te,2014-11-07T00:55:09.672Z,"south of Sumbawa, Indonesia",earthquake,,,,7,reviewed,us,us
1994-03-17T03:21:03.650Z,-23.994,-66.92,187.8,4.5,mb,,,,1,us,usp00069td,2014-11-07T00:55:09.670Z,"65 km WNW of San Antonio de los Cobres, Argentina",earthquake,,24.8,,5,reviewed,us,us
1994-03-17T02:32:37.010Z,-30.741,-176.734,33,5.3,ms,,,,1.1,us,usp00069t9,2014-11-07T00:55:09.663Z,"Kermadec Islands region",earthquake,,,,1,reviewed,us,us
1994-03-17T02:06:19.920Z,39.324,29.353,10,2.8,ml,,,,0.5,us,usp00069t8,2014-11-07T00:55:09.662Z,"8 km ESE of Emet, Turkey",earthquake,,,,,reviewed,us,isk
1994-03-17T01:12:22.030Z,22.383,121.019,33,4.4,mb,,,,1.1,us,usp00069t7,2014-11-07T00:55:09.658Z,"50 km NE of Hengchun, Taiwan",earthquake,,,,12,reviewed,us,us
1994-03-17T01:10:34.310Z,37.697,142.401,9.4,4,mb,,,,0.9,us,usp00069t6,2014-11-07T00:55:09.654Z,"125 km SE of Ishinomaki, Japan",earthquake,,3.8,,3,reviewed,us,us
1994-03-17T00:35:26.410Z,-33.298,-70.306,98.8,3.2,md,,,,0.4,us,usp00069t4,2014-11-07T00:55:09.651Z,"31 km NE of Villa Presidente Frei, Ñuñoa, Santiago, Chile, Chile",earthquake,,42.3,,,reviewed,us,san
1994-03-16T23:25:42.980Z,54.992,160.532,96.4,5.3,mw,,,,0.9,us,usp00069t3,2025-12-19T22:47:34.993Z,"88 km SE of Atlasovo, Russia",earthquake,,,,,reviewed,us,hrv
1994-03-16T22:55:46.900Z,-0.904,-79.678,119.5,4,md,,,,1.2,us,usp00069t2,2014-11-07T00:55:09.624Z,"16 km NNW of Velasco Ibarra, Ecuador",earthquake,,22.9,,,reviewed,us,qui
1994-03-16T22:23:53.080Z,34.557,-5.581,5,3.3,md,,,,0.9,us,usp00069t1,2014-11-07T00:55:09.621Z,"26 km S of Ouezzane, Morocco",earthquake,,,,,reviewed,us,rba
1994-03-16T20:50:41.720Z,36.207,143.824,33,4.4,mb,,,,0.6,us,usp00069t0,2014-11-07T00:55:09.620Z,"274 km E of Hasaki, Japan",earthquake,,,,5,reviewed,us,us
1994-03-16T20:32:28.180Z,6.769,124.661,10,4.7,mb,,,,0.8,us,usp00069sy,2014-11-07T00:55:09.617Z,"1 km ESE of Mamali, Philippines",earthquake,,,,5,reviewed,us,us
1994-03-16T19:47:07.900Z,19.0558333,-156.2681667,31.629,2.79,ml,33,296,,0.1,hv,hv1020070,2020-03-31T22:17:54.690Z,"52 km W of Hawaiian Ocean View, Hawaii",earthquake,1.16,2.1,0.09,4,reviewed,hv,hv
1994-03-16T19:45:32.410Z,39.107,23.299,24,3.6,ml,,,,1,us,usp00069sx,2014-11-07T00:55:09.614Z,"14 km SSE of Argalastí, Greece",earthquake,,5,,,reviewed,us,ath
1994-03-16T19:21:59.920Z,34.3,-118.42,5.808,2.66,ml,0,27.1,,0.294,ci,ci3158836,2016-02-12T15:00:46.752Z,"2km NE of Pacoima, California",earthquake,,1.052,,27,reviewed,ci,ci
1994-03-16T19:00:59.880Z,-30.544,-177.335,33,5.1,mb,,,,1.6,us,usp00069sv,2014-11-07T00:55:09.605Z,"Kermadec Islands, New Zealand",earthquake,,,,8,reviewed,us,us
1994-03-16T18:51:24.670Z,38.721,26.712,10,3.3,ml,,,,0.9,us,usp00069su,2014-11-07T00:55:09.604Z,"6 km NW of Foça, Turkey",earthquake,,,,,reviewed,us,isk
1994-03-16T18:25:47.960Z,35.582,25.383,10,3.7,md,,,,0.3,us,usp00069st,2014-11-07T00:55:09.603Z,"28 km NNE of Káto Goúves, Greece",earthquake,,,,,reviewed,us,ath
1994-03-16T17:53:14.840Z,36.03,-117.829,-0.347,2.54,mc,0,106.3,0.04985,0.196,ci,ci3158779,2016-02-12T09:47:43.326Z,"11km E of Coso Junction, California",earthquake,,0.765,,54,reviewed,ci,ci
1994-03-16T17:50:06.210Z,-33.846,-70.11,10,3.4,md,,,,0.3,us,usp00069ss,2014-11-07T00:55:09.601Z,"50 km ESE of Puente Alto, Chile",earthquake,,,,,reviewed,us,san
1994-03-16T17:09:18.950Z,-15.271,-75.087,68.9,3.7,mb,,,,0.8,us,usp00069sr,2014-11-07T00:55:09.600Z,"6 km SSE of Minas de Marcona, Peru",earthquake,,15,,1,reviewed,us,us
1994-03-16T16:19:13.080Z,40.299,29.794,10,2.8,ml,,,,0.4,us,usp00069sq,2014-11-07T00:55:09.598Z,"12 km ENE of Yeni?ehir, Turkey",earthquake,,,,,reviewed,us,isk
1994-03-16T16:11:32.570Z,39.67,29.481,10,2.6,ml,,,,1.5,us,usp00069sp,2014-11-07T00:55:09.597Z,"14 km N of Tav?anl?, Turkey",earthquake,,,,,reviewed,us,isk
1994-03-16T15:22:50.090Z,62.1683,-153.278,5.3,2.7,ml,,,,0.2,ak,ak9943gadcq9,2020-09-14T20:24:44.780Z,"100 km W of Skwentna, Alaska",earthquake,,3.6,,,reviewed,ak,ak
1994-03-16T14:23:33.440Z,41.245,28.962,10,2.6,ml,,,,0.3,us,usp00069sk,2014-11-07T00:55:09.590Z,"3 km WNW of Ar?köy, Turkey",earthquake,,,,,reviewed,us,isk
1994-03-16T14:13:59.230Z,38.788,26.638,10,3.1,ml,,,,0.5,us,usp00069sj,2014-11-07T00:55:09.589Z,"16 km NW of Foça, Turkey",earthquake,,,,,reviewed,us,isk
1994-03-16T12:34:02.100Z,63.7762,-149.3075,123,3,ml,,,,0.16,ak,ak9943g8nisy,2020-09-14T20:24:45.550Z,"19 km WSW of Healy, Alaska",earthquake,,1.8,,,reviewed,ak,ak
1994-03-16T12:09:25.890Z,34.036,139.08,10,4.5,mb,,,,1.2,us,usp00069sf,2014-11-07T00:55:09.577Z,"72 km S of Shimoda, Japan",earthquake,,,,16,reviewed,us,us
1994-03-16T10:33:13.410Z,31.7701667,-115.9951667,5.468,2.85,ml,12,312,0.8767,0.35,ci,ci3158736,2016-04-01T19:42:05.268Z,"54km E of Maneadero, B.C., MX",earthquake,2.76,31.61,0.083,4,reviewed,ci,ci
1994-03-16T09:44:08.450Z,-51.865,161.178,33,4.2,mb,,,,1.2,us,usp00069sd,2014-11-07T00:55:09.572Z,"north of Macquarie Island",earthquake,,,,5,reviewed,us,us
1994-03-16T09:01:23.820Z,36.6,-2.883,5,3,mblg,,,,0.7,us,usp00069sc,2014-11-07T00:55:09.570Z,"20 km SSW of El Ejido, Spain",earthquake,,,,,reviewed,us,mdd
1994-03-16T08:54:23.930Z,-30.854,-177.343,43,5.1,mb,,,,1.5,us,usp00069sb,2014-11-07T00:55:09.566Z,"Kermadec Islands, New Zealand",earthquake,,,,9,reviewed,us,us
1994-03-16T08:38:36.430Z,-6.75,127.265,391.8,4.6,mb,,,,1.1,us,usp00069s9,2014-11-07T00:55:09.561Z,"198 km N of Lospalos, Timor Leste",earthquake,,6,,8,reviewed,us,us
1994-03-16T08:35:53.330Z,38.815,-122.8155,1.1,2.81,md,50,45,0.01802,0.05,nc,nc397808,2016-12-22T02:36:12.900Z,"8 km W of Cobb, California",earthquake,0.11,0.28,0.12,54,reviewed,nc,nc
1994-03-16T08:08:49.090Z,36.298,36.05,10,3.7,ml,,,,1,us,usp00069s8,2014-11-07T00:55:09.559Z,"9 km NW of Günyaz?, Turkey",earthquake,,,,,reviewed,us,bhl
1994-03-16T07:49:34.500Z,-22.39,-65.94,274.3,4.8,mb,,,,0.8,us,usp00069s7,2014-11-07T00:55:09.554Z,"44 km NW of Abra Pampa, Argentina",earthquake,,,,38,reviewed,us,us
1994-03-16T07:44:51.470Z,34.569,-5.601,10,3.4,md,,,,0.9,us,usp00069s6,2014-11-07T00:55:09.551Z,"25 km S of Ouezzane, Morocco",earthquake,,,,,reviewed,us,rba
1994-03-16T07:14:51.930Z,36.815,21.571,33,3.8,ml,,,,1.2,us,usp00069s5,2014-11-07T00:55:09.548Z,"11 km W of Methóni, Greece",earthquake,,,,,reviewed,us,the
1994-03-16T06:45:02.780Z,36.928,-6.044,10,2.8,mblg,,,,1.3,us,usp00069s4,2014-11-07T00:55:09.546Z,"2 km ENE of Lebrija, Spain",earthquake,,,,,reviewed,us,mdd
1994-03-16T06:15:57.630Z,-56.137,-27.376,85.8,5.3,mb,,,,0.9,us,usp00069s3,2014-11-07T00:55:09.540Z,"South Sandwich Islands region",earthquake,,,,17,reviewed,us,us
1994-03-16T05:16:54.760Z,34.493,-116.529,4.81,2.55,ml,0,83.1,,0.204,ci,ci3158701,2016-02-11T18:40:14.625Z,"39km NE of Big Bear City, California",earthquake,,,,20,reviewed,ci,ci
1994-03-16T04:41:50.640Z,39.745,143.825,20.3,4.4,mb,,,,0.8,us,usp00069s2,2014-11-07T00:55:09.537Z,"161 km E of Miyako, Japan",earthquake,,,,15,reviewed,us,us
1994-03-16T03:35:43.990Z,39.954,23.399,10,2.7,ml,,,,0.5,us,usp00069s1,2014-11-07T00:55:09.535Z,"10 km S of Kassándreia, Greece",earthquake,,,,,reviewed,us,the
1994-03-16T03:33:26.690Z,50.893,174.049,33,4.6,mb,,,,0.9,us,usp00069s0,2020-09-14T20:24:46.046Z,"225 km SSE of Attu Station, Alaska",earthquake,,,,27,reviewed,us,us
1994-03-16T03:06:04.400Z,-36.863,-96.566,10,4.8,mb,,,,1,us,usp00069rz,2014-11-07T00:55:09.506Z,"West Chile Rise",earthquake,,,,9,reviewed,us,us
1994-03-16T02:02:13.030Z,31.976,50.333,73.3,4.1,mb,,,,1.4,us,usp00069ry,2014-11-07T00:55:09.503Z,"37 km SW of F?rs?n, Iran",earthquake,,16.1,,7,reviewed,us,us
1994-03-16T01:22:42.680Z,60.201,-152.7657,90.2,3,ml,,,,0.26,ak,ak9943g219os,2020-09-14T20:24:46.926Z,"63 km WNW of Ninilchik, Alaska",earthquake,,1,,,reviewed,ak,ak
1994-03-16T00:55:25.810Z,42.715,-111.123,5,2.5,ml,,,,0.5,us,usp00069rw,2014-11-07T00:55:09.348Z,"11 km WNW of Fairview, Wyoming",earthquake,,,,,reviewed,us,gs$
1994-03-16T00:02:36.190Z,-7.149,108.542,33,5,mb,,,,1.2,us,usp00069rv,2014-11-07T00:55:09.288Z,"20 km SSE of Kuningan, Indonesia",earthquake,,,,15,reviewed,us,us
1994-03-15T23:10:22.950Z,5.178,94.152,33,4.6,mb,,,,1.2,us,usp00069ru,2014-11-07T00:55:09.280Z,"136 km WSW of Banda Aceh, Indonesia",earthquake,,,,6,reviewed,us,us
1994-03-15T22:51:36.720Z,19.8535,-155.1161667,39.788,2.83,ml,35,224,,0.11,hv,hv1019992,2020-03-31T22:17:54.390Z,"Island of Hawaii, Hawaii",earthquake,0.73,0.92,0.02,4,reviewed,hv,hv
1994-03-15T22:49:07.930Z,38.523,20.368,11.1,3.5,md,,,,1.1,us,usp00069rt,2014-11-07T00:55:09.257Z,"35 km WNW of Itháki, Greece",earthquake,,4.2,,,reviewed,us,ath
1994-03-15T22:41:03.760Z,38.651,20.377,10,4,mb,,,,1.5,us,usp00069rs,2014-11-07T00:55:09.237Z,"34 km SW of Lefkáda, Greece",earthquake,,,,4,reviewed,us,us
1994-03-15T22:09:00.310Z,40.3826667,-124.9563333,24.634,2.88,md,22,281,0.482,0.17,nc,nc397746,2016-12-22T02:32:11.377Z,"62 km WSW of Ferndale, California",earthquake,4.69,12.24,0.1,13,reviewed,nc,nc
1994-03-15T21:55:35.780Z,65.3903,-149.94,14.1,3.2,ml,,,,0.62,ak,ak9943eqlne2,2020-09-14T20:24:47.740Z,"16 km SE of Rampart, Alaska",earthquake,,0.7,,,reviewed,ak,ak
1994-03-15T21:46:15.780Z,36.8,54.78,33,4.4,mb,,,,0.5,us,usp00069rp,2014-11-07T00:55:09.230Z,"16 km E of Qarn?b?d, Iran",earthquake,,,,1,reviewed,us,us
1994-03-15T21:20:12.330Z,38.726,23.462,10,3,md,,,,0.4,us,usp00069rn,2014-11-07T00:55:09.228Z,"2 km WSW of Prokópi, Greece",earthquake,,,,,reviewed,us,ath
1994-03-15T21:10:15.250Z,40.764,27.971,10,2.9,ml,,,,0.7,us,usp00069rm,2014-11-07T00:55:09.227Z,"22 km S of Marmara Ere?lisi, Turkey",earthquake,,,,,reviewed,us,isk
1994-03-15T20:15:52.510Z,60.5093,-153.3002,163.6,3.1,ml,,,,0.21,ak,ak9943eprofn,2020-09-14T20:24:48.548Z,"65 km ENE of Port Alsworth, Alaska",earthquake,,2.7,,,reviewed,ak,ak
1994-03-15T19:07:50.240Z,43.418,5.445,5,2.6,ml,,,,0.4,us,usp00069rg,2014-11-07T00:55:09.219Z,"1 km SSE of Simiane-Collongue, France",earthquake,,,,,reviewed,us,str
1994-03-15T18:58:46.380Z,29.296,-114.121,5,3.8,mb,,,,0.8,us,usp00069rf,2014-11-07T00:55:09.217Z,"102 km NNW of San Luis, Mexico",earthquake,,,,1,reviewed,us,us
1994-03-15T17:51:16.970Z,51.546,159.3,22.4,5.5,mb,,,,0.9,us,usp00069re,2022-04-28T17:48:05.264Z,"165 km SSE of Vilyuchinsk, Russia",earthquake,,,,114,reviewed,us,us
1994-03-15T17:12:03.590Z,60.0603,-153.313,130.3,3.4,ml,,,,0.22,ak,ak9943enymp3,2020-09-14T20:24:48.974Z,"53 km NE of Pedro Bay, Alaska",earthquake,,1.3,,,reviewed,ak,ak
1994-03-15T16:05:37.130Z,10.85,142.807,33,4.2,mb,,,,0.9,us,usp00069rb,2014-11-07T00:55:09.186Z,"277 km ENE of Fais, Micronesia",earthquake,,,,2,reviewed,us,us
1994-03-15T14:40:25.680Z,-34.445,-70.612,110,3.5,md,,,,0.3,us,usp00069r9,2014-11-07T00:55:09.183Z,"23 km E of Rengo, Chile",earthquake,,,,,reviewed,us,san
1994-03-15T14:33:54.540Z,29.38,140.054,66.1,4.8,mb,,,,1.1,us,usp00069r8,2014-11-07T00:55:09.175Z,"Izu Islands, Japan region",earthquake,,12.4,,31,reviewed,us,us
1994-03-15T13:27:50.450Z,63.7883,-148.4828,104,3.6,ml,,,,0.12,ak,ak9943elo7mt,2020-09-14T20:24:49.487Z,"22 km ENE of McKinley Park, Alaska",earthquake,,2.3,,,reviewed,ak,ak
1994-03-15T13:23:43.290Z,37.6621667,-118.8811667,2.685,3.4,md,40,75,0.03964,0.08,nc,nc397702,2016-12-22T02:29:39.540Z,"8 km E of Mammoth Lakes, California",earthquake,0.24,0.42,0.09,86,reviewed,nc,nc
1994-03-15T11:41:39.410Z,37.6625,-118.8808333,2.545,3.23,md,38,75,0.03964,0.09,nc,nc397689,2016-12-22T02:28:26.190Z,"8 km E of Mammoth Lakes, California",earthquake,0.23,0.42,0.12,68,reviewed,nc,nc
1994-03-15T11:08:57.680Z,-5.626,104.189,104.5,4.6,mb,,,,1.2,us,usp00069r2,2014-11-07T00:55:09.149Z,"117 km SW of Kotabumi, Indonesia",earthquake,,21.3,,4,reviewed,us,us
1994-03-15T10:44:21.790Z,34.327,-118.473,3.491,3.02,ml,0,28.7,,0.303,ci,ci3158543,2016-02-11T21:26:14.049Z,"6km NNW of Pacoima, California",earthquake,,0.12,,42,reviewed,ci,ci
1994-03-15T10:15:01.000Z,38.241,30.727,10,3.6,ml,,,,0.5,us,usp00069r0,2014-11-07T00:55:09.145Z,"21 km NE of Senirkent, Turkey",earthquake,,,,,reviewed,us,isk
1994-03-15T09:45:11.040Z,37.4866667,-118.8376667,4.843,2.51,md,34,121,0.04234,0.03,nc,nc397894,2016-12-22T02:27:26.910Z,"13 km SW of Aspen Springs, California",earthquake,0.22,0.58,0.25,36,reviewed,nc,nc
1994-03-15T09:44:18.820Z,37.4873333,-118.8376667,4.735,2.74,md,38,119,0.04234,0.04,nc,nc397677,2016-12-22T02:27:15.340Z,"13 km SW of Aspen Springs, California",earthquake,0.24,0.46,0.18,47,reviewed,nc,nc
1994-03-15T08:16:04.140Z,58.6868,-151.6102,59.6,2.6,ml,,,,0.31,ak,ak9943eiml5q,2020-09-14T20:24:51.348Z,"75 km S of Port Graham, Alaska",earthquake,,3.3,,,reviewed,ak,ak
1994-03-15T08:06:23.850Z,43.931,8.658,10,2.8,ml,,,,0.6,us,usp00069qw,2014-11-07T00:55:09.135Z,"36 km SSE of Noli, Italy",earthquake,,,,,reviewed,us,gen
1994-03-15T06:47:59.770Z,72.269,0.73,10,4.2,mb,,,,1.7,us,usp00069qt,2014-11-07T00:55:09.129Z,"Norwegian Sea",earthquake,,,,4,reviewed,us,us
1994-03-15T05:52:09.320Z,-33.514,-71.117,64.6,3.6,md,,,,0.3,us,usp00069qs,2014-11-07T00:55:09.127Z,"21 km NNE of Melipilla, Chile",earthquake,,25.7,,,reviewed,us,san
1994-03-15T05:51:11.520Z,63.0855,-150.9098,123.9,2.8,ml,,,,0.22,ak,ak9943eh1sz4,2020-09-14T20:24:52.061Z,"65 km SE of Denali National Park, Alaska",earthquake,,1.9,,,reviewed,ak,ak
1994-03-15T05:15:16.730Z,38.7828333,-122.7528333,-0.149,3.12,md,20,47,0.02973,0.04,nc,nc397883,2016-12-22T02:25:56.862Z,"Northern California",earthquake,0.17,0.46,0.12,4,reviewed,nc,nc
1994-03-15T05:14:37.400Z,38.7918333,-122.776,2.041,3.49,md,50,32,0.02162,0.05,nc,nc397664,2016-12-22T02:25:51.320Z,"5 km SW of Cobb, California",earthquake,0.11,0.36,0.25,76,reviewed,nc,nc
1994-03-15T05:05:48.180Z,40.2,29.885,10,2.7,ml,,,,1.1,us,usp00069qn,2014-11-07T00:55:09.115Z,"10 km NW of Bilecik, Turkey",earthquake,,,,,reviewed,us,isk
1994-03-15T04:46:29.680Z,36.876,141.552,33,4.2,mb,,,,1.1,us,usp00069qm,2014-11-07T00:55:09.112Z,"62 km ESE of Iwaki, Japan",earthquake,,,,7,reviewed,us,us
1994-03-15T04:20:50.880Z,40.72,30.014,10,2.6,ml,,,,0.4,us,usp00069qk,2014-11-07T00:55:09.111Z,"2 km ESE of Kullar, Turkey",earthquake,,,,,reviewed,us,isk
1994-03-15T03:36:19.930Z,11.11,-88.083,14.5,6.4,mwb,,,,1,us,usp00069qj,2022-04-28T17:22:50.893Z,"181 km SSW of Corinto, Nicaragua",earthquake,,,,,reviewed,us,us
1994-03-15T03:18:32.510Z,19.2215,-156.348,31.889,2.91,ml,32,280,,0.13,hv,hv1019946,2020-03-31T22:17:54.060Z,"54 km SW of Captain Cook, Hawaii",earthquake,1.06,2.08,,6,reviewed,hv,hv
1994-03-15T02:16:29.070Z,45.068,15.06,10,2.9,md,,,,1,us,usp00069qh,2014-11-07T00:55:09.070Z,"9 km NW of Brinje, Croatia",earthquake,,,,,reviewed,us,lju
1994-03-15T01:13:41.800Z,34.273,-118.434,8.912,2.59,ml,0,32.2,,0.275,ci,ci3158492,2016-02-12T02:31:34.453Z,"1km SSE of San Fernando, California",earthquake,,0.516,,22,reviewed,ci,ci
1994-03-15T00:49:39.020Z,40.503,28.979,10,3,ml,,,,0.4,us,usp00069qg,2014-11-07T00:55:09.069Z,"10 km WNW of Küçükkumla, Turkey",earthquake,,,,,reviewed,us,isk
1994-03-14T23:19:55.890Z,43.499,12.621,10,3,md,,,,1.1,us,usp00069qf,2014-11-07T00:55:09.067Z,"3 km N of Cantiano, Italy",earthquake,,,,,reviewed,us,tri
1994-03-14T22:22:09.180Z,34.033,-117.251,14.413,3.03,ml,0,33.2,,0.176,ci,ci3158448,2016-02-12T12:19:46.759Z,"2km SSE of Loma Linda, California",earthquake,,0.186,,61,reviewed,ci,ci
1994-03-14T22:04:01.390Z,26.198,141.165,104.9,4.1,mb,,,,0.8,us,usp00069qd,2014-11-07T00:55:09.063Z,"Bonin Islands, Japan region",earthquake,,22.2,,3,reviewed,us,us
1994-03-14T21:54:18.420Z,37.79,-121.9386667,10.224,3.22,md,89,67,0.09279,0.08,nc,nc397636,2016-12-22T02:24:14.620Z,"3 km ENE of San Ramon, California",earthquake,0.11,0.24,0.11,143,reviewed,nc,nc
1994-03-14T20:55:27.660Z,63.2655,-151.029,11.6,2.5,ml,,,,0.15,ak,ak9943d2guny,2020-09-14T20:24:53.538Z,"46 km SE of Denali National Park, Alaska",earthquake,,0.7,,,reviewed,ak,ak
1994-03-14T20:51:24.960Z,15.994,-92.428,164.2,6.9,mwb,,,,1.2,us,usp00069qa,2022-04-28T17:48:03.639Z,"6 km ENE of Rizo de Oro, Mexico",earthquake,,,,,reviewed,us,us
1994-03-14T20:36:04.420Z,-30.518,-72.051,33,4.3,md,,,,0.3,us,usp00069q9,2014-11-07T00:55:08.985Z,"82 km W of Ovalle, Chile",earthquake,,,,,reviewed,us,san
1994-03-14T20:23:14.420Z,-44.891,166.406,10,4.3,ml,,,,1.5,us,usp00069q7,2014-11-07T00:55:08.981Z,"118 km WNW of Te Anau, New Zealand",earthquake,,,,,reviewed,us,wel
1994-03-14T19:40:59.930Z,19.414,38.541,10,4.7,mb,,,,1,us,usp00069q5,2014-11-07T00:55:08.975Z,"131 km ENE of Saw?kin, Sudan",earthquake,,,,18,reviewed,us,us
1994-03-14T19:29:13.730Z,40.445,28.907,10,2.7,ml,,,,0.8,us,usp00069q4,2014-11-07T00:55:08.974Z,"8 km NNE of Mudanya, Turkey",earthquake,,,,,reviewed,us,isk
1994-03-14T19:13:51.610Z,14.349,-92.606,33,4.8,mb,,,,1,us,usp00069q3,2014-11-07T00:55:08.964Z,"45 km SSW of Puerto Madero, Mexico",earthquake,,,,42,reviewed,us,us
1994-03-14T17:45:32.930Z,25.166,141.057,180,4.1,mb,,,,1.2,us,usp00069q2,2014-11-07T00:55:08.963Z,"Volcano Islands, Japan region",earthquake,,30,,4,reviewed,us,us
1994-03-14T17:33:20.950Z,40.395,28.876,10,3.5,ml,,,,0.6,us,usp00069q1,2014-11-07T00:55:08.961Z,"2 km NNW of Mudanya, Turkey",earthquake,,,,,reviewed,us,isk
1994-03-14T17:24:06.540Z,60.9455,-146.9918,29.3,3.3,ml,,,,0.45,ak,ak9943d0hv0u,2020-09-14T20:24:54.283Z,"19 km WNW of Tatitlek, Alaska",earthquake,,1.1,,,reviewed,ak,ak
1994-03-14T15:12:42.220Z,39.588,25.865,10,3.3,ml,,,,0.7,us,usp00069px,2014-11-07T00:55:08.950Z,"32 km SSW of Bozcaada, Turkey",earthquake,,,,,reviewed,us,isk
1994-03-14T14:52:43.380Z,63.1872,-148.4805,72.7,3,ml,,,,0.43,ak,ak9943cyvn3m,2020-09-14T20:24:54.747Z,"32 km SE of Cantwell, Alaska",earthquake,,1.3,,,reviewed,ak,ak
1994-03-14T14:47:32.820Z,-31.166,-69.036,94.1,4.3,md,,,,1.1,us,usp00069pv,2014-11-07T00:55:08.943Z,"41 km ENE of Calingasta, Argentina",earthquake,,25.1,,,reviewed,us,san
1994-03-14T14:42:21.540Z,-33.314,-70.427,92.2,3.4,md,,,,0.4,us,usp00069pu,2014-11-07T00:55:08.941Z,"21 km E of Chicureo Abajo, Chile",earthquake,,38.1,,,reviewed,us,san
1994-03-14T13:34:24.460Z,84.612,0.54,10,4.5,mb,,,,1,us,usp00069pt,2014-11-07T00:55:08.939Z,"north of Svalbard",earthquake,,,,13,reviewed,us,us
1994-03-14T11:39:37.310Z,1.757,129.283,32,4.9,mb,,,,1.2,us,usp00069ps,2014-11-07T00:55:08.935Z,"141 km E of Tobelo, Indonesia",earthquake,,,,14,reviewed,us,us
1994-03-14T11:25:26.860Z,19.3231667,-155.1145,8.256,2.64,ml,39,116,,0.07,hv,hv1019900,2020-03-31T22:17:53.750Z,"15 km S of Fern Forest, Hawaii",earthquake,0.32,0.38,0.2,2,reviewed,hv,hv
1994-03-14T10:50:05.690Z,59.8742,-153.3518,118.1,2.7,ml,,,,0.23,ak,ak9943cwhec9,2020-09-14T20:24:55.955Z,"43 km ENE of Pedro Bay, Alaska",earthquake,,1.6,,,reviewed,ak,ak
1994-03-14T09:04:37.360Z,-19.022,-68.747,118,5,mb,,,,0.8,us,usp00069pp,2014-11-07T00:55:08.919Z,"132 km SSW of Curahuara de Carangas, Bolivia",earthquake,,,,33,reviewed,us,us
1994-03-14T08:46:43.720Z,-33.685,-73.448,33,4.1,mb,,,,1,us,usp00069pn,2014-11-07T00:55:08.917Z,"171 km W of San Antonio, Chile",earthquake,,,,1,reviewed,us,us
1994-03-14T06:39:16.030Z,42.506,1.795,5,2.6,ml,,,,0.3,us,usp00069pm,2014-11-07T00:55:08.915Z,"6 km SE of Pas de la Casa, Andorra",earthquake,,,,,reviewed,us,ldg
1994-03-14T04:59:55.700Z,43.678,139.744,20.7,4.9,mb,,,,1,us,usp00069pj,2014-11-07T00:55:08.909Z,"98 km WNW of Yoichi, Japan",earthquake,,,,32,reviewed,us,us
1994-03-14T04:59:24.050Z,39.714,20.661,10,3,md,,,,1.2,us,usp00069ph,2014-11-07T00:55:08.906Z,"5 km W of Rodotópi, Greece",earthquake,,,,,reviewed,us,ath
1994-03-14T04:42:53.200Z,19.5166667,-155.2546667,23.743,3.16,ml,45,59,,0.13,hv,hv1019875,2020-03-31T22:17:53.060Z,"8 km NNW of Volcano, Hawaii",earthquake,0.44,0.72,0.02,4,reviewed,hv,hv
1994-03-14T04:30:15.750Z,-1.278,-23.569,10,7,mw,,,,1.4,us,usp00069pg,2022-04-28T17:47:57.451Z,"central Mid-Atlantic Ridge",earthquake,,,,,reviewed,us,hrv
1994-03-14T04:30:07.660Z,-1.083,-23.929,10,6,mb,,,,1.3,us,usp00069pf,2022-04-28T17:47:55.513Z,"central Mid-Atlantic Ridge",earthquake,,,,63,reviewed,us,us
1994-03-14T02:41:34.190Z,39.824,20.625,10,3.1,md,,,,1.2,us,usp00069pc,2014-11-07T00:55:08.834Z,"7 km S of Kalpáki, Greece",earthquake,,,,,reviewed,us,ath
1994-03-14T01:55:38.650Z,36.506,29.392,5,3.4,ml,,,,0.6,us,usp00069pb,2014-11-07T00:55:08.833Z,"23 km ESE of Ölüdeniz, Turkey",earthquake,,,,,reviewed,us,isk
1994-03-14T01:10:46.520Z,-35.445,-71.588,140,4.2,md,,,,1,us,usp00069p9,2014-11-07T00:55:08.829Z,"6 km ESE of Talca, Chile",earthquake,,,,,reviewed,us,san
1994-03-14T00:26:54.700Z,37.1271667,-121.527,7.387,3.12,md,94,71,0.01441,0.06,nc,nc397558,2016-12-22T02:20:01.360Z,"8 km ENE of San Martin, California",earthquake,0.12,0.31,0.11,123,reviewed,nc,nc
1994-03-13T22:03:28.480Z,38.658,27.447,10,3,ml,,,,0.2,us,usp00069p6,2014-11-07T00:55:08.822Z,"5 km NNE of Manisa, Turkey",earthquake,,,,,reviewed,us,isk
1994-03-13T21:12:15.670Z,38.771,27.172,10,3.3,ml,,,,0.7,us,usp00069p5,2014-11-07T00:55:08.820Z,"15 km SE of Yeni?akran, Turkey",earthquake,,,,,reviewed,us,isk
1994-03-13T20:44:23.200Z,50.923,92.169,33,5,mb,,,,1.1,us,usp00069p4,2022-04-28T17:47:53.985Z,"22 km NNE of Khandagayty, Russia",earthquake,,,,56,reviewed,us,us
1994-03-13T20:29:24.550Z,40.377,-124.9156667,9.024,2.71,md,20,259,0.4532,0.06,nc,nc397523,2016-12-22T02:19:12.467Z,"near the coast of Northern California",earthquake,1.84,1.83,0.06,13,reviewed,nc,nc
1994-03-13T19:27:34.650Z,1.631,129.241,32.9,4.6,mb,,,,0.9,us,usp00069p2,2014-11-07T00:55:08.807Z,"137 km E of Tobelo, Indonesia",earthquake,,,,9,reviewed,us,us
1994-03-13T19:10:50.590Z,40.0211667,-122.234,24.906,3.35,md,46,48,0.2054,0.26,nc,nc397514,2016-12-22T02:18:52.880Z,"7 km NW of Richfield, California",earthquake,0.36,0.63,0.08,55,reviewed,nc,nc
1994-03-13T18:46:45.850Z,2.197,126.864,114.4,4.7,mb,,,,1.4,us,usp00069p0,2014-11-07T00:55:08.802Z,"137 km WNW of Tobelo, Indonesia",earthquake,,26,,5,reviewed,us,us
1994-03-13T18:42:54.550Z,1.684,129.288,31.4,4.7,mb,,,,1,us,usp00069nz,2014-11-07T00:55:08.800Z,"142 km E of Tobelo, Indonesia",earthquake,,,,11,reviewed,us,us
1994-03-13T17:27:31.570Z,60.4755,-147.3228,12.3,2.5,ml,,,,0.23,ak,ak9943bcz7lx,2020-09-14T20:24:59.555Z,"55 km SW of Tatitlek, Alaska",earthquake,,1.4,,,reviewed,ak,ak
1994-03-13T17:26:56.420Z,35.751,140.948,33,4.7,mb,,,,1.3,us,usp00069nv,2014-11-07T00:55:08.788Z,"10 km E of Hasaki, Japan",earthquake,,,,16,reviewed,us,us
1994-03-13T16:59:03.740Z,40.3635,-124.9518333,8.894,4.7,mw,75,251,0.4829,0.1,nc,nc397633,2016-12-22T02:18:42.530Z,"62 km WSW of Ferndale, California",earthquake,0.79,1.81,,4,reviewed,nc,nc
1994-03-13T16:41:26.240Z,34.316,-118.45,4.747,2.96,ml,0,30.7,,0.295,ci,ci3158264,2016-02-12T07:21:14.390Z,"4km NNW of Pacoima, California",earthquake,,0.077,,55,reviewed,ci,ci
1994-03-13T16:39:59.210Z,-20.88,-70.392,33,5.1,mb,,,,1.3,us,usp00069nr,2014-11-07T00:55:08.765Z,"78 km SSW of Iquique, Chile",earthquake,,,,11,reviewed,us,us
1994-03-13T16:37:01.030Z,43.15,4.785,10,2.7,ml,,,,0.9,us,usp00069nq,2014-11-07T00:55:08.764Z,"26 km S of Port-Saint-Louis-du-Rhône, France",earthquake,,,,,reviewed,us,ldg
1994-03-13T16:28:56.220Z,46.201,16.529,10,2.9,ml,,,,0.9,us,usp00069np,2014-11-07T00:55:08.761Z,"7 km SSE of Jalžabet, Croatia",earthquake,,,,,reviewed,us,vie
1994-03-13T15:55:23.710Z,38.902,26.856,10,3.3,ml,,,,0.5,us,usp00069nn,2014-11-07T00:55:08.760Z,"7 km WSW of Çandarl?, Turkey",earthquake,,,,,reviewed,us,isk
1994-03-13T15:53:38.470Z,43.139,4.812,10,2.5,ml,,,,0.8,us,usp00069nm,2014-11-07T00:55:08.758Z,"27 km S of Port-Saint-Louis-du-Rhône, France",earthquake,,,,,reviewed,us,ldg
1994-03-13T15:49:35.180Z,47.56,-122.7568333,24.146,2.8,md,33,53,0.02418,0.18,uw,uw10330838,2016-07-24T00:11:02.980Z,"5 km NW of Gorst, Washington",earthquake,0.546,0.75,0.05,5,reviewed,uw,uw
1994-03-13T15:14:12.550Z,42.225,13.346,10,3.3,ml,,,,0.9,us,usp00069nj,2014-11-07T00:55:08.751Z,"7 km ENE of Corvaro, Italy",earthquake,,,,,reviewed,us,vie
1994-03-13T14:24:02.680Z,-33.225,-71.284,63.4,3.6,md,,,,0.4,us,usp00069nh,2014-11-07T00:55:08.749Z,"21 km SSE of Villa Alemana, Chile",earthquake,,31.8,,,reviewed,us,san
1994-03-13T13:32:37.330Z,-34.8,-70.755,120,3.5,md,,,,0.1,us,usp00069ng,2014-11-07T00:55:08.748Z,"28 km ESE of Chimbarongo, Chile",earthquake,,,,,reviewed,us,san
1994-03-13T13:13:03.980Z,39.296,28.337,10,2.8,ml,,,,0.7,us,usp00069nf,2014-11-07T00:55:08.746Z,"14 km ENE of S?nd?rg?, Turkey",earthquake,,,,,reviewed,us,isk
1994-03-13T13:07:31.900Z,-22.353,-179.55,593.3,4.5,mb,,,,1.2,us,usp00069ne,2014-11-07T00:55:08.742Z,"south of the Fiji Islands",earthquake,,7.1,,11,reviewed,us,us
1994-03-13T13:00:42.200Z,-30.607,-71.932,33,4.7,mb,,,,0.8,us,usp00069nd,2014-11-07T00:55:08.740Z,"70 km W of Ovalle, Chile",earthquake,,,,4,reviewed,us,us
1994-03-13T12:39:51.590Z,52.425,-169.301,33,4.6,mb,,,,0.9,us,usp00069nc,2020-09-14T20:25:00.701Z,"64 km SSW of Nikolski, Alaska",earthquake,,,,38,reviewed,us,us
1994-03-13T12:29:51.990Z,-32.127,-71.247,50,3.6,md,,,,0.3,us,usp00069na,2014-11-07T00:55:08.731Z,"36 km N of La Ligua, Chile",earthquake,,,,,reviewed,us,san
1994-03-13T11:58:38.750Z,37.874,27.263,10,3.2,ml,,,,0.5,us,usp00069n9,2014-11-07T00:55:08.730Z,"1 km NNE of Ku?adas?, Turkey",earthquake,,,,,reviewed,us,isk
1994-03-13T11:12:08.670Z,34.236,-118.606,18.558,2.66,ml,0,35.9,,0.274,ci,ci3158234,2016-02-12T07:21:12.230Z,"2km S of Chatsworth, California",earthquake,,0.152,,51,reviewed,ci,ci
1994-03-13T10:50:11.150Z,-7.666,111.429,97.2,5,mb,,,,1.3,us,usp00069n6,2014-11-07T00:55:08.720Z,"11 km WSW of Madiun, Indonesia",earthquake,,,,16,reviewed,us,us
1994-03-13T09:42:33.210Z,11.041,-62.237,120.5,3.9,mb,,,,1.3,us,usp00069n5,2014-11-07T00:55:08.717Z,"51 km N of Güiria, Venezuela",earthquake,,7.8,,4,reviewed,us,us
1994-03-13T09:29:13.860Z,52.86,160.528,33,4.4,mb,,,,1.6,us,usp00069n4,2014-11-07T00:55:08.716Z,"127 km E of Petropavlovsk-Kamchatsky, Russia",earthquake,,,,5,reviewed,us,us
1994-03-13T09:15:55.280Z,34.311,-118.44,5.477,2.58,ml,0,35.7,,0.27,ci,ci3158218,2016-02-12T17:35:28.895Z,"3km N of Pacoima, California",earthquake,,0.865,,27,reviewed,ci,ci
1994-03-13T07:31:14.680Z,59.747,-152.6253,101.8,2.7,ml,,,,0.17,ak,ak9943b71p4c,2020-09-14T20:25:02.743Z,"44 km W of Anchor Point, Alaska",earthquake,,1.7,,,reviewed,ak,ak
1994-03-13T06:50:29.990Z,59.9413,-140.685,7.3,2.8,ml,,,,0.18,ak,ak9943b6kdav,2020-09-14T20:25:03.197Z,"69 km NW of Yakutat, Alaska",earthquake,,0.7,,,reviewed,ak,ak
1994-03-13T06:39:40.530Z,44.905,-112.907,10,3.6,ml,,,,0.5,us,usp00069n0,2014-11-07T00:55:08.704Z,"38 km NW of Lima, Montana",earthquake,,,,,reviewed,us,but
1994-03-13T06:11:13.590Z,-34.039,-70.094,10,3.5,md,,,,0.3,us,usp00069mz,2014-11-07T00:55:08.703Z,"53 km ENE of Machalí, Chile",earthquake,,,,,reviewed,us,san
1994-03-13T04:56:35.090Z,11.352,-86.876,33,4.4,mb,,,,1.6,us,usp00069my,2014-11-07T00:55:08.700Z,"62 km SW of Masachapa, Nicaragua",earthquake,,,,5,reviewed,us,us
1994-03-13T03:54:28.130Z,-5.999,129.927,33,4.7,mb,,,,1.3,us,usp00069mx,2014-11-07T00:55:08.699Z,"Banda Sea",earthquake,,,,1,reviewed,us,us
1994-03-13T03:12:40.100Z,34.389,-116.46,3.44,2.77,ml,0,98.6,,0.137,ci,ci3158183,2016-02-13T08:46:43.296Z,"31km N of Yucca Valley, California",earthquake,,0.616,,46,reviewed,ci,ci
1994-03-13T03:11:28.270Z,51.343,-178.231,33,5.3,mb,,,,0.9,us,usp00069mv,2022-04-28T17:47:51.912Z,"125 km WSW of Adak, Alaska",earthquake,,,,118,reviewed,us,us
1994-03-13T02:26:21.360Z,-5.407,130.898,88.6,4.9,mb,,,,0.9,us,usp00069mt,2014-11-07T00:55:08.667Z,"206 km W of Tual, Indonesia",earthquake,,12,,10,reviewed,us,us
1994-03-13T01:52:11.700Z,18.406,146.039,33,4.3,mb,,,,1,us,usp00069ms,2014-11-07T00:55:08.665Z,"Pagan region, Northern Mariana Islands",earthquake,,,,7,reviewed,us,us
1994-03-13T01:29:48.830Z,-44.276,168.357,10,3.9,mb,,,,0.8,us,usp00069mr,2014-11-07T00:55:08.661Z,"78 km NW of Wanaka, New Zealand",earthquake,,,,1,reviewed,us,us
1994-03-13T00:17:27.790Z,45.508,-28.039,10,4.8,mb,,,,1.2,us,usp00069mq,2014-11-07T00:55:08.655Z,"northern Mid-Atlantic Ridge",earthquake,,,,33,reviewed,us,us
1994-03-12T23:46:00.200Z,16.747,-94.273,97.2,5.6,mw,,,,1.1,us,usp00069mp,2022-04-28T17:47:46.353Z,"30 km NNE of Santo Domingo Zanatepec, Mexico",earthquake,,,,,reviewed,us,hrv
1994-03-12T23:00:28.820Z,11.943,-86.893,33,5.6,mw,,,,1.4,us,usp00069mn,2022-04-28T17:47:41.177Z,"42 km W of Villa El Carmen, Nicaragua",earthquake,,,,,reviewed,us,hrv
1994-03-12T22:31:16.130Z,63.2082,-150.5925,127.1,2.5,ml,,,,0.12,ak,ak99439sfut9,2020-09-14T20:25:04.102Z,"67 km ESE of Denali National Park, Alaska",earthquake,,2.6,,,reviewed,ak,ak
1994-03-12T22:29:29.090Z,38.761,20.438,12.5,3.5,md,,,,1.4,us,usp00069mh,2014-11-07T00:55:08.608Z,"24 km WSW of Lefkáda, Greece",earthquake,,4.5,,,reviewed,us,ath
1994-03-12T21:45:57.320Z,-34.282,179.27,282.6,5.2,mw,,,,1.3,us,usp00069mf,2025-12-19T22:47:30.644Z,"south of the Kermadec Islands",earthquake,,5.4,,,reviewed,us,hrv
1994-03-12T21:45:43.530Z,34.228,-118.609,4.458,2.6,ml,0,36.3,,0.291,ci,ci3158136,2016-02-12T15:00:22.168Z,"3km N of Canoga Park, California",earthquake,,0.076,,49,reviewed,ci,ci
1994-03-12T21:23:39.410Z,-37.465,-73.305,33,4.6,mb,,,,1.2,us,usp00069md,2014-11-07T00:55:08.592Z,"3 km ENE of Curanilahue, Chile",earthquake,,,,5,reviewed,us,us
1994-03-12T20:23:05.170Z,19.3338333,-155.4353333,27.417,3.2,ml,46,52,,0.11,hv,hv1019775,2020-03-31T22:17:52.730Z,"15 km NNE of P?hala, Hawaii",earthquake,0.42,0.72,0.02,6,reviewed,hv,hv
1994-03-12T20:20:59.250Z,-13.289,166.788,33,4.4,mb,,,,1,us,usp00069mc,2014-11-07T00:55:08.588Z,"105 km NW of Sola, Vanuatu",earthquake,,,,3,reviewed,us,us
1994-03-12T18:43:16.360Z,36.696,141.43,33,4,mb,,,,1.3,us,usp00069mb,2014-11-07T00:55:08.586Z,"61 km E of Kitaibaraki, Japan",earthquake,,,,4,reviewed,us,us
1994-03-12T17:23:15.440Z,59.2318,-153.1863,87.5,2.6,ml,,,,0.26,ak,ak99439pez08,2020-09-14T20:25:04.858Z,"73 km WSW of Nanwalek, Alaska",earthquake,,1.9,,,reviewed,ak,ak
1994-03-12T16:18:41.380Z,6.132,125.195,16.3,4.4,mb,,,,0.9,us,usp00069m8,2014-11-07T00:55:08.577Z,"3 km NE of General Santos, Philippines",earthquake,,,,4,reviewed,us,us
1994-03-12T15:23:04.760Z,40.2985,-124.3715,13.126,2.51,md,14,232,0.07027,0.05,nc,nc397382,2016-12-22T02:14:26.497Z,"30 km SW of Scotia, California",earthquake,0.65,0.35,0.21,17,reviewed,nc,nc
1994-03-12T15:22:54.120Z,-13.333,167.159,240,4.7,mb,,,,1.3,us,usp00069m6,2014-11-07T00:55:08.570Z,"73 km NW of Sola, Vanuatu",earthquake,,26.1,,9,reviewed,us,us
1994-03-12T15:00:43.810Z,36.992,49.322,33,4.1,mb,,,,1,us,usp00069m5,2014-11-07T00:55:08.568Z,"25 km S of F?man, Iran",earthquake,,,,2,reviewed,us,us
1994-03-12T14:57:56.630Z,65.9758,-156.5243,29.3,2.9,ml,,,,0.17,ak,ak99439nu1pr,2020-09-14T20:25:05.270Z,"31 km N of Huslia, Alaska",earthquake,,17.9,,,reviewed,ak,ak
1994-03-12T14:37:40.350Z,36.637,-2.873,10,2.7,mblg,,,,0.8,us,usp00069m3,2014-11-07T00:55:08.565Z,"16 km SSW of El Ejido, Spain",earthquake,,,,,reviewed,us,mdd
1994-03-12T14:17:54.700Z,52.146,159.233,40.8,4.6,mb,,,,0.9,us,usp00069m2,2014-11-07T00:55:08.561Z,"103 km SSE of Vilyuchinsk, Russia",earthquake,,,,15,reviewed,us,us
1994-03-12T13:24:21.600Z,45.548,151.943,20.6,4.8,mb,,,,1.1,us,usp00069kz,2014-11-07T00:55:08.528Z,"Kuril Islands",earthquake,,,,31,reviewed,us,us
1994-03-12T13:10:58.490Z,51.572,-175.199,33,4.2,mb,,,,1.4,us,usp00069ky,2020-09-14T20:25:05.584Z,"97 km SW of Atka, Alaska",earthquake,,,,8,reviewed,us,us
1994-03-12T11:23:44.630Z,51.423,15.906,10,3.5,ml,,,,0.7,us,usp00069kx,2014-11-07T00:55:08.511Z,"0 km NNE of Chocianów, Poland",earthquake,,,,,reviewed,us,vie
1994-03-12T10:43:15.740Z,42.782,-77.876,1,3.6,mblg,,,,0.6,us,usp00069kw,2014-11-07T00:55:08.508Z,"0 km NW of Cuylerville, New York",rock burst,,,,,reviewed,us,gs/
1994-03-12T10:25:23.550Z,60.4192,-141.1013,-3,2.5,ml,,,,0.58,ak,ak99439l9dtv,2020-09-14T20:25:05.824Z,"123 km NW of Yakutat, Alaska",earthquake,,18.1,,,reviewed,ak,ak
1994-03-12T10:08:48.010Z,34.342,139.242,20.1,3.9,mb,,,,0.8,us,usp00069kv,2014-11-07T00:55:08.505Z,"46 km SE of Shimoda, Japan",earthquake,,,,3,reviewed,us,us
1994-03-12T09:53:02.670Z,37.796,21.864,10,3.4,md,,,,1.4,us,usp00069ku,2014-11-07T00:55:08.502Z,"15 km NE of Lálas, Greece",earthquake,,,,,reviewed,us,ath
1994-03-12T09:39:27.700Z,-20.344,-176.398,278,5,mb,,,,1,us,usp00069kt,2014-11-07T00:55:08.486Z,"152 km NW of Haveluloto, Tonga",earthquake,,13.9,,25,reviewed,us,us
1994-03-12T08:42:25.250Z,62.8432,-149.6563,80.2,3.3,ml,,,,0.26,ak,ak99439k65x9,2020-09-14T20:25:06.134Z,"49 km NNE of Chase, Alaska",earthquake,,1,,,reviewed,ak,ak
1994-03-12T08:39:33.010Z,-32.669,-70.108,110,3.8,md,,,,0.3,us,usp00069kr,2014-11-07T00:55:08.476Z,"49 km ENE of Los Andes, Chile",earthquake,,,,,reviewed,us,san
1994-03-12T08:25:48.050Z,-33.178,-70.21,117,3.9,md,,,,0.4,us,usp00069kp,2014-11-07T00:55:08.471Z,"42 km ENE of Chicureo Abajo, Chile",earthquake,,48.6,,,reviewed,us,san
1994-03-12T08:25:08.170Z,36.824,-2.973,5,2.8,mblg,,,,0.5,us,usp00069kn,2014-11-07T00:55:08.469Z,"3 km SW of Berja, Spain",earthquake,,,,,reviewed,us,mdd
1994-03-12T08:14:32.310Z,-32.559,-70.932,70,3.8,md,,,,0.3,us,usp00069km,2014-11-07T00:55:08.466Z,"28 km NW of San Felipe, Chile",earthquake,,,,,reviewed,us,san
1994-03-12T07:31:29.160Z,36.663,-3.003,10,2.8,mblg,,,,0.8,us,usp00069kk,2014-11-07T00:55:08.464Z,"9 km S of Adra, Spain",earthquake,,,,,reviewed,us,mdd
1994-03-12T06:16:46.760Z,52.195,-31.475,10,4.9,mb,,,,1,us,usp00069kh,2014-11-07T00:55:08.434Z,"northern Mid-Atlantic Ridge",earthquake,,,,75,reviewed,us,us
1994-03-12T03:32:43.230Z,41.198,19.974,10,3.8,mb,,,,1.3,us,usp00069kg,2014-11-07T00:55:08.424Z,"1 km S of Krrabë, Albania",earthquake,,,,5,reviewed,us,us
1994-03-12T03:09:28.530Z,14.082,-93.156,33,4.5,mb,,,,1.3,us,usp00069kf,2014-11-07T00:55:08.419Z,"near the coast of Chiapas, Mexico",earthquake,,,,14,reviewed,us,us
1994-03-12T02:43:24.150Z,63.9183,-148.9662,0,2.6,ml,,,,0.11,ak,ak99439glrxb,2020-09-14T20:25:06.629Z,"6 km N of Healy, Alaska",explosion,,12.5,,,reviewed,ak,ak
1994-03-12T02:25:59.390Z,34.16,-116.448,0.318,2.61,ml,0,57.9,,0.164,ci,ci2153372,2016-02-13T03:45:19.398Z,"5km NNW of Yucca Valley, California",earthquake,,0.635,,9,reviewed,ci,ci
1994-03-12T02:23:22.860Z,-14.612,171.139,658.2,4.6,mb,,,,0.9,us,usp00069ke,2014-11-07T00:55:08.415Z,"Vanuatu region",earthquake,,21.4,,8,reviewed,us,us
1994-03-12T02:16:45.890Z,13.719,-93.113,33,4.2,mb,,,,1.1,us,usp00069kd,2014-11-07T00:55:08.413Z,"131 km SW of Brisas Barra de Suchiate, Mexico",earthquake,,,,4,reviewed,us,us
1994-03-12T01:49:02.410Z,-14.503,171.085,612.3,5.4,mw,,,,1.1,us,usp00069kc,2025-12-19T22:47:28.685Z,"Vanuatu region",earthquake,,,,,reviewed,us,hrv
1994-03-12T01:07:55.580Z,48.089,155.051,33,4.7,mb,,,,1.1,us,usp00069kb,2014-11-07T00:55:08.376Z,"298 km SSW of Severo-Kuril’sk, Russia",earthquake,,,,11,reviewed,us,us
1994-03-12T01:04:15.320Z,59.6988,-152.896,89.5,2.5,ml,,,,0.24,ak,ak99439frypo,2020-09-14T20:25:07.042Z,"60 km W of Anchor Point, Alaska",earthquake,,1.3,,,reviewed,ak,ak
1994-03-12T00:39:21.020Z,37.232,-1.756,5,2.6,mblg,,,,0.7,us,usp00069k9,2014-11-07T00:55:08.370Z,"8 km NE of Garrucha, Spain",earthquake,,,,,reviewed,us,mdd
1994-03-12T00:35:33.710Z,37.367,-1.896,5,2.6,mblg,,,,1.2,us,usp00069k8,2014-11-07T00:55:08.369Z,"4 km ESE of Huércal-Overa, Spain",earthquake,,,,,reviewed,us,mdd
1994-03-12T00:01:51.450Z,8.541,122.584,33,4.5,mb,,,,1.4,us,usp00069k6,2014-11-07T00:55:08.364Z,"47 km N of Liloy, Philippines",earthquake,,,,4,reviewed,us,us
1994-03-11T23:41:01.570Z,59.1397,-137.8648,28.2,2.9,ml,,,,0.14,ak,ak994385k1yl,2020-09-14T20:25:07.484Z,"109 km WSW of Covenant Life, Alaska",earthquake,,17.3,,,reviewed,ak,ak
1994-03-11T21:42:37.590Z,37.345,-1.846,5,3.2,mblg,,,,0.7,us,usp00069k4,2014-11-07T00:55:08.360Z,"Spain",earthquake,,,,,reviewed,us,mdd
1994-03-11T21:06:21.990Z,41.2601667,-126.0563333,4.612,2.68,md,17,271,1.523,0.16,nc,nc397321,2016-12-22T02:11:48.427Z,"161 km W of Big Lagoon, California",earthquake,3.04,14.57,0.09,3,reviewed,nc,nc
1994-03-11T20:44:31.450Z,-26.071,-179.706,499.9,4,mb,,,,1.2,us,usp00069k3,2014-11-07T00:55:08.357Z,"south of the Fiji Islands",earthquake,,30,,4,reviewed,us,us
1994-03-11T20:41:25.310Z,37.959,29.496,10,3.4,ml,,,,0.2,us,usp00069k2,2014-11-07T00:55:08.356Z,"10 km WSW of Baklan, Turkey",earthquake,,,,,reviewed,us,isk
1994-03-11T19:59:33.680Z,-24.496,178.893,600,4.4,mb,,,,0.9,us,usp00069jz,2014-11-07T00:55:08.350Z,"south of the Fiji Islands",earthquake,,,,2,reviewed,us,us
1994-03-11T19:31:26.780Z,52.014,-131.431,18,3.5,mb,,,,,us,usp00069jw,2014-11-07T00:55:08.344Z,"266 km SSW of Prince Rupert, Canada",earthquake,,,,1,reviewed,pgc,us
1994-03-11T19:11:49.640Z,36.515,70.837,33,4.2,mb,,,,1.4,us,usp00069ju,2014-11-07T00:55:08.339Z,"38 km S of Jurm, Afghanistan",earthquake,,,,5,reviewed,us,us
1994-03-11T18:30:01.190Z,40.414,19.68,10,3.3,md,,,,1.2,us,usp00069jt,2014-11-07T00:55:08.337Z,"13 km SSE of Selenicë, Albania",earthquake,,,,,reviewed,us,ath
1994-03-11T18:21:18.220Z,46.802,7.263,10,2.8,ml,,,,0.8,us,usp00069js,2014-11-07T00:55:08.334Z,"0 km NNE of Alterswil, Switzerland",earthquake,,,,,reviewed,us,ldg
1994-03-11T18:06:14.800Z,-6.137,149.627,33,4.2,mb,,,,1.3,us,usp00069jr,2014-11-07T00:55:08.331Z,"11 km NE of Kandrian, Papua New Guinea",earthquake,,,,2,reviewed,us,us
1994-03-11T17:50:09.570Z,10.701,-130.142,23.2,4.8,mb,,,,1.1,us,usp00069jq,2014-11-07T00:55:08.326Z,"North Pacific Ocean",earthquake,,,,17,reviewed,us,us
1994-03-11T17:29:27.480Z,47.006,10.741,10,2.9,ml,,,,1.2,us,usp00069jp,2014-11-07T00:55:08.322Z,"7 km SE of Fendels, Austria",earthquake,,,,,reviewed,us,fur
1994-03-11T16:46:00.910Z,33.196,-115.571,6.658,3.44,ml,0,38.4,,0.343,ci,ci3157979,2016-02-13T06:11:49.373Z,"7km SW of Niland, California",earthquake,,1.089,,26,reviewed,ci,ci
1994-03-11T14:31:45.080Z,39.903,28.863,10,3,ml,,,,0.6,us,usp00069jk,2014-11-07T00:55:08.316Z,"7 km S of Kar?ncal?, Turkey",earthquake,,,,,reviewed,us,isk
1994-03-11T14:20:30.040Z,64.6045,-149.3792,24.7,3.5,ml,,,,0.32,ak,ak9943802poc,2020-09-14T20:25:08.512Z,"12 km W of Four Mile Road, Alaska",earthquake,,1,,,reviewed,ak,ak
1994-03-11T13:55:59.510Z,34.314,-118.551,1.57,3.05,ml,0,31.6,,0.273,ci,ci3157952,2016-02-12T15:00:15.585Z,"6km NW of Granada Hills, California",earthquake,,0.098,,50,reviewed,ci,ci
1994-03-11T13:52:17.550Z,-35.163,-71.155,100,4.1,md,,,,0.2,us,usp00069jf,2014-11-07T00:55:08.302Z,"12 km ESE of Molina, Chile",earthquake,,,,,reviewed,us,san
1994-03-11T13:22:20.580Z,47.981,155.046,33,4.7,mb,,,,1.3,us,usp00069je,2014-11-07T00:55:08.299Z,"east of the Kuril Islands",earthquake,,,,18,reviewed,us,us
1994-03-11T12:40:30.050Z,39.156,27.568,10,2.8,ml,,,,0.4,us,usp00069jd,2014-11-07T00:55:08.297Z,"4 km SW of Soma, Turkey",earthquake,,,,,reviewed,us,isk
1994-03-11T12:38:17.050Z,-9.007,158.42,26.4,4.3,mb,,,,1.3,us,usp00069jc,2014-11-07T00:55:08.295Z,"160 km SW of Buala, Solomon Islands",earthquake,,,,9,reviewed,us,us
1994-03-11T12:32:16.830Z,7.474,-77.294,59.4,4.1,mb,,,,1.3,us,usp00069jb,2014-11-07T00:55:08.293Z,"19 km W of Riosucio, Colombia",earthquake,,17.2,,1,reviewed,us,us
1994-03-11T12:20:53.200Z,36.9145,-119.1661667,50.021,2.64,md,12,120,0.4613,0.03,nc,nc397277,2016-12-22T02:10:25.844Z,"20 km NNE of Squaw Valley, California",earthquake,0.56,1.62,0.15,8,reviewed,nc,nc
1994-03-11T11:53:20.080Z,36.465,-2.782,10,3.2,mblg,,,,0.9,us,usp00069ja,2014-11-07T00:55:08.291Z,"34 km S of El Ejido, Spain",earthquake,,,,,reviewed,us,mdd
1994-03-11T11:26:57.640Z,44.486,153.932,33,4.8,mb,,,,1.3,us,usp00069j9,2014-11-07T00:55:08.288Z,"east of the Kuril Islands",earthquake,,,,15,reviewed,us,us
1994-03-11T11:16:19.150Z,64.3385,-149.7015,20.1,2.6,ml,,,,0.38,ak,ak99437y9j5n,2020-09-14T20:25:09.917Z,"24 km W of Anderson, Alaska",earthquake,,0.4,,,reviewed,ak,ak
1994-03-11T10:52:04.940Z,30.312,138.43,446.5,4.7,mb,,,,1,us,usp00069j7,2014-11-07T00:55:08.273Z,"Izu Islands, Japan region",earthquake,,,,40,reviewed,us,us
1994-03-11T10:32:27.730Z,42.555,12.59,10,3,ml,,,,1.5,us,usp00069j6,2014-11-07T00:55:08.270Z,"central Italy",earthquake,,,,,reviewed,us,vie
1994-03-11T10:04:44.650Z,-6.109,150.503,79.1,5.5,mw,,,,1,us,usp00069j5,2022-04-28T17:47:39.893Z,"73 km SSE of Kimbe, Papua New Guinea",earthquake,,5.2,,,reviewed,us,hrv
1994-03-11T09:09:51.050Z,9.268,-77.573,33,3.6,mb,,,,1.3,us,usp00069j4,2014-11-07T00:55:08.254Z,"40 km NNE of Mulatupo, Panama",earthquake,,,,1,reviewed,us,us
1994-03-11T08:42:43.620Z,-44.965,166.184,10,3.8,ml,,,,0.3,us,usp00069j3,2014-11-07T00:55:08.253Z,"130 km WNW of Te Anau, New Zealand",earthquake,,,,,reviewed,us,wel
1994-03-11T08:15:28.260Z,38.581,33.64,10,3.8,ml,,,,0.9,us,usp00069j0,2014-11-07T00:55:08.247Z,"38 km WSW of Ortaköy, Turkey",earthquake,,,,,reviewed,us,isk
1994-03-11T06:49:40.210Z,42.111,142.826,33,3.7,mb,,,,0.9,us,usp00069hx,2014-11-07T00:55:08.242Z,"45 km ESE of Shizunai-furukawach?, Japan",earthquake,,,,1,reviewed,us,us
1994-03-11T06:44:03.650Z,45.712,11.778,10,3.6,ml,,,,0.9,us,usp00069hw,2014-11-07T00:55:08.235Z,"1 km NE of Rosà, Italy",earthquake,,,,,reviewed,us,grf
1994-03-11T06:38:15.040Z,60.8265,-151.9938,83.9,2.5,ml,,,,0.2,ak,ak99437vf2kg,2020-09-14T20:25:11.377Z,"41 km WNW of Nikiski, Alaska",earthquake,,1.2,,,reviewed,ak,ak
1994-03-11T06:28:38.170Z,-6.088,154.606,93.2,4.8,mb,,,,0.6,us,usp00069hu,2014-11-07T00:55:08.225Z,"100 km WNW of Panguna, Papua New Guinea",earthquake,,10.7,,11,reviewed,us,us
1994-03-11T06:23:30.660Z,22.166,93.111,34.1,4.6,mb,,,,1.2,us,usp00069ht,2014-11-07T00:55:08.218Z,"38 km SSE of Saiha, India",earthquake,,9.2,,20,reviewed,us,us
1994-03-11T05:38:46.900Z,34.32,-118.584,4.09,3.01,ml,0,17.3,,0.284,ci,ci3157906,2016-02-12T02:31:08.831Z,"7km NNE of Chatsworth, California",earthquake,,0.052,,55,reviewed,ci,ci
1994-03-11T04:38:46.110Z,34.671,138.574,10,4.9,mb,,,,1,us,usp00069hq,2014-11-07T00:55:08.207Z,"32 km SE of Yaizu, Japan",earthquake,,,,8,reviewed,us,us
1994-03-11T04:38:43.970Z,34.182,139.205,10,4.7,mb,,,,0.9,us,usp00069hp,2014-11-07T00:55:08.201Z,"59 km SSE of Shimoda, Japan",earthquake,,,,23,reviewed,us,us
1994-03-11T03:54:02.790Z,34.28,139.105,10,4.3,mb,,,,0.8,us,usp00069hn,2014-11-07T00:55:08.198Z,"46 km SSE of Shimoda, Japan",earthquake,,,,4,reviewed,us,us
1994-03-11T03:47:50.260Z,34.46,139.549,10,4,mb,,,,1.3,us,usp00069hm,2014-11-07T00:55:08.196Z,"60 km ESE of Shimoda, Japan",earthquake,,,,3,reviewed,us,us
1994-03-11T03:37:41.380Z,34.262,139.492,10,3.8,mb,,,,1.6,us,usp00069hk,2014-11-07T00:55:08.195Z,"68 km SE of Shimoda, Japan",earthquake,,,,2,reviewed,us,us
1994-03-11T03:22:03.130Z,-24.243,-179.998,582.5,4.4,mb,,,,1,us,usp00069hj,2014-11-07T00:55:08.190Z,"south of the Fiji Islands",earthquake,,27.5,,8,reviewed,us,us
1994-03-11T03:12:11.320Z,34.22,139.167,10,5.5,mw,,,,0.9,us,usp00069hh,2022-04-28T17:47:38.433Z,"54 km SSE of Shimoda, Japan",earthquake,,,,,reviewed,us,hrv
1994-03-11T01:10:26.180Z,34.213,139.3,10,4.1,mb,,,,1.1,us,usp00069he,2014-11-07T00:55:08.161Z,"near the south coast of Honshu, Japan",earthquake,,,,2,reviewed,us,us
1994-03-11T00:59:17.180Z,34.199,139.118,10,4.4,mb,,,,1,us,usp00069hd,2014-11-07T00:55:08.158Z,"55 km SSE of Shimoda, Japan",earthquake,,,,12,reviewed,us,us
1994-03-10T23:04:16.700Z,39.08,27.928,10,2.8,ml,,,,1,us,usp00069hb,2014-11-07T00:55:08.154Z,"19 km NNE of Akhisar, Turkey",earthquake,,,,,reviewed,us,isk
1994-03-10T22:22:39.810Z,44.198,101.701,33,4,mb,,,,0.6,us,usp00069ha,2014-11-07T00:55:08.153Z,"64 km SW of Hovd, Mongolia",earthquake,,,,3,reviewed,us,us
1994-03-10T21:28:47.780Z,-3.193,145.809,33,4.6,mb,,,,0.2,us,usp00069h8,2014-11-07T00:55:08.150Z,"207 km SW of Lorengau, Papua New Guinea",earthquake,,,,2,reviewed,us,us
1994-03-10T21:14:16.020Z,38.689,26.42,10,3.3,ml,,,,0.4,us,usp00069h7,2014-11-07T00:55:08.148Z,"9 km NW of Karaburun, Turkey",earthquake,,,,,reviewed,us,isk
1994-03-10T20:39:09.880Z,37.29,21.031,10,3.8,ml,,,,1,us,usp00069h6,2014-11-07T00:55:08.146Z,"50 km SSE of Lithakiá, Greece",earthquake,,,,,reviewed,us,ath
1994-03-10T20:08:10.240Z,37.301,141.161,100.8,4.1,mb,,,,0.8,us,usp00069h5,2014-11-07T00:55:08.143Z,"24 km SE of Namie, Japan",earthquake,,4.9,,8,reviewed,us,us
1994-03-10T20:04:35.410Z,-5.028,131.751,33,4.3,mb,,,,1.3,us,usp00069h4,2014-11-07T00:55:08.142Z,"129 km WNW of Tual, Indonesia",earthquake,,,,1,reviewed,us,us
1994-03-10T20:00:06.550Z,42.356,1.524,10,2.7,ml,,,,0.8,us,usp00069h3,2014-11-07T00:55:08.140Z,"Pyrenees",earthquake,,,,,reviewed,us,ldg
1994-03-10T19:08:45.680Z,-18.094,-178.389,569.1,4.5,mb,,,,0.9,us,usp00069h2,2014-11-07T00:55:08.131Z,"242 km E of Levuka, Fiji",earthquake,,4.9,,11,reviewed,us,us
1994-03-10T19:04:24.470Z,52.169,173.753,33,4.4,mb,,,,0.7,us,usp00069h1,2020-09-14T20:25:14.401Z,"84 km SSE of Attu Station, Alaska",earthquake,,,,15,reviewed,us,us
1994-03-10T18:28:53.030Z,38.723,26.5,9.5,3.8,ml,,,,0.5,us,usp00069h0,2014-11-07T00:55:08.125Z,"9 km N of Karaburun, Turkey",earthquake,,3,,,reviewed,us,ath
1994-03-10T18:26:58.370Z,40.325,-124.5415,8.436,2.65,md,19,246,0.1946,0.06,nc,nc397204,2016-12-22T02:08:04.869Z,"36 km SW of Ferndale, California",earthquake,1.23,0.36,0.18,21,reviewed,nc,nc
1994-03-10T18:04:16.970Z,37.1286667,-121.5283333,7.467,2.67,md,96,71,0.01622,0.06,nc,nc397202,2016-12-22T02:07:57.650Z,"8 km ENE of San Martin, California",earthquake,0.11,0.27,0.1,109,reviewed,nc,nc
1994-03-10T17:43:32.600Z,14.251,145.16,130.4,5.4,mb,,,,1.2,us,usp00069gy,2022-04-28T17:47:36.995Z,"84 km NNE of Yigo Village, Guam",earthquake,,5.4,,62,reviewed,us,us
1994-03-10T15:41:47.030Z,40.246,25.262,45.4,4,mb,,,,1,us,usp00069gx,2014-11-07T00:55:08.095Z,"31 km SW of Kamariótissa, Greece",earthquake,,8,,11,reviewed,us,us
1994-03-10T15:10:47.760Z,-6.062,147.873,54.1,4.8,mb,,,,0.8,us,usp00069gw,2014-11-07T00:55:08.092Z,"54 km N of Finschhafen, Papua New Guinea",earthquake,,14.4,,4,reviewed,us,us
1994-03-10T15:03:36.170Z,40.264,25.249,10,3.6,md,,,,0.8,us,usp00069gv,2014-11-07T00:55:08.089Z,"Aegean Sea",earthquake,,,,,reviewed,us,ath
1994-03-10T14:14:23.200Z,-17.85,-178.777,596.5,4.4,mb,,,,0.9,us,usp00069gt,2014-11-07T00:55:08.086Z,"203 km E of Levuka, Fiji",earthquake,,11.7,,5,reviewed,us,us
1994-03-10T13:51:11.280Z,64.4112,-146.9002,10.8,2.6,ml,,,,0.26,ak,ak99436c4jbs,2020-09-14T20:25:15.654Z,"12 km S of Salcha, Alaska",earthquake,,0.6,,,reviewed,ak,ak
1994-03-10T13:23:16.850Z,-18.156,-178.31,624.8,4.4,mb,,,,0.9,us,usp00069gr,2014-11-07T00:55:08.078Z,"251 km E of Levuka, Fiji",earthquake,,46,,5,reviewed,us,us
1994-03-10T13:04:48.610Z,39.473,28.792,5,2.8,ml,,,,0.3,us,usp00069gq,2014-11-07T00:55:08.076Z,"19 km SE of Dursunbey, Turkey",earthquake,,,,,reviewed,us,isk
1994-03-10T12:52:27.110Z,-13.697,167.187,230.8,4.9,mb,,,,1.1,us,usp00069gp,2014-11-07T00:55:08.071Z,"44 km WNW of Sola, Vanuatu",earthquake,,18.6,,6,reviewed,us,us
1994-03-10T12:44:14.750Z,34.329,-118.578,3.09,3.49,ml,0,24.5,,0.278,ci,ci3157755,2016-02-12T09:46:54.240Z,"8km NNE of Chatsworth, California",earthquake,,0.06,,53,reviewed,ci,ci
1994-03-10T12:25:43.230Z,-18.058,-178.26,599.7,5.2,mb,,,,0.8,us,usp00069gm,2014-11-07T00:55:08.042Z,"256 km E of Levuka, Fiji",earthquake,,,,42,reviewed,us,us
1994-03-10T12:11:10.230Z,48.2383333,-121.6601667,2.219,2.8,md,29,75,,0.33,uw,uw10328668,2016-07-24T00:10:49.710Z,"4 km WSW of Darrington, Washington",earthquake,0.786,2.8,0.11,7,reviewed,uw,uw
1994-03-10T11:23:16.410Z,39.157,27.953,5,2.7,ml,,,,0.7,us,usp00069gg,2014-11-07T00:55:08.035Z,"21 km WSW of S?nd?rg?, Turkey",earthquake,,,,,reviewed,us,isk
1994-03-10T11:01:13.060Z,19.4241667,-155.262,0.533,3.01,md,34,77,,0.11,hv,hv1019534,2020-03-31T22:17:51.970Z,"3 km SW of Volcano, Hawaii",earthquake,0.24,0.34,,1,reviewed,hv,hv
1994-03-10T10:35:36.480Z,64.831,-133.96,5,3.1,ml,,,,,us,usp00069gf,2014-11-07T00:55:08.034Z,"277 km ENE of Dawson City, Canada",earthquake,,,,,reviewed,pgc,pgc
1994-03-10T10:29:28.560Z,-18.208,-178.448,593.7,4.9,mb,,,,1,us,usp00069ge,2014-11-07T00:55:08.030Z,"237 km E of Levuka, Fiji",earthquake,,7.9,,19,reviewed,us,us
1994-03-10T09:59:44.180Z,-17.396,-178.621,579.1,4.1,mb,,,,0.3,us,usp00069gd,2014-11-07T00:55:08.028Z,"230 km ENE of Levuka, Fiji",earthquake,,11.4,,5,reviewed,us,us
1994-03-10T08:02:37.690Z,-25.632,-64.62,33,4.8,mb,,,,1.1,us,usp00069gc,2014-11-07T00:55:08.021Z,"Salta, Argentina",earthquake,,,,17,reviewed,us,us
1994-03-10T07:59:55.600Z,34.28,-118.462,8.729,2.53,ml,0,31.1,,0.322,ci,ci3157722,2016-02-11T23:59:38.640Z,"2km W of San Fernando, California",earthquake,,0.293,,50,reviewed,ci,ci
1994-03-10T07:20:57.520Z,44.292,9.775,10,2.6,ml,,,,0.2,us,usp00069g9,2014-11-07T00:55:08.016Z,"northern Italy",earthquake,,,,,reviewed,us,ldg
1994-03-10T06:48:52.060Z,40.515,23.748,5,2.5,ml,,,,0.2,us,usp00069g8,2014-11-07T00:55:08.014Z,"6 km W of Stratónion, Greece",earthquake,,,,,reviewed,us,the
1994-03-10T05:57:21.700Z,62.0287,-148.4187,38.6,2.6,ml,,,,0.29,ak,ak994367edl6,2020-09-14T20:25:16.712Z,"25 km N of Chickaloon, Alaska",earthquake,,0.8,,,reviewed,ak,ak
1994-03-10T05:40:30.650Z,-33.959,-70.831,80,3.5,md,,,,0.2,us,usp00069g6,2014-11-07T00:55:08.007Z,"15 km NW of Graneros, Chile",earthquake,,,,,reviewed,us,san
1994-03-10T05:26:51.010Z,34.064,-118.851,13.374,2.5,ml,0,70.5,,0.311,ci,ci3157707,2016-02-12T09:46:47.444Z,"8km NNW of Malibu, California",earthquake,,0.201,,20,reviewed,ci,ci
1994-03-10T05:24:20.090Z,6.136,-82.56,21.3,4.9,ms,,,,0.7,us,usp00069g5,2014-11-07T00:55:08.004Z,"212 km S of Punta de Burica, Panama",earthquake,,5.7,,1,reviewed,us,us
1994-03-10T05:22:02.840Z,30.346,-42.009,10,4.2,mb,,,,1,us,usp00069g4,2014-11-07T00:55:08.002Z,"northern Mid-Atlantic Ridge",earthquake,,,,5,reviewed,us,us
1994-03-10T05:09:00.300Z,46.6096667,-120.5555,6.197,2.7,md,30,70,0.08428,0.26,uw,uw10328308,2016-07-24T00:10:45.700Z,"3 km WNW of Yakima, Washington",earthquake,0.734,0.63,0.1,5,reviewed,uw,uw
1994-03-10T04:49:51.180Z,-18.478,-177.132,638.8,4.7,mb,,,,0.9,us,usp00069g1,2014-11-07T00:55:07.996Z,"Fiji region",earthquake,,14,,5,reviewed,us,us
1994-03-10T04:44:00.710Z,46.6028333,-120.551,7.067,2.5,md,23,51,0.07686,0.26,uw,uw10328228,2016-07-24T00:10:45.060Z,"3 km W of Yakima, Washington",earthquake,0.888,0.72,0.1,6,reviewed,uw,uw
1994-03-10T04:14:35.960Z,46.6043333,-120.5656667,6.597,2.9,md,39,51,0.0815,0.22,uw,uw10328028,2016-07-24T00:10:43.430Z,"3 km ENE of West Valley, Washington",earthquake,0.555,0.45,0.1,3,reviewed,uw,uw
1994-03-10T04:03:14.090Z,-18.522,-179.065,566.3,5,mb,,,,1,us,usp00069fz,2014-11-07T00:55:07.989Z,"178 km ESE of Levuka, Fiji",earthquake,,8.3,,12,reviewed,us,us
1994-03-10T03:58:27.990Z,17.808,-65.347,10,4.1,mb,,,,0.9,us,usp00069fy,2014-11-07T00:55:07.965Z,"34 km SSE of Esperanza, Puerto Rico",earthquake,,,,4,reviewed,us,us
1994-03-10T03:46:21.810Z,-18.084,-178.395,563.1,4.2,mb,,,,1.1,us,usp00069fx,2014-11-07T00:55:07.956Z,"242 km E of Levuka, Fiji",earthquake,,8.5,,10,reviewed,us,us
1994-03-10T02:44:18.830Z,-17.875,-178.473,566.7,4.8,mb,,,,0.9,us,usp00069fw,2014-11-07T00:55:07.953Z,"235 km E of Levuka, Fiji",earthquake,,9.1,,6,reviewed,us,us
1994-03-10T01:51:40.510Z,-18.121,-178.382,653.7,5,mb,,,,0.9,us,usp00069fv,2014-11-07T00:55:07.940Z,"Fiji region",earthquake,,5.5,,35,reviewed,us,us
1994-03-10T01:45:25.020Z,42.758,-111.098,5,3.4,ml,,,,0.9,us,usp00069fu,2014-11-07T00:55:07.938Z,"8 km WSW of Auburn, Wyoming",earthquake,,,,,reviewed,us,gs/
1994-03-10T01:32:30.440Z,42.771,-111.074,5,4.1,ml,,,,0.9,us,usp00069ft,2014-11-07T00:55:07.935Z,"6 km WSW of Auburn, Wyoming",earthquake,,,,,reviewed,us,but
1994-03-10T00:43:16.360Z,-19.809,-179.557,577.2,5.2,mb,,,,1,us,usp00069fr,2014-11-07T00:55:07.930Z,"Fiji region",earthquake,,11.3,,7,reviewed,us,us
1994-03-10T00:42:09.980Z,-34.488,-70.523,10,3.6,md,,,,0.4,us,usp00069fq,2014-11-07T00:55:07.928Z,"32 km ESE of Rengo, Chile",earthquake,,,,,reviewed,us,san
1994-03-10T00:40:08.950Z,42.2471667,-121.9621667,6.585,2.8,md,12,85,,0.14,uw,uw10327663,2016-07-24T00:10:41.460Z,"15 km W of Klamath Falls, Oregon",earthquake,0.44,0.59,0.08,3,reviewed,uw,uw
1994-03-09T23:50:24.250Z,-17.985,-178.257,590.9,6,mb,,,,1,us,usp00069fn,2022-05-09T19:14:55.428Z,"257 km E of Levuka, Fiji",earthquake,,7.3,,28,reviewed,us,us
1994-03-09T23:28:06.780Z,-18.039,-178.413,562.5,7.6,mw,,,,1,us,usp00069fm,2022-04-28T17:47:35.598Z,"240 km E of Levuka, Fiji",earthquake,,,,,reviewed,us,hrv
1994-03-09T22:16:32.230Z,43.949,4.641,10,2.6,ml,,,,0.9,us,usp00069fj,2014-11-07T00:55:07.806Z,"3 km WNW of Saze, France",earthquake,,,,,reviewed,us,ldg
1994-03-09T21:51:25.850Z,-33.559,-70.044,10,3.8,md,,,,0.3,us,usp00069fh,2014-11-07T00:55:07.805Z,"Region Metropolitana, Chile",earthquake,,,,,reviewed,us,san
1994-03-09T20:37:31.450Z,41.581,24.157,5,2.7,ml,,,,0.4,us,usp00069fg,2014-11-07T00:55:07.803Z,"7 km S of Dospat, Bulgaria",earthquake,,,,,reviewed,us,the
1994-03-09T20:19:26.160Z,34.478,-5.543,10,3.3,md,,,,0.9,us,usp00069ff,2014-11-07T00:55:07.802Z,"32 km NNE of Sidi Qacem, Morocco",earthquake,,,,,reviewed,us,rba
1994-03-09T19:15:49.770Z,-34.101,57.537,10,4.7,mb,,,,0.9,us,usp00069fd,2014-11-07T00:55:07.796Z,"South Indian Ocean",earthquake,,,,8,reviewed,us,us
1994-03-09T18:23:09.720Z,44.705,10.419,10,3.9,ml,,,,1.2,us,usp00069fc,2014-11-07T00:55:07.783Z,"1 km E of Basilicagoiano, Italy",earthquake,,,,,reviewed,us,grf
1994-03-09T18:14:39.260Z,42.247,-125.634,10,3.2,mb,,,,0.5,us,usp00069fb,2016-07-24T00:10:40.480Z,"101 km W of Gold Beach, Oregon",earthquake,,,,1,reviewed,us,us
1994-03-09T17:30:39.750Z,50.987,2.936,5,2.8,ml,,,,0.6,us,usp00069fa,2014-11-07T00:55:07.775Z,"1 km NW of Houthulst, Belgium",earthquake,,,,,reviewed,us,ldg
1994-03-09T17:30:18.240Z,36.6361667,-121.2495,5.88,2.57,md,63,40,0.03604,0.05,nc,nc397113,2016-12-22T02:04:17.620Z,"18 km SSE of Tres Pinos, California",earthquake,0.12,0.35,0.1,75,reviewed,nc,nc
1994-03-09T16:58:37.630Z,-9.444,159.604,10,5.8,mw,,,,0.9,us,usp00069f9,2022-04-28T17:47:33.956Z,"30 km NNW of Malango, Solomon Islands",earthquake,,,,,reviewed,us,hrv
1994-03-09T16:54:49.060Z,16.488,-94.063,98,4,mb,,,,1.1,us,usp00069f8,2014-11-07T00:55:07.728Z,"2 km NE of Nueva Tenochtitlán (Rizo de Oro), Mexico",earthquake,,10.3,,5,reviewed,us,us
1994-03-09T15:32:37.630Z,38.638,20.358,10,3.4,md,,,,1.1,us,usp00069f6,2014-11-07T00:55:07.723Z,"36 km SW of Lefkáda, Greece",earthquake,,,,,reviewed,us,ath
1994-03-09T12:28:10.610Z,-10.233,154.982,33,4.5,mb,,,,1.3,us,usp00069f2,2014-11-07T00:55:07.714Z,"D'Entrecasteaux Islands region",earthquake,,,,7,reviewed,us,us
1994-03-09T12:27:22.380Z,-18.832,-177.9,615.7,4.6,mb,,,,1.1,us,usp00069f1,2014-11-07T00:55:07.687Z,"Fiji region",earthquake,,9.3,,26,reviewed,us,us
1994-03-09T12:08:34.570Z,-9.58,154.986,37.5,5.9,mw,,,,1.1,us,usp00069ez,2022-04-28T17:47:32.117Z,"261 km SW of Gizo, Solomon Islands",earthquake,,,,,reviewed,us,hrv
1994-03-09T11:02:32.520Z,42.499,1.974,10,2.5,ml,,,,0.3,us,usp00069ey,2014-11-07T00:55:07.658Z,"5 km W of Font-Romeu-Odeillo-Via, France",earthquake,,,,,reviewed,us,ldg
1994-03-09T10:32:49.110Z,-5.345,152.214,60.7,4.6,mb,,,,0.6,us,usp00069ex,2014-11-07T00:55:07.656Z,"110 km S of Kokopo, Papua New Guinea",earthquake,,10.9,,7,reviewed,us,us
1994-03-09T10:23:54.250Z,-22.271,-67.891,166.8,4.4,mb,,,,0.9,us,usp00069ew,2014-11-07T00:55:07.652Z,"77 km NNE of San Pedro de Atacama, Chile",earthquake,,11.1,,10,reviewed,us,us
1994-03-09T10:02:55.650Z,36.427,141.155,41.9,5,mb,,,,1.1,us,usp00069ev,2014-11-07T00:55:07.638Z,"49 km ESE of Hitachi, Japan",earthquake,,,,58,reviewed,us,us
1994-03-09T09:44:25.590Z,36.236,21.826,5,3.7,ml,,,,1,us,usp00069eu,2014-11-07T00:55:07.636Z,"63 km S of Koróni, Greece",earthquake,,,,,reviewed,us,ath
1994-03-09T09:36:45.300Z,-6.552,132.82,62,4.6,mb,,,,1.2,us,usp00069et,2014-11-07T00:55:07.634Z,"102 km S of Tual, Indonesia",earthquake,,23.7,,2,reviewed,us,us
1994-03-09T09:17:50.300Z,34.381,-118.621,14.11,2.88,ml,0,45.9,,0.236,ci,ci3157649,2016-02-11T21:25:27.900Z,"9km SSW of Valencia, California",earthquake,,0.234,,24,reviewed,ci,ci
1994-03-09T09:17:05.460Z,34.386,-118.62,12.58,2.85,ml,0,21.3,,0.233,ci,ci3157439,2016-02-13T03:44:53.903Z,"9km SSW of Valencia, California",earthquake,,0.18,,37,reviewed,ci,ci
1994-03-09T08:43:25.590Z,57.667,-142.983,10,3.7,ml,,,,1.1,us,usp00069er,2020-09-14T20:25:19.217Z,"282 km SW of Yakutat, Alaska",earthquake,,,,,reviewed,us,aei
1994-03-09T08:25:05.580Z,-1.803,29.795,33,4.8,mb,,,,0.8,us,usp00069eq,2014-11-07T00:55:07.617Z,"14 km N of Eglise Catholique, Centrale GIKO, Rwanda",earthquake,,,,17,reviewed,us,us
1994-03-09T08:11:43.060Z,36.5933333,-121.1911667,4.773,2.9,md,80,37,0.01892,0.05,nc,nc397081,2016-12-22T02:02:53.110Z,"22 km NNE of Soledad, California",earthquake,0.09,0.27,0.12,105,reviewed,nc,nc
1994-03-09T06:13:37.130Z,32.625,47.15,10,4.5,mb,,,,1.4,us,usp00069en,2020-04-16T18:53:14.272Z,"13 km SW of Dehlor?n, Iran",earthquake,,,,4,reviewed,us,us
1994-03-09T04:55:14.120Z,57.66,-142.969,10,3.4,ml,,,,0.7,us,usp00069ek,2020-09-14T20:25:19.640Z,"282 km SW of Yakutat, Alaska",earthquake,,,,,reviewed,us,pgc
1994-03-09T04:39:08.840Z,-31.221,-70.071,140,3.8,md,,,,0.5,us,usp00069ej,2014-11-07T00:55:07.603Z,"63 km WNW of Calingasta, Argentina",earthquake,,,,,reviewed,us,san
1994-03-09T04:30:09.190Z,34.944,-116.661,4.977,2.9,ml,0,117.1,,0.241,ci,ci3157419,2016-02-12T02:30:55.436Z,"33km E of Barstow, California",earthquake,,,,50,reviewed,ci,ci
1994-03-09T03:38:57.690Z,52.656,157.007,189.3,4.2,mb,,,,0.7,us,usp00069eg,2014-11-07T00:55:07.595Z,"90 km WSW of Paratunka, Russia",earthquake,,,,25,reviewed,us,us
1994-03-09T02:51:13.960Z,34.013,-119.181,3.847,2.67,ml,0,184.8,,0.369,ci,ci3157405,2016-02-11T23:59:27.962Z,"15km S of Port Hueneme, California",earthquake,,0.944,,17,reviewed,ci,ci
1994-03-09T02:20:43.670Z,38.446,-0.068,14.9,3,mblg,,,,0.9,us,usp00069ed,2014-11-07T00:55:07.587Z,"11 km SSE of Benidorm, Spain",earthquake,,4.6,,,reviewed,us,mdd
1994-03-09T02:13:02.320Z,40.5993333,-122.2798333,21.38,3.18,md,27,49,0.1901,0.08,nc,nc397058,2016-12-22T02:01:41.040Z,"5 km NW of Palo Cedro, California",earthquake,0.34,0.58,0.09,52,reviewed,nc,nc
1994-03-09T01:21:27.870Z,-1.056,-15.988,10,4.7,mb,,,,1,us,usp00069ea,2014-11-07T00:55:07.578Z,"north of Ascension Island",earthquake,,,,13,reviewed,us,us
1994-03-09T00:05:27.390Z,40.3156667,-125.3186667,4.303,2.62,md,7,331,0.7676,0.15,nc,nc397046,2016-12-22T02:00:36.463Z,"94 km WSW of Ferndale, California",earthquake,14,14.39,,1,reviewed,nc,nc
1994-03-08T22:50:33.260Z,61.0477,-151.1378,57.2,3.5,ml,,,,0.15,ak,ak994336ekri,2020-09-14T20:25:20.050Z,"2 km S of Tyonek, Alaska",earthquake,,1.2,,,reviewed,ak,ak
1994-03-08T22:44:32.460Z,-32.303,-70.395,100,4.1,md,,,,0.4,us,usp00069e7,2014-11-07T00:55:07.565Z,"58 km NNE of San Felipe, Chile",earthquake,,,,,reviewed,us,san
1994-03-08T21:58:00.440Z,46.5968333,-119.746,0.876,2.6,md,26,46,0.01965,0.23,uw,uw10326373,2016-07-24T00:10:33.420Z,"16 km SE of Desert Aire, Washington",earthquake,0.446,0.67,0.11,2,reviewed,uw,uw
1994-03-08T21:16:21.780Z,51.501,15.915,10,3.1,ml,,,,0.7,us,usp00069e2,2014-11-07T00:55:07.554Z,"8 km SSW of Radwanice, Poland",earthquake,,,,,reviewed,us,vie
1994-03-08T20:56:11.480Z,40.6278333,-122.4028333,22.14,2.85,md,20,59,0.0973,0.09,nc,nc397035,2016-12-22T01:59:36.680Z,"4 km NNW of Redding, California",earthquake,0.31,0.47,0.08,34,reviewed,nc,nc
1994-03-08T20:32:34.680Z,-6.827,146.841,33,4.3,mb,,,,1.2,us,usp00069e0,2014-11-07T00:55:07.550Z,"20 km SW of Lae, Papua New Guinea",earthquake,,,,2,reviewed,us,us
1994-03-08T19:51:37.250Z,38.8021667,-122.807,0.611,2.79,md,52,29,0.01081,0.05,nc,nc397033,2016-12-22T01:59:13.650Z,"7 km WSW of Cobb, California",earthquake,0.09,0.18,0.21,55,reviewed,nc,nc
1994-03-08T18:48:59.700Z,3.476,-82.845,33,4.1,mb,,,,1.2,us,usp00069dy,2014-11-07T00:55:07.546Z,"south of Panama",earthquake,,,,3,reviewed,us,us
1994-03-08T17:19:25.530Z,-33.682,-71.697,14.8,3.6,md,,,,0.4,us,usp00069dw,2014-11-07T00:55:07.540Z,"12 km SW of San Antonio, Chile",earthquake,,5.7,,,reviewed,us,san
1994-03-08T15:53:40.110Z,-18.821,-173.825,40.4,5.3,mw,,,,1,us,usp00069dv,2022-04-28T17:47:30.772Z,"25 km SE of Neiafu, Tonga",earthquake,,,,,reviewed,us,hrv
1994-03-08T15:24:31.800Z,28.967,131.065,39.5,4.7,mb,,,,1,us,usp00069du,2014-11-07T00:55:07.516Z,"149 km SSE of Koshima, Japan",earthquake,,,,17,reviewed,us,us
1994-03-08T15:19:30.640Z,-15.121,-72.99,98.8,4.5,mb,,,,1.4,us,usp00069dt,2014-11-07T00:55:07.513Z,"11 km NW of Mungui, Peru",earthquake,,11.6,,1,reviewed,us,us
1994-03-08T13:06:43.990Z,38.778,-2.957,10,2.7,mblg,,,,0.7,us,usp00069dp,2014-11-07T00:55:07.506Z,"2 km N of Fuenllana, Spain",earthquake,,,,,reviewed,us,mdd
1994-03-08T12:58:40.110Z,57.5422,-155.694,77.3,3,ml,,,,0.27,ak,ak994330hyyz,2020-09-14T20:25:21.636Z,"74 km W of Karluk, Alaska",earthquake,,30.8,,,reviewed,ak,ak
1994-03-08T12:53:01.430Z,34.245,-118.458,10.72,3.28,ml,0,29.6,,0.322,ci,ci3157314,2016-02-12T04:57:55.922Z,"3km NNW of Panorama City, California",earthquake,,0.218,,54,reviewed,ci,ci
1994-03-08T12:33:34.220Z,39.275,27.682,10,2.8,ml,,,,0.1,us,usp00069dk,2014-11-07T00:55:07.474Z,"11 km NNE of Soma, Turkey",earthquake,,,,,reviewed,us,isk
1994-03-08T11:40:18.820Z,39.497,-108.637,5,2.9,ml,,,,1,us,usp00069dh,2014-11-07T00:55:07.470Z,"36 km NNE of Loma, Colorado",earthquake,,,,,reviewed,us,gs$
1994-03-08T11:29:03.070Z,-45.029,167.325,107.8,4.4,mb,,,,0.7,us,usp00069dg,2014-11-07T00:55:07.467Z,"52 km NW of Te Anau, New Zealand",earthquake,,8.7,,1,reviewed,us,us
1994-03-08T10:39:14.300Z,44.0541667,-110.8171667,9.01,2.73,md,28,104,,0.27,uu,uu50090395,2018-08-28T05:08:46.280Z,"37 km NNE of Alta, Wyoming",earthquake,0.99,2.41,,19,reviewed,uu,uu
1994-03-08T10:06:00.190Z,38.382,23.577,5,3.4,ml,,,,1.3,us,usp00069de,2014-11-07T00:55:07.461Z,"3 km SW of Vathí, Greece",earthquake,,,,,reviewed,us,ath
1994-03-08T09:11:56.560Z,39.653,29.432,10,2.6,ml,,,,0.3,us,usp00069dd,2014-11-07T00:55:07.460Z,"13 km NNW of Tav?anl?, Turkey",earthquake,,,,,reviewed,us,isk
1994-03-08T08:35:03.750Z,40.6133333,-122.2641667,18.892,3.19,md,25,78,0.2027,0.11,nc,nc397140,2016-12-22T01:57:03.370Z,"4 km SW of Bella Vista, California",earthquake,0.3,0.84,0.13,29,reviewed,nc,nc
1994-03-08T08:34:59.670Z,40.6001667,-122.2823333,20.52,3.24,md,11,83,0.1892,0.06,nc,nc397039,2016-12-22T01:56:56.324Z,"5 km NW of Palo Cedro, California",earthquake,0.47,1.02,0.08,29,reviewed,nc,nc
1994-03-08T08:03:06.730Z,38.687,20.579,10,2.9,md,,,,0.5,us,usp00069d9,2014-11-07T00:55:07.453Z,"19 km SW of Lefkáda, Greece",earthquake,,,,,reviewed,us,ath
1994-03-08T06:39:51.210Z,38.375,23.86,10,3.2,md,,,,0.7,us,usp00069d5,2014-11-07T00:55:07.445Z,"2 km SW of Amárynthos, Greece",earthquake,,,,,reviewed,us,ath
1994-03-08T06:31:02.380Z,-12.207,118.011,33,4.3,mb,,,,1.3,us,usp00069d4,2014-11-07T00:55:07.442Z,"south of Sumbawa, Indonesia",earthquake,,,,3,reviewed,us,us
1994-03-08T05:44:22.830Z,31.931,-115.406,5.956,3.9,ml,0,251.5,,0.73,ci,ci3157268,2016-02-12T17:34:42.037Z,"40km SW of Alberto Oviedo Mota, B.C., MX",earthquake,,,,20,reviewed,ci,ci
1994-03-08T05:32:49.650Z,38.246,23.859,5,3.3,md,,,,1,us,usp00069d1,2014-11-07T00:55:07.433Z,"3 km NNW of Polydéndri, Greece",earthquake,,,,,reviewed,us,ath
1994-03-08T04:43:39.780Z,59.68,-152.5815,75.6,3.2,ml,,,,0.28,ak,ak99432vnad6,2020-09-14T20:25:24.192Z,"43 km WSW of Anchor Point, Alaska",earthquake,,1.6,,,reviewed,ak,ak
1994-03-08T03:40:21.070Z,58.072,-154.3487,17.5,3.2,ml,,,,0.34,ak,ak99432v1663,2020-09-14T20:25:25.653Z,"56 km N of Karluk, Alaska",earthquake,,8.9,,,reviewed,ak,ak
1994-03-08T02:07:11.510Z,47.186,-115.932,5,3.4,ml,,,,0.5,us,usp00069cy,2014-11-07T00:55:07.414Z,"32 km S of Wallace, Idaho",earthquake,,,,,reviewed,us,but
1994-03-08T01:57:32.760Z,-32.037,-177.241,362.2,4.8,mb,,,,1.4,us,usp00069cx,2014-11-07T00:55:07.405Z,"south of the Kermadec Islands",earthquake,,11.4,,7,reviewed,us,us
1994-03-08T01:34:23.140Z,36.8248333,-110.3848333,-3.27,2.75,md,8,286,1.55,0.16,uu,uu50090355,2018-08-28T05:08:45.630Z,"15 km NW of Kayenta, Arizona",earthquake,4.73,6.96,,5,reviewed,uu,uu
1994-03-08T01:34:12.940Z,41.703,20.699,5,2.8,ml,,,,1,us,usp00069cw,2014-11-07T00:55:07.402Z,"13 km NE of Rostusa, North Macedonia",earthquake,,,,,reviewed,us,the
1994-03-08T00:30:27.500Z,29.085,130.361,42.7,4.1,mb,,,,1.1,us,usp00069cu,2014-11-07T00:55:07.397Z,"117 km NE of Naze, Japan",earthquake,,,,10,reviewed,us,us
1994-03-08T00:08:15.800Z,-10.49,120.076,33,4.3,mb,,,,1.4,us,usp00069ct,2014-11-07T00:55:07.393Z,"94 km SSW of Waingapu, Indonesia",earthquake,,,,2,reviewed,us,us
1994-03-07T23:32:08.310Z,43.989,10.829,10,2.6,md,,,,0.2,us,usp00069cr,2014-11-07T00:55:07.389Z,"5 km SSW of Campo Tizzoro, Italy",earthquake,,,,,reviewed,us,fir
1994-03-07T23:16:18.540Z,59.8847,-153.1522,119.4,2.9,ml,,,,0.22,ak,ak99431j9ce6,2020-09-14T20:25:26.684Z,"54 km E of Pedro Bay, Alaska",earthquake,,1.8,,,reviewed,ak,ak
1994-03-07T22:47:54.780Z,-17.101,-174.658,33,4.7,mb,,,,0.7,us,usp00069cp,2014-11-07T00:55:07.374Z,"156 km SW of Hihifo, Tonga",earthquake,,,,7,reviewed,us,us
1994-03-07T21:09:59.250Z,19.4466667,-155.4961667,7.53,2.93,ml,42,42,,0.1,hv,hv1019207,2020-03-31T22:17:51.200Z,"27 km N of P?hala, Hawaii",earthquake,0.28,0.49,0.14,5,reviewed,hv,hv
1994-03-07T17:55:41.310Z,37.534,21.447,99,3.5,md,,,,0.8,us,usp00069cn,2014-11-07T00:55:07.370Z,"11 km SSW of Epitálio, Greece",earthquake,,18.2,,,reviewed,us,ath
1994-03-07T17:54:15.010Z,40.938,-8.226,10,3.1,mblg,,,,0.9,us,usp00069cm,2014-11-07T00:55:07.368Z,"15 km NE of Macieira de Cambra, Portugal",earthquake,,,,,reviewed,us,mdd
1994-03-07T17:29:00.350Z,36.475,71.075,193.5,4.4,mb,,,,1,us,usp00069ck,2014-11-07T00:55:07.360Z,"47 km WSW of Ashk?sham, Afghanistan",earthquake,,10.6,,37,reviewed,us,us
1994-03-07T17:07:26.330Z,-8.415,117.182,33,4.7,mb,,,,1.3,us,usp00069cj,2014-11-07T00:55:07.357Z,"27 km WNW of Sumbawa Besar, Indonesia",earthquake,,,,2,reviewed,us,us
1994-03-07T16:49:12.900Z,38.838,-119.701,3,4,ml,,,,,us,usp00069ch,2016-02-12T04:57:49.051Z,"5 km WSW of Carter Springs, Nevada",earthquake,,,,,reviewed,brk,brk
1994-03-07T16:41:48.010Z,-34.594,-70.721,5,3.9,md,,,,0.4,us,usp00069cg,2014-11-07T00:55:07.349Z,"24 km SSE of Rengo, Chile",earthquake,,,,,reviewed,us,san
1994-03-07T16:30:40.390Z,40.6393333,-122.4091667,21.428,3.34,md,24,54,0.08919,0.16,nc,nc1212894,2016-12-22T01:53:57.241Z,"5 km ENE of Keswick, California",earthquake,0.48,1.04,0.07,25,reviewed,nc,nc
1994-03-07T16:18:52.650Z,-33.488,-69.026,5,3.8,md,,,,0.4,us,usp00069ce,2014-11-07T00:55:07.344Z,"68 km SSW of Mendoza, Argentina",earthquake,,,,,reviewed,us,san
1994-03-07T16:14:48.910Z,51.241,-178.971,33,4.2,mb,,,,0.9,us,usp00069cd,2020-09-14T20:25:28.506Z,"176 km WSW of Adak, Alaska",earthquake,,,,11,reviewed,us,us
1994-03-07T16:04:20.260Z,-24.325,179.643,566.7,4.2,mb,,,,0.4,us,usp00069cc,2014-11-07T00:55:07.338Z,"south of the Fiji Islands",earthquake,,14.8,,3,reviewed,us,us
1994-03-07T15:30:40.650Z,11.333,-87.913,33,4.5,mb,,,,0.8,us,usp00069cb,2014-11-07T00:55:07.335Z,"150 km SSW of Corinto, Nicaragua",earthquake,,,,7,reviewed,us,us
1994-03-07T15:16:28.110Z,38.942,24.848,11.2,3.3,ml,,,,1.1,us,usp00069ca,2014-11-07T00:55:07.332Z,"25 km E of Skýros, Greece",earthquake,,4.5,,,reviewed,us,ath
1994-03-07T10:54:57.460Z,33.146,48.033,25.8,4.8,mb,,,,1.4,us,usp00069c8,2014-11-07T00:55:07.317Z,"38 km S of Vas??n, Iran",earthquake,,,,27,reviewed,us,us
1994-03-07T09:11:36.390Z,34.622,-116.606,4.484,3.69,ml,0,90.8,,0.211,ci,ci3157117,2016-02-12T14:59:51.377Z,"39km ENE of Lucerne Valley, California",earthquake,,,,66,reviewed,ci,ci
1994-03-07T08:03:47.190Z,25.486,124.344,163.4,3.9,mb,,,,1.2,us,usp00069c3,2014-11-07T00:55:07.282Z,"122 km NW of Hirara, Japan",earthquake,,24.3,,7,reviewed,us,us
1994-03-07T06:28:29.850Z,-50.382,112.805,10,5.3,mb,,,,0.8,us,usp00069c2,2014-11-07T00:55:07.278Z,"southeast Indian Ridge",earthquake,,,,2,reviewed,us,us
1994-03-07T04:51:15.210Z,29.811,-116.512,1.2,3.6,md,,,,,us,usp00069c1,2014-11-07T00:55:07.277Z,"80 km WSW of El Rosario de Arriba, Mexico",earthquake,,,,,reviewed,ecx,ecx
1994-03-07T04:44:57.570Z,11.737,140.1,25.6,5.6,mw,,,,1.3,us,usp00069c0,2022-04-28T17:47:29.203Z,"222 km NNW of Fais, Micronesia",earthquake,,,,,reviewed,us,hrv
1994-03-07T04:34:07.850Z,40.3041667,-124.5166667,20.796,3.27,md,30,235,0.1694,0.05,nc,nc396352,2016-12-22T01:51:57.200Z,"37 km SW of Ferndale, California",earthquake,0.8,0.27,0.13,47,reviewed,nc,nc
1994-03-07T03:52:42.120Z,38.881,-2.97,5,3.1,mblg,,,,0.8,us,usp00069bx,2014-11-07T00:55:07.248Z,"4 km NNE of Carrizosa, Spain",earthquake,,,,,reviewed,us,mdd
1994-03-07T03:47:01.700Z,61.4447,-150.7592,45.2,3,ml,,,,0.21,ak,ak994317ja6y,2020-09-14T20:25:30.473Z,"17 km SW of Susitna, Alaska",earthquake,,2.2,,,reviewed,ak,ak
1994-03-07T03:37:57.680Z,11.75,140.13,60.9,4.4,mb,,,,1,us,usp00069bv,2014-11-07T00:55:07.231Z,"223 km N of Fais, Micronesia",earthquake,,14.7,,7,reviewed,us,us
1994-03-07T02:26:38.510Z,-14.862,-173.85,33,4.5,mb,,,,0.8,us,usp00069bs,2014-11-07T00:55:07.220Z,"121 km N of Hihifo, Tonga",earthquake,,,,11,reviewed,us,us
1994-03-07T00:57:19.620Z,29.026,52.726,10,4.2,mb,,,,0.9,us,usp00069bq,2014-11-07T00:55:07.215Z,"24 km SSW of Akbar?b?d, Iran",earthquake,,,,9,reviewed,us,us
1994-03-06T22:58:51.330Z,40.116,24.824,10,3.1,md,,,,0.9,us,usp00069bp,2014-11-07T00:55:07.212Z,"33 km NW of Mýrina, Greece",earthquake,,,,,reviewed,us,ath
1994-03-06T22:53:00.570Z,33.197,-115.569,4.888,3,ml,0,48.8,0.06682,0.325,ci,ci3157038,2016-02-12T12:18:52.274Z,"7km SW of Niland, California",earthquake,,0.176,,6,reviewed,ci,ci
1994-03-06T22:49:44.140Z,40.093,24.809,10,3.6,ml,,,,0.9,us,usp00069bm,2014-11-07T00:55:07.201Z,"32 km NW of Mýrina, Greece",earthquake,,,,,reviewed,us,ath
1994-03-06T21:06:42.390Z,-32.516,-71.802,10,3.9,md,,,,0.6,us,usp00069bj,2014-11-07T00:55:07.195Z,"54 km W of La Ligua, Chile",earthquake,,,,,reviewed,us,san
1994-03-06T20:53:09.900Z,39.391,20.653,10,2.9,md,,,,1.3,us,usp00069bh,2014-11-07T00:55:07.192Z,"14 km NW of Pappadátes, Greece",earthquake,,,,,reviewed,us,ath
1994-03-06T20:10:23.500Z,40.289,29.289,10,2.7,ml,,,,0.6,us,usp00069be,2014-11-07T00:55:07.184Z,"11 km NE of Gürsu, Turkey",earthquake,,,,,reviewed,us,isk
1994-03-06T19:37:20.030Z,24.813,122.057,96.5,4.7,mb,,,,1.2,us,usp00069bb,2014-11-07T00:55:07.161Z,"31 km ENE of Yilan, Taiwan",earthquake,,11.2,,38,reviewed,us,us
1994-03-06T18:19:11.480Z,34.354,-118.522,2.029,2.63,ml,0,24.5,,0.276,ci,ci3156974,2016-02-12T09:46:20.551Z,"7km SSW of Santa Clarita, California",earthquake,,0.126,,23,reviewed,ci,ci
1994-03-06T17:44:04.440Z,40.272,29.316,5,2.5,ml,,,,0.6,us,usp00069b8,2014-11-07T00:55:07.148Z,"11 km ENE of Gürsu, Turkey",earthquake,,,,,reviewed,us,isk
1994-03-06T17:24:35.840Z,42.795,-111.116,5,3.4,ml,,,,0.8,us,usp00069b7,2014-11-07T00:55:07.142Z,"9 km W of Auburn, Wyoming",earthquake,,,,,reviewed,us,but
1994-03-06T16:54:35.500Z,36.837,71.608,104,4.4,mb,,,,0.9,us,usp00069b6,2014-11-07T00:55:07.138Z,"12 km N of Ishqoshim, Tajikistan",earthquake,,28.4,,5,reviewed,us,us
1994-03-06T16:21:48.080Z,-33.085,-71.324,60,3.7,md,,,,0.3,us,usp00069b5,2014-11-07T00:55:07.134Z,"6 km SE of Villa Alemana, Chile",earthquake,,,,,reviewed,us,san
1994-03-06T11:33:27.030Z,-6.902,146.824,33,4.2,mb,,,,1.1,us,usp00069b3,2014-11-07T00:55:07.129Z,"27 km SW of Lae, Papua New Guinea",earthquake,,,,2,reviewed,us,us
1994-03-06T11:08:50.820Z,-33.796,-70.372,104,3.6,md,,,,0.1,us,usp00069b2,2014-11-07T00:55:07.125Z,"27 km SE of Puente Alto, Chile",earthquake,,46.2,,,reviewed,us,san
1994-03-06T10:41:14.540Z,34.296,-118.461,5.379,2.6,ml,0,26.3,,0.286,ci,ci3156935,2016-02-11T23:58:59.380Z,"2km NW of Pacoima, California",earthquake,,0.792,,22,reviewed,ci,ci
1994-03-06T10:26:56.960Z,-20.813,-178.027,470.3,4.6,mb,,,,1.2,us,usp00069az,2014-11-07T00:55:07.107Z,"294 km W of Haveluloto, Tonga",earthquake,,23.8,,4,reviewed,us,us
1994-03-06T10:23:58.780Z,34.248,-118.476,13.437,2.8,ml,0,26.4,,0.343,ci,ci3156933,2016-02-11T21:24:58.907Z,"4km SE of Granada Hills, California",earthquake,,0.151,,29,reviewed,ci,ci
1994-03-06T10:22:02.120Z,36.429,31.498,33,3.6,ml,,,,1.2,us,usp00069ax,2014-11-07T00:55:07.095Z,"30 km SW of Okurcalar, Turkey",earthquake,,,,,reviewed,us,isk
1994-03-06T10:13:19.880Z,41.905,139.139,14.9,4.3,mb,,,,1.2,us,usp00069av,2014-11-07T00:55:07.081Z,"125 km W of Kamiiso, Japan",earthquake,,4.4,,13,reviewed,us,us
1994-03-06T09:53:09.760Z,59.8533,-153.1133,116.7,2.5,ml,,,,0.18,ak,ak9942znlu8w,2020-09-14T20:25:32.779Z,"56 km E of Pedro Bay, Alaska",earthquake,,1.7,,,reviewed,ak,ak
1994-03-06T08:33:18.020Z,40.6895,-125.1921667,0.903,3.35,md,40,278,0.6865,0.08,nc,nc396286,2016-12-22T01:48:29.501Z,"79 km W of Ferndale, California",earthquake,1.88,4.72,0.2,36,reviewed,nc,nc
1994-03-06T08:01:43.060Z,-21.556,-113.701,10,5.8,mw,,,,0.9,us,usp00069as,2022-04-28T17:47:27.842Z,"southern East Pacific Rise",earthquake,,,,,reviewed,us,hrv
1994-03-06T07:52:54.560Z,-5.997,142.373,10,4.3,mb,,,,1.1,us,usp00069ar,2014-11-07T00:55:07.019Z,"65 km WSW of Tari, Papua New Guinea",earthquake,,,,1,reviewed,us,us
1994-03-06T06:37:15.340Z,-17.899,-178.421,591.1,4.3,mb,,,,0.7,us,usp00069aq,2014-11-07T00:55:07.012Z,"240 km E of Levuka, Fiji",earthquake,,10.2,,13,reviewed,us,us
1994-03-06T06:24:24.460Z,43.359,17.408,10,3.5,md,,,,1.2,us,usp00069ap,2014-11-07T00:55:07.007Z,"1 km SSW of Grude, Bosnia and Herzegovina",earthquake,,,,,reviewed,us,tri
1994-03-06T06:22:18.300Z,14.047,144.167,143.1,4.9,mb,,,,1.1,us,usp00069an,2014-11-07T00:55:07.004Z,"86 km NW of Piti Village, Guam",earthquake,,8.9,,4,reviewed,us,us
1994-03-06T05:29:08.840Z,8.637,-82.351,10,3.7,ml,,,,0.4,us,usp00069am,2014-11-07T00:55:07.001Z,"3 km ESE of Caldera, Panama",earthquake,,,,,reviewed,us,upa
1994-03-06T05:20:43.960Z,-6.402,130.536,132.4,4.7,mb,,,,1.4,us,usp00069aj,2014-11-07T00:55:06.990Z,"259 km WSW of Tual, Indonesia",earthquake,,29.9,,2,reviewed,us,us
1994-03-06T04:54:41.130Z,6.4,-33.554,10,4.7,mb,,,,1,us,usp00069ah,2014-11-07T00:55:06.985Z,"central Mid-Atlantic Ridge",earthquake,,,,20,reviewed,us,us
1994-03-06T04:48:19.900Z,17.025,147.275,43.4,4.5,mb,,,,0.9,us,usp00069ag,2014-11-07T00:55:06.978Z,"258 km NE of Saipan, Northern Mariana Islands",earthquake,,9.8,,12,reviewed,us,us
1994-03-06T04:27:28.840Z,61.6818,-151.9075,103.9,2.6,ml,,,,0.21,ak,ak9942zkh52s,2020-09-14T20:25:33.611Z,"43 km SW of Skwentna, Alaska",earthquake,,2.3,,,reviewed,ak,ak
1994-03-06T03:39:38.040Z,-31.75,-178.949,33,5.1,mb,,,,1.3,us,usp00069ae,2014-11-07T00:55:06.958Z,"Kermadec Islands region",earthquake,,,,11,reviewed,us,us
1994-03-06T03:32:12.760Z,-21.006,-178.367,488.2,4.4,mb,,,,0.8,us,usp00069ac,2014-11-07T00:55:06.945Z,"Fiji region",earthquake,,10.9,,19,reviewed,us,us
1994-03-06T01:21:24.250Z,37.893,20.967,5,3.2,md,,,,1,us,usp00069aa,2014-11-07T00:55:06.941Z,"13 km WNW of Arkoúdi, Greece",earthquake,,,,,reviewed,us,ath
1994-03-05T23:42:53.640Z,39.504,28.343,10,2.8,ml,,,,0.8,us,usp00069a8,2014-11-07T00:55:06.937Z,"22 km NE of Bigadiç, Turkey",earthquake,,,,,reviewed,us,isk
1994-03-05T23:37:56.150Z,34.307,-118.478,3.109,3.13,ml,0,31.5,,0.319,ci,ci3156844,2016-02-12T02:30:36.304Z,"4km NNE of Granada Hills, California",earthquake,,0.074,,28,reviewed,ci,ci
1994-03-05T23:25:50.780Z,47.801,-3.741,10,3.1,ml,,,,0.8,us,usp00069a6,2014-11-07T00:55:06.920Z,"4 km SSW of Lanmeur, France",earthquake,,,,,reviewed,us,ldg
1994-03-05T23:08:58.530Z,59.3068,-152.534,73.3,4,mb,,,,0.25,ak,ak9942y850rh,2020-09-14T20:25:35.510Z,"35 km W of Nanwalek, Alaska",earthquake,,1.4,,,reviewed,ak,ak
1994-03-05T22:49:10.080Z,-0.83,-24.506,10,4.7,mb,,,,0.9,us,usp00069a3,2014-11-07T00:55:06.889Z,"central Mid-Atlantic Ridge",earthquake,,,,23,reviewed,us,us
1994-03-05T21:32:04.000Z,40.043,24.444,10,2.6,ml,,,,0.5,us,usp00069a1,2014-11-07T00:55:06.883Z,"29 km SE of Karyes, Greece",earthquake,,,,,reviewed,us,the
1994-03-05T20:10:29.750Z,39.515,28.323,10,3.1,ml,,,,1.4,us,usp000699y,2014-11-07T00:55:06.874Z,"21 km NE of Bigadiç, Turkey",earthquake,,,,,reviewed,us,isk
1994-03-05T20:07:38.960Z,-20.253,168,10,4.2,mb,,,,1,us,usp000699x,2014-11-07T00:55:06.870Z,"106 km NE of Wé, New Caledonia",earthquake,,,,4,reviewed,us,us
1994-03-05T19:15:36.850Z,0.934,126.051,53.7,4.6,mb,,,,1,us,usp000699w,2014-11-07T00:55:06.866Z,"133 km ESE of Tondano, Indonesia",earthquake,,17.2,,6,reviewed,us,us
1994-03-05T18:53:23.040Z,-24.025,179.82,523,4.3,mb,,,,1.4,us,usp000699v,2014-11-07T00:55:06.857Z,"south of the Fiji Islands",earthquake,,10.2,,8,reviewed,us,us
1994-03-05T17:08:26.430Z,58.114,-142.678,10,3.2,mb,,,,0.6,us,usp000699u,2020-09-14T20:25:37.077Z,"233 km SW of Yakutat, Alaska",earthquake,,,,1,reviewed,us,us
1994-03-05T16:18:21.680Z,34.837,26.727,65.8,3.9,mb,,,,0.9,us,usp000699t,2014-11-07T00:55:06.845Z,"58 km SE of Palekastro, Greece",earthquake,,8,,11,reviewed,us,us
1994-03-05T15:26:06.940Z,37.022,-4.297,10,3.2,mblg,,,,1.3,us,usp000699s,2014-11-07T00:55:06.839Z,"3 km E of Villanueva del Trabuco, Spain",earthquake,,,,,reviewed,us,mdd
1994-03-05T14:55:49.900Z,60.0645,-149.244,15.1,3,ml,,,,0.36,ak,ak9942y326b2,2020-09-14T20:25:37.421Z,"11 km E of Lowell Point, Alaska",earthquake,,0.8,,,reviewed,ak,ak
1994-03-05T14:23:12.090Z,34.31,-118.475,2.489,3.14,ml,0,27.9,,0.324,ci,ci3156773,2016-02-12T04:57:30.309Z,"4km NW of Pacoima, California",earthquake,,0.082,,27,reviewed,ci,ci
1994-03-05T12:57:25.530Z,45.026,28.861,33,3.1,mb,,,,1.5,us,usp000699n,2014-11-07T00:55:06.812Z,"1 km SW of Agighiol, Romania",earthquake,,,,1,reviewed,us,us
1994-03-05T12:23:20.960Z,32.958,-117.842,5.756,2.88,ml,0,176.6,,0.45,ci,ci3156764,2016-02-13T03:44:20.538Z,"49km ENE of San Clemente Is. (SE tip), California",earthquake,,,,15,reviewed,ci,ci
1994-03-05T11:53:06.030Z,-7.794,124.688,200.1,4.4,mb,,,,1.2,us,usp000699k,2014-11-07T00:55:06.804Z,"106 km NNW of Maubara, Timor Leste",earthquake,,36.7,,2,reviewed,us,us
1994-03-05T11:12:39.780Z,-61.126,153.746,10,4.6,mb,,,,1.3,us,usp000699h,2022-04-28T17:47:26.147Z,"Balleny Islands region",earthquake,,,,10,reviewed,us,us
1994-03-05T11:08:34.430Z,-6.232,146.383,10,4.2,mb,,,,1.1,us,usp000699g,2014-11-07T00:55:06.788Z,"57 km E of Kainantu, Papua New Guinea",earthquake,,,,3,reviewed,us,us
1994-03-05T08:12:01.710Z,44.476,7.252,14.4,2.9,ml,,,,0.6,us,usp000699f,2014-11-07T00:55:06.762Z,"1 km SSW of San Damiano Macra, Italy",earthquake,,3.3,,,reviewed,us,gen
1994-03-05T08:02:41.830Z,42.727,144.046,113.2,3.9,mb,,,,1.1,us,usp000699e,2014-11-07T00:55:06.756Z,"38 km SW of Kushiro, Japan",earthquake,,6.8,,7,reviewed,us,us
1994-03-05T07:22:48.480Z,42.873,-111.088,5,2.5,ml,,,,0.8,us,usp000699d,2014-11-07T00:55:06.752Z,"8 km SW of Thayne, Wyoming",earthquake,,,,,reviewed,us,gs$
1994-03-05T06:53:50.440Z,19.2688333,-155.3026667,32.397,2.62,ml,41,146,,0.11,hv,hv1018833,2020-03-31T22:17:50.430Z,"19 km ENE of P?hala, Hawaii",earthquake,0.61,0.84,0.03,9,reviewed,hv,hv
1994-03-05T04:25:26.870Z,47.741,147.364,360.1,3.5,mb,,,,1.2,us,usp000699a,2014-11-07T00:55:06.740Z,"282 km N of Kuril’sk, Russia",earthquake,,20.2,,5,reviewed,us,us
1994-03-05T04:03:52.580Z,36.579,68.659,26.5,5.1,mw,,,,1,us,usp0006998,2022-04-28T17:47:23.554Z,"24 km SW of Kunduz, Afghanistan",earthquake,,,,,reviewed,us,hrv
1994-03-05T03:49:58.140Z,61.3987,-147.962,33.5,2.5,ml,,,,0.23,ak,ak9942xwh4zq,2020-09-14T20:25:39.953Z,"48 km SSW of Glacier View, Alaska",earthquake,,0.9,,,reviewed,ak,ak
1994-03-05T03:33:51.710Z,-32.425,-71.779,13,3.8,md,,,,0.7,us,usp0006996,2014-11-07T00:55:06.670Z,"51 km W of La Ligua, Chile",earthquake,,4.9,,,reviewed,us,san
1994-03-05T03:13:39.680Z,-23.455,-179.547,500,4.6,mb,,,,1.1,us,usp0006995,2014-11-07T00:55:06.665Z,"south of the Fiji Islands",earthquake,,,,4,reviewed,us,us
1994-03-05T03:10:40.680Z,-59.356,-25.861,33,4.6,mb,,,,1.2,us,usp0006994,2014-11-07T00:55:06.661Z,"South Sandwich Islands region",earthquake,,,,5,reviewed,us,us
1994-03-05T02:28:10.690Z,39.335,25.959,10,3.3,ml,,,,1,us,usp0006993,2014-11-07T00:55:06.656Z,"18 km N of Eresós, Greece",earthquake,,,,,reviewed,us,the
1994-03-05T01:44:24.950Z,-4.925,131.067,33,4.5,mb,,,,0.7,us,usp0006990,2014-11-07T00:55:06.644Z,"202 km WNW of Tual, Indonesia",earthquake,,,,5,reviewed,us,us
1994-03-05T00:16:10.490Z,-33.514,-71.132,56.4,3.4,md,,,,0.2,us,usp000698z,2014-11-07T00:55:06.640Z,"20 km NNE of Melipilla, Chile",earthquake,,21.9,,,reviewed,us,san
1994-03-04T23:54:16.620Z,10.916,-62.19,90,3.2,md,,,,1.2,us,usp000698y,2014-11-07T00:55:06.636Z,"39 km NNE of Güiria, Venezuela",earthquake,,,,,reviewed,us,trn
1994-03-04T23:48:52.710Z,34.198,-118.566,18.191,2.56,ml,0,38.3,,0.3,ci,ci3156689,2016-02-11T21:24:47.694Z,"3km NNW of Tarzana, California",earthquake,,0.292,,21,reviewed,ci,ci
1994-03-04T23:30:38.540Z,-34.329,-71.991,10,3.7,md,,,,0.5,us,usp000698w,2014-11-07T00:55:06.624Z,"66 km WNW of Santa Cruz, Chile",earthquake,,,,,reviewed,us,san
1994-03-04T23:08:13.060Z,41.733,45.257,10,4.4,mb,,,,1.2,us,usp000698v,2014-11-07T00:55:06.611Z,"6 km W of Sagarejo, Georgia",earthquake,,,,11,reviewed,us,us
1994-03-04T23:03:28.580Z,40.631,-3.386,10,2.5,mblg,,,,0.8,us,usp000698u,2014-11-07T00:55:06.608Z,"3 km S of Ribatejada, Spain",earthquake,,,,,reviewed,us,mdd
1994-03-04T22:21:34.130Z,45.614,26.748,149.2,3.3,mb,,,,1.1,us,usp000698t,2014-11-07T00:55:06.599Z,"1 km NE of Vintileasca, Romania",earthquake,,7.3,,3,reviewed,us,us
1994-03-04T22:01:48.800Z,34.39,-118.627,15.8,2.9,ml,0,26.1,,0.226,ci,ci3156667,2016-02-12T02:30:27.359Z,"9km SW of Valencia, California",earthquake,,0.249,,22,reviewed,ci,ci
1994-03-04T21:42:29.730Z,-14.918,166.786,28.9,5.4,mw,,,,1.2,us,usp000698r,2022-04-28T17:22:44.751Z,"33 km WNW of Port-Olry, Vanuatu",earthquake,,,,,reviewed,us,hrv
1994-03-04T19:29:41.230Z,36.607,-2.876,5,2.7,mblg,,,,0.6,us,usp000698n,2014-11-07T00:55:06.538Z,"19 km SSW of El Ejido, Spain",earthquake,,,,,reviewed,us,mdd
1994-03-04T18:10:57.320Z,35.678,-117.611,5.04,2.5,mc,0,114.9,0.1145,0.17,ci,ci3156627,2016-02-13T01:12:12.974Z,"9km NE of Ridgecrest, California",earthquake,,24.436,,22,reviewed,ci,ci
1994-03-04T18:07:55.540Z,40.952,20.848,10,2.8,ml,,,,1,us,usp000698m,2014-11-07T00:55:06.534Z,"17 km ENE of Pogradec, Albania",earthquake,,,,,reviewed,us,the
1994-03-04T17:10:13.930Z,-6.61,147.953,33,4,mb,,,,0.9,us,usp000698k,2014-11-07T00:55:06.530Z,"13 km ESE of Finschhafen, Papua New Guinea",earthquake,,,,2,reviewed,us,us
1994-03-04T17:03:12.020Z,40.151,28.723,10,2.6,ml,,,,0.4,us,usp000698j,2014-11-07T00:55:06.528Z,"23 km NNW of Kar?ncal?, Turkey",earthquake,,,,,reviewed,us,isk
1994-03-04T16:49:15.460Z,-2.175,-106.018,10,5.1,mb,,,,1.1,us,usp000698h,2014-11-07T00:55:06.515Z,"central East Pacific Rise",earthquake,,,,20,reviewed,us,us
1994-03-04T16:35:17.650Z,33.448,-118.248,5.788,2.8,ml,0,143.7,,0.313,ci,ci3156620,2016-02-13T01:12:11.643Z,"14km NNE of Avalon, California",earthquake,,,,19,reviewed,ci,ci
1994-03-04T16:24:30.810Z,34.976,-116.943,3.296,2.99,ml,0,79.4,,0.197,ci,ci3156617,2016-02-12T09:46:01.806Z,"11km NE of Barstow, California",earthquake,,0.709,,29,reviewed,ci,ci
1994-03-04T16:23:09.940Z,8.551,-82.321,10,4.1,ml,,,,1.1,us,usp000698e,2014-11-07T00:55:06.497Z,"3 km NW of Gualaca, Panama",earthquake,,,,,reviewed,us,upa
1994-03-04T15:02:13.010Z,51.965,176.011,33,3.8,mb,,,,1.3,us,usp000698d,2020-09-14T20:25:41.053Z,"215 km ESE of Attu Station, Alaska",earthquake,,,,4,reviewed,us,us
1994-03-04T13:47:59.020Z,39.171,26.41,10,3.4,ml,,,,0.5,us,usp000698b,2014-11-07T00:55:06.488Z,"9 km W of Pámfila, Greece",earthquake,,,,,reviewed,us,the
1994-03-04T13:33:04.640Z,-57.88,-25.492,33,5.2,mb,,,,1,us,usp000698a,2014-11-07T00:55:06.478Z,"South Sandwich Islands region",earthquake,,,,9,reviewed,us,us
1994-03-04T12:21:50.810Z,13.265,144.98,72,5,mb,,,,1.2,us,usp0006989,2014-11-07T00:55:06.461Z,"25 km E of Inarajan Village, Guam",earthquake,,5.3,,26,reviewed,us,us
1994-03-04T12:18:26.300Z,-8.724,147.904,122.8,4.1,mb,,,,0.7,us,usp0006988,2014-11-07T00:55:06.459Z,"25 km NE of Kokoda, Papua New Guinea",earthquake,,13.6,,1,reviewed,us,us
1994-03-04T10:00:22.010Z,37.031,-3.928,10,2.8,mblg,,,,0.6,us,usp0006986,2014-11-07T00:55:06.452Z,"6 km ENE of Alhama de Granada, Spain",earthquake,,,,,reviewed,us,mdd
1994-03-04T09:32:07.780Z,-34.171,-72.035,33,3.6,md,,,,0.4,us,usp0006985,2014-11-07T00:55:06.447Z,"75 km SSW of San Antonio, Chile",earthquake,,,,,reviewed,us,san
1994-03-04T09:31:46.270Z,43.139,-126.921,10,3.4,mb,,,,0.6,us,usp0006984,2016-07-24T00:09:59.170Z,"202 km WNW of Port Orford, Oregon",earthquake,,,,1,reviewed,us,us
1994-03-04T09:00:52.890Z,58.207,-142.823,10,3.3,mb,,,,0.3,us,usp0006982,2020-09-14T20:25:42.400Z,"232 km SW of Yakutat, Alaska",earthquake,,,,1,reviewed,us,us
1994-03-04T08:54:44.900Z,-20.043,-69.726,95.2,3.6,mb,,,,1.4,us,usp0006981,2014-11-07T00:55:06.430Z,"48 km ENE of Iquique, Chile",earthquake,,22.7,,1,reviewed,us,us
1994-03-04T08:54:17.200Z,40.831,28.357,5,2.6,ml,,,,0.5,us,usp0006980,2014-11-07T00:55:06.427Z,"23 km SSW of Kumburgaz, Turkey",earthquake,,,,,reviewed,us,isk
1994-03-04T08:45:41.960Z,58.098,-142.751,10,3.6,mb,,,,1.1,us,usp000697z,2020-09-14T20:25:42.737Z,"237 km SW of Yakutat, Alaska",earthquake,,,,1,reviewed,us,us
1994-03-04T07:29:36.520Z,-33.726,-71.636,10,3.7,md,,,,0.4,us,usp000697y,2014-11-07T00:55:06.409Z,"14 km S of San Antonio, Chile",earthquake,,,,,reviewed,us,san
1994-03-04T07:08:41.130Z,-12.497,-76.873,86.6,4.7,mb,,,,0.7,us,usp000697x,2014-11-07T00:55:06.402Z,"14 km W of Chilca, Peru",earthquake,,6.3,,8,reviewed,us,us
1994-03-04T06:13:30.830Z,60.588,-142.6202,1.9,2.5,ml,,,,0.33,ak,ak9942waibff,2020-09-14T20:25:43.413Z,"95 km S of McCarthy, Alaska",earthquake,,4,,,reviewed,ak,ak
1994-03-04T03:12:14.480Z,34.427,22.542,10,3.7,mb,,,,1.1,us,usp000697v,2014-11-07T00:55:06.391Z,"137 km SW of Palaióchora, Greece",earthquake,,,,1,reviewed,us,us
1994-03-04T01:30:48.490Z,-24.672,-129.304,10,4.8,mb,,,,1.1,us,usp000697t,2014-11-07T00:55:06.377Z,"Pitcairn Islands region",earthquake,,,,18,reviewed,us,us
1994-03-04T00:59:13.480Z,37.511,28.353,10,3.3,ml,,,,0.6,us,usp000697s,2014-11-07T00:55:06.374Z,"7 km N of Kavakl?dere, Turkey",earthquake,,,,,reviewed,us,isk
1994-03-04T00:36:52.090Z,58.6142,-155.1432,119.2,3.1,ml,,,,0.1,ak,ak9942w72owp,2020-09-14T20:25:44.756Z,"88 km E of King Salmon, Alaska",earthquake,,3.2,,,reviewed,ak,ak
1994-03-03T23:54:01.000Z,28.9,52.465,33,4.9,mb,,,,1.1,us,usp000697q,2022-04-28T17:47:20.937Z,"12 km WNW of F?r?z?b?d, Iran",earthquake,,,,59,reviewed,us,us
1994-03-03T23:35:02.920Z,13.503,145.88,70.5,4.6,mb,,,,1.2,us,usp000697p,2014-11-07T00:55:06.323Z,"107 km E of Yigo Village, Guam",earthquake,,11.4,,11,reviewed,us,us
1994-03-03T23:03:17.430Z,58.3785,-155.8407,153.5,4.3,mb,,,,0.24,ak,ak9942ux160v,2020-09-14T20:25:45.181Z,"58 km SE of King Salmon, Alaska",earthquake,,4.1,,,reviewed,ak,ak
1994-03-03T22:56:12.670Z,1.908,97.892,33,4.5,mb,,,,1,us,usp000697m,2014-11-07T00:55:06.295Z,"43 km SSE of Singkil, Indonesia",earthquake,,,,4,reviewed,us,us
1994-03-03T21:51:17.710Z,-18.638,-175.234,233.8,4.4,mb,,,,1.2,us,usp000697j,2014-11-07T00:55:06.269Z,"131 km W of Neiafu, Tonga",earthquake,,48.9,,8,reviewed,us,us
1994-03-03T20:33:08.950Z,18.45,146.755,81,4.7,mb,,,,0.6,us,usp000697h,2014-11-07T00:55:06.262Z,"Pagan region, Northern Mariana Islands",earthquake,,16,,6,reviewed,us,us
1994-03-03T20:03:12.970Z,40.241,-124.1876667,10.086,2.76,md,18,105,0.05495,0.15,nc,nc396108,2016-12-22T01:39:56.192Z,"24 km WSW of Weott, California",earthquake,0.5,0.59,0.11,31,reviewed,nc,nc
1994-03-03T19:33:14.750Z,36.376,21.532,73.4,4.1,mb,,,,1.2,us,usp000697d,2014-11-07T00:55:06.243Z,"51 km SSW of Methóni, Greece",earthquake,,10.4,,4,reviewed,us,us
1994-03-03T18:02:00.130Z,81.377,-115.596,10,4.7,mb,,,,1.3,us,usp000697c,2014-11-07T00:55:06.231Z,"Arctic Ocean",earthquake,,,,24,reviewed,us,us
1994-03-03T17:43:24.030Z,62.2492,-149.3198,53.3,3.2,ml,,,,0.19,ak,ak9942utp5jn,2020-09-14T20:25:46.055Z,"29 km ENE of Susitna North, Alaska",earthquake,,1.9,,,reviewed,ak,ak
1994-03-03T17:34:33.740Z,33.93,-118.207,14.849,2.8,ml,0,128.7,,0.187,ci,ci3156225,2016-02-13T03:44:05.917Z,"0km E of Lynwood, California",earthquake,,0.22,,6,reviewed,ci,ci
1994-03-03T17:27:58.440Z,32.303,-115.251,5.987,3.55,ml,0,250.1,0.3935,0.273,ci,ci3156224,2016-02-11T18:38:21.006Z,"8km SW of Delta, B.C., MX",earthquake,,,,8,reviewed,ci,ci
1994-03-03T17:24:10.670Z,32.337,-115.258,6.002,3.37,mc,0,216.4,0.3594,0.439,ci,ci3156223,2016-02-12T04:57:19.397Z,"6km WSW of Delta, B.C., MX",earthquake,,,,15,reviewed,ci,ci
1994-03-03T16:52:40.090Z,73.663,8.296,10,4.7,mb,,,,1.2,us,usp0006978,2014-11-07T00:55:06.183Z,"Greenland Sea",earthquake,,,,38,reviewed,us,us
1994-03-03T15:16:59.910Z,13.252,-87.572,180.3,4.3,mb,,,,1.1,us,usp0006977,2014-11-07T00:55:06.174Z,"9 km ESE of Amapala, Honduras",earthquake,,,,7,reviewed,us,us
1994-03-03T15:10:48.920Z,33.134,48.394,33,4.3,mb,,,,1.2,us,usp0006976,2014-11-07T00:55:06.170Z,"39 km S of Khorramabad, Iran",earthquake,,,,2,reviewed,us,us
1994-03-03T14:56:48.990Z,27.92,57.234,33,4.7,mb,,,,1.5,us,usp0006975,2014-11-07T00:55:06.165Z,"88 km N of M?n?b, Iran",earthquake,,,,10,reviewed,us,us
1994-03-03T14:34:08.730Z,39.172,30.015,5,2.7,ml,,,,0.4,us,usp0006973,2014-11-07T00:55:06.158Z,"13 km ESE of Aslanapa, Turkey",earthquake,,,,,reviewed,us,isk
1994-03-03T13:17:58.880Z,59.9767,-151.8052,58.1,3.7,ml,,,,0.25,ak,ak9942ur5x74,2020-09-14T20:25:47.243Z,"5 km NW of Happy Valley, Alaska",earthquake,,1.2,,,reviewed,ak,ak
1994-03-03T13:15:05.160Z,-31.18,-71.767,33,3.9,md,,,,0.3,us,usp0006971,2014-11-07T00:55:06.136Z,"75 km NW of Illapel, Chile",earthquake,,,,,reviewed,us,san
1994-03-03T13:09:38.980Z,37.144,-3.649,5,2.9,mblg,,,,1.5,us,usp0006970,2014-11-07T00:55:06.133Z,"0 km WSW of Churriana de la Vega, Spain",earthquake,,,,,reviewed,us,mdd
1994-03-03T10:47:41.360Z,-4.338,144.306,151.9,4.9,mb,,,,1,us,usp000696y,2014-11-07T00:55:06.118Z,"40 km SE of Angoram, Papua New Guinea",earthquake,,4.7,,19,reviewed,us,us
1994-03-03T10:33:48.400Z,42.822,-111.132,5,2.6,ml,,,,0.4,us,usp000696x,2014-11-07T00:55:06.115Z,"11 km WNW of Auburn, Wyoming",earthquake,,,,,reviewed,us,gs$
1994-03-03T10:30:47.680Z,42.854,-111.109,5,2.9,ml,,,,0.8,us,usp000696w,2014-11-07T00:55:06.112Z,"11 km NW of Auburn, Wyoming",earthquake,,,,,reviewed,us,gs$
1994-03-03T10:07:48.550Z,42.787,-111.075,5,3.8,ml,,,,0.9,us,usp000696v,2014-11-07T00:55:06.106Z,"5 km W of Auburn, Wyoming",earthquake,,,,,reviewed,us,but
1994-03-03T09:53:50.020Z,34.379,-118.492,-0.031,2.98,ml,0,21.1,,0.3,ci,ci3156198,2016-02-12T14:59:15.043Z,"4km SSE of Santa Clarita, California",earthquake,,0.167,,26,reviewed,ci,ci
1994-03-03T08:47:40.080Z,42.791,-111.128,5,3.3,ml,,,,0.7,us,usp000696t,2014-11-07T00:55:06.095Z,"10 km W of Auburn, Wyoming",earthquake,,,,,reviewed,us,but
1994-03-03T08:41:20.010Z,34.342,-118.46,4.139,2.57,ml,0,27.2,,0.263,ci,ci3156162,2016-02-12T07:19:54.941Z,"7km NNW of Pacoima, California",earthquake,,0.065,,22,reviewed,ci,ci
1994-03-03T08:37:33.450Z,-4.457,143.664,115.9,4.6,mb,,,,0.9,us,usp000696s,2014-11-07T00:55:06.084Z,"62 km SW of Angoram, Papua New Guinea",earthquake,,4.8,,12,reviewed,us,us
1994-03-03T07:54:24.530Z,42.881,-111.173,5,2.6,ml,,,,0.7,us,usp000696r,2014-11-07T00:55:06.081Z,"14 km WSW of Thayne, Wyoming",earthquake,,,,,reviewed,us,gs$
1994-03-03T07:38:23.620Z,36.486,-2.872,10,2.9,mblg,,,,0.4,us,usp000696q,2014-11-07T00:55:06.069Z,"32 km SSE of Adra, Spain",earthquake,,,,,reviewed,us,mdd
1994-03-03T07:26:58.080Z,42.879,-111.11,5,2.8,ml,,,,0.5,us,usp000696p,2014-11-07T00:55:05.988Z,"9 km WSW of Thayne, Wyoming",earthquake,,,,,reviewed,us,gs$
1994-03-03T07:13:17.790Z,42.796,-111.066,5,3.4,mb,,,,0.9,us,usp000696m,2014-11-07T00:55:05.946Z,"5 km W of Auburn, Wyoming",earthquake,,,,1,reviewed,us,us
1994-03-03T05:55:24.110Z,38.337,22.156,5,3.4,md,,,,1.4,us,usp000696k,2014-11-07T00:55:05.937Z,"11 km NNE of Témeni, Greece",earthquake,,,,,reviewed,us,ath
1994-03-03T05:51:49.750Z,0.419,125.973,36.9,5.3,mw,,,,1,us,usp000696j,2025-12-19T22:47:21.010Z,"153 km SE of Tondano, Indonesia",earthquake,,,,,reviewed,us,hrv
1994-03-03T04:53:46.110Z,40.8465,-124.0938333,25.877,2.89,md,31,162,0.1586,0.08,nc,nc396047,2016-12-22T01:36:46.040Z,"2 km SSW of Arcata, California",earthquake,0.34,0.76,0.12,34,reviewed,nc,nc
1994-03-03T04:46:52.920Z,42.832,-111.112,5,2.7,ml,,,,0.7,us,usp000696g,2014-11-07T00:55:05.892Z,"9 km WNW of Auburn, Wyoming",earthquake,,,,,reviewed,us,gs$
1994-03-03T04:31:43.950Z,38.693,20.466,5,3.1,md,,,,1.4,us,usp000696f,2014-11-07T00:55:05.888Z,"25 km SW of Lefkáda, Greece",earthquake,,,,,reviewed,us,ath
1994-03-03T04:02:04.290Z,43.091,0.204,5,3.5,ml,,,,1.1,us,usp000696e,2014-11-07T00:55:05.871Z,"4 km NE of Gerde, France",earthquake,,,,,reviewed,us,ldg
1994-03-03T02:54:29.770Z,9.804,-78.123,10,4.2,mb,,,,1.2,us,usp000696d,2014-11-07T00:55:05.868Z,"55 km NNE of Playón Chico, Panama",earthquake,,,,2,reviewed,us,us
1994-03-03T01:59:22.360Z,-4.579,135.083,33,4.7,mb,,,,1.5,us,usp000696c,2014-11-07T00:55:05.863Z,"142 km SSW of Nabire, Indonesia",earthquake,,,,3,reviewed,us,us
1994-03-03T01:13:56.210Z,42.774,-111.11,5,2.5,ml,,,,0.5,us,usp000696b,2014-11-07T00:55:05.858Z,"8 km WSW of Auburn, Wyoming",earthquake,,,,,reviewed,us,gs$
1994-03-03T00:42:44.370Z,8.982,-71.382,10,4.2,mb,,,,0.5,us,usp000696a,2014-11-07T00:55:05.853Z,"50 km NNW of Mérida, Venezuela",earthquake,,,,1,reviewed,us,us
1994-03-03T00:33:28.950Z,42.774,-111.054,5,3.9,ml,,,,1.1,us,usp0006969,2014-11-07T00:55:05.845Z,"4 km WSW of Auburn, Wyoming",earthquake,,,,,reviewed,us,but
1994-03-02T23:22:08.630Z,3.504,63.809,10,4.8,mb,,,,1.1,us,usp0006968,2014-11-07T00:55:05.837Z,"Carlsberg Ridge",earthquake,,,,13,reviewed,us,us
1994-03-02T23:07:37.530Z,36.591,-2.783,10,2.9,mblg,,,,0.7,us,usp0006967,2014-11-07T00:55:05.832Z,"20 km S of El Ejido, Spain",earthquake,,,,,reviewed,us,mdd
1994-03-02T22:37:51.850Z,19.3296667,-155.1086667,8.779,2.51,ml,39,115,,0.1,hv,hv1018384,2020-03-31T22:17:49.450Z,"Island of Hawaii, Hawaii",earthquake,0.44,0.46,0.04,4,reviewed,hv,hv
1994-03-02T22:29:45.690Z,57.375,-142.686,10,2.9,ml,,,,0.4,us,usp0006966,2020-09-14T20:25:50.643Z,"297 km SW of Yakutat, Alaska",earthquake,,,,,reviewed,us,aei
1994-03-02T22:26:12.400Z,-33.133,-70.257,12.9,3.9,md,,,,0.3,us,usp0006965,2014-11-07T00:55:05.821Z,"40 km ENE of Chicureo Abajo, Chile",earthquake,,4.6,,,reviewed,us,san
1994-03-02T22:25:48.220Z,62.3587,-151.1595,82.4,2.7,ml,,,,0.21,ak,ak9942t9161y,2020-09-14T20:25:51.279Z,"25 km SW of Petersville, Alaska",earthquake,,2.2,,,reviewed,ak,ak
1994-03-02T22:08:14.120Z,36.309,1.095,10,3.5,mblg,,,,0.7,us,usp0006963,2014-11-07T00:55:05.801Z,"14 km SW of Abou el Hassan, Algeria",earthquake,,,,,reviewed,us,mdd
1994-03-02T20:45:09.280Z,34.973,-116.961,-0.02,2.8,ml,0,77,,0.218,ci,ci2151873,2016-02-13T08:45:38.523Z,"10km NE of Barstow, California",earthquake,,0.981,,15,reviewed,ci,ci
1994-03-02T20:34:25.870Z,-7.401,128.662,156.3,4.5,mb,,,,1.2,us,usp0006961,2014-11-07T00:55:05.791Z,"221 km NE of Lospalos, Timor Leste",earthquake,,28,,3,reviewed,us,us
1994-03-02T20:06:03.670Z,34.202,-118.613,2.331,3.15,ml,0,37,,0.365,ci,ci2151869,2016-02-12T17:33:48.165Z,"1km WNW of Canoga Park, California",earthquake,,0.147,,15,reviewed,ci,ci
1994-03-02T19:17:15.300Z,-19.851,-175.043,158.2,5.4,mw,,,,0.9,us,usp000695y,2025-12-19T22:47:19.696Z,"72 km W of Pangai, Tonga",earthquake,,7.1,,,reviewed,us,hrv
1994-03-02T19:00:04.380Z,3.687,63.801,10,4.6,mb,,,,0.7,us,usp000695x,2014-11-07T00:55:05.697Z,"Carlsberg Ridge",earthquake,,,,4,reviewed,us,us
1994-03-02T17:30:38.730Z,40.4225,-124.3583333,10.879,2.94,md,17,209,0.05586,0.04,nc,nc396001,2016-12-22T01:34:30.187Z,"18 km SSW of Ferndale, California",earthquake,0.41,0.15,0.12,34,reviewed,nc,nc
1994-03-02T17:24:35.750Z,33.475,33.253,10,3.7,ml,,,,1.2,us,usp000695v,2014-11-07T00:55:05.684Z,"135 km S of Limassol, Cyprus",earthquake,,,,,reviewed,us,bhl
1994-03-02T16:50:11.210Z,44.114,6.974,10,2.8,ml,,,,0.6,us,usp000695t,2014-11-07T00:55:05.638Z,"16 km SSE of Saint-Étienne-de-Tinée, France",earthquake,,,,,reviewed,us,ldg
1994-03-02T15:51:04.940Z,37.833,-0.924,5,2.9,mblg,,,,1.2,us,usp000695s,2014-11-07T00:55:05.632Z,"8 km WNW of San Javier, Spain",earthquake,,,,,reviewed,us,mdd
1994-03-02T15:50:30.960Z,34.234,-116.442,-0.893,2.74,ml,0,83.1,,0.173,ci,ci3156060,2016-02-12T12:18:21.230Z,"13km N of Yucca Valley, California",earthquake,,0.394,,20,reviewed,ci,ci
1994-03-02T15:35:11.800Z,35.504,26.754,59.1,4.2,mb,,,,1.2,us,usp000695q,2014-11-07T00:55:05.610Z,"18 km WNW of Fry, Greece",earthquake,,7,,26,reviewed,us,us
1994-03-02T15:25:28.330Z,80.196,-1.728,10,4.5,mb,,,,1.3,us,usp000695p,2014-11-07T00:55:05.599Z,"north of Svalbard",earthquake,,,,17,reviewed,us,us
1994-03-02T14:57:22.650Z,30.844,60.46,33,4.6,mb,,,,1.2,us,usp000695m,2014-11-07T00:55:05.368Z,"101 km WSW of Z?bol, Iran",earthquake,,,,22,reviewed,us,us
1994-03-02T13:37:40.690Z,44.671,-130.069,10,4.2,mb,,,,0.8,us,usp000695k,2014-11-07T00:55:05.114Z,"off the coast of Oregon",earthquake,,,,14,reviewed,us,us
1994-03-02T13:13:49.080Z,64.996,-148.6788,19.1,2.9,ml,,,,0.36,ak,ak9942t3lp30,2020-09-14T20:25:53.512Z,"35 km WNW of Ester, Alaska",earthquake,,0.4,,,reviewed,ak,ak
1994-03-02T13:00:09.060Z,36.434,69.826,24.2,4.8,mb,,,,1,us,usp000695h,2014-11-07T00:55:05.034Z,"15 km S of Farkh?r, Afghanistan",earthquake,,,,31,reviewed,us,us
1994-03-02T12:50:16.220Z,34.246,-118.482,13.991,2.62,ml,0,26.1,,0.314,ci,ci3156036,2016-02-12T14:59:07.912Z,"3km SSE of Granada Hills, California",earthquake,,0.185,,25,reviewed,ci,ci
1994-03-02T12:39:44.640Z,36.802,28.763,33,3.4,ml,,,,0.6,us,usp000695f,2014-11-07T00:55:04.921Z,"4 km S of Ortaca, Turkey",earthquake,,,,,reviewed,us,isk
1994-03-02T10:21:43.950Z,40.6348333,-125.2948333,6.664,3.9,mw,95,244,0.7477,0.13,nc,nc395979,2016-12-22T01:33:10.950Z,"87 km W of Ferndale, California",earthquake,1.21,13.46,,4,reviewed,nc,nc
1994-03-02T10:15:41.460Z,33.968,-117.175,12.635,2.58,ml,0,36.8,,0.14,ci,ci3156074,2016-02-13T03:43:59.089Z,"7km NE of Moreno Valley, California",earthquake,,0.241,,26,reviewed,ci,ci
1994-03-02T07:45:52.830Z,41.082,28.708,10,2.7,ml,,,,0.7,us,usp000695a,2014-11-07T00:55:04.851Z,"6 km NNE of Esenyurt, Turkey",earthquake,,,,,reviewed,us,isk
1994-03-02T07:02:26.570Z,51.104,7.485,10,3,ml,,,,1.3,us,usp0006959,2014-11-07T00:55:04.845Z,"3 km NW of Marienheide, Germany",earthquake,,,,,reviewed,us,ucc
1994-03-02T06:06:46.630Z,39.227,30.327,5,2.9,ml,,,,0.5,us,usp0006956,2014-11-07T00:55:04.834Z,"18 km WSW of K?rka, Turkey",earthquake,,,,,reviewed,us,isk
1994-03-02T05:30:32.450Z,-25.865,-69.094,91.6,4.3,mb,,,,1.4,us,usp0006955,2014-11-07T00:55:04.830Z,"110 km ENE of Diego de Almagro, Chile",earthquake,,15.2,,1,reviewed,us,us
1994-03-02T04:12:29.940Z,42.721,-111.097,5,3.4,ml,,,,0.9,us,usp0006954,2014-11-07T00:55:04.823Z,"10 km WNW of Fairview, Wyoming",earthquake,,,,,reviewed,us,but
1994-03-02T03:57:37.190Z,60.061,-141.584,5.9,3.8,ml,,,,0.19,ak,ak9942sxwrmf,2020-09-14T20:25:56.107Z,"118 km WNW of Yakutat, Alaska",earthquake,,1.1,,,reviewed,ak,ak
1994-03-02T03:38:03.890Z,19.803,-72.799,59.2,5.4,mw,,,,1.1,us,usp0006952,2022-04-28T17:47:14.703Z,"0 km N of Fond Bassin Bleu, Haiti",earthquake,,,,,reviewed,us,hrv
1994-03-02T03:37:52.720Z,34.201,-116.44,-0.355,2.73,ml,0,145.3,,0.174,ci,ci3155990,2016-02-12T20:08:31.167Z,"10km N of Yucca Valley, California",earthquake,,0.738,,21,reviewed,ci,ci
1994-03-02T03:35:37.940Z,34.193,-116.441,-0.835,3.33,ml,0,105.3,,0.175,ci,ci3155989,2016-02-11T21:24:24.932Z,"9km N of Yucca Valley, California",earthquake,,0.394,,53,reviewed,ci,ci
1994-03-02T03:05:22.990Z,29.756,138.655,435.4,4.3,mb,,,,0.7,us,usp000694z,2014-11-07T00:55:04.688Z,"Izu Islands, Japan region",earthquake,,17.6,,5,reviewed,us,us
1994-03-02T02:01:52.280Z,42.733,-111.053,5,2.9,ml,,,,0.5,us,usp000694x,2014-11-07T00:55:04.670Z,"7 km NW of Fairview, Wyoming",earthquake,,,,,reviewed,us,gs$
1994-03-02T01:58:17.090Z,64.2745,-148.4988,20.3,3.8,ml,,,,0.4,ak,ak9942swq2kt,2020-09-14T20:25:57.825Z,"33 km E of Clear, Alaska, Alaska",earthquake,,0.4,,,reviewed,ak,ak
1994-03-02T01:37:37.670Z,16.826,-102.357,33,4,mb,,,,0.9,us,usp000694v,2014-11-07T00:55:04.643Z,"120 km SW of Ixtapa, Mexico",earthquake,,,,2,reviewed,us,us
1994-03-02T01:06:22.660Z,60.004,-153.5813,159.2,2.5,ml,,,,0.17,ak,ak9942swexru,2020-09-14T20:25:58.266Z,"38 km NE of Pedro Bay, Alaska",earthquake,,1.3,,,reviewed,ak,ak
1994-03-01T23:37:55.950Z,36.926,71.289,33,3.9,mb,,,,1.5,us,usp000694t,2014-11-07T00:55:04.627Z,"34 km NW of Ashk?sham, Afghanistan",earthquake,,,,5,reviewed,us,us
1994-03-01T22:52:46.820Z,60.392,-152.2425,83.3,3.7,ml,,,,0.26,ak,ak9942rlnlsa,2020-09-14T20:25:59.458Z,"49 km NW of Ninilchik, Alaska",earthquake,,1.1,,,reviewed,ak,ak
1994-03-01T22:41:17.290Z,40.469,-126.14,3.4,2.9,md,,,,,us,usp000694q,2016-12-22T01:31:10.125Z,"159 km W of Ferndale, California",earthquake,,,,,reviewed,nc,gm$
1994-03-01T19:01:32.870Z,28.941,52.855,33,4.4,mb,,,,0.6,us,usp000694n,2014-11-07T00:55:04.566Z,"29 km ENE of F?r?z?b?d, Iran",earthquake,,,,11,reviewed,us,us
1994-03-01T18:11:56.900Z,19.389,-65.157,10,4.3,mb,,,,0.9,us,usp000694m,2014-11-07T00:55:04.555Z,"118 km NNW of Charlotte Amalie, U.S. Virgin Islands",earthquake,,,,6,reviewed,us,us
1994-03-01T18:10:31.200Z,-32.604,-71.937,19.4,3.9,md,,,,0.7,us,usp000694k,2014-11-07T00:55:04.547Z,"55 km NNW of Valparaíso, Chile",earthquake,,6.5,,,reviewed,us,san
1994-03-01T17:56:11.550Z,34.795,32.814,33,3.5,ml,,,,1.2,us,usp000694j,2014-11-07T00:55:04.540Z,"2 km NE of Páchna, Cyprus",earthquake,,,,,reviewed,us,css
1994-03-01T17:49:24.190Z,44.52,-129.601,10,4,mb,,,,0.8,us,usp000694h,2014-11-07T00:55:04.499Z,"off the coast of Oregon",earthquake,,,,6,reviewed,us,us
1994-03-01T17:42:50.100Z,34.878,32.811,33,3.1,mb,,,,1.4,us,usp000694g,2014-11-07T00:55:04.492Z,"11 km N of Páchna, Cyprus",earthquake,,,,1,reviewed,us,us
1994-03-01T17:06:22.160Z,62.8513,-156.0082,-3,3,ml,,,,0.15,ak,ak9942rieix4,2020-09-14T20:25:59.974Z,"15 km S of Takotna, Alaska",earthquake,,18.9,,,reviewed,ak,ak
1994-03-01T16:24:52.360Z,-30.961,-177.702,502.1,4,mb,,,,1,us,usp000694e,2014-11-07T00:55:04.473Z,"Kermadec Islands, New Zealand",earthquake,,24.7,,2,reviewed,us,us
1994-03-01T16:03:14.870Z,-37.674,177.725,145.7,3.1,mb,,,,1.3,us,usp000694d,2014-11-07T00:55:04.452Z,"53 km NE of Opotiki, New Zealand",earthquake,,10.5,,1,reviewed,us,us
1994-03-01T15:10:05.830Z,62.3737,-148.323,17.4,2.9,ml,,,,0.18,ak,ak9942rh8hbb,2020-09-14T20:26:00.289Z,"64 km N of Chickaloon, Alaska",earthquake,,4.4,,,reviewed,ak,ak
1994-03-01T14:52:31.010Z,36.605,-117.851,4.505,2.77,mc,0,161.1,,0.341,ci,ci3155875,2016-02-13T08:45:28.961Z,"20km E of Lone Pine, California",earthquake,,,,63,reviewed,ci,ci
1994-03-01T13:55:30.670Z,32.883,-115.518,15.469,2.57,mc,0,85.7,0.07214,0.3,ci,ci3155871,2016-02-12T04:57:02.430Z,"6km NE of Imperial, California",earthquake,,0.334,,59,reviewed,ci,ci
1994-03-01T13:34:20.480Z,42.533,24.091,10,3.1,ml,,,,0.9,us,usp0006948,2014-11-07T00:55:04.359Z,"9 km WNW of Panagyurishte, Bulgaria",earthquake,,,,,reviewed,us,the
1994-03-01T13:24:05.770Z,38.632,26.468,5,3.8,ml,,,,1,us,usp0006947,2014-11-07T00:55:04.349Z,"3 km W of Karaburun, Turkey",earthquake,,,,,reviewed,us,ath
1994-03-01T13:05:39.340Z,62.336,-151.1595,83.1,2.8,ml,,,,0.17,ak,ak9942rg0m3y,2020-09-14T20:26:01.177Z,"27 km SW of Petersville, Alaska",earthquake,,2.6,,,reviewed,ak,ak
1994-03-01T13:03:59.070Z,39.117,22.428,10,3.2,ml,,,,0.8,us,usp0006944,2014-11-07T00:55:04.300Z,"11 km E of Domokós, Greece",earthquake,,,,,reviewed,us,the
1994-03-01T11:41:28.080Z,15.964,145.891,125.7,5.1,mb,,,,0.8,us,usp0006943,2014-11-07T00:55:04.251Z,"84 km N of Saipan, Northern Mariana Islands",earthquake,,3.3,,32,reviewed,us,us
1994-03-01T10:51:52.710Z,59.2902,-138.1157,-1.7,2.5,ml,,,,0.57,ak,ak9942rei79j,2020-09-14T20:26:01.641Z,"95 km ESE of Yakutat, Alaska",earthquake,,5.7,,,reviewed,ak,ak
1994-03-01T09:10:55.460Z,36.538,-2.81,5,3,mblg,,,,1.4,us,usp0006941,2014-11-07T00:55:04.233Z,"26 km S of El Ejido, Spain",earthquake,,,,,reviewed,us,mdd
1994-03-01T07:45:56.210Z,-19.188,-69.715,162,4.2,mb,,,,1,us,usp0006940,2014-11-07T00:55:04.225Z,"100 km SE of Arica, Chile",earthquake,,16.4,,1,reviewed,us,us
1994-03-01T07:37:07.970Z,9.604,126.518,33,4,mb,,,,1.4,us,usp000693z,2014-11-07T00:55:04.217Z,"47 km ESE of Union, Philippines",earthquake,,,,1,reviewed,us,us
1994-03-01T06:13:50.300Z,-16.485,-172.46,35.3,4.8,ms,,,,1.3,us,usp000693y,2014-11-07T00:55:04.197Z,"154 km ESE of Hihifo, Tonga",earthquake,,,,2,reviewed,us,us
1994-03-01T05:42:53.720Z,29.007,52.607,10,4.5,mb,,,,1,us,usp000693x,2014-11-07T00:55:04.168Z,"18 km N of F?r?z?b?d, Iran",earthquake,,,,20,reviewed,us,us
1994-03-01T05:23:37.940Z,38.477,22.1,5,3.4,ml,,,,0.7,us,usp000693w,2014-11-07T00:55:04.155Z,"10 km WSW of Lidoríki, Greece",earthquake,,,,,reviewed,us,the
1994-03-01T05:03:09.020Z,59.7432,-152.7215,92.2,4.4,ml,,,,0.27,ak,ak9942rb8nhy,2020-09-14T20:26:02.354Z,"50 km W of Anchor Point, Alaska",earthquake,,1.4,,,reviewed,ak,ak
1994-03-01T04:00:05.050Z,28.626,52.255,10,4.4,mb,,,,0.9,us,usp000693u,2014-11-07T00:55:04.083Z,"39 km SW of F?r?z?b?d, Iran",earthquake,,,,8,reviewed,us,us
1994-03-01T03:49:00.830Z,29.096,52.617,12.9,6.1,mw,,,,1.1,us,usp000693t,2022-04-28T17:47:09.374Z,"22 km SW of Akbar?b?d, Iran",earthquake,,,,,reviewed,us,hrv
1994-03-01T03:27:44.610Z,-22.616,-68.683,109.2,4.3,mb,,,,1,us,usp000693s,2014-11-07T00:55:03.601Z,"30 km SE of Calama, Chile",earthquake,,15.6,,1,reviewed,us,us
1994-03-01T03:04:12.130Z,36.468,28.669,5,3.8,md,,,,1.5,us,usp000693r,2014-11-07T00:55:03.587Z,"27 km S of Sarigerme, Turkey",earthquake,,,,,reviewed,us,ath
1994-03-01T02:47:26.090Z,36.6393333,-121.2576667,4.86,2.56,md,45,62,0.03063,0.06,nc,nc395903,2016-12-22T01:27:21.150Z,"17 km SSE of Tres Pinos, California",earthquake,0.14,0.47,0.28,39,reviewed,nc,nc
1994-03-01T02:45:59.190Z,36.6398333,-121.2535,6.21,3.7,mw,79,40,0.03153,0.05,nc,nc395840,2016-12-22T01:27:11.610Z,"17 km SSE of Tres Pinos, California",earthquake,0.1,0.26,,3,reviewed,nc,nc
1994-03-01T00:11:08.570Z,37.076,21.702,33,3.4,ml,,,,1.3,us,usp000693m,2014-11-07T00:55:02.930Z,"3 km NNW of Chóra, Greece",earthquake,,,,,reviewed,us,the
