time,latitude,longitude,depth,mag,magType,nst,gap,dmin,rms,net,id,updated,place,type,horizontalError,depthError,magError,magNst,status,locationSource,magSource
2000-05-30T23:51:30.930Z,44.115,7.936,7.7,2.5,ml,,,,,us,usp0009tpj,2014-11-07T01:10:13.337Z,"1 km W of Caprauna, Italy",earthquake,,,,,reviewed,gen,gen
2000-05-30T23:38:35.530Z,16.476,-60.954,36.1,3.1,md,,,,,us,usp0009tph,2014-11-07T01:10:13.335Z,"22 km NE of Beauséjour, Guadeloupe",earthquake,,,,,reviewed,fdf,trn
2000-05-30T23:17:28.350Z,3.355,126.751,33,4.3,mb,,,,1.01,us,usp0009tpg,2014-11-07T01:10:13.334Z,"227 km NW of Tobelo, Indonesia",earthquake,,,,2,reviewed,us,us
2000-05-30T23:17:01.610Z,-0.584,123.742,33,4.4,mb,,,,0.8,us,usp0009tpf,2014-11-07T01:10:13.331Z,"113 km ENE of Luwuk, Indonesia",earthquake,,,,2,reviewed,us,us
2000-05-30T22:56:41.030Z,4.816,126.078,135.1,4.5,mb,,,,0.94,us,usp0009tpe,2014-11-07T01:10:13.329Z,"94 km SE of Sarangani, Philippines",earthquake,,8,,3,reviewed,us,us
2000-05-30T22:49:56.390Z,22.068,125.743,30.4,4.7,mb,,,,0.92,us,usp0009tpd,2014-11-07T01:10:13.325Z,"299 km SSE of Ishigaki, Japan",earthquake,,,,18,reviewed,us,us
2000-05-30T21:19:05.120Z,38.101,-81.582,0,2.9,mblg,8,,,1.14,rusms,rusms00001960,2022-06-09T21:12:02.538Z,"4 km SE of Comfort, West Virginia",explosion,,,,,reviewed,us,us
2000-05-30T20:35:42.330Z,33.021,-109.328,0,3,ml,8,,,0.38,rusms,rusms00001959,2022-06-09T21:12:02.533Z,"4 km SW of Clifton, Arizona",explosion,,,,,reviewed,us,us
2000-05-30T19:58:50.490Z,52.925,160.445,48.2,3.9,mb,,,,1.01,us,usp0009tp8,2014-11-07T01:10:13.315Z,"121 km E of Petropavlovsk-Kamchatsky, Russia",earthquake,,9,,3,reviewed,us,us
2000-05-30T19:42:33.090Z,36.524,71.536,106.5,4.9,mwc,,,,0.94,us,usp0009tp7,2016-11-09T22:38:30.418Z,"17 km S of Ashk?sham, Afghanistan",earthquake,,,,,reviewed,us,hrv
2000-05-30T18:24:09.130Z,-7.554,108.666,231.1,4.5,mb,,,,1.32,us,usp0009tp5,2014-11-07T01:10:13.026Z,"15 km WSW of Sidareja, Indonesia",earthquake,,25.2,,8,reviewed,us,us
2000-05-30T18:04:00.400Z,-17.15,167.326,33,4.5,mb,,,,0.99,us,usp0009tp4,2014-11-07T01:10:12.932Z,"116 km S of Lakatoro, Vanuatu",earthquake,,,,5,reviewed,us,us
2000-05-30T16:16:27.200Z,35.044,26.897,33,4,mb,,,,1.49,us,usp0009tp1,2014-11-07T01:10:12.901Z,"41 km S of Fry, Greece",earthquake,,,,5,reviewed,us,us
2000-05-30T16:12:50.340Z,52.763,160.46,50.2,4.5,mb,,,,1.32,us,usp0009tp0,2014-11-07T01:10:12.863Z,"125 km ESE of Petropavlovsk-Kamchatsky, Russia",earthquake,,6.5,,20,reviewed,us,us
2000-05-30T15:43:24.500Z,16.031,-98.382,5,3.9,md,,,,,us,usp0009tnz,2014-11-07T01:10:12.830Z,"30 km SW of Corralero, Mexico",earthquake,,,,,reviewed,unm,unm
2000-05-30T14:47:21.590Z,39.357,-123.045,6.24,2.96,md,52,48,0.1649,0.06,nc,nc21101001,2016-12-31T12:22:03.800Z,"7 km ENE of Potter Valley, California",earthquake,0.12,0.54,0.11,58,reviewed,nc,nc
2000-05-30T14:27:47.580Z,37.083,141.198,49.3,4.5,mb,,,,0.97,us,usp0009tnw,2014-11-07T01:10:12.575Z,"28 km E of Iwaki, Japan",earthquake,,,,6,reviewed,us,us
2000-05-30T13:43:48.030Z,36.001,21.981,33,3.8,mb,,,,0.93,us,usp0009tnv,2014-11-07T01:10:12.573Z,"88 km S of Koróni, Greece",earthquake,,,,1,reviewed,us,us
2000-05-30T13:29:17.920Z,5.673,-77.404,33,4,mb,,,,1.31,us,usp0009tnu,2014-11-07T01:10:12.571Z,"15 km WSW of Nuquí, Colombia",earthquake,,,,4,reviewed,us,us
2000-05-30T12:30:55.000Z,-42.98,176.34,33,4.2,ml,,,,,us,usp0009tnt,2014-11-07T01:10:12.569Z,"186 km SSE of Waipawa, New Zealand",earthquake,,,,,reviewed,wel,wel
2000-05-30T11:34:00.320Z,-6.519,129.936,33,4.3,mb,,,,1.32,us,usp0009tns,2014-11-07T01:10:12.568Z,"Banda Sea",earthquake,,,,1,reviewed,us,us
2000-05-30T11:13:40.360Z,-17.786,-178.779,609.6,4.8,mb,,,,0.7,us,usp0009tnr,2014-11-07T01:10:12.546Z,"204 km E of Levuka, Fiji",earthquake,,5.9,,58,reviewed,us,us
2000-05-30T11:06:45.690Z,42.218,-107.596,5,3.1,mb,,,,0.77,us,usp0009tnq,2014-11-07T01:10:12.542Z,"4 km SW of Bairoil, Wyoming",earthquake,,,,1,reviewed,us,us
2000-05-30T10:36:33.760Z,-22.283,-179.503,500,4.4,mb,,,,1.06,us,usp0009tnn,2014-11-07T01:10:12.538Z,"south of the Fiji Islands",earthquake,,,,3,reviewed,us,us
2000-05-30T10:31:06.780Z,40.3065,-124.4471667,11.37,2.5,md,20,228,0.1883,0.04,nc,nc21100984,2016-12-31T12:21:23.044Z,"33 km SSW of Ferndale, California",earthquake,0.59,0.27,0.22,16,reviewed,nc,nc
2000-05-30T10:12:10.060Z,6.923,91.524,33,4.5,mb,,,,1.16,us,usp0009tnm,2014-11-07T01:10:12.513Z,"Nicobar Islands, India region",earthquake,,,,7,reviewed,us,us
2000-05-30T08:28:00.750Z,-34.275,-70.017,3.5,3.3,md,,,,,us,usp0009tnj,2014-11-07T01:10:12.345Z,"59 km E of Machalí, Chile",earthquake,,,,,reviewed,guc,guc
2000-05-30T08:17:43.480Z,40.642,34.644,10,4,mb,,,,1.52,us,usp0009tnh,2014-11-07T01:10:12.309Z,"17 km SE of ?skilip, Turkey",earthquake,,,,1,reviewed,us,us
2000-05-30T08:15:19.050Z,-33.028,-72.018,8.3,3.4,md,,,,,us,usp0009tng,2014-11-07T01:10:12.307Z,"36 km W of Valparaíso, Chile",earthquake,,,,,reviewed,guc,guc
2000-05-30T07:50:59.390Z,39.357,-123.0445,6.13,2.67,md,43,57,0.164,0.06,nc,nc21100962,2016-12-31T12:19:30.970Z,"7 km ENE of Potter Valley, California",earthquake,0.12,0.65,0.09,44,reviewed,nc,nc
2000-05-30T07:22:06.240Z,19.3215,-155.2133333,8.63,2.54,ml,32,131,,0.13,hv,hv1288494,2020-03-31T20:38:16.700Z,"13 km S of Volcano, Hawaii",earthquake,0.54,0.4,0.06,5,reviewed,hv,hv
2000-05-30T06:39:00.230Z,-63.622,172.741,10,5.9,mwb,,,,1.04,us,usp0009tnd,2022-04-29T18:39:13.610Z,"Balleny Islands region",earthquake,,,,,reviewed,us,us
2000-05-30T05:18:45.620Z,-36.158,52.576,10,4.4,mb,,,,1.2,us,usp0009tnc,2014-11-07T01:10:12.264Z,"Southwest Indian Ridge",earthquake,,,,4,reviewed,us,us
2000-05-30T03:50:07.100Z,-40.19,174.97,11,3.5,ml,,,,,us,usp0009tna,2014-11-07T01:10:12.261Z,"29 km SSW of Wanganui, New Zealand",earthquake,,,,,reviewed,wel,wel
2000-05-30T03:13:42.340Z,36.495,70.444,211.9,4.5,mb,,,,1.02,us,usp0009tn9,2014-11-07T01:10:12.258Z,"53 km E of Farkh?r, Afghanistan",earthquake,,10.4,,4,reviewed,us,us
2000-05-30T02:11:02.790Z,19.326,-155.2245,6.862,3.9,md,33,129,,0.12,hv,hv1288523,2020-03-31T20:38:15.340Z,"12 km S of Volcano, Hawaii",earthquake,0.44,0.52,,,reviewed,hv,hv
2000-05-30T02:10:58.520Z,37.3106667,-122.076,4.876,2.68,md,70,28,0.02703,0.07,nc,nc21100915,2016-12-31T12:17:38.500Z,"4 km WSW of Cupertino, California",earthquake,0.09,0.25,0.1,92,reviewed,nc,nc
2000-05-30T02:10:31.810Z,19.2946667,-155.2181667,9.228,2.84,ml,36,160,,0.11,hv,hv1288469,2020-03-31T20:38:15.170Z,"16 km S of Volcano, Hawaii",earthquake,0.52,0.35,0.11,5,reviewed,hv,hv
2000-05-30T00:47:10.210Z,-3.772,101.887,33,4.6,mb,,,,0.87,us,usp0009tn5,2014-11-07T01:10:12.250Z,"42 km W of Bengkulu, Indonesia",earthquake,,,,4,reviewed,us,us
2000-05-30T00:42:10.260Z,41.981,20.502,10,2.8,ml,,,,1.14,us,usp0009tn4,2014-11-07T01:10:12.249Z,"12 km SSE of Kukës, Albania",earthquake,,,,,reviewed,us,sko
2000-05-29T23:21:33.970Z,39.3501667,-123.0405,5.81,3.09,ml,56,49,0.1685,0.11,nc,nc21100895,2016-12-31T12:17:07.430Z,"6 km ENE of Potter Valley, California",earthquake,0.15,0.52,,7,reviewed,nc,nc
2000-05-29T23:20:00.340Z,0.284,119.753,59,4.5,mb,,,,0.74,us,usp0009tn0,2014-11-07T01:10:12.242Z,"132 km N of Palu, Indonesia",earthquake,,,,11,reviewed,us,us
2000-05-29T22:04:46.480Z,15.353,-92.896,103.6,4,md,,,,0.48,us,usp0009tmz,2014-11-07T01:10:12.240Z,"8 km S of Mapastepec, Mexico",earthquake,,15.9,,,reviewed,us,unm
2000-05-29T21:59:30.900Z,15.224,-93.139,30.9,4.3,md,,,,,us,usp0009tmy,2014-11-07T01:10:12.239Z,"25 km S of La Esperanza (El Zapotal), Mexico",earthquake,,,,,reviewed,unm,unm
2000-05-29T21:37:50.964Z,61.9442,-150.7663,56.9,2.6,ml,,,,0.61,ak,ak0006wfc77c,2020-02-20T20:15:25.858Z,"33 km E of Skwentna, Alaska",earthquake,,0.7,,,reviewed,ak,ak
2000-05-29T21:03:23.310Z,27.723,130.854,33,4.4,mb,,,,0.87,us,usp0009tmv,2014-11-07T01:10:12.232Z,"152 km ESE of Naze, Japan",earthquake,,,,10,reviewed,us,us
2000-05-29T20:42:59.400Z,-34.616,-70.759,98.6,2.9,md,,,,,us,usp0009tmu,2014-11-07T01:10:12.230Z,"24 km SSE of Rengo, Chile",earthquake,,,,,reviewed,guc,guc
2000-05-29T20:13:43.700Z,-57.84,-25.286,33,4,mb,,,,0.97,us,usp0009tmt,2014-11-07T01:10:12.229Z,"South Sandwich Islands region",earthquake,,,,5,reviewed,us,us
2000-05-29T19:58:42.660Z,32.983,-109.271,0,3,ml,7,,,0.67,rusms,rusms00001958,2022-06-09T21:12:02.530Z,"7 km SSE of Clifton, Arizona",explosion,,,,,reviewed,us,us
2000-05-29T19:41:47.180Z,35.095,-118.314,6.305,2.5,mc,0,29.5,0.0484,0.196,ci,ci9152296,2016-02-16T21:37:33.636Z,"13km ESE of Tehachapi, California",earthquake,,0.778,,62,reviewed,ci,ci
2000-05-29T19:41:30.667Z,37.366,-117.1948,4.3,2.7,ml,28,101.83,0.082,0.133,nn,nn00009126,2018-04-24T22:27:13.237Z,"38 km S of Goldfield, Nevada",earthquake,,1.4,,,reviewed,nn,nn
2000-05-29T19:00:27.200Z,16.21,-98.523,5,3.8,md,,,,,us,usp0009tmp,2014-11-07T01:10:12.223Z,"16 km SSW of Santiago Tepextla, Mexico",earthquake,,,,,reviewed,unm,unm
2000-05-29T18:56:55.430Z,31.469,-115.552,5.925,2.76,mc,0,284,1.186,0.481,ci,ci9152290,2016-02-17T04:53:18.468Z,"92km SSW of Alberto Oviedo Mota, B.C., MX",earthquake,,,,7,reviewed,ci,ci
2000-05-29T18:45:34.890Z,10.698,-62.383,96,3.4,md,,,,,us,usp0009tmn,2014-11-07T01:10:12.222Z,"16 km NW of Güiria, Venezuela",earthquake,,,,,reviewed,trn,trn
2000-05-29T18:14:55.100Z,14.899,-92.34,96.5,4.2,md,,,,,us,usp0009tmm,2014-11-07T01:10:12.221Z,"1 km SW of Viva México, Mexico",earthquake,,,,,reviewed,unm,unm
2000-05-29T17:59:01.460Z,32.856,-109.245,0,2.7,ml,7,,,0.26,rusms,rusms00001957,2022-06-09T21:12:02.527Z,"5 km SW of York, Arizona",explosion,,,,,reviewed,us,us
2000-05-29T17:44:43.790Z,40.172,-1.883,6.4,2.7,mblg,,,,,us,usp0009tmk,2014-11-07T01:10:12.218Z,"4 km WSW of Beamud, Spain",earthquake,,,,,reviewed,mdd,mdd
2000-05-29T17:29:56.710Z,44.462,6.74,4.5,2.5,ml,,,,,us,usp0009tmj,2014-11-07T01:10:12.215Z,"5 km N of Jausiers, France",earthquake,,,,,reviewed,gen,gen
2000-05-29T17:26:12.100Z,50.277,-176.403,33,3.9,mb,,,,0.89,us,usp0009tmh,2020-02-20T20:15:08.845Z,"178 km S of Adak, Alaska",earthquake,,,,1,reviewed,us,us
2000-05-29T17:21:30.080Z,29.195,139.33,428.1,4.6,mb,,,,0.85,us,usp0009tmg,2014-11-07T01:10:12.212Z,"Izu Islands, Japan region",earthquake,,13.1,,1,reviewed,us,us
2000-05-29T17:03:37.840Z,14.763,-60.72,65,2.9,md,,,,,us,usp0009tmf,2014-11-07T01:10:12.210Z,"25 km NE of Le François, Martinique",earthquake,,,,,reviewed,trn,trn
2000-05-29T17:03:23.350Z,-29.135,-13.764,10,4.4,mb,,,,1.28,us,usp0009tme,2014-11-07T01:10:12.208Z,"southern Mid-Atlantic Ridge",earthquake,,,,5,reviewed,us,us
2000-05-29T16:38:07.210Z,-17.05,66.858,33,4.4,mb,,,,1.2,us,usp0009tmd,2014-11-07T01:10:12.207Z,"Mauritius - Reunion region",earthquake,,,,1,reviewed,us,us
2000-05-29T15:55:27.780Z,-55.987,-24.262,33,4.2,mb,,,,0.4,us,usp0009tmc,2014-11-07T01:10:12.206Z,"South Sandwich Islands region",earthquake,,,,2,reviewed,us,us
2000-05-29T15:46:19.200Z,19.772,-104.669,33.3,4.2,md,,,,,us,usp0009tmb,2014-11-07T01:10:12.205Z,"9 km NW of Purificación, Mexico",earthquake,,,,,reviewed,unm,unm
2000-05-29T15:31:29.160Z,40.2998333,-120.1953333,0.643,2.82,md,31,234,0.945,0.26,nc,nc21100854,2018-04-24T22:27:12.758Z,"17 km N of Patton Village, California",earthquake,1.48,2.67,0.17,42,reviewed,nc,nc
2000-05-29T15:06:14.900Z,-32.174,-69.927,138,3.5,mb,,,,,us,usp0009tma,2014-11-07T01:10:12.202Z,"96 km NE of Los Andes, Chile",earthquake,,,,1,reviewed,guc,us
2000-05-29T14:56:37.440Z,-55.89,-27.312,100,3.9,mb,,,,0.56,us,usp0009tm9,2014-11-07T01:10:12.201Z,"South Sandwich Islands region",earthquake,,,,2,reviewed,us,us
2000-05-29T13:23:54.880Z,36.317,138.269,181.8,4.3,mb,,,,0.88,us,usp0009tm8,2014-11-07T01:10:12.198Z,"0 km WSW of Kamimaruko, Japan",earthquake,,4.8,,7,reviewed,us,us
2000-05-29T13:11:26.700Z,-5.983,151.963,33,4,mb,,,,1.07,us,usp0009tm7,2014-11-07T01:10:12.197Z,"184 km S of Kokopo, Papua New Guinea",earthquake,,,,2,reviewed,us,us
2000-05-29T11:48:11.000Z,2.687,128.755,213.9,4.7,mb,,,,0.95,us,usp0009tm5,2014-11-07T01:10:12.193Z,"134 km NE of Tobelo, Indonesia",earthquake,,12.4,,9,reviewed,us,us
2000-05-29T11:02:48.360Z,2.579,126.664,44.1,4.1,mb,,,,1.2,us,usp0009tm4,2014-11-07T01:10:12.192Z,"176 km WNW of Tobelo, Indonesia",earthquake,,23.8,,2,reviewed,us,us
2000-05-29T08:11:34.620Z,-31.734,-71.842,23.6,4.3,md,,,,,us,usp0009tm2,2014-11-07T01:10:12.188Z,"64 km W of Illapel, Chile",earthquake,,,,,reviewed,guc,guc
2000-05-29T06:48:03.800Z,33.401,142.468,33,4.7,mb,,,,1.21,us,usp0009tm1,2014-11-07T01:10:12.186Z,"277 km SE of Katsuura, Japan",earthquake,,,,2,reviewed,us,us
2000-05-29T06:32:44.200Z,42.58,1.04,10,3.6,ml,,,,,us,usp0009tm0,2014-11-07T01:10:12.182Z,"3 km W of Espot, Spain",earthquake,,,,,reviewed,str,str
2000-05-29T06:01:59.280Z,0.019,119.936,33,4.7,mb,,,,0.77,us,usp0009tkz,2014-11-07T01:10:12.178Z,"102 km N of Palu, Indonesia",earthquake,,,,14,reviewed,us,us
2000-05-29T05:42:11.500Z,16.137,-98.006,5,3.8,md,,,,,us,usp0009tky,2014-11-07T01:10:12.176Z,"5 km SW of Santa María Chico Ometepec, Mexico",earthquake,,,,,reviewed,unm,unm
2000-05-29T05:01:06.300Z,17.271,-98.45,80.7,4,md,,,,,us,usp0009tkx,2014-11-07T01:10:12.174Z,"5 km NNW of San Rafael, Mexico",earthquake,,,,,reviewed,unm,unm
2000-05-29T04:22:49.666Z,55.9017,-161.3884,177.1,3.1,ml,,,,0.44,ak,ak0006w54m2u,2020-02-20T20:15:28.907Z,"15 km SW of Nelson Lagoon, Alaska",earthquake,,8.9,,,reviewed,ak,ak
2000-05-29T04:00:13.680Z,36.458,-3.014,0.3,2.9,mblg,,,,,us,usp0009tkv,2014-11-07T01:10:12.170Z,"32 km S of Adra, Spain",earthquake,,,,,reviewed,mdd,mdd
2000-05-29T03:36:31.690Z,54.484,-161.896,58.9,3.6,mb,,,,1.39,us,usp0009tku,2020-02-20T20:15:29.239Z,"69 km SSE of King Cove, Alaska",earthquake,,15,,2,reviewed,us,us
2000-05-29T03:06:10.550Z,30.759,86.984,33,4.4,mb,,,,1.3,us,usp0009tks,2014-11-07T01:10:12.164Z,"232 km NE of Saga, China",earthquake,,,,7,reviewed,us,us
2000-05-29T03:00:27.130Z,22.744,143.04,33,3.6,mb,,,,1.3,us,usp0009tkr,2014-11-07T01:10:12.162Z,"Volcano Islands, Japan region",earthquake,,,,1,reviewed,us,us
2000-05-29T02:58:18.180Z,-1.224,97.497,33,4.6,mb,,,,0.59,us,usp0009tkq,2014-11-07T01:10:12.160Z,"299 km WSW of Pariaman, Indonesia",earthquake,,,,5,reviewed,us,us
2000-05-29T02:30:55.040Z,-33.417,-68.504,10,4.3,md,,,,0.8,us,usp0009tkn,2014-11-07T01:10:12.156Z,"37 km S of San Martín, Argentina",earthquake,,,,,reviewed,us,guc
2000-05-29T02:14:01.860Z,30.944,87.111,33,4.1,mb,,,,1.45,us,usp0009tkm,2014-11-07T01:10:12.154Z,"253 km NW of Rikaze, China",earthquake,,,,5,reviewed,us,us
2000-05-28T23:40:09.480Z,12.518,142.56,52.9,4.6,mb,,,,0.96,us,usp0009tkj,2014-11-07T01:10:12.149Z,"243 km WSW of Merizo Village, Guam",earthquake,,14.6,,11,reviewed,us,us
2000-05-28T21:00:54.590Z,-15.238,167.38,140.4,4.6,mb,,,,0.99,us,usp0009tkh,2014-11-07T01:10:12.141Z,"38 km NE of Luganville, Vanuatu",earthquake,,,,16,reviewed,us,us
2000-05-28T20:56:26.610Z,-15.271,-173.51,78.8,5,mb,,,,0.63,us,usp0009tkg,2014-11-07T01:10:12.132Z,"81 km NNE of Hihifo, Tonga",earthquake,,,,46,reviewed,us,us
2000-05-28T18:59:05.400Z,36.023,21.97,33,3.7,mb,,,,0.79,us,usp0009tkc,2014-11-07T01:10:12.126Z,"85 km S of Koróni, Greece",earthquake,,,,1,reviewed,us,us
2000-05-28T18:57:39.160Z,-2.877,141.89,10,4.5,mb,,,,0.72,us,usp0009tkb,2014-11-07T01:10:12.124Z,"58 km WNW of Aitape, Papua New Guinea",earthquake,,,,9,reviewed,us,us
2000-05-28T18:17:44.980Z,36.686,-7.289,15,2.7,mblg,,,,,us,usp0009tka,2014-11-07T01:10:12.122Z,"56 km SE of Santa Luzia, Portugal",earthquake,,,,,reviewed,mdd,mdd
2000-05-28T14:52:01.130Z,33.743,74.711,59.2,4,mb,,,,0.74,us,usp0009tk8,2014-11-07T01:10:12.119Z,"11 km WNW of Shup?yan, India",earthquake,,18.2,,1,reviewed,us,us
2000-05-28T13:54:58.340Z,-6.878,130.24,53.9,4.7,mb,,,,0.87,us,usp0009tk7,2014-11-07T01:10:12.116Z,"Banda Sea",earthquake,,20.4,,6,reviewed,us,us
2000-05-28T12:26:33.400Z,35.68,-1.526,10,3.1,mblg,,,,,us,usp0009tk6,2014-11-07T01:10:12.112Z,"44 km NNW of Beni Saf, Algeria",earthquake,,,,,reviewed,mdd,mdd
2000-05-28T11:32:07.000Z,33.81,-87.82,5,3,mlg,,,,,se,se604617,2016-04-13T18:58:39.260Z,"13 km S of Winfield, Alabama",earthquake,,,,,reviewed,se,se
2000-05-28T11:32:06.300Z,33.708,-87.811,0,3,mb_lg,,208,1.24106,0.6,se,se61813,2022-06-28T15:06:47.096Z,"3 km NE of Fayette, Alabama",earthquake,,0.8,,,reviewed,se,us
2000-05-28T11:22:24.730Z,46.88,10.466,10,3.2,ml,,,,1,us,usp0009tk4,2014-11-07T01:10:12.108Z,"2 km WSW of Nauders, Austria",earthquake,,,,,reviewed,us,fur
2000-05-28T11:21:33.450Z,34.732,85.604,33,4,mb,,,,1.2,us,usp0009tk3,2014-11-07T01:10:12.105Z,"western Xizang",earthquake,,,,2,reviewed,us,us
2000-05-28T11:17:26.150Z,44.082,8.536,5.2,2.6,ml,,,,,us,usp0009tk2,2014-11-07T01:10:12.103Z,"16 km SE of Noli, Italy",earthquake,,,,,reviewed,gen,gen
2000-05-28T10:03:50.270Z,-33.392,-70.416,96.1,2.8,md,,,,,us,usp0009tk0,2014-11-07T01:10:12.099Z,"17 km ENE of Villa Presidente Frei, Ñuñoa, Santiago, Chile, Chile",earthquake,,,,,reviewed,guc,guc
2000-05-28T08:46:56.090Z,-24.026,-66.679,185.2,4.4,mb,,,,0.76,us,usp0009tjy,2014-11-07T01:10:12.096Z,"42 km WNW of San Antonio de los Cobres, Argentina",earthquake,,22.3,,4,reviewed,us,us
2000-05-28T08:36:21.770Z,-17.868,-178.568,577,4.3,mb,,,,0.93,us,usp0009tjx,2014-11-07T01:10:12.087Z,"225 km E of Levuka, Fiji",earthquake,,15.6,,37,reviewed,us,us
2000-05-28T08:04:52.200Z,32.132,-116.412,5.653,2.97,ml,0,272.3,0.5766,0.244,ci,ci9152162,2016-02-17T02:31:29.085Z,"35km NE of Ensenada, B.C., MX",earthquake,,,,154,reviewed,ci,ci
2000-05-28T07:14:26.300Z,48.538,17.436,5,2.8,ml,,,,0.56,us,usp0009tjw,2014-11-07T01:10:12.084Z,"3 km N of Smolenice, Slovakia",earthquake,,,,,reviewed,us,vie
2000-05-28T06:26:20.320Z,-1.262,123.263,55.3,4.7,mb,,,,1.57,us,usp0009tjv,2014-11-07T01:10:12.080Z,"63 km ESE of Luwuk, Indonesia",earthquake,,12.8,,15,reviewed,us,us
2000-05-28T05:31:22.940Z,35.7315,-117.676,7,2.57,ml,26,83,0.07213,0.16,ci,ci9152144,2016-04-02T07:54:28.464Z,"12km N of Ridgecrest, CA",earthquake,0.27,1.26,0.228,49,reviewed,ci,ci
2000-05-28T05:28:12.500Z,-34.071,-70.098,6.6,3.7,md,,,,,us,usp0009tju,2014-11-07T01:10:12.077Z,"52 km ENE of Machalí, Chile",earthquake,,,,,reviewed,guc,guc
2000-05-28T05:02:11.500Z,-20.089,-175.83,225.8,4.5,mb,,,,0.89,us,usp0009tjt,2014-11-07T01:10:12.073Z,"133 km NNW of Nuku‘alofa, Tonga",earthquake,,25.5,,23,reviewed,us,us
2000-05-28T05:01:52.380Z,11.489,-86.932,60.3,4.6,mb,,,,1.12,us,usp0009tjs,2014-11-07T01:10:12.067Z,"56 km SW of Masachapa, Nicaragua",earthquake,,8.8,,25,reviewed,us,us
2000-05-28T04:57:20.200Z,17.583,-61.737,11,3.5,md,,,,,us,usp0009tjr,2014-11-07T01:10:12.065Z,"11 km ESE of Codrington, Antigua and Barbuda",earthquake,,,,,reviewed,trn,trn
2000-05-28T04:25:11.857Z,58.2453,-151.5762,27.6,2.5,ml,,,,0.74,ak,ak0006uhlttd,2020-02-20T20:15:30.242Z,"65 km ENE of Ouzinkie, Alaska",earthquake,,4.4,,,reviewed,ak,ak
2000-05-28T01:49:01.910Z,12.562,142.72,62.1,4.5,mb,,,,0.91,us,usp0009tjn,2014-11-07T01:10:12.060Z,"225 km WSW of Merizo Village, Guam",earthquake,,16.5,,7,reviewed,us,us
2000-05-28T01:12:09.970Z,35.87,71.346,33,3.7,mb,,,,1.12,us,usp0009tjk,2014-11-07T01:10:12.057Z,"62 km NE of P?r?n, Afghanistan",earthquake,,,,1,reviewed,us,us
2000-05-28T01:09:35.540Z,37.935,73.239,156.2,3.8,mb,,,,1.16,us,usp0009tjj,2014-11-07T01:10:12.055Z,"69 km WSW of Murghob, Tajikistan",earthquake,,11.6,,2,reviewed,us,us
2000-05-28T00:59:39.410Z,-7.6,120.284,323.9,4.4,mb,,,,1.22,us,usp0009tjh,2014-11-07T01:10:12.052Z,"108 km NNE of Labuan Bajo, Indonesia",earthquake,,8.8,,9,reviewed,us,us
2000-05-28T00:03:36.220Z,45.246,14.517,5,2.7,ml,,,,0.56,us,usp0009tjg,2014-11-07T01:10:12.051Z,"4 km NW of Omišalj, Croatia",earthquake,,,,,reviewed,us,vie
2000-05-27T21:58:18.870Z,38.2846667,-108.89,9.82,4.4,ml,11,147,0.1092,0.16,uu,uu50202260,2018-12-20T21:47:10.630Z,"29 km WNW of Naturita, Colorado",earthquake,1.84,1.42,,11,reviewed,uu,uu
2000-05-27T19:21:26.560Z,-23.866,-177.104,178.4,4.4,mb,,,,1.14,us,usp0009tja,2014-11-07T01:10:12.010Z,"south of the Fiji Islands",earthquake,,24.8,,28,reviewed,us,us
2000-05-27T18:50:37.914Z,61.1136,-150.9617,8.7,2.9,ml,,,,0.84,ak,ak0006t2jypb,2020-02-20T20:15:36.170Z,"7 km ESE of Beluga, Alaska",earthquake,,0.2,,,reviewed,ak,ak
2000-05-27T18:23:40.000Z,19.004,-104.706,17,4.4,md,,,,,us,usp0009tj7,2014-11-07T01:10:12.005Z,"22 km S of Barra de Navidad, Mexico",earthquake,,,,,reviewed,unm,unm
2000-05-27T18:04:02.580Z,41.798,-108.586,0,2.6,ml,10,,,0.64,rusms,rusms00001956,2022-06-09T21:12:02.523Z,"21 km NE of Point of Rocks, Wyoming",explosion,,,,,reviewed,us,us
2000-05-27T18:00:56.570Z,-5.311,151.204,64.3,4.1,mb,,,,0.98,us,usp0009tj6,2014-11-07T01:10:12.004Z,"121 km ENE of Kimbe, Papua New Guinea",earthquake,,20.1,,2,reviewed,us,us
2000-05-27T17:19:14.472Z,55.2071,-162.8495,147.3,3,ml,,,,0.5,ak,ak0006t1ru3b,2020-02-20T20:15:36.527Z,"8 km WNW of Cold Bay, Alaska",earthquake,,3.1,,,reviewed,ak,ak
2000-05-27T16:54:07.430Z,13.204,144.012,139.5,4.9,mb,,,,1.22,us,usp0009tj5,2014-11-07T01:10:12.002Z,"71 km W of Umatac Village, Guam",earthquake,,11.8,,2,reviewed,us,us
2000-05-27T14:55:56.700Z,-35.372,-71.178,116.3,3,md,,,,,us,usp0009tj1,2014-11-07T01:10:11.995Z,"30 km SSE of Molina, Chile",earthquake,,,,,reviewed,guc,guc
2000-05-27T14:30:34.790Z,39.366,-123.0505,6.25,2.72,md,46,48,0.1595,0.06,nc,nc21100510,2016-12-31T12:08:37.800Z,"7 km NE of Potter Valley, California",earthquake,0.11,0.49,0.09,49,reviewed,nc,nc
2000-05-27T13:49:34.670Z,21.794,144.477,33,4.2,mb,,,,0.99,us,usp0009tj0,2014-11-07T01:10:11.994Z,"Mariana Islands region",earthquake,,,,5,reviewed,us,us
2000-05-27T13:14:47.890Z,36.067,-117.643,-1.571,3.12,ml,0,126.3,0.1086,0.172,ci,ci9152082,2016-04-01T21:31:44.597Z,"28km E of Coso Junction, CA",earthquake,,0.208,,209,reviewed,ci,ci
2000-05-27T13:04:35.560Z,34.3821667,-119.0178333,17.874,2.67,ml,34,153,0.08536,0.34,ci,ci9152070,2016-04-02T08:10:12.780Z,"5km NE of Santa Paula, CA",earthquake,0.73,1.66,0.178,57,reviewed,ci,ci
2000-05-27T12:47:25.100Z,-37.69,178.92,33,4,ml,,,,,us,usp0009thy,2014-11-07T01:10:11.990Z,"133 km NE of Gisborne, New Zealand",earthquake,,,,,reviewed,wel,wel
2000-05-27T09:01:09.140Z,-6.878,148.495,73.9,4.2,mb,,,,0.57,us,usp0009thx,2014-11-07T01:10:11.989Z,"79 km ESE of Finschhafen, Papua New Guinea",earthquake,,19.4,,5,reviewed,us,us
2000-05-27T08:25:23.080Z,-6.609,154.9,98.6,4.7,mb,,,,0.83,us,usp0009thw,2014-11-07T01:10:11.985Z,"72 km WSW of Panguna, Papua New Guinea",earthquake,,12.1,,31,reviewed,us,us
2000-05-27T07:55:26.000Z,-41.12,174.58,35,3.4,ml,,,,,us,usp0009thu,2014-11-07T01:10:11.982Z,"22 km NW of Khandallah, New Zealand",earthquake,,,,,reviewed,wel,wel
2000-05-27T07:49:55.090Z,36.492,-3.026,0,3.1,mblg,,,,,us,usp0009tht,2014-11-07T01:10:11.978Z,"28 km S of Adra, Spain",earthquake,,,,,reviewed,mdd,mdd
2000-05-27T07:49:31.180Z,36.144,35.107,33,4.4,mb,,,,1.01,us,usp0009ths,2014-11-07T01:10:11.975Z,"54 km SSW of Karata?, Turkey",earthquake,,,,6,reviewed,us,us
2000-05-27T07:35:00.290Z,11.727,-86.976,64.7,5.2,mwc,,,,0.98,us,usp0009thq,2025-12-19T22:43:47.566Z,"50 km W of Masachapa, Nicaragua",earthquake,,4,,,reviewed,us,hrv
2000-05-27T06:43:40.880Z,25.438,122.286,245.5,3.9,mb,,,,0.93,us,usp0009thp,2014-11-07T01:10:11.956Z,"57 km NE of Jiufen, Taiwan",earthquake,,6.7,,4,reviewed,us,us
2000-05-27T05:13:40.470Z,35.7836667,-117.6555,2.898,2.6,ml,24,69,0.05698,0.18,ci,ci9152043,2016-04-02T04:58:15.578Z,"18km N of Ridgecrest, CA",earthquake,0.28,0.46,0.264,49,reviewed,ci,ci
2000-05-27T04:46:00.290Z,9.791,124.931,37.9,4.6,mb,,,,0.97,us,usp0009thm,2014-11-07T01:10:11.952Z,"31 km S of Macrohon, Philippines",earthquake,,6.2,,8,reviewed,us,us
2000-05-27T04:18:09.900Z,11.278,139.293,33,4.2,mb,,,,1.27,us,usp0009thk,2014-11-07T01:10:11.950Z,"214 km NW of Fais, Micronesia",earthquake,,,,1,reviewed,us,us
2000-05-27T04:06:54.340Z,-5.894,151.779,33,4.6,mb,,,,1.02,us,usp0009thj,2014-11-07T01:10:11.948Z,"179 km SSW of Kokopo, Papua New Guinea",earthquake,,,,10,reviewed,us,us
2000-05-27T03:47:02.980Z,34.268,26.203,33,3.3,mb,,,,0.94,us,usp0009thh,2014-11-07T01:10:11.947Z,"92 km SSE of Ierápetra, Greece",earthquake,,,,1,reviewed,us,us
2000-05-27T03:35:34.370Z,35.78,-117.651,0,4.05,ml,0,40.9,,0.233,ci,ci9152038,2017-02-09T01:41:44.561Z,"18km N of Ridgecrest, CA",earthquake,,0.149,,288,reviewed,ci,ci
2000-05-27T03:08:21.520Z,35.946,21.944,33,4.5,mb,,,,1.16,us,usp0009thf,2014-11-07T01:10:11.937Z,"94 km S of Koróni, Greece",earthquake,,,,8,reviewed,us,us
2000-05-27T02:34:43.270Z,-32.597,-71.874,20.8,4,md,,,,,us,usp0009the,2014-11-07T01:10:11.934Z,"53 km NNW of Valparaíso, Chile",earthquake,,,,,reviewed,guc,guc
2000-05-27T01:42:29.030Z,-22.766,-178.948,541.5,4.3,mb,,,,0.59,us,usp0009thd,2014-11-07T01:10:11.932Z,"south of the Fiji Islands",earthquake,,26.9,,8,reviewed,us,us
2000-05-27T01:02:33.300Z,16.572,-96.271,70.4,4.4,md,,,,,us,usp0009thb,2014-11-07T01:10:11.927Z,"8 km E of Santa María Zoquitlán, Mexico",earthquake,,,,,reviewed,unm,unm
2000-05-27T01:01:25.650Z,-32.676,-70.099,116.2,3.8,md,,,,,us,usp0009tha,2014-11-07T01:10:11.925Z,"49 km ENE of Los Andes, Chile",earthquake,,,,,reviewed,guc,guc
2000-05-27T00:59:19.331Z,62.838,-143.9271,2.1,2.5,ml,,,,0.93,ak,ak0006srw1tp,2020-02-20T20:15:39.842Z,"12 km SW of Mentasta Lake, Alaska",earthquake,,0.3,,,reviewed,ak,ak
2000-05-27T00:44:16.670Z,-14.934,167.381,114,5.3,mwc,,,,1.09,us,usp0009th9,2025-12-19T22:43:46.377Z,"35 km ENE of Port-Olry, Vanuatu",earthquake,,,,,reviewed,us,hrv
2000-05-27T00:26:26.820Z,38.8023333,-122.7856667,0.111,2.61,md,36,48,0.009009,0.02,nc,nc21100420,2016-12-31T12:06:25.350Z,"5 km WSW of Cobb, California",earthquake,0.09,0.15,0.14,38,reviewed,nc,nc
2000-05-26T23:56:07.070Z,44.905,6.617,3.2,2.5,ml,,,,,us,usp0009th7,2014-11-07T01:10:11.907Z,"2 km WNW of Briançon, France",earthquake,,,,,reviewed,gen,gen
2000-05-26T23:49:40.650Z,35.99,22.042,10,3.6,mb,,,,1.18,us,usp0009th6,2014-11-07T01:10:11.906Z,"87 km WSW of Kýthira, Greece",earthquake,,,,1,reviewed,us,us
2000-05-26T23:47:56.330Z,-5.854,151.718,48.8,4.6,mb,,,,1.04,us,usp0009th5,2014-11-07T01:10:11.904Z,"177 km SSW of Kokopo, Papua New Guinea",earthquake,,14.1,,12,reviewed,us,us
2000-05-26T23:20:49.950Z,40.4071667,-125.2325,4.673,2.85,md,21,304,0.6874,0.04,nc,nc21100414,2016-12-31T12:06:14.490Z,"off the coast of Northern California",earthquake,3.64,6.34,0.05,15,reviewed,nc,nc
2000-05-26T23:04:48.350Z,39.3591667,-123.0458333,4.69,2.51,md,36,57,0.1631,0.06,nc,nc21100412,2016-12-31T12:06:06.550Z,"7 km NE of Potter Valley, California",earthquake,0.13,0.75,0.1,37,reviewed,nc,nc
2000-05-26T22:04:01.310Z,-5.859,151.759,33,4.9,mb,,,,1.11,us,usp0009th3,2014-11-07T01:10:11.900Z,"176 km SSW of Kokopo, Papua New Guinea",earthquake,,,,14,reviewed,us,us
2000-05-26T21:58:46.630Z,42.196,-107.57,5,4,ml,,,,1.02,us,usp0009th2,2014-11-07T01:10:11.896Z,"5 km S of Bairoil, Wyoming",earthquake,,,,,reviewed,us,us
2000-05-26T21:56:04.760Z,36.598,71.233,238,3.6,mb,,,,0.93,us,usp0009th1,2014-11-07T01:10:11.894Z,"28 km WSW of Ashk?sham, Afghanistan",earthquake,,14.1,,3,reviewed,us,us
2000-05-26T21:53:05.460Z,29.127,130.482,42.2,4.6,mb,,,,0.97,us,usp0009th0,2014-11-07T01:10:11.892Z,"122 km S of Yudomari, Japan",earthquake,,11.7,,3,reviewed,us,us
2000-05-26T21:45:09.900Z,-23.549,-175.713,137.7,4.9,mb,,,,0.96,us,usp0009tgz,2014-11-07T01:10:11.890Z,"257 km SSW of ‘Ohonua, Tonga",earthquake,,39,,3,reviewed,us,us
2000-05-26T21:10:35.120Z,43.38,82.906,33,3.4,mb,,,,0.8,us,usp0009tgy,2014-11-07T01:10:11.889Z,"28 km W of Xinyuan, China",earthquake,,,,1,reviewed,us,us
2000-05-26T21:00:42.520Z,33.013,-109.324,0,3.1,ml,7,,,0.28,rusms,rusms00001955,2022-06-09T21:12:02.520Z,"4 km SSW of Clifton, Arizona",explosion,,,,,reviewed,us,us
2000-05-26T20:57:07.800Z,21.018,-99.355,84.5,3.6,md,,,,,us,usp0009tgx,2014-11-07T01:10:11.887Z,"17 km W of Jacala, Mexico",earthquake,,,,,reviewed,unm,unm
2000-05-26T19:40:34.440Z,-56.355,-27.371,111.6,4.4,mb,,,,0.72,us,usp0009tgv,2014-11-07T01:10:11.876Z,"South Sandwich Islands region",earthquake,,21.6,,4,reviewed,us,us
2000-05-26T19:37:57.170Z,-30.341,-71.432,45.9,4.1,mb,,,,1.36,us,usp0009tgu,2014-11-07T01:10:11.872Z,"36 km NW of Ovalle, Chile",earthquake,,,,3,reviewed,us,us
2000-05-26T18:36:35.580Z,-23.343,-175.531,33,4.5,mb,,,,1.23,us,usp0009tgt,2014-11-07T01:10:11.871Z,"230 km SSW of ‘Ohonua, Tonga",earthquake,,,,3,reviewed,us,us
2000-05-26T16:37:23.000Z,51.51,-130.78,10,3.5,ml,,,,,us,usp0009tgs,2014-11-07T01:10:11.870Z,"278 km WNW of Port McNeill, Canada",earthquake,,,,,reviewed,pgc,pgc
2000-05-26T16:29:20.295Z,63.493,-151.0323,10,2.5,ml,,,,1.09,ak,ak0006rdp7lp,2020-02-20T20:15:41.463Z,"34 km E of Denali National Park, Alaska",earthquake,,0,,,reviewed,ak,ak
2000-05-26T16:21:56.106Z,54.1179,-163.2281,24.9,2.6,ml,,,,0.64,ak,ak0006rdnkmy,2020-02-20T20:15:42.467Z,"82 km S of False Pass, Alaska",earthquake,,1.6,,,reviewed,ak,ak
2000-05-26T14:37:13.030Z,-7.879,156.175,33,4.5,mb,,,,0.77,us,usp0009tgq,2014-11-07T01:10:11.866Z,"77 km WNW of Gizo, Solomon Islands",earthquake,,,,6,reviewed,us,us
2000-05-26T12:02:03.740Z,39.07,20.586,10,4.4,mb,,,,1.46,us,usp0009tgn,2014-11-07T01:10:11.857Z,"15 km SW of Néos Oropós, Greece",earthquake,,,,8,reviewed,us,us
2000-05-26T11:48:52.630Z,36.051,21.793,10,3.5,mb,,,,1.25,us,usp0009tgm,2014-11-07T01:10:11.855Z,"83 km S of Koróni, Greece",earthquake,,,,2,reviewed,us,us
2000-05-26T09:49:04.490Z,44.537,-129.476,10,3.1,mb,,,,0.61,us,usp0009tgk,2014-11-07T01:10:11.852Z,"off the coast of Oregon",earthquake,,,,1,reviewed,us,us
2000-05-26T09:46:57.240Z,-24.411,179.788,550,4.6,mb,,,,0.71,us,usp0009tgj,2014-11-07T01:10:11.845Z,"south of the Fiji Islands",earthquake,,,,33,reviewed,us,us
2000-05-26T09:07:02.900Z,19.041,-63.883,10,3.6,mb,,,,0.39,us,usp0009tgh,2014-11-07T01:10:11.843Z,"124 km NE of Cruz Bay, U.S. Virgin Islands",earthquake,,,,1,reviewed,us,us
2000-05-26T07:59:24.310Z,-31.087,-71.749,36.3,4.2,md,,,,,us,usp0009tgg,2014-11-07T01:10:11.841Z,"75 km SW of Ovalle, Chile",earthquake,,,,,reviewed,guc,guc
2000-05-26T07:40:31.940Z,-12.914,166.823,116.8,4.8,mb,,,,1.13,us,usp0009tgf,2014-11-07T01:10:11.837Z,"132 km NW of Sola, Vanuatu",earthquake,,23.6,,12,reviewed,us,us
2000-05-26T07:24:50.430Z,17.607,147.555,52.8,3.4,mb,,,,1.11,us,usp0009tge,2014-11-07T01:10:11.836Z,"Mariana Islands region",earthquake,,,,1,reviewed,us,us
2000-05-26T07:04:03.064Z,59.8587,-148.6506,5.1,3.2,ml,,,,0.79,ak,ak0006r86wxe,2020-02-20T20:15:44.178Z,"42 km WSW of Chenega, Alaska",earthquake,,0.6,,,reviewed,ak,ak
2000-05-26T06:16:54.430Z,48.033,147.018,433.1,4.3,mb,,,,1.13,us,usp0009tgc,2014-11-07T01:10:11.829Z,"Sea of Okhotsk",earthquake,,6.8,,7,reviewed,us,us
2000-05-26T04:01:35.790Z,-7.513,154.73,33,5,mwc,,,,1.06,us,usp0009tgb,2025-12-19T22:43:45.285Z,"156 km SSW of Panguna, Papua New Guinea",earthquake,,,,,reviewed,us,hrv
2000-05-26T03:24:04.810Z,38.0681667,-112.19,13.43,3.29,ml,20,62,0.3996,0.22,uu,uu50202025,2018-08-28T17:50:05.430Z,"13 km SSE of Circleville, Utah",earthquake,0.46,1.02,,8,reviewed,uu,uu
2000-05-26T02:39:13.150Z,36.064,21.874,10,3.7,mb,,,,1.11,us,usp0009tg8,2014-11-07T01:10:11.812Z,"81 km S of Koróni, Greece",earthquake,,,,1,reviewed,us,us
2000-05-26T01:56:29.566Z,63.163,-147.6872,10.3,2.9,ml,,,,0.89,ak,ak0006r4xiks,2020-02-20T20:15:45.249Z,"68 km ESE of Cantwell, Alaska",earthquake,,0.1,,,reviewed,ak,ak
2000-05-26T01:34:49.920Z,-0.167,122.713,184.1,4.5,mb,,,,0.91,us,usp0009tg6,2014-11-07T01:10:11.806Z,"87 km SSW of Gorontalo, Indonesia",earthquake,,6,,9,reviewed,us,us
2000-05-26T01:28:22.540Z,38.922,20.64,0,5.6,mwc,,,,,us,usp0009tg5,2022-04-29T18:39:12.264Z,"10 km WSW of Préveza, Greece",earthquake,,,,,reviewed,the,hrv
2000-05-26T01:21:12.300Z,36.614,71.378,237.7,4.3,mb,,,,0.96,us,usp0009tg4,2014-11-07T01:10:11.768Z,"15 km WSW of Ashk?sham, Afghanistan",earthquake,,15,,1,reviewed,us,us
2000-05-26T01:01:22.340Z,36.137,21.828,33,4.9,mb,,,,1.42,us,usp0009tg3,2014-11-07T01:10:11.764Z,"73 km S of Koróni, Greece",earthquake,,,,12,reviewed,us,us
2000-05-26T00:47:54.460Z,11.333,139.525,33,4.4,mb,,,,0.76,us,usp0009tg2,2014-11-07T01:10:11.763Z,"204 km NNW of Fais, Micronesia",earthquake,,,,1,reviewed,us,us
2000-05-26T00:39:15.270Z,11.4,139.455,33,4.6,mb,,,,1.05,us,usp0009tg1,2014-11-07T01:10:11.761Z,"215 km NNW of Fais, Micronesia",earthquake,,,,4,reviewed,us,us
2000-05-26T00:30:04.870Z,11.359,139.245,33,6,mwc,,,,1.38,us,usp0009tg0,2022-04-29T18:39:10.902Z,"224 km NW of Fais, Micronesia",earthquake,,,,,reviewed,us,hrv
2000-05-25T23:49:28.630Z,39.3686667,-123.0511667,5.4,2.64,md,33,57,0.1577,0.06,nc,nc21100307,2016-12-31T12:02:01.540Z,"7 km NE of Potter Valley, California",earthquake,0.13,0.7,0.08,42,reviewed,nc,nc
2000-05-25T23:12:02.790Z,36.163,21.808,33,4,mb,,,,1.31,us,usp0009tfz,2014-11-07T01:10:11.732Z,"71 km S of Koróni, Greece",earthquake,,,,2,reviewed,us,us
2000-05-25T22:42:03.610Z,37.337,72.311,170.8,4,mb,,,,1.02,us,usp0009tfx,2014-11-07T01:10:11.729Z,"42 km N of Khand?d, Afghanistan",earthquake,,11.9,,3,reviewed,us,us
2000-05-25T22:26:01.611Z,63.5185,-150.9787,13.2,2.8,ml,,,,0.86,ak,ak0006ptps5d,2020-02-20T20:15:47.284Z,"37 km E of Denali National Park, Alaska",earthquake,,1.2,,,reviewed,ak,ak
2000-05-25T22:05:29.790Z,40.3,-107.796,0,2.9,ml,19,,,0.63,rusms,rusms00001954,2022-06-09T21:12:02.516Z,"30 km NNE of Meeker, Colorado",explosion,,,,,reviewed,us,us
2000-05-25T21:28:33.210Z,40.514,-107.549,0,2.5,ml,12,,,0.83,rusms,rusms00001953,2022-06-09T21:12:02.513Z,"0 km WSW of Craig, Colorado",explosion,,,,,reviewed,us,us
2000-05-25T21:23:25.550Z,41.834,141.87,33,3.9,mb,,,,1.49,us,usp0009tfv,2014-11-07T01:10:11.725Z,"Hokkaido, Japan region",earthquake,,,,2,reviewed,us,us
2000-05-25T21:11:06.430Z,33.065,-109.353,0,3,ml,8,,,0.33,rusms,rusms00001952,2022-06-09T21:12:02.510Z,"1 km SE of Morenci, Arizona",explosion,,,,,reviewed,us,us
2000-05-25T20:52:52.610Z,12.328,142.591,33,4.4,mb,,,,1.28,us,usp0009tfu,2014-11-07T01:10:11.723Z,"248 km WSW of Merizo Village, Guam",earthquake,,,,3,reviewed,us,us
2000-05-25T20:16:41.420Z,12.493,142.469,46.9,5.1,mwc,,,,1.16,us,usp0009tft,2025-12-19T22:43:44.181Z,"253 km WSW of Merizo Village, Guam",earthquake,,14.6,,,reviewed,us,hrv
2000-05-25T18:34:29.580Z,-3.632,138.137,33,4.4,mb,,,,0.98,us,usp0009tfs,2014-11-07T01:10:11.708Z,"294 km E of Nabire, Indonesia",earthquake,,,,2,reviewed,us,us
2000-05-25T17:32:43.150Z,13.559,-93.023,33,4.3,mb,,,,0.8,us,usp0009tfq,2014-11-07T01:10:11.706Z,"138 km SW of Ocós, Guatemala",earthquake,,,,1,reviewed,us,us
2000-05-25T17:15:21.770Z,34.6,-116.285,0.57,2.96,ml,0,80.6,,0.105,ci,ci9151903,2016-02-16T19:07:10.081Z,"18km SW of Ludlow, California",earthquake,,0.631,,182,reviewed,ci,ci
2000-05-25T16:35:01.070Z,-28.967,-70.951,100,3.9,mb,,,,1.77,us,usp0009tfm,2014-11-07T01:10:11.702Z,"47 km SSW of Vallenar, Chile",earthquake,,,,2,reviewed,us,us
2000-05-25T15:53:46.150Z,36.281,100.085,10,4.1,mb,,,,0.7,us,usp0009tfk,2014-11-07T01:10:11.700Z,"154 km WSW of Xining, China",earthquake,,,,3,reviewed,us,us
2000-05-25T15:07:21.470Z,34.1946667,-117.3855,11.845,2.63,ml,38,33,,0.18,ci,ci9151868,2016-04-02T08:09:46.641Z,"3km SSE of Devore, CA",earthquake,0.24,0.59,0.207,67,reviewed,ci,ci
2000-05-25T13:57:07.460Z,49.851,18.55,10,2.8,m,,,,1.17,us,usp0009tfj,2014-11-07T01:10:11.697Z,"0 km ESE of Karviná, Czechia",earthquake,,,,,reviewed,us,war
2000-05-25T13:14:40.000Z,50.49,-130.26,10,2.9,ml,,,,,us,usp0009tfh,2014-11-07T01:10:11.695Z,"225 km W of Port McNeill, Canada",earthquake,,,,,reviewed,pgc,pgc
2000-05-25T12:47:05.880Z,40.4116667,-124.9011667,3.888,2.86,md,9,282,0.436,0.02,nc,nc21100180,2016-12-31T12:00:13.949Z,"57 km WSW of Ferndale, California",earthquake,4.68,5.17,0.13,12,reviewed,nc,nc
2000-05-25T12:41:02.460Z,36.082,21.946,33,4.1,mb,,,,0.72,us,usp0009tfg,2014-11-07T01:10:11.694Z,"79 km S of Koróni, Greece",earthquake,,,,2,reviewed,us,us
2000-05-25T12:34:55.180Z,3.103,128.152,152.2,4.8,mb,,,,1.09,us,usp0009tff,2014-11-07T01:10:11.692Z,"152 km N of Tobelo, Indonesia",earthquake,,17.4,,3,reviewed,us,us
2000-05-25T09:32:56.500Z,17.203,-99.71,0,3.8,md,,,,,us,usp0009tfd,2014-11-07T01:10:11.689Z,"9 km NNW of Pueblo Madero (El Playón), Mexico",earthquake,,,,,reviewed,unm,unm
2000-05-25T06:33:35.700Z,16.497,-98.197,20,3.8,md,,,,,us,usp0009tfc,2014-11-07T01:10:11.688Z,"7 km SW of San Sebastián Ixcapa, Mexico",earthquake,,,,,reviewed,unm,unm
2000-05-25T05:55:26.780Z,-8.03,156.255,33,5.3,mwc,,,,0.91,us,usp0009tfb,2022-04-29T18:39:09.402Z,"65 km W of Gizo, Solomon Islands",earthquake,,,,,reviewed,us,hrv
2000-05-25T05:52:52.260Z,-9.738,113.891,70.1,4.3,mb,,,,0.68,us,usp0009tfa,2014-11-07T01:10:11.671Z,"151 km S of Gambiran Satu, Indonesia",earthquake,,12.3,,2,reviewed,us,us
2000-05-25T05:27:55.640Z,-23.119,-176.515,33,4.8,mb,,,,1.24,us,usp0009tf9,2014-11-07T01:10:11.669Z,"254 km SSW of Vaini, Tonga",earthquake,,,,2,reviewed,us,us
2000-05-25T05:10:55.930Z,52.633,-167.066,33,5.4,mwc,,,,1.25,us,usp0009tf8,2025-12-19T22:43:43.118Z,"125 km ESE of Nikolski, Alaska",earthquake,,,,,reviewed,us,hrv
2000-05-25T04:09:00.820Z,71.201,-7.332,10,4.7,mb,,,,1.31,us,usp0009tf7,2014-11-07T01:10:11.627Z,"59 km ENE of Olonkinbyen, Svalbard and Jan Mayen",earthquake,,,,31,reviewed,us,us
2000-05-25T03:59:48.990Z,16.944,146.299,75.5,4.8,mb,,,,1.01,us,usp0009tf6,2014-11-07T01:10:11.606Z,"200 km NNE of Saipan, Northern Mariana Islands",earthquake,,13.6,,44,reviewed,us,us
2000-05-25T01:38:43.644Z,61.5678,-146.4328,28.7,2.6,ml,,,,0.56,ak,ak0006phaca4,2020-02-20T20:15:51.345Z,"48 km N of Valdez, Alaska",earthquake,,1,,,reviewed,ak,ak
2000-05-25T00:47:25.390Z,46.59,7.92,10,2.5,ml,,,,,us,usp0009tf3,2014-11-07T01:10:11.600Z,"0 km ESE of Lauterbrunnen, Switzerland",earthquake,,,,,reviewed,str,vie
2000-05-25T00:37:34.970Z,36.146,22.092,33,4.5,mb,,,,1.46,us,usp0009tf2,2014-11-07T01:10:11.594Z,"73 km S of Koróni, Greece",earthquake,,,,13,reviewed,us,us
2000-05-25T00:26:46.600Z,35.968,22.183,33,4.8,mb,,,,1.1,us,usp0009tf1,2014-11-07T01:10:11.554Z,"75 km WSW of Kýthira, Greece",earthquake,,,,61,reviewed,us,us
2000-05-25T00:24:47.390Z,36.251,22.319,33,3.6,mb,,,,0.22,us,usp0009tf0,2014-11-07T01:10:11.553Z,"60 km SSW of Gýtheio, Greece",earthquake,,,,1,reviewed,us,us
2000-05-24T23:51:19.880Z,39.3761667,-123.0498333,5.46,3.71,mw,60,47,0.1505,0.09,nc,nc21100100,2016-12-31T11:57:39.950Z,"8 km NE of Potter Valley, California",earthquake,0.12,0.49,,4,reviewed,nc,nc
2000-05-24T23:16:33.930Z,-4.613,153.025,64.5,5.1,mwc,,,,0.99,us,usp0009tey,2025-12-19T22:43:41.950Z,"89 km ESE of Kokopo, Papua New Guinea",earthquake,,,,,reviewed,us,hrv
2000-05-24T23:14:15.850Z,14.399,-92.806,68.3,4.7,mb,,,,0.87,us,usp0009tex,2014-11-07T01:10:11.536Z,"54 km SW of Puerto Madero, Mexico",earthquake,,7.1,,34,reviewed,us,us
2000-05-24T23:12:40.090Z,14.002,-93.159,33,4.4,mb,,,,1.36,us,usp0009tew,2014-11-07T01:10:11.534Z,"112 km SW of Puerto Madero, Mexico",earthquake,,,,4,reviewed,us,us
2000-05-24T22:07:36.710Z,-32.765,-179.336,33,4.3,mb,,,,0.88,us,usp0009tev,2014-11-07T01:10:11.532Z,"south of the Kermadec Islands",earthquake,,,,1,reviewed,us,us
2000-05-24T21:12:08.267Z,56.0187,-151.6974,10,3.8,ml,,,,0.55,ak,ak0006o5i0je,2020-02-20T20:15:53.468Z,"164 km SE of Old Harbor, Alaska",earthquake,,0,,,reviewed,ak,ak
2000-05-24T20:51:44.540Z,33.021,-109.355,0,2.8,ml,7,,,0.86,rusms,rusms00001950,2022-06-09T21:12:02.504Z,"6 km WSW of Clifton, Arizona",explosion,,,,,reviewed,us,us
2000-05-24T20:38:28.438Z,38.0799,-118.6893,3.2,2.6,ml,29,58.48,0.07,0.1069,nn,nn00008802,2018-04-24T22:26:58.360Z,"34 km NNW of Benton, California",earthquake,,1.9,,,reviewed,nn,nn
2000-05-24T20:28:33.970Z,13.502,-91.349,33,4.4,mb,,,,0.86,us,usp0009tes,2014-11-07T01:10:11.523Z,"71 km SSW of La Gomera, Guatemala",earthquake,,,,18,reviewed,us,us
2000-05-24T18:38:08.370Z,-56.219,-27.487,154.6,3.4,mb,,,,0.82,us,usp0009ter,2014-11-07T01:10:11.521Z,"South Sandwich Islands region",earthquake,,37.3,,1,reviewed,us,us
2000-05-24T18:16:57.060Z,51.811,178.607,115.6,3.9,mb,,,,0.89,us,usp0009teq,2014-11-07T01:10:11.519Z,"Rat Islands, Aleutian Islands, Alaska",earthquake,,9.9,,5,reviewed,us,us
2000-05-24T18:04:50.340Z,-30.718,-71.625,33,4.3,mb,,,,1.07,us,usp0009tep,2014-11-07T01:10:11.517Z,"Near the coast of Coquimbo, Chile",earthquake,,,,2,reviewed,us,us
2000-05-24T18:00:21.630Z,22.295,143.805,152.3,4.1,mb,,,,0.82,us,usp0009ten,2014-11-07T01:10:11.515Z,"Volcano Islands, Japan region",earthquake,,,,1,reviewed,us,us
2000-05-24T17:47:38.620Z,-31.08,-178.212,91.4,4.9,mb,,,,1.31,us,usp0009tem,2014-11-07T01:10:11.509Z,"Kermadec Islands region",earthquake,,,,19,reviewed,us,us
2000-05-24T17:16:35.530Z,13.611,-92.701,33,4.1,mb,,,,1.13,us,usp0009tek,2014-11-07T01:10:11.508Z,"113 km SSW of Ocós, Guatemala",earthquake,,,,1,reviewed,us,us
2000-05-24T16:55:02.700Z,12.796,57.703,10,4.6,mb,,,,1.09,us,usp0009tej,2014-11-07T01:10:11.505Z,"Owen Fracture Zone region",earthquake,,,,2,reviewed,us,us
2000-05-24T16:44:48.130Z,-36.318,-100.381,10,4.5,mb,,,,1.25,us,usp0009teh,2014-11-07T01:10:11.504Z,"southeast of Easter Island",earthquake,,,,2,reviewed,us,us
2000-05-24T16:16:26.500Z,46.34,-111.398,0.6,2.8,md,,,,,us,usp0009tee,2014-11-07T01:10:11.499Z,"9 km ENE of Townsend, Montana",earthquake,,,,,reviewed,but,but
2000-05-24T16:12:16.040Z,35.918,22.053,33,4.5,mb,,,,1.24,us,usp0009ted,2014-11-07T01:10:11.474Z,"central Mediterranean Sea",earthquake,,,,42,reviewed,us,us
2000-05-24T15:42:56.950Z,54.553,153.396,590.6,4.6,mb,,,,0.7,us,usp0009tec,2014-11-07T01:10:11.460Z,"Sea of Okhotsk",earthquake,,3.2,,62,reviewed,us,us
2000-05-24T15:39:48.450Z,13.288,-44.866,10,4.8,mb,,,,0.84,us,usp0009teb,2014-11-07T01:10:11.456Z,"northern Mid-Atlantic Ridge",earthquake,,,,21,reviewed,us,us
2000-05-24T13:27:57.000Z,-40,175.04,12,3,ml,,,,,us,usp0009te8,2014-11-07T01:10:11.451Z,"7 km S of Wanganui, New Zealand",earthquake,,,,,reviewed,wel,wel
2000-05-24T13:22:01.080Z,51.238,-169.221,33,3.9,mb,,,,1.37,us,usp0009te7,2020-02-20T20:15:09.500Z,"190 km S of Nikolski, Alaska",earthquake,,,,1,reviewed,us,us
2000-05-24T13:03:05.150Z,13.827,57.14,10,4.7,mb,,,,1.25,us,usp0009te6,2014-11-07T01:10:11.449Z,"Owen Fracture Zone region",earthquake,,,,1,reviewed,us,us
2000-05-24T13:02:48.850Z,13.751,57.095,10,4.3,mb,,,,1.33,us,usp0009te5,2014-11-07T01:10:11.447Z,"Owen Fracture Zone region",earthquake,,,,2,reviewed,us,us
2000-05-24T12:49:51.820Z,27.82,128.456,112.9,3.9,mb,,,,1.45,us,usp0009te4,2014-11-07T01:10:11.446Z,"117 km WSW of Naze, Japan",earthquake,,12,,2,reviewed,us,us
2000-05-24T12:03:53.650Z,-9.349,114.123,77.8,4.7,mb,,,,0.9,us,usp0009te2,2014-11-07T01:10:11.439Z,"103 km SSW of Muncar, Indonesia",earthquake,,,,14,reviewed,us,us
2000-05-24T11:31:51.120Z,13.699,57.063,10,4.5,mb,,,,0.74,us,usp0009te1,2014-11-07T01:10:11.438Z,"Owen Fracture Zone region",earthquake,,,,3,reviewed,us,us
2000-05-24T11:31:17.770Z,52.163,-170.437,33,3.8,mb,,,,0.8,us,usp0009te0,2020-02-20T20:15:10.140Z,"137 km SW of Nikolski, Alaska",earthquake,,,,1,reviewed,us,us
2000-05-24T11:26:18.070Z,36.082,22.037,33,4.1,mb,,,,1.25,us,usp0009tdz,2014-11-07T01:10:11.433Z,"79 km S of Koróni, Greece",earthquake,,,,5,reviewed,us,us
2000-05-24T11:23:46.500Z,51.231,15.918,5,3.4,ml,,,,0.92,us,usp0009tdy,2014-11-07T01:10:11.431Z,"4 km SSW of Chojnów, Poland",earthquake,,,,,reviewed,us,vie
2000-05-24T11:06:54.960Z,45.235,6.963,0.2,2.5,ml,,,,,us,usp0009tdx,2014-11-07T01:10:11.429Z,"3 km NNW of Moncenisio, Italy",earthquake,,,,,reviewed,gen,gen
2000-05-24T11:00:51.770Z,-11.028,166.233,100.9,4.6,mb,,,,0.98,us,usp0009tdw,2014-11-07T01:10:11.422Z,"58 km SE of Lata, Solomon Islands",earthquake,,,,31,reviewed,us,us
2000-05-24T10:36:02.090Z,1.925,-80,33,4.4,mb,,,,1.15,us,usp0009tdv,2014-11-07T01:10:11.419Z,"113 km NNW of Esmeraldas, Ecuador",earthquake,,,,17,reviewed,us,us
2000-05-24T10:23:58.430Z,41.519,142.429,33,4.7,mb,,,,0.92,us,usp0009tdu,2014-11-07T01:10:11.410Z,"90 km S of Shizunai-furukawach?, Japan",earthquake,,,,41,reviewed,us,us
2000-05-24T10:22:46.210Z,43.806,-79.099,18,3.1,mblg,,,,,us,usp0009tdt,2014-11-07T01:10:11.408Z,"4 km ENE of Centennial Scarborough, Canada",earthquake,,,,,reviewed,ott,ott
2000-05-24T10:01:44.840Z,35.916,22.1,33,5.2,mwc,,,,1.4,us,usp0009tds,2025-12-19T22:34:28.540Z,"84 km WSW of Kýthira, Greece",earthquake,,,,,reviewed,us,hrv
2000-05-24T09:20:48.330Z,-24.022,-66.679,214.5,4.1,mb,,,,1.12,us,usp0009tdq,2014-11-07T01:10:11.385Z,"42 km WNW of San Antonio de los Cobres, Argentina",earthquake,,7.3,,6,reviewed,us,us
2000-05-24T07:24:06.803Z,64.1442,-148.6372,132.1,3.1,ml,,,,0.6,ak,ak0006nx8ijs,2020-02-20T20:15:56.085Z,"27 km ENE of Ferry, Alaska",earthquake,,0.2,,,reviewed,ak,ak
2000-05-24T06:44:13.870Z,36.042,21.973,33,4.3,mb,,,,1.2,us,usp0009tdn,2014-11-07T01:10:11.374Z,"83 km S of Koróni, Greece",earthquake,,,,22,reviewed,us,us
2000-05-24T06:42:38.430Z,36.012,21.849,33,4.2,mb,,,,1.3,us,usp0009tdm,2014-11-07T01:10:11.372Z,"87 km S of Koróni, Greece",earthquake,,,,2,reviewed,us,us
2000-05-24T06:41:18.390Z,32.07,-116.739,5.474,2.79,ml,0,283.4,0.6109,0.213,ci,ci9151734,2016-02-17T12:04:34.073Z,"20km NNW of El Sauzal, B.C., MX",earthquake,,,,82,reviewed,ci,ci
2000-05-24T06:34:24.900Z,-1.237,123.488,62.1,4.6,mb,,,,1.35,us,usp0009tdj,2014-11-07T01:10:11.366Z,"84 km ESE of Luwuk, Indonesia",earthquake,,11.8,,17,reviewed,us,us
2000-05-24T06:22:05.090Z,-17.877,-178.593,600,4.4,mb,,,,0.92,us,usp0009tdh,2014-11-07T01:10:11.361Z,"222 km E of Levuka, Fiji",earthquake,,,,23,reviewed,us,us
2000-05-24T06:11:17.140Z,47.016,151.21,133.7,4.4,mb,,,,1.03,us,usp0009tdg,2014-11-07T01:10:11.358Z,"Kuril Islands",earthquake,,8.1,,2,reviewed,us,us
2000-05-24T05:40:37.740Z,36.042,22.012,33,5.7,mwc,,,,1.24,us,usp0009tde,2022-04-29T18:39:08.002Z,"83 km S of Koróni, Greece",earthquake,,,,,reviewed,us,hrv
2000-05-24T04:38:46.570Z,9.572,-62.383,25,3.4,md,,,,,us,usp0009tdd,2014-11-07T01:10:11.313Z,"67 km NNW of Tucupita, Venezuela",earthquake,,,,,reviewed,trn,trn
2000-05-24T04:22:06.200Z,46.343,-111.4,2.5,3.7,mb,,,,,us,usp0009tdc,2014-11-07T01:10:11.308Z,"9 km ENE of Townsend, Montana",earthquake,,,,2,reviewed,but,us
2000-05-24T02:50:55.060Z,-1.144,-79.246,92.5,3.8,mb,,,,1.13,us,usp0009tdb,2014-11-07T01:10:11.307Z,"22 km S of La Maná, Ecuador",earthquake,,,,3,reviewed,us,us
2000-05-24T02:01:23.120Z,13.535,-88.554,44.6,4.2,mb,,,,0.92,us,usp0009tda,2014-11-07T01:10:11.305Z,"4 km NNW of Berlín, El Salvador",earthquake,,24.4,,4,reviewed,us,us
2000-05-24T01:12:34.550Z,18.723,-66.539,70,3.2,md,,,,,us,usp0009td9,2014-11-07T01:10:11.302Z,"29 km N of Tierras Nuevas Poniente, Puerto Rico",earthquake,,,,,reviewed,rspr,rspr
2000-05-24T01:10:50.790Z,71.224,-8.783,10,5.3,mwc,,,,0.97,us,usp0009td8,2022-04-29T18:39:06.576Z,"33 km N of Olonkinbyen, Svalbard and Jan Mayen",earthquake,,,,,reviewed,us,hrv
2000-05-24T00:42:36.240Z,-35.06,-69.93,23.9,3.8,md,,,,,us,usp0009td7,2014-11-07T01:10:11.267Z,"108 km ESE of Chimbarongo, Chile",earthquake,,,,,reviewed,guc,guc
2000-05-24T00:36:37.260Z,41.344,142.654,61.9,4.4,mb,,,,1.03,us,usp0009td6,2014-11-07T01:10:11.264Z,"112 km SSE of Shizunai-furukawach?, Japan",earthquake,,10,,12,reviewed,us,us
2000-05-23T23:44:36.020Z,40.525,122.9,33,4.3,mb,,,,1.19,us,usp0009td5,2014-11-07T01:10:11.261Z,"35 km ESE of Dashiqiao, China",earthquake,,,,9,reviewed,us,us
2000-05-23T22:32:17.795Z,60.5884,-152.2717,86.2,2.5,ml,,,,0.6,ak,ak0006mioepf,2020-02-20T20:15:57.960Z,"52 km W of Salamatof, AK",earthquake,,0.2,,,reviewed,ak,ak
2000-05-23T22:30:22.230Z,5.077,126.9,124.8,4.5,mb,,,,0.79,us,usp0009td3,2014-11-07T01:10:11.256Z,"162 km SSE of Pondaguitan, Philippines",earthquake,,6.7,,10,reviewed,us,us
2000-05-23T21:53:16.350Z,15.873,145.365,33,4.4,mb,,,,1.06,us,usp0009td2,2014-11-07T01:10:11.253Z,"84 km NNW of Saipan, Northern Mariana Islands",earthquake,,,,2,reviewed,us,us
2000-05-23T21:16:41.480Z,36.935,-108.43,0,2.5,ml,9,,,1.17,rusms,rusms00001948,2022-06-09T21:12:02.499Z,"19 km NNE of Waterflow, New Mexico",explosion,,,,,reviewed,us,us
2000-05-23T20:28:05.620Z,-7.507,128.033,175.2,4.8,mb,,,,0.96,us,usp0009td1,2014-11-07T01:10:11.245Z,"160 km NE of Lospalos, Timor Leste",earthquake,,4,,26,reviewed,us,us
2000-05-23T20:16:36.010Z,8.506,126.308,87.5,4.3,mb,,,,0.75,us,usp0009td0,2014-11-07T01:10:11.243Z,"7 km ESE of Gamut, Philippines",earthquake,,14.6,,2,reviewed,us,us
2000-05-23T20:06:11.630Z,-20.044,-178.273,489.7,4.3,mb,,,,1.41,us,usp0009tcz,2014-11-07T01:10:11.240Z,"Fiji region",earthquake,,38.8,,16,reviewed,us,us
2000-05-23T19:29:56.480Z,-8.063,118.665,63.3,4.5,mb,,,,0.98,us,usp0009tcy,2014-11-07T01:10:11.237Z,"44 km N of Bima, Indonesia",earthquake,,7.9,,7,reviewed,us,us
2000-05-23T19:15:57.630Z,43.762,-105.368,0,2.9,ml,6,,,0.92,rusms,rusms00001947,2022-06-09T21:12:02.496Z,"10 km E of Wright, Wyoming",explosion,,,,,reviewed,us,us
2000-05-23T19:08:10.860Z,33.043,-109.365,0,2.6,ml,7,,,0.43,rusms,rusms00001946,2022-06-09T21:12:02.493Z,"3 km S of Morenci, Arizona",explosion,,,,,reviewed,us,us
2000-05-23T19:02:57.420Z,43.651,-105.231,0,3.3,ml,14,,,1.07,rusms,rusms00001945,2022-06-09T21:12:02.489Z,"23 km ESE of Wright, Wyoming",explosion,,,,,reviewed,us,us
2000-05-23T18:41:51.630Z,37.527,-3.066,0,2.5,mblg,,,,,us,usp0009tcx,2014-11-07T01:10:11.234Z,"3 km SSE of Villanueva de las Torres, Spain",earthquake,,,,,reviewed,mdd,mdd
2000-05-23T18:34:39.400Z,-41.75,178.03,33,3.9,ml,,,,,us,usp0009tcw,2014-11-07T01:10:11.232Z,"178 km ESE of Castlepoint, New Zealand",earthquake,,,,,reviewed,wel,wel
2000-05-23T18:29:17.550Z,30.846,87.331,33,3.9,mb,,,,0.9,us,usp0009tcv,2014-11-07T01:10:11.230Z,"231 km NW of Rikaze, China",earthquake,,,,4,reviewed,us,us
2000-05-23T18:22:15.770Z,-45.392,98.485,10,4.4,mb,,,,0.94,us,usp0009tcu,2014-11-07T01:10:11.228Z,"southeast Indian Ridge",earthquake,,,,4,reviewed,us,us
2000-05-23T17:34:39.550Z,-6.129,130.414,33,4.7,mb,,,,0.92,us,usp0009tct,2014-11-07T01:10:11.225Z,"264 km WSW of Tual, Indonesia",earthquake,,,,7,reviewed,us,us
2000-05-23T16:36:46.070Z,2.122,-78.388,33,5.2,mwc,,,,0.85,us,usp0009tcs,2022-04-29T18:39:05.177Z,"31 km ENE of Salahonda, Colombia",earthquake,,,,,reviewed,us,hrv
2000-05-23T16:33:26.410Z,-4.259,143.898,139.1,4.9,mb,,,,0.87,us,usp0009tcr,2014-11-07T01:10:11.195Z,"28 km SW of Angoram, Papua New Guinea",earthquake,,,,29,reviewed,us,us
2000-05-23T16:05:57.360Z,-24.457,-66.936,186.3,5.2,mwc,,,,0.98,us,usp0009tcq,2025-12-19T22:43:40.695Z,"68 km WSW of San Antonio de los Cobres, Argentina",earthquake,,,,,reviewed,us,hrv
2000-05-23T15:47:46.160Z,9.253,-72.582,33,4.3,mb,,,,0.51,us,usp0009tcp,2014-11-07T01:10:11.182Z,"69 km NNE of Tibú, Colombia",earthquake,,,,5,reviewed,us,us
2000-05-23T15:46:05.110Z,51.123,157.468,77.9,5,mb,,,,0.93,us,usp0009tcn,2014-11-07T01:10:11.164Z,"79 km ESE of Ozernovskiy, Russia",earthquake,,,,86,reviewed,us,us
2000-05-23T15:16:02.220Z,18.252,145.753,167.3,4.3,mb,,,,1.05,us,usp0009tcm,2014-11-07T01:10:11.161Z,"Pagan region, Northern Mariana Islands",earthquake,,,,4,reviewed,us,us
2000-05-23T15:02:49.480Z,52.247,152.743,469.9,3.7,mb,,,,0.37,us,usp0009tck,2014-11-07T01:10:11.160Z,"271 km WNW of Ozernovskiy, Russia",earthquake,,50.9,,2,reviewed,us,us
2000-05-23T14:44:58.130Z,27.24,125.649,242.2,4.9,mb,,,,0.9,us,usp0009tcj,2014-11-07T01:10:11.142Z,"231 km WNW of Naha, Japan",earthquake,,,,76,reviewed,us,us
2000-05-23T13:55:42.740Z,32.45,59.949,33,3.9,mb,,,,0.57,us,usp0009tch,2014-11-07T01:10:11.141Z,"82 km SE of B?rjand, Iran",earthquake,,,,2,reviewed,us,us
2000-05-23T13:52:21.800Z,-44.64,166.98,22,4.5,ml,,,,,us,usp0009tcg,2014-11-07T01:10:11.139Z,"104 km NNW of Te Anau, New Zealand",earthquake,,,,,reviewed,wel,wel
2000-05-23T12:35:06.860Z,37.7113333,-122.1056667,5.841,2.74,md,78,67,0.01712,0.08,nc,nc21099684,2016-12-31T11:52:29.110Z,"1 km NNE of Ashland, California",earthquake,0.1,0.2,0.1,99,reviewed,nc,nc
2000-05-23T11:47:39.900Z,-58.743,-25.364,33,4.4,mb,,,,0.64,us,usp0009tce,2014-11-07T01:10:11.135Z,"South Sandwich Islands region",earthquake,,,,3,reviewed,us,us
2000-05-23T11:11:48.340Z,36.323,-118.046,-0.387,2.89,ml,0,128.9,,0.14,ci,ci9151646,2016-02-16T19:07:00.896Z,"6km NW of Olancha, California",earthquake,,0.466,,163,reviewed,ci,ci
2000-05-23T11:00:54.080Z,51.63,16.17,5,3.6,ml,,,,1.29,us,usp0009tcc,2014-11-07T01:10:11.129Z,"3 km N of Gr?bocice, Poland",earthquake,,,,,reviewed,us,vie
2000-05-23T10:50:58.620Z,-15.706,-175.084,290.3,5.2,mwc,,,,0.81,us,usp0009tcb,2025-12-19T22:43:39.576Z,"140 km WNW of Hihifo, Tonga",earthquake,,,,,reviewed,us,hrv
2000-05-23T09:53:38.130Z,-21.273,-66.521,225.9,4.7,mb,,,,0.95,us,usp0009tca,2014-11-07T01:10:11.090Z,"48 km SW of Atocha, Bolivia",earthquake,,4.6,,30,reviewed,us,us
2000-05-23T08:58:16.020Z,-32.042,-71.178,71.5,3.4,md,,,,,us,usp0009tc8,2014-11-07T01:10:11.086Z,"35 km SW of Salamanca, Chile",earthquake,,,,,reviewed,guc,guc
2000-05-23T08:17:49.300Z,52.06,-30.861,10,4.1,mb,,,,0.89,us,usp0009tc7,2014-11-07T01:10:11.084Z,"northern Mid-Atlantic Ridge",earthquake,,,,4,reviewed,us,us
2000-05-23T08:12:01.930Z,34.275,26.218,33,3.7,mb,,,,1.18,us,usp0009tc6,2014-11-07T01:10:11.083Z,"92 km SSE of Ierápetra, Greece",earthquake,,,,2,reviewed,us,us
2000-05-23T08:06:53.810Z,42.562,148.721,33,3.4,mb,,,,0.69,us,usp0009tc5,2014-11-07T01:10:11.082Z,"212 km SE of Shikotan, Russia",earthquake,,,,1,reviewed,us,us
2000-05-23T06:34:57.910Z,44.613,148.458,73.4,4.7,mb,,,,0.77,us,usp0009tc4,2014-11-07T01:10:11.080Z,"82 km SSE of Kuril’sk, Russia",earthquake,,8.3,,1,reviewed,us,us
2000-05-23T04:42:43.960Z,36.3215,-118.0661667,0.383,3.9,ml,26,81,,0.19,ci,ci9151609,2016-04-02T14:22:54.103Z,"7km NW of Olancha, CA",earthquake,0.45,1.09,0.231,73,reviewed,ci,ci
2000-05-23T02:14:47.460Z,6.816,126.273,33,4.3,mb,,,,1.12,us,usp0009tc0,2014-11-07T01:10:11.072Z,"4 km SW of Tamisan, Philippines",earthquake,,,,7,reviewed,us,us
2000-05-23T01:35:17.550Z,-21.72,-179.517,600,4.5,mb,,,,1,us,usp0009tbz,2014-11-07T01:10:11.064Z,"Fiji region",earthquake,,,,23,reviewed,us,us
2000-05-23T01:10:16.200Z,46.337,-111.412,5.9,3,md,,,,,us,usp0009tby,2014-11-07T01:10:11.062Z,"8 km ENE of Townsend, Montana",earthquake,,,,,reviewed,but,but
2000-05-22T23:56:24.900Z,32.182,132.085,52.5,3.8,mb,,,,1.25,us,usp0009tbw,2014-11-07T01:10:11.058Z,"55 km E of Takanabe, Japan",earthquake,,15.4,,1,reviewed,us,us
2000-05-22T23:45:04.100Z,-34.65,-71.087,88.6,3.3,md,,,,,us,usp0009tbv,2014-11-07T01:10:11.056Z,"7 km NNW of Chimbarongo, Chile",earthquake,,,,,reviewed,guc,guc
2000-05-22T22:57:28.480Z,3.636,122.338,612.4,4.5,mb,,,,0.73,us,usp0009tbu,2014-11-07T01:10:11.053Z,"261 km SE of Latung, Philippines",earthquake,,6.7,,8,reviewed,us,us
2000-05-22T22:05:52.330Z,-24.568,-175.964,33,4.8,mb,,,,0.73,us,usp0009tbs,2014-11-07T01:10:11.049Z,"south of Tonga",earthquake,,,,8,reviewed,us,us
2000-05-22T21:47:00.500Z,17.042,-95.5,120.5,4.2,md,,,,,us,usp0009tbr,2014-11-07T01:10:11.047Z,"5 km WNW of San Juan Mazatlán, Mexico",earthquake,,,,,reviewed,unm,unm
2000-05-22T21:16:15.600Z,-41.19,173.65,78,4.1,ml,,,,,us,usp0009tbq,2014-11-07T01:10:11.046Z,"31 km ENE of Nelson, New Zealand",earthquake,,,,,reviewed,wel,wel
2000-05-22T20:51:33.420Z,34.6143333,-116.248,-1.069,2.98,ml,22,49,,0.18,ci,ci9151573,2016-04-02T17:31:25.825Z,"14km SW of Ludlow, CA",earthquake,0.35,0.84,0.109,3,reviewed,ci,ci
2000-05-22T20:15:21.920Z,35.447,-107.561,0,2.6,ml,6,,,0.37,rusms,rusms00001943,2022-06-09T21:12:02.481Z,"14 km NNE of San Mateo, New Mexico",explosion,,,,,reviewed,us,us
2000-05-22T20:10:13.330Z,36.014,-120.572,4.495,2.77,md,59,41,0.04414,0.05,nc,nc21099477,2016-12-31T11:49:58.560Z,"17 km NW of Parkfield, California",earthquake,0.14,0.22,0.1,77,reviewed,nc,nc
2000-05-22T19:48:51.140Z,38.245,39.425,10,4.4,mb,,,,1.12,us,usp0009tbn,2014-11-07T01:10:11.037Z,"eastern Turkey",earthquake,,,,24,reviewed,us,us
2000-05-22T19:46:29.960Z,-1.562,123.433,33,4.6,mb,,,,0.67,us,usp0009tbm,2014-11-07T01:10:11.035Z,"98 km SE of Luwuk, Indonesia",earthquake,,,,4,reviewed,us,us
2000-05-22T19:24:59.000Z,-5.856,110.803,535.7,4.4,mb,,,,1.09,us,usp0009tbk,2014-11-07T01:10:11.033Z,"70 km N of Batang, Indonesia",earthquake,,11.9,,7,reviewed,us,us
2000-05-22T19:19:28.810Z,11.248,-62.169,3,3.1,md,,,,,us,usp0009tbj,2014-11-07T01:10:11.032Z,"75 km N of Güiria, Venezuela",earthquake,,,,,reviewed,trn,trn
2000-05-22T19:15:58.180Z,52.175,-172.427,33,4.2,mb,,,,1.36,us,usp0009tbh,2020-02-20T20:15:10.454Z,"121 km E of Atka, Alaska",earthquake,,,,23,reviewed,us,us
2000-05-22T19:03:40.270Z,-32.02,-70.594,117.8,3.3,md,,,,,us,usp0009tbg,2014-11-07T01:10:11.025Z,"44 km SE of Salamanca, Chile",earthquake,,,,,reviewed,guc,guc
2000-05-22T18:54:00.010Z,-32.581,-69.91,110.5,4.5,mb,,,,1.04,us,usp0009tbf,2014-11-07T01:10:11.019Z,"70 km ENE of Los Andes, Chile",earthquake,,,,12,reviewed,us,us
2000-05-22T18:51:55.680Z,-5.076,103.498,33,4.1,mb,,,,0.65,us,usp0009tbe,2014-11-07T01:10:11.018Z,"119 km SSE of Pagar Alam, Indonesia",earthquake,,,,1,reviewed,us,us
2000-05-22T18:18:34.830Z,32.712,-109.253,0,2.5,ml,7,,,0.54,rusms,rusms00001941,2022-06-09T21:12:02.471Z,"13 km W of Duncan, Arizona",explosion,,,,,reviewed,us,us
2000-05-22T18:03:52.947Z,51.7824,-176.9257,10.5,2.6,ml,,,,0.39,ak,ak0006ksl6qm,2020-02-20T20:15:11.078Z,"22 km WSW of Adak, Alaska",earthquake,,1.2,,,reviewed,ak,ak
2000-05-22T18:03:05.600Z,49.468,6.342,1,2.8,ml,,,,,us,usp0009tbd,2014-11-07T01:10:11.016Z,"1 km W of Schengen, Luxembourg",earthquake,,,,,reviewed,ldg,ldg
2000-05-22T17:52:14.095Z,56.6256,-156.3445,65.1,3.1,ml,,,,0.46,ak,ak0006ksa681,2020-02-20T20:15:11.398Z,"117 km SSE of Ugashik, Alaska",earthquake,,6.6,,,reviewed,ak,ak
2000-05-22T17:42:35.500Z,8.449,126.83,55.2,4.7,mb,,,,1.05,us,usp0009tbb,2014-11-07T01:10:11.009Z,"54 km NE of Barcelona, Philippines",earthquake,,7.7,,16,reviewed,us,us
2000-05-22T17:39:31.870Z,79.04,4.015,10,4.5,ms,,,,0.85,us,usp0009tba,2014-11-07T01:10:11.006Z,"271 km WNW of Longyearbyen, Svalbard and Jan Mayen",earthquake,,,,1,reviewed,us,us
2000-05-22T17:33:18.040Z,46.352,144.438,358.9,4,mb,,,,0.92,us,usp0009tb9,2014-11-07T01:10:11.002Z,"131 km ESE of Korsakov, Russia",earthquake,,4.8,,8,reviewed,us,us
2000-05-22T17:03:44.500Z,19.125,121.275,70.2,4.1,mb,,,,1.23,us,usp0009tb8,2014-11-07T01:10:11.000Z,"58 km NNE of Namuac, Philippines",earthquake,,10.3,,3,reviewed,us,us
2000-05-22T16:22:36.790Z,6.77,-73.155,177.5,3.5,mb,,,,0.85,us,usp0009tb7,2014-11-07T01:10:10.998Z,"7 km WNW of Jordán, Colombia",earthquake,,21.3,,1,reviewed,us,us
2000-05-22T15:00:32.430Z,-6.965,129.645,164.2,3.9,mb,,,,0.62,us,usp0009tb6,2014-11-07T01:10:10.997Z,"Banda Sea",earthquake,,28.6,,1,reviewed,us,us
2000-05-22T14:27:05.650Z,-15.597,-173.897,33,3.9,mb,,,,0.48,us,usp0009tb4,2014-11-07T01:10:10.994Z,"40 km NNW of Hihifo, Tonga",earthquake,,,,1,reviewed,us,us
2000-05-22T14:01:55.020Z,-33.964,-72.263,23.4,3.8,md,,,,,us,usp0009tb3,2014-11-07T01:10:10.992Z,"73 km SW of San Antonio, Chile",earthquake,,,,,reviewed,guc,guc
2000-05-22T13:15:08.960Z,-4.096,-81.096,33,5.8,mwc,,,,0.89,us,usp0009tb1,2022-04-29T18:39:03.663Z,"5 km WNW of Máncora, Peru",earthquake,,,,,reviewed,us,hrv
2000-05-22T12:59:11.090Z,40.506,25.515,10,3.6,md,,,,1.07,us,usp0009tb0,2014-11-07T01:10:10.957Z,"3 km N of Samothráki, Greece",earthquake,,,,,reviewed,us,isk
2000-05-22T12:46:30.370Z,40.6376667,-123.837,20.163,3.26,ml,33,91,0.1279,0.08,nc,nc21099387,2016-12-31T11:48:05.220Z,"24 km ENE of Hydesville, California",earthquake,0.19,0.25,,4,reviewed,nc,nc
2000-05-22T12:36:52.950Z,-58.04,-9.166,10,4.5,mb,,,,0.54,us,usp0009tay,2014-11-07T01:10:10.954Z,"east of the South Sandwich Islands",earthquake,,,,3,reviewed,us,us
2000-05-22T11:57:03.170Z,71.328,-8.635,10,4.4,mb,,,,1.19,us,usp0009tax,2014-11-07T01:10:10.950Z,"45 km N of Olonkinbyen, Svalbard and Jan Mayen",earthquake,,,,21,reviewed,us,us
2000-05-22T11:36:19.410Z,44.28,11.804,10,3.1,ml,,,,1.07,us,usp0009taw,2014-11-07T01:10:10.947Z,"4 km S of Castel Bolognese, Italy",earthquake,,,,,reviewed,us,vie
2000-05-22T11:11:23.300Z,-20.015,-178.545,600,3.7,mb,,,,1.05,us,usp0009tav,2014-11-07T01:10:10.945Z,"Fiji region",earthquake,,,,7,reviewed,us,us
2000-05-22T11:02:46.950Z,-34.36,-70.207,7.2,3.9,md,,,,,us,usp0009tau,2014-11-07T01:10:10.943Z,"45 km ESE of Machalí, Chile",earthquake,,,,,reviewed,guc,guc
2000-05-22T10:44:56.450Z,-29.928,-177.812,33,4.5,mb,,,,0.77,us,usp0009tat,2014-11-07T01:10:10.941Z,"Kermadec Islands, New Zealand",earthquake,,,,2,reviewed,us,us
2000-05-22T10:19:33.140Z,-20.128,-179.151,600,3.5,mb,,,,0.55,us,usp0009tas,2014-11-07T01:10:10.940Z,"279 km SE of Levuka, Fiji",earthquake,,,,2,reviewed,us,us
2000-05-22T10:14:27.590Z,50.287,-176.562,33,3.4,mb,,,,0.76,us,usp0009tar,2020-02-20T20:15:11.732Z,"176 km S of Adak, Alaska",earthquake,,,,2,reviewed,us,us
2000-05-22T10:05:59.110Z,-16.588,-173.723,33,3.9,mb,,,,0.59,us,usp0009taq,2014-11-07T01:10:10.937Z,"70 km S of Hihifo, Tonga",earthquake,,,,1,reviewed,us,us
2000-05-22T09:48:53.330Z,7.24,-73.041,125.6,3.6,mb,,,,0.97,us,usp0009tap,2014-11-07T01:10:10.936Z,"9 km WSW of Charta, Colombia",earthquake,,27,,1,reviewed,us,us
2000-05-22T08:40:46.124Z,36.774,-115.9736,8.8,2.5,ml,8,225.91,0.128,0.0945,nn,nn00008620,2018-04-24T22:26:48.685Z,"35 km NW of Indian Springs, Nevada",earthquake,,4,,,reviewed,nn,nn
2000-05-22T07:51:01.300Z,32.6155,-116.1486667,10.369,3.01,ml,16,195,0.1934,0.32,ci,ci7190547,2016-04-02T04:41:38.546Z,"20km SW of Ocotillo, CA",earthquake,1.06,1.54,0.247,45,reviewed,ci,ci
2000-05-22T07:36:09.900Z,34.6028333,-116.296,4.521,2.79,ml,27,64,,0.15,ci,ci9151479,2016-04-02T04:41:06.090Z,"18km SW of Ludlow, CA",earthquake,0.28,17.06,0.206,67,reviewed,ci,ci
2000-05-22T07:10:22.400Z,17.32,-96.173,117.2,4,md,,,,,us,usp0009tak,2014-11-07T01:10:10.930Z,"1 km SSW of San Cristóbal Lachirioag, Mexico",earthquake,,,,,reviewed,unm,unm
2000-05-22T06:58:22.900Z,-35.718,179.44,72.7,4.5,mb,,,,1.36,us,usp0009taj,2014-11-07T01:10:10.928Z,"off the east coast of the North Island of New Zealand",earthquake,,8.6,,1,reviewed,us,us
2000-05-22T05:53:58.790Z,38.9493333,-119.9866667,2.758,2.8,md,45,131,0.1063,0.14,nc,nc21099303,2016-12-31T11:47:28.800Z,"1 km N of South Lake Tahoe, California",earthquake,0.23,1.01,0.16,47,reviewed,nc,nc
2000-05-22T05:47:03.101Z,60.4208,-150.0591,36.3,2.9,ml,,,,0.67,ak,ak0006kl3vja,2020-02-20T20:16:07.620Z,"14 km WSW of Cooper Landing, Alaska",earthquake,,0.2,,,reviewed,ak,ak
2000-05-22T05:36:04.496Z,58.9052,-153.0527,64.7,2.6,ml,,,,0.5,ak,ak0006kl1irl,2020-02-20T20:16:08.100Z,"82 km SW of Nanwalek, Alaska",earthquake,,0.3,,,reviewed,ak,ak
2000-05-22T04:24:38.370Z,0.738,-25.862,10,5.9,mwc,,,,0.99,us,usp0009tab,2022-04-29T17:49:56.628Z,"central Mid-Atlantic Ridge",earthquake,,,,,reviewed,us,hrv
2000-05-22T04:10:14.400Z,17.16,-95.398,147.2,4.1,md,,,,,us,usp0009taa,2014-11-07T01:10:10.893Z,"15 km NNE of San Juan Mazatlán, Mexico",earthquake,,,,,reviewed,unm,unm
2000-05-22T03:37:11.960Z,8.644,126.723,33,4.6,mb,,,,1.1,us,usp0009ta9,2014-11-07T01:10:10.888Z,"50 km ESE of Marihatag, Philippines",earthquake,,,,13,reviewed,us,us
2000-05-22T03:33:28.160Z,19.237,145.003,33,4.1,mb,,,,1,us,usp0009ta8,2014-11-07T01:10:10.887Z,"Maug Islands region, Northern Mariana Islands",earthquake,,,,1,reviewed,us,us
2000-05-22T03:24:19.410Z,11.912,-88.575,33,3.9,mb,,,,1.25,us,usp0009ta7,2014-11-07T01:10:10.886Z,"151 km S of Puerto El Triunfo, El Salvador",earthquake,,,,4,reviewed,us,us
2000-05-22T02:30:38.700Z,37.0763333,-121.6256667,4.044,2.8,md,4,237,0.1505,0.1,nc,nc51098239,2016-12-31T11:46:52.199Z,"1 km SW of San Martin, California",earthquake,3.22,11.55,0.73,4,reviewed,nc,nc
2000-05-22T01:34:26.780Z,36.87,-6.856,10,2.8,mblg,,,,0.42,us,usp0009ta6,2014-11-07T01:10:10.882Z,"29 km S of Mazagón, Spain",earthquake,,,,,reviewed,us,mdd
2000-05-22T01:33:37.120Z,40.822,30.311,1.4,3,md,,,,,us,usp0009ta5,2014-11-07T01:10:10.880Z,"Western Turkey",earthquake,,,,,reviewed,isk,isk
2000-05-22T01:16:58.300Z,-21.131,-179.267,600,3.8,mb,,,,0.86,us,usp0009ta4,2014-11-07T01:10:10.878Z,"Fiji region",earthquake,,,,7,reviewed,us,us
2000-05-22T00:46:32.730Z,71.473,-8.233,10,3.2,mb,,,,1.22,us,usp0009ta3,2014-11-07T01:10:10.876Z,"63 km NNE of Olonkinbyen, Svalbard and Jan Mayen",earthquake,,,,1,reviewed,us,us
2000-05-22T00:06:57.020Z,8.581,126.694,73.5,5.4,mwc,,,,0.98,us,usp0009ta2,2022-04-29T18:39:02.186Z,"45 km ENE of Hinatuan, Philippines",earthquake,,6.2,,,reviewed,us,hrv
2000-05-21T23:45:56.830Z,44.374,11.735,10,3,ml,,,,0.7,us,usp0009ta1,2014-11-07T01:10:10.855Z,"2 km NE of Imola, Italy",earthquake,,,,,reviewed,us,vie
2000-05-21T23:42:32.170Z,71.354,-8.671,10,4.3,mb,,,,1.31,us,usp0009ta0,2014-11-07T01:10:10.851Z,"48 km N of Olonkinbyen, Svalbard and Jan Mayen",earthquake,,,,13,reviewed,us,us
2000-05-21T23:30:14.690Z,35.925,70.599,100,4.2,mb,,,,1.02,us,usp0009t9z,2014-11-07T01:10:10.850Z,"63 km NNW of P?r?n, Afghanistan",earthquake,,,,2,reviewed,us,us
2000-05-21T23:17:02.390Z,35.924,70.66,98,4.4,mb,,,,0.97,us,usp0009t9y,2014-11-07T01:10:10.843Z,"60 km NNW of P?r?n, Afghanistan",earthquake,,8.9,,28,reviewed,us,us
2000-05-21T23:11:40.570Z,-25.187,179.768,500,4.1,mb,,,,0.86,us,usp0009t9x,2014-11-07T01:10:10.840Z,"south of the Fiji Islands",earthquake,,,,7,reviewed,us,us
2000-05-21T22:45:36.120Z,31.045,15.53,10,3.7,mb,,,,1.21,us,usp0009t9w,2014-11-07T01:10:10.838Z,"102 km W of Sirte, Libya",earthquake,,,,9,reviewed,us,us
2000-05-21T22:45:29.600Z,15.662,-94.152,41.5,3.7,mb,,,,,us,usp0009t9v,2014-11-07T01:10:10.836Z,"49 km SW of Cabeza de Toro, Mexico",earthquake,,,,1,reviewed,unm,us
2000-05-21T22:12:43.860Z,32.522,59.333,33,4.2,mb,,,,1.2,us,usp0009t9u,2014-11-07T01:10:10.835Z,"39 km SSE of B?rjand, Iran",earthquake,,,,2,reviewed,us,us
2000-05-21T21:59:42.020Z,-37.684,-71.701,94.8,3.9,mb,,,,,us,usp0009t9t,2014-11-07T01:10:10.832Z,"47 km E of Mulchén, Chile",earthquake,,,,2,reviewed,guc,us
2000-05-21T21:53:32.730Z,-23.393,-175.144,33,4.9,ms,,,,1.18,us,usp0009t9s,2014-11-07T01:10:10.821Z,"228 km S of ‘Ohonua, Tonga",earthquake,,,,84,reviewed,us,us
2000-05-21T21:35:50.090Z,-8.232,119.977,205.2,4.4,mb,,,,1.23,us,usp0009t9r,2014-11-07T01:10:10.817Z,"30 km NNE of Labuan Bajo, Indonesia",earthquake,,10,,5,reviewed,us,us
2000-05-21T20:37:25.760Z,36.9643333,-121.5931667,7.581,3.05,md,80,27,0.01081,0.12,nc,nc21099195,2016-12-31T11:46:06.860Z,"5 km SSW of Gilroy, California",earthquake,0.15,0.31,0.1,107,reviewed,nc,nc
2000-05-21T20:15:47.220Z,19.2706667,-155.5551667,7.423,2.6,ml,30,89,,0.12,hv,hv1288050,2020-03-31T20:38:06.130Z,"10 km NW of P?hala, Hawaii",earthquake,0.41,0.79,0.08,7,reviewed,hv,hv
2000-05-21T20:14:24.770Z,3.588,124.61,324.8,4.2,mb,,,,0.88,us,usp0009t9p,2014-11-07T01:10:10.812Z,"221 km SSW of Sarangani, Philippines",earthquake,,6,,4,reviewed,us,us
2000-05-21T19:58:47.410Z,71.19,-8.263,10,6,mwc,,,,0.95,us,usp0009t9n,2022-04-29T18:39:00.788Z,"34 km NNE of Olonkinbyen, Svalbard and Jan Mayen",earthquake,,,,,reviewed,us,hrv
2000-05-21T19:40:10.500Z,37.3785,-117.1273,10.2,2.5,ml,8,104.32,0.13,0.1093,nn,nn00008512,2018-04-24T22:26:46.286Z,"37 km SSE of Goldfield, Nevada",earthquake,,4.3,,,reviewed,nn,nn
2000-05-21T19:34:37.490Z,39.372,-123.0533333,5.74,3.08,md,48,57,0.1559,0.06,nc,nc21099184,2016-12-31T11:45:53.620Z,"7 km NE of Potter Valley, California",earthquake,0.11,0.58,0.09,75,reviewed,nc,nc
2000-05-21T17:23:56.700Z,16.742,-93.772,212.8,4.2,md,,,,,us,usp0009t9g,2014-11-07T01:10:10.761Z,"Chiapas, Mexico",earthquake,,,,,reviewed,unm,unm
2000-05-21T17:17:52.460Z,29.473,141.212,33,4.7,mb,,,,1,us,usp0009t9e,2014-11-07T01:10:10.757Z,"Izu Islands, Japan region",earthquake,,,,3,reviewed,us,us
2000-05-21T16:52:33.930Z,5.814,124.265,42.5,4.2,mb,,,,0.96,us,usp0009t9d,2014-11-07T01:10:10.755Z,"34 km SSW of Maguling, Philippines",earthquake,,12.9,,3,reviewed,us,us
2000-05-21T16:12:03.780Z,39.3706667,-123.052,7.177,3.27,ml,63,49,0.1559,0.11,nc,nc21099164,2016-12-31T11:45:11.550Z,"7 km NE of Potter Valley, California",earthquake,0.13,0.49,,11,reviewed,nc,nc
2000-05-21T14:49:15.050Z,-7.421,154.763,33,3.8,mb,,,,1.11,us,usp0009t9b,2014-11-07T01:10:10.751Z,"145 km SSW of Panguna, Papua New Guinea",earthquake,,,,1,reviewed,us,us
2000-05-21T14:34:41.550Z,42.211,6.768,10,3.5,ml,,,,0.85,us,usp0009t9a,2014-11-07T01:10:10.742Z,"108 km SSE of Le Lavandou, France",earthquake,,,,,reviewed,us,ldg
2000-05-21T14:19:45.320Z,42.641,143.417,60.4,4.2,mb,,,,0.92,us,usp0009t99,2014-11-07T01:10:10.736Z,"35 km SSE of Obihiro, Japan",earthquake,,,,23,reviewed,us,us
2000-05-21T13:06:08.160Z,37.829,-0.088,0.5,2.5,mblg,,,,,us,usp0009t98,2014-11-07T01:10:10.734Z,"54 km ESE of Torrevieja, Spain",earthquake,,,,,reviewed,mdd,mdd
2000-05-21T12:45:34.710Z,-1.164,136.516,33,5.1,mwc,,,,0.85,us,usp0009t97,2022-04-29T18:38:59.299Z,"Biak region, Indonesia",earthquake,,,,,reviewed,us,hrv
2000-05-21T12:01:47.596Z,64.8791,-149.018,23.6,2.7,ml,,,,0.68,ak,ak0006j1gsrr,2020-02-20T20:16:12.688Z,"31 km N of Four Mile Road, Alaska",earthquake,,0.1,,,reviewed,ak,ak
2000-05-21T10:04:31.870Z,39.3846667,-123.0563333,5.817,3.25,ml,52,46,0.1477,0.08,nc,nc21099108,2016-12-31T11:44:20.980Z,"near the coast of Northern California",earthquake,0.12,0.5,,10,reviewed,nc,nc
2000-05-21T08:42:02.270Z,-6.324,103.765,33,4.7,mb,,,,0.73,us,usp0009t92,2014-11-07T01:10:10.709Z,"192 km WSW of Bandar Lampung, Indonesia",earthquake,,,,2,reviewed,us,us
2000-05-21T08:41:45.310Z,-5.572,146.89,33,4.3,mb,,,,0.93,us,usp0009t91,2014-11-07T01:10:10.708Z,"127 km N of Lae, Papua New Guinea",earthquake,,,,3,reviewed,us,us
2000-05-21T08:27:37.570Z,27.163,55.4,33,3.7,mb,,,,1.18,us,usp0009t90,2014-11-07T01:10:10.706Z,"84 km NE of Bandar-e Lengeh, Iran",earthquake,,,,3,reviewed,us,us
2000-05-21T08:22:47.580Z,40.3885,-125.3685,5.432,2.84,md,34,277,0.7928,0.08,nc,nc21099082,2016-12-31T11:43:49.110Z,"95 km WSW of Ferndale, California",earthquake,1.77,2.16,0.07,14,reviewed,nc,nc
2000-05-21T06:37:58.720Z,-20.255,-177.798,550,4.2,mb,,,,0.78,us,usp0009t8z,2014-11-07T01:10:10.699Z,"Fiji region",earthquake,,,,15,reviewed,us,us
2000-05-21T06:33:34.390Z,17.822,-66.76,5.5,2.9,ml,,,,,us,usp0009t8x,2014-11-07T01:10:10.697Z,"19 km SSW of Tallaboa, Puerto Rico",earthquake,,,,,reviewed,rspr,rspr
2000-05-21T06:27:37.360Z,34.294,-116.868,4.048,3.65,ml,0,27.1,,0.2,ci,ci9151375,2016-04-02T04:02:35.205Z,"4km NNW of Big Bear City, CA",earthquake,,1.868,,286,reviewed,ci,ci
2000-05-21T05:55:54.800Z,-15.177,-178.96,400,4,mb,,,,0.63,us,usp0009t8v,2014-11-07T01:10:10.693Z,"130 km SW of Leava, Wallis and Futuna",earthquake,,,,3,reviewed,us,us
2000-05-21T05:21:54.790Z,36.8406667,-121.572,7.174,2.87,md,67,33,0.01892,0.09,nc,nc21099020,2016-12-31T11:43:10.960Z,"Central California",earthquake,0.15,0.28,0.09,90,reviewed,nc,nc
2000-05-21T04:39:09.610Z,37.269,72.168,187.1,4.3,mb,,,,0.99,us,usp0009t8t,2014-11-07T01:10:10.689Z,"37 km NNW of Khand?d, Afghanistan",earthquake,,12.5,,1,reviewed,us,us
2000-05-21T04:27:45.500Z,34.4171677,-116.3164978,-1.029,2.54,ml,31,49,0.02914,0.89,ci,ci9548473,2016-02-17T09:40:15.215Z,"31km N of Joshua Tree, California",earthquake,1.98,4.58,0.116,3,automatic,ci,ci
2000-05-21T04:22:26.110Z,-1.663,123.107,33,4,mb,,,,1.08,us,usp0009t8s,2014-11-07T01:10:10.688Z,"86 km SSE of Luwuk, Indonesia",earthquake,,,,1,reviewed,us,us
2000-05-21T03:57:07.820Z,14.556,146.768,33,4.3,mb,,,,1.04,us,usp0009t8r,2014-11-07T01:10:10.685Z,"Rota region, Northern Mariana Islands",earthquake,,,,4,reviewed,us,us
2000-05-21T03:40:52.570Z,34.6908333,-116.3558333,1.124,3.36,ml,28,72,,0.17,ci,ci9151348,2016-04-02T17:32:21.724Z,"18km W of Ludlow, CA",earthquake,0.3,0.74,0.17,83,reviewed,ci,ci
2000-05-21T03:23:26.970Z,-49.129,123.709,10,4.4,mb,,,,0.48,us,usp0009t8p,2014-11-07T01:10:10.682Z,"western Indian-Antarctic Ridge",earthquake,,,,1,reviewed,us,us
2000-05-21T03:19:55.380Z,-49.008,123.378,10,4.2,mb,,,,0.45,us,usp0009t8n,2014-11-07T01:10:10.680Z,"western Indian-Antarctic Ridge",earthquake,,,,4,reviewed,us,us
2000-05-21T03:04:29.710Z,-49.054,123.222,10,4.3,mb,,,,1.04,us,usp0009t8k,2014-11-07T01:10:10.676Z,"western Indian-Antarctic Ridge",earthquake,,,,3,reviewed,us,us
2000-05-21T03:02:18.270Z,-49,123.397,10,4.4,mb,,,,0.86,us,usp0009t8j,2014-11-07T01:10:10.674Z,"western Indian-Antarctic Ridge",earthquake,,,,2,reviewed,us,us
2000-05-21T02:58:42.660Z,-12.206,43.666,10,5.2,mwc,,,,1.07,us,usp0009t8h,2022-04-29T18:38:57.947Z,"5 km N of Hoani, Comoros",earthquake,,,,,reviewed,us,hrv
2000-05-21T02:44:08.120Z,3.906,128.126,66.2,4.7,mb,,,,1.25,us,usp0009t8f,2014-11-07T01:10:10.653Z,"241 km N of Tobelo, Indonesia",earthquake,,9.7,,23,reviewed,us,us
2000-05-21T02:34:49.932Z,61.1064,-146.2987,23.7,2.5,ml,,,,0.51,ak,ak0006ivpjj5,2020-02-20T20:16:15.221Z,"3 km SE of Valdez, Alaska",earthquake,,0.1,,,reviewed,ak,ak
2000-05-21T02:23:02.900Z,19.0866667,-155.484,28.939,2.94,ml,25,180,,0.09,hv,hv1288011,2020-03-31T20:38:04.920Z,"10 km ENE of Naalehu, Hawaii",earthquake,0.75,1.24,0.15,2,reviewed,hv,hv
2000-05-21T01:57:49.690Z,-23.902,-66.628,220.4,3.9,mb,,,,0.49,us,usp0009t8d,2014-11-07T01:10:10.648Z,"47 km NW of San Antonio de los Cobres, Argentina",earthquake,,9,,2,reviewed,us,us
2000-05-21T01:42:35.880Z,35.045,135.738,33,4.5,mb,,,,1.07,us,usp0009t8c,2014-11-07T01:10:10.646Z,"2 km NW of Kamigy?-ku, Japan",earthquake,,,,4,reviewed,us,us
2000-05-21T01:00:52.990Z,5.263,-72.893,33,4.4,mb,,,,0.67,us,usp0009t8a,2014-11-07T01:10:10.643Z,"5 km NNW of Chámeza, Colombia",earthquake,,,,6,reviewed,us,us
2000-05-21T00:53:17.060Z,16.354,-98.063,37.6,4.5,mb,,,,1.13,us,usp0009t89,2014-11-07T01:10:10.635Z,"1 km NW of Pinotepa Nacional, Mexico",earthquake,,5.2,,19,reviewed,us,us
2000-05-21T00:17:57.600Z,-28.677,-71.023,80.1,4,mb,,,,1.39,us,usp0009t88,2014-11-07T01:10:10.632Z,"28 km WSW of Vallenar, Chile",earthquake,,14.7,,5,reviewed,us,us
2000-05-21T00:05:42.100Z,-30.819,-71.173,47.5,4,md,,,,,us,usp0009t87,2014-11-07T01:10:10.630Z,"24 km S of Ovalle, Chile",earthquake,,,,,reviewed,guc,guc
2000-05-20T23:45:53.180Z,34.354,26.085,82.1,3.8,mb,,,,1.29,us,usp0009t86,2014-11-07T01:10:10.628Z,"79 km SSE of Ierápetra, Greece",earthquake,,23.8,,1,reviewed,us,us
2000-05-20T23:04:27.227Z,60.5593,-152.7657,125.4,3,ml,,,,0.61,ak,ak0006hkhtia,2020-02-20T20:16:17.576Z,"79 km W of Salamatof, Alaska",earthquake,,0.5,,,reviewed,ak,ak
2000-05-20T22:46:20.440Z,-17.564,-178.936,490.3,3.9,mb,,,,1.05,us,usp0009t84,2014-11-07T01:10:10.618Z,"193 km ENE of Levuka, Fiji",earthquake,,35.5,,11,reviewed,us,us
2000-05-20T22:23:49.570Z,19.377,-67.258,56.3,3.8,md,,,,,us,usp0009t83,2014-11-07T01:10:10.616Z,"99 km N of San Antonio, Puerto Rico",earthquake,,,,,reviewed,rspr,rspr
2000-05-20T22:01:38.200Z,47.101,147.773,325.3,3.9,mb,,,,1.02,us,usp0009t82,2014-11-07T01:10:10.615Z,"208 km N of Kuril’sk, Russia",earthquake,,20.7,,2,reviewed,us,us
2000-05-20T21:54:32.650Z,11.121,-62.117,97,2.9,md,,,,,us,usp0009t81,2014-11-07T01:10:10.613Z,"63 km NNE of Güiria, Venezuela",earthquake,,,,,reviewed,trn,trn
2000-05-20T21:28:11.480Z,19.3785,-155.2423333,1.682,2.64,ml,20,87,,0.12,hv,hv1288105,2020-03-31T20:38:04.030Z,"7 km S of Volcano, Hawaii",earthquake,0.27,0.29,0.18,3,reviewed,hv,hv
2000-05-20T21:27:32.930Z,19.3773333,-155.2423333,1.532,3,md,24,88,,0.12,hv,hv1287991,2020-03-31T20:38:03.880Z,"7 km S of Volcano, Hawaii",earthquake,0.31,0.32,,,reviewed,hv,hv
2000-05-20T21:11:24.660Z,7.252,-34.569,10,4,mb,,,,1.08,us,usp0009t7z,2014-11-07T01:10:10.596Z,"central Mid-Atlantic Ridge",earthquake,,,,7,reviewed,us,us
2000-05-20T20:51:42.090Z,34.673,-116.2903333,1.071,2.84,ml,21,89,,0.23,ci,ci9151316,2016-04-01T19:02:09.899Z,"13km WSW of Ludlow, CA",earthquake,0.28,0.6,0.022,2,reviewed,ci,ci
2000-05-20T20:18:43.490Z,33.1645,-115.6,4.573,2.62,mc,27,38,0.01842,0.25,ci,ci9151314,2016-02-17T07:17:21.798Z,"9km WNW of Calipatria, California",earthquake,0.29,0.42,,44,reviewed,ci,ci
2000-05-20T19:53:54.220Z,38.824,-122.8075,3.11,2.77,md,48,33,0.01892,0.05,nc,nc21098891,2016-12-31T11:41:31.080Z,"7 km W of Cobb, California",earthquake,0.12,0.37,0.11,62,reviewed,nc,nc
2000-05-20T19:13:38.240Z,18.466,145.433,231.6,3.3,mb,,,,0.75,us,usp0009t7x,2014-11-07T01:10:10.558Z,"Pagan region, Northern Mariana Islands",earthquake,,50.6,,2,reviewed,us,us
2000-05-20T18:56:40.290Z,35.638,-11.89,10,3.8,mb,,,,1.08,us,usp0009t7w,2014-11-07T01:10:10.531Z,"Azores-Cape St. Vincent Ridge",earthquake,,,,1,reviewed,us,us
2000-05-20T17:28:05.270Z,24.199,120.852,59.1,4.2,mb,,,,1.12,us,usp0009t7v,2014-11-07T01:10:10.528Z,"18 km ENE of Taichung, Taiwan",earthquake,,17.3,,4,reviewed,us,us
2000-05-20T17:13:23.900Z,-38.6,175.88,5,3,ml,,,,,us,usp0009t7u,2014-11-07T01:10:10.527Z,"19 km WNW of Taupo, New Zealand",earthquake,,,,,reviewed,wel,wel
2000-05-20T16:08:40.000Z,43.52,-105.294,0,2.9,ml,13,,,0.73,rusms,rusms00001938,2022-06-09T21:12:02.460Z,"30 km SSE of Wright, Wyoming",explosion,,,,,reviewed,us,us
2000-05-20T14:53:16.320Z,40.4671667,-125.213,4.345,2.55,md,6,314,0.6694,0.02,nc,nc21098861,2016-12-31T11:40:52.107Z,"81 km W of Ferndale, California",earthquake,6.95,7.23,0.04,7,reviewed,nc,nc
2000-05-20T14:44:15.900Z,46.721,1.06,3,2.6,ml,,,,,us,usp0009t7t,2014-11-07T01:10:10.525Z,"4 km NNE of Pouligny-Saint-Pierre, France",earthquake,,,,,reviewed,ldg,ldg
2000-05-20T13:11:23.530Z,47.766,12.829,5,2.9,ml,,,,1.31,us,usp0009t7q,2014-11-07T01:10:10.518Z,"5 km NW of Bad Reichenhall, Germany",earthquake,,,,,reviewed,us,fur
2000-05-20T12:02:23.070Z,52.473,159.028,70.3,4.4,mb,,,,1.02,us,usp0009t7n,2014-11-07T01:10:10.512Z,"66 km SE of Vilyuchinsk, Russia",earthquake,,4.3,,20,reviewed,us,us
2000-05-20T11:59:00.190Z,-24.466,179.774,566.3,4.1,mb,,,,1.14,us,usp0009t7m,2014-11-07T01:10:10.508Z,"south of the Fiji Islands",earthquake,,31.3,,9,reviewed,us,us
2000-05-20T10:49:20.720Z,2.487,128.675,69.5,4.4,mb,,,,0.83,us,usp0009t7k,2014-11-07T01:10:10.506Z,"111 km NE of Tobelo, Indonesia",earthquake,,21.7,,4,reviewed,us,us
2000-05-20T09:59:35.240Z,-23.775,179.956,547.6,5.6,mwc,,,,1.01,us,usp0009t7j,2022-04-29T18:38:56.502Z,"south of the Fiji Islands",earthquake,,,,,reviewed,us,hrv
2000-05-20T09:49:15.570Z,-49.795,125.988,10,5.5,mwc,,,,1.3,us,usp0009t7g,2022-04-29T18:38:54.808Z,"western Indian-Antarctic Ridge",earthquake,,,,,reviewed,us,hrv
2000-05-20T09:44:23.020Z,3.85,-31.504,10,4.6,mb,,,,0.91,us,usp0009t7f,2014-11-07T01:10:10.449Z,"central Mid-Atlantic Ridge",earthquake,,,,20,reviewed,us,us
2000-05-20T09:19:20.080Z,44.323,11.863,10,3.2,ml,,,,1.09,us,usp0009t7e,2014-11-07T01:10:10.445Z,"3 km NNW of Faenza, Italy",earthquake,,,,,reviewed,us,str
2000-05-20T09:04:17.291Z,61.3221,-150.7946,59.3,2.8,ml,,,,0.82,ak,ak0006hc5q9t,2020-02-20T20:16:19.437Z,"25 km NE of Beluga, Alaska",earthquake,,0.3,,,reviewed,ak,ak
2000-05-20T07:42:49.770Z,-31.799,-71.912,28.1,4,md,,,,,us,usp0009t7c,2014-11-07T01:10:10.438Z,"72 km WSW of Illapel, Chile",earthquake,,,,,reviewed,guc,guc
2000-05-20T07:23:14.340Z,36.8255,-121.5436667,4.5,2.79,md,54,27,0.02523,0.08,nc,nc21098797,2016-12-31T11:40:07.840Z,"2 km SSW of San Juan Bautista, California",earthquake,0.14,0.28,0.1,82,reviewed,nc,nc
2000-05-20T05:04:30.400Z,40.559,25.341,10,3.7,md,,,,0.7,us,usp0009t79,2014-11-07T01:10:10.434Z,"14 km NW of Kamariótissa, Greece",earthquake,,,,,reviewed,us,isk
2000-05-20T04:43:01.560Z,40.582,25.335,10,3.4,mb,,,,1.16,us,usp0009t77,2014-11-07T01:10:10.430Z,"16 km NW of Kamariótissa, Greece",earthquake,,,,1,reviewed,us,us
2000-05-20T04:39:31.840Z,45.325,151.415,43,4.7,mb,,,,0.79,us,usp0009t76,2014-11-07T01:10:10.420Z,"277 km E of Kuril’sk, Russia",earthquake,,,,49,reviewed,us,us
2000-05-20T03:36:00.630Z,46.029,14.794,10,3.1,ml,,,,0.89,us,usp0009t75,2014-11-07T01:10:10.417Z,"3 km SW of Litija, Slovenia",earthquake,,,,,reviewed,us,vie
2000-05-20T03:01:43.010Z,36.632,72.049,129.3,3.9,mb,,,,0.69,us,usp0009t73,2014-11-07T01:10:10.413Z,"40 km ESE of Ishqoshim, Tajikistan",earthquake,,29.2,,1,reviewed,us,us
2000-05-20T02:35:41.440Z,35.151,32.162,25,2.6,ml,,,,,us,usp0009t72,2014-11-07T01:10:10.412Z,"27 km WNW of Pólis, Cyprus",earthquake,,,,,reviewed,css,css
2000-05-20T02:33:47.140Z,35.111,26.563,10,3.9,mb,,,,1.22,us,usp0009t71,2014-11-07T01:10:10.409Z,"29 km ESE of Palekastro, Greece",earthquake,,,,14,reviewed,us,us
2000-05-20T02:22:34.410Z,-31.044,-71.452,61.6,4.5,mb,,,,1.22,us,usp0009t70,2014-11-07T01:10:10.404Z,"54 km SSW of Ovalle, Chile",earthquake,,,,8,reviewed,us,us
2000-05-20T02:12:57.180Z,39.389,-123.0586667,4.16,2.73,md,40,52,0.145,0.07,nc,nc21098726,2016-12-31T11:39:21.080Z,"8 km NNE of Potter Valley, California",earthquake,0.12,0.81,0.09,41,reviewed,nc,nc
2000-05-20T02:05:23.100Z,15.577,-93.909,49.6,4.1,md,,,,,us,usp0009t6x,2014-11-07T01:10:10.399Z,"40 km SSW of Doctor Belisario Domínguez (La Barra), Mexico",earthquake,,,,,reviewed,unm,unm
2000-05-20T01:06:28.550Z,53.665,170.111,33,4.1,mb,,,,1.12,us,usp0009t6w,2014-11-07T01:10:10.398Z,"224 km WNW of Attu Station, Alaska",earthquake,,,,1,reviewed,us,us
2000-05-20T00:07:50.480Z,37.689,19.786,33,4,mb,,,,1.28,us,usp0009t6v,2014-11-07T01:10:10.388Z,"80 km SW of Lixoúri, Greece",earthquake,,,,27,reviewed,us,us
2000-05-19T23:15:47.490Z,36.3388333,-118.0688333,4.323,2.82,ml,14,125,0.1013,0.23,ci,ci9522170,2016-02-16T00:03:12.089Z,"8km NW of Olancha, California",earthquake,1.01,16.76,0.619,18,reviewed,ci,ci
2000-05-19T23:14:19.220Z,-4.452,123.225,33,4.7,mb,,,,1.19,us,usp0009t6u,2014-11-07T01:10:10.386Z,"94 km ESE of Kendari, Indonesia",earthquake,,,,6,reviewed,us,us
2000-05-19T23:07:27.330Z,36.325,-118.05,-0.667,3.44,ml,0,128.6,,0.176,ci,ci3324419,2016-04-02T13:41:31.593Z,"6km NW of Olancha, CA",earthquake,,0.655,,205,reviewed,ci,ci
2000-05-19T23:06:51.790Z,36.335,-118.0623333,4.173,2.72,ml,19,117,0.1057,0.21,ci,ci9151209,2016-04-02T11:29:36.155Z,"8km NW of Olancha, CA",earthquake,0.49,21.25,0.321,95,reviewed,ci,ci
2000-05-19T22:42:11.830Z,13.875,-92.816,33,4.3,mb,,,,1.23,us,usp0009t6s,2014-11-07T01:10:10.379Z,"97 km SW of Brisas Barra de Suchiate, Mexico",earthquake,,,,10,reviewed,us,us
2000-05-19T22:10:26.330Z,40.315,-107.786,0,2.6,ml,11,,,0.87,rusms,rusms00001937,2022-06-09T21:12:02.457Z,"30 km SW of Craig, Colorado",explosion,,,,,reviewed,us,us
2000-05-19T21:56:42.015Z,59.0705,-152.9066,72.6,2.6,ml,,,,0.53,ak,ak0006fw2s6h,2020-02-20T20:16:21.634Z,"64 km WSW of Nanwalek, Alaska",earthquake,,0.3,,,reviewed,ak,ak
2000-05-19T21:43:01.700Z,-8.839,108.692,75.4,4.5,mb,,,,0.51,us,usp0009t6q,2014-11-07T01:10:10.376Z,"146 km SSW of Kroya, Indonesia",earthquake,,28.9,,6,reviewed,us,us
2000-05-19T21:42:04.290Z,32.647,137.089,416.2,3.7,mb,,,,0.83,us,usp0009t6p,2014-11-07T01:10:10.373Z,"158 km SE of Shing?, Japan",earthquake,,7.2,,3,reviewed,us,us
2000-05-19T21:22:58.250Z,54.001,-165.152,43.9,4.5,mb,,,,0.88,us,usp0009t6n,2020-02-20T20:16:22.004Z,"43 km ESE of Akutan, Alaska",earthquake,,10,,4,reviewed,us,us
2000-05-19T21:19:19.390Z,41.677,-108.657,0,3,ml,19,,,0.81,rusms,rusms00001936,2022-06-09T21:12:02.452Z,"10 km E of Point of Rocks, Wyoming",explosion,,,,,reviewed,us,us
2000-05-19T20:34:28.111Z,59.0742,-152.8895,75.1,5.8,mw,,,,0.8,ak,ak0006fvclqz,2022-04-29T18:38:53.252Z,"63 km WSW of Nanwalek, Alaska",earthquake,,0.4,,,reviewed,ak,ak
2000-05-19T20:27:12.350Z,33.249,-109.512,0,2.5,ml,7,,,0.91,rusms,rusms00001934,2022-06-09T21:12:02.446Z,"23 km NW of Morenci, Arizona",explosion,,,,,reviewed,us,us
2000-05-19T20:24:19.340Z,45.741,-106.753,0,2.8,ml,7,,,0.58,rusms,rusms00001933,2022-06-09T21:12:02.442Z,"13 km N of Muddy, Montana",explosion,,,,,reviewed,us,us
2000-05-19T20:22:03.720Z,-21.624,-176.611,264.1,4.1,mb,,,,0.82,us,usp0009t6k,2014-11-07T01:10:10.312Z,"154 km WSW of Haveluloto, Tonga",earthquake,,32.3,,7,reviewed,us,us
2000-05-19T20:07:45.800Z,-24.865,-179.056,405.8,4.5,mb,,,,1.1,us,usp0009t6j,2014-11-07T01:10:10.305Z,"south of the Fiji Islands",earthquake,,8,,21,reviewed,us,us
2000-05-19T19:26:19.320Z,53.555,170.077,33,3.5,mb,,,,0.86,us,usp0009t6h,2014-11-07T01:10:10.304Z,"222 km WNW of Attu Station, Alaska",earthquake,,,,2,reviewed,us,us
2000-05-19T19:22:40.760Z,53.407,10.88,10,3.5,ml,,,,1,us,usp0009t6g,2014-11-07T01:10:10.296Z,"10 km ENE of Boizenburg, Germany",earthquake,,,,,reviewed,us,grf
2000-05-19T18:02:13.830Z,55.16,162.16,33,4.4,ms,,,,1.33,us,usp0009t6f,2014-11-07T01:10:10.293Z,"120 km S of Ust’-Kamchatsk Staryy, Russia",earthquake,,,,1,reviewed,us,us
2000-05-19T17:47:10.640Z,44.518,148.011,33,4.5,mb,,,,0.91,us,usp0009t6e,2014-11-07T01:10:10.290Z,"79 km S of Kuril’sk, Russia",earthquake,,,,7,reviewed,us,us
2000-05-19T17:41:18.060Z,13.814,120.533,91.8,5.1,mwc,,,,1.15,us,usp0009t6d,2025-12-19T22:43:38.415Z,"10 km W of Calatagan, Philippines",earthquake,,,,,reviewed,us,hrv
2000-05-19T17:06:42.660Z,44.362,11.826,10,3.2,ml,,,,1.39,us,usp0009t6c,2014-11-07T01:10:10.276Z,"1 km WNW of Solarolo, Italy",earthquake,,,,,reviewed,us,vie
2000-05-19T16:59:49.480Z,71.298,-7.947,10,4.3,mb,,,,1.21,us,usp0009t6b,2014-11-07T01:10:10.274Z,"50 km NE of Olonkinbyen, Svalbard and Jan Mayen",earthquake,,,,2,reviewed,us,us
2000-05-19T15:55:12.046Z,63.3895,-151.9363,7.6,2.6,ml,,,,1.37,ak,ak0006fshwis,2020-02-20T20:16:23.871Z,"19 km SSW of Denali National Park, Alaska",earthquake,,0.7,,,reviewed,ak,ak
2000-05-19T14:46:18.700Z,6.74,-73.037,179.1,3.8,mb,,,,0.75,us,usp0009t68,2014-11-07T01:10:10.268Z,"5 km NNW of Aratoca, Colombia",earthquake,,11.4,,6,reviewed,us,us
2000-05-19T14:43:24.340Z,-31.843,-70.416,114.8,4.7,mb,,,,,us,usp0009t67,2014-11-07T01:10:10.265Z,"52 km E of Salamanca, Chile",earthquake,,,,1,reviewed,guc,us
2000-05-19T14:01:48.870Z,-1.152,123.7,33,4.9,mb,,,,0.8,us,usp0009t65,2014-11-07T01:10:10.261Z,"103 km ESE of Luwuk, Indonesia",earthquake,,,,1,reviewed,us,us
2000-05-19T13:01:35.340Z,36.8278333,-121.5491667,4.45,2.88,md,56,29,0.02252,0.09,nc,nc21098595,2016-12-31T11:38:05.700Z,"2 km SSW of San Juan Bautista, California",earthquake,0.14,0.28,0.09,79,reviewed,nc,nc
2000-05-19T12:13:36.230Z,39.3918333,-123.0681667,6.09,3.05,md,50,57,0.1486,0.08,nc,nc21098587,2016-12-31T11:37:57.430Z,"8 km NNE of Potter Valley, California",earthquake,0.11,0.49,0.12,70,reviewed,nc,nc
2000-05-19T11:48:40.566Z,62.8114,-149.6294,85.7,2.9,ml,,,,0.67,ak,ak0006fq2qag,2020-02-20T20:16:25.247Z,"47 km NNE of Chase, Alaska",earthquake,,0.4,,,reviewed,ak,ak
2000-05-19T11:43:59.540Z,-30.932,-71.444,33,4.3,md,,,,1.16,us,usp0009t61,2014-11-07T01:10:10.240Z,"43 km SSW of Ovalle, Chile",earthquake,,,,,reviewed,us,guc
2000-05-19T11:07:11.480Z,38.024,89.975,33,3.7,mb,,,,1.19,us,usp0009t60,2014-11-07T01:10:10.239Z,"southern Xinjiang, China",earthquake,,,,4,reviewed,us,us
2000-05-19T10:40:41.500Z,43.027,0.132,4.5,2.8,md,,,,,us,usp0009t5z,2014-11-07T01:10:10.236Z,"3 km WNW of Campan, France",earthquake,,,,,reviewed,ldg,ldg
2000-05-19T10:16:00.620Z,19.3648333,-155.2553333,3.896,2.54,ml,30,93,,0.11,hv,hv1287936,2020-03-31T20:37:21.360Z,"8 km SSW of Volcano, Hawaii",earthquake,0.3,0.46,0.06,8,reviewed,hv,hv
2000-05-19T10:15:05.630Z,19.364,-155.2518333,4.136,2.8,ml,38,96,,0.13,hv,hv1287898,2020-03-31T20:37:21.130Z,"8 km SSW of Volcano, Hawaii",earthquake,0.29,0.45,0.08,5,reviewed,hv,hv
2000-05-19T09:41:05.830Z,33.406,78.558,33,3.6,mb,,,,1.55,us,usp0009t5y,2014-11-07T01:10:10.234Z,"123 km SE of Leh, India",earthquake,,,,3,reviewed,us,us
2000-05-19T08:24:02.940Z,-37.029,-95.093,33,4.4,mb,,,,0.53,us,usp0009t5x,2014-11-07T01:10:10.233Z,"southeast of Easter Island",earthquake,,,,3,reviewed,us,us
2000-05-19T07:19:05.050Z,12.474,142.592,33,4.8,mb,,,,0.98,us,usp0009t5u,2014-11-07T01:10:10.224Z,"241 km WSW of Merizo Village, Guam",earthquake,,,,19,reviewed,us,us
2000-05-19T06:30:04.410Z,-21.935,-67.006,199.1,3.9,mb,,,,0.87,us,usp0009t5t,2014-11-07T01:10:10.222Z,"137 km SW of Atocha, Bolivia",earthquake,,7.1,,5,reviewed,us,us
2000-05-19T06:22:00.160Z,-37.286,-72.421,74.4,3.6,md,,,,,us,usp0009t5s,2014-11-07T01:10:10.221Z,"21 km NNW of Los Ángeles, Chile",earthquake,,,,,reviewed,guc,guc
2000-05-19T05:31:17.120Z,37.953,48.047,33,3.9,mb,,,,0.83,us,usp0009t5r,2014-11-07T01:10:10.219Z,"37 km SSW of Om?dcheh, Iran",earthquake,,,,4,reviewed,us,us
2000-05-19T05:04:51.330Z,28.375,138.947,526.4,3.6,mb,,,,0.55,us,usp0009t5q,2014-11-07T01:10:10.217Z,"Bonin Islands, Japan region",earthquake,,12.6,,3,reviewed,us,us
2000-05-19T04:59:01.500Z,15.148,-94.764,18.8,4.2,md,,,,,us,usp0009t5p,2014-11-07T01:10:10.216Z,"119 km S of San Mateo del Mar, Mexico",earthquake,,,,,reviewed,unm,unm
2000-05-19T04:58:14.110Z,-21.753,-179.487,602.6,4.5,mb,,,,0.89,us,usp0009t5n,2014-11-07T01:10:10.209Z,"Fiji region",earthquake,,,,25,reviewed,us,us
2000-05-19T04:40:41.730Z,-31.402,-69.136,114.2,3.8,mb,,,,1.09,us,usp0009t5m,2014-11-07T01:10:10.206Z,"28 km ESE of Calingasta, Argentina",earthquake,,6.9,,2,reviewed,us,us
2000-05-19T02:26:12.850Z,-33.188,-70.441,94.5,2.6,md,,,,,us,usp0009t5k,2014-11-07T01:10:10.204Z,"22 km ENE of Chicureo Abajo, Chile",earthquake,,,,,reviewed,guc,guc
2000-05-19T01:16:56.070Z,-19.948,169.466,114.9,3.8,mb,,,,0.64,us,usp0009t5j,2014-11-07T01:10:10.202Z,"48 km SSE of Isangel, Vanuatu",earthquake,,16.8,,1,reviewed,us,us
2000-05-18T23:16:34.720Z,51.548,159.019,55,4.9,mwc,,,,0.96,us,usp0009t5g,2016-11-09T22:32:50.014Z,"159 km SSE of Vilyuchinsk, Russia",earthquake,,,,,reviewed,us,hrv
2000-05-18T22:44:16.140Z,37.161,-3.709,0,2.6,mblg,,,,,us,usp0009t5f,2014-11-07T01:10:10.180Z,"3 km SSE of Santafé, Spain",earthquake,,,,,reviewed,mdd,mdd
2000-05-18T22:31:36.340Z,32.941,-109.301,0,3.1,ml,8,,,0.81,rusms,rusms00001932,2022-06-09T21:12:02.437Z,"10 km WNW of York, Arizona",explosion,,,,,reviewed,us,us
2000-05-18T22:20:37.670Z,-1.569,123.233,58.2,4.7,mb,,,,1.18,us,usp0009t5e,2014-11-07T01:10:10.177Z,"84 km SE of Luwuk, Indonesia",earthquake,,11.6,,11,reviewed,us,us
2000-05-18T22:16:41.120Z,15.298,-94.625,28.5,4.7,mb,,,,1.08,us,usp0009t5d,2014-11-07T01:10:10.172Z,"103 km S of San Francisco del Mar Viejo, Mexico",earthquake,,7,,9,reviewed,us,us
2000-05-18T22:04:11.960Z,46.7528333,-122.8145,-0.797,2.7,md,11,113,0.313,0.18,uw,uw10497368,2022-06-09T21:12:02.433Z,"6 km SE of Bucoda, Washington",explosion,0.071,1.94,0.04,5,reviewed,uw,uw
2000-05-18T21:47:54.210Z,13.292,50.773,10,4.8,mb,,,,1.31,us,usp0009t5c,2014-11-07T01:10:10.169Z,"146 km N of Caluula, Somalia",earthquake,,,,12,reviewed,us,us
2000-05-18T21:46:23.000Z,36.827,-121.5471667,4.54,2.57,md,55,26,0.02342,0.08,nc,nc21098452,2016-12-31T11:36:52.470Z,"2 km SSW of San Juan Bautista, California",earthquake,0.14,0.25,0.12,79,reviewed,nc,nc
2000-05-18T21:12:53.230Z,15.186,-61.382,5,3.1,md,,,,,us,usp0009t5b,2014-11-07T01:10:10.168Z,"5 km SSW of Soufrière, Dominica",earthquake,,,,,reviewed,trn,trn
2000-05-18T21:05:02.810Z,15.241,-61.282,2.2,3.6,md,,,,,us,usp0009t5a,2014-11-07T01:10:10.166Z,"3 km ENE of Berekua, Dominica",earthquake,,,,,reviewed,fdf,trn
2000-05-18T20:55:02.230Z,-33.022,-70.292,107,2.7,md,,,,,us,usp0009t59,2014-11-07T01:10:10.165Z,"35 km SE of Los Andes, Chile",earthquake,,,,,reviewed,guc,guc
2000-05-18T19:56:41.670Z,33.672,141.165,54.2,4.5,mb,,,,0.88,us,usp0009t57,2014-11-07T01:10:10.160Z,"181 km SSE of Katsuura, Japan",earthquake,,11.4,,11,reviewed,us,us
2000-05-18T19:01:52.710Z,40.473,-106.879,0,2.8,ml,12,,,0.63,rusms,rusms00001929,2022-06-09T21:12:02.424Z,"4 km WSW of Steamboat Springs, Colorado",explosion,,,,,reviewed,us,us
2000-05-18T18:48:55.590Z,-31.916,-71.139,65.5,3.1,md,,,,,us,usp0009t56,2014-11-07T01:10:10.158Z,"22 km SW of Salamanca, Chile",earthquake,,,,,reviewed,guc,guc
2000-05-18T18:44:54.010Z,-25.331,-70.491,33,4.4,mb,,,,1.26,us,usp0009t55,2014-11-07T01:10:10.156Z,"8 km N of Taltal, Chile",earthquake,,,,3,reviewed,us,us
2000-05-18T18:10:11.230Z,-32.457,-69.957,130.6,3.3,md,,,,,us,usp0009t54,2014-11-07T01:10:10.154Z,"73 km NE of Los Andes, Chile",earthquake,,,,,reviewed,guc,guc
2000-05-18T17:55:38.694Z,59.1171,-149.8296,24.8,2.5,ml,,,,0.72,ak,ak0006e65hal,2020-02-20T20:16:28.256Z,"95 km SE of Halibut Cove, Alaska",earthquake,,2,,,reviewed,ak,ak
2000-05-18T17:29:59.590Z,32.066,132.127,43.5,4.3,mb,,,,1.44,us,usp0009t52,2014-11-07T01:10:10.148Z,"59 km E of Takanabe, Japan",earthquake,,12.1,,6,reviewed,us,us
2000-05-18T17:24:53.120Z,49.798,18.534,10,2.9,ml,,,,1.38,us,usp0009t51,2014-11-07T01:10:10.147Z,"1 km NNE of Albrechtice, Czechia",earthquake,,,,,reviewed,us,vie
2000-05-18T17:17:14.960Z,41.513,144.832,33,3.8,mb,,,,1.21,us,usp0009t50,2014-11-07T01:10:10.144Z,"166 km SSE of Kushiro, Japan",earthquake,,,,3,reviewed,us,us
2000-05-18T17:14:24.770Z,-32.754,-71.695,19,4.1,md,,,,,us,usp0009t4z,2014-11-07T01:10:10.142Z,"31 km N of Valparaíso, Chile",earthquake,,,,,reviewed,guc,guc
2000-05-18T16:51:27.670Z,45.804,7.536,0.5,2.8,md,,,,,us,usp0009t4y,2014-11-07T01:10:10.137Z,"2 km W of Mongnod, Italy",earthquake,,,,,reviewed,gen,ldg
2000-05-18T16:47:16.110Z,49.925,156.065,75.5,4.1,mb,,,,1.07,us,usp0009t4x,2014-11-07T01:10:10.134Z,"83 km S of Severo-Kuril’sk, Russia",earthquake,,7.6,,5,reviewed,us,us
2000-05-18T16:24:54.730Z,39.3811667,-123.0546667,3.89,3.23,md,45,58,0.1495,0.07,nc,nc21098402,2016-12-31T11:36:15.650Z,"8 km NE of Potter Valley, California",earthquake,0.11,0.64,0.08,55,reviewed,nc,nc
2000-05-18T16:12:07.720Z,-55.262,146.472,10,4.4,mb,,,,1.86,us,usp0009t4v,2014-11-07T01:10:10.131Z,"west of Macquarie Island",earthquake,,,,7,reviewed,us,us
2000-05-18T16:05:35.970Z,36.372,71.35,105,4.2,mb,,,,1.01,us,usp0009t4u,2014-11-07T01:10:10.129Z,"38 km SSW of Ashk?sham, Afghanistan",earthquake,,16,,2,reviewed,us,us
2000-05-18T15:41:46.700Z,34.671,-116.309,1.984,3.16,ml,0,44.9,,0.145,ci,ci9151064,2016-04-02T13:41:30.160Z,"15km WSW of Ludlow, CA",earthquake,,0.606,,231,reviewed,ci,ci
2000-05-18T15:18:58.020Z,24.189,120.997,19,5.2,ms,,,,1.33,us,usp0009t4s,2014-11-07T01:10:10.119Z,"24 km N of Puli, Taiwan",earthquake,,12.5,,2,reviewed,us,us
2000-05-18T14:14:07.480Z,-31.836,-71.948,29.7,3.9,md,,,,,us,usp0009t4q,2014-11-07T01:10:10.116Z,"77 km WSW of Illapel, Chile",earthquake,,,,,reviewed,guc,guc
2000-05-18T12:52:50.690Z,35.584,140.788,33,3.3,mb,,,,0.37,us,usp0009t4m,2014-11-07T01:10:10.110Z,"17 km SSW of Hasaki, Japan",earthquake,,,,1,reviewed,us,us
2000-05-18T12:42:48.625Z,57.2959,-154.3078,41.8,2.8,ml,,,,0.65,ak,ak0006e33jq6,2020-02-20T20:16:29.323Z,"31 km SSE of Karluk, Alaska",earthquake,,2.8,,,reviewed,ak,ak
2000-05-18T12:39:59.720Z,43.152,-126.473,10,2.5,mb,,,,0.54,us,usp0009t4j,2016-07-22T23:55:18.140Z,"166 km W of Langlois, Oregon",earthquake,,,,1,reviewed,us,us
2000-05-18T12:28:20.800Z,-41.22,174.26,45,3.7,ml,,,,,us,usp0009t4h,2014-11-07T01:10:09.849Z,"22 km ENE of Picton, New Zealand",earthquake,,,,,reviewed,wel,wel
2000-05-18T12:22:17.153Z,63.3434,-147.3999,7.7,3.4,ml,,,,0.92,ak,ak0006e2z6z7,2020-02-20T20:16:29.672Z,"77 km E of Cantwell, Alaska",earthquake,,0.1,,,reviewed,ak,ak
2000-05-18T11:59:38.480Z,34.289,25.802,33,3.4,mb,,,,0.85,us,usp0009t4f,2014-11-07T01:10:09.840Z,"80 km S of Ierápetra, Greece",earthquake,,,,2,reviewed,us,us
2000-05-18T11:42:18.190Z,-1.175,124.019,33,4.7,mb,,,,1.46,us,usp0009t4e,2014-11-07T01:10:09.838Z,"139 km E of Luwuk, Indonesia",earthquake,,,,5,reviewed,us,us
2000-05-18T10:05:46.110Z,18.518,145.527,300,3.6,mb,,,,0.79,us,usp0009t4d,2014-11-07T01:10:09.836Z,"Pagan region, Northern Mariana Islands",earthquake,,,,5,reviewed,us,us
2000-05-18T10:05:32.680Z,-31.211,-69.296,218.4,3.5,md,,,,,us,usp0009t4c,2014-11-07T01:10:09.826Z,"18 km NE of Calingasta, Argentina",earthquake,,,,,reviewed,guc,guc
2000-05-18T09:52:54.330Z,-1.648,123.504,33,4.9,mb,,,,1.32,us,usp0009t4b,2014-11-07T01:10:09.816Z,"110 km SE of Luwuk, Indonesia",earthquake,,,,6,reviewed,us,us
2000-05-18T09:50:45.290Z,12.478,142.539,33,4.4,ms,,,,1.46,us,usp0009t4a,2014-11-07T01:10:09.813Z,"247 km WSW of Merizo Village, Guam",earthquake,,,,1,reviewed,us,us
2000-05-18T09:50:25.730Z,-10.294,-13.167,10,5.3,mwc,,,,1.18,us,usp0009t49,2025-12-19T22:46:30.763Z,"295 km SSE of Georgetown, Saint Helena",earthquake,,,,,reviewed,us,hrv
2000-05-18T09:49:09.720Z,39.3806667,-123.0523333,1.78,2.59,md,37,47,0.1486,0.07,nc,nc21098361,2016-12-31T11:35:50.950Z,"8 km NE of Potter Valley, California",earthquake,0.13,1.09,0.07,34,reviewed,nc,nc
2000-05-18T09:41:37.400Z,35.0983333,-118.3026667,5.874,3.89,ml,68,27,0.2273,0.23,ci,ci9151000,2016-04-02T11:29:24.954Z,"13km WNW of Mojave, CA",earthquake,0.25,1.45,0.212,85,reviewed,ci,ci
2000-05-18T09:36:58.400Z,11.851,142.712,33,4.9,mb,,,,1.25,us,usp0009t47,2014-11-07T01:10:09.784Z,"264 km SW of Merizo Village, Guam",earthquake,,,,12,reviewed,us,us
2000-05-18T09:28:43.730Z,29.554,52.21,33,3.7,mb,,,,0.96,us,usp0009t46,2014-11-07T01:10:09.782Z,"31 km WSW of Shiraz, Iran",earthquake,,,,1,reviewed,us,us
2000-05-18T09:05:37.900Z,36.663,71.495,108.7,4.3,mb,,,,1.46,us,usp0009t45,2014-11-07T01:10:09.779Z,"4 km WSW of Ashk?sham, Afghanistan",earthquake,,13.1,,11,reviewed,us,us
2000-05-18T08:05:19.930Z,11.303,-61.815,83,2.5,md,,,,,us,usp0009t44,2014-11-07T01:10:09.778Z,"72 km NNW of Petit Valley, Trinidad and Tobago",earthquake,,,,,reviewed,trn,trn
2000-05-18T06:06:26.850Z,-31.714,-71.926,33.7,4,md,,,,,us,usp0009t40,2014-11-07T01:10:09.759Z,"72 km W of Illapel, Chile",earthquake,,,,,reviewed,guc,guc
2000-05-18T06:03:54.170Z,15.518,-90.881,33,4,md,,,,1.27,us,usp0009t3z,2014-11-07T01:10:09.751Z,"16 km ENE of Chajul, Guatemala",earthquake,,,,,reviewed,us,unm
2000-05-18T05:46:13.050Z,19.4098333,-155.2735,10.839,2.53,ml,11,163,,0.18,hv,hv1287837,2020-03-31T20:37:18.560Z,"5 km SW of Volcano, Hawaii",earthquake,1.08,1.07,,1,reviewed,hv,hv
2000-05-18T05:32:21.450Z,25.573,124.9,100,3.7,mb,,,,0.84,us,usp0009t3y,2014-11-07T01:10:09.749Z,"94 km NNW of Hirara, Japan",earthquake,,,,1,reviewed,us,us
2000-05-18T04:17:33.870Z,-16.278,-174.138,104.7,4.4,mb,,,,0.69,us,usp0009t3w,2014-11-07T01:10:09.736Z,"51 km SW of Hihifo, Tonga",earthquake,,,,15,reviewed,us,us
2000-05-18T04:09:06.320Z,-33.518,-70.852,73.1,2.6,md,,,,,us,usp0009t3v,2014-11-07T01:10:09.734Z,"10 km NNE of Peñaflor, Chile",earthquake,,,,,reviewed,guc,guc
2000-05-18T02:58:34.700Z,-31.694,-71.897,32.1,4.2,md,,,,,us,usp0009t3u,2014-11-07T01:10:09.732Z,"69 km W of Illapel, Chile",earthquake,,,,,reviewed,guc,guc
2000-05-18T02:45:49.290Z,40.907,15.174,10,3.7,mb,,,,1.4,us,usp0009t3t,2014-11-07T01:10:09.729Z,"2 km S of Sant'Angelo dei Lombardi, Italy",earthquake,,,,1,reviewed,us,us
2000-05-18T02:08:51.020Z,39.3861667,-123.0596667,5.03,2.88,md,44,32,0.1477,0.06,nc,nc21098283,2016-12-31T11:34:39.520Z,"8 km NNE of Potter Valley, California",earthquake,0.12,0.55,0.1,48,reviewed,nc,nc
2000-05-18T01:40:48.560Z,31.25,-115.627,5.925,3,mc,0,331.8,1.398,0.416,ci,ci7189956,2016-04-02T07:12:16.108Z,"103km ESE of Maneadero, B.C., MX",earthquake,,,,7,reviewed,ci,ci
2000-05-18T01:31:24.810Z,32.133,-115.061,5.963,2.73,ml,0,254.5,0.6006,0.286,ci,ci7189955,2016-02-16T21:36:17.922Z,"9km SW of Estacion Coahuila, B.C., MX",earthquake,,,,40,reviewed,ci,ci
2000-05-18T00:50:59.990Z,-35.951,-71.173,120,3.1,md,,,,,us,usp0009t3q,2014-11-07T01:10:09.723Z,"35 km SE of Colbún, Chile",earthquake,,,,,reviewed,guc,guc
2000-05-18T00:45:31.470Z,32.112,-115.07,5.963,2.53,mc,0,256.6,0.6208,0.269,ci,ci9150931,2016-02-16T00:03:00.134Z,"11km SW of Estacion Coahuila, B.C., MX",earthquake,,,,6,reviewed,ci,ci
2000-05-18T00:38:30.630Z,54.655,-161.404,15.3,3.2,ml,,,,0.56,ak,ak0006dvxg7r,2020-02-20T20:16:32.354Z,"74 km SE of King Cove, Alaska",earthquake,,0.5,,,reviewed,ak,ak
2000-05-17T23:33:25.579Z,53.572,-167.326,92.6,2.5,ml,,,,0.33,ak,ak0006cm1znx,2020-02-20T20:16:32.698Z,"62 km WSW of Unalaska, Alaska",earthquake,,0.2,,,reviewed,ak,ak
2000-05-17T23:32:48.080Z,5.964,126.033,85.8,4.2,mb,,,,1.19,us,usp0009t3p,2014-11-07T01:10:09.721Z,"38 km E of Mangili, Philippines",earthquake,,9.9,,6,reviewed,us,us
2000-05-17T22:57:01.260Z,39.7746667,-120.7055,-1.376,2.52,md,26,98,0.4622,0.26,nc,nc21098252,2016-12-31T11:33:44.923Z,"1 km NNW of Johnsville, California",earthquake,0.74,2.16,0.23,25,reviewed,nc,nc
2000-05-17T22:32:07.660Z,39.392,-123.0678333,6.7,4.39,mw,57,41,0.1477,0.12,nc,nc21098249,2017-03-17T16:08:34.164Z,"8 km NNE of Potter Valley, California",earthquake,0.18,0.69,,6,reviewed,nc,nc
2000-05-17T22:29:06.600Z,40.4998333,-124.2881667,18.888,2.83,md,16,138,0.04505,0.04,nc,nc21098245,2016-12-31T11:33:09.331Z,"8 km SSW of Ferndale, California",earthquake,0.37,0.26,0.12,19,reviewed,nc,nc
2000-05-17T20:12:44.330Z,5.515,124.493,414,4.1,mb,,,,1,us,usp0009t3h,2014-11-07T01:10:09.708Z,"53 km SSW of Tambilil, Philippines",earthquake,,4.7,,9,reviewed,us,us
2000-05-17T20:09:32.800Z,33.005,-109.313,0,2.9,ml,6,,,0.78,rusms,rusms00001928,2022-06-09T21:12:02.420Z,"5 km SSW of Clifton, Arizona",explosion,,,,,reviewed,us,us
2000-05-17T18:40:28.010Z,49.343,105.217,33,4.2,mb,,,,1.25,us,usp0009t3g,2014-11-07T01:10:09.704Z,"53 km WSW of Darhan, Mongolia",earthquake,,,,2,reviewed,us,us
2000-05-17T18:12:44.980Z,22.762,121.524,33,4.2,mb,,,,1.01,us,usp0009t3f,2014-11-07T01:10:09.701Z,"115 km ENE of Donggang, Taiwan",earthquake,,,,9,reviewed,us,us
2000-05-17T17:54:12.710Z,-35.405,-69.996,156.5,3.9,mb,,,,0.82,us,usp0009t3e,2014-11-07T01:10:09.698Z,"121 km ESE of Molina, Chile",earthquake,,5.2,,3,reviewed,us,us
2000-05-17T17:37:03.940Z,36.325,-118.046,-0.487,3.5,ml,0,129,,0.131,ci,ci9150885,2016-04-02T10:36:56.916Z,"6km NW of Olancha, CA",earthquake,,0.687,,225,reviewed,ci,ci
2000-05-17T14:46:14.349Z,61.8894,-150.6097,63.3,2.7,ml,,,,0.46,ak,ak0006cgrunu,2020-02-20T20:16:33.998Z,"34 km WNW of Willow, Alaska",earthquake,,0.1,,,reviewed,ak,ak
2000-05-17T13:22:41.210Z,36.3298333,-118.0586667,1.983,2.65,ml,25,117,0.1112,0.2,ci,ci9150841,2016-04-02T04:42:06.049Z,"7km NW of Olancha, CA",earthquake,0.48,1.49,0.262,32,reviewed,ci,ci
2000-05-17T12:37:38.840Z,-31.6,-72.122,33,4.4,md,,,,0.85,us,usp0009t3a,2014-11-07T01:10:09.687Z,"90 km W of Illapel, Chile",earthquake,,,,,reviewed,us,guc
2000-05-17T12:29:39.307Z,62.9551,-148.1749,71.2,2.7,ml,,,,0.67,ak,ak0006cfhe7e,2020-02-20T20:16:35.670Z,"62 km SE of Cantwell, Alaska",earthquake,,0.1,,,reviewed,ak,ak
2000-05-17T12:08:32.550Z,49.279,105.229,10,4.5,mb,,,,1.24,us,usp0009t38,2014-11-07T01:10:09.678Z,"55 km WSW of Darhan, Mongolia",earthquake,,,,11,reviewed,us,us
2000-05-17T11:30:13.003Z,61.0297,-146.4726,15.3,2.5,ml,,,,0.79,ak,ak0006cew4ac,2020-02-20T20:16:36.414Z,"13 km SSW of Valdez, Alaska",earthquake,,0.3,,,reviewed,ak,ak
2000-05-17T10:22:47.420Z,-0.231,-18.278,10,4.5,mb,,,,0.79,us,usp0009t36,2014-11-07T01:10:09.674Z,"central Mid-Atlantic Ridge",earthquake,,,,6,reviewed,us,us
2000-05-17T10:12:34.370Z,36.3255,-118.06,0.403,2.56,ml,23,117,,0.2,ci,ci9150811,2016-04-01T18:59:03.876Z,"7km NW of Olancha, CA",earthquake,0.44,0.95,0.248,27,reviewed,ci,ci
2000-05-17T09:46:22.510Z,10.918,123.856,33,4.9,mb,,,,1.18,us,usp0009t34,2014-11-07T01:10:09.666Z,"4 km WNW of Maravilla, Philippines",earthquake,,,,32,reviewed,us,us
2000-05-17T09:28:38.310Z,36.326,-118.046,-1.077,3.39,ml,0,129.1,,0.136,ci,ci9150816,2016-04-01T21:31:00.969Z,"6km NW of Olancha, CA",earthquake,,0.538,,230,reviewed,ci,ci
2000-05-17T09:18:17.150Z,33.261,-115.988,2.462,2.58,ml,0,35.4,0.01913,0.247,ci,ci9150812,2016-02-16T21:36:09.780Z,"5km SW of Salton City, California",earthquake,,0.164,,129,reviewed,ci,ci
2000-05-17T09:10:07.110Z,-38.222,177.414,166.6,4.3,mb,,,,0.91,us,usp0009t32,2014-11-07T01:10:09.660Z,"26 km SSE of Opotiki, New Zealand",earthquake,,4.8,,8,reviewed,us,us
2000-05-17T08:38:36.530Z,6.983,124.406,397.3,4,mb,,,,1.1,us,usp0009t31,2014-11-07T01:10:09.659Z,"1 km NNE of Dalican, Philippines",earthquake,,9,,3,reviewed,us,us
2000-05-17T08:32:55.030Z,-9.678,-78.529,52.1,4.6,mb,,,,0.75,us,usp0009t30,2014-11-07T01:10:09.655Z,"28 km SW of Puerto Casma, Peru",earthquake,,,,22,reviewed,us,us
2000-05-17T08:23:36.700Z,-6.856,149.954,33,4.8,mb,,,,1.12,us,usp0009t2z,2014-11-07T01:10:09.651Z,"84 km SSE of Kandrian, Papua New Guinea",earthquake,,,,12,reviewed,us,us
2000-05-17T08:09:24.150Z,-1.315,-24.065,10,4.4,mb,,,,0.92,us,usp0009t2y,2014-11-07T01:10:09.649Z,"central Mid-Atlantic Ridge",earthquake,,,,2,reviewed,us,us
2000-05-17T07:46:23.700Z,-1.081,123.628,33,4.7,mb,,,,1.37,us,usp0009t2x,2014-11-07T01:10:09.647Z,"94 km E of Luwuk, Indonesia",earthquake,,,,10,reviewed,us,us
2000-05-17T06:37:22.500Z,-20.573,-178.312,563.7,4.5,mb,,,,0.87,us,usp0009t2u,2014-11-07T01:10:09.636Z,"Fiji region",earthquake,,15.7,,32,reviewed,us,us
2000-05-17T06:28:49.380Z,39.7808333,-120.6855,3.94,2.67,md,8,129,0.4468,0.05,nc,nc21098065,2016-12-31T11:30:56.421Z,"2 km NNE of Johnsville, California",earthquake,0.6,7.7,,1,reviewed,nc,nc
2000-05-17T05:45:55.935Z,37.8383,-118.2165,0,3.1,ml,18,90.36,0.135,0.1078,nn,nn00008188,2018-04-24T22:26:34.156Z,"22 km E of Benton, California",earthquake,,0,,,reviewed,nn,nn
2000-05-17T05:40:41.150Z,46.666,10.265,10,2.9,ml,,,,1.27,us,usp0009t2t,2014-11-07T01:10:09.631Z,"13 km ESE of Zernez, Switzerland",earthquake,,,,,reviewed,us,str
2000-05-17T05:26:27.050Z,-7.453,127.578,100,4.9,mb,,,,0.9,us,usp0009t2s,2014-11-07T01:10:09.623Z,"134 km NNE of Lospalos, Timor Leste",earthquake,,3.5,,21,reviewed,us,us
2000-05-17T03:27:21.310Z,24.196,121.102,10,5.1,mb,,,,1.1,us,usp0009t2m,2014-11-07T01:10:09.613Z,"28 km NNE of Puli, Taiwan",earthquake,,,,26,reviewed,us,us
2000-05-17T03:25:48.750Z,24.223,121.058,10,5.4,mwc,,,,0.99,us,usp0009t2k,2025-12-19T22:43:37.305Z,"29 km NNE of Puli, Taiwan",earthquake,,,,,reviewed,us,hrv
2000-05-17T03:04:12.150Z,32.083,131.958,68.8,3.9,mb,,,,0.83,us,usp0009t2j,2014-11-07T01:10:09.583Z,"43 km E of Takanabe, Japan",earthquake,,10.2,,2,reviewed,us,us
2000-05-17T02:22:00.980Z,-3.829,151.45,33,5.4,mwc,,,,1.24,us,usp0009t2h,2022-04-29T18:38:51.717Z,"89 km WNW of Rabaul, Papua New Guinea",earthquake,,,,,reviewed,us,hrv
2000-05-17T01:43:11.874Z,62.3982,-151.2074,75.7,2.5,ml,,,,0.44,ak,ak0006c90kgj,2020-02-20T20:16:37.766Z,"25 km WSW of Petersville, Alaska",earthquake,,1.1,,,reviewed,ak,ak
2000-05-17T01:41:30.220Z,60.251,-151.9286,68,2.8,ml,,,,0.52,ak,ak0006c906fy,2020-02-20T20:16:38.124Z,"26 km NNW of Ninilchik, Alaska",earthquake,,0.2,,,reviewed,ak,ak
2000-05-16T23:56:11.130Z,11.178,-61.852,10,2.5,md,,,,,us,usp0009t2d,2014-11-07T01:10:09.561Z,"62 km NNW of Petit Valley, Trinidad and Tobago",earthquake,,,,,reviewed,trn,trn
2000-05-16T22:37:32.720Z,33.035,-109.324,0,3.2,ml,8,,,0.34,rusms,rusms00001927,2022-06-09T21:12:02.416Z,"Arizona",explosion,,,,,reviewed,us,us
2000-05-16T21:38:01.030Z,-7.165,148.606,60.7,4.7,mb,,,,0.8,us,usp0009t2c,2014-11-07T01:10:09.554Z,"107 km SE of Finschhafen, Papua New Guinea",earthquake,,13.6,,20,reviewed,us,us
2000-05-16T20:47:51.930Z,10.091,41.233,10,4.4,mb,,,,1.39,us,usp0009t2b,2014-11-07T01:10:09.305Z,"64 km E of Gewan?, Ethiopia",earthquake,,,,3,reviewed,us,us
2000-05-16T20:45:53.670Z,34.6825,-116.3068333,3.271,3.42,ml,30,67,,0.16,ci,ci9150751,2016-04-02T14:19:32.467Z,"14km WSW of Ludlow, CA",earthquake,0.27,0.66,0.133,8,reviewed,ci,ci
2000-05-16T20:16:16.210Z,-1.296,123.467,66.2,5.1,mwc,,,,1.41,us,usp0009t29,2025-12-19T22:43:36.231Z,"84 km ESE of Luwuk, Indonesia",earthquake,,10.2,,,reviewed,us,hrv
2000-05-16T20:08:49.170Z,21.695,142.968,326.6,4.5,mb,,,,0.82,us,usp0009t28,2014-11-07T01:10:08.745Z,"Mariana Islands region",earthquake,,22.3,,9,reviewed,us,us
2000-05-16T19:10:04.100Z,40.116,66.917,33,4.3,mb,,,,0.71,us,usp0009t27,2014-11-07T01:10:08.738Z,"22 km NNE of Chelak, Uzbekistan",earthquake,,,,1,reviewed,us,us
2000-05-16T18:58:06.200Z,32.6818333,-115.9716667,2.919,2.67,ml,16,126,0.05389,0.23,ci,ci9150743,2016-04-02T04:41:10.520Z,"6km SSE of Ocotillo, CA",earthquake,0.51,0.81,0.254,20,reviewed,ci,ci
2000-05-16T16:44:11.440Z,44.695,-28.28,10,4.6,ms,,,,1.15,us,usp0009t26,2014-11-07T01:10:08.698Z,"northern Mid-Atlantic Ridge",earthquake,,,,71,reviewed,us,us
2000-05-16T14:30:56.520Z,27.361,139.969,385.4,4.7,mb,,,,0.85,us,usp0009t25,2014-11-07T01:10:08.688Z,"Bonin Islands, Japan region",earthquake,,,,55,reviewed,us,us
2000-05-16T14:01:07.580Z,22.191,143.342,200,4.5,mb,,,,0.61,us,usp0009t24,2014-11-07T01:10:08.685Z,"Volcano Islands, Japan region",earthquake,,,,1,reviewed,us,us
2000-05-16T13:52:45.570Z,36.497,-10.901,10,4,mb,,,,1.14,us,usp0009t23,2014-11-07T01:10:08.676Z,"183 km WSW of Sagres, Portugal",earthquake,,,,1,reviewed,us,us
2000-05-16T13:51:58.790Z,36.324,-118.058,-0.667,2.68,ml,0,89.9,,0.183,ci,ci9150726,2016-02-16T14:09:24.919Z,"7km NW of Olancha, California",earthquake,,0.519,,83,reviewed,ci,ci
2000-05-16T11:15:19.620Z,5.612,125.211,61.3,4.3,mb,,,,1.05,us,usp0009t21,2014-11-07T01:10:08.673Z,"12 km SW of Pangyan, Philippines",earthquake,,12.1,,5,reviewed,us,us
2000-05-16T10:40:25.240Z,36.427,140.605,63.4,4.8,mb,,,,0.94,us,usp0009t1y,2014-11-07T01:10:08.657Z,"5 km SE of Funaishikawa, Japan",earthquake,,7,,76,reviewed,us,us
2000-05-16T09:37:33.610Z,-8.587,118.427,123.5,4.4,mb,,,,0.69,us,usp0009t1x,2014-11-07T01:10:08.655Z,"6 km SW of Dompu, Indonesia",earthquake,,11.1,,1,reviewed,us,us
2000-05-16T09:26:52.680Z,-24.513,-176.637,183.5,4.6,mb,,,,0.96,us,usp0009t1w,2014-11-07T01:10:08.646Z,"south of the Fiji Islands",earthquake,,18,,37,reviewed,us,us
2000-05-16T09:18:16.900Z,-2.929,134.471,33,3.7,mb,,,,0.99,us,usp0009t1v,2014-11-07T01:10:08.644Z,"123 km WNW of Nabire, Indonesia",earthquake,,,,1,reviewed,us,us
2000-05-16T09:08:48.720Z,44.43,11.447,10,2.8,ml,,,,1.07,us,usp0009t1u,2014-11-07T01:10:08.641Z,"2 km SW of Ozzano dell'Emilia, Italy",earthquake,,,,,reviewed,us,vie
2000-05-16T08:56:05.230Z,36.324,-118.061,0.193,3.07,ml,0,124.7,,0.194,ci,ci9150715,2016-04-02T16:54:32.605Z,"7km NW of Olancha, CA",earthquake,,0.797,,125,reviewed,ci,ci
2000-05-16T08:55:19.380Z,19.7636667,-156.6565,30.864,3.42,ml,29,261,,0.1,hv,hv1287709,2020-03-31T20:37:14.370Z,"70 km W of Kailua-Kona, Hawaii",earthquake,1.12,2.2,,3,reviewed,hv,hv
2000-05-16T08:51:29.630Z,-8.17,119.959,191.6,4.4,mb,,,,1.06,us,usp0009t1s,2014-11-07T01:10:08.637Z,"36 km NNE of Labuan Bajo, Indonesia",earthquake,,10.1,,4,reviewed,us,us
2000-05-16T08:31:53.430Z,39.624,29.473,0.5,2.8,md,,,,,us,usp0009t1r,2014-11-07T01:10:08.636Z,"9 km NNW of Tav?anl?, Turkey",earthquake,,,,,reviewed,isk,isk
2000-05-16T08:21:25.090Z,39.622,29.469,19.2,2.6,md,,,,,us,usp0009t1q,2014-11-07T01:10:08.634Z,"9 km NNW of Tav?anl?, Turkey",earthquake,,,,,reviewed,isk,isk
2000-05-16T08:19:02.030Z,11.846,-86.675,81,3.8,mb,,,,1.42,us,usp0009t1p,2014-11-07T01:10:08.632Z,"18 km WNW of Masachapa, Nicaragua",earthquake,,12.9,,1,reviewed,us,us
2000-05-16T07:03:26.000Z,-40.044,174.67,110.7,4.4,mb,,,,1.2,us,usp0009t1m,2014-11-07T01:10:08.625Z,"34 km WSW of Wanganui, New Zealand",earthquake,,4.3,,12,reviewed,us,us
2000-05-16T06:11:24.880Z,42.11,-7.892,17.5,2.6,mblg,,,,,us,usp0009t1h,2014-11-07T01:10:08.619Z,"5 km WNW of Rairiz de Veiga, Spain",earthquake,,,,,reviewed,mdd,mdd
2000-05-16T05:43:20.000Z,12.945,-90.25,33,4.1,mb,,,,1.36,us,usp0009t1g,2014-11-07T01:10:08.618Z,"85 km SSW of Acajutla, El Salvador",earthquake,,,,4,reviewed,us,us
2000-05-16T05:08:01.040Z,37.515,-3.72,22.7,2.8,mblg,,,,,us,usp0009t1f,2014-11-07T01:10:08.615Z,"4 km WNW of Montillana, Spain",earthquake,,,,,reviewed,mdd,mdd
2000-05-16T04:38:03.530Z,51.534,16.347,5,3.3,ml,,,,0.5,us,usp0009t1e,2014-11-07T01:10:08.612Z,"6 km ENE of Rudna, Poland",earthquake,,,,,reviewed,us,vie
2000-05-16T03:53:29.740Z,32.2398333,-115.0488333,5.963,2.56,ml,10,236,0.5008,0.42,ci,ci9150692,2016-04-02T17:29:03.025Z,"7km NW of Estacion Coahuila, B.C., MX",earthquake,4.16,31.61,0.308,10,reviewed,ci,ci
2000-05-16T03:28:00.790Z,36.524,70.758,225.5,4.4,mb,,,,1.18,us,usp0009t1c,2014-11-07T01:10:08.608Z,"38 km S of Jurm, Afghanistan",earthquake,,,,4,reviewed,us,us
2000-05-16T02:00:21.170Z,51.347,15.779,5,3.2,ml,,,,0.98,us,usp0009t1b,2014-11-07T01:10:08.605Z,"1 km SSE of Gromadka, Poland",earthquake,,,,,reviewed,us,vie
2000-05-16T00:15:13.140Z,-49.04,123.728,10,5.2,mwc,,,,1.31,us,usp0009t19,2025-12-19T22:43:35.149Z,"western Indian-Antarctic Ridge",earthquake,,,,,reviewed,us,hrv
2000-05-16T00:11:24.393Z,61.5311,-149.9626,53.2,3,ml,,,,0.65,ak,ak0006akoyev,2020-02-20T20:16:43.026Z,"1 km NNW of Big Lake, Alaska",earthquake,,0.2,,,reviewed,ak,ak
2000-05-16T00:00:09.840Z,29.46,51.756,33,3.9,mb,,,,1.23,us,usp0009t17,2014-11-07T01:10:08.589Z,"20 km SSE of K?zer?n, Iran",earthquake,,,,3,reviewed,us,us
2000-05-15T23:07:32.527Z,60.2888,-153.0307,124.1,2.5,ml,,,,0.55,ak,ak00069atqlg,2020-02-20T20:16:44.112Z,"71 km E of Port Alsworth, Alaska",earthquake,,0.4,,,reviewed,ak,ak
2000-05-15T22:58:04.980Z,-0.91,-78.859,33,4.5,mb,,,,1.23,us,usp0009t15,2014-11-07T01:10:08.584Z,"18 km WNW of Pujilí, Ecuador",earthquake,,,,9,reviewed,us,us
2000-05-15T22:35:03.680Z,22.819,143.152,88.5,5.2,mwc,,,,1.11,us,usp0009t13,2025-12-19T22:43:34.031Z,"Volcano Islands, Japan region",earthquake,,14.2,,,reviewed,us,hrv
2000-05-15T19:53:02.920Z,33.069,-109.346,0,2.7,ml,8,,,0.37,rusms,rusms00001926,2022-06-09T21:12:02.413Z,"2 km ESE of Morenci, Arizona",explosion,,,,,reviewed,us,us
2000-05-15T19:39:36.010Z,39.3966667,-123.0715,5.047,2.75,md,41,56,0.1468,0.06,nc,nc21097806,2016-12-31T11:28:02.250Z,"9 km NNE of Potter Valley, California",earthquake,0.12,0.76,0.1,45,reviewed,nc,nc
2000-05-15T19:34:23.220Z,-17.597,-179.105,600,4.6,mb,,,,0.58,us,usp0009t10,2014-11-07T01:10:08.568Z,"175 km ENE of Levuka, Fiji",earthquake,,,,5,reviewed,us,us
2000-05-15T19:09:27.800Z,35.128,135.396,33,4.5,mb,,,,1.11,us,usp0009t0z,2014-11-07T01:10:08.563Z,"17 km ENE of Sasayama, Japan",earthquake,,,,16,reviewed,us,us
2000-05-15T18:59:57.140Z,12.359,142.525,33,4.8,mb,,,,1.15,us,usp0009t0y,2014-11-07T01:10:08.559Z,"253 km WSW of Merizo Village, Guam",earthquake,,,,9,reviewed,us,us
2000-05-15T18:58:09.300Z,4.021,128.066,176.8,4.7,mb,,,,0.97,us,usp0009t0x,2014-11-07T01:10:08.553Z,"253 km N of Tobelo, Indonesia",earthquake,,8.7,,23,reviewed,us,us
2000-05-15T18:54:25.340Z,33.079,-109.379,0,2.5,ml,6,,,0.35,rusms,rusms00001925,2022-06-09T21:12:02.410Z,"1 km W of Morenci, Arizona",explosion,,,,,reviewed,us,us
2000-05-15T17:47:09.710Z,34.358,32.015,25,3.1,ml,,,,,us,usp0009t0w,2014-11-07T01:10:08.552Z,"59 km SW of Paphos, Cyprus",earthquake,,,,,reviewed,css,css
2000-05-15T17:20:52.000Z,49.99,-130.2,10,2.9,ml,,,,,us,usp0009t0u,2014-11-07T01:10:08.535Z,"231 km WSW of Port McNeill, Canada",earthquake,,,,,reviewed,pgc,pgc
2000-05-15T16:29:53.370Z,39.274,140.596,168.3,4.3,mb,,,,0.63,us,usp0009t0t,2014-11-07T01:10:08.534Z,"6 km SE of Yokote, Japan",earthquake,,17.3,,1,reviewed,us,us
2000-05-15T16:18:47.420Z,-23.987,-66.813,190.7,4.5,mb,,,,1.07,us,usp0009t0s,2014-11-07T01:10:08.532Z,"56 km WNW of San Antonio de los Cobres, Argentina",earthquake,,14.5,,1,reviewed,us,us
2000-05-15T16:00:55.170Z,-1.124,123.54,33,4.4,mb,,,,1.13,us,usp0009t0q,2014-11-07T01:10:08.529Z,"85 km ESE of Luwuk, Indonesia",earthquake,,,,2,reviewed,us,us
2000-05-15T15:05:34.260Z,35.1915,-84.8826667,5.29,2.8,md,11,89,,0.08,se,se604609,2016-04-13T18:58:26.610Z,"3 km N of Cleveland, Tennessee",earthquake,0.6,4.9,0.097,7,reviewed,se,se
2000-05-15T15:05:34.100Z,35.181,-84.874,0,2.5,mb_lg,,90,0.12591,0.5,se,se61809,2022-06-28T14:23:59.989Z,"2 km N of Cleveland, Tennessee",earthquake,,0.6,,,reviewed,se,us
2000-05-15T14:39:56.090Z,-20.818,-178.665,600,4.4,mb,,,,0.98,us,usp0009t0n,2014-11-07T01:10:08.524Z,"Fiji region",earthquake,,,,7,reviewed,us,us
2000-05-15T14:28:02.580Z,-6.94,127.179,406.7,4.6,mb,,,,0.84,us,usp0009t0m,2014-11-07T01:10:08.517Z,"176 km N of Lospalos, Timor Leste",earthquake,,4.6,,24,reviewed,us,us
2000-05-15T14:12:54.490Z,59.8626,-153.3186,131.8,3.6,ml,,,,0.68,ak,ak000695hyfd,2020-02-20T20:16:45.127Z,"44 km E of Pedro Bay, Alaska",earthquake,,0.4,,,reviewed,ak,ak
2000-05-15T13:57:06.000Z,49.99,-130.13,10,2.7,ml,,,,,us,usp0009t0j,2014-11-07T01:10:08.511Z,"226 km WSW of Port McNeill, Canada",earthquake,,,,,reviewed,pgc,pgc
2000-05-15T13:52:22.000Z,50.03,-130.12,10,3,ml,,,,,us,usp0009t0h,2014-11-07T01:10:08.510Z,"224 km WSW of Port McNeill, Canada",earthquake,,,,,reviewed,pgc,pgc
2000-05-15T12:56:36.218Z,57.6901,-154.903,64.1,2.9,ml,,,,0.71,ak,ak000694khb9,2020-02-20T20:16:45.569Z,"29 km WNW of Karluk, Alaska",earthquake,,0.7,,,reviewed,ak,ak
2000-05-15T12:38:19.490Z,-33.197,-70.215,107.8,4.1,md,,,,,us,usp0009t0f,2014-11-07T01:10:08.505Z,"41 km ENE of Chicureo Abajo, Chile",earthquake,,,,,reviewed,guc,guc
2000-05-15T11:48:30.601Z,60.2491,-140.8173,3.9,2.5,ml,,,,1.05,ak,ak000693xbjo,2020-02-20T20:16:45.977Z,"99 km NW of Yakutat, Alaska",earthquake,,0.8,,,reviewed,ak,ak
2000-05-15T11:24:46.040Z,-20.012,-68.875,112,4.7,mb,,,,1.1,us,usp0009t0e,2014-11-07T01:10:08.497Z,"135 km E of Iquique, Chile",earthquake,,,,27,reviewed,us,us
2000-05-15T10:48:44.770Z,-20.378,-178.783,600,4,mb,,,,0.77,us,usp0009t0c,2014-11-07T01:10:08.493Z,"Fiji region",earthquake,,,,2,reviewed,us,us
2000-05-15T10:47:10.680Z,13.203,-91.091,33,4.3,mb,,,,1.02,us,usp0009t0b,2014-11-07T01:10:08.488Z,"85 km SSW of Puerto San José, Guatemala",earthquake,,,,15,reviewed,us,us
2000-05-15T10:41:04.550Z,35.771,-3.793,0,2.9,mblg,,,,,us,usp0009t0a,2014-11-07T01:10:08.486Z,"59 km NNE of Al Hoceïma, Morocco",earthquake,,,,,reviewed,mdd,mdd
2000-05-15T10:10:52.000Z,49.98,-130.22,10,2.9,ml,,,,,us,usp0009t09,2014-11-07T01:10:08.484Z,"233 km WSW of Port McNeill, Canada",earthquake,,,,,reviewed,pgc,pgc
2000-05-15T09:56:31.000Z,50.01,-130.27,10,3,mb,,,,,us,usp0009t08,2014-11-07T01:10:08.483Z,"235 km WSW of Port McNeill, Canada",earthquake,,,,1,reviewed,pgc,us
2000-05-15T09:43:36.460Z,45.68,142.16,33,4.8,mb,,,,0.77,us,usp0009t07,2014-11-07T01:10:08.474Z,"43 km NE of Makubetsu, Japan",earthquake,,,,33,reviewed,us,us
2000-05-15T09:40:47.000Z,50,-130.18,10,3.3,ml,,,,,us,usp0009t06,2014-11-07T01:10:08.473Z,"229 km WSW of Port McNeill, Canada",earthquake,,,,,reviewed,pgc,pgc
2000-05-15T09:38:41.140Z,-34.042,-68.52,16.8,3.4,md,,,,,us,usp0009t05,2014-11-07T01:10:08.471Z,"66 km NNW of San Rafael, Argentina",earthquake,,,,,reviewed,guc,guc
2000-05-15T09:08:35.570Z,34.8013333,-116.2681667,3.421,2.6,ml,22,60,,0.14,ci,ci9150624,2016-04-01T18:58:22.247Z,"13km NW of Ludlow, CA",earthquake,0.35,0.42,0.263,61,reviewed,ci,ci
2000-05-15T09:04:48.000Z,50.07,-130.27,10,3.1,ml,,,,,us,usp0009t04,2014-11-07T01:10:08.470Z,"233 km WSW of Port McNeill, Canada",earthquake,,,,,reviewed,pgc,pgc
2000-05-15T09:04:02.500Z,20.599,-99.439,3,3.5,md,,,,,us,usp0009t03,2014-11-07T01:10:08.468Z,"9 km NW of Caltimacan, Mexico",earthquake,,,,,reviewed,unm,unm
2000-05-15T08:33:04.780Z,5.618,36.228,33,4.5,mb,,,,1,us,usp0009t02,2014-11-07T01:10:08.467Z,"41 km WSW of Bako, Ethiopia",earthquake,,,,2,reviewed,us,us
2000-05-15T08:25:14.500Z,17.187,-100.785,6,4.1,md,,,,,us,usp0009t01,2014-11-07T01:10:08.465Z,"3 km SW of Nuxco, Mexico",earthquake,,,,,reviewed,unm,unm
2000-05-15T08:13:17.070Z,12.403,142.495,33,4.8,mb,,,,1.09,us,usp0009t00,2014-11-07T01:10:08.458Z,"254 km WSW of Merizo Village, Guam",earthquake,,,,31,reviewed,us,us
2000-05-15T07:53:18.000Z,50.05,-130.21,10,3.2,ml,,,,,us,usp0009szz,2014-11-07T01:10:08.457Z,"230 km WSW of Port McNeill, Canada",earthquake,,,,,reviewed,pgc,pgc
2000-05-15T07:49:39.000Z,50.03,-130.21,10,3.5,ml,,,,,us,usp0009szy,2014-11-07T01:10:08.455Z,"231 km WSW of Port McNeill, Canada",earthquake,,,,,reviewed,pgc,pgc
2000-05-15T07:34:22.810Z,-7.301,143.973,33,4,mb,,,,0.86,us,usp0009szx,2014-11-07T01:10:08.453Z,"112 km S of Ialibu, Papua New Guinea",earthquake,,,,2,reviewed,us,us
2000-05-15T07:26:10.300Z,17.146,-100.614,50,4.2,mb,,,,1.08,us,usp0009szw,2014-11-07T01:10:08.448Z,"3 km ESE of Tetitlán, Mexico",earthquake,,5.4,,12,reviewed,us,us
2000-05-15T07:23:48.000Z,50.07,-130.24,10,3.4,ml,,,,,us,usp0009szv,2014-11-07T01:10:08.447Z,"231 km WSW of Port McNeill, Canada",earthquake,,,,,reviewed,pgc,pgc
2000-05-15T07:17:02.090Z,-20.816,-178.545,600,4.6,mb,,,,0.86,us,usp0009szu,2014-11-07T01:10:08.444Z,"Fiji region",earthquake,,,,6,reviewed,us,us
2000-05-15T07:11:42.000Z,49.94,-130.33,10,5.5,mwc,,,,,us,usp0009szt,2025-12-19T22:43:32.966Z,"242 km WSW of Port McNeill, Canada",earthquake,,,,,reviewed,pgc,hrv
2000-05-15T07:06:00.000Z,50.05,-130.17,10,3.9,mb,,,,,us,usp0009szs,2014-11-07T01:10:08.420Z,"227 km WSW of Port McNeill, Canada",earthquake,,,,1,reviewed,pgc,us
2000-05-15T06:50:35.730Z,-33.77,-70.861,72.4,2.6,md,,,,,us,usp0009szr,2014-11-07T01:10:08.418Z,"11 km WSW of Buin, Chile",earthquake,,,,,reviewed,guc,guc
2000-05-15T05:58:13.000Z,49.99,-130.14,10,5.2,mwc,,,,,us,usp0009szp,2025-12-19T22:43:31.907Z,"227 km WSW of Port McNeill, Canada",earthquake,,,,,reviewed,pgc,hrv
2000-05-15T05:46:23.880Z,37.462,72.055,134.6,4.3,mb,,,,1.12,us,usp0009szn,2014-11-07T01:10:08.392Z,"44 km E of Khorugh, Tajikistan",earthquake,,10.1,,17,reviewed,us,us
2000-05-15T05:46:07.670Z,-14.639,-176.327,300,4.3,mb,,,,1.21,us,usp0009szm,2014-11-07T01:10:08.390Z,"151 km S of Mata-Utu, Wallis and Futuna",earthquake,,,,3,reviewed,us,us
2000-05-15T05:29:46.085Z,37.371,-115.2869,0,2.5,ml,6,182.93,0.191,0.0299,nn,nn00007988,2018-04-24T22:26:30.829Z,"10 km W of Alamo, Nevada",earthquake,,0,,,reviewed,nn,nn
2000-05-15T05:24:37.000Z,49.99,-130.22,10,3.4,mb,,,,,us,usp0009szk,2014-11-07T01:10:08.389Z,"233 km WSW of Port McNeill, Canada",earthquake,,,,1,reviewed,pgc,us
2000-05-15T05:20:06.100Z,18.242,-66.35,35.7,3.5,md,,,,,us,usp0009szj,2014-11-07T01:10:08.387Z,"4 km ENE of Orocovis, Puerto Rico",earthquake,,,,,reviewed,rspr,rspr
2000-05-15T05:12:53.000Z,50,-130.21,10,4.5,mb,,,,,us,usp0009szh,2014-11-07T01:10:08.380Z,"232 km WSW of Port McNeill, Canada",earthquake,,,,19,reviewed,pgc,us
2000-05-15T04:58:14.730Z,-4.384,123.248,33,4.7,mb,,,,0.85,us,usp0009szf,2014-11-07T01:10:08.377Z,"92 km ESE of Kendari, Indonesia",earthquake,,,,3,reviewed,us,us
2000-05-15T04:51:55.821Z,58.6643,-155.1323,136.5,2.8,ml,,,,0.61,ak,ak00068zrzem,2020-02-20T20:16:47.287Z,"85 km SSE of Igiugig, Alaska",earthquake,,1.9,,,reviewed,ak,ak
2000-05-15T04:48:46.730Z,17.994,-67.135,13.7,3.1,ml,,,,,us,usp0009szd,2014-11-07T01:10:08.373Z,"5 km SE of Boquerón, Puerto Rico",earthquake,,,,,reviewed,rspr,rspr
2000-05-15T04:20:24.100Z,17.303,-95.561,107.6,4.1,md,,,,,us,usp0009szc,2014-11-07T01:10:08.371Z,"7 km ENE of Santa María Puxmetacán, Mexico",earthquake,,,,,reviewed,unm,unm
2000-05-15T03:49:52.000Z,49.99,-130.23,10,3.3,ml,,,,,us,usp0009szb,2014-11-07T01:10:08.368Z,"233 km WSW of Port McNeill, Canada",earthquake,,,,,reviewed,pgc,pgc
2000-05-15T03:28:30.330Z,22.304,146.04,33,3.7,mb,,,,0.93,us,usp0009sza,2014-11-07T01:10:08.366Z,"Volcano Islands, Japan region",earthquake,,,,1,reviewed,us,us
2000-05-15T02:22:12.050Z,41.799,-8.327,4.2,2.8,mblg,,,,,us,usp0009sz9,2014-11-07T01:10:08.363Z,"7 km E of Ponte da Barca, Portugal",earthquake,,,,,reviewed,mdd,mdd
2000-05-15T02:20:57.300Z,-3.413,152.095,354.9,5.4,mwc,,,,0.75,us,usp0009sz8,2025-12-19T22:43:30.726Z,"87 km N of Rabaul, Papua New Guinea",earthquake,,2.3,,,reviewed,us,hrv
2000-05-15T01:54:42.640Z,-4.148,142.803,124.5,4.6,mb,,,,0.9,us,usp0009sz6,2014-11-07T01:10:08.335Z,"7 km NNW of Ambunti, Papua New Guinea",earthquake,,8.8,,3,reviewed,us,us
2000-05-15T01:52:00.050Z,-4.183,123.365,33,4.4,mb,,,,1.25,us,usp0009sz5,2014-11-07T01:10:08.333Z,"97 km ESE of Kendari, Indonesia",earthquake,,,,3,reviewed,us,us
2000-05-15T00:33:09.000Z,49.98,-130.14,10,2.9,ml,,,,,us,usp0009sz3,2014-11-07T01:10:08.331Z,"227 km WSW of Port McNeill, Canada",earthquake,,,,,reviewed,pgc,pgc
2000-05-14T22:39:10.000Z,49.97,-130.18,10,2.9,ml,,,,,us,usp0009sz1,2014-11-07T01:10:08.328Z,"231 km WSW of Port McNeill, Canada",earthquake,,,,,reviewed,pgc,pgc
2000-05-14T22:19:28.080Z,37.93,32.335,33,3.8,mb,,,,0.63,us,usp0009sz0,2014-11-07T01:10:08.325Z,"14 km WNW of Konya, Turkey",earthquake,,,,1,reviewed,us,us
2000-05-14T22:16:45.110Z,38.092,0.302,15.6,2.5,mblg,,,,,us,usp0009syz,2014-11-07T01:10:08.321Z,"62 km SE of Benidorm, Spain",earthquake,,,,,reviewed,mdd,mdd
2000-05-14T21:48:45.380Z,-15.783,173.243,33,4.9,mb,,,,1.09,us,usp0009syy,2014-11-07T01:10:08.316Z,"Fiji region",earthquake,,,,1,reviewed,us,us
2000-05-14T21:42:52.710Z,-1.331,123.368,33,4.4,mb,,,,1.35,us,usp0009syx,2014-11-07T01:10:08.314Z,"77 km ESE of Luwuk, Indonesia",earthquake,,,,1,reviewed,us,us
2000-05-14T21:01:06.590Z,-4.359,123.274,33,4.7,mb,,,,1.11,us,usp0009syv,2014-11-07T01:10:08.229Z,"94 km ESE of Kendari, Indonesia",earthquake,,,,6,reviewed,us,us
2000-05-14T20:56:06.500Z,-24.102,-66.83,197.9,3.8,mb,,,,0.95,us,usp0009syt,2014-11-07T01:10:08.226Z,"53 km WNW of San Antonio de los Cobres, Argentina",earthquake,,8.9,,1,reviewed,us,us
2000-05-14T20:52:04.790Z,-4.472,123.093,33,4.7,mb,,,,0.9,us,usp0009sys,2014-11-07T01:10:08.212Z,"81 km NE of Katabu, Indonesia",earthquake,,,,2,reviewed,us,us
2000-05-14T20:49:24.040Z,-4.285,123.304,33,4.7,mb,,,,1.26,us,usp0009syr,2014-11-07T01:10:08.203Z,"93 km ESE of Kendari, Indonesia",earthquake,,,,3,reviewed,us,us
2000-05-14T20:08:34.350Z,-4.296,123.164,33,6.3,mwc,,,,1.12,us,usp0009syq,2022-04-29T18:38:50.067Z,"80 km ESE of Kendari, Indonesia",earthquake,,,,,reviewed,us,hrv
2000-05-14T20:01:16.000Z,49.95,-130.18,10,3.7,ml,,,,,us,usp0009syp,2014-11-07T01:10:08.121Z,"231 km WSW of Port McNeill, Canada",earthquake,,,,,reviewed,pgc,pgc
2000-05-14T19:59:14.890Z,-17.948,-69.043,114.3,3.5,mb,,,,0.44,us,usp0009syn,2014-11-07T01:10:08.119Z,"65 km W of Curahuara de Carangas, Bolivia",earthquake,,16.9,,2,reviewed,us,us
2000-05-14T19:47:11.970Z,51.524,16.172,5,3.2,ml,,,,0.57,us,usp0009sym,2014-11-07T01:10:08.117Z,"6 km WNW of Rudna, Poland",earthquake,,,,,reviewed,us,vie
2000-05-14T19:32:06.180Z,38.09,89.709,33,3.8,mb,,,,1.09,us,usp0009syk,2014-11-07T01:10:08.116Z,"southern Xinjiang, China",earthquake,,,,2,reviewed,us,us
2000-05-14T19:23:03.100Z,-39.25,175.37,11,3.2,ml,,,,,us,usp0009syj,2014-11-07T01:10:08.114Z,"36 km NW of Waiouru, New Zealand",earthquake,,,,,reviewed,wel,wel
2000-05-14T19:13:11.790Z,50.23,19.174,5,3.1,ml,,,,1.21,us,usp0009syh,2014-11-07T01:10:08.111Z,"2 km NNE of Mys?owice, Poland",earthquake,,,,,reviewed,us,vie
2000-05-14T19:05:58.470Z,-31.996,-70.447,115.9,2.6,md,,,,,us,usp0009syg,2014-11-07T01:10:08.110Z,"54 km ESE of Salamanca, Chile",earthquake,,,,,reviewed,guc,guc
2000-05-14T18:55:37.240Z,18.445,-67.954,0.9,3.3,ml,,,,,us,usp0009syf,2014-11-07T01:10:08.108Z,"49 km ESE of Punta Cana, Dominican Republic",earthquake,,,,,reviewed,rspr,rspr
2000-05-14T18:31:37.010Z,-16.313,-174.379,33,4,mb,,,,0.53,us,usp0009sye,2014-11-07T01:10:08.107Z,"73 km WSW of Hihifo, Tonga",earthquake,,,,1,reviewed,us,us
2000-05-14T18:28:36.840Z,13.878,-61.032,10,2.9,md,,,,0.41,us,usp0009syd,2014-11-07T01:10:08.105Z,"3 km NE of Soufrière, Saint Lucia",earthquake,,,,,reviewed,us,trn
2000-05-14T18:05:45.360Z,40.298,-107.815,0,2.6,ml,12,,,0.52,rusms,rusms00001921,2022-06-09T21:12:02.386Z,"30 km NNE of Meeker, Colorado",explosion,,,,,reviewed,us,us
2000-05-14T17:18:24.050Z,28.135,91.682,33,4.7,mb,,,,0.84,us,usp0009syc,2014-11-07T01:10:08.099Z,"60 km NNE of Trashi Yangtse, Bhutan",earthquake,,,,36,reviewed,us,us
2000-05-14T16:52:56.000Z,49.97,-130.16,10,3.6,mb,,,,,us,usp0009syb,2014-11-07T01:10:08.095Z,"229 km WSW of Port McNeill, Canada",earthquake,,,,2,reviewed,pgc,us
2000-05-14T16:43:18.440Z,1.278,123.385,33,4.8,mb,,,,1.23,us,usp0009sya,2014-11-07T01:10:08.090Z,"89 km NNE of Gorontalo, Indonesia",earthquake,,,,23,reviewed,us,us
2000-05-14T16:15:31.200Z,-15.236,67.232,10,4.9,mb,,,,1.39,us,usp0009sy9,2014-11-07T01:10:08.088Z,"Mid-Indian Ridge",earthquake,,,,3,reviewed,us,us
2000-05-14T16:10:50.750Z,13.875,-61.052,10,3.2,md,,,,0.2,us,usp0009sy8,2014-11-07T01:10:08.086Z,"2 km NNE of Soufrière, Saint Lucia",earthquake,,,,,reviewed,us,trn
2000-05-14T16:06:40.180Z,-15.349,67.324,10,4.9,mb,,,,1.13,us,usp0009sy7,2014-11-07T01:10:08.082Z,"Mid-Indian Ridge",earthquake,,,,12,reviewed,us,us
2000-05-14T15:58:55.120Z,-15.41,67.237,10,4.7,mb,,,,0.74,us,usp0009sy6,2014-11-07T01:10:08.078Z,"Mid-Indian Ridge",earthquake,,,,22,reviewed,us,us
2000-05-14T15:48:54.020Z,48.962,129.915,33,4.2,mb,,,,1.08,us,usp0009sy5,2014-11-07T01:10:08.074Z,"52 km SSW of Arkhara, Russia",earthquake,,,,10,reviewed,us,us
2000-05-14T15:48:29.740Z,11.588,-60.086,22,3.4,md,,,,,us,usp0009sy4,2014-11-07T01:10:08.073Z,"83 km ENE of Scarborough, Trinidad and Tobago",earthquake,,,,,reviewed,trn,trn
2000-05-14T15:38:18.670Z,-20.248,-177.915,550,3.8,mb,,,,1.23,us,usp0009sy2,2014-11-07T01:10:08.067Z,"298 km WNW of Haveluloto, Tonga",earthquake,,,,2,reviewed,us,us
2000-05-14T15:36:36.400Z,-2.961,134.536,33,4.5,ms,,,,1.18,us,usp0009sy1,2014-11-07T01:10:08.064Z,"115 km WNW of Nabire, Indonesia",earthquake,,,,1,reviewed,us,us
2000-05-14T15:24:39.270Z,14.168,-92.797,50.4,4.4,ms,,,,0.84,us,usp0009sy0,2014-11-07T01:10:08.056Z,"73 km SSW of Puerto Madero, Mexico",earthquake,,6.6,,2,reviewed,us,us
2000-05-14T14:11:49.070Z,37.3351667,-122.0608333,3.801,2.51,md,72,25,0.02523,0.07,nc,nc21097550,2016-12-31T11:23:59.560Z,"2 km WNW of Cupertino, California",earthquake,0.09,0.22,0.12,80,reviewed,nc,nc
2000-05-14T13:16:38.700Z,-23.982,-66.608,214,3.9,mb,,,,0.23,us,usp0009sxw,2014-11-07T01:10:08.049Z,"39 km NW of San Antonio de los Cobres, Argentina",earthquake,,12.4,,2,reviewed,us,us
2000-05-14T13:10:21.510Z,-6.712,129.3,226.7,5.4,mwc,,,,0.9,us,usp0009sxv,2025-12-19T22:43:29.541Z,"Banda Sea",earthquake,,,,,reviewed,us,hrv
2000-05-14T12:58:35.760Z,-9.128,110.402,57.7,4.7,mb,,,,1.16,us,usp0009sxu,2014-11-07T01:10:08.029Z,"130 km S of Pundong, Indonesia",earthquake,,14.7,,7,reviewed,us,us
2000-05-14T12:39:40.040Z,-23.258,112.984,10,4.3,mb,,,,1.07,us,usp0009sxt,2014-11-07T01:10:08.026Z,"187 km SW of Exmouth, Australia",earthquake,,,,3,reviewed,us,us
2000-05-14T12:06:34.993Z,62.8911,-150.5291,97.8,2.6,ml,,,,0.73,ak,ak00067gqex7,2020-02-20T20:16:51.743Z,"46 km NNE of Petersville, AK",earthquake,,0.3,,,reviewed,ak,ak
2000-05-14T11:32:40.050Z,-1.525,123.317,76.6,4.8,mb,,,,1.37,us,usp0009sxr,2014-11-07T01:10:08.018Z,"86 km SE of Luwuk, Indonesia",earthquake,,19.5,,14,reviewed,us,us
2000-05-14T11:16:04.480Z,41.185,34.413,10,3.6,mb,,,,,us,usp0009sxq,2014-11-07T01:10:08.016Z,"36 km ENE of Tosya, Turkey",earthquake,,,,1,reviewed,isk,us
2000-05-14T10:47:43.210Z,-1.42,123.354,33,5.6,mwc,,,,1.08,us,usp0009sxp,2022-04-29T18:38:48.484Z,"81 km SE of Luwuk, Indonesia",earthquake,,,,,reviewed,us,hrv
2000-05-14T10:37:12.930Z,-14.097,167.224,207.9,4.4,mb,,,,1.04,us,usp0009sxn,2014-11-07T01:10:07.978Z,"43 km SW of Sola, Vanuatu",earthquake,,,,15,reviewed,us,us
2000-05-14T09:46:37.255Z,57.4826,-156.6359,111.2,3.2,ml,,,,0.62,ak,ak00067f6ox9,2020-02-20T20:16:52.481Z,"45 km E of Ugashik, Alaska",earthquake,,0.7,,,reviewed,ak,ak
2000-05-14T09:20:38.220Z,18.031,-103.239,33,4.4,md,,,,1.02,us,usp0009sxk,2014-11-07T01:10:07.971Z,"66 km SSE of La Placita de Morelos, Mexico",earthquake,,,,,reviewed,us,unm
2000-05-14T09:06:44.400Z,17.953,-103.099,8,4.5,md,,,,,us,usp0009sxj,2014-11-07T01:10:07.969Z,"77 km W of El Habillal, Mexico",earthquake,,,,,reviewed,unm,unm
2000-05-14T09:00:18.920Z,17.894,-103.003,33,4.8,mb,,,,1.05,us,usp0009sxh,2014-11-07T01:10:07.957Z,"67 km W of El Habillal, Mexico",earthquake,,,,50,reviewed,us,us
2000-05-14T08:58:09.630Z,12.511,142.696,79.2,4.7,mb,,,,0.74,us,usp0009sxg,2014-11-07T01:10:07.954Z,"229 km WSW of Merizo Village, Guam",earthquake,,12.8,,7,reviewed,us,us
2000-05-14T08:56:39.000Z,-36.68,177.38,12,4.5,ml,,,,,us,usp0009sxf,2014-11-07T01:10:07.953Z,"141 km ENE of Tairua, New Zealand",earthquake,,,,,reviewed,wel,wel
2000-05-14T08:24:42.830Z,-21.634,68.754,10,4.3,mb,,,,1.21,us,usp0009sxe,2014-11-07T01:10:07.952Z,"Mid-Indian Ridge",earthquake,,,,2,reviewed,us,us
2000-05-14T08:07:48.839Z,57.3703,-154.2101,40.5,4.2,mb,,,,0.88,ak,ak00067ecxab,2020-02-20T20:16:52.866Z,"23 km SW of Larsen Bay, Alaska",earthquake,,1.3,,,reviewed,ak,ak
2000-05-14T07:21:09.934Z,52.1403,-175.9433,154.4,2.5,ml,,,,0.27,ak,ak00067duepd,2020-02-20T20:15:12.994Z,"55 km ENE of Adak, Alaska",earthquake,,2.1,,,reviewed,ak,ak
2000-05-14T07:19:03.437Z,66.9265,-164.0334,9.9,3.2,ml,,,,0.76,ak,ak00067dtyrr,2020-02-20T20:15:12.685Z,"62 km W of Kotzebue, Alaska",earthquake,,42,,,reviewed,ak,ak
2000-05-14T07:09:05.590Z,47.959,153.466,33,3.4,mb,,,,0.54,us,usp0009sxa,2014-11-07T01:10:07.941Z,"Kuril Islands",earthquake,,,,1,reviewed,us,us
2000-05-14T06:43:48.570Z,-11.507,165.368,33,4,mb,,,,1.11,us,usp0009sx9,2014-11-07T01:10:07.939Z,"98 km SSW of Lata, Solomon Islands",earthquake,,,,3,reviewed,us,us
2000-05-14T06:19:28.420Z,-15.282,-175.316,200,3.8,mb,,,,0.7,us,usp0009sx8,2014-11-07T01:10:07.937Z,"179 km WNW of Hihifo, Tonga",earthquake,,,,4,reviewed,us,us
2000-05-14T05:50:46.940Z,38.8255,-122.7951667,3.59,2.78,md,53,36,0.01802,0.04,nc,nc21097480,2016-12-31T11:21:48.090Z,"6 km W of Cobb, California",earthquake,0.11,0.24,0.09,65,reviewed,nc,nc
2000-05-14T05:26:40.640Z,12.493,142.641,33,4.8,mb,,,,1.19,us,usp0009sx7,2014-11-07T01:10:07.932Z,"236 km WSW of Merizo Village, Guam",earthquake,,,,23,reviewed,us,us
2000-05-14T05:25:43.500Z,16.407,-94.645,77,4,md,,,,,us,usp0009sx6,2014-11-07T01:10:07.930Z,"4 km NNE of Guamúchil, Mexico",earthquake,,,,,reviewed,unm,unm
2000-05-14T04:54:50.260Z,-20,-177.644,500,4,mb,,,,1.01,us,usp0009sx5,2014-11-07T01:10:07.928Z,"283 km WNW of Haveluloto, Tonga",earthquake,,,,1,reviewed,us,us
2000-05-14T04:11:16.500Z,27.573,139.717,477.4,5.2,mwc,,,,0.79,us,usp0009sx4,2025-12-19T22:43:28.479Z,"Bonin Islands, Japan region",earthquake,,,,,reviewed,us,hrv
2000-05-14T03:56:19.220Z,37.447,-32.244,10,3.9,mb,,,,0.95,us,usp0009sx3,2014-11-07T01:10:07.904Z,"233 km SSW of Lajes das Flores, Portugal",earthquake,,,,3,reviewed,us,us
2000-05-14T03:41:50.820Z,15.206,-61.069,124,3.5,mb,,,,,us,usp0009sx2,2014-11-07T01:10:07.901Z,"23 km SE of La Plaine, Dominica",earthquake,,,,1,reviewed,trn,us
2000-05-14T02:37:15.510Z,48.171,155.087,33,3.9,mb,,,,0.74,us,usp0009sx1,2014-11-07T01:10:07.900Z,"288 km SSW of Severo-Kuril’sk, Russia",earthquake,,,,2,reviewed,us,us
2000-05-14T02:10:18.100Z,43.84,-125.666,10,3.9,mb,,,,0.97,us,usp0009sx0,2016-07-22T23:54:46.570Z,"121 km W of Winchester Bay, Oregon",earthquake,,,,2,reviewed,us,us
2000-05-14T01:49:50.200Z,5.477,126.998,79.9,4.7,mb,,,,1.25,us,usp0009swz,2014-11-07T01:10:07.889Z,"133 km SE of Pondaguitan, Philippines",earthquake,,8.4,,23,reviewed,us,us
2000-05-14T01:15:59.270Z,5.67,126.626,87.1,3.9,mb,,,,0.96,us,usp0009swy,2014-11-07T01:10:07.886Z,"91 km SSE of Pondaguitan, Philippines",earthquake,,12.3,,2,reviewed,us,us
2000-05-14T00:55:58.120Z,-8.306,119.581,182.3,5.1,mb,,,,1.23,us,usp0009swx,2014-11-07T01:10:07.884Z,"32 km NNE of Komodo, Indonesia",earthquake,,10,,3,reviewed,us,us
2000-05-13T23:54:16.090Z,-31.735,-69.516,130,3.2,md,,,,0.65,us,usp0009swv,2014-11-07T01:10:07.880Z,"45 km SSW of Calingasta, Argentina",earthquake,,,,,reviewed,us,guc
2000-05-13T23:49:52.390Z,-2.617,-80.164,74.6,4.4,mb,,,,0.92,us,usp0009swu,2014-11-07T01:10:07.878Z,"24 km E of Playas, Ecuador",earthquake,,23.3,,2,reviewed,us,us
2000-05-13T23:04:35.290Z,33.177,-115.97,6.838,2.75,ml,0,39.3,0.1183,0.204,ci,ci9150508,2016-02-17T12:03:27.390Z,"14km S of Salton City, California",earthquake,,8.088,,137,reviewed,ci,ci
2000-05-13T23:01:25.900Z,44.304,11.949,10,3.8,ml,,,,1.38,us,usp0009swr,2014-11-07T01:10:07.866Z,"5 km ENE of Faenza, Italy",earthquake,,,,,reviewed,us,str
2000-05-13T22:57:18.880Z,12.558,142.538,22.4,4.8,mwc,,,,1.09,us,usp0009swq,2016-11-09T22:30:36.657Z,"244 km WSW of Merizo Village, Guam",earthquake,,,,,reviewed,us,hrv
2000-05-13T22:54:10.660Z,11.408,-62.102,116.4,4.3,md,,,,1.11,us,usp0009swp,2014-11-07T01:10:07.855Z,"80 km SSW of Saint George's, Grenada",earthquake,,5.9,,,reviewed,us,fdf
2000-05-13T22:30:01.930Z,1.274,126.195,58.5,4.5,mb,,,,0.95,us,usp0009swn,2014-11-07T01:10:07.853Z,"137 km E of Laikit, Laikit II (Dimembe), Indonesia",earthquake,,16.5,,6,reviewed,us,us
2000-05-13T22:06:08.160Z,35.996,70.67,102.3,4.4,mb,,,,1.15,us,usp0009swm,2014-11-07T01:10:07.852Z,"67 km NNW of P?r?n, Afghanistan",earthquake,,22.4,,4,reviewed,us,us
2000-05-13T19:56:13.230Z,44.329,11.862,10,3.3,ml,,,,1,us,usp0009swj,2014-11-07T01:10:07.847Z,"3 km SSE of Solarolo, Italy",earthquake,,,,,reviewed,us,vie
2000-05-13T19:04:48.440Z,5.523,-83.175,33,4,mb,,,,1.34,us,usp0009swh,2014-11-07T01:10:07.845Z,"279 km S of Punta de Burica, Panama",earthquake,,,,1,reviewed,us,us
2000-05-13T19:03:12.360Z,36.023,70.757,104.4,4.6,mb,,,,1.12,us,usp0009swg,2014-11-07T01:10:07.843Z,"68 km NNW of P?r?n, Afghanistan",earthquake,,16.7,,2,reviewed,us,us
2000-05-13T17:50:16.610Z,-57.089,-24.978,33,4.4,mb,,,,1,us,usp0009swf,2014-11-07T01:10:07.841Z,"South Sandwich Islands region",earthquake,,,,3,reviewed,us,us
2000-05-13T15:50:30.940Z,35.921,25.196,111.2,3.9,mb,,,,1.3,us,usp0009swe,2014-11-07T01:10:07.839Z,"53 km SSW of Emporeío, Greece",earthquake,,21.5,,8,reviewed,us,us
2000-05-13T13:57:52.300Z,15.295,-60.732,30,2.9,md,,,,,us,usp0009swc,2014-11-07T01:10:07.836Z,"55 km E of La Plaine, Dominica",earthquake,,,,,reviewed,fdf,trn
2000-05-13T12:53:14.270Z,4.372,125.948,156,4.4,mb,,,,0.58,us,usp0009swb,2014-11-07T01:10:07.834Z,"126 km SSE of Sarangani, Philippines",earthquake,,21.6,,4,reviewed,us,us
2000-05-13T12:29:20.980Z,-2.912,128.138,33,4,mb,,,,1.31,us,usp0009swa,2014-11-07T01:10:07.832Z,"86 km N of Ambon, Indonesia",earthquake,,,,1,reviewed,us,us
2000-05-13T12:28:43.000Z,50.57,-130.43,10,3.2,ml,,,,,us,usp0009sw9,2014-11-07T01:10:07.830Z,"236 km W of Port McNeill, Canada",earthquake,,,,,reviewed,pgc,pgc
2000-05-13T12:17:02.730Z,-31.895,-70.285,125.9,3.1,md,,,,,us,usp0009sw8,2014-11-07T01:10:07.828Z,"65 km E of Salamanca, Chile",earthquake,,,,,reviewed,guc,guc
2000-05-13T11:27:21.510Z,14.578,-93.296,54.5,4,mb,,,,1.06,us,usp0009sw6,2014-11-07T01:10:07.823Z,"91 km SW of El Arenal, Mexico",earthquake,,7.6,,10,reviewed,us,us
2000-05-13T10:17:37.920Z,-31.407,-71.98,47.1,4.3,md,,,,,us,usp0009sw3,2014-11-07T01:10:07.819Z,"80 km WNW of Illapel, Chile",earthquake,,,,,reviewed,guc,guc
2000-05-13T09:51:57.660Z,39.3965,-123.0711667,5.7,3,md,42,55,0.1468,0.08,nc,nc21097302,2016-12-31T11:17:16.510Z,"9 km NNE of Potter Valley, California",earthquake,0.13,0.69,0.16,64,reviewed,nc,nc
2000-05-13T09:33:33.930Z,42.384,144.46,33,4.1,mb,,,,1.06,us,usp0009sw1,2014-11-07T01:10:07.814Z,"66 km S of Kushiro, Japan",earthquake,,,,5,reviewed,us,us
2000-05-13T09:31:10.400Z,-4.353,153.029,33,5.3,mb,,,,0.86,us,usp0009sw0,2014-11-07T01:10:07.800Z,"84 km E of Kokopo, Papua New Guinea",earthquake,,,,40,reviewed,us,us
2000-05-13T09:11:45.630Z,37.329,70.173,61,4.4,mb,,,,0.8,us,usp0009svz,2014-11-07T01:10:07.798Z,"37 km NE of Rust?q, Afghanistan",earthquake,,12.3,,4,reviewed,us,us
2000-05-13T09:08:38.400Z,17.52,-99.722,71.4,3.7,md,,,,,us,usp0009svy,2014-11-07T01:10:07.796Z,"4 km W of San Vicente, Mexico",earthquake,,,,,reviewed,unm,unm
2000-05-13T09:07:54.315Z,66.1031,-148.7678,34.3,2.7,ml,,,,0.54,ak,ak00065rf0tj,2020-02-20T20:16:58.265Z,"18 km NE of Stevens Village, Alaska",earthquake,,2.6,,,reviewed,ak,ak
2000-05-13T09:05:36.930Z,12.519,142.648,33,5.2,mb,,,,1.23,us,usp0009svw,2014-11-07T01:10:07.774Z,"234 km WSW of Merizo Village, Guam",earthquake,,,,28,reviewed,us,us
2000-05-13T08:42:32.000Z,12.467,142.614,60.9,4.9,mb,,,,1.32,us,usp0009svv,2014-11-07T01:10:07.770Z,"239 km WSW of Merizo Village, Guam",earthquake,,21.7,,8,reviewed,us,us
2000-05-13T08:08:10.720Z,-50.19,119.833,10,4.5,mb,,,,1.01,us,usp0009svu,2014-11-07T01:10:07.754Z,"western Indian-Antarctic Ridge",earthquake,,,,11,reviewed,us,us
2000-05-13T07:57:56.590Z,-57.186,-25.236,33,4.8,mb,,,,1.35,us,usp0009svt,2014-11-07T01:10:07.669Z,"South Sandwich Islands region",earthquake,,,,6,reviewed,us,us
2000-05-13T07:24:19.400Z,17.518,-99.611,57.1,3.7,md,,,,,us,usp0009svr,2014-11-07T01:10:07.649Z,"7 km E of San Vicente, Mexico",earthquake,,,,,reviewed,unm,unm
2000-05-13T06:01:39.380Z,44.343,11.852,10,2.9,ml,,,,1.16,us,usp0009svp,2014-11-07T01:10:07.644Z,"1 km SSE of Solarolo, Italy",earthquake,,,,,reviewed,us,ldg
2000-05-13T05:59:25.670Z,44.412,11.859,10,3.3,ml,,,,1.29,us,usp0009svn,2014-11-07T01:10:07.639Z,"3 km NW of Barbiano, Italy",earthquake,,,,,reviewed,us,ldg
2000-05-13T04:34:28.850Z,-60.46,-27.655,33,4.7,mb,,,,1.55,us,usp0009svk,2014-11-07T01:10:07.635Z,"South Sandwich Islands region",earthquake,,,,7,reviewed,us,us
2000-05-13T04:30:22.420Z,14.372,123.808,58.2,4.9,mb,,,,1.16,us,usp0009svj,2014-11-07T01:10:07.629Z,"53 km NW of Pandan, Philippines",earthquake,,,,21,reviewed,us,us
2000-05-13T04:21:43.160Z,35.971,70.537,88.1,4.4,mb,,,,1.05,us,usp0009svh,2014-11-07T01:10:07.625Z,"70 km NNW of P?r?n, Afghanistan",earthquake,,10.3,,16,reviewed,us,us
2000-05-13T03:39:40.200Z,8.692,126.873,33,4.9,mb,,,,1.19,us,usp0009svg,2014-11-07T01:10:07.618Z,"64 km ESE of Marihatag, Philippines",earthquake,,,,20,reviewed,us,us
2000-05-13T03:13:10.090Z,-5.101,151.268,67.1,4.3,mb,,,,0.59,us,usp0009svf,2014-11-07T01:10:07.617Z,"134 km ENE of Kimbe, Papua New Guinea",earthquake,,13,,2,reviewed,us,us
2000-05-13T02:29:27.620Z,-50.13,120.117,10,4.3,mb,,,,0.85,us,usp0009sve,2014-11-07T01:10:07.615Z,"western Indian-Antarctic Ridge",earthquake,,,,1,reviewed,us,us
2000-05-13T02:11:49.720Z,-23.833,-66.608,214.6,4.1,mb,,,,0.82,us,usp0009svc,2014-11-07T01:10:07.611Z,"51 km NW of San Antonio de los Cobres, Argentina",earthquake,,5.7,,7,reviewed,us,us
2000-05-13T01:36:23.920Z,-58.594,-53.7,10,4.4,mb,,,,1.08,us,usp0009svb,2014-11-07T01:10:07.609Z,"Scotia Sea",earthquake,,,,5,reviewed,us,us
2000-05-13T01:34:41.920Z,35.986,70.687,109.2,4,mb,,,,0.72,us,usp0009sva,2014-11-07T01:10:07.607Z,"66 km NNW of P?r?n, Afghanistan",earthquake,,11.4,,4,reviewed,us,us
2000-05-13T01:01:10.100Z,-41.76,174.32,32,3.3,ml,,,,,us,usp0009sv9,2014-11-07T01:10:07.605Z,"40 km SE of Blenheim, New Zealand",earthquake,,,,,reviewed,wel,wel
2000-05-12T23:57:38.100Z,15.994,-98.377,8,3.7,mb,,,,,us,usp0009sv8,2014-11-07T01:10:07.601Z,"33 km SW of Corralero, Mexico",earthquake,,,,1,reviewed,unm,us
2000-05-12T23:43:48.170Z,10.967,-62.21,58,3.4,md,,,,,us,usp0009sv7,2014-11-07T01:10:07.599Z,"44 km NNE of Güiria, Venezuela",earthquake,,,,,reviewed,trn,trn
2000-05-12T23:39:50.560Z,33.174,-115.6375,4.513,2.99,ml,31,58,0.01866,0.31,ci,ci9150367,2016-04-01T22:14:54.105Z,"13km WNW of Calipatria, CA",earthquake,0.38,0.59,0.303,47,reviewed,ci,ci
2000-05-12T23:10:29.980Z,35.975,70.657,107.7,6.3,mwc,,,,0.89,us,usp0009sv4,2022-04-29T18:38:47.069Z,"66 km NNW of P?r?n, Afghanistan",earthquake,,,,,reviewed,us,hrv
2000-05-12T22:53:37.800Z,-33.429,-70.477,93.2,2.6,md,,,,,us,usp0009sv3,2014-11-07T01:10:07.532Z,"10 km ENE of Villa Presidente Frei, Ñuñoa, Santiago, Chile, Chile",earthquake,,,,,reviewed,guc,guc
2000-05-12T20:27:43.200Z,33.048,-109.338,0,2.6,ml,6,,,0.54,rusms,rusms00001919,2022-06-09T21:12:02.376Z,"3 km W of Clifton, Arizona",explosion,,,,,reviewed,us,us
2000-05-12T19:49:16.300Z,-24.053,-66.794,208,4,mb,,,,0.9,us,usp0009suz,2014-11-07T01:10:07.525Z,"51 km WNW of San Antonio de los Cobres, Argentina",earthquake,,12.6,,1,reviewed,us,us
2000-05-12T19:46:46.490Z,19.204,-66.854,41.9,3.5,md,,,,,us,usp0009suy,2014-11-07T01:10:07.524Z,"79 km N of Hatillo, Puerto Rico",earthquake,,,,,reviewed,rspr,rspr
2000-05-12T19:46:23.050Z,34.7863333,-116.2933333,2.751,2.57,ml,18,87,,0.14,ci,ci9150323,2016-04-02T04:43:16.426Z,"14km WNW of Ludlow, CA",earthquake,0.39,0.45,0.304,51,reviewed,ci,ci
2000-05-12T19:45:10.660Z,19.337,-66.74,34.4,3.4,md,,,,,us,usp0009sux,2014-11-07T01:10:07.522Z,"94 km N of Hatillo, Puerto Rico",earthquake,,,,,reviewed,rspr,rspr
2000-05-12T19:37:59.140Z,38.8363333,-112.0931667,8.54,2.5,ml,16,55,0.1282,0.2,uu,uu50201095,2018-08-28T17:48:21.750Z,"7 km N of Richfield, Utah",earthquake,0.61,0.56,,2,reviewed,uu,uu
2000-05-12T19:33:46.850Z,13.577,-89.202,33,4.1,mb,,,,1.29,us,usp0009suv,2014-11-07T01:10:07.518Z,"0 km ENE of Rosario de Mora, El Salvador",earthquake,,,,3,reviewed,us,us
2000-05-12T18:54:55.580Z,37.6253333,-118.8855,0.066,2.78,md,6,177,0.01351,0.21,nc,nc30504277,2016-12-31T11:13:31.130Z,"8 km ESE of Mammoth Lakes, California",earthquake,1.23,1.3,0.39,5,automatic,nc,nc
2000-05-12T18:43:18.120Z,-23.548,-66.452,225,7.2,mwc,,,,0.86,us,usp0009suu,2022-04-29T19:16:27.106Z,"75 km N of San Antonio de los Cobres, Argentina",earthquake,,4.6,,,reviewed,us,hrv
2000-05-12T18:26:04.080Z,33.1646667,-115.6391667,4.793,2.55,ml,28,56,0.0235,0.27,ci,ci9150306,2016-04-02T07:55:46.277Z,"12km WNW of Calipatria, CA",earthquake,0.29,0.47,0.353,27,reviewed,ci,ci
2000-05-12T18:25:23.810Z,60.0123,-153.4285,147.3,3.8,ml,,,,0.73,ak,ak000649cdb1,2020-02-20T20:17:01.874Z,"45 km ENE of Pedro Bay, Alaska",earthquake,,0.5,,,reviewed,ak,ak
2000-05-12T17:54:03.810Z,10.001,41.079,10,4.3,mb,,,,0.95,us,usp0009sus,2014-11-07T01:10:07.444Z,"50 km ESE of Gewan?, Ethiopia",earthquake,,,,5,reviewed,us,us
2000-05-12T17:49:13.750Z,8.695,127.052,38.4,4.4,mb,,,,1.22,us,usp0009sur,2014-11-07T01:10:07.441Z,"84 km E of Marihatag, Philippines",earthquake,,,,3,reviewed,us,us
2000-05-12T17:47:46.060Z,19.207,-66.719,24.9,3.1,md,,,,,us,usp0009suq,2014-11-07T01:10:07.440Z,"80 km N of Hatillo, Puerto Rico",earthquake,,,,,reviewed,rspr,rspr
2000-05-12T17:40:48.300Z,44.301,11.846,10,3,ml,,,,1.33,us,usp0009sup,2014-11-07T01:10:07.438Z,"2 km WNW of Faenza, Italy",earthquake,,,,,reviewed,us,vie
2000-05-12T17:25:00.580Z,18.643,-66.961,17.5,3.2,md,,,,,us,usp0009sun,2014-11-07T01:10:07.436Z,"17 km NNE of Isabela, Puerto Rico",earthquake,,,,,reviewed,rspr,rspr
2000-05-12T17:21:54.310Z,51.139,157.651,61.9,5.2,mwc,,,,0.99,us,usp0009sum,2025-12-19T22:43:27.414Z,"89 km ESE of Ozernovskiy, Russia",earthquake,,,,,reviewed,us,hrv
2000-05-12T15:51:45.050Z,-10.869,165.814,33,4.5,mb,,,,1.28,us,usp0009suj,2014-11-07T01:10:07.418Z,"16 km S of Lata, Solomon Islands",earthquake,,,,3,reviewed,us,us
2000-05-12T15:27:46.020Z,8.747,127.195,23.4,4.2,mb,,,,1.09,us,usp0009suh,2014-11-07T01:10:07.415Z,"98 km E of Aras-asan, Philippines",earthquake,,,,4,reviewed,us,us
2000-05-12T15:09:09.380Z,8.664,126.925,38.7,4.4,mb,,,,1.33,us,usp0009sug,2014-11-07T01:10:07.412Z,"70 km ESE of Marihatag, Philippines",earthquake,,,,6,reviewed,us,us
2000-05-12T14:55:19.120Z,31.562,-115.848,5.842,2.77,mc,0,316.2,1.084,0.199,ci,ci9150278,2016-02-16T02:25:34.140Z,"70km ESE of Maneadero, B.C., MX",earthquake,,,,6,reviewed,ci,ci
2000-05-12T14:05:49.160Z,12.661,142.848,33,3.5,mb,,,,1.31,us,usp0009suf,2014-11-07T01:10:07.410Z,"208 km WSW of Merizo Village, Guam",earthquake,,,,1,reviewed,us,us
2000-05-12T13:16:08.210Z,47.619,12.824,5,3.4,ml,,,,1.16,us,usp0009sue,2014-11-07T01:10:07.403Z,"5 km W of Ramsau, Germany",earthquake,,,,,reviewed,us,ldg
2000-05-12T12:20:02.100Z,15.976,-98.308,5,4.1,mb,,,,,us,usp0009sud,2014-11-07T01:10:07.399Z,"31 km SSW of Corralero, Mexico",earthquake,,,,6,reviewed,unm,us
2000-05-12T11:58:48.140Z,-27.748,-70.475,75.6,4.4,mb,,,,1.25,us,usp0009suc,2014-11-07T01:10:07.395Z,"44 km SSW of Copiapó, Chile",earthquake,,,,7,reviewed,us,us
2000-05-12T11:53:32.546Z,62.437,-148.2315,42.9,2.8,ml,,,,0.67,ak,ak000645ccsm,2020-02-20T20:17:02.722Z,"72 km N of Chickaloon, Alaska",earthquake,,0.1,,,reviewed,ak,ak
2000-05-12T11:26:38.080Z,44.354,11.955,10,4.4,mb,,,,,us,usp0009sua,2014-11-07T01:10:07.372Z,"1 km ESE of Granarolo, Italy",earthquake,,,,7,reviewed,rom,us
2000-05-12T10:59:59.854Z,61.6562,-151.9693,104.4,2.6,ml,,,,0.53,ak,ak000644s9ld,2020-02-20T20:17:03.176Z,"47 km SW of Skwentna, Alaska",earthquake,,0.6,,,reviewed,ak,ak
2000-05-12T10:29:13.783Z,63.0271,-150.6228,121,3.2,ml,,,,0.84,ak,ak000644lqk2,2020-02-20T20:17:04.272Z,"59 km N of Petersville, Alaska",earthquake,,0.4,,,reviewed,ak,ak
2000-05-12T10:17:30.160Z,33.418,141.145,33,4.4,mb,,,,1.24,us,usp0009su7,2014-11-07T01:10:07.359Z,"206 km SSE of Katsuura, Japan",earthquake,,,,15,reviewed,us,us
2000-05-12T09:39:57.770Z,12.522,142.618,66.8,4.8,mb,,,,1.28,us,usp0009su6,2014-11-07T01:10:07.357Z,"237 km WSW of Merizo Village, Guam",earthquake,,21.9,,5,reviewed,us,us
2000-05-12T09:17:27.060Z,44.271,11.894,10,3.2,ml,,,,1.15,us,usp0009su5,2014-11-07T01:10:07.354Z,"2 km SSE of Faenza, Italy",earthquake,,,,,reviewed,us,vie
2000-05-12T08:27:09.810Z,19.487,120.097,33,3.8,mb,,,,0.88,us,usp0009su4,2014-11-07T01:10:07.353Z,"123 km NNW of Davila, Philippines",earthquake,,,,1,reviewed,us,us
2000-05-12T07:33:31.780Z,-30.898,-71.196,89,4,mb,,,,1.23,us,usp0009su3,2014-11-07T01:10:07.350Z,"32 km SW of Monte Patria, Chile",earthquake,,14.1,,1,reviewed,us,us
2000-05-12T07:01:39.910Z,44.272,11.897,10,2.9,ml,,,,1.18,us,usp0009su2,2014-11-07T01:10:07.347Z,"2 km SE of Faenza, Italy",earthquake,,,,,reviewed,us,vie
2000-05-12T06:49:12.360Z,-1.15,123.634,33,4.5,mb,,,,0.91,us,usp0009su1,2014-11-07T01:10:07.346Z,"96 km ESE of Luwuk, Indonesia",earthquake,,,,1,reviewed,us,us
2000-05-12T05:09:36.420Z,10.039,126.357,33,4,mb,,,,1.13,us,usp0009su0,2014-11-07T01:10:07.344Z,"34 km NE of Pilar, Philippines",earthquake,,,,1,reviewed,us,us
2000-05-12T04:22:05.360Z,-1.213,123.435,33,4.9,mb,,,,1.12,us,usp0009sty,2014-11-07T01:10:07.339Z,"77 km ESE of Luwuk, Indonesia",earthquake,,,,13,reviewed,us,us
2000-05-12T03:57:27.810Z,11.266,-61.711,10,2.8,md,,,,,us,usp0009stx,2014-11-07T01:10:07.338Z,"65 km NNW of Petit Valley, Trinidad and Tobago",earthquake,,,,,reviewed,trn,trn
2000-05-12T03:01:44.470Z,37.049,36.085,10,4.7,mb,,,,1.06,us,usp0009stv,2020-07-08T00:55:05.924Z,"5 km WSW of Toprakkale, Turkey",earthquake,,,,72,reviewed,us,us
2000-05-12T01:46:44.150Z,-1.355,123.538,33,4.7,mb,,,,0.97,us,usp0009stu,2014-11-07T01:10:07.321Z,"94 km ESE of Luwuk, Indonesia",earthquake,,,,3,reviewed,us,us
2000-05-12T01:37:12.100Z,-41.44,175,24,3.5,ml,,,,,us,usp0009stt,2014-11-07T01:10:07.319Z,"24 km SE of Brooklyn, New Zealand",earthquake,,,,,reviewed,wel,wel
2000-05-12T01:16:26.550Z,29.044,69.885,33,4.4,mb,,,,0.87,us,usp0009sts,2014-11-07T01:10:07.318Z,"40 km N of Rojhan, Pakistan",earthquake,,,,2,reviewed,us,us
2000-05-12T00:32:29.340Z,51.892,-179.787,33,3.6,mb,,,,1.49,us,usp0009str,2014-11-07T01:10:07.317Z,"217 km W of Adak, Alaska",earthquake,,,,1,reviewed,us,us
2000-05-12T00:32:25.400Z,50.8807,-179.6168,19.1,3.5,ml,,,,0.9,ak,ak00063yo2jw,2020-02-20T20:15:13.301Z,"235 km WSW of Adak, Alaska",earthquake,,11.5,,,reviewed,ak,ak
2000-05-12T00:25:12.250Z,51.626,-175.943,33,3.3,mb,,,,1.21,us,usp0009stq,2020-02-20T20:15:13.911Z,"55 km ESE of Adak, Alaska",earthquake,,,,2,reviewed,us,us
2000-05-11T23:46:50.640Z,11.579,144.899,33,3.5,mb,,,,0.58,us,usp0009stn,2014-11-07T01:10:07.312Z,"188 km S of Inarajan Village, Guam",earthquake,,,,1,reviewed,us,us
2000-05-11T23:36:57.100Z,12.509,142.707,33,4.5,mb,,,,0.87,us,usp0009stm,2014-11-07T01:10:07.308Z,"228 km WSW of Merizo Village, Guam",earthquake,,,,6,reviewed,us,us
2000-05-11T23:35:02.560Z,12.445,142.85,33,4.5,mb,,,,1.09,us,usp0009stk,2014-11-07T01:10:07.306Z,"217 km WSW of Merizo Village, Guam",earthquake,,,,4,reviewed,us,us
2000-05-11T22:58:01.830Z,46.736,-122.776,0,2.9,md,6,,,0.22,rusms,rusms00001917,2022-06-09T21:12:02.368Z,"10 km SE of Bucoda, Washington",explosion,,,,,reviewed,us,us
2000-05-11T22:51:13.160Z,5.022,125.376,196.2,4.3,mb,,,,1.09,us,usp0009sth,2014-11-07T01:10:07.303Z,"43 km SSW of Sarangani, Philippines",earthquake,,10.6,,2,reviewed,us,us
2000-05-11T22:15:56.140Z,35.727,-118.461,1.198,2.7,ml,34,50,0.06495,0.22,ci,ci9150189,2016-04-02T17:30:24.770Z,"2km N of Wofford Heights, CA",earthquake,0.38,0.7,0.203,40,reviewed,ci,ci
2000-05-11T21:43:25.450Z,38.9126667,-122.6335,2.541,2.86,md,48,66,0.03964,0.11,nc,nc21096941,2016-12-31T11:10:57.400Z,"2 km W of Lower Lake, California",earthquake,0.15,0.57,0.13,69,reviewed,nc,nc
2000-05-11T21:38:05.270Z,-0.55,123.227,77,5.1,mwc,,,,1.28,us,usp0009ste,2022-04-29T18:38:45.163Z,"66 km NE of Luwuk, Indonesia",earthquake,,3.5,,,reviewed,us,hrv
2000-05-11T20:06:20.390Z,12.401,142.657,33,4.7,mb,,,,1.26,us,usp0009stc,2014-11-07T01:10:07.277Z,"238 km WSW of Merizo Village, Guam",earthquake,,,,6,reviewed,us,us
2000-05-11T20:01:01.430Z,-3.569,145.004,33,4.6,ms,,,,1.22,us,usp0009stb,2014-11-07T01:10:07.274Z,"117 km ENE of Angoram, Papua New Guinea",earthquake,,,,1,reviewed,us,us
2000-05-11T19:59:28.730Z,12.259,142.965,33,3.9,mb,,,,0.79,us,usp0009st9,2014-11-07T01:10:07.271Z,"215 km WSW of Merizo Village, Guam",earthquake,,,,2,reviewed,us,us
2000-05-11T19:44:36.570Z,33.182,-109.438,0,2.8,ml,6,,,0.24,rusms,rusms00001916,2022-06-09T21:12:02.366Z,"13 km NNW of Morenci, Arizona",explosion,,,,,reviewed,us,us
2000-05-11T19:43:50.940Z,-6.856,155.967,150,4.4,mb,,,,0.81,us,usp0009st8,2014-11-07T01:10:07.266Z,"79 km SSE of Kieta, Papua New Guinea",earthquake,,,,15,reviewed,us,us
2000-05-11T19:20:57.390Z,-23.9,-175.503,33,4.3,mb,,,,1.22,us,usp0009st7,2014-11-07T01:10:07.264Z,"289 km SSW of ‘Ohonua, Tonga",earthquake,,,,1,reviewed,us,us
2000-05-11T18:50:33.730Z,-32.887,-70.259,109.7,2.6,md,,,,,us,usp0009st6,2014-11-07T01:10:07.262Z,"32 km E of Los Andes, Chile",earthquake,,,,,reviewed,guc,guc
2000-05-11T18:37:03.500Z,44.282,12.173,10,3,ml,,,,,us,usp0009st4,2014-11-07T01:10:07.258Z,"3 km SE of San Pietro In Vincoli, Italy",earthquake,,,,,reviewed,ldg,vie
2000-05-11T17:58:25.530Z,16.213,-97.964,29.9,4.9,mb,,,,0.99,us,usp0009st3,2014-11-07T01:10:07.247Z,"2 km NNE of Collantes, Mexico",earthquake,,2.8,,50,reviewed,us,us
2000-05-11T17:45:53.280Z,21.408,143.803,33,3.5,mb,,,,1.23,us,usp0009st2,2014-11-07T01:10:07.245Z,"Mariana Islands region",earthquake,,,,1,reviewed,us,us
2000-05-11T17:40:41.700Z,15.989,-98.124,9.5,4.6,mb,,,,1.26,us,usp0009st1,2014-11-07T01:10:07.237Z,"26 km SW of Santa María Chico Ometepec, Mexico",earthquake,,2.6,,29,reviewed,us,us
2000-05-11T17:19:59.930Z,-19.632,179.916,500.6,4.3,mb,,,,0.83,us,usp0009st0,2014-11-07T01:10:07.227Z,"184 km SSE of Levuka, Fiji",earthquake,,,,21,reviewed,us,us
2000-05-11T17:08:05.310Z,46.265,13.63,10,2.6,ml,,,,1.1,us,usp0009ssz,2014-11-07T01:10:07.222Z,"4 km ENE of Kobarid, Slovenia",earthquake,,,,,reviewed,us,vie
2000-05-11T16:51:53.860Z,25.381,94.414,58.7,4.3,mb,,,,1.26,us,usp0009ssy,2014-11-07T01:10:07.191Z,"32 km SSW of Phek, India",earthquake,,,,10,reviewed,us,us
2000-05-11T16:43:20.020Z,59.8776,-153.4991,138.3,2.5,ml,,,,0.64,ak,ak00062kq076,2020-02-20T20:17:06.639Z,"35 km ENE of Pedro Bay, Alaska",earthquake,,0.4,,,reviewed,ak,ak
2000-05-11T16:39:00.700Z,-38.96,173.94,5,3.3,ml,,,,,us,usp0009ssx,2014-11-07T01:10:07.111Z,"17 km NW of New Plymouth, New Zealand",earthquake,,,,,reviewed,wel,wel
2000-05-11T15:52:55.300Z,26.003,96.952,47.8,4.4,mb,,,,1.26,us,usp0009ssw,2014-11-07T01:10:07.024Z,"26 km SSE of Sarupathar, India",earthquake,,15.2,,21,reviewed,us,us
2000-05-11T15:50:19.580Z,12.471,142.655,33,4.3,mb,,,,1.33,us,usp0009ssv,2014-11-07T01:10:06.998Z,"235 km WSW of Merizo Village, Guam",earthquake,,,,3,reviewed,us,us
2000-05-11T15:11:51.900Z,44.381,11.971,10,2.7,ml,,,,,us,usp0009ssu,2018-07-12T13:30:53.994Z,"2 km ESE of Cotignola, Italy",earthquake,,,,,reviewed,ldg,ldg
2000-05-11T14:54:15.480Z,12.44,142.718,33,4.6,mb,,,,1.29,us,usp0009sss,2014-11-07T01:10:06.991Z,"230 km WSW of Merizo Village, Guam",earthquake,,,,4,reviewed,us,us
2000-05-11T14:52:38.640Z,12.404,142.678,33,4.7,mb,,,,1.41,us,usp0009ssr,2014-11-07T01:10:06.990Z,"236 km WSW of Merizo Village, Guam",earthquake,,,,2,reviewed,us,us
2000-05-11T14:47:18.260Z,40.4786667,-126.1421667,3.902,2.62,md,10,320,1.378,0.1,nc,nc21096893,2016-12-31T11:09:21.360Z,"159 km W of Ferndale, California",earthquake,6.64,5.63,0.05,5,reviewed,nc,nc
2000-05-11T13:56:04.120Z,-31.71,-69.713,161.4,3.7,md,,,,,us,usp0009ssp,2014-11-07T01:10:06.984Z,"50 km SSW of Calingasta, Argentina",earthquake,,,,,reviewed,guc,guc
2000-05-11T12:14:00.080Z,39.298,77.078,33,4,mb,,,,1.64,us,usp0009ssn,2014-11-07T01:10:06.982Z,"southern Xinjiang, China",earthquake,,,,6,reviewed,us,us
2000-05-11T11:57:15.030Z,44.34,11.912,10,4.6,mb,,,,1.23,us,usp0009ssm,2014-11-07T01:10:06.965Z,"northern Italy",earthquake,,,,7,reviewed,us,us
2000-05-11T11:56:00.260Z,38.8105,-122.7996667,3.02,2.75,md,48,36,0.004505,0.04,nc,nc21096873,2016-12-31T11:08:39.840Z,"6 km W of Cobb, California",earthquake,0.11,0.22,0.1,55,reviewed,nc,nc
2000-05-11T11:54:13.000Z,14.461,-93.282,0,4.4,md,,,,,us,usp0009ssk,2014-11-07T01:10:06.963Z,"97 km WSW of Puerto Madero, Mexico",earthquake,,,,,reviewed,unm,unm
2000-05-11T11:45:49.283Z,62.9065,-150.8444,113.6,2.5,ml,,,,0.39,ak,ak00062hrbv4,2020-02-20T20:17:07.682Z,"45 km N of Petersville, Alaska",earthquake,,0.7,,,reviewed,ak,ak
2000-05-11T11:37:33.940Z,17.581,147.562,33,4,mb,,,,1.61,us,usp0009ssj,2014-11-07T01:10:06.961Z,"Mariana Islands region",earthquake,,,,1,reviewed,us,us
2000-05-11T11:31:18.424Z,38.2442,-118.4077,8.7,3.2,ml,25,91.33,0.077,0.0942,nn,nn00007752,2018-04-24T22:26:20.854Z,"30 km WSW of Mina, Nevada",earthquake,,1.5,,,reviewed,nn,nn
2000-05-11T11:14:15.860Z,-15.247,-71.915,131.2,3.8,mb,,,,1.31,us,usp0009ssg,2014-11-07T01:10:06.957Z,"36 km N of Tapay, Peru",earthquake,,13.5,,4,reviewed,us,us
2000-05-11T11:05:48.580Z,-4.666,-10.779,10,4.5,mb,,,,0.63,us,usp0009ssf,2014-11-07T01:10:06.955Z,"north of Ascension Island",earthquake,,,,10,reviewed,us,us
2000-05-11T10:57:46.730Z,44.361,11.865,10,4.3,mb,,,,1.49,us,usp0009sse,2014-11-07T01:10:06.942Z,"1 km E of Solarolo, Italy",earthquake,,,,1,reviewed,us,us
2000-05-11T10:10:42.410Z,38.8126667,-122.798,2.72,3.21,ml,55,37,0.005405,0.07,nc,nc21096861,2016-12-31T11:08:17.480Z,"6 km W of Cobb, California",earthquake,0.11,0.27,,10,reviewed,nc,nc
2000-05-11T10:06:02.000Z,-35.21,-71.568,54,4,md,,,,,us,usp0009ssc,2014-11-07T01:10:06.938Z,"25 km NNE of Talca, Chile",earthquake,,,,,reviewed,guc,guc
2000-05-11T09:50:42.577Z,55.0078,-160.598,52.5,2.9,ml,,,,0.54,ak,ak00062glipt,2020-02-20T20:17:08.359Z,"37 km S of Sand Point, Alaska",earthquake,,1.8,,,reviewed,ak,ak
2000-05-11T06:25:22.860Z,61.8508,-151.9647,133.9,2.5,ml,,,,0.62,ak,ak00062entha,2020-02-20T20:17:09.312Z,"33 km WSW of Skwentna, Alaska",earthquake,,1.1,,,reviewed,ak,ak
2000-05-11T06:04:27.560Z,38.8033333,-122.8018333,3.021,2.61,md,53,32,0.007207,0.03,nc,nc21096828,2016-12-31T11:06:30.610Z,"7 km WSW of Cobb, California",earthquake,0.09,0.22,0.11,55,reviewed,nc,nc
2000-05-11T04:49:37.800Z,44.39,11.869,10,3.7,ml,,,,1.51,us,usp0009ss8,2014-11-07T01:10:06.925Z,"1 km W of Barbiano, Italy",earthquake,,,,,reviewed,us,vie
2000-05-11T04:41:11.540Z,44.31,11.947,10,4.1,mb,,,,1.39,us,usp0009ss7,2014-11-07T01:10:06.916Z,"5 km S of Granarolo, Italy",earthquake,,,,1,reviewed,us,us
2000-05-11T04:18:55.642Z,60.687,-146.982,15.1,2.5,ml,,,,0.73,ak,ak00062dfisc,2020-02-20T20:17:09.679Z,"25 km SW of Tatitlek, Alaska",earthquake,,0.2,,,reviewed,ak,ak
2000-05-11T04:12:26.900Z,44.337,11.944,10,2.8,ml,,,,,us,usp0009ss6,2014-11-07T01:10:06.914Z,"2 km SSE of Granarolo, Italy",earthquake,,,,,reviewed,ldg,ldg
2000-05-11T03:08:01.450Z,17.714,147.765,33,3.6,mb,,,,0.69,us,usp0009ss5,2014-11-07T01:10:06.913Z,"Mariana Islands region",earthquake,,,,1,reviewed,us,us
2000-05-11T02:39:16.960Z,44.371,11.849,10,2.9,ml,,,,1.18,us,usp0009ss4,2014-11-07T01:10:06.910Z,"1 km N of Solarolo, Italy",earthquake,,,,,reviewed,us,vie
2000-05-11T02:34:34.230Z,-14.688,173.222,623.8,4.5,mb,,,,0.92,us,usp0009ss3,2014-11-07T01:10:06.908Z,"Fiji region",earthquake,,13.4,,6,reviewed,us,us
2000-05-11T02:14:22.760Z,-33.748,-70.397,105.7,3.3,md,,,,,us,usp0009ss2,2014-11-07T01:10:06.905Z,"22 km SE of Puente Alto, Chile",earthquake,,,,,reviewed,guc,guc
2000-05-11T02:06:54.180Z,53.51,-164.311,33,3.2,mb,,,,1.09,us,usp0009ss1,2020-02-20T20:15:14.210Z,"118 km SE of Akutan, Alaska",earthquake,,,,1,reviewed,us,us
2000-05-11T02:04:55.550Z,-1.638,123.491,33,4.7,mb,,,,1.39,us,usp0009ss0,2014-11-07T01:10:06.901Z,"109 km SE of Luwuk, Indonesia",earthquake,,,,9,reviewed,us,us
2000-05-11T01:17:37.330Z,38.6143333,-119.6595,9.364,2.61,md,5,243,0.1198,0.06,nc,nc21096757,2018-04-24T22:26:19.075Z,"12 km W of Topaz, California",earthquake,1.34,1.28,0.19,2,reviewed,nc,nc
2000-05-11T01:11:46.560Z,44.404,11.888,10,2.7,ml,,,,0.88,us,usp0009srz,2014-11-07T01:10:06.898Z,"1 km N of Barbiano, Italy",earthquake,,,,,reviewed,us,ldg
2000-05-11T00:50:00.960Z,53.492,-164.28,33,4.9,mb,,,,0.98,us,usp0009sry,2020-02-20T20:17:10.697Z,"Unimak Island region, Alaska",earthquake,,,,55,reviewed,us,us
2000-05-11T00:39:10.090Z,51.695,16.075,5,3.5,ml,,,,1.42,us,usp0009srx,2014-11-07T01:10:06.882Z,"3 km N of G?ogów, Poland",earthquake,,,,,reviewed,us,vie
2000-05-11T00:37:57.209Z,54.4408,-161.3613,5.4,2.5,ml,,,,0.83,ak,ak00062b5v3c,2020-02-20T20:17:11.036Z,"Alaska Peninsula",earthquake,,1.8,,,reviewed,ak,ak
2000-05-11T00:33:27.910Z,38.6123333,-119.653,13.533,2.88,md,34,147,0.3532,0.11,nc,nc21096745,2018-04-24T22:26:18.919Z,"11 km W of Topaz, California",earthquake,0.29,1.53,0.16,37,reviewed,nc,nc
2000-05-11T00:21:16.350Z,-1.577,122.726,106.6,4.1,mb,,,,1.33,us,usp0009srw,2014-11-07T01:10:06.880Z,"69 km S of Luwuk, Indonesia",earthquake,,28.6,,3,reviewed,us,us
2000-05-11T00:15:42.130Z,21.462,144.558,200,3.2,mb,,,,0.45,us,usp0009srv,2014-11-07T01:10:06.879Z,"Mariana Islands region",earthquake,,,,1,reviewed,us,us
2000-05-11T00:02:57.520Z,44.367,11.876,10,3.2,ml,,,,0.95,us,usp0009srt,2014-11-07T01:10:06.874Z,"2 km ENE of Solarolo, Italy",earthquake,,,,,reviewed,us,vie
2000-05-10T23:55:19.590Z,-41.287,-88.251,10,4.5,mb,,,,1.09,us,usp0009srs,2014-11-07T01:10:06.872Z,"West Chile Rise",earthquake,,,,3,reviewed,us,us
2000-05-10T23:37:15.800Z,44.381,11.851,10,3.6,ml,,,,0.79,us,usp0009srr,2014-11-07T01:10:06.869Z,"2 km ESE of Bagnara di Romagna, Italy",earthquake,,,,,reviewed,us,vie
2000-05-10T23:35:13.510Z,44.404,11.832,10,3.7,ml,,,,1.04,us,usp0009srq,2014-11-07T01:10:06.863Z,"1 km NNE of Bagnara di Romagna, Italy",earthquake,,,,,reviewed,us,vie
2000-05-10T23:33:25.300Z,33.159,-115.632,2.399,2.81,ml,0,34.4,0.08776,0.262,ci,ci9150048,2016-02-16T09:25:24.461Z,"12km WNW of Calipatria, California",earthquake,,0.32,,62,reviewed,ci,ci
2000-05-10T23:30:11.200Z,33.153,-115.634,4.445,3.05,mh,0,94,0.02886,0.245,ci,ci3324285,2016-04-02T19:54:46.748Z,"12km WNW of Calipatria, CA",earthquake,,0.141,,4,reviewed,ci,ci
2000-05-10T23:28:53.730Z,33.156,-115.643,2.953,3.56,ml,0,33.2,0.03139,0.241,ci,ci3324245,2016-04-02T13:43:19.048Z,"12km WNW of Calipatria, CA",earthquake,,0.129,,48,reviewed,ci,ci
2000-05-10T23:25:42.640Z,33.16,-115.638,4.065,3.89,ml,0,32.3,0.0256,0.277,ci,ci9150059,2016-04-02T04:04:16.645Z,"12km WNW of Calipatria, CA",earthquake,,0.104,,18,reviewed,ci,ci
2000-05-10T23:25:27.770Z,44.429,11.777,10,3.5,ml,,,,1.17,us,usp0009srk,2014-11-07T01:10:06.854Z,"1 km NNW of Bubano, Italy",earthquake,,,,,reviewed,us,vie
2000-05-10T23:22:55.770Z,44.449,11.791,10,3.1,ml,,,,1.02,us,usp0009srj,2014-11-07T01:10:06.850Z,"2 km W of Massa Lombarda, Italy",earthquake,,,,,reviewed,us,ldg
2000-05-10T23:22:43.680Z,44.308,11.891,10,2.9,ml,,,,1.29,us,usp0009srh,2014-11-07T01:10:06.847Z,"2 km NNE of Faenza, Italy",earthquake,,,,,reviewed,us,ldg
2000-05-10T23:04:07.200Z,44.375,11.856,10,3.4,ml,,,,0.9,us,usp0009srg,2014-11-07T01:10:06.840Z,"1 km NNE of Solarolo, Italy",earthquake,,,,,reviewed,us,vie
2000-05-10T23:02:23.510Z,36.464,-120.1775,18.709,2.69,md,50,141,0.04234,0.08,nc,nc21096712,2016-12-31T11:04:28.100Z,"13 km ESE of Cantua Creek, California",earthquake,0.24,0.19,0.16,79,reviewed,nc,nc
2000-05-10T22:21:59.430Z,40.428,-108.009,0,3,ml,10,,,1.04,rusms,rusms00001915,2022-06-09T21:12:02.362Z,"11 km SSE of Maybell, Colorado",explosion,,,,,reviewed,us,us
2000-05-10T22:10:30.830Z,46.71,-122.7801667,5.593,2.5,md,10,84,0.3383,0.12,uw,uw10494643,2016-07-22T23:54:32.700Z,"12 km SE of Bucoda, Washington",explosion,0.028,0.06,0.02,3,reviewed,uw,uw
2000-05-10T22:09:27.020Z,52.864,-167.361,33,3.3,mb,,,,1.1,us,usp0009srf,2020-02-20T20:15:14.528Z,"101 km E of Nikolski, Alaska",earthquake,,,,1,reviewed,us,us
2000-05-10T22:03:14.430Z,44.289,11.892,10,3.7,ml,,,,1.06,us,usp0009sre,2014-11-07T01:10:06.809Z,"1 km E of Faenza, Italy",earthquake,,,,,reviewed,us,vie
2000-05-10T21:28:28.190Z,17.592,147.71,33,4.1,mb,,,,1.1,us,usp0009src,2014-11-07T01:10:06.806Z,"Mariana Islands region",earthquake,,,,3,reviewed,us,us
2000-05-10T20:36:52.000Z,47.47,-115.78,2,3.3,ml,,,,,us,usp0009srb,2014-11-07T01:10:06.803Z,"Idaho-Montana border region",earthquake,,,,,reviewed,but,but
2000-05-10T19:48:13.210Z,44.399,11.837,10,3.2,ml,,,,1.18,us,usp0009sra,2014-11-07T01:10:06.800Z,"1 km NE of Bagnara di Romagna, Italy",earthquake,,,,,reviewed,us,vie
2000-05-10T19:05:20.540Z,44.33,11.91,10,3.4,ml,,,,0.89,us,usp0009sr8,2014-11-07T01:10:06.794Z,"3 km SSW of Granarolo, Italy",earthquake,,,,,reviewed,us,vie
2000-05-10T17:50:11.650Z,46.47,12.999,10,2.7,ml,,,,1.05,us,usp0009sr7,2014-11-07T01:10:06.791Z,"1 km SW of Arta Terme, Italy",earthquake,,,,,reviewed,us,vie
2000-05-10T17:46:56.190Z,-11.296,119.398,33,4.7,mb,,,,0.95,us,usp0009sr6,2014-11-07T01:10:06.789Z,"204 km SSW of Waingapu, Indonesia",earthquake,,,,6,reviewed,us,us
2000-05-10T17:20:31.070Z,36.9581667,-121.5753333,6.201,2.59,md,74,32,0.007207,0.11,nc,nc21096644,2016-12-31T11:03:56.750Z,"5 km S of Gilroy, California",earthquake,0.13,0.27,0.14,86,reviewed,nc,nc
2000-05-10T17:11:01.590Z,44.339,11.897,10,3.3,ml,,,,1.09,us,usp0009sr5,2014-11-07T01:10:06.787Z,"northern Italy",earthquake,,,,,reviewed,us,vie
2000-05-10T17:09:26.820Z,13.161,145.359,33,4.4,mb,,,,1.07,us,usp0009sr4,2014-11-07T01:10:06.785Z,"65 km SE of Yigo Village, Guam",earthquake,,,,1,reviewed,us,us
2000-05-10T16:59:02.440Z,44.422,11.596,10,3.4,ml,,,,1.06,us,usp0009sr2,2014-11-07T01:10:06.778Z,"2 km NNE of Castel San Pietro Terme, Italy",earthquake,,,,,reviewed,us,vie
2000-05-10T16:52:09.810Z,44.315,12.002,10,5.1,mwc,,,,1.22,us,usp0009sr1,2022-04-29T18:38:39.863Z,"7 km SE of Granarolo, Italy",earthquake,,,,,reviewed,us,hrv
2000-05-10T16:19:18.700Z,16.044,-97.257,12.4,4.1,md,,,,,us,usp0009sr0,2014-11-07T01:10:06.748Z,"7 km WSW of Santiago Cuixtla, Mexico",earthquake,,,,,reviewed,unm,unm
2000-05-10T16:15:19.090Z,-57.206,-25.787,33,4.4,mb,,,,1.06,us,usp0009sqz,2014-11-07T01:10:06.747Z,"South Sandwich Islands region",earthquake,,,,1,reviewed,us,us
2000-05-10T16:04:13.150Z,26.57,-44.755,10,3.8,mb,,,,0.66,us,usp0009sqy,2014-11-07T01:10:06.745Z,"northern Mid-Atlantic Ridge",earthquake,,,,1,reviewed,us,us
2000-05-10T15:57:41.990Z,16.123,-97.042,33,4.5,mb,,,,1.32,us,usp0009sqx,2014-11-07T01:10:06.737Z,"5 km NE of San Gabriel Mixtepec, Mexico",earthquake,,,,23,reviewed,us,us
2000-05-10T15:56:59.410Z,-35.604,-70.504,193,3.5,md,,,,,us,usp0009sqw,2014-11-07T01:10:06.735Z,"82 km E of Colbún, Chile",earthquake,,,,,reviewed,guc,guc
2000-05-10T15:46:05.280Z,-1.014,123.704,33,4.8,mb,,,,1.21,us,usp0009sqv,2014-11-07T01:10:06.733Z,"102 km E of Luwuk, Indonesia",earthquake,,,,2,reviewed,us,us
2000-05-10T14:45:43.690Z,17.534,147.527,33,4.9,mb,,,,0.88,us,usp0009squ,2014-11-07T01:10:06.723Z,"Mariana Islands region",earthquake,,,,38,reviewed,us,us
2000-05-10T14:40:02.905Z,61.5041,-151.9931,107.8,2.5,ml,,,,0.65,ak,ak00060vz40y,2020-02-20T20:17:13.054Z,"62 km SSW of Skwentna, Alaska",earthquake,,0.4,,,reviewed,ak,ak
2000-05-10T14:14:48.970Z,-32.069,-70.759,107.1,3.3,md,,,,,us,usp0009sqt,2014-11-07T01:10:06.721Z,"37 km SSE of Salamanca, Chile",earthquake,,,,,reviewed,guc,guc
2000-05-10T12:27:10.100Z,-40.31,176.56,33,3.9,ml,,,,,us,usp0009sqs,2014-11-07T01:10:06.719Z,"72 km NNE of Castlepoint, New Zealand",earthquake,,,,,reviewed,wel,wel
2000-05-10T12:19:47.810Z,36.8608333,-121.5935,6.924,2.64,md,74,49,0.02342,0.07,nc,nc21096624,2016-12-31T11:03:46.810Z,"5 km WNW of San Juan Bautista, California",earthquake,0.12,0.21,0.09,85,reviewed,nc,nc
2000-05-10T12:15:01.710Z,44.342,11.877,10,3.4,ml,,,,1.14,us,usp0009sqr,2014-11-07T01:10:06.715Z,"3 km SE of Solarolo, Italy",earthquake,,,,,reviewed,us,vie
2000-05-10T12:12:26.320Z,44.332,11.895,33,3.4,ml,,,,0.99,us,usp0009sqq,2014-11-07T01:10:06.711Z,"northern Italy",earthquake,,,,,reviewed,us,vie
2000-05-10T11:24:13.950Z,36.86,-121.5923333,6.904,2.78,md,72,48,0.02432,0.08,nc,nc21096620,2016-12-31T11:03:34.900Z,"5 km WNW of San Juan Bautista, California",earthquake,0.13,0.24,0.1,101,reviewed,nc,nc
2000-05-10T10:52:22.755Z,56.2176,-153.0827,23,4.5,mb,,,,0.97,ak,ak00060tnzqb,2020-02-20T20:17:11.353Z,"105 km SE of Akhiok, Alaska",earthquake,,38,,,reviewed,ak,ak
2000-05-10T10:48:39.560Z,-23.708,-175.844,33,5.4,mwc,,,,1.03,us,usp0009sqm,2025-12-19T22:34:27.793Z,"278 km SSW of ‘Ohonua, Tonga",earthquake,,,,,reviewed,us,hrv
2000-05-10T10:46:27.460Z,43.952,144.203,165.5,4,mb,,,,0.76,us,usp0009sqk,2014-11-07T01:10:06.680Z,"9 km SW of Abashiri, Japan",earthquake,,10.1,,5,reviewed,us,us
2000-05-10T08:43:31.870Z,10.223,41.138,10,4,mb,,,,1.34,us,usp0009sqh,2014-11-07T01:10:06.677Z,"54 km E of Gewan?, Ethiopia",earthquake,,,,1,reviewed,us,us
2000-05-10T08:33:01.910Z,36.073,70.054,128.2,4.4,mb,,,,0.78,us,usp0009sqg,2014-11-07T01:10:06.672Z,"58 km SSE of Farkh?r, Afghanistan",earthquake,,,,23,reviewed,us,us
2000-05-10T07:32:44.750Z,36.086,135.565,355.4,3.1,mb,,,,1.03,us,usp0009sqf,2014-11-07T01:10:06.670Z,"51 km WNW of Asahi, Japan",earthquake,,6.8,,1,reviewed,us,us
2000-05-10T07:27:36.360Z,-23.711,-175.906,33,4.9,mb,,,,0.96,us,usp0009sqe,2014-11-07T01:10:06.663Z,"281 km SSW of ‘Ohonua, Tonga",earthquake,,,,28,reviewed,us,us
2000-05-10T07:17:40.423Z,36.7969,-116.2274,6,2.6,ml,31,54.37,0.098,0.1356,nn,nn00007644,2018-04-24T22:26:15.118Z,"49 km ESE of Beatty, Nevada",earthquake,,0.8,,,reviewed,nn,nn
2000-05-10T07:04:56.771Z,60.5318,-152.796,116.1,2.5,ml,,,,0.79,ak,ak00060rlh65,2020-02-20T20:17:13.479Z,"81 km W of Salamatof, Alaska",earthquake,,0.5,,,reviewed,ak,ak
2000-05-10T07:02:36.770Z,34.785,23.406,10,3.6,mb,,,,1.3,us,usp0009sqc,2014-11-07T01:10:06.599Z,"55 km SSW of Palaióchora, Greece",earthquake,,,,1,reviewed,us,us
2000-05-10T06:49:10.360Z,-4.285,152.057,33,5.2,mwc,,,,1.28,us,usp0009sqb,2022-04-29T19:16:16.768Z,"15 km SW of Rabaul, Papua New Guinea",earthquake,,,,,reviewed,us,hrv
2000-05-10T05:54:10.190Z,44.334,11.914,10,3.5,ml,,,,1.15,us,usp0009sqa,2014-11-07T01:10:06.439Z,"3 km SSW of Granarolo, Italy",earthquake,,,,,reviewed,us,vie
2000-05-10T05:48:04.760Z,40.3861667,-125.5843333,7.692,3.06,md,41,275,0.9577,0.08,nc,nc21096600,2016-12-31T11:02:50.377Z,"113 km W of Ferndale, California",earthquake,2.25,10.75,0.12,33,reviewed,nc,nc
2000-05-10T05:01:18.810Z,34.565,-116.232,-0.353,2.56,ml,0,62.2,,0.181,ci,ci9149989,2016-02-17T09:39:09.552Z,"19km SSW of Ludlow, California",earthquake,,0.58,,149,reviewed,ci,ci
2000-05-10T04:27:13.580Z,45.742,26.539,133.1,3.9,mb,,,,1.3,us,usp0009sq8,2014-11-07T01:10:06.432Z,"12 km WNW of Nereju Mic, Romania",earthquake,,5,,21,reviewed,us,us
2000-05-10T04:20:12.200Z,-39.67,175.6,67,3.5,ml,,,,,us,usp0009sq7,2014-11-07T01:10:06.430Z,"22 km SSW of Waiouru, New Zealand",earthquake,,,,,reviewed,wel,wel
2000-05-10T03:46:01.400Z,44.359,11.912,10,3.8,ml,,,,1.16,us,usp0009sq6,2014-11-07T01:10:06.420Z,"1 km W of Granarolo, Italy",earthquake,,,,,reviewed,us,zag
2000-05-10T03:17:35.620Z,7.791,-72.691,33,4.1,mb,,,,1.54,us,usp0009sq5,2014-11-07T01:10:06.418Z,"8 km SSE of Santiago, Colombia",earthquake,,,,2,reviewed,us,us
2000-05-10T03:06:37.260Z,40.3488333,-124.743,10.89,2.78,md,17,246,0.3351,0.05,nc,nc21096588,2016-12-31T11:02:36.741Z,"47 km WSW of Ferndale, California",earthquake,1.08,0.68,0.1,10,reviewed,nc,nc
2000-05-10T02:01:07.100Z,34.693,32.622,20,2.6,ml,,,,,us,usp0009sq4,2014-11-07T01:10:06.415Z,"7 km WNW of Pissoúri, Cyprus",earthquake,,,,,reviewed,css,css
2000-05-10T01:48:19.490Z,-24.502,-175.792,33,3.7,mb,,,,1.04,us,usp0009sq2,2014-11-07T01:10:06.352Z,"south of Tonga",earthquake,,,,1,reviewed,us,us
2000-05-10T00:16:28.620Z,-25.423,-177.442,135.3,4.7,mb,,,,0.83,us,usp0009sq1,2014-11-07T01:10:06.247Z,"south of the Fiji Islands",earthquake,,,,24,reviewed,us,us
2000-05-09T23:41:54.700Z,36.74,-2.379,0,2.5,mblg,,,,,us,usp0009sq0,2014-11-07T01:10:06.240Z,"10 km S of Costacabana, Spain",earthquake,,,,,reviewed,mdd,mdd
2000-05-09T22:49:51.240Z,46.7096667,-122.7833333,6.123,2.8,md,14,84,0.3343,0.13,uw,uw10494503,2016-07-22T23:54:30.060Z,"Washington",explosion,0.028,0.06,0.02,4,reviewed,uw,uw
2000-05-09T22:43:45.840Z,-1.64,123.251,89.1,4.6,mb,,,,0.75,us,usp0009spz,2014-11-07T01:10:06.238Z,"91 km SE of Luwuk, Indonesia",earthquake,,21.7,,1,reviewed,us,us
2000-05-09T21:50:34.100Z,-61.105,-54.719,33,4.2,mb,,,,1.06,us,usp0009spx,2014-11-07T01:10:06.231Z,"South Shetland Islands",earthquake,,,,2,reviewed,us,us
2000-05-09T20:34:09.280Z,-32.052,-71.017,78.3,3.3,md,,,,,us,usp0009spw,2014-11-07T01:10:06.154Z,"30 km S of Salamanca, Chile",earthquake,,,,,reviewed,guc,guc
2000-05-09T20:27:23.320Z,32.878,-109.236,0,2.8,ml,5,,,1.28,rusms,rusms00001913,2022-06-09T21:12:02.353Z,"3 km WSW of York, Arizona",explosion,,,,,reviewed,us,us
2000-05-09T19:50:31.330Z,4.443,128.318,65.9,4.4,mb,,,,1.01,us,usp0009spv,2014-11-07T01:10:06.152Z,"north of Halmahera, Indonesia",earthquake,,,,2,reviewed,us,us
2000-05-09T19:06:25.006Z,57.6138,-155.7537,75.8,3.6,ml,,,,0.72,ak,ak0005zb7ox0,2020-02-20T20:17:15.258Z,"77 km W of Karluk, Alaska",earthquake,,0.6,,,reviewed,ak,ak
2000-05-09T18:57:05.530Z,19.4218333,-155.2963333,6.419,2.74,ml,10,155,,0.14,hv,hv1287221,2020-03-31T20:35:12.950Z,"6 km WSW of Volcano, Hawaii",earthquake,1.19,0.88,,1,reviewed,hv,hv
2000-05-09T17:51:19.440Z,44.316,12.001,10,4.5,mb,,,,,us,usp0009spt,2014-11-07T01:10:06.133Z,"7 km SE of Granarolo, Italy",earthquake,,,,1,reviewed,rom,us
2000-05-09T17:18:38.986Z,61.8291,-149.4336,38.8,2.6,ml,,,,0.46,ak,ak0005za3fdm,2020-02-20T20:17:16.564Z,"14 km NW of Fishhook, Alaska",earthquake,,0.1,,,reviewed,ak,ak
2000-05-09T16:52:49.381Z,37.839,-118.2163,6.4,2.6,ml,41,88.44,0.134,0.1191,nn,nn00007565,2018-04-24T22:26:12.640Z,"23 km E of Benton, California",earthquake,,1.6,,,reviewed,nn,nn
2000-05-09T16:36:58.360Z,12.504,142.732,33,4.3,mb,,,,1.02,us,usp0009spq,2014-11-07T01:10:06.127Z,"226 km WSW of Merizo Village, Guam",earthquake,,,,6,reviewed,us,us
2000-05-09T15:57:10.000Z,15.973,-95.983,55.4,4.1,md,,,,,us,usp0009spp,2014-11-07T01:10:06.125Z,"10 km ENE of Santa María Xadani, Mexico",earthquake,,,,,reviewed,unm,unm
2000-05-09T15:28:35.820Z,32.162,-115.085,5.963,2.84,ml,0,242.2,0.5817,0.386,ci,ci9149939,2016-02-16T14:08:53.851Z,"9km WSW of Estacion Coahuila, B.C., MX",earthquake,,,,52,reviewed,ci,ci
2000-05-09T15:18:28.220Z,34.584,32.297,25,2.7,ml,,,,,us,usp0009spn,2014-11-07T01:10:06.124Z,"23 km SW of Koloni, Cyprus",earthquake,,,,,reviewed,css,css
2000-05-09T15:08:15.000Z,34.535,32.327,25,3.9,ml,,,,,us,usp0009spm,2014-11-07T01:10:06.121Z,"26 km SSW of Koloni, Cyprus",earthquake,,,,,reviewed,css,css
2000-05-09T14:13:39.760Z,60.0838,-152.8953,109.6,2.7,ml,,,,0.5,ak,ak0005z8a21k,2020-02-20T20:17:17.550Z,"66 km WNW of Happy Valley, Alaska",earthquake,,0.4,,,reviewed,ak,ak
2000-05-09T14:02:16.660Z,19.4138333,-155.2746667,10.769,2.55,ml,10,167,,0.07,hv,hv1287199,2020-03-31T20:35:11.230Z,"5 km SW of Volcano, Hawaii",earthquake,1.01,0.98,,1,reviewed,hv,hv
2000-05-09T13:50:57.480Z,25.002,125.35,44.1,4.2,mb,,,,0.94,us,usp0009spj,2014-11-07T01:10:06.115Z,"22 km NNE of Hirara, Japan",earthquake,,,,10,reviewed,us,us
2000-05-09T11:38:55.782Z,56.0286,-152.9542,35.9,4.4,mb,,,,1.31,ak,ak0005z6n5d6,2020-02-20T20:17:18.963Z,"126 km SE of Akhiok, Alaska",earthquake,,73.1,,,reviewed,ak,ak
2000-05-09T11:02:37.410Z,-12.915,-76.641,59.2,4.6,mb,,,,0.67,us,usp0009spf,2014-11-07T01:10:06.096Z,"17 km SSW of Asia, Peru",earthquake,,8.3,,19,reviewed,us,us
2000-05-09T10:55:43.480Z,-1.356,123.687,33,4.1,mb,,,,0.85,us,usp0009spe,2014-11-07T01:10:06.094Z,"109 km ESE of Luwuk, Indonesia",earthquake,,,,2,reviewed,us,us
2000-05-09T10:30:39.460Z,-5.518,152.411,33,4.6,mb,,,,1.11,us,usp0009spd,2014-11-07T01:10:06.092Z,"130 km S of Kokopo, Papua New Guinea",earthquake,,,,10,reviewed,us,us
2000-05-09T10:17:46.590Z,-12.821,-76.018,100.3,3.9,mb,,,,0.77,us,usp0009spc,2014-11-07T01:10:06.091Z,"13 km W of Catahuasi, Peru",earthquake,,9.6,,2,reviewed,us,us
2000-05-09T08:54:14.140Z,-16.3,168.382,33,4.1,mb,,,,1.08,us,usp0009spb,2014-11-07T01:10:06.089Z,"105 km ESE of Lakatoro, Vanuatu",earthquake,,,,4,reviewed,us,us
2000-05-09T08:40:23.690Z,49.882,156.883,33,3.6,mb,,,,0.97,us,usp0009spa,2014-11-07T01:10:06.087Z,"103 km SSE of Severo-Kuril’sk, Russia",earthquake,,,,1,reviewed,us,us
2000-05-09T08:24:06.550Z,35.467,32.402,25,2.6,ml,,,,,us,usp0009sp9,2014-11-07T01:10:06.086Z,"41 km NW of Káto Pýrgos, Cyprus",earthquake,,,,,reviewed,css,css
2000-05-09T08:06:02.240Z,36.9373333,-121.681,11.626,3.01,md,78,56,0.01622,0.07,nc,nc21096372,2016-12-31T11:00:27.870Z,"4 km ESE of Interlaken, California",earthquake,0.14,0.27,0.09,104,reviewed,nc,nc
2000-05-09T08:00:55.990Z,36.9371667,-121.6808333,11.656,3.32,ml,77,56,0.01622,0.07,nc,nc30221819,2016-12-31T11:00:18.790Z,"4 km ESE of Interlaken, California",earthquake,0.14,0.28,,13,reviewed,nc,nc
2000-05-09T07:57:14.020Z,-46.842,33.386,33,4.3,mb,,,,0.99,us,usp0009sp6,2014-11-07T01:10:06.080Z,"Prince Edward Islands region",earthquake,,,,3,reviewed,us,us
2000-05-09T07:33:16.270Z,19.0871667,-155.4866667,30.309,2.53,ml,25,179,,0.07,hv,hv1287177,2020-03-31T20:35:09.200Z,"10 km ENE of Naalehu, Hawaii",earthquake,0.85,1.08,0.08,5,reviewed,hv,hv
2000-05-09T04:49:40.160Z,-5.099,145.985,168.1,4.7,mb,,,,0.81,us,usp0009sp4,2014-11-07T01:10:06.076Z,"25 km ENE of Madang, Papua New Guinea",earthquake,,45.8,,6,reviewed,us,us
2000-05-09T04:37:10.670Z,-33.354,-71.68,25.7,3.4,md,,,,,us,usp0009sp3,2014-11-07T01:10:06.074Z,"23 km NNW of Cartagena, Chile",earthquake,,,,,reviewed,guc,guc
2000-05-09T04:27:13.460Z,44.341,11.901,10,2.9,ml,,,,0.65,us,usp0009sp2,2014-11-07T01:10:06.072Z,"3 km SW of Granarolo, Italy",earthquake,,,,,reviewed,us,ldg
2000-05-09T04:09:15.260Z,44.257,11.982,10,3.5,ml,,,,1.43,us,usp0009sp1,2014-11-07T01:10:06.066Z,"6 km NW of Forlì, Italy",earthquake,,,,,reviewed,us,vie
2000-05-09T03:43:20.560Z,17.202,73.898,33,3.9,mb,,,,1.01,us,usp0009sp0,2014-11-07T01:10:06.064Z,"19 km S of P?tan, India",earthquake,,,,1,reviewed,us,us
2000-05-09T03:41:37.892Z,58.8857,-154.5878,119.2,2.7,ml,,,,0.42,ak,ak0005z1waal,2020-02-20T20:17:19.990Z,"62 km S of Kokhanok, Alaska",earthquake,,1.1,,,reviewed,ak,ak
2000-05-09T03:34:37.510Z,-1.359,123.733,33,4.3,ml,,,,1.22,us,usp0009sny,2014-11-07T01:10:06.059Z,"114 km ESE of Luwuk, Indonesia",earthquake,,,,,reviewed,us,dja
2000-05-09T03:15:17.810Z,-13.539,166.541,33,4.3,mb,,,,1.31,us,usp0009snx,2014-11-07T01:10:06.056Z,"115 km WNW of Sola, Vanuatu",earthquake,,,,6,reviewed,us,us
2000-05-09T02:58:25.530Z,44.292,11.933,10,3.6,ml,,,,1.2,us,usp0009snw,2014-11-07T01:10:06.048Z,"4 km E of Faenza, Italy",earthquake,,,,,reviewed,us,str
2000-05-09T02:38:29.780Z,-5.236,152.095,68.8,4.3,mb,,,,1.01,us,usp0009snv,2014-11-07T01:10:06.046Z,"100 km S of Kokopo, Papua New Guinea",earthquake,,16.8,,3,reviewed,us,us
2000-05-09T02:02:41.220Z,-18.282,-73.359,33,4.6,mb,,,,0.96,us,usp0009snu,2014-11-07T01:10:06.043Z,"195 km SW of Islay (Matarani), Peru",earthquake,,,,18,reviewed,us,us
2000-05-09T02:02:08.590Z,40.3351667,-124.7395,1.15,3.88,md,69,237,0.3378,0.07,nc,nc21096295,2017-03-17T16:08:16.278Z,"48 km WSW of Ferndale, California",earthquake,0.53,1.13,0.28,95,reviewed,nc,nc
2000-05-09T00:53:34.410Z,44.373,11.902,10,2.8,ml,,,,0.48,us,usp0009sns,2014-11-07T01:10:06.037Z,"2 km SE of Barbiano, Italy",earthquake,,,,,reviewed,us,vie
2000-05-09T00:45:40.070Z,-25.964,-69.912,57,5.2,mwc,,,,0.92,us,usp0009snr,2022-04-29T18:38:34.276Z,"46 km NNE of Diego de Almagro, Chile",earthquake,,,,,reviewed,us,hrv
2000-05-09T00:30:19.610Z,-0.909,98.068,33,5,mb,,,,1.11,us,usp0009snq,2014-11-07T01:10:06.008Z,"230 km W of Pariaman, Indonesia",earthquake,,,,29,reviewed,us,us
2000-05-09T00:02:26.800Z,-17.423,-174.628,119.3,4.4,mb,,,,0.84,us,usp0009snp,2014-11-07T01:10:06.001Z,"152 km NNW of Neiafu, Tonga",earthquake,,,,13,reviewed,us,us
2000-05-08T22:05:48.690Z,40.366,-107.762,0,2.7,ml,10,,,0.9,rusms,rusms00001912,2022-06-09T21:12:02.348Z,"24 km SW of Craig, Colorado",explosion,,,,,reviewed,us,us
2000-05-08T21:48:01.960Z,32.669,-109.153,0,3.1,ml,5,,,0.8,rusms,rusms00001911,2022-06-09T21:12:02.342Z,"6 km W of Franklin, Arizona",explosion,,,,,reviewed,us,us
2000-05-08T21:35:42.850Z,-31.319,179.839,383.1,5.6,mwc,,,,0.96,us,usp0009snn,2022-04-29T19:16:25.995Z,"Kermadec Islands region",earthquake,,,,,reviewed,us,hrv
2000-05-08T21:14:43.150Z,-0.855,97.898,33,4.5,mb,,,,0.87,us,usp0009snk,2014-11-07T01:10:05.885Z,"248 km W of Pariaman, Indonesia",earthquake,,,,9,reviewed,us,us
2000-05-08T20:41:40.192Z,57.3157,-154.2887,35.6,5,mw,,,,0.99,ak,ak0005xohb9f,2022-04-29T19:16:24.881Z,"29 km SSE of Karluk, Alaska",earthquake,,1.2,,,reviewed,ak,ak
2000-05-08T19:55:07.550Z,10.742,-62.607,55,3.1,md,,,,,us,usp0009sng,2014-11-07T01:10:05.852Z,"38 km WNW of Güiria, Venezuela",earthquake,,,,,reviewed,trn,trn
2000-05-08T19:47:49.420Z,44.347,11.9,10,3.3,ml,,,,0.74,us,usp0009snf,2014-11-07T01:10:05.847Z,"3 km WSW of Granarolo, Italy",earthquake,,,,,reviewed,us,vie
2000-05-08T19:36:28.420Z,44.36,11.877,10,3.1,ml,,,,1.18,us,usp0009sne,2014-11-07T01:10:05.843Z,"2 km E of Solarolo, Italy",earthquake,,,,,reviewed,us,str
2000-05-08T18:46:52.230Z,-1.448,123.582,33,4.5,mb,,,,1.33,us,usp0009snb,2014-11-07T01:10:05.839Z,"104 km ESE of Luwuk, Indonesia",earthquake,,,,2,reviewed,us,us
2000-05-08T18:26:46.200Z,40.299,143.235,33,4.5,mb,,,,1.26,us,usp0009sna,2014-11-07T01:10:05.834Z,"132 km ENE of Miyako, Japan",earthquake,,,,26,reviewed,us,us
2000-05-08T18:12:06.270Z,-6.415,-80.767,46.9,4.3,mb,,,,1.15,us,usp0009sn9,2014-11-07T01:10:05.832Z,"84 km W of Mórrope, Peru",earthquake,,,,4,reviewed,us,us
2000-05-08T18:03:21.400Z,44.549,-114.762,5,2.9,ml,,,,0.54,us,usp0009sn8,2014-11-07T01:10:05.830Z,"39 km NNE of Stanley, Idaho",earthquake,,,,,reviewed,us,us
2000-05-08T17:56:23.090Z,12.539,142.602,33,4.6,mb,,,,1.04,us,usp0009sn7,2014-11-07T01:10:05.828Z,"238 km WSW of Merizo Village, Guam",earthquake,,,,1,reviewed,us,us
2000-05-08T17:35:12.580Z,-33.996,-70.307,105.5,2.6,md,,,,,us,usp0009sn6,2014-11-07T01:10:05.826Z,"37 km ENE of Machalí, Chile",earthquake,,,,,reviewed,guc,guc
2000-05-08T17:12:52.600Z,44.365,11.847,10,3,ml,,,,0.74,us,usp0009sn5,2014-11-07T01:10:05.823Z,"0 km N of Solarolo, Italy",earthquake,,,,,reviewed,us,ldg
2000-05-08T16:16:08.730Z,-33.933,-179.374,45.5,4.5,mb,,,,1.28,us,usp0009sn4,2014-11-07T01:10:05.820Z,"south of the Kermadec Islands",earthquake,,7.8,,3,reviewed,us,us
2000-05-08T15:31:32.020Z,-8.834,158.08,300,4.4,mb,,,,1.38,us,usp0009sn3,2014-11-07T01:10:05.818Z,"158 km ESE of Gizo, Solomon Islands",earthquake,,,,8,reviewed,us,us
2000-05-08T15:06:34.030Z,44.231,11.951,10,3.4,ml,,,,0.72,us,usp0009sn2,2014-11-07T01:10:05.814Z,"4 km N of Castrocaro Terme e Terra del Sole, Italy",earthquake,,,,,reviewed,us,vie
2000-05-08T14:56:27.340Z,44.414,11.83,10,3,ml,,,,0.65,us,usp0009sn1,2014-11-07T01:10:05.811Z,"2 km NE of Mordano, Italy",earthquake,,,,,reviewed,us,vie
2000-05-08T14:47:10.100Z,30.455,138.392,440.3,4.5,mb,,,,0.86,us,usp0009sn0,2014-11-07T01:10:05.804Z,"Izu Islands, Japan region",earthquake,,,,35,reviewed,us,us
2000-05-08T14:28:56.930Z,44.189,12.054,10,3.8,mb,,,,0.77,us,usp0009smz,2014-11-07T01:10:05.797Z,"3 km SSE of Forlì, Italy",earthquake,,,,1,reviewed,us,us
2000-05-08T13:54:57.630Z,11.045,124.771,10,5.5,mwc,,,,1.13,us,usp0009smx,2022-04-29T19:16:15.721Z,"10 km S of Canhandugan, Philippines",earthquake,,,,,reviewed,us,hrv
2000-05-08T13:28:02.499Z,61.441,-139.9929,1,2.5,ml,,,,1.27,ak,ak0005xk8et5,2020-02-20T20:17:23.832Z,"149 km SSE of Alcan Border, Alaska",earthquake,,0,,,reviewed,ak,ak
2000-05-08T13:16:22.410Z,44.193,12.009,10,3.4,ml,,,,0.63,us,usp0009smv,2014-11-07T01:10:05.771Z,"3 km E of Castrocaro Terme e Terra del Sole, Italy",earthquake,,,,,reviewed,us,str
2000-05-08T13:14:14.440Z,-58.826,149.359,10,4.1,mb,,,,1.4,us,usp0009smu,2014-11-07T01:10:05.770Z,"west of Macquarie Island",earthquake,,,,6,reviewed,us,us
2000-05-08T13:00:21.110Z,44.361,12.066,10,2.9,ml,,,,0.99,us,usp0009smt,2014-11-07T01:10:05.768Z,"1 km WNW of San Pancrazio, Italy",earthquake,,,,,reviewed,us,ldg
2000-05-08T12:44:20.230Z,-0.947,97.955,33,4.4,mb,,,,1.04,us,usp0009sms,2014-11-07T01:10:05.766Z,"243 km W of Pariaman, Indonesia",earthquake,,,,6,reviewed,us,us
2000-05-08T12:42:29.460Z,44.293,11.917,10,3,ml,,,,1.19,us,usp0009smr,2014-11-07T01:10:05.764Z,"3 km E of Faenza, Italy",earthquake,,,,,reviewed,us,ldg
2000-05-08T12:40:24.440Z,44.333,11.915,10,3.3,ml,,,,0.89,us,usp0009smq,2014-11-07T01:10:05.760Z,"3 km SSW of Granarolo, Italy",earthquake,,,,,reviewed,us,str
2000-05-08T12:35:03.300Z,44.355,11.857,10,3.6,mb,,,,0.9,us,usp0009smp,2014-11-07T01:10:05.756Z,"0 km ESE of Solarolo, Italy",earthquake,,,,1,reviewed,us,us
2000-05-08T12:30:06.900Z,44.317,11.909,10,4.8,mb,,,,0.84,us,usp0009smn,2014-11-07T01:10:05.733Z,"3 km NE of Faenza, Italy",earthquake,,,,9,reviewed,us,us
2000-05-08T12:29:59.720Z,-0.846,97.996,33,5.7,mwb,,,,0.9,us,usp0009smm,2022-04-29T18:38:28.589Z,"237 km W of Pariaman, Indonesia",earthquake,,,,,reviewed,us,us
2000-05-08T12:29:55.930Z,44.341,11.956,10,4.7,mb,,,,0.91,us,usp0009smk,2014-11-07T01:10:05.693Z,"2 km SE of Granarolo, Italy",earthquake,,,,8,reviewed,us,us
2000-05-08T12:29:15.140Z,-0.968,97.896,33,4.7,mb,,,,0.92,us,usp0009smj,2022-04-29T17:49:44.475Z,"250 km W of Pariaman, Indonesia",earthquake,,,,11,reviewed,us,us
2000-05-08T11:35:54.260Z,11.025,124.788,10,4.3,mb,,,,1.34,us,usp0009smf,2014-11-07T01:10:05.685Z,"7 km NNW of San Pedro, Philippines",earthquake,,,,7,reviewed,us,us
2000-05-08T11:23:50.670Z,56.188,163.417,33,3.1,mb,,,,1.24,us,usp0009sme,2014-11-07T01:10:05.683Z,"58 km E of Ust’-Kamchatsk Staryy, Russia",earthquake,,,,1,reviewed,us,us
2000-05-08T10:28:25.220Z,-4.457,150.004,502,6.1,mwc,,,,0.74,us,usp0009smd,2022-04-29T19:16:23.700Z,"121 km N of Kimbe, Papua New Guinea",earthquake,,,,,reviewed,us,hrv
2000-05-08T10:26:39.060Z,-1.59,123.443,33,3.5,mb,,,,0.65,us,usp0009smc,2014-11-07T01:10:05.638Z,"101 km SE of Luwuk, Indonesia",earthquake,,,,1,reviewed,us,us
2000-05-08T10:25:23.210Z,11.045,124.733,11.5,5.6,mwc,,,,1.29,us,usp0009smb,2022-04-29T18:38:23.298Z,"11 km NNE of Talisayan, Philippines",earthquake,,3.5,,,reviewed,us,hrv
2000-05-08T10:04:47.010Z,-1.185,123.094,119.4,4.8,mb,,,,0.95,us,usp0009sma,2014-11-07T01:10:05.624Z,"42 km SE of Luwuk, Indonesia",earthquake,,22.6,,1,reviewed,us,us
2000-05-08T09:45:44.810Z,36.306,140.985,43.8,4.7,mb,,,,0.92,us,usp0009sm9,2014-11-07T01:10:05.616Z,"36 km E of ?arai, Japan",earthquake,,,,37,reviewed,us,us
2000-05-08T09:12:34.540Z,40.3283333,-124.6921667,3.62,4.5,mw,73,235,0.309,0.06,nc,nc21096137,2017-03-17T16:07:23.147Z,"45 km SW of Ferndale, California",earthquake,0.42,0.61,,3,reviewed,nc,nc
2000-05-08T08:18:29.200Z,44.367,11.887,10,2.8,ml,,,,0.79,us,usp0009sm6,2014-11-07T01:10:05.602Z,"2 km S of Barbiano, Italy",earthquake,,,,,reviewed,us,ldg
2000-05-08T07:02:10.870Z,-17.126,-178.813,450,4.3,mb,,,,0.91,us,usp0009sm5,2014-11-07T01:10:05.597Z,"208 km ESE of Labasa, Fiji",earthquake,,,,16,reviewed,us,us
2000-05-08T06:57:49.300Z,31.364,49.241,33,3.8,mb,,,,0.73,us,usp0009sm4,2014-11-07T01:10:05.596Z,"35 km WNW of R?mhormoz, Iran",earthquake,,,,3,reviewed,us,us
2000-05-08T06:23:31.910Z,-31.572,-71.431,29.8,4,md,,,,,us,usp0009sm3,2014-11-07T01:10:05.594Z,"25 km WNW of Illapel, Chile",earthquake,,,,,reviewed,guc,guc
2000-05-08T06:05:08.320Z,-6.044,147.099,110.7,5.3,mwc,,,,0.87,us,usp0009sm2,2025-12-19T22:43:26.314Z,"75 km N of Lae, Papua New Guinea",earthquake,,,,,reviewed,us,hrv
2000-05-08T05:52:09.780Z,-15.331,-173.363,62.1,4.6,mb,,,,0.78,us,usp0009sm1,2014-11-07T01:10:05.578Z,"83 km NE of Hihifo, Tonga",earthquake,,,,18,reviewed,us,us
2000-05-08T05:45:50.500Z,16.091,-97.554,13.7,3.5,md,,,,,us,usp0009sm0,2014-11-07T01:10:05.577Z,"5 km ESE of La Luz, Mexico",earthquake,,,,,reviewed,unm,unm
2000-05-08T05:43:17.150Z,-12.316,167.036,250,4.5,mb,,,,0.74,us,usp0009skz,2014-11-07T01:10:05.570Z,"181 km NNW of Sola, Vanuatu",earthquake,,,,21,reviewed,us,us
2000-05-08T05:22:19.690Z,19.3938333,-155.1405,40.634,3.22,ml,28,90,,0.1,hv,hv1287097,2020-03-31T20:35:05.980Z,"7 km S of Fern Forest, Hawaii",earthquake,0.8,0.7,0.09,5,reviewed,hv,hv
2000-05-08T05:13:17.590Z,19.451,-68.496,33,4.5,mb,,,,0.87,us,usp0009skx,2014-11-07T01:10:05.563Z,"77 km NE of Miches, Dominican Republic",earthquake,,,,19,reviewed,us,us
2000-05-08T04:33:51.810Z,45.95,142.373,333.5,4.7,mb,,,,0.85,us,usp0009skv,2014-11-07T01:10:05.547Z,"66 km SE of Shebunino, Russia",earthquake,,,,85,reviewed,us,us
2000-05-08T04:29:41.837Z,60.5426,-153.0873,144.2,2.5,ml,,,,0.63,ak,ak0005xevt47,2020-02-20T20:17:25.186Z,"77 km ENE of Port Alsworth, Alaska",earthquake,,1.7,,,reviewed,ak,ak
2000-05-08T04:06:03.650Z,12.584,142.648,33,3.3,mb,,,,0.97,us,usp0009skt,2014-11-07T01:10:05.542Z,"231 km WSW of Merizo Village, Guam",earthquake,,,,1,reviewed,us,us
2000-05-08T04:04:37.400Z,-40.05,174.98,69,4.2,ml,,,,,us,usp0009sks,2014-11-07T01:10:05.541Z,"14 km SSW of Wanganui, New Zealand",earthquake,,,,,reviewed,wel,wel
2000-05-08T03:58:47.490Z,54.852,-165.19,33,3.1,mb,,,,1.52,us,usp0009skr,2014-11-07T01:10:05.540Z,"88 km NNE of Akutan, Alaska",earthquake,,,,1,reviewed,us,us
2000-05-08T03:45:44.670Z,51.54,16.15,5,3.2,ml,,,,0.83,us,usp0009skq,2014-11-07T01:10:05.537Z,"6 km S of Gr?bocice, Poland",earthquake,,,,,reviewed,us,vie
2000-05-08T03:25:57.750Z,16.005,122.066,60.1,4.5,mb,,,,0.71,us,usp0009skp,2014-11-07T01:10:05.534Z,"52 km SE of Dumabato, Philippines",earthquake,,6.4,,8,reviewed,us,us
2000-05-08T03:03:16.340Z,35.26,60.981,33,4.3,mb,,,,1,us,usp0009skn,2014-11-07T01:10:05.530Z,"32 km E of Torbat-e J?m, Iran",earthquake,,,,21,reviewed,us,us
2000-05-08T03:00:26.430Z,-62.672,-158.409,10,4.1,mb,,,,1.37,us,usp0009skm,2014-11-07T01:10:05.528Z,"Pacific-Antarctic Ridge",earthquake,,,,3,reviewed,us,us
2000-05-08T02:23:17.700Z,43.12,-0.01,10,2.8,ml,,,,,us,usp0009skk,2014-11-07T01:10:05.524Z,"4 km NE of Lourdes, France",earthquake,,,,,reviewed,str,ldg
2000-05-08T00:56:43.260Z,-20.189,-177.956,550,4.2,mb,,,,0.71,us,usp0009skg,2014-11-07T01:10:05.518Z,"Fiji region",earthquake,,,,3,reviewed,us,us
2000-05-08T00:14:35.400Z,44.381,11.883,10,3.2,ml,,,,0.9,us,usp0009skf,2014-11-07T01:10:05.513Z,"0 km SSW of Barbiano, Italy",earthquake,,,,,reviewed,us,str
2000-05-08T00:04:08.200Z,46.148,6.782,2,2.7,md,,,,,us,usp0009ske,2014-11-07T01:10:05.510Z,"6 km ESE of Morzine, France",earthquake,,,,,reviewed,ldg,ldg
2000-05-07T23:47:51.000Z,24.032,121.124,68.3,3.9,mb,,,,0.91,us,usp0009skd,2014-11-07T01:10:05.508Z,"17 km ENE of Puli, Taiwan",earthquake,,11.6,,2,reviewed,us,us
2000-05-07T23:43:30.110Z,-54.552,2.179,10,4.7,mb,,,,0.72,us,usp0009skc,2014-11-07T01:10:05.506Z,"Bouvet Island region",earthquake,,,,2,reviewed,us,us
2000-05-07T23:11:33.130Z,12.469,142.673,33,4.5,mb,,,,1.12,us,usp0009skb,2014-11-07T01:10:05.503Z,"233 km WSW of Merizo Village, Guam",earthquake,,,,8,reviewed,us,us
2000-05-07T23:10:54.190Z,38.164,38.777,5.4,4.5,mb,,,,,us,usp0009ska,2020-07-08T00:54:54.639Z,"20 km NE of Sincik, Turkey",earthquake,,,,35,reviewed,isk,us
2000-05-07T22:30:35.650Z,44.125,12.227,10,3.1,ml,,,,1.31,us,usp0009sk9,2014-11-07T01:10:05.489Z,"2 km SW of Cesena, Italy",earthquake,,,,,reviewed,us,vie
2000-05-07T21:53:30.230Z,25.524,101.119,33,3.8,mb,,,,1.14,us,usp0009sk8,2014-11-07T01:10:05.487Z,"91 km E of Dali, China",earthquake,,,,3,reviewed,us,us
2000-05-07T21:12:52.900Z,18.916,-104.116,0,3.7,md,,,,,us,usp0009sk7,2014-11-07T01:10:05.485Z,"4 km W of Cuyutlán, Mexico",earthquake,,,,,reviewed,unm,unm
2000-05-07T21:09:52.820Z,40.252,142.45,33,4.5,mb,,,,1.26,us,usp0009sk6,2014-11-07T01:10:05.483Z,"80 km NNE of Miyako, Japan",earthquake,,,,4,reviewed,us,us
2000-05-07T20:47:13.660Z,40.319,-124.6038333,11.56,2.87,md,22,252,0.2568,0.09,nc,nc21096083,2016-12-31T10:53:19.734Z,"40 km SW of Ferndale, California",earthquake,1.69,0.67,0.18,20,reviewed,nc,nc
2000-05-07T20:33:26.630Z,-2.656,121.906,33,5.2,mwc,,,,1.28,us,usp0009sk5,2022-04-29T18:38:20.701Z,"161 km NNW of Kendari, Indonesia",earthquake,,,,,reviewed,us,hrv
2000-05-07T20:01:02.020Z,14.33,-61.249,156,3.5,mb,,,,,us,usp0009sk4,2014-11-07T01:10:05.462Z,"32 km SW of Les Trois-Îlets, Martinique",earthquake,,,,1,reviewed,trn,us
2000-05-07T19:54:31.100Z,-40.48,177.41,33,4,ml,,,,,us,usp0009sk3,2014-11-07T01:10:05.460Z,"105 km SSE of Hastings, New Zealand",earthquake,,,,,reviewed,wel,wel
2000-05-07T19:49:05.040Z,10.576,-60.94,41,3,md,,,,,us,usp0009sk2,2014-11-07T01:10:05.367Z,"20 km E of Sangre Grande, Trinidad and Tobago",earthquake,,,,,reviewed,trn,trn
2000-05-07T19:30:41.980Z,55.748,110.195,10,4,mb,,,,1.15,us,usp0009sk1,2014-11-07T01:10:05.286Z,"22 km SSE of Kichera, Russia",earthquake,,,,7,reviewed,us,us
2000-05-07T19:21:52.040Z,-7.985,112.806,48.6,4.9,mb,,,,0.86,us,usp0009sk0,2014-11-07T01:10:05.250Z,"18 km ESE of Singosari, Indonesia",earthquake,,9.9,,1,reviewed,us,us
2000-05-07T17:48:45.500Z,46.501,1.434,4,2.6,ml,,,,,us,usp0009sjz,2014-11-07T01:10:05.245Z,"11 km SSW of Argenton-sur-Creuse, France",earthquake,,,,,reviewed,ldg,str
2000-05-07T17:21:12.930Z,-2.54,122.551,31.3,5.6,mwc,,,,1.15,us,usp0009sjy,2022-04-29T19:16:22.615Z,"159 km N of Kendari, Indonesia",earthquake,,4.2,,,reviewed,us,hrv
2000-05-07T17:04:29.600Z,36.623,22.38,83.5,3.3,mb,,,,0.95,us,usp0009sjw,2014-11-07T01:10:05.212Z,"22 km SW of Gýtheio, Greece",earthquake,,19.2,,2,reviewed,us,us
2000-05-07T16:50:40.490Z,36.2501667,-120.8156667,5.786,3.1,ml,68,74,0.03784,0.07,nc,nc21096061,2016-12-31T10:52:30.450Z,"22 km NE of San Lucas, California",earthquake,0.15,0.26,,6,reviewed,nc,nc
2000-05-07T16:18:08.260Z,22.567,120.443,33,4.5,mb,,,,1.2,us,usp0009sju,2014-11-07T01:10:05.206Z,"11 km N of Donggang, Taiwan",earthquake,,,,16,reviewed,us,us
2000-05-07T15:50:32.480Z,36.2488333,-120.8156667,5.796,2.77,md,66,105,0.03604,0.07,nc,nc21096053,2016-12-31T10:52:11.350Z,"22 km NE of San Lucas, California",earthquake,0.17,0.26,0.09,83,reviewed,nc,nc
2000-05-07T15:22:51.840Z,39.013,70.99,62.6,4.4,mb,,,,1.17,us,usp0009sjr,2014-11-07T01:10:05.197Z,"52 km WSW of Karakenja, Tajikistan",earthquake,,8.7,,27,reviewed,us,us
2000-05-07T15:09:51.550Z,-5.212,100.209,33,4.4,mb,,,,1.06,us,usp0009sjp,2014-11-07T01:10:05.193Z,"276 km SW of Bengkulu, Indonesia",earthquake,,,,2,reviewed,us,us
2000-05-07T13:50:44.950Z,53.656,160.888,68.3,3.1,mb,,,,1.53,us,usp0009sjn,2014-11-07T01:10:05.191Z,"163 km ENE of Petropavlovsk-Kamchatsky, Russia",earthquake,,12.6,,1,reviewed,us,us
2000-05-07T12:54:31.744Z,61.5109,-151.4422,81,3.3,ml,,,,0.59,ak,ak0005vw99l2,2020-02-20T20:17:29.552Z,"45 km NNW of Beluga, Alaska",earthquake,,0.3,,,reviewed,ak,ak
2000-05-07T12:52:02.810Z,-17.088,167.731,33,4.5,mb,,,,1.19,us,usp0009sjk,2014-11-07T01:10:05.167Z,"94 km NW of Port-Vila, Vanuatu",earthquake,,,,4,reviewed,us,us
2000-05-07T12:49:41.640Z,44.323,11.944,10,4.2,mb,,,,,us,usp0009sjj,2014-11-07T01:10:05.150Z,"4 km S of Granarolo, Italy",earthquake,,,,1,reviewed,rom,us
2000-05-07T12:40:31.520Z,35.645,22.72,33,3.3,mb,,,,0.48,us,usp0009sjh,2014-11-07T01:10:05.149Z,"61 km SSW of Kýthira, Greece",earthquake,,,,1,reviewed,us,us
2000-05-07T12:33:39.660Z,-10.732,164.883,33,4.3,mb,,,,1.14,us,usp0009sjg,2014-11-07T01:10:05.147Z,"100 km W of Lata, Solomon Islands",earthquake,,,,2,reviewed,us,us
2000-05-07T12:27:08.370Z,-25.625,179.183,550,4.2,mb,,,,1.14,us,usp0009sjf,2014-11-07T01:10:05.144Z,"south of the Fiji Islands",earthquake,,,,6,reviewed,us,us
2000-05-07T12:15:26.250Z,-7.371,128.522,150,3.9,mb,,,,0.69,us,usp0009sje,2014-11-07T01:10:05.143Z,"210 km NE of Lospalos, Timor Leste",earthquake,,,,2,reviewed,us,us
2000-05-07T12:11:53.990Z,37.563,68.227,33,3.4,mb,,,,1,us,usp0009sjd,2014-11-07T01:10:05.141Z,"8 km ESE of Tartiki, Tajikistan",earthquake,,,,1,reviewed,us,us
2000-05-07T11:53:17.470Z,12.481,142.78,33,3.7,mb,,,,1.01,us,usp0009sjc,2014-11-07T01:10:05.140Z,"222 km WSW of Merizo Village, Guam",earthquake,,,,1,reviewed,us,us
2000-05-07T11:21:55.710Z,-1.242,123.455,76.4,4.8,mb,,,,1.31,us,usp0009sjb,2014-11-07T01:10:05.119Z,"80 km ESE of Luwuk, Indonesia",earthquake,,7,,14,reviewed,us,us
2000-05-07T09:40:49.790Z,38.61,26.726,5,3.1,md,,,,,us,usp0009sj9,2014-11-07T01:10:05.116Z,"7 km SSW of Foça, Turkey",earthquake,,,,,reviewed,isk,isk
2000-05-07T09:20:06.900Z,18.696,-102.768,20,3.8,md,,,,,us,usp0009sj7,2014-11-07T01:10:05.114Z,"5 km SSE of Aguililla, Mexico",earthquake,,,,,reviewed,unm,unm
2000-05-07T09:08:44.520Z,38.183,38.747,1.6,4.2,mb,,,,,us,usp0009sj5,2014-11-07T01:10:05.108Z,"20 km NE of Sincik, Turkey",earthquake,,,,9,reviewed,isk,us
2000-05-07T08:57:05.040Z,44.345,11.882,10,3.3,ml,,,,0.69,us,usp0009sj4,2014-11-07T01:10:05.101Z,"northern Italy",earthquake,,,,,reviewed,us,vie
2000-05-07T08:47:39.680Z,-15.227,-173.614,33,5.7,mwc,,,,0.93,us,usp0009sj3,2022-04-29T18:38:14.692Z,"82 km NNE of Hihifo, Tonga",earthquake,,,,,reviewed,us,hrv
2000-05-07T07:55:33.970Z,44.262,12.022,10,2.7,ml,,,,0.64,us,usp0009sj2,2014-11-07T01:10:05.067Z,"4 km NNW of Forlì, Italy",earthquake,,,,,reviewed,us,vie
2000-05-07T07:44:03.330Z,-17.086,-64.911,36.8,4.4,mb,,,,1.2,us,usp0009sj1,2014-11-07T01:10:05.064Z,"27 km ESE of Chimoré, Bolivia",earthquake,,14,,2,reviewed,us,us
2000-05-07T07:20:26.698Z,60.0307,-153.5533,168.4,3.2,ml,,,,0.71,ak,ak0005vt2stp,2020-02-20T20:17:31.269Z,"41 km NE of Pedro Bay, Alaska",earthquake,,0.7,,,reviewed,ak,ak
2000-05-07T07:18:59.690Z,44.362,11.879,10,2.8,ml,,,,0.59,us,usp0009shz,2014-11-07T01:10:05.053Z,"2 km E of Solarolo, Italy",earthquake,,,,,reviewed,us,vie
2000-05-07T07:16:04.080Z,44.343,11.89,10,3.4,ml,,,,0.96,us,usp0009shy,2014-11-07T01:10:05.049Z,"3 km ESE of Solarolo, Italy",earthquake,,,,,reviewed,us,vie
2000-05-07T06:50:31.420Z,17.663,147.712,33,3.6,mb,,,,0.76,us,usp0009shw,2014-11-07T01:10:05.045Z,"Mariana Islands region",earthquake,,,,1,reviewed,us,us
2000-05-07T06:02:10.400Z,12.41,-88.378,33,4.1,mb,,,,1.44,us,usp0009shv,2014-11-07T01:10:05.043Z,"93 km SSW of Chirilagua, El Salvador",earthquake,,,,9,reviewed,us,us
2000-05-07T05:48:59.370Z,17.61,147.614,33,4.7,mb,,,,0.72,us,usp0009shu,2014-11-07T01:10:05.037Z,"Mariana Islands region",earthquake,,,,19,reviewed,us,us
2000-05-07T05:22:10.970Z,17.804,147.73,33,4.2,mb,,,,1.04,us,usp0009shs,2014-11-07T01:10:05.034Z,"Mariana Islands region",earthquake,,,,1,reviewed,us,us
2000-05-07T05:21:51.480Z,17.562,147.551,33,4.7,mb,,,,1.03,us,usp0009shr,2014-11-07T01:10:05.029Z,"Mariana Islands region",earthquake,,,,16,reviewed,us,us
2000-05-07T05:14:26.900Z,47.219,-4.155,13.6,3.4,md,,,,,us,usp0009shq,2014-11-07T01:10:05.026Z,"65 km S of Guilvinec, France",earthquake,,,,,reviewed,ldg,ldg
2000-05-07T05:10:52.060Z,44.213,12.063,10,3.4,ml,,,,0.78,us,usp0009shp,2014-11-07T01:10:05.020Z,"1 km ESE of Forlì, Italy",earthquake,,,,,reviewed,us,vie
2000-05-07T05:08:45.500Z,34.471,32.272,25,2.9,ml,,,,,us,usp0009shn,2014-11-07T01:10:05.019Z,"35 km SSW of Koloni, Cyprus",earthquake,,,,,reviewed,css,css
2000-05-07T05:01:39.230Z,44.037,12.041,10,4.2,ml,,,,0.82,us,usp0009shk,2014-11-07T01:10:05.006Z,"2 km ESE of Cusercoli, Italy",earthquake,,,,,reviewed,us,zag
2000-05-07T04:43:36.400Z,73.224,7.405,10,4,mb,,,,1.22,us,usp0009shj,2014-11-07T01:10:05.004Z,"Greenland Sea",earthquake,,,,3,reviewed,us,us
2000-05-07T04:20:26.870Z,73.237,7.483,10,3.7,mb,,,,1.55,us,usp0009shg,2014-11-07T01:10:05.001Z,"Greenland Sea",earthquake,,,,2,reviewed,us,us
2000-05-07T04:18:09.990Z,73.172,6.983,10,4.3,mb,,,,1.18,us,usp0009shf,2014-11-07T01:10:04.997Z,"Greenland Sea",earthquake,,,,18,reviewed,us,us
2000-05-07T03:08:35.390Z,44.438,11.864,10,2.7,ml,,,,0.54,us,usp0009she,2014-11-07T01:10:04.995Z,"0 km SSE of Sant'Agata sul Santerno, Italy",earthquake,,,,,reviewed,us,ldg
2000-05-07T03:05:26.780Z,44.348,11.969,10,4.2,ml,,,,0.91,us,usp0009shd,2014-11-07T01:10:04.983Z,"2 km ESE of Granarolo, Italy",earthquake,,,,,reviewed,us,grf
2000-05-07T02:18:58.194Z,62.556,-151.0688,86.6,3,ml,,,,0.71,ak,ak0005vq39sr,2020-02-20T20:17:31.733Z,"16 km WNW of Petersville, Alaska",earthquake,,0.2,,,reviewed,ak,ak
2000-05-07T02:10:42.330Z,44.363,11.961,10,4,ml,,,,0.9,us,usp0009shb,2014-11-07T01:10:04.967Z,"2 km ENE of Granarolo, Italy",earthquake,,,,,reviewed,us,grf
2000-05-07T02:01:03.360Z,12.445,142.511,33,4.7,mb,,,,1,us,usp0009sha,2014-11-07T01:10:04.963Z,"251 km WSW of Merizo Village, Guam",earthquake,,,,12,reviewed,us,us
2000-05-07T01:41:08.040Z,44.343,12.034,10,2.5,ml,,,,0.73,us,usp0009sh9,2014-11-07T01:10:04.961Z,"3 km S of Russi, Italy",earthquake,,,,,reviewed,us,ldg
2000-05-07T01:32:13.580Z,44.22,12.02,10,3.5,ml,,,,0.83,us,usp0009sh8,2014-11-07T01:10:04.955Z,"1 km W of Forlì, Italy",earthquake,,,,,reviewed,us,vie
2000-05-07T01:29:35.020Z,40.4081667,-125.44,4.732,2.95,md,28,267,0.845,0.19,nc,nc21095986,2016-12-31T10:50:06.845Z,"101 km W of Ferndale, California",earthquake,4.57,17.62,0.18,11,reviewed,nc,nc
2000-05-07T01:27:13.830Z,44.306,11.958,10,4.1,mb,,,,1.05,us,usp0009sh7,2014-11-07T01:10:04.944Z,"6 km SSE of Granarolo, Italy",earthquake,,,,1,reviewed,us,us
2000-05-07T01:01:21.680Z,44.414,11.846,10,2.6,ml,,,,0.56,us,usp0009sh6,2014-11-07T01:10:04.942Z,"3 km NNE of Bagnara di Romagna, Italy",earthquake,,,,,reviewed,us,ldg
2000-05-07T00:57:58.970Z,44.347,12.097,10,2.7,ml,,,,0.87,us,usp0009sh5,2014-11-07T01:10:04.940Z,"1 km SE of San Pancrazio, Italy",earthquake,,,,,reviewed,us,ldg
2000-05-07T00:48:18.490Z,44.526,11.683,10,3.5,mb,,,,0.85,us,usp0009sh4,2014-11-07T01:10:04.937Z,"6 km NE of Medicina-Buda, Italy",earthquake,,,,1,reviewed,us,us
2000-05-07T00:47:48.470Z,61.4177,-150.9125,77.5,2.6,ml,,,,0.75,ak,ak0005vp2llr,2020-02-20T20:17:32.139Z,"25 km WSW of Susitna, Alaska",earthquake,,0.8,,,reviewed,ak,ak
2000-05-07T00:44:46.960Z,44.35,11.987,10,4.5,mb,,,,0.92,us,usp0009sh2,2014-11-07T01:10:04.923Z,"4 km ESE of Granarolo, Italy",earthquake,,,,8,reviewed,us,us
2000-05-07T00:44:06.280Z,44.337,11.962,10,4.6,ml,,,,,us,usp0009sh1,2014-11-07T01:10:04.911Z,"3 km SE of Granarolo, Italy",earthquake,,,,,reviewed,rom,grf
2000-05-07T00:35:41.480Z,-32.248,-71.549,5.3,3.6,md,,,,,us,usp0009sh0,2014-11-07T01:10:04.909Z,"37 km NW of La Ligua, Chile",earthquake,,,,,reviewed,guc,guc
2000-05-06T23:59:06.370Z,-36.889,78.575,10,5.3,mwc,,,,1.31,us,usp0009sgz,2025-12-19T22:43:24.968Z,"Mid-Indian Ridge",earthquake,,,,,reviewed,us,hrv
2000-05-06T23:52:34.400Z,-40.15,175.01,5,3.4,ml,,,,,us,usp0009sgy,2014-11-07T01:10:04.672Z,"24 km S of Wanganui, New Zealand",earthquake,,,,,reviewed,wel,wel
2000-05-06T23:46:50.290Z,43.986,-128.815,10,3.7,mb,,,,0.8,us,usp0009sgx,2014-11-07T01:10:04.644Z,"off the coast of Oregon",earthquake,,,,3,reviewed,us,us
2000-05-06T23:45:22.580Z,-23.402,-175.386,98.8,4.4,mb,,,,1.15,us,usp0009sgw,2014-11-07T01:10:04.632Z,"233 km S of ‘Ohonua, Tonga",earthquake,,28.4,,18,reviewed,us,us
2000-05-06T23:25:01.210Z,44.38,11.862,10,2.7,ml,,,,0.64,us,usp0009sgv,2014-11-07T01:10:04.613Z,"2 km WSW of Barbiano, Italy",earthquake,,,,,reviewed,us,vie
2000-05-06T23:23:23.000Z,-40.02,175.07,12,3.1,ml,,,,,us,usp0009sgu,2014-11-07T01:10:04.611Z,"9 km S of Wanganui, New Zealand",earthquake,,,,,reviewed,wel,wel
2000-05-06T22:50:27.450Z,10.584,-61.659,45,2.7,md,,,,,us,usp0009sgt,2014-11-07T01:10:04.610Z,"15 km WSW of Mucurapo, Trinidad and Tobago",earthquake,,,,,reviewed,trn,trn
2000-05-06T22:33:45.490Z,-1.488,123.259,88.5,4.1,mb,,,,1.37,us,usp0009sgr,2014-11-07T01:10:04.604Z,"79 km SE of Luwuk, Indonesia",earthquake,,13.3,,2,reviewed,us,us
2000-05-06T22:32:11.130Z,44.32,11.908,10,3.7,ml,,,,1.34,us,usp0009sgq,2014-11-07T01:10:04.595Z,"4 km NE of Faenza, Italy",earthquake,,,,,reviewed,us,grf
2000-05-06T22:27:48.310Z,11.759,-61.188,71.7,4,mb,,,,1.05,us,usp0009sgp,2014-11-07T01:10:04.589Z,"61 km ESE of Saint David’s, Grenada",earthquake,,3.6,,9,reviewed,us,us
2000-05-06T22:21:40.470Z,44.38,11.855,10,2.8,ml,,,,0.64,us,usp0009sgn,2014-11-07T01:10:04.586Z,"2 km NNE of Solarolo, Italy",earthquake,,,,,reviewed,us,ldg
2000-05-06T22:07:00.590Z,44.143,11.967,10,4.5,mb,,,,1.08,us,usp0009sgm,2014-11-07T01:10:04.557Z,"1 km W of Fiumana, Italy",earthquake,,,,11,reviewed,us,us
2000-05-06T21:04:14.470Z,34.675,32.608,25,2.7,ml,,,,,us,usp0009sgh,2014-11-07T01:10:04.550Z,"8 km W of Pissoúri, Cyprus",earthquake,,,,,reviewed,css,css
2000-05-06T19:49:24.305Z,57.6302,-155.715,88.3,2.6,ml,,,,0.41,ak,ak0005ucuv66,2020-02-20T20:17:32.827Z,"75 km W of Karluk, Alaska",earthquake,,1.1,,,reviewed,ak,ak
2000-05-06T18:52:50.030Z,46.194,12.303,10,3.2,ml,,,,1.16,us,usp0009sgd,2014-11-07T01:10:04.538Z,"1 km S of Soverzene, Italy",earthquake,,,,,reviewed,us,grf
2000-05-06T18:02:49.580Z,44.407,148.066,62.9,4.4,mb,,,,1.23,us,usp0009sgc,2014-11-07T01:10:04.534Z,"92 km S of Kuril’sk, Russia",earthquake,,9.9,,8,reviewed,us,us
2000-05-06T17:10:58.460Z,43.617,-105.315,0,2.7,ml,6,,,0.65,rusms,rusms00001909,2022-06-09T21:12:02.328Z,"20 km SE of Wright, Wyoming",explosion,,,,,reviewed,us,us
2000-05-06T16:33:58.730Z,5.414,126.409,79.6,4.2,mb,,,,1.31,us,usp0009sgb,2014-11-07T01:10:04.532Z,"101 km ESE of Caburan, Philippines",earthquake,,14.3,,1,reviewed,us,us
2000-05-06T16:26:27.020Z,50.271,156.7,62.3,3.7,mb,,,,1.05,us,usp0009sga,2014-11-07T01:10:04.529Z,"60 km SE of Severo-Kuril’sk, Russia",earthquake,,,,2,reviewed,us,us
2000-05-06T16:10:00.300Z,15.65,-96.625,16.1,3.7,md,,,,,us,usp0009sg9,2014-11-07T01:10:04.527Z,"13 km SW of Santa María Tonameca, Mexico",earthquake,,,,,reviewed,unm,unm
2000-05-06T15:49:32.350Z,-33.369,-72.787,32.5,3.8,md,,,,,us,usp0009sg8,2014-11-07T01:10:04.525Z,"111 km W of Cartagena, Chile",earthquake,,,,,reviewed,guc,guc
2000-05-06T15:48:42.070Z,19.8485,-155.604,27.847,2.5,ml,21,120,,0.08,hv,hv1286926,2020-03-31T20:34:16.460Z,"20 km SSE of Waimea, Hawaii",earthquake,0.7,1.18,0.03,5,reviewed,hv,hv
2000-05-06T15:14:03.190Z,-1.2,123.969,33,4.7,ml,,,,1.22,us,usp0009sg7,2014-11-07T01:10:04.522Z,"134 km ESE of Luwuk, Indonesia",earthquake,,,,,reviewed,us,dja
2000-05-06T13:44:13.880Z,-11.295,165.432,12,6.3,mwc,,,,1.03,us,usp0009sg6,2022-04-29T19:03:00.782Z,"74 km SSW of Lata, Solomon Islands",earthquake,,,,,reviewed,us,hrv
2000-05-06T13:41:53.260Z,24.087,121.672,33,4.8,mb,,,,1.2,us,usp0009sg5,2014-11-07T01:10:04.457Z,"13 km NNE of Hualien City, Taiwan",earthquake,,,,17,reviewed,us,us
2000-05-06T13:33:03.100Z,46.489,1.428,5,3.3,ml,,,,,us,usp0009sg4,2014-11-07T01:10:04.450Z,"11 km ENE of Chaillac, France",earthquake,,,,,reviewed,ldg,ldg
2000-05-06T13:18:32.950Z,15.498,-60.655,30,2.5,md,,,,,us,usp0009sg3,2014-11-07T01:10:04.449Z,"64 km E of Castle Bruce, Dominica",earthquake,,,,,reviewed,fdf,fdf
2000-05-06T12:45:02.460Z,-1.177,123.582,67.3,4.4,mb,,,,1.07,us,usp0009sg2,2014-11-07T01:10:04.446Z,"91 km ESE of Luwuk, Indonesia",earthquake,,12.1,,5,reviewed,us,us
2000-05-06T12:19:20.490Z,48.975,157.295,33,3.7,mb,,,,0.99,us,usp0009sg1,2014-11-07T01:10:04.443Z,"206 km SSE of Severo-Kuril’sk, Russia",earthquake,,,,5,reviewed,us,us
2000-05-06T12:17:01.640Z,-22.512,-67.622,164.4,3.9,mb,,,,1.24,us,usp0009sg0,2014-11-07T01:10:04.422Z,"74 km NE of San Pedro de Atacama, Chile",earthquake,,14.1,,7,reviewed,us,us
2000-05-06T11:55:47.860Z,59.9748,-150.6105,16.9,3,ml,,,,0.87,ak,ak0005u84qg2,2020-02-20T20:17:37.460Z,"23 km ENE of Fox River, Alaska",earthquake,,0.9,,,reviewed,ak,ak
2000-05-06T11:20:30.348Z,38.2465,-118.4022,7.4,3,ml,19,92.06,0.081,0.0907,nn,nn00007311,2018-04-24T22:25:56.754Z,"30 km WSW of Mina, Nevada",earthquake,,1.3,,,reviewed,nn,nn
2000-05-06T11:04:55.927Z,38.2451,-118.4062,8,2.9,ml,18,91.5,0.078,0.0704,nn,nn00007307,2018-04-24T22:25:56.292Z,"30 km WSW of Mina, Nevada",earthquake,,1.2,,,reviewed,nn,nn
2000-05-06T10:55:11.150Z,21.038,146.721,44.6,4.3,mb,,,,1.2,us,usp0009sfw,2014-11-07T01:10:04.412Z,"Mariana Islands region",earthquake,,,,5,reviewed,us,us
2000-05-06T10:09:24.100Z,-15.091,-178.032,389.9,3.8,mb,,,,1.04,us,usp0009sfv,2014-11-07T01:10:04.409Z,"86 km S of Alo, Wallis and Futuna",earthquake,,42,,4,reviewed,us,us
2000-05-06T10:03:00.230Z,34.564,-116.494,2.341,2.53,mc,0,48.8,0.1338,0.128,ci,ci9149681,2016-02-16T11:46:35.452Z,"35km WSW of Ludlow, California",earthquake,,0.69,,46,reviewed,ci,ci
2000-05-06T09:59:06.020Z,32.146,-114.949,5.981,2.51,mc,0,287.6,0.5268,0.301,ci,ci9149691,2016-02-16T00:02:02.791Z,"7km SE of Estacion Coahuila, B.C., MX",earthquake,,,,8,reviewed,ci,ci
2000-05-06T09:58:17.300Z,16.148,-98.636,20,3.9,md,,,,,us,usp0009sfu,2014-11-07T01:10:04.407Z,"29 km SW of Santiago Tepextla, Mexico",earthquake,,,,,reviewed,unm,unm
2000-05-06T09:12:05.400Z,44.528,7.255,12.4,2.5,ml,,,,,us,usp0009sft,2014-11-07T01:10:04.402Z,"4 km N of San Damiano Macra, Italy",earthquake,,,,,reviewed,gen,gen
2000-05-06T08:28:37.700Z,44.316,4.753,7,2.5,md,,,,,us,usp0009sfs,2014-11-07T01:10:04.399Z,"3 km WSW of Saint-Restitut, France",earthquake,,,,,reviewed,ldg,ldg
2000-05-06T07:54:25.320Z,19.408,-155.2658333,8.269,2.5,ml,10,166,,0.1,hv,hv1286896,2020-03-31T20:34:14.770Z,"5 km SW of Volcano, Hawaii",earthquake,1.3,0.88,,2,reviewed,hv,hv
2000-05-06T07:50:01.360Z,-25.007,178.349,555.6,4.8,mb,,,,0.93,us,usp0009sfr,2014-11-07T01:10:04.385Z,"south of the Fiji Islands",earthquake,,,,29,reviewed,us,us
2000-05-06T07:37:59.690Z,-7.388,128.492,142,4.4,mb,,,,0.91,us,usp0009sfq,2014-11-07T01:10:04.381Z,"206 km NE of Lospalos, Timor Leste",earthquake,,13,,6,reviewed,us,us
2000-05-06T06:29:33.500Z,-23.044,169.939,33,4.9,mb,,,,1.16,us,usp0009sfp,2014-11-07T01:10:04.371Z,"254 km E of Vao, New Caledonia",earthquake,,,,14,reviewed,us,us
2000-05-06T05:31:59.640Z,-16.138,-74.213,61.6,3.6,mb,,,,1.39,us,usp0009sfn,2014-11-07T01:10:04.369Z,"41 km SSE of Atiquipa, Peru",earthquake,,20.1,,2,reviewed,us,us
2000-05-06T03:33:34.040Z,38.735,70.124,60.6,3.4,mb,,,,0.95,us,usp0009sfk,2014-11-07T01:10:04.365Z,"20 km SE of Darband, Tajikistan",earthquake,,22.2,,1,reviewed,us,us
2000-05-06T03:08:40.480Z,41.604,79.487,60.7,4.4,mb,,,,0.81,us,usp0009sfj,2014-11-07T01:10:04.361Z,"81 km NW of Aksu, China",earthquake,,8.5,,8,reviewed,us,us
2000-05-06T01:08:03.620Z,-1.521,123.451,33,4,mb,,,,1.3,us,usp0009sfg,2014-11-07T01:10:04.357Z,"97 km SE of Luwuk, Indonesia",earthquake,,,,4,reviewed,us,us
2000-05-06T00:46:34.890Z,-5.414,153.431,71.3,3.9,mb,,,,0.56,us,usp0009sff,2014-11-07T01:10:04.355Z,"175 km SE of Kokopo, Papua New Guinea",earthquake,,15.1,,2,reviewed,us,us
2000-05-06T00:15:57.300Z,-1.194,123.657,33,4.6,mb,,,,1.33,us,usp0009sfe,2014-11-07T01:10:04.352Z,"100 km ESE of Luwuk, Indonesia",earthquake,,,,3,reviewed,us,us
2000-05-05T22:48:19.830Z,29.398,81.573,81.3,4.4,mb,,,,1.15,us,usp0009sfd,2014-11-07T01:10:04.351Z,"60 km WNW of Jumla, Nepal",earthquake,,25.8,,2,reviewed,us,us
2000-05-05T22:33:07.820Z,36.098,30.801,67.3,3.8,mb,,,,1.39,us,usp0009sfc,2014-11-07T01:10:04.348Z,"51 km SSE of Tekirova, Turkey",earthquake,,15.1,,10,reviewed,us,us
2000-05-05T22:02:35.960Z,46.7056667,-122.7856667,3.773,2.8,md,32,77,0.332,0.23,uw,uw10493253,2016-07-22T23:54:13.810Z,"12 km SSE of Bucoda, Washington",explosion,0.745,2.19,0.02,8,reviewed,uw,uw
2000-05-05T21:18:39.213Z,60.0413,-152.777,106.6,2.5,ml,,,,0.35,ak,ak0005sqbru9,2020-02-20T20:17:41.212Z,"59 km W of Happy Valley, Alaska",earthquake,,0.9,,,reviewed,ak,ak
2000-05-05T21:14:38.290Z,22.152,144.439,33,4.3,mb,,,,1.54,us,usp0009sfb,2014-11-07T01:10:04.345Z,"Volcano Islands, Japan region",earthquake,,,,2,reviewed,us,us
2000-05-05T20:42:00.630Z,44.027,13.27,10,4.2,mb,,,,,us,usp0009sfa,2014-11-07T01:10:04.316Z,"28 km NNE of Ponte Sasso, Italy",earthquake,,,,2,reviewed,rom,us
2000-05-05T20:23:51.460Z,38.604,70.286,22.2,3.6,mb,,,,0.6,us,usp0009sf9,2014-11-07T01:10:04.314Z,"40 km SE of Darband, Tajikistan",earthquake,,42,,2,reviewed,us,us
2000-05-05T19:41:26.860Z,30.419,131.102,41.1,3.6,mb,,,,1,us,usp0009sf8,2014-11-07T01:10:04.310Z,"36 km SSE of Nishinoomote, Japan",earthquake,,10,,2,reviewed,us,us
2000-05-05T19:31:26.120Z,-1.112,123.443,87.9,4.7,mb,,,,1.25,us,usp0009sf7,2014-11-07T01:10:04.306Z,"75 km ESE of Luwuk, Indonesia",earthquake,,12.9,,9,reviewed,us,us
2000-05-05T17:58:33.810Z,40.3791667,-125.6931667,4.699,2.54,md,7,323,1.178,0.04,nc,nc21095717,2016-12-31T10:44:17.207Z,"123 km W of Ferndale, California",earthquake,6.13,4.98,0.12,2,reviewed,nc,nc
2000-05-05T17:27:56.310Z,29.484,52.962,33,3.6,mb,,,,0.84,us,usp0009sf3,2014-11-07T01:10:04.300Z,"31 km NE of Akbar?b?d, Iran",earthquake,,,,3,reviewed,us,us
2000-05-05T17:07:38.870Z,52.684,-34.665,10,4.1,mb,,,,0.93,us,usp0009sf2,2014-11-07T01:10:04.296Z,"Reykjanes Ridge",earthquake,,,,13,reviewed,us,us
2000-05-05T15:17:22.960Z,-36.361,-72.082,69.3,3.2,md,,,,,us,usp0009sf1,2014-11-07T01:10:04.294Z,"13 km WNW of San Carlos, Chile",earthquake,,,,,reviewed,guc,guc
2000-05-05T15:08:30.120Z,18.845,-66.767,7,2.8,md,,,,,us,usp0009sf0,2014-11-07T01:10:04.292Z,"40 km N of Hatillo, Puerto Rico",earthquake,,,,,reviewed,rspr,rspr
2000-05-05T14:54:12.240Z,50.587,154.014,231.4,4.3,mb,,,,0.99,us,usp0009sey,2014-11-07T01:10:04.289Z,"149 km W of Severo-Kuril’sk, Russia",earthquake,,13.7,,1,reviewed,us,us
2000-05-05T14:34:45.880Z,11.942,-86.167,168.4,4.1,md,,,,1.51,us,usp0009sex,2014-11-07T01:10:04.286Z,"2 km ENE of La Concepción, Nicaragua",earthquake,,9.8,,,reviewed,us,casc
2000-05-05T14:30:57.150Z,37.016,69.884,51.1,4.2,mb,,,,1.43,us,usp0009sew,2014-11-07T01:10:04.283Z,"13 km SSE of Rust?q, Afghanistan",earthquake,,13.6,,4,reviewed,us,us
2000-05-05T14:06:33.820Z,44.408,11.91,10,2.9,ml,,,,0.81,us,usp0009sev,2014-11-07T01:10:04.281Z,"1 km S of Lugo, Italy",earthquake,,,,,reviewed,us,ldg
2000-05-05T14:02:18.120Z,44.364,11.817,10,3.2,ml,,,,1.08,us,usp0009seu,2014-11-07T01:10:04.277Z,"2 km WNW of Solarolo, Italy",earthquake,,,,,reviewed,us,vie
2000-05-05T13:53:01.150Z,-9.202,123.559,96.3,4.9,mb,,,,1.31,us,usp0009set,2014-11-07T01:10:04.273Z,"49 km NNW of Naisano Dua, Indonesia",earthquake,,12,,14,reviewed,us,us
2000-05-05T13:24:46.720Z,44.343,11.87,10,3.7,mb,,,,1.25,us,usp0009ser,2014-11-07T01:10:04.262Z,"2 km SE of Solarolo, Italy",earthquake,,,,1,reviewed,us,us
2000-05-05T13:12:10.950Z,-1.374,123.264,56,4.2,mb,,,,1.16,us,usp0009seq,2014-11-07T01:10:04.260Z,"70 km SE of Luwuk, Indonesia",earthquake,,23.5,,3,reviewed,us,us
2000-05-05T11:15:18.700Z,15.536,-95.955,41.6,4,md,,,,,us,usp0009sen,2014-11-07T01:10:04.257Z,"32 km SE of Crucecita, Mexico",earthquake,,,,,reviewed,unm,unm
2000-05-05T10:27:00.200Z,32.178,-115.077,5.981,2.74,ml,0,240.7,0.565,0.342,ci,ci9149597,2016-02-16T07:05:21.510Z,"7km WSW of Estacion Coahuila, B.C., MX",earthquake,,,,43,reviewed,ci,ci
2000-05-05T10:16:57.080Z,14.067,-60.435,10,3,md,,,,,us,usp0009sem,2014-11-07T01:10:04.256Z,"52 km ENE of Dennery, Saint Lucia",earthquake,,,,,reviewed,trn,trn
2000-05-05T10:16:36.710Z,-1.577,136.669,33,4.3,mb,,,,1.31,us,usp0009sek,2014-11-07T01:10:04.253Z,"78 km SE of Biak, Indonesia",earthquake,,,,3,reviewed,us,us
2000-05-05T10:09:57.470Z,12.71,143.746,81.4,5,mb,,,,0.87,us,usp0009sej,2014-11-07T01:10:04.244Z,"117 km WSW of Merizo Village, Guam",earthquake,,9.4,,17,reviewed,us,us
2000-05-05T10:03:59.940Z,32.174,-115.08,5.963,2.61,ml,0,248.9,0.5693,0.256,ci,ci9149583,2016-02-16T07:05:20.066Z,"8km WSW of Estacion Coahuila, B.C., MX",earthquake,,,,33,reviewed,ci,ci
2000-05-05T09:56:15.900Z,52.627,160.661,33,3.6,ms,,,,1.26,us,usp0009seh,2014-11-07T01:10:04.240Z,"143 km ESE of Petropavlovsk-Kamchatsky, Russia",earthquake,,,,1,reviewed,us,us
2000-05-05T09:29:00.250Z,35.93,30.49,10,3.4,mb,,,,,us,usp0009seg,2014-11-07T01:10:04.237Z,"47 km SSE of Beykonak, Turkey",earthquake,,,,1,reviewed,isk,us
2000-05-05T09:04:05.400Z,17.678,147.604,33,4.2,mb,,,,1.16,us,usp0009sef,2014-11-07T01:10:04.232Z,"Mariana Islands region",earthquake,,,,1,reviewed,us,us
2000-05-05T08:42:08.150Z,48.545,154.272,33,4,mb,,,,0.61,us,usp0009see,2014-11-07T01:10:04.121Z,"272 km SSW of Severo-Kuril’sk, Russia",earthquake,,,,2,reviewed,us,us
2000-05-05T07:53:07.380Z,17.534,147.553,33,4.9,mb,,,,0.83,us,usp0009sed,2014-11-07T01:10:04.096Z,"Mariana Islands region",earthquake,,,,33,reviewed,us,us
2000-05-05T06:45:00.900Z,4.099,-32.542,10,3.8,mb,,,,0.57,us,usp0009sec,2014-11-07T01:10:04.094Z,"central Mid-Atlantic Ridge",earthquake,,,,2,reviewed,us,us
2000-05-05T06:38:20.080Z,17.532,147.555,48.1,4.4,mb,,,,0.86,us,usp0009seb,2014-11-07T01:10:04.090Z,"Mariana Islands region",earthquake,,,,4,reviewed,us,us
2000-05-05T05:24:26.520Z,-1.215,123.359,33,5.7,mwc,,,,1.29,us,usp0009se9,2022-04-29T19:46:44.580Z,"69 km ESE of Luwuk, Indonesia",earthquake,,,,,reviewed,us,hrv
2000-05-05T05:02:07.760Z,-1.344,123.424,25.2,4.1,mb,,,,1.02,us,usp0009se8,2014-11-07T01:10:04.046Z,"83 km ESE of Luwuk, Indonesia",earthquake,,,,5,reviewed,us,us
2000-05-05T05:00:04.800Z,17.033,-100.06,26.4,3.9,md,,,,,us,usp0009se7,2014-11-07T01:10:04.044Z,"0 km SE of Aguas Blancas, Mexico",earthquake,,,,,reviewed,unm,unm
2000-05-05T04:52:41.390Z,10.656,-62.479,58,3.7,md,,,,,us,usp0009se6,2014-11-07T01:10:04.042Z,"21 km WNW of Güiria, Venezuela",earthquake,,,,,reviewed,trn,trn
2000-05-05T04:52:13.570Z,60.396,3.028,10,4.5,mb,,,,1.3,us,usp0009se5,2014-11-07T01:10:04.039Z,"101 km WSW of Fedje, Norway",earthquake,,,,10,reviewed,us,us
2000-05-05T04:43:14.660Z,15.397,-61.193,141,4.1,mb,,,,,us,usp0009se3,2014-11-07T01:10:04.033Z,"8 km ENE of Rosalie, Dominica",earthquake,,,,6,reviewed,trn,us
2000-05-05T04:42:17.100Z,46.019,14.799,10,2.5,ml,,,,1,us,usp0009se2,2014-11-07T01:10:04.031Z,"4 km SW of Šmartno pri Litiji, Slovenia",earthquake,,,,,reviewed,us,vie
2000-05-05T04:35:24.990Z,-11.321,117.439,45.9,4.6,mb,,,,0.78,us,usp0009se1,2014-11-07T01:10:04.028Z,"south of Sumbawa, Indonesia",earthquake,,25.5,,5,reviewed,us,us
2000-05-05T03:43:36.340Z,19.1941667,-155.6458333,6.351,3.07,ml,33,107,,0.16,hv,hv1286769,2020-03-31T20:34:09.060Z,"14 km NNW of Wai‘?hinu, Hawaii",earthquake,0.54,0.77,0.06,10,reviewed,hv,hv
2000-05-05T03:40:04.430Z,-1.065,123.734,33,4.5,mb,,,,1.09,us,usp0009sdx,2014-11-07T01:10:04.018Z,"106 km E of Luwuk, Indonesia",earthquake,,,,6,reviewed,us,us
2000-05-05T03:35:42.370Z,-5.606,152.579,33,4.4,mb,,,,1.29,us,usp0009sdw,2014-11-07T01:10:04.016Z,"143 km SSE of Kokopo, Papua New Guinea",earthquake,,,,2,reviewed,us,us
2000-05-05T02:52:58.600Z,17.573,147.589,46.7,3.9,mb,,,,1.4,us,usp0009sdu,2014-11-07T01:10:04.013Z,"Mariana Islands region",earthquake,,,,2,reviewed,us,us
2000-05-05T01:28:30.860Z,51.99,-176.012,143.8,3.7,mb,,,,1.04,us,usp0009sdt,2020-02-20T20:15:15.148Z,"44 km ENE of Adak, Alaska",earthquake,,9.3,,1,reviewed,us,us
2000-05-05T01:27:54.340Z,-1.079,123.497,33,4.5,mb,,,,1.2,us,usp0009sds,2014-11-07T01:10:04.007Z,"80 km E of Luwuk, Indonesia",earthquake,,,,8,reviewed,us,us
2000-05-05T00:56:33.690Z,37.433,-31.85,10,4.7,mb,,,,1.22,us,usp0009sdr,2014-11-07T01:10:04.001Z,"223 km SSW of Lajes das Flores, Portugal",earthquake,,,,12,reviewed,us,us
2000-05-05T00:47:17.370Z,17.703,147.717,33,3.8,mb,,,,1.1,us,usp0009sdq,2014-11-07T01:10:03.998Z,"Mariana Islands region",earthquake,,,,2,reviewed,us,us
2000-05-05T00:31:00.360Z,17.541,147.495,33,5.2,mwc,,,,0.88,us,usp0009sdp,2025-12-19T22:43:23.844Z,"Mariana Islands region",earthquake,,,,,reviewed,us,hrv
2000-05-04T23:36:06.780Z,-1.578,123.436,33,4.3,mb,,,,0.75,us,usp0009sdk,2014-11-07T01:10:03.980Z,"100 km SE of Luwuk, Indonesia",earthquake,,,,1,reviewed,us,us
2000-05-04T23:31:36.410Z,41.941,-126.584,10,4.3,mb,,,,0.85,us,usp0009sdj,2014-11-07T01:10:03.974Z,"184 km WSW of Pistol River, Oregon",earthquake,,,,6,reviewed,us,us
2000-05-04T23:30:54.840Z,32.154,-115.107,5.963,3.57,ml,0,242.1,0.5925,0.436,ci,ci9149517,2016-04-02T07:16:41.014Z,"10km SE of Alberto Oviedo Mota, B.C., MX",earthquake,,,,89,reviewed,ci,ci
2000-05-04T23:28:24.300Z,38.55,21.97,41,2.8,md,,,,,us,usp0009sdg,2014-11-07T01:10:03.970Z,"20 km W of Lidoríki, Greece",earthquake,,,,,reviewed,ath,ath
2000-05-04T23:24:37.830Z,17.513,147.629,33,5.5,mwc,,,,1,us,usp0009sdf,2022-04-29T18:38:08.386Z,"Mariana Islands region",earthquake,,,,,reviewed,us,hrv
2000-05-04T22:57:55.590Z,44.16,9.692,10,2.8,ml,,,,0.71,us,usp0009sde,2014-11-07T01:10:03.934Z,"2 km NNE of Vernazza, Italy",earthquake,,,,,reviewed,us,gen
2000-05-04T22:45:37.460Z,2.808,126.459,33,4.3,mb,,,,1.42,us,usp0009sdd,2014-11-07T01:10:03.932Z,"209 km NW of Tobelo, Indonesia",earthquake,,,,4,reviewed,us,us
2000-05-04T22:08:16.810Z,12.416,142.59,33,4.6,mb,,,,1.14,us,usp0009sdc,2014-11-07T01:10:03.929Z,"244 km WSW of Merizo Village, Guam",earthquake,,,,4,reviewed,us,us
2000-05-04T22:02:05.890Z,32.154,-115.076,5.963,2.82,ml,0,251.6,0.5886,0.254,ci,ci9149505,2016-02-16T21:35:07.865Z,"8km WSW of Estacion Coahuila, B.C., MX",earthquake,,,,37,reviewed,ci,ci
2000-05-04T21:50:13.900Z,34.75,25.66,5,3.7,md,,,,,us,usp0009sda,2014-11-07T01:10:03.926Z,"28 km S of Néa Anatolí, Greece",earthquake,,,,,reviewed,ath,ath
2000-05-04T21:28:47.690Z,17.538,147.655,33,4.7,mb,,,,0.97,us,usp0009sd9,2014-11-07T01:10:03.922Z,"Mariana Islands region",earthquake,,,,19,reviewed,us,us
2000-05-04T21:12:19.490Z,-0.887,123.732,33,4.4,mb,,,,1.09,us,usp0009sd8,2014-11-07T01:10:03.920Z,"105 km E of Luwuk, Indonesia",earthquake,,,,1,reviewed,us,us
2000-05-04T20:42:41.330Z,11.286,-61.745,10,2.7,md,,,,,us,usp0009sd7,2014-11-07T01:10:03.919Z,"68 km NNW of Petit Valley, Trinidad and Tobago",earthquake,,,,,reviewed,trn,trn
2000-05-04T20:36:32.480Z,-17.914,-178.522,515.8,6.5,mwc,,,,0.94,us,usp0009sd5,2022-04-29T18:38:06.621Z,"229 km E of Levuka, Fiji",earthquake,,,,,reviewed,us,hrv
2000-05-04T20:19:14.030Z,43.659,-105.192,0,3.2,ml,5,,,0.76,rusms,rusms00001908,2022-06-09T21:12:02.323Z,"26 km ESE of Wright, Wyoming",explosion,,,,,reviewed,us,us
2000-05-04T19:53:36.220Z,33.9503333,-117.1995,13.307,2.67,ml,51,31,,0.2,ci,ci9149489,2016-04-01T22:15:27.499Z,"4km NE of Moreno Valley, CA",earthquake,0.23,0.45,0.243,68,reviewed,ci,ci
2000-05-04T19:41:02.210Z,-1.51,123.417,33,4.1,mb,,,,1.47,us,usp0009sd4,2014-11-07T01:10:03.866Z,"93 km SE of Luwuk, Indonesia",earthquake,,,,3,reviewed,us,us
2000-05-04T19:13:26.100Z,35.65,27.53,5,3.8,md,,,,,us,usp0009sd3,2014-11-07T01:10:03.865Z,"32 km ENE of Karpathos, Greece",earthquake,,,,,reviewed,ath,ath
2000-05-04T18:09:30.830Z,33.108,-109.413,0,2.5,ml,6,,,0.49,rusms,rusms00001907,2022-06-09T21:12:02.318Z,"5 km NW of Morenci, Arizona",explosion,,,,,reviewed,us,us
2000-05-04T17:56:10.470Z,-1.207,123.4,33,4.9,mb,,,,1.37,us,usp0009sd2,2014-11-07T01:10:03.838Z,"73 km ESE of Luwuk, Indonesia",earthquake,,,,27,reviewed,us,us
2000-05-04T17:46:42.570Z,-8.885,-79.436,33,4,mb,,,,0.67,us,usp0009sd1,2014-11-07T01:10:03.837Z,"85 km SW of Victor Raul, Peru",earthquake,,,,3,reviewed,us,us
2000-05-04T17:42:19.080Z,-1.618,123.431,33,4.9,mb,,,,1.32,us,usp0009sd0,2014-11-07T01:10:03.830Z,"102 km SE of Luwuk, Indonesia",earthquake,,,,25,reviewed,us,us
2000-05-04T17:39:43.220Z,19.008,-66.815,45.4,3.1,md,,,,,us,usp0009scz,2014-11-07T01:10:03.828Z,"57 km N of Hatillo, Puerto Rico",earthquake,,,,,reviewed,rspr,rspr
2000-05-04T17:13:24.008Z,57.6951,-154.2456,57.6,3,ml,,,,0.42,ak,ak0005r0dl68,2020-02-20T20:17:44.863Z,"18 km NE of Karluk, Alaska",earthquake,,1.4,,,reviewed,ak,ak
2000-05-04T17:01:40.400Z,34.048,-117.256,16.111,2.77,ml,50,25,,0.2,ci,ci9149480,2016-04-02T01:30:30.781Z,"0km E of Loma Linda, CA",earthquake,0.28,0.54,0.218,64,reviewed,ci,ci
2000-05-04T16:21:42.320Z,40.734,-126.541,10,4,ml,,,,0.86,us,usp0009scw,2016-12-31T10:41:35.773Z,"193 km W of Ferndale, California",earthquake,,,,,reviewed,us,brk
2000-05-04T16:21:16.820Z,43.337,146.647,71.9,3.5,mb,,,,1,us,usp0009scv,2014-11-07T01:10:03.814Z,"51 km S of Shikotan, Russia",earthquake,,,,1,reviewed,us,us
2000-05-04T15:29:50.800Z,-40.18,174.31,91,4.3,ml,,,,,us,usp0009scu,2014-11-07T01:10:03.812Z,"49 km SSW of Patea, New Zealand",earthquake,,,,,reviewed,wel,wel
2000-05-04T15:23:37.910Z,50.53,13.717,10,3.2,ml,,,,0.51,us,usp0009sct,2014-11-07T01:10:03.810Z,"1 km SE of Bra?any, Czechia",earthquake,,,,,reviewed,us,vie
2000-05-04T15:03:25.430Z,-1.208,123.391,33,4.6,mb,,,,1.22,us,usp0009scs,2014-11-07T01:10:03.808Z,"72 km ESE of Luwuk, Indonesia",earthquake,,,,9,reviewed,us,us
2000-05-04T14:50:53.590Z,-1.14,123.49,33,4.4,mb,,,,1.33,us,usp0009scr,2014-11-07T01:10:03.805Z,"80 km ESE of Luwuk, Indonesia",earthquake,,,,6,reviewed,us,us
2000-05-04T14:24:25.180Z,51.438,-178.493,33,5.6,mwc,,,,0.9,us,usp0009scq,2022-04-29T18:38:00.984Z,"137 km WSW of Adak, Alaska",earthquake,,,,,reviewed,us,hrv
2000-05-04T14:08:14.040Z,-1.024,123.28,33,4.6,mb,,,,1.04,us,usp0009scp,2014-11-07T01:10:03.734Z,"55 km E of Luwuk, Indonesia",earthquake,,,,9,reviewed,us,us
2000-05-04T13:38:51.000Z,37.81,21,5,3.4,md,,,,,us,usp0009scn,2014-11-07T01:10:03.732Z,"9 km ENE of Zakynthos, Greece",earthquake,,,,,reviewed,ath,ath
2000-05-04T12:12:31.440Z,61.594,-151.5196,79.6,4.4,mb,,,,0.7,ak,ak0005qxe808,2020-02-20T20:17:46.628Z,"44 km S of Skwentna, Alaska",earthquake,,0.2,,,reviewed,ak,ak
2000-05-04T12:01:47.630Z,-1.379,123.357,33,4.8,mb,,,,1.28,us,usp0009sck,2014-11-07T01:10:03.649Z,"79 km SE of Luwuk, Indonesia",earthquake,,,,12,reviewed,us,us
2000-05-04T11:52:57.960Z,-33.825,-71.406,47,3.1,md,,,,,us,usp0009scj,2014-11-07T01:10:03.646Z,"23 km SW of Melipilla, Chile",earthquake,,,,,reviewed,guc,guc
2000-05-04T11:50:09.570Z,-33.796,-71.4,46.8,3.6,md,,,,,us,usp0009sch,2014-11-07T01:10:03.643Z,"20 km SW of Melipilla, Chile",earthquake,,,,,reviewed,guc,guc
2000-05-04T11:40:33.960Z,-33.806,-71.402,46.8,3.1,md,,,,,us,usp0009scg,2014-11-07T01:10:03.506Z,"21 km SW of Melipilla, Chile",earthquake,,,,,reviewed,guc,guc
2000-05-04T11:39:38.670Z,-1.565,123.523,33,4.8,mb,,,,1.39,us,usp0009scf,2014-11-07T01:10:03.475Z,"106 km SE of Luwuk, Indonesia",earthquake,,,,11,reviewed,us,us
2000-05-04T11:35:22.530Z,-33.811,-71.412,46,2.8,md,,,,,us,usp0009sce,2014-11-07T01:10:03.422Z,"22 km SW of Melipilla, Chile",earthquake,,,,,reviewed,guc,guc
2000-05-04T11:19:49.290Z,-33.807,-71.407,45.5,2.9,md,,,,,us,usp0009scd,2014-11-07T01:10:03.355Z,"22 km SW of Melipilla, Chile",earthquake,,,,,reviewed,guc,guc
2000-05-04T11:16:07.930Z,-33.813,-71.4,45.7,2.9,md,,,,,us,usp0009scc,2014-11-07T01:10:03.353Z,"21 km SW of Melipilla, Chile",earthquake,,,,,reviewed,guc,guc
2000-05-04T11:12:49.340Z,-33.783,-71.412,42.3,3.6,md,,,,,us,usp0009scb,2014-11-07T01:10:03.351Z,"20 km WSW of Melipilla, Chile",earthquake,,,,,reviewed,guc,guc
2000-05-04T11:10:22.620Z,-1.158,123.475,33,4.8,mb,,,,1.37,us,usp0009sca,2014-11-07T01:10:03.348Z,"79 km ESE of Luwuk, Indonesia",earthquake,,,,9,reviewed,us,us
2000-05-04T10:15:28.912Z,57.5561,-155.5574,61.6,3.1,ml,,,,0.59,ak,ak0005qw7zqz,2020-02-20T20:17:43.205Z,"65 km W of Karluk, Alaska",earthquake,,0.8,,,reviewed,ak,ak
2000-05-04T09:55:51.430Z,-1.534,123.511,33,4.7,mb,,,,1.07,us,usp0009sc7,2014-11-07T01:10:03.338Z,"103 km SE of Luwuk, Indonesia",earthquake,,,,4,reviewed,us,us
2000-05-04T08:31:16.570Z,-4.162,128.581,33,4.2,mb,,,,0.9,us,usp0009sc6,2014-11-07T01:10:03.337Z,"67 km SE of Ambon, Indonesia",earthquake,,,,1,reviewed,us,us
2000-05-04T08:30:31.810Z,43.228,149.397,33,4.6,mb,,,,1.29,us,usp0009sc5,2014-11-07T01:10:03.334Z,"225 km ESE of Shikotan, Russia",earthquake,,,,3,reviewed,us,us
2000-05-04T08:12:11.390Z,32.187,-115.063,5.963,3,mc,0,240.3,0.5545,0.274,ci,ci9149417,2016-04-02T13:39:46.011Z,"6km W of Estacion Coahuila, B.C., MX",earthquake,,,,10,reviewed,ci,ci
2000-05-04T08:06:32.030Z,-33.807,-71.412,47.3,2.9,md,,,,,us,usp0009sc3,2014-11-07T01:10:03.330Z,"22 km SW of Melipilla, Chile",earthquake,,,,,reviewed,guc,guc
2000-05-04T08:04:13.590Z,-1.425,123.474,33,4.7,mb,,,,1.33,us,usp0009sc2,2014-11-07T01:10:03.326Z,"92 km SE of Luwuk, Indonesia",earthquake,,,,6,reviewed,us,us
2000-05-04T08:01:42.310Z,-1.372,123.584,33,4.1,mb,,,,0.73,us,usp0009sc1,2014-11-07T01:10:03.324Z,"100 km ESE of Luwuk, Indonesia",earthquake,,,,2,reviewed,us,us
2000-05-04T07:58:17.220Z,-1.15,123.395,33,4.9,mb,,,,1.37,us,usp0009sc0,2014-11-07T01:10:03.317Z,"71 km ESE of Luwuk, Indonesia",earthquake,,,,15,reviewed,us,us
2000-05-04T07:42:15.980Z,36.632,-113.055,5,2.9,ml,,,,0.62,us,usp0009sbz,2014-11-07T01:10:03.315Z,"36 km S of Centennial Park, Arizona",earthquake,,,,,reviewed,us,us
2000-05-04T07:36:17.070Z,-33.799,-71.412,45.8,3.1,md,,,,,us,usp0009sby,2014-11-07T01:10:03.272Z,"21 km WSW of Melipilla, Chile",earthquake,,,,,reviewed,guc,guc
2000-05-04T07:24:59.990Z,-1.356,123.43,33,5,mb,,,,1.45,us,usp0009sbx,2014-11-07T01:10:03.164Z,"84 km ESE of Luwuk, Indonesia",earthquake,,,,18,reviewed,us,us
2000-05-04T06:55:52.460Z,-1.331,123.659,33,4.2,mb,,,,1.44,us,usp0009sbv,2014-11-07T01:10:03.160Z,"105 km ESE of Luwuk, Indonesia",earthquake,,,,2,reviewed,us,us
2000-05-04T06:48:48.870Z,-1.312,123.38,33,4.4,mb,,,,1.29,us,usp0009sbu,2014-11-07T01:10:03.158Z,"77 km ESE of Luwuk, Indonesia",earthquake,,,,3,reviewed,us,us
2000-05-04T06:29:55.920Z,-1.454,123.41,33,4.5,mb,,,,1.46,us,usp0009sbt,2014-11-07T01:10:03.156Z,"88 km SE of Luwuk, Indonesia",earthquake,,,,1,reviewed,us,us
2000-05-04T06:27:29.890Z,-1.324,123.266,33,4.1,mb,,,,1.38,us,usp0009sbs,2014-11-07T01:10:03.154Z,"67 km SE of Luwuk, Indonesia",earthquake,,,,2,reviewed,us,us
2000-05-04T06:26:35.670Z,32.164,-115.071,5.981,2.75,mc,0,242.5,0.5781,0.392,ci,ci9149427,2016-02-16T21:35:04.887Z,"7km WSW of Estacion Coahuila, B.C., MX",earthquake,,,,12,reviewed,ci,ci
2000-05-04T06:22:57.990Z,32.148,-115.066,5.981,2.77,ml,0,244.5,0.5933,0.321,ci,ci9149423,2016-02-16T19:05:00.245Z,"8km SW of Estacion Coahuila, B.C., MX",earthquake,,,,32,reviewed,ci,ci
2000-05-04T06:06:27.380Z,-1.133,123.711,33,5,mb,,,,1.18,us,usp0009sbr,2014-11-07T01:10:03.144Z,"104 km E of Luwuk, Indonesia",earthquake,,,,19,reviewed,us,us
2000-05-04T05:56:19.450Z,-1.392,123.448,33,5.1,mb,,,,1.21,us,usp0009sbq,2022-04-29T19:16:14.586Z,"88 km ESE of Luwuk, Indonesia",earthquake,,,,19,reviewed,us,us
2000-05-04T05:07:54.700Z,-1.404,123.724,33,4.5,mb,,,,1.52,us,usp0009sbn,2014-11-07T01:10:03.128Z,"115 km ESE of Luwuk, Indonesia",earthquake,,,,1,reviewed,us,us
2000-05-04T04:50:52.970Z,-1.656,123.492,33,5.4,mb,,,,1.31,us,usp0009sbm,2014-11-07T01:10:03.114Z,"110 km SE of Luwuk, Indonesia",earthquake,,,,17,reviewed,us,us
2000-05-04T04:40:01.480Z,-0.846,123.307,33,4.9,mb,,,,0.48,us,usp0009sbj,2014-11-07T01:10:03.109Z,"58 km ENE of Luwuk, Indonesia",earthquake,,,,1,reviewed,us,us
2000-05-04T04:21:16.210Z,-1.105,123.573,26,7.6,mwc,,,,1.14,us,usp0009sbh,2022-04-29T19:16:21.382Z,"89 km E of Luwuk, Indonesia",earthquake,,,,,reviewed,us,hrv
2000-05-04T04:17:57.490Z,34.514,32.302,25,3.4,ml,,,,,us,usp0009sbg,2014-11-07T01:10:02.855Z,"30 km SSW of Koloni, Cyprus",earthquake,,,,,reviewed,css,css
2000-05-04T03:01:34.060Z,51.5,-173.889,33,4.5,mb,,,,0.9,us,usp0009sbe,2020-02-20T20:15:15.453Z,"80 km SSE of Atka, Alaska",earthquake,,,,37,reviewed,us,us
2000-05-04T02:23:25.530Z,40.3863333,-125.0018333,0.535,2.69,md,32,261,0.5153,0.23,nc,nc21095351,2016-12-31T10:40:33.857Z,"66 km WSW of Ferndale, California",earthquake,1.64,2.97,0.11,11,reviewed,nc,nc
2000-05-04T02:17:58.090Z,17.802,-65.624,3.3,3.3,md,,,,,us,usp0009sbd,2014-11-07T01:10:02.830Z,"35 km SE of Emajagua, Puerto Rico",earthquake,,,,,reviewed,rspr,rspr
2000-05-04T02:02:20.760Z,32.18,-115.097,5.963,2.69,mc,0,252.7,0.5656,0.338,ci,ci9149395,2016-02-17T02:29:29.363Z,"9km SE of Alberto Oviedo Mota, B.C., MX",earthquake,,,,7,reviewed,ci,ci
2000-05-04T02:02:06.130Z,33.771,132.303,58.6,4.3,mb,,,,0.73,us,usp0009sbc,2014-11-07T01:10:02.827Z,"27 km SE of Yanai, Japan",earthquake,,12,,1,reviewed,us,us
2000-05-04T02:00:59.690Z,29.967,79.988,33,3.5,mb,,,,0.78,us,usp0009sbb,2014-11-07T01:10:02.824Z,"25 km NE of B?geshwar, India",earthquake,,,,1,reviewed,us,us
2000-05-04T01:44:36.610Z,27.889,91.543,33,3.7,mb,,,,0.6,us,usp0009sba,2014-11-07T01:10:02.822Z,"31 km N of Trashi Yangtse, Bhutan",earthquake,,,,2,reviewed,us,us
2000-05-04T01:32:12.100Z,38.75,26.34,24,3.5,mb,,,,,us,usp0009sb9,2014-11-07T01:10:02.817Z,"19 km NW of Karaburun, Turkey",earthquake,,,,2,reviewed,ath,us
2000-05-04T01:02:30.700Z,-37.058,178.555,186,4.5,mb,,,,1.14,us,usp0009sb7,2014-11-07T01:10:02.810Z,"153 km NE of Opotiki, New Zealand",earthquake,,7.7,,6,reviewed,us,us
2000-05-04T00:23:53.300Z,38.34,21.99,5,3.2,md,,,,,us,usp0009sb6,2014-11-07T01:10:02.807Z,"4 km N of Kamárai, Greece",earthquake,,,,,reviewed,ath,ath
2000-05-04T00:08:34.180Z,15.06,-60.296,10,3.2,md,,,,0.35,us,usp0009sb5,2014-11-07T01:10:02.803Z,"80 km ENE of La Trinité, Martinique",earthquake,,,,,reviewed,us,trn
2000-05-04T00:03:14.900Z,39.47,20.62,27,3,md,,,,,us,usp0009sb4,2014-11-07T01:10:02.801Z,"9 km E of Paramythiá, Greece",earthquake,,,,,reviewed,ath,ath
2000-05-03T23:36:57.300Z,38.45,21.98,28,3.1,ml,,,,,us,usp0009sb2,2014-11-07T01:10:02.797Z,"14 km ENE of Náfpaktos, Greece",earthquake,,,,,reviewed,ath,ath
2000-05-03T22:17:18.440Z,28.803,54.802,33,4.3,mb,,,,1.29,us,usp0009sb1,2014-11-07T01:10:02.789Z,"25 km ENE of D?r?b, Iran",earthquake,,,,18,reviewed,us,us
2000-05-03T22:03:56.820Z,46.7533333,-122.8,6.153,2.7,md,29,81,0.3197,0.26,uw,uw10492513,2022-06-09T21:12:02.315Z,"7 km SE of Bucoda, Washington",explosion,0.05,0.16,0.03,5,reviewed,uw,uw
2000-05-03T21:33:13.520Z,32.897,-109.277,0,3,ml,7,,,0.92,rusms,rusms00001905,2022-06-09T21:12:02.310Z,"6 km W of York, Arizona",explosion,,,,,reviewed,us,us
2000-05-03T21:28:51.170Z,35.095,-118.3086667,7.404,2.89,ml,54,26,0.2255,0.27,ci,ci9149386,2016-04-02T18:12:18.355Z,"13km WNW of Mojave, CA",earthquake,0.24,1.04,0.219,66,reviewed,ci,ci
2000-05-03T21:06:33.970Z,38.8438333,-122.804,0.531,2.61,md,44,49,0.03694,0.05,nc,nc21095268,2016-12-31T10:39:17.580Z,"Northern California",earthquake,0.12,0.27,0.1,42,reviewed,nc,nc
2000-05-03T20:56:24.770Z,22.175,143.863,123,4.2,mb,,,,1,us,usp0009saz,2014-11-07T01:10:02.781Z,"Volcano Islands, Japan region",earthquake,,,,3,reviewed,us,us
2000-05-03T20:47:33.090Z,51.449,16.066,5,3,ml,,,,0.91,us,usp0009say,2014-11-07T01:10:02.778Z,"6 km S of Polkowice, Poland",earthquake,,,,,reviewed,us,vie
2000-05-03T20:47:06.740Z,40.3671667,-125.6055,4.802,2.76,md,17,304,0.9757,0.08,nc,nc21095266,2016-12-31T10:39:07.714Z,"116 km WSW of Ferndale, California",earthquake,5.79,10.32,0.15,11,reviewed,nc,nc
2000-05-03T20:38:22.150Z,47.986,84.682,33,3.8,mb,,,,0.44,us,usp0009sax,2014-11-07T01:10:02.775Z,"45 km NE of T?ghyl, Kazakhstan",earthquake,,,,2,reviewed,us,us
2000-05-03T20:16:42.360Z,46.299,12.381,10,2.6,ml,,,,1.07,us,usp0009saw,2014-11-07T01:10:02.770Z,"2 km NNE of Erto, Italy",earthquake,,,,,reviewed,us,vie
2000-05-03T20:15:39.440Z,-36.331,-72.14,69.1,3.3,mb,,,,,us,usp0009sav,2014-11-07T01:10:02.765Z,"19 km WNW of San Carlos, Chile",earthquake,,,,1,reviewed,guc,us
2000-05-03T20:08:59.690Z,11.421,-61.353,27,3.4,mb,,,,,us,usp0009sau,2014-11-07T01:10:02.763Z,"72 km WNW of Scarborough, Trinidad and Tobago",earthquake,,,,1,reviewed,trn,us
2000-05-03T20:07:00.500Z,38.36,22.01,21,3.2,ml,,,,,us,usp0009sat,2014-11-07T01:10:02.760Z,"6 km N of Kamárai, Greece",earthquake,,,,,reviewed,ath,ath
2000-05-03T19:58:43.770Z,32.144,-115.083,5.963,2.51,mc,0,252.6,0.5992,0.188,ci,ci9149364,2016-02-17T02:29:25.463Z,"10km SW of Estacion Coahuila, B.C., MX",earthquake,,,,8,reviewed,ci,ci
2000-05-03T19:42:57.600Z,38.41,22,35,3.1,md,,,,,us,usp0009sar,2014-11-07T01:10:02.756Z,"12 km N of Kamárai, Greece",earthquake,,,,,reviewed,ath,ath
2000-05-03T19:20:54.050Z,17.436,147.633,44.7,3.7,mb,,,,0.92,us,usp0009sap,2014-11-07T01:10:02.750Z,"Mariana Islands region",earthquake,,,,1,reviewed,us,us
2000-05-03T19:04:12.370Z,45.798,7.155,0.2,3,ml,,,,,us,usp0009san,2014-11-07T01:10:02.735Z,"3 km SW of San Leonardo, Italy",earthquake,,,,,reviewed,gen,ldg
2000-05-03T19:03:39.376Z,57.2377,-155.4605,55.6,4,mb,,,,0.48,ak,ak0005pdyzwx,2020-02-20T20:17:51.469Z,"70 km WSW of Karluk, Alaska",earthquake,,4.7,,,reviewed,ak,ak
2000-05-03T18:56:39.320Z,22.159,143.737,100,4.7,mb,,,,0.98,us,usp0009sak,2014-11-07T01:10:02.714Z,"Volcano Islands, Japan region",earthquake,,,,14,reviewed,us,us
2000-05-03T18:39:37.600Z,16.411,-99.472,16.1,4,md,,,,,us,usp0009saj,2014-11-07T01:10:02.709Z,"35 km SSE of San Andrés Playa Encantada (El Podrido), Mexico",earthquake,,,,,reviewed,unm,unm
2000-05-03T18:32:04.700Z,16.671,-99.317,20,3.8,md,,,,,us,usp0009sah,2014-11-07T01:10:02.707Z,"13 km SW of Las Vigas, Mexico",earthquake,,,,,reviewed,unm,unm
2000-05-03T18:12:46.200Z,38.38,21.99,10,2.9,md,,,,,us,usp0009sag,2014-11-07T01:10:02.705Z,"9 km N of Kamárai, Greece",earthquake,,,,,reviewed,ath,ath
2000-05-03T18:09:11.300Z,16.577,-99.34,10,3.8,md,,,,,us,usp0009saf,2014-11-07T01:10:02.702Z,"23 km SSW of Las Vigas, Mexico",earthquake,,,,,reviewed,unm,unm
2000-05-03T18:00:01.810Z,32.1366667,-115.0733333,5.938,2.5,mh,5,255,0.6054,0.27,ci,ci9149351,2016-02-16T09:24:52.003Z,"9km SW of Estacion Coahuila, B.C., MX",earthquake,1.6,31.61,,0,reviewed,ci,ci
2000-05-03T17:52:35.600Z,-17.586,-69.421,148,4.5,mb,,,,1.01,us,usp0009sae,2014-11-07T01:10:02.693Z,"60 km ENE of Palca, Peru",earthquake,,,,18,reviewed,us,us
2000-05-03T17:52:20.900Z,38.34,22.07,5,2.9,md,,,,,us,usp0009sad,2014-11-07T01:10:02.691Z,"7 km NE of Kamárai, Greece",earthquake,,,,,reviewed,ath,ath
2000-05-03T17:35:08.410Z,49.101,155.683,33,4,mb,,,,1.34,us,usp0009sac,2014-11-07T01:10:02.686Z,"177 km S of Severo-Kuril’sk, Russia",earthquake,,,,4,reviewed,us,us
2000-05-03T17:33:46.220Z,19.205,-67.557,92.9,3.1,md,,,,,us,usp0009sab,2014-11-07T01:10:02.684Z,"92 km NNW of San Antonio, Puerto Rico",earthquake,,,,,reviewed,rspr,rspr
2000-05-03T16:55:28.600Z,44.369,7.218,7.4,2.6,md,,,,,us,usp0009sa8,2014-11-07T01:10:02.673Z,"4 km S of Campomolino, Italy",earthquake,,,,,reviewed,gen,ldg
2000-05-03T16:19:31.530Z,12.123,142.684,33,3.6,mb,,,,0.93,us,usp0009sa5,2014-11-07T01:10:02.664Z,"249 km WSW of Merizo Village, Guam",earthquake,,,,1,reviewed,us,us
2000-05-03T15:42:21.430Z,23.962,94.812,33,4.4,mb,,,,0.98,us,usp0009sa4,2014-11-07T01:10:02.658Z,"54 km NE of Mawlaik, Myanmar",earthquake,,,,5,reviewed,us,us
2000-05-03T15:00:26.326Z,52.1763,-170.2495,20,3.2,ml,,,,0.98,ak,ak0005pbklc8,2020-02-20T20:15:16.670Z,"126 km SW of Nikolski, Alaska",earthquake,,0,,,reviewed,ak,ak
2000-05-03T15:00:24.410Z,53.255,-170.775,176.3,3,mb,,,,0.91,us,usp0009sa3,2014-11-07T01:10:02.655Z,"132 km WNW of Nikolski, Alaska",earthquake,,15.9,,1,reviewed,us,us
2000-05-03T14:54:06.580Z,32.014,-116.864,5.471,3.09,ml,0,288.5,0.6837,0.174,ci,ci9149336,2016-04-02T03:59:44.828Z,"21km NW of El Sauzal, B.C., MX",earthquake,,,,70,reviewed,ci,ci
2000-05-03T14:17:22.500Z,34.91,25.48,30,3.5,md,,,,,us,usp0009sa2,2014-11-07T01:10:02.653Z,"19 km WSW of Néa Anatolí, Greece",earthquake,,,,,reviewed,ath,ath
2000-05-03T13:52:54.730Z,36.61,67.042,33,4.3,mb,,,,1.09,us,usp0009sa0,2014-11-07T01:10:02.648Z,"12 km SSW of Maz?r-e Shar?f, Afghanistan",earthquake,,,,1,reviewed,us,us
2000-05-03T13:42:41.090Z,52.938,159.334,115.3,3.9,mb,,,,1.17,us,usp0009s9z,2014-11-07T01:10:02.645Z,"47 km ESE of Petropavlovsk-Kamchatsky, Russia",earthquake,,5.8,,3,reviewed,us,us
2000-05-03T13:36:46.700Z,18.543,145.545,219.5,4.1,mb,,,,1.1,us,usp0009s9y,2014-11-07T01:10:02.639Z,"Pagan region, Northern Mariana Islands",earthquake,,,,13,reviewed,us,us
2000-05-03T13:26:11.290Z,36.407,67.276,33,4.5,mb,,,,1.18,us,usp0009s9w,2014-11-07T01:10:02.630Z,"36 km SSE of Maz?r-e Shar?f, Afghanistan",earthquake,,,,12,reviewed,us,us
2000-05-03T12:16:10.710Z,-35.671,179.538,50,4.5,mb,,,,1.06,us,usp0009s9v,2014-11-07T01:10:02.624Z,"off the east coast of the North Island of New Zealand",earthquake,,,,2,reviewed,us,us
2000-05-03T11:42:10.020Z,32.182,-115.093,5.963,3.17,mc,0,247.6,0.563,0.302,ci,ci9149328,2016-04-02T04:00:25.542Z,"9km W of Estacion Coahuila, B.C., MX",earthquake,,,,29,reviewed,ci,ci
2000-05-03T11:28:27.060Z,32.145,-115.069,5.963,2.53,mc,0,252.8,0.5967,0.268,ci,ci9149314,2016-02-16T16:38:04.092Z,"8km SW of Estacion Coahuila, B.C., MX",earthquake,,,,10,reviewed,ci,ci
2000-05-03T10:26:58.650Z,29.505,50.784,33,4.4,mb,,,,0.94,us,usp0009s9s,2014-11-07T01:10:02.613Z,"27 km ESE of Bandar-e Gen?veh, Iran",earthquake,,,,4,reviewed,us,us
2000-05-03T10:18:59.750Z,39.372,76.696,62.7,4.7,mb,,,,0.77,us,usp0009s9r,2014-11-07T01:10:02.597Z,"61 km E of Kashgar, China",earthquake,,5.4,,28,reviewed,us,us
2000-05-03T09:44:11.100Z,38.38,21.93,5,3,md,,,,,us,usp0009s9q,2014-11-07T01:10:02.595Z,"9 km E of Náfpaktos, Greece",earthquake,,,,,reviewed,ath,ath
2000-05-03T09:24:39.900Z,38.39,22.18,3,3.1,md,,,,,us,usp0009s9n,2014-11-07T01:10:02.590Z,"14 km S of Lidoríki, Greece",earthquake,,,,,reviewed,ath,ath
2000-05-03T09:14:03.980Z,12.585,142.642,33,4.6,mb,,,,0.72,us,usp0009s9m,2014-11-07T01:10:02.586Z,"232 km WSW of Merizo Village, Guam",earthquake,,,,3,reviewed,us,us
2000-05-03T09:06:08.470Z,29.555,50.797,33,4.8,mb,,,,0.92,us,usp0009s9k,2014-11-07T01:10:02.575Z,"27 km E of Bandar-e Gen?veh, Iran",earthquake,,,,19,reviewed,us,us
2000-05-03T09:01:16.270Z,29.662,50.797,33,5.1,mwc,,,,1.21,us,usp0009s9j,2022-04-29T18:37:54.734Z,"28 km ENE of Bandar-e Gen?veh, Iran",earthquake,,,,,reviewed,us,hrv
2000-05-03T08:40:37.210Z,48.4,154.644,46.3,4.4,mb,,,,1.12,us,usp0009s9h,2014-11-07T01:10:02.532Z,"274 km SSW of Severo-Kuril’sk, Russia",earthquake,,,,2,reviewed,us,us
2000-05-03T08:12:30.780Z,34.514,-116.272,-1.052,2.95,ml,0,40.3,,0.221,ci,ci9149313,2016-02-16T11:46:15.554Z,"25km SSW of Ludlow, California",earthquake,,0.287,,218,reviewed,ci,ci
2000-05-03T08:10:29.680Z,-31.963,-71.288,71.1,3.6,mb,,,,,us,usp0009s9e,2014-11-07T01:10:02.520Z,"36 km WSW of Salamanca, Chile",earthquake,,,,1,reviewed,guc,us
2000-05-03T07:47:33.180Z,34.6851667,-116.3145,3.348,2.65,mc,13,189,,0.15,ci,ci9149299,2016-02-16T09:24:50.792Z,"15km WSW of Ludlow, California",earthquake,1.02,1.79,,27,reviewed,ci,ci
2000-05-03T07:46:23.200Z,-40.05,174.84,29,4.2,ml,,,,,us,usp0009s9c,2014-11-07T01:10:02.514Z,"22 km SW of Wanganui, New Zealand",earthquake,,,,,reviewed,wel,wel
2000-05-03T07:35:00.010Z,-31.402,-67.335,26.4,4.3,mb,,,,1.19,us,usp0009s9b,2014-11-07T01:10:02.507Z,"86 km S of San Agustín de Valle Fértil, Argentina",earthquake,,,,11,reviewed,us,us
2000-05-03T06:33:24.400Z,38.341,22.148,9.8,3.6,mb,,,,,us,usp0009s9a,2014-11-07T01:10:02.497Z,"11 km N of Témeni, Greece",earthquake,,,,2,reviewed,the,us
2000-05-03T05:54:41.900Z,38.42,22.14,5,2.9,md,,,,,us,usp0009s99,2014-11-07T01:10:02.493Z,"12 km SSW of Lidoríki, Greece",earthquake,,,,,reviewed,ath,ath
2000-05-03T05:50:32.500Z,38.4,22.28,5,3,md,,,,,us,usp0009s98,2014-11-07T01:10:02.490Z,"8 km WNW of Galaxídhion, Greece",earthquake,,,,,reviewed,ath,ath
2000-05-03T05:39:39.800Z,-20.581,-178.62,500,4.2,mb,,,,0.86,us,usp0009s97,2014-11-07T01:10:02.476Z,"Fiji region",earthquake,,,,7,reviewed,us,us
2000-05-03T05:19:40.040Z,-5.984,104.851,100,4.8,mb,,,,1.09,us,usp0009s96,2014-11-07T01:10:02.442Z,"76 km SW of Bandar Lampung, Indonesia",earthquake,,,,12,reviewed,us,us
2000-05-03T05:09:37.300Z,38.34,22.04,5,3.9,mb,,,,,us,usp0009s95,2014-11-07T01:10:02.430Z,"5 km NE of Kamárai, Greece",earthquake,,,,8,reviewed,ath,us
2000-05-03T04:59:19.800Z,38.34,22.05,5,3.8,mb,,,,,us,usp0009s94,2014-11-07T01:10:02.329Z,"6 km NE of Kamárai, Greece",earthquake,,,,4,reviewed,ath,us
2000-05-03T04:49:05.000Z,46.222,16.478,10,2.7,ml,,,,0.63,us,usp0009s93,2014-11-07T01:10:02.305Z,"4 km S of Jalžabet, Croatia",earthquake,,,,,reviewed,us,vie
2000-05-03T04:18:44.800Z,38.46,21.94,27,3.2,ml,,,,,us,usp0009s92,2014-11-07T01:10:02.303Z,"12 km NE of Náfpaktos, Greece",earthquake,,,,,reviewed,ath,ath
2000-05-03T03:31:22.720Z,22.084,143.891,126.6,4.7,mb,,,,1.14,us,usp0009s91,2014-11-07T01:10:02.298Z,"Volcano Islands, Japan region",earthquake,,,,3,reviewed,us,us
2000-05-03T03:11:55.530Z,35.869,30.286,58.3,4.1,mb,,,,1.23,us,usp0009s90,2014-11-07T01:10:02.283Z,"49 km SSE of Finike, Turkey",earthquake,,9.9,,16,reviewed,us,us
2000-05-03T02:51:26.890Z,-23.955,179.826,513.2,5.4,mwc,,,,0.77,us,usp0009s8z,2025-12-19T22:48:20.652Z,"south of the Fiji Islands",earthquake,,,,,reviewed,us,hrv
2000-05-03T02:24:34.580Z,48.557,155.531,33,4.6,mb,,,,1.25,us,usp0009s8y,2014-11-07T01:10:02.215Z,"239 km S of Severo-Kuril’sk, Russia",earthquake,,,,35,reviewed,us,us
2000-05-03T01:46:24.370Z,45.835,14.759,10,2.7,ml,,,,0.71,us,usp0009s8x,2014-11-07T01:10:02.206Z,"5 km ESE of Videm, Slovenia",earthquake,,,,,reviewed,us,vie
2000-05-03T01:25:24.430Z,45.171,26.401,100,3.1,mb,,,,0.62,us,usp0009s8v,2014-11-07T01:10:02.193Z,"2 km NW of Lapo?, Romania",earthquake,,,,1,reviewed,us,us
2000-05-03T01:19:46.970Z,17.674,-62.863,200,3,mb,,,,0.31,us,usp0009s8u,2014-11-07T01:10:02.187Z,"24 km NNE of Oranjestad, Bonaire, Saint Eustatius and Saba ",earthquake,,,,1,reviewed,us,us
2000-05-03T01:19:30.850Z,28.606,96.332,33,3.7,mb,,,,0.87,us,usp0009s8t,2014-11-07T01:10:02.183Z,"62 km NNW of Hayuliang, India",earthquake,,,,2,reviewed,us,us
2000-05-03T01:09:02.290Z,-18.547,168.895,221.2,4.4,mb,,,,0.62,us,usp0009s8s,2014-11-07T01:10:02.179Z,"108 km SE of Port-Vila, Vanuatu",earthquake,,6.7,,1,reviewed,us,us
2000-05-03T00:20:06.140Z,-17.824,-178.777,600,4,mb,,,,0.63,us,usp0009s8r,2014-11-07T01:10:02.175Z,"203 km E of Levuka, Fiji",earthquake,,,,2,reviewed,us,us
2000-05-02T23:59:22.202Z,59.5979,-139.7231,16.2,5.3,mw,,,,1.15,ak,ak0005nt5cm4,2022-04-29T18:37:53.546Z,"5 km N of Yakutat, Alaska",earthquake,,2.8,,,reviewed,ak,ak
2000-05-02T23:40:23.740Z,-6.275,154.842,33,4.2,mb,,,,1.05,us,usp0009s8p,2014-11-07T01:10:02.057Z,"71 km W of Panguna, Papua New Guinea",earthquake,,,,1,reviewed,us,us
2000-05-02T23:30:03.360Z,56.135,164.202,33,3.1,mb,,,,0.74,us,usp0009s8n,2014-11-07T01:10:02.054Z,"107 km E of Ust’-Kamchatsk Staryy, Russia",earthquake,,,,1,reviewed,us,us
2000-05-02T23:19:08.900Z,37.52,22.77,23,2.8,ml,,,,,us,usp0009s8m,2014-11-07T01:10:02.051Z,"6 km SSW of Náfplio, Greece",earthquake,,,,,reviewed,ath,ath
2000-05-02T22:47:09.100Z,17.365,-94.929,169.4,4.3,md,,,,,us,usp0009s8k,2014-11-07T01:10:02.048Z,"6 km ESE of Suchilapan del Río, Mexico",earthquake,,,,,reviewed,unm,unm
2000-05-02T22:09:30.970Z,17.802,-67.719,1.2,3.4,ml,,,,,us,usp0009s8h,2014-11-07T01:10:02.038Z,"59 km WSW of Pole Ojea, Puerto Rico",earthquake,,,,,reviewed,rspr,rspr
2000-05-02T21:50:11.200Z,47.897,153.404,77.7,3.7,mb,,,,0.89,us,usp0009s8g,2014-11-07T01:10:02.033Z,"Kuril Islands",earthquake,,,,1,reviewed,us,us
2000-05-02T21:38:50.290Z,32.143,-115.079,5.963,2.51,mc,0,244.4,0.5998,0.217,ci,ci7188287,2016-02-17T12:02:37.036Z,"9km SW of Estacion Coahuila, B.C., MX",earthquake,,,,5,reviewed,ci,ci
2000-05-02T21:24:17.130Z,32.165,-115.089,5.963,3.04,mc,0,241.7,0.5793,0.267,ci,ci7188285,2016-04-02T00:46:17.846Z,"9km WSW of Estacion Coahuila, B.C., MX",earthquake,,,,14,reviewed,ci,ci
2000-05-02T20:39:48.830Z,53.424,159.832,57.9,4.3,mb,,,,1.06,us,usp0009s8d,2014-11-07T01:10:02.012Z,"89 km ENE of Petropavlovsk-Kamchatsky, Russia",earthquake,,,,21,reviewed,us,us
2000-05-02T20:22:21.660Z,32.879,-109.24,0,2.6,ml,7,,,0.76,rusms,rusms00001904,2022-06-09T21:12:02.306Z,"3 km WSW of York, Arizona",explosion,,,,,reviewed,us,us
2000-05-02T20:19:52.300Z,37.27,20.68,5,3.1,md,,,,,us,usp0009s8c,2014-11-07T01:10:02.009Z,"51 km SSW of Lithakiá, Greece",earthquake,,,,,reviewed,ath,ath
2000-05-02T20:03:01.940Z,-5.483,151.731,62.6,4.1,mb,,,,1.14,us,usp0009s8b,2014-11-07T01:10:02.006Z,"139 km SSW of Kokopo, Papua New Guinea",earthquake,,15.3,,3,reviewed,us,us
2000-05-02T18:54:04.080Z,17.501,147.701,33,3.6,mb,,,,0.63,us,usp0009s89,2014-11-07T01:10:01.998Z,"Mariana Islands region",earthquake,,,,1,reviewed,us,us
2000-05-02T18:51:36.950Z,18.269,-67.553,128.8,3.1,md,,,,,us,usp0009s88,2014-11-07T01:10:01.994Z,"32 km W of Stella, Puerto Rico",earthquake,,,,,reviewed,rspr,rspr
2000-05-02T18:04:36.670Z,51.654,16.189,5,3.9,mb,,,,0.84,us,usp0009s87,2014-11-07T01:10:01.978Z,"6 km NNE of Gr?bocice, Poland",earthquake,,,,1,reviewed,us,us
2000-05-02T18:02:38.900Z,16.965,-100.652,1.6,4.1,md,,,,,us,usp0009s86,2014-11-07T01:10:01.972Z,"21 km S of Tetitlán, Mexico",earthquake,,,,,reviewed,unm,unm
2000-05-02T16:45:05.260Z,52.653,160.498,53.6,4.3,mb,,,,1.24,us,usp0009s84,2014-11-07T01:10:01.961Z,"131 km ESE of Petropavlovsk-Kamchatsky, Russia",earthquake,,9,,10,reviewed,us,us
2000-05-02T16:22:39.940Z,12.52,142.594,33,4.6,mb,,,,1.06,us,usp0009s83,2014-11-07T01:10:01.951Z,"239 km WSW of Merizo Village, Guam",earthquake,,,,13,reviewed,us,us
2000-05-02T16:19:46.600Z,32.132,-115.08,5.963,2.56,mc,0,259,0.6108,0.33,ci,ci9149236,2016-02-16T04:45:54.311Z,"10km SW of Estacion Coahuila, B.C., MX",earthquake,,,,5,reviewed,ci,ci
2000-05-02T16:18:09.490Z,17.621,147.526,33,3.1,mb,,,,1.33,us,usp0009s82,2014-11-07T01:10:01.948Z,"Mariana Islands region",earthquake,,,,1,reviewed,us,us
2000-05-02T16:16:29.130Z,32.193,-115.068,5.963,2.95,ml,0,251.6,0.5491,0.348,ci,ci9149235,2016-02-17T12:02:35.829Z,"6km W of Estacion Coahuila, B.C., MX",earthquake,,,,52,reviewed,ci,ci
2000-05-02T15:49:13.320Z,-58.815,-26.557,128.7,4.7,mb,,,,0.78,us,usp0009s81,2014-11-07T01:10:01.937Z,"South Sandwich Islands region",earthquake,,,,1,reviewed,us,us
2000-05-02T15:44:11.980Z,33.1778333,-115.5931667,4.373,2.74,ml,33,40,0.01885,0.29,ci,ci9149231,2016-04-02T14:23:23.518Z,"9km NW of Calipatria, CA",earthquake,0.38,0.59,0.407,31,reviewed,ci,ci
2000-05-02T15:38:47.170Z,17.51,147.568,33,4.3,mb,,,,0.97,us,usp0009s80,2014-11-07T01:10:01.929Z,"Mariana Islands region",earthquake,,,,3,reviewed,us,us
2000-05-02T15:03:36.800Z,17.439,147.516,55,6,mwc,,,,1.05,us,usp0009s7z,2022-04-29T19:16:20.233Z,"Mariana Islands region",earthquake,,,,,reviewed,us,hrv
2000-05-02T14:58:29.310Z,37.665,21.693,71.4,3.5,md,,,,1.21,us,usp0009s7y,2014-11-07T01:10:01.672Z,"5 km SSW of Lálas, Greece",earthquake,,8.6,,,reviewed,us,ath
2000-05-02T14:54:31.870Z,46.201,142.923,356.1,4.3,mb,,,,1,us,usp0009s7x,2014-11-07T01:10:01.655Z,"49 km SSE of Korsakov, Russia",earthquake,,,,34,reviewed,us,us
2000-05-02T13:03:37.580Z,32.2178333,-115.0216667,5.963,3.24,ml,12,251,0.5189,0.51,ci,ci9545961,2016-04-01T18:55:19.085Z,"3km NW of Estacion Coahuila, B.C., MX",earthquake,4.06,31.61,0.211,9,reviewed,ci,ci
2000-05-02T13:02:52.520Z,36.819,-3.006,0,2.5,mblg,,,,,us,usp0009s7u,2014-11-07T01:10:01.639Z,"5 km WSW of Berja, Spain",earthquake,,,,,reviewed,mdd,mdd
2000-05-02T12:03:06.950Z,32.161,-115.078,5.963,2.81,mc,0,255.5,0.5819,0.356,ci,ci7188211,2016-02-16T11:46:09.665Z,"8km WSW of Estacion Coahuila, B.C., MX",earthquake,,,,9,reviewed,ci,ci
2000-05-02T11:57:12.910Z,37.406,-118.5065,4.749,2.73,md,31,50,0.06577,0.04,nc,nc21094894,2016-12-31T10:35:11.640Z,"3 km ESE of Mesa, California",earthquake,0.17,0.54,0.13,45,reviewed,nc,nc
2000-05-02T11:11:06.110Z,52.167,158.151,98.6,4.4,mb,,,,0.91,us,usp0009s7s,2014-11-07T01:10:01.625Z,"86 km SSW of Vilyuchinsk, Russia",earthquake,,4,,17,reviewed,us,us
2000-05-02T11:06:14.500Z,16.234,-98.176,2.5,4.1,md,,,,,us,usp0009s7r,2014-11-07T01:10:01.622Z,"1 km ESE of Corralero, Mexico",earthquake,,,,,reviewed,unm,unm
2000-05-02T10:57:22.636Z,61.4084,-146.6521,32,3.1,ml,,,,0.63,ak,ak0005nleacn,2020-02-20T20:17:59.234Z,"34 km NNW of Valdez, Alaska",earthquake,,0.2,,,reviewed,ak,ak
2000-05-02T10:34:48.451Z,61.4088,-146.6512,31.4,2.9,ml,,,,0.66,ak,ak0005nl9evh,2020-02-20T20:18:00.016Z,"34 km NNW of Valdez, Alaska",earthquake,,0.2,,,reviewed,ak,ak
2000-05-02T10:33:22.410Z,32.155,-115.086,5.963,2.7,ml,0,256.1,0.5887,0.263,ci,ci7188203,2016-02-17T04:51:22.036Z,"9km WSW of Estacion Coahuila, B.C., MX",earthquake,,,,38,reviewed,ci,ci
2000-05-02T10:04:51.400Z,35.46,24.35,34,3.8,md,,,,,us,usp0009s7m,2014-11-07T01:10:01.592Z,"13 km NE of Georgioupolis, Greece",earthquake,,,,,reviewed,ath,ath
2000-05-02T09:58:34.200Z,-15.54,-177.521,400.6,5.5,mwc,,,,0.81,us,usp0009s7k,2022-04-29T18:37:52.459Z,"150 km SSE of Alo, Wallis and Futuna",earthquake,,,,,reviewed,us,hrv
2000-05-02T09:55:25.698Z,61.4004,-146.6501,36.8,4.6,mb,,,,0.74,ak,ak0005nksfjt,2020-02-20T20:18:01.097Z,"34 km NNW of Valdez, Alaska",earthquake,,0.1,,,reviewed,ak,ak
2000-05-02T09:49:13.340Z,32.118,-115.044,5.963,3.73,ml,0,261.6,0.6011,0.294,ci,ci9149213,2016-04-02T10:36:52.517Z,"9km SSW of Estacion Coahuila, B.C., MX",earthquake,,,,3,reviewed,ci,ci
2000-05-02T09:39:47.750Z,44.339,11.89,10,2.9,ml,,,,1.1,us,usp0009s7g,2014-11-07T01:10:01.464Z,"4 km ESE of Solarolo, Italy",earthquake,,,,,reviewed,us,vie
2000-05-02T09:36:09.110Z,-33.019,-179.356,63.7,4.7,mb,,,,1.18,us,usp0009s7f,2014-11-07T01:10:01.451Z,"south of the Kermadec Islands",earthquake,,,,18,reviewed,us,us
2000-05-02T09:13:39.890Z,32.153,-115.069,5.963,2.63,ml,0,256.8,0.5888,0.312,ci,ci9149191,2016-02-17T07:15:27.768Z,"8km SW of Estacion Coahuila, B.C., MX",earthquake,,,,38,reviewed,ci,ci
2000-05-02T08:50:31.410Z,32.173,-115.094,5.954,2.52,ml,0,253.6,0.572,0.378,ci,ci9149176,2016-02-16T19:04:49.521Z,"9km WSW of Estacion Coahuila, B.C., MX",earthquake,,,,36,reviewed,ci,ci
2000-05-02T08:48:47.380Z,44.243,12.016,10,4.4,mb,,,,1.17,us,usp0009s7e,2014-11-07T01:10:01.412Z,"3 km NW of Forlì, Italy",earthquake,,,,10,reviewed,us,us
2000-05-02T08:31:19.670Z,32.144,-115.088,5.963,2.5,mh,0,257.5,0.5998,0.366,ci,ci9149172,2016-02-17T12:02:31.981Z,"10km SW of Estacion Coahuila, B.C., MX",earthquake,,,,0,reviewed,ci,ci
2000-05-02T08:26:28.170Z,32.144,-115.083,5.963,2.62,ml,0,257.6,0.5992,0.188,ci,ci9149171,2016-02-17T02:29:11.804Z,"10km SW of Estacion Coahuila, B.C., MX",earthquake,,,,33,reviewed,ci,ci
2000-05-02T08:10:29.480Z,12.536,142.704,33,4.4,mb,,,,0.7,us,usp0009s7b,2014-11-07T01:10:01.388Z,"228 km WSW of Merizo Village, Guam",earthquake,,,,3,reviewed,us,us
2000-05-02T08:05:48.500Z,17.964,-100.686,58,3.9,md,,,,,us,usp0009s7a,2014-11-07T01:10:01.383Z,"29 km SW of Ajuchitlán del Progreso, Mexico",earthquake,,,,,reviewed,unm,unm
2000-05-02T07:51:15.900Z,-29.649,-178.995,294.1,4.5,mb,,,,1.16,us,usp0009s79,2014-11-07T01:10:01.368Z,"Kermadec Islands, New Zealand",earthquake,,7.5,,16,reviewed,us,us
2000-05-02T07:24:28.600Z,32.1858333,-115.104,5.963,3.4,mh,10,253,0.5609,0.39,ci,ci9521994,2016-04-01T21:30:57.805Z,"8km SE of Alberto Oviedo Mota, B.C., MX",earthquake,4.94,31.61,,0,reviewed,ci,ci
2000-05-02T07:16:10.190Z,32.16,-115.149,5.973,4.18,ml,0,254.5,0.5939,0.567,ci,ci9149198,2017-02-09T01:37:11.448Z,"8km SSE of Alberto Oviedo Mota, B.C., MX",earthquake,,,,220,reviewed,ci,ci
2000-05-02T07:06:26.760Z,32.148,-115.137,5.973,3.69,ml,0,241.7,0.6033,0.507,ci,ci9149193,2016-04-02T07:16:39.468Z,"9km SSE of Alberto Oviedo Mota, B.C., MX",earthquake,,,,190,reviewed,ci,ci
2000-05-02T07:05:39.940Z,32.165,-115.062,5.963,2.85,mc,0,255.4,0.5762,0.294,ci,ci9149164,2016-02-17T02:29:08.657Z,"6km WSW of Estacion Coahuila, B.C., MX",earthquake,,,,14,reviewed,ci,ci
2000-05-02T07:00:40.000Z,12.414,142.428,33,4.6,mb,,,,1.28,us,usp0009s76,2014-11-07T01:10:01.144Z,"260 km WSW of Merizo Village, Guam",earthquake,,,,4,reviewed,us,us
2000-05-02T06:56:25.670Z,32.1598333,-115.0455,6.973,2.55,ml,6,246,0.5725,0.28,ci,ci9545897,2016-04-02T11:10:17.879Z,"6km SW of Estacion Coahuila, B.C., MX",earthquake,5.21,26.14,0.396,4,reviewed,ci,ci
2000-05-02T06:52:10.580Z,46.89,-1.67,2,3.1,ml,,,,,us,usp0009s75,2014-11-07T01:10:01.141Z,"1 km SE of Touvois, France",earthquake,,,,,reviewed,str,str
2000-05-02T06:52:03.970Z,32.159,-115.089,5.963,3.5,mh,0,255.6,0.5852,0.246,ci,ci9149163,2016-04-01T21:33:51.125Z,"9km WSW of Estacion Coahuila, B.C., MX",earthquake,,,,2,reviewed,ci,ci
2000-05-02T06:49:53.960Z,31.892,-115.092,5.981,4.18,ml,0,297.1,0.8496,0.315,ci,ci3324161,2016-04-02T00:46:15.193Z,"35km SSW of Estacion Coahuila, B.C., MX",earthquake,,,,3,reviewed,ci,ci
2000-05-02T06:45:45.040Z,32.111,-115.119,5.973,4.73,mw,0,260.7,0.6365,0.565,ci,ci9149178,2017-02-09T01:32:47.497Z,"14km SSE of Alberto Oviedo Mota, B.C., MX",earthquake,,,,6,reviewed,ci,ci
2000-05-02T06:32:24.920Z,55.482,166.054,33,3.5,mb,,,,1.13,us,usp0009s73,2014-11-07T01:10:01.111Z,"238 km ESE of Ust’-Kamchatsk Staryy, Russia",earthquake,,,,2,reviewed,us,us
2000-05-02T06:25:26.620Z,36.332,141.871,33,3.4,mb,,,,1.02,us,usp0009s71,2014-11-07T01:10:01.103Z,"111 km ESE of Takahagi, Japan",earthquake,,,,1,reviewed,us,us
2000-05-02T06:23:40.390Z,34.337,-116.831,4.718,2.84,mh,0,52.7,,0.138,ci,ci9149174,2016-02-17T07:15:25.152Z,"8km N of Big Bear City, California",earthquake,,0.858,,1,reviewed,ci,ci
2000-05-02T05:48:06.550Z,67.3246,-149.3475,9.5,2.7,ml,,,,0.84,ak,ak0005nid5n3,2020-02-20T20:17:49.372Z,"34 km ESE of Wiseman, Alaska",earthquake,,9,,,reviewed,ak,ak
2000-05-02T05:25:04.690Z,40.276,143.269,33,5,mb,,,,1.08,us,usp0009s70,2014-11-07T01:10:01.004Z,"133 km ENE of Miyako, Japan",earthquake,,,,57,reviewed,us,us
2000-05-02T05:14:46.750Z,55.449,166.107,33,3.3,mb,,,,0.41,us,usp0009s6z,2014-11-07T01:10:01.001Z,"243 km ESE of Ust’-Kamchatsk Staryy, Russia",earthquake,,,,2,reviewed,us,us
2000-05-02T05:08:23.460Z,2.625,128.627,33,4.5,mb,,,,0.6,us,usp0009s6y,2014-11-07T01:10:00.998Z,"120 km NE of Tobelo, Indonesia",earthquake,,,,2,reviewed,us,us
2000-05-02T04:59:38.530Z,32.172,-115.071,5.963,3.16,mc,0,254.3,0.5702,0.367,ci,ci9149167,2016-04-02T00:51:35.957Z,"7km WSW of Estacion Coahuila, B.C., MX",earthquake,,,,23,reviewed,ci,ci
2000-05-02T04:11:57.500Z,-40.37,176.38,61,3.6,ml,,,,,us,usp0009s6w,2014-11-07T01:10:00.990Z,"60 km NNE of Castlepoint, New Zealand",earthquake,,,,,reviewed,wel,wel
2000-05-02T03:47:17.600Z,39.15,22.42,5,3.2,ml,,,,,us,usp0009s6v,2014-11-07T01:10:00.986Z,"10 km ENE of Domokós, Greece",earthquake,,,,,reviewed,ath,ath
2000-05-02T01:50:13.162Z,60.559,-139.6292,3.9,2.5,ml,,,,1.78,ak,ak0005nfzv5w,2020-02-20T20:18:02.617Z,"112 km N of Yakutat, Alaska",earthquake,,8.8,,,reviewed,ak,ak
2000-05-02T01:35:07.800Z,18.1038333,-155.8033333,26.019,3.09,ml,31,323,,0.11,hv,hv1286499,2020-03-31T20:34:03.790Z,"106 km S of Hawaiian Ocean View, Hawaii",earthquake,1.36,5.7,0.03,5,reviewed,hv,hv
2000-05-02T01:06:39.730Z,12.472,142.505,33,5,mwc,,,,0.99,us,usp0009s6t,2025-12-19T22:43:22.708Z,"250 km WSW of Merizo Village, Guam",earthquake,,,,,reviewed,us,hrv
2000-05-02T01:04:14.600Z,38.3,22.15,5,2.9,md,,,,,us,usp0009s6s,2014-11-07T01:10:00.956Z,"7 km NNE of Témeni, Greece",earthquake,,,,,reviewed,ath,ath
2000-05-02T00:52:12.770Z,39.3976667,-123.0681667,4.74,2.68,md,40,56,0.145,0.06,nc,nc21094815,2016-12-31T10:33:36.000Z,"9 km NNE of Potter Valley, California",earthquake,0.13,0.66,0.11,43,reviewed,nc,nc
2000-05-02T00:25:54.290Z,12.55,142.732,33,4.4,mb,,,,0.78,us,usp0009s6r,2014-11-07T01:10:00.951Z,"224 km WSW of Merizo Village, Guam",earthquake,,,,2,reviewed,us,us
2000-05-01T23:47:44.180Z,12.405,142.897,33,4.3,mb,,,,1.34,us,usp0009s6q,2014-11-07T01:10:00.944Z,"214 km WSW of Merizo Village, Guam",earthquake,,,,2,reviewed,us,us
2000-05-01T23:43:17.500Z,36.38,22.74,5,2.7,md,,,,,us,usp0009s6p,2014-11-07T01:10:00.940Z,"34 km NW of Kýthira, Greece",earthquake,,,,,reviewed,ath,ath
2000-05-01T23:22:36.700Z,21.614,143.213,300,3.6,mb,,,,1,us,usp0009s6n,2014-11-07T01:10:00.935Z,"Mariana Islands region",earthquake,,,,2,reviewed,us,us
2000-05-01T22:41:28.160Z,34.496,32.185,25,2.6,ml,,,,,us,usp0009s6m,2014-11-07T01:10:00.930Z,"38 km SW of Geroskipou, Cyprus",earthquake,,,,,reviewed,css,css
2000-05-01T22:32:48.710Z,-4.306,132.81,33,5.3,mwc,,,,1.22,us,usp0009s6k,2022-04-29T19:16:19.092Z,"146 km N of Tual, Indonesia",earthquake,,,,,reviewed,us,hrv
2000-05-01T22:04:49.970Z,46.74,-122.758,0,3.1,md,6,,,0.31,rusms,rusms00001903,2022-06-09T21:12:02.302Z,"10 km SE of Bucoda, Washington",explosion,,,,,reviewed,us,us
2000-05-01T22:04:38.830Z,32.757,-118.252,5.924,2.72,mc,0,316.2,0.9453,0.484,ci,ci9149130,2016-02-16T21:34:40.118Z,"11km SE of San Clemente Is. (SE tip), California",earthquake,,,,18,reviewed,ci,ci
2000-05-01T21:45:31.770Z,-33.652,-70.403,105.3,2.9,md,,,,,us,usp0009s6j,2014-11-07T01:10:00.894Z,"16 km ESE of Puente Alto, Chile",earthquake,,,,,reviewed,guc,guc
2000-05-01T21:40:01.600Z,35.56,24.11,28,3.5,md,,,,,us,usp0009s6h,2014-11-07T01:10:00.891Z,"4 km WNW of Mouzourás, Greece",earthquake,,,,,reviewed,ath,ath
2000-05-01T21:37:12.950Z,-2.282,120.728,33,4.7,mb,,,,0.98,us,usp0009s6g,2014-11-07T01:10:00.884Z,"98 km S of Poso, Indonesia",earthquake,,,,1,reviewed,us,us
2000-05-01T21:33:18.210Z,12.5,142.816,33,4.2,mb,,,,1.01,us,usp0009s6f,2014-11-07T01:10:00.879Z,"218 km WSW of Merizo Village, Guam",earthquake,,,,2,reviewed,us,us
2000-05-01T21:24:24.790Z,53.326,153.659,489.4,4.5,mb,,,,1,us,usp0009s6e,2014-11-07T01:10:00.873Z,"280 km NW of Ozernovskiy, Russia",earthquake,,8,,2,reviewed,us,us
2000-05-01T21:20:39.830Z,-34.068,-70.383,9.7,3.9,md,,,,,us,usp0009s6d,2014-11-07T01:10:00.867Z,"27 km ENE of Machalí, Chile",earthquake,,,,,reviewed,guc,guc
2000-05-01T21:05:38.350Z,40.244,143.288,33,5,mb,,,,0.91,us,usp0009s6c,2014-11-07T01:10:00.808Z,"132 km ENE of Miyako, Japan",earthquake,,,,64,reviewed,us,us
2000-05-01T20:58:28.680Z,32.718,-109.091,0,3.4,ml,7,,,0.54,rusms,rusms00001902,2022-06-09T21:12:02.030Z,"1 km ESE of Duncan, Arizona",explosion,,,,,reviewed,us,us
2000-05-01T20:45:12.840Z,40.274,143.245,33,5.2,mwc,,,,0.98,us,usp0009s6b,2025-12-19T22:43:21.524Z,"131 km ENE of Miyako, Japan",earthquake,,,,,reviewed,us,hrv
2000-05-01T18:41:41.800Z,38.176,73.053,140.5,5.6,mwc,,,,0.83,us,usp0009s69,2022-04-29T18:37:50.587Z,"80 km W of Murghob, Tajikistan",earthquake,,,,,reviewed,us,hrv
2000-05-01T18:41:03.088Z,58.9955,-150.7972,38.3,2.5,ml,,,,0.8,ak,ak0005m2ixqc,2020-02-20T20:18:03.787Z,"71 km SSE of Halibut Cove, Alaska",earthquake,,1.7,,,reviewed,ak,ak
2000-05-01T18:33:13.320Z,36.597,71.344,206,4,mb,,,,0.62,us,usp0009s67,2014-11-07T01:10:00.530Z,"19 km WSW of Ashk?sham, Afghanistan",earthquake,,11.7,,21,reviewed,us,us
2000-05-01T18:10:17.570Z,47.675,15.627,10,2.5,ml,,,,1.39,us,usp0009s66,2014-11-07T01:10:00.521Z,"3 km N of Kapellen, Austria",earthquake,,,,,reviewed,us,vie
2000-05-01T18:08:29.960Z,54.147,-163.491,33,4.3,mb,,,,1.21,us,usp0009s65,2020-02-20T20:15:16.981Z,"78 km S of False Pass, Alaska",earthquake,,,,3,reviewed,us,us
2000-05-01T17:54:41.360Z,47.753,17.621,5,3.1,ml,,,,0.72,us,usp0009s64,2014-11-07T01:10:00.496Z,"7 km N of Gy?r, Hungary",earthquake,,,,,reviewed,us,vie
2000-05-01T17:10:54.090Z,10.081,-60.556,24,3.3,md,,,,,us,usp0009s63,2014-11-07T01:10:00.489Z,"72 km ESE of Rio Claro, Trinidad and Tobago",earthquake,,,,,reviewed,trn,trn
2000-05-01T16:29:09.770Z,-4.239,146.367,33,4,mb,,,,1,us,usp0009s62,2014-11-07T01:10:00.484Z,"126 km NNE of Madang, Papua New Guinea",earthquake,,,,3,reviewed,us,us
2000-05-01T16:14:25.680Z,-17.99,-178.561,600,4.2,mb,,,,0.94,us,usp0009s61,2014-11-07T01:10:00.458Z,"224 km E of Levuka, Fiji",earthquake,,,,14,reviewed,us,us
2000-05-01T15:59:17.400Z,-18.091,-178.232,600,4.3,mb,,,,1.43,us,usp0009s60,2014-11-07T01:10:00.450Z,"259 km E of Levuka, Fiji",earthquake,,,,6,reviewed,us,us
2000-05-01T15:51:53.310Z,21.849,146.257,33,3.6,mb,,,,1.38,us,usp0009s5z,2014-11-07T01:10:00.443Z,"Mariana Islands region",earthquake,,,,1,reviewed,us,us
2000-05-01T14:48:33.600Z,54.517,-163.762,33,3.1,mb,,,,0.93,us,usp0009s5y,2020-02-20T20:18:04.141Z,"43 km SSW of False Pass, Alaska",earthquake,,,,1,reviewed,us,us
2000-05-01T14:32:07.300Z,-40.35,176.44,33,4,ml,,,,,us,usp0009s5x,2014-11-07T01:10:00.432Z,"63 km NNE of Castlepoint, New Zealand",earthquake,,,,,reviewed,wel,wel
2000-05-01T14:02:55.100Z,38.31,22.05,5,3.2,ml,,,,,us,usp0009s5w,2014-11-07T01:10:00.426Z,"4 km N of Rododáfni, Greece",earthquake,,,,,reviewed,ath,ath
2000-05-01T11:25:36.000Z,38.35,22.11,5,3.1,md,,,,,us,usp0009s5u,2014-11-07T01:10:00.400Z,"10 km NNE of Rododáfni, Greece",earthquake,,,,,reviewed,ath,ath
2000-05-01T11:18:00.780Z,18.449,145.624,207.1,4.3,mb,,,,1.01,us,usp0009s5t,2014-11-07T01:10:00.357Z,"Pagan region, Northern Mariana Islands",earthquake,,,,29,reviewed,us,us
2000-05-01T11:14:30.464Z,61.2777,-150.5633,65,2.7,ml,,,,0.7,ak,ak0005ly769y,2020-02-20T20:18:04.818Z,"29 km S of Susitna, Alaska",earthquake,,0.2,,,reviewed,ak,ak
2000-05-01T11:10:14.000Z,50.67,-130.5,10,4.2,mb,,,,,us,usp0009s5r,2014-11-07T01:10:00.269Z,"241 km W of Port McNeill, Canada",earthquake,,,,26,reviewed,pgc,us
2000-05-01T10:30:28.180Z,13.242,92.412,33,4.7,mb,,,,0.83,us,usp0009s5q,2014-11-07T01:10:00.195Z,"173 km N of Bamboo Flat, India",earthquake,,,,49,reviewed,us,us
2000-05-01T10:28:10.550Z,32.185,-115.081,5.981,2.84,ml,0,252.4,0.5585,0.348,ci,ci9149082,2016-02-16T04:45:48.751Z,"8km W of Estacion Coahuila, B.C., MX",earthquake,,,,58,reviewed,ci,ci
2000-05-01T09:41:18.980Z,32.193,-115.063,5.963,2.54,mc,0,251.7,0.5486,0.375,ci,ci9149064,2016-02-17T12:02:30.133Z,"6km W of Estacion Coahuila, B.C., MX",earthquake,,,,8,reviewed,ci,ci
2000-05-01T09:36:14.060Z,32.155,-115.082,5.981,2.63,mc,0,256.2,0.5883,0.319,ci,ci9149077,2016-02-17T07:15:21.834Z,"9km WSW of Estacion Coahuila, B.C., MX",earthquake,,,,11,reviewed,ci,ci
2000-05-01T09:28:14.100Z,38.39,21.98,5,2.9,md,,,,,us,usp0009s5m,2014-11-07T01:10:00.177Z,"10 km N of Kamárai, Greece",earthquake,,,,,reviewed,ath,ath
2000-05-01T09:15:52.330Z,32.146,-115.069,5.981,2.89,mc,0,257.7,0.5957,0.384,ci,ci9149074,2016-02-17T04:51:16.629Z,"8km SW of Estacion Coahuila, B.C., MX",earthquake,,,,13,reviewed,ci,ci
2000-05-01T07:28:21.220Z,-31.86,-70.263,124.9,2.8,md,,,,,us,usp0009s5k,2014-11-07T01:10:00.164Z,"66 km E of Salamanca, Chile",earthquake,,,,,reviewed,guc,guc
2000-05-01T07:25:13.830Z,-18.038,-179.775,674.9,4.6,mb,,,,0.88,us,usp0009s5j,2014-11-07T01:09:59.985Z,"96 km E of Levuka, Fiji",earthquake,,12.4,,45,reviewed,us,us
2000-05-01T07:10:35.340Z,-32.008,-71.332,26,3.5,md,,,,,us,usp0009s5h,2014-11-07T01:09:59.973Z,"43 km SW of Salamanca, Chile",earthquake,,,,,reviewed,guc,guc
2000-05-01T06:50:27.050Z,-34.363,-70.246,8.2,3,md,,,,,us,usp0009s5g,2014-11-07T01:09:59.961Z,"42 km ESE of Machalí, Chile",earthquake,,,,,reviewed,guc,guc
2000-05-01T06:38:07.000Z,37.53,22.71,35,2.7,md,,,,,us,usp0009s5f,2014-11-07T01:09:59.954Z,"7 km SSW of Néa Kíos, Greece",earthquake,,,,,reviewed,ath,ath
2000-05-01T06:37:38.050Z,11.11,-62.352,113.1,4.3,mb,,,,0.83,us,usp0009s5e,2014-11-07T01:09:59.889Z,"59 km N of Güiria, Venezuela",earthquake,,,,29,reviewed,us,us
2000-05-01T03:08:58.800Z,0.489,-25.171,10,4.3,mb,,,,1.21,us,usp0009s5b,2014-11-07T01:09:59.836Z,"central Mid-Atlantic Ridge",earthquake,,,,6,reviewed,us,us
2000-05-01T02:28:41.420Z,44.341,11.989,10,3.7,mb,,,,1.2,us,usp0009s5a,2014-11-07T01:09:59.743Z,"4 km ESE of Granarolo, Italy",earthquake,,,,1,reviewed,us,us
2000-05-01T02:19:23.800Z,38.61,21.45,5,3.4,ml,,,,,us,usp0009s58,2014-11-07T01:09:59.711Z,"2 km N of Panaitólion, Greece",earthquake,,,,,reviewed,ath,ath
2000-05-01T02:14:45.400Z,51.636,16.327,5,3.6,ml,,,,1,us,usp0009s57,2014-11-07T01:09:59.675Z,"10 km SE of Szlichtyngowa, Poland",earthquake,,,,,reviewed,us,grf
2000-05-01T02:13:21.000Z,40.62,24.26,30,3.7,ml,,,,,us,usp0009s56,2014-11-07T01:09:59.662Z,"22 km S of Elaiochóri, Greece",earthquake,,,,,reviewed,ath,ath
2000-05-01T01:15:24.250Z,32.2098333,-115.0581667,5.96,2.57,ml,11,251,0.5315,0.29,ci,ci9149055,2016-04-02T05:27:58.873Z,"6km WNW of Estacion Coahuila, B.C., MX",earthquake,2.2,31.61,0.15,21,reviewed,ci,ci
2000-05-01T00:46:37.410Z,14.882,-60.191,33,2.9,md,,,,0.69,us,usp0009s55,2014-11-07T01:09:59.647Z,"79 km ENE of Le Vauclin, Martinique",earthquake,,,,,reviewed,us,trn
2000-05-01T00:25:06.520Z,44.802,17.403,10,4,ml,,,,1.13,us,usp0009s54,2014-11-07T01:09:59.574Z,"10 km NE of ?elinac, Bosnia and Herzegovina",earthquake,,,,,reviewed,us,zag
2000-05-01T00:19:55.620Z,-24.108,-66.685,207.7,4.5,mb,,,,1.19,us,usp0009s53,2014-11-07T01:09:58.976Z,"39 km WNW of San Antonio de los Cobres, Argentina",earthquake,,6.6,,19,reviewed,us,us
2000-05-01T00:18:07.200Z,31.72,-115.984,5.842,2.85,mc,0,320.2,0.9261,0.302,ci,ci9149041,2016-02-16T11:46:03.042Z,"55km E of Maneadero, B.C., MX",earthquake,,,,9,reviewed,ci,ci
