time,latitude,longitude,depth,mag,magType,nst,gap,dmin,rms,net,id,updated,place,type,horizontalError,depthError,magError,magNst,status,locationSource,magSource
1980-08-30T23:38:36.040Z,33.5285,-116.6725,9.07,3.44,ml,62,44,0.1108,0.31,ci,ci3303346,2016-04-01T21:53:06.750Z,"3km S of Anza, CA",earthquake,0.39,0.98,0.05,30,reviewed,ci,ci
1980-08-30T23:33:43.270Z,31.7348333,-115.9963333,6,2.79,ml,8,274,0.9176,0.27,ci,ci3303345,2016-02-03T00:17:16.000Z,"54km E of Maneadero, B.C., MX",earthquake,2.33,31.61,0.01,6,reviewed,ci,ci
1980-08-30T19:55:04.900Z,-29.278,-71.234,100,5,mb,,,,,us,usp00019md,2014-11-06T23:24:25.761Z,"69 km N of La Serena, Chile",earthquake,,,,,reviewed,us,us
1980-08-30T19:38:38.900Z,3.597,-78.621,25,4.7,mb,,,,,us,usp00019mc,2014-11-06T23:24:25.760Z,"121 km N of Mosquera, Colombia",earthquake,,,,,reviewed,us,us
1980-08-30T18:15:27.700Z,-4.191,152.599,33,4.7,mb,,,,,us,usp00019mb,2014-11-06T23:24:25.760Z,"40 km ENE of Kokopo, Papua New Guinea",earthquake,,,,,reviewed,us,us
1980-08-30T17:49:34.090Z,37.5596667,-118.7558333,8.581,3.44,md,5,254,0.06306,0.03,nc,nc1055387,2016-12-14T01:32:53.950Z,"3 km W of Aspen Springs, California",earthquake,2.75,2.11,0.2,8,reviewed,nc,nc
1980-08-30T17:44:03.600Z,-4.263,152.702,35,5.4,mb,,,,,us,usp00019m9,2025-12-19T21:56:44.238Z,"48 km E of Kokopo, Papua New Guinea",earthquake,,,,,reviewed,us,us
1980-08-30T14:23:38.200Z,-31.714,139.262,33,4.2,mb,,,,,us,usp00019m8,2014-11-06T23:24:25.757Z,"134 km ENE of Quorn, Australia",earthquake,,,,,reviewed,us,us
1980-08-30T13:34:53.350Z,31.8363333,-116.214,6,2.67,mh,8,310,0.8162,0.52,ci,ci9734926,2016-02-03T01:39:21.730Z,"36km ENE of Maneadero, B.C., MX",earthquake,3.1,31.61,0.04,7,reviewed,ci,ci
1980-08-30T13:14:00.900Z,-5.278,144.029,104,4.8,mb,,,,,us,usp00019m7,2014-11-06T23:24:25.756Z,"41 km NE of Wabag, Papua New Guinea",earthquake,,,,,reviewed,us,us
1980-08-30T12:33:36.400Z,30.143,-112.986,15,4.1,mb,,,,,us,usp00019m6,2014-11-06T23:24:25.755Z,"38 km NW of La Libertad, Mexico",earthquake,,,,,reviewed,us,us
1980-08-30T11:00:12.100Z,21.649,142.882,310,4.3,mb,,,,,us,usp00019m5,2014-11-06T23:24:25.754Z,"Mariana Islands region",earthquake,,,,,reviewed,us,us
1980-08-30T10:53:27.920Z,37.5568333,-118.7553333,8.541,3.7,ml,5,257,0.06486,0.02,nc,nc1055384,2016-12-14T01:32:42.645Z,"3 km W of Aspen Springs, California",earthquake,2.8,2.11,,0,reviewed,nc,nc
1980-08-30T09:42:04.400Z,-15.286,-174.007,33,5,ms,,,,,us,usp00019m3,2014-11-06T23:24:25.752Z,"77 km NNW of Hihifo, Tonga",earthquake,,,,,reviewed,us,us
1980-08-30T08:32:48.200Z,46.167,153.272,33,4.9,mb,,,,,us,usp00019m2,2014-11-06T23:24:25.751Z,"Kuril Islands",earthquake,,,,,reviewed,us,us
1980-08-30T08:06:23.300Z,29.834,-113.395,15,4.4,mb,,,,,us,usp00019m1,2014-11-06T23:24:25.750Z,"68 km W of La Libertad, Mexico",earthquake,,,,,reviewed,us,us
1980-08-30T07:58:27.800Z,-6.273,105.329,33,4.9,mb,,,,,us,usp00019m0,2014-11-06T23:24:25.749Z,"56 km WNW of Labuan, Indonesia",earthquake,,,,,reviewed,us,us
1980-08-30T04:17:22.400Z,29.603,-113.483,15,5.2,ms,,,,,us,usp00019kz,2025-12-19T21:43:44.670Z,"83 km WSW of La Libertad, Mexico",earthquake,,,,,reviewed,us,us
1980-08-30T03:29:57.900Z,-22.24,-68.53,123,4.5,mb,,,,,us,usp00019ky,2014-11-06T23:24:25.747Z,"47 km ENE of Calama, Chile",earthquake,,,,,reviewed,us,us
1980-08-30T03:27:46.400Z,30.459,94.727,33,4.6,mb,,,,,us,usp00019kx,2014-11-06T23:24:25.746Z,"216 km N of Shi Yomi, India",earthquake,,,,,reviewed,us,us
1980-08-30T03:23:01.300Z,37.5683333,-121.6608333,2.925,2.7,md,48,93,0.01441,0.08,nc,nc1055374,2016-12-14T01:32:03.260Z,"15 km SE of Livermore, California",earthquake,0.2,0.39,0.1,21,reviewed,nc,nc
1980-08-30T03:22:54.000Z,29.747,-113.439,15,4.8,mb,,,,,us,usp00019kw,2014-11-06T23:24:25.745Z,"74 km WSW of La Libertad, Mexico",earthquake,,,,,reviewed,us,us
1980-08-30T02:09:58.270Z,39.191,-120.447,7.28,2.98,md,31,60,0.1811,0.16,nc,nc1055370,2016-12-14T01:31:39.360Z,"14 km S of Kingvale, California",earthquake,0.33,1.82,0.27,12,reviewed,nc,nc
1980-08-30T00:18:21.100Z,59.522,-152.84,81,4.5,mb,,,,,us,usp00019kv,2014-11-06T23:24:25.744Z,"55 km WNW of Nanwalek, Alaska",earthquake,,,,,reviewed,us,us
1980-08-29T23:41:40.090Z,19.3505,-155.2516667,8.112,3.01,ml,41,66,,0.09,hv,hv19802569,2020-03-31T17:25:23.810Z,"10 km S of Volcano, Hawaii",earthquake,0.35,0.45,0.06,2,reviewed,hv,hv
1980-08-29T21:25:55.000Z,-22.892,-66.425,240,4.6,mb,,,,,us,usp00019ku,2014-11-06T23:24:25.743Z,"77 km WSW of Abra Pampa, Argentina",earthquake,,,,,reviewed,us,us
1980-08-29T20:09:11.600Z,30.013,-113.214,15,4.8,mb,,,,,us,usp00019kt,2014-11-06T23:24:25.742Z,"51 km WNW of La Libertad, Mexico",earthquake,,,,,reviewed,us,us
1980-08-29T18:36:07.570Z,37.4888333,-118.8038333,7.491,3.03,md,8,196,0.1027,0.07,nc,nc1055357,2016-12-14T01:30:47.680Z,"10 km SW of Aspen Springs, California",earthquake,0.68,1.17,0.06,4,reviewed,nc,nc
1980-08-29T18:32:23.970Z,37.4851667,-118.8043333,5.861,3.13,md,8,196,0.1063,0.05,nc,nc1055356,2016-12-14T01:30:44.010Z,"11 km SW of Aspen Springs, California",earthquake,0.62,1.3,0.08,5,reviewed,nc,nc
1980-08-29T17:55:42.030Z,32.089,-116.3753333,6,3.27,ml,8,285,0.603,0.25,ci,ci9734890,2016-02-02T19:01:50.960Z,"34km NE of Ensenada, B.C., MX",earthquake,1.79,31.61,0.098,8,reviewed,ci,ci
1980-08-29T17:16:42.040Z,38.2556667,-122.1835,9.007,2.91,md,31,97,0.03514,0.17,nc,nc1055354,2016-12-14T01:30:36.167Z,"1 km W of Green Valley, California",earthquake,0.34,0.57,0.12,16,reviewed,nc,nc
1980-08-29T15:49:42.100Z,30.274,94.903,41,4.6,mb,,,,,us,usp00019kq,2022-04-28T01:31:37.955Z,"200 km NNE of Shi Yomi, India",earthquake,,,,,reviewed,us,us
1980-08-29T14:18:54.140Z,34.7768333,-113.569,0.01,2.5,mh,8,322,0.7917,0.74,ci,ci3303305,2016-04-02T10:55:14.161Z,"64km SE of Kingman, AZ",quarry blast,8.79,31.61,,0,reviewed,ci,ci
1980-08-29T12:56:10.300Z,29.782,-113.073,15,4.3,mb,,,,,us,usp00019kp,2014-11-06T23:24:25.738Z,"39 km WSW of La Libertad, Mexico",earthquake,,,,,reviewed,us,us
1980-08-29T12:48:29.600Z,-5.229,146.648,175,4.6,mb,,,,,us,usp00019kn,2014-11-06T23:24:25.737Z,"95 km E of Madang, Papua New Guinea",earthquake,,,,,reviewed,us,us
1980-08-29T11:08:19.400Z,-4.705,153.213,73,5.1,mb,,,,,us,usp00019km,2014-11-06T23:24:25.736Z,"112 km ESE of Kokopo, Papua New Guinea",earthquake,,,,,reviewed,us,us
1980-08-29T10:38:13.700Z,-39.664,-73.103,34,5.4,mb,,,,,us,usp00019kk,2022-04-28T01:31:31.870Z,"18 km NNE of Las Animas, Chile",earthquake,,,,,reviewed,us,us
1980-08-29T08:57:55.200Z,30.211,-113.212,15,5,mb,,,,,us,usp00019kj,2014-11-06T23:24:25.735Z,"60 km WNW of La Libertad, Mexico",earthquake,,,,,reviewed,us,us
1980-08-29T07:41:50.000Z,19.465,145.181,151,4.7,mb,,,,,us,usp00019kh,2014-11-06T23:24:25.734Z,"Maug Islands region, Northern Mariana Islands",earthquake,,,,,reviewed,us,us
1980-08-29T06:09:58.100Z,30.031,-113.314,15,4.2,mb,,,,,us,usp00019kf,2014-11-06T23:24:25.732Z,"61 km WNW of La Libertad, Mexico",earthquake,,,,,reviewed,us,us
1980-08-29T05:47:14.600Z,-3.373,148.417,33,4.8,mb,,,,,us,usp00019ke,2014-11-06T23:24:25.731Z,"195 km SE of Lorengau, Papua New Guinea",earthquake,,,,,reviewed,us,us
1980-08-29T03:56:38.700Z,26.691,61.341,33,4.5,mb,,,,,us,usp00019kd,2014-11-06T23:24:25.730Z,"76 km NE of Qa?r-e Qand, Iran",earthquake,,,,,reviewed,us,us
1980-08-29T03:11:40.900Z,8.7,125.508,50,4.2,mb,,,,,us,usp00019kc,2014-11-06T23:24:25.729Z,"10 km SW of Tungao, Philippines",earthquake,,,,,reviewed,us,us
1980-08-29T02:09:20.160Z,19.3926667,-155.2591667,1.829,2.53,ml,32,37,,0.1,hv,hv19802555,2020-03-31T17:25:21.350Z,"6 km SSW of Volcano, Hawaii",earthquake,0.3,0.31,0.3,2,reviewed,hv,hv
1980-08-29T00:23:05.450Z,37.5131667,-118.8403333,5.901,3.33,md,8,184,0.07838,0.08,nc,nc1055341,2016-12-14T01:29:37.035Z,"12 km WSW of Aspen Springs, California",earthquake,0.6,0.98,0.1,4,reviewed,nc,nc
1980-08-29T00:06:57.070Z,19.3848333,-155.2566667,-0.041,3.81,ml,42,43,,0.12,hv,hv19802553,2020-03-31T17:25:21.020Z,"6 km SSW of Volcano, Hawaii",earthquake,0.23,0.28,0.12,2,reviewed,hv,hv
1980-08-28T23:55:26.900Z,14.929,123.988,33,4.8,mb,,,,,us,usp00019ka,2014-11-06T23:24:25.726Z,"99 km NNW of Pandan, Philippines",earthquake,,,,,reviewed,us,us
1980-08-28T23:14:01.700Z,15.349,-61.045,132,4.6,mb,,,,,us,usp00019k9,2014-11-06T23:24:25.725Z,"21 km E of La Plaine, Dominica",earthquake,,,,,reviewed,us,us
1980-08-28T21:03:55.510Z,34.7486667,-113.2778333,0.01,2.7,mh,6,321,0.9505,0.5,ci,ci3303282,2016-04-02T13:59:37.289Z,"86km SE of Kingman, AZ",quarry blast,8.8,31.61,,0,reviewed,ci,ci
1980-08-28T19:30:52.700Z,-22.91,171.111,33,4.3,mb,,,,,us,usp00019k8,2014-11-06T23:24:25.724Z,"southeast of the Loyalty Islands",earthquake,,,,,reviewed,us,us
1980-08-28T19:07:12.800Z,-19.206,168.807,33,4.9,mb,,,,,us,usp00019k7,2014-11-06T23:24:25.723Z,"62 km NW of Isangel, Vanuatu",earthquake,,,,,reviewed,us,us
1980-08-28T18:51:35.900Z,0.808,126.301,53,4.4,mb,,,,,us,usp00019k6,2014-11-06T23:24:25.723Z,"120 km W of Ternate, Indonesia",earthquake,,,,,reviewed,us,us
1980-08-28T16:01:39.400Z,19.206,-108.814,10,4.3,mb,,,,,us,usp00019k4,2014-11-06T23:24:25.721Z,"Revilla Gigedo Islands region",earthquake,,,,,reviewed,us,us
1980-08-28T14:37:51.300Z,-30.697,24.399,33,4.9,mb,,,,,us,usp00019k3,2020-08-26T21:12:24.161Z,"37 km E of De Aar, South Africa",earthquake,,,,,reviewed,us,us
1980-08-28T11:40:17.100Z,-22.723,-66.274,294,4.6,mb,,,,,us,usp00019k2,2014-11-06T23:24:25.719Z,"59 km W of Abra Pampa, Argentina",earthquake,,,,,reviewed,us,us
1980-08-28T11:04:14.110Z,19.3983333,-155.2618333,1.904,2.66,ml,35,44,,0.1,hv,hv19802539,2020-03-31T17:25:18.880Z,"5 km SSW of Volcano, Hawaii",earthquake,0.26,0.25,0.13,2,reviewed,hv,hv
1980-08-28T10:35:15.120Z,19.3943333,-155.259,-0.986,2.52,ml,14,106,,0.13,hv,hv19802531,2020-03-31T17:25:17.720Z,"5 km SSW of Volcano, Hawaii",earthquake,0.23,0.36,0.04,2,reviewed,hv,hv
1980-08-28T09:47:12.800Z,5.728,126.034,121,4.2,mb,,,,,us,usp00019k1,2014-11-06T23:24:25.718Z,"48 km ESE of Caburan, Philippines",earthquake,,,,,reviewed,us,us
1980-08-28T08:36:47.900Z,24.674,123.564,33,3.9,mb,,,,,us,usp00019k0,2014-11-06T23:24:25.717Z,"61 km ENE of Yonakuni, Japan",earthquake,,,,,reviewed,us,us
1980-08-28T07:55:24.200Z,15.81,94.78,40,4.8,mb,,,,,us,usp00019jz,2014-11-06T23:24:25.716Z,"81 km SW of Mawlamyinegyunn, Myanmar",earthquake,,,,,reviewed,us,us
1980-08-28T06:48:45.150Z,19.3863333,-155.2575,0.409,3.29,ml,31,39,,0.11,hv,hv19802497,2020-03-31T17:25:12.850Z,"6 km SSW of Volcano, Hawaii",earthquake,0.24,0.26,0.27,2,reviewed,hv,hv
1980-08-28T05:32:59.090Z,19.4478333,-155.3471667,3.992,2.54,ml,25,51,,0.11,hv,hv19802479,2020-03-31T17:24:29.360Z,"11 km W of Volcano, Hawaii",earthquake,0.36,0.89,0.18,2,reviewed,hv,hv
1980-08-28T04:49:20.500Z,19.3881667,-155.2565,0.499,2.6,ml,18,88,,0.07,hv,hv19802471,2020-03-31T17:24:28.240Z,"6 km SSW of Volcano, Hawaii",earthquake,0.27,0.3,0.28,2,reviewed,hv,hv
1980-08-28T04:19:07.440Z,19.3916667,-155.2533333,0.399,2.69,ml,20,95,,0.09,hv,hv19802463,2020-03-31T17:24:27.100Z,"6 km SSW of Volcano, Hawaii",earthquake,0.24,0.31,0.21,2,reviewed,hv,hv
1980-08-28T04:13:12.300Z,19.3961667,-155.263,1.749,2.59,ml,19,107,,0.05,hv,hv19802460,2020-03-31T17:24:26.640Z,"5 km SSW of Volcano, Hawaii",earthquake,0.27,0.26,0.07,1,reviewed,hv,hv
1980-08-28T03:56:51.820Z,19.3925,-155.2571667,0.409,2.6,ml,21,100,,0.06,hv,hv19802452,2020-03-31T17:24:25.530Z,"6 km SSW of Volcano, Hawaii",earthquake,0.22,0.25,,1,reviewed,hv,hv
1980-08-28T03:54:33.590Z,19.389,-155.252,0.586,2.53,ml,22,93,,0.1,hv,hv19802451,2020-03-31T17:24:25.380Z,"6 km SSW of Volcano, Hawaii",earthquake,0.32,0.38,0.47,2,reviewed,hv,hv
1980-08-28T03:33:35.400Z,21.902,94.931,120,4.6,mb,,,,,us,usp00019jy,2014-11-06T23:24:25.715Z,"31 km SW of Monywa, Myanmar",earthquake,,,,,reviewed,us,us
1980-08-28T03:28:56.170Z,19.4066667,-155.2648333,0.363,2.99,ml,19,119,,0.09,hv,hv19802440,2020-03-31T17:24:23.830Z,"5 km SW of Volcano, Hawaii",earthquake,0.27,0.28,0.05,2,reviewed,hv,hv
1980-08-28T03:26:16.180Z,19.4036667,-155.2703333,0.383,2.66,ml,14,112,,0.08,hv,hv19802439,2020-03-31T17:24:23.690Z,"5 km SW of Volcano, Hawaii",earthquake,0.27,0.21,0.13,2,reviewed,hv,hv
1980-08-28T03:25:16.300Z,19.3795,-155.2343333,0.282,2.79,ml,17,67,,0.08,hv,hv19802438,2020-03-31T17:24:23.540Z,"7 km S of Volcano, Hawaii",earthquake,0.31,0.35,,2,reviewed,hv,hv
1980-08-28T03:11:40.600Z,-10.634,116.662,40,5.2,mb,,,,,us,usp00019jx,2014-11-06T23:24:25.714Z,"217 km SSE of Praya, Indonesia",earthquake,,,,,reviewed,us,us
1980-08-28T03:10:17.260Z,19.3938333,-155.2543333,0.719,2.58,ml,17,102,,0.06,hv,hv19802434,2020-03-31T17:24:22.960Z,"5 km SSW of Volcano, Hawaii",earthquake,0.24,0.31,,2,reviewed,hv,hv
1980-08-28T02:34:01.230Z,19.3816667,-155.2443333,-0.598,3.95,ml,44,47,,0.11,hv,hv19802425,2020-03-31T17:24:21.650Z,"6 km S of Volcano, Hawaii",earthquake,0.23,0.34,0.08,4,reviewed,hv,hv
1980-08-28T02:26:54.930Z,19.3875,-155.2415,2.072,2.94,ml,41,44,,0.09,hv,hv19802420,2020-03-31T17:24:20.920Z,"6 km S of Volcano, Hawaii",earthquake,0.31,0.37,0.04,2,reviewed,hv,hv
1980-08-28T01:35:35.650Z,19.3883333,-155.2446667,2.172,2.66,ml,38,44,,0.1,hv,hv19802397,2020-03-31T17:24:17.630Z,"6 km S of Volcano, Hawaii",earthquake,0.32,0.39,0.13,2,reviewed,hv,hv
1980-08-28T01:34:40.300Z,19.3821667,-155.2425,1.592,2.5,ml,17,63,,0.08,hv,hv19802396,2020-03-31T17:24:17.500Z,"6 km S of Volcano, Hawaii",earthquake,0.33,0.45,0.11,2,reviewed,hv,hv
1980-08-28T01:33:49.420Z,19.3885,-155.2488333,1.342,2.51,ml,15,98,,0.09,hv,hv19802395,2020-03-31T17:24:17.360Z,"6 km SSW of Volcano, Hawaii",earthquake,0.35,0.4,0.09,2,reviewed,hv,hv
1980-08-28T01:28:12.780Z,19.3848333,-155.241,-1.058,2.53,ml,13,106,,0.1,hv,hv19802389,2020-03-31T17:24:16.470Z,"6 km S of Volcano, Hawaii",earthquake,0.22,0.39,,2,reviewed,hv,hv
1980-08-28T01:25:58.710Z,19.3885,-155.244,2.402,3.06,ml,34,44,,0.09,hv,hv19802387,2020-03-31T17:24:31.420Z,"6 km S of Volcano, Hawaii",earthquake,0.34,0.42,0.11,2,reviewed,hv,hv
1980-08-28T01:10:00.000Z,19.3901667,-155.2481667,2.032,2.57,ml,13,96,,0.05,hv,hv19802375,2020-03-31T17:23:34.900Z,"6 km SSW of Volcano, Hawaii",earthquake,0.39,0.49,0.05,2,reviewed,hv,hv
1980-08-28T00:13:28.200Z,-2.376,133.467,33,4.9,mb,,,,,us,usp00019jw,2014-11-06T23:24:25.713Z,"180 km SSW of Manokwari, Indonesia",earthquake,,,,,reviewed,us,us
1980-08-27T20:23:51.200Z,44.029,84.998,33,4.6,mb,,,,,us,usp00019jv,2026-01-07T19:19:49.626Z,"88 km WSW of Shihezi, China",earthquake,,,,,reviewed,us,us
1980-08-27T20:11:13.500Z,36.812,48.756,33,4.1,mb,,,,,us,usp00019ju,2014-11-06T23:24:25.711Z,"27 km ENE of Zanj?n, Iran",earthquake,,,,,reviewed,us,us
1980-08-27T19:47:01.840Z,37.6286667,-118.8506667,6.951,2.94,md,5,171,0.04324,0.04,nc,nc1055327,2016-12-14T01:28:43.112Z,"10 km ESE of Mammoth Lakes, California",earthquake,4.69,6.78,0.27,6,reviewed,nc,nc
1980-08-27T17:36:46.700Z,8.241,137.623,33,4.9,mb,,,,,us,usp00019jt,2014-11-06T23:24:25.710Z,"151 km SSW of Colonia, Micronesia",earthquake,,,,,reviewed,us,us
1980-08-27T15:58:52.690Z,37.5696667,-121.6598333,2.627,2.77,md,44,71,0.01622,0.09,nc,nc1055324,2016-12-14T01:28:30.260Z,"15 km SE of Livermore, California",earthquake,0.18,0.37,0.1,19,reviewed,nc,nc
1980-08-27T13:06:03.500Z,-57.638,157.95,33,4.6,mb,,,,,us,usp00019js,2014-11-06T23:24:25.709Z,"Macquarie Island region",earthquake,,,,,reviewed,us,us
1980-08-27T11:58:54.080Z,19.9021667,-155.2836667,35.597,3.02,ml,45,175,,0.11,hv,hv19802340,2020-03-31T17:23:29.800Z,"10 km SSW of Laup?hoehoe, Hawaii",earthquake,0.71,1.34,0.16,3,reviewed,hv,hv
1980-08-27T10:33:03.170Z,36.3846667,-120.9606667,6.791,2.53,md,21,82,0.06216,0.07,nc,nc1055319,2016-12-14T01:28:09.570Z,"24 km NE of King City, California",earthquake,0.26,0.73,0.19,21,reviewed,nc,nc
1980-08-27T09:40:29.700Z,-6.35,149.397,54,4.6,mb,,,,,us,usp00019jr,2014-11-06T23:24:25.708Z,"22 km SW of Kandrian, Papua New Guinea",earthquake,,,,,reviewed,us,us
1980-08-27T04:41:47.360Z,37.7015,-119.4,6,2.77,ml,7,197,,1.05,ci,ci3303202,2016-04-02T13:59:15.369Z,"16km ESE of Yosemite Valley, CA",earthquake,4.35,31.61,0.095,8,reviewed,ci,ci
1980-08-27T04:30:16.700Z,15.869,94.701,29,5.5,mb,,,,,us,usp00019jq,2025-12-19T21:56:43.449Z,"82 km SW of Mawlamyinegyunn, Myanmar",earthquake,,,,,reviewed,us,us
1980-08-26T22:38:26.450Z,19.3285,-155.193,8.713,2.97,ml,44,88,,0.09,hv,hv19802336,2020-03-31T17:23:29.130Z,"13 km SSE of Volcano, Hawaii",earthquake,0.33,0.37,0.08,2,reviewed,hv,hv
1980-08-26T17:20:45.300Z,-40.049,175.066,46,4.7,mb,,,,,us,usp00019jp,2014-11-06T23:24:25.706Z,"12 km S of Wanganui, New Zealand",earthquake,,,,,reviewed,us,us
1980-08-26T17:05:05.600Z,-31.987,-178.024,33,4.9,mb,,,,,us,usp00019jn,2014-11-06T23:24:25.693Z,"Kermadec Islands region",earthquake,,,,,reviewed,us,us
1980-08-26T13:04:57.700Z,14.326,146.934,53,4.1,mb,,,,,us,usp00019jm,2014-11-06T23:24:25.572Z,"158 km ESE of San Jose Village, Northern Mariana Islands",earthquake,,,,,reviewed,us,us
1980-08-26T11:12:36.840Z,37.7433333,-118.7308333,6,2.64,ml,4,282,,0.83,ci,ci9734830,2016-02-03T03:01:42.830Z,"25km ENE of Mammoth Lakes, CA",earthquake,9.7,31.61,0.255,12,reviewed,ci,ci
1980-08-26T08:19:50.250Z,19.3405,-155.4968333,8.758,2.63,ml,41,66,,0.1,hv,hv19802333,2020-03-31T17:23:28.630Z,"15 km N of P?hala, Hawaii",earthquake,0.37,0.66,0.04,2,reviewed,hv,hv
1980-08-26T07:10:15.420Z,40.4618333,-121.5506667,1.769,2.72,md,19,49,0.01982,0.1,nc,nc1055296,2016-12-14T01:26:42.549Z,"13 km NNE of Mineral, California",earthquake,0.27,0.54,0.05,19,reviewed,nc,nc
1980-08-26T05:08:08.800Z,30.305,94.888,33,4.7,mb,,,,,us,usp00019jj,2014-11-06T23:24:25.570Z,"202 km NNE of Shi Yomi, India",earthquake,,,,,reviewed,us,us
1980-08-26T03:11:27.260Z,33.3683333,-116.3983333,5.67,2.81,ml,47,41,,0.27,ci,ci3304875,2016-04-01T21:59:04.483Z,"13km N of Borrego Springs, CA",earthquake,0.31,2.23,0.235,8,reviewed,ci,ci
1980-08-26T01:35:03.400Z,62.762,-153.036,33,3.9,ml,,,,,us,usp00019jg,2014-11-06T23:24:25.568Z,"73 km ESE of Nikolai, Alaska",earthquake,,,,,reviewed,us,pmr
1980-08-26T00:50:10.850Z,39.4558333,-120.3121667,5.277,2.7,md,30,125,0.09279,0.09,nc,nc1055293,2016-12-14T01:26:30.731Z,"15 km SSE of Sierraville, California",earthquake,0.31,1.29,0.13,12,reviewed,nc,nc
1980-08-25T21:38:58.000Z,-14.784,167.915,33,5.5,mb,,,,,us,usp00019je,2026-01-07T19:21:17.755Z,"95 km ENE of Port-Olry, Vanuatu",earthquake,,,,,reviewed,us,us
1980-08-25T19:22:30.900Z,13.795,120.674,114,4.8,mb,,,,,us,usp00019jd,2014-11-06T23:24:25.564Z,"6 km SE of Calatagan, Philippines",earthquake,,,,,reviewed,us,us
1980-08-25T18:14:49.680Z,37.5428333,-118.8708333,3.851,3.09,md,10,170,0.05946,0.09,nc,nc1055287,2016-12-14T01:26:06.589Z,"13 km W of Aspen Springs, California",earthquake,0.46,0.76,0.3,8,reviewed,nc,nc
1980-08-25T16:32:42.800Z,33.624,48.641,67,4.4,mb,,,,,us,usp00019ja,2014-11-06T23:24:25.560Z,"26 km W of Azn?, Iran",earthquake,,,,,reviewed,us,us
1980-08-25T15:58:37.480Z,39.9586667,-120.108,5.692,3.4,ml,30,110,0.2054,0.14,nc,nc1055285,2016-12-14T01:25:57.300Z,"7 km S of Doyle, California",earthquake,0.36,0.86,,0,reviewed,nc,nc
1980-08-25T15:45:18.400Z,65.299,-149.962,37,3.6,ml,,,,,us,usp00019j8,2014-11-06T23:24:25.558Z,"24 km SSE of Rampart, Alaska",earthquake,,,,,reviewed,us,pmr
1980-08-25T14:13:53.000Z,-6.228,145.66,135,4.4,mb,,,,,us,usp00019j7,2014-11-06T23:24:25.557Z,"23 km WNW of Kainantu, Papua New Guinea",earthquake,,,,,reviewed,us,us
1980-08-25T13:38:24.400Z,59.947,-152.534,33,4.8,mb,,,,,us,usp00019j6,2014-11-06T23:24:25.556Z,"43 km WNW of Anchor Point, Alaska",earthquake,,,,,reviewed,us,us
1980-08-25T08:36:51.000Z,37.781,21.496,33,3.6,ml,,,,,us,usp00019j4,2014-11-06T23:24:25.554Z,"6 km NW of Karátoula, Greece",earthquake,,,,,reviewed,us,ath
1980-08-25T07:53:21.200Z,25.404,126.156,96,4.5,mb,,,,,us,usp00019j3,2025-12-19T21:56:42.754Z,"108 km NE of Hirara, Japan",earthquake,,,,,reviewed,us,us
1980-08-25T07:46:13.750Z,33.123,-115.6421667,12.38,2.99,ml,12,101,0.04446,0.44,ci,ci9734798,2016-02-02T21:39:38.780Z,"10km NNW of Westmorland, CA",earthquake,0.86,1.63,0.432,18,reviewed,ci,ci
1980-08-25T03:55:24.940Z,36.2545,-118.2358333,6,2.75,ml,3,165,0.2237,0.16,ci,ci9734782,2016-02-03T00:17:12.640Z,"21km W of Olancha, CA",earthquake,1.86,17.88,0.19,14,reviewed,ci,ci
1980-08-25T03:46:57.000Z,30.392,94.842,33,4.6,mb,,,,,us,usp00019j2,2025-12-19T21:56:42.024Z,"211 km NNE of Shi Yomi, India",earthquake,,,,,reviewed,us,us
1980-08-25T03:26:24.950Z,33.1331667,-115.6365,13.34,2.91,ml,29,60,0.03415,0.28,ci,ci3304833,2016-04-02T04:28:04.583Z,"11km N of Westmorland, CA",earthquake,0.49,0.87,0.107,18,reviewed,ci,ci
1980-08-25T02:37:29.480Z,39.2725,-120.1481667,6.962,2.76,md,15,131,0.06847,0.03,nc,nc1055271,2016-12-14T01:24:59.562Z,"6 km SSE of Truckee, California",earthquake,0.35,0.38,0.2,12,reviewed,nc,nc
1980-08-25T01:40:06.000Z,-2.913,101.273,72,5.1,mb,,,,,us,usp00019j0,2014-11-06T23:24:25.551Z,"95 km S of Sungai Penuh, Indonesia",earthquake,,,,,reviewed,us,us
1980-08-25T01:38:47.720Z,33.1355,-115.631,10.4,2.89,mh,15,80,0.07062,0.26,ci,ci3304832,2016-04-02T11:03:10.006Z,"11km W of Calipatria, CA",earthquake,0.78,1.79,0.854,10,reviewed,ci,ci
1980-08-25T00:40:48.200Z,51.115,15.745,10,3.3,ml,,,,,us,usp00019hz,2014-11-06T23:24:25.550Z,"10 km SSW of Olszanica, Poland",earthquake,,,,,reviewed,us,grf
1980-08-24T23:53:40.200Z,-32.313,-72.125,33,4.8,mb,,,,,us,usp00019hy,2014-11-06T23:24:25.549Z,"85 km W of La Ligua, Chile",earthquake,,,,,reviewed,us,us
1980-08-24T23:38:49.670Z,37.6136667,-118.8243333,2.471,3.35,md,5,138,0.02342,0.06,nc,nc1055269,2016-12-14T01:24:51.700Z,"11 km WNW of Aspen Springs, California",earthquake,4.7,5.95,0.26,8,reviewed,nc,nc
1980-08-24T22:57:01.500Z,9.389,126.666,57,4.4,mb,,,,,us,usp00019hw,2014-11-06T23:24:25.547Z,"53 km ENE of Cortes, Philippines",earthquake,,,,,reviewed,us,us
1980-08-24T21:14:35.650Z,19.3141667,-155.1903333,7.503,3.01,ml,42,109,,0.11,hv,hv19802325,2020-03-31T17:23:27.340Z,"14 km SSE of Volcano, Hawaii",earthquake,0.35,0.46,0.02,2,reviewed,hv,hv
1980-08-24T20:56:35.200Z,1.347,123.639,260,4.6,mb,,,,,us,usp00019hv,2014-11-06T23:24:25.546Z,"110 km NE of Gorontalo, Indonesia",earthquake,,,,,reviewed,us,us
1980-08-24T20:42:21.400Z,-6.966,129.937,101,5.1,mb,,,,,us,usp00019hu,2014-11-06T23:24:25.545Z,"Banda Sea",earthquake,,,,,reviewed,us,us
1980-08-24T20:10:04.200Z,-15.222,-173.674,39,6.2,ms,,,,,us,usp00019ht,2025-12-19T21:56:41.297Z,"82 km N of Hihifo, Tonga",earthquake,,,,,reviewed,us,us
1980-08-24T19:26:36.700Z,-23.038,-69.088,75,4.8,mb,,,,,us,usp00019hs,2014-11-06T23:24:25.523Z,"66 km SSW of Calama, Chile",earthquake,,,,,reviewed,us,us
1980-08-24T16:45:27.000Z,-40.068,175.412,57,4.7,mb,,,,,us,usp00019hr,2014-11-06T23:24:25.522Z,"12 km N of Bulls, New Zealand",earthquake,,,,,reviewed,us,us
1980-08-24T16:18:29.160Z,40.4081667,-124.3151667,25.08,3.3,ml,19,225,0.02613,0.05,nc,nc1055260,2016-12-14T01:24:14.394Z,"19 km SSW of Ferndale, California",earthquake,0.84,0.7,,0,reviewed,nc,nc
1980-08-24T15:35:44.210Z,38.8006667,-122.7675,1.648,2.59,md,32,35,0.01081,0.04,nc,nc1055257,2016-12-14T01:24:00.750Z,"4 km WSW of Cobb, California",earthquake,0.15,0.29,0.07,19,reviewed,nc,nc
1980-08-24T14:48:04.750Z,19.5461667,-155.624,6.29,2.53,ml,29,135,,0.13,hv,hv19802321,2020-03-31T17:23:26.700Z,"27 km ENE of Honaunau-Napoopoo, Hawaii",earthquake,0.51,0.81,,2,reviewed,hv,hv
1980-08-24T14:46:09.700Z,-23.947,-179.94,504,4.9,mb,,,,,us,usp00019hq,2014-11-06T23:24:25.521Z,"south of the Fiji Islands",earthquake,,,,,reviewed,us,us
1980-08-24T13:43:40.200Z,31.68,141.566,48,4.7,mb,,,,,us,usp00019hp,2014-11-06T23:24:25.520Z,"Izu Islands, Japan region",earthquake,,,,,reviewed,us,us
1980-08-24T12:42:48.380Z,37.5596667,-121.6681667,2.257,2.68,md,30,111,0.01081,0.1,nc,nc1055243,2016-12-14T01:23:03.060Z,"16 km SSE of Livermore, California",earthquake,0.28,0.44,0.07,7,reviewed,nc,nc
1980-08-24T12:41:17.510Z,37.5661667,-121.6751667,2.836,4,ml,62,81,0.003604,0.06,nc,nc1055242,2016-12-14T01:22:58.040Z,"15 km SSE of Livermore, California",earthquake,0.16,0.32,,0,reviewed,nc,nc
1980-08-24T11:18:44.110Z,15.419,96.127,28,5.07,mw,,,,,iscgemsup,iscgemsup640528,2026-01-07T19:21:16.998Z,"107 km SSE of Pyapon, Burma (Myanmar)",earthquake,,3.2,0.2,,reviewed,iscgemsup,iscgemsup
1980-08-24T09:15:42.100Z,-6.591,150.512,33,3.6,mb,,,,,us,usp00019hk,2014-11-06T23:24:25.517Z,"114 km ESE of Kandrian, Papua New Guinea",earthquake,,,,,reviewed,us,us
1980-08-24T08:32:22.500Z,47.186,-112.924,5,3.4,ml,,,,,us,usp00019hj,2014-11-06T23:24:25.516Z,"24 km NE of Ovando, Montana",earthquake,,,,,reviewed,us,gs
1980-08-24T05:44:17.400Z,53.236,159.732,54,4.7,mb,,,,,us,usp00019hg,2014-11-06T23:24:25.514Z,"75 km ENE of Petropavlovsk-Kamchatsky, Russia",earthquake,,,,,reviewed,us,us
1980-08-24T05:06:15.800Z,38.401,143.546,33,4.6,mb,,,,,us,usp00019hf,2026-01-07T19:21:16.425Z,"175 km SE of Kamaishi, Japan",earthquake,,,,,reviewed,us,us
1980-08-24T02:54:26.700Z,62.452,-26.026,10,4.4,mb,,,,,us,usp00019he,2014-11-06T23:24:25.513Z,"237 km SW of Grindavík, Iceland",earthquake,,,,,reviewed,us,us
1980-08-24T01:05:58.100Z,-14.249,167.004,182,4.6,mb,,,,,us,usp00019hd,2014-11-06T23:24:25.512Z,"72 km SW of Sola, Vanuatu",earthquake,,,,,reviewed,us,us
1980-08-24T01:01:07.400Z,8.069,-77.341,82,5,mb,,,,,us,usp00019hc,2014-11-06T23:24:25.511Z,"18 km ENE of Púcuro, Panama",earthquake,,,,,reviewed,us,us
1980-08-24T00:52:46.700Z,7.919,-77.844,33,5.2,mb,,,,,us,usp00019hb,2022-04-28T01:31:17.410Z,"14 km SSE of Camogantí, Panama",earthquake,,,,,reviewed,us,us
1980-08-24T00:40:52.200Z,55.466,-159.083,53,4.4,mb,,,,,us,usp00019ha,2014-11-06T23:24:25.509Z,"49 km S of Perryville, Alaska",earthquake,,,,,reviewed,us,us
1980-08-23T21:50:03.000Z,32.834,75.629,33,5.2,mb,,,,,us,usp00019h9,2025-12-19T21:56:40.510Z,"18 km SSW of Bhadarw?h, India",earthquake,,,,,reviewed,us,us
1980-08-23T21:36:51.600Z,32.913,75.633,25,5.2,mb,,,,,us,usp00019h8,2025-12-19T21:56:39.812Z,"10 km SW of Bhadarw?h, India",earthquake,,,,,reviewed,us,us
1980-08-23T19:39:20.900Z,17.099,122.5,28,5.1,mb,,,,,us,usp00019h7,2026-01-07T19:21:15.856Z,"9 km ENE of Dicabisagan, Philippines",earthquake,,,,,reviewed,us,us
1980-08-23T19:18:50.800Z,-28.028,-66.719,174,4.5,mb,,,,,us,usp00019h6,2014-11-06T23:24:25.505Z,"53 km SE of Londres, Argentina",earthquake,,,,,reviewed,us,us
1980-08-23T18:28:44.800Z,10.961,-85.608,33,4.9,mb,,,,,us,usp00019h5,2014-11-06T23:24:25.504Z,"12 km SSE of La Cruz, Costa Rica",earthquake,,,,,reviewed,us,us
1980-08-23T17:27:42.870Z,38.8058333,-122.8075,1.708,2.84,md,29,46,0.03333,0.05,nc,nc1055224,2016-12-14T01:21:44.187Z,"7 km WSW of Cobb, California",earthquake,0.19,0.41,0.14,14,reviewed,nc,nc
1980-08-23T15:27:35.900Z,38.7965,-122.766,4.288,2.91,md,28,46,0.01261,0.05,nc,nc1055220,2016-12-14T01:21:25.822Z,"4 km SW of Cobb, California",earthquake,0.21,0.35,0.09,25,reviewed,nc,nc
1980-08-23T15:24:29.400Z,-11.886,165.097,33,4.8,mb,,,,,us,usp00019h3,2014-11-06T23:24:25.502Z,"149 km SSW of Lata, Solomon Islands",earthquake,,,,,reviewed,us,us
1980-08-23T14:57:00.660Z,40.4456667,-124.5935,20.269,2.67,md,19,283,0.1982,0.05,nc,nc1055219,2016-12-14T01:21:21.588Z,"31 km WSW of Ferndale, California",earthquake,2.57,0.42,0.05,5,reviewed,nc,nc
1980-08-23T13:25:19.400Z,30.289,94.845,45,4.7,mb,,,,,us,usp00019h1,2026-01-07T19:21:15.339Z,"200 km NNE of Shi Yomi, India",earthquake,,,,,reviewed,us,us
1980-08-23T13:11:00.950Z,40.4071667,-125.38,13.287,2.76,md,20,308,0.8,0.07,nc,nc1055218,2016-12-14T01:21:17.866Z,"96 km WSW of Ferndale, California",earthquake,3.51,6.05,0.24,9,reviewed,nc,nc
1980-08-23T12:10:12.490Z,19.3378333,-155.2136667,8.685,2.81,ml,44,69,,0.1,hv,hv19802311,2020-03-31T17:23:25.110Z,"11 km S of Volcano, Hawaii",earthquake,0.33,0.4,0.04,2,reviewed,hv,hv
1980-08-23T11:16:33.900Z,86.371,33.855,10,4.8,mb,,,,,us,usp00019gz,2014-11-06T23:24:25.498Z,"north of Svalbard",earthquake,,,,,reviewed,us,us
1980-08-23T08:43:36.470Z,33.4861667,-116.5845,14.35,2.98,ml,23,55,0.1133,0.31,ci,ci9734722,2016-02-02T21:39:37.220Z,"11km SE of Anza, CA",earthquake,0.56,0.87,0.081,14,reviewed,ci,ci
1980-08-23T06:50:42.650Z,33.2645,-116.119,4.44,3.64,ml,19,45,0.1885,0.48,ci,ci9734718,2016-02-02T20:20:36.040Z,"14km N of Ocotillo Wells, CA",earthquake,0.94,2.51,0.134,26,reviewed,ci,ci
1980-08-23T04:33:51.270Z,19.3343333,-155.1921667,8.133,2.82,ml,41,82,,0.09,hv,hv19802307,2020-03-31T17:23:24.470Z,"12 km SSE of Volcano, Hawaii",earthquake,0.32,0.46,0.11,2,reviewed,hv,hv
1980-08-23T04:28:13.600Z,6.824,-73.013,160,4.9,mb,,,,,us,usp00019gv,2014-11-06T23:24:25.494Z,"8 km NNW of Cepitá, Colombia",earthquake,,,,,reviewed,us,us
1980-08-23T03:51:00.500Z,59.996,-149.583,33,3,ml,,,,,us,usp00019gt,2014-11-06T23:24:25.492Z,"11 km SW of Lowell Point, Alaska",earthquake,,,,,reviewed,us,pmr
1980-08-23T03:49:02.500Z,37.995,-84.922,5,3.1,mb_lg,,,2.14039,,se,se60087,2022-06-28T13:46:14.398Z,"5 km SSW of Lawrenceburg, Kentucky",earthquake,,,,,reviewed,us,us
1980-08-23T01:34:43.500Z,7.951,-77.739,33,5,mb,,,,,us,usp00019gr,2022-04-28T01:31:08.376Z,"18 km WSW of Boca de Cupé, Panama",earthquake,,,,,reviewed,us,us
1980-08-23T01:03:48.700Z,-6.562,154.98,51,4.7,mb,,,,,us,usp00019gq,2014-11-06T23:24:25.490Z,"62 km WSW of Panguna, Papua New Guinea",earthquake,,,,,reviewed,us,us
1980-08-23T00:45:54.800Z,55.03,-160.399,38,5.3,mb,,,,,us,usp00019gp,2025-12-19T21:56:38.958Z,"34 km S of Sand Point, Alaska",earthquake,,,,,reviewed,us,us
1980-08-23T00:35:58.500Z,14.92,-93.949,33,4.4,mb,,,,,us,usp00019gn,2014-11-06T23:24:25.488Z,"101 km SW of El Palmarcito, Mexico",earthquake,,,,,reviewed,us,us
1980-08-22T21:09:06.400Z,44.361,18.586,10,4.4,ml,,,,,us,usp00019gk,2014-11-06T23:24:25.486Z,"6 km SE of Banovi?i, Bosnia and Herzegovina",earthquake,,,,,reviewed,us,tri
1980-08-22T19:33:07.900Z,44.316,85.154,33,4.3,mb,,,,,us,usp00019gj,2014-11-06T23:24:25.484Z,"70 km W of Shihezi, China",earthquake,,,,,reviewed,us,us
1980-08-22T18:19:52.210Z,48.2213333,-121.6523333,0.748,3,md,28,120,,0.32,uw,uw10085918,2016-07-24T21:45:14.750Z,"5 km SW of Darrington, Washington",earthquake,2.639,99.9,0.25,6,reviewed,uw,uw
1980-08-22T17:52:56.650Z,19.3328333,-155.1138333,9.256,2.95,ml,41,105,,0.1,hv,hv19802305,2020-03-31T17:23:24.120Z,"14 km S of Fern Forest, Hawaii",earthquake,0.44,0.41,0.16,2,reviewed,hv,hv
1980-08-22T17:50:53.200Z,-5.851,149.145,151,4.9,mb,,,,,us,usp00019gh,2014-11-06T23:24:25.483Z,"59 km NW of Kandrian, Papua New Guinea",earthquake,,,,,reviewed,us,us
1980-08-22T17:26:11.150Z,37.5075,-118.7938333,7.601,2.96,md,8,196,0.08649,0.09,nc,nc1055205,2016-12-14T01:20:25.319Z,"8 km SW of Aspen Springs, California",earthquake,0.85,1.04,0.21,7,reviewed,nc,nc
1980-08-22T16:53:03.700Z,15.419,119.819,73,4.9,mb,,,,,us,usp00019gg,2026-01-07T19:21:14.769Z,"9 km W of Palauig, Philippines",earthquake,,,,,reviewed,us,us
1980-08-22T13:08:51.300Z,-4.998,103.056,50,5.1,mb,,,,,us,usp00019gf,2026-01-07T19:21:14.223Z,"109 km S of Pagar Alam, Indonesia",earthquake,,,,,reviewed,us,us
1980-08-22T12:58:36.200Z,27.219,54.746,33,4.8,mb,,,,,us,usp00019ge,2022-04-28T01:31:01.740Z,"74 km N of Bandar-e Lengeh, Iran",earthquake,,,,,reviewed,us,us
1980-08-22T09:17:16.700Z,12.72,-89.643,33,4.4,mb,,,,,us,usp00019gd,2014-11-06T23:24:25.477Z,"91 km SSW of La Libertad, El Salvador",earthquake,,,,,reviewed,us,us
1980-08-22T08:53:46.800Z,-9.823,-79.824,33,4.6,mb,,,,,us,usp00019gb,2014-11-06T23:24:25.475Z,"158 km SW of Puerto Santa, Peru",earthquake,,,,,reviewed,us,us
1980-08-22T08:41:47.640Z,44.285,84.889,35,5.01,mw,,,,,iscgemsup,iscgemsup640438,2026-01-07T19:21:13.722Z,"6 km SSE of Dushanzi, China",earthquake,,25,0.2,,reviewed,iscgemsup,iscgemsup
1980-08-22T07:17:56.500Z,-22.93,-175.382,75,5,mb,,,,,us,usp00019ga,2014-11-06T23:24:25.474Z,"182 km SSW of ‘Ohonua, Tonga",earthquake,,,,,reviewed,us,us
1980-08-22T07:17:08.300Z,44.548,149.732,45,5,mb,,,,,us,usp00019g9,2025-12-19T21:56:38.236Z,"164 km ESE of Kuril’sk, Russia",earthquake,,,,,reviewed,us,us
1980-08-22T06:51:36.000Z,44.086,84.932,17,5.1,mb,,,,,us,usp00019g8,2026-01-07T19:21:13.224Z,"91 km WSW of Shihezi, China",earthquake,,,,,reviewed,us,us
1980-08-22T06:02:39.530Z,40.0201667,-121.3495,1.898,2.55,md,11,307,0.3874,0.03,nc,nc1055193,2016-12-14T01:19:36.141Z,"8 km W of Belden, California",earthquake,4.01,6.55,0.09,12,reviewed,nc,nc
1980-08-22T02:13:16.100Z,12.574,142.502,121,5,mb,,,,,us,usp00019g6,2014-11-06T23:24:25.469Z,"247 km WSW of Merizo Village, Guam",earthquake,,,,,reviewed,us,us
1980-08-22T00:43:48.700Z,61.6,-152.35,128,4.3,mb,,,,,us,usp00019g5,2014-11-06T23:24:25.468Z,"66 km SW of Skwentna, Alaska",earthquake,,,,,reviewed,us,us
1980-08-21T22:11:03.300Z,-2.026,68.058,10,5.5,ms,,,,,us,usp00019g4,2025-12-19T21:56:37.409Z,"Carlsberg Ridge",earthquake,,,,,reviewed,us,us
1980-08-21T21:55:36.400Z,-0.353,124.681,96,4.5,mb,,,,,us,usp00019g3,2014-11-06T23:24:25.463Z,"185 km S of Tomohon, Indonesia",earthquake,,,,,reviewed,us,us
1980-08-21T21:27:13.470Z,38.8073333,-122.8035,-0.885,2.58,md,20,72,0.007207,0.16,nc,nc1055181,2016-12-14T01:18:53.545Z,"7 km WSW of Cobb, California",earthquake,0.32,0.61,0.17,17,reviewed,nc,nc
1980-08-21T19:59:46.510Z,37.257,-121.6396667,6.263,3.1,ml,79,31,0.02793,0.05,nc,nc1055178,2016-12-14T01:18:39.380Z,"14 km N of Morgan Hill, California",earthquake,0.14,0.29,,0,reviewed,nc,nc
1980-08-21T19:19:47.950Z,39,-122,6,3.26,mh,0,289,,0.26,ci,ci3304709,2016-04-02T17:16:43.390Z,"5km ESE of Arbuckle, CA",earthquake,5,31.61,0.197,10,reviewed,ci,ci
1980-08-21T19:06:07.340Z,-0.248,124.439,56.4,5.41,mw,,,,,iscgem,iscgem640408,2025-12-19T21:43:43.675Z,"77 km S of Modisi, Indonesia",earthquake,,6.1,0.31,,reviewed,iscgem,iscgem
1980-08-21T17:48:18.500Z,9.756,126.549,27,4.6,mb,,,,,us,usp00019g1,2026-01-07T19:19:49.058Z,"48 km E of Union, Philippines",earthquake,,,,,reviewed,us,us
1980-08-21T13:44:50.400Z,46.69,152.503,33,5,mb,,,,,us,usp00019g0,2014-11-06T23:24:25.460Z,"Kuril Islands",earthquake,,,,,reviewed,us,us
1980-08-21T12:07:20.100Z,-41.318,80.508,10,6.3,ms,,,,,us,usp00019fz,2025-12-19T21:56:36.671Z,"Mid-Indian Ridge",earthquake,,,,,reviewed,us,us
1980-08-21T11:52:37.200Z,43.05,147.942,33,4.4,mb,,,,,us,usp00019fy,2014-11-06T23:24:25.458Z,"129 km SE of Shikotan, Russia",earthquake,,,,,reviewed,us,us
1980-08-21T09:56:55.100Z,-17.144,-176.815,482,3.9,mb,,,,,us,usp00019fx,2014-11-06T23:24:25.457Z,"Fiji region",earthquake,,,,,reviewed,us,us
1980-08-21T09:15:28.340Z,19.256,-155.1081667,46.075,2.96,ml,44,200,,0.1,hv,hv19802295,2020-03-31T17:23:22.530Z,"23 km S of Fern Forest, Hawaii",earthquake,1.07,1.58,0.19,2,reviewed,hv,hv
1980-08-21T08:17:09.100Z,11.792,142.041,35,4.9,mb,,,,,us,usp00019fw,2014-11-06T23:24:25.456Z,"279 km NE of Fais, Micronesia",earthquake,,,,,reviewed,us,us
1980-08-21T07:49:39.100Z,-34.113,-69.531,29,4.9,mb,,,,,us,usp00019fv,2022-04-28T01:30:48.043Z,"103 km E of Machalí, Chile",earthquake,,,,,reviewed,us,us
1980-08-21T06:14:47.700Z,63.656,-158.027,33,3.5,ml,,,,,us,usp00019ft,2014-11-06T23:24:25.452Z,"82 km SSE of Kaltag, Alaska",earthquake,,,,,reviewed,us,pmr
1980-08-21T04:47:59.560Z,35.3231667,-118.6183333,3.59,3.08,ml,37,102,,0.33,ci,ci3304690,2016-04-02T17:10:17.299Z,"23km ENE of Arvin, CA",earthquake,0.56,1.98,0.142,30,reviewed,ci,ci
1980-08-21T04:36:42.600Z,4.344,124.512,33,4.4,mb,,,,,us,usp00019fr,2014-11-06T23:24:25.451Z,"157 km SW of Sarangani, Philippines",earthquake,,,,,reviewed,us,us
1980-08-21T01:57:26.260Z,37.759,-118.6445,6,2.71,ml,6,235,,0.37,ci,ci3304686,2016-04-02T10:54:43.613Z,"32km ENE of Mammoth Lakes, CA",earthquake,4.21,31.61,0.106,8,reviewed,ci,ci
1980-08-21T01:47:29.000Z,40.672,22.365,10,4,mb,,,,,us,usp00019fq,2014-11-06T23:24:25.449Z,"4 km NNW of Nisí, Greece",earthquake,,,,,reviewed,us,us
1980-08-20T21:04:58.460Z,19.3293333,-155.1843333,9.253,2.85,ml,42,90,,0.1,hv,hv19802293,2020-03-31T17:23:22.200Z,"13 km SSE of Volcano, Hawaii",earthquake,0.38,0.4,0.14,2,reviewed,hv,hv
1980-08-20T20:32:08.200Z,-2.095,-80.187,44,4.6,mb,,,,,us,usp00019fp,2014-11-06T23:24:25.447Z,"22 km WNW of Santa Lucía, Ecuador",earthquake,,,,,reviewed,us,us
1980-08-20T20:08:52.930Z,40.2283333,-121.4128333,2.468,2.7,md,11,279,0.1739,0.05,nc,nc1055170,2016-12-14T01:18:01.821Z,"17 km WSW of Chester, California",earthquake,1.88,5.33,0.13,12,reviewed,nc,nc
1980-08-20T19:38:45.800Z,26.875,126.428,33,5.1,mb,,,,,us,usp00019fn,2026-01-07T19:21:12.587Z,"144 km WNW of Naha, Japan",earthquake,,,,,reviewed,us,us
1980-08-20T17:03:11.660Z,34.6376667,-113.194,0.01,2.5,mh,7,326,0.9495,0.2,ci,ci3304664,2016-04-02T20:17:37.054Z,"100km SE of Kingman, AZ",quarry blast,3.55,31.61,,0,reviewed,ci,ci
1980-08-20T16:06:25.810Z,19.5955,-156.159,23.799,3.61,ml,45,214,,0.12,hv,hv19802292,2020-03-31T17:23:22.030Z,"17 km WSW of Kailua-Kona, Hawaii",earthquake,1.15,2.36,0.18,5,reviewed,hv,hv
1980-08-20T15:05:58.100Z,62.96,-25.051,10,4.6,ms,,,,,us,usp00019fj,2026-01-07T19:21:11.928Z,"163 km SW of Grindavík, Iceland",earthquake,,,,,reviewed,us,us
1980-08-20T14:25:34.700Z,62.714,-25.361,10,4.8,mb,,,,,us,usp00019fh,2026-01-07T19:21:11.250Z,"192 km SW of Grindavík, Iceland",earthquake,,,,,reviewed,us,us
1980-08-20T10:14:48.400Z,60.662,-151.624,87,3.7,mb,,,,,us,usp00019fg,2014-11-06T23:24:25.349Z,"17 km WNW of Salamatof, Alaska",earthquake,,,,,reviewed,us,us
1980-08-20T09:34:52.300Z,41.941,-83.01,5,3.2,,,,,,us,usp00019ff,2014-11-06T23:24:25.347Z,"19 km SSE of Amherstburg, Canada",earthquake,,,,,reviewed,us,slm
1980-08-20T07:26:41.270Z,33.2898333,-116.8398333,15.85,2.69,ml,39,82,,0.44,ci,ci3304656,2016-04-02T17:10:16.060Z,"8km SSE of Palomar Observatory, CA",earthquake,0.67,0.85,0.111,8,reviewed,ci,ci
1980-08-20T06:34:39.100Z,75.262,-2.829,10,4.5,mb,,,,,us,usp00019fe,2025-12-19T21:56:35.998Z,"Greenland Sea",earthquake,,,,,reviewed,us,us
1980-08-20T06:34:16.300Z,44.124,84.907,33,4.7,mb,,,,,us,usp00019fd,2026-01-07T19:21:10.614Z,"92 km WSW of Shihezi, China",earthquake,,,,,reviewed,us,us
1980-08-20T06:21:48.200Z,10.743,92.806,33,5,mb,,,,,us,usp00019fc,2014-11-06T23:24:25.344Z,"102 km S of Port Blair, India",earthquake,,,,,reviewed,us,us
1980-08-20T05:29:00.510Z,37.5458333,-118.8811667,3.211,3.8,ml,10,168,0.06306,0.05,nc,nc1055159,2016-12-14T01:17:19.636Z,"13 km SE of Mammoth Lakes, California",earthquake,0.38,0.63,,0,reviewed,nc,nc
1980-08-20T04:55:12.300Z,40.585,23.234,10,4,ml,,,,,us,usp00019fa,2014-11-06T23:24:25.341Z,"4 km SSE of Gerakaroú, Greece",earthquake,,,,,reviewed,us,ath
1980-08-20T04:44:47.100Z,-15.994,-172.619,33,4.8,mb,,,,,us,usp00019f9,2014-11-06T23:24:25.340Z,"126 km E of Hihifo, Tonga",earthquake,,,,,reviewed,us,us
1980-08-20T03:20:29.600Z,-2.984,128.384,33,3.7,mb,,,,,us,usp00019f8,2014-11-06T23:24:25.339Z,"71 km WNW of Amahai, Indonesia",earthquake,,,,,reviewed,us,us
1980-08-20T01:05:51.300Z,29.517,81.189,33,4.3,mb,,,,,us,usp00019f7,2014-11-06T23:24:25.337Z,"37 km NE of Dipayal, Nepal",earthquake,,,,,reviewed,us,us
1980-08-19T23:40:32.600Z,8.454,126.594,46,5.4,mb,,,,,us,usp00019f6,2025-12-19T21:56:35.140Z,"30 km ENE of Hinatuan, Philippines",earthquake,,,,,reviewed,us,us
1980-08-19T23:16:04.650Z,40.116,-121.3911667,1.221,2.58,md,13,296,0.2874,0.08,nc,nc1055158,2016-12-14T01:17:15.933Z,"14 km ENE of Butte Meadows, California",earthquake,2.97,8.04,0.16,13,reviewed,nc,nc
1980-08-19T21:23:02.100Z,1.739,97.815,33,4.6,mb,,,,,us,usp00019f5,2014-11-06T23:24:25.335Z,"60 km S of Singkil, Indonesia",earthquake,,,,,reviewed,us,us
1980-08-19T21:01:29.000Z,-3.579,140.037,33,5.8,mb,,,,,us,usp00019f4,2025-12-19T21:56:34.337Z,"127 km SSW of Abepura, Indonesia",earthquake,,,,,reviewed,us,us
1980-08-19T20:32:33.480Z,37.5643333,-118.8965,6,2.54,ml,4,264,,0.77,ci,ci9734634,2016-02-03T01:39:08.930Z,"11km SE of Mammoth Lakes, CA",earthquake,8.1,31.61,0.061,8,reviewed,ci,ci
1980-08-19T19:02:40.100Z,-1.463,135.981,33,4.4,mb,,,,,us,usp00019f3,2014-11-06T23:24:25.332Z,"33 km SSW of Biak, Indonesia",earthquake,,,,,reviewed,us,us
1980-08-19T19:02:39.590Z,38.7973333,-122.796,0.164,2.72,md,30,67,0.01081,0.06,nc,nc1055156,2016-12-14T01:17:08.289Z,"6 km WSW of Cobb, California",earthquake,0.15,0.26,0.22,22,reviewed,nc,nc
1980-08-19T16:14:49.300Z,-55.795,147.319,10,5.3,mb,,,,,us,usp00019f2,2025-12-19T21:56:33.505Z,"west of Macquarie Island",earthquake,,,,,reviewed,us,us
1980-08-19T15:30:12.400Z,30.342,94.97,33,4.8,mb,,,,,us,usp00019f1,2026-01-07T19:21:10.001Z,"209 km NNE of Shi Yomi, India",earthquake,,,,,reviewed,us,us
1980-08-19T13:26:05.770Z,31.7613333,-115.9645,6,2.79,ml,9,291,0.8947,0.61,ci,ci9734630,2016-02-03T00:17:03.750Z,"57km E of Maneadero, B.C., MX",earthquake,3.94,31.61,0.04,5,reviewed,ci,ci
1980-08-19T10:34:07.050Z,37.62,-118.8451667,5.781,3.15,md,5,173,0.03333,0.06,nc,nc1055150,2016-12-14T01:16:45.577Z,"11 km ESE of Mammoth Lakes, California",earthquake,5.02,6.71,0.45,7,reviewed,nc,nc
1980-08-19T09:25:17.130Z,19.8305,-155.603,12.37,2.75,ml,35,106,,0.1,hv,hv19802287,2020-03-31T17:23:21.140Z,"22 km SSE of Waimea, Hawaii",earthquake,0.4,0.56,0.02,2,reviewed,hv,hv
1980-08-19T06:45:26.590Z,37.6205,-118.8461667,5.041,4.2,ml,5,173,0.03423,0.07,nc,nc1055147,2016-12-14T01:16:34.159Z,"11 km ESE of Mammoth Lakes, California",earthquake,4.99,6.77,,0,reviewed,nc,nc
1980-08-19T05:56:17.300Z,-8.223,120.441,176,4.4,mb,,,,,us,usp00019ez,2014-11-06T23:24:25.327Z,"43 km N of Ruteng, Indonesia",earthquake,,,,,reviewed,us,us
1980-08-19T00:42:48.000Z,-5.526,145.602,86,3.2,mb,,,,,us,usp00019ey,2014-11-06T23:24:25.326Z,"39 km SSW of Madang, Papua New Guinea",earthquake,,,,,reviewed,us,us
1980-08-18T23:36:10.300Z,-2.891,86.721,10,4.8,mb,,,,,us,usp00019ex,2014-11-06T23:24:25.326Z,"South Indian Ocean",earthquake,,,,,reviewed,us,us
1980-08-18T23:15:56.410Z,38.1156667,-122.1733333,1.29,2.72,md,13,70,0.02072,0.19,nc,nc1055142,2016-12-14T01:16:09.000Z,"7 km E of Vallejo, California",quarry blast,0.39,1,0.16,2,reviewed,nc,nc
1980-08-18T22:50:23.700Z,63.046,-150.515,39,4.5,mb,,,,,us,usp00019ew,2014-11-06T23:24:25.325Z,"62 km NNE of Petersville, Alaska",earthquake,,,,,reviewed,us,us
1980-08-18T19:57:27.300Z,1.172,128.164,42,4.8,mb,,,,,us,usp00019ev,2014-11-06T23:24:25.324Z,"63 km SSE of Tobelo, Indonesia",earthquake,,,,,reviewed,us,us
1980-08-18T18:01:30.200Z,36.495,70.903,186,5,mb,,,,,us,usp00019eu,2014-11-06T23:24:25.322Z,"41 km S of Jurm, Afghanistan",earthquake,,,,,reviewed,us,us
1980-08-18T17:41:19.400Z,-7.894,149.643,102,4,mb,,,,,us,usp00019et,2014-11-06T23:24:25.321Z,"182 km ENE of Popondetta, Papua New Guinea",earthquake,,,,,reviewed,us,us
1980-08-18T17:38:11.400Z,-29.995,-178.128,33,5.3,mb,,,,,us,usp00019es,2014-11-06T23:24:25.320Z,"Kermadec Islands, New Zealand",earthquake,,,,,reviewed,us,us
1980-08-18T15:07:52.600Z,-1.948,-80.017,55,5.6,mb,,,,,us,usp00019er,2025-12-19T21:56:32.680Z,"5 km WSW of El Triunfo, Ecuador",earthquake,,,,,reviewed,us,us
1980-08-18T13:38:08.180Z,19.311,-155.2495,6.62,2.62,ml,36,92,,0.13,hv,hv19802280,2020-03-31T17:23:20.040Z,"14 km S of Volcano, Hawaii",earthquake,0.41,0.61,0.21,2,reviewed,hv,hv
1980-08-18T11:22:13.400Z,-20.071,179.64,463,5,mb,,,,,us,usp00019eq,2014-11-06T23:24:25.318Z,"224 km S of Levuka, Fiji",earthquake,,,,,reviewed,us,us
1980-08-18T08:08:00.400Z,-18.087,-178.407,593,4.9,mb,,,,,us,usp00019ep,2014-11-06T23:24:25.317Z,"240 km E of Levuka, Fiji",earthquake,,,,,reviewed,us,us
1980-08-18T06:30:44.600Z,-60.917,-38.094,10,4.7,mb,,,,,us,usp00019en,2014-11-06T23:24:25.316Z,"Scotia Sea",earthquake,,,,,reviewed,us,us
1980-08-18T03:43:51.600Z,35.563,-10.439,10,4.7,mb,,,,,us,usp00019em,2014-11-06T23:24:25.315Z,"209 km SW of Sagres, Portugal",earthquake,,,,,reviewed,us,us
1980-08-18T03:32:48.580Z,19.2588333,-155.4488333,9.613,3.75,ml,43,105,,0.14,hv,hv19802272,2020-03-31T17:23:18.770Z,"6 km NNE of P?hala, Hawaii",earthquake,0.47,0.4,0.04,3,reviewed,hv,hv
1980-08-18T03:25:24.000Z,0.337,122.156,157,4.8,mb,,,,,us,usp00019ek,2014-11-06T23:24:25.314Z,"103 km WSW of Gorontalo, Indonesia",earthquake,,,,,reviewed,us,us
1980-08-18T00:08:38.500Z,-20.161,168.565,33,4.4,mb,,,,,us,usp00019ej,2014-11-06T23:24:25.313Z,"101 km SW of Isangel, Vanuatu",earthquake,,,,,reviewed,us,us
1980-08-17T22:57:33.900Z,39.252,22.46,10,3.8,mb,,,,,us,usp00019eh,2014-11-06T23:24:25.312Z,"8 km SE of Fársala, Greece",earthquake,,,,,reviewed,us,us
1980-08-17T22:55:34.800Z,-36.011,-104.303,10,4.5,mb,,,,,us,usp00019eg,2014-11-06T23:24:25.311Z,"southeast of Easter Island",earthquake,,,,,reviewed,us,us
1980-08-17T21:25:32.500Z,-0.04,123.96,208,4.7,mb,,,,,us,usp00019ef,2014-11-06T23:24:25.309Z,"118 km ESE of Gorontalo, Indonesia",earthquake,,,,,reviewed,us,us
1980-08-17T20:36:47.400Z,-19.193,168.971,130,5,mb,,,,,us,usp00019ee,2014-11-06T23:24:25.308Z,"50 km NW of Isangel, Vanuatu",earthquake,,,,,reviewed,us,us
1980-08-17T16:08:49.600Z,39.126,76.034,33,4.6,mb,,,,,us,usp00019ec,2014-11-06T23:24:25.306Z,"38 km S of Kashgar, China",earthquake,,,,,reviewed,us,us
1980-08-17T10:18:27.330Z,35.814,-117.743,1.45,2.8,ml,6,112,0.1183,0.3,ci,ci9734550,2016-02-02T20:20:31.590Z,"20km NNE of Inyokern, CA",earthquake,0.98,2.04,0.177,22,reviewed,ci,ci
1980-08-17T10:09:04.000Z,-15.204,-173.234,61,4.9,mb,,,,,us,usp00019eb,2014-11-06T23:24:25.305Z,"102 km NE of Hihifo, Tonga",earthquake,,,,,reviewed,us,us
1980-08-17T09:01:55.700Z,-3.771,128.244,24,5.4,mb,,,,,us,usp00019ea,2025-12-19T21:56:31.988Z,"10 km SE of Ambon, Indonesia",earthquake,,,,,reviewed,us,us
1980-08-17T07:28:53.870Z,32.1355,-116.4215,6,2.5,ml,10,284,0.5771,0.42,ci,ci9734546,2016-02-03T00:17:01.820Z,"35km NNE of Ensenada, B.C., MX",earthquake,2.65,31.61,0.018,6,reviewed,ci,ci
1980-08-17T07:24:01.100Z,-17.932,-178.55,599,4.6,mb,,,,,us,usp00019e9,2014-11-06T23:24:25.303Z,"226 km E of Levuka, Fiji",earthquake,,,,,reviewed,us,us
1980-08-17T06:32:41.430Z,35.4346667,-118.8975,6,2.81,ml,6,212,0.3859,0.4,ci,ci9734542,2016-04-02T14:00:06.899Z,"11km E of Oildale, CA",earthquake,3.73,31.61,0.02,6,reviewed,ci,ci
1980-08-17T03:13:50.900Z,39.484,73.759,33,4.6,mb,,,,,us,usp00019e8,2014-11-06T23:24:25.302Z,"128 km E of Kyzyl-Eshme, Kyrgyzstan",earthquake,,,,,reviewed,us,us
1980-08-17T02:24:53.500Z,45.642,15.983,10,3.9,ml,,,,,us,usp00019e7,2014-11-06T23:24:25.300Z,"6 km S of Lukavec, Croatia",earthquake,,,,,reviewed,us,tri
1980-08-17T01:53:43.060Z,37.5183333,-118.8391667,4.271,3.26,md,9,183,0.07297,0.08,nc,nc1055120,2016-12-14T01:14:22.684Z,"11 km WSW of Aspen Springs, California",earthquake,0.54,0.85,0.2,8,reviewed,nc,nc
1980-08-17T00:31:19.900Z,-8.838,106.113,33,4.6,mb,,,,,us,usp00019e6,2025-12-19T21:43:42.955Z,"south of Java, Indonesia",earthquake,,,,,reviewed,us,us
1980-08-16T21:46:33.110Z,37.4485,-118.8398333,8.131,3.7,ml,17,108,0.1423,0.08,nc,nc1055116,2016-12-14T01:14:07.649Z,"16 km SW of Aspen Springs, California",earthquake,0.47,0.9,,0,reviewed,nc,nc
1980-08-16T21:33:01.500Z,53.655,-163.581,33,4.8,mb,,,,,us,usp00019e4,2014-11-06T23:24:25.297Z,"133 km S of False Pass, Alaska",earthquake,,,,,reviewed,us,us
1980-08-16T19:22:33.500Z,-13.046,-74.393,33,5.1,mb,,,,,us,usp00019e3,2022-04-28T01:30:04.527Z,"4 km NNE of Antaparco, Peru",earthquake,,,,,reviewed,us,us
1980-08-16T18:41:48.800Z,29.916,138.04,498,4.7,mb,,,,,us,usp00019e2,2014-11-06T23:24:25.295Z,"Izu Islands, Japan region",earthquake,,,,,reviewed,us,us
1980-08-16T17:02:41.100Z,-22.106,-179.704,590,4.5,mb,,,,,us,usp00019e1,2014-11-06T23:24:25.294Z,"south of the Fiji Islands",earthquake,,,,,reviewed,us,us
1980-08-16T14:06:05.000Z,51.803,-179.574,85,4.7,mb,,,,,us,usp00019e0,2014-11-06T23:24:25.293Z,"202 km W of Adak, Alaska",earthquake,,,,,reviewed,us,us
1980-08-16T13:30:59.900Z,-1.347,120.366,33,5.5,ms,,,,,us,usp00019dz,2025-12-19T21:56:31.268Z,"43 km W of Poso, Indonesia",earthquake,,,,,reviewed,us,us
1980-08-16T12:56:31.900Z,38.494,21.634,10,3.4,ml,,,,,us,usp00019dy,2014-11-06T23:24:25.291Z,"9 km SSW of Thérmo, Greece",earthquake,,,,,reviewed,us,ath
1980-08-16T10:10:25.160Z,19.3228333,-155.1938333,8.315,2.71,ml,38,151,,0.11,hv,hv19802264,2020-03-31T17:23:17.430Z,"13 km SSE of Volcano, Hawaii",earthquake,0.54,0.42,0.18,2,reviewed,hv,hv
1980-08-16T07:42:23.100Z,-3.599,135.474,58,4.8,mb,,,,,us,usp00019dx,2014-11-06T23:24:25.290Z,"26 km S of Nabire, Indonesia",earthquake,,,,,reviewed,us,us
1980-08-16T05:02:42.400Z,-55.274,-28.799,33,4.8,mb,,,,,us,usp00019dw,2014-11-06T23:24:25.289Z,"South Sandwich Islands region",earthquake,,,,,reviewed,us,us
1980-08-16T04:35:49.910Z,37.6288333,-118.8431667,3.681,2.84,md,5,162,0.04144,0.05,nc,nc1055099,2016-12-14T01:13:06.183Z,"11 km E of Mammoth Lakes, California",earthquake,4.34,6.98,0.44,6,reviewed,nc,nc
1980-08-16T02:46:51.900Z,39.25,23.171,10,3.6,mb,,,,,us,usp00019dv,2014-11-06T23:24:25.287Z,"4 km WNW of Argalastí, Greece",earthquake,,,,,reviewed,us,us
1980-08-15T22:34:03.900Z,44.413,-129.517,15,4.7,mb,,,,,us,usp00019du,2014-11-06T23:24:25.286Z,"off the coast of Oregon",earthquake,,,,,reviewed,us,us
1980-08-15T21:30:45.700Z,6.812,-73.021,161,5.1,mb,,,,,us,usp00019dt,2025-12-19T21:56:30.425Z,"northern Colombia",earthquake,,,,,reviewed,us,us
1980-08-15T20:48:10.200Z,26.441,60.958,33,4.8,mb,,,,,us,usp00019ds,2026-01-07T19:21:09.457Z,"29 km NE of Qa?r-e Qand, Iran",earthquake,,,,,reviewed,us,us
1980-08-15T20:03:04.000Z,51.153,15.892,10,3.6,ml,,,,,us,usp00019dr,2014-11-06T23:24:25.283Z,"3 km NNW of Z?otoryja, Poland",earthquake,,,,,reviewed,us,grf
1980-08-15T17:33:03.300Z,25.39,67.979,33,4.4,mb,,,,,us,usp00019dq,2014-11-06T23:24:25.282Z,"33 km W of Kotri, Pakistan",earthquake,,,,,reviewed,us,us
1980-08-15T15:20:02.200Z,36.21,142.298,33,4.5,mb,,,,,us,usp00019dp,2014-11-06T23:24:25.280Z,"142 km ENE of Hasaki, Japan",earthquake,,,,,reviewed,us,us
1980-08-15T13:50:21.320Z,37.5188333,-118.7815,4.101,3.5,ml,5,195,0.07928,0.05,nc,nc1055090,2016-12-14T01:12:32.486Z,"7 km WSW of Aspen Springs, California",earthquake,1.22,1.17,,0,reviewed,nc,nc
1980-08-15T12:56:04.330Z,40.337,-124.5456667,22.994,2.77,md,13,308,0.2054,0.04,nc,nc1055088,2016-12-14T01:12:25.062Z,"35 km SW of Ferndale, California",earthquake,5.62,1.15,,1,reviewed,nc,nc
1980-08-15T12:25:15.920Z,19.3391667,-155.1025,7.466,2.78,ml,37,105,,0.08,hv,hv19802256,2020-03-31T17:23:16.110Z,"14 km SSE of Fern Forest, Hawaii",earthquake,0.36,0.65,0.23,2,reviewed,hv,hv
1980-08-15T09:48:42.200Z,-6.948,125.371,529,4.8,mb,,,,,us,usp00019dm,2014-11-06T23:24:25.278Z,"Banda Sea",earthquake,,,,,reviewed,us,us
1980-08-15T08:57:32.910Z,37.6383333,-118.6883333,6,2.57,ml,5,328,1.979,0.49,ci,ci3304564,2016-04-02T11:05:18.724Z,"26km E of Mammoth Lakes, CA",earthquake,6.28,31.61,0.161,5,reviewed,ci,ci
1980-08-15T06:25:23.200Z,41.655,-111.665,7,2.9,ml,,,,,us,usp00019dk,2014-11-06T23:24:25.249Z,"13 km ESE of Millville, Utah",earthquake,,,,,reviewed,u,slc
1980-08-15T05:07:11.750Z,35.8225,-120.0718333,12.085,2.68,md,18,269,0.1396,0.13,nc,nc1055081,2016-12-14T01:11:58.992Z,"20 km SSE of Avenal, California",earthquake,2.12,1.13,0.09,13,reviewed,nc,nc
1980-08-15T04:25:34.690Z,39.5275,-120.3285,9.842,3.3,ml,29,87,0.09279,0.15,nc,nc1055080,2016-12-14T01:11:53.850Z,"7 km SSE of Sierraville, California",earthquake,0.36,1,,0,reviewed,nc,nc
1980-08-15T04:23:57.730Z,34.0078333,-116.7001667,13.29,2.72,ml,47,33,,0.31,ci,ci12346351,2016-02-03T03:01:32.400Z,"12km WSW of Morongo Valley, CA",earthquake,0.35,0.7,0.166,8,reviewed,ci,ci
1980-08-15T04:23:40.210Z,35.834,-120.0605,10.575,3.11,md,18,251,0.1523,0.09,nc,nc1055079,2016-12-14T01:11:43.195Z,"19 km SSE of Avenal, California",earthquake,1.34,0.9,0.09,12,reviewed,nc,nc
1980-08-15T04:22:57.610Z,34.009,-116.6943333,4.48,2.71,ml,8,83,0.544,0.33,ci,ci9734462,2016-02-03T01:37:14.140Z,"11km WSW of Morongo Valley, CA",earthquake,0.86,2.38,0.309,9,reviewed,ci,ci
1980-08-15T03:36:26.350Z,31.7271667,-116.0096667,6,2.5,mh,6,316,0.9241,0.21,ci,ci3304555,2016-04-01T21:51:17.480Z,"53km E of Maneadero, B.C., MX",earthquake,1.67,31.61,,0,reviewed,ci,ci
1980-08-15T02:41:53.000Z,10.066,43.118,10,4.4,mb,,,,,us,usp00019de,2014-11-06T23:24:25.243Z,"35 km WNW of Baki, Somalia",earthquake,,,,,reviewed,us,us
1980-08-15T02:04:30.800Z,35.208,27.441,10,4,ml,,,,,us,usp00019dd,2014-11-06T23:24:25.242Z,"39 km SSE of Karpathos, Greece",earthquake,,,,,reviewed,us,ath
1980-08-15T00:10:28.140Z,34.6243333,-113.198,0.01,2.8,mh,5,337,0.9403,0.3,ci,ci3304549,2016-04-02T14:04:31.405Z,"100km SE of Kingman, AZ",quarry blast,7.07,31.61,,0,reviewed,ci,ci
1980-08-14T23:28:29.500Z,5.599,124.852,71,4,mb,,,,,us,usp00019dc,2014-11-06T23:24:25.241Z,"30 km S of Lumatil, Philippines",earthquake,,,,,reviewed,us,us
1980-08-14T21:45:02.700Z,32.863,88.444,33,4.9,ms,,,,,us,usp00019db,2026-01-07T19:21:08.781Z,"western Xizang",earthquake,,,,,reviewed,us,us
1980-08-14T21:07:33.500Z,34.707,139.601,103,5,mb,,,,,us,usp00019da,2014-11-06T23:24:25.238Z,"39 km SW of Tateyama, Japan",earthquake,,,,,reviewed,us,us
1980-08-14T20:43:47.490Z,38.7031667,-122.8301667,2.646,2.52,md,24,36,0.05766,0.07,nc,nc1055076,2016-12-14T01:11:27.775Z,"6 km E of Geyserville, California",earthquake,0.22,0.94,0.14,21,reviewed,nc,nc
1980-08-14T19:23:30.850Z,37.6,-118.8,6,2.58,ml,2,339,1.951,1.24,ci,ci9734446,2016-02-02T21:39:29.690Z,"16km ESE of Mammoth Lakes, CA",earthquake,99,31.61,0.04,4,reviewed,ci,ci
1980-08-14T19:17:49.400Z,-16.81,176.676,33,4.8,mb,,,,,us,usp00019d9,2014-11-06T23:24:25.237Z,"121 km NW of Lautoka, Fiji",earthquake,,,,,reviewed,us,us
1980-08-14T17:46:04.200Z,3.083,-84.308,10,4.8,mb,,,,,us,usp00019d8,2014-11-06T23:24:25.212Z,"off the coast of Central America",earthquake,,,,,reviewed,us,us
1980-08-14T17:02:40.800Z,-5.64,147.659,265,4.2,mb,,,,,us,usp00019d7,2014-11-06T23:24:25.211Z,"103 km NNW of Finschhafen, Papua New Guinea",earthquake,,,,,reviewed,us,us
1980-08-14T16:05:33.660Z,37.5201667,-118.8595,5.981,3.17,md,9,179,0.07568,0.08,nc,nc1055071,2016-12-14T01:11:12.771Z,"California-Nevada border region",earthquake,0.51,0.81,0.06,6,reviewed,nc,nc
1980-08-14T14:49:52.570Z,37.6275,-118.8886667,4.801,2.99,md,6,210,0.06306,0.07,nc,nc1055069,2016-12-14T01:11:05.046Z,"7 km ESE of Mammoth Lakes, California",earthquake,5.32,6.68,0.21,8,reviewed,nc,nc
1980-08-14T14:21:48.010Z,37.6265,-118.889,5.481,3.7,ml,6,211,0.06216,0.04,nc,nc1055068,2016-12-14T01:11:01.347Z,"7 km ESE of Mammoth Lakes, California",earthquake,5.18,6.17,,0,reviewed,nc,nc
1980-08-14T13:59:51.940Z,48.4573333,-124.2058333,-0.573,3.2,md,20,195,0.3219,0.33,uw,uw10084373,2016-07-24T21:44:51.410Z,"22 km NNE of Sekiu, Washington",explosion,0.186,3.18,0.08,1,reviewed,uw,uw
1980-08-14T10:35:31.500Z,-17.653,-178.564,540,4.3,mb,,,,,us,usp00019d5,2014-11-06T23:24:25.209Z,"229 km ENE of Levuka, Fiji",earthquake,,,,,reviewed,us,us
1980-08-14T09:51:21.900Z,10.223,56.733,10,4.7,mb,,,,,us,usp00019d4,2014-11-06T23:24:25.207Z,"Carlsberg Ridge",earthquake,,,,,reviewed,us,us
1980-08-14T07:34:32.720Z,30.4941667,-116.9651667,6,3.3,mh,5,345,2.194,0.63,ci,ci12345799,2016-02-02T22:58:28.740Z,"141km SSW of Maneadero, B.C., MX",earthquake,24.21,31.61,0.121,14,reviewed,ci,ci
1980-08-14T07:27:16.710Z,19.3476667,-155.4176667,9.478,4.19,ml,46,77,,0.13,hv,hv19802250,2020-03-31T17:23:15.110Z,"17 km NNE of P?hala, Hawaii",earthquake,0.35,0.45,0.09,5,reviewed,hv,hv
1980-08-14T05:05:53.600Z,-56.012,-121.505,10,5.7,ms,,,,,us,usp00019d2,2025-12-19T21:56:29.590Z,"southern East Pacific Rise",earthquake,,,,,reviewed,us,us
1980-08-14T03:29:16.800Z,-24.718,-176.879,55,5.1,mb,,,,,us,usp00019d1,2014-11-06T23:24:25.204Z,"south of the Fiji Islands",earthquake,,,,,reviewed,us,us
1980-08-14T02:52:20.700Z,37.379,20.999,75,4.2,mb,,,,,us,usp00019cz,2014-11-06T23:24:25.202Z,"40 km SSE of Lithakiá, Greece",earthquake,,,,,reviewed,us,us
1980-08-14T01:56:01.700Z,34.015,26.086,33,4.1,mb,,,,,us,usp00019cy,2014-11-06T23:24:25.201Z,"114 km SSE of Ierápetra, Greece",earthquake,,,,,reviewed,us,us
1980-08-14T00:09:35.900Z,35.656,141.19,35,4.8,mb,,,,,us,usp00019cx,2014-11-06T23:24:25.200Z,"near the east coast of Honshu, Japan",earthquake,,,,,reviewed,us,us
1980-08-13T22:34:58.840Z,19.38,-155.1068333,1.036,3.05,ml,35,85,,0.1,hv,hv19802248,2020-03-31T17:23:14.790Z,"9 km SSE of Fern Forest, Hawaii",earthquake,0.47,0.27,0.25,2,reviewed,hv,hv
1980-08-13T20:46:22.000Z,8.8,-39.87,10,5.2,ms,,,,,us,usp00019cw,2025-12-19T21:56:28.793Z,"central Mid-Atlantic Ridge",earthquake,,,,,reviewed,us,us
1980-08-13T17:32:48.400Z,-5.618,149.223,169,5.3,mb,,,,,us,usp00019cv,2014-11-06T23:24:25.198Z,"74 km NNW of Kandrian, Papua New Guinea",earthquake,,,,,reviewed,us,us
1980-08-13T15:09:30.660Z,37.4286667,-118.8741667,6,2.79,ml,4,247,,0.63,ci,ci9734410,2016-02-03T00:16:57.850Z,"25km SSE of Mammoth Lakes, CA",earthquake,5.93,31.61,0.02,6,reviewed,ci,ci
1980-08-13T11:35:02.000Z,50.191,154.92,119,4.8,mb,,,,,us,usp00019cs,2014-11-06T23:24:25.194Z,"101 km WSW of Severo-Kuril’sk, Russia",earthquake,,,,,reviewed,us,us
1980-08-13T10:37:48.900Z,-12.058,166.047,33,5.2,mb,,,,,us,usp00019cr,2026-01-07T19:21:08.131Z,"149 km S of Lata, Solomon Islands",earthquake,,,,,reviewed,us,us
1980-08-13T09:30:33.460Z,31.5625,-115.6338333,6,2.84,mh,8,276,1.086,0.68,ci,ci3304514,2016-02-03T04:20:19.440Z,"86km SSW of Alberto Oviedo Mota, B.C., MX",earthquake,4.77,31.61,0.502,9,reviewed,ci,ci
1980-08-13T09:00:35.800Z,0.228,122.006,227,5.1,mb,,,,,us,usp00019cq,2014-11-06T23:24:25.192Z,"122 km WSW of Gorontalo, Indonesia",earthquake,,,,,reviewed,us,us
1980-08-13T08:47:10.140Z,35.5673333,-120.1415,10.73,3.07,ml,23,257,0.1874,0.04,nc,nc1055052,2016-12-14T01:10:04.329Z,"23 km ESE of Shandon, California",earthquake,0.97,0.76,,1,reviewed,nc,nc
1980-08-13T07:20:12.000Z,39.181,22.899,10,3.4,ml,,,,,us,usp00019cp,2014-11-06T23:24:25.191Z,"8 km N of Soúrpi, Greece",earthquake,,,,,reviewed,us,ath
1980-08-13T06:05:27.700Z,39.287,23.032,10,3.3,ml,,,,,us,usp00019cn,2014-11-06T23:24:25.190Z,"4 km SSW of Áno Lekhónia, Greece",earthquake,,,,,reviewed,us,ath
1980-08-13T04:20:46.700Z,-21.585,-179.228,655,4.8,mb,,,,,us,usp00019cm,2014-11-06T23:24:25.189Z,"Fiji region",earthquake,,,,,reviewed,us,us
1980-08-13T03:52:55.800Z,59.253,-151.778,53,4,mb,,,,,us,usp00019ck,2014-11-06T23:24:25.188Z,"11 km SSE of Port Graham, Alaska",earthquake,,,,,reviewed,us,us
1980-08-13T03:40:34.800Z,7.382,123.743,62,4.2,mb,,,,,us,usp00019cj,2014-11-06T23:24:25.187Z,"32 km W of Litayan, Philippines",earthquake,,,,,reviewed,us,us
1980-08-13T03:01:29.580Z,30.3255,-116.7536667,6,2.99,mh,4,342,2.382,0.46,ci,ci12345791,2016-04-01T21:59:22.943Z,"156km S of Maneadero, B.C., MX",earthquake,18.27,31.61,0.103,12,reviewed,ci,ci
1980-08-13T02:17:53.300Z,53.666,-163.235,33,4.8,ms,,,,,us,usp00019ch,2025-12-19T21:56:27.880Z,"132 km S of False Pass, Alaska",earthquake,,,,,reviewed,us,us
1980-08-13T00:46:54.920Z,31.9111667,-116.0445,6,2.7,ml,9,298,0.7389,0.43,ci,ci12345787,2016-02-03T03:01:31.400Z,"54km ENE of Maneadero, B.C., MX",earthquake,3.52,31.61,0.136,6,reviewed,ci,ci
1980-08-13T00:35:34.900Z,-2.801,141.747,47,5.2,mb,,,,,us,usp00019cg,2026-01-07T19:21:07.508Z,"51 km ESE of Vanimo, Papua New Guinea",earthquake,,,,,reviewed,us,us
1980-08-13T00:17:48.900Z,-7.874,112.051,33,5,mb,,,,,us,usp00019cf,2014-11-06T23:24:25.183Z,"7 km SSE of Kediri, Indonesia",earthquake,,,,,reviewed,us,us
1980-08-13T00:06:05.340Z,19.3516667,-155.0911667,7.486,2.86,ml,37,91,,0.1,hv,hv19802243,2020-03-31T17:23:13.960Z,"13 km SSE of Fern Forest, Hawaii",earthquake,0.36,0.56,0.09,2,reviewed,hv,hv
1980-08-12T23:34:29.960Z,19.3851667,-155.0928333,1.076,2.74,ml,28,83,,0.09,hv,hv19802242,2020-03-31T17:23:13.790Z,"9 km SSE of Fern Forest, Hawaii",earthquake,0.39,0.24,0.08,2,reviewed,hv,hv
1980-08-12T22:38:44.900Z,58.254,-148.434,33,3.3,ml,,,,,us,usp00019ce,2014-11-06T23:24:25.182Z,"203 km S of Chenega, Alaska",earthquake,,,,,reviewed,us,pmr
1980-08-12T21:01:55.950Z,19.3258333,-155.1725,9.532,3.59,ml,43,94,,0.08,hv,hv19802241,2020-03-31T17:23:13.620Z,"14 km SSE of Volcano, Hawaii",earthquake,0.43,0.34,0.05,2,reviewed,hv,hv
1980-08-12T20:45:16.300Z,-8.247,120.403,201,4.7,mb,,,,,us,usp00019cd,2014-11-06T23:24:25.181Z,"Flores region, Indonesia",earthquake,,,,,reviewed,us,us
1980-08-12T17:41:36.800Z,19.3365,-155.097,9.196,2.99,ml,40,113,,0.08,hv,hv19802239,2020-03-31T17:23:13.300Z,"14 km SSE of Fern Forest, Hawaii",earthquake,0.43,0.38,0.05,2,reviewed,hv,hv
1980-08-12T17:23:44.570Z,19.3346667,-155.0986667,9.196,3.31,ml,42,115,,0.08,hv,hv19802238,2020-03-31T17:23:13.110Z,"14 km SSE of Fern Forest, Hawaii",earthquake,0.46,0.34,0.1,2,reviewed,hv,hv
1980-08-12T16:48:16.500Z,-24.251,-67.076,193,4.2,mb,,,,,us,usp00019cc,2014-11-06T23:24:25.180Z,"76 km W of San Antonio de los Cobres, Argentina",earthquake,,,,,reviewed,us,us
1980-08-12T16:45:36.100Z,-17.921,-14.433,10,4.6,mb,,,,,us,usp00019cb,2014-11-06T23:24:25.178Z,"southern Mid-Atlantic Ridge",earthquake,,,,,reviewed,us,us
1980-08-12T16:44:01.500Z,24.784,94.587,50,5.1,mb,,,,,us,usp00019ca,2014-11-06T23:24:25.177Z,"55 km ENE of Yairipok, India",earthquake,,,,,reviewed,us,us
1980-08-12T14:44:28.500Z,59.98,-152.845,110,5,mb,,,,,us,usp00019c9,2014-11-06T23:24:25.176Z,"61 km WNW of Anchor Point, Alaska",earthquake,,,,,reviewed,us,us
1980-08-12T14:19:44.800Z,3.191,128.47,134,5.1,mb,,,,,us,usp00019c8,2014-11-06T23:24:25.175Z,"169 km NNE of Tobelo, Indonesia",earthquake,,,,,reviewed,us,us
1980-08-12T13:59:57.660Z,48.4698333,-124.2345,-0.553,3.3,md,19,200,0.3122,0.35,uw,uw10084048,2016-07-24T21:44:47.620Z,"23 km NNE of Sekiu, Washington",explosion,0.208,3.32,0.08,1,reviewed,uw,uw
1980-08-12T13:19:29.670Z,37.6366667,-118.9586667,6.301,3.16,md,5,252,0.09189,0.06,nc,nc1055043,2016-12-14T01:09:30.246Z,"1 km SE of Mammoth Lakes, California",earthquake,3.9,3.1,0.1,7,reviewed,nc,nc
1980-08-12T13:11:19.200Z,39.235,22.736,10,4.1,mb,,,,,us,usp00019c7,2014-11-06T23:24:25.174Z,"5 km N of Evxinoúpolis, Greece",earthquake,,,,,reviewed,us,us
1980-08-12T12:11:44.400Z,64.724,-17.249,10,5.3,ms,,,,,us,usp00019c6,2025-12-19T21:56:27.173Z,"111 km WNW of Höfn, Iceland",earthquake,,,,,reviewed,us,us
1980-08-12T10:18:24.200Z,5.043,122.74,631,5.1,mb,,,,,us,usp00019c5,2014-11-06T23:24:25.172Z,"143 km SE of Tabiauan, Philippines",earthquake,,,,,reviewed,us,us
1980-08-12T08:36:20.500Z,-28.28,-67.425,138,4.4,mb,,,,,us,usp00019c4,2014-11-06T23:24:25.171Z,"27 km SSE of Tinogasta, Argentina",earthquake,,,,,reviewed,us,us
1980-08-12T06:57:47.100Z,36.396,69.943,265,4.3,mb,,,,,us,usp00019c3,2014-11-06T23:24:25.170Z,"21 km SSE of Farkh?r, Afghanistan",earthquake,,,,,reviewed,us,us
1980-08-12T06:42:33.100Z,19.3281667,-155.1011667,9.626,4.33,ml,44,124,,0.09,hv,hv19802231,2020-03-31T17:23:12.000Z,"15 km SSE of Fern Forest, Hawaii",earthquake,0.58,0.37,0.3,5,reviewed,hv,hv
1980-08-12T05:56:24.100Z,39.267,22.745,10,3.3,ml,,,,,us,usp00019c0,2014-11-06T23:24:25.167Z,"6 km WSW of Néa Anchiálos, Greece",earthquake,,,,,reviewed,us,ath
1980-08-12T03:15:30.000Z,39.243,22.567,10,4.2,mb,,,,,us,usp00019bz,2014-11-06T23:24:25.166Z,"16 km WNW of Evxinoúpolis, Greece",earthquake,,,,,reviewed,us,us
1980-08-12T02:20:14.400Z,13.06,-90.083,39,4.6,mb,,,,,us,usp00019by,2014-11-06T23:24:25.165Z,"65 km SSW of Acajutla, El Salvador",earthquake,,,,,reviewed,us,us
1980-08-12T01:41:01.800Z,39.261,22.643,10,4.6,mb,,,,,us,usp00019bx,2022-04-28T01:29:46.748Z,"11 km NW of Evxinoúpolis, Greece",earthquake,,,,,reviewed,us,us
1980-08-11T23:45:05.150Z,34.7433333,-116.4143333,0.01,2.5,mh,15,113,,0.38,ci,ci3304469,2016-04-02T04:20:15.960Z,"23km W of Ludlow, CA",quarry blast,1.12,31.61,,0,reviewed,ci,ci
1980-08-11T22:24:32.580Z,34.5845,-113.1485,0.01,2.9,mh,5,337,0.9594,0.31,ci,ci3304463,2016-04-02T01:07:22.500Z,"106km SE of Kingman, AZ",quarry blast,7,31.61,,0,reviewed,ci,ci
1980-08-11T19:41:05.800Z,-15.542,-75.181,33,5.1,ms,,,,,us,usp00019bv,2025-12-19T21:56:26.485Z,"19 km S of San Juan, Peru",earthquake,,,,,reviewed,us,us
1980-08-11T17:17:39.800Z,26.364,60.892,33,4.6,mb,,,,,us,usp00019bu,2026-01-07T19:19:48.479Z,"Southeastern Iran",earthquake,,,,,reviewed,us,us
1980-08-11T13:58:37.780Z,37.5785,-118.882,3.031,3.37,md,7,154,0.04685,0.07,nc,nc1055032,2016-12-14T01:08:46.224Z,"11 km SE of Mammoth Lakes, California",earthquake,0.63,0.62,0.24,7,reviewed,nc,nc
1980-08-11T12:31:21.700Z,-3.208,139.95,33,4.7,mb,,,,,us,usp00019bs,2026-01-07T19:21:06.925Z,"101 km SW of Abepura, Indonesia",earthquake,,,,,reviewed,us,us
1980-08-11T10:02:38.400Z,39.222,22.524,10,3.5,ml,,,,,us,usp00019br,2014-11-06T23:24:25.158Z,"14 km SE of Fársala, Greece",earthquake,,,,,reviewed,us,ath
1980-08-11T09:15:58.300Z,39.274,22.659,17,5.1,mb,,,,,us,usp00019bq,2025-12-19T21:56:25.782Z,"12 km NW of Evxinoúpolis, Greece",earthquake,,,,,reviewed,us,us
1980-08-11T09:15:16.490Z,37.5116667,-118.938,6,2.5,ml,3,276,,0.99,ci,ci9734346,2016-02-02T20:20:27.370Z,"14km SSE of Mammoth Lakes, CA",earthquake,12.67,31.61,0.243,8,reviewed,ci,ci
1980-08-11T09:10:21.740Z,37.6305,-118.9011667,2.211,3.4,md,6,217,0.07297,0.01,nc,nc1055025,2016-12-14T01:08:19.483Z,"6 km ESE of Mammoth Lakes, California",earthquake,3.1,3.7,0.48,7,reviewed,nc,nc
1980-08-11T07:33:20.900Z,35.676,77.578,77,5,mb,,,,,us,usp00019bn,2026-01-07T19:21:06.087Z,"109 km NE of Thang, India",earthquake,,,,,reviewed,us,us
1980-08-11T05:55:14.880Z,37.5428333,-118.843,8.421,3.56,md,8,174,0.04955,0.07,nc,nc1055024,2016-12-14T01:08:15.671Z,"11 km W of Aspen Springs, California",earthquake,0.55,0.66,0.22,6,reviewed,nc,nc
1980-08-11T04:23:57.000Z,-11.28,165.367,33,4.9,ms,,,,,us,usp00019bk,2026-01-07T19:21:05.476Z,"77 km SW of Lata, Solomon Islands",earthquake,,,,,reviewed,us,us
1980-08-11T02:04:50.900Z,19.62,145.639,116,4.5,mb,,,,,us,usp00019bj,2014-11-06T23:24:25.151Z,"Maug Islands region, Northern Mariana Islands",earthquake,,,,,reviewed,us,us
1980-08-11T00:35:17.010Z,35.8285,-120.0596667,12.311,3.35,md,18,244,0.1505,0.07,nc,nc1055019,2016-12-14T01:07:56.684Z,"20 km SSE of Avenal, California",earthquake,0.97,0.95,0.21,9,reviewed,nc,nc
1980-08-10T22:03:29.350Z,36.022,-120.5771667,4.533,2.57,md,23,65,0.09099,0.05,nc,nc1055015,2016-12-14T01:07:41.385Z,"18 km NW of Parkfield, California",earthquake,0.29,0.56,0.13,12,reviewed,nc,nc
1980-08-10T18:30:25.890Z,35.8358333,-120.0408333,11.895,2.64,md,15,255,0.1676,0.06,nc,nc1055012,2016-12-14T01:07:30.002Z,"20 km SSE of Avenal, California",earthquake,2.32,0.77,0.11,8,reviewed,nc,nc
1980-08-10T17:57:25.300Z,34.4245,-120.4188333,0.13,2.79,mh,8,196,0.1298,0.11,ci,ci9734306,2016-02-03T01:38:58.370Z,"24km S of Lompoc, CA",earthquake,1.07,2.47,,1,reviewed,ci,ci
1980-08-10T17:10:41.010Z,39.6106667,-123.0031667,14.501,2.64,md,11,181,0.1279,0.06,nc,nc1055010,2016-12-14T01:07:22.495Z,"29 km SE of Covelo, California",earthquake,0.55,1,0.09,6,reviewed,nc,nc
1980-08-10T16:18:54.400Z,59.489,-144.595,33,3,ml,,,,,us,usp00019bf,2014-11-06T23:24:25.147Z,"134 km SSE of Cordova, Alaska",earthquake,,,,,reviewed,us,pmr
1980-08-10T15:41:23.870Z,37.5766667,-118.9248333,1.921,3.12,md,6,148,0.08018,0.06,nc,nc1055007,2016-12-14T01:07:11.430Z,"9 km SSE of Mammoth Lakes, California",earthquake,0.94,1.39,0.09,8,reviewed,nc,nc
1980-08-10T10:35:16.800Z,18.249,145.367,264,4.8,mb,,,,,us,usp00019be,2014-11-06T23:24:25.146Z,"Pagan region, Northern Mariana Islands",earthquake,,,,,reviewed,us,us
1980-08-10T10:01:10.900Z,-30.121,-178.187,33,5.1,mb,,,,,us,usp00019bd,2014-11-06T23:24:25.146Z,"Kermadec Islands, New Zealand",earthquake,,,,,reviewed,us,us
1980-08-10T09:10:51.300Z,53.623,-163.289,33,4.9,mb,,,,,us,usp00019bc,2026-01-07T19:21:04.820Z,"Unimak Island region, Alaska",earthquake,,,,,reviewed,us,us
1980-08-10T07:51:52.700Z,54.321,-161.636,33,4.9,mb,,,,,us,usp00019bb,2014-11-06T23:24:25.144Z,"Alaska Peninsula",earthquake,,,,,reviewed,us,us
1980-08-10T06:47:54.610Z,37.6223333,-118.905,6,2.93,ml,4,224,,0.66,ci,ci9734286,2016-02-03T01:38:57.860Z,"7km ESE of Mammoth Lakes, CA",earthquake,3.53,31.61,0.305,8,reviewed,ci,ci
1980-08-10T04:52:24.400Z,-11.162,165.44,33,5,mb,,,,,us,usp00019b9,2025-12-19T21:56:24.826Z,"62 km SW of Lata, Solomon Islands",earthquake,,,,,reviewed,us,us
1980-08-10T04:43:04.200Z,37.5398333,-118.8425,7.821,3.5,ml,9,175,0.05225,0.07,nc,nc1055001,2016-12-14T01:06:49.028Z,"11 km W of Aspen Springs, California",earthquake,0.52,0.64,,0,reviewed,nc,nc
1980-08-10T03:09:31.100Z,29.034,130.001,33,5,ms,,,,,us,usp00019b7,2014-11-06T23:24:25.138Z,"89 km NE of Naze, Japan",earthquake,,,,,reviewed,us,us
1980-08-10T02:29:48.700Z,-10.991,165.306,33,5.1,ms,,,,,us,usp00019b6,2025-12-19T21:43:42.145Z,"Santa Cruz Islands",earthquake,,,,,reviewed,us,us
1980-08-10T01:38:27.800Z,3.76,128.554,43,5.2,mb,,,,,us,usp00019b5,2014-11-06T23:24:25.136Z,"232 km NNE of Tobelo, Indonesia",earthquake,,,,,reviewed,us,us
1980-08-10T00:54:51.320Z,34.5023333,-119.8181667,3.48,2.6,mh,10,173,0.08598,0.15,ci,ci9734278,2016-02-03T04:20:17.040Z,"7km N of Goleta, CA",earthquake,1.24,0.88,0.24,7,reviewed,ci,ci
1980-08-09T23:26:03.420Z,37.542,-118.8463333,8.021,3.7,ml,9,174,0.05135,0.1,nc,nc1054998,2016-12-14T01:06:37.323Z,"11 km W of Aspen Springs, California",earthquake,0.63,0.78,,0,reviewed,nc,nc
1980-08-09T23:24:39.600Z,58.096,-153.637,66,4.2,mb,,,,,us,usp00019b3,2014-11-06T23:24:25.134Z,"Kodiak Island region, Alaska",earthquake,,,,,reviewed,us,us
1980-08-09T22:14:02.160Z,37.6531667,-118.5805,6,3.43,ml,3,337,0.6599,0.6,ci,ci9734270,2016-02-02T22:58:23.880Z,"33km NNW of Dixon Lane-Meadow Creek, CA",earthquake,20.47,31.61,0.067,14,reviewed,ci,ci
1980-08-09T19:46:07.400Z,2.971,-79.499,13,4.8,mb,,,,,us,usp00019b2,2014-11-06T23:24:25.133Z,"south of Panama",earthquake,,,,,reviewed,us,us
1980-08-09T17:02:05.200Z,30.269,94.972,33,4.4,mb,,,,,us,usp00019b1,2014-11-06T23:24:25.131Z,"201 km NNE of Shi Yomi, India",earthquake,,,,,reviewed,us,us
1980-08-09T16:28:17.500Z,39.223,23.24,10,3.9,mb,,,,,us,usp00019b0,2014-11-06T23:24:25.130Z,"1 km E of Argalastí, Greece",earthquake,,,,,reviewed,us,us
1980-08-09T15:54:58.800Z,10.31,126.1,52,4.9,mb,,,,,us,usp00019az,2026-01-07T19:21:04.041Z,"32 km NNE of Santa Monica, Philippines",earthquake,,,,,reviewed,us,us
1980-08-09T15:51:45.800Z,10.339,126.191,50,4.8,mb,,,,,us,usp00019ay,2014-11-06T23:24:25.128Z,"39 km NNE of Santa Monica, Philippines",earthquake,,,,,reviewed,us,us
1980-08-09T13:51:45.900Z,10.34,126.193,60,4.9,mb,,,,,us,usp00019ax,2014-11-06T23:24:25.127Z,"39 km NNE of Santa Monica, Philippines",earthquake,,,,,reviewed,us,us
1980-08-09T10:24:44.790Z,40.4201667,-124.1098333,23.337,2.61,md,24,92,0.009009,0.06,nc,nc1054990,2016-12-14T01:06:07.538Z,"6 km S of Scotia, California",earthquake,0.31,0.54,0.02,5,reviewed,nc,nc
1980-08-09T05:45:09.500Z,15.888,-88.516,22,6.4,ms,,,,,us,usp00019aw,2025-12-19T21:56:24.156Z,"19 km NNE of Puerto Barrios, Guatemala",earthquake,,,,,reviewed,us,us
1980-08-09T05:31:53.300Z,43.796,-127.781,15,4.6,mb,,,,,us,usp00019av,2014-11-06T23:24:25.125Z,"283 km WNW of Bandon, Oregon",earthquake,,,,,reviewed,us,us
1980-08-09T04:08:42.280Z,19.4473333,-155.4545,7.889,2.94,ml,44,52,,0.1,hv,hv19802209,2020-03-31T17:23:08.630Z,"23 km W of Volcano, Hawaii",earthquake,0.34,0.57,0.18,2,reviewed,hv,hv
1980-08-08T22:14:00.210Z,37.5531667,-118.779,7.821,3.6,md,5,267,0.05225,0.04,nc,nc1054964,2016-12-14T01:04:25.525Z,"5 km W of Aspen Springs, California",earthquake,3.17,2.21,0.24,6,reviewed,nc,nc
1980-08-08T22:07:51.900Z,43.935,141.925,204,4.6,mb,,,,,us,usp00019at,2014-11-06T23:24:25.122Z,"22 km E of Rumoi, Japan",earthquake,,,,,reviewed,us,us
1980-08-08T18:11:22.880Z,33.483,-116.4738333,12.81,2.6,ml,42,46,,0.43,ci,ci3304383,2016-04-02T11:00:32.942Z,"20km ESE of Anza, CA",earthquake,0.51,1.01,0.068,14,reviewed,ci,ci
1980-08-08T14:56:28.940Z,37.548,-118.7795,9.061,3.48,md,5,272,0.05586,0.06,nc,nc1054956,2016-12-14T01:03:51.309Z,"5 km W of Aspen Springs, California",earthquake,3.67,2.55,0.19,8,reviewed,nc,nc
1980-08-08T14:35:17.600Z,44.796,149.246,60,4.9,mb,,,,,us,usp00019aq,2014-11-06T23:24:25.119Z,"118 km ESE of Kuril’sk, Russia",earthquake,,,,,reviewed,us,us
1980-08-08T13:57:57.840Z,40.3226667,-124.602,21.449,3.15,md,29,255,0.2505,0.08,nc,nc1054951,2016-12-14T01:03:28.519Z,"40 km SW of Ferndale, California",earthquake,1.6,0.66,0.14,14,reviewed,nc,nc
1980-08-08T13:41:49.900Z,-10.616,119.918,33,4.5,mb,,,,,us,usp00019ap,2014-11-06T23:24:25.118Z,"112 km SSW of Waingapu, Indonesia",earthquake,,,,,reviewed,us,us
1980-08-08T09:20:13.080Z,40.3548333,-124.8288333,23.699,3.7,ml,39,262,0.3946,0.12,nc,nc1054947,2016-12-14T01:03:07.098Z,"53 km WSW of Ferndale, California",earthquake,1.08,9.74,,0,reviewed,nc,nc
1980-08-08T08:35:25.350Z,37.5605,-118.9123333,1.191,3.2,md,9,160,0.07568,0.04,nc,nc1054946,2016-12-14T01:03:02.731Z,"11 km SSE of Mammoth Lakes, California",earthquake,0.41,1.01,0.13,5,reviewed,nc,nc
1980-08-08T08:25:01.110Z,37.5748333,-118.9178333,1.161,3.5,ml,6,150,0.07568,0.04,nc,nc1054945,2016-12-14T01:02:58.709Z,"9 km SSE of Mammoth Lakes, California",earthquake,0.72,1.25,,0,reviewed,nc,nc
1980-08-08T08:20:25.690Z,37.5665,-118.9153333,1.351,3.13,md,7,158,0.07568,0.05,nc,nc1054944,2016-12-14T01:02:54.674Z,"10 km SSE of Mammoth Lakes, California",earthquake,0.58,1.22,0.14,8,reviewed,nc,nc
1980-08-08T08:16:58.460Z,37.5713333,-118.9125,1.331,3.5,ml,7,154,0.07207,0.06,nc,nc1054943,2016-12-14T01:02:50.967Z,"10 km SSE of Mammoth Lakes, California",earthquake,0.6,1.08,,0,reviewed,nc,nc
1980-08-08T08:08:52.850Z,37.5166667,-118.884,2.381,3,md,13,176,0.08739,0.06,nc,nc1054941,2016-12-14T01:02:43.570Z,"15 km WSW of Aspen Springs, California",earthquake,0.4,0.87,0.11,9,reviewed,nc,nc
1980-08-08T07:28:03.310Z,19.3025,-155.2961667,33.4,2.58,ml,44,121,,0.1,hv,hv19802203,2020-03-31T17:23:07.700Z,"16 km SSW of Volcano, Hawaii",earthquake,0.6,0.96,0.3,2,reviewed,hv,hv
1980-08-08T07:21:53.200Z,-10.251,119.811,33,5.4,mb,,,,,us,usp00019ag,2026-01-07T19:21:03.352Z,"82 km SW of Waingapu, Indonesia",earthquake,,,,,reviewed,us,us
1980-08-08T06:02:11.260Z,34.2621667,-119.6776667,12.92,2.66,ml,8,145,0.2352,0.29,ci,ci9734194,2016-02-02T21:39:24.410Z,"18km S of Santa Barbara, CA",earthquake,0.91,1.44,0.147,8,reviewed,ci,ci
1980-08-08T04:10:04.600Z,34.012,25.889,33,4.1,mb,,,,,us,usp00019af,2014-11-06T23:24:25.111Z,"111 km S of Ierápetra, Greece",earthquake,,,,,reviewed,us,us
1980-08-08T03:46:11.900Z,37.5688333,-118.9085,0.681,3.1,md,8,158,0.06937,0.03,nc,nc1054938,2016-12-14T01:02:28.928Z,"10 km SSE of Mammoth Lakes, California",earthquake,0.51,1.23,0.11,7,reviewed,nc,nc
1980-08-08T03:30:10.200Z,44.591,140.942,278,4.6,mb,,,,,us,usp00019ae,2014-11-06T23:24:25.109Z,"66 km SSW of Rishiri Town, Japan",earthquake,,,,,reviewed,us,us
1980-08-08T03:15:39.500Z,-24.299,-67.165,198,4,mb,,,,,us,usp00019ad,2014-11-06T23:24:25.109Z,"86 km W of San Antonio de los Cobres, Argentina",earthquake,,,,,reviewed,us,us
1980-08-08T02:14:38.240Z,37.57,-118.9095,1.711,3.8,ml,8,156,0.07027,0.03,nc,nc1054935,2016-12-14T01:02:17.378Z,"10 km SSE of Mammoth Lakes, California",earthquake,0.53,0.92,,0,reviewed,nc,nc
1980-08-08T01:01:10.100Z,30.833,-116.1,4,3.4,ml,,,,,us,usp00019ab,2016-04-02T20:16:32.056Z,"3 km WSW of Camalú, Mexico",earthquake,,,,,reviewed,p,pas
1980-08-07T23:57:03.770Z,37.6205,-118.885,2.781,3.25,md,6,214,0.05676,0.05,nc,nc1054933,2016-12-14T01:02:09.498Z,"8 km ESE of Mammoth Lakes, California",earthquake,4.45,4.87,0.22,7,reviewed,nc,nc
1980-08-07T23:45:18.900Z,39.37,22.993,10,3.2,ml,,,,,us,usp00019a9,2014-11-06T23:24:25.104Z,"0 km E of Álli Meriá, Greece",earthquake,,,,,reviewed,us,ath
1980-08-07T20:45:45.600Z,30.277,94.821,33,4.9,mb,,,,,us,usp00019a8,2025-12-19T21:56:23.252Z,"198 km NNE of Shi Yomi, India",earthquake,,,,,reviewed,us,us
1980-08-07T20:35:13.310Z,34.2421667,-119.64,12.75,2.78,ml,29,73,0.2461,0.39,ci,ci3304331,2016-04-01T22:00:56.158Z,"21km SSW of Carpinteria, CA",earthquake,0.69,1.37,0.099,8,reviewed,ci,ci
1980-08-07T19:16:06.500Z,63.519,-151.294,10,5.2,mb,,,,,us,usp00019a7,2025-12-19T21:56:22.416Z,"21 km E of Denali National Park, Alaska",earthquake,,,,,reviewed,us,us
1980-08-07T17:58:57.400Z,34.4916667,-113.0853333,0.01,2.6,mh,6,339,0.9741,0.33,ci,ci3304320,2016-04-02T17:08:39.007Z,"113km E of Lake Havasu City, AZ",quarry blast,5.49,31.61,,0,reviewed,ci,ci
1980-08-07T17:21:33.700Z,11.665,142.203,51,4.7,mb,,,,,us,usp00019a6,2014-11-06T23:24:25.098Z,"279 km NE of Fais, Micronesia",earthquake,,,,,reviewed,us,us
1980-08-07T16:43:19.700Z,-9.708,117.463,34,4.5,mb,,,,,us,usp00019a5,2014-11-06T23:24:25.097Z,"134 km S of Sumbawa Besar, Indonesia",earthquake,,,,,reviewed,us,us
1980-08-07T16:13:35.810Z,37.4955,-118.694,3.821,3.31,md,5,279,0.1414,0.04,nc,nc1054920,2016-12-14T01:01:11.449Z,"4 km WSW of Swall Meadows, California",earthquake,2.94,2.34,0.15,7,reviewed,nc,nc
1980-08-07T12:38:46.340Z,35.514,-113.6225,6,2.98,mh,7,312,1.413,0.25,ci,ci3304297,2016-04-02T14:07:49.396Z,"53km NE of Kingman, AZ",earthquake,4.18,31.61,0.201,10,reviewed,ci,ci
1980-08-07T05:44:07.470Z,19.382,-155.1028333,0.866,2.61,ml,32,61,,0.08,hv,hv19802192,2020-03-31T17:23:05.950Z,"9 km SSE of Fern Forest, Hawaii",earthquake,0.38,0.89,0.11,1,reviewed,hv,hv
1980-08-07T03:39:01.100Z,19.979,121.308,33,4.9,mb,,,,,us,usp00019a3,2014-11-06T23:24:25.094Z,"86 km SW of Basco, Philippines",earthquake,,,,,reviewed,us,us
1980-08-07T02:10:01.800Z,39.336,23.101,10,3,ml,,,,,us,usp00019a2,2014-11-06T23:24:25.093Z,"4 km ENE of Áno Lekhónia, Greece",earthquake,,,,,reviewed,us,ath
1980-08-06T23:22:42.670Z,19.6891667,-155.0376667,-0.029,2.7,ml,24,107,,0.5,hv,hv19802189,2020-03-31T17:23:05.500Z,"7 km SE of Hilo, Hawaii",quarry blast,1.92,3.23,0.11,2,reviewed,hv,hv
1980-08-06T22:16:26.400Z,-46.087,165.732,33,4.7,mb,,,,,us,usp00019a1,2014-11-06T23:24:25.092Z,"171 km WSW of Te Anau, New Zealand",earthquake,,,,,reviewed,us,us
1980-08-06T21:27:36.200Z,-10.964,165.376,33,4.9,mb,,,,,us,usp00019a0,2014-11-06T23:24:25.091Z,"53 km WSW of Lata, Solomon Islands",earthquake,,,,,reviewed,us,us
1980-08-06T19:17:39.200Z,39.338,23.009,10,3.4,ml,,,,,us,usp000199z,2014-11-06T23:24:25.090Z,"0 km SW of Agriá, Greece",earthquake,,,,,reviewed,us,ath
1980-08-06T18:47:50.900Z,-15.097,167.404,130,5.1,mb,,,,,us,usp000199y,2014-11-06T23:24:25.088Z,"36 km E of Port-Olry, Vanuatu",earthquake,,,,,reviewed,us,us
1980-08-06T16:00:01.400Z,-10.501,-13.09,10,4.8,mb,,,,,us,usp000199x,2014-11-06T23:24:25.087Z,"Ascension Island region",earthquake,,,,,reviewed,us,us
1980-08-06T15:39:43.600Z,19.813,-105.01,84,4.5,mb,,,,,us,usp000199w,2014-11-06T23:24:25.086Z,"23 km NE of José María Morelos, Mexico",earthquake,,,,,reviewed,us,us
1980-08-06T13:03:51.770Z,31.9633333,-116.1711667,6,2.61,ml,12,275,0.6868,0.42,ci,ci9734138,2016-02-02T21:39:22.010Z,"44km ENE of Ensenada, B.C., MX",earthquake,2.67,31.61,0.04,6,reviewed,ci,ci
1980-08-06T12:50:48.100Z,26.743,126.359,83,4.4,mb,,,,,us,usp000199u,2026-01-07T19:21:02.709Z,"144 km WNW of Naha, Japan",earthquake,,,,,reviewed,us,us
1980-08-06T10:56:13.660Z,37.499,-118.8623333,1.961,2.98,md,10,184,0.0964,0.09,nc,nc1054901,2016-12-14T00:59:56.651Z,"14 km WSW of Aspen Springs, California",earthquake,0.54,1.26,0.14,6,reviewed,nc,nc
1980-08-06T10:51:20.040Z,37.4746667,-118.8256667,7.031,3.5,ml,12,196,0.1153,0.04,nc,nc1054900,2016-12-14T00:59:52.999Z,"13 km SW of Aspen Springs, California",earthquake,0.39,0.75,,0,reviewed,nc,nc
1980-08-06T10:46:32.210Z,37.5321667,-118.8508333,2.521,2.67,md,6,283,0.06126,0.03,nc,nc1054899,2016-12-14T00:59:49.137Z,"12 km WSW of Aspen Springs, California",earthquake,1.65,0.7,,1,reviewed,nc,nc
1980-08-06T10:45:27.900Z,45.824,149.117,129,5.2,mb,,,,,us,usp000199r,2014-11-06T23:24:25.081Z,"117 km NE of Kuril’sk, Russia",earthquake,,,,,reviewed,us,us
1980-08-06T10:42:39.070Z,37.6381667,-118.9328333,0.311,3.35,md,19,58,0.09009,0.12,nc,nc1054898,2016-12-14T00:59:45.301Z,"California-Nevada border region",earthquake,0.25,1.22,0.11,5,reviewed,nc,nc
1980-08-06T10:26:50.050Z,31.9516667,-116.1455,6,2.64,mh,12,275,0.6971,0.47,ci,ci9734122,2016-02-03T03:01:20.580Z,"46km ENE of Ensenada, B.C., MX",earthquake,2.76,31.61,0.108,16,reviewed,ci,ci
1980-08-06T10:00:28.400Z,31.948,-116.1876667,6,2.92,mh,10,276,0.7032,0.43,ci,ci9734118,2016-02-03T03:01:20.080Z,"42km ENE of Ensenada, B.C., MX",earthquake,2.43,31.61,0.261,20,reviewed,ci,ci
1980-08-06T09:52:38.190Z,31.962,-116.2148333,6,2.64,mh,3,310,0.6919,0.16,ci,ci9734114,2016-04-02T07:39:03.436Z,"40km ENE of Ensenada, B.C., MX",earthquake,1.91,31.61,0.219,13,reviewed,ci,ci
1980-08-06T09:52:03.650Z,32.0046667,-116.1926667,6,2.63,ml,5,289,0.6474,0.3,ci,ci9734110,2016-02-03T01:38:53.390Z,"43km ENE of Ensenada, B.C., MX",earthquake,2.44,31.61,0.04,6,reviewed,ci,ci
1980-08-06T09:51:31.010Z,31.9873333,-116.1706667,8.73,2.82,mh,9,274,0.6629,0.54,ci,ci9734106,2016-02-02T19:01:25.770Z,"44km ENE of Ensenada, B.C., MX",earthquake,3.16,2.31,0.208,15,reviewed,ci,ci
1980-08-06T09:51:03.580Z,31.9661667,-116.0903333,6,4.19,ml,4,274,0.6822,0.35,ci,ci9734102,2016-02-03T04:18:19.290Z,"51km ENE of Ensenada, B.C., MX",earthquake,2.95,31.61,0.228,15,reviewed,ci,ci
1980-08-06T09:46:21.520Z,31.8406667,-116.1776667,6,4.13,ml,38,239,0.8092,0.44,ci,ci3304261,2016-04-02T04:20:14.745Z,"39km ENE of Maneadero, B.C., MX",earthquake,2.82,31.61,0.157,26,reviewed,ci,ci
1980-08-06T09:05:50.000Z,-6.026,146.672,33,4.8,mb,,,,,us,usp000199k,2014-11-06T23:24:25.075Z,"85 km NNW of Lae, Papua New Guinea",earthquake,,,,,reviewed,us,us
1980-08-06T08:32:40.470Z,37.6193333,-118.8481667,-0.159,2.61,md,5,178,0.03423,0.06,nc,nc1054893,2016-12-14T00:59:25.519Z,"11 km ESE of Mammoth Lakes, California",earthquake,4.01,7.86,0.46,6,reviewed,nc,nc
1980-08-06T07:23:22.500Z,-10.772,165.055,33,5,ms,,,,,us,usp000199h,2026-01-07T19:21:02.150Z,"81 km W of Lata, Solomon Islands",earthquake,,,,,reviewed,us,us
1980-08-06T05:33:25.400Z,37.521,-118.8673333,4.601,3.2,md,9,178,0.07658,0.08,nc,nc1054892,2016-12-14T00:59:21.812Z,"14 km WSW of Aspen Springs, California",earthquake,0.53,0.95,0.13,4,reviewed,nc,nc
1980-08-06T04:15:26.150Z,19.3775,-155.1013333,1.466,2.73,ml,33,65,,0.1,hv,hv19802182,2020-03-31T17:23:04.340Z,"10 km SSE of Fern Forest, Hawaii",earthquake,0.42,0.29,,1,reviewed,hv,hv
1980-08-06T04:12:28.220Z,19.3745,-155.1048333,1.526,3.05,ml,36,66,,0.1,hv,hv19802181,2020-03-31T17:23:04.170Z,"10 km SSE of Fern Forest, Hawaii",earthquake,0.39,0.31,0.02,1,reviewed,hv,hv
1980-08-06T02:59:22.000Z,-9.777,119.128,33,5,mb,,,,,us,usp000199f,2014-11-06T23:24:25.071Z,"125 km W of Waingapu, Indonesia",earthquake,,,,,reviewed,us,us
1980-08-06T02:46:26.330Z,37.5701667,-118.7548333,6.811,2.81,md,5,240,0.05946,0.04,nc,nc1054890,2016-12-14T00:59:13.607Z,"4 km WNW of Aspen Springs, California",earthquake,2.75,2.41,0.5,6,reviewed,nc,nc
1980-08-06T01:59:06.100Z,-2.959,141.52,33,5.3,mb,,,,,us,usp000199e,2014-11-06T23:24:25.070Z,"38 km SE of Vanimo, Papua New Guinea",earthquake,,,,,reviewed,us,us
1980-08-06T01:36:37.700Z,23.931,143.051,62,4.7,mb,,,,,us,usp000199d,2014-11-06T23:24:25.069Z,"Volcano Islands, Japan region",earthquake,,,,,reviewed,us,us
1980-08-06T01:26:29.570Z,37.5716667,-118.7535,7.101,2.85,md,5,239,0.06036,0.08,nc,nc1054888,2016-12-14T00:59:06.275Z,"4 km WNW of Aspen Springs, California",earthquake,3.31,2.93,0.09,4,reviewed,nc,nc
1980-08-06T01:01:32.260Z,35.6335,-118.3986667,6,2.57,ml,12,138,0.06798,0.3,ci,ci3304248,2016-04-01T21:57:27.430Z,"7km ENE of Lake Isabella, CA",earthquake,1,31.61,0.331,6,reviewed,ci,ci
1980-08-05T20:26:11.700Z,14.875,-105.116,10,5,ms,,,,,us,usp000199c,2014-11-06T23:24:25.068Z,"northern East Pacific Rise",earthquake,,,,,reviewed,us,us
1980-08-05T18:58:11.050Z,19.3216667,-155.1726667,9.252,3.34,ml,42,101,,0.08,hv,hv19802177,2020-03-31T17:23:03.490Z,"14 km SSE of Volcano, Hawaii",earthquake,0.43,0.36,0.08,1,reviewed,hv,hv
1980-08-05T17:45:41.650Z,20.1008333,-155.7503333,14.865,3.05,ml,39,164,,0.11,hv,hv19802176,2020-03-31T17:23:03.290Z,"11 km NW of Waimea, Hawaii",earthquake,1.72,2.54,0.14,5,reviewed,hv,hv
1980-08-05T15:58:33.370Z,40.33,-124.3551667,17.705,3.33,md,25,231,0.08198,0.1,nc,nc1054884,2016-12-14T00:58:48.070Z,"near the coast of Northern California",earthquake,0.96,0.33,0.11,10,reviewed,nc,nc
1980-08-05T15:23:56.810Z,34.8396667,-121.1285,6,2.66,mh,11,276,0.792,0.39,ci,ci3304210,2016-04-02T01:12:17.713Z,"52km SW of Avila Beach, CA",earthquake,2.06,31.61,0.068,2,reviewed,ci,ci
1980-08-05T13:37:30.500Z,39.898,21.946,10,3.3,ml,,,,,us,usp000199a,2014-11-06T23:24:25.066Z,"6 km SSW of Kraniá Elassónas, Greece",earthquake,,,,,reviewed,us,ath
1980-08-05T13:00:35.950Z,40.6348333,-123.6618333,27.088,3.29,md,25,145,0.1243,0.09,nc,nc1054879,2016-12-14T00:58:21.807Z,"17 km W of Hyampom, California",earthquake,0.48,0.97,0.14,8,reviewed,nc,nc
1980-08-05T11:54:23.880Z,37.581,-118.8915,2.171,3.02,md,6,150,0.05405,0.07,nc,nc1054877,2016-12-14T00:58:13.368Z,"10 km SE of Mammoth Lakes, California",earthquake,0.87,0.83,0.34,7,reviewed,nc,nc
1980-08-05T11:12:34.600Z,33.432,134.414,33,4.8,mb,,,,,us,usp0001999,2014-11-06T23:24:25.065Z,"27 km NE of Muroto-misakicho, Japan",earthquake,,,,,reviewed,us,us
1980-08-05T10:03:02.500Z,39.069,22.899,10,4.3,mb,,,,,us,usp0001998,2014-11-06T23:24:25.064Z,"3 km S of Soúrpi, Greece",earthquake,,,,,reviewed,us,us
1980-08-05T00:36:11.360Z,46.096,-122.118,3.938,2.5,md,19,155,0.05413,0.16,uw,uw10082168,2016-07-24T21:44:19.200Z,"32 km NE of Amboy, Washington",earthquake,0.644,0.8,0.04,6,reviewed,uw,uw
1980-08-04T22:11:47.450Z,34.6875,-113.1973333,0.01,3,mh,7,324,0.9718,0.14,ci,ci3304179,2016-04-02T13:57:13.919Z,"96km SE of Kingman, AZ",quarry blast,4.95,31.61,,0,reviewed,ci,ci
1980-08-04T20:29:59.300Z,-23.854,-66.335,179,4.6,mb,,,,,us,usp0001997,2014-11-06T23:24:25.063Z,"40 km N of San Antonio de los Cobres, Argentina",earthquake,,,,,reviewed,us,us
1980-08-04T19:28:15.960Z,35.044,-117.6861667,0.01,2.5,mh,17,84,,0.13,ci,ci3304172,2016-04-02T13:57:12.730Z,"6km NNW of Boron, CA",quarry blast,0.48,31.61,,0,reviewed,ci,ci
1980-08-04T18:01:20.800Z,-0.129,124.673,71,5.1,mb,,,,,us,usp0001996,2014-11-06T23:24:25.062Z,"160 km S of Tomohon, Indonesia",earthquake,,,,,reviewed,us,us
1980-08-04T17:31:00.800Z,61.087,-151.87,96,3.8,mb,,,,,us,usp0001995,2014-11-06T23:24:25.061Z,"39 km W of Tyonek, Alaska",earthquake,,,,,reviewed,us,us
1980-08-04T16:52:40.400Z,29.411,80.771,33,4.5,mb,,,,,us,usp0001994,2014-11-06T23:24:25.060Z,"22 km NE of Dadeldhur?, Nepal",earthquake,,,,,reviewed,us,us
1980-08-04T15:57:35.600Z,41.107,22.215,10,3.8,mb,,,,,us,usp0001993,2014-11-06T23:24:25.059Z,"16 km NNE of Exaplátanos, Greece",earthquake,,,,,reviewed,us,us
1980-08-04T15:09:09.300Z,14.139,-92.934,33,4.8,mb,,,,,us,usp0001992,2014-11-06T23:24:25.058Z,"84 km SW of Puerto Madero, Mexico",earthquake,,,,,reviewed,us,us
1980-08-04T12:52:48.270Z,37.5825,-118.879,3.441,3.07,md,7,150,0.04324,0.07,nc,nc1054858,2016-12-14T00:56:55.381Z,"11 km SE of Mammoth Lakes, California",earthquake,0.79,0.62,0.3,6,reviewed,nc,nc
1980-08-04T09:40:44.700Z,42.346,-126.937,15,4.4,mb,,,,,us,usp0001990,2014-11-06T23:24:25.057Z,"205 km WSW of Port Orford, Oregon",earthquake,,,,,reviewed,us,us
1980-08-04T08:58:49.300Z,14.22,-92.973,33,4.6,mb,,,,,us,usp000198z,2014-11-06T23:24:25.056Z,"81 km SW of Puerto Madero, Mexico",earthquake,,,,,reviewed,us,us
1980-08-04T08:21:59.100Z,16.292,-98.12,43,4.8,mb,,,,,us,usp000198y,2022-04-28T01:29:25.217Z,"8 km SW of Pinotepa Nacional, Mexico",earthquake,,,,,reviewed,us,us
1980-08-04T08:14:40.700Z,-7.104,124.973,558,5,mb,,,,,us,usp000198x,2014-11-06T23:24:25.054Z,"168 km N of Maubara, Timor Leste",earthquake,,,,,reviewed,us,us
1980-08-04T06:59:44.930Z,32.8175,-118.4163333,18.75,2.86,mh,17,232,,0.31,ci,ci3304139,2016-04-02T13:57:58.715Z,"7km W of San Clemente Is. (SE tip), CA",earthquake,1.23,0.79,0.143,17,reviewed,ci,ci
1980-08-04T04:05:04.300Z,-19.097,169.023,159,5,mb,,,,,us,usp000198w,2014-11-06T23:24:25.053Z,"56 km NNW of Isangel, Vanuatu",earthquake,,,,,reviewed,us,us
1980-08-04T03:13:23.800Z,3.043,124.175,346,4.8,mb,,,,,us,usp000198v,2014-11-06T23:24:25.052Z,"188 km NNW of Manado, Indonesia",earthquake,,,,,reviewed,us,us
1980-08-04T02:30:18.460Z,37.6655,-118.5358333,6,2.73,ml,7,315,1.276,0.48,ci,ci3304125,2016-02-03T00:16:42.310Z,"33km NNW of Dixon Lane-Meadow Creek, CA",earthquake,5.16,31.61,0.237,8,reviewed,ci,ci
1980-08-04T00:22:50.900Z,16.257,-95.706,33,5.1,mb,,,,,us,usp000198u,2025-12-19T21:56:21.574Z,"5 km SSE of Asunción Tlacolulita, Mexico",earthquake,,,,,reviewed,us,us
1980-08-03T21:05:08.030Z,36.896,-121.6275,5.311,2.53,md,29,70,0.03063,0.12,nc,nc1054848,2016-12-14T00:56:13.719Z,"2 km ENE of Aromas, CA",quarry blast,0.29,0.5,0.04,7,reviewed,nc,nc
1980-08-03T17:53:42.000Z,13.069,143.366,205,5.1,mb,,,,,us,usp000198t,2014-11-06T23:24:25.049Z,"142 km W of Umatac Village, Guam",earthquake,,,,,reviewed,us,us
1980-08-03T17:12:04.110Z,37.5761667,-118.862,6.111,3.33,md,7,160,0.03243,0.06,nc,nc1054845,2016-12-14T00:56:02.151Z,"12 km SE of Mammoth Lakes, California",earthquake,0.52,0.66,0.26,6,reviewed,nc,nc
1980-08-03T15:24:57.500Z,-10.915,165.382,33,5.1,mb,,,,,us,usp000198r,2026-01-07T19:21:01.145Z,"50 km WSW of Lata, Solomon Islands",earthquake,,,,,reviewed,us,us
1980-08-03T15:23:11.640Z,30.5871667,-116.287,6,3.23,mh,5,339,2.062,0.5,ci,ci3304102,2016-04-01T22:03:25.549Z,"128km SSE of Maneadero, B.C., MX",earthquake,8.03,31.61,0.052,12,reviewed,ci,ci
1980-08-03T14:43:04.200Z,42.498,-124.56,15,4.5,mb,,,,,us,usp000198p,2018-06-04T20:43:45.000Z,"12 km W of Nesika Beach, Oregon",earthquake,,,,,reviewed,us,us
1980-08-03T13:42:35.400Z,-35.58,-104.629,10,5.1,mb,,,,,us,usp000198n,2022-04-28T01:29:12.904Z,"southeast of Easter Island",earthquake,,,,,reviewed,us,us
1980-08-03T10:53:20.090Z,37.6308333,-118.9696667,6.161,3.06,md,5,261,0.0991,0.02,nc,nc1054840,2016-12-14T00:55:43.156Z,"1 km S of Mammoth Lakes, California",earthquake,3.57,2.53,0.2,5,reviewed,nc,nc
1980-08-03T10:02:55.270Z,37.5326667,-118.8178333,4.731,3.21,md,7,183,0.05766,0.06,nc,nc1054839,2016-12-14T00:55:39.375Z,"9 km WSW of Aspen Springs, California",earthquake,0.85,0.9,0.05,4,reviewed,nc,nc
1980-08-03T09:04:23.400Z,42.348,-126.197,15,4.5,mb,,,,,us,usp000198k,2014-11-06T23:24:25.042Z,"146 km W of Gold Beach, Oregon",earthquake,,,,,reviewed,us,us
1980-08-03T08:40:41.480Z,39.5776667,-123.392,8.727,2.68,md,15,81,0.06667,0.06,nc,nc1054834,2016-12-14T00:55:13.426Z,"14 km SSE of Laytonville, California",earthquake,0.28,0.61,0.2,8,reviewed,nc,nc
1980-08-03T08:24:02.000Z,42.399,-125.708,15,4.5,mb,,,,,us,usp000198j,2014-11-06T23:24:25.041Z,"105 km W of Gold Beach, Oregon",earthquake,,,,,reviewed,us,us
1980-08-03T07:32:41.840Z,37.5583333,-118.8433333,7.961,3.7,ml,8,169,0.03514,0.06,nc,nc1054832,2016-12-14T00:55:06.012Z,"11 km W of Aspen Springs, California",earthquake,0.49,0.63,,0,reviewed,nc,nc
1980-08-03T07:12:30.420Z,52.142,-169.611,28.7,5.69,mw,,,,,iscgem,iscgem639614,2025-12-19T21:56:20.890Z,"102 km SSW of Nikolski, Alaska",earthquake,,4.6,0.2,,reviewed,iscgem,iscgem
1980-08-03T07:11:43.000Z,51.999,-169.284,33,5.5,ms,,,,,us,usp000198f,2025-12-19T21:56:20.049Z,"108 km SSW of Nikolski, Alaska",earthquake,,,,,reviewed,us,us
1980-08-03T06:44:51.210Z,19.3246667,-155.1786667,9.132,2.92,ml,41,97,,0.1,hv,hv19802155,2020-03-31T17:22:59.750Z,"14 km SSE of Volcano, Hawaii",earthquake,0.42,0.4,0.1,2,reviewed,hv,hv
1980-08-03T05:18:08.730Z,37.5766667,-118.854,5.311,2.94,md,6,161,0.02703,0.06,nc,nc1054830,2016-12-14T00:54:52.196Z,"12 km W of Aspen Springs, California",earthquake,0.5,0.59,0.31,6,reviewed,nc,nc
1980-08-03T04:49:24.450Z,19.389,-155.2505,2.212,3.28,ml,29,53,,0.08,hv,hv19802153,2020-03-31T17:22:59.440Z,"6 km SSW of Volcano, Hawaii",earthquake,0.31,0.36,0.28,2,reviewed,hv,hv
1980-08-03T04:49:01.090Z,37.6496667,-118.9235,3.651,3.27,md,5,220,0.08018,0.03,nc,nc1054829,2016-12-14T00:54:48.466Z,"4 km E of Mammoth Lakes, California",earthquake,2.79,3.32,0.19,6,reviewed,nc,nc
1980-08-03T04:09:23.270Z,37.5618333,-118.8738333,3.651,3.04,md,8,164,0.04775,0.05,nc,nc1054826,2016-12-14T00:54:37.305Z,"12 km SE of Mammoth Lakes, California",earthquake,0.43,0.64,0.26,6,reviewed,nc,nc
1980-08-03T03:42:40.390Z,36.8548333,-121.595,7.429,2.75,md,30,126,0.05856,0.09,nc,nc1054825,2016-12-14T00:54:33.288Z,"5 km WNW of San Juan Bautista, California",earthquake,0.26,0.62,0.1,14,reviewed,nc,nc
1980-08-03T03:41:39.960Z,37.6671667,-118.9133333,-0.569,2.96,md,5,200,0.06667,0.05,nc,nc1054824,2016-12-14T00:54:29.084Z,"5 km ENE of Mammoth Lakes, California",earthquake,0.95,7.21,0.09,6,reviewed,nc,nc
1980-08-03T03:37:16.820Z,37.7096667,-119.1581667,6,2.66,mh,3,293,,0.18,ci,ci12346279,2016-02-03T03:01:16.200Z,"18km WNW of Mammoth Lakes, CA",earthquake,2.48,31.61,0.324,6,reviewed,ci,ci
1980-08-03T03:35:09.230Z,37.6468333,-118.9346667,3.381,2.95,md,5,232,0.08198,0.03,nc,nc1054822,2016-12-14T00:54:21.912Z,"3 km E of Mammoth Lakes, California",earthquake,2.79,2.49,,1,reviewed,nc,nc
1980-08-03T03:12:21.220Z,37.649,-118.9296667,3.291,3,md,5,226,0.08018,0.03,nc,nc1054821,2016-12-14T00:54:18.205Z,"3 km E of Mammoth Lakes, California",earthquake,2.72,2.64,0.32,7,reviewed,nc,nc
1980-08-03T03:03:59.840Z,37.6461667,-118.9348333,3.951,3.09,md,6,232,0.08198,0.06,nc,nc1054820,2016-12-14T00:54:14.526Z,"3 km E of Mammoth Lakes, California",earthquake,2.75,2.82,0.22,6,reviewed,nc,nc
1980-08-03T03:00:49.700Z,-35.251,-69.991,151,5.3,mb,,,,,us,usp000198c,2025-12-19T21:56:19.340Z,"113 km ESE of Chimbarongo, Chile",earthquake,,,,,reviewed,us,us
1980-08-03T02:58:18.710Z,37.6565,-118.9206667,2.411,2.64,md,4,213,0.07477,0.01,nc,nc1054818,2016-12-14T00:54:06.917Z,"4 km E of Mammoth Lakes, California",earthquake,4.07,6.85,,1,reviewed,nc,nc
1980-08-03T02:56:47.310Z,36.857,-121.592,7.134,3.02,md,46,60,0.02793,0.08,nc,nc1054817,2016-12-14T00:54:01.910Z,"4 km WNW of San Juan Bautista, California",earthquake,0.2,0.35,0.12,24,reviewed,nc,nc
1980-08-03T02:20:34.940Z,37.5741667,-118.8958333,3.541,3.15,md,6,156,0.05856,0.06,nc,nc1054816,2016-12-14T00:53:54.790Z,"10 km SE of Mammoth Lakes, California",earthquake,0.66,0.86,0.09,7,reviewed,nc,nc
1980-08-03T01:28:21.740Z,37.5131667,-118.8613333,3.611,3.16,md,7,226,0.08198,0.08,nc,nc1054814,2016-12-14T00:53:46.432Z,"13 km WSW of Aspen Springs, California",earthquake,1.65,0.96,0.16,6,reviewed,nc,nc
1980-08-03T01:14:01.800Z,39.345,23.118,10,3.1,ml,,,,,us,usp0001989,2014-11-06T23:24:25.032Z,"5 km ENE of Áno Lekhónia, Greece",earthquake,,,,,reviewed,us,ath
1980-08-03T00:34:32.060Z,37.5446667,-118.8566667,7.231,3.16,md,9,172,0.05225,0.09,nc,nc1054813,2016-12-14T00:53:42.611Z,"12 km W of Aspen Springs, California",earthquake,0.54,0.71,0.28,7,reviewed,nc,nc
1980-08-02T23:56:38.000Z,-0.06,124.947,80,5.3,mb,,,,,us,usp0001987,2014-11-06T23:24:25.030Z,"151 km S of Tondano, Indonesia",earthquake,,,,,reviewed,us,us
1980-08-02T23:15:55.830Z,41.2311667,-124.8638333,0.166,4,ml,25,310,0.6865,0.14,nc,nc1054809,2021-05-13T21:55:49.394Z,"61 km W of Big Lagoon, California",earthquake,8.33,5.78,,0,reviewed,nc,nc
1980-08-02T21:47:44.900Z,-11.384,166.495,33,5.3,mb,,,,,us,usp0001985,2025-12-19T21:56:18.649Z,"105 km SE of Lata, Solomon Islands",earthquake,,,,,reviewed,us,us
1980-08-02T21:38:22.500Z,-11.366,165.559,33,4.6,mb,,,,,us,usp0001984,2014-11-06T23:24:25.027Z,"75 km SSW of Lata, Solomon Islands",earthquake,,,,,reviewed,us,us
1980-08-02T18:05:31.480Z,37.896,-122.1928333,11.534,2.64,md,43,37,0.07297,0.08,nc,nc1054802,2016-12-14T00:53:04.250Z,"2 km NNW of Orinda, California",earthquake,0.15,0.44,0.12,22,reviewed,nc,nc
1980-08-02T17:51:44.140Z,37.5171667,-118.7625,5.631,3.21,md,5,287,0.08829,0.06,nc,nc1054801,2016-12-14T00:52:57.709Z,"6 km SW of Aspen Springs, California",earthquake,4.04,1.6,0.16,6,reviewed,nc,nc
1980-08-02T17:09:43.170Z,37.5681667,-118.8688333,5.411,3.9,ml,7,162,0.04144,0.08,nc,nc1054800,2016-12-14T00:52:53.535Z,"12 km SE of Mammoth Lakes, California",earthquake,0.54,0.77,,0,reviewed,nc,nc
1980-08-02T16:20:08.300Z,-11.06,165.494,33,4.8,mb,,,,,us,usp0001981,2014-11-06T23:24:25.024Z,"49 km SW of Lata, Solomon Islands",earthquake,,,,,reviewed,us,us
1980-08-02T15:58:07.400Z,-11.144,165.333,33,5.3,mb,,,,,us,usp0001980,2014-11-06T23:24:25.023Z,"68 km SW of Lata, Solomon Islands",earthquake,,,,,reviewed,us,us
1980-08-02T15:47:26.100Z,-11.086,165.433,33,6.3,ms,,,,,us,usp000197z,2025-12-19T21:56:17.595Z,"56 km SW of Lata, Solomon Islands",earthquake,,,,,reviewed,us,us
1980-08-02T15:40:29.200Z,59.896,-149.181,33,3.1,ml,,,,,us,usp000197y,2014-11-06T23:24:25.021Z,"24 km SE of Lowell Point, Alaska",earthquake,,,,,reviewed,us,pmr
1980-08-02T11:17:10.690Z,19.3368333,-155.1051667,8.175,2.56,ml,30,187,,0.08,hv,hv19802148,2020-03-31T17:22:58.670Z,"14 km SSE of Fern Forest, Hawaii",earthquake,0.76,0.64,,2,reviewed,hv,hv
1980-08-02T10:46:15.000Z,52.227,-169.339,33,4.5,mb,,,,,us,usp000197x,2014-11-06T23:24:25.020Z,"85 km SSW of Nikolski, Alaska",earthquake,,,,,reviewed,us,us
1980-08-02T10:34:09.890Z,37.529,-118.8746667,3.511,3.09,md,12,174,0.07297,0.08,nc,nc1054797,2016-12-14T00:52:41.987Z,"14 km WSW of Aspen Springs, California",earthquake,0.44,0.74,0.19,6,reviewed,nc,nc
1980-08-02T09:06:59.300Z,-27.794,-176.139,60,4.7,mb,,,,,us,usp000197w,2014-11-06T23:24:25.019Z,"Kermadec Islands region",earthquake,,,,,reviewed,us,us
1980-08-02T07:07:17.300Z,52.112,-169.365,33,5.3,mb,,,,,us,usp000197v,2025-12-19T21:43:41.242Z,"98 km SSW of Nikolski, Alaska",earthquake,,,,,reviewed,us,us
1980-08-02T06:49:25.900Z,-11.09,165.423,33,5.3,ms,,,,,us,usp000197u,2025-12-19T21:56:16.866Z,"57 km SW of Lata, Solomon Islands",earthquake,,,,,reviewed,us,us
1980-08-02T06:27:29.580Z,37.5745,-119.037,6,2.58,ml,6,290,,0.36,ci,ci3305673,2016-04-02T01:05:50.288Z,"9km SW of Mammoth Lakes, CA",earthquake,3.12,31.61,0.388,8,reviewed,ci,ci
1980-08-02T04:47:48.680Z,37.4873333,-118.8688333,4.941,3.23,md,16,186,0.109,0.08,nc,nc1054793,2016-12-14T00:52:26.683Z,"15 km WSW of Aspen Springs, California",earthquake,0.43,1,0.14,6,reviewed,nc,nc
1980-08-02T03:39:11.900Z,41.267,-121.8351667,30.743,2.72,md,7,322,0.6532,0.03,nc,nc1054792,2016-12-14T00:52:22.892Z,"25 km E of McCloud, California",earthquake,6.51,4.13,0.15,8,reviewed,nc,nc
1980-08-02T01:24:36.970Z,37.5411667,-118.9915,6,2.56,ml,4,312,1.92,0.76,ci,ci3305664,2016-04-02T20:15:50.684Z,"11km S of Mammoth Lakes, CA",earthquake,16.76,31.61,0.273,4,reviewed,ci,ci
1980-08-02T01:15:49.710Z,37.5493333,-118.869,5.371,3.6,ml,10,168,0.05405,0.25,nc,nc1054787,2016-12-14T00:52:03.719Z,"13 km W of Aspen Springs, California",earthquake,0.97,1.22,,0,reviewed,nc,nc
1980-08-02T01:06:33.710Z,19.2871667,-155.352,3.034,2.53,ml,38,127,,0.14,hv,hv19802143,2020-03-31T17:22:57.880Z,"16 km NE of P?hala, Hawaii",earthquake,0.52,1.67,0.3,2,reviewed,hv,hv
1980-08-02T00:53:40.800Z,14.523,-92.937,50,5.1,ms,,,,,us,usp000197s,2025-12-19T21:56:16.074Z,"59 km WSW of Puerto Madero, Mexico",earthquake,,,,,reviewed,us,us
1980-08-01T23:49:12.000Z,16.623,147.302,77,4.9,mb,,,,,us,usp000197r,2014-11-06T23:24:25.013Z,"227 km NE of Saipan, Northern Mariana Islands",earthquake,,,,,reviewed,us,us
1980-08-01T23:41:35.480Z,19.383,-155.245,2.132,2.54,ml,30,46,,0.07,hv,hv19802142,2020-03-31T17:22:57.670Z,"6 km S of Volcano, Hawaii",earthquake,0.3,0.37,0.23,2,reviewed,hv,hv
1980-08-01T23:07:14.700Z,59.617,-148.937,26,5.4,mb,,,,,us,usp000197q,2025-12-19T21:56:15.106Z,"58 km SSE of Lowell Point, Alaska",earthquake,,,,,reviewed,us,us
1980-08-01T22:20:06.980Z,37.5465,-118.8676667,4.431,3.6,ml,9,169,0.05495,0.06,nc,nc1054784,2016-12-14T00:51:51.633Z,"13 km W of Aspen Springs, California",earthquake,0.47,0.72,,0,reviewed,nc,nc
1980-08-01T21:22:07.200Z,-25.156,179.537,515,4.9,mb,,,,,us,usp000197n,2014-11-06T23:24:25.010Z,"south of the Fiji Islands",earthquake,,,,,reviewed,us,us
1980-08-01T19:59:23.620Z,37.7305,-119.179,6,2.7,ml,2,314,,0.15,ci,ci12346259,2016-02-02T21:39:14.760Z,"20km WNW of Mammoth Lakes, CA",earthquake,2.53,31.61,0.211,4,reviewed,ci,ci
1980-08-01T19:56:26.280Z,37.646,-118.9298333,6.301,3.16,md,6,228,0.08288,0.05,nc,nc1054781,2016-12-14T00:51:39.986Z,"3 km E of Mammoth Lakes, California",earthquake,2.9,3.08,0.35,4,reviewed,nc,nc
1980-08-01T19:29:13.280Z,37.5421667,-118.878,3.611,3.13,md,8,169,0.06396,0.07,nc,nc1054780,2016-12-14T00:51:36.124Z,"14 km SE of Mammoth Lakes, California",earthquake,0.56,0.99,0.23,5,reviewed,nc,nc
1980-08-01T19:03:36.200Z,-20.524,-178.857,615,4.6,mb,,,,,us,usp000197k,2014-11-06T23:24:25.007Z,"Fiji region",earthquake,,,,,reviewed,us,us
1980-08-01T18:57:56.430Z,34.5356667,-113.111,0.01,2.5,mh,6,339,0.969,0.36,ci,ci3305637,2016-04-02T14:07:45.815Z,"111km E of Lake Havasu City, AZ",quarry blast,5.11,31.61,,0,reviewed,ci,ci
1980-08-01T18:52:50.800Z,37.646,-118.843,5,3.6,ml,,,,,us,usp000197j,2016-02-03T01:38:45.960Z,"11 km E of Mammoth Lakes, California",earthquake,,,,,reviewed,us,pas
1980-08-01T18:52:21.190Z,37.5418333,-118.869,1.811,3.5,ml,4,281,0.05946,0,nc,nc1054779,2016-12-14T00:51:32.031Z,"13 km W of Aspen Springs, California",earthquake,2.88,1.37,,0,reviewed,nc,nc
1980-08-01T18:28:52.620Z,37.5943333,-118.868,0.291,3.11,md,5,239,0.03423,0.29,nc,nc1054778,2016-12-14T00:51:28.444Z,"10 km ESE of Mammoth Lakes, California",earthquake,15.69,12.75,,1,reviewed,nc,nc
1980-08-01T18:28:44.030Z,37.5608333,-118.8908333,0.991,2.54,md,7,162,0.06036,0.05,nc,nc1054777,2016-12-14T00:51:24.781Z,"12 km SE of Mammoth Lakes, California",earthquake,0.73,1.16,0.28,2,reviewed,nc,nc
1980-08-01T18:18:26.990Z,37.6481667,-119.0405,5.71,2.61,ml,3,287,,0.36,ci,ci12346255,2016-02-02T19:01:20.600Z,"6km WNW of Mammoth Lakes, CA",earthquake,18.24,20.08,0.05,4,reviewed,ci,ci
1980-08-01T18:16:33.920Z,37.5721667,-118.851,7.531,3.07,md,8,163,0.02703,0.03,nc,nc1054776,2016-12-14T00:51:20.906Z,"12 km W of Aspen Springs, California",earthquake,0.4,0.51,0.58,2,reviewed,nc,nc
1980-08-01T18:02:19.350Z,37.6583333,-118.6933333,6,2.63,ml,6,302,0.707,0.82,ci,ci3305628,2016-04-02T17:14:19.866Z,"25km E of Mammoth Lakes, CA",earthquake,10.6,31.61,0.278,8,reviewed,ci,ci
1980-08-01T17:48:14.740Z,37.5893333,-118.8701667,2.735,3.8,ml,18,70,0.03604,0.17,nc,nc1054773,2016-12-14T00:51:09.420Z,"11 km SE of Mammoth Lakes, California",earthquake,0.46,1.01,,0,reviewed,nc,nc
1980-08-01T17:47:58.820Z,37.5683333,-118.856,7.001,3.5,ml,9,164,0.03333,0.06,nc,nc1054772,2016-12-14T00:51:05.565Z,"12 km W of Aspen Springs, California",earthquake,0.35,0.51,,0,reviewed,nc,nc
1980-08-01T17:42:27.800Z,23.889,121.705,28,4.6,mb,,,,,us,usp000197c,2026-01-07T19:19:47.826Z,"14 km SE of Hualien City, Taiwan",earthquake,,,,,reviewed,us,us
1980-08-01T17:32:54.530Z,37.542,-118.873,2.951,3.5,ml,10,170,0.06126,0.03,nc,nc1054767,2016-12-14T00:50:46.627Z,"14 km W of Aspen Springs, California",earthquake,0.41,0.66,,0,reviewed,nc,nc
1980-08-01T17:31:53.650Z,37.5718333,-118.8618333,7.681,3.26,md,8,162,0.03423,0.06,nc,nc1054766,2016-12-14T00:50:42.955Z,"12 km SE of Mammoth Lakes, California",earthquake,0.4,0.62,,1,reviewed,nc,nc
1980-08-01T17:28:21.730Z,37.5671667,-118.8793333,3.291,2.7,md,8,162,0.04865,0.07,nc,nc1054765,2016-12-14T00:50:39.165Z,"12 km SE of Mammoth Lakes, California",earthquake,0.49,0.65,0.34,3,reviewed,nc,nc
1980-08-01T17:09:16.970Z,37.5626667,-118.8381667,9.081,4.1,ml,8,168,0.02973,0.05,nc,nc1054761,2016-12-14T00:50:24.139Z,"11 km W of Aspen Springs, California",earthquake,0.64,0.64,,0,reviewed,nc,nc
1980-08-01T16:59:44.310Z,37.68,-118.7,6,3,mh,5,329,2.021,0.9,ci,ci12346235,2016-04-02T01:11:57.390Z,"25km E of Mammoth Lakes, CA",earthquake,99,31.61,,0,reviewed,ci,ci
1980-08-01T16:59:12.450Z,37.5525,-118.8625,5.891,3.5,ml,10,168,0.04775,0.07,nc,nc1054759,2016-12-14T00:50:17.038Z,"13 km W of Aspen Springs, California",earthquake,0.46,0.64,,0,reviewed,nc,nc
1980-08-01T16:55:07.110Z,37.5543333,-117.5483333,6,2.66,ml,2,360,1.191,0.28,ci,ci9733834,2016-02-02T19:01:19.610Z,"64km SSW of Tonopah, NV",earthquake,26.11,31.61,0.017,4,reviewed,ci,ci
1980-08-01T16:52:30.730Z,37.5785,-118.8468333,3.925,3.9,ml,4,175,0.02072,0.32,nc,nc1054757,2016-12-14T00:50:09.540Z,"12 km WNW of Aspen Springs, California",earthquake,1.86,1.46,,0,reviewed,nc,nc
1980-08-01T16:52:14.530Z,37.5351667,-118.8701667,4.071,3.6,ml,9,173,0.06577,0.06,nc,nc1054756,2016-12-14T00:50:05.512Z,"14 km W of Aspen Springs, California",earthquake,0.54,0.92,,0,reviewed,nc,nc
1980-08-01T16:48:54.150Z,37.5465,-118.8798333,2.691,4.6,ml,11,168,0.06216,0.06,nc,nc1054755,2018-06-04T20:43:45.000Z,"13 km SE of Mammoth Lakes, California",earthquake,0.42,0.7,,0,reviewed,nc,nc
1980-08-01T16:47:47.800Z,37.533,-118.817,5,3,ml,,,,,us,usp0001975,2016-02-02T18:59:37.810Z,"9 km WSW of Aspen Springs, California",earthquake,,,,,reviewed,p,pas
1980-08-01T16:47:46.000Z,37.572,-118.8771667,0.651,3.43,md,6,160,0.04505,0.13,nc,nc1054754,2016-12-14T00:49:52.117Z,"11 km SE of Mammoth Lakes, California",earthquake,0.97,1.72,,1,reviewed,nc,nc
1980-08-01T16:43:21.830Z,37.7,-118.5,6,3.93,ml,3,342,0.6795,0.94,ci,ci9733814,2016-02-02T21:39:13.350Z,"36km NNW of Dixon Lane-Meadow Creek, CA",earthquake,99,31.61,0.138,26,reviewed,ci,ci
1980-08-01T16:42:54.690Z,37.5431667,-118.8723333,5.491,4.1,ml,9,170,0.06036,0.08,nc,nc1054752,2016-12-14T00:49:44.910Z,"14 km W of Aspen Springs, California",earthquake,0.57,0.89,,0,reviewed,nc,nc
1980-08-01T16:38:55.880Z,37.5621667,-118.8731667,4.532,5.4,ml,12,180,0.04775,0.09,nc,nc1054751,2022-04-28T01:28:44.992Z,"12 km SE of Mammoth Lakes, California",earthquake,0.49,0.62,,0,reviewed,nc,nc
1980-08-01T15:20:50.600Z,39.0688333,-123.0963333,1.287,2.94,md,22,67,0.06396,0.08,nc,nc1054746,2016-12-14T00:49:16.766Z,"9 km SE of Talmage, California",earthquake,0.23,1.19,0.13,13,reviewed,nc,nc
1980-08-01T15:13:16.090Z,34.6063333,-113.1095,0.01,2.7,mh,7,328,0.9977,0.32,ci,ci3305608,2016-04-01T21:57:02.079Z,"108km SE of Kingman, AZ",quarry blast,4.81,31.61,,0,reviewed,ci,ci
1980-08-01T11:42:15.560Z,19.3808333,-155.2406667,4.182,3.44,ml,34,81,,0.11,hv,hv19802139,2020-03-31T17:22:56.970Z,"6 km S of Volcano, Hawaii",earthquake,0.44,1.22,0.34,2,reviewed,hv,hv
1980-08-01T11:22:17.500Z,-23.837,-66.692,209,4.6,mb,,,,,us,usp0001971,2014-11-06T23:24:24.983Z,"56 km NW of San Antonio de los Cobres, Argentina",earthquake,,,,,reviewed,us,us
1980-08-01T10:47:49.280Z,37.6191667,-119.484,6,2.53,ml,4,205,,0.25,ci,ci3305601,2016-04-02T14:03:37.523Z,"16km SSE of Yosemite Valley, CA",earthquake,5.86,31.61,0.245,8,reviewed,ci,ci
1980-08-01T10:05:45.100Z,23.064,144.073,33,4.5,mb,,,,,us,usp0001970,2014-11-06T23:24:24.981Z,"Volcano Islands, Japan region",earthquake,,,,,reviewed,us,us
1980-08-01T10:03:23.800Z,2.635,-79.093,26,4.5,mb,,,,,us,usp000196z,2014-11-06T23:24:24.980Z,"72 km W of Mosquera, Colombia",earthquake,,,,,reviewed,us,us
1980-08-01T09:57:25.070Z,37.4888333,-118.8388333,6.261,3.19,md,8,191,0.1018,0.08,nc,nc1054742,2016-12-14T00:49:01.050Z,"13 km WSW of Aspen Springs, California",earthquake,1.2,1.03,0.19,5,reviewed,nc,nc
1980-08-01T08:16:17.500Z,12.694,-87.472,78,5.2,mb,,,,,us,usp000196y,2022-04-28T01:28:43.692Z,"6 km SSW of Jiquilillo, Nicaragua",earthquake,,,,,reviewed,us,us
1980-08-01T07:59:50.340Z,37.489,-119.2078333,6,2.76,ml,2,340,1.916,0.05,ci,ci12346203,2016-02-02T19:01:18.240Z,"26km SW of Mammoth Lakes, CA",earthquake,3.09,31.61,0.268,4,reviewed,ci,ci
1980-08-01T07:48:56.770Z,37.53,-119.0165,6,2.77,ml,4,214,,0.31,ci,ci12344843,2016-02-02T19:01:17.790Z,"12km SSW of Mammoth Lakes, CA",earthquake,1.56,31.61,0.367,8,reviewed,ci,ci
1980-08-01T07:46:41.200Z,39.41,23.319,10,3.4,ml,,,,,us,usp000196x,2014-11-06T23:24:24.978Z,"19 km ESE of Zagorá, Greece",earthquake,,,,,reviewed,us,ath
1980-08-01T07:24:25.870Z,19.3873333,-155.2493333,2.112,2.58,ml,23,80,,0.08,hv,hv19802136,2020-03-31T18:47:41.490Z,"6 km SSW of Volcano, Hawaii",earthquake,0.3,0.34,0.19,2,reviewed,hv,hv
1980-08-01T04:20:33.700Z,11.926,93.782,154,4.9,mb,,,,,us,usp000196w,2014-11-06T23:24:24.977Z,"116 km ENE of Port Blair, India",earthquake,,,,,reviewed,us,us
1980-08-01T03:27:27.500Z,39.229,23.085,10,3.6,mb,,,,,us,usp000196u,2014-11-06T23:24:24.975Z,"11 km SSE of Áno Lekhónia, Greece",earthquake,,,,,reviewed,us,us
1980-08-01T02:22:39.100Z,23.861,96.076,33,4.6,mb,,,,,us,usp000196t,2026-01-07T19:21:00.471Z,"113 km NNW of Mogok, Myanmar",earthquake,,,,,reviewed,us,us
