time,latitude,longitude,depth,mag,magType,nst,gap,dmin,rms,net,id,updated,place,type,horizontalError,depthError,magError,magNst,status,locationSource,magSource
1983-02-27T22:33:13.680Z,37.4883333,-118.8081667,4.567,2.55,md,9,177,0.1027,0.01,nc,nc1088517,2016-12-10T21:49:15.559Z,"11 km SW of Aspen Springs, California",earthquake,0.61,1.83,0.19,6,reviewed,nc,nc
1983-02-27T20:40:32.730Z,50.727,-129.729,19,4.9,mb,,,,1.2,us,usp0001tc8,2014-11-07T00:32:43.897Z,"187 km W of Port McNeill, Canada",earthquake,,5.4,,16,reviewed,us,us
1983-02-27T20:33:06.500Z,32.613,78.553,33,5.3,mb,,,,1.4,us,usp0001tc7,2025-12-19T21:33:40.080Z,"135 km ENE of Man?li, India",earthquake,,,,26,reviewed,us,us
1983-02-27T16:21:24.170Z,19.7445,-156.4623333,4.748,3.09,ml,42,284,,0.12,hv,hv19831240,2020-03-31T18:28:07.890Z,"49 km WNW of Kailua-Kona, Hawaii",earthquake,2.8,2.18,,2,reviewed,hv,hv
1983-02-27T15:55:32.640Z,55.07,-158.991,33,4.8,mb,,,,1,us,usp0001tc6,2014-11-07T00:32:43.883Z,"94 km S of Perryville, Alaska",earthquake,,,,11,reviewed,us,us
1983-02-27T15:13:04.920Z,19.3203333,-155.1861667,8.753,2.89,ml,45,102,,0.11,hv,hv19831238,2020-03-31T18:28:07.540Z,"14 km SSE of Volcano, Hawaii",earthquake,0.48,0.35,0.12,2,reviewed,hv,hv
1983-02-27T12:14:20.770Z,35.869,139.916,78.3,5.9,mw,,,,0.9,us,usp0001tc5,2022-04-28T00:14:16.597Z,"1 km NE of Nagareyama, Japan",earthquake,,1.6,,,reviewed,us,nc
1983-02-27T10:13:22.250Z,33.524,-117.1198333,3.317,2.57,ml,58,70,,0.34,ci,ci3299632,2016-02-02T20:10:08.980Z,"4km NE of Temecula, CA",earthquake,0.43,1.3,0.242,5,reviewed,ci,ci
1983-02-27T10:12:33.000Z,-23.888,-14.796,10,4.5,mb,,,,1,us,usp0001tc2,2014-11-07T00:32:43.849Z,"southern Mid-Atlantic Ridge",earthquake,,,,2,reviewed,us,us
1983-02-27T10:11:07.640Z,36.22,141.688,52.2,4.8,mb,,,,0.8,us,usp0001tc1,2014-11-07T00:32:43.845Z,"94 km NE of Hasaki, Japan",earthquake,,3.8,,7,reviewed,us,us
1983-02-27T07:30:31.840Z,23.95,123.58,46.1,4.5,mb,,,,1,us,usp0001tbz,2025-12-19T21:33:38.948Z,"73 km SW of Ishigaki, Japan",earthquake,,4.3,,6,reviewed,us,us
1983-02-27T05:05:17.460Z,-13.453,-76.793,25,5.5,mb,,,,1.1,us,usp0001tbx,2022-04-28T00:14:11.252Z,"60 km SW of San Vicente de Cañete, Peru",earthquake,,,,25,reviewed,us,us
1983-02-27T01:20:26.360Z,-4.005,-76.404,126.6,4.2,mb,,,,1.2,us,usp0001tbv,2014-11-07T00:32:43.769Z,"58 km S of Alianza Cristiana, Peru",earthquake,,11.3,,1,reviewed,us,us
1983-02-26T23:26:26.930Z,38.8033333,-122.7791667,-0.867,3,md,21,50,0.01261,0.07,nc,nc1088486,2016-12-10T21:46:56.605Z,"5 km WSW of Cobb, California",earthquake,0.18,0.52,0.14,12,reviewed,nc,nc
1983-02-26T21:09:43.280Z,-16.301,-175.005,33,4.8,mb,,,,1.5,us,usp0001tbs,2014-11-07T00:32:43.764Z,"Tonga",earthquake,,,,2,reviewed,us,us
1983-02-26T20:28:07.060Z,38.131,20.04,10,4,mb,,,,1.1,us,usp0001tbr,2014-11-07T00:32:43.760Z,"35 km WSW of Lixoúri, Greece",earthquake,,,,2,reviewed,us,us
1983-02-26T20:07:49.990Z,38.841,70.727,49.2,5.3,mb,,,,1.4,us,usp0001tbp,2025-12-19T21:33:37.772Z,"36 km SE of Rasht, Tajikistan",earthquake,,7.3,,49,reviewed,us,us
1983-02-26T19:59:35.450Z,41.554,-73.658,7,3,md,,,,,us,usp0001tbn,2018-06-04T20:43:45.000Z,"4 km W of Pawling, New York",earthquake,,,,,reviewed,pal,pal
1983-02-26T19:49:19.190Z,-3.905,35.734,10,4.2,mb,,,,1.1,us,usp0001tbm,2014-11-07T00:32:43.724Z,"12 km NNW of Magugu, Tanzania",earthquake,,,,2,reviewed,us,us
1983-02-26T16:00:14.870Z,-11.212,115.564,33,5,mb,,,,0.9,us,usp0001tbj,2014-11-07T00:32:43.719Z,"269 km S of Nusa Dua, Indonesia",earthquake,,,,8,reviewed,us,us
1983-02-26T12:50:57.540Z,45.919,-27.572,10,5.2,ms,,,,0.9,us,usp0001tbg,2026-02-04T20:08:10.747Z,"northern Mid-Atlantic Ridge",earthquake,,,,6,reviewed,us,us
1983-02-26T12:11:39.870Z,37.6313333,-118.9396667,4.013,3.03,md,13,81,0.01982,0.03,nc,nc1088470,2016-12-10T21:45:45.564Z,"3 km SE of Mammoth Lakes, California",earthquake,0.39,0.52,0.14,8,reviewed,nc,nc
1983-02-26T11:42:40.400Z,-50.462,163,10,5.4,mb,,,,1.2,us,usp0001tbf,2025-12-19T21:33:35.152Z,"Auckland Islands, New Zealand region",earthquake,,,,6,reviewed,us,us
1983-02-26T10:23:10.030Z,-10.251,166.107,33,4,mb,,,,1.5,us,usp0001tbd,2014-11-07T00:32:43.696Z,"62 km NNE of Lata, Solomon Islands",earthquake,,,,1,reviewed,us,us
1983-02-26T07:39:49.770Z,40.5935,-122.436,24.479,2.52,md,15,84,0.07207,0.4,nc,nc1088465,2016-12-10T21:45:25.681Z,"3 km WNW of Redding, California",earthquake,1.23,2.84,0.17,6,reviewed,nc,nc
1983-02-26T07:10:59.160Z,49.243,155.601,56,6.4,mw,,,,0.9,us,usp0001tb9,2025-12-19T21:33:33.940Z,"163 km SSW of Severo-Kuril’sk, Russia",earthquake,,4.3,,,reviewed,us,nc
1983-02-26T07:09:32.500Z,58.292,-31.643,10,4.3,mb,,,,1.3,us,usp0001tb8,2014-11-07T00:32:43.655Z,"Reykjanes Ridge",earthquake,,,,7,reviewed,us,us
1983-02-26T06:48:51.050Z,36.187,139.909,145.5,3.8,mb,,,,1.3,us,usp0001tb7,2014-11-07T00:32:43.653Z,"9 km NNW of Ishige, Japan",earthquake,,7.1,,1,reviewed,us,us
1983-02-26T06:01:17.560Z,-18.459,-172.494,33,5,mb,,,,1.4,us,usp0001tb6,2014-11-07T00:32:43.649Z,"158 km E of Neiafu, Tonga",earthquake,,,,7,reviewed,us,us
1983-02-26T05:32:04.320Z,-3.147,136.781,33,4.1,mb,,,,1.3,us,usp0001tb4,2014-11-07T00:32:43.646Z,"144 km E of Nabire, Indonesia",earthquake,,,,3,reviewed,us,us
1983-02-26T04:43:30.970Z,31.291,-115.8988333,5.842,3.06,mc,5,293,1.352,0.55,ci,ci1100908,2016-04-02T13:28:25.260Z,"79km SE of Maneadero, B.C., MX",earthquake,4.19,31.61,,16,reviewed,ci,ci
1983-02-26T03:50:11.390Z,37.6393333,-118.9415,4.293,3.05,md,11,120,0.02072,0.05,nc,nc1088453,2016-12-10T21:44:37.966Z,"2 km ESE of Mammoth Lakes, California",earthquake,0.55,0.6,0.22,14,reviewed,nc,nc
1983-02-26T03:01:25.980Z,31.914,131.73,48,5.1,mb,,,,1.2,us,usp0001tb1,2026-01-07T19:42:28.840Z,"Kyushu, Japan",earthquake,,2.7,,26,reviewed,us,us
1983-02-26T02:05:36.020Z,22.39,121.045,27.4,5.1,mb,,,,1.1,us,usp0001tb0,2026-01-07T19:42:27.957Z,"52 km NE of Hengchun, Taiwan",earthquake,,2.3,,36,reviewed,us,us
1983-02-26T02:05:25.720Z,37.5005,-118.879,2.236,3.01,md,11,202,0.0991,0.02,nc,nc1088448,2016-12-10T21:44:18.098Z,"15 km WSW of Aspen Springs, California",earthquake,1.06,1.29,0.24,16,reviewed,nc,nc
1983-02-26T01:22:20.860Z,58.462,-31.653,10,4.8,mb,,,,0.8,us,usp0001taz,2014-11-07T00:32:43.615Z,"Reykjanes Ridge",earthquake,,,,32,reviewed,us,us
1983-02-25T23:50:24.880Z,58.374,-31.817,10,5,mb,,,,1.2,us,usp0001tay,2014-11-07T00:32:43.609Z,"Reykjanes Ridge",earthquake,,,,35,reviewed,us,us
1983-02-25T22:49:54.730Z,-18.268,-69.438,146,6.9,mw,,,,1.1,us,usp0001tax,2022-04-28T00:13:58.483Z,"77 km SE of Palca, Peru",earthquake,,,,,reviewed,us,nc
1983-02-25T22:21:28.020Z,37.6421667,-118.9253333,5.103,2.99,md,11,60,0.01982,0.03,nc,nc1088438,2016-12-10T21:43:40.091Z,"4 km E of Mammoth Lakes, California",earthquake,0.38,0.72,0.09,5,reviewed,nc,nc
1983-02-25T22:03:56.300Z,-5.401,146.878,235,5.9,mw,,,,1.4,us,usp0001taw,2022-04-28T00:13:52.724Z,"122 km E of Madang, Papua New Guinea",earthquake,,,,,reviewed,us,nc
1983-02-25T20:26:39.420Z,-7.647,128.126,163.8,4.4,mb,,,,1.2,us,usp0001tav,2014-11-07T00:32:43.533Z,"157 km NE of Lospalos, Timor Leste",earthquake,,8.1,,6,reviewed,us,us
1983-02-25T20:04:24.940Z,35.047,-117.689,-0.853,2.61,mc,0,110.5,0.3751,0.115,ci,ci3298810,2016-02-03T03:21:16.170Z,"6km NW of Boron, CA",quarry blast,,,,39,reviewed,ci,ci
1983-02-25T20:04:08.160Z,35.043,-117.679,0.147,2.51,mc,0,108.6,0.3738,0.105,ci,ci1100883,2016-02-03T01:14:23.810Z,"6km NNW of Boron, CA",quarry blast,,0.182,,31,reviewed,ci,ci
1983-02-25T18:51:53.430Z,30.46,131.254,59.6,4.3,mb,,,,0.3,us,usp0001tau,2014-11-07T00:32:43.531Z,"38 km SE of Nishinoomote, Japan",earthquake,,1.6,,2,reviewed,us,us
1983-02-25T18:32:14.140Z,58.697,-31.465,10,4.7,mb,,,,0.9,us,usp0001tat,2014-11-07T00:32:43.526Z,"Reykjanes Ridge",earthquake,,,,23,reviewed,us,us
1983-02-25T18:22:12.930Z,41.959,21.54,24.4,4.7,mb,,,,0.9,us,usp0001tas,2020-08-26T22:28:38.366Z,"1 km WSW of ?????????, North Macedonia",earthquake,,2.2,,17,reviewed,us,us
1983-02-25T16:33:08.810Z,-7.287,107.173,68.9,5.1,mb,,,,1.1,us,usp0001taq,2014-11-07T00:32:43.509Z,"30 km WSW of Banjar, Indonesia",earthquake,,5.7,,18,reviewed,us,us
1983-02-25T15:56:17.310Z,33.0916667,-117.8976667,5.762,2.61,mc,13,186,,0.35,ci,ci1100865,2016-04-02T13:28:24.015Z,"46km SSW of Dana Point, CA",earthquake,1.13,31.61,,27,reviewed,ci,ci
1983-02-25T14:25:32.090Z,5.514,-82.504,10,4.8,mb,,,,0.9,us,usp0001tap,2014-11-07T00:32:43.507Z,"273 km SW of Arenas, Panama",earthquake,,,,5,reviewed,us,us
1983-02-25T13:00:09.590Z,49.643,16.871,10,3.5,ml,,,,0.8,us,usp0001tan,2014-11-07T00:32:43.504Z,"6 km NNW of Konice, Czechia",earthquake,,,,,reviewed,us,grf
1983-02-25T08:37:08.860Z,35.73,77.918,40.7,4.9,mb,,,,1.4,us,usp0001taj,2022-04-28T00:13:47.112Z,"135 km NE of Thang, India",earthquake,,8.5,,17,reviewed,us,us
1983-02-25T08:14:04.010Z,37.3476667,-121.7105,7.767,2.75,md,68,34,0.03964,0.08,nc,nc1088414,2016-12-10T21:42:05.000Z,"10 km ESE of East Foothills, California",earthquake,0.14,0.35,0.13,64,reviewed,nc,nc
1983-02-25T05:30:32.400Z,60.207,-151.034,89.4,4.3,mb,,,,0.8,us,usp0001tag,2014-11-07T00:32:43.492Z,"Kenai Peninsula, Alaska",earthquake,,5.4,,2,reviewed,us,us
1983-02-25T05:28:05.560Z,43.001,-111.601,5,3.2,ml,,,,0.5,us,usp0001taf,2014-11-07T00:32:43.491Z,"38 km N of Soda Springs, Idaho",earthquake,,,,,reviewed,us,us
1983-02-25T05:16:08.080Z,-23.693,-176.344,50,5,mb,,,,1.2,us,usp0001tae,2014-11-07T00:32:43.487Z,"298 km SSW of ‘Ohonua, Tonga",earthquake,,,,6,reviewed,us,us
1983-02-25T04:49:46.070Z,19.4181667,-155.632,-1.638,3.6,ml,38,100,,0.13,hv,hv19831225,2020-03-31T18:15:45.650Z,"24 km E of Honaunau-Napoopoo, Hawaii",earthquake,0.44,0.98,0.06,1,reviewed,hv,hv
1983-02-25T04:37:17.530Z,47.936,7.452,10,3.3,ml,,,,1.3,us,usp0001tad,2014-11-07T00:32:43.485Z,"3 km N of Hirtzfelden, France",earthquake,,,,,reviewed,us,ldg
1983-02-25T03:59:08.030Z,34.9435,-116.8425,0.792,2.81,ml,25,28,,0.2,ci,ci1100847,2016-02-02T21:28:34.590Z,"17km ENE of Barstow, CA",earthquake,0.35,1.22,0.143,9,reviewed,ci,ci
1983-02-25T01:19:54.670Z,-16.213,-175.294,410.3,4.6,mb,,,,1.3,us,usp0001tac,2014-11-07T00:32:43.482Z,"162 km W of Hihifo, Tonga",earthquake,,11.7,,3,reviewed,us,us
1983-02-25T00:56:14.870Z,37.472,-118.7715,14.13,3.33,md,12,259,0.1261,0.04,nc,nc1088396,2016-12-10T21:40:58.479Z,"10 km SSW of Aspen Springs, California",earthquake,2.06,1.06,0.18,32,reviewed,nc,nc
1983-02-25T00:26:10.780Z,44.69,10.479,10,2.7,ml,,,,0.8,us,usp0001taa,2014-11-07T00:32:43.477Z,"1 km W of Barco, Italy",earthquake,,,,,reviewed,us,tri
1983-02-25T00:22:50.220Z,44.638,10.529,13.7,4.2,ml,,,,0.8,us,usp0001ta9,2014-11-07T00:32:43.471Z,"1 km WNW of Montecavolo, Italy",earthquake,,1.6,,,reviewed,us,kba
1983-02-24T20:03:56.340Z,35.046,-117.687,-0.853,2.52,mc,0,72.5,0.3746,0.093,ci,ci1100795,2016-02-02T18:00:50.860Z,"6km NNW of Boron, CA",quarry blast,,,,41,reviewed,ci,ci
1983-02-24T19:52:00.630Z,37.6388333,-118.9348333,3.233,3.7,ml,10,69,0.02613,0.03,nc,nc1088384,2016-12-10T21:40:13.600Z,"3 km ESE of Mammoth Lakes, California",earthquake,0.49,0.79,,0,reviewed,nc,nc
1983-02-24T19:51:00.520Z,37.6348333,-118.9333333,3.79,3.67,md,9,128,0.02613,0.03,nc,nc1088383,2016-12-10T21:40:01.731Z,"3 km ESE of Mammoth Lakes, California",earthquake,0.6,0.71,0.17,2,reviewed,nc,nc
1983-02-24T19:38:04.810Z,40.8603333,-123.9315,1.048,2.59,md,15,108,0.1532,0.1,nc,nc1088382,2016-12-10T21:39:58.023Z,"5 km ESE of Blue Lake, California",earthquake,0.38,2,0.05,5,reviewed,nc,nc
1983-02-24T18:35:43.920Z,39.498,6.886,10,3.5,ml,,,,0.8,us,usp0001ta4,2014-11-07T00:32:43.463Z,"128 km WNW of Carloforte, Italy",earthquake,,,,,reviewed,us,ldg
1983-02-24T18:23:23.460Z,-23.748,179.241,538.2,5.3,mb,,,,1,us,usp0001ta3,2014-11-07T00:32:43.455Z,"south of the Fiji Islands",earthquake,,4.6,,6,reviewed,us,us
1983-02-24T18:12:31.130Z,38.0583333,-118.7236667,-0.528,3.4,ml,15,65,0.2459,0.06,nc,nc1088379,2016-12-10T21:39:46.755Z,"34 km NW of Benton, California",earthquake,0.37,7.05,,0,reviewed,nc,nc
1983-02-24T18:12:05.370Z,41.98,-115.449,5,3.4,ml,,,,0.4,us,usp0001ta1,2014-11-07T00:32:43.452Z,"53 km E of Owyhee, Nevada",earthquake,,,,,reviewed,us,us
1983-02-24T18:03:06.830Z,-13.364,167.383,22,5.2,mb,,,,0.9,us,usp0001ta0,2014-11-07T00:32:43.447Z,"59 km NNW of Sola, Vanuatu",earthquake,,,,8,reviewed,us,us
1983-02-24T17:58:13.810Z,36.731,22.305,69.4,4.9,mb,,,,1.1,us,usp0001t9z,2014-11-07T00:32:43.439Z,"18 km SSE of Kardamýli, Greece",earthquake,,3.8,,16,reviewed,us,us
1983-02-24T17:41:38.550Z,38.363,22.485,10,3.4,ml,,,,1.1,us,usp0001t9y,2014-11-07T00:32:43.437Z,"8 km SSE of Kírra, Greece",earthquake,,,,,reviewed,us,ath
1983-02-24T17:19:39.190Z,37.808,20.783,33,4.2,mb,,,,1.1,us,usp0001t9x,2014-11-07T00:32:43.434Z,"3 km SE of Katastárion, Greece",earthquake,,,,2,reviewed,us,us
1983-02-24T14:49:07.310Z,40.2483333,-124.1586667,9.532,2.66,md,15,132,0.06306,0.13,nc,nc1088370,2016-12-10T21:39:05.958Z,"21 km WSW of Weott, California",earthquake,0.48,0.4,0.13,5,reviewed,nc,nc
1983-02-24T12:14:04.750Z,34.0548333,-118.868,13.863,3.04,ml,40,117,,0.3,ci,ci1100763,2016-04-02T13:28:10.941Z,"8km NW of Malibu, CA",earthquake,0.69,0.55,0.302,12,reviewed,ci,ci
1983-02-24T10:24:46.260Z,34.3218333,-117.0861667,4.236,2.53,ml,72,35,,0.19,ci,ci1100762,2016-02-02T21:28:33.340Z,"12km NE of Lake Arrowhead, CA",earthquake,0.25,2.04,0.159,6,reviewed,ci,ci
1983-02-24T09:44:53.260Z,-5.251,103.056,44,5.1,ms,,,,1,us,usp0001t9t,2025-12-19T21:33:32.758Z,"137 km S of Pagar Alam, Indonesia",earthquake,,,,1,reviewed,us,us
1983-02-24T08:06:45.210Z,-56.039,-27.695,98,5.4,mb,,,,0.9,us,usp0001t9r,2014-11-07T00:32:43.419Z,"South Sandwich Islands region",earthquake,,,,5,reviewed,us,us
1983-02-24T06:24:11.410Z,19.3381667,-155.2126667,8.205,2.53,ml,44,69,,0.12,hv,hv19831220,2020-03-31T18:15:44.820Z,"11 km S of Volcano, Hawaii",earthquake,0.36,0.46,0.12,2,reviewed,hv,hv
1983-02-24T05:32:58.850Z,25.281,-109.898,10,4.5,mb,,,,1.2,us,usp0001t9n,2014-11-07T00:32:43.414Z,"78 km SW of Campo Pesquero el Colorado, Mexico",earthquake,,,,7,reviewed,us,us
1983-02-24T01:58:47.110Z,28.117,129.933,33,4.6,mb,,,,1,us,usp0001t9k,2014-11-07T00:32:43.410Z,"52 km ESE of Naze, Japan",earthquake,,,,4,reviewed,us,us
1983-02-24T00:43:51.960Z,37.263,24.472,45.5,4.4,mb,,,,1.5,us,usp0001t9j,2014-11-07T00:32:43.405Z,"12 km NNW of Sérifos, Greece",earthquake,,7.7,,16,reviewed,us,us
1983-02-24T00:02:46.480Z,38.158,20.784,10,3.7,ml,,,,0.9,us,usp0001t9h,2014-11-07T00:32:43.403Z,"1 km ENE of Póros, Greece",earthquake,,,,,reviewed,us,ath
1983-02-23T22:46:31.470Z,-5.524,103.9,70,4.9,mb,,,,0.4,us,usp0001t9g,2014-11-07T00:32:43.401Z,"133 km SW of Kotabumi, Indonesia",earthquake,,3.8,,6,reviewed,us,us
1983-02-23T22:16:20.050Z,35.8975,-118.049,8.308,2.51,ml,20,142,0.02756,0.15,ci,ci1100733,2016-04-02T03:49:42.839Z,"14km WSW of Little Lake, CA",earthquake,0.53,1.89,0.503,6,reviewed,ci,ci
1983-02-23T22:09:20.780Z,35.9065,-118.0591667,1.433,2.74,ml,25,108,0.1701,0.23,ci,ci1100732,2016-04-02T03:49:41.625Z,"14km WSW of Little Lake, CA",earthquake,0.45,1.16,0.352,6,reviewed,ci,ci
1983-02-23T21:33:28.460Z,37.002,-121.479,4.228,2.56,md,73,57,0.02342,0.11,nc,nc1088345,2016-12-10T21:37:26.140Z,"7 km E of Gilroy, California",earthquake,0.17,0.4,0.15,46,reviewed,nc,nc
1983-02-23T21:26:44.070Z,2.047,126.669,71.1,5.4,mb,,,,1.3,us,usp0001t9f,2025-12-19T21:33:31.490Z,"153 km WNW of Tobelo, Indonesia",earthquake,,3,,33,reviewed,us,us
1983-02-23T20:19:20.790Z,37.5228333,-118.8768333,1.68,2.67,md,12,160,0.07928,0.06,nc,nc1088341,2016-12-10T21:37:07.231Z,"14 km WSW of Aspen Springs, California",earthquake,0.44,1.14,0.19,5,reviewed,nc,nc
1983-02-23T20:08:07.980Z,35.046,-117.689,-0.853,2.61,mc,0,54.2,,0.133,ci,ci3298718,2016-02-03T00:36:49.930Z,"6km NW of Boron, CA",quarry blast,,,,40,reviewed,ci,ci
1983-02-23T19:10:56.020Z,37.412,19.108,10,4.4,mb,,,,1.4,us,usp0001t9d,2014-11-07T00:32:43.385Z,"146 km SW of Lixoúri, Greece",earthquake,,,,1,reviewed,us,us
1983-02-23T19:01:41.930Z,34.733,-113.101,5.371,2.65,mc,0,324.8,1.364,0.66,ci,ci1100711,2016-02-03T03:21:10.430Z,"100km ESE of Kingman, AZ",quarry blast,,,,6,reviewed,ci,ci
1983-02-23T17:48:53.170Z,35.8143333,-117.7395,5.139,2.61,mc,26,61,0.02138,0.17,ci,ci1100706,2016-04-02T00:35:52.213Z,"20km NNE of Inyokern, CA",earthquake,0.39,1.22,,32,reviewed,ci,ci
1983-02-23T15:37:18.520Z,38.361,22.469,33,3.5,ml,,,,1.2,us,usp0001t9c,2014-11-07T00:32:43.382Z,"7 km SSE of Kírra, Greece",earthquake,,,,,reviewed,us,ath
1983-02-23T14:45:45.930Z,57.441,-154.565,92.3,4.3,mb,,,,0.7,us,usp0001t9b,2014-11-07T00:32:43.381Z,"15 km SSW of Karluk, Alaska",earthquake,,10.6,,1,reviewed,us,us
1983-02-23T14:43:31.930Z,0.571,129.468,33,4.3,mb,,,,1.4,us,usp0001t9a,2014-11-07T00:32:43.379Z,"206 km SE of Tobelo, Indonesia",earthquake,,,,1,reviewed,us,us
1983-02-23T14:13:36.490Z,40.306,63.521,33,4.9,mb,,,,0.9,us,usp0001t99,2026-01-07T19:42:27.040Z,"20 km NNE of Gazli, Uzbekistan",earthquake,,,,19,reviewed,us,us
1983-02-23T11:10:20.870Z,35.973,-114.711,5,3.9,ml,,,,0.7,us,usp0001t95,2016-02-02T21:16:28.770Z,"10 km E of Boulder City, Nevada",earthquake,,,,,reviewed,us,us
1983-02-23T09:43:05.680Z,-6.716,102.941,26,5,mb,,,,1,us,usp0001t94,2026-01-07T19:42:26.202Z,"293 km WSW of Bandar Lampung, Indonesia",earthquake,,,,13,reviewed,us,us
1983-02-23T08:51:26.960Z,36.212,-89.672,7.6,3.2,md,,,,,nm,nm601917,2016-04-14T15:42:59.700Z,"2 km NW of Caruthersville, Missouri",earthquake,,,,,reviewed,nm,nm
1983-02-23T08:04:38.540Z,0.348,121.009,115.3,4.4,mb,,,,1.2,us,usp0001t91,2014-11-07T00:32:43.356Z,"188 km NE of Palu, Indonesia",earthquake,,7.5,,3,reviewed,us,us
1983-02-23T07:27:55.440Z,60.205,-153.14,130.5,4.5,mb,,,,0.6,us,usp0001t90,2014-11-07T00:32:43.354Z,"65 km E of Port Alsworth, Alaska",earthquake,,2.4,,3,reviewed,us,us
1983-02-23T07:20:17.140Z,-0.191,128.844,33,4.5,mb,,,,1.4,us,usp0001t8z,2014-11-07T00:32:43.352Z,"176 km SE of Sofifi, Indonesia",earthquake,,,,2,reviewed,us,us
1983-02-23T06:12:33.780Z,38.128,20.065,10,4.7,mb,,,,1.4,us,usp0001t8y,2014-11-07T00:32:43.346Z,"33 km WSW of Lixoúri, Greece",earthquake,,,,8,reviewed,us,us
1983-02-23T05:39:44.480Z,45.3666667,-121.7041667,3.521,2.7,md,32,112,,0.37,uw,uw10152633,2016-07-24T22:58:08.170Z,"8 km NNE of Government Camp, Oregon",earthquake,2.905,11.83,0.08,3,reviewed,uw,uw
1983-02-23T05:33:55.430Z,40.56,50.034,33,4.6,mb,,,,1.4,us,usp0001t8x,2014-11-07T00:32:43.344Z,"0 km SW of Bilajer, Azerbaijan",earthquake,,,,5,reviewed,us,us
1983-02-23T03:16:39.050Z,-37.169,52.566,10,4.6,mb,,,,1.3,us,usp0001t8w,2014-11-07T00:32:43.342Z,"South Indian Ocean",earthquake,,,,4,reviewed,us,us
1983-02-23T00:41:39.040Z,37.816,19.983,10,4.2,mb,,,,1.1,us,usp0001t8u,2014-11-07T00:32:43.338Z,"58 km SW of Lixoúri, Greece",earthquake,,,,3,reviewed,us,us
1983-02-22T21:21:16.230Z,3.788,124.244,340.1,4.1,mb,,,,0.4,us,usp0001t8t,2014-11-07T00:32:43.337Z,"224 km SW of Sarangani, Philippines",earthquake,,3.1,,4,reviewed,us,us
1983-02-22T20:44:54.970Z,-5.391,126.33,496,4.5,mb,,,,0.9,us,usp0001t8s,2014-11-07T00:32:43.335Z,"278 km SW of Ambon, Indonesia",earthquake,,5.4,,6,reviewed,us,us
1983-02-22T20:05:52.100Z,35.039,-117.675,-0.861,2.57,mc,0,133,0.3711,0.182,ci,ci1100654,2016-02-02T21:58:41.450Z,"5km NNW of Boron, CA",quarry blast,,,,38,reviewed,ci,ci
1983-02-22T19:02:42.160Z,34.715,-113.321,-0.629,2.5,mh,0,322.1,1.201,1.006,ci,ci1100647,2016-02-03T03:57:40.140Z,"85km SE of Kingman, AZ",quarry blast,,,,0,reviewed,ci,ci
1983-02-22T18:59:38.590Z,34.987,-113.146,-0.629,2.6,mh,0,337.9,1.479,1.193,ci,ci1100646,2016-02-03T01:14:18.850Z,"86km ESE of Kingman, AZ",quarry blast,,,,0,reviewed,ci,ci
1983-02-22T18:43:25.620Z,29.72,67.409,5,4.4,mb,,,,1.4,us,usp0001t8q,2014-11-07T00:32:43.329Z,"17 km SSE of Mach, Pakistan",earthquake,,,,10,reviewed,us,us
1983-02-22T15:40:00.960Z,33.0683333,-117.9016667,5.762,2.52,ml,34,189,,0.37,ci,ci1100629,2016-04-02T16:37:50.911Z,"48km SW of San Clemente, CA",earthquake,0.89,31.61,0.3,5,reviewed,ci,ci
1983-02-22T15:23:08.330Z,19.008,145.437,239.8,4.2,mb,,,,0.7,us,usp0001t8m,2014-11-07T00:32:43.323Z,"Maug Islands region, Northern Mariana Islands",earthquake,,7.5,,4,reviewed,us,us
1983-02-22T15:03:16.500Z,37.8,-90.16,18.3,2.5,md,,,,,nm,nm601914,2016-04-14T15:42:41.480Z,"10 km SSE of Weingarten, Missouri",earthquake,,,,,reviewed,nm,nm
1983-02-22T14:49:37.410Z,-17.895,168.49,145.7,5,mb,,,,1,us,usp0001t8k,2014-11-07T00:32:43.305Z,"25 km SE of Port-Vila, Vanuatu",earthquake,,4,,10,reviewed,us,us
1983-02-22T14:46:12.540Z,44.473,10.955,10,3.3,ml,,,,1,us,usp0001t8j,2014-11-07T00:32:43.302Z,"1 km NW of Marano sul Panaro, Italy",earthquake,,,,,reviewed,us,ldg
1983-02-22T13:43:28.890Z,49.1,-127.733,10,4.6,mb,,,,1,us,usp0001t8h,2014-11-07T00:32:43.299Z,"133 km W of Tofino, Canada",earthquake,,,,3,reviewed,us,us
1983-02-22T13:30:44.660Z,40.518,19.127,10,3.7,mb,,,,1,us,usp0001t8g,2014-11-07T00:32:43.298Z,"30 km W of Vlorë, Albania",earthquake,,,,2,reviewed,us,us
1983-02-22T12:51:22.570Z,49.318,-127.341,10,4.7,mb,,,,0.8,us,usp0001t8f,2014-11-07T00:32:43.296Z,"105 km SW of Vernon, Canada",earthquake,,,,1,reviewed,us,us
1983-02-22T12:40:05.750Z,37.6365,-118.9328333,3.413,3.05,md,11,89,0.02703,0.05,nc,nc1088269,2016-12-10T21:32:47.464Z,"3 km ESE of Mammoth Lakes, California",earthquake,0.48,0.65,0.15,23,reviewed,nc,nc
1983-02-22T10:52:29.500Z,37.858,19.951,10,4.3,mb,,,,0.8,us,usp0001t8c,2014-11-07T00:32:43.290Z,"57 km SW of Lixoúri, Greece",earthquake,,,,4,reviewed,us,us
1983-02-22T09:36:46.890Z,16.356,-95.011,37,5.7,mb,,,,0.9,us,usp0001t8b,2025-12-19T21:33:30.359Z,"1 km SE of Santa María Xadani, Mexico",earthquake,,,,47,reviewed,us,us
1983-02-22T09:36:39.000Z,16.98,-94.748,33,5.4,mb,,,,1.2,us,usp0001t8a,2014-11-07T00:32:43.226Z,"10 km NW of Santa María Chimalapa, Mexico",earthquake,,6.4,,7,reviewed,us,us
1983-02-22T08:57:37.410Z,44.515,9.552,10,3.4,ml,,,,0.6,us,usp0001t89,2014-11-07T00:32:43.223Z,"6 km W of Bedonia, Italy",earthquake,,,,,reviewed,us,ldg
1983-02-22T07:02:08.380Z,16.466,-95.054,52.3,4.9,mb,,,,0.9,us,usp0001t88,2014-11-07T00:32:43.218Z,"Oaxaca, Mexico",earthquake,,4.4,,20,reviewed,us,us
1983-02-22T05:46:49.140Z,58.361,-31.693,10,4.7,mb,,,,0.9,us,usp0001t86,2014-11-07T00:32:43.215Z,"Reykjanes Ridge",earthquake,,,,9,reviewed,us,us
1983-02-22T05:40:40.030Z,32.5318333,-115.4313333,5.954,3.06,ml,27,185,0.2753,0.7,ci,ci1100594,2016-02-03T00:06:15.380Z,"8km WSW of Puebla, B.C., MX",earthquake,2.74,31.61,0.179,7,reviewed,ci,ci
1983-02-22T05:37:37.660Z,34.1358333,-117.4603333,4.425,2.53,ml,77,31,,0.32,ci,ci1100593,2016-02-02T21:28:31.380Z,"4km N of Fontana, CA",earthquake,0.42,0.91,0.317,5,reviewed,ci,ci
1983-02-22T02:48:51.760Z,35.727,140.024,79.2,5.1,mb,,,,1,us,usp0001t82,2025-12-19T21:33:29.139Z,"4 km NE of Honch?, Japan",earthquake,,1.5,,29,reviewed,us,us
1983-02-22T02:18:29.910Z,33.0373333,-117.9523333,5.821,4.38,ml,82,143,,0.32,ci,ci1100586,2016-04-02T03:48:54.580Z,"44km ENE of San Clemente Is. (SE tip), CA",earthquake,0.95,31.61,0.065,13,reviewed,ci,ci
1983-02-22T01:55:18.850Z,46.972,4.831,10,2.7,ml,,,,0.1,us,usp0001t80,2014-11-07T00:32:43.198Z,"1 km SSE of Bligny-lès-Beaune, France",earthquake,,,,,reviewed,us,ldg
1983-02-22T01:46:20.050Z,39.2246667,-123.1875,4.594,3.05,md,32,44,0.09009,0.1,nc,nc1088240,2016-12-10T21:30:55.520Z,"1 km SE of Calpella, California",earthquake,0.23,1.27,0.11,30,reviewed,nc,nc
1983-02-21T22:40:40.120Z,20.039,-155.9768333,9.632,2.89,ml,24,251,,0.12,hv,hv19831209,2020-03-31T18:15:43.000Z,"16 km WNW of Puako, Hawaii",earthquake,1.96,1.04,0.07,2,reviewed,hv,hv
1983-02-21T22:18:30.800Z,37.1603333,-121.5528333,4.25,3.03,md,84,61,0.1054,0.08,nc,nc1088233,2016-12-10T21:30:17.100Z,"9 km ENE of Morgan Hill, California",earthquake,0.16,0.82,0.13,73,reviewed,nc,nc
1983-02-21T22:17:08.970Z,37.1635,-121.5543333,2.36,2.58,md,83,61,0.109,0.13,nc,nc1088232,2016-12-10T21:30:08.640Z,"9 km ENE of Morgan Hill, California",earthquake,0.19,0.92,0.16,60,reviewed,nc,nc
1983-02-21T20:06:52.220Z,35.046,-117.678,-0.861,2.52,mc,0,54.5,,0.224,ci,ci1100574,2016-02-03T01:59:36.310Z,"6km NNW of Boron, CA",quarry blast,,,,41,reviewed,ci,ci
1983-02-21T19:52:46.530Z,25.201,-108.783,10,4.3,mb,,,,1.4,us,usp0001t7w,2014-11-07T00:32:43.192Z,"31 km SW of El Progreso, Mexico",earthquake,,,,2,reviewed,us,us
1983-02-21T18:40:28.010Z,54.648,-161.746,33,5,mb,,,,0.9,us,usp0001t7u,2014-11-07T00:32:43.189Z,"58 km SE of King Cove, Alaska",earthquake,,,,10,reviewed,us,us
1983-02-21T18:26:54.570Z,45.421,149.306,33,5,mb,,,,1,us,usp0001t7s,2014-11-07T00:32:43.184Z,"114 km E of Kuril’sk, Russia",earthquake,,,,22,reviewed,us,us
1983-02-21T18:12:04.800Z,31.3191667,-115.9988333,5.842,2.99,ml,8,320,1.326,0.57,ci,ci1100571,2016-04-02T10:19:02.457Z,"70km SE of Maneadero, B.C., MX",earthquake,4.31,31.61,0.141,5,reviewed,ci,ci
1983-02-21T18:03:57.520Z,45.299,26.896,36.6,4.4,mb,,,,1.2,us,usp0001t7p,2014-11-07T00:32:43.174Z,"1 km NE of Fundeni, Romania",earthquake,,3,,13,reviewed,us,us
1983-02-21T17:46:25.120Z,-17.516,-172.714,33,5.3,mb,,,,1.1,us,usp0001t7n,2025-12-19T20:59:14.448Z,"183 km NE of Neiafu, Tonga",earthquake,,,,13,reviewed,us,us
1983-02-21T17:32:20.020Z,-6.546,146.006,139.2,4.6,mb,,,,1,us,usp0001t7m,2014-11-07T00:32:43.162Z,"32 km SSE of Kainantu, Papua New Guinea",earthquake,,5.8,,5,reviewed,us,us
1983-02-21T15:25:48.040Z,37.813,20.034,10,4.2,mb,,,,1,us,usp0001t7k,2014-11-07T00:32:43.160Z,"55 km SW of Lixoúri, Greece",earthquake,,,,2,reviewed,us,us
1983-02-21T14:13:46.830Z,-4.944,151.339,147.4,4.1,mb,,,,1.2,us,usp0001t7j,2014-11-07T00:32:43.158Z,"122 km WSW of Kokopo, Papua New Guinea",earthquake,,10.9,,2,reviewed,us,us
1983-02-21T12:51:04.490Z,5.551,126.464,33,4.8,mb,,,,1.3,us,usp0001t7h,2014-11-07T00:32:43.156Z,"95 km SSE of Pondaguitan, Philippines",earthquake,,,,6,reviewed,us,us
1983-02-21T12:29:59.130Z,37.546,-118.85,4.74,3.28,mc,0,118.5,,0.318,ci,ci501141,2016-02-02T23:54:29.030Z,"15km SE of Mammoth Lakes, CA",earthquake,,,,25,reviewed,ci,ci
1983-02-21T12:28:58.220Z,37.4976667,-118.8006667,1.787,2.64,md,9,169,0.09459,0.04,nc,nc1088208,2016-12-10T21:28:33.892Z,"9 km SW of Aspen Springs, California",earthquake,0.46,1.71,,1,reviewed,nc,nc
1983-02-21T11:52:13.120Z,16.912,-98.338,46.7,5.4,mb,,,,0.8,us,usp0001t7g,2022-04-28T00:13:45.462Z,"11 km SW of San Pedro Cuitlapan, Mexico",earthquake,,3.7,,34,reviewed,us,us
1983-02-21T10:06:20.390Z,18.289,-99.661,83,4.3,mb,,,,1,us,usp0001t7f,2014-11-07T00:32:43.144Z,"5 km N of Cocula, Mexico",earthquake,,6.4,,4,reviewed,us,us
1983-02-21T09:58:16.810Z,37.82,20.907,10,3.6,ml,,,,1.2,us,usp0001t7e,2014-11-07T00:32:43.141Z,"4 km NE of Gaïtánion, Greece",earthquake,,,,,reviewed,us,ath
1983-02-21T07:57:36.500Z,33.6868333,-119.142,5.596,2.82,ml,8,207,,0.31,ci,ci12326163,2016-02-03T04:09:04.020Z,"25km NNW of Santa Barbara Is., CA",earthquake,1.4,31.61,0.054,9,reviewed,ci,ci
1983-02-21T07:36:30.760Z,36.6786667,-121.3021667,4.666,2.51,md,60,36,0.02613,0.07,nc,nc1088198,2016-12-10T21:27:51.030Z,"12 km S of Tres Pinos, California",earthquake,0.14,0.33,0.17,49,reviewed,nc,nc
1983-02-21T06:12:00.170Z,40.6975,-124.97,0.849,2.92,md,7,303,0.6045,0.12,nc,nc1088193,2016-12-10T21:27:29.314Z,"61 km WNW of Ferndale, California",earthquake,9.49,5.12,,1,reviewed,nc,nc
1983-02-21T04:27:07.740Z,58.281,-31.747,10,4.7,mb,,,,0.5,us,usp0001t7c,2014-11-07T00:32:43.137Z,"Reykjanes Ridge",earthquake,,,,6,reviewed,us,us
1983-02-21T03:42:11.600Z,17.746,-107.68,10,4.5,mb,,,,0.7,us,usp0001t7b,2014-11-07T00:32:43.136Z,"off the coast of Jalisco, Mexico",earthquake,,,,4,reviewed,us,us
1983-02-21T01:01:22.640Z,3.825,95.002,33,4,mb,,,,1.4,us,usp0001t7a,2014-11-07T00:32:43.134Z,"129 km WSW of Meulaboh, Indonesia",earthquake,,,,4,reviewed,us,us
1983-02-21T00:53:31.030Z,-15.135,-76.2,33,5.3,mb,,,,0.8,us,usp0001t79,2014-11-07T00:32:43.131Z,"114 km WNW of San Juan, Peru",earthquake,,,,2,reviewed,us,us
1983-02-21T00:36:36.150Z,37.847,19.872,10,4.5,mb,,,,1.2,us,usp0001t78,2014-11-07T00:32:43.128Z,"63 km SW of Lixoúri, Greece",earthquake,,,,7,reviewed,us,us
1983-02-21T00:13:07.620Z,37.893,20.096,26,5,mb,,,,1.2,us,usp0001t77,2025-12-19T21:33:27.822Z,"45 km SW of Lixoúri, Greece",earthquake,,4.6,,50,reviewed,us,us
1983-02-20T22:00:30.560Z,35.766,140.243,78.1,3.5,mb,,,,0.7,us,usp0001t75,2014-11-07T00:32:43.109Z,"5 km N of Sakura, Japan",earthquake,,4.2,,1,reviewed,us,us
1983-02-20T20:46:58.930Z,12.282,144.045,39.6,5.2,mb,,,,1,us,usp0001t73,2026-01-07T19:42:25.225Z,"128 km SSW of Merizo Village, Guam",earthquake,,6.4,,18,reviewed,us,us
1983-02-20T19:05:36.900Z,37.497,-118.7965,2.807,2.69,md,12,168,0.0964,0.04,nc,nc1088170,2016-12-10T21:26:07.928Z,"9 km SW of Aspen Springs, California",earthquake,0.45,1.33,0.08,8,reviewed,nc,nc
1983-02-20T17:18:07.540Z,58.218,-31.741,10,4.4,mb,,,,0.6,us,usp0001t70,2014-11-07T00:32:43.095Z,"Reykjanes Ridge",earthquake,,,,14,reviewed,us,us
1983-02-20T16:32:35.780Z,44.283,10.527,10,3.8,ml,,,,0.8,us,usp0001t6z,2014-11-07T00:32:43.090Z,"3 km WSW of Frassinoro, Italy",earthquake,,,,,reviewed,us,ldg
1983-02-20T15:01:46.880Z,19.4508333,-155.3978333,5.387,2.7,ml,46,33,,0.14,hv,hv19831203,2020-03-31T18:15:42.060Z,"17 km W of Volcano, Hawaii",earthquake,0.35,0.76,0.12,2,reviewed,hv,hv
1983-02-20T14:14:22.570Z,22.812,121.329,20.4,4.6,mb,,,,1.1,us,usp0001t6y,2026-01-07T19:42:24.419Z,"95 km ESE of Yujing, Taiwan",earthquake,,3.7,,5,reviewed,us,us
1983-02-20T13:56:02.090Z,5.554,126.459,54.3,5,mb,,,,1.1,us,usp0001t6w,2014-11-07T00:32:43.081Z,"94 km SSE of Pondaguitan, Philippines",earthquake,,7.5,,15,reviewed,us,us
1983-02-20T13:24:18.770Z,20.2063333,-156.6761667,36.892,2.79,ml,38,254,,0.12,hv,hv19831202,2020-03-31T18:15:41.890Z,"55 km SSW of M?kena, Hawaii",earthquake,1.96,2.46,,2,reviewed,hv,hv
1983-02-20T12:42:31.400Z,37.898,21.08,36.8,5.5,ms,,,,1.4,us,usp0001t6v,2025-12-19T21:33:26.382Z,"southern Greece",earthquake,,3.5,,1,reviewed,us,us
1983-02-20T12:03:49.260Z,37.5185,-118.8765,2.766,2.69,md,10,193,0.08288,0.04,nc,nc1088151,2016-12-10T21:24:56.899Z,"14 km WSW of Aspen Springs, California",earthquake,0.71,1.2,0.17,8,reviewed,nc,nc
1983-02-20T11:34:58.270Z,5.627,126.575,64.1,5,mb,,,,0.7,us,usp0001t6t,2014-11-07T00:32:43.060Z,"92 km SSE of Pondaguitan, Philippines",earthquake,,5.8,,12,reviewed,us,us
1983-02-20T11:26:26.930Z,38.8185,-122.8046667,2.885,2.57,md,17,85,0.01351,0.04,nc,nc1088148,2016-12-10T21:24:46.311Z,"7 km W of Cobb, California",earthquake,0.24,0.44,0.08,16,reviewed,nc,nc
1983-02-20T10:49:54.110Z,5.546,126.246,60.5,6.4,mw,,,,1.2,us,usp0001t6s,2025-12-19T21:33:25.111Z,"78 km ESE of Caburan, Philippines",earthquake,,2,,,reviewed,us,nc
1983-02-20T09:36:07.220Z,-3.905,102.956,79.4,4.7,mb,,,,1.5,us,usp0001t6r,2014-11-07T00:32:43.024Z,"34 km WNW of Pagar Alam, Indonesia",earthquake,,10.7,,6,reviewed,us,us
1983-02-20T09:15:48.400Z,37.6378333,-118.9476667,5.513,2.67,md,11,102,0.01622,0.04,nc,nc1088142,2016-12-10T21:24:24.417Z,"2 km ESE of Mammoth Lakes, California",earthquake,0.58,0.61,0.38,20,reviewed,nc,nc
1983-02-20T08:19:25.900Z,-11.511,118.337,33,4.8,mb,,,,1.2,us,usp0001t6q,2014-11-07T00:32:43.023Z,"294 km SW of Waingapu, Indonesia",earthquake,,,,1,reviewed,us,us
1983-02-20T07:25:48.620Z,40.4441667,-125.1728333,3.581,3.42,md,31,273,0.6766,0.25,nc,nc1088135,2016-12-10T21:23:59.153Z,"78 km W of Ferndale, California",earthquake,3.69,5.93,0.16,9,reviewed,nc,nc
1983-02-20T06:56:00.360Z,14.31,-92.899,72.3,4.5,mb,,,,0.8,us,usp0001t6n,2014-11-07T00:32:43.020Z,"68 km SW of Puerto Madero, Mexico",earthquake,,8.9,,5,reviewed,us,us
1983-02-20T06:21:27.940Z,38.275,20.34,10,3.6,mb,,,,0.7,us,usp0001t6m,2014-11-07T00:32:43.018Z,"11 km NW of Lixoúri, Greece",earthquake,,,,1,reviewed,us,us
1983-02-20T05:45:13.200Z,37.764,21.269,41.2,4.6,mb,,,,1.4,us,usp0001t6j,2020-08-26T22:27:45.012Z,"6 km W of Kardamás, Greece",earthquake,,4.6,,27,reviewed,us,us
1983-02-20T05:35:20.010Z,47.71,8.295,10,3.2,ml,,,,0.8,us,usp0001t6h,2014-11-07T00:32:43.005Z,"1 km WSW of Ühlingen-Birkendorf, Germany",earthquake,,,,,reviewed,us,ldg
1983-02-20T04:49:04.590Z,-9.5,108.248,33,5,mb,,,,1.4,us,usp0001t6g,2014-11-07T00:32:43.002Z,"230 km SSW of Sidareja, Indonesia",earthquake,,,,8,reviewed,us,us
1983-02-20T04:23:55.920Z,37.3881667,-119.9068333,7.67,2.83,md,20,135,0.4739,0.33,nc,nc1088121,2016-12-10T21:23:08.985Z,"8 km SSW of Bootjack, California",earthquake,1.08,2.67,0.09,13,reviewed,nc,nc
1983-02-20T04:05:12.050Z,19.3283333,-155.1195,8.186,3.55,ml,45,104,,0.09,hv,hv19831200,2020-03-31T18:15:41.580Z,"15 km S of Fern Forest, Hawaii",earthquake,0.48,0.35,0.08,3,reviewed,hv,hv
1983-02-20T02:49:02.310Z,45.999,6.46,10,3.1,ml,,,,1.3,us,usp0001t6d,2014-11-07T00:32:42.995Z,"5 km S of Mont-Saxonnex, France",earthquake,,,,,reviewed,us,ldg
1983-02-20T02:30:30.150Z,-54.425,-26.559,33,4.3,mb,,,,1.3,us,usp0001t6c,2014-11-07T00:32:42.993Z,"South Sandwich Islands region",earthquake,,,,2,reviewed,us,us
1983-02-20T02:26:51.040Z,12.917,92.961,33,5.2,mb,,,,0.9,us,usp0001t6b,2026-01-07T19:42:23.663Z,"137 km N of Bamboo Flat, India",earthquake,,,,46,reviewed,us,us
1983-02-20T01:21:35.990Z,43.382,147.452,39,5,mb,,,,0.8,us,usp0001t6a,2014-11-07T00:32:42.977Z,"75 km SE of Shikotan, Russia",earthquake,,,,30,reviewed,us,us
1983-02-20T01:13:52.160Z,36.4721667,-121.0386667,2.043,2.85,md,52,95,0.04775,0.09,nc,nc1088114,2016-12-10T21:22:41.110Z,"24 km NE of Greenfield, California",earthquake,0.2,0.46,0.15,50,reviewed,nc,nc
1983-02-20T00:50:16.980Z,37.6401667,-118.9525,5.208,3.4,ml,12,90,0.01351,0.04,nc,nc1088109,2016-12-10T21:22:18.950Z,"1 km ESE of Mammoth Lakes, California",earthquake,0.47,0.48,,0,reviewed,nc,nc
1983-02-20T00:49:17.000Z,37.642,-118.951,5.062,3.09,md,8,160,0.02613,0.04,nc,nc1088107,2016-12-10T21:22:06.585Z,"1 km ESE of Mammoth Lakes, California",earthquake,0.73,0.73,0.08,3,reviewed,nc,nc
1983-02-19T23:27:57.630Z,44.174,151.324,33,4.5,mb,,,,1.5,us,usp0001t68,2014-11-07T00:32:42.974Z,"297 km ESE of Kuril’sk, Russia",earthquake,,,,6,reviewed,us,us
1983-02-19T22:37:28.370Z,19.4191667,-155.625,-1.488,2.5,ml,29,94,,0.12,hv,hv19831197,2020-03-31T18:15:41.120Z,"Island of Hawaii, Hawaii",earthquake,0.43,1.18,,1,reviewed,hv,hv
1983-02-19T21:40:37.210Z,-4.274,136.831,33,4.9,mb,,,,1.2,us,usp0001t66,2014-11-07T00:32:42.928Z,"179 km SE of Nabire, Indonesia",earthquake,,,,10,reviewed,us,us
1983-02-19T21:23:22.330Z,36.2435,-120.8098333,10.576,2.53,md,41,84,0.02973,0.09,nc,nc1088100,2016-12-10T21:21:39.760Z,"22 km NE of San Lucas, California",earthquake,0.22,0.41,0.08,36,reviewed,nc,nc
1983-02-19T20:14:22.880Z,8.735,124.039,568,5.8,mb,,,,1,us,usp0001t65,2022-04-28T00:13:33.131Z,"36 km ENE of Lopez Jaena, Philippines",earthquake,,1.1,,78,reviewed,us,us
1983-02-19T17:54:42.030Z,35.3278333,-119.224,4.848,2.9,mc,43,132,,0.28,ci,ci1100520,2016-04-02T10:21:57.416Z,"9km SW of Rosedale, CA",earthquake,0.63,31.61,,40,reviewed,ci,ci
1983-02-19T16:56:08.660Z,5.366,126.598,89.2,4,mb,,,,0.9,us,usp0001t61,2014-11-07T00:32:42.898Z,"119 km SSE of Pondaguitan, Philippines",earthquake,,10.7,,1,reviewed,us,us
1983-02-19T15:57:16.710Z,24.039,122.632,14.9,5,mb,,,,1.1,us,usp0001t5z,2026-01-07T19:42:22.856Z,"60 km SW of Yonakuni, Japan",earthquake,,2.3,,28,reviewed,us,us
1983-02-19T15:55:13.740Z,37.204,21.47,58.4,4.2,mb,,,,1.1,us,usp0001t5y,2020-08-26T22:27:33.158Z,"11 km WNW of Filiatrá, Greece",earthquake,,5.8,,7,reviewed,us,us
1983-02-19T13:45:57.940Z,-17.871,-175.271,229.5,4.6,mb,,,,1.5,us,usp0001t5w,2014-11-07T00:32:42.842Z,"161 km WNW of Neiafu, Tonga",earthquake,,11.8,,3,reviewed,us,us
1983-02-19T13:12:38.450Z,5.645,126.637,33,4.6,mb,,,,0.6,us,usp0001t5v,2014-11-07T00:32:42.841Z,"94 km SSE of Pondaguitan, Philippines",earthquake,,,,4,reviewed,us,us
1983-02-19T13:06:20.030Z,39.6115,-124.4443333,4.425,2.78,md,14,244,0.6748,0.16,nc,nc1088077,2016-12-10T21:20:09.882Z,"56 km SW of Shelter Cove, California",earthquake,1.54,2.98,0.31,7,reviewed,nc,nc
1983-02-19T12:13:41.890Z,39.781,-122.425,17.856,3.53,md,49,81,0.2324,0.36,nc,nc1088072,2016-12-10T21:19:50.240Z,"15 km SE of Paskenta, California",earthquake,0.57,0.47,0.11,30,reviewed,nc,nc
1983-02-19T11:41:03.150Z,44.57,10.358,10,3.5,ml,,,,0.7,us,usp0001t5u,2014-11-07T00:32:42.836Z,"3 km ESE of Neviano degli Arduini, Italy",earthquake,,,,,reviewed,us,ldg
1983-02-19T11:38:29.960Z,44.53,10.396,10,3.6,ml,,,,1,us,usp0001t5t,2014-11-07T00:32:42.832Z,"6 km NE of Vetto, Italy",earthquake,,,,,reviewed,us,ldg
1983-02-19T11:37:54.590Z,51.083,178.369,48,4.9,mb,,,,0.9,us,usp0001t5s,2014-11-07T00:32:42.829Z,"Rat Islands, Aleutian Islands, Alaska",earthquake,,5.8,,18,reviewed,us,us
1983-02-19T11:09:42.540Z,44.579,10.427,10,3.1,ml,,,,0.5,us,usp0001t5r,2014-11-07T00:32:42.827Z,"2 km SSE of Ciano d'Enza, Italy",earthquake,,,,,reviewed,us,ldg
1983-02-19T11:08:27.000Z,37.5303333,-118.8545,7.196,3.6,ml,13,177,0.06396,0.03,nc,nc1088068,2016-12-10T21:19:30.050Z,"12 km WSW of Aspen Springs, California",earthquake,0.47,0.74,,0,reviewed,nc,nc
1983-02-19T10:24:41.080Z,31.4416667,-115.4663333,5.925,2.99,ml,7,280,1.224,0.28,ci,ci1100502,2016-04-02T10:22:21.435Z,"92km SSW of Alberto Oviedo Mota, B.C., MX",earthquake,2.08,31.61,0.04,3,reviewed,ci,ci
1983-02-19T09:50:32.040Z,37.637,-118.9006667,3.29,2.97,md,7,101,0.01802,0.06,nc,nc1088058,2016-12-10T21:18:50.131Z,"6 km ESE of Mammoth Lakes, California",earthquake,0.73,0.78,0.18,5,reviewed,nc,nc
1983-02-19T09:19:11.640Z,37.6411667,-118.9411667,3.663,3.35,md,11,104,0.02162,0.1,nc,nc1088051,2016-12-10T21:18:16.930Z,"2 km ESE of Mammoth Lakes, California",earthquake,0.58,0.6,0.17,65,reviewed,nc,nc
1983-02-19T07:31:45.500Z,32.8233333,-116.0758333,15.369,3.28,ml,50,109,,0.31,ci,ci1100494,2016-04-02T19:41:41.437Z,"12km NW of Ocotillo, CA",earthquake,0.54,0.91,0.135,9,reviewed,ci,ci
1983-02-19T05:53:15.860Z,58.622,-31.864,10,4.6,mb,,,,1.2,us,usp0001t5j,2014-11-07T00:32:42.815Z,"Reykjanes Ridge",earthquake,,,,6,reviewed,us,us
1983-02-19T05:45:45.130Z,40.649,-74.769,6,2.5,mblg,,,,,us,usp0001t5h,2014-11-07T00:32:42.814Z,"3 km N of Whitehouse Station, New Jersey",earthquake,,,,,reviewed,pal,pal
1983-02-19T05:04:57.600Z,42.442,142.955,121.4,4.6,mb,,,,1,us,usp0001t5g,2014-11-07T00:32:42.811Z,"49 km ENE of Shizunai-furukawach?, Japan",earthquake,,2.6,,7,reviewed,us,us
1983-02-19T04:49:28.370Z,37.6248333,-118.8785,4.046,2.74,md,11,98,0.03153,0.03,nc,nc1088040,2016-12-10T21:17:29.264Z,"8 km ESE of Mammoth Lakes, California",earthquake,0.38,0.6,0.46,22,reviewed,nc,nc
1983-02-19T04:27:01.220Z,-22.848,-63.718,531,4.6,mb,,,,0.7,us,usp0001t5f,2014-11-07T00:32:42.809Z,"29 km SSE of General Mosconi, Argentina",earthquake,,7.3,,1,reviewed,us,us
1983-02-19T02:34:45.910Z,-6.365,129.863,147.9,4.5,mb,,,,0.5,us,usp0001t5d,2014-11-07T00:32:42.806Z,"Banda Sea",earthquake,,14,,4,reviewed,us,us
1983-02-19T02:01:44.190Z,36.6156667,-121.2245,5.096,2.56,md,46,48,0.03874,0.09,nc,nc1088033,2016-12-10T21:17:01.410Z,"21 km SSE of Tres Pinos, California",earthquake,0.19,0.49,0.17,40,reviewed,nc,nc
1983-02-19T01:29:57.800Z,37.636,-118.9553333,5.403,2.61,md,10,121,0.00991,0.05,nc,nc1088032,2016-12-10T21:16:55.370Z,"2 km SE of Mammoth Lakes, California",earthquake,0.87,0.79,0.18,6,reviewed,nc,nc
1983-02-19T01:18:17.550Z,-21.427,-68.674,132.6,5,mb,,,,1.2,us,usp0001t5b,2014-11-07T00:32:42.803Z,"116 km NNE of Calama, Chile",earthquake,,6.6,,1,reviewed,us,us
1983-02-19T00:14:34.000Z,13.061,122.226,33,4.5,mb,,,,1.5,us,usp0001t5a,2026-01-07T19:42:21.866Z,"30 km SE of Tigui, Philippines",earthquake,,,,8,reviewed,us,us
1983-02-18T23:24:09.540Z,-13.929,-76.444,33,5.1,mb,,,,1,us,usp0001t58,2014-11-07T00:32:42.793Z,"20 km WSW of Paracas, Peru",earthquake,,,,3,reviewed,us,us
1983-02-18T21:21:57.050Z,37.6415,-118.956,5.138,3.14,md,12,105,0.01261,0.04,nc,nc1088022,2016-12-10T21:16:17.886Z,"1 km ESE of Mammoth Lakes, California",earthquake,0.71,0.85,0.18,6,reviewed,nc,nc
1983-02-18T19:31:36.550Z,-4.873,153.281,43.5,5,mb,,,,1.1,us,usp0001t57,2014-11-07T00:32:42.787Z,"126 km ESE of Kokopo, Papua New Guinea",earthquake,,3.3,,11,reviewed,us,us
1983-02-18T19:07:27.490Z,5.548,126.369,63.6,4.8,mb,,,,1.1,us,usp0001t56,2025-12-19T21:33:24.419Z,"90 km ESE of Caburan, Philippines",earthquake,,6.9,,12,reviewed,us,us
1983-02-18T18:07:37.280Z,58.988,-31.114,10,4.4,mb,,,,0.9,us,usp0001t55,2014-11-07T00:32:42.728Z,"Reykjanes Ridge",earthquake,,,,6,reviewed,us,us
1983-02-18T17:24:15.270Z,58.527,-31.764,10,5.4,mb,,,,1.1,us,usp0001t54,2025-12-19T21:33:23.746Z,"Reykjanes Ridge",earthquake,,,,53,reviewed,us,us
1983-02-18T16:35:59.530Z,37.829,19.923,10,4,mb,,,,1.1,us,usp0001t53,2014-11-07T00:32:42.584Z,"61 km SW of Lixoúri, Greece",earthquake,,,,2,reviewed,us,us
1983-02-18T14:52:19.920Z,36.8463333,-121.3116667,6.478,2.66,md,64,44,0.03153,0.06,nc,nc1088008,2016-12-10T21:15:18.430Z,"6 km NE of Ridgemark, California",earthquake,0.17,0.3,0.1,39,reviewed,nc,nc
1983-02-18T14:52:19.720Z,6.11,123.657,600.9,5.1,mb,,,,0.7,us,usp0001t52,2014-11-07T00:32:42.575Z,"56 km SW of Sangay, Philippines",earthquake,,3.9,,21,reviewed,us,us
1983-02-18T14:32:14.310Z,27.936,53.814,57.2,4.7,mb,,,,0.8,us,usp0001t51,2022-04-28T00:13:26.169Z,"43 km NW of Ger?sh, Iran",earthquake,,5.4,,31,reviewed,us,us
1983-02-18T13:57:10.210Z,37.5081667,-118.8733333,4.846,2.56,md,11,210,0.09099,0.06,nc,nc1088005,2016-12-10T21:15:04.273Z,"15 km WSW of Aspen Springs, California",earthquake,0.62,1.55,0.15,8,reviewed,nc,nc
1983-02-18T11:51:27.460Z,58.345,-31.795,10,5.1,mb,,,,1,us,usp0001t50,2026-01-07T19:42:21.047Z,"Reykjanes Ridge",earthquake,,,,63,reviewed,us,us
1983-02-18T10:43:47.780Z,37.688,-119.7683333,46.341,2.69,md,10,194,0.2009,0.16,nc,nc1087996,2016-12-10T21:14:32.038Z,"2 km NE of El Portal, California",earthquake,1.57,2.27,0.19,7,reviewed,nc,nc
1983-02-18T09:48:53.050Z,-29.846,-177.003,33,5,mb,,,,1.1,us,usp0001t4z,2014-11-07T00:32:42.382Z,"Kermadec Islands, New Zealand",earthquake,,,,4,reviewed,us,us
1983-02-18T09:27:44.770Z,33.8348333,-117.0553333,13.804,2.8,ml,63,75,,0.29,ci,ci1100298,2016-02-02T21:28:26.710Z,"9km ENE of Nuevo, CA",earthquake,0.42,0.56,0.091,6,reviewed,ci,ci
1983-02-18T08:55:46.910Z,-3.113,-79.053,105.1,5.1,mb,,,,1.1,us,usp0001t4y,2014-11-07T00:32:42.355Z,"24 km SSW of Cuenca, Ecuador",earthquake,,8.5,,16,reviewed,us,us
1983-02-18T08:47:21.990Z,37.5366667,-118.8836667,1.136,2.93,md,14,123,0.07117,0.03,nc,nc1087990,2016-12-10T21:14:09.686Z,"14 km SSE of Mammoth Lakes, California",earthquake,0.48,1.49,0.26,10,reviewed,nc,nc
1983-02-18T07:41:49.700Z,14.736,-91.046,150,4.6,mb,,,,0.9,us,usp0001t4x,2014-11-07T00:32:42.346Z,"6 km WSW of Tecpán Guatemala, Guatemala",earthquake,,,,3,reviewed,us,us
1983-02-18T07:40:24.100Z,27.946,53.852,35.4,5.2,mb,,,,0.9,us,usp0001t4w,2025-12-19T21:33:23.099Z,"41 km NW of Ger?sh, Iran",earthquake,,4.5,,59,reviewed,us,us
1983-02-18T06:46:23.590Z,9.07,-39.58,10,4.9,mb,,,,0.9,us,usp0001t4v,2014-11-07T00:32:42.285Z,"central Mid-Atlantic Ridge",earthquake,,,,3,reviewed,us,us
1983-02-18T06:22:34.750Z,-7.291,124.759,524,4.6,mb,,,,0.6,us,usp0001t4u,2014-11-07T00:32:42.282Z,"154 km NNW of Maubara, Timor Leste",earthquake,,4.2,,3,reviewed,us,us
1983-02-18T05:35:33.280Z,37.6448333,-118.9503333,4.608,3.2,md,10,121,0.01802,0.02,nc,nc1087983,2016-12-10T21:13:44.170Z,"1 km ESE of Mammoth Lakes, California",earthquake,0.44,0.42,,1,reviewed,nc,nc
1983-02-18T05:34:33.400Z,37.6533333,-118.9508333,2.772,3.06,md,9,148,0.03604,0.04,nc,nc1087982,2016-12-10T21:13:40.499Z,"1 km ENE of Mammoth Lakes, California",earthquake,0.55,0.86,0.05,4,reviewed,nc,nc
1983-02-18T03:53:37.050Z,22.942,143.999,33,4.8,mb,,,,0.8,us,usp0001t4r,2014-11-07T00:32:42.273Z,"Volcano Islands, Japan region",earthquake,,,,8,reviewed,us,us
1983-02-18T00:24:26.310Z,58.372,-31.942,10,4.6,mb,,,,0.7,us,usp0001t4m,2014-11-07T00:32:42.265Z,"Reykjanes Ridge",earthquake,,,,7,reviewed,us,us
1983-02-17T23:23:16.010Z,43.09,144.588,59,4.4,mb,,,,0.4,us,usp0001t4k,2014-11-07T00:32:42.262Z,"21 km NE of Kushiro, Japan",earthquake,,2.2,,6,reviewed,us,us
1983-02-17T21:09:03.580Z,32.351,139.007,218.2,4.2,mb,,,,1.1,us,usp0001t4h,2014-11-07T00:32:42.256Z,"257 km S of Shimoda, Japan",earthquake,,17.8,,8,reviewed,us,us
1983-02-17T20:55:42.450Z,37.6405,-119.3833333,15.741,2.72,md,26,115,0.3324,0.06,nc,nc1087969,2016-12-10T21:12:39.585Z,"20 km ESE of Yosemite Valley, California",earthquake,0.42,1.42,0.17,16,reviewed,nc,nc
1983-02-17T20:27:35.300Z,39.896,75.311,33,4.6,mb,,,,1.4,us,usp0001t4g,2026-01-07T19:42:20.278Z,"74 km NW of Kashgar, China",earthquake,,,,9,reviewed,us,us
1983-02-17T17:49:15.770Z,36.758,140.429,121.2,4.4,mb,,,,0.7,us,usp0001t4d,2014-11-07T00:32:42.176Z,"7 km E of Daigo, Japan",earthquake,,2.8,,2,reviewed,us,us
1983-02-17T17:29:34.100Z,66.595,-17.732,10,4,mb,,,,1.4,us,usp0001t4c,2014-11-07T00:32:42.173Z,"64 km NNW of Norðurþing, Iceland",earthquake,,,,2,reviewed,us,us
1983-02-17T17:00:00.090Z,37.163,-116.063,0,4,mb,,,,,us,usp0001t4b,2016-02-02T18:50:56.300Z,"60 km SSW of Rachel, Nevada",nuclear explosion,,,,1,reviewed,doe,us
1983-02-17T16:34:06.620Z,43.269,34.239,33,3.9,mb,,,,1,us,usp0001t4a,2014-11-07T00:32:42.168Z,"127 km S of Simeiz, Ukraine",earthquake,,,,1,reviewed,us,us
1983-02-17T16:11:48.010Z,34.1286667,-117.4526667,5.205,2.53,ml,52,44,,0.2,ci,ci1100166,2016-02-03T00:06:11.110Z,"4km N of Fontana, CA",earthquake,0.36,1.56,0.147,4,reviewed,ci,ci
1983-02-17T16:10:39.130Z,-21.592,-174.179,32,5.8,mb,,,,1.2,us,usp0001t48,2025-12-19T21:33:22.384Z,"84 km ESE of ‘Ohonua, Tonga",earthquake,,,,17,reviewed,us,us
1983-02-17T15:33:37.360Z,40.3111667,-124.5058333,24.574,3.37,md,27,238,0.3081,0.05,nc,nc1087954,2016-12-10T21:11:43.973Z,"35 km SW of Ferndale, California",earthquake,0.91,3.06,0.25,6,reviewed,nc,nc
1983-02-17T15:27:58.040Z,33.0216667,-115.3211667,4.057,2.69,ml,21,61,,0.24,ci,ci1100160,2016-02-02T21:28:25.680Z,"20km ENE of Brawley, CA",earthquake,0.56,0.84,0.16,4,reviewed,ci,ci
1983-02-17T12:09:37.130Z,58.518,-31.809,10,5.1,mb,,,,0.9,us,usp0001t45,2025-12-19T21:33:21.610Z,"Reykjanes Ridge",earthquake,,,,56,reviewed,us,us
1983-02-17T12:02:36.220Z,58.316,-31.708,10,4.5,mb,,,,0.7,us,usp0001t44,2014-11-07T00:32:42.110Z,"Reykjanes Ridge",earthquake,,,,9,reviewed,us,us
1983-02-17T10:49:37.410Z,58.293,-31.803,10,4.7,mb,,,,0.7,us,usp0001t43,2014-11-07T00:32:42.104Z,"Reykjanes Ridge",earthquake,,,,26,reviewed,us,us
1983-02-17T10:36:35.170Z,58.253,-31.735,10,4.6,mb,,,,1,us,usp0001t42,2014-11-07T00:32:42.101Z,"Reykjanes Ridge",earthquake,,,,18,reviewed,us,us
1983-02-17T10:15:14.160Z,58.399,-31.634,10,4.6,mb,,,,0.8,us,usp0001t41,2014-11-07T00:32:42.097Z,"Reykjanes Ridge",earthquake,,,,19,reviewed,us,us
1983-02-17T09:14:20.700Z,-7.662,128.471,165.9,3.8,mb,,,,1.1,us,usp0001t40,2014-11-07T00:32:42.095Z,"188 km ENE of Lospalos, Timor Leste",earthquake,,11.5,,1,reviewed,us,us
1983-02-17T08:55:53.770Z,12.906,93.483,98.6,5,mb,,,,1.2,us,usp0001t3z,2014-11-07T00:32:42.092Z,"157 km NNE of Bamboo Flat, India",earthquake,,11.8,,3,reviewed,us,us
1983-02-17T08:16:04.660Z,-6.439,154.459,73,5,mb,,,,1.1,us,usp0001t3y,2014-11-07T00:32:42.090Z,"114 km W of Panguna, Papua New Guinea",earthquake,,8,,5,reviewed,us,us
1983-02-17T08:01:08.970Z,58.544,-31.619,10,4.7,mb,,,,1,us,usp0001t3x,2014-11-07T00:32:42.086Z,"Reykjanes Ridge",earthquake,,,,22,reviewed,us,us
1983-02-17T07:53:00.830Z,58.523,-31.301,10,4.6,mb,,,,0.8,us,usp0001t3w,2014-11-07T00:32:42.083Z,"Reykjanes Ridge",earthquake,,,,13,reviewed,us,us
1983-02-17T07:49:46.320Z,-6.278,103.024,33,4.4,mb,,,,0.2,us,usp0001t3v,2014-11-07T00:32:42.082Z,"250 km S of Pagar Alam, Indonesia",earthquake,,,,5,reviewed,us,us
1983-02-17T07:27:19.790Z,-6.962,102.892,42.5,4.9,mb,,,,1,us,usp0001t3u,2025-12-19T21:33:20.669Z,"southwest of Sumatra, Indonesia",earthquake,,8.7,,5,reviewed,us,us
1983-02-17T05:37:12.330Z,58.359,-31.753,10,4.7,mb,,,,1,us,usp0001t3r,2014-11-07T00:32:42.072Z,"Reykjanes Ridge",earthquake,,,,10,reviewed,us,us
1983-02-17T05:20:24.470Z,58.523,-31.77,10,4.7,mb,,,,1,us,usp0001t3q,2014-11-07T00:32:42.068Z,"Reykjanes Ridge",earthquake,,,,17,reviewed,us,us
1983-02-17T05:19:11.240Z,58.623,-31.839,10,4.6,mb,,,,0.8,us,usp0001t3p,2014-11-07T00:32:42.065Z,"Reykjanes Ridge",earthquake,,,,6,reviewed,us,us
1983-02-17T04:54:23.330Z,58.631,-31.58,10,4.7,mb,,,,1.2,us,usp0001t3n,2014-11-07T00:32:42.063Z,"Reykjanes Ridge",earthquake,,,,4,reviewed,us,us
1983-02-17T04:24:54.650Z,25.438,103.895,33,4.5,mb,,,,1.3,us,usp0001t3m,2026-01-07T19:42:19.476Z,"12 km ESE of Qujing, China",earthquake,,,,6,reviewed,us,us
1983-02-17T03:43:10.700Z,-15.807,167.317,151,4.5,mb,,,,1.3,us,usp0001t3k,2014-11-07T00:32:42.058Z,"29 km NNW of Norsup, Vanuatu",earthquake,,7.6,,3,reviewed,us,us
1983-02-17T01:54:28.730Z,38.7881667,-119.8576667,2.88,2.77,md,23,183,0.7054,0.08,nc,nc1087935,2016-12-10T21:10:21.921Z,"3 km WNW of Alpine Village, California",earthquake,0.47,2.03,0.1,18,reviewed,nc,nc
1983-02-17T00:15:59.610Z,43.648,83.865,33,5,mb,,,,0.8,us,usp0001t3a,2022-04-28T00:13:10.502Z,"55 km ENE of Xinyuan, China",earthquake,,,,35,reviewed,us,us
1983-02-16T23:43:47.080Z,45.751,26.691,144.5,4.3,mb,,,,1.2,us,usp0001t38,2014-11-07T00:32:42.016Z,"4 km SSW of Paltin, Romania",earthquake,,2.3,,13,reviewed,us,us
1983-02-16T17:31:53.750Z,37.473,-118.8461667,9.537,2.68,md,12,136,0.118,0.05,nc,nc1087922,2016-12-10T21:09:29.291Z,"14 km SW of Aspen Springs, California",earthquake,0.44,1.17,0.29,10,reviewed,nc,nc
1983-02-16T16:50:45.090Z,37.835,20.166,21.1,4.7,mb,,,,1.1,us,usp0001t32,2014-11-07T00:32:42.000Z,"47 km SSW of Lixoúri, Greece",earthquake,,5,,9,reviewed,us,us
1983-02-16T13:57:23.990Z,-12.361,-78.075,11.6,5,mb,,,,0.8,us,usp0001t2z,2014-11-07T00:32:41.993Z,"109 km WSW of Callao, Peru",earthquake,,3.5,,8,reviewed,us,us
1983-02-16T12:04:21.110Z,-17.237,-173.105,33,4.8,mb,,,,1.4,us,usp0001t2y,2014-11-07T00:32:41.990Z,"159 km SSE of Hihifo, Tonga",earthquake,,,,3,reviewed,us,us
1983-02-16T09:50:38.050Z,-25.452,179.629,506,5.4,mb,,,,1.1,us,usp0001t2x,2022-04-28T00:13:08.894Z,"south of the Fiji Islands",earthquake,,,,31,reviewed,us,us
1983-02-16T08:26:05.740Z,36.04,-114.722,5,3,ml,,,,0.7,us,usp0001t2w,2014-11-07T00:32:41.970Z,"12 km NE of Boulder City, Nevada",earthquake,,,,,reviewed,us,us
1983-02-16T07:36:55.640Z,-21.168,-66.641,235.3,4.6,mb,,,,0.9,us,usp0001t2v,2014-11-07T00:32:41.967Z,"50 km WSW of Atocha, Bolivia",earthquake,,5.2,,4,reviewed,us,us
1983-02-16T07:14:07.420Z,45.927,-111.497,5,3.7,ml,,,,0.6,us,usp0001t2u,2014-11-07T00:32:41.963Z,"5 km NE of Three Forks, Montana",earthquake,,,,,reviewed,us,us
1983-02-16T06:22:09.310Z,48.539,-112.373,14,3.5,ml,,,,0.7,us,usp0001t2t,2014-11-07T00:32:41.960Z,"9 km S of Little Browning, Montana",earthquake,,3.1,,,reviewed,us,us
1983-02-16T06:19:19.290Z,47.373,14.491,10,2.5,ml,,,,0.9,us,usp0001t2s,2014-11-07T00:32:41.958Z,"6 km S of Hohentauern, Austria",earthquake,,,,,reviewed,us,kba
1983-02-16T05:06:20.410Z,19.3235,-155.123,8.196,2.99,ml,39,104,,0.08,hv,hv19831169,2020-03-31T18:15:36.640Z,"15 km S of Fern Forest, Hawaii",earthquake,0.4,0.49,0.08,1,reviewed,hv,hv
1983-02-16T00:04:50.960Z,59.882,-148.005,33,3.2,ml,,,,0.7,us,usp0001t2q,2014-11-07T00:32:41.954Z,"20 km S of Chenega, Alaska",earthquake,,,,,reviewed,us,pmr
1983-02-15T23:21:06.900Z,-22.966,-66.501,201.6,5,mb,,,,1.1,us,usp0001t2p,2022-04-28T00:13:07.365Z,"86 km WSW of Abra Pampa, Argentina",earthquake,,4,,26,reviewed,us,us
1983-02-15T22:45:19.140Z,28.23,129.593,42,4.9,mb,,,,1.1,us,usp0001t2m,2026-01-07T19:37:20.797Z,"18 km SE of Naze, Japan",earthquake,,,,14,reviewed,us,us
1983-02-15T22:43:33.520Z,32.814,-114.445,0.125,2.6,mh,0,262.9,0.254,0.272,ci,ci1100013,2016-04-01T23:30:26.644Z,"18km N of Fortuna Foothills, AZ",quarry blast,,125.466,0.31,2,reviewed,ci,ci
1983-02-15T22:09:03.540Z,-18.835,168.597,116,4.2,mb,,,,1.6,us,usp0001t2k,2014-11-07T00:32:41.929Z,"106 km NW of Isangel, Vanuatu",earthquake,,10,,2,reviewed,us,us
1983-02-15T21:59:15.500Z,36.6431667,-121.262,6.685,2.86,md,54,40,0.02523,0.08,nc,nc1087892,2016-12-10T21:07:36.780Z,"17 km SSE of Tres Pinos, California",earthquake,0.16,0.43,0.13,33,reviewed,nc,nc
1983-02-15T21:46:15.910Z,35.7428333,-117.7438333,4.88,2.61,ml,40,60,,0.29,ci,ci1100008,2016-04-02T10:20:33.062Z,"12km NNE of Inyokern, CA",earthquake,0.43,1.35,0.195,7,reviewed,ci,ci
1983-02-15T20:02:51.470Z,35.033,-117.678,-0.861,2.57,mc,0,54.3,,0.163,ci,ci3301189,2016-02-02T18:00:54.730Z,"4km NW of Boron, CA",quarry blast,,,,45,reviewed,ci,ci
1983-02-15T19:54:31.180Z,19.3231667,-155.1383333,6.592,2.58,ml,39,80,,0.1,hv,hv19831167,2020-03-31T18:15:36.320Z,"15 km S of Fern Forest, Hawaii",earthquake,0.48,0.8,0.06,1,reviewed,hv,hv
1983-02-15T18:53:53.660Z,55.093,-159.113,33,4.5,mb,,,,1.1,us,usp0001t2h,2014-11-07T00:32:41.925Z,"91 km S of Perryville, Alaska",earthquake,,,,4,reviewed,us,us
1983-02-15T18:27:55.400Z,-27.672,-177.331,121.8,4.3,mb,,,,1.4,us,usp0001t2g,2014-11-07T00:32:41.921Z,"Kermadec Islands region",earthquake,,11.4,,2,reviewed,us,us
1983-02-15T17:55:51.660Z,32.5531667,-115.4465,5.909,2.67,mc,19,183,0.255,0.56,ci,ci1101935,2016-04-02T13:28:35.771Z,"9km W of Puebla, B.C., MX",earthquake,2.14,31.61,,18,reviewed,ci,ci
1983-02-15T17:22:27.620Z,43.902,6.434,10,2.9,ml,,,,0.4,us,usp0001t2d,2014-11-07T00:32:41.916Z,"8 km NW of Castellane, France",earthquake,,,,,reviewed,us,ldg
1983-02-15T13:23:58.000Z,37.5051667,-118.7956667,9.657,2.59,md,11,164,0.08829,0.01,nc,nc1087878,2016-12-10T21:06:42.056Z,"9 km SW of Aspen Springs, California",earthquake,0.5,1.4,0.15,6,reviewed,nc,nc
1983-02-15T12:28:38.380Z,39.2468333,-120.4603333,19.872,2.71,md,16,234,0.3324,0.21,nc,nc1087875,2016-12-10T21:06:30.743Z,"8 km SSW of Kingvale, California",earthquake,2.19,1.56,0.13,17,reviewed,nc,nc
1983-02-15T12:25:05.640Z,19.3808333,-155.4046667,9.85,2.5,ml,41,60,,0.11,hv,hv19831165,2020-03-31T18:15:35.980Z,"19 km WSW of Volcano, Hawaii",earthquake,0.36,0.41,0.27,2,reviewed,hv,hv
1983-02-15T12:13:40.200Z,38.795,-122.7938333,-0.38,2.55,md,23,37,0.01261,0.09,nc,nc1087873,2016-12-10T21:06:23.078Z,"6 km WSW of Cobb, California",earthquake,0.18,0.45,0.11,18,reviewed,nc,nc
1983-02-15T11:29:47.100Z,-11.551,114.588,33,4.2,mb,,,,1.2,us,usp0001t2a,2014-11-07T00:32:41.910Z,"south of Bali, Indonesia",earthquake,,,,2,reviewed,us,us
1983-02-15T11:07:02.990Z,19.572,120.58,33,4.4,mb,,,,1.5,us,usp0001t29,2014-11-07T00:32:41.907Z,"113 km N of Pagudpud, Philippines",earthquake,,,,4,reviewed,us,us
1983-02-15T09:41:04.830Z,-21.582,-66.765,222.4,4.8,mb,,,,0.8,us,usp0001t28,2014-11-07T00:32:41.904Z,"91 km SW of Atocha, Bolivia",earthquake,,4,,2,reviewed,us,us
1983-02-15T09:11:54.000Z,19.331,-155.107,8.406,3.47,ml,40,114,,0.09,hv,hv19831162,2020-03-31T18:15:35.520Z,"15 km SSE of Fern Forest, Hawaii",earthquake,0.4,0.45,0.17,2,reviewed,hv,hv
1983-02-15T08:26:04.640Z,36.0798333,-114.581,4.739,3.19,mc,15,296,1.523,0.24,ci,ci1100049,2016-04-01T23:30:27.978Z,"25km ENE of Boulder City, NV",earthquake,3.47,31.61,,50,reviewed,ci,ci
1983-02-15T08:22:57.450Z,36.91,69.423,33,4.4,mb,,,,0.7,us,usp0001t27,2014-11-07T00:32:41.901Z,"20 km SSW of ?rt Khw?jah, Afghanistan",earthquake,,,,5,reviewed,us,us
1983-02-15T08:10:41.700Z,-5.606,131.118,85.6,4.5,mb,,,,1.5,us,usp0001t25,2014-11-07T00:32:41.898Z,"181 km W of Tual, Indonesia",earthquake,,11.8,,4,reviewed,us,us
1983-02-15T07:11:08.220Z,-5.505,154.344,166.9,4.3,mb,,,,0.8,us,usp0001t23,2014-11-07T00:32:41.894Z,"154 km NW of Panguna, Papua New Guinea",earthquake,,6.6,,5,reviewed,us,us
1983-02-15T04:29:37.770Z,32.0396667,-116.3285,5.764,2.94,ml,12,265,0.6965,0.29,ci,ci1101897,2016-04-02T16:38:33.695Z,"33km NE of Ensenada, B.C., MX",earthquake,1.83,31.61,0.129,3,reviewed,ci,ci
1983-02-15T03:52:39.910Z,43.618,12.596,10,3,ml,,,,0.5,us,usp0001t22,2014-11-07T00:32:41.892Z,"6 km W of Acqualagna, Italy",earthquake,,,,,reviewed,us,tri
1983-02-15T03:38:24.660Z,38.221,20.717,10,3.6,ml,,,,0.4,us,usp0001t21,2014-11-07T00:32:41.890Z,"6 km ESE of Sámi, Greece",earthquake,,,,,reviewed,us,ath
1983-02-15T02:21:45.790Z,39.073,28.707,10,4.5,mb,,,,0.7,us,usp0001t1z,2014-11-07T00:32:41.884Z,"5 km NE of Demirci, Turkey",earthquake,,,,2,reviewed,us,us
1983-02-15T01:14:31.210Z,-10.298,161.429,42,5.1,mb,,,,0.8,us,usp0001t1y,2014-11-07T00:32:41.872Z,"56 km WNW of Kirakira, Solomon Islands",earthquake,,,,14,reviewed,us,us
1983-02-14T23:48:13.180Z,51.84,175.57,98.2,4.6,mb,,,,0.8,us,usp0001t1x,2014-11-07T00:32:41.867Z,"197 km SE of Attu Station, Alaska",earthquake,,3.8,,11,reviewed,us,us
1983-02-14T23:14:40.560Z,37.621,20.591,10,3.6,ml,,,,0.8,us,usp0001t1w,2014-11-07T00:32:41.865Z,"23 km WSW of Lithakiá, Greece",earthquake,,,,,reviewed,us,ath
1983-02-14T21:29:17.190Z,33.9358333,-118.7208333,11.863,2.55,mc,10,139,,0.13,ci,ci1101964,2016-02-02T21:16:07.990Z,"11km SSW of Malibu Beach, CA",earthquake,0.71,1.37,,18,reviewed,ci,ci
1983-02-14T20:51:51.350Z,31.6813333,-115.9515,5.842,2.98,ml,10,307,0.9634,0.63,ci,ci1101963,2016-04-01T23:30:52.394Z,"58km E of Maneadero, B.C., MX",earthquake,4.19,31.61,0.147,3,reviewed,ci,ci
1983-02-14T19:56:07.420Z,-7.914,128.416,242.2,4.1,mb,,,,0.2,us,usp0001t1t,2014-11-07T00:32:41.859Z,"170 km ENE of Lospalos, Timor Leste",earthquake,,5.7,,5,reviewed,us,us
1983-02-14T17:11:41.530Z,28.099,129.631,33,4.8,mb,,,,1.2,us,usp0001t1s,2014-11-07T00:32:41.853Z,"33 km SSE of Naze, Japan",earthquake,,,,12,reviewed,us,us
1983-02-14T16:07:01.070Z,38.098,20.052,10,4.2,mb,,,,1.2,us,usp0001t1r,2014-11-07T00:32:41.848Z,"35 km WSW of Lixoúri, Greece",earthquake,,,,5,reviewed,us,us
1983-02-14T15:57:09.320Z,-0.162,100.043,170.7,3.5,mb,,,,1.6,us,usp0001t1q,2014-11-07T00:32:41.846Z,"39 km WNW of Bukittinggi, Indonesia",earthquake,,10.8,,1,reviewed,us,us
1983-02-14T12:04:50.550Z,76.459,8.473,10,4.6,mb,,,,1.4,us,usp0001t1k,2014-11-07T00:32:41.836Z,"263 km SW of Longyearbyen, Svalbard and Jan Mayen",earthquake,,,,17,reviewed,us,us
1983-02-14T10:37:31.800Z,37.941,21.076,10,3.5,ml,,,,1.7,us,usp0001t1j,2014-11-07T00:32:41.834Z,"6 km W of Kyllíni, Greece",earthquake,,,,,reviewed,us,ath
1983-02-14T08:10:03.610Z,54.969,-159.236,33,5.9,mw,,,,1.1,us,usp0001t1g,2025-12-19T21:33:19.987Z,"90 km ESE of Sand Point, Alaska",earthquake,,,,,reviewed,us,nc
1983-02-14T07:28:04.750Z,41.996,32.818,10,4.1,mb,,,,1,us,usp0001t1f,2014-11-07T00:32:41.790Z,"19 km NW of Cide, Turkey",earthquake,,,,3,reviewed,us,us
1983-02-14T07:19:29.520Z,-24.349,-175.937,33,5.1,mb,,,,1.3,us,usp0001t1e,2014-11-07T00:32:41.786Z,"south of Tonga",earthquake,,,,4,reviewed,us,us
1983-02-14T06:07:55.910Z,-22.25,169.821,28.4,5.2,mb,,,,1.2,us,usp0001t1d,2014-11-07T00:32:41.738Z,"215 km ESE of Tadine, New Caledonia",earthquake,,8.7,,12,reviewed,us,us
1983-02-14T04:44:07.180Z,37.964,20.024,10,3.6,mb,,,,1.4,us,usp0001t1c,2014-11-07T00:32:41.735Z,"44 km SW of Lixoúri, Greece",earthquake,,,,1,reviewed,us,us
1983-02-14T03:20:04.470Z,54.931,-159.189,47,6.5,mw,,,,1.3,us,usp0001t1b,2025-12-19T21:33:19.222Z,"94 km ESE of Sand Point, Alaska",earthquake,,,,,reviewed,us,nc
1983-02-14T03:15:31.200Z,-7.433,102.539,33,4.8,mb,,,,1.6,us,usp0001t1a,2014-11-07T00:32:41.630Z,"southwest of Sumatra, Indonesia",earthquake,,,,9,reviewed,us,us
1983-02-14T03:07:31.840Z,51.785,-174.6,55.4,4.7,mb,,,,0.7,us,usp0001t18,2014-11-07T00:32:41.447Z,"53 km SSW of Atka, Alaska",earthquake,,4.4,,7,reviewed,us,us
1983-02-14T01:29:51.900Z,1.644,126.356,50.9,5,mb,,,,1,us,usp0001t14,2025-12-19T21:33:18.416Z,"148 km NW of Ternate, Indonesia",earthquake,,5.4,,15,reviewed,us,us
1983-02-14T01:26:24.380Z,37.517,20.395,10,4,mb,,,,1.1,us,usp0001t13,2014-11-07T00:32:41.254Z,"44 km WSW of Lithakiá, Greece",earthquake,,,,1,reviewed,us,us
1983-02-14T00:23:19.420Z,10.504,140.924,39,6.2,mw,,,,1.2,us,usp0001t12,2025-12-19T21:33:17.706Z,"92 km NNE of Fais, Micronesia",earthquake,,,,,reviewed,us,nc
1983-02-13T23:31:34.210Z,41.2911667,-125.153,18.399,3.23,md,15,270,0.8631,0.08,nc,nc1087809,2016-12-10T21:02:08.592Z,"86 km W of Big Lagoon, California",earthquake,2.16,3.64,0.19,11,reviewed,nc,nc
1983-02-13T22:53:19.010Z,39.97,75.416,33,4.3,mb,,,,1.7,us,usp0001t11,2014-11-07T00:32:41.195Z,"74 km NW of Kashgar, China",earthquake,,,,8,reviewed,us,us
1983-02-13T18:32:00.380Z,5.552,126.541,55.4,4.8,mb,,,,1.1,us,usp0001t0y,2014-11-07T00:32:41.185Z,"98 km SSE of Pondaguitan, Philippines",earthquake,,14.1,,10,reviewed,us,us
1983-02-13T16:10:24.480Z,38.7941667,-122.7738333,-0.8,2.82,md,25,40,0.04775,0.16,nc,nc1087797,2016-12-10T21:01:22.571Z,"5 km SW of Cobb, California",earthquake,0.24,0.98,0.09,16,reviewed,nc,nc
1983-02-13T16:03:54.410Z,39.949,75.078,33,4.2,mb,,,,1.5,us,usp0001t0x,2014-11-07T00:32:41.182Z,"94 km NW of Kashgar, China",earthquake,,,,4,reviewed,us,us
1983-02-13T15:30:45.790Z,5.603,126.535,47.1,4.3,mb,,,,1.2,us,usp0001t0w,2014-11-07T00:32:41.169Z,"92 km SSE of Pondaguitan, Philippines",earthquake,,9.6,,4,reviewed,us,us
1983-02-13T15:10:13.320Z,11.474,126.209,44,5.1,mb,,,,1.2,us,usp0001t0v,2026-01-07T19:42:18.695Z,"66 km ENE of Hernani, Philippines",earthquake,,,,20,reviewed,us,us
1983-02-13T14:55:42.670Z,3.638,128.48,33,4.1,mb,,,,0.4,us,usp0001t0u,2014-11-07T00:32:41.154Z,"217 km NNE of Tobelo, Indonesia",earthquake,,,,1,reviewed,us,us
1983-02-13T14:39:25.830Z,5.534,126.534,64.9,4.7,mb,,,,0.9,us,usp0001t0t,2014-11-07T00:32:41.150Z,"99 km SSE of Pondaguitan, Philippines",earthquake,,7.5,,10,reviewed,us,us
1983-02-13T14:23:03.190Z,5.546,126.46,51.9,5.1,ms,,,,1.1,us,usp0001t0s,2026-01-07T19:42:17.889Z,"95 km SSE of Pondaguitan, Philippines",earthquake,,6.2,,2,reviewed,us,us
1983-02-13T14:01:36.340Z,-4.965,-80.327,33,4.4,mb,,,,0.5,us,usp0001t0r,2014-11-07T00:32:41.110Z,"4 km SSE of Tambo Grande, Peru",earthquake,,,,4,reviewed,us,us
1983-02-13T13:44:44.090Z,42.232,-105.729,5,4,ml,,,,0.8,us,usp0001t0q,2014-11-07T00:32:41.105Z,"36 km WSW of Esterbrook, Wyoming",earthquake,,,,,reviewed,us,us
1983-02-13T11:52:37.770Z,15.342,-44.987,10,4.6,mb,,,,1.6,us,usp0001t0n,2014-11-07T00:32:41.071Z,"northern Mid-Atlantic Ridge",earthquake,,,,2,reviewed,us,us
1983-02-13T11:20:57.740Z,-38.161,177.31,67,4.9,mb,,,,1.2,us,usp0001t0m,2014-11-07T00:32:41.053Z,"16 km S of Opotiki, New Zealand",earthquake,,4.9,,4,reviewed,us,us
1983-02-13T10:10:52.900Z,-3.626,177.815,33,4.6,mb,,,,1,us,usp0001t0k,2014-11-07T00:32:41.049Z,"279 km N of Kulia Village, Tuvalu",earthquake,,,,6,reviewed,us,us
1983-02-13T08:57:09.540Z,37.6315,-118.9313333,3.223,2.54,md,11,88,0.02342,0.05,nc,nc1087785,2016-12-10T21:00:38.444Z,"4 km ESE of Mammoth Lakes, California",earthquake,0.47,0.68,0.06,6,reviewed,nc,nc
1983-02-13T07:23:09.260Z,40.018,75.117,15.6,4.9,mb,,,,1.3,us,usp0001t0j,2026-01-07T19:42:16.862Z,"96 km NW of Kashgar, China",earthquake,,10.4,,14,reviewed,us,us
1983-02-13T06:35:30.000Z,13.837,144.935,105,5.7,mb,,,,1.2,us,usp0001t0h,2022-04-28T00:12:33.968Z,"33 km N of Yigo Village, Guam",earthquake,,,,61,reviewed,us,us
1983-02-13T06:23:48.690Z,38.011,20.1,12,4.2,mb,,,,1,us,usp0001t0g,2014-11-07T00:32:40.987Z,"36 km SW of Lixoúri, Greece",earthquake,,3.7,,5,reviewed,us,us
1983-02-13T06:21:49.530Z,39.905,77.963,33,4.9,mb,,,,0.3,us,usp0001t0f,2026-01-07T19:42:16.019Z,"176 km ENE of Kashgar, China",earthquake,,,,2,reviewed,us,us
1983-02-13T05:33:53.320Z,40.106,75.229,33,4.4,mb,,,,1.7,us,usp0001t0e,2014-11-07T00:32:40.982Z,"96 km NW of Kashgar, China",earthquake,,,,5,reviewed,us,us
1983-02-13T05:23:07.980Z,38.8121667,-122.7961667,-0.24,2.65,md,18,69,0.004505,0.08,nc,nc1087777,2016-12-10T21:00:05.254Z,"6 km W of Cobb, California",earthquake,0.23,0.38,0.18,10,reviewed,nc,nc
1983-02-13T04:56:09.640Z,40.02,75.174,33,4.4,mb,,,,1.8,us,usp0001t0d,2014-11-07T00:32:40.979Z,"92 km NW of Kashgar, China",earthquake,,,,6,reviewed,us,us
1983-02-13T04:18:52.230Z,39.933,75.222,33,4.4,mb,,,,1.1,us,usp0001t0c,2014-11-07T00:32:40.974Z,"83 km NW of Kashgar, China",earthquake,,,,10,reviewed,us,us
1983-02-13T04:09:25.120Z,-3.954,101.231,33,4.7,mb,,,,1.5,us,usp0001t0b,2014-11-07T00:32:40.972Z,"116 km W of Bengkulu, Indonesia",earthquake,,,,2,reviewed,us,us
1983-02-13T03:20:21.500Z,37.3561667,-121.7225,5.547,2.77,md,82,31,0.02793,0.07,nc,nc1087773,2016-12-10T20:59:49.710Z,"8 km ESE of East Foothills, California",earthquake,0.11,0.28,0.12,65,reviewed,nc,nc
1983-02-13T02:39:03.150Z,39.915,75.524,33,4.6,mb,,,,0.9,us,usp0001t0a,2014-11-07T00:32:40.968Z,"63 km NW of Kashgar, China",earthquake,,,,7,reviewed,us,us
1983-02-13T02:06:02.720Z,39.964,75.432,33,4.2,mb,,,,1.6,us,usp0001t09,2014-11-07T00:32:40.966Z,"72 km NW of Kashgar, China",earthquake,,,,6,reviewed,us,us
1983-02-13T02:00:44.880Z,-29.344,-178.335,353.8,4.2,mb,,,,1.3,us,usp0001t08,2014-11-07T00:32:40.964Z,"Kermadec Islands, New Zealand",earthquake,,13.7,,2,reviewed,us,us
1983-02-13T01:52:51.670Z,39.903,75.323,33,5.2,mb,,,,1.1,us,usp0001t07,2022-04-28T00:12:32.165Z,"74 km NW of Kashgar, China",earthquake,,,,26,reviewed,us,us
1983-02-13T01:40:10.980Z,39.945,75.135,16.1,6.2,ms,,,,1.3,us,usp0001t06,2025-12-19T21:33:16.805Z,"90 km NW of Kashgar, China",earthquake,,3.8,,12,reviewed,us,us
1983-02-12T22:58:23.020Z,23.707,105.966,21.4,4.4,mb,,,,0.9,us,usp0001t04,2026-01-07T19:42:15.193Z,"69 km WSW of Baise City, China",earthquake,,4.4,,5,reviewed,us,us
1983-02-12T22:08:28.920Z,-17.393,-174.525,125,4.7,mb,,,,0.9,us,usp0001t03,2014-11-07T00:32:40.896Z,"150 km NNW of Neiafu, Tonga",earthquake,,,,5,reviewed,us,us
1983-02-12T21:35:46.570Z,25.146,128.065,33,4.5,mb,,,,0.9,us,usp0001t02,2014-11-07T00:32:40.891Z,"115 km SSE of Itoman, Japan",earthquake,,,,5,reviewed,us,us
1983-02-12T21:12:09.520Z,2.072,125.31,172.5,4,mb,,,,0.5,us,usp0001t01,2014-11-07T00:32:40.888Z,"74 km NNE of Laikit, Laikit II (Dimembe), Indonesia",earthquake,,2.8,,1,reviewed,us,us
1983-02-12T20:47:33.200Z,5.585,126.376,33,4.4,mb,,,,1.3,us,usp0001t00,2014-11-07T00:32:40.885Z,"88 km SSE of Pondaguitan, Philippines",earthquake,,,,8,reviewed,us,us
1983-02-12T20:32:45.350Z,-2.667,128.079,33,4.2,mb,,,,1.4,us,usp0001szz,2014-11-07T00:32:40.881Z,"114 km N of Ambon, Indonesia",earthquake,,,,3,reviewed,us,us
1983-02-12T19:39:50.240Z,37.6131667,-118.9056667,2.703,2.64,md,16,119,0.008108,0.04,nc,nc1087758,2016-12-10T20:58:51.841Z,"7 km SE of Mammoth Lakes, California",earthquake,0.3,0.47,0.16,9,reviewed,nc,nc
1983-02-12T19:27:42.500Z,36.755,27.507,33,4.4,mb,,,,1.4,us,usp0001szx,2014-11-07T00:32:40.870Z,"15 km W of Datça, Turkey",earthquake,,,,17,reviewed,us,us
1983-02-12T18:19:06.740Z,60.66,-59.366,10,4.4,mb,,,,1.2,us,usp0001szu,2014-11-07T00:32:40.859Z,"Davis Strait",earthquake,,,,4,reviewed,us,us
1983-02-12T17:00:26.560Z,-4.472,152.571,103.6,4.6,mb,,,,0.8,us,usp0001szt,2014-11-07T00:32:40.857Z,"36 km ESE of Kokopo, Papua New Guinea",earthquake,,3.6,,6,reviewed,us,us
1983-02-12T14:53:48.350Z,-22.743,179.724,566.9,5,mb,,,,1,us,usp0001szp,2014-11-07T00:32:40.846Z,"south of the Fiji Islands",earthquake,,7.7,,5,reviewed,us,us
1983-02-12T14:51:07.460Z,63.453,-151.391,33,3.2,ml,,,,0.7,us,usp0001szn,2014-11-07T00:32:40.844Z,"19 km ESE of Denali National Park, Alaska",earthquake,,,,,reviewed,us,pmr
1983-02-12T14:17:04.150Z,38.15,20.384,10,3.7,ml,,,,1.2,us,usp0001szm,2014-11-07T00:32:40.842Z,"7 km SW of Lixoúri, Greece",earthquake,,,,,reviewed,us,ath
1983-02-12T12:59:12.430Z,-12.531,119.941,33,4.4,mb,,,,1.2,us,usp0001szk,2014-11-07T00:32:40.839Z,"south of Sumba, Indonesia",earthquake,,,,7,reviewed,us,us
1983-02-12T12:30:53.700Z,-33.772,-72.19,33,3.5,mb,,,,1.3,us,usp0001szh,2014-11-07T00:32:40.825Z,"57 km WSW of San Antonio, Chile",earthquake,,,,1,reviewed,us,us
1983-02-12T11:50:59.420Z,-6.745,102.961,33,5.2,ms,,,,1.1,us,usp0001szg,2025-12-19T21:33:16.005Z,"293 km WSW of Bandar Lampung, Indonesia",earthquake,,,,4,reviewed,us,us
1983-02-12T11:28:09.930Z,5.619,126.437,56.8,5,mb,,,,1.1,us,usp0001szf,2025-12-19T21:33:15.287Z,"86 km SSE of Pondaguitan, Philippines",earthquake,,7.2,,17,reviewed,us,us
1983-02-12T11:14:32.010Z,-5.226,145.214,116.2,3.7,mb,,,,1,us,usp0001sze,2014-11-07T00:32:40.804Z,"63 km W of Madang, Papua New Guinea",earthquake,,23.4,,1,reviewed,us,us
1983-02-12T11:14:31.730Z,37.5276667,-118.6686667,8.012,2.86,md,14,152,0.1081,0.04,nc,nc1087744,2016-12-10T20:57:55.741Z,"California-Nevada border region",earthquake,0.33,1.07,0.37,7,reviewed,nc,nc
1983-02-12T10:33:23.210Z,-39.244,176.316,85.3,4.7,mb,,,,1.3,us,usp0001szd,2014-11-07T00:32:40.801Z,"52 km ESE of Turangi, New Zealand",earthquake,,8.4,,2,reviewed,us,us
1983-02-12T10:18:05.690Z,-7.894,117.548,270.3,4.2,mb,,,,0.9,us,usp0001szb,2014-11-07T00:32:40.796Z,"57 km N of Pototano, Indonesia",earthquake,,6.2,,1,reviewed,us,us
1983-02-12T09:51:42.120Z,37.6376667,-118.95,4.857,2.69,md,14,77,0.01441,0.05,nc,nc1087741,2016-12-10T20:57:44.878Z,"2 km ESE of Mammoth Lakes, California",earthquake,0.44,0.6,0.41,8,reviewed,nc,nc
1983-02-12T09:37:39.740Z,-54.32,-119.46,10,4.8,mb,,,,1.6,us,usp0001sza,2014-11-07T00:32:40.794Z,"southern East Pacific Rise",earthquake,,,,4,reviewed,us,us
1983-02-12T08:47:12.740Z,5.669,126.297,51,6.3,mw,,,,1.2,us,usp0001sz9,2025-12-19T20:59:13.686Z,"77 km ESE of Mangili, Philippines",earthquake,,,,,reviewed,us,nc
1983-02-12T08:24:36.430Z,40.0318333,-122.6906667,-0.795,2.56,md,14,86,0.1162,0.38,nc,nc1087738,2016-12-10T20:57:33.911Z,"20 km NW of Paskenta, California",earthquake,0.97,3.6,0.17,4,reviewed,nc,nc
1983-02-12T06:13:53.680Z,28.638,139.376,518.3,4.2,mb,,,,0.7,us,usp0001sz8,2014-11-07T00:32:40.751Z,"Bonin Islands, Japan region",earthquake,,54,,6,reviewed,us,us
1983-02-12T05:17:07.220Z,36.582,71.224,227.4,4.6,mb,,,,0.9,us,usp0001sz6,2014-11-07T00:32:40.747Z,"29 km WSW of Ashk?sham, Afghanistan",earthquake,,7.2,,10,reviewed,us,us
1983-02-12T04:39:14.880Z,36.965,68.501,33,4.3,mb,,,,1.5,us,usp0001sz5,2014-11-07T00:32:40.743Z,"37 km SW of Qar?wul, Afghanistan",earthquake,,,,10,reviewed,us,us
1983-02-12T04:04:08.420Z,34,-114,5.135,2.85,mc,0,346.1,0.4323,3.612,ci,ci1101553,2016-02-02T18:00:52.740Z,"31km ESE of Parker, AZ",earthquake,,,,7,reviewed,ci,ci
1983-02-12T04:02:41.400Z,39.6186667,-123.0726667,10.659,2.98,md,24,144,0.2793,0.16,nc,nc1087726,2016-12-10T20:56:49.832Z,"24 km SE of Covelo, California",earthquake,0.43,0.75,0.26,5,reviewed,nc,nc
1983-02-12T02:40:05.120Z,40.7778333,-124.3226667,24.449,2.96,md,14,218,0.1288,0.06,nc,nc1087722,2016-12-10T20:56:35.001Z,"10 km WNW of Fields Landing, California",earthquake,1.13,0.74,0.24,5,reviewed,nc,nc
1983-02-12T01:57:20.550Z,4.505,97.064,180.2,4.2,mb,,,,1.3,us,usp0001sz2,2014-11-07T00:32:40.719Z,"75 km S of Lhokseumawe, Indonesia",earthquake,,8.5,,5,reviewed,us,us
1983-02-12T01:21:28.730Z,37.5241667,-118.6686667,8.252,2.62,md,13,153,0.1117,0.04,nc,nc1087717,2016-12-10T20:56:20.351Z,"3 km NW of Swall Meadows, California",earthquake,0.34,1.47,0.4,15,reviewed,nc,nc
1983-02-12T01:07:39.360Z,37.6366667,-118.95,4.748,2.86,md,15,94,0.02072,0.06,nc,nc1087716,2016-12-10T20:56:16.571Z,"2 km SE of Mammoth Lakes, California",earthquake,0.38,0.48,0.11,9,reviewed,nc,nc
1983-02-12T00:24:52.000Z,36.11,-117.8565,2.61,2.83,mc,24,95,0.00784,0.24,ci,ci1101538,2016-04-02T10:18:55.447Z,"11km NE of Coso Junction, CA",earthquake,0.69,0.58,,29,reviewed,ci,ci
1983-02-11T23:47:08.710Z,3.418,95.603,33,4.2,mb,,,,0.9,us,usp0001sz0,2014-11-07T00:32:40.716Z,"99 km SW of Meulaboh, Indonesia",earthquake,,,,4,reviewed,us,us
1983-02-11T22:59:42.040Z,-15.675,168.148,172.5,4.3,mb,,,,1.2,us,usp0001syz,2014-11-07T00:32:40.714Z,"91 km ENE of Norsup, Vanuatu",earthquake,,11.3,,1,reviewed,us,us
1983-02-11T22:56:48.400Z,40.555,109.577,10,4.3,mb,,,,1.3,us,usp0001syy,2026-01-07T19:42:14.158Z,"37 km W of Baotou, China",earthquake,,,,2,reviewed,us,us
1983-02-11T20:06:07.500Z,35.032,-117.675,-0.861,2.6,mc,0,66.5,,0.166,ci,ci3301230,2016-02-03T03:21:16.670Z,"4km NNW of Boron, CA",quarry blast,,,,40,reviewed,ci,ci
1983-02-11T18:53:20.780Z,38.055,20.142,10,4.3,mb,,,,1.1,us,usp0001syx,2014-11-07T00:32:40.707Z,"30 km WSW of Lixoúri, Greece",earthquake,,,,3,reviewed,us,us
1983-02-11T18:28:19.390Z,40.6945,-124.7616667,58.727,4.06,md,8,300,0.382,0.37,nc,nc1087702,2016-12-10T20:55:28.843Z,"44 km WNW of Ferndale, California",earthquake,18.26,14.94,,1,reviewed,nc,nc
1983-02-11T17:40:58.500Z,-20.701,-177.879,487.9,5.1,mb,,,,1.2,us,usp0001syv,2014-11-07T00:32:40.696Z,"281 km W of Haveluloto, Tonga",earthquake,,16.3,,19,reviewed,us,us
1983-02-11T16:00:00.100Z,37.051,-116.045,0,4.1,ml,,,,,us,usp0001syu,2016-04-02T10:09:15.341Z,"63 km NNW of Indian Springs, Nevada",nuclear explosion,,,,,reviewed,doe,brk
1983-02-11T15:46:56.000Z,48.99,-68.3,18,3.6,mblg,,,,,us,usp0001syt,2014-11-07T00:32:40.528Z,"15 km SSE of Chute-aux-Outardes, Canada",earthquake,,,,,reviewed,ott,ott
1983-02-11T15:14:47.790Z,-5.314,102.298,33,4.6,mb,,,,1.4,us,usp0001sys,2014-11-07T00:32:40.441Z,"167 km S of Bengkulu, Indonesia",earthquake,,,,7,reviewed,us,us
1983-02-11T14:26:51.720Z,48.992,-128.772,10,4.3,mb,,,,1.1,us,usp0001syq,2014-11-07T00:32:40.317Z,"209 km SW of Vernon, Canada",earthquake,,,,6,reviewed,us,us
1983-02-11T12:56:55.140Z,37.5306667,-118.8155,5.068,3.07,md,10,290,0.1081,0.03,nc,nc1087693,2016-12-10T20:54:55.676Z,"9 km WSW of Aspen Springs, California",earthquake,3.01,1.38,0.25,38,reviewed,nc,nc
1983-02-11T12:29:04.070Z,31.241,70.091,33,4.5,mb,,,,1.3,us,usp0001sym,2014-11-07T00:32:40.214Z,"62 km E of Zhob, Pakistan",earthquake,,,,3,reviewed,us,us
1983-02-11T09:59:53.540Z,38.07,20.145,19.4,4.2,mb,,,,1.2,us,usp0001syh,2014-11-07T00:32:40.198Z,"29 km WSW of Lixoúri, Greece",earthquake,,4,,4,reviewed,us,us
1983-02-11T09:56:46.670Z,35.8071667,-117.7348333,6.303,2.5,mc,22,59,,0.13,ci,ci500725,2016-04-02T13:26:54.630Z,"19km NNE of Inyokern, CA",earthquake,0.37,1.13,,30,reviewed,ci,ci
1983-02-11T09:30:35.530Z,37.947,20.187,10,4.3,mb,,,,1.2,us,usp0001syf,2014-11-07T00:32:40.191Z,"35 km SW of Lixoúri, Greece",earthquake,,,,1,reviewed,us,us
1983-02-11T09:17:52.950Z,31.414,-115.6918333,5.925,2.72,mc,6,296,1.232,0.8,ci,ci1101494,2016-04-02T16:37:40.096Z,"90km ESE of Maneadero, B.C., MX",earthquake,6.48,31.61,,5,reviewed,ci,ci
1983-02-11T07:38:17.190Z,37.5275,-118.8688333,5.252,2.78,md,11,156,0.09279,0.04,nc,nc1087672,2016-12-10T20:53:35.896Z,"14 km WSW of Aspen Springs, California",earthquake,0.55,1.59,0.3,18,reviewed,nc,nc
1983-02-11T05:42:57.460Z,-56.113,-26.712,33,5.3,mb,,,,0.7,us,usp0001sye,2014-11-07T00:32:40.184Z,"South Sandwich Islands region",earthquake,,,,7,reviewed,us,us
1983-02-11T05:10:17.740Z,-5.867,150.805,33,4.3,mb,,,,0.5,us,usp0001syd,2014-11-07T00:32:40.170Z,"81 km ESE of Kimbe, Papua New Guinea",earthquake,,,,1,reviewed,us,us
1983-02-11T04:34:18.640Z,-5.714,133.735,33,5.4,mb,,,,0.9,us,usp0001syc,2025-12-19T21:33:14.520Z,"109 km E of Tual, Indonesia",earthquake,,,,27,reviewed,us,us
1983-02-11T03:21:06.200Z,24.043,121.806,31.5,3.8,mb,,,,1.1,us,usp0001syb,2014-11-07T00:32:40.131Z,"21 km ENE of Hualien City, Taiwan",earthquake,,4.6,,1,reviewed,us,us
1983-02-11T01:33:03.430Z,49.872,153.885,193,4.8,mb,,,,0.9,us,usp0001sya,2014-11-07T00:32:40.074Z,"183 km WSW of Severo-Kuril’sk, Russia",earthquake,,,,36,reviewed,us,us
1983-02-11T00:39:37.940Z,19.347,-155.0571667,6.689,2.55,ml,38,99,,0.1,hv,hv19831132,2020-03-31T18:15:30.900Z,"15 km SSE of Fern Forest, Hawaii",earthquake,0.51,0.79,0.13,2,reviewed,hv,hv
1983-02-10T22:30:32.950Z,46.214,13.334,10,4.2,mb,,,,1,us,usp0001sy9,2014-11-07T00:32:40.053Z,"3 km NNE of Attimis, Italy",earthquake,,,,2,reviewed,us,us
1983-02-10T22:19:45.480Z,-7.746,156.145,102.7,5,mb,,,,1.1,us,usp0001sy8,2014-11-07T00:32:40.049Z,"86 km WNW of Gizo, Solomon Islands",earthquake,,8.1,,2,reviewed,us,us
1983-02-10T20:04:51.120Z,35.042,-117.677,-0.861,2.51,mc,0,67.7,,0.143,ci,ci1101026,2016-02-02T21:58:43.330Z,"5km NNW of Boron, CA",quarry blast,,,,35,reviewed,ci,ci
1983-02-10T20:00:59.300Z,19.61,120.552,33,4.6,mb,,,,0.8,us,usp0001sy6,2026-01-07T19:42:13.220Z,"118 km NNW of Pagudpud, Philippines",earthquake,,,,11,reviewed,us,us
1983-02-10T18:42:36.990Z,37.5248333,-118.8768333,3.036,2.51,md,12,159,0.07748,0.03,nc,nc1087645,2016-12-10T20:51:47.078Z,"14 km WSW of Aspen Springs, California",earthquake,0.38,0.85,0.12,7,reviewed,nc,nc
1983-02-10T16:09:25.260Z,38.358,22.272,10,3.8,mb,,,,1.1,us,usp0001sy5,2014-11-07T00:32:40.014Z,"9 km WSW of Galaxídhion, Greece",earthquake,,,,1,reviewed,us,us
1983-02-10T14:29:37.000Z,-9.699,-74.426,136.5,4.9,mb,,,,0.8,us,usp0001sy4,2014-11-07T00:32:40.010Z,"60 km E of Yuyapichis, Peru",earthquake,,14.6,,2,reviewed,us,us
1983-02-10T13:55:38.690Z,-43.197,-76.859,33,4.8,mb,,,,0.9,us,usp0001sy3,2014-11-07T00:32:39.984Z,"259 km WSW of Chonchi, Chile",earthquake,,,,4,reviewed,us,us
1983-02-10T12:54:32.530Z,19.7983333,-155.7068333,16.818,2.93,ml,39,244,,0.11,hv,hv19831130,2020-03-31T18:15:30.600Z,"17 km SSE of Waikoloa, Hawaii",earthquake,1.97,5.23,0.21,2,reviewed,hv,hv
1983-02-10T12:24:16.990Z,35.282,22.919,50.2,4.6,mb,,,,1,us,usp0001sy2,2014-11-07T00:32:39.962Z,"69 km W of Palaióchora, Greece",earthquake,,4,,29,reviewed,us,us
1983-02-10T11:35:42.000Z,37.6326667,-118.8923333,5.378,2.53,md,12,74,0.02432,0.05,nc,nc1087633,2016-12-10T20:50:59.852Z,"7 km ESE of Mammoth Lakes, California",earthquake,0.33,0.67,0.19,8,reviewed,nc,nc
1983-02-10T07:37:42.170Z,19.0011667,-155.4716667,39.947,2.5,ml,36,279,,0.07,hv,hv19831124,2020-03-31T18:15:29.690Z,"13 km ESE of Naalehu, Hawaii",earthquake,2.8,2.06,,1,reviewed,hv,hv
1983-02-10T06:25:52.530Z,-7.638,156.162,99.9,4.9,mb,,,,0.8,us,usp0001sy1,2014-11-07T00:32:39.954Z,"90 km NW of Gizo, Solomon Islands",earthquake,,11.5,,5,reviewed,us,us
1983-02-10T03:28:05.270Z,19.3756667,-155.4056667,9.344,2.78,ml,38,41,,0.14,hv,hv19831123,2020-03-31T18:15:29.530Z,"19 km WSW of Volcano, Hawaii",earthquake,0.43,0.54,0.12,2,reviewed,hv,hv
1983-02-10T01:50:24.110Z,-22.704,171.166,33,4.5,ms,,,,1.2,us,usp0001sy0,2014-11-07T00:32:39.942Z,"southeast of the Loyalty Islands",earthquake,,,,1,reviewed,us,us
1983-02-09T22:02:47.850Z,51.041,15.524,10,3.2,ml,,,,0.8,us,usp0001sxx,2014-11-07T00:32:39.930Z,"3 km NNE of Lubomierz, Poland",earthquake,,,,,reviewed,us,grf
1983-02-09T21:44:16.000Z,34.0681667,-118.9061667,11.463,2.57,mc,6,161,0.03939,0.24,ci,ci47928,2016-04-02T07:03:03.844Z,"11km NW of Malibu, CA",earthquake,1.27,1.4,,12,reviewed,ci,ci
1983-02-09T21:05:35.470Z,8.05,-82.698,25,5,mb,,,,1,us,usp0001sxw,2022-04-28T00:12:22.806Z,"18 km E of Punta de Burica, Panama",earthquake,,,,25,reviewed,us,us
1983-02-09T21:04:39.910Z,51.066,15.67,10,3.3,ml,,,,0.5,us,usp0001sxv,2014-11-07T00:32:39.898Z,"5 km N of Wle?, Poland",earthquake,,,,,reviewed,us,grf
1983-02-09T20:07:37.890Z,33.9711667,-117.2228333,10.051,2.51,mc,21,66,,0.26,ci,ci47278,2016-04-02T16:40:52.058Z,"5km N of Moreno Valley, CA",earthquake,0.54,1.42,,33,reviewed,ci,ci
1983-02-09T20:06:07.100Z,35.03,-117.68,-0.957,2.8,mc,0,0,0.3613,0.176,ci,ci47849,2016-02-03T00:36:52.890Z,"4km NW of Boron, CA",quarry blast,,,,45,reviewed,ci,ci
1983-02-09T20:05:45.640Z,35.03,-117.68,-0.793,2.59,mc,0,0,0.3613,0.175,ci,ci47850,2016-02-03T01:59:42.940Z,"4km NW of Boron, CA",quarry blast,,,,29,reviewed,ci,ci
1983-02-09T15:47:27.670Z,37.639,-118.9536667,5.652,2.65,md,10,177,0.02252,0.04,nc,nc1087605,2016-12-10T20:49:17.756Z,"1 km ESE of Mammoth Lakes, California",earthquake,0.69,0.91,0.34,6,reviewed,nc,nc
1983-02-09T14:42:44.810Z,40.3243333,-124.565,21.283,2.66,md,16,240,0.2189,0.06,nc,nc1087601,2016-12-10T20:49:03.265Z,"37 km SW of Ferndale, California",earthquake,1.16,0.5,0.15,4,reviewed,nc,nc
1983-02-09T14:01:58.960Z,19.367,145.362,164.2,4.8,mb,,,,0.6,us,usp0001sxu,2014-11-07T00:32:39.891Z,"Maug Islands region, Northern Mariana Islands",earthquake,,4.5,,8,reviewed,us,us
1983-02-09T13:31:34.250Z,19.578,120.453,33,4.8,mb,,,,1,us,usp0001sxt,2026-01-07T19:42:12.396Z,"117 km NNW of Pagudpud, Philippines",earthquake,,,,13,reviewed,us,us
1983-02-09T13:26:10.310Z,19.541,120.438,33,4.3,mb,,,,1.3,us,usp0001sxs,2014-11-07T00:32:39.880Z,"114 km NNW of Pagudpud, Philippines",earthquake,,,,2,reviewed,us,us
1983-02-09T12:24:44.420Z,24.901,122.414,21.9,4.4,mb,,,,0.9,us,usp0001sxr,2014-11-07T00:32:39.876Z,"61 km ESE of Jiufen, Taiwan",earthquake,,6.3,,1,reviewed,us,us
1983-02-09T11:32:16.410Z,40.551,109.319,10,4.5,ml,,,,0.7,us,usp0001sxq,2026-01-07T19:42:11.485Z,"59 km W of Baotou, China",earthquake,,,,,reviewed,us,bji
1983-02-09T08:59:12.300Z,51.733,160.022,33,4.8,mb,,,,0.6,us,usp0001sxp,2014-11-07T00:32:39.867Z,"172 km SE of Vilyuchinsk, Russia",earthquake,,,,7,reviewed,us,us
1983-02-09T08:08:51.270Z,65.999,-156.637,33,3.4,ml,,,,0.9,us,usp0001sxm,2014-11-07T00:32:39.860Z,"35 km NNW of Huslia, Alaska",earthquake,,,,,reviewed,us,pmr
1983-02-09T07:45:21.580Z,35.4003333,-118.3301667,5.374,2.61,ml,30,61,,0.19,ci,ci47243,2016-04-02T16:40:50.782Z,"26km SE of Bodfish, CA",earthquake,0.47,4.23,0.059,3,reviewed,ci,ci
1983-02-09T07:02:32.610Z,-7.574,156.04,43.2,5.7,ms,,,,1.1,us,usp0001sxk,2025-12-19T21:33:13.746Z,"106 km WNW of Gizo, Solomon Islands",earthquake,,2.6,,10,reviewed,us,us
1983-02-09T05:54:00.910Z,19.587,120.496,33,5.4,ms,,,,1,us,usp0001sxh,2025-12-19T21:33:12.825Z,"117 km NNW of Pagudpud, Philippines",earthquake,,,,6,reviewed,us,us
1983-02-09T05:43:36.000Z,19.611,120.501,33,5.3,mb,,,,0.9,us,usp0001sxg,2025-12-19T21:33:12.146Z,"Babuyan Islands region, Philippines",earthquake,,,,29,reviewed,us,us
1983-02-09T04:21:21.700Z,7.27,-75.539,33,4.4,mb,,,,0.8,us,usp0001sxf,2014-11-07T00:32:39.751Z,"16 km W of Valdivia, Colombia",earthquake,,,,1,reviewed,us,us
1983-02-09T03:05:39.240Z,19.646,120.523,33,4.9,mb,,,,1.1,us,usp0001sxe,2026-01-07T19:42:10.504Z,"123 km NNW of Pagudpud, Philippines",earthquake,,,,11,reviewed,us,us
1983-02-09T01:17:26.740Z,19.534,120.304,33,4.7,mb,,,,1.5,us,usp0001sxd,2014-11-07T00:32:39.715Z,"119 km NNW of Pagudpud, Philippines",earthquake,,,,4,reviewed,us,us
1983-02-09T00:47:34.470Z,12.374,-73.259,33,4.6,mb,,,,1.2,us,usp0001sxc,2014-11-07T00:32:39.712Z,"99 km NNW of Riohacha, Colombia",earthquake,,,,1,reviewed,us,us
1983-02-09T00:14:54.260Z,45.056,16.591,10,3.3,ml,,,,1.3,us,usp0001sxb,2014-11-07T00:32:39.702Z,"Croatia region",earthquake,,,,,reviewed,us,tri
1983-02-08T23:42:30.240Z,19.598,120.651,33,4.3,mb,,,,1.2,us,usp0001sxa,2014-11-07T00:32:39.699Z,"115 km N of Pagudpud, Philippines",earthquake,,,,2,reviewed,us,us
1983-02-08T23:36:15.800Z,35.7423333,-117.7781667,8.83,2.83,ml,24,51,0.05472,0.12,ci,ci47196,2016-04-02T10:20:42.555Z,"11km NNE of Inyokern, CA",earthquake,0.39,1.19,0.07,7,reviewed,ci,ci
1983-02-08T23:27:40.870Z,19.473,120.197,24,5.01,mw,,,,,iscgemsup,iscgemsup582495,2026-01-07T19:42:09.679Z,"117 km NNW of Davila, Philippines",earthquake,,7.2,0.23,,reviewed,iscgemsup,iscgemsup
1983-02-08T22:54:49.300Z,19.4176667,-155.6281667,-2.248,2.59,ml,29,96,,0.16,hv,hv19831114,2020-03-31T18:15:28.200Z,"25 km E of Honaunau-Napoopoo, Hawaii",earthquake,0.59,1.7,0.09,1,reviewed,hv,hv
1983-02-08T21:52:03.480Z,29.736,138.982,439.9,4.1,mb,,,,0.3,us,usp0001sx9,2014-11-07T00:32:39.695Z,"Izu Islands, Japan region",earthquake,,3.4,,8,reviewed,us,us
1983-02-08T21:31:13.170Z,49.834,18.439,11.1,4,ml,,,,0.6,us,usp0001sx8,2014-11-07T00:32:39.688Z,"1 km SSE of Orlová, Czechia",earthquake,,2.3,,,reviewed,us,grf
1983-02-08T21:30:51.110Z,-20.507,-177.72,536.6,5.1,mb,,,,0.9,us,usp0001sx7,2014-11-07T00:32:39.665Z,"270 km WNW of Haveluloto, Tonga",earthquake,,2.7,,17,reviewed,us,us
1983-02-08T19:59:22.210Z,35.811,22.463,90.6,4.6,mb,,,,1.2,us,usp0001sx6,2014-11-07T00:32:39.655Z,"60 km SW of Kýthira, Greece",earthquake,,5.8,,9,reviewed,us,us
1983-02-08T18:38:15.260Z,-26.278,-60.175,33,5,mb,,,,1.2,us,usp0001sx5,2020-08-26T22:26:38.749Z,"26 km ENE of Tres Isletas, Argentina",earthquake,,,,2,reviewed,us,us
1983-02-08T16:46:53.570Z,-23.215,-179.237,480.3,4.8,mb,,,,1.2,us,usp0001sx2,2014-11-07T00:32:39.625Z,"south of the Fiji Islands",earthquake,,8.1,,2,reviewed,us,us
1983-02-08T16:17:50.100Z,-1.672,96.49,33,5.3,mb,,,,0.9,us,usp0001sx0,2026-01-07T19:42:08.855Z,"288 km SSW of Teluk Dalam, Indonesia",earthquake,,,,28,reviewed,us,us
1983-02-08T14:46:56.290Z,5.564,91.862,33,3.9,mb,,,,0.7,us,usp0001swz,2014-11-07T00:32:39.588Z,"off the west coast of northern Sumatra",earthquake,,,,3,reviewed,us,us
1983-02-08T14:06:18.790Z,45.975,143.97,245.6,5.1,mb,,,,0.8,us,usp0001swy,2014-11-07T00:32:39.560Z,"117 km SE of Korsakov, Russia",earthquake,,5.7,,64,reviewed,us,us
1983-02-08T11:12:51.930Z,51.305,15.635,10,3.8,ml,,,,1.4,us,usp0001swx,2014-11-07T00:32:39.540Z,"6 km NE of Boles?awiec, Poland",earthquake,,,,,reviewed,us,grf
1983-02-08T10:54:54.970Z,43.304,-111.19,7,4.4,mb,,,,,us,usp0001sww,2014-11-07T00:32:39.532Z,"14 km SE of Irwin, Idaho",earthquake,,,,1,reviewed,slc,us
1983-02-08T10:19:50.470Z,-6.324,147.615,53.4,5.1,mb,,,,1.1,us,usp0001swv,2026-01-07T19:42:07.896Z,"36 km NW of Finschhafen, Papua New Guinea",earthquake,,3.8,,10,reviewed,us,us
1983-02-08T09:54:21.120Z,37.3456667,-113.9608333,-1.251,3.5,mh,9,322,,1.57,ci,ci47049,2016-02-02T22:47:49.270Z,"57km ESE of Caliente, NV",earthquake,99,31.61,0.25,9,reviewed,ci,ci
1983-02-08T09:40:28.400Z,52.071,158.992,33,4.8,mb,,,,0.9,us,usp0001swu,2014-11-07T00:32:39.427Z,"103 km SSE of Vilyuchinsk, Russia",earthquake,,,,7,reviewed,us,us
1983-02-08T09:24:59.510Z,-6.48,147.494,68.9,4.4,mb,,,,0.4,us,usp0001swt,2014-11-07T00:32:39.339Z,"39 km WNW of Finschhafen, Papua New Guinea",earthquake,,2.4,,2,reviewed,us,us
1983-02-08T09:24:07.410Z,51.832,159.581,33,4.9,mb,,,,1,us,usp0001sws,2014-11-07T00:32:39.242Z,"146 km SSE of Vilyuchinsk, Russia",earthquake,,,,19,reviewed,us,us
1983-02-08T08:08:14.820Z,37.151,-5.272,10,4,ml,,,,1.6,us,usp0001swr,2014-11-07T00:32:39.142Z,"8 km SSE of La Puebla de Cazalla, Spain",earthquake,,,,,reviewed,us,sfs
1983-02-08T07:36:11.080Z,52.002,159.334,33,4.8,mb,,,,0.5,us,usp0001swq,2014-11-07T00:32:39.125Z,"121 km SSE of Vilyuchinsk, Russia",earthquake,,,,6,reviewed,us,us
1983-02-08T06:58:43.250Z,51.754,159.618,33,5.7,ms,,,,1.2,us,usp0001swp,2025-12-19T21:33:11.443Z,"154 km SSE of Vilyuchinsk, Russia",earthquake,,,,8,reviewed,us,us
1983-02-08T06:47:11.420Z,-31.91,57.319,10,5.4,mb,,,,0.9,us,usp0001swn,2014-11-07T00:32:39.048Z,"Southwest Indian Ridge",earthquake,,,,13,reviewed,us,us
1983-02-08T06:20:58.530Z,51.752,159.687,33,5,mb,,,,0.9,us,usp0001swm,2014-11-07T00:32:39.041Z,"157 km SSE of Vilyuchinsk, Russia",earthquake,,,,10,reviewed,us,us
1983-02-08T05:23:14.570Z,19.3591667,-155.24,26.885,2.64,ml,45,57,,0.11,hv,hv19831109,2020-03-31T18:15:27.380Z,"9 km S of Volcano, Hawaii",earthquake,0.61,0.84,0.12,2,reviewed,hv,hv
1983-02-08T05:09:34.250Z,51.807,159.628,33,5,mb,,,,1.1,us,usp0001swk,2025-12-19T21:33:10.759Z,"150 km SSE of Vilyuchinsk, Russia",earthquake,,,,27,reviewed,us,us
1983-02-08T02:02:45.470Z,19.3535,-155.2383333,27.085,4.26,ml,46,59,,0.1,hv,hv19831103,2020-03-31T18:17:47.570Z,"9 km S of Volcano, Hawaii",earthquake,0.55,0.89,0.16,3,reviewed,hv,hv
1983-02-08T00:51:20.500Z,26.401,126.107,145.3,4.5,mb,,,,0.8,us,usp0001swf,2014-11-07T00:32:38.970Z,"158 km W of Naha, Japan",earthquake,,6.9,,10,reviewed,us,us
1983-02-08T00:18:12.000Z,34.75,-116.42,-1.056,2.59,mc,0,0,,0.189,ci,ci47012,2016-02-02T20:39:42.340Z,"24km W of Ludlow, CA",quarry blast,,,,34,reviewed,ci,ci
1983-02-08T00:04:29.950Z,-5.335,129.203,192.4,4.7,mb,,,,1.1,us,usp0001swd,2014-11-07T00:32:38.962Z,"213 km SSE of Ambon, Indonesia",earthquake,,8.1,,4,reviewed,us,us
1983-02-07T23:12:52.050Z,0.727,123.805,272,4.2,mb,,,,1.4,us,usp0001swc,2014-11-07T00:32:38.959Z,"85 km ENE of Gorontalo, Indonesia",earthquake,,10.4,,5,reviewed,us,us
1983-02-07T21:26:07.960Z,33.645,136.01,407.8,4.8,mb,,,,0.8,us,usp0001swb,2014-11-07T00:32:38.941Z,"10 km SSE of Shing?, Japan",earthquake,,1.7,,39,reviewed,us,us
1983-02-07T20:10:59.580Z,35.03,-117.68,-0.861,2.7,mc,0,0,,0.219,ci,ci47069,2016-02-03T00:36:50.950Z,"4km NW of Boron, CA",quarry blast,,,,47,reviewed,ci,ci
1983-02-07T20:09:28.300Z,35.03,-117.68,-0.861,2.52,mc,0,0,,0.293,ci,ci47068,2016-02-02T20:39:42.850Z,"4km NW of Boron, CA",quarry blast,,,,42,reviewed,ci,ci
1983-02-07T19:52:55.870Z,51.716,159.585,33,5,mb,,,,0.8,us,usp0001swa,2026-01-07T19:42:07.007Z,"157 km SSE of Vilyuchinsk, Russia",earthquake,,,,14,reviewed,us,us
1983-02-07T18:23:16.640Z,-29.707,-177.837,52,6,mb,,,,1,us,usp0001sw9,2025-12-19T21:33:09.966Z,"Kermadec Islands, New Zealand",earthquake,,,,41,reviewed,us,us
1983-02-07T17:55:54.000Z,-28.915,-178.776,292.8,5,mb,,,,1.1,us,usp0001sw8,2014-11-07T00:32:38.835Z,"Kermadec Islands region",earthquake,,4.4,,17,reviewed,us,us
1983-02-07T17:54:57.360Z,19.3213333,-155.1405,6.872,2.99,ml,40,81,,0.11,hv,hv19831101,2020-03-31T18:17:47.260Z,"15 km S of Fern Forest, Hawaii",earthquake,0.46,0.67,0.05,1,reviewed,hv,hv
1983-02-07T16:56:33.790Z,-7.03,129.004,181.9,4.8,mb,,,,1.1,us,usp0001sw6,2014-11-07T00:32:38.826Z,"275 km NE of Lospalos, Timor Leste",earthquake,,5.8,,5,reviewed,us,us
1983-02-07T16:53:30.500Z,49.369,155.567,33,5.3,mb,,,,0.9,us,usp0001sw5,2026-01-07T19:42:06.272Z,"150 km SSW of Severo-Kuril’sk, Russia",earthquake,,,,45,reviewed,us,us
1983-02-07T15:06:27.550Z,26.838,57.562,33,5.7,ms,,,,0.9,us,usp0001sw4,2025-12-19T21:33:09.197Z,"57 km SE of M?n?b, Iran",earthquake,,,,14,reviewed,us,us
1983-02-07T11:54:48.640Z,16.872,-98.365,50.7,5.5,mb,,,,0.8,us,usp0001sw3,2022-04-28T00:11:54.242Z,"6 km NE of San Cristóbal, Mexico",earthquake,,3.4,,44,reviewed,us,us
1983-02-07T11:17:19.160Z,36.8598333,-120.7373333,3.772,2.97,md,77,118,0.07207,0.12,nc,nc1087540,2016-12-10T20:45:15.940Z,"13 km SSW of South Dos Palos, California",earthquake,0.37,0.67,0.15,51,reviewed,nc,nc
1983-02-07T11:07:23.700Z,-26.689,-177.643,151.6,5.5,mb,,,,1.2,us,usp0001sw2,2025-12-19T21:33:08.375Z,"south of the Fiji Islands",earthquake,,3.8,,19,reviewed,us,us
1983-02-07T10:47:49.070Z,37.0906667,-122.2688333,13.598,2.65,md,59,195,0.09009,0.15,nc,nc1087539,2016-12-10T20:45:05.620Z,"11 km NW of Davenport, California",earthquake,0.47,0.45,0.16,49,reviewed,nc,nc
1983-02-07T10:03:45.330Z,-5.944,101.341,33,4.1,mb,,,,1,us,usp0001svz,2014-11-07T00:32:38.672Z,"258 km SSW of Bengkulu, Indonesia",earthquake,,,,1,reviewed,us,us
1983-02-07T09:34:21.960Z,37.5615,-118.8433333,7.506,2.69,md,14,155,0.03243,0.05,nc,nc1087536,2016-12-10T20:44:51.828Z,"11 km W of Aspen Springs, California",earthquake,0.5,0.75,0.25,7,reviewed,nc,nc
1983-02-07T08:35:18.370Z,32.612,-116.394,5.561,2.56,ml,17,180,,0.24,ci,ci46952,2016-04-02T19:41:12.119Z,"7km E of Campo, CA",earthquake,1.01,31.61,0.001,3,reviewed,ci,ci
1983-02-07T07:22:46.410Z,38.708,20.156,10,4.1,mb,,,,1.1,us,usp0001svy,2014-11-07T00:32:38.667Z,"49 km WSW of Lefkáda, Greece",earthquake,,,,2,reviewed,us,us
1983-02-07T05:38:36.810Z,37.6868333,-118.9581667,-0.476,2.99,md,12,159,0.02703,0.08,nc,nc1087530,2016-12-10T20:44:30.355Z,"4 km NNE of Mammoth Lakes, California",earthquake,0.57,0.87,0.33,8,reviewed,nc,nc
1983-02-07T05:27:44.890Z,24.844,121.989,22,4.9,mb,,,,1.4,us,usp0001svx,2026-01-07T19:42:05.420Z,"25 km ENE of Yilan, Taiwan",earthquake,,4.9,,1,reviewed,us,us
1983-02-07T04:25:53.130Z,38.675,20.048,10,4.1,mb,,,,0.9,us,usp0001svw,2014-11-07T00:32:38.654Z,"59 km SSW of Gáïos, Greece",earthquake,,,,2,reviewed,us,us
1983-02-07T04:21:12.550Z,19.2765,-155.5055,7.465,3.12,ml,44,51,,0.17,hv,hv19831092,2020-03-31T18:17:45.860Z,"8 km NNW of P?hala, Hawaii",earthquake,0.42,0.72,0.02,1,reviewed,hv,hv
1983-02-07T01:21:02.000Z,-10.317,161.118,82.9,5.3,mb,,,,0.9,us,usp0001svu,2022-04-28T00:11:51.934Z,"89 km W of Kirakira, Solomon Islands",earthquake,,3.6,,28,reviewed,us,us
1983-02-07T00:00:51.270Z,37.288,71.814,84.2,4.2,mb,,,,0.7,us,usp0001svt,2014-11-07T00:32:38.615Z,"32 km SE of Khorugh, Tajikistan",earthquake,,12.4,,5,reviewed,us,us
1983-02-06T23:35:34.990Z,35.806,23.204,51.2,4.7,mb,,,,1.3,us,usp0001svs,2014-11-07T00:32:38.607Z,"42 km SSE of Kýthira, Greece",earthquake,,7.5,,9,reviewed,us,us
1983-02-06T23:34:21.470Z,36.6745,-120.8675,4.873,2.5,md,44,89,0.06126,0.11,nc,nc1087514,2016-12-10T20:43:22.820Z,"37 km SSW of South Dos Palos, California",earthquake,0.28,0.94,0.15,39,reviewed,nc,nc
1983-02-06T21:26:52.340Z,-10.903,165.044,53.7,3.9,mb,,,,1.1,us,usp0001svr,2014-11-07T00:32:38.601Z,"84 km WSW of Lata, Solomon Islands",earthquake,,7.4,,1,reviewed,us,us
1983-02-06T20:25:16.590Z,44.571,-110.643,5,4.7,mb,,,,0.9,us,usp0001svp,2018-06-04T20:43:45.000Z,"37 km ESE of West Yellowstone, Montana",earthquake,,,,5,reviewed,us,us
1983-02-06T19:04:54.230Z,38.423,20.036,10,4.2,mb,,,,0.8,us,usp0001svn,2014-11-07T00:32:38.575Z,"42 km NW of Lixoúri, Greece",earthquake,,,,1,reviewed,us,us
1983-02-06T16:15:28.620Z,-3.58,177.807,33,5,mb,,,,0.9,us,usp0001svm,2014-11-07T00:32:38.563Z,"284 km N of Kulia Village, Tuvalu",earthquake,,,,11,reviewed,us,us
1983-02-06T14:37:29.780Z,-21.132,-69.281,94.8,5.3,mb,,,,1.3,us,usp0001svk,2014-11-07T00:32:38.555Z,"136 km SE of Iquique, Chile",earthquake,,8.6,,1,reviewed,us,us
1983-02-06T12:51:03.160Z,2.015,128.277,97.6,4.9,mb,,,,1,us,usp0001svg,2014-11-07T00:32:38.483Z,"43 km NE of Tobelo, Indonesia",earthquake,,16.9,,7,reviewed,us,us
1983-02-06T08:29:26.010Z,38.255,20.098,10,4.2,mb,,,,1.3,us,usp0001svf,2014-11-07T00:32:38.470Z,"30 km W of Lixoúri, Greece",earthquake,,,,2,reviewed,us,us
1983-02-06T07:11:56.880Z,-9.86,120.652,33,4.7,mb,,,,1.3,us,usp0001sve,2014-11-07T00:32:38.461Z,"48 km ESE of Waingapu, Indonesia",earthquake,,,,6,reviewed,us,us
1983-02-06T05:59:39.400Z,40.152,24.93,10,3.5,ml,,,,0.5,us,usp0001svd,2014-11-07T00:32:38.453Z,"32 km NNW of Mýrina, Greece",earthquake,,,,,reviewed,us,ath
1983-02-06T02:15:53.920Z,26.36,128.823,33,4.5,mb,,,,1.1,us,usp0001svb,2026-01-07T19:37:19.560Z,"88 km ESE of Nago, Japan",earthquake,,,,2,reviewed,us,us
1983-02-06T01:52:32.110Z,36.23,68.965,73,5.1,mb,,,,0.9,us,usp0001sva,2026-01-07T19:42:04.543Z,"23 km NW of Nahr?n, Afghanistan",earthquake,,7.2,,30,reviewed,us,us
1983-02-06T00:36:51.780Z,-24.922,-68.715,109.2,4.8,mb,,,,1.4,us,usp0001sv9,2014-11-07T00:32:38.408Z,"182 km NW of Antofagasta de la Sierra, Argentina",earthquake,,5.7,,4,reviewed,us,us
1983-02-06T00:05:40.950Z,37.54,114.956,33,4.4,ml,,,,1.2,us,usp0001sv8,2014-11-07T00:32:38.403Z,"42 km WNW of Nangong, China",earthquake,,,,,reviewed,us,bji
1983-02-05T23:51:45.800Z,-3.514,177.768,33,5.8,mb,,,,0.8,us,usp0001sv7,2025-12-19T21:33:07.451Z,"290 km N of Kulia Village, Tuvalu",earthquake,,,,31,reviewed,us,us
1983-02-05T23:41:03.610Z,16.063,-95.093,33,5.5,mb,,,,0.9,us,usp0001sv6,2025-12-19T21:33:06.502Z,"16 km SE of Salina Cruz, Mexico",earthquake,,,,11,reviewed,us,us
1983-02-05T22:53:29.460Z,17.443,73.57,33,4.2,mb,,,,0.2,us,usp0001sv5,2014-11-07T00:32:38.330Z,"11 km SSE of Chipl?n, India",earthquake,,,,4,reviewed,us,us
1983-02-05T20:46:59.840Z,19.4248333,-155.6251667,-0.838,2.5,ml,32,95,,0.13,hv,hv19831086,2020-03-31T18:17:44.920Z,"25 km E of Honaunau-Napoopoo, Hawaii",earthquake,0.44,0.94,0.17,2,reviewed,hv,hv
1983-02-05T19:46:23.840Z,41.261,142.802,57,4.8,mb,,,,0.9,us,usp0001sv3,2014-11-07T00:32:38.320Z,"124 km SSE of Shizunai-furukawach?, Japan",earthquake,,5.4,,3,reviewed,us,us
1983-02-05T19:13:43.380Z,-5.944,101.461,33,4.1,mb,,,,1.5,us,usp0001sv1,2014-11-07T00:32:38.312Z,"253 km SSW of Bengkulu, Indonesia",earthquake,,,,1,reviewed,us,us
1983-02-05T18:07:48.940Z,40.1311667,-121.0526667,4.771,2.5,md,22,154,0.3477,0.07,nc,nc1087440,2016-12-10T20:38:36.505Z,"4 km SSE of Canyondam, California",earthquake,0.32,0.78,0.28,17,reviewed,nc,nc
1983-02-05T18:01:32.530Z,36.665,-120.8738333,7.317,2.54,md,53,185,0.06486,0.07,nc,nc1087439,2016-12-10T20:38:31.400Z,"38 km SSW of South Dos Palos, California",earthquake,0.31,0.68,0.12,47,reviewed,nc,nc
1983-02-05T17:07:53.090Z,-3.5,177.704,33,5.2,mb,,,,0.7,us,usp0001sv0,2014-11-07T00:32:38.295Z,"291 km N of Kulia Village, Tuvalu",earthquake,,,,15,reviewed,us,us
1983-02-05T16:19:10.850Z,47.311,6.459,10,3,ml,,,,0.4,us,usp0001suz,2014-11-07T00:32:38.290Z,"8 km ESE of Baume-les-Dames, France",earthquake,,,,,reviewed,us,ldg
1983-02-05T16:07:11.810Z,37.515,-118.839,1.852,2.99,md,9,188,0.07658,0.02,nc,nc1087433,2016-12-10T20:37:58.321Z,"11 km WSW of Aspen Springs, California",earthquake,0.42,1.25,0.1,3,reviewed,nc,nc
1983-02-05T15:47:19.130Z,-6.512,154.887,44.5,5,mb,,,,0.8,us,usp0001suy,2014-11-07T00:32:38.277Z,"69 km WSW of Panguna, Papua New Guinea",earthquake,,3.3,,8,reviewed,us,us
1983-02-05T14:30:43.380Z,3.111,128.471,217.6,4.7,mb,,,,1.1,us,usp0001suw,2014-11-07T00:32:38.266Z,"161 km NNE of Tobelo, Indonesia",earthquake,,7.9,,7,reviewed,us,us
1983-02-05T14:07:27.950Z,35.237,23.314,49.2,4.7,mb,,,,1.1,us,usp0001suv,2014-11-07T00:32:38.243Z,"33 km W of Palaióchora, Greece",earthquake,,4.7,,11,reviewed,us,us
1983-02-05T13:09:49.170Z,44.673,147.902,125.6,4.6,mb,,,,0.7,us,usp0001suu,2014-11-07T00:32:38.235Z,"61 km S of Kuril’sk, Russia",earthquake,,6.5,,10,reviewed,us,us
1983-02-05T13:08:19.470Z,34.698,-88.375,2.2,2.9,md,,,,,se,se601897,2016-04-14T19:18:21.990Z,"10 km WNW of Paden, Mississippi",earthquake,,,,,reviewed,se,se
1983-02-05T12:01:26.940Z,36.674,-120.8608333,6.557,4.2,ml,80,92,0.05586,0.12,nc,nc1087420,2016-12-10T20:37:04.890Z,"37 km SSW of South Dos Palos, California",earthquake,0.26,0.48,,0,reviewed,nc,nc
1983-02-05T08:11:45.530Z,38.308,19.698,10,4.1,mb,,,,0.9,us,usp0001suq,2014-11-07T00:32:38.214Z,"65 km W of Lixoúri, Greece",earthquake,,,,1,reviewed,us,us
1983-02-05T06:38:17.820Z,48.673,-125.397,33,3.6,ml,,,,0.4,us,usp0001sun,2014-11-07T00:32:38.204Z,"31 km SSE of Ucluelet, Canada",earthquake,,,,,reviewed,us,pgc
1983-02-05T04:33:34.570Z,40.3826667,-124.2748333,30.815,2.54,md,20,202,0.01261,0.09,nc,nc1087407,2016-12-10T20:36:13.490Z,"18 km SW of Scotia, California",earthquake,1.07,0.85,0.18,10,reviewed,nc,nc
1983-02-05T03:51:57.440Z,-5.588,153.086,40,5,mb,,,,1.1,us,usp0001sum,2014-11-07T00:32:38.193Z,"164 km SSE of Kokopo, Papua New Guinea",earthquake,,4.9,,8,reviewed,us,us
1983-02-05T03:06:58.050Z,-8.319,128.377,33,4.8,mb,,,,1,us,usp0001suk,2014-11-07T00:32:38.188Z,"153 km E of Lospalos, Timor Leste",earthquake,,,,3,reviewed,us,us
1983-02-05T00:45:16.320Z,35.6795,-118.4586667,3.262,2.69,ml,27,115,0.02085,0.23,ci,ci1101367,2016-04-02T07:00:46.716Z,"3km S of Wofford Heights, CA",earthquake,0.69,0.75,0.063,3,reviewed,ci,ci
1983-02-04T23:53:03.560Z,37.5218333,-118.8781667,2.36,2.5,md,9,160,0.08018,0.02,nc,nc1087387,2016-12-10T20:34:59.497Z,"15 km WSW of Aspen Springs, California",earthquake,0.63,0.99,0.13,5,reviewed,nc,nc
1983-02-04T23:28:58.530Z,37.6411667,-118.9341667,2.584,2.51,md,14,72,0.02613,0.05,nc,nc1087384,2016-12-10T20:34:48.173Z,"3 km ESE of Mammoth Lakes, California",earthquake,0.32,0.45,0.36,6,reviewed,nc,nc
1983-02-04T22:21:37.340Z,37.6366667,-118.9463333,4.777,2.65,md,14,67,0.01622,0.04,nc,nc1087377,2016-12-10T20:34:22.849Z,"2 km ESE of Mammoth Lakes, California",earthquake,0.43,0.48,0.36,10,reviewed,nc,nc
1983-02-04T20:33:14.160Z,40.381,-124.2763333,29.775,3.08,md,21,168,0.01261,0.06,nc,nc1087372,2016-12-10T20:34:03.560Z,"18 km SW of Scotia, California",earthquake,0.94,1.02,0.08,12,reviewed,nc,nc
1983-02-04T19:05:59.440Z,-10.228,124.4,33,5.5,mb,,,,1.3,us,usp0001sug,2025-12-19T21:33:05.654Z,"42 km SSE of Soe, Indonesia",earthquake,,,,22,reviewed,us,us
1983-02-04T17:02:57.670Z,37.6313333,-118.9318333,3.513,3.5,ml,14,89,0.02342,0.04,nc,nc1087354,2016-12-10T20:32:53.060Z,"4 km ESE of Mammoth Lakes, California",earthquake,0.46,0.51,,0,reviewed,nc,nc
1983-02-04T16:43:54.040Z,41.698,19.705,10,4.1,mb,,,,1,us,usp0001sue,2014-11-07T00:32:38.091Z,"1 km NNW of Milot, Albania",earthquake,,,,3,reviewed,us,us
1983-02-04T16:36:23.250Z,34.4848333,-116.0268333,4.511,2.66,mh,40,71,,0.19,ci,ci1101336,2016-02-02T21:28:18.480Z,"27km WSW of Amboy, CA",earthquake,0.42,20.3,0.204,12,reviewed,ci,ci
1983-02-04T16:22:18.690Z,19.8741667,-155.6986667,14.886,2.72,ml,38,135,,0.11,hv,hv19831077,2020-03-31T18:17:43.490Z,"11 km SE of Waikoloa, Hawaii",earthquake,0.68,12.1,0.12,2,reviewed,hv,hv
1983-02-04T16:19:15.000Z,32.8908333,-116.4856667,13.818,3.38,ml,60,101,,0.45,ci,ci500479,2016-04-02T03:48:47.275Z,"9km NNE of Pine Valley, CA",earthquake,0.62,1.14,0.232,6,reviewed,ci,ci
1983-02-04T16:12:12.600Z,37.587,-121.9653333,9.57,3,ml,69,27,0.05045,0.1,nc,nc1087350,2016-12-10T20:32:31.850Z,"4 km NNE of Fremont, California",earthquake,0.14,0.44,,6,reviewed,nc,nc
1983-02-04T15:21:57.120Z,-4.302,152.797,36.6,5.4,mb,,,,0.9,us,usp0001sub,2025-12-19T21:33:04.866Z,"58 km E of Kokopo, Papua New Guinea",earthquake,,2.2,,19,reviewed,us,us
1983-02-04T15:02:24.190Z,37.6385,-118.9501667,4.627,3.4,ml,13,52,0.01441,0.03,nc,nc1087346,2016-12-10T20:32:08.390Z,"2 km ESE of Mammoth Lakes, California",earthquake,0.51,0.54,,0,reviewed,nc,nc
1983-02-04T12:57:30.970Z,37.5298333,-118.8736667,3.506,3.27,md,14,186,0.07207,0.01,nc,nc1087339,2016-12-10T20:31:39.913Z,"14 km W of Aspen Springs, California",earthquake,0.42,0.83,0.1,26,reviewed,nc,nc
1983-02-04T10:56:56.090Z,37.639,-118.9391667,3.433,2.95,md,14,68,0.02252,0.03,nc,nc1087329,2016-12-10T20:31:03.749Z,"3 km ESE of Mammoth Lakes, California",earthquake,0.39,0.5,0.29,26,reviewed,nc,nc
1983-02-04T08:24:17.830Z,38.556,20.017,10,4,ml,,,,1,us,usp0001su6,2014-11-07T00:32:38.012Z,"53 km NW of Lixoúri, Greece",earthquake,,,,,reviewed,us,ath
1983-02-04T07:58:04.260Z,37.6393333,-118.9513333,4.898,2.53,md,12,53,0.01441,0.04,nc,nc1087303,2016-12-10T20:29:28.355Z,"2 km ESE of Mammoth Lakes, California",earthquake,0.61,0.67,0.16,6,reviewed,nc,nc
1983-02-04T07:15:10.050Z,37.6381667,-118.9445,4.203,3.9,ml,14,62,0.01802,0.04,nc,nc1087295,2016-12-10T20:28:58.650Z,"2 km ESE of Mammoth Lakes, California",earthquake,0.45,0.51,,0,reviewed,nc,nc
1983-02-04T06:31:15.830Z,1.493,127.294,144,5.5,mb,,,,0.9,us,usp0001su3,2025-12-19T21:33:04.167Z,"78 km N of Ternate, Indonesia",earthquake,,,,35,reviewed,us,us
1983-02-04T06:00:01.540Z,40.4101667,-125.1738333,1.765,3.54,md,26,285,0.6423,0.15,nc,nc1087291,2016-12-10T20:28:41.314Z,"79 km WSW of Ferndale, California",earthquake,1.78,2.26,0.08,11,reviewed,nc,nc
1983-02-04T05:51:34.140Z,38.168,22.181,10,4.5,mb,,,,1.2,us,usp0001su2,2014-11-07T00:32:37.640Z,"9 km SSE of Témeni, Greece",earthquake,,,,22,reviewed,us,us
1983-02-04T00:39:49.370Z,38.048,19.939,10,4.2,mb,,,,1.3,us,usp0001su1,2014-11-07T00:32:37.569Z,"46 km WSW of Lixoúri, Greece",earthquake,,,,3,reviewed,us,us
1983-02-04T00:34:12.550Z,37.822,19.905,10,4.7,mb,,,,1,us,usp0001su0,2014-11-07T00:32:37.509Z,"62 km SW of Lixoúri, Greece",earthquake,,,,7,reviewed,us,us
1983-02-03T23:30:24.920Z,29.272,34.766,10,4.8,mb,,,,1,us,usp0001stz,2014-11-07T00:32:37.482Z,"25 km SW of Tala Bay, Jordan",earthquake,,,,26,reviewed,us,us
1983-02-03T19:11:34.750Z,29.185,34.668,10,4.5,mb,,,,1,us,usp0001stx,2014-11-07T00:32:37.416Z,"15 km N of Nuwaybi‘a, Egypt",earthquake,,,,6,reviewed,us,us
1983-02-03T17:57:21.230Z,-23.89,179.821,518.3,5.1,mb,,,,1,us,usp0001stw,2014-11-07T00:32:37.394Z,"south of the Fiji Islands",earthquake,,6.8,,9,reviewed,us,us
1983-02-03T17:32:24.090Z,29.188,34.863,10,4.5,mb,,,,1.1,us,usp0001stv,2014-11-07T00:32:37.384Z,"24 km NE of Nuwaybi‘a, Egypt",earthquake,,,,1,reviewed,us,us
1983-02-03T16:44:31.260Z,19.2521667,-155.3641667,9.271,2.55,ml,35,179,,0.14,hv,hv19831067,2020-03-31T18:17:41.960Z,"13 km ENE of P?hala, Hawaii",earthquake,0.57,0.8,,2,reviewed,hv,hv
1983-02-03T13:46:02.310Z,29.165,34.832,10,4.9,mb,,,,1,us,usp0001stu,2014-11-07T00:32:37.358Z,"20 km NE of Nuwaybi‘a, Egypt",earthquake,,,,19,reviewed,us,us
1983-02-03T13:25:33.900Z,38.03,20.109,10,4.4,mb,,,,1.1,us,usp0001stt,2014-11-07T00:32:37.343Z,"34 km WSW of Lixoúri, Greece",earthquake,,,,2,reviewed,us,us
1983-02-03T13:25:31.030Z,38.8043333,-122.8361667,1.19,2.64,md,28,40,0.03243,0.07,nc,nc1087263,2016-12-10T20:26:57.789Z,"10 km WSW of Cobb, California",earthquake,0.19,0.54,0.15,28,reviewed,nc,nc
1983-02-03T12:29:21.050Z,5.361,94.284,33,4.8,mb,,,,1,us,usp0001sts,2014-11-07T00:32:37.337Z,"117 km W of Banda Aceh, Indonesia",earthquake,,,,2,reviewed,us,us
1983-02-03T09:14:27.030Z,4.689,94.131,33,4.4,mb,,,,0.8,us,usp0001str,2014-11-07T00:32:37.326Z,"163 km SW of Banda Aceh, Indonesia",earthquake,,,,6,reviewed,us,us
1983-02-03T06:38:07.480Z,35.6791667,-118.4551667,2.862,2.84,ml,30,127,0.02243,0.23,ci,ci1101305,2016-02-03T00:06:05.190Z,"3km S of Wofford Heights, CA",earthquake,0.8,0.83,0.089,6,reviewed,ci,ci
1983-02-03T05:46:22.660Z,19.3285,-155.1061667,9.366,3.52,ml,43,119,,0.11,hv,hv19831063,2020-03-31T18:17:41.360Z,"15 km SSE of Fern Forest, Hawaii",earthquake,0.57,0.4,0.02,3,reviewed,hv,hv
1983-02-03T05:05:34.250Z,38.228,20.54,10,4.2,mb,,,,0.7,us,usp0001stq,2014-11-07T00:32:37.310Z,"6 km NE of Argostólion, Greece",earthquake,,,,2,reviewed,us,us
1983-02-03T02:48:30.370Z,47.357,6.427,10,3.4,ml,,,,0.7,us,usp0001stp,2014-11-07T00:32:37.293Z,"4 km E of Baume-les-Dames, France",earthquake,,,,,reviewed,us,ldg
1983-02-03T02:37:55.200Z,14.967,-60.561,65,4.5,mb,,,,0.8,us,usp0001stn,2014-11-07T00:32:37.281Z,"50 km ENE of La Trinité, Martinique",earthquake,,3.2,,3,reviewed,us,us
1983-02-03T01:20:49.620Z,12.95,121.321,33,4.9,mb,,,,0.9,us,usp0001stm,2025-12-19T21:33:03.488Z,"4 km W of Malamig, Philippines",earthquake,,,,4,reviewed,us,us
1983-02-03T00:41:11.180Z,37.3578333,-121.7258333,6.148,2.84,md,72,36,0.02523,0.09,nc,nc1087246,2016-12-10T20:25:58.190Z,"8 km ESE of East Foothills, California",earthquake,0.14,0.38,0.1,60,reviewed,nc,nc
1983-02-03T00:37:03.350Z,47.483,6.507,10,2.8,ml,,,,0.4,us,usp0001stj,2014-11-07T00:32:37.251Z,"9 km SE of Villersexel, France",earthquake,,,,,reviewed,us,ldg
1983-02-03T00:31:20.870Z,47.528,6.535,10,2.8,ml,,,,0.9,us,usp0001sth,2014-11-07T00:32:37.239Z,"8 km ESE of Villersexel, France",earthquake,,,,,reviewed,us,ldg
1983-02-02T20:44:05.500Z,26.894,92.893,33,5.2,mb,,,,0.9,us,usp0001stg,2026-01-07T19:42:03.616Z,"23 km ENE of Rang?p?ra, India",earthquake,,,,25,reviewed,us,us
1983-02-02T20:36:47.510Z,-1.354,-14.168,10,4.9,mb,,,,1,us,usp0001stf,2014-11-07T00:32:37.180Z,"north of Ascension Island",earthquake,,,,10,reviewed,us,us
1983-02-02T20:03:20.070Z,33.255,-114.68,-0.42,3.26,mc,0,228.1,0.2375,0.295,ci,ci1101074,2016-02-03T00:36:45.700Z,"41km SSW of Blythe, CA",quarry blast,,,,11,reviewed,ci,ci
1983-02-02T19:17:35.320Z,-42.678,-75.746,33,4.7,mb,,,,0.6,us,usp0001ste,2014-11-07T00:32:37.173Z,"161 km W of Chonchi, Chile",earthquake,,,,3,reviewed,us,us
1983-02-02T16:21:02.900Z,-8.426,29.845,10,3.7,mb,,,,1.2,us,usp0001std,2014-11-07T00:32:37.166Z,"20 km ENE of Kaputa, Zambia",earthquake,,,,1,reviewed,us,us
1983-02-02T15:20:23.160Z,19.4358333,-155.6386667,-0.858,2.51,ml,22,201,,0.12,hv,hv19831060,2020-03-31T18:17:40.900Z,"23 km E of Honaunau-Napoopoo, Hawaii",earthquake,0.85,0.99,,2,reviewed,hv,hv
1983-02-02T14:36:11.830Z,-20.749,-174.019,33,5.1,mb,,,,0.9,us,usp0001stc,2022-04-28T00:11:34.443Z,"109 km SSE of Pangai, Tonga",earthquake,,,,5,reviewed,us,us
1983-02-02T14:04:59.400Z,14.031,56.77,10,5,mb,,,,1.2,us,usp0001stb,2014-11-07T00:32:37.114Z,"Owen Fracture Zone region",earthquake,,,,14,reviewed,us,us
1983-02-02T12:43:11.800Z,38.098,20.196,10,4.6,mb,,,,1.1,us,usp0001sta,2014-11-07T00:32:37.094Z,"24 km WSW of Lixoúri, Greece",earthquake,,,,5,reviewed,us,us
1983-02-02T12:38:10.130Z,19.4456667,-155.5998333,-1.274,2.55,ml,35,98,,0.19,hv,hv19831059,2020-03-31T18:17:40.750Z,"Island of Hawaii, Hawaii",earthquake,0.55,0.46,0.25,2,reviewed,hv,hv
1983-02-02T08:14:15.760Z,40.588,15.737,10,4.3,mb,,,,1.4,us,usp0001st9,2014-11-07T00:32:37.062Z,"4 km WNW of Pignola, Italy",earthquake,,,,5,reviewed,us,us
1983-02-02T07:07:47.900Z,46.1971667,-122.1921667,-0.48,2.8,md,10,76,,0.09,uw,uw10148373,2016-07-24T22:57:28.300Z,"37 km NNE of Amboy, Washington",earthquake,0.305,0.39,0.09,2,reviewed,uw,uw
1983-02-02T06:48:59.630Z,-4.195,136.123,33,3.5,mb,,,,1.1,us,usp0001st7,2014-11-07T00:32:37.044Z,"115 km SE of Nabire, Indonesia",earthquake,,,,1,reviewed,us,us
1983-02-02T06:16:31.130Z,37.734,20.068,10,4.1,mb,,,,1.2,us,usp0001st6,2014-11-07T00:32:37.027Z,"61 km SSW of Lixoúri, Greece",earthquake,,,,1,reviewed,us,us
1983-02-02T04:35:02.080Z,19.3393333,-155.0458333,5.969,2.88,ml,40,123,,0.09,hv,hv19831051,2020-03-31T18:17:39.510Z,"16 km SE of Fern Forest, Hawaii",earthquake,0.44,0.49,0.1,2,reviewed,hv,hv
1983-02-02T03:15:34.400Z,38.227,20.305,10,3.8,ml,,,,1.2,us,usp0001st2,2014-11-07T00:32:36.996Z,"11 km WNW of Lixoúri, Greece",earthquake,,,,,reviewed,us,ath
1983-02-02T01:15:56.450Z,-17.784,-13.558,10,4.7,mb,,,,1.2,us,usp0001st1,2014-11-07T00:32:36.987Z,"southern Mid-Atlantic Ridge",earthquake,,,,2,reviewed,us,us
1983-02-02T00:58:45.240Z,-12.895,167.094,54.3,4.3,mb,,,,1.1,us,usp0001st0,2014-11-07T00:32:36.975Z,"119 km NNW of Sola, Vanuatu",earthquake,,7.7,,1,reviewed,us,us
1983-02-02T00:50:20.430Z,38.281,20.529,10,3.9,ml,,,,1.3,us,usp0001ssz,2014-11-07T00:32:36.966Z,"10 km WNW of Sámi, Greece",earthquake,,,,,reviewed,us,ath
1983-02-01T23:36:50.940Z,33.251,-114.702,0.11,2.52,mc,0,196.9,0.2249,0.131,ci,ci1101281,2016-02-02T19:20:46.250Z,"42km SSW of Blythe, CA",quarry blast,,31.306,,6,reviewed,ci,ci
1983-02-01T23:17:18.060Z,52.419,-179.173,239.3,4.1,mb,,,,0.6,us,usp0001ssx,2014-11-07T00:32:36.869Z,"184 km WNW of Adak, Alaska",earthquake,,3,,3,reviewed,us,us
1983-02-01T22:32:43.290Z,58.895,-151.421,33,3.6,ml,,,,1.2,us,usp0001ssw,2014-11-07T00:32:36.859Z,"55 km SSE of Port Graham, Alaska",earthquake,,,,,reviewed,us,pmr
1983-02-01T22:09:08.000Z,35.7788333,-117.7291667,5.26,3.11,mh,30,50,0.04174,0.24,ci,ci1101270,2016-04-02T07:03:22.641Z,"16km NNE of Inyokern, CA",earthquake,0.45,1.62,0.322,13,reviewed,ci,ci
1983-02-01T21:21:43.320Z,40.3195,-124.5878333,19.097,4.1,ml,32,240,0.2369,0.11,nc,nc1087210,2016-12-10T20:23:41.215Z,"39 km SW of Ferndale, California",earthquake,1.33,0.44,,0,reviewed,nc,nc
1983-02-01T21:14:26.300Z,-4.229,140.473,33,4.8,mb,,,,1.2,us,usp0001sss,2025-12-19T21:33:02.660Z,"181 km S of Abepura, Indonesia",earthquake,,,,3,reviewed,us,us
1983-02-01T20:47:40.100Z,-29.72,-71.256,71.7,4.7,mb,,,,1.1,us,usp0001ssr,2014-11-07T00:32:36.698Z,"20 km N of La Serena, Chile",earthquake,,7.4,,2,reviewed,us,us
1983-02-01T17:48:48.150Z,35.8285,-117.7446667,5.129,2.77,mc,22,63,0.02561,0.17,ci,ci1101239,2016-02-03T02:37:36.450Z,"19km SE of Little Lake, CA",earthquake,0.45,1.54,,35,reviewed,ci,ci
1983-02-01T16:49:44.560Z,19.463,-155.4491667,8.277,2.75,ml,43,55,,0.12,hv,hv19831043,2020-03-31T18:17:38.180Z,"22 km W of Volcano, Hawaii",earthquake,0.34,0.49,0.02,1,reviewed,hv,hv
1983-02-01T15:38:07.030Z,-4.657,144.027,67.6,5.3,mb,,,,1,us,usp0001ssm,2025-12-19T21:33:02.019Z,"65 km S of Angoram, Papua New Guinea",earthquake,,3.4,,15,reviewed,us,us
1983-02-01T14:47:28.310Z,37.098,135.186,375.7,4.2,mb,,,,0.9,us,usp0001ssk,2014-11-07T00:32:36.562Z,"130 km NW of Mikuni, Japan",earthquake,,3.1,,7,reviewed,us,us
1983-02-01T13:54:11.350Z,40.179,28.958,10,4.8,mb,,,,1.1,us,usp0001ssj,2014-11-07T00:32:36.535Z,"8 km WSW of Bursa, Turkey",earthquake,,,,1,reviewed,us,us
1983-02-01T13:46:23.930Z,38.382,19.809,10,3.8,ml,,,,0.8,us,usp0001ssh,2014-11-07T00:32:36.523Z,"58 km WNW of Lixoúri, Greece",earthquake,,,,,reviewed,us,ath
1983-02-01T13:07:29.360Z,38.057,19.937,10,4.4,mb,,,,1.3,us,usp0001ssg,2014-11-07T00:32:36.500Z,"46 km WSW of Lixoúri, Greece",earthquake,,,,2,reviewed,us,us
1983-02-01T08:42:19.060Z,30.738,131.189,52.2,4.6,mb,,,,1.1,us,usp0001ssf,2014-11-07T00:32:36.488Z,"18 km E of Nishinoomote, Japan",earthquake,,5.4,,5,reviewed,us,us
1983-02-01T06:16:08.730Z,43.208,-126.42,10,4.9,mb,,,,1.2,us,usp0001sse,2014-11-07T00:32:36.430Z,"163 km W of Langlois, Oregon",earthquake,,,,10,reviewed,us,us
1983-02-01T05:18:00.220Z,-17.22,66.503,10,4.8,mb,,,,0.7,us,usp0001ssd,2014-11-07T00:32:36.414Z,"Mauritius - Reunion region",earthquake,,,,4,reviewed,us,us
1983-02-01T04:57:45.180Z,37.5406667,-118.8696667,4.576,2.51,md,14,154,0.06126,0.03,nc,nc1087173,2016-12-10T20:21:21.341Z,"13 km W of Aspen Springs, California",earthquake,0.54,0.73,0.17,9,reviewed,nc,nc
1983-02-01T04:22:51.120Z,-23.03,-68.796,102,5.2,mb,,,,1.1,us,usp0001ssc,2025-12-19T20:59:12.874Z,"62 km WSW of San Pedro de Atacama, Chile",earthquake,,,,23,reviewed,us,us
1983-02-01T02:32:27.760Z,19.4461667,-155.272,23.204,2.59,ml,45,41,,0.2,hv,hv19831037,2020-03-31T21:20:48.260Z,"4 km W of Volcano, Hawaii",earthquake,0.62,1.27,,2,reviewed,hv,hv
1983-02-01T02:07:07.790Z,-3.493,140.158,33,5,mb,,,,1,us,usp0001ssb,2014-11-07T00:32:36.078Z,"112 km SSW of Abepura, Indonesia",earthquake,,,,10,reviewed,us,us
1983-02-01T00:02:52.610Z,-18.237,168.73,104.5,5,mb,,,,1.4,us,usp0001ssa,2014-11-07T00:32:35.484Z,"70 km SE of Port-Vila, Vanuatu",earthquake,,13.8,,5,reviewed,us,us
